ISO-10303-21;
HEADER;
/* Generated by software containing ST-Developer
 * from STEP Tools, Inc. (www.steptools.com) 
 */

FILE_DESCRIPTION(
/* description */ (''),
/* implementation_level */ '2;1');

FILE_NAME(
/* name */ 'case.step',
/* time_stamp */ '2025-12-30T20:40:36+01:00',
/* author */ (''),
/* organization */ (''),
/* preprocessor_version */ 'ST-DEVELOPER v20.1',
/* originating_system */ 'Autodesk Translation Framework v14.21.0.0',
/* authorisation */ '');

FILE_SCHEMA (('AUTOMOTIVE_DESIGN { 1 0 10303 214 3 1 1 }'));
ENDSEC;

DATA;
#10=MECHANICAL_DESIGN_GEOMETRIC_PRESENTATION_REPRESENTATION('',(#20,#21),
#15253);
#11=CONTEXT_DEPENDENT_OVER_RIDING_STYLED_ITEM('',(#15334),#15263,#21,(#15));
#12=MAPPED_ITEM('',#13,#9431);
#13=REPRESENTATION_MAP(#9431,#15262);
#14=ITEM_DEFINED_TRANSFORMATION($,$,#8454,#9430);
#15=(
REPRESENTATION_RELATIONSHIP($,$,#15263,#15262)
REPRESENTATION_RELATIONSHIP_WITH_TRANSFORMATION(#14)
SHAPE_REPRESENTATION_RELATIONSHIP()
);
#16=CONTEXT_DEPENDENT_SHAPE_REPRESENTATION(#15,#15261);
#17=NEXT_ASSEMBLY_USAGE_OCCURRENCE('Case:1','Case:1','Case:1',#15265,#15266,
'Case:1');
#18=SHAPE_REPRESENTATION_RELATIONSHIP('SRR','None',#15263,#19);
#19=ADVANCED_BREP_SHAPE_REPRESENTATION('',(#8452),#15252);
#20=STYLED_ITEM('',(#15334),#8452);
#21=STYLED_ITEM('',(#15341),#12);
#22=ORIENTED_CLOSED_SHELL('',*,#8439,.F.);
#23=ORIENTED_CLOSED_SHELL('',*,#8440,.F.);
#24=ORIENTED_CLOSED_SHELL('',*,#8441,.F.);
#25=ORIENTED_CLOSED_SHELL('',*,#8442,.F.);
#26=ORIENTED_CLOSED_SHELL('',*,#8443,.F.);
#27=ORIENTED_CLOSED_SHELL('',*,#8444,.F.);
#28=ORIENTED_CLOSED_SHELL('',*,#8445,.F.);
#29=ORIENTED_CLOSED_SHELL('',*,#8446,.F.);
#30=ORIENTED_CLOSED_SHELL('',*,#8447,.F.);
#31=ORIENTED_CLOSED_SHELL('',*,#8448,.F.);
#32=ORIENTED_CLOSED_SHELL('',*,#8449,.F.);
#33=ORIENTED_CLOSED_SHELL('',*,#8450,.F.);
#34=ORIENTED_CLOSED_SHELL('',*,#8451,.F.);
#35=TOROIDAL_SURFACE('',#9294,12.05,0.4);
#36=TOROIDAL_SURFACE('',#9309,15.1756753630404,4.);
#37=TOROIDAL_SURFACE('',#9312,15.1756753630404,4.);
#38=TOROIDAL_SURFACE('',#9333,15.1756753630404,4.);
#39=TOROIDAL_SURFACE('',#9355,15.1756753630404,4.);
#40=TOROIDAL_SURFACE('',#9382,15.1756753630404,4.);
#41=TOROIDAL_SURFACE('',#9383,15.1756753630404,4.);
#42=TOROIDAL_SURFACE('',#9415,15.1756753630404,4.);
#43=B_SPLINE_SURFACE_WITH_KNOTS('',3,3,((#13232,#13233,#13234,#13235,#13236,
#13237),(#13238,#13239,#13240,#13241,#13242,#13243),(#13244,#13245,#13246,
#13247,#13248,#13249),(#13250,#13251,#13252,#13253,#13254,#13255)),
 .UNSPECIFIED.,.F.,.F.,.F.,(4,4),(4,1,1,4),(0.,1.),(1.5707963267949,2.24399475256414,
2.69279370307697,3.1415926535898),.UNSPECIFIED.);
#44=B_SPLINE_SURFACE_WITH_KNOTS('',3,3,((#13302,#13303,#13304,#13305,#13306,
#13307),(#13308,#13309,#13310,#13311,#13312,#13313),(#13314,#13315,#13316,
#13317,#13318,#13319),(#13320,#13321,#13322,#13323,#13324,#13325)),
 .UNSPECIFIED.,.F.,.F.,.F.,(4,4),(4,1,1,4),(0.,1.),(-1.94289029309403E-16,
0.673198425769243,1.12199737628207,1.5707963267949),.UNSPECIFIED.);
#45=B_SPLINE_SURFACE_WITH_KNOTS('',3,3,((#13579,#13580,#13581,#13582),(#13583,
#13584,#13585,#13586),(#13587,#13588,#13589,#13590),(#13591,#13592,#13593,
#13594)),.UNSPECIFIED.,.F.,.F.,.F.,(4,4),(4,4),(0.,1.),(-2.82233260174436,
-2.68835800552879),.UNSPECIFIED.);
#46=B_SPLINE_SURFACE_WITH_KNOTS('',3,3,((#13599,#13600,#13601,#13602),(#13603,
#13604,#13605,#13606),(#13607,#13608,#13609,#13610),(#13611,#13612,#13613,
#13614)),.UNSPECIFIED.,.F.,.F.,.F.,(4,4),(4,4),(0.,1.),(1.67413588792527,
1.80811048414084),.UNSPECIFIED.);
#47=B_SPLINE_SURFACE_WITH_KNOTS('',3,3,((#14219,#14220,#14221,#14222,#14223),
(#14224,#14225,#14226,#14227,#14228),(#14229,#14230,#14231,#14232,#14233),
(#14234,#14235,#14236,#14237,#14238),(#14239,#14240,#14241,#14242,#14243)),
 .UNSPECIFIED.,.F.,.F.,.F.,(4,1,4),(4,1,4),(0.,0.571428571428571,1.),(2.6489227478173E-16,
0.370398399846784,0.864262932975829),.UNSPECIFIED.);
#48=B_SPLINE_SURFACE_WITH_KNOTS('',3,3,((#14284,#14285,#14286,#14287,#14288),
(#14289,#14290,#14291,#14292,#14293),(#14294,#14295,#14296,#14297,#14298),
(#14299,#14300,#14301,#14302,#14303),(#14304,#14305,#14306,#14307,#14308)),
 .UNSPECIFIED.,.F.,.F.,.F.,(4,1,4),(4,1,4),(0.,0.571428571428571,1.),(6.86083134748822E-16,
0.370401011898851,0.864269027763985),.UNSPECIFIED.);
#49=B_SPLINE_CURVE_WITH_KNOTS('',3,(#12536,#12537,#12538,#12539,#12540,
#12541),.UNSPECIFIED.,.F.,.F.,(4,2,4),(0.115288284943248,0.123974231212666,
0.154714924955582),.UNSPECIFIED.);
#50=B_SPLINE_CURVE_WITH_KNOTS('',3,(#12545,#12546,#12547,#12548,#12549,
#12550),.UNSPECIFIED.,.F.,.F.,(4,2,4),(0.154714924955581,0.185455618698496,
0.194141564967918),.UNSPECIFIED.);
#51=B_SPLINE_CURVE_WITH_KNOTS('',3,(#12564,#12565,#12566,#12567,#12568,
#12569),.UNSPECIFIED.,.F.,.F.,(4,2,4),(0.11528828494325,0.123974231212667,
0.154714924955583),.UNSPECIFIED.);
#52=B_SPLINE_CURVE_WITH_KNOTS('',3,(#12573,#12574,#12575,#12576,#12577,
#12578),.UNSPECIFIED.,.F.,.F.,(4,2,4),(0.154714924955584,0.1854556186985,
0.194141564967914),.UNSPECIFIED.);
#53=B_SPLINE_CURVE_WITH_KNOTS('',3,(#12592,#12593,#12594,#12595,#12596,
#12597),.UNSPECIFIED.,.F.,.F.,(4,2,4),(0.115288284943238,0.123974231212666,
0.154714924955582),.UNSPECIFIED.);
#54=B_SPLINE_CURVE_WITH_KNOTS('',3,(#12601,#12602,#12603,#12604,#12605,
#12606),.UNSPECIFIED.,.F.,.F.,(4,2,4),(0.154714924955583,0.185455618698499,
0.194141564967915),.UNSPECIFIED.);
#55=B_SPLINE_CURVE_WITH_KNOTS('',3,(#12620,#12621,#12622,#12623,#12624,
#12625),.UNSPECIFIED.,.F.,.F.,(4,2,4),(0.115288284943246,0.123974231212666,
0.15471492495558),.UNSPECIFIED.);
#56=B_SPLINE_CURVE_WITH_KNOTS('',3,(#12629,#12630,#12631,#12632,#12633,
#12634),.UNSPECIFIED.,.F.,.F.,(4,2,4),(0.154714924955584,0.185455618698501,
0.194141564967922),.UNSPECIFIED.);
#57=B_SPLINE_CURVE_WITH_KNOTS('',3,(#12648,#12649,#12650,#12651,#12652,
#12653),.UNSPECIFIED.,.F.,.F.,(4,2,4),(0.115288284943247,0.123974231212665,
0.154714924955581),.UNSPECIFIED.);
#58=B_SPLINE_CURVE_WITH_KNOTS('',3,(#12657,#12658,#12659,#12660,#12661,
#12662),.UNSPECIFIED.,.F.,.F.,(4,2,4),(0.154714924955581,0.185455618698497,
0.194141564967923),.UNSPECIFIED.);
#59=B_SPLINE_CURVE_WITH_KNOTS('',3,(#12676,#12677,#12678,#12679,#12680,
#12681),.UNSPECIFIED.,.F.,.F.,(4,2,4),(0.115288284943254,0.123974231212667,
0.154714924955583),.UNSPECIFIED.);
#60=B_SPLINE_CURVE_WITH_KNOTS('',3,(#12685,#12686,#12687,#12688,#12689,
#12690),.UNSPECIFIED.,.F.,.F.,(4,2,4),(0.154714924955586,0.185455618698501,
0.194141564967923),.UNSPECIFIED.);
#61=B_SPLINE_CURVE_WITH_KNOTS('',3,(#12704,#12705,#12706,#12707,#12708,
#12709),.UNSPECIFIED.,.F.,.F.,(4,2,4),(0.115288284943249,0.123974231212667,
0.154714924955582),.UNSPECIFIED.);
#62=B_SPLINE_CURVE_WITH_KNOTS('',3,(#12713,#12714,#12715,#12716,#12717,
#12718),.UNSPECIFIED.,.F.,.F.,(4,2,4),(0.154714924955581,0.185455618698497,
0.19414156496792),.UNSPECIFIED.);
#63=B_SPLINE_CURVE_WITH_KNOTS('',3,(#12732,#12733,#12734,#12735,#12736,
#12737),.UNSPECIFIED.,.F.,.F.,(4,2,4),(0.115288284943251,0.123974231212667,
0.154714924955584),.UNSPECIFIED.);
#64=B_SPLINE_CURVE_WITH_KNOTS('',3,(#12741,#12742,#12743,#12744,#12745,
#12746),.UNSPECIFIED.,.F.,.F.,(4,2,4),(0.154714924955582,0.185455618698498,
0.194141564967915),.UNSPECIFIED.);
#65=B_SPLINE_CURVE_WITH_KNOTS('',3,(#12760,#12761,#12762,#12763,#12764,
#12765),.UNSPECIFIED.,.F.,.F.,(4,2,4),(0.115288284943252,0.123974231212666,
0.154714924955581),.UNSPECIFIED.);
#66=B_SPLINE_CURVE_WITH_KNOTS('',3,(#12769,#12770,#12771,#12772,#12773,
#12774),.UNSPECIFIED.,.F.,.F.,(4,2,4),(0.154714924955583,0.185455618698499,
0.194141564967914),.UNSPECIFIED.);
#67=B_SPLINE_CURVE_WITH_KNOTS('',3,(#12788,#12789,#12790,#12791,#12792,
#12793),.UNSPECIFIED.,.F.,.F.,(4,2,4),(0.115288284943252,0.123974231212666,
0.154714924955582),.UNSPECIFIED.);
#68=B_SPLINE_CURVE_WITH_KNOTS('',3,(#12797,#12798,#12799,#12800,#12801,
#12802),.UNSPECIFIED.,.F.,.F.,(4,2,4),(0.154714924955582,0.185455618698498,
0.194141564967916),.UNSPECIFIED.);
#69=B_SPLINE_CURVE_WITH_KNOTS('',3,(#12816,#12817,#12818,#12819,#12820,
#12821),.UNSPECIFIED.,.F.,.F.,(4,2,4),(0.115288284943249,0.123974231212665,
0.154714924955582),.UNSPECIFIED.);
#70=B_SPLINE_CURVE_WITH_KNOTS('',3,(#12825,#12826,#12827,#12828,#12829,
#12830),.UNSPECIFIED.,.F.,.F.,(4,2,4),(0.154714924955582,0.185455618698497,
0.194141564967911),.UNSPECIFIED.);
#71=B_SPLINE_CURVE_WITH_KNOTS('',3,(#12844,#12845,#12846,#12847,#12848,
#12849),.UNSPECIFIED.,.F.,.F.,(4,2,4),(0.115288284943252,0.123974231212666,
0.154714924955582),.UNSPECIFIED.);
#72=B_SPLINE_CURVE_WITH_KNOTS('',3,(#12853,#12854,#12855,#12856,#12857,
#12858),.UNSPECIFIED.,.F.,.F.,(4,2,4),(0.154714924955581,0.185455618698496,
0.194141564967911),.UNSPECIFIED.);
#73=B_SPLINE_CURVE_WITH_KNOTS('',3,(#12872,#12873,#12874,#12875,#12876,
#12877),.UNSPECIFIED.,.F.,.F.,(4,2,4),(0.11528828494325,0.123974231212664,
0.154714924955579),.UNSPECIFIED.);
#74=B_SPLINE_CURVE_WITH_KNOTS('',3,(#12886,#12887,#12888,#12889,#12890,
#12891),.UNSPECIFIED.,.F.,.F.,(4,2,4),(0.154714924955583,0.185455618698498,
0.194141564967912),.UNSPECIFIED.);
#75=B_SPLINE_CURVE_WITH_KNOTS('',3,(#12900,#12901,#12902,#12903,#12904,
#12905),.UNSPECIFIED.,.F.,.F.,(4,2,4),(0.115288284943275,0.123974231212668,
0.154714924955583),.UNSPECIFIED.);
#76=B_SPLINE_CURVE_WITH_KNOTS('',3,(#12914,#12915,#12916,#12917,#12918,
#12919),.UNSPECIFIED.,.F.,.F.,(4,2,4),(0.154714924955582,0.185455618698498,
0.194141564967911),.UNSPECIFIED.);
#77=B_SPLINE_CURVE_WITH_KNOTS('',3,(#12928,#12929,#12930,#12931,#12932,
#12933),.UNSPECIFIED.,.F.,.F.,(4,2,4),(0.115288284943252,0.123974231212667,
0.154714924955583),.UNSPECIFIED.);
#78=B_SPLINE_CURVE_WITH_KNOTS('',3,(#12942,#12943,#12944,#12945,#12946,
#12947),.UNSPECIFIED.,.F.,.F.,(4,2,4),(0.154714924955582,0.185455618698498,
0.194141564967911),.UNSPECIFIED.);
#79=B_SPLINE_CURVE_WITH_KNOTS('',3,(#12956,#12957,#12958,#12959,#12960,
#12961),.UNSPECIFIED.,.F.,.F.,(4,2,4),(0.115288284943248,0.123974231212667,
0.154714924955583),.UNSPECIFIED.);
#80=B_SPLINE_CURVE_WITH_KNOTS('',3,(#12970,#12971,#12972,#12973,#12974,
#12975),.UNSPECIFIED.,.F.,.F.,(4,2,4),(0.15471492495558,0.185455618698497,
0.194141564967912),.UNSPECIFIED.);
#81=B_SPLINE_CURVE_WITH_KNOTS('',3,(#13115,#13116,#13117,#13118),
 .UNSPECIFIED.,.F.,.F.,(4,4),(2.68835800552879,2.82233260174436),
 .UNSPECIFIED.);
#82=B_SPLINE_CURVE_WITH_KNOTS('',3,(#13126,#13127,#13128,#13129),
 .UNSPECIFIED.,.F.,.F.,(4,4),(-1.80811048414084,-1.67413588792527),
 .UNSPECIFIED.);
#83=B_SPLINE_CURVE_WITH_KNOTS('',3,(#13212,#13213,#13214,#13215,#13216,
#13217,#13218,#13219,#13220,#13221,#13222,#13223,#13224,#13225,#13226,#13227,
#13228,#13229,#13230,#13231),.UNSPECIFIED.,.F.,.F.,(4,2,2,2,2,2,2,2,2,4),
(-1.25578266019034,-1.07270331318125,-0.934177999938134,-0.83831019750664,
-0.747188123673625,-0.627131673746286,-0.259093022077961,-0.128414078230225,
-0.046124135755567,0.),.UNSPECIFIED.);
#84=B_SPLINE_CURVE_WITH_KNOTS('',3,(#13259,#13260,#13261,#13262,#13263,
#13264),.UNSPECIFIED.,.F.,.F.,(4,1,1,4),(1.5707963267949,2.24399475256414,
2.69279370307697,3.1415926535898),.UNSPECIFIED.);
#85=B_SPLINE_CURVE_WITH_KNOTS('',3,(#13267,#13268,#13269,#13270),
 .UNSPECIFIED.,.F.,.F.,(4,4),(-3.1415926535898,-2.80349287430808),
 .UNSPECIFIED.);
#86=B_SPLINE_CURVE_WITH_KNOTS('',3,(#13280,#13281,#13282,#13283,#13284,
#13285,#13286,#13287,#13288,#13289,#13290,#13291,#13292,#13293,#13294,#13295,
#13296,#13297,#13298,#13299,#13300,#13301),.UNSPECIFIED.,.F.,.F.,(4,2,2,
2,2,2,2,2,2,2,4),(-1.60660009162642,-1.57449187457029,-1.53939796953562,
-1.43445373761767,-1.1023584897993,-0.881679731829205,-0.702285194521511,
-0.57824790573886,-0.458192004008111,-0.296748925639137,0.),
 .UNSPECIFIED.);
#87=B_SPLINE_CURVE_WITH_KNOTS('',3,(#13327,#13328,#13329,#13330),
 .UNSPECIFIED.,.F.,.F.,(4,4),(-0.338015870065358,1.94289029309403E-16),
 .UNSPECIFIED.);
#88=B_SPLINE_CURVE_WITH_KNOTS('',3,(#13334,#13335,#13336,#13337,#13338,
#13339),.UNSPECIFIED.,.F.,.F.,(4,1,1,4),(-1.94289029309403E-16,0.673198425769243,
1.12199737628207,1.5707963267949),.UNSPECIFIED.);
#89=B_SPLINE_CURVE_WITH_KNOTS('',3,(#13517,#13518,#13519,#13520,#13521,
#13522,#13523,#13524,#13525,#13526,#13527,#13528,#13529,#13530,#13531,#13532,
#13533,#13534,#13535,#13536,#13537,#13538),.UNSPECIFIED.,.F.,.F.,(4,2,2,
2,2,2,2,2,2,2,4),(4.63421379411028,4.65364653221055,4.67307927031082,4.71194474651137,
4.80317536124829,4.89440597598522,5.07686720545906,5.60081225330425,6.12475730114943,
7.1726473968398,8.16586091338684),.UNSPECIFIED.);
#90=B_SPLINE_CURVE_WITH_KNOTS('',3,(#13542,#13543,#13544,#13545,#13546,
#13547,#13548,#13549,#13550,#13551,#13552,#13553,#13554,#13555,#13556,#13557,
#13558,#13559,#13560,#13561,#13562,#13563),.UNSPECIFIED.,.F.,.F.,(4,2,2,
2,2,2,2,2,2,2,4),(4.64563259373551,4.66509502391363,4.68455745409175,4.72348231444799,
4.81493302779692,4.90638374114585,5.0892851678437,5.61453267029712,6.13978017275053,
7.19027517765736,8.17732812852446),.UNSPECIFIED.);
#91=B_SPLINE_CURVE_WITH_KNOTS('',3,(#13595,#13596,#13597,#13598),
 .UNSPECIFIED.,.F.,.F.,(4,4),(-2.82233260174436,-2.68835800552879),
 .UNSPECIFIED.);
#92=B_SPLINE_CURVE_WITH_KNOTS('',3,(#13615,#13616,#13617,#13618),
 .UNSPECIFIED.,.F.,.F.,(4,4),(1.67413588792527,1.80811048414084),
 .UNSPECIFIED.);
#93=B_SPLINE_CURVE_WITH_KNOTS('',3,(#13672,#13673,#13674,#13675,#13676),
 .UNSPECIFIED.,.F.,.F.,(4,1,4),(-0.864262932975829,-0.370398399846784,-2.6489227478173E-16),
 .UNSPECIFIED.);
#94=B_SPLINE_CURVE_WITH_KNOTS('',3,(#14089,#14090,#14091,#14092,#14093),
 .UNSPECIFIED.,.F.,.F.,(4,1,4),(6.86083134748822E-16,0.370401011898851,
0.864269027763985),.UNSPECIFIED.);
#95=B_SPLINE_CURVE_WITH_KNOTS('',3,(#14193,#14194,#14195,#14196,#14197,
#14198,#14199,#14200,#14201,#14202,#14203,#14204),.UNSPECIFIED.,.F.,.F.,
(4,2,2,2,2,4),(0.,0.0327571490999714,0.0681702464510315,0.110889754170644,
0.141650044100791,0.173278794256729),.UNSPECIFIED.);
#96=B_SPLINE_CURVE_WITH_KNOTS('',3,(#14206,#14207,#14208,#14209,#14210,
#14211,#14212,#14213,#14214,#14215,#14216,#14217),.UNSPECIFIED.,.F.,.F.,
(4,2,2,2,2,4),(0.,0.0529826585290728,0.100913544289988,0.138508123628102,
0.156420792879498,0.174114646919305),.UNSPECIFIED.);
#97=B_SPLINE_CURVE_WITH_KNOTS('',3,(#14246,#14247,#14248,#14249,#14250),
 .UNSPECIFIED.,.F.,.F.,(4,1,4),(2.6489227478173E-16,0.370398399846784,0.79482145561964),
 .UNSPECIFIED.);
#98=B_SPLINE_CURVE_WITH_KNOTS('',3,(#14255,#14256,#14257,#14258,#14259),
 .UNSPECIFIED.,.F.,.F.,(4,1,4),(-0.794823126648801,-0.370401011898851,-6.86083134748822E-16),
 .UNSPECIFIED.);
#99=B_SPLINE_CURVE_WITH_KNOTS('',3,(#14261,#14262,#14263,#14264,#14265,
#14266,#14267,#14268,#14269,#14270),.UNSPECIFIED.,.F.,.F.,(4,2,2,2,4),(0.220475102282219,
0.262804951437927,0.291038328237148,0.305177267610972,0.311667104986374),
 .UNSPECIFIED.);
#100=B_SPLINE_CURVE_WITH_KNOTS('',3,(#14271,#14272,#14273,#14274,#14275,
#14276,#14277,#14278,#14279,#14280),.UNSPECIFIED.,.F.,.F.,(4,2,2,2,4),(0.311667104986374,
0.316711861717925,0.330219996760095,0.355104464062303,0.399478782256208),
 .UNSPECIFIED.);
#101=B_SPLINE_CURVE_WITH_KNOTS('',3,(#14319,#14320,#14321,#14322,#14323,
#14324,#14325,#14326,#14327,#14328,#14329,#14330,#14331,#14332,#14333,#14334,
#14335,#14336,#14337,#14338,#14339,#14340),.UNSPECIFIED.,.F.,.F.,(4,2,2,
2,2,2,2,2,2,2,4),(1.55268946129434,2.10099000981366,3.15148501472049,3.67673251717391,
4.20198001962732,4.38488144632517,4.47633215967409,4.56778287302302,4.60670773337926,
4.62617016355738,4.64563259373551),.UNSPECIFIED.);
#102=B_SPLINE_CURVE_WITH_KNOTS('',3,(#14343,#14344,#14345,#14346,#14347,
#14348,#14349,#14350,#14351,#14352,#14353,#14354,#14355,#14356,#14357,#14358,
#14359,#14360),.UNSPECIFIED.,.F.,.F.,(4,2,2,2,2,2,2,2,4),(1.70271574510472,
1.70540582785053,1.70809591059634,1.72299236236908,1.75942989274555,1.79586742312202,
1.86874248387496,2.06082860966677,2.16770087395326),.UNSPECIFIED.);
#103=B_SPLINE_CURVE_WITH_KNOTS('',3,(#14412,#14413,#14414,#14415,#14416,
#14417,#14418,#14419,#14420,#14421,#14422,#14423,#14424,#14425,#14426,#14427,
#14428,#14429,#14430,#14431,#14432,#14433),.UNSPECIFIED.,.F.,.F.,(4,2,2,
2,2,2,2,2,2,2,4),(1.10256667483371,2.09578019138075,3.14367028707112,3.66761533491631,
4.19156038276149,4.37402161223533,4.46525222697225,4.55648284170917,4.59534831790972,
4.61478105601,4.63421379411028),.UNSPECIFIED.);
#104=B_SPLINE_CURVE_WITH_KNOTS('',3,(#14442,#14443,#14444,#14445,#14446,
#14447,#14448,#14449,#14450,#14451,#14452,#14453,#14454,#14455,#14456,#14457,
#14458,#14459,#14460,#14461,#14462,#14463),.UNSPECIFIED.,.F.,.F.,(4,2,2,
2,2,2,2,2,2,2,4),(1.1220754366151,2.1047197122117,3.15707956831755,3.68325949637048,
4.2094394244234,4.39265607730924,4.48426440375216,4.57587273019507,4.61484010098289,
4.63432378637679,4.6538074717707),.UNSPECIFIED.);
#105=B_SPLINE_CURVE_WITH_KNOTS('',3,(#14465,#14466,#14467,#14468,#14469,
#14470,#14471,#14472,#14473,#14474,#14475,#14476,#14477,#14478,#14479,#14480,
#14481,#14482,#14483,#14484,#14485,#14486),.UNSPECIFIED.,.F.,.F.,(4,2,2,
2,2,2,2,2,2,2,4),(4.6538074717707,4.67329115716461,4.69277484255852,4.73174221334634,
4.82335053978925,4.91495886623217,5.09817551911799,5.62435544717092,6.15053537522385,
7.2028952313297,8.1855395069263),.UNSPECIFIED.);
#106=B_SPLINE_CURVE_WITH_KNOTS('',3,(#14559,#14560,#14561,#14562,#14563,
#14564,#14565,#14566,#14567,#14568,#14569,#14570,#14571,#14572,#14573,#14574,
#14575,#14576,#14577,#14578,#14579,#14580),.UNSPECIFIED.,.F.,.F.,(4,2,2,
2,2,2,2,2,2,2,4),(1.10256667483369,2.09578019138038,3.14367028707057,3.66761533491566,
4.19156038276076,4.37402161223459,4.46525222697151,4.55648284170842,4.59534831790895,
4.61478105600922,4.63421379410949),.UNSPECIFIED.);
#107=B_SPLINE_CURVE_WITH_KNOTS('',3,(#14584,#14585,#14586,#14587,#14588,
#14589,#14590,#14591,#14592,#14593,#14594,#14595,#14596,#14597,#14598,#14599,
#14600,#14601,#14602,#14603,#14604,#14605),.UNSPECIFIED.,.F.,.F.,(4,2,2,
2,2,2,2,2,2,2,4),(4.63421379410949,4.65364653220975,4.67307927031001,4.71194474651054,
4.80317536124746,4.89440597598437,5.0768672054582,5.6008122533033,6.12475730114839,
7.17264739683859,8.16586091338529),.UNSPECIFIED.);
#108=B_SPLINE_CURVE_WITH_KNOTS('',3,(#14844,#14845,#14846,#14847),
 .UNSPECIFIED.,.F.,.F.,(4,4),(-0.486835423915514,-0.440619150648338),
 .UNSPECIFIED.);
#109=B_SPLINE_CURVE_WITH_KNOTS('',3,(#14857,#14858,#14859,#14860),
 .UNSPECIFIED.,.F.,.F.,(4,4),(1.91764600461471,1.97638050982158),
 .UNSPECIFIED.);
#110=B_SPLINE_CURVE_WITH_KNOTS('',3,(#14867,#14868,#14869,#14870),
 .UNSPECIFIED.,.F.,.F.,(4,4),(0.630482174181646,0.689216679388508),
 .UNSPECIFIED.);
#111=B_SPLINE_CURVE_WITH_KNOTS('',3,(#14879,#14880,#14881,#14882,#14883,
#14884),.UNSPECIFIED.,.F.,.F.,(4,2,4),(-0.70350739790028,-0.689444765916649,
-0.641425904130608),.UNSPECIFIED.);
#112=B_SPLINE_CURVE_WITH_KNOTS('',3,(#14914,#14915,#14916,#14917),
 .UNSPECIFIED.,.F.,.F.,(4,4),(0.630515736488652,0.689287291957936),
 .UNSPECIFIED.);
#113=B_SPLINE_CURVE_WITH_KNOTS('',3,(#14920,#14921,#14922,#14923),
 .UNSPECIFIED.,.F.,.F.,(4,4),(1.91757539204533,1.97634694751461),
 .UNSPECIFIED.);
#114=B_SPLINE_CURVE_WITH_KNOTS('',3,(#14939,#14940,#14941,#14942,#14943,
#14944),.UNSPECIFIED.,.F.,.F.,(4,2,4),(-0.703507397900466,-0.689444765916834,
-0.641425904130771),.UNSPECIFIED.);
#115=B_SPLINE_CURVE_WITH_KNOTS('',3,(#14951,#14952,#14953,#14954),
 .UNSPECIFIED.,.F.,.F.,(4,4),(0.630482174181646,0.68921667938849),
 .UNSPECIFIED.);
#116=B_SPLINE_CURVE_WITH_KNOTS('',3,(#14978,#14979,#14980,#14981),
 .UNSPECIFIED.,.F.,.F.,(4,4),(0.630515736488654,0.68928729195793),
 .UNSPECIFIED.);
#117=B_SPLINE_CURVE_WITH_KNOTS('',3,(#14987,#14988,#14989,#14990),
 .UNSPECIFIED.,.F.,.F.,(4,4),(1.91764600461476,1.9763805098216),
 .UNSPECIFIED.);
#118=B_SPLINE_CURVE_WITH_KNOTS('',3,(#14995,#14996,#14997,#14998),
 .UNSPECIFIED.,.F.,.F.,(4,4),(0.630482174181652,0.689216679388521),
 .UNSPECIFIED.);
#119=B_SPLINE_CURVE_WITH_KNOTS('',3,(#15015,#15016,#15017,#15018,#15019,
#15020),.UNSPECIFIED.,.F.,.F.,(4,2,4),(-0.594837932693114,-0.563458208186236,
-0.533052351571353),.UNSPECIFIED.);
#120=B_SPLINE_CURVE_WITH_KNOTS('',3,(#15046,#15047,#15048,#15049),
 .UNSPECIFIED.,.F.,.F.,(4,4),(1.91757539204532,1.9763469475146),
 .UNSPECIFIED.);
#121=B_SPLINE_CURVE_WITH_KNOTS('',3,(#15051,#15052,#15053,#15054),
 .UNSPECIFIED.,.F.,.F.,(4,4),(0.630515736488653,0.689287291957929),
 .UNSPECIFIED.);
#122=B_SPLINE_CURVE_WITH_KNOTS('',3,(#15076,#15077,#15078,#15079,#15080,
#15081),.UNSPECIFIED.,.F.,.F.,(4,2,4),(-0.635048434950248,-0.591721959953284,
-0.584029363405733),.UNSPECIFIED.);
#123=B_SPLINE_CURVE_WITH_KNOTS('',3,(#15087,#15088,#15089,#15090),
 .UNSPECIFIED.,.F.,.F.,(4,4),(1.91737984732702,1.97615140279631),
 .UNSPECIFIED.);
#124=B_SPLINE_CURVE_WITH_KNOTS('',3,(#15097,#15098,#15099,#15100),
 .UNSPECIFIED.,.F.,.F.,(4,4),(-0.486835423915186,-0.440619150648054),
 .UNSPECIFIED.);
#125=B_SPLINE_CURVE_WITH_KNOTS('',3,(#15120,#15121,#15122,#15123),
 .UNSPECIFIED.,.F.,.F.,(4,4),(1.91757539204533,1.9763469475146),
 .UNSPECIFIED.);
#126=B_SPLINE_CURVE_WITH_KNOTS('',3,(#15136,#15137,#15138,#15139),
 .UNSPECIFIED.,.F.,.F.,(4,4),(0.630482174181647,0.689216679388496),
 .UNSPECIFIED.);
#127=B_SPLINE_CURVE_WITH_KNOTS('',3,(#15144,#15145,#15146,#15147),
 .UNSPECIFIED.,.F.,.F.,(4,4),(1.91764600461476,1.97638050982161),
 .UNSPECIFIED.);
#128=B_SPLINE_CURVE_WITH_KNOTS('',3,(#15168,#15169,#15170,#15171),
 .UNSPECIFIED.,.F.,.F.,(4,4),(0.630482174181646,0.689216679388495),
 .UNSPECIFIED.);
#129=B_SPLINE_CURVE_WITH_KNOTS('',3,(#15177,#15178,#15179,#15180),
 .UNSPECIFIED.,.F.,.F.,(4,4),(1.91737984732704,1.97615140279632),
 .UNSPECIFIED.);
#130=B_SPLINE_CURVE_WITH_KNOTS('',3,(#15185,#15186,#15187,#15188),
 .UNSPECIFIED.,.F.,.F.,(4,4),(0.630515736488651,0.689287291957933),
 .UNSPECIFIED.);
#131=B_SPLINE_CURVE_WITH_KNOTS('',3,(#15205,#15206,#15207,#15208,#15209,
#15210),.UNSPECIFIED.,.F.,.F.,(4,2,4),(-0.594837932693248,-0.563458208186351,
-0.533052351571463),.UNSPECIFIED.);
#132=B_SPLINE_CURVE_WITH_KNOTS('',3,(#15232,#15233,#15234,#15235),
 .UNSPECIFIED.,.F.,.F.,(4,4),(0.630515736488653,0.689287291957929),
 .UNSPECIFIED.);
#133=B_SPLINE_CURVE_WITH_KNOTS('',3,(#15241,#15242,#15243,#15244),
 .UNSPECIFIED.,.F.,.F.,(4,4),(1.91760895435233,1.97638050982161),
 .UNSPECIFIED.);
#134=CONICAL_SURFACE('',#8578,2.6,0.785398163397446);
#135=CONICAL_SURFACE('',#8585,2.6,0.785398163397446);
#136=CONICAL_SURFACE('',#8592,5.5,0.785398163397447);
#137=CONICAL_SURFACE('',#8595,5.5,0.785398163397442);
#138=CONICAL_SURFACE('',#8598,4.,0.785398163397476);
#139=CONICAL_SURFACE('',#8602,4.,0.785398163397473);
#140=CONICAL_SURFACE('',#8606,4.,0.785398163397447);
#141=CONICAL_SURFACE('',#8610,4.,0.78539816339745);
#142=CONICAL_SURFACE('',#8614,4.,0.785398163397447);
#143=CONICAL_SURFACE('',#8618,4.,0.785398163397449);
#144=CONICAL_SURFACE('',#8653,2.6,0.78539816339745);
#145=CONICAL_SURFACE('',#8660,2.6,0.785398163397445);
#146=CONICAL_SURFACE('',#8667,2.60000000000001,0.785398163397446);
#147=CONICAL_SURFACE('',#8674,2.60000000000001,0.785398163397446);
#148=CONICAL_SURFACE('',#8681,2.60000000000001,0.785398163397446);
#149=CONICAL_SURFACE('',#8688,2.60000000000001,0.785398163397446);
#150=CONICAL_SURFACE('',#8695,2.6,0.785398163397443);
#151=CONICAL_SURFACE('',#8702,2.6,0.785398163397447);
#152=CONICAL_SURFACE('',#8709,2.6,0.785398163397449);
#153=CONICAL_SURFACE('',#8716,2.6,0.785398163397449);
#154=CONICAL_SURFACE('',#8723,2.6,0.785398163397461);
#155=CONICAL_SURFACE('',#8730,2.6,0.785398163397449);
#156=CONICAL_SURFACE('',#8737,2.60000000000001,0.785398163397455);
#157=CONICAL_SURFACE('',#8744,2.60000000000001,0.785398163397446);
#158=CONICAL_SURFACE('',#8751,2.60000000000001,0.785398163397446);
#159=CONICAL_SURFACE('',#8758,2.60000000000001,0.785398163397458);
#160=CONICAL_SURFACE('',#8766,17.6616492814811,0.78539816339741);
#161=CONICAL_SURFACE('',#8769,17.6616492814812,0.785398163397423);
#162=CONICAL_SURFACE('',#8772,17.6616492814813,0.78539816339747);
#163=CONICAL_SURFACE('',#8775,17.6616492814812,0.785398163397389);
#164=CONICAL_SURFACE('',#9219,18.7616492814812,0.0540015003759674);
#165=CONICAL_SURFACE('',#9222,18.7616492814811,0.0540015003759674);
#166=CONICAL_SURFACE('',#9223,18.7616492814813,0.0540015003759673);
#167=CONICAL_SURFACE('',#9228,18.7616492814814,0.0540015003759677);
#168=FACE_BOUND('',#1348,.T.);
#169=FACE_BOUND('',#1359,.T.);
#170=FACE_BOUND('',#1363,.T.);
#171=FACE_BOUND('',#1364,.T.);
#172=FACE_BOUND('',#1365,.T.);
#173=FACE_BOUND('',#1366,.T.);
#174=FACE_BOUND('',#1367,.T.);
#175=FACE_BOUND('',#1368,.T.);
#176=FACE_BOUND('',#1369,.T.);
#177=FACE_BOUND('',#1370,.T.);
#178=FACE_BOUND('',#1371,.T.);
#179=FACE_BOUND('',#1375,.T.);
#180=FACE_BOUND('',#1382,.T.);
#181=FACE_BOUND('',#1386,.T.);
#182=FACE_BOUND('',#1405,.T.);
#183=FACE_BOUND('',#1409,.T.);
#184=FACE_BOUND('',#1413,.T.);
#185=FACE_BOUND('',#1417,.T.);
#186=FACE_BOUND('',#1422,.T.);
#187=FACE_BOUND('',#1426,.T.);
#188=FACE_BOUND('',#1470,.T.);
#189=FACE_BOUND('',#1471,.T.);
#190=FACE_BOUND('',#1472,.T.);
#191=FACE_BOUND('',#1473,.T.);
#192=FACE_BOUND('',#1510,.T.);
#193=FACE_BOUND('',#1528,.T.);
#194=FACE_BOUND('',#1604,.T.);
#195=FACE_BOUND('',#1676,.T.);
#196=FACE_BOUND('',#1677,.T.);
#197=FACE_BOUND('',#1678,.T.);
#198=FACE_BOUND('',#1689,.T.);
#199=FACE_BOUND('',#1690,.T.);
#200=FACE_BOUND('',#1691,.T.);
#201=FACE_BOUND('',#1692,.T.);
#202=FACE_BOUND('',#1776,.T.);
#203=CIRCLE('',#8486,3.75);
#204=CIRCLE('',#8501,3.75);
#205=CIRCLE('',#8504,17.5616492814811);
#206=CIRCLE('',#8505,17.5616492814812);
#207=CIRCLE('',#8506,17.5616492814813);
#208=CIRCLE('',#8507,17.5616492814812);
#209=CIRCLE('',#8511,1.);
#210=CIRCLE('',#8512,5.);
#211=CIRCLE('',#8513,5.);
#212=CIRCLE('',#8514,1.);
#213=CIRCLE('',#8515,12.7616492814812);
#214=CIRCLE('',#8516,1.);
#215=CIRCLE('',#8517,5.);
#216=CIRCLE('',#8518,1.);
#217=CIRCLE('',#8519,12.7616492814812);
#218=CIRCLE('',#8520,1.);
#219=CIRCLE('',#8521,5.);
#220=CIRCLE('',#8522,1.);
#221=CIRCLE('',#8523,1.);
#222=CIRCLE('',#8524,5.);
#223=CIRCLE('',#8525,1.);
#224=CIRCLE('',#8526,1.);
#225=CIRCLE('',#8527,5.);
#226=CIRCLE('',#8528,1.);
#227=CIRCLE('',#8529,1.);
#228=CIRCLE('',#8530,5.);
#229=CIRCLE('',#8531,1.);
#230=CIRCLE('',#8532,12.7616492814811);
#231=CIRCLE('',#8533,1.);
#232=CIRCLE('',#8534,5.);
#233=CIRCLE('',#8535,1.);
#234=CIRCLE('',#8536,12.7616492814811);
#235=CIRCLE('',#8537,1.);
#236=CIRCLE('',#8538,5.);
#237=CIRCLE('',#8539,1.);
#238=CIRCLE('',#8540,1.);
#239=CIRCLE('',#8541,5.);
#240=CIRCLE('',#8542,1.);
#241=CIRCLE('',#8543,12.7616492814812);
#242=CIRCLE('',#8544,1.);
#243=CIRCLE('',#8545,5.);
#244=CIRCLE('',#8546,12.7616492814812);
#245=CIRCLE('',#8547,1.);
#246=CIRCLE('',#8548,5.);
#247=CIRCLE('',#8549,1.);
#248=CIRCLE('',#8550,1.);
#249=CIRCLE('',#8551,5.);
#250=CIRCLE('',#8552,1.);
#251=CIRCLE('',#8553,1.);
#252=CIRCLE('',#8554,5.);
#253=CIRCLE('',#8555,1.);
#254=CIRCLE('',#8556,1.);
#255=CIRCLE('',#8557,5.);
#256=CIRCLE('',#8558,1.);
#257=CIRCLE('',#8559,12.7616492814811);
#258=CIRCLE('',#8560,1.);
#259=CIRCLE('',#8561,5.);
#260=CIRCLE('',#8562,1.);
#261=CIRCLE('',#8563,12.7616492814811);
#262=CIRCLE('',#8564,6.);
#263=CIRCLE('',#8565,5.);
#264=CIRCLE('',#8566,5.);
#265=CIRCLE('',#8567,5.);
#266=CIRCLE('',#8568,5.);
#267=CIRCLE('',#8569,5.);
#268=CIRCLE('',#8570,5.);
#269=CIRCLE('',#8571,6.);
#270=CIRCLE('',#8579,3.1);
#271=CIRCLE('',#8580,2.1);
#272=CIRCLE('',#8582,2.1);
#273=CIRCLE('',#8584,5.);
#274=CIRCLE('',#8586,3.1);
#275=CIRCLE('',#8587,2.1);
#276=CIRCLE('',#8589,2.1);
#277=CIRCLE('',#8591,5.);
#278=CIRCLE('',#8593,5.);
#279=CIRCLE('',#8596,5.);
#280=CIRCLE('',#8599,3.);
#281=CIRCLE('',#8601,3.);
#282=CIRCLE('',#8603,3.);
#283=CIRCLE('',#8605,3.);
#284=CIRCLE('',#8607,3.);
#285=CIRCLE('',#8609,3.);
#286=CIRCLE('',#8611,3.);
#287=CIRCLE('',#8613,3.);
#288=CIRCLE('',#8615,3.);
#289=CIRCLE('',#8617,3.);
#290=CIRCLE('',#8619,3.);
#291=CIRCLE('',#8621,3.);
#292=CIRCLE('',#8623,0.999999999999996);
#293=CIRCLE('',#8624,0.999999999999996);
#294=CIRCLE('',#8628,0.999999999999996);
#295=CIRCLE('',#8629,0.999999999999996);
#296=CIRCLE('',#8633,0.999999999999996);
#297=CIRCLE('',#8634,0.999999999999996);
#298=CIRCLE('',#8638,0.999999999999996);
#299=CIRCLE('',#8639,0.999999999999996);
#300=CIRCLE('',#8644,0.999999999999996);
#301=CIRCLE('',#8645,0.999999999999996);
#302=CIRCLE('',#8649,0.999999999999996);
#303=CIRCLE('',#8650,0.999999999999996);
#304=CIRCLE('',#8654,2.99999999999999);
#305=CIRCLE('',#8655,3.1);
#306=CIRCLE('',#8656,2.1);
#307=CIRCLE('',#8657,3.1);
#308=CIRCLE('',#8659,2.1);
#309=CIRCLE('',#8661,3.00000000000001);
#310=CIRCLE('',#8662,3.1);
#311=CIRCLE('',#8663,2.1);
#312=CIRCLE('',#8664,3.1);
#313=CIRCLE('',#8666,2.1);
#314=CIRCLE('',#8668,2.99999999999998);
#315=CIRCLE('',#8669,3.1);
#316=CIRCLE('',#8670,2.10000000000001);
#317=CIRCLE('',#8671,3.1);
#318=CIRCLE('',#8673,2.10000000000001);
#319=CIRCLE('',#8675,2.99999999999999);
#320=CIRCLE('',#8676,3.1);
#321=CIRCLE('',#8677,2.10000000000001);
#322=CIRCLE('',#8678,3.1);
#323=CIRCLE('',#8680,2.10000000000001);
#324=CIRCLE('',#8682,2.99999999999999);
#325=CIRCLE('',#8683,3.1);
#326=CIRCLE('',#8684,2.10000000000001);
#327=CIRCLE('',#8685,3.1);
#328=CIRCLE('',#8687,2.10000000000001);
#329=CIRCLE('',#8689,3.00000000000002);
#330=CIRCLE('',#8690,3.1);
#331=CIRCLE('',#8691,2.10000000000001);
#332=CIRCLE('',#8692,3.1);
#333=CIRCLE('',#8694,2.10000000000001);
#334=CIRCLE('',#8696,2.99999999999999);
#335=CIRCLE('',#8697,3.1);
#336=CIRCLE('',#8698,2.1);
#337=CIRCLE('',#8699,3.1);
#338=CIRCLE('',#8701,2.1);
#339=CIRCLE('',#8703,3.);
#340=CIRCLE('',#8704,3.1);
#341=CIRCLE('',#8705,2.1);
#342=CIRCLE('',#8706,3.1);
#343=CIRCLE('',#8708,2.1);
#344=CIRCLE('',#8710,3.);
#345=CIRCLE('',#8711,3.1);
#346=CIRCLE('',#8712,2.1);
#347=CIRCLE('',#8713,3.1);
#348=CIRCLE('',#8715,2.1);
#349=CIRCLE('',#8717,3.);
#350=CIRCLE('',#8718,3.1);
#351=CIRCLE('',#8719,2.1);
#352=CIRCLE('',#8720,3.1);
#353=CIRCLE('',#8722,2.1);
#354=CIRCLE('',#8724,3.);
#355=CIRCLE('',#8725,3.1);
#356=CIRCLE('',#8726,2.1);
#357=CIRCLE('',#8727,3.1);
#358=CIRCLE('',#8729,2.1);
#359=CIRCLE('',#8731,3.);
#360=CIRCLE('',#8732,3.1);
#361=CIRCLE('',#8733,2.1);
#362=CIRCLE('',#8734,3.1);
#363=CIRCLE('',#8736,2.1);
#364=CIRCLE('',#8738,2.99999999999999);
#365=CIRCLE('',#8739,2.10000000000001);
#366=CIRCLE('',#8740,2.99999999999999);
#367=CIRCLE('',#8741,3.1);
#368=CIRCLE('',#8743,2.10000000000001);
#369=CIRCLE('',#8745,3.00000000000006);
#370=CIRCLE('',#8746,2.10000000000001);
#371=CIRCLE('',#8747,3.00000000000006);
#372=CIRCLE('',#8748,3.1);
#373=CIRCLE('',#8750,2.10000000000001);
#374=CIRCLE('',#8752,3.);
#375=CIRCLE('',#8753,2.10000000000001);
#376=CIRCLE('',#8754,3.);
#377=CIRCLE('',#8755,3.1);
#378=CIRCLE('',#8757,2.10000000000001);
#379=CIRCLE('',#8759,2.99999999999999);
#380=CIRCLE('',#8760,2.10000000000001);
#381=CIRCLE('',#8761,2.99999999999999);
#382=CIRCLE('',#8762,3.1);
#383=CIRCLE('',#8764,2.10000000000001);
#384=CIRCLE('',#8767,17.7616492814811);
#385=CIRCLE('',#8770,17.7616492814812);
#386=CIRCLE('',#8773,17.7616492814813);
#387=CIRCLE('',#8776,17.7616492814812);
#388=CIRCLE('',#8778,17.7616492814812);
#389=CIRCLE('',#8779,17.7616492814812);
#390=CIRCLE('',#8780,17.7616492814812);
#391=CIRCLE('',#8783,17.7616492814811);
#392=CIRCLE('',#8784,17.7616492814811);
#393=CIRCLE('',#8785,17.7616492814811);
#394=CIRCLE('',#8788,12.7616492814812);
#395=CIRCLE('',#8790,5.00000000000002);
#396=CIRCLE('',#8793,12.7616492814812);
#397=CIRCLE('',#8796,12.7616492814812);
#398=CIRCLE('',#8801,12.7616492814811);
#399=CIRCLE('',#8820,5.);
#400=CIRCLE('',#8823,5.);
#401=CIRCLE('',#8826,5.);
#402=CIRCLE('',#8828,17.7616492814812);
#403=CIRCLE('',#8829,5.);
#404=CIRCLE('',#8830,5.);
#405=CIRCLE('',#8831,17.7616492814812);
#406=CIRCLE('',#8832,5.);
#407=CIRCLE('',#8833,5.);
#408=CIRCLE('',#8834,5.);
#409=CIRCLE('',#8835,5.);
#410=CIRCLE('',#8836,5.);
#411=CIRCLE('',#8837,5.);
#412=CIRCLE('',#8838,5.);
#413=CIRCLE('',#8839,5.);
#414=CIRCLE('',#8840,17.7616492814813);
#415=CIRCLE('',#8841,5.);
#416=CIRCLE('',#8842,5.);
#417=CIRCLE('',#8843,17.7616492814813);
#418=CIRCLE('',#8844,5.);
#419=CIRCLE('',#8845,5.);
#420=CIRCLE('',#8846,5.);
#421=CIRCLE('',#8847,5.);
#422=CIRCLE('',#8848,5.);
#423=CIRCLE('',#8849,5.);
#424=CIRCLE('',#8850,1.);
#425=CIRCLE('',#8851,5.);
#426=CIRCLE('',#8852,5.);
#427=CIRCLE('',#8853,5.);
#428=CIRCLE('',#8854,5.);
#429=CIRCLE('',#8855,5.);
#430=CIRCLE('',#8856,5.);
#431=CIRCLE('',#8857,5.);
#432=CIRCLE('',#8858,5.);
#433=CIRCLE('',#8859,5.);
#434=CIRCLE('',#8860,1.);
#435=CIRCLE('',#8861,1.);
#436=CIRCLE('',#8862,1.);
#437=CIRCLE('',#8863,1.);
#438=CIRCLE('',#8864,1.);
#439=CIRCLE('',#8865,14.7616492814812);
#440=CIRCLE('',#8866,1.);
#441=CIRCLE('',#8867,1.);
#442=CIRCLE('',#8868,14.7616492814812);
#443=CIRCLE('',#8869,1.);
#444=CIRCLE('',#8870,1.);
#445=CIRCLE('',#8871,1.);
#446=CIRCLE('',#8872,1.);
#447=CIRCLE('',#8873,14.7616492814812);
#448=CIRCLE('',#8874,1.);
#449=CIRCLE('',#8875,1.);
#450=CIRCLE('',#8876,14.7616492814811);
#451=CIRCLE('',#8877,1.);
#452=CIRCLE('',#8878,1.);
#453=CIRCLE('',#8879,1.);
#454=CIRCLE('',#8880,1.);
#455=CIRCLE('',#8881,1.);
#456=CIRCLE('',#8882,1.);
#457=CIRCLE('',#8883,1.);
#458=CIRCLE('',#8884,1.);
#459=CIRCLE('',#8885,14.7616492814812);
#460=CIRCLE('',#8886,1.);
#461=CIRCLE('',#8887,1.);
#462=CIRCLE('',#8888,14.7616492814812);
#463=CIRCLE('',#8889,1.);
#464=CIRCLE('',#8890,1.);
#465=CIRCLE('',#8891,1.);
#466=CIRCLE('',#8892,1.);
#467=CIRCLE('',#8893,14.7616492814811);
#468=CIRCLE('',#8894,1.);
#469=CIRCLE('',#8895,1.);
#470=CIRCLE('',#8896,14.7616492814811);
#471=CIRCLE('',#8897,1.);
#472=CIRCLE('',#8898,1.);
#473=CIRCLE('',#8899,1.);
#474=CIRCLE('',#8910,8.225);
#475=CIRCLE('',#8911,8.225);
#476=CIRCLE('',#8913,9.99999999999998);
#477=CIRCLE('',#8916,9.99999999999998);
#478=CIRCLE('',#8920,8.22499999999999);
#479=CIRCLE('',#8923,12.7616492814812);
#480=CIRCLE('',#8926,5.);
#481=CIRCLE('',#8929,14.7616492814811);
#482=CIRCLE('',#8931,14.7616492814811);
#483=CIRCLE('',#8936,14.7616492814812);
#484=CIRCLE('',#8938,14.7616492814812);
#485=CIRCLE('',#8940,2.99999999999999);
#486=CIRCLE('',#8942,3.);
#487=CIRCLE('',#8944,3.);
#488=CIRCLE('',#8947,14.7616492814811);
#489=CIRCLE('',#8949,14.7616492814812);
#490=CIRCLE('',#8952,14.7616492814812);
#491=CIRCLE('',#8954,14.7616492814812);
#492=CIRCLE('',#8960,1.);
#493=CIRCLE('',#8962,2.99999999999999);
#494=CIRCLE('',#8964,1.);
#495=CIRCLE('',#8966,3.);
#496=CIRCLE('',#8968,1.);
#497=CIRCLE('',#8970,3.00000000000006);
#498=CIRCLE('',#8972,1.);
#499=CIRCLE('',#8974,1.);
#500=CIRCLE('',#8976,2.99999999999999);
#501=CIRCLE('',#8978,1.);
#502=CIRCLE('',#8980,3.);
#503=CIRCLE('',#8982,1.);
#504=CIRCLE('',#8985,1.);
#505=CIRCLE('',#8988,1.);
#506=CIRCLE('',#8990,1.);
#507=CIRCLE('',#8993,1.);
#508=CIRCLE('',#8995,1.);
#509=CIRCLE('',#8998,1.);
#510=CIRCLE('',#9000,1.);
#511=CIRCLE('',#9003,1.);
#512=CIRCLE('',#9006,1.);
#513=CIRCLE('',#9008,1.);
#514=CIRCLE('',#9010,3.00000000000002);
#515=CIRCLE('',#9012,1.);
#516=CIRCLE('',#9014,1.);
#517=CIRCLE('',#9016,2.99999999999999);
#518=CIRCLE('',#9018,1.);
#519=CIRCLE('',#9020,1.);
#520=CIRCLE('',#9022,2.99999999999999);
#521=CIRCLE('',#9024,1.);
#522=CIRCLE('',#9026,1.);
#523=CIRCLE('',#9028,2.99999999999998);
#524=CIRCLE('',#9030,1.);
#525=CIRCLE('',#9032,1.);
#526=CIRCLE('',#9034,3.00000000000001);
#527=CIRCLE('',#9036,1.);
#528=CIRCLE('',#9038,1.);
#529=CIRCLE('',#9040,2.99999999999999);
#530=CIRCLE('',#9042,1.);
#531=CIRCLE('',#9044,1.);
#532=CIRCLE('',#9046,3.);
#533=CIRCLE('',#9048,1.);
#534=CIRCLE('',#9050,1.);
#535=CIRCLE('',#9052,3.);
#536=CIRCLE('',#9054,1.);
#537=CIRCLE('',#9055,1.);
#538=CIRCLE('',#9056,5.);
#539=CIRCLE('',#9057,1.);
#540=CIRCLE('',#9058,1.);
#541=CIRCLE('',#9059,1.);
#542=CIRCLE('',#9060,1.);
#543=CIRCLE('',#9061,4.99999999999999);
#544=CIRCLE('',#9062,1.);
#545=CIRCLE('',#9063,12.7616492814811);
#546=CIRCLE('',#9064,1.);
#547=CIRCLE('',#9065,5.);
#548=CIRCLE('',#9066,1.);
#549=CIRCLE('',#9067,1.);
#550=CIRCLE('',#9068,5.);
#551=CIRCLE('',#9069,1.);
#552=CIRCLE('',#9070,1.);
#553=CIRCLE('',#9071,5.);
#554=CIRCLE('',#9072,1.);
#555=CIRCLE('',#9073,1.);
#556=CIRCLE('',#9074,4.99999999999999);
#557=CIRCLE('',#9075,1.);
#558=CIRCLE('',#9076,1.);
#559=CIRCLE('',#9077,12.7616492814813);
#560=CIRCLE('',#9078,1.);
#561=CIRCLE('',#9079,5.);
#562=CIRCLE('',#9080,1.);
#563=CIRCLE('',#9081,1.);
#564=CIRCLE('',#9082,4.99999999999999);
#565=CIRCLE('',#9083,1.);
#566=CIRCLE('',#9084,1.);
#567=CIRCLE('',#9085,4.99999999999999);
#568=CIRCLE('',#9086,1.);
#569=CIRCLE('',#9087,12.7616492814811);
#570=CIRCLE('',#9088,1.);
#571=CIRCLE('',#9089,5.00000000000001);
#572=CIRCLE('',#9090,1.);
#573=CIRCLE('',#9091,1.);
#574=CIRCLE('',#9092,5.);
#575=CIRCLE('',#9093,1.);
#576=CIRCLE('',#9094,1.);
#577=CIRCLE('',#9095,5.);
#578=CIRCLE('',#9096,1.);
#579=CIRCLE('',#9097,1.);
#580=CIRCLE('',#9098,5.00000000000001);
#581=CIRCLE('',#9099,1.);
#582=CIRCLE('',#9100,1.);
#583=CIRCLE('',#9101,5.00000000000001);
#584=CIRCLE('',#9102,1.);
#585=CIRCLE('',#9161,12.05);
#586=CIRCLE('',#9162,0.999999999999998);
#587=CIRCLE('',#9166,0.999999999999996);
#588=CIRCLE('',#9193,17.7616492814813);
#589=CIRCLE('',#9229,17.7616492814812);
#590=CIRCLE('',#9288,8.22499999999999);
#591=CIRCLE('',#9290,11.65);
#592=CIRCLE('',#9292,11.65);
#593=CIRCLE('',#9293,11.65);
#594=CIRCLE('',#9295,0.4);
#595=CIRCLE('',#9298,15.1756753630404);
#596=CIRCLE('',#9299,5.);
#597=CIRCLE('',#9300,15.7616492814813);
#598=CIRCLE('',#9301,5.);
#599=CIRCLE('',#9304,15.7616492814813);
#600=CIRCLE('',#9308,4.);
#601=CIRCLE('',#9311,4.);
#602=CIRCLE('',#9313,15.1756753630404);
#603=CIRCLE('',#9314,15.7616492814812);
#604=CIRCLE('',#9316,15.7616492814812);
#605=CIRCLE('',#9319,5.);
#606=CIRCLE('',#9321,5.);
#607=CIRCLE('',#9324,5.);
#608=CIRCLE('',#9325,5.);
#609=CIRCLE('',#9331,15.7616492814811);
#610=CIRCLE('',#9332,15.7616492814811);
#611=CIRCLE('',#9334,15.1756753630404);
#612=CIRCLE('',#9335,4.);
#613=CIRCLE('',#9339,5.);
#614=CIRCLE('',#9341,5.);
#615=CIRCLE('',#9344,5.);
#616=CIRCLE('',#9345,5.);
#617=CIRCLE('',#9351,4.);
#618=CIRCLE('',#9354,5.);
#619=CIRCLE('',#9356,15.1756753630404);
#620=CIRCLE('',#9357,15.7616492814812);
#621=CIRCLE('',#9359,15.7616492814812);
#622=CIRCLE('',#9361,5.);
#623=CIRCLE('',#9364,5.);
#624=CIRCLE('',#9365,5.);
#625=CIRCLE('',#9371,15.1756753630404);
#626=CIRCLE('',#9372,5.);
#627=CIRCLE('',#9373,15.7616492814811);
#628=CIRCLE('',#9374,5.);
#629=CIRCLE('',#9376,15.7616492814811);
#630=CIRCLE('',#9381,4.);
#631=CIRCLE('',#9384,15.7616492814812);
#632=CIRCLE('',#9385,4.);
#633=CIRCLE('',#9386,15.1756753630404);
#634=CIRCLE('',#9388,15.7616492814812);
#635=CIRCLE('',#9392,5.);
#636=CIRCLE('',#9394,5.);
#637=CIRCLE('',#9397,5.);
#638=CIRCLE('',#9401,5.);
#639=CIRCLE('',#9404,5.);
#640=CIRCLE('',#9405,5.);
#641=CIRCLE('',#9411,4.);
#642=CIRCLE('',#9414,5.);
#643=CIRCLE('',#9416,15.1756753630404);
#644=CIRCLE('',#9417,15.7616492814813);
#645=CIRCLE('',#9419,15.7616492814813);
#646=CIRCLE('',#9421,5.);
#647=CIRCLE('',#9424,5.);
#648=CIRCLE('',#9425,5.);
#649=PLANE('',#8477);
#650=PLANE('',#8480);
#651=PLANE('',#8481);
#652=PLANE('',#8483);
#653=PLANE('',#8485);
#654=PLANE('',#8498);
#655=PLANE('',#8499);
#656=PLANE('',#8502);
#657=PLANE('',#8503);
#658=PLANE('',#8508);
#659=PLANE('',#8509);
#660=PLANE('',#8510);
#661=PLANE('',#8572);
#662=PLANE('',#8573);
#663=PLANE('',#8574);
#664=PLANE('',#8575);
#665=PLANE('',#8576);
#666=PLANE('',#8577);
#667=PLANE('',#8583);
#668=PLANE('',#8590);
#669=PLANE('',#8625);
#670=PLANE('',#8626);
#671=PLANE('',#8630);
#672=PLANE('',#8631);
#673=PLANE('',#8635);
#674=PLANE('',#8636);
#675=PLANE('',#8640);
#676=PLANE('',#8641);
#677=PLANE('',#8642);
#678=PLANE('',#8646);
#679=PLANE('',#8647);
#680=PLANE('',#8651);
#681=PLANE('',#8652);
#682=PLANE('',#8765);
#683=PLANE('',#8768);
#684=PLANE('',#8771);
#685=PLANE('',#8774);
#686=PLANE('',#8781);
#687=PLANE('',#8786);
#688=PLANE('',#8791);
#689=PLANE('',#8794);
#690=PLANE('',#8797);
#691=PLANE('',#8798);
#692=PLANE('',#8799);
#693=PLANE('',#8802);
#694=PLANE('',#8803);
#695=PLANE('',#8804);
#696=PLANE('',#8805);
#697=PLANE('',#8806);
#698=PLANE('',#8807);
#699=PLANE('',#8808);
#700=PLANE('',#8809);
#701=PLANE('',#8810);
#702=PLANE('',#8811);
#703=PLANE('',#8812);
#704=PLANE('',#8813);
#705=PLANE('',#8814);
#706=PLANE('',#8815);
#707=PLANE('',#8816);
#708=PLANE('',#8817);
#709=PLANE('',#8818);
#710=PLANE('',#8821);
#711=PLANE('',#8827);
#712=PLANE('',#8904);
#713=PLANE('',#8905);
#714=PLANE('',#8906);
#715=PLANE('',#8907);
#716=PLANE('',#8908);
#717=PLANE('',#8914);
#718=PLANE('',#8917);
#719=PLANE('',#8918);
#720=PLANE('',#8919);
#721=PLANE('',#8921);
#722=PLANE('',#8927);
#723=PLANE('',#8932);
#724=PLANE('',#8933);
#725=PLANE('',#8934);
#726=PLANE('',#8945);
#727=PLANE('',#8950);
#728=PLANE('',#8955);
#729=PLANE('',#8956);
#730=PLANE('',#8957);
#731=PLANE('',#8958);
#732=PLANE('',#8983);
#733=PLANE('',#8986);
#734=PLANE('',#8991);
#735=PLANE('',#8996);
#736=PLANE('',#9001);
#737=PLANE('',#9004);
#738=PLANE('',#9053);
#739=PLANE('',#9110);
#740=PLANE('',#9117);
#741=PLANE('',#9121);
#742=PLANE('',#9132);
#743=PLANE('',#9138);
#744=PLANE('',#9142);
#745=PLANE('',#9146);
#746=PLANE('',#9150);
#747=PLANE('',#9158);
#748=PLANE('',#9160);
#749=PLANE('',#9165);
#750=PLANE('',#9180);
#751=PLANE('',#9196);
#752=PLANE('',#9215);
#753=PLANE('',#9216);
#754=PLANE('',#9217);
#755=PLANE('',#9218);
#756=PLANE('',#9220);
#757=PLANE('',#9221);
#758=PLANE('',#9224);
#759=PLANE('',#9225);
#760=PLANE('',#9226);
#761=PLANE('',#9227);
#762=PLANE('',#9230);
#763=PLANE('',#9231);
#764=PLANE('',#9232);
#765=PLANE('',#9233);
#766=PLANE('',#9234);
#767=PLANE('',#9235);
#768=PLANE('',#9236);
#769=PLANE('',#9237);
#770=PLANE('',#9238);
#771=PLANE('',#9239);
#772=PLANE('',#9240);
#773=PLANE('',#9241);
#774=PLANE('',#9242);
#775=PLANE('',#9243);
#776=PLANE('',#9244);
#777=PLANE('',#9245);
#778=PLANE('',#9246);
#779=PLANE('',#9247);
#780=PLANE('',#9248);
#781=PLANE('',#9249);
#782=PLANE('',#9250);
#783=PLANE('',#9251);
#784=PLANE('',#9252);
#785=PLANE('',#9253);
#786=PLANE('',#9254);
#787=PLANE('',#9255);
#788=PLANE('',#9256);
#789=PLANE('',#9257);
#790=PLANE('',#9258);
#791=PLANE('',#9259);
#792=PLANE('',#9260);
#793=PLANE('',#9261);
#794=PLANE('',#9262);
#795=PLANE('',#9263);
#796=PLANE('',#9264);
#797=PLANE('',#9265);
#798=PLANE('',#9266);
#799=PLANE('',#9267);
#800=PLANE('',#9268);
#801=PLANE('',#9269);
#802=PLANE('',#9270);
#803=PLANE('',#9271);
#804=PLANE('',#9272);
#805=PLANE('',#9273);
#806=PLANE('',#9274);
#807=PLANE('',#9275);
#808=PLANE('',#9276);
#809=PLANE('',#9277);
#810=PLANE('',#9278);
#811=PLANE('',#9279);
#812=PLANE('',#9280);
#813=PLANE('',#9281);
#814=PLANE('',#9282);
#815=PLANE('',#9283);
#816=PLANE('',#9284);
#817=PLANE('',#9285);
#818=PLANE('',#9286);
#819=PLANE('',#9289);
#820=PLANE('',#9297);
#821=PLANE('',#9305);
#822=PLANE('',#9317);
#823=PLANE('',#9322);
#824=PLANE('',#9323);
#825=PLANE('',#9328);
#826=PLANE('',#9337);
#827=PLANE('',#9342);
#828=PLANE('',#9343);
#829=PLANE('',#9347);
#830=PLANE('',#9352);
#831=PLANE('',#9362);
#832=PLANE('',#9363);
#833=PLANE('',#9366);
#834=PLANE('',#9370);
#835=PLANE('',#9378);
#836=PLANE('',#9389);
#837=PLANE('',#9395);
#838=PLANE('',#9399);
#839=PLANE('',#9402);
#840=PLANE('',#9403);
#841=PLANE('',#9407);
#842=PLANE('',#9412);
#843=PLANE('',#9422);
#844=PLANE('',#9423);
#845=PLANE('',#9427);
#846=FACE_OUTER_BOUND('',#1335,.T.);
#847=FACE_OUTER_BOUND('',#1336,.T.);
#848=FACE_OUTER_BOUND('',#1337,.T.);
#849=FACE_OUTER_BOUND('',#1338,.T.);
#850=FACE_OUTER_BOUND('',#1339,.T.);
#851=FACE_OUTER_BOUND('',#1340,.T.);
#852=FACE_OUTER_BOUND('',#1341,.T.);
#853=FACE_OUTER_BOUND('',#1342,.T.);
#854=FACE_OUTER_BOUND('',#1343,.T.);
#855=FACE_OUTER_BOUND('',#1344,.T.);
#856=FACE_OUTER_BOUND('',#1345,.T.);
#857=FACE_OUTER_BOUND('',#1346,.T.);
#858=FACE_OUTER_BOUND('',#1347,.T.);
#859=FACE_OUTER_BOUND('',#1349,.T.);
#860=FACE_OUTER_BOUND('',#1350,.T.);
#861=FACE_OUTER_BOUND('',#1351,.T.);
#862=FACE_OUTER_BOUND('',#1352,.T.);
#863=FACE_OUTER_BOUND('',#1353,.T.);
#864=FACE_OUTER_BOUND('',#1354,.T.);
#865=FACE_OUTER_BOUND('',#1355,.T.);
#866=FACE_OUTER_BOUND('',#1356,.T.);
#867=FACE_OUTER_BOUND('',#1357,.T.);
#868=FACE_OUTER_BOUND('',#1358,.T.);
#869=FACE_OUTER_BOUND('',#1360,.T.);
#870=FACE_OUTER_BOUND('',#1361,.T.);
#871=FACE_OUTER_BOUND('',#1362,.T.);
#872=FACE_OUTER_BOUND('',#1372,.T.);
#873=FACE_OUTER_BOUND('',#1373,.T.);
#874=FACE_OUTER_BOUND('',#1374,.T.);
#875=FACE_OUTER_BOUND('',#1376,.T.);
#876=FACE_OUTER_BOUND('',#1377,.T.);
#877=FACE_OUTER_BOUND('',#1378,.T.);
#878=FACE_OUTER_BOUND('',#1379,.T.);
#879=FACE_OUTER_BOUND('',#1380,.T.);
#880=FACE_OUTER_BOUND('',#1381,.T.);
#881=FACE_OUTER_BOUND('',#1383,.T.);
#882=FACE_OUTER_BOUND('',#1384,.T.);
#883=FACE_OUTER_BOUND('',#1385,.T.);
#884=FACE_OUTER_BOUND('',#1387,.T.);
#885=FACE_OUTER_BOUND('',#1388,.T.);
#886=FACE_OUTER_BOUND('',#1389,.T.);
#887=FACE_OUTER_BOUND('',#1390,.T.);
#888=FACE_OUTER_BOUND('',#1391,.T.);
#889=FACE_OUTER_BOUND('',#1392,.T.);
#890=FACE_OUTER_BOUND('',#1393,.T.);
#891=FACE_OUTER_BOUND('',#1394,.T.);
#892=FACE_OUTER_BOUND('',#1395,.T.);
#893=FACE_OUTER_BOUND('',#1396,.T.);
#894=FACE_OUTER_BOUND('',#1397,.T.);
#895=FACE_OUTER_BOUND('',#1398,.T.);
#896=FACE_OUTER_BOUND('',#1399,.T.);
#897=FACE_OUTER_BOUND('',#1400,.T.);
#898=FACE_OUTER_BOUND('',#1401,.T.);
#899=FACE_OUTER_BOUND('',#1402,.T.);
#900=FACE_OUTER_BOUND('',#1403,.T.);
#901=FACE_OUTER_BOUND('',#1404,.T.);
#902=FACE_OUTER_BOUND('',#1406,.T.);
#903=FACE_OUTER_BOUND('',#1407,.T.);
#904=FACE_OUTER_BOUND('',#1408,.T.);
#905=FACE_OUTER_BOUND('',#1410,.T.);
#906=FACE_OUTER_BOUND('',#1411,.T.);
#907=FACE_OUTER_BOUND('',#1412,.T.);
#908=FACE_OUTER_BOUND('',#1414,.T.);
#909=FACE_OUTER_BOUND('',#1415,.T.);
#910=FACE_OUTER_BOUND('',#1416,.T.);
#911=FACE_OUTER_BOUND('',#1418,.T.);
#912=FACE_OUTER_BOUND('',#1419,.T.);
#913=FACE_OUTER_BOUND('',#1420,.T.);
#914=FACE_OUTER_BOUND('',#1421,.T.);
#915=FACE_OUTER_BOUND('',#1423,.T.);
#916=FACE_OUTER_BOUND('',#1424,.T.);
#917=FACE_OUTER_BOUND('',#1425,.T.);
#918=FACE_OUTER_BOUND('',#1427,.T.);
#919=FACE_OUTER_BOUND('',#1428,.T.);
#920=FACE_OUTER_BOUND('',#1429,.T.);
#921=FACE_OUTER_BOUND('',#1430,.T.);
#922=FACE_OUTER_BOUND('',#1431,.T.);
#923=FACE_OUTER_BOUND('',#1432,.T.);
#924=FACE_OUTER_BOUND('',#1433,.T.);
#925=FACE_OUTER_BOUND('',#1434,.T.);
#926=FACE_OUTER_BOUND('',#1435,.T.);
#927=FACE_OUTER_BOUND('',#1436,.T.);
#928=FACE_OUTER_BOUND('',#1437,.T.);
#929=FACE_OUTER_BOUND('',#1438,.T.);
#930=FACE_OUTER_BOUND('',#1439,.T.);
#931=FACE_OUTER_BOUND('',#1440,.T.);
#932=FACE_OUTER_BOUND('',#1441,.T.);
#933=FACE_OUTER_BOUND('',#1442,.T.);
#934=FACE_OUTER_BOUND('',#1443,.T.);
#935=FACE_OUTER_BOUND('',#1444,.T.);
#936=FACE_OUTER_BOUND('',#1445,.T.);
#937=FACE_OUTER_BOUND('',#1446,.T.);
#938=FACE_OUTER_BOUND('',#1447,.T.);
#939=FACE_OUTER_BOUND('',#1448,.T.);
#940=FACE_OUTER_BOUND('',#1449,.T.);
#941=FACE_OUTER_BOUND('',#1450,.T.);
#942=FACE_OUTER_BOUND('',#1451,.T.);
#943=FACE_OUTER_BOUND('',#1452,.T.);
#944=FACE_OUTER_BOUND('',#1453,.T.);
#945=FACE_OUTER_BOUND('',#1454,.T.);
#946=FACE_OUTER_BOUND('',#1455,.T.);
#947=FACE_OUTER_BOUND('',#1456,.T.);
#948=FACE_OUTER_BOUND('',#1457,.T.);
#949=FACE_OUTER_BOUND('',#1458,.T.);
#950=FACE_OUTER_BOUND('',#1459,.T.);
#951=FACE_OUTER_BOUND('',#1460,.T.);
#952=FACE_OUTER_BOUND('',#1461,.T.);
#953=FACE_OUTER_BOUND('',#1462,.T.);
#954=FACE_OUTER_BOUND('',#1463,.T.);
#955=FACE_OUTER_BOUND('',#1464,.T.);
#956=FACE_OUTER_BOUND('',#1465,.T.);
#957=FACE_OUTER_BOUND('',#1466,.T.);
#958=FACE_OUTER_BOUND('',#1467,.T.);
#959=FACE_OUTER_BOUND('',#1468,.T.);
#960=FACE_OUTER_BOUND('',#1469,.T.);
#961=FACE_OUTER_BOUND('',#1474,.T.);
#962=FACE_OUTER_BOUND('',#1475,.T.);
#963=FACE_OUTER_BOUND('',#1476,.T.);
#964=FACE_OUTER_BOUND('',#1477,.T.);
#965=FACE_OUTER_BOUND('',#1478,.T.);
#966=FACE_OUTER_BOUND('',#1479,.T.);
#967=FACE_OUTER_BOUND('',#1480,.T.);
#968=FACE_OUTER_BOUND('',#1481,.T.);
#969=FACE_OUTER_BOUND('',#1482,.T.);
#970=FACE_OUTER_BOUND('',#1483,.T.);
#971=FACE_OUTER_BOUND('',#1484,.T.);
#972=FACE_OUTER_BOUND('',#1485,.T.);
#973=FACE_OUTER_BOUND('',#1486,.T.);
#974=FACE_OUTER_BOUND('',#1487,.T.);
#975=FACE_OUTER_BOUND('',#1488,.T.);
#976=FACE_OUTER_BOUND('',#1489,.T.);
#977=FACE_OUTER_BOUND('',#1490,.T.);
#978=FACE_OUTER_BOUND('',#1491,.T.);
#979=FACE_OUTER_BOUND('',#1492,.T.);
#980=FACE_OUTER_BOUND('',#1493,.T.);
#981=FACE_OUTER_BOUND('',#1494,.T.);
#982=FACE_OUTER_BOUND('',#1495,.T.);
#983=FACE_OUTER_BOUND('',#1496,.T.);
#984=FACE_OUTER_BOUND('',#1497,.T.);
#985=FACE_OUTER_BOUND('',#1498,.T.);
#986=FACE_OUTER_BOUND('',#1499,.T.);
#987=FACE_OUTER_BOUND('',#1500,.T.);
#988=FACE_OUTER_BOUND('',#1501,.T.);
#989=FACE_OUTER_BOUND('',#1502,.T.);
#990=FACE_OUTER_BOUND('',#1503,.T.);
#991=FACE_OUTER_BOUND('',#1504,.T.);
#992=FACE_OUTER_BOUND('',#1505,.T.);
#993=FACE_OUTER_BOUND('',#1506,.T.);
#994=FACE_OUTER_BOUND('',#1507,.T.);
#995=FACE_OUTER_BOUND('',#1508,.T.);
#996=FACE_OUTER_BOUND('',#1509,.T.);
#997=FACE_OUTER_BOUND('',#1511,.T.);
#998=FACE_OUTER_BOUND('',#1512,.T.);
#999=FACE_OUTER_BOUND('',#1513,.T.);
#1000=FACE_OUTER_BOUND('',#1514,.T.);
#1001=FACE_OUTER_BOUND('',#1515,.T.);
#1002=FACE_OUTER_BOUND('',#1516,.T.);
#1003=FACE_OUTER_BOUND('',#1517,.T.);
#1004=FACE_OUTER_BOUND('',#1518,.T.);
#1005=FACE_OUTER_BOUND('',#1519,.T.);
#1006=FACE_OUTER_BOUND('',#1520,.T.);
#1007=FACE_OUTER_BOUND('',#1521,.T.);
#1008=FACE_OUTER_BOUND('',#1522,.T.);
#1009=FACE_OUTER_BOUND('',#1523,.T.);
#1010=FACE_OUTER_BOUND('',#1524,.T.);
#1011=FACE_OUTER_BOUND('',#1525,.T.);
#1012=FACE_OUTER_BOUND('',#1526,.T.);
#1013=FACE_OUTER_BOUND('',#1527,.T.);
#1014=FACE_OUTER_BOUND('',#1529,.T.);
#1015=FACE_OUTER_BOUND('',#1530,.T.);
#1016=FACE_OUTER_BOUND('',#1531,.T.);
#1017=FACE_OUTER_BOUND('',#1532,.T.);
#1018=FACE_OUTER_BOUND('',#1533,.T.);
#1019=FACE_OUTER_BOUND('',#1534,.T.);
#1020=FACE_OUTER_BOUND('',#1535,.T.);
#1021=FACE_OUTER_BOUND('',#1536,.T.);
#1022=FACE_OUTER_BOUND('',#1537,.T.);
#1023=FACE_OUTER_BOUND('',#1538,.T.);
#1024=FACE_OUTER_BOUND('',#1539,.T.);
#1025=FACE_OUTER_BOUND('',#1540,.T.);
#1026=FACE_OUTER_BOUND('',#1541,.T.);
#1027=FACE_OUTER_BOUND('',#1542,.T.);
#1028=FACE_OUTER_BOUND('',#1543,.T.);
#1029=FACE_OUTER_BOUND('',#1544,.T.);
#1030=FACE_OUTER_BOUND('',#1545,.T.);
#1031=FACE_OUTER_BOUND('',#1546,.T.);
#1032=FACE_OUTER_BOUND('',#1547,.T.);
#1033=FACE_OUTER_BOUND('',#1548,.T.);
#1034=FACE_OUTER_BOUND('',#1549,.T.);
#1035=FACE_OUTER_BOUND('',#1550,.T.);
#1036=FACE_OUTER_BOUND('',#1551,.T.);
#1037=FACE_OUTER_BOUND('',#1552,.T.);
#1038=FACE_OUTER_BOUND('',#1553,.T.);
#1039=FACE_OUTER_BOUND('',#1554,.T.);
#1040=FACE_OUTER_BOUND('',#1555,.T.);
#1041=FACE_OUTER_BOUND('',#1556,.T.);
#1042=FACE_OUTER_BOUND('',#1557,.T.);
#1043=FACE_OUTER_BOUND('',#1558,.T.);
#1044=FACE_OUTER_BOUND('',#1559,.T.);
#1045=FACE_OUTER_BOUND('',#1560,.T.);
#1046=FACE_OUTER_BOUND('',#1561,.T.);
#1047=FACE_OUTER_BOUND('',#1562,.T.);
#1048=FACE_OUTER_BOUND('',#1563,.T.);
#1049=FACE_OUTER_BOUND('',#1564,.T.);
#1050=FACE_OUTER_BOUND('',#1565,.T.);
#1051=FACE_OUTER_BOUND('',#1566,.T.);
#1052=FACE_OUTER_BOUND('',#1567,.T.);
#1053=FACE_OUTER_BOUND('',#1568,.T.);
#1054=FACE_OUTER_BOUND('',#1569,.T.);
#1055=FACE_OUTER_BOUND('',#1570,.T.);
#1056=FACE_OUTER_BOUND('',#1571,.T.);
#1057=FACE_OUTER_BOUND('',#1572,.T.);
#1058=FACE_OUTER_BOUND('',#1573,.T.);
#1059=FACE_OUTER_BOUND('',#1574,.T.);
#1060=FACE_OUTER_BOUND('',#1575,.T.);
#1061=FACE_OUTER_BOUND('',#1576,.T.);
#1062=FACE_OUTER_BOUND('',#1577,.T.);
#1063=FACE_OUTER_BOUND('',#1578,.T.);
#1064=FACE_OUTER_BOUND('',#1579,.T.);
#1065=FACE_OUTER_BOUND('',#1580,.T.);
#1066=FACE_OUTER_BOUND('',#1581,.T.);
#1067=FACE_OUTER_BOUND('',#1582,.T.);
#1068=FACE_OUTER_BOUND('',#1583,.T.);
#1069=FACE_OUTER_BOUND('',#1584,.T.);
#1070=FACE_OUTER_BOUND('',#1585,.T.);
#1071=FACE_OUTER_BOUND('',#1586,.T.);
#1072=FACE_OUTER_BOUND('',#1587,.T.);
#1073=FACE_OUTER_BOUND('',#1588,.T.);
#1074=FACE_OUTER_BOUND('',#1589,.T.);
#1075=FACE_OUTER_BOUND('',#1590,.T.);
#1076=FACE_OUTER_BOUND('',#1591,.T.);
#1077=FACE_OUTER_BOUND('',#1592,.T.);
#1078=FACE_OUTER_BOUND('',#1593,.T.);
#1079=FACE_OUTER_BOUND('',#1594,.T.);
#1080=FACE_OUTER_BOUND('',#1595,.T.);
#1081=FACE_OUTER_BOUND('',#1596,.T.);
#1082=FACE_OUTER_BOUND('',#1597,.T.);
#1083=FACE_OUTER_BOUND('',#1598,.T.);
#1084=FACE_OUTER_BOUND('',#1599,.T.);
#1085=FACE_OUTER_BOUND('',#1600,.T.);
#1086=FACE_OUTER_BOUND('',#1601,.T.);
#1087=FACE_OUTER_BOUND('',#1602,.T.);
#1088=FACE_OUTER_BOUND('',#1603,.T.);
#1089=FACE_OUTER_BOUND('',#1605,.T.);
#1090=FACE_OUTER_BOUND('',#1606,.T.);
#1091=FACE_OUTER_BOUND('',#1607,.T.);
#1092=FACE_OUTER_BOUND('',#1608,.T.);
#1093=FACE_OUTER_BOUND('',#1609,.T.);
#1094=FACE_OUTER_BOUND('',#1610,.T.);
#1095=FACE_OUTER_BOUND('',#1611,.T.);
#1096=FACE_OUTER_BOUND('',#1612,.T.);
#1097=FACE_OUTER_BOUND('',#1613,.T.);
#1098=FACE_OUTER_BOUND('',#1614,.T.);
#1099=FACE_OUTER_BOUND('',#1615,.T.);
#1100=FACE_OUTER_BOUND('',#1616,.T.);
#1101=FACE_OUTER_BOUND('',#1617,.T.);
#1102=FACE_OUTER_BOUND('',#1618,.T.);
#1103=FACE_OUTER_BOUND('',#1619,.T.);
#1104=FACE_OUTER_BOUND('',#1620,.T.);
#1105=FACE_OUTER_BOUND('',#1621,.T.);
#1106=FACE_OUTER_BOUND('',#1622,.T.);
#1107=FACE_OUTER_BOUND('',#1623,.T.);
#1108=FACE_OUTER_BOUND('',#1624,.T.);
#1109=FACE_OUTER_BOUND('',#1625,.T.);
#1110=FACE_OUTER_BOUND('',#1626,.T.);
#1111=FACE_OUTER_BOUND('',#1627,.T.);
#1112=FACE_OUTER_BOUND('',#1628,.T.);
#1113=FACE_OUTER_BOUND('',#1629,.T.);
#1114=FACE_OUTER_BOUND('',#1630,.T.);
#1115=FACE_OUTER_BOUND('',#1631,.T.);
#1116=FACE_OUTER_BOUND('',#1632,.T.);
#1117=FACE_OUTER_BOUND('',#1633,.T.);
#1118=FACE_OUTER_BOUND('',#1634,.T.);
#1119=FACE_OUTER_BOUND('',#1635,.T.);
#1120=FACE_OUTER_BOUND('',#1636,.T.);
#1121=FACE_OUTER_BOUND('',#1637,.T.);
#1122=FACE_OUTER_BOUND('',#1638,.T.);
#1123=FACE_OUTER_BOUND('',#1639,.T.);
#1124=FACE_OUTER_BOUND('',#1640,.T.);
#1125=FACE_OUTER_BOUND('',#1641,.T.);
#1126=FACE_OUTER_BOUND('',#1642,.T.);
#1127=FACE_OUTER_BOUND('',#1643,.T.);
#1128=FACE_OUTER_BOUND('',#1644,.T.);
#1129=FACE_OUTER_BOUND('',#1645,.T.);
#1130=FACE_OUTER_BOUND('',#1646,.T.);
#1131=FACE_OUTER_BOUND('',#1647,.T.);
#1132=FACE_OUTER_BOUND('',#1648,.T.);
#1133=FACE_OUTER_BOUND('',#1649,.T.);
#1134=FACE_OUTER_BOUND('',#1650,.T.);
#1135=FACE_OUTER_BOUND('',#1651,.T.);
#1136=FACE_OUTER_BOUND('',#1652,.T.);
#1137=FACE_OUTER_BOUND('',#1653,.T.);
#1138=FACE_OUTER_BOUND('',#1654,.T.);
#1139=FACE_OUTER_BOUND('',#1655,.T.);
#1140=FACE_OUTER_BOUND('',#1656,.T.);
#1141=FACE_OUTER_BOUND('',#1657,.T.);
#1142=FACE_OUTER_BOUND('',#1658,.T.);
#1143=FACE_OUTER_BOUND('',#1659,.T.);
#1144=FACE_OUTER_BOUND('',#1660,.T.);
#1145=FACE_OUTER_BOUND('',#1661,.T.);
#1146=FACE_OUTER_BOUND('',#1662,.T.);
#1147=FACE_OUTER_BOUND('',#1663,.T.);
#1148=FACE_OUTER_BOUND('',#1664,.T.);
#1149=FACE_OUTER_BOUND('',#1665,.T.);
#1150=FACE_OUTER_BOUND('',#1666,.T.);
#1151=FACE_OUTER_BOUND('',#1667,.T.);
#1152=FACE_OUTER_BOUND('',#1668,.T.);
#1153=FACE_OUTER_BOUND('',#1669,.T.);
#1154=FACE_OUTER_BOUND('',#1670,.T.);
#1155=FACE_OUTER_BOUND('',#1671,.T.);
#1156=FACE_OUTER_BOUND('',#1672,.T.);
#1157=FACE_OUTER_BOUND('',#1673,.T.);
#1158=FACE_OUTER_BOUND('',#1674,.T.);
#1159=FACE_OUTER_BOUND('',#1675,.T.);
#1160=FACE_OUTER_BOUND('',#1679,.T.);
#1161=FACE_OUTER_BOUND('',#1680,.T.);
#1162=FACE_OUTER_BOUND('',#1681,.T.);
#1163=FACE_OUTER_BOUND('',#1682,.T.);
#1164=FACE_OUTER_BOUND('',#1683,.T.);
#1165=FACE_OUTER_BOUND('',#1684,.T.);
#1166=FACE_OUTER_BOUND('',#1685,.T.);
#1167=FACE_OUTER_BOUND('',#1686,.T.);
#1168=FACE_OUTER_BOUND('',#1687,.T.);
#1169=FACE_OUTER_BOUND('',#1688,.T.);
#1170=FACE_OUTER_BOUND('',#1693,.T.);
#1171=FACE_OUTER_BOUND('',#1694,.T.);
#1172=FACE_OUTER_BOUND('',#1695,.T.);
#1173=FACE_OUTER_BOUND('',#1696,.T.);
#1174=FACE_OUTER_BOUND('',#1697,.T.);
#1175=FACE_OUTER_BOUND('',#1698,.T.);
#1176=FACE_OUTER_BOUND('',#1699,.T.);
#1177=FACE_OUTER_BOUND('',#1700,.T.);
#1178=FACE_OUTER_BOUND('',#1701,.T.);
#1179=FACE_OUTER_BOUND('',#1702,.T.);
#1180=FACE_OUTER_BOUND('',#1703,.T.);
#1181=FACE_OUTER_BOUND('',#1704,.T.);
#1182=FACE_OUTER_BOUND('',#1705,.T.);
#1183=FACE_OUTER_BOUND('',#1706,.T.);
#1184=FACE_OUTER_BOUND('',#1707,.T.);
#1185=FACE_OUTER_BOUND('',#1708,.T.);
#1186=FACE_OUTER_BOUND('',#1709,.T.);
#1187=FACE_OUTER_BOUND('',#1710,.T.);
#1188=FACE_OUTER_BOUND('',#1711,.T.);
#1189=FACE_OUTER_BOUND('',#1712,.T.);
#1190=FACE_OUTER_BOUND('',#1713,.T.);
#1191=FACE_OUTER_BOUND('',#1714,.T.);
#1192=FACE_OUTER_BOUND('',#1715,.T.);
#1193=FACE_OUTER_BOUND('',#1716,.T.);
#1194=FACE_OUTER_BOUND('',#1717,.T.);
#1195=FACE_OUTER_BOUND('',#1718,.T.);
#1196=FACE_OUTER_BOUND('',#1719,.T.);
#1197=FACE_OUTER_BOUND('',#1720,.T.);
#1198=FACE_OUTER_BOUND('',#1721,.T.);
#1199=FACE_OUTER_BOUND('',#1722,.T.);
#1200=FACE_OUTER_BOUND('',#1723,.T.);
#1201=FACE_OUTER_BOUND('',#1724,.T.);
#1202=FACE_OUTER_BOUND('',#1725,.T.);
#1203=FACE_OUTER_BOUND('',#1726,.T.);
#1204=FACE_OUTER_BOUND('',#1727,.T.);
#1205=FACE_OUTER_BOUND('',#1728,.T.);
#1206=FACE_OUTER_BOUND('',#1729,.T.);
#1207=FACE_OUTER_BOUND('',#1730,.T.);
#1208=FACE_OUTER_BOUND('',#1731,.T.);
#1209=FACE_OUTER_BOUND('',#1732,.T.);
#1210=FACE_OUTER_BOUND('',#1733,.T.);
#1211=FACE_OUTER_BOUND('',#1734,.T.);
#1212=FACE_OUTER_BOUND('',#1735,.T.);
#1213=FACE_OUTER_BOUND('',#1736,.T.);
#1214=FACE_OUTER_BOUND('',#1737,.T.);
#1215=FACE_OUTER_BOUND('',#1738,.T.);
#1216=FACE_OUTER_BOUND('',#1739,.T.);
#1217=FACE_OUTER_BOUND('',#1740,.T.);
#1218=FACE_OUTER_BOUND('',#1741,.T.);
#1219=FACE_OUTER_BOUND('',#1742,.T.);
#1220=FACE_OUTER_BOUND('',#1743,.T.);
#1221=FACE_OUTER_BOUND('',#1744,.T.);
#1222=FACE_OUTER_BOUND('',#1745,.T.);
#1223=FACE_OUTER_BOUND('',#1746,.T.);
#1224=FACE_OUTER_BOUND('',#1747,.T.);
#1225=FACE_OUTER_BOUND('',#1748,.T.);
#1226=FACE_OUTER_BOUND('',#1749,.T.);
#1227=FACE_OUTER_BOUND('',#1750,.T.);
#1228=FACE_OUTER_BOUND('',#1751,.T.);
#1229=FACE_OUTER_BOUND('',#1752,.T.);
#1230=FACE_OUTER_BOUND('',#1753,.T.);
#1231=FACE_OUTER_BOUND('',#1754,.T.);
#1232=FACE_OUTER_BOUND('',#1755,.T.);
#1233=FACE_OUTER_BOUND('',#1756,.T.);
#1234=FACE_OUTER_BOUND('',#1757,.T.);
#1235=FACE_OUTER_BOUND('',#1758,.T.);
#1236=FACE_OUTER_BOUND('',#1759,.T.);
#1237=FACE_OUTER_BOUND('',#1760,.T.);
#1238=FACE_OUTER_BOUND('',#1761,.T.);
#1239=FACE_OUTER_BOUND('',#1762,.T.);
#1240=FACE_OUTER_BOUND('',#1763,.T.);
#1241=FACE_OUTER_BOUND('',#1764,.T.);
#1242=FACE_OUTER_BOUND('',#1765,.T.);
#1243=FACE_OUTER_BOUND('',#1766,.T.);
#1244=FACE_OUTER_BOUND('',#1767,.T.);
#1245=FACE_OUTER_BOUND('',#1768,.T.);
#1246=FACE_OUTER_BOUND('',#1769,.T.);
#1247=FACE_OUTER_BOUND('',#1770,.T.);
#1248=FACE_OUTER_BOUND('',#1771,.T.);
#1249=FACE_OUTER_BOUND('',#1772,.T.);
#1250=FACE_OUTER_BOUND('',#1773,.T.);
#1251=FACE_OUTER_BOUND('',#1774,.T.);
#1252=FACE_OUTER_BOUND('',#1775,.T.);
#1253=FACE_OUTER_BOUND('',#1777,.T.);
#1254=FACE_OUTER_BOUND('',#1778,.T.);
#1255=FACE_OUTER_BOUND('',#1779,.T.);
#1256=FACE_OUTER_BOUND('',#1780,.T.);
#1257=FACE_OUTER_BOUND('',#1781,.T.);
#1258=FACE_OUTER_BOUND('',#1782,.T.);
#1259=FACE_OUTER_BOUND('',#1783,.T.);
#1260=FACE_OUTER_BOUND('',#1784,.T.);
#1261=FACE_OUTER_BOUND('',#1785,.T.);
#1262=FACE_OUTER_BOUND('',#1786,.T.);
#1263=FACE_OUTER_BOUND('',#1787,.T.);
#1264=FACE_OUTER_BOUND('',#1788,.T.);
#1265=FACE_OUTER_BOUND('',#1789,.T.);
#1266=FACE_OUTER_BOUND('',#1790,.T.);
#1267=FACE_OUTER_BOUND('',#1791,.T.);
#1268=FACE_OUTER_BOUND('',#1792,.T.);
#1269=FACE_OUTER_BOUND('',#1793,.T.);
#1270=FACE_OUTER_BOUND('',#1794,.T.);
#1271=FACE_OUTER_BOUND('',#1795,.T.);
#1272=FACE_OUTER_BOUND('',#1796,.T.);
#1273=FACE_OUTER_BOUND('',#1797,.T.);
#1274=FACE_OUTER_BOUND('',#1798,.T.);
#1275=FACE_OUTER_BOUND('',#1799,.T.);
#1276=FACE_OUTER_BOUND('',#1800,.T.);
#1277=FACE_OUTER_BOUND('',#1801,.T.);
#1278=FACE_OUTER_BOUND('',#1802,.T.);
#1279=FACE_OUTER_BOUND('',#1803,.T.);
#1280=FACE_OUTER_BOUND('',#1804,.T.);
#1281=FACE_OUTER_BOUND('',#1805,.T.);
#1282=FACE_OUTER_BOUND('',#1806,.T.);
#1283=FACE_OUTER_BOUND('',#1807,.T.);
#1284=FACE_OUTER_BOUND('',#1808,.T.);
#1285=FACE_OUTER_BOUND('',#1809,.T.);
#1286=FACE_OUTER_BOUND('',#1810,.T.);
#1287=FACE_OUTER_BOUND('',#1811,.T.);
#1288=FACE_OUTER_BOUND('',#1812,.T.);
#1289=FACE_OUTER_BOUND('',#1813,.T.);
#1290=FACE_OUTER_BOUND('',#1814,.T.);
#1291=FACE_OUTER_BOUND('',#1815,.T.);
#1292=FACE_OUTER_BOUND('',#1816,.T.);
#1293=FACE_OUTER_BOUND('',#1817,.T.);
#1294=FACE_OUTER_BOUND('',#1818,.T.);
#1295=FACE_OUTER_BOUND('',#1819,.T.);
#1296=FACE_OUTER_BOUND('',#1820,.T.);
#1297=FACE_OUTER_BOUND('',#1821,.T.);
#1298=FACE_OUTER_BOUND('',#1822,.T.);
#1299=FACE_OUTER_BOUND('',#1823,.T.);
#1300=FACE_OUTER_BOUND('',#1824,.T.);
#1301=FACE_OUTER_BOUND('',#1825,.T.);
#1302=FACE_OUTER_BOUND('',#1826,.T.);
#1303=FACE_OUTER_BOUND('',#1827,.T.);
#1304=FACE_OUTER_BOUND('',#1828,.T.);
#1305=FACE_OUTER_BOUND('',#1829,.T.);
#1306=FACE_OUTER_BOUND('',#1830,.T.);
#1307=FACE_OUTER_BOUND('',#1831,.T.);
#1308=FACE_OUTER_BOUND('',#1832,.T.);
#1309=FACE_OUTER_BOUND('',#1833,.T.);
#1310=FACE_OUTER_BOUND('',#1834,.T.);
#1311=FACE_OUTER_BOUND('',#1835,.T.);
#1312=FACE_OUTER_BOUND('',#1836,.T.);
#1313=FACE_OUTER_BOUND('',#1837,.T.);
#1314=FACE_OUTER_BOUND('',#1838,.T.);
#1315=FACE_OUTER_BOUND('',#1839,.T.);
#1316=FACE_OUTER_BOUND('',#1840,.T.);
#1317=FACE_OUTER_BOUND('',#1841,.T.);
#1318=FACE_OUTER_BOUND('',#1842,.T.);
#1319=FACE_OUTER_BOUND('',#1843,.T.);
#1320=FACE_OUTER_BOUND('',#1844,.T.);
#1321=FACE_OUTER_BOUND('',#1845,.T.);
#1322=FACE_OUTER_BOUND('',#1846,.T.);
#1323=FACE_OUTER_BOUND('',#1847,.T.);
#1324=FACE_OUTER_BOUND('',#1848,.T.);
#1325=FACE_OUTER_BOUND('',#1849,.T.);
#1326=FACE_OUTER_BOUND('',#1850,.T.);
#1327=FACE_OUTER_BOUND('',#1851,.T.);
#1328=FACE_OUTER_BOUND('',#1852,.T.);
#1329=FACE_OUTER_BOUND('',#1853,.T.);
#1330=FACE_OUTER_BOUND('',#1854,.T.);
#1331=FACE_OUTER_BOUND('',#1855,.T.);
#1332=FACE_OUTER_BOUND('',#1856,.T.);
#1333=FACE_OUTER_BOUND('',#1857,.T.);
#1334=FACE_OUTER_BOUND('',#1858,.T.);
#1335=EDGE_LOOP('',(#5243,#5244,#5245,#5246,#5247,#5248));
#1336=EDGE_LOOP('',(#5249,#5250,#5251,#5252));
#1337=EDGE_LOOP('',(#5253,#5254,#5255,#5256));
#1338=EDGE_LOOP('',(#5257,#5258,#5259,#5260));
#1339=EDGE_LOOP('',(#5261,#5262,#5263,#5264,#5265,#5266));
#1340=EDGE_LOOP('',(#5267,#5268,#5269,#5270,#5271,#5272));
#1341=EDGE_LOOP('',(#5273,#5274,#5275,#5276,#5277,#5278));
#1342=EDGE_LOOP('',(#5279,#5280,#5281,#5282));
#1343=EDGE_LOOP('',(#5283,#5284,#5285,#5286,#5287,#5288,#5289,#5290));
#1344=EDGE_LOOP('',(#5291,#5292,#5293,#5294));
#1345=EDGE_LOOP('',(#5295,#5296,#5297,#5298,#5299,#5300,#5301));
#1346=EDGE_LOOP('',(#5302,#5303,#5304,#5305,#5306,#5307,#5308));
#1347=EDGE_LOOP('',(#5309,#5310,#5311,#5312,#5313,#5314,#5315,#5316));
#1348=EDGE_LOOP('',(#5317));
#1349=EDGE_LOOP('',(#5318,#5319,#5320,#5321));
#1350=EDGE_LOOP('',(#5322,#5323,#5324,#5325));
#1351=EDGE_LOOP('',(#5326,#5327,#5328,#5329));
#1352=EDGE_LOOP('',(#5330,#5331,#5332,#5333,#5334,#5335));
#1353=EDGE_LOOP('',(#5336,#5337,#5338,#5339,#5340,#5341));
#1354=EDGE_LOOP('',(#5342,#5343,#5344,#5345));
#1355=EDGE_LOOP('',(#5346,#5347,#5348,#5349,#5350,#5351,#5352));
#1356=EDGE_LOOP('',(#5353,#5354,#5355,#5356));
#1357=EDGE_LOOP('',(#5357,#5358,#5359,#5360,#5361,#5362,#5363));
#1358=EDGE_LOOP('',(#5364,#5365,#5366,#5367,#5368,#5369,#5370,#5371));
#1359=EDGE_LOOP('',(#5372,#5373,#5374,#5375,#5376,#5377,#5378,#5379));
#1360=EDGE_LOOP('',(#5380,#5381,#5382,#5383));
#1361=EDGE_LOOP('',(#5384,#5385,#5386,#5387));
#1362=EDGE_LOOP('',(#5388,#5389,#5390,#5391,#5392,#5393,#5394,#5395,#5396,
#5397,#5398,#5399,#5400,#5401,#5402,#5403,#5404,#5405,#5406,#5407,#5408,
#5409,#5410,#5411,#5412,#5413,#5414,#5415,#5416,#5417,#5418,#5419,#5420,
#5421,#5422,#5423,#5424,#5425,#5426,#5427,#5428,#5429,#5430,#5431,#5432,
#5433,#5434,#5435,#5436,#5437,#5438,#5439,#5440,#5441,#5442,#5443,#5444,
#5445,#5446,#5447,#5448,#5449,#5450,#5451,#5452,#5453,#5454,#5455,#5456,
#5457,#5458));
#1363=EDGE_LOOP('',(#5459,#5460,#5461,#5462,#5463,#5464,#5465,#5466));
#1364=EDGE_LOOP('',(#5467));
#1365=EDGE_LOOP('',(#5468));
#1366=EDGE_LOOP('',(#5469));
#1367=EDGE_LOOP('',(#5470));
#1368=EDGE_LOOP('',(#5471));
#1369=EDGE_LOOP('',(#5472));
#1370=EDGE_LOOP('',(#5473));
#1371=EDGE_LOOP('',(#5474));
#1372=EDGE_LOOP('',(#5475,#5476,#5477,#5478));
#1373=EDGE_LOOP('',(#5479,#5480,#5481,#5482));
#1374=EDGE_LOOP('',(#5483,#5484,#5485,#5486,#5487,#5488,#5489,#5490));
#1375=EDGE_LOOP('',(#5491));
#1376=EDGE_LOOP('',(#5492,#5493,#5494,#5495,#5496));
#1377=EDGE_LOOP('',(#5497,#5498,#5499,#5500));
#1378=EDGE_LOOP('',(#5501,#5502,#5503,#5504,#5505));
#1379=EDGE_LOOP('',(#5506,#5507,#5508,#5509));
#1380=EDGE_LOOP('',(#5510,#5511,#5512,#5513));
#1381=EDGE_LOOP('',(#5514));
#1382=EDGE_LOOP('',(#5515));
#1383=EDGE_LOOP('',(#5516,#5517,#5518,#5519));
#1384=EDGE_LOOP('',(#5520,#5521,#5522,#5523));
#1385=EDGE_LOOP('',(#5524));
#1386=EDGE_LOOP('',(#5525));
#1387=EDGE_LOOP('',(#5526,#5527,#5528,#5529));
#1388=EDGE_LOOP('',(#5530,#5531,#5532,#5533));
#1389=EDGE_LOOP('',(#5534,#5535,#5536,#5537));
#1390=EDGE_LOOP('',(#5538,#5539,#5540,#5541));
#1391=EDGE_LOOP('',(#5542,#5543,#5544,#5545));
#1392=EDGE_LOOP('',(#5546,#5547,#5548,#5549));
#1393=EDGE_LOOP('',(#5550,#5551,#5552,#5553));
#1394=EDGE_LOOP('',(#5554,#5555,#5556,#5557));
#1395=EDGE_LOOP('',(#5558,#5559,#5560,#5561));
#1396=EDGE_LOOP('',(#5562,#5563,#5564,#5565));
#1397=EDGE_LOOP('',(#5566,#5567,#5568,#5569));
#1398=EDGE_LOOP('',(#5570,#5571,#5572,#5573));
#1399=EDGE_LOOP('',(#5574,#5575,#5576,#5577));
#1400=EDGE_LOOP('',(#5578,#5579,#5580,#5581));
#1401=EDGE_LOOP('',(#5582,#5583,#5584,#5585));
#1402=EDGE_LOOP('',(#5586,#5587,#5588,#5589));
#1403=EDGE_LOOP('',(#5590,#5591,#5592,#5593));
#1404=EDGE_LOOP('',(#5594));
#1405=EDGE_LOOP('',(#5595));
#1406=EDGE_LOOP('',(#5596));
#1407=EDGE_LOOP('',(#5597,#5598,#5599,#5600));
#1408=EDGE_LOOP('',(#5601));
#1409=EDGE_LOOP('',(#5602));
#1410=EDGE_LOOP('',(#5603));
#1411=EDGE_LOOP('',(#5604,#5605,#5606,#5607));
#1412=EDGE_LOOP('',(#5608));
#1413=EDGE_LOOP('',(#5609));
#1414=EDGE_LOOP('',(#5610));
#1415=EDGE_LOOP('',(#5611,#5612,#5613,#5614));
#1416=EDGE_LOOP('',(#5615));
#1417=EDGE_LOOP('',(#5616));
#1418=EDGE_LOOP('',(#5617));
#1419=EDGE_LOOP('',(#5618));
#1420=EDGE_LOOP('',(#5619,#5620,#5621,#5622));
#1421=EDGE_LOOP('',(#5623));
#1422=EDGE_LOOP('',(#5624));
#1423=EDGE_LOOP('',(#5625));
#1424=EDGE_LOOP('',(#5626,#5627,#5628,#5629));
#1425=EDGE_LOOP('',(#5630));
#1426=EDGE_LOOP('',(#5631));
#1427=EDGE_LOOP('',(#5632));
#1428=EDGE_LOOP('',(#5633,#5634,#5635,#5636,#5637,#5638,#5639,#5640));
#1429=EDGE_LOOP('',(#5641,#5642,#5643,#5644));
#1430=EDGE_LOOP('',(#5645,#5646,#5647,#5648,#5649,#5650,#5651,#5652));
#1431=EDGE_LOOP('',(#5653,#5654,#5655,#5656));
#1432=EDGE_LOOP('',(#5657,#5658,#5659,#5660,#5661,#5662,#5663,#5664));
#1433=EDGE_LOOP('',(#5665,#5666,#5667,#5668));
#1434=EDGE_LOOP('',(#5669,#5670,#5671,#5672,#5673,#5674,#5675,#5676));
#1435=EDGE_LOOP('',(#5677,#5678,#5679,#5680));
#1436=EDGE_LOOP('',(#5681,#5682,#5683,#5684,#5685,#5686,#5687,#5688));
#1437=EDGE_LOOP('',(#5689,#5690,#5691,#5692));
#1438=EDGE_LOOP('',(#5693,#5694,#5695,#5696,#5697,#5698,#5699,#5700));
#1439=EDGE_LOOP('',(#5701,#5702,#5703,#5704));
#1440=EDGE_LOOP('',(#5705,#5706,#5707,#5708,#5709,#5710,#5711,#5712));
#1441=EDGE_LOOP('',(#5713,#5714,#5715,#5716));
#1442=EDGE_LOOP('',(#5717,#5718,#5719,#5720,#5721,#5722,#5723,#5724));
#1443=EDGE_LOOP('',(#5725,#5726,#5727,#5728));
#1444=EDGE_LOOP('',(#5729,#5730,#5731,#5732,#5733,#5734,#5735,#5736));
#1445=EDGE_LOOP('',(#5737,#5738,#5739,#5740));
#1446=EDGE_LOOP('',(#5741,#5742,#5743,#5744,#5745,#5746,#5747,#5748));
#1447=EDGE_LOOP('',(#5749,#5750,#5751,#5752));
#1448=EDGE_LOOP('',(#5753,#5754,#5755,#5756,#5757,#5758,#5759,#5760));
#1449=EDGE_LOOP('',(#5761,#5762,#5763,#5764));
#1450=EDGE_LOOP('',(#5765,#5766,#5767,#5768,#5769,#5770,#5771,#5772));
#1451=EDGE_LOOP('',(#5773,#5774,#5775,#5776));
#1452=EDGE_LOOP('',(#5777,#5778,#5779,#5780,#5781,#5782,#5783,#5784));
#1453=EDGE_LOOP('',(#5785,#5786,#5787,#5788));
#1454=EDGE_LOOP('',(#5789,#5790,#5791,#5792,#5793,#5794,#5795,#5796));
#1455=EDGE_LOOP('',(#5797,#5798,#5799,#5800));
#1456=EDGE_LOOP('',(#5801,#5802,#5803,#5804,#5805,#5806,#5807,#5808));
#1457=EDGE_LOOP('',(#5809,#5810,#5811,#5812));
#1458=EDGE_LOOP('',(#5813,#5814,#5815,#5816,#5817,#5818,#5819,#5820));
#1459=EDGE_LOOP('',(#5821,#5822,#5823,#5824));
#1460=EDGE_LOOP('',(#5825,#5826,#5827,#5828));
#1461=EDGE_LOOP('',(#5829,#5830,#5831,#5832));
#1462=EDGE_LOOP('',(#5833,#5834,#5835,#5836));
#1463=EDGE_LOOP('',(#5837,#5838,#5839,#5840));
#1464=EDGE_LOOP('',(#5841,#5842,#5843,#5844));
#1465=EDGE_LOOP('',(#5845,#5846,#5847,#5848));
#1466=EDGE_LOOP('',(#5849,#5850,#5851,#5852));
#1467=EDGE_LOOP('',(#5853,#5854,#5855,#5856));
#1468=EDGE_LOOP('',(#5857,#5858,#5859,#5860,#5861,#5862,#5863,#5864));
#1469=EDGE_LOOP('',(#5865,#5866,#5867,#5868,#5869,#5870,#5871,#5872,#5873,
#5874,#5875,#5876,#5877,#5878,#5879,#5880,#5881,#5882,#5883,#5884));
#1470=EDGE_LOOP('',(#5885,#5886,#5887,#5888));
#1471=EDGE_LOOP('',(#5889,#5890,#5891,#5892));
#1472=EDGE_LOOP('',(#5893,#5894,#5895,#5896));
#1473=EDGE_LOOP('',(#5897,#5898,#5899,#5900));
#1474=EDGE_LOOP('',(#5901,#5902,#5903,#5904,#5905,#5906,#5907,#5908));
#1475=EDGE_LOOP('',(#5909,#5910,#5911,#5912,#5913,#5914,#5915,#5916,#5917,
#5918,#5919,#5920));
#1476=EDGE_LOOP('',(#5921,#5922,#5923,#5924));
#1477=EDGE_LOOP('',(#5925,#5926,#5927,#5928));
#1478=EDGE_LOOP('',(#5929,#5930,#5931,#5932));
#1479=EDGE_LOOP('',(#5933,#5934,#5935,#5936));
#1480=EDGE_LOOP('',(#5937,#5938,#5939,#5940));
#1481=EDGE_LOOP('',(#5941,#5942,#5943,#5944));
#1482=EDGE_LOOP('',(#5945,#5946,#5947,#5948));
#1483=EDGE_LOOP('',(#5949,#5950,#5951,#5952));
#1484=EDGE_LOOP('',(#5953,#5954,#5955,#5956));
#1485=EDGE_LOOP('',(#5957,#5958,#5959,#5960));
#1486=EDGE_LOOP('',(#5961));
#1487=EDGE_LOOP('',(#5962));
#1488=EDGE_LOOP('',(#5963));
#1489=EDGE_LOOP('',(#5964));
#1490=EDGE_LOOP('',(#5965));
#1491=EDGE_LOOP('',(#5966));
#1492=EDGE_LOOP('',(#5967));
#1493=EDGE_LOOP('',(#5968));
#1494=EDGE_LOOP('',(#5969));
#1495=EDGE_LOOP('',(#5970));
#1496=EDGE_LOOP('',(#5971));
#1497=EDGE_LOOP('',(#5972));
#1498=EDGE_LOOP('',(#5973));
#1499=EDGE_LOOP('',(#5974));
#1500=EDGE_LOOP('',(#5975));
#1501=EDGE_LOOP('',(#5976));
#1502=EDGE_LOOP('',(#5977,#5978,#5979));
#1503=EDGE_LOOP('',(#5980,#5981,#5982,#5983));
#1504=EDGE_LOOP('',(#5984,#5985,#5986,#5987,#5988));
#1505=EDGE_LOOP('',(#5989,#5990,#5991));
#1506=EDGE_LOOP('',(#5992,#5993,#5994,#5995));
#1507=EDGE_LOOP('',(#5996,#5997,#5998,#5999,#6000));
#1508=EDGE_LOOP('',(#6001,#6002,#6003));
#1509=EDGE_LOOP('',(#6004,#6005,#6006,#6007,#6008,#6009,#6010,#6011,#6012,
#6013,#6014,#6015,#6016,#6017,#6018,#6019,#6020,#6021,#6022,#6023,#6024,
#6025,#6026,#6027,#6028,#6029,#6030,#6031,#6032,#6033,#6034,#6035,#6036,
#6037,#6038,#6039,#6040,#6041,#6042,#6043,#6044,#6045,#6046,#6047,#6048,
#6049,#6050,#6051,#6052,#6053,#6054,#6055,#6056,#6057,#6058));
#1510=EDGE_LOOP('',(#6059,#6060,#6061,#6062,#6063,#6064,#6065,#6066,#6067,
#6068,#6069,#6070,#6071,#6072,#6073,#6074,#6075,#6076,#6077,#6078,#6079,
#6080,#6081,#6082,#6083,#6084,#6085,#6086,#6087,#6088,#6089,#6090,#6091,
#6092,#6093,#6094,#6095,#6096,#6097,#6098,#6099,#6100,#6101,#6102,#6103,
#6104,#6105,#6106,#6107,#6108,#6109,#6110,#6111,#6112,#6113,#6114,#6115,
#6116,#6117,#6118,#6119,#6120,#6121,#6122,#6123,#6124,#6125,#6126,#6127,
#6128,#6129,#6130,#6131,#6132,#6133,#6134,#6135,#6136,#6137,#6138,#6139,
#6140,#6141,#6142));
#1511=EDGE_LOOP('',(#6143,#6144,#6145));
#1512=EDGE_LOOP('',(#6146,#6147,#6148));
#1513=EDGE_LOOP('',(#6149,#6150,#6151));
#1514=EDGE_LOOP('',(#6152,#6153,#6154,#6155));
#1515=EDGE_LOOP('',(#6156,#6157,#6158,#6159));
#1516=EDGE_LOOP('',(#6160,#6161,#6162,#6163));
#1517=EDGE_LOOP('',(#6164,#6165,#6166,#6167));
#1518=EDGE_LOOP('',(#6168,#6169,#6170,#6171));
#1519=EDGE_LOOP('',(#6172,#6173,#6174,#6175,#6176,#6177));
#1520=EDGE_LOOP('',(#6178,#6179,#6180,#6181));
#1521=EDGE_LOOP('',(#6182,#6183,#6184,#6185));
#1522=EDGE_LOOP('',(#6186,#6187,#6188,#6189,#6190));
#1523=EDGE_LOOP('',(#6191,#6192,#6193,#6194));
#1524=EDGE_LOOP('',(#6195,#6196,#6197,#6198,#6199));
#1525=EDGE_LOOP('',(#6200,#6201,#6202));
#1526=EDGE_LOOP('',(#6203,#6204,#6205));
#1527=EDGE_LOOP('',(#6206,#6207,#6208,#6209,#6210,#6211,#6212,#6213));
#1528=EDGE_LOOP('',(#6214,#6215,#6216,#6217));
#1529=EDGE_LOOP('',(#6218,#6219,#6220,#6221));
#1530=EDGE_LOOP('',(#6222,#6223,#6224,#6225));
#1531=EDGE_LOOP('',(#6226,#6227,#6228,#6229,#6230,#6231,#6232));
#1532=EDGE_LOOP('',(#6233,#6234,#6235,#6236));
#1533=EDGE_LOOP('',(#6237,#6238,#6239,#6240));
#1534=EDGE_LOOP('',(#6241,#6242,#6243,#6244));
#1535=EDGE_LOOP('',(#6245,#6246,#6247,#6248));
#1536=EDGE_LOOP('',(#6249,#6250,#6251,#6252));
#1537=EDGE_LOOP('',(#6253,#6254,#6255,#6256));
#1538=EDGE_LOOP('',(#6257,#6258,#6259,#6260));
#1539=EDGE_LOOP('',(#6261,#6262,#6263,#6264));
#1540=EDGE_LOOP('',(#6265,#6266,#6267,#6268));
#1541=EDGE_LOOP('',(#6269,#6270,#6271,#6272));
#1542=EDGE_LOOP('',(#6273,#6274,#6275,#6276));
#1543=EDGE_LOOP('',(#6277,#6278,#6279,#6280));
#1544=EDGE_LOOP('',(#6281,#6282,#6283,#6284));
#1545=EDGE_LOOP('',(#6285,#6286,#6287,#6288));
#1546=EDGE_LOOP('',(#6289,#6290,#6291,#6292));
#1547=EDGE_LOOP('',(#6293,#6294,#6295,#6296));
#1548=EDGE_LOOP('',(#6297,#6298,#6299,#6300));
#1549=EDGE_LOOP('',(#6301,#6302,#6303,#6304));
#1550=EDGE_LOOP('',(#6305,#6306,#6307,#6308));
#1551=EDGE_LOOP('',(#6309,#6310,#6311,#6312));
#1552=EDGE_LOOP('',(#6313,#6314,#6315,#6316));
#1553=EDGE_LOOP('',(#6317,#6318,#6319,#6320,#6321));
#1554=EDGE_LOOP('',(#6322,#6323,#6324,#6325,#6326));
#1555=EDGE_LOOP('',(#6327,#6328,#6329,#6330,#6331));
#1556=EDGE_LOOP('',(#6332,#6333,#6334,#6335,#6336));
#1557=EDGE_LOOP('',(#6337,#6338,#6339,#6340,#6341));
#1558=EDGE_LOOP('',(#6342,#6343,#6344,#6345,#6346));
#1559=EDGE_LOOP('',(#6347,#6348,#6349,#6350,#6351));
#1560=EDGE_LOOP('',(#6352,#6353,#6354,#6355,#6356));
#1561=EDGE_LOOP('',(#6357,#6358,#6359,#6360,#6361));
#1562=EDGE_LOOP('',(#6362,#6363,#6364,#6365,#6366));
#1563=EDGE_LOOP('',(#6367,#6368,#6369,#6370));
#1564=EDGE_LOOP('',(#6371,#6372,#6373,#6374,#6375));
#1565=EDGE_LOOP('',(#6376,#6377,#6378,#6379));
#1566=EDGE_LOOP('',(#6380,#6381,#6382,#6383,#6384));
#1567=EDGE_LOOP('',(#6385,#6386,#6387,#6388));
#1568=EDGE_LOOP('',(#6389,#6390,#6391,#6392,#6393));
#1569=EDGE_LOOP('',(#6394,#6395,#6396,#6397,#6398));
#1570=EDGE_LOOP('',(#6399,#6400,#6401,#6402));
#1571=EDGE_LOOP('',(#6403,#6404,#6405,#6406,#6407));
#1572=EDGE_LOOP('',(#6408,#6409,#6410,#6411,#6412));
#1573=EDGE_LOOP('',(#6413,#6414,#6415,#6416));
#1574=EDGE_LOOP('',(#6417,#6418,#6419,#6420,#6421));
#1575=EDGE_LOOP('',(#6422,#6423,#6424,#6425,#6426));
#1576=EDGE_LOOP('',(#6427,#6428,#6429,#6430));
#1577=EDGE_LOOP('',(#6431,#6432,#6433,#6434,#6435));
#1578=EDGE_LOOP('',(#6436,#6437,#6438,#6439));
#1579=EDGE_LOOP('',(#6440,#6441,#6442,#6443,#6444));
#1580=EDGE_LOOP('',(#6445,#6446,#6447,#6448,#6449));
#1581=EDGE_LOOP('',(#6450,#6451,#6452,#6453));
#1582=EDGE_LOOP('',(#6454,#6455,#6456,#6457,#6458));
#1583=EDGE_LOOP('',(#6459,#6460,#6461,#6462,#6463));
#1584=EDGE_LOOP('',(#6464,#6465,#6466,#6467));
#1585=EDGE_LOOP('',(#6468,#6469,#6470,#6471,#6472));
#1586=EDGE_LOOP('',(#6473,#6474,#6475,#6476,#6477));
#1587=EDGE_LOOP('',(#6478,#6479,#6480,#6481));
#1588=EDGE_LOOP('',(#6482,#6483,#6484,#6485,#6486));
#1589=EDGE_LOOP('',(#6487,#6488,#6489,#6490,#6491));
#1590=EDGE_LOOP('',(#6492,#6493,#6494,#6495));
#1591=EDGE_LOOP('',(#6496,#6497,#6498,#6499,#6500));
#1592=EDGE_LOOP('',(#6501,#6502,#6503,#6504,#6505));
#1593=EDGE_LOOP('',(#6506,#6507,#6508,#6509));
#1594=EDGE_LOOP('',(#6510,#6511,#6512,#6513,#6514));
#1595=EDGE_LOOP('',(#6515,#6516,#6517,#6518,#6519));
#1596=EDGE_LOOP('',(#6520,#6521,#6522,#6523));
#1597=EDGE_LOOP('',(#6524,#6525,#6526,#6527,#6528));
#1598=EDGE_LOOP('',(#6529,#6530,#6531,#6532,#6533));
#1599=EDGE_LOOP('',(#6534,#6535,#6536,#6537));
#1600=EDGE_LOOP('',(#6538,#6539,#6540,#6541,#6542));
#1601=EDGE_LOOP('',(#6543,#6544,#6545,#6546,#6547));
#1602=EDGE_LOOP('',(#6548,#6549,#6550,#6551));
#1603=EDGE_LOOP('',(#6552,#6553,#6554,#6555,#6556,#6557,#6558,#6559,#6560,
#6561,#6562,#6563,#6564,#6565,#6566,#6567,#6568,#6569,#6570,#6571,#6572,
#6573,#6574,#6575,#6576,#6577,#6578,#6579,#6580,#6581,#6582,#6583,#6584,
#6585,#6586,#6587,#6588,#6589,#6590,#6591,#6592,#6593,#6594,#6595,#6596,
#6597,#6598,#6599,#6600,#6601,#6602,#6603,#6604,#6605,#6606,#6607,#6608,
#6609,#6610,#6611,#6612,#6613,#6614,#6615,#6616,#6617,#6618,#6619,#6620,
#6621,#6622,#6623));
#1604=EDGE_LOOP('',(#6624,#6625,#6626,#6627,#6628,#6629,#6630,#6631,#6632,
#6633,#6634,#6635,#6636,#6637,#6638,#6639,#6640,#6641,#6642,#6643,#6644,
#6645,#6646,#6647,#6648,#6649,#6650,#6651,#6652,#6653,#6654,#6655,#6656,
#6657,#6658,#6659,#6660,#6661,#6662,#6663,#6664,#6665,#6666,#6667,#6668,
#6669,#6670,#6671,#6672,#6673,#6674,#6675,#6676,#6677,#6678,#6679,#6680,
#6681,#6682,#6683,#6684,#6685,#6686,#6687,#6688,#6689,#6690,#6691,#6692,
#6693,#6694));
#1605=EDGE_LOOP('',(#6695,#6696,#6697,#6698,#6699));
#1606=EDGE_LOOP('',(#6700,#6701,#6702,#6703));
#1607=EDGE_LOOP('',(#6704,#6705,#6706,#6707));
#1608=EDGE_LOOP('',(#6708,#6709,#6710,#6711));
#1609=EDGE_LOOP('',(#6712,#6713,#6714,#6715,#6716,#6717,#6718));
#1610=EDGE_LOOP('',(#6719,#6720,#6721,#6722));
#1611=EDGE_LOOP('',(#6723,#6724,#6725,#6726));
#1612=EDGE_LOOP('',(#6727,#6728,#6729,#6730));
#1613=EDGE_LOOP('',(#6731,#6732,#6733,#6734));
#1614=EDGE_LOOP('',(#6735,#6736,#6737,#6738));
#1615=EDGE_LOOP('',(#6739,#6740,#6741,#6742));
#1616=EDGE_LOOP('',(#6743,#6744,#6745,#6746));
#1617=EDGE_LOOP('',(#6747,#6748,#6749,#6750));
#1618=EDGE_LOOP('',(#6751,#6752,#6753,#6754));
#1619=EDGE_LOOP('',(#6755,#6756,#6757,#6758));
#1620=EDGE_LOOP('',(#6759,#6760,#6761,#6762));
#1621=EDGE_LOOP('',(#6763,#6764,#6765,#6766));
#1622=EDGE_LOOP('',(#6767,#6768,#6769,#6770));
#1623=EDGE_LOOP('',(#6771,#6772,#6773,#6774));
#1624=EDGE_LOOP('',(#6775,#6776,#6777,#6778));
#1625=EDGE_LOOP('',(#6779,#6780,#6781,#6782));
#1626=EDGE_LOOP('',(#6783,#6784,#6785,#6786));
#1627=EDGE_LOOP('',(#6787,#6788,#6789,#6790));
#1628=EDGE_LOOP('',(#6791,#6792,#6793,#6794));
#1629=EDGE_LOOP('',(#6795,#6796,#6797,#6798));
#1630=EDGE_LOOP('',(#6799,#6800,#6801,#6802));
#1631=EDGE_LOOP('',(#6803,#6804,#6805,#6806));
#1632=EDGE_LOOP('',(#6807,#6808,#6809,#6810));
#1633=EDGE_LOOP('',(#6811,#6812,#6813,#6814));
#1634=EDGE_LOOP('',(#6815,#6816,#6817,#6818));
#1635=EDGE_LOOP('',(#6819,#6820,#6821,#6822));
#1636=EDGE_LOOP('',(#6823,#6824,#6825,#6826));
#1637=EDGE_LOOP('',(#6827,#6828,#6829,#6830));
#1638=EDGE_LOOP('',(#6831,#6832,#6833,#6834));
#1639=EDGE_LOOP('',(#6835,#6836,#6837,#6838));
#1640=EDGE_LOOP('',(#6839,#6840,#6841,#6842));
#1641=EDGE_LOOP('',(#6843,#6844,#6845,#6846));
#1642=EDGE_LOOP('',(#6847,#6848,#6849,#6850));
#1643=EDGE_LOOP('',(#6851,#6852,#6853,#6854));
#1644=EDGE_LOOP('',(#6855,#6856,#6857,#6858));
#1645=EDGE_LOOP('',(#6859,#6860,#6861,#6862));
#1646=EDGE_LOOP('',(#6863,#6864,#6865,#6866));
#1647=EDGE_LOOP('',(#6867,#6868,#6869,#6870));
#1648=EDGE_LOOP('',(#6871,#6872,#6873,#6874));
#1649=EDGE_LOOP('',(#6875,#6876,#6877,#6878));
#1650=EDGE_LOOP('',(#6879,#6880,#6881,#6882));
#1651=EDGE_LOOP('',(#6883,#6884,#6885,#6886));
#1652=EDGE_LOOP('',(#6887,#6888,#6889,#6890));
#1653=EDGE_LOOP('',(#6891,#6892,#6893,#6894));
#1654=EDGE_LOOP('',(#6895,#6896,#6897,#6898));
#1655=EDGE_LOOP('',(#6899,#6900,#6901,#6902));
#1656=EDGE_LOOP('',(#6903,#6904,#6905,#6906));
#1657=EDGE_LOOP('',(#6907,#6908,#6909,#6910));
#1658=EDGE_LOOP('',(#6911,#6912,#6913,#6914));
#1659=EDGE_LOOP('',(#6915,#6916,#6917,#6918));
#1660=EDGE_LOOP('',(#6919,#6920,#6921,#6922));
#1661=EDGE_LOOP('',(#6923,#6924,#6925,#6926,#6927,#6928,#6929,#6930,#6931,
#6932));
#1662=EDGE_LOOP('',(#6933,#6934,#6935,#6936));
#1663=EDGE_LOOP('',(#6937,#6938,#6939,#6940));
#1664=EDGE_LOOP('',(#6941,#6942,#6943,#6944,#6945,#6946,#6947));
#1665=EDGE_LOOP('',(#6948,#6949,#6950,#6951));
#1666=EDGE_LOOP('',(#6952,#6953,#6954,#6955));
#1667=EDGE_LOOP('',(#6956,#6957,#6958,#6959));
#1668=EDGE_LOOP('',(#6960,#6961,#6962));
#1669=EDGE_LOOP('',(#6963,#6964,#6965));
#1670=EDGE_LOOP('',(#6966,#6967,#6968));
#1671=EDGE_LOOP('',(#6969,#6970,#6971));
#1672=EDGE_LOOP('',(#6972,#6973,#6974,#6975));
#1673=EDGE_LOOP('',(#6976,#6977,#6978));
#1674=EDGE_LOOP('',(#6979,#6980,#6981));
#1675=EDGE_LOOP('',(#6982,#6983,#6984,#6985,#6986,#6987,#6988,#6989,#6990,
#6991,#6992,#6993));
#1676=EDGE_LOOP('',(#6994,#6995,#6996,#6997));
#1677=EDGE_LOOP('',(#6998,#6999,#7000,#7001));
#1678=EDGE_LOOP('',(#7002,#7003,#7004,#7005));
#1679=EDGE_LOOP('',(#7006,#7007,#7008));
#1680=EDGE_LOOP('',(#7009,#7010,#7011));
#1681=EDGE_LOOP('',(#7012,#7013,#7014));
#1682=EDGE_LOOP('',(#7015,#7016,#7017));
#1683=EDGE_LOOP('',(#7018,#7019,#7020));
#1684=EDGE_LOOP('',(#7021,#7022,#7023));
#1685=EDGE_LOOP('',(#7024,#7025,#7026,#7027,#7028,#7029,#7030,#7031));
#1686=EDGE_LOOP('',(#7032,#7033,#7034));
#1687=EDGE_LOOP('',(#7035,#7036,#7037));
#1688=EDGE_LOOP('',(#7038,#7039,#7040,#7041,#7042,#7043,#7044,#7045,#7046,
#7047,#7048,#7049,#7050,#7051,#7052,#7053,#7054,#7055,#7056,#7057));
#1689=EDGE_LOOP('',(#7058,#7059,#7060,#7061));
#1690=EDGE_LOOP('',(#7062,#7063,#7064,#7065));
#1691=EDGE_LOOP('',(#7066,#7067,#7068,#7069));
#1692=EDGE_LOOP('',(#7070,#7071,#7072,#7073));
#1693=EDGE_LOOP('',(#7074,#7075,#7076));
#1694=EDGE_LOOP('',(#7077,#7078,#7079));
#1695=EDGE_LOOP('',(#7080,#7081,#7082));
#1696=EDGE_LOOP('',(#7083,#7084,#7085));
#1697=EDGE_LOOP('',(#7086,#7087,#7088));
#1698=EDGE_LOOP('',(#7089,#7090,#7091));
#1699=EDGE_LOOP('',(#7092,#7093,#7094));
#1700=EDGE_LOOP('',(#7095,#7096,#7097));
#1701=EDGE_LOOP('',(#7098,#7099,#7100));
#1702=EDGE_LOOP('',(#7101,#7102,#7103));
#1703=EDGE_LOOP('',(#7104,#7105,#7106));
#1704=EDGE_LOOP('',(#7107,#7108,#7109));
#1705=EDGE_LOOP('',(#7110,#7111,#7112));
#1706=EDGE_LOOP('',(#7113,#7114,#7115));
#1707=EDGE_LOOP('',(#7116,#7117,#7118,#7119));
#1708=EDGE_LOOP('',(#7120,#7121,#7122));
#1709=EDGE_LOOP('',(#7123,#7124,#7125));
#1710=EDGE_LOOP('',(#7126,#7127,#7128));
#1711=EDGE_LOOP('',(#7129,#7130,#7131));
#1712=EDGE_LOOP('',(#7132,#7133,#7134));
#1713=EDGE_LOOP('',(#7135,#7136,#7137));
#1714=EDGE_LOOP('',(#7138,#7139,#7140));
#1715=EDGE_LOOP('',(#7141,#7142,#7143));
#1716=EDGE_LOOP('',(#7144,#7145,#7146));
#1717=EDGE_LOOP('',(#7147,#7148,#7149,#7150));
#1718=EDGE_LOOP('',(#7151,#7152,#7153,#7154));
#1719=EDGE_LOOP('',(#7155,#7156,#7157,#7158));
#1720=EDGE_LOOP('',(#7159,#7160,#7161,#7162));
#1721=EDGE_LOOP('',(#7163,#7164,#7165,#7166));
#1722=EDGE_LOOP('',(#7167,#7168,#7169,#7170));
#1723=EDGE_LOOP('',(#7171,#7172,#7173,#7174));
#1724=EDGE_LOOP('',(#7175,#7176,#7177,#7178));
#1725=EDGE_LOOP('',(#7179,#7180,#7181,#7182));
#1726=EDGE_LOOP('',(#7183,#7184,#7185,#7186));
#1727=EDGE_LOOP('',(#7187,#7188,#7189,#7190));
#1728=EDGE_LOOP('',(#7191,#7192,#7193,#7194));
#1729=EDGE_LOOP('',(#7195,#7196,#7197,#7198));
#1730=EDGE_LOOP('',(#7199,#7200,#7201,#7202));
#1731=EDGE_LOOP('',(#7203,#7204,#7205,#7206));
#1732=EDGE_LOOP('',(#7207,#7208,#7209,#7210));
#1733=EDGE_LOOP('',(#7211,#7212,#7213,#7214));
#1734=EDGE_LOOP('',(#7215,#7216,#7217,#7218));
#1735=EDGE_LOOP('',(#7219,#7220,#7221,#7222));
#1736=EDGE_LOOP('',(#7223,#7224,#7225,#7226));
#1737=EDGE_LOOP('',(#7227,#7228,#7229,#7230));
#1738=EDGE_LOOP('',(#7231,#7232,#7233,#7234));
#1739=EDGE_LOOP('',(#7235,#7236,#7237,#7238));
#1740=EDGE_LOOP('',(#7239,#7240,#7241,#7242));
#1741=EDGE_LOOP('',(#7243,#7244,#7245,#7246));
#1742=EDGE_LOOP('',(#7247,#7248,#7249,#7250));
#1743=EDGE_LOOP('',(#7251,#7252,#7253,#7254));
#1744=EDGE_LOOP('',(#7255,#7256,#7257,#7258));
#1745=EDGE_LOOP('',(#7259,#7260,#7261,#7262));
#1746=EDGE_LOOP('',(#7263,#7264,#7265,#7266));
#1747=EDGE_LOOP('',(#7267,#7268,#7269,#7270));
#1748=EDGE_LOOP('',(#7271,#7272,#7273,#7274));
#1749=EDGE_LOOP('',(#7275,#7276,#7277,#7278));
#1750=EDGE_LOOP('',(#7279,#7280,#7281,#7282));
#1751=EDGE_LOOP('',(#7283,#7284,#7285,#7286));
#1752=EDGE_LOOP('',(#7287,#7288,#7289,#7290));
#1753=EDGE_LOOP('',(#7291,#7292,#7293,#7294));
#1754=EDGE_LOOP('',(#7295,#7296,#7297,#7298));
#1755=EDGE_LOOP('',(#7299,#7300,#7301,#7302));
#1756=EDGE_LOOP('',(#7303,#7304,#7305,#7306));
#1757=EDGE_LOOP('',(#7307,#7308,#7309,#7310));
#1758=EDGE_LOOP('',(#7311,#7312,#7313,#7314));
#1759=EDGE_LOOP('',(#7315,#7316,#7317,#7318));
#1760=EDGE_LOOP('',(#7319,#7320,#7321,#7322));
#1761=EDGE_LOOP('',(#7323,#7324,#7325,#7326));
#1762=EDGE_LOOP('',(#7327,#7328,#7329,#7330));
#1763=EDGE_LOOP('',(#7331,#7332,#7333,#7334));
#1764=EDGE_LOOP('',(#7335,#7336,#7337,#7338));
#1765=EDGE_LOOP('',(#7339,#7340,#7341,#7342));
#1766=EDGE_LOOP('',(#7343,#7344,#7345,#7346));
#1767=EDGE_LOOP('',(#7347,#7348,#7349,#7350));
#1768=EDGE_LOOP('',(#7351,#7352,#7353,#7354));
#1769=EDGE_LOOP('',(#7355,#7356,#7357,#7358));
#1770=EDGE_LOOP('',(#7359,#7360,#7361,#7362));
#1771=EDGE_LOOP('',(#7363,#7364,#7365,#7366));
#1772=EDGE_LOOP('',(#7367));
#1773=EDGE_LOOP('',(#7368,#7369,#7370,#7371));
#1774=EDGE_LOOP('',(#7372,#7373,#7374,#7375));
#1775=EDGE_LOOP('',(#7376));
#1776=EDGE_LOOP('',(#7377,#7378,#7379,#7380));
#1777=EDGE_LOOP('',(#7381,#7382,#7383,#7384,#7385));
#1778=EDGE_LOOP('',(#7386,#7387,#7388,#7389,#7390,#7391,#7392));
#1779=EDGE_LOOP('',(#7393,#7394,#7395,#7396,#7397,#7398,#7399,#7400));
#1780=EDGE_LOOP('',(#7401,#7402,#7403,#7404,#7405,#7406));
#1781=EDGE_LOOP('',(#7407,#7408,#7409));
#1782=EDGE_LOOP('',(#7410,#7411,#7412,#7413));
#1783=EDGE_LOOP('',(#7414,#7415,#7416,#7417));
#1784=EDGE_LOOP('',(#7418,#7419,#7420));
#1785=EDGE_LOOP('',(#7421,#7422,#7423,#7424));
#1786=EDGE_LOOP('',(#7425,#7426,#7427,#7428));
#1787=EDGE_LOOP('',(#7429,#7430,#7431,#7432));
#1788=EDGE_LOOP('',(#7433,#7434,#7435,#7436));
#1789=EDGE_LOOP('',(#7437,#7438,#7439,#7440));
#1790=EDGE_LOOP('',(#7441,#7442,#7443,#7444));
#1791=EDGE_LOOP('',(#7445,#7446,#7447));
#1792=EDGE_LOOP('',(#7448,#7449,#7450));
#1793=EDGE_LOOP('',(#7451,#7452,#7453,#7454,#7455,#7456));
#1794=EDGE_LOOP('',(#7457,#7458,#7459,#7460));
#1795=EDGE_LOOP('',(#7461,#7462,#7463));
#1796=EDGE_LOOP('',(#7464,#7465,#7466));
#1797=EDGE_LOOP('',(#7467,#7468,#7469,#7470));
#1798=EDGE_LOOP('',(#7471,#7472,#7473,#7474));
#1799=EDGE_LOOP('',(#7475,#7476,#7477,#7478));
#1800=EDGE_LOOP('',(#7479,#7480,#7481,#7482));
#1801=EDGE_LOOP('',(#7483,#7484,#7485,#7486));
#1802=EDGE_LOOP('',(#7487,#7488,#7489,#7490));
#1803=EDGE_LOOP('',(#7491,#7492,#7493));
#1804=EDGE_LOOP('',(#7494,#7495,#7496));
#1805=EDGE_LOOP('',(#7497,#7498,#7499,#7500,#7501,#7502));
#1806=EDGE_LOOP('',(#7503,#7504,#7505,#7506));
#1807=EDGE_LOOP('',(#7507,#7508,#7509));
#1808=EDGE_LOOP('',(#7510,#7511,#7512,#7513));
#1809=EDGE_LOOP('',(#7514,#7515,#7516));
#1810=EDGE_LOOP('',(#7517,#7518,#7519,#7520));
#1811=EDGE_LOOP('',(#7521,#7522,#7523,#7524));
#1812=EDGE_LOOP('',(#7525,#7526,#7527,#7528));
#1813=EDGE_LOOP('',(#7529,#7530,#7531));
#1814=EDGE_LOOP('',(#7532,#7533,#7534,#7535));
#1815=EDGE_LOOP('',(#7536,#7537,#7538,#7539));
#1816=EDGE_LOOP('',(#7540,#7541,#7542));
#1817=EDGE_LOOP('',(#7543,#7544,#7545,#7546,#7547,#7548));
#1818=EDGE_LOOP('',(#7549,#7550,#7551,#7552));
#1819=EDGE_LOOP('',(#7553,#7554,#7555,#7556));
#1820=EDGE_LOOP('',(#7557,#7558,#7559));
#1821=EDGE_LOOP('',(#7560,#7561,#7562));
#1822=EDGE_LOOP('',(#7563,#7564,#7565,#7566));
#1823=EDGE_LOOP('',(#7567,#7568,#7569,#7570,#7571,#7572));
#1824=EDGE_LOOP('',(#7573,#7574,#7575,#7576));
#1825=EDGE_LOOP('',(#7577,#7578,#7579));
#1826=EDGE_LOOP('',(#7580,#7581,#7582,#7583));
#1827=EDGE_LOOP('',(#7584,#7585,#7586));
#1828=EDGE_LOOP('',(#7587,#7588,#7589,#7590));
#1829=EDGE_LOOP('',(#7591,#7592,#7593,#7594));
#1830=EDGE_LOOP('',(#7595,#7596,#7597,#7598));
#1831=EDGE_LOOP('',(#7599,#7600,#7601,#7602));
#1832=EDGE_LOOP('',(#7603,#7604,#7605,#7606));
#1833=EDGE_LOOP('',(#7607,#7608,#7609,#7610));
#1834=EDGE_LOOP('',(#7611,#7612,#7613));
#1835=EDGE_LOOP('',(#7614,#7615,#7616));
#1836=EDGE_LOOP('',(#7617,#7618,#7619,#7620,#7621,#7622));
#1837=EDGE_LOOP('',(#7623,#7624,#7625));
#1838=EDGE_LOOP('',(#7626,#7627,#7628,#7629));
#1839=EDGE_LOOP('',(#7630,#7631,#7632,#7633));
#1840=EDGE_LOOP('',(#7634,#7635,#7636));
#1841=EDGE_LOOP('',(#7637,#7638,#7639,#7640));
#1842=EDGE_LOOP('',(#7641,#7642,#7643,#7644));
#1843=EDGE_LOOP('',(#7645,#7646,#7647));
#1844=EDGE_LOOP('',(#7648,#7649,#7650,#7651));
#1845=EDGE_LOOP('',(#7652,#7653,#7654));
#1846=EDGE_LOOP('',(#7655,#7656,#7657,#7658));
#1847=EDGE_LOOP('',(#7659,#7660,#7661,#7662));
#1848=EDGE_LOOP('',(#7663,#7664,#7665,#7666));
#1849=EDGE_LOOP('',(#7667,#7668,#7669));
#1850=EDGE_LOOP('',(#7670,#7671,#7672,#7673));
#1851=EDGE_LOOP('',(#7674,#7675,#7676,#7677));
#1852=EDGE_LOOP('',(#7678,#7679,#7680));
#1853=EDGE_LOOP('',(#7681,#7682,#7683,#7684,#7685,#7686));
#1854=EDGE_LOOP('',(#7687,#7688,#7689,#7690));
#1855=EDGE_LOOP('',(#7691,#7692,#7693));
#1856=EDGE_LOOP('',(#7694,#7695,#7696,#7697));
#1857=EDGE_LOOP('',(#7698,#7699,#7700));
#1858=EDGE_LOOP('',(#7701,#7702,#7703,#7704));
#1859=ELLIPSE('',#8456,2.53757034568297,2.);
#1860=ELLIPSE('',#8457,2.84684571033475,2.);
#1861=ELLIPSE('',#8458,2.5374095426618,2.);
#1862=ELLIPSE('',#8460,2.82842712474621,2.);
#1863=ELLIPSE('',#8461,2.53724877672965,2.);
#1864=ELLIPSE('',#8463,2.82842712474621,2.);
#1865=ELLIPSE('',#8465,2.82842712474619,2.);
#1866=ELLIPSE('',#8466,2.82842712474619,2.);
#1867=ELLIPSE('',#8468,2.76176260144041,2.);
#1868=ELLIPSE('',#8469,2.76195805036488,2.);
#1869=ELLIPSE('',#8471,2.76176260144041,2.);
#1870=ELLIPSE('',#8472,2.76195805036488,2.);
#1871=ELLIPSE('',#8474,2.84707676163658,2.);
#1872=ELLIPSE('',#8475,2.53740954266181,2.);
#1873=ELLIPSE('',#8478,2.76176260144041,2.);
#1874=ELLIPSE('',#8479,2.76176260144041,2.);
#1875=ELLIPSE('',#8482,2.76195805036488,2.);
#1876=ELLIPSE('',#8484,2.06163649825199,2.);
#1877=ELLIPSE('',#8488,2.8284271247462,2.);
#1878=ELLIPSE('',#8490,2.06146918846841,2.);
#1879=ELLIPSE('',#8491,2.82842712474621,2.);
#1880=ELLIPSE('',#8493,2.8284271247462,2.);
#1881=ELLIPSE('',#8494,2.8284271247462,2.);
#1882=ELLIPSE('',#8496,2.76195805036488,2.);
#1883=ELLIPSE('',#8825,92.635036568246,5.);
#1884=ELLIPSE('',#8902,92.635036568246,5.);
#1885=ELLIPSE('',#8925,19.3185165257805,5.);
#1886=ELLIPSE('',#9108,19.3185165257805,5.);
#1887=ELLIPSE('',#9169,92.635036568246,5.);
#1888=ELLIPSE('',#9171,92.635036568246,5.);
#1889=ELLIPSE('',#9173,92.635036568246,5.);
#1890=ELLIPSE('',#9177,92.635036568246,5.);
#1891=ELLIPSE('',#9179,92.635036568246,5.);
#1892=ELLIPSE('',#9182,92.6350365682455,5.);
#1893=ELLIPSE('',#9184,92.6350365682455,5.);
#1894=ELLIPSE('',#9186,92.635036568246,5.);
#1895=ELLIPSE('',#9188,92.6350365682455,5.);
#1896=ELLIPSE('',#9190,92.6350365682455,5.);
#1897=ELLIPSE('',#9198,92.6350365682459,5.);
#1898=ELLIPSE('',#9200,92.6350365682459,5.);
#1899=ELLIPSE('',#9202,92.6350365682459,5.);
#1900=ELLIPSE('',#9204,92.6350365682459,5.);
#1901=ELLIPSE('',#9206,92.6350365682459,5.);
#1902=ELLIPSE('',#9208,92.6350365682459,5.);
#1903=ELLIPSE('',#9210,92.6350365682459,5.);
#1904=ELLIPSE('',#9212,92.6350365682459,5.);
#1905=LINE('',#12049,#2559);
#1906=LINE('',#12055,#2560);
#1907=LINE('',#12057,#2561);
#1908=LINE('',#12062,#2562);
#1909=LINE('',#12066,#2563);
#1910=LINE('',#12070,#2564);
#1911=LINE('',#12073,#2565);
#1912=LINE('',#12077,#2566);
#1913=LINE('',#12081,#2567);
#1914=LINE('',#12084,#2568);
#1915=LINE('',#12088,#2569);
#1916=LINE('',#12093,#2570);
#1917=LINE('',#12095,#2571);
#1918=LINE('',#12100,#2572);
#1919=LINE('',#12102,#2573);
#1920=LINE('',#12105,#2574);
#1921=LINE('',#12108,#2575);
#1922=LINE('',#12109,#2576);
#1923=LINE('',#12112,#2577);
#1924=LINE('',#12116,#2578);
#1925=LINE('',#12119,#2579);
#1926=LINE('',#12122,#2580);
#1927=LINE('',#12123,#2581);
#1928=LINE('',#12126,#2582);
#1929=LINE('',#12128,#2583);
#1930=LINE('',#12132,#2584);
#1931=LINE('',#12134,#2585);
#1932=LINE('',#12136,#2586);
#1933=LINE('',#12138,#2587);
#1934=LINE('',#12145,#2588);
#1935=LINE('',#12150,#2589);
#1936=LINE('',#12154,#2590);
#1937=LINE('',#12159,#2591);
#1938=LINE('',#12164,#2592);
#1939=LINE('',#12165,#2593);
#1940=LINE('',#12168,#2594);
#1941=LINE('',#12171,#2595);
#1942=LINE('',#12173,#2596);
#1943=LINE('',#12174,#2597);
#1944=LINE('',#12176,#2598);
#1945=LINE('',#12177,#2599);
#1946=LINE('',#12179,#2600);
#1947=LINE('',#12180,#2601);
#1948=LINE('',#12183,#2602);
#1949=LINE('',#12186,#2603);
#1950=LINE('',#12190,#2604);
#1951=LINE('',#12194,#2605);
#1952=LINE('',#12198,#2606);
#1953=LINE('',#12202,#2607);
#1954=LINE('',#12205,#2608);
#1955=LINE('',#12207,#2609);
#1956=LINE('',#12209,#2610);
#1957=LINE('',#12211,#2611);
#1958=LINE('',#12212,#2612);
#1959=LINE('',#12215,#2613);
#1960=LINE('',#12216,#2614);
#1961=LINE('',#12219,#2615);
#1962=LINE('',#12220,#2616);
#1963=LINE('',#12228,#2617);
#1964=LINE('',#12230,#2618);
#1965=LINE('',#12232,#2619);
#1966=LINE('',#12238,#2620);
#1967=LINE('',#12250,#2621);
#1968=LINE('',#12258,#2622);
#1969=LINE('',#12266,#2623);
#1970=LINE('',#12274,#2624);
#1971=LINE('',#12282,#2625);
#1972=LINE('',#12294,#2626);
#1973=LINE('',#12302,#2627);
#1974=LINE('',#12310,#2628);
#1975=LINE('',#12320,#2629);
#1976=LINE('',#12328,#2630);
#1977=LINE('',#12336,#2631);
#1978=LINE('',#12344,#2632);
#1979=LINE('',#12352,#2633);
#1980=LINE('',#12363,#2634);
#1981=LINE('',#12384,#2635);
#1982=LINE('',#12386,#2636);
#1983=LINE('',#12388,#2637);
#1984=LINE('',#12389,#2638);
#1985=LINE('',#12391,#2639);
#1986=LINE('',#12392,#2640);
#1987=LINE('',#12394,#2641);
#1988=LINE('',#12396,#2642);
#1989=LINE('',#12402,#2643);
#1990=LINE('',#12406,#2644);
#1991=LINE('',#12415,#2645);
#1992=LINE('',#12419,#2646);
#1993=LINE('',#12426,#2647);
#1994=LINE('',#12429,#2648);
#1995=LINE('',#12432,#2649);
#1996=LINE('',#12435,#2650);
#1997=LINE('',#12438,#2651);
#1998=LINE('',#12443,#2652);
#1999=LINE('',#12446,#2653);
#2000=LINE('',#12451,#2654);
#2001=LINE('',#12454,#2655);
#2002=LINE('',#12459,#2656);
#2003=LINE('',#12462,#2657);
#2004=LINE('',#12467,#2658);
#2005=LINE('',#12470,#2659);
#2006=LINE('',#12475,#2660);
#2007=LINE('',#12478,#2661);
#2008=LINE('',#12483,#2662);
#2009=LINE('',#12488,#2663);
#2010=LINE('',#12496,#2664);
#2011=LINE('',#12504,#2665);
#2012=LINE('',#12512,#2666);
#2013=LINE('',#12521,#2667);
#2014=LINE('',#12529,#2668);
#2015=LINE('',#12554,#2669);
#2016=LINE('',#12559,#2670);
#2017=LINE('',#12582,#2671);
#2018=LINE('',#12587,#2672);
#2019=LINE('',#12610,#2673);
#2020=LINE('',#12615,#2674);
#2021=LINE('',#12638,#2675);
#2022=LINE('',#12643,#2676);
#2023=LINE('',#12666,#2677);
#2024=LINE('',#12671,#2678);
#2025=LINE('',#12694,#2679);
#2026=LINE('',#12699,#2680);
#2027=LINE('',#12722,#2681);
#2028=LINE('',#12727,#2682);
#2029=LINE('',#12750,#2683);
#2030=LINE('',#12755,#2684);
#2031=LINE('',#12778,#2685);
#2032=LINE('',#12783,#2686);
#2033=LINE('',#12806,#2687);
#2034=LINE('',#12811,#2688);
#2035=LINE('',#12834,#2689);
#2036=LINE('',#12839,#2690);
#2037=LINE('',#12862,#2691);
#2038=LINE('',#12867,#2692);
#2039=LINE('',#12881,#2693);
#2040=LINE('',#12896,#2694);
#2041=LINE('',#12909,#2695);
#2042=LINE('',#12923,#2696);
#2043=LINE('',#12937,#2697);
#2044=LINE('',#12951,#2698);
#2045=LINE('',#12965,#2699);
#2046=LINE('',#12979,#2700);
#2047=LINE('',#12983,#2701);
#2048=LINE('',#12985,#2702);
#2049=LINE('',#12986,#2703);
#2050=LINE('',#12989,#2704);
#2051=LINE('',#12993,#2705);
#2052=LINE('',#12994,#2706);
#2053=LINE('',#12997,#2707);
#2054=LINE('',#13001,#2708);
#2055=LINE('',#13002,#2709);
#2056=LINE('',#13005,#2710);
#2057=LINE('',#13009,#2711);
#2058=LINE('',#13010,#2712);
#2059=LINE('',#13015,#2713);
#2060=LINE('',#13019,#2714);
#2061=LINE('',#13023,#2715);
#2062=LINE('',#13026,#2716);
#2063=LINE('',#13029,#2717);
#2064=LINE('',#13031,#2718);
#2065=LINE('',#13033,#2719);
#2066=LINE('',#13035,#2720);
#2067=LINE('',#13037,#2721);
#2068=LINE('',#13039,#2722);
#2069=LINE('',#13041,#2723);
#2070=LINE('',#13043,#2724);
#2071=LINE('',#13045,#2725);
#2072=LINE('',#13047,#2726);
#2073=LINE('',#13049,#2727);
#2074=LINE('',#13051,#2728);
#2075=LINE('',#13053,#2729);
#2076=LINE('',#13055,#2730);
#2077=LINE('',#13057,#2731);
#2078=LINE('',#13059,#2732);
#2079=LINE('',#13061,#2733);
#2080=LINE('',#13062,#2734);
#2081=LINE('',#13065,#2735);
#2082=LINE('',#13067,#2736);
#2083=LINE('',#13069,#2737);
#2084=LINE('',#13070,#2738);
#2085=LINE('',#13073,#2739);
#2086=LINE('',#13075,#2740);
#2087=LINE('',#13077,#2741);
#2088=LINE('',#13078,#2742);
#2089=LINE('',#13081,#2743);
#2090=LINE('',#13083,#2744);
#2091=LINE('',#13085,#2745);
#2092=LINE('',#13086,#2746);
#2093=LINE('',#13089,#2747);
#2094=LINE('',#13091,#2748);
#2095=LINE('',#13093,#2749);
#2096=LINE('',#13094,#2750);
#2097=LINE('',#13097,#2751);
#2098=LINE('',#13101,#2752);
#2099=LINE('',#13105,#2753);
#2100=LINE('',#13109,#2754);
#2101=LINE('',#13111,#2755);
#2102=LINE('',#13113,#2756);
#2103=LINE('',#13120,#2757);
#2104=LINE('',#13122,#2758);
#2105=LINE('',#13124,#2759);
#2106=LINE('',#13131,#2760);
#2107=LINE('',#13132,#2761);
#2108=LINE('',#13135,#2762);
#2109=LINE('',#13138,#2763);
#2110=LINE('',#13141,#2764);
#2111=LINE('',#13145,#2765);
#2112=LINE('',#13147,#2766);
#2113=LINE('',#13148,#2767);
#2114=LINE('',#13151,#2768);
#2115=LINE('',#13154,#2769);
#2116=LINE('',#13157,#2770);
#2117=LINE('',#13159,#2771);
#2118=LINE('',#13160,#2772);
#2119=LINE('',#13163,#2773);
#2120=LINE('',#13165,#2774);
#2121=LINE('',#13169,#2775);
#2122=LINE('',#13170,#2776);
#2123=LINE('',#13173,#2777);
#2124=LINE('',#13175,#2778);
#2125=LINE('',#13176,#2779);
#2126=LINE('',#13179,#2780);
#2127=LINE('',#13181,#2781);
#2128=LINE('',#13182,#2782);
#2129=LINE('',#13185,#2783);
#2130=LINE('',#13205,#2784);
#2131=LINE('',#13206,#2785);
#2132=LINE('',#13210,#2786);
#2133=LINE('',#13257,#2787);
#2134=LINE('',#13266,#2788);
#2135=LINE('',#13273,#2789);
#2136=LINE('',#13274,#2790);
#2137=LINE('',#13279,#2791);
#2138=LINE('',#13332,#2792);
#2139=LINE('',#13340,#2793);
#2140=LINE('',#13346,#2794);
#2141=LINE('',#13356,#2795);
#2142=LINE('',#13362,#2796);
#2143=LINE('',#13368,#2797);
#2144=LINE('',#13374,#2798);
#2145=LINE('',#13380,#2799);
#2146=LINE('',#13390,#2800);
#2147=LINE('',#13396,#2801);
#2148=LINE('',#13401,#2802);
#2149=LINE('',#13423,#2803);
#2150=LINE('',#13428,#2804);
#2151=LINE('',#13433,#2805);
#2152=LINE('',#13442,#2806);
#2153=LINE('',#13447,#2807);
#2154=LINE('',#13452,#2808);
#2155=LINE('',#13461,#2809);
#2156=LINE('',#13466,#2810);
#2157=LINE('',#13471,#2811);
#2158=LINE('',#13476,#2812);
#2159=LINE('',#13481,#2813);
#2160=LINE('',#13490,#2814);
#2161=LINE('',#13495,#2815);
#2162=LINE('',#13500,#2816);
#2163=LINE('',#13509,#2817);
#2164=LINE('',#13514,#2818);
#2165=LINE('',#13566,#2819);
#2166=LINE('',#13568,#2820);
#2167=LINE('',#13569,#2821);
#2168=LINE('',#13571,#2822);
#2169=LINE('',#13572,#2823);
#2170=LINE('',#13575,#2824);
#2171=LINE('',#13577,#2825);
#2172=LINE('',#13578,#2826);
#2173=LINE('',#13623,#2827);
#2174=LINE('',#13625,#2828);
#2175=LINE('',#13627,#2829);
#2176=LINE('',#13628,#2830);
#2177=LINE('',#13634,#2831);
#2178=LINE('',#13637,#2832);
#2179=LINE('',#13640,#2833);
#2180=LINE('',#13643,#2834);
#2181=LINE('',#13644,#2835);
#2182=LINE('',#13647,#2836);
#2183=LINE('',#13650,#2837);
#2184=LINE('',#13652,#2838);
#2185=LINE('',#13656,#2839);
#2186=LINE('',#13659,#2840);
#2187=LINE('',#13661,#2841);
#2188=LINE('',#13662,#2842);
#2189=LINE('',#13665,#2843);
#2190=LINE('',#13668,#2844);
#2191=LINE('',#13679,#2845);
#2192=LINE('',#13682,#2846);
#2193=LINE('',#13685,#2847);
#2194=LINE('',#13687,#2848);
#2195=LINE('',#13688,#2849);
#2196=LINE('',#13691,#2850);
#2197=LINE('',#13695,#2851);
#2198=LINE('',#13697,#2852);
#2199=LINE('',#13701,#2853);
#2200=LINE('',#13702,#2854);
#2201=LINE('',#13705,#2855);
#2202=LINE('',#13707,#2856);
#2203=LINE('',#13708,#2857);
#2204=LINE('',#13711,#2858);
#2205=LINE('',#13713,#2859);
#2206=LINE('',#13714,#2860);
#2207=LINE('',#13717,#2861);
#2208=LINE('',#13721,#2862);
#2209=LINE('',#13723,#2863);
#2210=LINE('',#13727,#2864);
#2211=LINE('',#13729,#2865);
#2212=LINE('',#13733,#2866);
#2213=LINE('',#13735,#2867);
#2214=LINE('',#13739,#2868);
#2215=LINE('',#13741,#2869);
#2216=LINE('',#13745,#2870);
#2217=LINE('',#13747,#2871);
#2218=LINE('',#13748,#2872);
#2219=LINE('',#13751,#2873);
#2220=LINE('',#13755,#2874);
#2221=LINE('',#13757,#2875);
#2222=LINE('',#13761,#2876);
#2223=LINE('',#13763,#2877);
#2224=LINE('',#13764,#2878);
#2225=LINE('',#13767,#2879);
#2226=LINE('',#13771,#2880);
#2227=LINE('',#13773,#2881);
#2228=LINE('',#13777,#2882);
#2229=LINE('',#13778,#2883);
#2230=LINE('',#13781,#2884);
#2231=LINE('',#13783,#2885);
#2232=LINE('',#13784,#2886);
#2233=LINE('',#13787,#2887);
#2234=LINE('',#13789,#2888);
#2235=LINE('',#13790,#2889);
#2236=LINE('',#13793,#2890);
#2237=LINE('',#13795,#2891);
#2238=LINE('',#13796,#2892);
#2239=LINE('',#13800,#2893);
#2240=LINE('',#13803,#2894);
#2241=LINE('',#13809,#2895);
#2242=LINE('',#13811,#2896);
#2243=LINE('',#13817,#2897);
#2244=LINE('',#13819,#2898);
#2245=LINE('',#13824,#2899);
#2246=LINE('',#13828,#2900);
#2247=LINE('',#13831,#2901);
#2248=LINE('',#13837,#2902);
#2249=LINE('',#13839,#2903);
#2250=LINE('',#13845,#2904);
#2251=LINE('',#13846,#2905);
#2252=LINE('',#13851,#2906);
#2253=LINE('',#13852,#2907);
#2254=LINE('',#13858,#2908);
#2255=LINE('',#13861,#2909);
#2256=LINE('',#13862,#2910);
#2257=LINE('',#13868,#2911);
#2258=LINE('',#13871,#2912);
#2259=LINE('',#13872,#2913);
#2260=LINE('',#13878,#2914);
#2261=LINE('',#13881,#2915);
#2262=LINE('',#13882,#2916);
#2263=LINE('',#13887,#2917);
#2264=LINE('',#13888,#2918);
#2265=LINE('',#13894,#2919);
#2266=LINE('',#13897,#2920);
#2267=LINE('',#13904,#2921);
#2268=LINE('',#13907,#2922);
#2269=LINE('',#13914,#2923);
#2270=LINE('',#13917,#2924);
#2271=LINE('',#13924,#2925);
#2272=LINE('',#13927,#2926);
#2273=LINE('',#13934,#2927);
#2274=LINE('',#13937,#2928);
#2275=LINE('',#13944,#2929);
#2276=LINE('',#13947,#2930);
#2277=LINE('',#13954,#2931);
#2278=LINE('',#13957,#2932);
#2279=LINE('',#13964,#2933);
#2280=LINE('',#13967,#2934);
#2281=LINE('',#13978,#2935);
#2282=LINE('',#13982,#2936);
#2283=LINE('',#13997,#2937);
#2284=LINE('',#14005,#2938);
#2285=LINE('',#14013,#2939);
#2286=LINE('',#14020,#2940);
#2287=LINE('',#14031,#2941);
#2288=LINE('',#14051,#2942);
#2289=LINE('',#14059,#2943);
#2290=LINE('',#14071,#2944);
#2291=LINE('',#14079,#2945);
#2292=LINE('',#14081,#2946);
#2293=LINE('',#14085,#2947);
#2294=LINE('',#14086,#2948);
#2295=LINE('',#14096,#2949);
#2296=LINE('',#14098,#2950);
#2297=LINE('',#14100,#2951);
#2298=LINE('',#14103,#2952);
#2299=LINE('',#14104,#2953);
#2300=LINE('',#14106,#2954);
#2301=LINE('',#14109,#2955);
#2302=LINE('',#14111,#2956);
#2303=LINE('',#14113,#2957);
#2304=LINE('',#14115,#2958);
#2305=LINE('',#14117,#2959);
#2306=LINE('',#14119,#2960);
#2307=LINE('',#14121,#2961);
#2308=LINE('',#14124,#2962);
#2309=LINE('',#14126,#2963);
#2310=LINE('',#14128,#2964);
#2311=LINE('',#14131,#2965);
#2312=LINE('',#14132,#2966);
#2313=LINE('',#14134,#2967);
#2314=LINE('',#14137,#2968);
#2315=LINE('',#14139,#2969);
#2316=LINE('',#14141,#2970);
#2317=LINE('',#14144,#2971);
#2318=LINE('',#14147,#2972);
#2319=LINE('',#14149,#2973);
#2320=LINE('',#14151,#2974);
#2321=LINE('',#14153,#2975);
#2322=LINE('',#14155,#2976);
#2323=LINE('',#14157,#2977);
#2324=LINE('',#14159,#2978);
#2325=LINE('',#14161,#2979);
#2326=LINE('',#14163,#2980);
#2327=LINE('',#14165,#2981);
#2328=LINE('',#14167,#2982);
#2329=LINE('',#14169,#2983);
#2330=LINE('',#14171,#2984);
#2331=LINE('',#14173,#2985);
#2332=LINE('',#14175,#2986);
#2333=LINE('',#14178,#2987);
#2334=LINE('',#14180,#2988);
#2335=LINE('',#14182,#2989);
#2336=LINE('',#14185,#2990);
#2337=LINE('',#14192,#2991);
#2338=LINE('',#14218,#2992);
#2339=LINE('',#14252,#2993);
#2340=LINE('',#14281,#2994);
#2341=LINE('',#14283,#2995);
#2342=LINE('',#14341,#2996);
#2343=LINE('',#14367,#2997);
#2344=LINE('',#14369,#2998);
#2345=LINE('',#14370,#2999);
#2346=LINE('',#14372,#3000);
#2347=LINE('',#14374,#3001);
#2348=LINE('',#14375,#3002);
#2349=LINE('',#14376,#3003);
#2350=LINE('',#14379,#3004);
#2351=LINE('',#14381,#3005);
#2352=LINE('',#14383,#3006);
#2353=LINE('',#14384,#3007);
#2354=LINE('',#14387,#3008);
#2355=LINE('',#14389,#3009);
#2356=LINE('',#14391,#3010);
#2357=LINE('',#14392,#3011);
#2358=LINE('',#14395,#3012);
#2359=LINE('',#14397,#3013);
#2360=LINE('',#14399,#3014);
#2361=LINE('',#14400,#3015);
#2362=LINE('',#14436,#3016);
#2363=LINE('',#14439,#3017);
#2364=LINE('',#14440,#3018);
#2365=LINE('',#14489,#3019);
#2366=LINE('',#14491,#3020);
#2367=LINE('',#14492,#3021);
#2368=LINE('',#14494,#3022);
#2369=LINE('',#14496,#3023);
#2370=LINE('',#14497,#3024);
#2371=LINE('',#14499,#3025);
#2372=LINE('',#14501,#3026);
#2373=LINE('',#14502,#3027);
#2374=LINE('',#14504,#3028);
#2375=LINE('',#14506,#3029);
#2376=LINE('',#14507,#3030);
#2377=LINE('',#14508,#3031);
#2378=LINE('',#14511,#3032);
#2379=LINE('',#14513,#3033);
#2380=LINE('',#14515,#3034);
#2381=LINE('',#14516,#3035);
#2382=LINE('',#14519,#3036);
#2383=LINE('',#14521,#3037);
#2384=LINE('',#14523,#3038);
#2385=LINE('',#14524,#3039);
#2386=LINE('',#14527,#3040);
#2387=LINE('',#14529,#3041);
#2388=LINE('',#14531,#3042);
#2389=LINE('',#14532,#3043);
#2390=LINE('',#14535,#3044);
#2391=LINE('',#14537,#3045);
#2392=LINE('',#14539,#3046);
#2393=LINE('',#14540,#3047);
#2394=LINE('',#14581,#3048);
#2395=LINE('',#14606,#3049);
#2396=LINE('',#14625,#3050);
#2397=LINE('',#14627,#3051);
#2398=LINE('',#14629,#3052);
#2399=LINE('',#14630,#3053);
#2400=LINE('',#14632,#3054);
#2401=LINE('',#14633,#3055);
#2402=LINE('',#14635,#3056);
#2403=LINE('',#14637,#3057);
#2404=LINE('',#14642,#3058);
#2405=LINE('',#14644,#3059);
#2406=LINE('',#14646,#3060);
#2407=LINE('',#14647,#3061);
#2408=LINE('',#14649,#3062);
#2409=LINE('',#14650,#3063);
#2410=LINE('',#14652,#3064);
#2411=LINE('',#14654,#3065);
#2412=LINE('',#14659,#3066);
#2413=LINE('',#14661,#3067);
#2414=LINE('',#14663,#3068);
#2415=LINE('',#14664,#3069);
#2416=LINE('',#14666,#3070);
#2417=LINE('',#14667,#3071);
#2418=LINE('',#14669,#3072);
#2419=LINE('',#14671,#3073);
#2420=LINE('',#14676,#3074);
#2421=LINE('',#14678,#3075);
#2422=LINE('',#14680,#3076);
#2423=LINE('',#14681,#3077);
#2424=LINE('',#14683,#3078);
#2425=LINE('',#14684,#3079);
#2426=LINE('',#14686,#3080);
#2427=LINE('',#14688,#3081);
#2428=LINE('',#14693,#3082);
#2429=LINE('',#14695,#3083);
#2430=LINE('',#14697,#3084);
#2431=LINE('',#14698,#3085);
#2432=LINE('',#14700,#3086);
#2433=LINE('',#14701,#3087);
#2434=LINE('',#14703,#3088);
#2435=LINE('',#14705,#3089);
#2436=LINE('',#14710,#3090);
#2437=LINE('',#14712,#3091);
#2438=LINE('',#14714,#3092);
#2439=LINE('',#14715,#3093);
#2440=LINE('',#14717,#3094);
#2441=LINE('',#14718,#3095);
#2442=LINE('',#14720,#3096);
#2443=LINE('',#14722,#3097);
#2444=LINE('',#14727,#3098);
#2445=LINE('',#14729,#3099);
#2446=LINE('',#14731,#3100);
#2447=LINE('',#14732,#3101);
#2448=LINE('',#14734,#3102);
#2449=LINE('',#14735,#3103);
#2450=LINE('',#14737,#3104);
#2451=LINE('',#14739,#3105);
#2452=LINE('',#14744,#3106);
#2453=LINE('',#14746,#3107);
#2454=LINE('',#14748,#3108);
#2455=LINE('',#14749,#3109);
#2456=LINE('',#14751,#3110);
#2457=LINE('',#14752,#3111);
#2458=LINE('',#14754,#3112);
#2459=LINE('',#14756,#3113);
#2460=LINE('',#14761,#3114);
#2461=LINE('',#14763,#3115);
#2462=LINE('',#14765,#3116);
#2463=LINE('',#14766,#3117);
#2464=LINE('',#14768,#3118);
#2465=LINE('',#14769,#3119);
#2466=LINE('',#14771,#3120);
#2467=LINE('',#14773,#3121);
#2468=LINE('',#14778,#3122);
#2469=LINE('',#14780,#3123);
#2470=LINE('',#14782,#3124);
#2471=LINE('',#14783,#3125);
#2472=LINE('',#14785,#3126);
#2473=LINE('',#14786,#3127);
#2474=LINE('',#14788,#3128);
#2475=LINE('',#14790,#3129);
#2476=LINE('',#14795,#3130);
#2477=LINE('',#14797,#3131);
#2478=LINE('',#14799,#3132);
#2479=LINE('',#14800,#3133);
#2480=LINE('',#14802,#3134);
#2481=LINE('',#14803,#3135);
#2482=LINE('',#14805,#3136);
#2483=LINE('',#14807,#3137);
#2484=LINE('',#14812,#3138);
#2485=LINE('',#14813,#3139);
#2486=LINE('',#14823,#3140);
#2487=LINE('',#14833,#3141);
#2488=LINE('',#14837,#3142);
#2489=LINE('',#14843,#3143);
#2490=LINE('',#14850,#3144);
#2491=LINE('',#14854,#3145);
#2492=LINE('',#14855,#3146);
#2493=LINE('',#14872,#3147);
#2494=LINE('',#14875,#3148);
#2495=LINE('',#14891,#3149);
#2496=LINE('',#14892,#3150);
#2497=LINE('',#14895,#3151);
#2498=LINE('',#14896,#3152);
#2499=LINE('',#14905,#3153);
#2500=LINE('',#14909,#3154);
#2501=LINE('',#14913,#3155);
#2502=LINE('',#14924,#3156);
#2503=LINE('',#14926,#3157);
#2504=LINE('',#14933,#3158);
#2505=LINE('',#14936,#3159);
#2506=LINE('',#14955,#3160);
#2507=LINE('',#14956,#3161);
#2508=LINE('',#14959,#3162);
#2509=LINE('',#14960,#3163);
#2510=LINE('',#14969,#3164);
#2511=LINE('',#14973,#3165);
#2512=LINE('',#14977,#3166);
#2513=LINE('',#14984,#3167);
#2514=LINE('',#14985,#3168);
#2515=LINE('',#15000,#3169);
#2516=LINE('',#15003,#3170);
#2517=LINE('',#15007,#3171);
#2518=LINE('',#15008,#3172);
#2519=LINE('',#15009,#3173);
#2520=LINE('',#15026,#3174);
#2521=LINE('',#15033,#3175);
#2522=LINE('',#15037,#3176);
#2523=LINE('',#15041,#3177);
#2524=LINE('',#15043,#3178);
#2525=LINE('',#15044,#3179);
#2526=LINE('',#15061,#3180);
#2527=LINE('',#15065,#3181);
#2528=LINE('',#15071,#3182);
#2529=LINE('',#15074,#3183);
#2530=LINE('',#15084,#3184);
#2531=LINE('',#15085,#3185);
#2532=LINE('',#15110,#3186);
#2533=LINE('',#15111,#3187);
#2534=LINE('',#15114,#3188);
#2535=LINE('',#15116,#3189);
#2536=LINE('',#15117,#3190);
#2537=LINE('',#15124,#3191);
#2538=LINE('',#15135,#3192);
#2539=LINE('',#15142,#3193);
#2540=LINE('',#15148,#3194);
#2541=LINE('',#15151,#3195);
#2542=LINE('',#15152,#3196);
#2543=LINE('',#15159,#3197);
#2544=LINE('',#15163,#3198);
#2545=LINE('',#15167,#3199);
#2546=LINE('',#15174,#3200);
#2547=LINE('',#15175,#3201);
#2548=LINE('',#15190,#3202);
#2549=LINE('',#15193,#3203);
#2550=LINE('',#15197,#3204);
#2551=LINE('',#15198,#3205);
#2552=LINE('',#15199,#3206);
#2553=LINE('',#15216,#3207);
#2554=LINE('',#15223,#3208);
#2555=LINE('',#15227,#3209);
#2556=LINE('',#15231,#3210);
#2557=LINE('',#15238,#3211);
#2558=LINE('',#15239,#3212);
#2559=VECTOR('',#9438,10.);
#2560=VECTOR('',#9443,10.);
#2561=VECTOR('',#9444,10.);
#2562=VECTOR('',#9449,10.);
#2563=VECTOR('',#9452,10.);
#2564=VECTOR('',#9457,10.);
#2565=VECTOR('',#9460,10.);
#2566=VECTOR('',#9463,10.);
#2567=VECTOR('',#9466,10.);
#2568=VECTOR('',#9471,10.);
#2569=VECTOR('',#9474,10.);
#2570=VECTOR('',#9479,10.);
#2571=VECTOR('',#9482,10.);
#2572=VECTOR('',#9487,10.);
#2573=VECTOR('',#9488,10.);
#2574=VECTOR('',#9491,10.);
#2575=VECTOR('',#9496,10.);
#2576=VECTOR('',#9497,10.);
#2577=VECTOR('',#9500,10.);
#2578=VECTOR('',#9503,10.);
#2579=VECTOR('',#9506,10.);
#2580=VECTOR('',#9509,10.);
#2581=VECTOR('',#9510,10.);
#2582=VECTOR('',#9513,10.);
#2583=VECTOR('',#9514,10.);
#2584=VECTOR('',#9519,10.);
#2585=VECTOR('',#9520,10.);
#2586=VECTOR('',#9521,10.);
#2587=VECTOR('',#9522,10.);
#2588=VECTOR('',#9531,10.);
#2589=VECTOR('',#9536,10.);
#2590=VECTOR('',#9539,10.);
#2591=VECTOR('',#9544,10.);
#2592=VECTOR('',#9551,10.);
#2593=VECTOR('',#9552,10.);
#2594=VECTOR('',#9557,10.);
#2595=VECTOR('',#9560,10.);
#2596=VECTOR('',#9561,10.);
#2597=VECTOR('',#9562,10.);
#2598=VECTOR('',#9565,10.);
#2599=VECTOR('',#9566,10.);
#2600=VECTOR('',#9567,10.);
#2601=VECTOR('',#9568,10.);
#2602=VECTOR('',#9571,3.75);
#2603=VECTOR('',#9576,10.);
#2604=VECTOR('',#9579,10.);
#2605=VECTOR('',#9582,10.);
#2606=VECTOR('',#9585,10.);
#2607=VECTOR('',#9588,10.);
#2608=VECTOR('',#9591,10.);
#2609=VECTOR('',#9592,10.);
#2610=VECTOR('',#9593,10.);
#2611=VECTOR('',#9594,10.);
#2612=VECTOR('',#9595,10.);
#2613=VECTOR('',#9598,10.);
#2614=VECTOR('',#9599,10.);
#2615=VECTOR('',#9602,10.);
#2616=VECTOR('',#9603,10.);
#2617=VECTOR('',#9610,10.);
#2618=VECTOR('',#9611,10.);
#2619=VECTOR('',#9612,10.);
#2620=VECTOR('',#9617,10.);
#2621=VECTOR('',#9628,10.);
#2622=VECTOR('',#9635,10.);
#2623=VECTOR('',#9642,10.);
#2624=VECTOR('',#9649,10.);
#2625=VECTOR('',#9656,10.);
#2626=VECTOR('',#9667,10.);
#2627=VECTOR('',#9674,10.);
#2628=VECTOR('',#9681,10.);
#2629=VECTOR('',#9690,10.);
#2630=VECTOR('',#9697,10.);
#2631=VECTOR('',#9704,10.);
#2632=VECTOR('',#9711,10.);
#2633=VECTOR('',#9718,10.);
#2634=VECTOR('',#9729,10.);
#2635=VECTOR('',#9750,10.);
#2636=VECTOR('',#9751,10.);
#2637=VECTOR('',#9752,10.);
#2638=VECTOR('',#9753,10.);
#2639=VECTOR('',#9756,10.);
#2640=VECTOR('',#9757,10.);
#2641=VECTOR('',#9760,10.);
#2642=VECTOR('',#9763,10.);
#2643=VECTOR('',#9770,2.6);
#2644=VECTOR('',#9775,2.1);
#2645=VECTOR('',#9786,2.6);
#2646=VECTOR('',#9791,2.1);
#2647=VECTOR('',#9800,5.5);
#2648=VECTOR('',#9805,5.);
#2649=VECTOR('',#9808,5.5);
#2650=VECTOR('',#9813,5.);
#2651=VECTOR('',#9816,4.);
#2652=VECTOR('',#9823,3.);
#2653=VECTOR('',#9826,4.);
#2654=VECTOR('',#9833,3.);
#2655=VECTOR('',#9836,4.);
#2656=VECTOR('',#9843,3.);
#2657=VECTOR('',#9846,4.);
#2658=VECTOR('',#9853,3.);
#2659=VECTOR('',#9856,4.);
#2660=VECTOR('',#9863,3.);
#2661=VECTOR('',#9866,4.);
#2662=VECTOR('',#9873,3.);
#2663=VECTOR('',#9878,0.999999999999996);
#2664=VECTOR('',#9889,0.999999999999996);
#2665=VECTOR('',#9900,0.999999999999996);
#2666=VECTOR('',#9911,0.999999999999996);
#2667=VECTOR('',#9924,0.999999999999996);
#2668=VECTOR('',#9935,0.999999999999996);
#2669=VECTOR('',#9948,2.6);
#2670=VECTOR('',#9955,2.1);
#2671=VECTOR('',#9964,2.6);
#2672=VECTOR('',#9971,2.1);
#2673=VECTOR('',#9980,2.6);
#2674=VECTOR('',#9987,2.10000000000001);
#2675=VECTOR('',#9996,2.6);
#2676=VECTOR('',#10003,2.10000000000001);
#2677=VECTOR('',#10012,2.6);
#2678=VECTOR('',#10019,2.10000000000001);
#2679=VECTOR('',#10028,2.6);
#2680=VECTOR('',#10035,2.10000000000001);
#2681=VECTOR('',#10044,2.6);
#2682=VECTOR('',#10051,2.1);
#2683=VECTOR('',#10060,2.6);
#2684=VECTOR('',#10067,2.1);
#2685=VECTOR('',#10076,2.6);
#2686=VECTOR('',#10083,2.1);
#2687=VECTOR('',#10092,2.6);
#2688=VECTOR('',#10099,2.1);
#2689=VECTOR('',#10108,2.6);
#2690=VECTOR('',#10115,2.1);
#2691=VECTOR('',#10124,2.6);
#2692=VECTOR('',#10131,2.1);
#2693=VECTOR('',#10138,2.60000000000001);
#2694=VECTOR('',#10149,2.10000000000001);
#2695=VECTOR('',#10154,2.60000000000001);
#2696=VECTOR('',#10163,2.10000000000001);
#2697=VECTOR('',#10170,2.60000000000001);
#2698=VECTOR('',#10179,2.10000000000001);
#2699=VECTOR('',#10186,2.60000000000001);
#2700=VECTOR('',#10195,2.10000000000001);
#2701=VECTOR('',#10200,10.);
#2702=VECTOR('',#10201,10.);
#2703=VECTOR('',#10202,10.);
#2704=VECTOR('',#10205,10.);
#2705=VECTOR('',#10210,10.);
#2706=VECTOR('',#10211,10.);
#2707=VECTOR('',#10214,10.);
#2708=VECTOR('',#10219,10.);
#2709=VECTOR('',#10220,10.);
#2710=VECTOR('',#10223,10.);
#2711=VECTOR('',#10228,10.);
#2712=VECTOR('',#10229,10.);
#2713=VECTOR('',#10236,10.);
#2714=VECTOR('',#10239,10.);
#2715=VECTOR('',#10242,10.);
#2716=VECTOR('',#10245,10.);
#2717=VECTOR('',#10248,10.);
#2718=VECTOR('',#10249,10.);
#2719=VECTOR('',#10250,10.);
#2720=VECTOR('',#10251,10.);
#2721=VECTOR('',#10252,10.);
#2722=VECTOR('',#10253,10.);
#2723=VECTOR('',#10254,10.);
#2724=VECTOR('',#10255,10.);
#2725=VECTOR('',#10256,10.);
#2726=VECTOR('',#10257,10.);
#2727=VECTOR('',#10258,10.);
#2728=VECTOR('',#10259,10.);
#2729=VECTOR('',#10260,10.);
#2730=VECTOR('',#10261,10.);
#2731=VECTOR('',#10262,10.);
#2732=VECTOR('',#10263,10.);
#2733=VECTOR('',#10264,10.);
#2734=VECTOR('',#10265,10.);
#2735=VECTOR('',#10266,10.);
#2736=VECTOR('',#10267,10.);
#2737=VECTOR('',#10268,10.);
#2738=VECTOR('',#10269,10.);
#2739=VECTOR('',#10270,10.);
#2740=VECTOR('',#10271,10.);
#2741=VECTOR('',#10272,10.);
#2742=VECTOR('',#10273,10.);
#2743=VECTOR('',#10274,10.);
#2744=VECTOR('',#10275,10.);
#2745=VECTOR('',#10276,10.);
#2746=VECTOR('',#10277,10.);
#2747=VECTOR('',#10278,10.);
#2748=VECTOR('',#10279,10.);
#2749=VECTOR('',#10280,10.);
#2750=VECTOR('',#10281,10.);
#2751=VECTOR('',#10284,10.);
#2752=VECTOR('',#10287,10.);
#2753=VECTOR('',#10290,10.);
#2754=VECTOR('',#10295,10.);
#2755=VECTOR('',#10296,10.);
#2756=VECTOR('',#10297,10.);
#2757=VECTOR('',#10298,10.);
#2758=VECTOR('',#10299,10.);
#2759=VECTOR('',#10300,10.);
#2760=VECTOR('',#10301,10.);
#2761=VECTOR('',#10302,10.);
#2762=VECTOR('',#10305,10.);
#2763=VECTOR('',#10308,10.);
#2764=VECTOR('',#10311,10.);
#2765=VECTOR('',#10316,10.);
#2766=VECTOR('',#10317,10.);
#2767=VECTOR('',#10318,10.);
#2768=VECTOR('',#10321,10.);
#2769=VECTOR('',#10324,10.);
#2770=VECTOR('',#10327,10.);
#2771=VECTOR('',#10328,10.);
#2772=VECTOR('',#10329,10.);
#2773=VECTOR('',#10332,10.);
#2774=VECTOR('',#10333,10.);
#2775=VECTOR('',#10338,10.);
#2776=VECTOR('',#10339,10.);
#2777=VECTOR('',#10342,10.);
#2778=VECTOR('',#10343,10.);
#2779=VECTOR('',#10344,10.);
#2780=VECTOR('',#10347,10.);
#2781=VECTOR('',#10348,10.);
#2782=VECTOR('',#10349,10.);
#2783=VECTOR('',#10352,10.);
#2784=VECTOR('',#10389,10.);
#2785=VECTOR('',#10390,10.);
#2786=VECTOR('',#10393,10.);
#2787=VECTOR('',#10396,10.);
#2788=VECTOR('',#10397,10.);
#2789=VECTOR('',#10400,10.);
#2790=VECTOR('',#10401,10.);
#2791=VECTOR('',#10406,10.);
#2792=VECTOR('',#10407,10.);
#2793=VECTOR('',#10408,10.);
#2794=VECTOR('',#10417,10.);
#2795=VECTOR('',#10426,10.);
#2796=VECTOR('',#10431,10.);
#2797=VECTOR('',#10436,10.);
#2798=VECTOR('',#10441,10.);
#2799=VECTOR('',#10446,10.);
#2800=VECTOR('',#10455,10.);
#2801=VECTOR('',#10460,10.);
#2802=VECTOR('',#10465,10.);
#2803=VECTOR('',#10492,10.);
#2804=VECTOR('',#10497,10.);
#2805=VECTOR('',#10502,10.);
#2806=VECTOR('',#10511,10.);
#2807=VECTOR('',#10516,10.);
#2808=VECTOR('',#10521,10.);
#2809=VECTOR('',#10530,10.);
#2810=VECTOR('',#10535,10.);
#2811=VECTOR('',#10540,10.);
#2812=VECTOR('',#10545,10.);
#2813=VECTOR('',#10550,10.);
#2814=VECTOR('',#10559,10.);
#2815=VECTOR('',#10564,10.);
#2816=VECTOR('',#10569,10.);
#2817=VECTOR('',#10578,10.);
#2818=VECTOR('',#10583,10.);
#2819=VECTOR('',#10596,10.);
#2820=VECTOR('',#10597,10.);
#2821=VECTOR('',#10598,10.);
#2822=VECTOR('',#10601,10.);
#2823=VECTOR('',#10602,10.);
#2824=VECTOR('',#10605,10.);
#2825=VECTOR('',#10606,10.);
#2826=VECTOR('',#10607,10.);
#2827=VECTOR('',#10612,10.);
#2828=VECTOR('',#10613,10.);
#2829=VECTOR('',#10614,10.);
#2830=VECTOR('',#10615,10.);
#2831=VECTOR('',#10622,10.);
#2832=VECTOR('',#10625,10.);
#2833=VECTOR('',#10628,10.);
#2834=VECTOR('',#10631,10.);
#2835=VECTOR('',#10632,10.);
#2836=VECTOR('',#10635,10.);
#2837=VECTOR('',#10640,10.);
#2838=VECTOR('',#10643,10.);
#2839=VECTOR('',#10648,10.);
#2840=VECTOR('',#10651,10.);
#2841=VECTOR('',#10652,10.);
#2842=VECTOR('',#10653,10.);
#2843=VECTOR('',#10656,10.);
#2844=VECTOR('',#10659,10.);
#2845=VECTOR('',#10664,10.);
#2846=VECTOR('',#10667,10.);
#2847=VECTOR('',#10670,10.);
#2848=VECTOR('',#10671,10.);
#2849=VECTOR('',#10672,10.);
#2850=VECTOR('',#10675,10.);
#2851=VECTOR('',#10680,10.);
#2852=VECTOR('',#10681,10.);
#2853=VECTOR('',#10686,10.);
#2854=VECTOR('',#10687,10.);
#2855=VECTOR('',#10690,10.);
#2856=VECTOR('',#10691,10.);
#2857=VECTOR('',#10692,10.);
#2858=VECTOR('',#10695,10.);
#2859=VECTOR('',#10696,10.);
#2860=VECTOR('',#10697,10.);
#2861=VECTOR('',#10700,10.);
#2862=VECTOR('',#10705,10.);
#2863=VECTOR('',#10706,10.);
#2864=VECTOR('',#10711,10.);
#2865=VECTOR('',#10712,10.);
#2866=VECTOR('',#10717,10.);
#2867=VECTOR('',#10718,10.);
#2868=VECTOR('',#10723,10.);
#2869=VECTOR('',#10724,10.);
#2870=VECTOR('',#10729,10.);
#2871=VECTOR('',#10730,10.);
#2872=VECTOR('',#10731,10.);
#2873=VECTOR('',#10734,10.);
#2874=VECTOR('',#10739,10.);
#2875=VECTOR('',#10740,10.);
#2876=VECTOR('',#10745,10.);
#2877=VECTOR('',#10746,10.);
#2878=VECTOR('',#10747,10.);
#2879=VECTOR('',#10750,10.);
#2880=VECTOR('',#10755,10.);
#2881=VECTOR('',#10756,10.);
#2882=VECTOR('',#10761,10.);
#2883=VECTOR('',#10762,10.);
#2884=VECTOR('',#10765,10.);
#2885=VECTOR('',#10766,10.);
#2886=VECTOR('',#10767,10.);
#2887=VECTOR('',#10770,10.);
#2888=VECTOR('',#10771,10.);
#2889=VECTOR('',#10772,10.);
#2890=VECTOR('',#10775,10.);
#2891=VECTOR('',#10776,10.);
#2892=VECTOR('',#10777,10.);
#2893=VECTOR('',#10782,10.);
#2894=VECTOR('',#10785,10.);
#2895=VECTOR('',#10794,10.);
#2896=VECTOR('',#10795,10.);
#2897=VECTOR('',#10804,10.);
#2898=VECTOR('',#10805,10.);
#2899=VECTOR('',#10812,10.);
#2900=VECTOR('',#10817,10.);
#2901=VECTOR('',#10820,10.);
#2902=VECTOR('',#10829,10.);
#2903=VECTOR('',#10830,10.);
#2904=VECTOR('',#10839,10.);
#2905=VECTOR('',#10840,10.);
#2906=VECTOR('',#10847,10.);
#2907=VECTOR('',#10848,10.);
#2908=VECTOR('',#10857,10.);
#2909=VECTOR('',#10860,10.);
#2910=VECTOR('',#10861,10.);
#2911=VECTOR('',#10870,10.);
#2912=VECTOR('',#10873,10.);
#2913=VECTOR('',#10874,10.);
#2914=VECTOR('',#10883,10.);
#2915=VECTOR('',#10886,10.);
#2916=VECTOR('',#10887,10.);
#2917=VECTOR('',#10894,10.);
#2918=VECTOR('',#10895,10.);
#2919=VECTOR('',#10904,10.);
#2920=VECTOR('',#10907,10.);
#2921=VECTOR('',#10918,10.);
#2922=VECTOR('',#10921,10.);
#2923=VECTOR('',#10932,10.);
#2924=VECTOR('',#10935,10.);
#2925=VECTOR('',#10946,10.);
#2926=VECTOR('',#10949,10.);
#2927=VECTOR('',#10960,10.);
#2928=VECTOR('',#10963,10.);
#2929=VECTOR('',#10974,10.);
#2930=VECTOR('',#10977,10.);
#2931=VECTOR('',#10988,10.);
#2932=VECTOR('',#10991,10.);
#2933=VECTOR('',#11002,10.);
#2934=VECTOR('',#11005,10.);
#2935=VECTOR('',#11018,10.);
#2936=VECTOR('',#11023,10.);
#2937=VECTOR('',#11038,10.);
#2938=VECTOR('',#11045,10.);
#2939=VECTOR('',#11052,10.);
#2940=VECTOR('',#11059,10.);
#2941=VECTOR('',#11070,10.);
#2942=VECTOR('',#11091,10.);
#2943=VECTOR('',#11098,10.);
#2944=VECTOR('',#11111,10.);
#2945=VECTOR('',#11122,10.);
#2946=VECTOR('',#11125,10.);
#2947=VECTOR('',#11130,10.);
#2948=VECTOR('',#11131,10.);
#2949=VECTOR('',#11138,10.);
#2950=VECTOR('',#11141,10.);
#2951=VECTOR('',#11144,10.);
#2952=VECTOR('',#11149,10.);
#2953=VECTOR('',#11150,10.);
#2954=VECTOR('',#11153,10.);
#2955=VECTOR('',#11158,10.);
#2956=VECTOR('',#11161,10.);
#2957=VECTOR('',#11164,10.);
#2958=VECTOR('',#11167,10.);
#2959=VECTOR('',#11170,10.);
#2960=VECTOR('',#11173,10.);
#2961=VECTOR('',#11176,10.);
#2962=VECTOR('',#11181,10.);
#2963=VECTOR('',#11184,10.);
#2964=VECTOR('',#11187,10.);
#2965=VECTOR('',#11192,10.);
#2966=VECTOR('',#11193,10.);
#2967=VECTOR('',#11196,10.);
#2968=VECTOR('',#11201,10.);
#2969=VECTOR('',#11204,10.);
#2970=VECTOR('',#11207,10.);
#2971=VECTOR('',#11212,10.);
#2972=VECTOR('',#11217,10.);
#2973=VECTOR('',#11220,10.);
#2974=VECTOR('',#11223,10.);
#2975=VECTOR('',#11226,10.);
#2976=VECTOR('',#11229,10.);
#2977=VECTOR('',#11232,10.);
#2978=VECTOR('',#11235,10.);
#2979=VECTOR('',#11238,10.);
#2980=VECTOR('',#11241,10.);
#2981=VECTOR('',#11244,10.);
#2982=VECTOR('',#11247,10.);
#2983=VECTOR('',#11250,10.);
#2984=VECTOR('',#11253,10.);
#2985=VECTOR('',#11256,10.);
#2986=VECTOR('',#11259,10.);
#2987=VECTOR('',#11264,10.);
#2988=VECTOR('',#11267,10.);
#2989=VECTOR('',#11270,10.);
#2990=VECTOR('',#11275,10.);
#2991=VECTOR('',#11282,10.);
#2992=VECTOR('',#11283,10.);
#2993=VECTOR('',#11288,10.);
#2994=VECTOR('',#11291,10.);
#2995=VECTOR('',#11294,10.);
#2996=VECTOR('',#11313,10.);
#2997=VECTOR('',#11326,10.);
#2998=VECTOR('',#11327,10.);
#2999=VECTOR('',#11328,10.);
#3000=VECTOR('',#11329,10.);
#3001=VECTOR('',#11330,10.);
#3002=VECTOR('',#11331,10.);
#3003=VECTOR('',#11332,10.);
#3004=VECTOR('',#11333,10.);
#3005=VECTOR('',#11334,10.);
#3006=VECTOR('',#11335,10.);
#3007=VECTOR('',#11336,10.);
#3008=VECTOR('',#11337,10.);
#3009=VECTOR('',#11338,10.);
#3010=VECTOR('',#11339,10.);
#3011=VECTOR('',#11340,10.);
#3012=VECTOR('',#11341,10.);
#3013=VECTOR('',#11342,10.);
#3014=VECTOR('',#11343,10.);
#3015=VECTOR('',#11344,10.);
#3016=VECTOR('',#11369,10.);
#3017=VECTOR('',#11372,10.);
#3018=VECTOR('',#11373,10.);
#3019=VECTOR('',#11380,10.);
#3020=VECTOR('',#11381,10.);
#3021=VECTOR('',#11382,10.);
#3022=VECTOR('',#11383,10.);
#3023=VECTOR('',#11384,10.);
#3024=VECTOR('',#11385,10.);
#3025=VECTOR('',#11386,10.);
#3026=VECTOR('',#11387,10.);
#3027=VECTOR('',#11388,10.);
#3028=VECTOR('',#11389,10.);
#3029=VECTOR('',#11390,10.);
#3030=VECTOR('',#11391,10.);
#3031=VECTOR('',#11392,10.);
#3032=VECTOR('',#11393,10.);
#3033=VECTOR('',#11394,10.);
#3034=VECTOR('',#11395,10.);
#3035=VECTOR('',#11396,10.);
#3036=VECTOR('',#11397,10.);
#3037=VECTOR('',#11398,10.);
#3038=VECTOR('',#11399,10.);
#3039=VECTOR('',#11400,10.);
#3040=VECTOR('',#11401,10.);
#3041=VECTOR('',#11402,10.);
#3042=VECTOR('',#11403,10.);
#3043=VECTOR('',#11404,10.);
#3044=VECTOR('',#11405,10.);
#3045=VECTOR('',#11406,10.);
#3046=VECTOR('',#11407,10.);
#3047=VECTOR('',#11408,10.);
#3048=VECTOR('',#11443,10.);
#3049=VECTOR('',#11446,10.);
#3050=VECTOR('',#11479,10.);
#3051=VECTOR('',#11480,10.);
#3052=VECTOR('',#11481,10.);
#3053=VECTOR('',#11482,10.);
#3054=VECTOR('',#11485,10.);
#3055=VECTOR('',#11486,10.);
#3056=VECTOR('',#11489,10.);
#3057=VECTOR('',#11492,10.);
#3058=VECTOR('',#11497,10.);
#3059=VECTOR('',#11498,10.);
#3060=VECTOR('',#11499,10.);
#3061=VECTOR('',#11500,10.);
#3062=VECTOR('',#11503,10.);
#3063=VECTOR('',#11504,10.);
#3064=VECTOR('',#11507,10.);
#3065=VECTOR('',#11510,10.);
#3066=VECTOR('',#11515,10.);
#3067=VECTOR('',#11516,10.);
#3068=VECTOR('',#11517,10.);
#3069=VECTOR('',#11518,10.);
#3070=VECTOR('',#11521,10.);
#3071=VECTOR('',#11522,10.);
#3072=VECTOR('',#11525,10.);
#3073=VECTOR('',#11528,10.);
#3074=VECTOR('',#11533,10.);
#3075=VECTOR('',#11534,10.);
#3076=VECTOR('',#11535,10.);
#3077=VECTOR('',#11536,10.);
#3078=VECTOR('',#11539,10.);
#3079=VECTOR('',#11540,10.);
#3080=VECTOR('',#11543,10.);
#3081=VECTOR('',#11546,10.);
#3082=VECTOR('',#11551,10.);
#3083=VECTOR('',#11552,10.);
#3084=VECTOR('',#11553,10.);
#3085=VECTOR('',#11554,10.);
#3086=VECTOR('',#11557,10.);
#3087=VECTOR('',#11558,10.);
#3088=VECTOR('',#11561,10.);
#3089=VECTOR('',#11564,10.);
#3090=VECTOR('',#11569,10.);
#3091=VECTOR('',#11570,10.);
#3092=VECTOR('',#11571,10.);
#3093=VECTOR('',#11572,10.);
#3094=VECTOR('',#11575,10.);
#3095=VECTOR('',#11576,10.);
#3096=VECTOR('',#11579,10.);
#3097=VECTOR('',#11582,10.);
#3098=VECTOR('',#11587,10.);
#3099=VECTOR('',#11588,10.);
#3100=VECTOR('',#11589,10.);
#3101=VECTOR('',#11590,10.);
#3102=VECTOR('',#11593,10.);
#3103=VECTOR('',#11594,10.);
#3104=VECTOR('',#11597,10.);
#3105=VECTOR('',#11600,10.);
#3106=VECTOR('',#11605,10.);
#3107=VECTOR('',#11606,10.);
#3108=VECTOR('',#11607,10.);
#3109=VECTOR('',#11608,10.);
#3110=VECTOR('',#11611,10.);
#3111=VECTOR('',#11612,10.);
#3112=VECTOR('',#11615,10.);
#3113=VECTOR('',#11618,10.);
#3114=VECTOR('',#11623,10.);
#3115=VECTOR('',#11624,10.);
#3116=VECTOR('',#11625,10.);
#3117=VECTOR('',#11626,10.);
#3118=VECTOR('',#11629,10.);
#3119=VECTOR('',#11630,10.);
#3120=VECTOR('',#11633,10.);
#3121=VECTOR('',#11636,10.);
#3122=VECTOR('',#11641,10.);
#3123=VECTOR('',#11642,10.);
#3124=VECTOR('',#11643,10.);
#3125=VECTOR('',#11644,10.);
#3126=VECTOR('',#11647,10.);
#3127=VECTOR('',#11648,10.);
#3128=VECTOR('',#11651,10.);
#3129=VECTOR('',#11654,10.);
#3130=VECTOR('',#11659,10.);
#3131=VECTOR('',#11660,10.);
#3132=VECTOR('',#11661,10.);
#3133=VECTOR('',#11662,10.);
#3134=VECTOR('',#11665,10.);
#3135=VECTOR('',#11666,10.);
#3136=VECTOR('',#11669,10.);
#3137=VECTOR('',#11672,10.);
#3138=VECTOR('',#11679,10.);
#3139=VECTOR('',#11680,10.);
#3140=VECTOR('',#11693,11.65);
#3141=VECTOR('',#11706,84.);
#3142=VECTOR('',#11709,10.);
#3143=VECTOR('',#11716,10.);
#3144=VECTOR('',#11719,10.);
#3145=VECTOR('',#11724,10.);
#3146=VECTOR('',#11725,10.);
#3147=VECTOR('',#11736,10.);
#3148=VECTOR('',#11739,10.);
#3149=VECTOR('',#11750,10.);
#3150=VECTOR('',#11751,10.);
#3151=VECTOR('',#11754,10.);
#3152=VECTOR('',#11755,10.);
#3153=VECTOR('',#11768,149.);
#3154=VECTOR('',#11771,10.);
#3155=VECTOR('',#11776,10.);
#3156=VECTOR('',#11779,10.);
#3157=VECTOR('',#11782,10.);
#3158=VECTOR('',#11789,10.);
#3159=VECTOR('',#11792,10.);
#3160=VECTOR('',#11801,10.);
#3161=VECTOR('',#11802,149.);
#3162=VECTOR('',#11805,10.);
#3163=VECTOR('',#11806,10.);
#3164=VECTOR('',#11819,149.);
#3165=VECTOR('',#11822,10.);
#3166=VECTOR('',#11827,10.);
#3167=VECTOR('',#11830,10.);
#3168=VECTOR('',#11831,10.);
#3169=VECTOR('',#11838,10.);
#3170=VECTOR('',#11841,84.);
#3171=VECTOR('',#11844,10.);
#3172=VECTOR('',#11845,10.);
#3173=VECTOR('',#11846,10.);
#3174=VECTOR('',#11861,10.);
#3175=VECTOR('',#11870,149.);
#3176=VECTOR('',#11873,10.);
#3177=VECTOR('',#11878,10.);
#3178=VECTOR('',#11879,10.);
#3179=VECTOR('',#11880,10.);
#3180=VECTOR('',#11891,10.);
#3181=VECTOR('',#11894,10.);
#3182=VECTOR('',#11901,10.);
#3183=VECTOR('',#11904,10.);
#3184=VECTOR('',#11909,10.);
#3185=VECTOR('',#11910,10.);
#3186=VECTOR('',#11931,10.);
#3187=VECTOR('',#11932,10.);
#3188=VECTOR('',#11935,10.);
#3189=VECTOR('',#11936,10.);
#3190=VECTOR('',#11937,10.);
#3191=VECTOR('',#11940,149.);
#3192=VECTOR('',#11955,10.);
#3193=VECTOR('',#11958,10.);
#3194=VECTOR('',#11959,149.);
#3195=VECTOR('',#11962,10.);
#3196=VECTOR('',#11963,10.);
#3197=VECTOR('',#11972,149.);
#3198=VECTOR('',#11975,10.);
#3199=VECTOR('',#11980,10.);
#3200=VECTOR('',#11983,10.);
#3201=VECTOR('',#11984,10.);
#3202=VECTOR('',#11991,10.);
#3203=VECTOR('',#11994,149.);
#3204=VECTOR('',#11997,10.);
#3205=VECTOR('',#11998,10.);
#3206=VECTOR('',#11999,10.);
#3207=VECTOR('',#12014,10.);
#3208=VECTOR('',#12023,149.);
#3209=VECTOR('',#12026,10.);
#3210=VECTOR('',#12031,10.);
#3211=VECTOR('',#12034,10.);
#3212=VECTOR('',#12035,10.);
#3213=VERTEX_POINT('',#12047);
#3214=VERTEX_POINT('',#12048);
#3215=VERTEX_POINT('',#12050);
#3216=VERTEX_POINT('',#12052);
#3217=VERTEX_POINT('',#12054);
#3218=VERTEX_POINT('',#12056);
#3219=VERTEX_POINT('',#12060);
#3220=VERTEX_POINT('',#12061);
#3221=VERTEX_POINT('',#12063);
#3222=VERTEX_POINT('',#12065);
#3223=VERTEX_POINT('',#12069);
#3224=VERTEX_POINT('',#12071);
#3225=VERTEX_POINT('',#12075);
#3226=VERTEX_POINT('',#12076);
#3227=VERTEX_POINT('',#12078);
#3228=VERTEX_POINT('',#12080);
#3229=VERTEX_POINT('',#12085);
#3230=VERTEX_POINT('',#12087);
#3231=VERTEX_POINT('',#12091);
#3232=VERTEX_POINT('',#12092);
#3233=VERTEX_POINT('',#12098);
#3234=VERTEX_POINT('',#12099);
#3235=VERTEX_POINT('',#12101);
#3236=VERTEX_POINT('',#12104);
#3237=VERTEX_POINT('',#12111);
#3238=VERTEX_POINT('',#12113);
#3239=VERTEX_POINT('',#12115);
#3240=VERTEX_POINT('',#12117);
#3241=VERTEX_POINT('',#12121);
#3242=VERTEX_POINT('',#12125);
#3243=VERTEX_POINT('',#12127);
#3244=VERTEX_POINT('',#12131);
#3245=VERTEX_POINT('',#12133);
#3246=VERTEX_POINT('',#12135);
#3247=VERTEX_POINT('',#12137);
#3248=VERTEX_POINT('',#12141);
#3249=VERTEX_POINT('',#12144);
#3250=VERTEX_POINT('',#12148);
#3251=VERTEX_POINT('',#12149);
#3252=VERTEX_POINT('',#12151);
#3253=VERTEX_POINT('',#12153);
#3254=VERTEX_POINT('',#12157);
#3255=VERTEX_POINT('',#12158);
#3256=VERTEX_POINT('',#12163);
#3257=VERTEX_POINT('',#12170);
#3258=VERTEX_POINT('',#12172);
#3259=VERTEX_POINT('',#12178);
#3260=VERTEX_POINT('',#12182);
#3261=VERTEX_POINT('',#12188);
#3262=VERTEX_POINT('',#12189);
#3263=VERTEX_POINT('',#12191);
#3264=VERTEX_POINT('',#12193);
#3265=VERTEX_POINT('',#12195);
#3266=VERTEX_POINT('',#12197);
#3267=VERTEX_POINT('',#12199);
#3268=VERTEX_POINT('',#12201);
#3269=VERTEX_POINT('',#12204);
#3270=VERTEX_POINT('',#12206);
#3271=VERTEX_POINT('',#12208);
#3272=VERTEX_POINT('',#12210);
#3273=VERTEX_POINT('',#12214);
#3274=VERTEX_POINT('',#12218);
#3275=VERTEX_POINT('',#12222);
#3276=VERTEX_POINT('',#12223);
#3277=VERTEX_POINT('',#12225);
#3278=VERTEX_POINT('',#12227);
#3279=VERTEX_POINT('',#12229);
#3280=VERTEX_POINT('',#12231);
#3281=VERTEX_POINT('',#12233);
#3282=VERTEX_POINT('',#12235);
#3283=VERTEX_POINT('',#12237);
#3284=VERTEX_POINT('',#12239);
#3285=VERTEX_POINT('',#12241);
#3286=VERTEX_POINT('',#12243);
#3287=VERTEX_POINT('',#12245);
#3288=VERTEX_POINT('',#12247);
#3289=VERTEX_POINT('',#12249);
#3290=VERTEX_POINT('',#12251);
#3291=VERTEX_POINT('',#12253);
#3292=VERTEX_POINT('',#12255);
#3293=VERTEX_POINT('',#12257);
#3294=VERTEX_POINT('',#12259);
#3295=VERTEX_POINT('',#12261);
#3296=VERTEX_POINT('',#12263);
#3297=VERTEX_POINT('',#12265);
#3298=VERTEX_POINT('',#12267);
#3299=VERTEX_POINT('',#12269);
#3300=VERTEX_POINT('',#12271);
#3301=VERTEX_POINT('',#12273);
#3302=VERTEX_POINT('',#12275);
#3303=VERTEX_POINT('',#12277);
#3304=VERTEX_POINT('',#12279);
#3305=VERTEX_POINT('',#12281);
#3306=VERTEX_POINT('',#12283);
#3307=VERTEX_POINT('',#12285);
#3308=VERTEX_POINT('',#12287);
#3309=VERTEX_POINT('',#12289);
#3310=VERTEX_POINT('',#12291);
#3311=VERTEX_POINT('',#12293);
#3312=VERTEX_POINT('',#12295);
#3313=VERTEX_POINT('',#12297);
#3314=VERTEX_POINT('',#12299);
#3315=VERTEX_POINT('',#12301);
#3316=VERTEX_POINT('',#12303);
#3317=VERTEX_POINT('',#12305);
#3318=VERTEX_POINT('',#12307);
#3319=VERTEX_POINT('',#12309);
#3320=VERTEX_POINT('',#12311);
#3321=VERTEX_POINT('',#12313);
#3322=VERTEX_POINT('',#12315);
#3323=VERTEX_POINT('',#12317);
#3324=VERTEX_POINT('',#12319);
#3325=VERTEX_POINT('',#12321);
#3326=VERTEX_POINT('',#12323);
#3327=VERTEX_POINT('',#12325);
#3328=VERTEX_POINT('',#12327);
#3329=VERTEX_POINT('',#12329);
#3330=VERTEX_POINT('',#12331);
#3331=VERTEX_POINT('',#12333);
#3332=VERTEX_POINT('',#12335);
#3333=VERTEX_POINT('',#12337);
#3334=VERTEX_POINT('',#12339);
#3335=VERTEX_POINT('',#12341);
#3336=VERTEX_POINT('',#12343);
#3337=VERTEX_POINT('',#12345);
#3338=VERTEX_POINT('',#12347);
#3339=VERTEX_POINT('',#12349);
#3340=VERTEX_POINT('',#12351);
#3341=VERTEX_POINT('',#12353);
#3342=VERTEX_POINT('',#12355);
#3343=VERTEX_POINT('',#12357);
#3344=VERTEX_POINT('',#12359);
#3345=VERTEX_POINT('',#12361);
#3346=VERTEX_POINT('',#12364);
#3347=VERTEX_POINT('',#12366);
#3348=VERTEX_POINT('',#12368);
#3349=VERTEX_POINT('',#12370);
#3350=VERTEX_POINT('',#12372);
#3351=VERTEX_POINT('',#12374);
#3352=VERTEX_POINT('',#12376);
#3353=VERTEX_POINT('',#12378);
#3354=VERTEX_POINT('',#12382);
#3355=VERTEX_POINT('',#12383);
#3356=VERTEX_POINT('',#12385);
#3357=VERTEX_POINT('',#12387);
#3358=VERTEX_POINT('',#12399);
#3359=VERTEX_POINT('',#12401);
#3360=VERTEX_POINT('',#12405);
#3361=VERTEX_POINT('',#12409);
#3362=VERTEX_POINT('',#12412);
#3363=VERTEX_POINT('',#12414);
#3364=VERTEX_POINT('',#12418);
#3365=VERTEX_POINT('',#12422);
#3366=VERTEX_POINT('',#12425);
#3367=VERTEX_POINT('',#12431);
#3368=VERTEX_POINT('',#12437);
#3369=VERTEX_POINT('',#12441);
#3370=VERTEX_POINT('',#12445);
#3371=VERTEX_POINT('',#12449);
#3372=VERTEX_POINT('',#12453);
#3373=VERTEX_POINT('',#12457);
#3374=VERTEX_POINT('',#12461);
#3375=VERTEX_POINT('',#12465);
#3376=VERTEX_POINT('',#12469);
#3377=VERTEX_POINT('',#12473);
#3378=VERTEX_POINT('',#12477);
#3379=VERTEX_POINT('',#12481);
#3380=VERTEX_POINT('',#12485);
#3381=VERTEX_POINT('',#12487);
#3382=VERTEX_POINT('',#12493);
#3383=VERTEX_POINT('',#12495);
#3384=VERTEX_POINT('',#12501);
#3385=VERTEX_POINT('',#12503);
#3386=VERTEX_POINT('',#12509);
#3387=VERTEX_POINT('',#12511);
#3388=VERTEX_POINT('',#12518);
#3389=VERTEX_POINT('',#12520);
#3390=VERTEX_POINT('',#12526);
#3391=VERTEX_POINT('',#12528);
#3392=VERTEX_POINT('',#12534);
#3393=VERTEX_POINT('',#12535);
#3394=VERTEX_POINT('',#12542);
#3395=VERTEX_POINT('',#12544);
#3396=VERTEX_POINT('',#12551);
#3397=VERTEX_POINT('',#12553);
#3398=VERTEX_POINT('',#12558);
#3399=VERTEX_POINT('',#12562);
#3400=VERTEX_POINT('',#12563);
#3401=VERTEX_POINT('',#12570);
#3402=VERTEX_POINT('',#12572);
#3403=VERTEX_POINT('',#12579);
#3404=VERTEX_POINT('',#12581);
#3405=VERTEX_POINT('',#12586);
#3406=VERTEX_POINT('',#12590);
#3407=VERTEX_POINT('',#12591);
#3408=VERTEX_POINT('',#12598);
#3409=VERTEX_POINT('',#12600);
#3410=VERTEX_POINT('',#12607);
#3411=VERTEX_POINT('',#12609);
#3412=VERTEX_POINT('',#12614);
#3413=VERTEX_POINT('',#12618);
#3414=VERTEX_POINT('',#12619);
#3415=VERTEX_POINT('',#12626);
#3416=VERTEX_POINT('',#12628);
#3417=VERTEX_POINT('',#12635);
#3418=VERTEX_POINT('',#12637);
#3419=VERTEX_POINT('',#12642);
#3420=VERTEX_POINT('',#12646);
#3421=VERTEX_POINT('',#12647);
#3422=VERTEX_POINT('',#12654);
#3423=VERTEX_POINT('',#12656);
#3424=VERTEX_POINT('',#12663);
#3425=VERTEX_POINT('',#12665);
#3426=VERTEX_POINT('',#12670);
#3427=VERTEX_POINT('',#12674);
#3428=VERTEX_POINT('',#12675);
#3429=VERTEX_POINT('',#12682);
#3430=VERTEX_POINT('',#12684);
#3431=VERTEX_POINT('',#12691);
#3432=VERTEX_POINT('',#12693);
#3433=VERTEX_POINT('',#12698);
#3434=VERTEX_POINT('',#12702);
#3435=VERTEX_POINT('',#12703);
#3436=VERTEX_POINT('',#12710);
#3437=VERTEX_POINT('',#12712);
#3438=VERTEX_POINT('',#12719);
#3439=VERTEX_POINT('',#12721);
#3440=VERTEX_POINT('',#12726);
#3441=VERTEX_POINT('',#12730);
#3442=VERTEX_POINT('',#12731);
#3443=VERTEX_POINT('',#12738);
#3444=VERTEX_POINT('',#12740);
#3445=VERTEX_POINT('',#12747);
#3446=VERTEX_POINT('',#12749);
#3447=VERTEX_POINT('',#12754);
#3448=VERTEX_POINT('',#12758);
#3449=VERTEX_POINT('',#12759);
#3450=VERTEX_POINT('',#12766);
#3451=VERTEX_POINT('',#12768);
#3452=VERTEX_POINT('',#12775);
#3453=VERTEX_POINT('',#12777);
#3454=VERTEX_POINT('',#12782);
#3455=VERTEX_POINT('',#12786);
#3456=VERTEX_POINT('',#12787);
#3457=VERTEX_POINT('',#12794);
#3458=VERTEX_POINT('',#12796);
#3459=VERTEX_POINT('',#12803);
#3460=VERTEX_POINT('',#12805);
#3461=VERTEX_POINT('',#12810);
#3462=VERTEX_POINT('',#12814);
#3463=VERTEX_POINT('',#12815);
#3464=VERTEX_POINT('',#12822);
#3465=VERTEX_POINT('',#12824);
#3466=VERTEX_POINT('',#12831);
#3467=VERTEX_POINT('',#12833);
#3468=VERTEX_POINT('',#12838);
#3469=VERTEX_POINT('',#12842);
#3470=VERTEX_POINT('',#12843);
#3471=VERTEX_POINT('',#12850);
#3472=VERTEX_POINT('',#12852);
#3473=VERTEX_POINT('',#12859);
#3474=VERTEX_POINT('',#12861);
#3475=VERTEX_POINT('',#12866);
#3476=VERTEX_POINT('',#12870);
#3477=VERTEX_POINT('',#12871);
#3478=VERTEX_POINT('',#12878);
#3479=VERTEX_POINT('',#12880);
#3480=VERTEX_POINT('',#12883);
#3481=VERTEX_POINT('',#12885);
#3482=VERTEX_POINT('',#12894);
#3483=VERTEX_POINT('',#12898);
#3484=VERTEX_POINT('',#12899);
#3485=VERTEX_POINT('',#12906);
#3486=VERTEX_POINT('',#12908);
#3487=VERTEX_POINT('',#12911);
#3488=VERTEX_POINT('',#12913);
#3489=VERTEX_POINT('',#12922);
#3490=VERTEX_POINT('',#12926);
#3491=VERTEX_POINT('',#12927);
#3492=VERTEX_POINT('',#12934);
#3493=VERTEX_POINT('',#12936);
#3494=VERTEX_POINT('',#12939);
#3495=VERTEX_POINT('',#12941);
#3496=VERTEX_POINT('',#12950);
#3497=VERTEX_POINT('',#12954);
#3498=VERTEX_POINT('',#12955);
#3499=VERTEX_POINT('',#12962);
#3500=VERTEX_POINT('',#12964);
#3501=VERTEX_POINT('',#12967);
#3502=VERTEX_POINT('',#12969);
#3503=VERTEX_POINT('',#12978);
#3504=VERTEX_POINT('',#12982);
#3505=VERTEX_POINT('',#12984);
#3506=VERTEX_POINT('',#12988);
#3507=VERTEX_POINT('',#12992);
#3508=VERTEX_POINT('',#12996);
#3509=VERTEX_POINT('',#13000);
#3510=VERTEX_POINT('',#13004);
#3511=VERTEX_POINT('',#13008);
#3512=VERTEX_POINT('',#13014);
#3513=VERTEX_POINT('',#13016);
#3514=VERTEX_POINT('',#13018);
#3515=VERTEX_POINT('',#13020);
#3516=VERTEX_POINT('',#13022);
#3517=VERTEX_POINT('',#13024);
#3518=VERTEX_POINT('',#13028);
#3519=VERTEX_POINT('',#13030);
#3520=VERTEX_POINT('',#13032);
#3521=VERTEX_POINT('',#13034);
#3522=VERTEX_POINT('',#13036);
#3523=VERTEX_POINT('',#13038);
#3524=VERTEX_POINT('',#13040);
#3525=VERTEX_POINT('',#13042);
#3526=VERTEX_POINT('',#13044);
#3527=VERTEX_POINT('',#13046);
#3528=VERTEX_POINT('',#13048);
#3529=VERTEX_POINT('',#13050);
#3530=VERTEX_POINT('',#13052);
#3531=VERTEX_POINT('',#13054);
#3532=VERTEX_POINT('',#13056);
#3533=VERTEX_POINT('',#13058);
#3534=VERTEX_POINT('',#13060);
#3535=VERTEX_POINT('',#13063);
#3536=VERTEX_POINT('',#13064);
#3537=VERTEX_POINT('',#13066);
#3538=VERTEX_POINT('',#13068);
#3539=VERTEX_POINT('',#13071);
#3540=VERTEX_POINT('',#13072);
#3541=VERTEX_POINT('',#13074);
#3542=VERTEX_POINT('',#13076);
#3543=VERTEX_POINT('',#13079);
#3544=VERTEX_POINT('',#13080);
#3545=VERTEX_POINT('',#13082);
#3546=VERTEX_POINT('',#13084);
#3547=VERTEX_POINT('',#13087);
#3548=VERTEX_POINT('',#13088);
#3549=VERTEX_POINT('',#13090);
#3550=VERTEX_POINT('',#13092);
#3551=VERTEX_POINT('',#13096);
#3552=VERTEX_POINT('',#13098);
#3553=VERTEX_POINT('',#13100);
#3554=VERTEX_POINT('',#13102);
#3555=VERTEX_POINT('',#13104);
#3556=VERTEX_POINT('',#13108);
#3557=VERTEX_POINT('',#13110);
#3558=VERTEX_POINT('',#13112);
#3559=VERTEX_POINT('',#13114);
#3560=VERTEX_POINT('',#13119);
#3561=VERTEX_POINT('',#13121);
#3562=VERTEX_POINT('',#13123);
#3563=VERTEX_POINT('',#13125);
#3564=VERTEX_POINT('',#13130);
#3565=VERTEX_POINT('',#13134);
#3566=VERTEX_POINT('',#13136);
#3567=VERTEX_POINT('',#13140);
#3568=VERTEX_POINT('',#13144);
#3569=VERTEX_POINT('',#13146);
#3570=VERTEX_POINT('',#13150);
#3571=VERTEX_POINT('',#13152);
#3572=VERTEX_POINT('',#13156);
#3573=VERTEX_POINT('',#13158);
#3574=VERTEX_POINT('',#13162);
#3575=VERTEX_POINT('',#13164);
#3576=VERTEX_POINT('',#13168);
#3577=VERTEX_POINT('',#13172);
#3578=VERTEX_POINT('',#13174);
#3579=VERTEX_POINT('',#13178);
#3580=VERTEX_POINT('',#13180);
#3581=VERTEX_POINT('',#13184);
#3582=VERTEX_POINT('',#13204);
#3583=VERTEX_POINT('',#13208);
#3584=VERTEX_POINT('',#13209);
#3585=VERTEX_POINT('',#13256);
#3586=VERTEX_POINT('',#13258);
#3587=VERTEX_POINT('',#13265);
#3588=VERTEX_POINT('',#13272);
#3589=VERTEX_POINT('',#13276);
#3590=VERTEX_POINT('',#13278);
#3591=VERTEX_POINT('',#13326);
#3592=VERTEX_POINT('',#13331);
#3593=VERTEX_POINT('',#13333);
#3594=VERTEX_POINT('',#13342);
#3595=VERTEX_POINT('',#13347);
#3596=VERTEX_POINT('',#13349);
#3597=VERTEX_POINT('',#13351);
#3598=VERTEX_POINT('',#13353);
#3599=VERTEX_POINT('',#13355);
#3600=VERTEX_POINT('',#13357);
#3601=VERTEX_POINT('',#13359);
#3602=VERTEX_POINT('',#13361);
#3603=VERTEX_POINT('',#13363);
#3604=VERTEX_POINT('',#13365);
#3605=VERTEX_POINT('',#13367);
#3606=VERTEX_POINT('',#13369);
#3607=VERTEX_POINT('',#13371);
#3608=VERTEX_POINT('',#13373);
#3609=VERTEX_POINT('',#13375);
#3610=VERTEX_POINT('',#13377);
#3611=VERTEX_POINT('',#13379);
#3612=VERTEX_POINT('',#13381);
#3613=VERTEX_POINT('',#13383);
#3614=VERTEX_POINT('',#13385);
#3615=VERTEX_POINT('',#13387);
#3616=VERTEX_POINT('',#13389);
#3617=VERTEX_POINT('',#13391);
#3618=VERTEX_POINT('',#13393);
#3619=VERTEX_POINT('',#13395);
#3620=VERTEX_POINT('',#13397);
#3621=VERTEX_POINT('',#13399);
#3622=VERTEX_POINT('',#13402);
#3623=VERTEX_POINT('',#13404);
#3624=VERTEX_POINT('',#13408);
#3625=VERTEX_POINT('',#13411);
#3626=VERTEX_POINT('',#13414);
#3627=VERTEX_POINT('',#13417);
#3628=VERTEX_POINT('',#13420);
#3629=VERTEX_POINT('',#13422);
#3630=VERTEX_POINT('',#13425);
#3631=VERTEX_POINT('',#13427);
#3632=VERTEX_POINT('',#13430);
#3633=VERTEX_POINT('',#13432);
#3634=VERTEX_POINT('',#13434);
#3635=VERTEX_POINT('',#13437);
#3636=VERTEX_POINT('',#13439);
#3637=VERTEX_POINT('',#13441);
#3638=VERTEX_POINT('',#13444);
#3639=VERTEX_POINT('',#13446);
#3640=VERTEX_POINT('',#13449);
#3641=VERTEX_POINT('',#13451);
#3642=VERTEX_POINT('',#13453);
#3643=VERTEX_POINT('',#13456);
#3644=VERTEX_POINT('',#13458);
#3645=VERTEX_POINT('',#13460);
#3646=VERTEX_POINT('',#13463);
#3647=VERTEX_POINT('',#13465);
#3648=VERTEX_POINT('',#13468);
#3649=VERTEX_POINT('',#13470);
#3650=VERTEX_POINT('',#13473);
#3651=VERTEX_POINT('',#13475);
#3652=VERTEX_POINT('',#13478);
#3653=VERTEX_POINT('',#13480);
#3654=VERTEX_POINT('',#13482);
#3655=VERTEX_POINT('',#13485);
#3656=VERTEX_POINT('',#13487);
#3657=VERTEX_POINT('',#13489);
#3658=VERTEX_POINT('',#13492);
#3659=VERTEX_POINT('',#13494);
#3660=VERTEX_POINT('',#13497);
#3661=VERTEX_POINT('',#13499);
#3662=VERTEX_POINT('',#13501);
#3663=VERTEX_POINT('',#13504);
#3664=VERTEX_POINT('',#13506);
#3665=VERTEX_POINT('',#13508);
#3666=VERTEX_POINT('',#13511);
#3667=VERTEX_POINT('',#13513);
#3668=VERTEX_POINT('',#13565);
#3669=VERTEX_POINT('',#13567);
#3670=VERTEX_POINT('',#13574);
#3671=VERTEX_POINT('',#13576);
#3672=VERTEX_POINT('',#13621);
#3673=VERTEX_POINT('',#13622);
#3674=VERTEX_POINT('',#13624);
#3675=VERTEX_POINT('',#13626);
#3676=VERTEX_POINT('',#13630);
#3677=VERTEX_POINT('',#13632);
#3678=VERTEX_POINT('',#13636);
#3679=VERTEX_POINT('',#13638);
#3680=VERTEX_POINT('',#13642);
#3681=VERTEX_POINT('',#13646);
#3682=VERTEX_POINT('',#13654);
#3683=VERTEX_POINT('',#13658);
#3684=VERTEX_POINT('',#13660);
#3685=VERTEX_POINT('',#13664);
#3686=VERTEX_POINT('',#13666);
#3687=VERTEX_POINT('',#13670);
#3688=VERTEX_POINT('',#13671);
#3689=VERTEX_POINT('',#13678);
#3690=VERTEX_POINT('',#13680);
#3691=VERTEX_POINT('',#13684);
#3692=VERTEX_POINT('',#13686);
#3693=VERTEX_POINT('',#13690);
#3694=VERTEX_POINT('',#13694);
#3695=VERTEX_POINT('',#13696);
#3696=VERTEX_POINT('',#13700);
#3697=VERTEX_POINT('',#13704);
#3698=VERTEX_POINT('',#13706);
#3699=VERTEX_POINT('',#13710);
#3700=VERTEX_POINT('',#13712);
#3701=VERTEX_POINT('',#13716);
#3702=VERTEX_POINT('',#13720);
#3703=VERTEX_POINT('',#13722);
#3704=VERTEX_POINT('',#13726);
#3705=VERTEX_POINT('',#13728);
#3706=VERTEX_POINT('',#13732);
#3707=VERTEX_POINT('',#13734);
#3708=VERTEX_POINT('',#13738);
#3709=VERTEX_POINT('',#13740);
#3710=VERTEX_POINT('',#13744);
#3711=VERTEX_POINT('',#13746);
#3712=VERTEX_POINT('',#13750);
#3713=VERTEX_POINT('',#13754);
#3714=VERTEX_POINT('',#13756);
#3715=VERTEX_POINT('',#13760);
#3716=VERTEX_POINT('',#13762);
#3717=VERTEX_POINT('',#13766);
#3718=VERTEX_POINT('',#13770);
#3719=VERTEX_POINT('',#13772);
#3720=VERTEX_POINT('',#13776);
#3721=VERTEX_POINT('',#13780);
#3722=VERTEX_POINT('',#13782);
#3723=VERTEX_POINT('',#13786);
#3724=VERTEX_POINT('',#13788);
#3725=VERTEX_POINT('',#13792);
#3726=VERTEX_POINT('',#13794);
#3727=VERTEX_POINT('',#13798);
#3728=VERTEX_POINT('',#13802);
#3729=VERTEX_POINT('',#13808);
#3730=VERTEX_POINT('',#13810);
#3731=VERTEX_POINT('',#13816);
#3732=VERTEX_POINT('',#13818);
#3733=VERTEX_POINT('',#13822);
#3734=VERTEX_POINT('',#13826);
#3735=VERTEX_POINT('',#13830);
#3736=VERTEX_POINT('',#13836);
#3737=VERTEX_POINT('',#13838);
#3738=VERTEX_POINT('',#13844);
#3739=VERTEX_POINT('',#13850);
#3740=VERTEX_POINT('',#13856);
#3741=VERTEX_POINT('',#13860);
#3742=VERTEX_POINT('',#13866);
#3743=VERTEX_POINT('',#13870);
#3744=VERTEX_POINT('',#13876);
#3745=VERTEX_POINT('',#13880);
#3746=VERTEX_POINT('',#13886);
#3747=VERTEX_POINT('',#13892);
#3748=VERTEX_POINT('',#13896);
#3749=VERTEX_POINT('',#13902);
#3750=VERTEX_POINT('',#13906);
#3751=VERTEX_POINT('',#13912);
#3752=VERTEX_POINT('',#13916);
#3753=VERTEX_POINT('',#13922);
#3754=VERTEX_POINT('',#13926);
#3755=VERTEX_POINT('',#13932);
#3756=VERTEX_POINT('',#13936);
#3757=VERTEX_POINT('',#13942);
#3758=VERTEX_POINT('',#13946);
#3759=VERTEX_POINT('',#13952);
#3760=VERTEX_POINT('',#13956);
#3761=VERTEX_POINT('',#13962);
#3762=VERTEX_POINT('',#13966);
#3763=VERTEX_POINT('',#13971);
#3764=VERTEX_POINT('',#13973);
#3765=VERTEX_POINT('',#13975);
#3766=VERTEX_POINT('',#13977);
#3767=VERTEX_POINT('',#13980);
#3768=VERTEX_POINT('',#13983);
#3769=VERTEX_POINT('',#13985);
#3770=VERTEX_POINT('',#13987);
#3771=VERTEX_POINT('',#13990);
#3772=VERTEX_POINT('',#13992);
#3773=VERTEX_POINT('',#13994);
#3774=VERTEX_POINT('',#13996);
#3775=VERTEX_POINT('',#13998);
#3776=VERTEX_POINT('',#14000);
#3777=VERTEX_POINT('',#14002);
#3778=VERTEX_POINT('',#14004);
#3779=VERTEX_POINT('',#14006);
#3780=VERTEX_POINT('',#14008);
#3781=VERTEX_POINT('',#14010);
#3782=VERTEX_POINT('',#14012);
#3783=VERTEX_POINT('',#14014);
#3784=VERTEX_POINT('',#14016);
#3785=VERTEX_POINT('',#14018);
#3786=VERTEX_POINT('',#14021);
#3787=VERTEX_POINT('',#14024);
#3788=VERTEX_POINT('',#14026);
#3789=VERTEX_POINT('',#14028);
#3790=VERTEX_POINT('',#14030);
#3791=VERTEX_POINT('',#14032);
#3792=VERTEX_POINT('',#14034);
#3793=VERTEX_POINT('',#14037);
#3794=VERTEX_POINT('',#14039);
#3795=VERTEX_POINT('',#14041);
#3796=VERTEX_POINT('',#14044);
#3797=VERTEX_POINT('',#14046);
#3798=VERTEX_POINT('',#14048);
#3799=VERTEX_POINT('',#14050);
#3800=VERTEX_POINT('',#14052);
#3801=VERTEX_POINT('',#14054);
#3802=VERTEX_POINT('',#14056);
#3803=VERTEX_POINT('',#14058);
#3804=VERTEX_POINT('',#14060);
#3805=VERTEX_POINT('',#14062);
#3806=VERTEX_POINT('',#14065);
#3807=VERTEX_POINT('',#14067);
#3808=VERTEX_POINT('',#14069);
#3809=VERTEX_POINT('',#14072);
#3810=VERTEX_POINT('',#14074);
#3811=VERTEX_POINT('',#14084);
#3812=VERTEX_POINT('',#14087);
#3813=VERTEX_POINT('',#14188);
#3814=VERTEX_POINT('',#14189);
#3815=VERTEX_POINT('',#14191);
#3816=VERTEX_POINT('',#14205);
#3817=VERTEX_POINT('',#14244);
#3818=VERTEX_POINT('',#14254);
#3819=VERTEX_POINT('',#14260);
#3820=VERTEX_POINT('',#14318);
#3821=VERTEX_POINT('',#14366);
#3822=VERTEX_POINT('',#14368);
#3823=VERTEX_POINT('',#14371);
#3824=VERTEX_POINT('',#14373);
#3825=VERTEX_POINT('',#14377);
#3826=VERTEX_POINT('',#14378);
#3827=VERTEX_POINT('',#14380);
#3828=VERTEX_POINT('',#14382);
#3829=VERTEX_POINT('',#14385);
#3830=VERTEX_POINT('',#14386);
#3831=VERTEX_POINT('',#14388);
#3832=VERTEX_POINT('',#14390);
#3833=VERTEX_POINT('',#14393);
#3834=VERTEX_POINT('',#14394);
#3835=VERTEX_POINT('',#14396);
#3836=VERTEX_POINT('',#14398);
#3837=VERTEX_POINT('',#14435);
#3838=VERTEX_POINT('',#14437);
#3839=VERTEX_POINT('',#14488);
#3840=VERTEX_POINT('',#14490);
#3841=VERTEX_POINT('',#14493);
#3842=VERTEX_POINT('',#14495);
#3843=VERTEX_POINT('',#14498);
#3844=VERTEX_POINT('',#14500);
#3845=VERTEX_POINT('',#14503);
#3846=VERTEX_POINT('',#14505);
#3847=VERTEX_POINT('',#14509);
#3848=VERTEX_POINT('',#14510);
#3849=VERTEX_POINT('',#14512);
#3850=VERTEX_POINT('',#14514);
#3851=VERTEX_POINT('',#14517);
#3852=VERTEX_POINT('',#14518);
#3853=VERTEX_POINT('',#14520);
#3854=VERTEX_POINT('',#14522);
#3855=VERTEX_POINT('',#14525);
#3856=VERTEX_POINT('',#14526);
#3857=VERTEX_POINT('',#14528);
#3858=VERTEX_POINT('',#14530);
#3859=VERTEX_POINT('',#14533);
#3860=VERTEX_POINT('',#14534);
#3861=VERTEX_POINT('',#14536);
#3862=VERTEX_POINT('',#14538);
#3863=VERTEX_POINT('',#14558);
#3864=VERTEX_POINT('',#14583);
#3865=VERTEX_POINT('',#14623);
#3866=VERTEX_POINT('',#14624);
#3867=VERTEX_POINT('',#14626);
#3868=VERTEX_POINT('',#14628);
#3869=VERTEX_POINT('',#14640);
#3870=VERTEX_POINT('',#14641);
#3871=VERTEX_POINT('',#14643);
#3872=VERTEX_POINT('',#14645);
#3873=VERTEX_POINT('',#14657);
#3874=VERTEX_POINT('',#14658);
#3875=VERTEX_POINT('',#14660);
#3876=VERTEX_POINT('',#14662);
#3877=VERTEX_POINT('',#14674);
#3878=VERTEX_POINT('',#14675);
#3879=VERTEX_POINT('',#14677);
#3880=VERTEX_POINT('',#14679);
#3881=VERTEX_POINT('',#14691);
#3882=VERTEX_POINT('',#14692);
#3883=VERTEX_POINT('',#14694);
#3884=VERTEX_POINT('',#14696);
#3885=VERTEX_POINT('',#14708);
#3886=VERTEX_POINT('',#14709);
#3887=VERTEX_POINT('',#14711);
#3888=VERTEX_POINT('',#14713);
#3889=VERTEX_POINT('',#14725);
#3890=VERTEX_POINT('',#14726);
#3891=VERTEX_POINT('',#14728);
#3892=VERTEX_POINT('',#14730);
#3893=VERTEX_POINT('',#14742);
#3894=VERTEX_POINT('',#14743);
#3895=VERTEX_POINT('',#14745);
#3896=VERTEX_POINT('',#14747);
#3897=VERTEX_POINT('',#14759);
#3898=VERTEX_POINT('',#14760);
#3899=VERTEX_POINT('',#14762);
#3900=VERTEX_POINT('',#14764);
#3901=VERTEX_POINT('',#14776);
#3902=VERTEX_POINT('',#14777);
#3903=VERTEX_POINT('',#14779);
#3904=VERTEX_POINT('',#14781);
#3905=VERTEX_POINT('',#14793);
#3906=VERTEX_POINT('',#14794);
#3907=VERTEX_POINT('',#14796);
#3908=VERTEX_POINT('',#14798);
#3909=VERTEX_POINT('',#14811);
#3910=VERTEX_POINT('',#14817);
#3911=VERTEX_POINT('',#14820);
#3912=VERTEX_POINT('',#14821);
#3913=VERTEX_POINT('',#14829);
#3914=VERTEX_POINT('',#14830);
#3915=VERTEX_POINT('',#14832);
#3916=VERTEX_POINT('',#14834);
#3917=VERTEX_POINT('',#14836);
#3918=VERTEX_POINT('',#14838);
#3919=VERTEX_POINT('',#14842);
#3920=VERTEX_POINT('',#14849);
#3921=VERTEX_POINT('',#14853);
#3922=VERTEX_POINT('',#14865);
#3923=VERTEX_POINT('',#14866);
#3924=VERTEX_POINT('',#14871);
#3925=VERTEX_POINT('',#14873);
#3926=VERTEX_POINT('',#14877);
#3927=VERTEX_POINT('',#14878);
#3928=VERTEX_POINT('',#14888);
#3929=VERTEX_POINT('',#14889);
#3930=VERTEX_POINT('',#14894);
#3931=VERTEX_POINT('',#14903);
#3932=VERTEX_POINT('',#14904);
#3933=VERTEX_POINT('',#14906);
#3934=VERTEX_POINT('',#14908);
#3935=VERTEX_POINT('',#14912);
#3936=VERTEX_POINT('',#14919);
#3937=VERTEX_POINT('',#14929);
#3938=VERTEX_POINT('',#14930);
#3939=VERTEX_POINT('',#14932);
#3940=VERTEX_POINT('',#14934);
#3941=VERTEX_POINT('',#14938);
#3942=VERTEX_POINT('',#14945);
#3943=VERTEX_POINT('',#14949);
#3944=VERTEX_POINT('',#14950);
#3945=VERTEX_POINT('',#14958);
#3946=VERTEX_POINT('',#14967);
#3947=VERTEX_POINT('',#14968);
#3948=VERTEX_POINT('',#14970);
#3949=VERTEX_POINT('',#14972);
#3950=VERTEX_POINT('',#14976);
#3951=VERTEX_POINT('',#14983);
#3952=VERTEX_POINT('',#14993);
#3953=VERTEX_POINT('',#14994);
#3954=VERTEX_POINT('',#14999);
#3955=VERTEX_POINT('',#15001);
#3956=VERTEX_POINT('',#15005);
#3957=VERTEX_POINT('',#15006);
#3958=VERTEX_POINT('',#15013);
#3959=VERTEX_POINT('',#15014);
#3960=VERTEX_POINT('',#15024);
#3961=VERTEX_POINT('',#15031);
#3962=VERTEX_POINT('',#15032);
#3963=VERTEX_POINT('',#15034);
#3964=VERTEX_POINT('',#15036);
#3965=VERTEX_POINT('',#15040);
#3966=VERTEX_POINT('',#15042);
#3967=VERTEX_POINT('',#15057);
#3968=VERTEX_POINT('',#15058);
#3969=VERTEX_POINT('',#15060);
#3970=VERTEX_POINT('',#15062);
#3971=VERTEX_POINT('',#15064);
#3972=VERTEX_POINT('',#15066);
#3973=VERTEX_POINT('',#15070);
#3974=VERTEX_POINT('',#15072);
#3975=VERTEX_POINT('',#15083);
#3976=VERTEX_POINT('',#15095);
#3977=VERTEX_POINT('',#15096);
#3978=VERTEX_POINT('',#15101);
#3979=VERTEX_POINT('',#15103);
#3980=VERTEX_POINT('',#15107);
#3981=VERTEX_POINT('',#15108);
#3982=VERTEX_POINT('',#15113);
#3983=VERTEX_POINT('',#15115);
#3984=VERTEX_POINT('',#15119);
#3985=VERTEX_POINT('',#15131);
#3986=VERTEX_POINT('',#15132);
#3987=VERTEX_POINT('',#15134);
#3988=VERTEX_POINT('',#15141);
#3989=VERTEX_POINT('',#15143);
#3990=VERTEX_POINT('',#15150);
#3991=VERTEX_POINT('',#15157);
#3992=VERTEX_POINT('',#15158);
#3993=VERTEX_POINT('',#15160);
#3994=VERTEX_POINT('',#15162);
#3995=VERTEX_POINT('',#15166);
#3996=VERTEX_POINT('',#15173);
#3997=VERTEX_POINT('',#15183);
#3998=VERTEX_POINT('',#15184);
#3999=VERTEX_POINT('',#15189);
#4000=VERTEX_POINT('',#15191);
#4001=VERTEX_POINT('',#15195);
#4002=VERTEX_POINT('',#15196);
#4003=VERTEX_POINT('',#15203);
#4004=VERTEX_POINT('',#15204);
#4005=VERTEX_POINT('',#15214);
#4006=VERTEX_POINT('',#15221);
#4007=VERTEX_POINT('',#15222);
#4008=VERTEX_POINT('',#15224);
#4009=VERTEX_POINT('',#15226);
#4010=VERTEX_POINT('',#15230);
#4011=VERTEX_POINT('',#15237);
#4012=EDGE_CURVE('',#3213,#3214,#1905,.T.);
#4013=EDGE_CURVE('',#3214,#3215,#1859,.T.);
#4014=EDGE_CURVE('',#3215,#3216,#1860,.T.);
#4015=EDGE_CURVE('',#3216,#3217,#1906,.T.);
#4016=EDGE_CURVE('',#3218,#3217,#1907,.T.);
#4017=EDGE_CURVE('',#3218,#3213,#1861,.T.);
#4018=EDGE_CURVE('',#3219,#3220,#1908,.T.);
#4019=EDGE_CURVE('',#3220,#3221,#1862,.T.);
#4020=EDGE_CURVE('',#3221,#3222,#1909,.T.);
#4021=EDGE_CURVE('',#3222,#3219,#1863,.T.);
#4022=EDGE_CURVE('',#3214,#3223,#1910,.T.);
#4023=EDGE_CURVE('',#3223,#3224,#1864,.T.);
#4024=EDGE_CURVE('',#3224,#3215,#1911,.T.);
#4025=EDGE_CURVE('',#3225,#3226,#1912,.T.);
#4026=EDGE_CURVE('',#3226,#3227,#1865,.T.);
#4027=EDGE_CURVE('',#3227,#3228,#1913,.T.);
#4028=EDGE_CURVE('',#3228,#3225,#1866,.T.);
#4029=EDGE_CURVE('',#3223,#3227,#1914,.T.);
#4030=EDGE_CURVE('',#3226,#3229,#1867,.T.);
#4031=EDGE_CURVE('',#3229,#3230,#1915,.T.);
#4032=EDGE_CURVE('',#3230,#3224,#1868,.T.);
#4033=EDGE_CURVE('',#3231,#3232,#1916,.T.);
#4034=EDGE_CURVE('',#3232,#3225,#1869,.T.);
#4035=EDGE_CURVE('',#3228,#3221,#1917,.T.);
#4036=EDGE_CURVE('',#3220,#3231,#1870,.T.);
#4037=EDGE_CURVE('',#3233,#3234,#1918,.T.);
#4038=EDGE_CURVE('',#3233,#3235,#1919,.T.);
#4039=EDGE_CURVE('',#3235,#3219,#1871,.T.);
#4040=EDGE_CURVE('',#3222,#3236,#1920,.T.);
#4041=EDGE_CURVE('',#3236,#3234,#1872,.T.);
#4042=EDGE_CURVE('',#3236,#3213,#1921,.T.);
#4043=EDGE_CURVE('',#3234,#3218,#1922,.T.);
#4044=EDGE_CURVE('',#3237,#3232,#1923,.T.);
#4045=EDGE_CURVE('',#3238,#3237,#1873,.T.);
#4046=EDGE_CURVE('',#3239,#3238,#1924,.T.);
#4047=EDGE_CURVE('',#3240,#3239,#1874,.T.);
#4048=EDGE_CURVE('',#3229,#3240,#1925,.T.);
#4049=EDGE_CURVE('',#3231,#3241,#1926,.T.);
#4050=EDGE_CURVE('',#3237,#3241,#1927,.T.);
#4051=EDGE_CURVE('',#3235,#3242,#1928,.T.);
#4052=EDGE_CURVE('',#3243,#3242,#1929,.T.);
#4053=EDGE_CURVE('',#3241,#3243,#1875,.T.);
#4054=EDGE_CURVE('',#3244,#3233,#1930,.T.);
#4055=EDGE_CURVE('',#3245,#3244,#1931,.T.);
#4056=EDGE_CURVE('',#3246,#3245,#1932,.T.);
#4057=EDGE_CURVE('',#3247,#3246,#1933,.T.);
#4058=EDGE_CURVE('',#3247,#3242,#1876,.F.);
#4059=EDGE_CURVE('',#3248,#3248,#203,.T.);
#4060=EDGE_CURVE('',#3247,#3249,#1934,.T.);
#4061=EDGE_CURVE('',#3249,#3243,#1877,.T.);
#4062=EDGE_CURVE('',#3250,#3251,#1935,.T.);
#4063=EDGE_CURVE('',#3251,#3252,#1878,.T.);
#4064=EDGE_CURVE('',#3252,#3253,#1936,.T.);
#4065=EDGE_CURVE('',#3253,#3250,#1879,.T.);
#4066=EDGE_CURVE('',#3254,#3255,#1937,.T.);
#4067=EDGE_CURVE('',#3255,#3239,#1880,.T.);
#4068=EDGE_CURVE('',#3238,#3254,#1881,.T.);
#4069=EDGE_CURVE('',#3256,#3240,#1938,.T.);
#4070=EDGE_CURVE('',#3255,#3250,#1939,.T.);
#4071=EDGE_CURVE('',#3253,#3256,#1882,.T.);
#4072=EDGE_CURVE('',#3249,#3254,#1940,.T.);
#4073=EDGE_CURVE('',#3246,#3257,#1941,.T.);
#4074=EDGE_CURVE('',#3258,#3245,#1942,.T.);
#4075=EDGE_CURVE('',#3257,#3258,#1943,.T.);
#4076=EDGE_CURVE('',#3252,#3216,#1944,.T.);
#4077=EDGE_CURVE('',#3257,#3251,#1945,.T.);
#4078=EDGE_CURVE('',#3259,#3258,#1946,.T.);
#4079=EDGE_CURVE('',#3217,#3259,#1947,.T.);
#4080=EDGE_CURVE('',#3248,#3260,#1948,.T.);
#4081=EDGE_CURVE('',#3260,#3260,#204,.T.);
#4082=EDGE_CURVE('',#3256,#3230,#1949,.T.);
#4083=EDGE_CURVE('',#3261,#3262,#1950,.T.);
#4084=EDGE_CURVE('',#3263,#3261,#205,.T.);
#4085=EDGE_CURVE('',#3264,#3263,#1951,.T.);
#4086=EDGE_CURVE('',#3265,#3264,#206,.T.);
#4087=EDGE_CURVE('',#3266,#3265,#1952,.T.);
#4088=EDGE_CURVE('',#3267,#3266,#207,.T.);
#4089=EDGE_CURVE('',#3268,#3267,#1953,.T.);
#4090=EDGE_CURVE('',#3262,#3268,#208,.T.);
#4091=EDGE_CURVE('',#3244,#3269,#1954,.T.);
#4092=EDGE_CURVE('',#3269,#3270,#1955,.T.);
#4093=EDGE_CURVE('',#3270,#3271,#1956,.T.);
#4094=EDGE_CURVE('',#3271,#3272,#1957,.T.);
#4095=EDGE_CURVE('',#3272,#3259,#1958,.T.);
#4096=EDGE_CURVE('',#3233,#3273,#1959,.T.);
#4097=EDGE_CURVE('',#3269,#3273,#1960,.T.);
#4098=EDGE_CURVE('',#3274,#3272,#1961,.T.);
#4099=EDGE_CURVE('',#3274,#3217,#1962,.T.);
#4100=EDGE_CURVE('',#3275,#3276,#209,.T.);
#4101=EDGE_CURVE('',#3276,#3277,#210,.T.);
#4102=EDGE_CURVE('',#3277,#3278,#1963,.T.);
#4103=EDGE_CURVE('',#3278,#3279,#1964,.T.);
#4104=EDGE_CURVE('',#3279,#3280,#1965,.T.);
#4105=EDGE_CURVE('',#3280,#3281,#211,.T.);
#4106=EDGE_CURVE('',#3281,#3282,#212,.T.);
#4107=EDGE_CURVE('',#3282,#3283,#1966,.T.);
#4108=EDGE_CURVE('',#3283,#3284,#213,.T.);
#4109=EDGE_CURVE('',#3284,#3285,#214,.T.);
#4110=EDGE_CURVE('',#3285,#3286,#215,.T.);
#4111=EDGE_CURVE('',#3286,#3287,#216,.T.);
#4112=EDGE_CURVE('',#3287,#3288,#217,.T.);
#4113=EDGE_CURVE('',#3288,#3289,#1967,.T.);
#4114=EDGE_CURVE('',#3289,#3290,#218,.T.);
#4115=EDGE_CURVE('',#3290,#3291,#219,.T.);
#4116=EDGE_CURVE('',#3291,#3292,#220,.T.);
#4117=EDGE_CURVE('',#3292,#3293,#1968,.T.);
#4118=EDGE_CURVE('',#3293,#3294,#221,.T.);
#4119=EDGE_CURVE('',#3294,#3295,#222,.T.);
#4120=EDGE_CURVE('',#3295,#3296,#223,.T.);
#4121=EDGE_CURVE('',#3296,#3297,#1969,.T.);
#4122=EDGE_CURVE('',#3297,#3298,#224,.T.);
#4123=EDGE_CURVE('',#3298,#3299,#225,.T.);
#4124=EDGE_CURVE('',#3299,#3300,#226,.T.);
#4125=EDGE_CURVE('',#3300,#3301,#1970,.T.);
#4126=EDGE_CURVE('',#3301,#3302,#227,.T.);
#4127=EDGE_CURVE('',#3302,#3303,#228,.T.);
#4128=EDGE_CURVE('',#3303,#3304,#229,.T.);
#4129=EDGE_CURVE('',#3304,#3305,#1971,.T.);
#4130=EDGE_CURVE('',#3305,#3306,#230,.T.);
#4131=EDGE_CURVE('',#3306,#3307,#231,.T.);
#4132=EDGE_CURVE('',#3307,#3308,#232,.T.);
#4133=EDGE_CURVE('',#3308,#3309,#233,.T.);
#4134=EDGE_CURVE('',#3309,#3310,#234,.T.);
#4135=EDGE_CURVE('',#3310,#3311,#1972,.T.);
#4136=EDGE_CURVE('',#3311,#3312,#235,.T.);
#4137=EDGE_CURVE('',#3312,#3313,#236,.T.);
#4138=EDGE_CURVE('',#3313,#3314,#237,.T.);
#4139=EDGE_CURVE('',#3314,#3315,#1973,.T.);
#4140=EDGE_CURVE('',#3315,#3316,#238,.T.);
#4141=EDGE_CURVE('',#3316,#3317,#239,.T.);
#4142=EDGE_CURVE('',#3317,#3318,#240,.T.);
#4143=EDGE_CURVE('',#3318,#3319,#1974,.T.);
#4144=EDGE_CURVE('',#3319,#3320,#241,.T.);
#4145=EDGE_CURVE('',#3320,#3321,#242,.T.);
#4146=EDGE_CURVE('',#3321,#3322,#243,.T.);
#4147=EDGE_CURVE('',#3322,#3323,#244,.T.);
#4148=EDGE_CURVE('',#3323,#3324,#1975,.T.);
#4149=EDGE_CURVE('',#3324,#3325,#245,.T.);
#4150=EDGE_CURVE('',#3325,#3326,#246,.T.);
#4151=EDGE_CURVE('',#3326,#3327,#247,.T.);
#4152=EDGE_CURVE('',#3327,#3328,#1976,.T.);
#4153=EDGE_CURVE('',#3328,#3329,#248,.T.);
#4154=EDGE_CURVE('',#3329,#3330,#249,.T.);
#4155=EDGE_CURVE('',#3330,#3331,#250,.T.);
#4156=EDGE_CURVE('',#3331,#3332,#1977,.T.);
#4157=EDGE_CURVE('',#3332,#3333,#251,.T.);
#4158=EDGE_CURVE('',#3333,#3334,#252,.T.);
#4159=EDGE_CURVE('',#3334,#3335,#253,.T.);
#4160=EDGE_CURVE('',#3335,#3336,#1978,.T.);
#4161=EDGE_CURVE('',#3336,#3337,#254,.T.);
#4162=EDGE_CURVE('',#3337,#3338,#255,.T.);
#4163=EDGE_CURVE('',#3338,#3339,#256,.T.);
#4164=EDGE_CURVE('',#3339,#3340,#1979,.T.);
#4165=EDGE_CURVE('',#3340,#3341,#257,.T.);
#4166=EDGE_CURVE('',#3341,#3342,#258,.T.);
#4167=EDGE_CURVE('',#3342,#3343,#259,.T.);
#4168=EDGE_CURVE('',#3343,#3344,#260,.T.);
#4169=EDGE_CURVE('',#3344,#3345,#261,.T.);
#4170=EDGE_CURVE('',#3345,#3275,#1980,.T.);
#4171=EDGE_CURVE('',#3346,#3346,#262,.T.);
#4172=EDGE_CURVE('',#3347,#3347,#263,.T.);
#4173=EDGE_CURVE('',#3348,#3348,#264,.T.);
#4174=EDGE_CURVE('',#3349,#3349,#265,.T.);
#4175=EDGE_CURVE('',#3350,#3350,#266,.T.);
#4176=EDGE_CURVE('',#3351,#3351,#267,.T.);
#4177=EDGE_CURVE('',#3352,#3352,#268,.T.);
#4178=EDGE_CURVE('',#3353,#3353,#269,.T.);
#4179=EDGE_CURVE('',#3354,#3355,#1981,.T.);
#4180=EDGE_CURVE('',#3356,#3354,#1982,.T.);
#4181=EDGE_CURVE('',#3357,#3356,#1983,.T.);
#4182=EDGE_CURVE('',#3355,#3357,#1984,.T.);
#4183=EDGE_CURVE('',#3356,#3274,#1985,.T.);
#4184=EDGE_CURVE('',#3273,#3354,#1986,.T.);
#4185=EDGE_CURVE('',#3271,#3357,#1987,.T.);
#4186=EDGE_CURVE('',#3270,#3355,#1988,.T.);
#4187=EDGE_CURVE('',#3358,#3358,#270,.T.);
#4188=EDGE_CURVE('',#3358,#3359,#1989,.T.);
#4189=EDGE_CURVE('',#3359,#3359,#271,.T.);
#4190=EDGE_CURVE('',#3359,#3360,#1990,.T.);
#4191=EDGE_CURVE('',#3360,#3360,#272,.T.);
#4192=EDGE_CURVE('',#3361,#3361,#273,.T.);
#4193=EDGE_CURVE('',#3362,#3362,#274,.T.);
#4194=EDGE_CURVE('',#3362,#3363,#1991,.T.);
#4195=EDGE_CURVE('',#3363,#3363,#275,.T.);
#4196=EDGE_CURVE('',#3363,#3364,#1992,.T.);
#4197=EDGE_CURVE('',#3364,#3364,#276,.T.);
#4198=EDGE_CURVE('',#3365,#3365,#277,.T.);
#4199=EDGE_CURVE('',#3353,#3366,#1993,.T.);
#4200=EDGE_CURVE('',#3366,#3366,#278,.T.);
#4201=EDGE_CURVE('',#3365,#3366,#1994,.T.);
#4202=EDGE_CURVE('',#3346,#3367,#1995,.T.);
#4203=EDGE_CURVE('',#3367,#3367,#279,.T.);
#4204=EDGE_CURVE('',#3361,#3367,#1996,.T.);
#4205=EDGE_CURVE('',#3352,#3368,#1997,.T.);
#4206=EDGE_CURVE('',#3368,#3368,#280,.T.);
#4207=EDGE_CURVE('',#3369,#3369,#281,.T.);
#4208=EDGE_CURVE('',#3369,#3368,#1998,.T.);
#4209=EDGE_CURVE('',#3347,#3370,#1999,.T.);
#4210=EDGE_CURVE('',#3370,#3370,#282,.T.);
#4211=EDGE_CURVE('',#3371,#3371,#283,.T.);
#4212=EDGE_CURVE('',#3371,#3370,#2000,.T.);
#4213=EDGE_CURVE('',#3351,#3372,#2001,.T.);
#4214=EDGE_CURVE('',#3372,#3372,#284,.T.);
#4215=EDGE_CURVE('',#3373,#3373,#285,.T.);
#4216=EDGE_CURVE('',#3373,#3372,#2002,.T.);
#4217=EDGE_CURVE('',#3348,#3374,#2003,.T.);
#4218=EDGE_CURVE('',#3374,#3374,#286,.T.);
#4219=EDGE_CURVE('',#3375,#3375,#287,.T.);
#4220=EDGE_CURVE('',#3375,#3374,#2004,.T.);
#4221=EDGE_CURVE('',#3350,#3376,#2005,.T.);
#4222=EDGE_CURVE('',#3376,#3376,#288,.T.);
#4223=EDGE_CURVE('',#3377,#3377,#289,.T.);
#4224=EDGE_CURVE('',#3377,#3376,#2006,.T.);
#4225=EDGE_CURVE('',#3349,#3378,#2007,.T.);
#4226=EDGE_CURVE('',#3378,#3378,#290,.T.);
#4227=EDGE_CURVE('',#3379,#3379,#291,.T.);
#4228=EDGE_CURVE('',#3379,#3378,#2008,.T.);
#4229=EDGE_CURVE('',#3380,#3380,#292,.T.);
#4230=EDGE_CURVE('',#3380,#3381,#2009,.T.);
#4231=EDGE_CURVE('',#3381,#3381,#293,.T.);
#4232=EDGE_CURVE('',#3382,#3382,#294,.T.);
#4233=EDGE_CURVE('',#3382,#3383,#2010,.T.);
#4234=EDGE_CURVE('',#3383,#3383,#295,.T.);
#4235=EDGE_CURVE('',#3384,#3384,#296,.T.);
#4236=EDGE_CURVE('',#3384,#3385,#2011,.T.);
#4237=EDGE_CURVE('',#3385,#3385,#297,.T.);
#4238=EDGE_CURVE('',#3386,#3386,#298,.T.);
#4239=EDGE_CURVE('',#3386,#3387,#2012,.T.);
#4240=EDGE_CURVE('',#3387,#3387,#299,.T.);
#4241=EDGE_CURVE('',#3388,#3388,#300,.T.);
#4242=EDGE_CURVE('',#3388,#3389,#2013,.T.);
#4243=EDGE_CURVE('',#3389,#3389,#301,.T.);
#4244=EDGE_CURVE('',#3390,#3390,#302,.T.);
#4245=EDGE_CURVE('',#3390,#3391,#2014,.T.);
#4246=EDGE_CURVE('',#3391,#3391,#303,.T.);
#4247=EDGE_CURVE('',#3392,#3393,#49,.T.);
#4248=EDGE_CURVE('',#3393,#3394,#304,.F.);
#4249=EDGE_CURVE('',#3395,#3394,#50,.F.);
#4250=EDGE_CURVE('',#3395,#3396,#305,.T.);
#4251=EDGE_CURVE('',#3396,#3397,#2015,.T.);
#4252=EDGE_CURVE('',#3397,#3397,#306,.T.);
#4253=EDGE_CURVE('',#3396,#3392,#307,.T.);
#4254=EDGE_CURVE('',#3397,#3398,#2016,.T.);
#4255=EDGE_CURVE('',#3398,#3398,#308,.T.);
#4256=EDGE_CURVE('',#3399,#3400,#51,.T.);
#4257=EDGE_CURVE('',#3400,#3401,#309,.F.);
#4258=EDGE_CURVE('',#3402,#3401,#52,.F.);
#4259=EDGE_CURVE('',#3402,#3403,#310,.T.);
#4260=EDGE_CURVE('',#3403,#3404,#2017,.T.);
#4261=EDGE_CURVE('',#3404,#3404,#311,.T.);
#4262=EDGE_CURVE('',#3403,#3399,#312,.T.);
#4263=EDGE_CURVE('',#3404,#3405,#2018,.T.);
#4264=EDGE_CURVE('',#3405,#3405,#313,.T.);
#4265=EDGE_CURVE('',#3406,#3407,#53,.T.);
#4266=EDGE_CURVE('',#3407,#3408,#314,.F.);
#4267=EDGE_CURVE('',#3409,#3408,#54,.F.);
#4268=EDGE_CURVE('',#3409,#3410,#315,.T.);
#4269=EDGE_CURVE('',#3410,#3411,#2019,.T.);
#4270=EDGE_CURVE('',#3411,#3411,#316,.T.);
#4271=EDGE_CURVE('',#3410,#3406,#317,.T.);
#4272=EDGE_CURVE('',#3411,#3412,#2020,.T.);
#4273=EDGE_CURVE('',#3412,#3412,#318,.T.);
#4274=EDGE_CURVE('',#3413,#3414,#55,.T.);
#4275=EDGE_CURVE('',#3414,#3415,#319,.F.);
#4276=EDGE_CURVE('',#3416,#3415,#56,.F.);
#4277=EDGE_CURVE('',#3416,#3417,#320,.T.);
#4278=EDGE_CURVE('',#3417,#3418,#2021,.T.);
#4279=EDGE_CURVE('',#3418,#3418,#321,.T.);
#4280=EDGE_CURVE('',#3417,#3413,#322,.T.);
#4281=EDGE_CURVE('',#3418,#3419,#2022,.T.);
#4282=EDGE_CURVE('',#3419,#3419,#323,.T.);
#4283=EDGE_CURVE('',#3420,#3421,#57,.T.);
#4284=EDGE_CURVE('',#3421,#3422,#324,.F.);
#4285=EDGE_CURVE('',#3423,#3422,#58,.F.);
#4286=EDGE_CURVE('',#3423,#3424,#325,.T.);
#4287=EDGE_CURVE('',#3424,#3425,#2023,.T.);
#4288=EDGE_CURVE('',#3425,#3425,#326,.T.);
#4289=EDGE_CURVE('',#3424,#3420,#327,.T.);
#4290=EDGE_CURVE('',#3425,#3426,#2024,.T.);
#4291=EDGE_CURVE('',#3426,#3426,#328,.T.);
#4292=EDGE_CURVE('',#3427,#3428,#59,.T.);
#4293=EDGE_CURVE('',#3428,#3429,#329,.F.);
#4294=EDGE_CURVE('',#3430,#3429,#60,.F.);
#4295=EDGE_CURVE('',#3430,#3431,#330,.T.);
#4296=EDGE_CURVE('',#3431,#3432,#2025,.T.);
#4297=EDGE_CURVE('',#3432,#3432,#331,.T.);
#4298=EDGE_CURVE('',#3431,#3427,#332,.T.);
#4299=EDGE_CURVE('',#3432,#3433,#2026,.T.);
#4300=EDGE_CURVE('',#3433,#3433,#333,.T.);
#4301=EDGE_CURVE('',#3434,#3435,#61,.T.);
#4302=EDGE_CURVE('',#3435,#3436,#334,.F.);
#4303=EDGE_CURVE('',#3437,#3436,#62,.F.);
#4304=EDGE_CURVE('',#3437,#3438,#335,.T.);
#4305=EDGE_CURVE('',#3438,#3439,#2027,.T.);
#4306=EDGE_CURVE('',#3439,#3439,#336,.T.);
#4307=EDGE_CURVE('',#3438,#3434,#337,.T.);
#4308=EDGE_CURVE('',#3439,#3440,#2028,.T.);
#4309=EDGE_CURVE('',#3440,#3440,#338,.T.);
#4310=EDGE_CURVE('',#3441,#3442,#63,.T.);
#4311=EDGE_CURVE('',#3442,#3443,#339,.F.);
#4312=EDGE_CURVE('',#3444,#3443,#64,.F.);
#4313=EDGE_CURVE('',#3444,#3445,#340,.T.);
#4314=EDGE_CURVE('',#3445,#3446,#2029,.T.);
#4315=EDGE_CURVE('',#3446,#3446,#341,.T.);
#4316=EDGE_CURVE('',#3445,#3441,#342,.T.);
#4317=EDGE_CURVE('',#3446,#3447,#2030,.T.);
#4318=EDGE_CURVE('',#3447,#3447,#343,.T.);
#4319=EDGE_CURVE('',#3448,#3449,#65,.T.);
#4320=EDGE_CURVE('',#3449,#3450,#344,.F.);
#4321=EDGE_CURVE('',#3451,#3450,#66,.F.);
#4322=EDGE_CURVE('',#3451,#3452,#345,.T.);
#4323=EDGE_CURVE('',#3452,#3453,#2031,.T.);
#4324=EDGE_CURVE('',#3453,#3453,#346,.T.);
#4325=EDGE_CURVE('',#3452,#3448,#347,.T.);
#4326=EDGE_CURVE('',#3453,#3454,#2032,.T.);
#4327=EDGE_CURVE('',#3454,#3454,#348,.T.);
#4328=EDGE_CURVE('',#3455,#3456,#67,.T.);
#4329=EDGE_CURVE('',#3456,#3457,#349,.F.);
#4330=EDGE_CURVE('',#3458,#3457,#68,.F.);
#4331=EDGE_CURVE('',#3458,#3459,#350,.T.);
#4332=EDGE_CURVE('',#3459,#3460,#2033,.T.);
#4333=EDGE_CURVE('',#3460,#3460,#351,.T.);
#4334=EDGE_CURVE('',#3459,#3455,#352,.T.);
#4335=EDGE_CURVE('',#3460,#3461,#2034,.T.);
#4336=EDGE_CURVE('',#3461,#3461,#353,.T.);
#4337=EDGE_CURVE('',#3462,#3463,#69,.T.);
#4338=EDGE_CURVE('',#3463,#3464,#354,.F.);
#4339=EDGE_CURVE('',#3465,#3464,#70,.F.);
#4340=EDGE_CURVE('',#3465,#3466,#355,.T.);
#4341=EDGE_CURVE('',#3466,#3467,#2035,.T.);
#4342=EDGE_CURVE('',#3467,#3467,#356,.T.);
#4343=EDGE_CURVE('',#3466,#3462,#357,.T.);
#4344=EDGE_CURVE('',#3467,#3468,#2036,.T.);
#4345=EDGE_CURVE('',#3468,#3468,#358,.T.);
#4346=EDGE_CURVE('',#3469,#3470,#71,.T.);
#4347=EDGE_CURVE('',#3470,#3471,#359,.F.);
#4348=EDGE_CURVE('',#3472,#3471,#72,.F.);
#4349=EDGE_CURVE('',#3472,#3473,#360,.T.);
#4350=EDGE_CURVE('',#3473,#3474,#2037,.T.);
#4351=EDGE_CURVE('',#3474,#3474,#361,.T.);
#4352=EDGE_CURVE('',#3473,#3469,#362,.T.);
#4353=EDGE_CURVE('',#3474,#3475,#2038,.T.);
#4354=EDGE_CURVE('',#3475,#3475,#363,.T.);
#4355=EDGE_CURVE('',#3476,#3477,#73,.T.);
#4356=EDGE_CURVE('',#3477,#3478,#364,.F.);
#4357=EDGE_CURVE('',#3478,#3479,#2039,.T.);
#4358=EDGE_CURVE('',#3479,#3479,#365,.T.);
#4359=EDGE_CURVE('',#3478,#3480,#366,.F.);
#4360=EDGE_CURVE('',#3481,#3480,#74,.F.);
#4361=EDGE_CURVE('',#3481,#3476,#367,.T.);
#4362=EDGE_CURVE('',#3482,#3482,#368,.T.);
#4363=EDGE_CURVE('',#3482,#3479,#2040,.T.);
#4364=EDGE_CURVE('',#3483,#3484,#75,.T.);
#4365=EDGE_CURVE('',#3484,#3485,#369,.F.);
#4366=EDGE_CURVE('',#3485,#3486,#2041,.T.);
#4367=EDGE_CURVE('',#3486,#3486,#370,.T.);
#4368=EDGE_CURVE('',#3485,#3487,#371,.F.);
#4369=EDGE_CURVE('',#3488,#3487,#76,.F.);
#4370=EDGE_CURVE('',#3488,#3483,#372,.T.);
#4371=EDGE_CURVE('',#3486,#3489,#2042,.T.);
#4372=EDGE_CURVE('',#3489,#3489,#373,.T.);
#4373=EDGE_CURVE('',#3490,#3491,#77,.T.);
#4374=EDGE_CURVE('',#3491,#3492,#374,.F.);
#4375=EDGE_CURVE('',#3492,#3493,#2043,.T.);
#4376=EDGE_CURVE('',#3493,#3493,#375,.T.);
#4377=EDGE_CURVE('',#3492,#3494,#376,.F.);
#4378=EDGE_CURVE('',#3495,#3494,#78,.F.);
#4379=EDGE_CURVE('',#3495,#3490,#377,.T.);
#4380=EDGE_CURVE('',#3493,#3496,#2044,.T.);
#4381=EDGE_CURVE('',#3496,#3496,#378,.T.);
#4382=EDGE_CURVE('',#3497,#3498,#79,.T.);
#4383=EDGE_CURVE('',#3498,#3499,#379,.F.);
#4384=EDGE_CURVE('',#3499,#3500,#2045,.T.);
#4385=EDGE_CURVE('',#3500,#3500,#380,.T.);
#4386=EDGE_CURVE('',#3499,#3501,#381,.F.);
#4387=EDGE_CURVE('',#3502,#3501,#80,.F.);
#4388=EDGE_CURVE('',#3502,#3497,#382,.T.);
#4389=EDGE_CURVE('',#3500,#3503,#2046,.T.);
#4390=EDGE_CURVE('',#3503,#3503,#383,.T.);
#4391=EDGE_CURVE('',#3504,#3261,#2047,.T.);
#4392=EDGE_CURVE('',#3262,#3505,#2048,.T.);
#4393=EDGE_CURVE('',#3505,#3504,#2049,.T.);
#4394=EDGE_CURVE('',#3506,#3263,#2050,.T.);
#4395=EDGE_CURVE('',#3504,#3506,#384,.T.);
#4396=EDGE_CURVE('',#3507,#3264,#2051,.T.);
#4397=EDGE_CURVE('',#3506,#3507,#2052,.T.);
#4398=EDGE_CURVE('',#3508,#3265,#2053,.T.);
#4399=EDGE_CURVE('',#3507,#3508,#385,.T.);
#4400=EDGE_CURVE('',#3509,#3266,#2054,.T.);
#4401=EDGE_CURVE('',#3508,#3509,#2055,.T.);
#4402=EDGE_CURVE('',#3510,#3267,#2056,.T.);
#4403=EDGE_CURVE('',#3509,#3510,#386,.T.);
#4404=EDGE_CURVE('',#3511,#3268,#2057,.T.);
#4405=EDGE_CURVE('',#3510,#3511,#2058,.T.);
#4406=EDGE_CURVE('',#3511,#3505,#387,.T.);
#4407=EDGE_CURVE('',#3507,#3512,#2059,.T.);
#4408=EDGE_CURVE('',#3513,#3512,#388,.T.);
#4409=EDGE_CURVE('',#3514,#3513,#2060,.T.);
#4410=EDGE_CURVE('',#3514,#3515,#389,.T.);
#4411=EDGE_CURVE('',#3515,#3516,#2061,.T.);
#4412=EDGE_CURVE('',#3517,#3516,#390,.T.);
#4413=EDGE_CURVE('',#3508,#3517,#2062,.T.);
#4414=EDGE_CURVE('',#3506,#3518,#2063,.T.);
#4415=EDGE_CURVE('',#3519,#3518,#2064,.T.);
#4416=EDGE_CURVE('',#3519,#3520,#2065,.T.);
#4417=EDGE_CURVE('',#3520,#3521,#2066,.T.);
#4418=EDGE_CURVE('',#3521,#3522,#2067,.T.);
#4419=EDGE_CURVE('',#3523,#3522,#2068,.T.);
#4420=EDGE_CURVE('',#3523,#3524,#2069,.T.);
#4421=EDGE_CURVE('',#3524,#3525,#2070,.T.);
#4422=EDGE_CURVE('',#3525,#3526,#2071,.T.);
#4423=EDGE_CURVE('',#3527,#3526,#2072,.T.);
#4424=EDGE_CURVE('',#3527,#3528,#2073,.T.);
#4425=EDGE_CURVE('',#3528,#3529,#2074,.T.);
#4426=EDGE_CURVE('',#3529,#3530,#2075,.T.);
#4427=EDGE_CURVE('',#3531,#3530,#2076,.T.);
#4428=EDGE_CURVE('',#3531,#3532,#2077,.T.);
#4429=EDGE_CURVE('',#3532,#3533,#2078,.T.);
#4430=EDGE_CURVE('',#3533,#3534,#2079,.T.);
#4431=EDGE_CURVE('',#3512,#3534,#2080,.T.);
#4432=EDGE_CURVE('',#3535,#3536,#2081,.T.);
#4433=EDGE_CURVE('',#3536,#3537,#2082,.T.);
#4434=EDGE_CURVE('',#3537,#3538,#2083,.T.);
#4435=EDGE_CURVE('',#3538,#3535,#2084,.T.);
#4436=EDGE_CURVE('',#3539,#3540,#2085,.T.);
#4437=EDGE_CURVE('',#3540,#3541,#2086,.T.);
#4438=EDGE_CURVE('',#3541,#3542,#2087,.T.);
#4439=EDGE_CURVE('',#3542,#3539,#2088,.T.);
#4440=EDGE_CURVE('',#3543,#3544,#2089,.T.);
#4441=EDGE_CURVE('',#3544,#3545,#2090,.T.);
#4442=EDGE_CURVE('',#3545,#3546,#2091,.T.);
#4443=EDGE_CURVE('',#3546,#3543,#2092,.T.);
#4444=EDGE_CURVE('',#3547,#3548,#2093,.T.);
#4445=EDGE_CURVE('',#3548,#3549,#2094,.T.);
#4446=EDGE_CURVE('',#3549,#3550,#2095,.T.);
#4447=EDGE_CURVE('',#3550,#3547,#2096,.T.);
#4448=EDGE_CURVE('',#3504,#3551,#2097,.T.);
#4449=EDGE_CURVE('',#3552,#3551,#391,.T.);
#4450=EDGE_CURVE('',#3552,#3553,#2098,.T.);
#4451=EDGE_CURVE('',#3553,#3554,#392,.T.);
#4452=EDGE_CURVE('',#3554,#3555,#2099,.T.);
#4453=EDGE_CURVE('',#3518,#3555,#393,.T.);
#4454=EDGE_CURVE('',#3505,#3556,#2100,.T.);
#4455=EDGE_CURVE('',#3557,#3556,#2101,.T.);
#4456=EDGE_CURVE('',#3557,#3558,#2102,.T.);
#4457=EDGE_CURVE('',#3559,#3558,#81,.T.);
#4458=EDGE_CURVE('',#3560,#3559,#2103,.T.);
#4459=EDGE_CURVE('',#3560,#3561,#2104,.T.);
#4460=EDGE_CURVE('',#3562,#3561,#2105,.T.);
#4461=EDGE_CURVE('',#3563,#3562,#82,.T.);
#4462=EDGE_CURVE('',#3563,#3564,#2106,.T.);
#4463=EDGE_CURVE('',#3551,#3564,#2107,.T.);
#4464=EDGE_CURVE('',#3565,#3322,#2108,.T.);
#4465=EDGE_CURVE('',#3566,#3565,#394,.T.);
#4466=EDGE_CURVE('',#3323,#3566,#2109,.T.);
#4467=EDGE_CURVE('',#3567,#3321,#2110,.T.);
#4468=EDGE_CURVE('',#3565,#3567,#395,.T.);
#4469=EDGE_CURVE('',#3293,#3568,#2111,.T.);
#4470=EDGE_CURVE('',#3569,#3292,#2112,.T.);
#4471=EDGE_CURVE('',#3568,#3569,#2113,.T.);
#4472=EDGE_CURVE('',#3570,#3344,#2114,.T.);
#4473=EDGE_CURVE('',#3571,#3570,#396,.T.);
#4474=EDGE_CURVE('',#3345,#3571,#2115,.T.);
#4475=EDGE_CURVE('',#3572,#3318,#2116,.T.);
#4476=EDGE_CURVE('',#3573,#3572,#2117,.T.);
#4477=EDGE_CURVE('',#3319,#3573,#2118,.T.);
#4478=EDGE_CURVE('',#3284,#3574,#2119,.T.);
#4479=EDGE_CURVE('',#3283,#3575,#2120,.T.);
#4480=EDGE_CURVE('',#3574,#3575,#397,.T.);
#4481=EDGE_CURVE('',#3576,#3282,#2121,.T.);
#4482=EDGE_CURVE('',#3575,#3576,#2122,.T.);
#4483=EDGE_CURVE('',#3577,#3304,#2123,.T.);
#4484=EDGE_CURVE('',#3578,#3577,#2124,.T.);
#4485=EDGE_CURVE('',#3305,#3578,#2125,.T.);
#4486=EDGE_CURVE('',#3311,#3579,#2126,.T.);
#4487=EDGE_CURVE('',#3310,#3580,#2127,.T.);
#4488=EDGE_CURVE('',#3579,#3580,#2128,.T.);
#4489=EDGE_CURVE('',#3581,#3309,#2129,.T.);
#4490=EDGE_CURVE('',#3580,#3581,#398,.T.);
#4491=EDGE_CURVE('',#3582,#3280,#2130,.T.);
#4492=EDGE_CURVE('',#3279,#3582,#2131,.T.);
#4493=EDGE_CURVE('',#3583,#3584,#2132,.T.);
#4494=EDGE_CURVE('',#3564,#3583,#399,.T.);
#4495=EDGE_CURVE('',#3584,#3563,#83,.T.);
#4496=EDGE_CURVE('',#3563,#3585,#2133,.T.);
#4497=EDGE_CURVE('',#3585,#3586,#84,.T.);
#4498=EDGE_CURVE('',#3587,#3586,#2134,.T.);
#4499=EDGE_CURVE('',#3587,#3584,#85,.T.);
#4500=EDGE_CURVE('',#3277,#3588,#2135,.T.);
#4501=EDGE_CURVE('',#3588,#3278,#2136,.T.);
#4502=EDGE_CURVE('',#3589,#3557,#400,.T.);
#4503=EDGE_CURVE('',#3590,#3589,#2137,.T.);
#4504=EDGE_CURVE('',#3558,#3590,#86,.T.);
#4505=EDGE_CURVE('',#3590,#3591,#87,.T.);
#4506=EDGE_CURVE('',#3591,#3592,#2138,.T.);
#4507=EDGE_CURVE('',#3592,#3593,#88,.T.);
#4508=EDGE_CURVE('',#3593,#3558,#2139,.T.);
#4509=EDGE_CURVE('',#3594,#3532,#1883,.T.);
#4510=EDGE_CURVE('',#3594,#3531,#401,.T.);
#4511=EDGE_CURVE('',#3583,#3589,#2140,.T.);
#4512=EDGE_CURVE('',#3556,#3595,#402,.T.);
#4513=EDGE_CURVE('',#3595,#3596,#403,.T.);
#4514=EDGE_CURVE('',#3596,#3597,#404,.T.);
#4515=EDGE_CURVE('',#3597,#3598,#405,.T.);
#4516=EDGE_CURVE('',#3598,#3599,#2141,.T.);
#4517=EDGE_CURVE('',#3599,#3600,#406,.T.);
#4518=EDGE_CURVE('',#3600,#3601,#407,.T.);
#4519=EDGE_CURVE('',#3601,#3602,#2142,.T.);
#4520=EDGE_CURVE('',#3602,#3603,#408,.T.);
#4521=EDGE_CURVE('',#3603,#3604,#409,.T.);
#4522=EDGE_CURVE('',#3604,#3605,#2143,.T.);
#4523=EDGE_CURVE('',#3605,#3606,#410,.T.);
#4524=EDGE_CURVE('',#3606,#3607,#411,.T.);
#4525=EDGE_CURVE('',#3607,#3608,#2144,.T.);
#4526=EDGE_CURVE('',#3608,#3609,#412,.T.);
#4527=EDGE_CURVE('',#3609,#3610,#413,.T.);
#4528=EDGE_CURVE('',#3610,#3611,#2145,.T.);
#4529=EDGE_CURVE('',#3611,#3612,#414,.T.);
#4530=EDGE_CURVE('',#3612,#3613,#415,.T.);
#4531=EDGE_CURVE('',#3613,#3614,#416,.T.);
#4532=EDGE_CURVE('',#3614,#3615,#417,.T.);
#4533=EDGE_CURVE('',#3615,#3616,#2146,.T.);
#4534=EDGE_CURVE('',#3616,#3617,#418,.T.);
#4535=EDGE_CURVE('',#3617,#3618,#419,.T.);
#4536=EDGE_CURVE('',#3618,#3619,#2147,.T.);
#4537=EDGE_CURVE('',#3619,#3620,#420,.T.);
#4538=EDGE_CURVE('',#3620,#3621,#421,.T.);
#4539=EDGE_CURVE('',#3621,#3517,#2148,.T.);
#4540=EDGE_CURVE('',#3516,#3622,#422,.T.);
#4541=EDGE_CURVE('',#3622,#3623,#423,.T.);
#4542=EDGE_CURVE('',#3513,#3623,#424,.T.);
#4543=EDGE_CURVE('',#3534,#3594,#425,.T.);
#4544=EDGE_CURVE('',#3530,#3624,#426,.T.);
#4545=EDGE_CURVE('',#3624,#3527,#427,.T.);
#4546=EDGE_CURVE('',#3526,#3625,#428,.T.);
#4547=EDGE_CURVE('',#3625,#3523,#429,.T.);
#4548=EDGE_CURVE('',#3522,#3626,#430,.T.);
#4549=EDGE_CURVE('',#3626,#3519,#431,.T.);
#4550=EDGE_CURVE('',#3555,#3627,#432,.T.);
#4551=EDGE_CURVE('',#3627,#3552,#433,.T.);
#4552=EDGE_CURVE('',#3628,#3395,#434,.F.);
#4553=EDGE_CURVE('',#3628,#3629,#2149,.T.);
#4554=EDGE_CURVE('',#3455,#3629,#435,.F.);
#4555=EDGE_CURVE('',#3630,#3458,#436,.F.);
#4556=EDGE_CURVE('',#3630,#3631,#2150,.T.);
#4557=EDGE_CURVE('',#3462,#3631,#437,.F.);
#4558=EDGE_CURVE('',#3632,#3465,#438,.F.);
#4559=EDGE_CURVE('',#3632,#3633,#2151,.T.);
#4560=EDGE_CURVE('',#3633,#3634,#439,.T.);
#4561=EDGE_CURVE('',#3497,#3634,#440,.F.);
#4562=EDGE_CURVE('',#3635,#3502,#441,.F.);
#4563=EDGE_CURVE('',#3635,#3636,#442,.T.);
#4564=EDGE_CURVE('',#3636,#3637,#2152,.T.);
#4565=EDGE_CURVE('',#3490,#3637,#443,.F.);
#4566=EDGE_CURVE('',#3638,#3495,#444,.F.);
#4567=EDGE_CURVE('',#3638,#3639,#2153,.T.);
#4568=EDGE_CURVE('',#3483,#3639,#445,.F.);
#4569=EDGE_CURVE('',#3640,#3488,#446,.F.);
#4570=EDGE_CURVE('',#3640,#3641,#2154,.T.);
#4571=EDGE_CURVE('',#3641,#3642,#447,.T.);
#4572=EDGE_CURVE('',#3476,#3642,#448,.F.);
#4573=EDGE_CURVE('',#3643,#3481,#449,.F.);
#4574=EDGE_CURVE('',#3643,#3644,#450,.T.);
#4575=EDGE_CURVE('',#3644,#3645,#2155,.T.);
#4576=EDGE_CURVE('',#3469,#3645,#451,.F.);
#4577=EDGE_CURVE('',#3646,#3472,#452,.F.);
#4578=EDGE_CURVE('',#3646,#3647,#2156,.T.);
#4579=EDGE_CURVE('',#3448,#3647,#453,.F.);
#4580=EDGE_CURVE('',#3648,#3451,#454,.F.);
#4581=EDGE_CURVE('',#3648,#3649,#2157,.T.);
#4582=EDGE_CURVE('',#3441,#3649,#455,.F.);
#4583=EDGE_CURVE('',#3650,#3444,#456,.F.);
#4584=EDGE_CURVE('',#3650,#3651,#2158,.T.);
#4585=EDGE_CURVE('',#3434,#3651,#457,.F.);
#4586=EDGE_CURVE('',#3652,#3437,#458,.F.);
#4587=EDGE_CURVE('',#3652,#3653,#2159,.T.);
#4588=EDGE_CURVE('',#3653,#3654,#459,.T.);
#4589=EDGE_CURVE('',#3427,#3654,#460,.F.);
#4590=EDGE_CURVE('',#3655,#3430,#461,.F.);
#4591=EDGE_CURVE('',#3655,#3656,#462,.T.);
#4592=EDGE_CURVE('',#3656,#3657,#2160,.T.);
#4593=EDGE_CURVE('',#3420,#3657,#463,.F.);
#4594=EDGE_CURVE('',#3658,#3423,#464,.F.);
#4595=EDGE_CURVE('',#3658,#3659,#2161,.T.);
#4596=EDGE_CURVE('',#3413,#3659,#465,.F.);
#4597=EDGE_CURVE('',#3660,#3416,#466,.F.);
#4598=EDGE_CURVE('',#3660,#3661,#2162,.T.);
#4599=EDGE_CURVE('',#3661,#3662,#467,.T.);
#4600=EDGE_CURVE('',#3406,#3662,#468,.F.);
#4601=EDGE_CURVE('',#3663,#3409,#469,.F.);
#4602=EDGE_CURVE('',#3663,#3664,#470,.T.);
#4603=EDGE_CURVE('',#3664,#3665,#2163,.T.);
#4604=EDGE_CURVE('',#3399,#3665,#471,.F.);
#4605=EDGE_CURVE('',#3666,#3402,#472,.F.);
#4606=EDGE_CURVE('',#3666,#3667,#2164,.T.);
#4607=EDGE_CURVE('',#3392,#3667,#473,.F.);
#4608=EDGE_CURVE('',#3627,#3554,#89,.T.);
#4609=EDGE_CURVE('',#3521,#3626,#1884,.T.);
#4610=EDGE_CURVE('',#3622,#3515,#90,.T.);
#4611=EDGE_CURVE('',#3668,#3562,#2165,.T.);
#4612=EDGE_CURVE('',#3561,#3669,#2166,.T.);
#4613=EDGE_CURVE('',#3669,#3668,#2167,.T.);
#4614=EDGE_CURVE('',#3591,#3587,#2168,.T.);
#4615=EDGE_CURVE('',#3586,#3592,#2169,.T.);
#4616=EDGE_CURVE('',#3559,#3670,#2170,.T.);
#4617=EDGE_CURVE('',#3670,#3671,#2171,.T.);
#4618=EDGE_CURVE('',#3671,#3560,#2172,.T.);
#4619=EDGE_CURVE('',#3593,#3670,#91,.T.);
#4620=EDGE_CURVE('',#3668,#3585,#92,.T.);
#4621=EDGE_CURVE('',#3672,#3673,#2173,.T.);
#4622=EDGE_CURVE('',#3673,#3674,#2174,.T.);
#4623=EDGE_CURVE('',#3675,#3674,#2175,.T.);
#4624=EDGE_CURVE('',#3672,#3675,#2176,.T.);
#4625=EDGE_CURVE('',#3676,#3672,#474,.T.);
#4626=EDGE_CURVE('',#3677,#3675,#475,.T.);
#4627=EDGE_CURVE('',#3676,#3677,#2177,.T.);
#4628=EDGE_CURVE('',#3592,#3678,#2178,.T.);
#4629=EDGE_CURVE('',#3679,#3678,#476,.T.);
#4630=EDGE_CURVE('',#3670,#3679,#2179,.T.);
#4631=EDGE_CURVE('',#3586,#3680,#2180,.T.);
#4632=EDGE_CURVE('',#3678,#3680,#2181,.T.);
#4633=EDGE_CURVE('',#3668,#3681,#2182,.T.);
#4634=EDGE_CURVE('',#3680,#3681,#477,.T.);
#4635=EDGE_CURVE('',#3671,#3679,#2183,.T.);
#4636=EDGE_CURVE('',#3681,#3669,#2184,.T.);
#4637=EDGE_CURVE('',#3674,#3682,#478,.T.);
#4638=EDGE_CURVE('',#3682,#3677,#2185,.T.);
#4639=EDGE_CURVE('',#3683,#3339,#2186,.T.);
#4640=EDGE_CURVE('',#3684,#3683,#2187,.T.);
#4641=EDGE_CURVE('',#3340,#3684,#2188,.T.);
#4642=EDGE_CURVE('',#3685,#3287,#2189,.T.);
#4643=EDGE_CURVE('',#3686,#3685,#479,.T.);
#4644=EDGE_CURVE('',#3288,#3686,#2190,.T.);
#4645=EDGE_CURVE('',#3687,#3688,#93,.T.);
#4646=EDGE_CURVE('',#3588,#3687,#1885,.T.);
#4647=EDGE_CURVE('',#3689,#3276,#2191,.T.);
#4648=EDGE_CURVE('',#3690,#3689,#480,.T.);
#4649=EDGE_CURVE('',#3688,#3690,#2192,.T.);
#4650=EDGE_CURVE('',#3665,#3691,#2193,.T.);
#4651=EDGE_CURVE('',#3664,#3692,#2194,.T.);
#4652=EDGE_CURVE('',#3691,#3692,#2195,.T.);
#4653=EDGE_CURVE('',#3693,#3663,#2196,.T.);
#4654=EDGE_CURVE('',#3692,#3693,#481,.T.);
#4655=EDGE_CURVE('',#3662,#3694,#2197,.T.);
#4656=EDGE_CURVE('',#3661,#3695,#2198,.T.);
#4657=EDGE_CURVE('',#3694,#3695,#482,.T.);
#4658=EDGE_CURVE('',#3696,#3660,#2199,.T.);
#4659=EDGE_CURVE('',#3695,#3696,#2200,.T.);
#4660=EDGE_CURVE('',#3659,#3697,#2201,.T.);
#4661=EDGE_CURVE('',#3698,#3658,#2202,.T.);
#4662=EDGE_CURVE('',#3697,#3698,#2203,.T.);
#4663=EDGE_CURVE('',#3657,#3699,#2204,.T.);
#4664=EDGE_CURVE('',#3656,#3700,#2205,.T.);
#4665=EDGE_CURVE('',#3699,#3700,#2206,.T.);
#4666=EDGE_CURVE('',#3701,#3655,#2207,.T.);
#4667=EDGE_CURVE('',#3700,#3701,#483,.T.);
#4668=EDGE_CURVE('',#3654,#3702,#2208,.T.);
#4669=EDGE_CURVE('',#3653,#3703,#2209,.T.);
#4670=EDGE_CURVE('',#3702,#3703,#484,.T.);
#4671=EDGE_CURVE('',#3436,#3704,#2210,.T.);
#4672=EDGE_CURVE('',#3705,#3435,#2211,.T.);
#4673=EDGE_CURVE('',#3704,#3705,#485,.T.);
#4674=EDGE_CURVE('',#3443,#3706,#2212,.T.);
#4675=EDGE_CURVE('',#3707,#3442,#2213,.T.);
#4676=EDGE_CURVE('',#3706,#3707,#486,.T.);
#4677=EDGE_CURVE('',#3450,#3708,#2214,.T.);
#4678=EDGE_CURVE('',#3709,#3449,#2215,.T.);
#4679=EDGE_CURVE('',#3708,#3709,#487,.T.);
#4680=EDGE_CURVE('',#3645,#3710,#2216,.T.);
#4681=EDGE_CURVE('',#3644,#3711,#2217,.T.);
#4682=EDGE_CURVE('',#3710,#3711,#2218,.T.);
#4683=EDGE_CURVE('',#3712,#3643,#2219,.T.);
#4684=EDGE_CURVE('',#3711,#3712,#488,.T.);
#4685=EDGE_CURVE('',#3642,#3713,#2220,.T.);
#4686=EDGE_CURVE('',#3641,#3714,#2221,.T.);
#4687=EDGE_CURVE('',#3713,#3714,#489,.T.);
#4688=EDGE_CURVE('',#3637,#3715,#2222,.T.);
#4689=EDGE_CURVE('',#3636,#3716,#2223,.T.);
#4690=EDGE_CURVE('',#3715,#3716,#2224,.T.);
#4691=EDGE_CURVE('',#3717,#3635,#2225,.T.);
#4692=EDGE_CURVE('',#3716,#3717,#490,.T.);
#4693=EDGE_CURVE('',#3634,#3718,#2226,.T.);
#4694=EDGE_CURVE('',#3633,#3719,#2227,.T.);
#4695=EDGE_CURVE('',#3718,#3719,#491,.T.);
#4696=EDGE_CURVE('',#3720,#3632,#2228,.T.);
#4697=EDGE_CURVE('',#3719,#3720,#2229,.T.);
#4698=EDGE_CURVE('',#3631,#3721,#2230,.T.);
#4699=EDGE_CURVE('',#3722,#3630,#2231,.T.);
#4700=EDGE_CURVE('',#3721,#3722,#2232,.T.);
#4701=EDGE_CURVE('',#3629,#3723,#2233,.T.);
#4702=EDGE_CURVE('',#3724,#3628,#2234,.T.);
#4703=EDGE_CURVE('',#3723,#3724,#2235,.T.);
#4704=EDGE_CURVE('',#3667,#3725,#2236,.T.);
#4705=EDGE_CURVE('',#3726,#3666,#2237,.T.);
#4706=EDGE_CURVE('',#3725,#3726,#2238,.T.);
#4707=EDGE_CURVE('',#3727,#3717,#492,.T.);
#4708=EDGE_CURVE('',#3501,#3727,#2239,.T.);
#4709=EDGE_CURVE('',#3728,#3498,#2240,.T.);
#4710=EDGE_CURVE('',#3727,#3728,#493,.T.);
#4711=EDGE_CURVE('',#3718,#3728,#494,.T.);
#4712=EDGE_CURVE('',#3494,#3729,#2241,.T.);
#4713=EDGE_CURVE('',#3730,#3491,#2242,.T.);
#4714=EDGE_CURVE('',#3729,#3730,#495,.T.);
#4715=EDGE_CURVE('',#3715,#3730,#496,.T.);
#4716=EDGE_CURVE('',#3487,#3731,#2243,.T.);
#4717=EDGE_CURVE('',#3732,#3484,#2244,.T.);
#4718=EDGE_CURVE('',#3731,#3732,#497,.T.);
#4719=EDGE_CURVE('',#3733,#3732,#498,.T.);
#4720=EDGE_CURVE('',#3639,#3733,#2245,.T.);
#4721=EDGE_CURVE('',#3713,#3734,#499,.T.);
#4722=EDGE_CURVE('',#3734,#3477,#2246,.T.);
#4723=EDGE_CURVE('',#3480,#3735,#2247,.T.);
#4724=EDGE_CURVE('',#3735,#3734,#500,.T.);
#4725=EDGE_CURVE('',#3735,#3712,#501,.T.);
#4726=EDGE_CURVE('',#3471,#3736,#2248,.T.);
#4727=EDGE_CURVE('',#3737,#3470,#2249,.T.);
#4728=EDGE_CURVE('',#3736,#3737,#502,.T.);
#4729=EDGE_CURVE('',#3710,#3737,#503,.T.);
#4730=EDGE_CURVE('',#3738,#3640,#2250,.T.);
#4731=EDGE_CURVE('',#3714,#3738,#2251,.T.);
#4732=EDGE_CURVE('',#3731,#3738,#504,.T.);
#4733=EDGE_CURVE('',#3739,#3638,#2252,.T.);
#4734=EDGE_CURVE('',#3733,#3739,#2253,.T.);
#4735=EDGE_CURVE('',#3729,#3739,#505,.T.);
#4736=EDGE_CURVE('',#3736,#3740,#506,.T.);
#4737=EDGE_CURVE('',#3740,#3646,#2254,.T.);
#4738=EDGE_CURVE('',#3647,#3741,#2255,.T.);
#4739=EDGE_CURVE('',#3741,#3740,#2256,.T.);
#4740=EDGE_CURVE('',#3741,#3709,#507,.T.);
#4741=EDGE_CURVE('',#3708,#3742,#508,.T.);
#4742=EDGE_CURVE('',#3742,#3648,#2257,.T.);
#4743=EDGE_CURVE('',#3649,#3743,#2258,.T.);
#4744=EDGE_CURVE('',#3743,#3742,#2259,.T.);
#4745=EDGE_CURVE('',#3743,#3707,#509,.T.);
#4746=EDGE_CURVE('',#3706,#3744,#510,.T.);
#4747=EDGE_CURVE('',#3744,#3650,#2260,.T.);
#4748=EDGE_CURVE('',#3651,#3745,#2261,.T.);
#4749=EDGE_CURVE('',#3745,#3744,#2262,.T.);
#4750=EDGE_CURVE('',#3745,#3705,#511,.T.);
#4751=EDGE_CURVE('',#3746,#3652,#2263,.T.);
#4752=EDGE_CURVE('',#3703,#3746,#2264,.T.);
#4753=EDGE_CURVE('',#3704,#3746,#512,.T.);
#4754=EDGE_CURVE('',#3702,#3747,#513,.T.);
#4755=EDGE_CURVE('',#3747,#3428,#2265,.T.);
#4756=EDGE_CURVE('',#3429,#3748,#2266,.T.);
#4757=EDGE_CURVE('',#3748,#3747,#514,.T.);
#4758=EDGE_CURVE('',#3748,#3701,#515,.T.);
#4759=EDGE_CURVE('',#3699,#3749,#516,.T.);
#4760=EDGE_CURVE('',#3749,#3421,#2267,.T.);
#4761=EDGE_CURVE('',#3422,#3750,#2268,.T.);
#4762=EDGE_CURVE('',#3750,#3749,#517,.T.);
#4763=EDGE_CURVE('',#3750,#3698,#518,.T.);
#4764=EDGE_CURVE('',#3697,#3751,#519,.T.);
#4765=EDGE_CURVE('',#3751,#3414,#2269,.T.);
#4766=EDGE_CURVE('',#3415,#3752,#2270,.T.);
#4767=EDGE_CURVE('',#3752,#3751,#520,.T.);
#4768=EDGE_CURVE('',#3752,#3696,#521,.T.);
#4769=EDGE_CURVE('',#3694,#3753,#522,.T.);
#4770=EDGE_CURVE('',#3753,#3407,#2271,.T.);
#4771=EDGE_CURVE('',#3408,#3754,#2272,.T.);
#4772=EDGE_CURVE('',#3754,#3753,#523,.T.);
#4773=EDGE_CURVE('',#3754,#3693,#524,.T.);
#4774=EDGE_CURVE('',#3691,#3755,#525,.T.);
#4775=EDGE_CURVE('',#3755,#3400,#2273,.T.);
#4776=EDGE_CURVE('',#3401,#3756,#2274,.T.);
#4777=EDGE_CURVE('',#3756,#3755,#526,.T.);
#4778=EDGE_CURVE('',#3756,#3726,#527,.T.);
#4779=EDGE_CURVE('',#3725,#3757,#528,.T.);
#4780=EDGE_CURVE('',#3757,#3393,#2275,.T.);
#4781=EDGE_CURVE('',#3394,#3758,#2276,.T.);
#4782=EDGE_CURVE('',#3758,#3757,#529,.T.);
#4783=EDGE_CURVE('',#3758,#3724,#530,.T.);
#4784=EDGE_CURVE('',#3723,#3759,#531,.T.);
#4785=EDGE_CURVE('',#3759,#3456,#2277,.T.);
#4786=EDGE_CURVE('',#3457,#3760,#2278,.T.);
#4787=EDGE_CURVE('',#3760,#3759,#532,.T.);
#4788=EDGE_CURVE('',#3760,#3722,#533,.T.);
#4789=EDGE_CURVE('',#3721,#3761,#534,.T.);
#4790=EDGE_CURVE('',#3761,#3463,#2279,.T.);
#4791=EDGE_CURVE('',#3464,#3762,#2280,.T.);
#4792=EDGE_CURVE('',#3762,#3761,#535,.T.);
#4793=EDGE_CURVE('',#3762,#3720,#536,.T.);
#4794=EDGE_CURVE('',#3763,#3576,#537,.T.);
#4795=EDGE_CURVE('',#3763,#3764,#538,.T.);
#4796=EDGE_CURVE('',#3765,#3764,#539,.T.);
#4797=EDGE_CURVE('',#3765,#3766,#2281,.T.);
#4798=EDGE_CURVE('',#3690,#3766,#540,.T.);
#4799=EDGE_CURVE('',#3767,#3689,#541,.T.);
#4800=EDGE_CURVE('',#3767,#3571,#2282,.T.);
#4801=EDGE_CURVE('',#3768,#3570,#542,.T.);
#4802=EDGE_CURVE('',#3768,#3769,#543,.T.);
#4803=EDGE_CURVE('',#3770,#3769,#544,.T.);
#4804=EDGE_CURVE('',#3770,#3684,#545,.T.);
#4805=EDGE_CURVE('',#3771,#3683,#546,.T.);
#4806=EDGE_CURVE('',#3771,#3772,#547,.T.);
#4807=EDGE_CURVE('',#3773,#3772,#548,.T.);
#4808=EDGE_CURVE('',#3773,#3774,#2283,.T.);
#4809=EDGE_CURVE('',#3775,#3774,#549,.T.);
#4810=EDGE_CURVE('',#3775,#3776,#550,.T.);
#4811=EDGE_CURVE('',#3777,#3776,#551,.T.);
#4812=EDGE_CURVE('',#3777,#3778,#2284,.T.);
#4813=EDGE_CURVE('',#3779,#3778,#552,.T.);
#4814=EDGE_CURVE('',#3779,#3780,#553,.T.);
#4815=EDGE_CURVE('',#3781,#3780,#554,.T.);
#4816=EDGE_CURVE('',#3781,#3782,#2285,.T.);
#4817=EDGE_CURVE('',#3783,#3782,#555,.T.);
#4818=EDGE_CURVE('',#3783,#3784,#556,.T.);
#4819=EDGE_CURVE('',#3785,#3784,#557,.T.);
#4820=EDGE_CURVE('',#3785,#3566,#2286,.T.);
#4821=EDGE_CURVE('',#3786,#3567,#558,.T.);
#4822=EDGE_CURVE('',#3786,#3573,#559,.T.);
#4823=EDGE_CURVE('',#3787,#3572,#560,.T.);
#4824=EDGE_CURVE('',#3787,#3788,#561,.T.);
#4825=EDGE_CURVE('',#3789,#3788,#562,.T.);
#4826=EDGE_CURVE('',#3789,#3790,#2287,.T.);
#4827=EDGE_CURVE('',#3791,#3790,#563,.T.);
#4828=EDGE_CURVE('',#3791,#3792,#564,.T.);
#4829=EDGE_CURVE('',#3579,#3792,#565,.T.);
#4830=EDGE_CURVE('',#3793,#3581,#566,.T.);
#4831=EDGE_CURVE('',#3793,#3794,#567,.T.);
#4832=EDGE_CURVE('',#3795,#3794,#568,.T.);
#4833=EDGE_CURVE('',#3795,#3578,#569,.T.);
#4834=EDGE_CURVE('',#3796,#3577,#570,.T.);
#4835=EDGE_CURVE('',#3796,#3797,#571,.T.);
#4836=EDGE_CURVE('',#3798,#3797,#572,.T.);
#4837=EDGE_CURVE('',#3798,#3799,#2288,.T.);
#4838=EDGE_CURVE('',#3800,#3799,#573,.T.);
#4839=EDGE_CURVE('',#3800,#3801,#574,.T.);
#4840=EDGE_CURVE('',#3802,#3801,#575,.T.);
#4841=EDGE_CURVE('',#3802,#3803,#2289,.T.);
#4842=EDGE_CURVE('',#3804,#3803,#576,.T.);
#4843=EDGE_CURVE('',#3804,#3805,#577,.T.);
#4844=EDGE_CURVE('',#3568,#3805,#578,.T.);
#4845=EDGE_CURVE('',#3806,#3569,#579,.T.);
#4846=EDGE_CURVE('',#3806,#3807,#580,.T.);
#4847=EDGE_CURVE('',#3808,#3807,#581,.T.);
#4848=EDGE_CURVE('',#3808,#3686,#2290,.T.);
#4849=EDGE_CURVE('',#3809,#3685,#582,.T.);
#4850=EDGE_CURVE('',#3809,#3810,#583,.T.);
#4851=EDGE_CURVE('',#3574,#3810,#584,.T.);
#4852=EDGE_CURVE('',#3286,#3809,#2291,.T.);
#4853=EDGE_CURVE('',#3810,#3285,#2292,.T.);
#4854=EDGE_CURVE('',#3764,#3811,#2293,.T.);
#4855=EDGE_CURVE('',#3281,#3763,#2294,.T.);
#4856=EDGE_CURVE('',#3812,#3582,#1886,.T.);
#4857=EDGE_CURVE('',#3811,#3812,#94,.T.);
#4858=EDGE_CURVE('',#3289,#3808,#2295,.T.);
#4859=EDGE_CURVE('',#3807,#3290,#2296,.T.);
#4860=EDGE_CURVE('',#3291,#3806,#2297,.T.);
#4861=EDGE_CURVE('',#3295,#3804,#2298,.T.);
#4862=EDGE_CURVE('',#3803,#3296,#2299,.T.);
#4863=EDGE_CURVE('',#3805,#3294,#2300,.T.);
#4864=EDGE_CURVE('',#3297,#3802,#2301,.T.);
#4865=EDGE_CURVE('',#3801,#3298,#2302,.T.);
#4866=EDGE_CURVE('',#3299,#3800,#2303,.T.);
#4867=EDGE_CURVE('',#3799,#3300,#2304,.T.);
#4868=EDGE_CURVE('',#3301,#3798,#2305,.T.);
#4869=EDGE_CURVE('',#3797,#3302,#2306,.T.);
#4870=EDGE_CURVE('',#3303,#3796,#2307,.T.);
#4871=EDGE_CURVE('',#3306,#3795,#2308,.T.);
#4872=EDGE_CURVE('',#3794,#3307,#2309,.T.);
#4873=EDGE_CURVE('',#3308,#3793,#2310,.T.);
#4874=EDGE_CURVE('',#3313,#3791,#2311,.T.);
#4875=EDGE_CURVE('',#3790,#3314,#2312,.T.);
#4876=EDGE_CURVE('',#3792,#3312,#2313,.T.);
#4877=EDGE_CURVE('',#3315,#3789,#2314,.T.);
#4878=EDGE_CURVE('',#3788,#3316,#2315,.T.);
#4879=EDGE_CURVE('',#3317,#3787,#2316,.T.);
#4880=EDGE_CURVE('',#3320,#3786,#2317,.T.);
#4881=EDGE_CURVE('',#3324,#3785,#2318,.T.);
#4882=EDGE_CURVE('',#3784,#3325,#2319,.T.);
#4883=EDGE_CURVE('',#3326,#3783,#2320,.T.);
#4884=EDGE_CURVE('',#3782,#3327,#2321,.T.);
#4885=EDGE_CURVE('',#3328,#3781,#2322,.T.);
#4886=EDGE_CURVE('',#3780,#3329,#2323,.T.);
#4887=EDGE_CURVE('',#3330,#3779,#2324,.T.);
#4888=EDGE_CURVE('',#3778,#3331,#2325,.T.);
#4889=EDGE_CURVE('',#3332,#3777,#2326,.T.);
#4890=EDGE_CURVE('',#3776,#3333,#2327,.T.);
#4891=EDGE_CURVE('',#3334,#3775,#2328,.T.);
#4892=EDGE_CURVE('',#3774,#3335,#2329,.T.);
#4893=EDGE_CURVE('',#3336,#3773,#2330,.T.);
#4894=EDGE_CURVE('',#3772,#3337,#2331,.T.);
#4895=EDGE_CURVE('',#3338,#3771,#2332,.T.);
#4896=EDGE_CURVE('',#3341,#3770,#2333,.T.);
#4897=EDGE_CURVE('',#3769,#3342,#2334,.T.);
#4898=EDGE_CURVE('',#3343,#3768,#2335,.T.);
#4899=EDGE_CURVE('',#3275,#3767,#2336,.T.);
#4900=EDGE_CURVE('',#3813,#3814,#585,.T.);
#4901=EDGE_CURVE('',#3813,#3815,#2337,.T.);
#4902=EDGE_CURVE('',#3815,#3812,#95,.T.);
#4903=EDGE_CURVE('',#3687,#3816,#96,.T.);
#4904=EDGE_CURVE('',#3816,#3814,#2338,.T.);
#4905=EDGE_CURVE('',#3817,#3688,#586,.T.);
#4906=EDGE_CURVE('',#3817,#3816,#97,.T.);
#4907=EDGE_CURVE('',#3766,#3817,#2339,.T.);
#4908=EDGE_CURVE('',#3815,#3818,#98,.T.);
#4909=EDGE_CURVE('',#3813,#3819,#99,.T.);
#4910=EDGE_CURVE('',#3819,#3814,#100,.T.);
#4911=EDGE_CURVE('',#3817,#3818,#2340,.T.);
#4912=EDGE_CURVE('',#3818,#3765,#2341,.T.);
#4913=EDGE_CURVE('',#3811,#3818,#587,.T.);
#4914=EDGE_CURVE('',#3533,#3594,#1887,.T.);
#4915=EDGE_CURVE('',#3624,#3528,#1888,.T.);
#4916=EDGE_CURVE('',#3529,#3624,#1889,.T.);
#4917=EDGE_CURVE('',#3820,#3622,#101,.T.);
#4918=EDGE_CURVE('',#3623,#3820,#2342,.T.);
#4919=EDGE_CURVE('',#3514,#3820,#102,.T.);
#4920=EDGE_CURVE('',#3625,#3524,#1890,.T.);
#4921=EDGE_CURVE('',#3525,#3625,#1891,.T.);
#4922=EDGE_CURVE('',#3621,#3821,#2343,.T.);
#4923=EDGE_CURVE('',#3821,#3822,#2344,.T.);
#4924=EDGE_CURVE('',#3822,#3619,#2345,.T.);
#4925=EDGE_CURVE('',#3618,#3823,#2346,.T.);
#4926=EDGE_CURVE('',#3823,#3824,#2347,.T.);
#4927=EDGE_CURVE('',#3824,#3616,#2348,.T.);
#4928=EDGE_CURVE('',#3509,#3615,#2349,.T.);
#4929=EDGE_CURVE('',#3825,#3826,#2350,.T.);
#4930=EDGE_CURVE('',#3826,#3827,#2351,.T.);
#4931=EDGE_CURVE('',#3827,#3828,#2352,.T.);
#4932=EDGE_CURVE('',#3828,#3825,#2353,.T.);
#4933=EDGE_CURVE('',#3829,#3830,#2354,.T.);
#4934=EDGE_CURVE('',#3830,#3831,#2355,.T.);
#4935=EDGE_CURVE('',#3831,#3832,#2356,.T.);
#4936=EDGE_CURVE('',#3832,#3829,#2357,.T.);
#4937=EDGE_CURVE('',#3833,#3834,#2358,.T.);
#4938=EDGE_CURVE('',#3834,#3835,#2359,.T.);
#4939=EDGE_CURVE('',#3835,#3836,#2360,.T.);
#4940=EDGE_CURVE('',#3836,#3833,#2361,.T.);
#4941=EDGE_CURVE('',#3822,#3620,#1892,.T.);
#4942=EDGE_CURVE('',#3620,#3821,#1893,.T.);
#4943=EDGE_CURVE('',#3626,#3520,#1894,.T.);
#4944=EDGE_CURVE('',#3617,#3823,#1895,.T.);
#4945=EDGE_CURVE('',#3824,#3617,#1896,.T.);
#4946=EDGE_CURVE('',#3553,#3627,#103,.T.);
#4947=EDGE_CURVE('',#3614,#3837,#2362,.T.);
#4948=EDGE_CURVE('',#3837,#3838,#588,.T.);
#4949=EDGE_CURVE('',#3838,#3612,#2363,.T.);
#4950=EDGE_CURVE('',#3510,#3611,#2364,.T.);
#4951=EDGE_CURVE('',#3837,#3613,#104,.T.);
#4952=EDGE_CURVE('',#3613,#3838,#105,.T.);
#4953=EDGE_CURVE('',#3610,#3839,#2365,.T.);
#4954=EDGE_CURVE('',#3839,#3840,#2366,.T.);
#4955=EDGE_CURVE('',#3840,#3608,#2367,.T.);
#4956=EDGE_CURVE('',#3607,#3841,#2368,.T.);
#4957=EDGE_CURVE('',#3841,#3842,#2369,.T.);
#4958=EDGE_CURVE('',#3842,#3605,#2370,.T.);
#4959=EDGE_CURVE('',#3604,#3843,#2371,.T.);
#4960=EDGE_CURVE('',#3843,#3844,#2372,.T.);
#4961=EDGE_CURVE('',#3844,#3602,#2373,.T.);
#4962=EDGE_CURVE('',#3601,#3845,#2374,.T.);
#4963=EDGE_CURVE('',#3845,#3846,#2375,.T.);
#4964=EDGE_CURVE('',#3846,#3599,#2376,.T.);
#4965=EDGE_CURVE('',#3511,#3598,#2377,.T.);
#4966=EDGE_CURVE('',#3847,#3848,#2378,.T.);
#4967=EDGE_CURVE('',#3848,#3849,#2379,.T.);
#4968=EDGE_CURVE('',#3849,#3850,#2380,.T.);
#4969=EDGE_CURVE('',#3850,#3847,#2381,.T.);
#4970=EDGE_CURVE('',#3851,#3852,#2382,.T.);
#4971=EDGE_CURVE('',#3852,#3853,#2383,.T.);
#4972=EDGE_CURVE('',#3853,#3854,#2384,.T.);
#4973=EDGE_CURVE('',#3854,#3851,#2385,.T.);
#4974=EDGE_CURVE('',#3855,#3856,#2386,.T.);
#4975=EDGE_CURVE('',#3856,#3857,#2387,.T.);
#4976=EDGE_CURVE('',#3857,#3858,#2388,.T.);
#4977=EDGE_CURVE('',#3858,#3855,#2389,.T.);
#4978=EDGE_CURVE('',#3859,#3860,#2390,.T.);
#4979=EDGE_CURVE('',#3860,#3861,#2391,.T.);
#4980=EDGE_CURVE('',#3861,#3862,#2392,.T.);
#4981=EDGE_CURVE('',#3862,#3859,#2393,.T.);
#4982=EDGE_CURVE('',#3840,#3609,#1897,.T.);
#4983=EDGE_CURVE('',#3609,#3839,#1898,.T.);
#4984=EDGE_CURVE('',#3842,#3606,#1899,.T.);
#4985=EDGE_CURVE('',#3606,#3841,#1900,.T.);
#4986=EDGE_CURVE('',#3844,#3603,#1901,.T.);
#4987=EDGE_CURVE('',#3603,#3843,#1902,.T.);
#4988=EDGE_CURVE('',#3600,#3845,#1903,.T.);
#4989=EDGE_CURVE('',#3846,#3600,#1904,.T.);
#4990=EDGE_CURVE('',#3863,#3596,#106,.T.);
#4991=EDGE_CURVE('',#3597,#3863,#2394,.T.);
#4992=EDGE_CURVE('',#3596,#3864,#107,.T.);
#4993=EDGE_CURVE('',#3864,#3595,#2395,.T.);
#4994=EDGE_CURVE('',#3863,#3864,#589,.T.);
#4995=EDGE_CURVE('',#3865,#3866,#2396,.T.);
#4996=EDGE_CURVE('',#3867,#3865,#2397,.T.);
#4997=EDGE_CURVE('',#3868,#3867,#2398,.T.);
#4998=EDGE_CURVE('',#3866,#3868,#2399,.T.);
#4999=EDGE_CURVE('',#3867,#3550,#2400,.T.);
#5000=EDGE_CURVE('',#3865,#3547,#2401,.T.);
#5001=EDGE_CURVE('',#3868,#3549,#2402,.T.);
#5002=EDGE_CURVE('',#3866,#3548,#2403,.T.);
#5003=EDGE_CURVE('',#3869,#3870,#2404,.T.);
#5004=EDGE_CURVE('',#3871,#3869,#2405,.T.);
#5005=EDGE_CURVE('',#3872,#3871,#2406,.T.);
#5006=EDGE_CURVE('',#3870,#3872,#2407,.T.);
#5007=EDGE_CURVE('',#3871,#3542,#2408,.T.);
#5008=EDGE_CURVE('',#3869,#3539,#2409,.T.);
#5009=EDGE_CURVE('',#3872,#3541,#2410,.T.);
#5010=EDGE_CURVE('',#3870,#3540,#2411,.T.);
#5011=EDGE_CURVE('',#3873,#3874,#2412,.T.);
#5012=EDGE_CURVE('',#3875,#3873,#2413,.T.);
#5013=EDGE_CURVE('',#3876,#3875,#2414,.T.);
#5014=EDGE_CURVE('',#3874,#3876,#2415,.T.);
#5015=EDGE_CURVE('',#3875,#3538,#2416,.T.);
#5016=EDGE_CURVE('',#3873,#3535,#2417,.T.);
#5017=EDGE_CURVE('',#3876,#3537,#2418,.T.);
#5018=EDGE_CURVE('',#3874,#3536,#2419,.T.);
#5019=EDGE_CURVE('',#3877,#3878,#2420,.T.);
#5020=EDGE_CURVE('',#3879,#3877,#2421,.T.);
#5021=EDGE_CURVE('',#3880,#3879,#2422,.T.);
#5022=EDGE_CURVE('',#3878,#3880,#2423,.T.);
#5023=EDGE_CURVE('',#3879,#3546,#2424,.T.);
#5024=EDGE_CURVE('',#3877,#3543,#2425,.T.);
#5025=EDGE_CURVE('',#3880,#3545,#2426,.T.);
#5026=EDGE_CURVE('',#3878,#3544,#2427,.T.);
#5027=EDGE_CURVE('',#3881,#3882,#2428,.T.);
#5028=EDGE_CURVE('',#3883,#3881,#2429,.T.);
#5029=EDGE_CURVE('',#3884,#3883,#2430,.T.);
#5030=EDGE_CURVE('',#3882,#3884,#2431,.T.);
#5031=EDGE_CURVE('',#3883,#3862,#2432,.T.);
#5032=EDGE_CURVE('',#3881,#3859,#2433,.T.);
#5033=EDGE_CURVE('',#3884,#3861,#2434,.T.);
#5034=EDGE_CURVE('',#3882,#3860,#2435,.T.);
#5035=EDGE_CURVE('',#3885,#3886,#2436,.T.);
#5036=EDGE_CURVE('',#3887,#3885,#2437,.T.);
#5037=EDGE_CURVE('',#3888,#3887,#2438,.T.);
#5038=EDGE_CURVE('',#3886,#3888,#2439,.T.);
#5039=EDGE_CURVE('',#3887,#3854,#2440,.T.);
#5040=EDGE_CURVE('',#3885,#3851,#2441,.T.);
#5041=EDGE_CURVE('',#3888,#3853,#2442,.T.);
#5042=EDGE_CURVE('',#3886,#3852,#2443,.T.);
#5043=EDGE_CURVE('',#3889,#3890,#2444,.T.);
#5044=EDGE_CURVE('',#3891,#3889,#2445,.T.);
#5045=EDGE_CURVE('',#3892,#3891,#2446,.T.);
#5046=EDGE_CURVE('',#3890,#3892,#2447,.T.);
#5047=EDGE_CURVE('',#3891,#3850,#2448,.T.);
#5048=EDGE_CURVE('',#3889,#3847,#2449,.T.);
#5049=EDGE_CURVE('',#3892,#3849,#2450,.T.);
#5050=EDGE_CURVE('',#3890,#3848,#2451,.T.);
#5051=EDGE_CURVE('',#3893,#3894,#2452,.T.);
#5052=EDGE_CURVE('',#3895,#3893,#2453,.T.);
#5053=EDGE_CURVE('',#3896,#3895,#2454,.T.);
#5054=EDGE_CURVE('',#3894,#3896,#2455,.T.);
#5055=EDGE_CURVE('',#3895,#3858,#2456,.T.);
#5056=EDGE_CURVE('',#3893,#3855,#2457,.T.);
#5057=EDGE_CURVE('',#3896,#3857,#2458,.T.);
#5058=EDGE_CURVE('',#3894,#3856,#2459,.T.);
#5059=EDGE_CURVE('',#3897,#3898,#2460,.T.);
#5060=EDGE_CURVE('',#3899,#3897,#2461,.T.);
#5061=EDGE_CURVE('',#3900,#3899,#2462,.T.);
#5062=EDGE_CURVE('',#3898,#3900,#2463,.T.);
#5063=EDGE_CURVE('',#3899,#3828,#2464,.T.);
#5064=EDGE_CURVE('',#3897,#3825,#2465,.T.);
#5065=EDGE_CURVE('',#3900,#3827,#2466,.T.);
#5066=EDGE_CURVE('',#3898,#3826,#2467,.T.);
#5067=EDGE_CURVE('',#3901,#3902,#2468,.T.);
#5068=EDGE_CURVE('',#3903,#3901,#2469,.T.);
#5069=EDGE_CURVE('',#3904,#3903,#2470,.T.);
#5070=EDGE_CURVE('',#3902,#3904,#2471,.T.);
#5071=EDGE_CURVE('',#3903,#3832,#2472,.T.);
#5072=EDGE_CURVE('',#3901,#3829,#2473,.T.);
#5073=EDGE_CURVE('',#3904,#3831,#2474,.T.);
#5074=EDGE_CURVE('',#3902,#3830,#2475,.T.);
#5075=EDGE_CURVE('',#3905,#3906,#2476,.T.);
#5076=EDGE_CURVE('',#3907,#3905,#2477,.T.);
#5077=EDGE_CURVE('',#3908,#3907,#2478,.T.);
#5078=EDGE_CURVE('',#3906,#3908,#2479,.T.);
#5079=EDGE_CURVE('',#3907,#3836,#2480,.T.);
#5080=EDGE_CURVE('',#3905,#3833,#2481,.T.);
#5081=EDGE_CURVE('',#3908,#3835,#2482,.T.);
#5082=EDGE_CURVE('',#3906,#3834,#2483,.T.);
#5083=EDGE_CURVE('',#3909,#3676,#2484,.T.);
#5084=EDGE_CURVE('',#3909,#3682,#2485,.T.);
#5085=EDGE_CURVE('',#3673,#3909,#590,.T.);
#5086=EDGE_CURVE('',#3910,#3910,#591,.T.);
#5087=EDGE_CURVE('',#3911,#3912,#592,.T.);
#5088=EDGE_CURVE('',#3911,#3910,#2486,.T.);
#5089=EDGE_CURVE('',#3912,#3911,#593,.T.);
#5090=EDGE_CURVE('',#3819,#3912,#594,.T.);
#5091=EDGE_CURVE('',#3913,#3914,#595,.T.);
#5092=EDGE_CURVE('',#3914,#3915,#2487,.F.);
#5093=EDGE_CURVE('',#3916,#3915,#596,.T.);
#5094=EDGE_CURVE('',#3917,#3916,#2488,.T.);
#5095=EDGE_CURVE('',#3918,#3917,#597,.T.);
#5096=EDGE_CURVE('',#3913,#3918,#598,.T.);
#5097=EDGE_CURVE('',#3919,#3918,#2489,.T.);
#5098=EDGE_CURVE('',#3913,#3919,#108,.T.);
#5099=EDGE_CURVE('',#3920,#3917,#2490,.T.);
#5100=EDGE_CURVE('',#3920,#3919,#599,.T.);
#5101=EDGE_CURVE('',#3916,#3921,#2491,.T.);
#5102=EDGE_CURVE('',#3921,#3920,#2492,.T.);
#5103=EDGE_CURVE('',#3921,#3915,#109,.T.);
#5104=EDGE_CURVE('',#3914,#3920,#600,.T.);
#5105=EDGE_CURVE('',#3922,#3923,#110,.T.);
#5106=EDGE_CURVE('',#3923,#3924,#2493,.T.);
#5107=EDGE_CURVE('',#3924,#3925,#601,.T.);
#5108=EDGE_CURVE('',#3922,#3925,#2494,.T.);
#5109=EDGE_CURVE('',#3926,#3927,#111,.T.);
#5110=EDGE_CURVE('',#3925,#3927,#602,.T.);
#5111=EDGE_CURVE('',#3924,#3926,#603,.T.);
#5112=EDGE_CURVE('',#3928,#3929,#604,.T.);
#5113=EDGE_CURVE('',#3929,#3926,#2495,.T.);
#5114=EDGE_CURVE('',#3924,#3928,#2496,.T.);
#5115=EDGE_CURVE('',#3930,#3928,#2497,.T.);
#5116=EDGE_CURVE('',#3923,#3930,#2498,.T.);
#5117=EDGE_CURVE('',#3922,#3930,#605,.T.);
#5118=EDGE_CURVE('',#3929,#3927,#606,.T.);
#5119=EDGE_CURVE('',#3931,#3932,#2499,.F.);
#5120=EDGE_CURVE('',#3933,#3932,#607,.T.);
#5121=EDGE_CURVE('',#3934,#3933,#2500,.T.);
#5122=EDGE_CURVE('',#3931,#3934,#608,.T.);
#5123=EDGE_CURVE('',#3935,#3934,#2501,.T.);
#5124=EDGE_CURVE('',#3931,#3935,#112,.T.);
#5125=EDGE_CURVE('',#3936,#3932,#113,.T.);
#5126=EDGE_CURVE('',#3933,#3936,#2502,.T.);
#5127=EDGE_CURVE('',#3936,#3935,#2503,.T.);
#5128=EDGE_CURVE('',#3937,#3938,#609,.T.);
#5129=EDGE_CURVE('',#3938,#3939,#2504,.T.);
#5130=EDGE_CURVE('',#3940,#3939,#610,.T.);
#5131=EDGE_CURVE('',#3940,#3937,#2505,.T.);
#5132=EDGE_CURVE('',#3939,#3941,#114,.T.);
#5133=EDGE_CURVE('',#3942,#3941,#611,.T.);
#5134=EDGE_CURVE('',#3940,#3942,#612,.T.);
#5135=EDGE_CURVE('',#3943,#3944,#115,.T.);
#5136=EDGE_CURVE('',#3944,#3940,#2506,.T.);
#5137=EDGE_CURVE('',#3943,#3942,#2507,.F.);
#5138=EDGE_CURVE('',#3945,#3937,#2508,.T.);
#5139=EDGE_CURVE('',#3944,#3945,#2509,.T.);
#5140=EDGE_CURVE('',#3943,#3945,#613,.T.);
#5141=EDGE_CURVE('',#3938,#3941,#614,.T.);
#5142=EDGE_CURVE('',#3946,#3947,#2510,.F.);
#5143=EDGE_CURVE('',#3948,#3947,#615,.T.);
#5144=EDGE_CURVE('',#3949,#3948,#2511,.T.);
#5145=EDGE_CURVE('',#3946,#3949,#616,.T.);
#5146=EDGE_CURVE('',#3950,#3949,#2512,.T.);
#5147=EDGE_CURVE('',#3946,#3950,#116,.T.);
#5148=EDGE_CURVE('',#3948,#3951,#2513,.T.);
#5149=EDGE_CURVE('',#3950,#3951,#2514,.T.);
#5150=EDGE_CURVE('',#3951,#3947,#117,.T.);
#5151=EDGE_CURVE('',#3952,#3953,#118,.T.);
#5152=EDGE_CURVE('',#3954,#3953,#2515,.T.);
#5153=EDGE_CURVE('',#3955,#3954,#617,.T.);
#5154=EDGE_CURVE('',#3952,#3955,#2516,.F.);
#5155=EDGE_CURVE('',#3956,#3957,#2517,.T.);
#5156=EDGE_CURVE('',#3954,#3957,#2518,.T.);
#5157=EDGE_CURVE('',#3953,#3956,#2519,.T.);
#5158=EDGE_CURVE('',#3952,#3956,#618,.T.);
#5159=EDGE_CURVE('',#3958,#3959,#119,.T.);
#5160=EDGE_CURVE('',#3955,#3959,#619,.T.);
#5161=EDGE_CURVE('',#3958,#3954,#620,.T.);
#5162=EDGE_CURVE('',#3957,#3960,#621,.T.);
#5163=EDGE_CURVE('',#3960,#3958,#2520,.T.);
#5164=EDGE_CURVE('',#3960,#3959,#622,.T.);
#5165=EDGE_CURVE('',#3961,#3962,#2521,.F.);
#5166=EDGE_CURVE('',#3963,#3962,#623,.T.);
#5167=EDGE_CURVE('',#3964,#3963,#2522,.T.);
#5168=EDGE_CURVE('',#3961,#3964,#624,.T.);
#5169=EDGE_CURVE('',#3963,#3965,#2523,.T.);
#5170=EDGE_CURVE('',#3966,#3965,#2524,.T.);
#5171=EDGE_CURVE('',#3966,#3964,#2525,.T.);
#5172=EDGE_CURVE('',#3965,#3962,#120,.T.);
#5173=EDGE_CURVE('',#3961,#3966,#121,.T.);
#5174=EDGE_CURVE('',#3967,#3968,#625,.T.);
#5175=EDGE_CURVE('',#3969,#3968,#2526,.F.);
#5176=EDGE_CURVE('',#3970,#3969,#626,.T.);
#5177=EDGE_CURVE('',#3971,#3970,#2527,.T.);
#5178=EDGE_CURVE('',#3972,#3971,#627,.T.);
#5179=EDGE_CURVE('',#3967,#3972,#628,.T.);
#5180=EDGE_CURVE('',#3973,#3971,#2528,.T.);
#5181=EDGE_CURVE('',#3974,#3973,#629,.T.);
#5182=EDGE_CURVE('',#3974,#3972,#2529,.T.);
#5183=EDGE_CURVE('',#3967,#3974,#122,.T.);
#5184=EDGE_CURVE('',#3970,#3975,#2530,.T.);
#5185=EDGE_CURVE('',#3973,#3975,#2531,.T.);
#5186=EDGE_CURVE('',#3975,#3969,#123,.T.);
#5187=EDGE_CURVE('',#3973,#3968,#630,.T.);
#5188=EDGE_CURVE('',#3976,#3977,#124,.T.);
#5189=EDGE_CURVE('',#3978,#3977,#631,.T.);
#5190=EDGE_CURVE('',#3978,#3979,#632,.T.);
#5191=EDGE_CURVE('',#3976,#3979,#633,.T.);
#5192=EDGE_CURVE('',#3980,#3981,#634,.T.);
#5193=EDGE_CURVE('',#3978,#3981,#2532,.T.);
#5194=EDGE_CURVE('',#3977,#3980,#2533,.T.);
#5195=EDGE_CURVE('',#3981,#3982,#2534,.T.);
#5196=EDGE_CURVE('',#3982,#3983,#2535,.T.);
#5197=EDGE_CURVE('',#3978,#3983,#2536,.T.);
#5198=EDGE_CURVE('',#3983,#3984,#125,.T.);
#5199=EDGE_CURVE('',#3979,#3984,#2537,.F.);
#5200=EDGE_CURVE('',#3976,#3980,#635,.T.);
#5201=EDGE_CURVE('',#3982,#3984,#636,.T.);
#5202=EDGE_CURVE('',#3985,#3986,#637,.T.);
#5203=EDGE_CURVE('',#3987,#3986,#2538,.T.);
#5204=EDGE_CURVE('',#3985,#3987,#126,.T.);
#5205=EDGE_CURVE('',#3988,#3987,#2539,.T.);
#5206=EDGE_CURVE('',#3988,#3989,#127,.T.);
#5207=EDGE_CURVE('',#3985,#3989,#2540,.F.);
#5208=EDGE_CURVE('',#3986,#3990,#2541,.T.);
#5209=EDGE_CURVE('',#3990,#3988,#2542,.T.);
#5210=EDGE_CURVE('',#3990,#3989,#638,.T.);
#5211=EDGE_CURVE('',#3991,#3992,#2543,.F.);
#5212=EDGE_CURVE('',#3993,#3992,#639,.T.);
#5213=EDGE_CURVE('',#3994,#3993,#2544,.T.);
#5214=EDGE_CURVE('',#3991,#3994,#640,.T.);
#5215=EDGE_CURVE('',#3995,#3994,#2545,.T.);
#5216=EDGE_CURVE('',#3991,#3995,#128,.T.);
#5217=EDGE_CURVE('',#3993,#3996,#2546,.T.);
#5218=EDGE_CURVE('',#3996,#3995,#2547,.T.);
#5219=EDGE_CURVE('',#3996,#3992,#129,.T.);
#5220=EDGE_CURVE('',#3997,#3998,#130,.T.);
#5221=EDGE_CURVE('',#3999,#3998,#2548,.T.);
#5222=EDGE_CURVE('',#4000,#3999,#641,.T.);
#5223=EDGE_CURVE('',#3997,#4000,#2549,.F.);
#5224=EDGE_CURVE('',#4001,#4002,#2550,.T.);
#5225=EDGE_CURVE('',#3999,#4002,#2551,.T.);
#5226=EDGE_CURVE('',#3998,#4001,#2552,.T.);
#5227=EDGE_CURVE('',#3997,#4001,#642,.T.);
#5228=EDGE_CURVE('',#4003,#4004,#131,.T.);
#5229=EDGE_CURVE('',#4000,#4004,#643,.T.);
#5230=EDGE_CURVE('',#4003,#3999,#644,.T.);
#5231=EDGE_CURVE('',#4002,#4005,#645,.T.);
#5232=EDGE_CURVE('',#4005,#4003,#2553,.T.);
#5233=EDGE_CURVE('',#4005,#4004,#646,.T.);
#5234=EDGE_CURVE('',#4006,#4007,#2554,.F.);
#5235=EDGE_CURVE('',#4008,#4007,#647,.T.);
#5236=EDGE_CURVE('',#4009,#4008,#2555,.T.);
#5237=EDGE_CURVE('',#4006,#4009,#648,.T.);
#5238=EDGE_CURVE('',#4010,#4009,#2556,.T.);
#5239=EDGE_CURVE('',#4006,#4010,#132,.T.);
#5240=EDGE_CURVE('',#4008,#4011,#2557,.T.);
#5241=EDGE_CURVE('',#4010,#4011,#2558,.T.);
#5242=EDGE_CURVE('',#4011,#4007,#133,.T.);
#5243=ORIENTED_EDGE('',*,*,#4012,.T.);
#5244=ORIENTED_EDGE('',*,*,#4013,.T.);
#5245=ORIENTED_EDGE('',*,*,#4014,.T.);
#5246=ORIENTED_EDGE('',*,*,#4015,.T.);
#5247=ORIENTED_EDGE('',*,*,#4016,.F.);
#5248=ORIENTED_EDGE('',*,*,#4017,.T.);
#5249=ORIENTED_EDGE('',*,*,#4018,.T.);
#5250=ORIENTED_EDGE('',*,*,#4019,.T.);
#5251=ORIENTED_EDGE('',*,*,#4020,.T.);
#5252=ORIENTED_EDGE('',*,*,#4021,.T.);
#5253=ORIENTED_EDGE('',*,*,#4022,.T.);
#5254=ORIENTED_EDGE('',*,*,#4023,.T.);
#5255=ORIENTED_EDGE('',*,*,#4024,.T.);
#5256=ORIENTED_EDGE('',*,*,#4013,.F.);
#5257=ORIENTED_EDGE('',*,*,#4025,.T.);
#5258=ORIENTED_EDGE('',*,*,#4026,.T.);
#5259=ORIENTED_EDGE('',*,*,#4027,.T.);
#5260=ORIENTED_EDGE('',*,*,#4028,.T.);
#5261=ORIENTED_EDGE('',*,*,#4029,.T.);
#5262=ORIENTED_EDGE('',*,*,#4026,.F.);
#5263=ORIENTED_EDGE('',*,*,#4030,.T.);
#5264=ORIENTED_EDGE('',*,*,#4031,.T.);
#5265=ORIENTED_EDGE('',*,*,#4032,.T.);
#5266=ORIENTED_EDGE('',*,*,#4023,.F.);
#5267=ORIENTED_EDGE('',*,*,#4033,.T.);
#5268=ORIENTED_EDGE('',*,*,#4034,.T.);
#5269=ORIENTED_EDGE('',*,*,#4028,.F.);
#5270=ORIENTED_EDGE('',*,*,#4035,.T.);
#5271=ORIENTED_EDGE('',*,*,#4019,.F.);
#5272=ORIENTED_EDGE('',*,*,#4036,.T.);
#5273=ORIENTED_EDGE('',*,*,#4037,.F.);
#5274=ORIENTED_EDGE('',*,*,#4038,.T.);
#5275=ORIENTED_EDGE('',*,*,#4039,.T.);
#5276=ORIENTED_EDGE('',*,*,#4021,.F.);
#5277=ORIENTED_EDGE('',*,*,#4040,.T.);
#5278=ORIENTED_EDGE('',*,*,#4041,.T.);
#5279=ORIENTED_EDGE('',*,*,#4042,.T.);
#5280=ORIENTED_EDGE('',*,*,#4017,.F.);
#5281=ORIENTED_EDGE('',*,*,#4043,.F.);
#5282=ORIENTED_EDGE('',*,*,#4041,.F.);
#5283=ORIENTED_EDGE('',*,*,#4030,.F.);
#5284=ORIENTED_EDGE('',*,*,#4025,.F.);
#5285=ORIENTED_EDGE('',*,*,#4034,.F.);
#5286=ORIENTED_EDGE('',*,*,#4044,.F.);
#5287=ORIENTED_EDGE('',*,*,#4045,.F.);
#5288=ORIENTED_EDGE('',*,*,#4046,.F.);
#5289=ORIENTED_EDGE('',*,*,#4047,.F.);
#5290=ORIENTED_EDGE('',*,*,#4048,.F.);
#5291=ORIENTED_EDGE('',*,*,#4033,.F.);
#5292=ORIENTED_EDGE('',*,*,#4049,.T.);
#5293=ORIENTED_EDGE('',*,*,#4050,.F.);
#5294=ORIENTED_EDGE('',*,*,#4044,.T.);
#5295=ORIENTED_EDGE('',*,*,#4036,.F.);
#5296=ORIENTED_EDGE('',*,*,#4018,.F.);
#5297=ORIENTED_EDGE('',*,*,#4039,.F.);
#5298=ORIENTED_EDGE('',*,*,#4051,.T.);
#5299=ORIENTED_EDGE('',*,*,#4052,.F.);
#5300=ORIENTED_EDGE('',*,*,#4053,.F.);
#5301=ORIENTED_EDGE('',*,*,#4049,.F.);
#5302=ORIENTED_EDGE('',*,*,#4038,.F.);
#5303=ORIENTED_EDGE('',*,*,#4054,.F.);
#5304=ORIENTED_EDGE('',*,*,#4055,.F.);
#5305=ORIENTED_EDGE('',*,*,#4056,.F.);
#5306=ORIENTED_EDGE('',*,*,#4057,.F.);
#5307=ORIENTED_EDGE('',*,*,#4058,.T.);
#5308=ORIENTED_EDGE('',*,*,#4051,.F.);
#5309=ORIENTED_EDGE('',*,*,#4027,.F.);
#5310=ORIENTED_EDGE('',*,*,#4029,.F.);
#5311=ORIENTED_EDGE('',*,*,#4022,.F.);
#5312=ORIENTED_EDGE('',*,*,#4012,.F.);
#5313=ORIENTED_EDGE('',*,*,#4042,.F.);
#5314=ORIENTED_EDGE('',*,*,#4040,.F.);
#5315=ORIENTED_EDGE('',*,*,#4020,.F.);
#5316=ORIENTED_EDGE('',*,*,#4035,.F.);
#5317=ORIENTED_EDGE('',*,*,#4059,.T.);
#5318=ORIENTED_EDGE('',*,*,#4052,.T.);
#5319=ORIENTED_EDGE('',*,*,#4058,.F.);
#5320=ORIENTED_EDGE('',*,*,#4060,.T.);
#5321=ORIENTED_EDGE('',*,*,#4061,.T.);
#5322=ORIENTED_EDGE('',*,*,#4062,.T.);
#5323=ORIENTED_EDGE('',*,*,#4063,.T.);
#5324=ORIENTED_EDGE('',*,*,#4064,.T.);
#5325=ORIENTED_EDGE('',*,*,#4065,.T.);
#5326=ORIENTED_EDGE('',*,*,#4066,.T.);
#5327=ORIENTED_EDGE('',*,*,#4067,.T.);
#5328=ORIENTED_EDGE('',*,*,#4046,.T.);
#5329=ORIENTED_EDGE('',*,*,#4068,.T.);
#5330=ORIENTED_EDGE('',*,*,#4069,.T.);
#5331=ORIENTED_EDGE('',*,*,#4047,.T.);
#5332=ORIENTED_EDGE('',*,*,#4067,.F.);
#5333=ORIENTED_EDGE('',*,*,#4070,.T.);
#5334=ORIENTED_EDGE('',*,*,#4065,.F.);
#5335=ORIENTED_EDGE('',*,*,#4071,.T.);
#5336=ORIENTED_EDGE('',*,*,#4072,.T.);
#5337=ORIENTED_EDGE('',*,*,#4068,.F.);
#5338=ORIENTED_EDGE('',*,*,#4045,.T.);
#5339=ORIENTED_EDGE('',*,*,#4050,.T.);
#5340=ORIENTED_EDGE('',*,*,#4053,.T.);
#5341=ORIENTED_EDGE('',*,*,#4061,.F.);
#5342=ORIENTED_EDGE('',*,*,#4073,.F.);
#5343=ORIENTED_EDGE('',*,*,#4056,.T.);
#5344=ORIENTED_EDGE('',*,*,#4074,.F.);
#5345=ORIENTED_EDGE('',*,*,#4075,.F.);
#5346=ORIENTED_EDGE('',*,*,#4015,.F.);
#5347=ORIENTED_EDGE('',*,*,#4076,.F.);
#5348=ORIENTED_EDGE('',*,*,#4063,.F.);
#5349=ORIENTED_EDGE('',*,*,#4077,.F.);
#5350=ORIENTED_EDGE('',*,*,#4075,.T.);
#5351=ORIENTED_EDGE('',*,*,#4078,.F.);
#5352=ORIENTED_EDGE('',*,*,#4079,.F.);
#5353=ORIENTED_EDGE('',*,*,#4059,.F.);
#5354=ORIENTED_EDGE('',*,*,#4080,.T.);
#5355=ORIENTED_EDGE('',*,*,#4081,.F.);
#5356=ORIENTED_EDGE('',*,*,#4080,.F.);
#5357=ORIENTED_EDGE('',*,*,#4032,.F.);
#5358=ORIENTED_EDGE('',*,*,#4082,.F.);
#5359=ORIENTED_EDGE('',*,*,#4071,.F.);
#5360=ORIENTED_EDGE('',*,*,#4064,.F.);
#5361=ORIENTED_EDGE('',*,*,#4076,.T.);
#5362=ORIENTED_EDGE('',*,*,#4014,.F.);
#5363=ORIENTED_EDGE('',*,*,#4024,.F.);
#5364=ORIENTED_EDGE('',*,*,#4083,.F.);
#5365=ORIENTED_EDGE('',*,*,#4084,.F.);
#5366=ORIENTED_EDGE('',*,*,#4085,.F.);
#5367=ORIENTED_EDGE('',*,*,#4086,.F.);
#5368=ORIENTED_EDGE('',*,*,#4087,.F.);
#5369=ORIENTED_EDGE('',*,*,#4088,.F.);
#5370=ORIENTED_EDGE('',*,*,#4089,.F.);
#5371=ORIENTED_EDGE('',*,*,#4090,.F.);
#5372=ORIENTED_EDGE('',*,*,#4078,.T.);
#5373=ORIENTED_EDGE('',*,*,#4074,.T.);
#5374=ORIENTED_EDGE('',*,*,#4055,.T.);
#5375=ORIENTED_EDGE('',*,*,#4091,.T.);
#5376=ORIENTED_EDGE('',*,*,#4092,.T.);
#5377=ORIENTED_EDGE('',*,*,#4093,.T.);
#5378=ORIENTED_EDGE('',*,*,#4094,.T.);
#5379=ORIENTED_EDGE('',*,*,#4095,.T.);
#5380=ORIENTED_EDGE('',*,*,#4054,.T.);
#5381=ORIENTED_EDGE('',*,*,#4096,.T.);
#5382=ORIENTED_EDGE('',*,*,#4097,.F.);
#5383=ORIENTED_EDGE('',*,*,#4091,.F.);
#5384=ORIENTED_EDGE('',*,*,#4079,.T.);
#5385=ORIENTED_EDGE('',*,*,#4095,.F.);
#5386=ORIENTED_EDGE('',*,*,#4098,.F.);
#5387=ORIENTED_EDGE('',*,*,#4099,.T.);
#5388=ORIENTED_EDGE('',*,*,#4100,.T.);
#5389=ORIENTED_EDGE('',*,*,#4101,.T.);
#5390=ORIENTED_EDGE('',*,*,#4102,.T.);
#5391=ORIENTED_EDGE('',*,*,#4103,.T.);
#5392=ORIENTED_EDGE('',*,*,#4104,.T.);
#5393=ORIENTED_EDGE('',*,*,#4105,.T.);
#5394=ORIENTED_EDGE('',*,*,#4106,.T.);
#5395=ORIENTED_EDGE('',*,*,#4107,.T.);
#5396=ORIENTED_EDGE('',*,*,#4108,.T.);
#5397=ORIENTED_EDGE('',*,*,#4109,.T.);
#5398=ORIENTED_EDGE('',*,*,#4110,.T.);
#5399=ORIENTED_EDGE('',*,*,#4111,.T.);
#5400=ORIENTED_EDGE('',*,*,#4112,.T.);
#5401=ORIENTED_EDGE('',*,*,#4113,.T.);
#5402=ORIENTED_EDGE('',*,*,#4114,.T.);
#5403=ORIENTED_EDGE('',*,*,#4115,.T.);
#5404=ORIENTED_EDGE('',*,*,#4116,.T.);
#5405=ORIENTED_EDGE('',*,*,#4117,.T.);
#5406=ORIENTED_EDGE('',*,*,#4118,.T.);
#5407=ORIENTED_EDGE('',*,*,#4119,.T.);
#5408=ORIENTED_EDGE('',*,*,#4120,.T.);
#5409=ORIENTED_EDGE('',*,*,#4121,.T.);
#5410=ORIENTED_EDGE('',*,*,#4122,.T.);
#5411=ORIENTED_EDGE('',*,*,#4123,.T.);
#5412=ORIENTED_EDGE('',*,*,#4124,.T.);
#5413=ORIENTED_EDGE('',*,*,#4125,.T.);
#5414=ORIENTED_EDGE('',*,*,#4126,.T.);
#5415=ORIENTED_EDGE('',*,*,#4127,.T.);
#5416=ORIENTED_EDGE('',*,*,#4128,.T.);
#5417=ORIENTED_EDGE('',*,*,#4129,.T.);
#5418=ORIENTED_EDGE('',*,*,#4130,.T.);
#5419=ORIENTED_EDGE('',*,*,#4131,.T.);
#5420=ORIENTED_EDGE('',*,*,#4132,.T.);
#5421=ORIENTED_EDGE('',*,*,#4133,.T.);
#5422=ORIENTED_EDGE('',*,*,#4134,.T.);
#5423=ORIENTED_EDGE('',*,*,#4135,.T.);
#5424=ORIENTED_EDGE('',*,*,#4136,.T.);
#5425=ORIENTED_EDGE('',*,*,#4137,.T.);
#5426=ORIENTED_EDGE('',*,*,#4138,.T.);
#5427=ORIENTED_EDGE('',*,*,#4139,.T.);
#5428=ORIENTED_EDGE('',*,*,#4140,.T.);
#5429=ORIENTED_EDGE('',*,*,#4141,.T.);
#5430=ORIENTED_EDGE('',*,*,#4142,.T.);
#5431=ORIENTED_EDGE('',*,*,#4143,.T.);
#5432=ORIENTED_EDGE('',*,*,#4144,.T.);
#5433=ORIENTED_EDGE('',*,*,#4145,.T.);
#5434=ORIENTED_EDGE('',*,*,#4146,.T.);
#5435=ORIENTED_EDGE('',*,*,#4147,.T.);
#5436=ORIENTED_EDGE('',*,*,#4148,.T.);
#5437=ORIENTED_EDGE('',*,*,#4149,.T.);
#5438=ORIENTED_EDGE('',*,*,#4150,.T.);
#5439=ORIENTED_EDGE('',*,*,#4151,.T.);
#5440=ORIENTED_EDGE('',*,*,#4152,.T.);
#5441=ORIENTED_EDGE('',*,*,#4153,.T.);
#5442=ORIENTED_EDGE('',*,*,#4154,.T.);
#5443=ORIENTED_EDGE('',*,*,#4155,.T.);
#5444=ORIENTED_EDGE('',*,*,#4156,.T.);
#5445=ORIENTED_EDGE('',*,*,#4157,.T.);
#5446=ORIENTED_EDGE('',*,*,#4158,.T.);
#5447=ORIENTED_EDGE('',*,*,#4159,.T.);
#5448=ORIENTED_EDGE('',*,*,#4160,.T.);
#5449=ORIENTED_EDGE('',*,*,#4161,.T.);
#5450=ORIENTED_EDGE('',*,*,#4162,.T.);
#5451=ORIENTED_EDGE('',*,*,#4163,.T.);
#5452=ORIENTED_EDGE('',*,*,#4164,.T.);
#5453=ORIENTED_EDGE('',*,*,#4165,.T.);
#5454=ORIENTED_EDGE('',*,*,#4166,.T.);
#5455=ORIENTED_EDGE('',*,*,#4167,.T.);
#5456=ORIENTED_EDGE('',*,*,#4168,.T.);
#5457=ORIENTED_EDGE('',*,*,#4169,.T.);
#5458=ORIENTED_EDGE('',*,*,#4170,.T.);
#5459=ORIENTED_EDGE('',*,*,#4057,.T.);
#5460=ORIENTED_EDGE('',*,*,#4073,.T.);
#5461=ORIENTED_EDGE('',*,*,#4077,.T.);
#5462=ORIENTED_EDGE('',*,*,#4062,.F.);
#5463=ORIENTED_EDGE('',*,*,#4070,.F.);
#5464=ORIENTED_EDGE('',*,*,#4066,.F.);
#5465=ORIENTED_EDGE('',*,*,#4072,.F.);
#5466=ORIENTED_EDGE('',*,*,#4060,.F.);
#5467=ORIENTED_EDGE('',*,*,#4171,.F.);
#5468=ORIENTED_EDGE('',*,*,#4172,.F.);
#5469=ORIENTED_EDGE('',*,*,#4173,.F.);
#5470=ORIENTED_EDGE('',*,*,#4174,.F.);
#5471=ORIENTED_EDGE('',*,*,#4175,.F.);
#5472=ORIENTED_EDGE('',*,*,#4176,.F.);
#5473=ORIENTED_EDGE('',*,*,#4177,.F.);
#5474=ORIENTED_EDGE('',*,*,#4178,.F.);
#5475=ORIENTED_EDGE('',*,*,#4031,.F.);
#5476=ORIENTED_EDGE('',*,*,#4048,.T.);
#5477=ORIENTED_EDGE('',*,*,#4069,.F.);
#5478=ORIENTED_EDGE('',*,*,#4082,.T.);
#5479=ORIENTED_EDGE('',*,*,#4179,.F.);
#5480=ORIENTED_EDGE('',*,*,#4180,.F.);
#5481=ORIENTED_EDGE('',*,*,#4181,.F.);
#5482=ORIENTED_EDGE('',*,*,#4182,.F.);
#5483=ORIENTED_EDGE('',*,*,#4016,.T.);
#5484=ORIENTED_EDGE('',*,*,#4099,.F.);
#5485=ORIENTED_EDGE('',*,*,#4183,.F.);
#5486=ORIENTED_EDGE('',*,*,#4180,.T.);
#5487=ORIENTED_EDGE('',*,*,#4184,.F.);
#5488=ORIENTED_EDGE('',*,*,#4096,.F.);
#5489=ORIENTED_EDGE('',*,*,#4037,.T.);
#5490=ORIENTED_EDGE('',*,*,#4043,.T.);
#5491=ORIENTED_EDGE('',*,*,#4081,.T.);
#5492=ORIENTED_EDGE('',*,*,#4098,.T.);
#5493=ORIENTED_EDGE('',*,*,#4094,.F.);
#5494=ORIENTED_EDGE('',*,*,#4185,.T.);
#5495=ORIENTED_EDGE('',*,*,#4181,.T.);
#5496=ORIENTED_EDGE('',*,*,#4183,.T.);
#5497=ORIENTED_EDGE('',*,*,#4182,.T.);
#5498=ORIENTED_EDGE('',*,*,#4185,.F.);
#5499=ORIENTED_EDGE('',*,*,#4093,.F.);
#5500=ORIENTED_EDGE('',*,*,#4186,.T.);
#5501=ORIENTED_EDGE('',*,*,#4097,.T.);
#5502=ORIENTED_EDGE('',*,*,#4184,.T.);
#5503=ORIENTED_EDGE('',*,*,#4179,.T.);
#5504=ORIENTED_EDGE('',*,*,#4186,.F.);
#5505=ORIENTED_EDGE('',*,*,#4092,.F.);
#5506=ORIENTED_EDGE('',*,*,#4187,.T.);
#5507=ORIENTED_EDGE('',*,*,#4188,.T.);
#5508=ORIENTED_EDGE('',*,*,#4189,.T.);
#5509=ORIENTED_EDGE('',*,*,#4188,.F.);
#5510=ORIENTED_EDGE('',*,*,#4189,.F.);
#5511=ORIENTED_EDGE('',*,*,#4190,.T.);
#5512=ORIENTED_EDGE('',*,*,#4191,.F.);
#5513=ORIENTED_EDGE('',*,*,#4190,.F.);
#5514=ORIENTED_EDGE('',*,*,#4192,.T.);
#5515=ORIENTED_EDGE('',*,*,#4187,.F.);
#5516=ORIENTED_EDGE('',*,*,#4193,.T.);
#5517=ORIENTED_EDGE('',*,*,#4194,.T.);
#5518=ORIENTED_EDGE('',*,*,#4195,.T.);
#5519=ORIENTED_EDGE('',*,*,#4194,.F.);
#5520=ORIENTED_EDGE('',*,*,#4195,.F.);
#5521=ORIENTED_EDGE('',*,*,#4196,.T.);
#5522=ORIENTED_EDGE('',*,*,#4197,.F.);
#5523=ORIENTED_EDGE('',*,*,#4196,.F.);
#5524=ORIENTED_EDGE('',*,*,#4198,.T.);
#5525=ORIENTED_EDGE('',*,*,#4193,.F.);
#5526=ORIENTED_EDGE('',*,*,#4178,.T.);
#5527=ORIENTED_EDGE('',*,*,#4199,.T.);
#5528=ORIENTED_EDGE('',*,*,#4200,.T.);
#5529=ORIENTED_EDGE('',*,*,#4199,.F.);
#5530=ORIENTED_EDGE('',*,*,#4198,.F.);
#5531=ORIENTED_EDGE('',*,*,#4201,.T.);
#5532=ORIENTED_EDGE('',*,*,#4200,.F.);
#5533=ORIENTED_EDGE('',*,*,#4201,.F.);
#5534=ORIENTED_EDGE('',*,*,#4171,.T.);
#5535=ORIENTED_EDGE('',*,*,#4202,.T.);
#5536=ORIENTED_EDGE('',*,*,#4203,.T.);
#5537=ORIENTED_EDGE('',*,*,#4202,.F.);
#5538=ORIENTED_EDGE('',*,*,#4192,.F.);
#5539=ORIENTED_EDGE('',*,*,#4204,.T.);
#5540=ORIENTED_EDGE('',*,*,#4203,.F.);
#5541=ORIENTED_EDGE('',*,*,#4204,.F.);
#5542=ORIENTED_EDGE('',*,*,#4177,.T.);
#5543=ORIENTED_EDGE('',*,*,#4205,.T.);
#5544=ORIENTED_EDGE('',*,*,#4206,.T.);
#5545=ORIENTED_EDGE('',*,*,#4205,.F.);
#5546=ORIENTED_EDGE('',*,*,#4207,.F.);
#5547=ORIENTED_EDGE('',*,*,#4208,.T.);
#5548=ORIENTED_EDGE('',*,*,#4206,.F.);
#5549=ORIENTED_EDGE('',*,*,#4208,.F.);
#5550=ORIENTED_EDGE('',*,*,#4172,.T.);
#5551=ORIENTED_EDGE('',*,*,#4209,.T.);
#5552=ORIENTED_EDGE('',*,*,#4210,.T.);
#5553=ORIENTED_EDGE('',*,*,#4209,.F.);
#5554=ORIENTED_EDGE('',*,*,#4211,.F.);
#5555=ORIENTED_EDGE('',*,*,#4212,.T.);
#5556=ORIENTED_EDGE('',*,*,#4210,.F.);
#5557=ORIENTED_EDGE('',*,*,#4212,.F.);
#5558=ORIENTED_EDGE('',*,*,#4176,.T.);
#5559=ORIENTED_EDGE('',*,*,#4213,.T.);
#5560=ORIENTED_EDGE('',*,*,#4214,.T.);
#5561=ORIENTED_EDGE('',*,*,#4213,.F.);
#5562=ORIENTED_EDGE('',*,*,#4215,.F.);
#5563=ORIENTED_EDGE('',*,*,#4216,.T.);
#5564=ORIENTED_EDGE('',*,*,#4214,.F.);
#5565=ORIENTED_EDGE('',*,*,#4216,.F.);
#5566=ORIENTED_EDGE('',*,*,#4173,.T.);
#5567=ORIENTED_EDGE('',*,*,#4217,.T.);
#5568=ORIENTED_EDGE('',*,*,#4218,.T.);
#5569=ORIENTED_EDGE('',*,*,#4217,.F.);
#5570=ORIENTED_EDGE('',*,*,#4219,.F.);
#5571=ORIENTED_EDGE('',*,*,#4220,.T.);
#5572=ORIENTED_EDGE('',*,*,#4218,.F.);
#5573=ORIENTED_EDGE('',*,*,#4220,.F.);
#5574=ORIENTED_EDGE('',*,*,#4175,.T.);
#5575=ORIENTED_EDGE('',*,*,#4221,.T.);
#5576=ORIENTED_EDGE('',*,*,#4222,.T.);
#5577=ORIENTED_EDGE('',*,*,#4221,.F.);
#5578=ORIENTED_EDGE('',*,*,#4223,.F.);
#5579=ORIENTED_EDGE('',*,*,#4224,.T.);
#5580=ORIENTED_EDGE('',*,*,#4222,.F.);
#5581=ORIENTED_EDGE('',*,*,#4224,.F.);
#5582=ORIENTED_EDGE('',*,*,#4174,.T.);
#5583=ORIENTED_EDGE('',*,*,#4225,.T.);
#5584=ORIENTED_EDGE('',*,*,#4226,.T.);
#5585=ORIENTED_EDGE('',*,*,#4225,.F.);
#5586=ORIENTED_EDGE('',*,*,#4227,.F.);
#5587=ORIENTED_EDGE('',*,*,#4228,.T.);
#5588=ORIENTED_EDGE('',*,*,#4226,.F.);
#5589=ORIENTED_EDGE('',*,*,#4228,.F.);
#5590=ORIENTED_EDGE('',*,*,#4229,.F.);
#5591=ORIENTED_EDGE('',*,*,#4230,.T.);
#5592=ORIENTED_EDGE('',*,*,#4231,.F.);
#5593=ORIENTED_EDGE('',*,*,#4230,.F.);
#5594=ORIENTED_EDGE('',*,*,#4211,.T.);
#5595=ORIENTED_EDGE('',*,*,#4229,.T.);
#5596=ORIENTED_EDGE('',*,*,#4231,.T.);
#5597=ORIENTED_EDGE('',*,*,#4232,.F.);
#5598=ORIENTED_EDGE('',*,*,#4233,.T.);
#5599=ORIENTED_EDGE('',*,*,#4234,.F.);
#5600=ORIENTED_EDGE('',*,*,#4233,.F.);
#5601=ORIENTED_EDGE('',*,*,#4227,.T.);
#5602=ORIENTED_EDGE('',*,*,#4232,.T.);
#5603=ORIENTED_EDGE('',*,*,#4197,.T.);
#5604=ORIENTED_EDGE('',*,*,#4235,.F.);
#5605=ORIENTED_EDGE('',*,*,#4236,.T.);
#5606=ORIENTED_EDGE('',*,*,#4237,.F.);
#5607=ORIENTED_EDGE('',*,*,#4236,.F.);
#5608=ORIENTED_EDGE('',*,*,#4219,.T.);
#5609=ORIENTED_EDGE('',*,*,#4235,.T.);
#5610=ORIENTED_EDGE('',*,*,#4234,.T.);
#5611=ORIENTED_EDGE('',*,*,#4238,.F.);
#5612=ORIENTED_EDGE('',*,*,#4239,.T.);
#5613=ORIENTED_EDGE('',*,*,#4240,.F.);
#5614=ORIENTED_EDGE('',*,*,#4239,.F.);
#5615=ORIENTED_EDGE('',*,*,#4207,.T.);
#5616=ORIENTED_EDGE('',*,*,#4238,.T.);
#5617=ORIENTED_EDGE('',*,*,#4237,.T.);
#5618=ORIENTED_EDGE('',*,*,#4240,.T.);
#5619=ORIENTED_EDGE('',*,*,#4241,.F.);
#5620=ORIENTED_EDGE('',*,*,#4242,.T.);
#5621=ORIENTED_EDGE('',*,*,#4243,.F.);
#5622=ORIENTED_EDGE('',*,*,#4242,.F.);
#5623=ORIENTED_EDGE('',*,*,#4223,.T.);
#5624=ORIENTED_EDGE('',*,*,#4241,.T.);
#5625=ORIENTED_EDGE('',*,*,#4191,.T.);
#5626=ORIENTED_EDGE('',*,*,#4244,.F.);
#5627=ORIENTED_EDGE('',*,*,#4245,.T.);
#5628=ORIENTED_EDGE('',*,*,#4246,.F.);
#5629=ORIENTED_EDGE('',*,*,#4245,.F.);
#5630=ORIENTED_EDGE('',*,*,#4215,.T.);
#5631=ORIENTED_EDGE('',*,*,#4244,.T.);
#5632=ORIENTED_EDGE('',*,*,#4243,.T.);
#5633=ORIENTED_EDGE('',*,*,#4247,.T.);
#5634=ORIENTED_EDGE('',*,*,#4248,.T.);
#5635=ORIENTED_EDGE('',*,*,#4249,.F.);
#5636=ORIENTED_EDGE('',*,*,#4250,.T.);
#5637=ORIENTED_EDGE('',*,*,#4251,.T.);
#5638=ORIENTED_EDGE('',*,*,#4252,.T.);
#5639=ORIENTED_EDGE('',*,*,#4251,.F.);
#5640=ORIENTED_EDGE('',*,*,#4253,.T.);
#5641=ORIENTED_EDGE('',*,*,#4252,.F.);
#5642=ORIENTED_EDGE('',*,*,#4254,.T.);
#5643=ORIENTED_EDGE('',*,*,#4255,.T.);
#5644=ORIENTED_EDGE('',*,*,#4254,.F.);
#5645=ORIENTED_EDGE('',*,*,#4256,.T.);
#5646=ORIENTED_EDGE('',*,*,#4257,.T.);
#5647=ORIENTED_EDGE('',*,*,#4258,.F.);
#5648=ORIENTED_EDGE('',*,*,#4259,.T.);
#5649=ORIENTED_EDGE('',*,*,#4260,.T.);
#5650=ORIENTED_EDGE('',*,*,#4261,.T.);
#5651=ORIENTED_EDGE('',*,*,#4260,.F.);
#5652=ORIENTED_EDGE('',*,*,#4262,.T.);
#5653=ORIENTED_EDGE('',*,*,#4261,.F.);
#5654=ORIENTED_EDGE('',*,*,#4263,.T.);
#5655=ORIENTED_EDGE('',*,*,#4264,.T.);
#5656=ORIENTED_EDGE('',*,*,#4263,.F.);
#5657=ORIENTED_EDGE('',*,*,#4265,.T.);
#5658=ORIENTED_EDGE('',*,*,#4266,.T.);
#5659=ORIENTED_EDGE('',*,*,#4267,.F.);
#5660=ORIENTED_EDGE('',*,*,#4268,.T.);
#5661=ORIENTED_EDGE('',*,*,#4269,.T.);
#5662=ORIENTED_EDGE('',*,*,#4270,.T.);
#5663=ORIENTED_EDGE('',*,*,#4269,.F.);
#5664=ORIENTED_EDGE('',*,*,#4271,.T.);
#5665=ORIENTED_EDGE('',*,*,#4270,.F.);
#5666=ORIENTED_EDGE('',*,*,#4272,.T.);
#5667=ORIENTED_EDGE('',*,*,#4273,.T.);
#5668=ORIENTED_EDGE('',*,*,#4272,.F.);
#5669=ORIENTED_EDGE('',*,*,#4274,.T.);
#5670=ORIENTED_EDGE('',*,*,#4275,.T.);
#5671=ORIENTED_EDGE('',*,*,#4276,.F.);
#5672=ORIENTED_EDGE('',*,*,#4277,.T.);
#5673=ORIENTED_EDGE('',*,*,#4278,.T.);
#5674=ORIENTED_EDGE('',*,*,#4279,.T.);
#5675=ORIENTED_EDGE('',*,*,#4278,.F.);
#5676=ORIENTED_EDGE('',*,*,#4280,.T.);
#5677=ORIENTED_EDGE('',*,*,#4279,.F.);
#5678=ORIENTED_EDGE('',*,*,#4281,.T.);
#5679=ORIENTED_EDGE('',*,*,#4282,.T.);
#5680=ORIENTED_EDGE('',*,*,#4281,.F.);
#5681=ORIENTED_EDGE('',*,*,#4283,.T.);
#5682=ORIENTED_EDGE('',*,*,#4284,.T.);
#5683=ORIENTED_EDGE('',*,*,#4285,.F.);
#5684=ORIENTED_EDGE('',*,*,#4286,.T.);
#5685=ORIENTED_EDGE('',*,*,#4287,.T.);
#5686=ORIENTED_EDGE('',*,*,#4288,.T.);
#5687=ORIENTED_EDGE('',*,*,#4287,.F.);
#5688=ORIENTED_EDGE('',*,*,#4289,.T.);
#5689=ORIENTED_EDGE('',*,*,#4288,.F.);
#5690=ORIENTED_EDGE('',*,*,#4290,.T.);
#5691=ORIENTED_EDGE('',*,*,#4291,.T.);
#5692=ORIENTED_EDGE('',*,*,#4290,.F.);
#5693=ORIENTED_EDGE('',*,*,#4292,.T.);
#5694=ORIENTED_EDGE('',*,*,#4293,.T.);
#5695=ORIENTED_EDGE('',*,*,#4294,.F.);
#5696=ORIENTED_EDGE('',*,*,#4295,.T.);
#5697=ORIENTED_EDGE('',*,*,#4296,.T.);
#5698=ORIENTED_EDGE('',*,*,#4297,.T.);
#5699=ORIENTED_EDGE('',*,*,#4296,.F.);
#5700=ORIENTED_EDGE('',*,*,#4298,.T.);
#5701=ORIENTED_EDGE('',*,*,#4297,.F.);
#5702=ORIENTED_EDGE('',*,*,#4299,.T.);
#5703=ORIENTED_EDGE('',*,*,#4300,.T.);
#5704=ORIENTED_EDGE('',*,*,#4299,.F.);
#5705=ORIENTED_EDGE('',*,*,#4301,.T.);
#5706=ORIENTED_EDGE('',*,*,#4302,.T.);
#5707=ORIENTED_EDGE('',*,*,#4303,.F.);
#5708=ORIENTED_EDGE('',*,*,#4304,.T.);
#5709=ORIENTED_EDGE('',*,*,#4305,.T.);
#5710=ORIENTED_EDGE('',*,*,#4306,.T.);
#5711=ORIENTED_EDGE('',*,*,#4305,.F.);
#5712=ORIENTED_EDGE('',*,*,#4307,.T.);
#5713=ORIENTED_EDGE('',*,*,#4306,.F.);
#5714=ORIENTED_EDGE('',*,*,#4308,.T.);
#5715=ORIENTED_EDGE('',*,*,#4309,.T.);
#5716=ORIENTED_EDGE('',*,*,#4308,.F.);
#5717=ORIENTED_EDGE('',*,*,#4310,.T.);
#5718=ORIENTED_EDGE('',*,*,#4311,.T.);
#5719=ORIENTED_EDGE('',*,*,#4312,.F.);
#5720=ORIENTED_EDGE('',*,*,#4313,.T.);
#5721=ORIENTED_EDGE('',*,*,#4314,.T.);
#5722=ORIENTED_EDGE('',*,*,#4315,.T.);
#5723=ORIENTED_EDGE('',*,*,#4314,.F.);
#5724=ORIENTED_EDGE('',*,*,#4316,.T.);
#5725=ORIENTED_EDGE('',*,*,#4315,.F.);
#5726=ORIENTED_EDGE('',*,*,#4317,.T.);
#5727=ORIENTED_EDGE('',*,*,#4318,.T.);
#5728=ORIENTED_EDGE('',*,*,#4317,.F.);
#5729=ORIENTED_EDGE('',*,*,#4319,.T.);
#5730=ORIENTED_EDGE('',*,*,#4320,.T.);
#5731=ORIENTED_EDGE('',*,*,#4321,.F.);
#5732=ORIENTED_EDGE('',*,*,#4322,.T.);
#5733=ORIENTED_EDGE('',*,*,#4323,.T.);
#5734=ORIENTED_EDGE('',*,*,#4324,.T.);
#5735=ORIENTED_EDGE('',*,*,#4323,.F.);
#5736=ORIENTED_EDGE('',*,*,#4325,.T.);
#5737=ORIENTED_EDGE('',*,*,#4324,.F.);
#5738=ORIENTED_EDGE('',*,*,#4326,.T.);
#5739=ORIENTED_EDGE('',*,*,#4327,.T.);
#5740=ORIENTED_EDGE('',*,*,#4326,.F.);
#5741=ORIENTED_EDGE('',*,*,#4328,.T.);
#5742=ORIENTED_EDGE('',*,*,#4329,.T.);
#5743=ORIENTED_EDGE('',*,*,#4330,.F.);
#5744=ORIENTED_EDGE('',*,*,#4331,.T.);
#5745=ORIENTED_EDGE('',*,*,#4332,.T.);
#5746=ORIENTED_EDGE('',*,*,#4333,.T.);
#5747=ORIENTED_EDGE('',*,*,#4332,.F.);
#5748=ORIENTED_EDGE('',*,*,#4334,.T.);
#5749=ORIENTED_EDGE('',*,*,#4333,.F.);
#5750=ORIENTED_EDGE('',*,*,#4335,.T.);
#5751=ORIENTED_EDGE('',*,*,#4336,.T.);
#5752=ORIENTED_EDGE('',*,*,#4335,.F.);
#5753=ORIENTED_EDGE('',*,*,#4337,.T.);
#5754=ORIENTED_EDGE('',*,*,#4338,.T.);
#5755=ORIENTED_EDGE('',*,*,#4339,.F.);
#5756=ORIENTED_EDGE('',*,*,#4340,.T.);
#5757=ORIENTED_EDGE('',*,*,#4341,.T.);
#5758=ORIENTED_EDGE('',*,*,#4342,.T.);
#5759=ORIENTED_EDGE('',*,*,#4341,.F.);
#5760=ORIENTED_EDGE('',*,*,#4343,.T.);
#5761=ORIENTED_EDGE('',*,*,#4342,.F.);
#5762=ORIENTED_EDGE('',*,*,#4344,.T.);
#5763=ORIENTED_EDGE('',*,*,#4345,.T.);
#5764=ORIENTED_EDGE('',*,*,#4344,.F.);
#5765=ORIENTED_EDGE('',*,*,#4346,.T.);
#5766=ORIENTED_EDGE('',*,*,#4347,.T.);
#5767=ORIENTED_EDGE('',*,*,#4348,.F.);
#5768=ORIENTED_EDGE('',*,*,#4349,.T.);
#5769=ORIENTED_EDGE('',*,*,#4350,.T.);
#5770=ORIENTED_EDGE('',*,*,#4351,.T.);
#5771=ORIENTED_EDGE('',*,*,#4350,.F.);
#5772=ORIENTED_EDGE('',*,*,#4352,.T.);
#5773=ORIENTED_EDGE('',*,*,#4351,.F.);
#5774=ORIENTED_EDGE('',*,*,#4353,.T.);
#5775=ORIENTED_EDGE('',*,*,#4354,.T.);
#5776=ORIENTED_EDGE('',*,*,#4353,.F.);
#5777=ORIENTED_EDGE('',*,*,#4355,.T.);
#5778=ORIENTED_EDGE('',*,*,#4356,.T.);
#5779=ORIENTED_EDGE('',*,*,#4357,.T.);
#5780=ORIENTED_EDGE('',*,*,#4358,.T.);
#5781=ORIENTED_EDGE('',*,*,#4357,.F.);
#5782=ORIENTED_EDGE('',*,*,#4359,.T.);
#5783=ORIENTED_EDGE('',*,*,#4360,.F.);
#5784=ORIENTED_EDGE('',*,*,#4361,.T.);
#5785=ORIENTED_EDGE('',*,*,#4362,.T.);
#5786=ORIENTED_EDGE('',*,*,#4363,.T.);
#5787=ORIENTED_EDGE('',*,*,#4358,.F.);
#5788=ORIENTED_EDGE('',*,*,#4363,.F.);
#5789=ORIENTED_EDGE('',*,*,#4364,.T.);
#5790=ORIENTED_EDGE('',*,*,#4365,.T.);
#5791=ORIENTED_EDGE('',*,*,#4366,.T.);
#5792=ORIENTED_EDGE('',*,*,#4367,.T.);
#5793=ORIENTED_EDGE('',*,*,#4366,.F.);
#5794=ORIENTED_EDGE('',*,*,#4368,.T.);
#5795=ORIENTED_EDGE('',*,*,#4369,.F.);
#5796=ORIENTED_EDGE('',*,*,#4370,.T.);
#5797=ORIENTED_EDGE('',*,*,#4367,.F.);
#5798=ORIENTED_EDGE('',*,*,#4371,.T.);
#5799=ORIENTED_EDGE('',*,*,#4372,.T.);
#5800=ORIENTED_EDGE('',*,*,#4371,.F.);
#5801=ORIENTED_EDGE('',*,*,#4373,.T.);
#5802=ORIENTED_EDGE('',*,*,#4374,.T.);
#5803=ORIENTED_EDGE('',*,*,#4375,.T.);
#5804=ORIENTED_EDGE('',*,*,#4376,.T.);
#5805=ORIENTED_EDGE('',*,*,#4375,.F.);
#5806=ORIENTED_EDGE('',*,*,#4377,.T.);
#5807=ORIENTED_EDGE('',*,*,#4378,.F.);
#5808=ORIENTED_EDGE('',*,*,#4379,.T.);
#5809=ORIENTED_EDGE('',*,*,#4376,.F.);
#5810=ORIENTED_EDGE('',*,*,#4380,.T.);
#5811=ORIENTED_EDGE('',*,*,#4381,.T.);
#5812=ORIENTED_EDGE('',*,*,#4380,.F.);
#5813=ORIENTED_EDGE('',*,*,#4382,.T.);
#5814=ORIENTED_EDGE('',*,*,#4383,.T.);
#5815=ORIENTED_EDGE('',*,*,#4384,.T.);
#5816=ORIENTED_EDGE('',*,*,#4385,.T.);
#5817=ORIENTED_EDGE('',*,*,#4384,.F.);
#5818=ORIENTED_EDGE('',*,*,#4386,.T.);
#5819=ORIENTED_EDGE('',*,*,#4387,.F.);
#5820=ORIENTED_EDGE('',*,*,#4388,.T.);
#5821=ORIENTED_EDGE('',*,*,#4385,.F.);
#5822=ORIENTED_EDGE('',*,*,#4389,.T.);
#5823=ORIENTED_EDGE('',*,*,#4390,.T.);
#5824=ORIENTED_EDGE('',*,*,#4389,.F.);
#5825=ORIENTED_EDGE('',*,*,#4391,.T.);
#5826=ORIENTED_EDGE('',*,*,#4083,.T.);
#5827=ORIENTED_EDGE('',*,*,#4392,.T.);
#5828=ORIENTED_EDGE('',*,*,#4393,.T.);
#5829=ORIENTED_EDGE('',*,*,#4394,.T.);
#5830=ORIENTED_EDGE('',*,*,#4084,.T.);
#5831=ORIENTED_EDGE('',*,*,#4391,.F.);
#5832=ORIENTED_EDGE('',*,*,#4395,.T.);
#5833=ORIENTED_EDGE('',*,*,#4396,.T.);
#5834=ORIENTED_EDGE('',*,*,#4085,.T.);
#5835=ORIENTED_EDGE('',*,*,#4394,.F.);
#5836=ORIENTED_EDGE('',*,*,#4397,.T.);
#5837=ORIENTED_EDGE('',*,*,#4398,.T.);
#5838=ORIENTED_EDGE('',*,*,#4086,.T.);
#5839=ORIENTED_EDGE('',*,*,#4396,.F.);
#5840=ORIENTED_EDGE('',*,*,#4399,.T.);
#5841=ORIENTED_EDGE('',*,*,#4400,.T.);
#5842=ORIENTED_EDGE('',*,*,#4087,.T.);
#5843=ORIENTED_EDGE('',*,*,#4398,.F.);
#5844=ORIENTED_EDGE('',*,*,#4401,.T.);
#5845=ORIENTED_EDGE('',*,*,#4402,.T.);
#5846=ORIENTED_EDGE('',*,*,#4088,.T.);
#5847=ORIENTED_EDGE('',*,*,#4400,.F.);
#5848=ORIENTED_EDGE('',*,*,#4403,.T.);
#5849=ORIENTED_EDGE('',*,*,#4404,.T.);
#5850=ORIENTED_EDGE('',*,*,#4089,.T.);
#5851=ORIENTED_EDGE('',*,*,#4402,.F.);
#5852=ORIENTED_EDGE('',*,*,#4405,.T.);
#5853=ORIENTED_EDGE('',*,*,#4392,.F.);
#5854=ORIENTED_EDGE('',*,*,#4090,.T.);
#5855=ORIENTED_EDGE('',*,*,#4404,.F.);
#5856=ORIENTED_EDGE('',*,*,#4406,.T.);
#5857=ORIENTED_EDGE('',*,*,#4399,.F.);
#5858=ORIENTED_EDGE('',*,*,#4407,.T.);
#5859=ORIENTED_EDGE('',*,*,#4408,.F.);
#5860=ORIENTED_EDGE('',*,*,#4409,.F.);
#5861=ORIENTED_EDGE('',*,*,#4410,.T.);
#5862=ORIENTED_EDGE('',*,*,#4411,.T.);
#5863=ORIENTED_EDGE('',*,*,#4412,.F.);
#5864=ORIENTED_EDGE('',*,*,#4413,.F.);
#5865=ORIENTED_EDGE('',*,*,#4397,.F.);
#5866=ORIENTED_EDGE('',*,*,#4414,.T.);
#5867=ORIENTED_EDGE('',*,*,#4415,.F.);
#5868=ORIENTED_EDGE('',*,*,#4416,.T.);
#5869=ORIENTED_EDGE('',*,*,#4417,.T.);
#5870=ORIENTED_EDGE('',*,*,#4418,.T.);
#5871=ORIENTED_EDGE('',*,*,#4419,.F.);
#5872=ORIENTED_EDGE('',*,*,#4420,.T.);
#5873=ORIENTED_EDGE('',*,*,#4421,.T.);
#5874=ORIENTED_EDGE('',*,*,#4422,.T.);
#5875=ORIENTED_EDGE('',*,*,#4423,.F.);
#5876=ORIENTED_EDGE('',*,*,#4424,.T.);
#5877=ORIENTED_EDGE('',*,*,#4425,.T.);
#5878=ORIENTED_EDGE('',*,*,#4426,.T.);
#5879=ORIENTED_EDGE('',*,*,#4427,.F.);
#5880=ORIENTED_EDGE('',*,*,#4428,.T.);
#5881=ORIENTED_EDGE('',*,*,#4429,.T.);
#5882=ORIENTED_EDGE('',*,*,#4430,.T.);
#5883=ORIENTED_EDGE('',*,*,#4431,.F.);
#5884=ORIENTED_EDGE('',*,*,#4407,.F.);
#5885=ORIENTED_EDGE('',*,*,#4432,.T.);
#5886=ORIENTED_EDGE('',*,*,#4433,.T.);
#5887=ORIENTED_EDGE('',*,*,#4434,.T.);
#5888=ORIENTED_EDGE('',*,*,#4435,.T.);
#5889=ORIENTED_EDGE('',*,*,#4436,.T.);
#5890=ORIENTED_EDGE('',*,*,#4437,.T.);
#5891=ORIENTED_EDGE('',*,*,#4438,.T.);
#5892=ORIENTED_EDGE('',*,*,#4439,.T.);
#5893=ORIENTED_EDGE('',*,*,#4440,.T.);
#5894=ORIENTED_EDGE('',*,*,#4441,.T.);
#5895=ORIENTED_EDGE('',*,*,#4442,.T.);
#5896=ORIENTED_EDGE('',*,*,#4443,.T.);
#5897=ORIENTED_EDGE('',*,*,#4444,.T.);
#5898=ORIENTED_EDGE('',*,*,#4445,.T.);
#5899=ORIENTED_EDGE('',*,*,#4446,.T.);
#5900=ORIENTED_EDGE('',*,*,#4447,.T.);
#5901=ORIENTED_EDGE('',*,*,#4395,.F.);
#5902=ORIENTED_EDGE('',*,*,#4448,.T.);
#5903=ORIENTED_EDGE('',*,*,#4449,.F.);
#5904=ORIENTED_EDGE('',*,*,#4450,.T.);
#5905=ORIENTED_EDGE('',*,*,#4451,.T.);
#5906=ORIENTED_EDGE('',*,*,#4452,.T.);
#5907=ORIENTED_EDGE('',*,*,#4453,.F.);
#5908=ORIENTED_EDGE('',*,*,#4414,.F.);
#5909=ORIENTED_EDGE('',*,*,#4393,.F.);
#5910=ORIENTED_EDGE('',*,*,#4454,.T.);
#5911=ORIENTED_EDGE('',*,*,#4455,.F.);
#5912=ORIENTED_EDGE('',*,*,#4456,.T.);
#5913=ORIENTED_EDGE('',*,*,#4457,.F.);
#5914=ORIENTED_EDGE('',*,*,#4458,.F.);
#5915=ORIENTED_EDGE('',*,*,#4459,.T.);
#5916=ORIENTED_EDGE('',*,*,#4460,.F.);
#5917=ORIENTED_EDGE('',*,*,#4461,.F.);
#5918=ORIENTED_EDGE('',*,*,#4462,.T.);
#5919=ORIENTED_EDGE('',*,*,#4463,.F.);
#5920=ORIENTED_EDGE('',*,*,#4448,.F.);
#5921=ORIENTED_EDGE('',*,*,#4147,.F.);
#5922=ORIENTED_EDGE('',*,*,#4464,.F.);
#5923=ORIENTED_EDGE('',*,*,#4465,.F.);
#5924=ORIENTED_EDGE('',*,*,#4466,.F.);
#5925=ORIENTED_EDGE('',*,*,#4467,.F.);
#5926=ORIENTED_EDGE('',*,*,#4468,.F.);
#5927=ORIENTED_EDGE('',*,*,#4464,.T.);
#5928=ORIENTED_EDGE('',*,*,#4146,.F.);
#5929=ORIENTED_EDGE('',*,*,#4469,.F.);
#5930=ORIENTED_EDGE('',*,*,#4117,.F.);
#5931=ORIENTED_EDGE('',*,*,#4470,.F.);
#5932=ORIENTED_EDGE('',*,*,#4471,.F.);
#5933=ORIENTED_EDGE('',*,*,#4472,.F.);
#5934=ORIENTED_EDGE('',*,*,#4473,.F.);
#5935=ORIENTED_EDGE('',*,*,#4474,.F.);
#5936=ORIENTED_EDGE('',*,*,#4169,.F.);
#5937=ORIENTED_EDGE('',*,*,#4475,.F.);
#5938=ORIENTED_EDGE('',*,*,#4476,.F.);
#5939=ORIENTED_EDGE('',*,*,#4477,.F.);
#5940=ORIENTED_EDGE('',*,*,#4143,.F.);
#5941=ORIENTED_EDGE('',*,*,#4478,.F.);
#5942=ORIENTED_EDGE('',*,*,#4108,.F.);
#5943=ORIENTED_EDGE('',*,*,#4479,.T.);
#5944=ORIENTED_EDGE('',*,*,#4480,.F.);
#5945=ORIENTED_EDGE('',*,*,#4481,.F.);
#5946=ORIENTED_EDGE('',*,*,#4482,.F.);
#5947=ORIENTED_EDGE('',*,*,#4479,.F.);
#5948=ORIENTED_EDGE('',*,*,#4107,.F.);
#5949=ORIENTED_EDGE('',*,*,#4483,.F.);
#5950=ORIENTED_EDGE('',*,*,#4484,.F.);
#5951=ORIENTED_EDGE('',*,*,#4485,.F.);
#5952=ORIENTED_EDGE('',*,*,#4129,.F.);
#5953=ORIENTED_EDGE('',*,*,#4486,.F.);
#5954=ORIENTED_EDGE('',*,*,#4135,.F.);
#5955=ORIENTED_EDGE('',*,*,#4487,.T.);
#5956=ORIENTED_EDGE('',*,*,#4488,.F.);
#5957=ORIENTED_EDGE('',*,*,#4489,.F.);
#5958=ORIENTED_EDGE('',*,*,#4490,.F.);
#5959=ORIENTED_EDGE('',*,*,#4487,.F.);
#5960=ORIENTED_EDGE('',*,*,#4134,.F.);
#5961=ORIENTED_EDGE('',*,*,#4273,.F.);
#5962=ORIENTED_EDGE('',*,*,#4291,.F.);
#5963=ORIENTED_EDGE('',*,*,#4255,.F.);
#5964=ORIENTED_EDGE('',*,*,#4309,.F.);
#5965=ORIENTED_EDGE('',*,*,#4336,.F.);
#5966=ORIENTED_EDGE('',*,*,#4354,.F.);
#5967=ORIENTED_EDGE('',*,*,#4345,.F.);
#5968=ORIENTED_EDGE('',*,*,#4390,.F.);
#5969=ORIENTED_EDGE('',*,*,#4381,.F.);
#5970=ORIENTED_EDGE('',*,*,#4372,.F.);
#5971=ORIENTED_EDGE('',*,*,#4362,.F.);
#5972=ORIENTED_EDGE('',*,*,#4327,.F.);
#5973=ORIENTED_EDGE('',*,*,#4318,.F.);
#5974=ORIENTED_EDGE('',*,*,#4264,.F.);
#5975=ORIENTED_EDGE('',*,*,#4300,.F.);
#5976=ORIENTED_EDGE('',*,*,#4282,.F.);
#5977=ORIENTED_EDGE('',*,*,#4491,.T.);
#5978=ORIENTED_EDGE('',*,*,#4104,.F.);
#5979=ORIENTED_EDGE('',*,*,#4492,.T.);
#5980=ORIENTED_EDGE('',*,*,#4493,.F.);
#5981=ORIENTED_EDGE('',*,*,#4494,.F.);
#5982=ORIENTED_EDGE('',*,*,#4462,.F.);
#5983=ORIENTED_EDGE('',*,*,#4495,.F.);
#5984=ORIENTED_EDGE('',*,*,#4495,.T.);
#5985=ORIENTED_EDGE('',*,*,#4496,.T.);
#5986=ORIENTED_EDGE('',*,*,#4497,.T.);
#5987=ORIENTED_EDGE('',*,*,#4498,.F.);
#5988=ORIENTED_EDGE('',*,*,#4499,.T.);
#5989=ORIENTED_EDGE('',*,*,#4500,.T.);
#5990=ORIENTED_EDGE('',*,*,#4501,.T.);
#5991=ORIENTED_EDGE('',*,*,#4102,.F.);
#5992=ORIENTED_EDGE('',*,*,#4456,.F.);
#5993=ORIENTED_EDGE('',*,*,#4502,.F.);
#5994=ORIENTED_EDGE('',*,*,#4503,.F.);
#5995=ORIENTED_EDGE('',*,*,#4504,.F.);
#5996=ORIENTED_EDGE('',*,*,#4504,.T.);
#5997=ORIENTED_EDGE('',*,*,#4505,.T.);
#5998=ORIENTED_EDGE('',*,*,#4506,.T.);
#5999=ORIENTED_EDGE('',*,*,#4507,.T.);
#6000=ORIENTED_EDGE('',*,*,#4508,.T.);
#6001=ORIENTED_EDGE('',*,*,#4509,.T.);
#6002=ORIENTED_EDGE('',*,*,#4428,.F.);
#6003=ORIENTED_EDGE('',*,*,#4510,.F.);
#6004=ORIENTED_EDGE('',*,*,#4511,.T.);
#6005=ORIENTED_EDGE('',*,*,#4502,.T.);
#6006=ORIENTED_EDGE('',*,*,#4455,.T.);
#6007=ORIENTED_EDGE('',*,*,#4512,.T.);
#6008=ORIENTED_EDGE('',*,*,#4513,.T.);
#6009=ORIENTED_EDGE('',*,*,#4514,.T.);
#6010=ORIENTED_EDGE('',*,*,#4515,.T.);
#6011=ORIENTED_EDGE('',*,*,#4516,.T.);
#6012=ORIENTED_EDGE('',*,*,#4517,.T.);
#6013=ORIENTED_EDGE('',*,*,#4518,.T.);
#6014=ORIENTED_EDGE('',*,*,#4519,.T.);
#6015=ORIENTED_EDGE('',*,*,#4520,.T.);
#6016=ORIENTED_EDGE('',*,*,#4521,.T.);
#6017=ORIENTED_EDGE('',*,*,#4522,.T.);
#6018=ORIENTED_EDGE('',*,*,#4523,.T.);
#6019=ORIENTED_EDGE('',*,*,#4524,.T.);
#6020=ORIENTED_EDGE('',*,*,#4525,.T.);
#6021=ORIENTED_EDGE('',*,*,#4526,.T.);
#6022=ORIENTED_EDGE('',*,*,#4527,.T.);
#6023=ORIENTED_EDGE('',*,*,#4528,.T.);
#6024=ORIENTED_EDGE('',*,*,#4529,.T.);
#6025=ORIENTED_EDGE('',*,*,#4530,.T.);
#6026=ORIENTED_EDGE('',*,*,#4531,.T.);
#6027=ORIENTED_EDGE('',*,*,#4532,.T.);
#6028=ORIENTED_EDGE('',*,*,#4533,.T.);
#6029=ORIENTED_EDGE('',*,*,#4534,.T.);
#6030=ORIENTED_EDGE('',*,*,#4535,.T.);
#6031=ORIENTED_EDGE('',*,*,#4536,.T.);
#6032=ORIENTED_EDGE('',*,*,#4537,.T.);
#6033=ORIENTED_EDGE('',*,*,#4538,.T.);
#6034=ORIENTED_EDGE('',*,*,#4539,.T.);
#6035=ORIENTED_EDGE('',*,*,#4412,.T.);
#6036=ORIENTED_EDGE('',*,*,#4540,.T.);
#6037=ORIENTED_EDGE('',*,*,#4541,.T.);
#6038=ORIENTED_EDGE('',*,*,#4542,.F.);
#6039=ORIENTED_EDGE('',*,*,#4408,.T.);
#6040=ORIENTED_EDGE('',*,*,#4431,.T.);
#6041=ORIENTED_EDGE('',*,*,#4543,.T.);
#6042=ORIENTED_EDGE('',*,*,#4510,.T.);
#6043=ORIENTED_EDGE('',*,*,#4427,.T.);
#6044=ORIENTED_EDGE('',*,*,#4544,.T.);
#6045=ORIENTED_EDGE('',*,*,#4545,.T.);
#6046=ORIENTED_EDGE('',*,*,#4423,.T.);
#6047=ORIENTED_EDGE('',*,*,#4546,.T.);
#6048=ORIENTED_EDGE('',*,*,#4547,.T.);
#6049=ORIENTED_EDGE('',*,*,#4419,.T.);
#6050=ORIENTED_EDGE('',*,*,#4548,.T.);
#6051=ORIENTED_EDGE('',*,*,#4549,.T.);
#6052=ORIENTED_EDGE('',*,*,#4415,.T.);
#6053=ORIENTED_EDGE('',*,*,#4453,.T.);
#6054=ORIENTED_EDGE('',*,*,#4550,.T.);
#6055=ORIENTED_EDGE('',*,*,#4551,.T.);
#6056=ORIENTED_EDGE('',*,*,#4449,.T.);
#6057=ORIENTED_EDGE('',*,*,#4463,.T.);
#6058=ORIENTED_EDGE('',*,*,#4494,.T.);
#6059=ORIENTED_EDGE('',*,*,#4250,.F.);
#6060=ORIENTED_EDGE('',*,*,#4552,.F.);
#6061=ORIENTED_EDGE('',*,*,#4553,.T.);
#6062=ORIENTED_EDGE('',*,*,#4554,.F.);
#6063=ORIENTED_EDGE('',*,*,#4334,.F.);
#6064=ORIENTED_EDGE('',*,*,#4331,.F.);
#6065=ORIENTED_EDGE('',*,*,#4555,.F.);
#6066=ORIENTED_EDGE('',*,*,#4556,.T.);
#6067=ORIENTED_EDGE('',*,*,#4557,.F.);
#6068=ORIENTED_EDGE('',*,*,#4343,.F.);
#6069=ORIENTED_EDGE('',*,*,#4340,.F.);
#6070=ORIENTED_EDGE('',*,*,#4558,.F.);
#6071=ORIENTED_EDGE('',*,*,#4559,.T.);
#6072=ORIENTED_EDGE('',*,*,#4560,.T.);
#6073=ORIENTED_EDGE('',*,*,#4561,.F.);
#6074=ORIENTED_EDGE('',*,*,#4388,.F.);
#6075=ORIENTED_EDGE('',*,*,#4562,.F.);
#6076=ORIENTED_EDGE('',*,*,#4563,.T.);
#6077=ORIENTED_EDGE('',*,*,#4564,.T.);
#6078=ORIENTED_EDGE('',*,*,#4565,.F.);
#6079=ORIENTED_EDGE('',*,*,#4379,.F.);
#6080=ORIENTED_EDGE('',*,*,#4566,.F.);
#6081=ORIENTED_EDGE('',*,*,#4567,.T.);
#6082=ORIENTED_EDGE('',*,*,#4568,.F.);
#6083=ORIENTED_EDGE('',*,*,#4370,.F.);
#6084=ORIENTED_EDGE('',*,*,#4569,.F.);
#6085=ORIENTED_EDGE('',*,*,#4570,.T.);
#6086=ORIENTED_EDGE('',*,*,#4571,.T.);
#6087=ORIENTED_EDGE('',*,*,#4572,.F.);
#6088=ORIENTED_EDGE('',*,*,#4361,.F.);
#6089=ORIENTED_EDGE('',*,*,#4573,.F.);
#6090=ORIENTED_EDGE('',*,*,#4574,.T.);
#6091=ORIENTED_EDGE('',*,*,#4575,.T.);
#6092=ORIENTED_EDGE('',*,*,#4576,.F.);
#6093=ORIENTED_EDGE('',*,*,#4352,.F.);
#6094=ORIENTED_EDGE('',*,*,#4349,.F.);
#6095=ORIENTED_EDGE('',*,*,#4577,.F.);
#6096=ORIENTED_EDGE('',*,*,#4578,.T.);
#6097=ORIENTED_EDGE('',*,*,#4579,.F.);
#6098=ORIENTED_EDGE('',*,*,#4325,.F.);
#6099=ORIENTED_EDGE('',*,*,#4322,.F.);
#6100=ORIENTED_EDGE('',*,*,#4580,.F.);
#6101=ORIENTED_EDGE('',*,*,#4581,.T.);
#6102=ORIENTED_EDGE('',*,*,#4582,.F.);
#6103=ORIENTED_EDGE('',*,*,#4316,.F.);
#6104=ORIENTED_EDGE('',*,*,#4313,.F.);
#6105=ORIENTED_EDGE('',*,*,#4583,.F.);
#6106=ORIENTED_EDGE('',*,*,#4584,.T.);
#6107=ORIENTED_EDGE('',*,*,#4585,.F.);
#6108=ORIENTED_EDGE('',*,*,#4307,.F.);
#6109=ORIENTED_EDGE('',*,*,#4304,.F.);
#6110=ORIENTED_EDGE('',*,*,#4586,.F.);
#6111=ORIENTED_EDGE('',*,*,#4587,.T.);
#6112=ORIENTED_EDGE('',*,*,#4588,.T.);
#6113=ORIENTED_EDGE('',*,*,#4589,.F.);
#6114=ORIENTED_EDGE('',*,*,#4298,.F.);
#6115=ORIENTED_EDGE('',*,*,#4295,.F.);
#6116=ORIENTED_EDGE('',*,*,#4590,.F.);
#6117=ORIENTED_EDGE('',*,*,#4591,.T.);
#6118=ORIENTED_EDGE('',*,*,#4592,.T.);
#6119=ORIENTED_EDGE('',*,*,#4593,.F.);
#6120=ORIENTED_EDGE('',*,*,#4289,.F.);
#6121=ORIENTED_EDGE('',*,*,#4286,.F.);
#6122=ORIENTED_EDGE('',*,*,#4594,.F.);
#6123=ORIENTED_EDGE('',*,*,#4595,.T.);
#6124=ORIENTED_EDGE('',*,*,#4596,.F.);
#6125=ORIENTED_EDGE('',*,*,#4280,.F.);
#6126=ORIENTED_EDGE('',*,*,#4277,.F.);
#6127=ORIENTED_EDGE('',*,*,#4597,.F.);
#6128=ORIENTED_EDGE('',*,*,#4598,.T.);
#6129=ORIENTED_EDGE('',*,*,#4599,.T.);
#6130=ORIENTED_EDGE('',*,*,#4600,.F.);
#6131=ORIENTED_EDGE('',*,*,#4271,.F.);
#6132=ORIENTED_EDGE('',*,*,#4268,.F.);
#6133=ORIENTED_EDGE('',*,*,#4601,.F.);
#6134=ORIENTED_EDGE('',*,*,#4602,.T.);
#6135=ORIENTED_EDGE('',*,*,#4603,.T.);
#6136=ORIENTED_EDGE('',*,*,#4604,.F.);
#6137=ORIENTED_EDGE('',*,*,#4262,.F.);
#6138=ORIENTED_EDGE('',*,*,#4259,.F.);
#6139=ORIENTED_EDGE('',*,*,#4605,.F.);
#6140=ORIENTED_EDGE('',*,*,#4606,.T.);
#6141=ORIENTED_EDGE('',*,*,#4607,.F.);
#6142=ORIENTED_EDGE('',*,*,#4253,.F.);
#6143=ORIENTED_EDGE('',*,*,#4608,.F.);
#6144=ORIENTED_EDGE('',*,*,#4550,.F.);
#6145=ORIENTED_EDGE('',*,*,#4452,.F.);
#6146=ORIENTED_EDGE('',*,*,#4609,.T.);
#6147=ORIENTED_EDGE('',*,*,#4548,.F.);
#6148=ORIENTED_EDGE('',*,*,#4418,.F.);
#6149=ORIENTED_EDGE('',*,*,#4610,.F.);
#6150=ORIENTED_EDGE('',*,*,#4540,.F.);
#6151=ORIENTED_EDGE('',*,*,#4411,.F.);
#6152=ORIENTED_EDGE('',*,*,#4611,.T.);
#6153=ORIENTED_EDGE('',*,*,#4460,.T.);
#6154=ORIENTED_EDGE('',*,*,#4612,.T.);
#6155=ORIENTED_EDGE('',*,*,#4613,.T.);
#6156=ORIENTED_EDGE('',*,*,#4506,.F.);
#6157=ORIENTED_EDGE('',*,*,#4614,.T.);
#6158=ORIENTED_EDGE('',*,*,#4498,.T.);
#6159=ORIENTED_EDGE('',*,*,#4615,.T.);
#6160=ORIENTED_EDGE('',*,*,#4616,.T.);
#6161=ORIENTED_EDGE('',*,*,#4617,.T.);
#6162=ORIENTED_EDGE('',*,*,#4618,.T.);
#6163=ORIENTED_EDGE('',*,*,#4458,.T.);
#6164=ORIENTED_EDGE('',*,*,#4616,.F.);
#6165=ORIENTED_EDGE('',*,*,#4457,.T.);
#6166=ORIENTED_EDGE('',*,*,#4508,.F.);
#6167=ORIENTED_EDGE('',*,*,#4619,.T.);
#6168=ORIENTED_EDGE('',*,*,#4496,.F.);
#6169=ORIENTED_EDGE('',*,*,#4461,.T.);
#6170=ORIENTED_EDGE('',*,*,#4611,.F.);
#6171=ORIENTED_EDGE('',*,*,#4620,.T.);
#6172=ORIENTED_EDGE('',*,*,#4493,.T.);
#6173=ORIENTED_EDGE('',*,*,#4499,.F.);
#6174=ORIENTED_EDGE('',*,*,#4614,.F.);
#6175=ORIENTED_EDGE('',*,*,#4505,.F.);
#6176=ORIENTED_EDGE('',*,*,#4503,.T.);
#6177=ORIENTED_EDGE('',*,*,#4511,.F.);
#6178=ORIENTED_EDGE('',*,*,#4621,.T.);
#6179=ORIENTED_EDGE('',*,*,#4622,.T.);
#6180=ORIENTED_EDGE('',*,*,#4623,.F.);
#6181=ORIENTED_EDGE('',*,*,#4624,.F.);
#6182=ORIENTED_EDGE('',*,*,#4625,.T.);
#6183=ORIENTED_EDGE('',*,*,#4624,.T.);
#6184=ORIENTED_EDGE('',*,*,#4626,.F.);
#6185=ORIENTED_EDGE('',*,*,#4627,.F.);
#6186=ORIENTED_EDGE('',*,*,#4507,.F.);
#6187=ORIENTED_EDGE('',*,*,#4628,.T.);
#6188=ORIENTED_EDGE('',*,*,#4629,.F.);
#6189=ORIENTED_EDGE('',*,*,#4630,.F.);
#6190=ORIENTED_EDGE('',*,*,#4619,.F.);
#6191=ORIENTED_EDGE('',*,*,#4615,.F.);
#6192=ORIENTED_EDGE('',*,*,#4631,.T.);
#6193=ORIENTED_EDGE('',*,*,#4632,.F.);
#6194=ORIENTED_EDGE('',*,*,#4628,.F.);
#6195=ORIENTED_EDGE('',*,*,#4620,.F.);
#6196=ORIENTED_EDGE('',*,*,#4633,.T.);
#6197=ORIENTED_EDGE('',*,*,#4634,.F.);
#6198=ORIENTED_EDGE('',*,*,#4631,.F.);
#6199=ORIENTED_EDGE('',*,*,#4497,.F.);
#6200=ORIENTED_EDGE('',*,*,#4617,.F.);
#6201=ORIENTED_EDGE('',*,*,#4630,.T.);
#6202=ORIENTED_EDGE('',*,*,#4635,.F.);
#6203=ORIENTED_EDGE('',*,*,#4613,.F.);
#6204=ORIENTED_EDGE('',*,*,#4636,.F.);
#6205=ORIENTED_EDGE('',*,*,#4633,.F.);
#6206=ORIENTED_EDGE('',*,*,#4459,.F.);
#6207=ORIENTED_EDGE('',*,*,#4618,.F.);
#6208=ORIENTED_EDGE('',*,*,#4635,.T.);
#6209=ORIENTED_EDGE('',*,*,#4629,.T.);
#6210=ORIENTED_EDGE('',*,*,#4632,.T.);
#6211=ORIENTED_EDGE('',*,*,#4634,.T.);
#6212=ORIENTED_EDGE('',*,*,#4636,.T.);
#6213=ORIENTED_EDGE('',*,*,#4612,.F.);
#6214=ORIENTED_EDGE('',*,*,#4626,.T.);
#6215=ORIENTED_EDGE('',*,*,#4623,.T.);
#6216=ORIENTED_EDGE('',*,*,#4637,.T.);
#6217=ORIENTED_EDGE('',*,*,#4638,.T.);
#6218=ORIENTED_EDGE('',*,*,#4639,.F.);
#6219=ORIENTED_EDGE('',*,*,#4640,.F.);
#6220=ORIENTED_EDGE('',*,*,#4641,.F.);
#6221=ORIENTED_EDGE('',*,*,#4164,.F.);
#6222=ORIENTED_EDGE('',*,*,#4642,.F.);
#6223=ORIENTED_EDGE('',*,*,#4643,.F.);
#6224=ORIENTED_EDGE('',*,*,#4644,.F.);
#6225=ORIENTED_EDGE('',*,*,#4112,.F.);
#6226=ORIENTED_EDGE('',*,*,#4645,.F.);
#6227=ORIENTED_EDGE('',*,*,#4646,.F.);
#6228=ORIENTED_EDGE('',*,*,#4500,.F.);
#6229=ORIENTED_EDGE('',*,*,#4101,.F.);
#6230=ORIENTED_EDGE('',*,*,#4647,.F.);
#6231=ORIENTED_EDGE('',*,*,#4648,.F.);
#6232=ORIENTED_EDGE('',*,*,#4649,.F.);
#6233=ORIENTED_EDGE('',*,*,#4650,.F.);
#6234=ORIENTED_EDGE('',*,*,#4603,.F.);
#6235=ORIENTED_EDGE('',*,*,#4651,.T.);
#6236=ORIENTED_EDGE('',*,*,#4652,.F.);
#6237=ORIENTED_EDGE('',*,*,#4653,.F.);
#6238=ORIENTED_EDGE('',*,*,#4654,.F.);
#6239=ORIENTED_EDGE('',*,*,#4651,.F.);
#6240=ORIENTED_EDGE('',*,*,#4602,.F.);
#6241=ORIENTED_EDGE('',*,*,#4655,.F.);
#6242=ORIENTED_EDGE('',*,*,#4599,.F.);
#6243=ORIENTED_EDGE('',*,*,#4656,.T.);
#6244=ORIENTED_EDGE('',*,*,#4657,.F.);
#6245=ORIENTED_EDGE('',*,*,#4658,.F.);
#6246=ORIENTED_EDGE('',*,*,#4659,.F.);
#6247=ORIENTED_EDGE('',*,*,#4656,.F.);
#6248=ORIENTED_EDGE('',*,*,#4598,.F.);
#6249=ORIENTED_EDGE('',*,*,#4660,.F.);
#6250=ORIENTED_EDGE('',*,*,#4595,.F.);
#6251=ORIENTED_EDGE('',*,*,#4661,.F.);
#6252=ORIENTED_EDGE('',*,*,#4662,.F.);
#6253=ORIENTED_EDGE('',*,*,#4663,.F.);
#6254=ORIENTED_EDGE('',*,*,#4592,.F.);
#6255=ORIENTED_EDGE('',*,*,#4664,.T.);
#6256=ORIENTED_EDGE('',*,*,#4665,.F.);
#6257=ORIENTED_EDGE('',*,*,#4666,.F.);
#6258=ORIENTED_EDGE('',*,*,#4667,.F.);
#6259=ORIENTED_EDGE('',*,*,#4664,.F.);
#6260=ORIENTED_EDGE('',*,*,#4591,.F.);
#6261=ORIENTED_EDGE('',*,*,#4668,.F.);
#6262=ORIENTED_EDGE('',*,*,#4588,.F.);
#6263=ORIENTED_EDGE('',*,*,#4669,.T.);
#6264=ORIENTED_EDGE('',*,*,#4670,.F.);
#6265=ORIENTED_EDGE('',*,*,#4671,.F.);
#6266=ORIENTED_EDGE('',*,*,#4302,.F.);
#6267=ORIENTED_EDGE('',*,*,#4672,.F.);
#6268=ORIENTED_EDGE('',*,*,#4673,.F.);
#6269=ORIENTED_EDGE('',*,*,#4674,.F.);
#6270=ORIENTED_EDGE('',*,*,#4311,.F.);
#6271=ORIENTED_EDGE('',*,*,#4675,.F.);
#6272=ORIENTED_EDGE('',*,*,#4676,.F.);
#6273=ORIENTED_EDGE('',*,*,#4677,.F.);
#6274=ORIENTED_EDGE('',*,*,#4320,.F.);
#6275=ORIENTED_EDGE('',*,*,#4678,.F.);
#6276=ORIENTED_EDGE('',*,*,#4679,.F.);
#6277=ORIENTED_EDGE('',*,*,#4680,.F.);
#6278=ORIENTED_EDGE('',*,*,#4575,.F.);
#6279=ORIENTED_EDGE('',*,*,#4681,.T.);
#6280=ORIENTED_EDGE('',*,*,#4682,.F.);
#6281=ORIENTED_EDGE('',*,*,#4683,.F.);
#6282=ORIENTED_EDGE('',*,*,#4684,.F.);
#6283=ORIENTED_EDGE('',*,*,#4681,.F.);
#6284=ORIENTED_EDGE('',*,*,#4574,.F.);
#6285=ORIENTED_EDGE('',*,*,#4685,.F.);
#6286=ORIENTED_EDGE('',*,*,#4571,.F.);
#6287=ORIENTED_EDGE('',*,*,#4686,.T.);
#6288=ORIENTED_EDGE('',*,*,#4687,.F.);
#6289=ORIENTED_EDGE('',*,*,#4688,.F.);
#6290=ORIENTED_EDGE('',*,*,#4564,.F.);
#6291=ORIENTED_EDGE('',*,*,#4689,.T.);
#6292=ORIENTED_EDGE('',*,*,#4690,.F.);
#6293=ORIENTED_EDGE('',*,*,#4691,.F.);
#6294=ORIENTED_EDGE('',*,*,#4692,.F.);
#6295=ORIENTED_EDGE('',*,*,#4689,.F.);
#6296=ORIENTED_EDGE('',*,*,#4563,.F.);
#6297=ORIENTED_EDGE('',*,*,#4693,.F.);
#6298=ORIENTED_EDGE('',*,*,#4560,.F.);
#6299=ORIENTED_EDGE('',*,*,#4694,.T.);
#6300=ORIENTED_EDGE('',*,*,#4695,.F.);
#6301=ORIENTED_EDGE('',*,*,#4696,.F.);
#6302=ORIENTED_EDGE('',*,*,#4697,.F.);
#6303=ORIENTED_EDGE('',*,*,#4694,.F.);
#6304=ORIENTED_EDGE('',*,*,#4559,.F.);
#6305=ORIENTED_EDGE('',*,*,#4698,.F.);
#6306=ORIENTED_EDGE('',*,*,#4556,.F.);
#6307=ORIENTED_EDGE('',*,*,#4699,.F.);
#6308=ORIENTED_EDGE('',*,*,#4700,.F.);
#6309=ORIENTED_EDGE('',*,*,#4701,.F.);
#6310=ORIENTED_EDGE('',*,*,#4553,.F.);
#6311=ORIENTED_EDGE('',*,*,#4702,.F.);
#6312=ORIENTED_EDGE('',*,*,#4703,.F.);
#6313=ORIENTED_EDGE('',*,*,#4704,.F.);
#6314=ORIENTED_EDGE('',*,*,#4606,.F.);
#6315=ORIENTED_EDGE('',*,*,#4705,.F.);
#6316=ORIENTED_EDGE('',*,*,#4706,.F.);
#6317=ORIENTED_EDGE('',*,*,#4707,.T.);
#6318=ORIENTED_EDGE('',*,*,#4691,.T.);
#6319=ORIENTED_EDGE('',*,*,#4562,.T.);
#6320=ORIENTED_EDGE('',*,*,#4387,.T.);
#6321=ORIENTED_EDGE('',*,*,#4708,.T.);
#6322=ORIENTED_EDGE('',*,*,#4709,.F.);
#6323=ORIENTED_EDGE('',*,*,#4710,.F.);
#6324=ORIENTED_EDGE('',*,*,#4708,.F.);
#6325=ORIENTED_EDGE('',*,*,#4386,.F.);
#6326=ORIENTED_EDGE('',*,*,#4383,.F.);
#6327=ORIENTED_EDGE('',*,*,#4711,.T.);
#6328=ORIENTED_EDGE('',*,*,#4709,.T.);
#6329=ORIENTED_EDGE('',*,*,#4382,.F.);
#6330=ORIENTED_EDGE('',*,*,#4561,.T.);
#6331=ORIENTED_EDGE('',*,*,#4693,.T.);
#6332=ORIENTED_EDGE('',*,*,#4712,.F.);
#6333=ORIENTED_EDGE('',*,*,#4377,.F.);
#6334=ORIENTED_EDGE('',*,*,#4374,.F.);
#6335=ORIENTED_EDGE('',*,*,#4713,.F.);
#6336=ORIENTED_EDGE('',*,*,#4714,.F.);
#6337=ORIENTED_EDGE('',*,*,#4715,.T.);
#6338=ORIENTED_EDGE('',*,*,#4713,.T.);
#6339=ORIENTED_EDGE('',*,*,#4373,.F.);
#6340=ORIENTED_EDGE('',*,*,#4565,.T.);
#6341=ORIENTED_EDGE('',*,*,#4688,.T.);
#6342=ORIENTED_EDGE('',*,*,#4716,.F.);
#6343=ORIENTED_EDGE('',*,*,#4368,.F.);
#6344=ORIENTED_EDGE('',*,*,#4365,.F.);
#6345=ORIENTED_EDGE('',*,*,#4717,.F.);
#6346=ORIENTED_EDGE('',*,*,#4718,.F.);
#6347=ORIENTED_EDGE('',*,*,#4719,.T.);
#6348=ORIENTED_EDGE('',*,*,#4717,.T.);
#6349=ORIENTED_EDGE('',*,*,#4364,.F.);
#6350=ORIENTED_EDGE('',*,*,#4568,.T.);
#6351=ORIENTED_EDGE('',*,*,#4720,.T.);
#6352=ORIENTED_EDGE('',*,*,#4721,.T.);
#6353=ORIENTED_EDGE('',*,*,#4722,.T.);
#6354=ORIENTED_EDGE('',*,*,#4355,.F.);
#6355=ORIENTED_EDGE('',*,*,#4572,.T.);
#6356=ORIENTED_EDGE('',*,*,#4685,.T.);
#6357=ORIENTED_EDGE('',*,*,#4723,.F.);
#6358=ORIENTED_EDGE('',*,*,#4359,.F.);
#6359=ORIENTED_EDGE('',*,*,#4356,.F.);
#6360=ORIENTED_EDGE('',*,*,#4722,.F.);
#6361=ORIENTED_EDGE('',*,*,#4724,.F.);
#6362=ORIENTED_EDGE('',*,*,#4725,.T.);
#6363=ORIENTED_EDGE('',*,*,#4683,.T.);
#6364=ORIENTED_EDGE('',*,*,#4573,.T.);
#6365=ORIENTED_EDGE('',*,*,#4360,.T.);
#6366=ORIENTED_EDGE('',*,*,#4723,.T.);
#6367=ORIENTED_EDGE('',*,*,#4726,.F.);
#6368=ORIENTED_EDGE('',*,*,#4347,.F.);
#6369=ORIENTED_EDGE('',*,*,#4727,.F.);
#6370=ORIENTED_EDGE('',*,*,#4728,.F.);
#6371=ORIENTED_EDGE('',*,*,#4729,.T.);
#6372=ORIENTED_EDGE('',*,*,#4727,.T.);
#6373=ORIENTED_EDGE('',*,*,#4346,.F.);
#6374=ORIENTED_EDGE('',*,*,#4576,.T.);
#6375=ORIENTED_EDGE('',*,*,#4680,.T.);
#6376=ORIENTED_EDGE('',*,*,#4730,.F.);
#6377=ORIENTED_EDGE('',*,*,#4731,.F.);
#6378=ORIENTED_EDGE('',*,*,#4686,.F.);
#6379=ORIENTED_EDGE('',*,*,#4570,.F.);
#6380=ORIENTED_EDGE('',*,*,#4732,.T.);
#6381=ORIENTED_EDGE('',*,*,#4730,.T.);
#6382=ORIENTED_EDGE('',*,*,#4569,.T.);
#6383=ORIENTED_EDGE('',*,*,#4369,.T.);
#6384=ORIENTED_EDGE('',*,*,#4716,.T.);
#6385=ORIENTED_EDGE('',*,*,#4733,.F.);
#6386=ORIENTED_EDGE('',*,*,#4734,.F.);
#6387=ORIENTED_EDGE('',*,*,#4720,.F.);
#6388=ORIENTED_EDGE('',*,*,#4567,.F.);
#6389=ORIENTED_EDGE('',*,*,#4735,.T.);
#6390=ORIENTED_EDGE('',*,*,#4733,.T.);
#6391=ORIENTED_EDGE('',*,*,#4566,.T.);
#6392=ORIENTED_EDGE('',*,*,#4378,.T.);
#6393=ORIENTED_EDGE('',*,*,#4712,.T.);
#6394=ORIENTED_EDGE('',*,*,#4736,.T.);
#6395=ORIENTED_EDGE('',*,*,#4737,.T.);
#6396=ORIENTED_EDGE('',*,*,#4577,.T.);
#6397=ORIENTED_EDGE('',*,*,#4348,.T.);
#6398=ORIENTED_EDGE('',*,*,#4726,.T.);
#6399=ORIENTED_EDGE('',*,*,#4738,.F.);
#6400=ORIENTED_EDGE('',*,*,#4578,.F.);
#6401=ORIENTED_EDGE('',*,*,#4737,.F.);
#6402=ORIENTED_EDGE('',*,*,#4739,.F.);
#6403=ORIENTED_EDGE('',*,*,#4740,.T.);
#6404=ORIENTED_EDGE('',*,*,#4678,.T.);
#6405=ORIENTED_EDGE('',*,*,#4319,.F.);
#6406=ORIENTED_EDGE('',*,*,#4579,.T.);
#6407=ORIENTED_EDGE('',*,*,#4738,.T.);
#6408=ORIENTED_EDGE('',*,*,#4741,.T.);
#6409=ORIENTED_EDGE('',*,*,#4742,.T.);
#6410=ORIENTED_EDGE('',*,*,#4580,.T.);
#6411=ORIENTED_EDGE('',*,*,#4321,.T.);
#6412=ORIENTED_EDGE('',*,*,#4677,.T.);
#6413=ORIENTED_EDGE('',*,*,#4743,.F.);
#6414=ORIENTED_EDGE('',*,*,#4581,.F.);
#6415=ORIENTED_EDGE('',*,*,#4742,.F.);
#6416=ORIENTED_EDGE('',*,*,#4744,.F.);
#6417=ORIENTED_EDGE('',*,*,#4745,.T.);
#6418=ORIENTED_EDGE('',*,*,#4675,.T.);
#6419=ORIENTED_EDGE('',*,*,#4310,.F.);
#6420=ORIENTED_EDGE('',*,*,#4582,.T.);
#6421=ORIENTED_EDGE('',*,*,#4743,.T.);
#6422=ORIENTED_EDGE('',*,*,#4746,.T.);
#6423=ORIENTED_EDGE('',*,*,#4747,.T.);
#6424=ORIENTED_EDGE('',*,*,#4583,.T.);
#6425=ORIENTED_EDGE('',*,*,#4312,.T.);
#6426=ORIENTED_EDGE('',*,*,#4674,.T.);
#6427=ORIENTED_EDGE('',*,*,#4748,.F.);
#6428=ORIENTED_EDGE('',*,*,#4584,.F.);
#6429=ORIENTED_EDGE('',*,*,#4747,.F.);
#6430=ORIENTED_EDGE('',*,*,#4749,.F.);
#6431=ORIENTED_EDGE('',*,*,#4750,.T.);
#6432=ORIENTED_EDGE('',*,*,#4672,.T.);
#6433=ORIENTED_EDGE('',*,*,#4301,.F.);
#6434=ORIENTED_EDGE('',*,*,#4585,.T.);
#6435=ORIENTED_EDGE('',*,*,#4748,.T.);
#6436=ORIENTED_EDGE('',*,*,#4751,.F.);
#6437=ORIENTED_EDGE('',*,*,#4752,.F.);
#6438=ORIENTED_EDGE('',*,*,#4669,.F.);
#6439=ORIENTED_EDGE('',*,*,#4587,.F.);
#6440=ORIENTED_EDGE('',*,*,#4753,.T.);
#6441=ORIENTED_EDGE('',*,*,#4751,.T.);
#6442=ORIENTED_EDGE('',*,*,#4586,.T.);
#6443=ORIENTED_EDGE('',*,*,#4303,.T.);
#6444=ORIENTED_EDGE('',*,*,#4671,.T.);
#6445=ORIENTED_EDGE('',*,*,#4754,.T.);
#6446=ORIENTED_EDGE('',*,*,#4755,.T.);
#6447=ORIENTED_EDGE('',*,*,#4292,.F.);
#6448=ORIENTED_EDGE('',*,*,#4589,.T.);
#6449=ORIENTED_EDGE('',*,*,#4668,.T.);
#6450=ORIENTED_EDGE('',*,*,#4756,.F.);
#6451=ORIENTED_EDGE('',*,*,#4293,.F.);
#6452=ORIENTED_EDGE('',*,*,#4755,.F.);
#6453=ORIENTED_EDGE('',*,*,#4757,.F.);
#6454=ORIENTED_EDGE('',*,*,#4758,.T.);
#6455=ORIENTED_EDGE('',*,*,#4666,.T.);
#6456=ORIENTED_EDGE('',*,*,#4590,.T.);
#6457=ORIENTED_EDGE('',*,*,#4294,.T.);
#6458=ORIENTED_EDGE('',*,*,#4756,.T.);
#6459=ORIENTED_EDGE('',*,*,#4759,.T.);
#6460=ORIENTED_EDGE('',*,*,#4760,.T.);
#6461=ORIENTED_EDGE('',*,*,#4283,.F.);
#6462=ORIENTED_EDGE('',*,*,#4593,.T.);
#6463=ORIENTED_EDGE('',*,*,#4663,.T.);
#6464=ORIENTED_EDGE('',*,*,#4761,.F.);
#6465=ORIENTED_EDGE('',*,*,#4284,.F.);
#6466=ORIENTED_EDGE('',*,*,#4760,.F.);
#6467=ORIENTED_EDGE('',*,*,#4762,.F.);
#6468=ORIENTED_EDGE('',*,*,#4763,.T.);
#6469=ORIENTED_EDGE('',*,*,#4661,.T.);
#6470=ORIENTED_EDGE('',*,*,#4594,.T.);
#6471=ORIENTED_EDGE('',*,*,#4285,.T.);
#6472=ORIENTED_EDGE('',*,*,#4761,.T.);
#6473=ORIENTED_EDGE('',*,*,#4764,.T.);
#6474=ORIENTED_EDGE('',*,*,#4765,.T.);
#6475=ORIENTED_EDGE('',*,*,#4274,.F.);
#6476=ORIENTED_EDGE('',*,*,#4596,.T.);
#6477=ORIENTED_EDGE('',*,*,#4660,.T.);
#6478=ORIENTED_EDGE('',*,*,#4766,.F.);
#6479=ORIENTED_EDGE('',*,*,#4275,.F.);
#6480=ORIENTED_EDGE('',*,*,#4765,.F.);
#6481=ORIENTED_EDGE('',*,*,#4767,.F.);
#6482=ORIENTED_EDGE('',*,*,#4768,.T.);
#6483=ORIENTED_EDGE('',*,*,#4658,.T.);
#6484=ORIENTED_EDGE('',*,*,#4597,.T.);
#6485=ORIENTED_EDGE('',*,*,#4276,.T.);
#6486=ORIENTED_EDGE('',*,*,#4766,.T.);
#6487=ORIENTED_EDGE('',*,*,#4769,.T.);
#6488=ORIENTED_EDGE('',*,*,#4770,.T.);
#6489=ORIENTED_EDGE('',*,*,#4265,.F.);
#6490=ORIENTED_EDGE('',*,*,#4600,.T.);
#6491=ORIENTED_EDGE('',*,*,#4655,.T.);
#6492=ORIENTED_EDGE('',*,*,#4771,.F.);
#6493=ORIENTED_EDGE('',*,*,#4266,.F.);
#6494=ORIENTED_EDGE('',*,*,#4770,.F.);
#6495=ORIENTED_EDGE('',*,*,#4772,.F.);
#6496=ORIENTED_EDGE('',*,*,#4773,.T.);
#6497=ORIENTED_EDGE('',*,*,#4653,.T.);
#6498=ORIENTED_EDGE('',*,*,#4601,.T.);
#6499=ORIENTED_EDGE('',*,*,#4267,.T.);
#6500=ORIENTED_EDGE('',*,*,#4771,.T.);
#6501=ORIENTED_EDGE('',*,*,#4774,.T.);
#6502=ORIENTED_EDGE('',*,*,#4775,.T.);
#6503=ORIENTED_EDGE('',*,*,#4256,.F.);
#6504=ORIENTED_EDGE('',*,*,#4604,.T.);
#6505=ORIENTED_EDGE('',*,*,#4650,.T.);
#6506=ORIENTED_EDGE('',*,*,#4776,.F.);
#6507=ORIENTED_EDGE('',*,*,#4257,.F.);
#6508=ORIENTED_EDGE('',*,*,#4775,.F.);
#6509=ORIENTED_EDGE('',*,*,#4777,.F.);
#6510=ORIENTED_EDGE('',*,*,#4778,.T.);
#6511=ORIENTED_EDGE('',*,*,#4705,.T.);
#6512=ORIENTED_EDGE('',*,*,#4605,.T.);
#6513=ORIENTED_EDGE('',*,*,#4258,.T.);
#6514=ORIENTED_EDGE('',*,*,#4776,.T.);
#6515=ORIENTED_EDGE('',*,*,#4779,.T.);
#6516=ORIENTED_EDGE('',*,*,#4780,.T.);
#6517=ORIENTED_EDGE('',*,*,#4247,.F.);
#6518=ORIENTED_EDGE('',*,*,#4607,.T.);
#6519=ORIENTED_EDGE('',*,*,#4704,.T.);
#6520=ORIENTED_EDGE('',*,*,#4781,.F.);
#6521=ORIENTED_EDGE('',*,*,#4248,.F.);
#6522=ORIENTED_EDGE('',*,*,#4780,.F.);
#6523=ORIENTED_EDGE('',*,*,#4782,.F.);
#6524=ORIENTED_EDGE('',*,*,#4783,.T.);
#6525=ORIENTED_EDGE('',*,*,#4702,.T.);
#6526=ORIENTED_EDGE('',*,*,#4552,.T.);
#6527=ORIENTED_EDGE('',*,*,#4249,.T.);
#6528=ORIENTED_EDGE('',*,*,#4781,.T.);
#6529=ORIENTED_EDGE('',*,*,#4784,.T.);
#6530=ORIENTED_EDGE('',*,*,#4785,.T.);
#6531=ORIENTED_EDGE('',*,*,#4328,.F.);
#6532=ORIENTED_EDGE('',*,*,#4554,.T.);
#6533=ORIENTED_EDGE('',*,*,#4701,.T.);
#6534=ORIENTED_EDGE('',*,*,#4786,.F.);
#6535=ORIENTED_EDGE('',*,*,#4329,.F.);
#6536=ORIENTED_EDGE('',*,*,#4785,.F.);
#6537=ORIENTED_EDGE('',*,*,#4787,.F.);
#6538=ORIENTED_EDGE('',*,*,#4788,.T.);
#6539=ORIENTED_EDGE('',*,*,#4699,.T.);
#6540=ORIENTED_EDGE('',*,*,#4555,.T.);
#6541=ORIENTED_EDGE('',*,*,#4330,.T.);
#6542=ORIENTED_EDGE('',*,*,#4786,.T.);
#6543=ORIENTED_EDGE('',*,*,#4789,.T.);
#6544=ORIENTED_EDGE('',*,*,#4790,.T.);
#6545=ORIENTED_EDGE('',*,*,#4337,.F.);
#6546=ORIENTED_EDGE('',*,*,#4557,.T.);
#6547=ORIENTED_EDGE('',*,*,#4698,.T.);
#6548=ORIENTED_EDGE('',*,*,#4791,.F.);
#6549=ORIENTED_EDGE('',*,*,#4338,.F.);
#6550=ORIENTED_EDGE('',*,*,#4790,.F.);
#6551=ORIENTED_EDGE('',*,*,#4792,.F.);
#6552=ORIENTED_EDGE('',*,*,#4793,.F.);
#6553=ORIENTED_EDGE('',*,*,#4792,.T.);
#6554=ORIENTED_EDGE('',*,*,#4789,.F.);
#6555=ORIENTED_EDGE('',*,*,#4700,.T.);
#6556=ORIENTED_EDGE('',*,*,#4788,.F.);
#6557=ORIENTED_EDGE('',*,*,#4787,.T.);
#6558=ORIENTED_EDGE('',*,*,#4784,.F.);
#6559=ORIENTED_EDGE('',*,*,#4703,.T.);
#6560=ORIENTED_EDGE('',*,*,#4783,.F.);
#6561=ORIENTED_EDGE('',*,*,#4782,.T.);
#6562=ORIENTED_EDGE('',*,*,#4779,.F.);
#6563=ORIENTED_EDGE('',*,*,#4706,.T.);
#6564=ORIENTED_EDGE('',*,*,#4778,.F.);
#6565=ORIENTED_EDGE('',*,*,#4777,.T.);
#6566=ORIENTED_EDGE('',*,*,#4774,.F.);
#6567=ORIENTED_EDGE('',*,*,#4652,.T.);
#6568=ORIENTED_EDGE('',*,*,#4654,.T.);
#6569=ORIENTED_EDGE('',*,*,#4773,.F.);
#6570=ORIENTED_EDGE('',*,*,#4772,.T.);
#6571=ORIENTED_EDGE('',*,*,#4769,.F.);
#6572=ORIENTED_EDGE('',*,*,#4657,.T.);
#6573=ORIENTED_EDGE('',*,*,#4659,.T.);
#6574=ORIENTED_EDGE('',*,*,#4768,.F.);
#6575=ORIENTED_EDGE('',*,*,#4767,.T.);
#6576=ORIENTED_EDGE('',*,*,#4764,.F.);
#6577=ORIENTED_EDGE('',*,*,#4662,.T.);
#6578=ORIENTED_EDGE('',*,*,#4763,.F.);
#6579=ORIENTED_EDGE('',*,*,#4762,.T.);
#6580=ORIENTED_EDGE('',*,*,#4759,.F.);
#6581=ORIENTED_EDGE('',*,*,#4665,.T.);
#6582=ORIENTED_EDGE('',*,*,#4667,.T.);
#6583=ORIENTED_EDGE('',*,*,#4758,.F.);
#6584=ORIENTED_EDGE('',*,*,#4757,.T.);
#6585=ORIENTED_EDGE('',*,*,#4754,.F.);
#6586=ORIENTED_EDGE('',*,*,#4670,.T.);
#6587=ORIENTED_EDGE('',*,*,#4752,.T.);
#6588=ORIENTED_EDGE('',*,*,#4753,.F.);
#6589=ORIENTED_EDGE('',*,*,#4673,.T.);
#6590=ORIENTED_EDGE('',*,*,#4750,.F.);
#6591=ORIENTED_EDGE('',*,*,#4749,.T.);
#6592=ORIENTED_EDGE('',*,*,#4746,.F.);
#6593=ORIENTED_EDGE('',*,*,#4676,.T.);
#6594=ORIENTED_EDGE('',*,*,#4745,.F.);
#6595=ORIENTED_EDGE('',*,*,#4744,.T.);
#6596=ORIENTED_EDGE('',*,*,#4741,.F.);
#6597=ORIENTED_EDGE('',*,*,#4679,.T.);
#6598=ORIENTED_EDGE('',*,*,#4740,.F.);
#6599=ORIENTED_EDGE('',*,*,#4739,.T.);
#6600=ORIENTED_EDGE('',*,*,#4736,.F.);
#6601=ORIENTED_EDGE('',*,*,#4728,.T.);
#6602=ORIENTED_EDGE('',*,*,#4729,.F.);
#6603=ORIENTED_EDGE('',*,*,#4682,.T.);
#6604=ORIENTED_EDGE('',*,*,#4684,.T.);
#6605=ORIENTED_EDGE('',*,*,#4725,.F.);
#6606=ORIENTED_EDGE('',*,*,#4724,.T.);
#6607=ORIENTED_EDGE('',*,*,#4721,.F.);
#6608=ORIENTED_EDGE('',*,*,#4687,.T.);
#6609=ORIENTED_EDGE('',*,*,#4731,.T.);
#6610=ORIENTED_EDGE('',*,*,#4732,.F.);
#6611=ORIENTED_EDGE('',*,*,#4718,.T.);
#6612=ORIENTED_EDGE('',*,*,#4719,.F.);
#6613=ORIENTED_EDGE('',*,*,#4734,.T.);
#6614=ORIENTED_EDGE('',*,*,#4735,.F.);
#6615=ORIENTED_EDGE('',*,*,#4714,.T.);
#6616=ORIENTED_EDGE('',*,*,#4715,.F.);
#6617=ORIENTED_EDGE('',*,*,#4690,.T.);
#6618=ORIENTED_EDGE('',*,*,#4692,.T.);
#6619=ORIENTED_EDGE('',*,*,#4707,.F.);
#6620=ORIENTED_EDGE('',*,*,#4710,.T.);
#6621=ORIENTED_EDGE('',*,*,#4711,.F.);
#6622=ORIENTED_EDGE('',*,*,#4695,.T.);
#6623=ORIENTED_EDGE('',*,*,#4697,.T.);
#6624=ORIENTED_EDGE('',*,*,#4482,.T.);
#6625=ORIENTED_EDGE('',*,*,#4794,.F.);
#6626=ORIENTED_EDGE('',*,*,#4795,.T.);
#6627=ORIENTED_EDGE('',*,*,#4796,.F.);
#6628=ORIENTED_EDGE('',*,*,#4797,.T.);
#6629=ORIENTED_EDGE('',*,*,#4798,.F.);
#6630=ORIENTED_EDGE('',*,*,#4648,.T.);
#6631=ORIENTED_EDGE('',*,*,#4799,.F.);
#6632=ORIENTED_EDGE('',*,*,#4800,.T.);
#6633=ORIENTED_EDGE('',*,*,#4473,.T.);
#6634=ORIENTED_EDGE('',*,*,#4801,.F.);
#6635=ORIENTED_EDGE('',*,*,#4802,.T.);
#6636=ORIENTED_EDGE('',*,*,#4803,.F.);
#6637=ORIENTED_EDGE('',*,*,#4804,.T.);
#6638=ORIENTED_EDGE('',*,*,#4640,.T.);
#6639=ORIENTED_EDGE('',*,*,#4805,.F.);
#6640=ORIENTED_EDGE('',*,*,#4806,.T.);
#6641=ORIENTED_EDGE('',*,*,#4807,.F.);
#6642=ORIENTED_EDGE('',*,*,#4808,.T.);
#6643=ORIENTED_EDGE('',*,*,#4809,.F.);
#6644=ORIENTED_EDGE('',*,*,#4810,.T.);
#6645=ORIENTED_EDGE('',*,*,#4811,.F.);
#6646=ORIENTED_EDGE('',*,*,#4812,.T.);
#6647=ORIENTED_EDGE('',*,*,#4813,.F.);
#6648=ORIENTED_EDGE('',*,*,#4814,.T.);
#6649=ORIENTED_EDGE('',*,*,#4815,.F.);
#6650=ORIENTED_EDGE('',*,*,#4816,.T.);
#6651=ORIENTED_EDGE('',*,*,#4817,.F.);
#6652=ORIENTED_EDGE('',*,*,#4818,.T.);
#6653=ORIENTED_EDGE('',*,*,#4819,.F.);
#6654=ORIENTED_EDGE('',*,*,#4820,.T.);
#6655=ORIENTED_EDGE('',*,*,#4465,.T.);
#6656=ORIENTED_EDGE('',*,*,#4468,.T.);
#6657=ORIENTED_EDGE('',*,*,#4821,.F.);
#6658=ORIENTED_EDGE('',*,*,#4822,.T.);
#6659=ORIENTED_EDGE('',*,*,#4476,.T.);
#6660=ORIENTED_EDGE('',*,*,#4823,.F.);
#6661=ORIENTED_EDGE('',*,*,#4824,.T.);
#6662=ORIENTED_EDGE('',*,*,#4825,.F.);
#6663=ORIENTED_EDGE('',*,*,#4826,.T.);
#6664=ORIENTED_EDGE('',*,*,#4827,.F.);
#6665=ORIENTED_EDGE('',*,*,#4828,.T.);
#6666=ORIENTED_EDGE('',*,*,#4829,.F.);
#6667=ORIENTED_EDGE('',*,*,#4488,.T.);
#6668=ORIENTED_EDGE('',*,*,#4490,.T.);
#6669=ORIENTED_EDGE('',*,*,#4830,.F.);
#6670=ORIENTED_EDGE('',*,*,#4831,.T.);
#6671=ORIENTED_EDGE('',*,*,#4832,.F.);
#6672=ORIENTED_EDGE('',*,*,#4833,.T.);
#6673=ORIENTED_EDGE('',*,*,#4484,.T.);
#6674=ORIENTED_EDGE('',*,*,#4834,.F.);
#6675=ORIENTED_EDGE('',*,*,#4835,.T.);
#6676=ORIENTED_EDGE('',*,*,#4836,.F.);
#6677=ORIENTED_EDGE('',*,*,#4837,.T.);
#6678=ORIENTED_EDGE('',*,*,#4838,.F.);
#6679=ORIENTED_EDGE('',*,*,#4839,.T.);
#6680=ORIENTED_EDGE('',*,*,#4840,.F.);
#6681=ORIENTED_EDGE('',*,*,#4841,.T.);
#6682=ORIENTED_EDGE('',*,*,#4842,.F.);
#6683=ORIENTED_EDGE('',*,*,#4843,.T.);
#6684=ORIENTED_EDGE('',*,*,#4844,.F.);
#6685=ORIENTED_EDGE('',*,*,#4471,.T.);
#6686=ORIENTED_EDGE('',*,*,#4845,.F.);
#6687=ORIENTED_EDGE('',*,*,#4846,.T.);
#6688=ORIENTED_EDGE('',*,*,#4847,.F.);
#6689=ORIENTED_EDGE('',*,*,#4848,.T.);
#6690=ORIENTED_EDGE('',*,*,#4643,.T.);
#6691=ORIENTED_EDGE('',*,*,#4849,.F.);
#6692=ORIENTED_EDGE('',*,*,#4850,.T.);
#6693=ORIENTED_EDGE('',*,*,#4851,.F.);
#6694=ORIENTED_EDGE('',*,*,#4480,.T.);
#6695=ORIENTED_EDGE('',*,*,#4793,.T.);
#6696=ORIENTED_EDGE('',*,*,#4696,.T.);
#6697=ORIENTED_EDGE('',*,*,#4558,.T.);
#6698=ORIENTED_EDGE('',*,*,#4339,.T.);
#6699=ORIENTED_EDGE('',*,*,#4791,.T.);
#6700=ORIENTED_EDGE('',*,*,#4111,.F.);
#6701=ORIENTED_EDGE('',*,*,#4852,.T.);
#6702=ORIENTED_EDGE('',*,*,#4849,.T.);
#6703=ORIENTED_EDGE('',*,*,#4642,.T.);
#6704=ORIENTED_EDGE('',*,*,#4853,.F.);
#6705=ORIENTED_EDGE('',*,*,#4850,.F.);
#6706=ORIENTED_EDGE('',*,*,#4852,.F.);
#6707=ORIENTED_EDGE('',*,*,#4110,.F.);
#6708=ORIENTED_EDGE('',*,*,#4109,.F.);
#6709=ORIENTED_EDGE('',*,*,#4478,.T.);
#6710=ORIENTED_EDGE('',*,*,#4851,.T.);
#6711=ORIENTED_EDGE('',*,*,#4853,.T.);
#6712=ORIENTED_EDGE('',*,*,#4854,.F.);
#6713=ORIENTED_EDGE('',*,*,#4795,.F.);
#6714=ORIENTED_EDGE('',*,*,#4855,.F.);
#6715=ORIENTED_EDGE('',*,*,#4105,.F.);
#6716=ORIENTED_EDGE('',*,*,#4491,.F.);
#6717=ORIENTED_EDGE('',*,*,#4856,.F.);
#6718=ORIENTED_EDGE('',*,*,#4857,.F.);
#6719=ORIENTED_EDGE('',*,*,#4106,.F.);
#6720=ORIENTED_EDGE('',*,*,#4855,.T.);
#6721=ORIENTED_EDGE('',*,*,#4794,.T.);
#6722=ORIENTED_EDGE('',*,*,#4481,.T.);
#6723=ORIENTED_EDGE('',*,*,#4858,.F.);
#6724=ORIENTED_EDGE('',*,*,#4113,.F.);
#6725=ORIENTED_EDGE('',*,*,#4644,.T.);
#6726=ORIENTED_EDGE('',*,*,#4848,.F.);
#6727=ORIENTED_EDGE('',*,*,#4114,.F.);
#6728=ORIENTED_EDGE('',*,*,#4858,.T.);
#6729=ORIENTED_EDGE('',*,*,#4847,.T.);
#6730=ORIENTED_EDGE('',*,*,#4859,.T.);
#6731=ORIENTED_EDGE('',*,*,#4860,.F.);
#6732=ORIENTED_EDGE('',*,*,#4115,.F.);
#6733=ORIENTED_EDGE('',*,*,#4859,.F.);
#6734=ORIENTED_EDGE('',*,*,#4846,.F.);
#6735=ORIENTED_EDGE('',*,*,#4116,.F.);
#6736=ORIENTED_EDGE('',*,*,#4860,.T.);
#6737=ORIENTED_EDGE('',*,*,#4845,.T.);
#6738=ORIENTED_EDGE('',*,*,#4470,.T.);
#6739=ORIENTED_EDGE('',*,*,#4120,.F.);
#6740=ORIENTED_EDGE('',*,*,#4861,.T.);
#6741=ORIENTED_EDGE('',*,*,#4842,.T.);
#6742=ORIENTED_EDGE('',*,*,#4862,.T.);
#6743=ORIENTED_EDGE('',*,*,#4863,.F.);
#6744=ORIENTED_EDGE('',*,*,#4843,.F.);
#6745=ORIENTED_EDGE('',*,*,#4861,.F.);
#6746=ORIENTED_EDGE('',*,*,#4119,.F.);
#6747=ORIENTED_EDGE('',*,*,#4118,.F.);
#6748=ORIENTED_EDGE('',*,*,#4469,.T.);
#6749=ORIENTED_EDGE('',*,*,#4844,.T.);
#6750=ORIENTED_EDGE('',*,*,#4863,.T.);
#6751=ORIENTED_EDGE('',*,*,#4864,.F.);
#6752=ORIENTED_EDGE('',*,*,#4121,.F.);
#6753=ORIENTED_EDGE('',*,*,#4862,.F.);
#6754=ORIENTED_EDGE('',*,*,#4841,.F.);
#6755=ORIENTED_EDGE('',*,*,#4122,.F.);
#6756=ORIENTED_EDGE('',*,*,#4864,.T.);
#6757=ORIENTED_EDGE('',*,*,#4840,.T.);
#6758=ORIENTED_EDGE('',*,*,#4865,.T.);
#6759=ORIENTED_EDGE('',*,*,#4866,.F.);
#6760=ORIENTED_EDGE('',*,*,#4123,.F.);
#6761=ORIENTED_EDGE('',*,*,#4865,.F.);
#6762=ORIENTED_EDGE('',*,*,#4839,.F.);
#6763=ORIENTED_EDGE('',*,*,#4124,.F.);
#6764=ORIENTED_EDGE('',*,*,#4866,.T.);
#6765=ORIENTED_EDGE('',*,*,#4838,.T.);
#6766=ORIENTED_EDGE('',*,*,#4867,.T.);
#6767=ORIENTED_EDGE('',*,*,#4868,.F.);
#6768=ORIENTED_EDGE('',*,*,#4125,.F.);
#6769=ORIENTED_EDGE('',*,*,#4867,.F.);
#6770=ORIENTED_EDGE('',*,*,#4837,.F.);
#6771=ORIENTED_EDGE('',*,*,#4126,.F.);
#6772=ORIENTED_EDGE('',*,*,#4868,.T.);
#6773=ORIENTED_EDGE('',*,*,#4836,.T.);
#6774=ORIENTED_EDGE('',*,*,#4869,.T.);
#6775=ORIENTED_EDGE('',*,*,#4870,.F.);
#6776=ORIENTED_EDGE('',*,*,#4127,.F.);
#6777=ORIENTED_EDGE('',*,*,#4869,.F.);
#6778=ORIENTED_EDGE('',*,*,#4835,.F.);
#6779=ORIENTED_EDGE('',*,*,#4128,.F.);
#6780=ORIENTED_EDGE('',*,*,#4870,.T.);
#6781=ORIENTED_EDGE('',*,*,#4834,.T.);
#6782=ORIENTED_EDGE('',*,*,#4483,.T.);
#6783=ORIENTED_EDGE('',*,*,#4871,.F.);
#6784=ORIENTED_EDGE('',*,*,#4130,.F.);
#6785=ORIENTED_EDGE('',*,*,#4485,.T.);
#6786=ORIENTED_EDGE('',*,*,#4833,.F.);
#6787=ORIENTED_EDGE('',*,*,#4131,.F.);
#6788=ORIENTED_EDGE('',*,*,#4871,.T.);
#6789=ORIENTED_EDGE('',*,*,#4832,.T.);
#6790=ORIENTED_EDGE('',*,*,#4872,.T.);
#6791=ORIENTED_EDGE('',*,*,#4873,.F.);
#6792=ORIENTED_EDGE('',*,*,#4132,.F.);
#6793=ORIENTED_EDGE('',*,*,#4872,.F.);
#6794=ORIENTED_EDGE('',*,*,#4831,.F.);
#6795=ORIENTED_EDGE('',*,*,#4133,.F.);
#6796=ORIENTED_EDGE('',*,*,#4873,.T.);
#6797=ORIENTED_EDGE('',*,*,#4830,.T.);
#6798=ORIENTED_EDGE('',*,*,#4489,.T.);
#6799=ORIENTED_EDGE('',*,*,#4138,.F.);
#6800=ORIENTED_EDGE('',*,*,#4874,.T.);
#6801=ORIENTED_EDGE('',*,*,#4827,.T.);
#6802=ORIENTED_EDGE('',*,*,#4875,.T.);
#6803=ORIENTED_EDGE('',*,*,#4876,.F.);
#6804=ORIENTED_EDGE('',*,*,#4828,.F.);
#6805=ORIENTED_EDGE('',*,*,#4874,.F.);
#6806=ORIENTED_EDGE('',*,*,#4137,.F.);
#6807=ORIENTED_EDGE('',*,*,#4136,.F.);
#6808=ORIENTED_EDGE('',*,*,#4486,.T.);
#6809=ORIENTED_EDGE('',*,*,#4829,.T.);
#6810=ORIENTED_EDGE('',*,*,#4876,.T.);
#6811=ORIENTED_EDGE('',*,*,#4877,.F.);
#6812=ORIENTED_EDGE('',*,*,#4139,.F.);
#6813=ORIENTED_EDGE('',*,*,#4875,.F.);
#6814=ORIENTED_EDGE('',*,*,#4826,.F.);
#6815=ORIENTED_EDGE('',*,*,#4140,.F.);
#6816=ORIENTED_EDGE('',*,*,#4877,.T.);
#6817=ORIENTED_EDGE('',*,*,#4825,.T.);
#6818=ORIENTED_EDGE('',*,*,#4878,.T.);
#6819=ORIENTED_EDGE('',*,*,#4879,.F.);
#6820=ORIENTED_EDGE('',*,*,#4141,.F.);
#6821=ORIENTED_EDGE('',*,*,#4878,.F.);
#6822=ORIENTED_EDGE('',*,*,#4824,.F.);
#6823=ORIENTED_EDGE('',*,*,#4142,.F.);
#6824=ORIENTED_EDGE('',*,*,#4879,.T.);
#6825=ORIENTED_EDGE('',*,*,#4823,.T.);
#6826=ORIENTED_EDGE('',*,*,#4475,.T.);
#6827=ORIENTED_EDGE('',*,*,#4880,.F.);
#6828=ORIENTED_EDGE('',*,*,#4144,.F.);
#6829=ORIENTED_EDGE('',*,*,#4477,.T.);
#6830=ORIENTED_EDGE('',*,*,#4822,.F.);
#6831=ORIENTED_EDGE('',*,*,#4145,.F.);
#6832=ORIENTED_EDGE('',*,*,#4880,.T.);
#6833=ORIENTED_EDGE('',*,*,#4821,.T.);
#6834=ORIENTED_EDGE('',*,*,#4467,.T.);
#6835=ORIENTED_EDGE('',*,*,#4881,.F.);
#6836=ORIENTED_EDGE('',*,*,#4148,.F.);
#6837=ORIENTED_EDGE('',*,*,#4466,.T.);
#6838=ORIENTED_EDGE('',*,*,#4820,.F.);
#6839=ORIENTED_EDGE('',*,*,#4149,.F.);
#6840=ORIENTED_EDGE('',*,*,#4881,.T.);
#6841=ORIENTED_EDGE('',*,*,#4819,.T.);
#6842=ORIENTED_EDGE('',*,*,#4882,.T.);
#6843=ORIENTED_EDGE('',*,*,#4883,.F.);
#6844=ORIENTED_EDGE('',*,*,#4150,.F.);
#6845=ORIENTED_EDGE('',*,*,#4882,.F.);
#6846=ORIENTED_EDGE('',*,*,#4818,.F.);
#6847=ORIENTED_EDGE('',*,*,#4151,.F.);
#6848=ORIENTED_EDGE('',*,*,#4883,.T.);
#6849=ORIENTED_EDGE('',*,*,#4817,.T.);
#6850=ORIENTED_EDGE('',*,*,#4884,.T.);
#6851=ORIENTED_EDGE('',*,*,#4885,.F.);
#6852=ORIENTED_EDGE('',*,*,#4152,.F.);
#6853=ORIENTED_EDGE('',*,*,#4884,.F.);
#6854=ORIENTED_EDGE('',*,*,#4816,.F.);
#6855=ORIENTED_EDGE('',*,*,#4153,.F.);
#6856=ORIENTED_EDGE('',*,*,#4885,.T.);
#6857=ORIENTED_EDGE('',*,*,#4815,.T.);
#6858=ORIENTED_EDGE('',*,*,#4886,.T.);
#6859=ORIENTED_EDGE('',*,*,#4887,.F.);
#6860=ORIENTED_EDGE('',*,*,#4154,.F.);
#6861=ORIENTED_EDGE('',*,*,#4886,.F.);
#6862=ORIENTED_EDGE('',*,*,#4814,.F.);
#6863=ORIENTED_EDGE('',*,*,#4155,.F.);
#6864=ORIENTED_EDGE('',*,*,#4887,.T.);
#6865=ORIENTED_EDGE('',*,*,#4813,.T.);
#6866=ORIENTED_EDGE('',*,*,#4888,.T.);
#6867=ORIENTED_EDGE('',*,*,#4889,.F.);
#6868=ORIENTED_EDGE('',*,*,#4156,.F.);
#6869=ORIENTED_EDGE('',*,*,#4888,.F.);
#6870=ORIENTED_EDGE('',*,*,#4812,.F.);
#6871=ORIENTED_EDGE('',*,*,#4157,.F.);
#6872=ORIENTED_EDGE('',*,*,#4889,.T.);
#6873=ORIENTED_EDGE('',*,*,#4811,.T.);
#6874=ORIENTED_EDGE('',*,*,#4890,.T.);
#6875=ORIENTED_EDGE('',*,*,#4891,.F.);
#6876=ORIENTED_EDGE('',*,*,#4158,.F.);
#6877=ORIENTED_EDGE('',*,*,#4890,.F.);
#6878=ORIENTED_EDGE('',*,*,#4810,.F.);
#6879=ORIENTED_EDGE('',*,*,#4159,.F.);
#6880=ORIENTED_EDGE('',*,*,#4891,.T.);
#6881=ORIENTED_EDGE('',*,*,#4809,.T.);
#6882=ORIENTED_EDGE('',*,*,#4892,.T.);
#6883=ORIENTED_EDGE('',*,*,#4893,.F.);
#6884=ORIENTED_EDGE('',*,*,#4160,.F.);
#6885=ORIENTED_EDGE('',*,*,#4892,.F.);
#6886=ORIENTED_EDGE('',*,*,#4808,.F.);
#6887=ORIENTED_EDGE('',*,*,#4161,.F.);
#6888=ORIENTED_EDGE('',*,*,#4893,.T.);
#6889=ORIENTED_EDGE('',*,*,#4807,.T.);
#6890=ORIENTED_EDGE('',*,*,#4894,.T.);
#6891=ORIENTED_EDGE('',*,*,#4895,.F.);
#6892=ORIENTED_EDGE('',*,*,#4162,.F.);
#6893=ORIENTED_EDGE('',*,*,#4894,.F.);
#6894=ORIENTED_EDGE('',*,*,#4806,.F.);
#6895=ORIENTED_EDGE('',*,*,#4163,.F.);
#6896=ORIENTED_EDGE('',*,*,#4895,.T.);
#6897=ORIENTED_EDGE('',*,*,#4805,.T.);
#6898=ORIENTED_EDGE('',*,*,#4639,.T.);
#6899=ORIENTED_EDGE('',*,*,#4896,.F.);
#6900=ORIENTED_EDGE('',*,*,#4165,.F.);
#6901=ORIENTED_EDGE('',*,*,#4641,.T.);
#6902=ORIENTED_EDGE('',*,*,#4804,.F.);
#6903=ORIENTED_EDGE('',*,*,#4166,.F.);
#6904=ORIENTED_EDGE('',*,*,#4896,.T.);
#6905=ORIENTED_EDGE('',*,*,#4803,.T.);
#6906=ORIENTED_EDGE('',*,*,#4897,.T.);
#6907=ORIENTED_EDGE('',*,*,#4898,.F.);
#6908=ORIENTED_EDGE('',*,*,#4167,.F.);
#6909=ORIENTED_EDGE('',*,*,#4897,.F.);
#6910=ORIENTED_EDGE('',*,*,#4802,.F.);
#6911=ORIENTED_EDGE('',*,*,#4168,.F.);
#6912=ORIENTED_EDGE('',*,*,#4898,.T.);
#6913=ORIENTED_EDGE('',*,*,#4801,.T.);
#6914=ORIENTED_EDGE('',*,*,#4472,.T.);
#6915=ORIENTED_EDGE('',*,*,#4899,.F.);
#6916=ORIENTED_EDGE('',*,*,#4170,.F.);
#6917=ORIENTED_EDGE('',*,*,#4474,.T.);
#6918=ORIENTED_EDGE('',*,*,#4800,.F.);
#6919=ORIENTED_EDGE('',*,*,#4100,.F.);
#6920=ORIENTED_EDGE('',*,*,#4899,.T.);
#6921=ORIENTED_EDGE('',*,*,#4799,.T.);
#6922=ORIENTED_EDGE('',*,*,#4647,.T.);
#6923=ORIENTED_EDGE('',*,*,#4900,.F.);
#6924=ORIENTED_EDGE('',*,*,#4901,.T.);
#6925=ORIENTED_EDGE('',*,*,#4902,.T.);
#6926=ORIENTED_EDGE('',*,*,#4856,.T.);
#6927=ORIENTED_EDGE('',*,*,#4492,.F.);
#6928=ORIENTED_EDGE('',*,*,#4103,.F.);
#6929=ORIENTED_EDGE('',*,*,#4501,.F.);
#6930=ORIENTED_EDGE('',*,*,#4646,.T.);
#6931=ORIENTED_EDGE('',*,*,#4903,.T.);
#6932=ORIENTED_EDGE('',*,*,#4904,.T.);
#6933=ORIENTED_EDGE('',*,*,#4903,.F.);
#6934=ORIENTED_EDGE('',*,*,#4645,.T.);
#6935=ORIENTED_EDGE('',*,*,#4905,.F.);
#6936=ORIENTED_EDGE('',*,*,#4906,.T.);
#6937=ORIENTED_EDGE('',*,*,#4905,.T.);
#6938=ORIENTED_EDGE('',*,*,#4649,.T.);
#6939=ORIENTED_EDGE('',*,*,#4798,.T.);
#6940=ORIENTED_EDGE('',*,*,#4907,.T.);
#6941=ORIENTED_EDGE('',*,*,#4908,.F.);
#6942=ORIENTED_EDGE('',*,*,#4901,.F.);
#6943=ORIENTED_EDGE('',*,*,#4909,.T.);
#6944=ORIENTED_EDGE('',*,*,#4910,.T.);
#6945=ORIENTED_EDGE('',*,*,#4904,.F.);
#6946=ORIENTED_EDGE('',*,*,#4906,.F.);
#6947=ORIENTED_EDGE('',*,*,#4911,.T.);
#6948=ORIENTED_EDGE('',*,*,#4912,.F.);
#6949=ORIENTED_EDGE('',*,*,#4911,.F.);
#6950=ORIENTED_EDGE('',*,*,#4907,.F.);
#6951=ORIENTED_EDGE('',*,*,#4797,.F.);
#6952=ORIENTED_EDGE('',*,*,#4902,.F.);
#6953=ORIENTED_EDGE('',*,*,#4908,.T.);
#6954=ORIENTED_EDGE('',*,*,#4913,.F.);
#6955=ORIENTED_EDGE('',*,*,#4857,.T.);
#6956=ORIENTED_EDGE('',*,*,#4913,.T.);
#6957=ORIENTED_EDGE('',*,*,#4912,.T.);
#6958=ORIENTED_EDGE('',*,*,#4796,.T.);
#6959=ORIENTED_EDGE('',*,*,#4854,.T.);
#6960=ORIENTED_EDGE('',*,*,#4914,.T.);
#6961=ORIENTED_EDGE('',*,*,#4543,.F.);
#6962=ORIENTED_EDGE('',*,*,#4430,.F.);
#6963=ORIENTED_EDGE('',*,*,#4915,.T.);
#6964=ORIENTED_EDGE('',*,*,#4424,.F.);
#6965=ORIENTED_EDGE('',*,*,#4545,.F.);
#6966=ORIENTED_EDGE('',*,*,#4916,.T.);
#6967=ORIENTED_EDGE('',*,*,#4544,.F.);
#6968=ORIENTED_EDGE('',*,*,#4426,.F.);
#6969=ORIENTED_EDGE('',*,*,#4917,.F.);
#6970=ORIENTED_EDGE('',*,*,#4918,.F.);
#6971=ORIENTED_EDGE('',*,*,#4541,.F.);
#6972=ORIENTED_EDGE('',*,*,#4919,.F.);
#6973=ORIENTED_EDGE('',*,*,#4409,.T.);
#6974=ORIENTED_EDGE('',*,*,#4542,.T.);
#6975=ORIENTED_EDGE('',*,*,#4918,.T.);
#6976=ORIENTED_EDGE('',*,*,#4920,.T.);
#6977=ORIENTED_EDGE('',*,*,#4420,.F.);
#6978=ORIENTED_EDGE('',*,*,#4547,.F.);
#6979=ORIENTED_EDGE('',*,*,#4921,.T.);
#6980=ORIENTED_EDGE('',*,*,#4546,.F.);
#6981=ORIENTED_EDGE('',*,*,#4422,.F.);
#6982=ORIENTED_EDGE('',*,*,#4401,.F.);
#6983=ORIENTED_EDGE('',*,*,#4413,.T.);
#6984=ORIENTED_EDGE('',*,*,#4539,.F.);
#6985=ORIENTED_EDGE('',*,*,#4922,.T.);
#6986=ORIENTED_EDGE('',*,*,#4923,.T.);
#6987=ORIENTED_EDGE('',*,*,#4924,.T.);
#6988=ORIENTED_EDGE('',*,*,#4536,.F.);
#6989=ORIENTED_EDGE('',*,*,#4925,.T.);
#6990=ORIENTED_EDGE('',*,*,#4926,.T.);
#6991=ORIENTED_EDGE('',*,*,#4927,.T.);
#6992=ORIENTED_EDGE('',*,*,#4533,.F.);
#6993=ORIENTED_EDGE('',*,*,#4928,.F.);
#6994=ORIENTED_EDGE('',*,*,#4929,.T.);
#6995=ORIENTED_EDGE('',*,*,#4930,.T.);
#6996=ORIENTED_EDGE('',*,*,#4931,.T.);
#6997=ORIENTED_EDGE('',*,*,#4932,.T.);
#6998=ORIENTED_EDGE('',*,*,#4933,.T.);
#6999=ORIENTED_EDGE('',*,*,#4934,.T.);
#7000=ORIENTED_EDGE('',*,*,#4935,.T.);
#7001=ORIENTED_EDGE('',*,*,#4936,.T.);
#7002=ORIENTED_EDGE('',*,*,#4937,.T.);
#7003=ORIENTED_EDGE('',*,*,#4938,.T.);
#7004=ORIENTED_EDGE('',*,*,#4939,.T.);
#7005=ORIENTED_EDGE('',*,*,#4940,.T.);
#7006=ORIENTED_EDGE('',*,*,#4941,.T.);
#7007=ORIENTED_EDGE('',*,*,#4537,.F.);
#7008=ORIENTED_EDGE('',*,*,#4924,.F.);
#7009=ORIENTED_EDGE('',*,*,#4942,.T.);
#7010=ORIENTED_EDGE('',*,*,#4922,.F.);
#7011=ORIENTED_EDGE('',*,*,#4538,.F.);
#7012=ORIENTED_EDGE('',*,*,#4943,.T.);
#7013=ORIENTED_EDGE('',*,*,#4416,.F.);
#7014=ORIENTED_EDGE('',*,*,#4549,.F.);
#7015=ORIENTED_EDGE('',*,*,#4944,.T.);
#7016=ORIENTED_EDGE('',*,*,#4925,.F.);
#7017=ORIENTED_EDGE('',*,*,#4535,.F.);
#7018=ORIENTED_EDGE('',*,*,#4945,.T.);
#7019=ORIENTED_EDGE('',*,*,#4534,.F.);
#7020=ORIENTED_EDGE('',*,*,#4927,.F.);
#7021=ORIENTED_EDGE('',*,*,#4946,.F.);
#7022=ORIENTED_EDGE('',*,*,#4450,.F.);
#7023=ORIENTED_EDGE('',*,*,#4551,.F.);
#7024=ORIENTED_EDGE('',*,*,#4403,.F.);
#7025=ORIENTED_EDGE('',*,*,#4928,.T.);
#7026=ORIENTED_EDGE('',*,*,#4532,.F.);
#7027=ORIENTED_EDGE('',*,*,#4947,.T.);
#7028=ORIENTED_EDGE('',*,*,#4948,.T.);
#7029=ORIENTED_EDGE('',*,*,#4949,.T.);
#7030=ORIENTED_EDGE('',*,*,#4529,.F.);
#7031=ORIENTED_EDGE('',*,*,#4950,.F.);
#7032=ORIENTED_EDGE('',*,*,#4951,.F.);
#7033=ORIENTED_EDGE('',*,*,#4947,.F.);
#7034=ORIENTED_EDGE('',*,*,#4531,.F.);
#7035=ORIENTED_EDGE('',*,*,#4952,.F.);
#7036=ORIENTED_EDGE('',*,*,#4530,.F.);
#7037=ORIENTED_EDGE('',*,*,#4949,.F.);
#7038=ORIENTED_EDGE('',*,*,#4405,.F.);
#7039=ORIENTED_EDGE('',*,*,#4950,.T.);
#7040=ORIENTED_EDGE('',*,*,#4528,.F.);
#7041=ORIENTED_EDGE('',*,*,#4953,.T.);
#7042=ORIENTED_EDGE('',*,*,#4954,.T.);
#7043=ORIENTED_EDGE('',*,*,#4955,.T.);
#7044=ORIENTED_EDGE('',*,*,#4525,.F.);
#7045=ORIENTED_EDGE('',*,*,#4956,.T.);
#7046=ORIENTED_EDGE('',*,*,#4957,.T.);
#7047=ORIENTED_EDGE('',*,*,#4958,.T.);
#7048=ORIENTED_EDGE('',*,*,#4522,.F.);
#7049=ORIENTED_EDGE('',*,*,#4959,.T.);
#7050=ORIENTED_EDGE('',*,*,#4960,.T.);
#7051=ORIENTED_EDGE('',*,*,#4961,.T.);
#7052=ORIENTED_EDGE('',*,*,#4519,.F.);
#7053=ORIENTED_EDGE('',*,*,#4962,.T.);
#7054=ORIENTED_EDGE('',*,*,#4963,.T.);
#7055=ORIENTED_EDGE('',*,*,#4964,.T.);
#7056=ORIENTED_EDGE('',*,*,#4516,.F.);
#7057=ORIENTED_EDGE('',*,*,#4965,.F.);
#7058=ORIENTED_EDGE('',*,*,#4966,.T.);
#7059=ORIENTED_EDGE('',*,*,#4967,.T.);
#7060=ORIENTED_EDGE('',*,*,#4968,.T.);
#7061=ORIENTED_EDGE('',*,*,#4969,.T.);
#7062=ORIENTED_EDGE('',*,*,#4970,.T.);
#7063=ORIENTED_EDGE('',*,*,#4971,.T.);
#7064=ORIENTED_EDGE('',*,*,#4972,.T.);
#7065=ORIENTED_EDGE('',*,*,#4973,.T.);
#7066=ORIENTED_EDGE('',*,*,#4974,.T.);
#7067=ORIENTED_EDGE('',*,*,#4975,.T.);
#7068=ORIENTED_EDGE('',*,*,#4976,.T.);
#7069=ORIENTED_EDGE('',*,*,#4977,.T.);
#7070=ORIENTED_EDGE('',*,*,#4978,.T.);
#7071=ORIENTED_EDGE('',*,*,#4979,.T.);
#7072=ORIENTED_EDGE('',*,*,#4980,.T.);
#7073=ORIENTED_EDGE('',*,*,#4981,.T.);
#7074=ORIENTED_EDGE('',*,*,#4982,.T.);
#7075=ORIENTED_EDGE('',*,*,#4526,.F.);
#7076=ORIENTED_EDGE('',*,*,#4955,.F.);
#7077=ORIENTED_EDGE('',*,*,#4983,.T.);
#7078=ORIENTED_EDGE('',*,*,#4953,.F.);
#7079=ORIENTED_EDGE('',*,*,#4527,.F.);
#7080=ORIENTED_EDGE('',*,*,#4984,.T.);
#7081=ORIENTED_EDGE('',*,*,#4523,.F.);
#7082=ORIENTED_EDGE('',*,*,#4958,.F.);
#7083=ORIENTED_EDGE('',*,*,#4985,.T.);
#7084=ORIENTED_EDGE('',*,*,#4956,.F.);
#7085=ORIENTED_EDGE('',*,*,#4524,.F.);
#7086=ORIENTED_EDGE('',*,*,#4986,.T.);
#7087=ORIENTED_EDGE('',*,*,#4520,.F.);
#7088=ORIENTED_EDGE('',*,*,#4961,.F.);
#7089=ORIENTED_EDGE('',*,*,#4987,.T.);
#7090=ORIENTED_EDGE('',*,*,#4959,.F.);
#7091=ORIENTED_EDGE('',*,*,#4521,.F.);
#7092=ORIENTED_EDGE('',*,*,#4988,.T.);
#7093=ORIENTED_EDGE('',*,*,#4962,.F.);
#7094=ORIENTED_EDGE('',*,*,#4518,.F.);
#7095=ORIENTED_EDGE('',*,*,#4989,.T.);
#7096=ORIENTED_EDGE('',*,*,#4517,.F.);
#7097=ORIENTED_EDGE('',*,*,#4964,.F.);
#7098=ORIENTED_EDGE('',*,*,#4990,.F.);
#7099=ORIENTED_EDGE('',*,*,#4991,.F.);
#7100=ORIENTED_EDGE('',*,*,#4514,.F.);
#7101=ORIENTED_EDGE('',*,*,#4992,.F.);
#7102=ORIENTED_EDGE('',*,*,#4513,.F.);
#7103=ORIENTED_EDGE('',*,*,#4993,.F.);
#7104=ORIENTED_EDGE('',*,*,#4943,.F.);
#7105=ORIENTED_EDGE('',*,*,#4609,.F.);
#7106=ORIENTED_EDGE('',*,*,#4417,.F.);
#7107=ORIENTED_EDGE('',*,*,#4920,.F.);
#7108=ORIENTED_EDGE('',*,*,#4921,.F.);
#7109=ORIENTED_EDGE('',*,*,#4421,.F.);
#7110=ORIENTED_EDGE('',*,*,#4915,.F.);
#7111=ORIENTED_EDGE('',*,*,#4916,.F.);
#7112=ORIENTED_EDGE('',*,*,#4425,.F.);
#7113=ORIENTED_EDGE('',*,*,#4509,.F.);
#7114=ORIENTED_EDGE('',*,*,#4914,.F.);
#7115=ORIENTED_EDGE('',*,*,#4429,.F.);
#7116=ORIENTED_EDGE('',*,*,#4610,.T.);
#7117=ORIENTED_EDGE('',*,*,#4410,.F.);
#7118=ORIENTED_EDGE('',*,*,#4919,.T.);
#7119=ORIENTED_EDGE('',*,*,#4917,.T.);
#7120=ORIENTED_EDGE('',*,*,#4945,.F.);
#7121=ORIENTED_EDGE('',*,*,#4926,.F.);
#7122=ORIENTED_EDGE('',*,*,#4944,.F.);
#7123=ORIENTED_EDGE('',*,*,#4941,.F.);
#7124=ORIENTED_EDGE('',*,*,#4923,.F.);
#7125=ORIENTED_EDGE('',*,*,#4942,.F.);
#7126=ORIENTED_EDGE('',*,*,#4946,.T.);
#7127=ORIENTED_EDGE('',*,*,#4608,.T.);
#7128=ORIENTED_EDGE('',*,*,#4451,.F.);
#7129=ORIENTED_EDGE('',*,*,#4952,.T.);
#7130=ORIENTED_EDGE('',*,*,#4948,.F.);
#7131=ORIENTED_EDGE('',*,*,#4951,.T.);
#7132=ORIENTED_EDGE('',*,*,#4989,.F.);
#7133=ORIENTED_EDGE('',*,*,#4963,.F.);
#7134=ORIENTED_EDGE('',*,*,#4988,.F.);
#7135=ORIENTED_EDGE('',*,*,#4986,.F.);
#7136=ORIENTED_EDGE('',*,*,#4960,.F.);
#7137=ORIENTED_EDGE('',*,*,#4987,.F.);
#7138=ORIENTED_EDGE('',*,*,#4984,.F.);
#7139=ORIENTED_EDGE('',*,*,#4957,.F.);
#7140=ORIENTED_EDGE('',*,*,#4985,.F.);
#7141=ORIENTED_EDGE('',*,*,#4982,.F.);
#7142=ORIENTED_EDGE('',*,*,#4954,.F.);
#7143=ORIENTED_EDGE('',*,*,#4983,.F.);
#7144=ORIENTED_EDGE('',*,*,#4992,.T.);
#7145=ORIENTED_EDGE('',*,*,#4994,.F.);
#7146=ORIENTED_EDGE('',*,*,#4990,.T.);
#7147=ORIENTED_EDGE('',*,*,#4995,.F.);
#7148=ORIENTED_EDGE('',*,*,#4996,.F.);
#7149=ORIENTED_EDGE('',*,*,#4997,.F.);
#7150=ORIENTED_EDGE('',*,*,#4998,.F.);
#7151=ORIENTED_EDGE('',*,*,#4447,.F.);
#7152=ORIENTED_EDGE('',*,*,#4999,.F.);
#7153=ORIENTED_EDGE('',*,*,#4996,.T.);
#7154=ORIENTED_EDGE('',*,*,#5000,.T.);
#7155=ORIENTED_EDGE('',*,*,#4446,.F.);
#7156=ORIENTED_EDGE('',*,*,#5001,.F.);
#7157=ORIENTED_EDGE('',*,*,#4997,.T.);
#7158=ORIENTED_EDGE('',*,*,#4999,.T.);
#7159=ORIENTED_EDGE('',*,*,#4445,.F.);
#7160=ORIENTED_EDGE('',*,*,#5002,.F.);
#7161=ORIENTED_EDGE('',*,*,#4998,.T.);
#7162=ORIENTED_EDGE('',*,*,#5001,.T.);
#7163=ORIENTED_EDGE('',*,*,#4995,.T.);
#7164=ORIENTED_EDGE('',*,*,#5002,.T.);
#7165=ORIENTED_EDGE('',*,*,#4444,.F.);
#7166=ORIENTED_EDGE('',*,*,#5000,.F.);
#7167=ORIENTED_EDGE('',*,*,#5003,.F.);
#7168=ORIENTED_EDGE('',*,*,#5004,.F.);
#7169=ORIENTED_EDGE('',*,*,#5005,.F.);
#7170=ORIENTED_EDGE('',*,*,#5006,.F.);
#7171=ORIENTED_EDGE('',*,*,#4439,.F.);
#7172=ORIENTED_EDGE('',*,*,#5007,.F.);
#7173=ORIENTED_EDGE('',*,*,#5004,.T.);
#7174=ORIENTED_EDGE('',*,*,#5008,.T.);
#7175=ORIENTED_EDGE('',*,*,#4438,.F.);
#7176=ORIENTED_EDGE('',*,*,#5009,.F.);
#7177=ORIENTED_EDGE('',*,*,#5005,.T.);
#7178=ORIENTED_EDGE('',*,*,#5007,.T.);
#7179=ORIENTED_EDGE('',*,*,#4437,.F.);
#7180=ORIENTED_EDGE('',*,*,#5010,.F.);
#7181=ORIENTED_EDGE('',*,*,#5006,.T.);
#7182=ORIENTED_EDGE('',*,*,#5009,.T.);
#7183=ORIENTED_EDGE('',*,*,#5003,.T.);
#7184=ORIENTED_EDGE('',*,*,#5010,.T.);
#7185=ORIENTED_EDGE('',*,*,#4436,.F.);
#7186=ORIENTED_EDGE('',*,*,#5008,.F.);
#7187=ORIENTED_EDGE('',*,*,#5011,.F.);
#7188=ORIENTED_EDGE('',*,*,#5012,.F.);
#7189=ORIENTED_EDGE('',*,*,#5013,.F.);
#7190=ORIENTED_EDGE('',*,*,#5014,.F.);
#7191=ORIENTED_EDGE('',*,*,#4435,.F.);
#7192=ORIENTED_EDGE('',*,*,#5015,.F.);
#7193=ORIENTED_EDGE('',*,*,#5012,.T.);
#7194=ORIENTED_EDGE('',*,*,#5016,.T.);
#7195=ORIENTED_EDGE('',*,*,#4434,.F.);
#7196=ORIENTED_EDGE('',*,*,#5017,.F.);
#7197=ORIENTED_EDGE('',*,*,#5013,.T.);
#7198=ORIENTED_EDGE('',*,*,#5015,.T.);
#7199=ORIENTED_EDGE('',*,*,#4433,.F.);
#7200=ORIENTED_EDGE('',*,*,#5018,.F.);
#7201=ORIENTED_EDGE('',*,*,#5014,.T.);
#7202=ORIENTED_EDGE('',*,*,#5017,.T.);
#7203=ORIENTED_EDGE('',*,*,#5011,.T.);
#7204=ORIENTED_EDGE('',*,*,#5018,.T.);
#7205=ORIENTED_EDGE('',*,*,#4432,.F.);
#7206=ORIENTED_EDGE('',*,*,#5016,.F.);
#7207=ORIENTED_EDGE('',*,*,#5019,.F.);
#7208=ORIENTED_EDGE('',*,*,#5020,.F.);
#7209=ORIENTED_EDGE('',*,*,#5021,.F.);
#7210=ORIENTED_EDGE('',*,*,#5022,.F.);
#7211=ORIENTED_EDGE('',*,*,#4443,.F.);
#7212=ORIENTED_EDGE('',*,*,#5023,.F.);
#7213=ORIENTED_EDGE('',*,*,#5020,.T.);
#7214=ORIENTED_EDGE('',*,*,#5024,.T.);
#7215=ORIENTED_EDGE('',*,*,#4442,.F.);
#7216=ORIENTED_EDGE('',*,*,#5025,.F.);
#7217=ORIENTED_EDGE('',*,*,#5021,.T.);
#7218=ORIENTED_EDGE('',*,*,#5023,.T.);
#7219=ORIENTED_EDGE('',*,*,#4441,.F.);
#7220=ORIENTED_EDGE('',*,*,#5026,.F.);
#7221=ORIENTED_EDGE('',*,*,#5022,.T.);
#7222=ORIENTED_EDGE('',*,*,#5025,.T.);
#7223=ORIENTED_EDGE('',*,*,#5019,.T.);
#7224=ORIENTED_EDGE('',*,*,#5026,.T.);
#7225=ORIENTED_EDGE('',*,*,#4440,.F.);
#7226=ORIENTED_EDGE('',*,*,#5024,.F.);
#7227=ORIENTED_EDGE('',*,*,#5027,.F.);
#7228=ORIENTED_EDGE('',*,*,#5028,.F.);
#7229=ORIENTED_EDGE('',*,*,#5029,.F.);
#7230=ORIENTED_EDGE('',*,*,#5030,.F.);
#7231=ORIENTED_EDGE('',*,*,#4981,.F.);
#7232=ORIENTED_EDGE('',*,*,#5031,.F.);
#7233=ORIENTED_EDGE('',*,*,#5028,.T.);
#7234=ORIENTED_EDGE('',*,*,#5032,.T.);
#7235=ORIENTED_EDGE('',*,*,#4980,.F.);
#7236=ORIENTED_EDGE('',*,*,#5033,.F.);
#7237=ORIENTED_EDGE('',*,*,#5029,.T.);
#7238=ORIENTED_EDGE('',*,*,#5031,.T.);
#7239=ORIENTED_EDGE('',*,*,#4979,.F.);
#7240=ORIENTED_EDGE('',*,*,#5034,.F.);
#7241=ORIENTED_EDGE('',*,*,#5030,.T.);
#7242=ORIENTED_EDGE('',*,*,#5033,.T.);
#7243=ORIENTED_EDGE('',*,*,#5027,.T.);
#7244=ORIENTED_EDGE('',*,*,#5034,.T.);
#7245=ORIENTED_EDGE('',*,*,#4978,.F.);
#7246=ORIENTED_EDGE('',*,*,#5032,.F.);
#7247=ORIENTED_EDGE('',*,*,#5035,.F.);
#7248=ORIENTED_EDGE('',*,*,#5036,.F.);
#7249=ORIENTED_EDGE('',*,*,#5037,.F.);
#7250=ORIENTED_EDGE('',*,*,#5038,.F.);
#7251=ORIENTED_EDGE('',*,*,#4973,.F.);
#7252=ORIENTED_EDGE('',*,*,#5039,.F.);
#7253=ORIENTED_EDGE('',*,*,#5036,.T.);
#7254=ORIENTED_EDGE('',*,*,#5040,.T.);
#7255=ORIENTED_EDGE('',*,*,#4972,.F.);
#7256=ORIENTED_EDGE('',*,*,#5041,.F.);
#7257=ORIENTED_EDGE('',*,*,#5037,.T.);
#7258=ORIENTED_EDGE('',*,*,#5039,.T.);
#7259=ORIENTED_EDGE('',*,*,#4971,.F.);
#7260=ORIENTED_EDGE('',*,*,#5042,.F.);
#7261=ORIENTED_EDGE('',*,*,#5038,.T.);
#7262=ORIENTED_EDGE('',*,*,#5041,.T.);
#7263=ORIENTED_EDGE('',*,*,#5035,.T.);
#7264=ORIENTED_EDGE('',*,*,#5042,.T.);
#7265=ORIENTED_EDGE('',*,*,#4970,.F.);
#7266=ORIENTED_EDGE('',*,*,#5040,.F.);
#7267=ORIENTED_EDGE('',*,*,#5043,.F.);
#7268=ORIENTED_EDGE('',*,*,#5044,.F.);
#7269=ORIENTED_EDGE('',*,*,#5045,.F.);
#7270=ORIENTED_EDGE('',*,*,#5046,.F.);
#7271=ORIENTED_EDGE('',*,*,#4969,.F.);
#7272=ORIENTED_EDGE('',*,*,#5047,.F.);
#7273=ORIENTED_EDGE('',*,*,#5044,.T.);
#7274=ORIENTED_EDGE('',*,*,#5048,.T.);
#7275=ORIENTED_EDGE('',*,*,#4968,.F.);
#7276=ORIENTED_EDGE('',*,*,#5049,.F.);
#7277=ORIENTED_EDGE('',*,*,#5045,.T.);
#7278=ORIENTED_EDGE('',*,*,#5047,.T.);
#7279=ORIENTED_EDGE('',*,*,#4967,.F.);
#7280=ORIENTED_EDGE('',*,*,#5050,.F.);
#7281=ORIENTED_EDGE('',*,*,#5046,.T.);
#7282=ORIENTED_EDGE('',*,*,#5049,.T.);
#7283=ORIENTED_EDGE('',*,*,#5043,.T.);
#7284=ORIENTED_EDGE('',*,*,#5050,.T.);
#7285=ORIENTED_EDGE('',*,*,#4966,.F.);
#7286=ORIENTED_EDGE('',*,*,#5048,.F.);
#7287=ORIENTED_EDGE('',*,*,#5051,.F.);
#7288=ORIENTED_EDGE('',*,*,#5052,.F.);
#7289=ORIENTED_EDGE('',*,*,#5053,.F.);
#7290=ORIENTED_EDGE('',*,*,#5054,.F.);
#7291=ORIENTED_EDGE('',*,*,#4977,.F.);
#7292=ORIENTED_EDGE('',*,*,#5055,.F.);
#7293=ORIENTED_EDGE('',*,*,#5052,.T.);
#7294=ORIENTED_EDGE('',*,*,#5056,.T.);
#7295=ORIENTED_EDGE('',*,*,#4976,.F.);
#7296=ORIENTED_EDGE('',*,*,#5057,.F.);
#7297=ORIENTED_EDGE('',*,*,#5053,.T.);
#7298=ORIENTED_EDGE('',*,*,#5055,.T.);
#7299=ORIENTED_EDGE('',*,*,#4975,.F.);
#7300=ORIENTED_EDGE('',*,*,#5058,.F.);
#7301=ORIENTED_EDGE('',*,*,#5054,.T.);
#7302=ORIENTED_EDGE('',*,*,#5057,.T.);
#7303=ORIENTED_EDGE('',*,*,#5051,.T.);
#7304=ORIENTED_EDGE('',*,*,#5058,.T.);
#7305=ORIENTED_EDGE('',*,*,#4974,.F.);
#7306=ORIENTED_EDGE('',*,*,#5056,.F.);
#7307=ORIENTED_EDGE('',*,*,#5059,.F.);
#7308=ORIENTED_EDGE('',*,*,#5060,.F.);
#7309=ORIENTED_EDGE('',*,*,#5061,.F.);
#7310=ORIENTED_EDGE('',*,*,#5062,.F.);
#7311=ORIENTED_EDGE('',*,*,#4932,.F.);
#7312=ORIENTED_EDGE('',*,*,#5063,.F.);
#7313=ORIENTED_EDGE('',*,*,#5060,.T.);
#7314=ORIENTED_EDGE('',*,*,#5064,.T.);
#7315=ORIENTED_EDGE('',*,*,#4931,.F.);
#7316=ORIENTED_EDGE('',*,*,#5065,.F.);
#7317=ORIENTED_EDGE('',*,*,#5061,.T.);
#7318=ORIENTED_EDGE('',*,*,#5063,.T.);
#7319=ORIENTED_EDGE('',*,*,#4930,.F.);
#7320=ORIENTED_EDGE('',*,*,#5066,.F.);
#7321=ORIENTED_EDGE('',*,*,#5062,.T.);
#7322=ORIENTED_EDGE('',*,*,#5065,.T.);
#7323=ORIENTED_EDGE('',*,*,#5059,.T.);
#7324=ORIENTED_EDGE('',*,*,#5066,.T.);
#7325=ORIENTED_EDGE('',*,*,#4929,.F.);
#7326=ORIENTED_EDGE('',*,*,#5064,.F.);
#7327=ORIENTED_EDGE('',*,*,#5067,.F.);
#7328=ORIENTED_EDGE('',*,*,#5068,.F.);
#7329=ORIENTED_EDGE('',*,*,#5069,.F.);
#7330=ORIENTED_EDGE('',*,*,#5070,.F.);
#7331=ORIENTED_EDGE('',*,*,#4936,.F.);
#7332=ORIENTED_EDGE('',*,*,#5071,.F.);
#7333=ORIENTED_EDGE('',*,*,#5068,.T.);
#7334=ORIENTED_EDGE('',*,*,#5072,.T.);
#7335=ORIENTED_EDGE('',*,*,#4935,.F.);
#7336=ORIENTED_EDGE('',*,*,#5073,.F.);
#7337=ORIENTED_EDGE('',*,*,#5069,.T.);
#7338=ORIENTED_EDGE('',*,*,#5071,.T.);
#7339=ORIENTED_EDGE('',*,*,#4934,.F.);
#7340=ORIENTED_EDGE('',*,*,#5074,.F.);
#7341=ORIENTED_EDGE('',*,*,#5070,.T.);
#7342=ORIENTED_EDGE('',*,*,#5073,.T.);
#7343=ORIENTED_EDGE('',*,*,#5067,.T.);
#7344=ORIENTED_EDGE('',*,*,#5074,.T.);
#7345=ORIENTED_EDGE('',*,*,#4933,.F.);
#7346=ORIENTED_EDGE('',*,*,#5072,.F.);
#7347=ORIENTED_EDGE('',*,*,#5075,.F.);
#7348=ORIENTED_EDGE('',*,*,#5076,.F.);
#7349=ORIENTED_EDGE('',*,*,#5077,.F.);
#7350=ORIENTED_EDGE('',*,*,#5078,.F.);
#7351=ORIENTED_EDGE('',*,*,#4940,.F.);
#7352=ORIENTED_EDGE('',*,*,#5079,.F.);
#7353=ORIENTED_EDGE('',*,*,#5076,.T.);
#7354=ORIENTED_EDGE('',*,*,#5080,.T.);
#7355=ORIENTED_EDGE('',*,*,#4939,.F.);
#7356=ORIENTED_EDGE('',*,*,#5081,.F.);
#7357=ORIENTED_EDGE('',*,*,#5077,.T.);
#7358=ORIENTED_EDGE('',*,*,#5079,.T.);
#7359=ORIENTED_EDGE('',*,*,#4938,.F.);
#7360=ORIENTED_EDGE('',*,*,#5082,.F.);
#7361=ORIENTED_EDGE('',*,*,#5078,.T.);
#7362=ORIENTED_EDGE('',*,*,#5081,.T.);
#7363=ORIENTED_EDGE('',*,*,#5075,.T.);
#7364=ORIENTED_EDGE('',*,*,#5082,.T.);
#7365=ORIENTED_EDGE('',*,*,#4937,.F.);
#7366=ORIENTED_EDGE('',*,*,#5080,.F.);
#7367=ORIENTED_EDGE('',*,*,#4246,.T.);
#7368=ORIENTED_EDGE('',*,*,#5083,.T.);
#7369=ORIENTED_EDGE('',*,*,#4627,.T.);
#7370=ORIENTED_EDGE('',*,*,#4638,.F.);
#7371=ORIENTED_EDGE('',*,*,#5084,.F.);
#7372=ORIENTED_EDGE('',*,*,#5085,.T.);
#7373=ORIENTED_EDGE('',*,*,#5084,.T.);
#7374=ORIENTED_EDGE('',*,*,#4637,.F.);
#7375=ORIENTED_EDGE('',*,*,#4622,.F.);
#7376=ORIENTED_EDGE('',*,*,#5086,.F.);
#7377=ORIENTED_EDGE('',*,*,#4625,.F.);
#7378=ORIENTED_EDGE('',*,*,#5083,.F.);
#7379=ORIENTED_EDGE('',*,*,#5085,.F.);
#7380=ORIENTED_EDGE('',*,*,#4621,.F.);
#7381=ORIENTED_EDGE('',*,*,#5087,.F.);
#7382=ORIENTED_EDGE('',*,*,#5088,.T.);
#7383=ORIENTED_EDGE('',*,*,#5086,.T.);
#7384=ORIENTED_EDGE('',*,*,#5088,.F.);
#7385=ORIENTED_EDGE('',*,*,#5089,.F.);
#7386=ORIENTED_EDGE('',*,*,#4909,.F.);
#7387=ORIENTED_EDGE('',*,*,#4900,.T.);
#7388=ORIENTED_EDGE('',*,*,#4910,.F.);
#7389=ORIENTED_EDGE('',*,*,#5090,.T.);
#7390=ORIENTED_EDGE('',*,*,#5089,.T.);
#7391=ORIENTED_EDGE('',*,*,#5087,.T.);
#7392=ORIENTED_EDGE('',*,*,#5090,.F.);
#7393=ORIENTED_EDGE('',*,*,#4406,.F.);
#7394=ORIENTED_EDGE('',*,*,#4965,.T.);
#7395=ORIENTED_EDGE('',*,*,#4515,.F.);
#7396=ORIENTED_EDGE('',*,*,#4991,.T.);
#7397=ORIENTED_EDGE('',*,*,#4994,.T.);
#7398=ORIENTED_EDGE('',*,*,#4993,.T.);
#7399=ORIENTED_EDGE('',*,*,#4512,.F.);
#7400=ORIENTED_EDGE('',*,*,#4454,.F.);
#7401=ORIENTED_EDGE('',*,*,#5091,.T.);
#7402=ORIENTED_EDGE('',*,*,#5092,.T.);
#7403=ORIENTED_EDGE('',*,*,#5093,.F.);
#7404=ORIENTED_EDGE('',*,*,#5094,.F.);
#7405=ORIENTED_EDGE('',*,*,#5095,.F.);
#7406=ORIENTED_EDGE('',*,*,#5096,.F.);
#7407=ORIENTED_EDGE('',*,*,#5096,.T.);
#7408=ORIENTED_EDGE('',*,*,#5097,.F.);
#7409=ORIENTED_EDGE('',*,*,#5098,.F.);
#7410=ORIENTED_EDGE('',*,*,#5095,.T.);
#7411=ORIENTED_EDGE('',*,*,#5099,.F.);
#7412=ORIENTED_EDGE('',*,*,#5100,.T.);
#7413=ORIENTED_EDGE('',*,*,#5097,.T.);
#7414=ORIENTED_EDGE('',*,*,#5094,.T.);
#7415=ORIENTED_EDGE('',*,*,#5101,.T.);
#7416=ORIENTED_EDGE('',*,*,#5102,.T.);
#7417=ORIENTED_EDGE('',*,*,#5099,.T.);
#7418=ORIENTED_EDGE('',*,*,#5093,.T.);
#7419=ORIENTED_EDGE('',*,*,#5103,.F.);
#7420=ORIENTED_EDGE('',*,*,#5101,.F.);
#7421=ORIENTED_EDGE('',*,*,#5103,.T.);
#7422=ORIENTED_EDGE('',*,*,#5092,.F.);
#7423=ORIENTED_EDGE('',*,*,#5104,.T.);
#7424=ORIENTED_EDGE('',*,*,#5102,.F.);
#7425=ORIENTED_EDGE('',*,*,#5098,.T.);
#7426=ORIENTED_EDGE('',*,*,#5100,.F.);
#7427=ORIENTED_EDGE('',*,*,#5104,.F.);
#7428=ORIENTED_EDGE('',*,*,#5091,.F.);
#7429=ORIENTED_EDGE('',*,*,#5105,.T.);
#7430=ORIENTED_EDGE('',*,*,#5106,.T.);
#7431=ORIENTED_EDGE('',*,*,#5107,.T.);
#7432=ORIENTED_EDGE('',*,*,#5108,.F.);
#7433=ORIENTED_EDGE('',*,*,#5109,.T.);
#7434=ORIENTED_EDGE('',*,*,#5110,.F.);
#7435=ORIENTED_EDGE('',*,*,#5107,.F.);
#7436=ORIENTED_EDGE('',*,*,#5111,.T.);
#7437=ORIENTED_EDGE('',*,*,#5112,.T.);
#7438=ORIENTED_EDGE('',*,*,#5113,.T.);
#7439=ORIENTED_EDGE('',*,*,#5111,.F.);
#7440=ORIENTED_EDGE('',*,*,#5114,.T.);
#7441=ORIENTED_EDGE('',*,*,#5115,.T.);
#7442=ORIENTED_EDGE('',*,*,#5114,.F.);
#7443=ORIENTED_EDGE('',*,*,#5106,.F.);
#7444=ORIENTED_EDGE('',*,*,#5116,.T.);
#7445=ORIENTED_EDGE('',*,*,#5117,.T.);
#7446=ORIENTED_EDGE('',*,*,#5116,.F.);
#7447=ORIENTED_EDGE('',*,*,#5105,.F.);
#7448=ORIENTED_EDGE('',*,*,#5118,.T.);
#7449=ORIENTED_EDGE('',*,*,#5109,.F.);
#7450=ORIENTED_EDGE('',*,*,#5113,.F.);
#7451=ORIENTED_EDGE('',*,*,#5110,.T.);
#7452=ORIENTED_EDGE('',*,*,#5118,.F.);
#7453=ORIENTED_EDGE('',*,*,#5112,.F.);
#7454=ORIENTED_EDGE('',*,*,#5115,.F.);
#7455=ORIENTED_EDGE('',*,*,#5117,.F.);
#7456=ORIENTED_EDGE('',*,*,#5108,.T.);
#7457=ORIENTED_EDGE('',*,*,#5119,.T.);
#7458=ORIENTED_EDGE('',*,*,#5120,.F.);
#7459=ORIENTED_EDGE('',*,*,#5121,.F.);
#7460=ORIENTED_EDGE('',*,*,#5122,.F.);
#7461=ORIENTED_EDGE('',*,*,#5122,.T.);
#7462=ORIENTED_EDGE('',*,*,#5123,.F.);
#7463=ORIENTED_EDGE('',*,*,#5124,.F.);
#7464=ORIENTED_EDGE('',*,*,#5120,.T.);
#7465=ORIENTED_EDGE('',*,*,#5125,.F.);
#7466=ORIENTED_EDGE('',*,*,#5126,.F.);
#7467=ORIENTED_EDGE('',*,*,#5121,.T.);
#7468=ORIENTED_EDGE('',*,*,#5126,.T.);
#7469=ORIENTED_EDGE('',*,*,#5127,.T.);
#7470=ORIENTED_EDGE('',*,*,#5123,.T.);
#7471=ORIENTED_EDGE('',*,*,#5125,.T.);
#7472=ORIENTED_EDGE('',*,*,#5119,.F.);
#7473=ORIENTED_EDGE('',*,*,#5124,.T.);
#7474=ORIENTED_EDGE('',*,*,#5127,.F.);
#7475=ORIENTED_EDGE('',*,*,#5128,.T.);
#7476=ORIENTED_EDGE('',*,*,#5129,.T.);
#7477=ORIENTED_EDGE('',*,*,#5130,.F.);
#7478=ORIENTED_EDGE('',*,*,#5131,.T.);
#7479=ORIENTED_EDGE('',*,*,#5132,.T.);
#7480=ORIENTED_EDGE('',*,*,#5133,.F.);
#7481=ORIENTED_EDGE('',*,*,#5134,.F.);
#7482=ORIENTED_EDGE('',*,*,#5130,.T.);
#7483=ORIENTED_EDGE('',*,*,#5135,.T.);
#7484=ORIENTED_EDGE('',*,*,#5136,.T.);
#7485=ORIENTED_EDGE('',*,*,#5134,.T.);
#7486=ORIENTED_EDGE('',*,*,#5137,.F.);
#7487=ORIENTED_EDGE('',*,*,#5138,.T.);
#7488=ORIENTED_EDGE('',*,*,#5131,.F.);
#7489=ORIENTED_EDGE('',*,*,#5136,.F.);
#7490=ORIENTED_EDGE('',*,*,#5139,.T.);
#7491=ORIENTED_EDGE('',*,*,#5140,.T.);
#7492=ORIENTED_EDGE('',*,*,#5139,.F.);
#7493=ORIENTED_EDGE('',*,*,#5135,.F.);
#7494=ORIENTED_EDGE('',*,*,#5141,.T.);
#7495=ORIENTED_EDGE('',*,*,#5132,.F.);
#7496=ORIENTED_EDGE('',*,*,#5129,.F.);
#7497=ORIENTED_EDGE('',*,*,#5133,.T.);
#7498=ORIENTED_EDGE('',*,*,#5141,.F.);
#7499=ORIENTED_EDGE('',*,*,#5128,.F.);
#7500=ORIENTED_EDGE('',*,*,#5138,.F.);
#7501=ORIENTED_EDGE('',*,*,#5140,.F.);
#7502=ORIENTED_EDGE('',*,*,#5137,.T.);
#7503=ORIENTED_EDGE('',*,*,#5142,.T.);
#7504=ORIENTED_EDGE('',*,*,#5143,.F.);
#7505=ORIENTED_EDGE('',*,*,#5144,.F.);
#7506=ORIENTED_EDGE('',*,*,#5145,.F.);
#7507=ORIENTED_EDGE('',*,*,#5145,.T.);
#7508=ORIENTED_EDGE('',*,*,#5146,.F.);
#7509=ORIENTED_EDGE('',*,*,#5147,.F.);
#7510=ORIENTED_EDGE('',*,*,#5144,.T.);
#7511=ORIENTED_EDGE('',*,*,#5148,.T.);
#7512=ORIENTED_EDGE('',*,*,#5149,.F.);
#7513=ORIENTED_EDGE('',*,*,#5146,.T.);
#7514=ORIENTED_EDGE('',*,*,#5143,.T.);
#7515=ORIENTED_EDGE('',*,*,#5150,.F.);
#7516=ORIENTED_EDGE('',*,*,#5148,.F.);
#7517=ORIENTED_EDGE('',*,*,#5150,.T.);
#7518=ORIENTED_EDGE('',*,*,#5142,.F.);
#7519=ORIENTED_EDGE('',*,*,#5147,.T.);
#7520=ORIENTED_EDGE('',*,*,#5149,.T.);
#7521=ORIENTED_EDGE('',*,*,#5151,.T.);
#7522=ORIENTED_EDGE('',*,*,#5152,.F.);
#7523=ORIENTED_EDGE('',*,*,#5153,.F.);
#7524=ORIENTED_EDGE('',*,*,#5154,.F.);
#7525=ORIENTED_EDGE('',*,*,#5155,.T.);
#7526=ORIENTED_EDGE('',*,*,#5156,.F.);
#7527=ORIENTED_EDGE('',*,*,#5152,.T.);
#7528=ORIENTED_EDGE('',*,*,#5157,.T.);
#7529=ORIENTED_EDGE('',*,*,#5158,.T.);
#7530=ORIENTED_EDGE('',*,*,#5157,.F.);
#7531=ORIENTED_EDGE('',*,*,#5151,.F.);
#7532=ORIENTED_EDGE('',*,*,#5159,.T.);
#7533=ORIENTED_EDGE('',*,*,#5160,.F.);
#7534=ORIENTED_EDGE('',*,*,#5153,.T.);
#7535=ORIENTED_EDGE('',*,*,#5161,.F.);
#7536=ORIENTED_EDGE('',*,*,#5162,.T.);
#7537=ORIENTED_EDGE('',*,*,#5163,.T.);
#7538=ORIENTED_EDGE('',*,*,#5161,.T.);
#7539=ORIENTED_EDGE('',*,*,#5156,.T.);
#7540=ORIENTED_EDGE('',*,*,#5164,.T.);
#7541=ORIENTED_EDGE('',*,*,#5159,.F.);
#7542=ORIENTED_EDGE('',*,*,#5163,.F.);
#7543=ORIENTED_EDGE('',*,*,#5160,.T.);
#7544=ORIENTED_EDGE('',*,*,#5164,.F.);
#7545=ORIENTED_EDGE('',*,*,#5162,.F.);
#7546=ORIENTED_EDGE('',*,*,#5155,.F.);
#7547=ORIENTED_EDGE('',*,*,#5158,.F.);
#7548=ORIENTED_EDGE('',*,*,#5154,.T.);
#7549=ORIENTED_EDGE('',*,*,#5165,.T.);
#7550=ORIENTED_EDGE('',*,*,#5166,.F.);
#7551=ORIENTED_EDGE('',*,*,#5167,.F.);
#7552=ORIENTED_EDGE('',*,*,#5168,.F.);
#7553=ORIENTED_EDGE('',*,*,#5167,.T.);
#7554=ORIENTED_EDGE('',*,*,#5169,.T.);
#7555=ORIENTED_EDGE('',*,*,#5170,.F.);
#7556=ORIENTED_EDGE('',*,*,#5171,.T.);
#7557=ORIENTED_EDGE('',*,*,#5166,.T.);
#7558=ORIENTED_EDGE('',*,*,#5172,.F.);
#7559=ORIENTED_EDGE('',*,*,#5169,.F.);
#7560=ORIENTED_EDGE('',*,*,#5168,.T.);
#7561=ORIENTED_EDGE('',*,*,#5171,.F.);
#7562=ORIENTED_EDGE('',*,*,#5173,.F.);
#7563=ORIENTED_EDGE('',*,*,#5173,.T.);
#7564=ORIENTED_EDGE('',*,*,#5170,.T.);
#7565=ORIENTED_EDGE('',*,*,#5172,.T.);
#7566=ORIENTED_EDGE('',*,*,#5165,.F.);
#7567=ORIENTED_EDGE('',*,*,#5174,.T.);
#7568=ORIENTED_EDGE('',*,*,#5175,.F.);
#7569=ORIENTED_EDGE('',*,*,#5176,.F.);
#7570=ORIENTED_EDGE('',*,*,#5177,.F.);
#7571=ORIENTED_EDGE('',*,*,#5178,.F.);
#7572=ORIENTED_EDGE('',*,*,#5179,.F.);
#7573=ORIENTED_EDGE('',*,*,#5178,.T.);
#7574=ORIENTED_EDGE('',*,*,#5180,.F.);
#7575=ORIENTED_EDGE('',*,*,#5181,.F.);
#7576=ORIENTED_EDGE('',*,*,#5182,.T.);
#7577=ORIENTED_EDGE('',*,*,#5179,.T.);
#7578=ORIENTED_EDGE('',*,*,#5182,.F.);
#7579=ORIENTED_EDGE('',*,*,#5183,.F.);
#7580=ORIENTED_EDGE('',*,*,#5177,.T.);
#7581=ORIENTED_EDGE('',*,*,#5184,.T.);
#7582=ORIENTED_EDGE('',*,*,#5185,.F.);
#7583=ORIENTED_EDGE('',*,*,#5180,.T.);
#7584=ORIENTED_EDGE('',*,*,#5176,.T.);
#7585=ORIENTED_EDGE('',*,*,#5186,.F.);
#7586=ORIENTED_EDGE('',*,*,#5184,.F.);
#7587=ORIENTED_EDGE('',*,*,#5186,.T.);
#7588=ORIENTED_EDGE('',*,*,#5175,.T.);
#7589=ORIENTED_EDGE('',*,*,#5187,.F.);
#7590=ORIENTED_EDGE('',*,*,#5185,.T.);
#7591=ORIENTED_EDGE('',*,*,#5183,.T.);
#7592=ORIENTED_EDGE('',*,*,#5181,.T.);
#7593=ORIENTED_EDGE('',*,*,#5187,.T.);
#7594=ORIENTED_EDGE('',*,*,#5174,.F.);
#7595=ORIENTED_EDGE('',*,*,#5188,.T.);
#7596=ORIENTED_EDGE('',*,*,#5189,.F.);
#7597=ORIENTED_EDGE('',*,*,#5190,.T.);
#7598=ORIENTED_EDGE('',*,*,#5191,.F.);
#7599=ORIENTED_EDGE('',*,*,#5192,.T.);
#7600=ORIENTED_EDGE('',*,*,#5193,.F.);
#7601=ORIENTED_EDGE('',*,*,#5189,.T.);
#7602=ORIENTED_EDGE('',*,*,#5194,.T.);
#7603=ORIENTED_EDGE('',*,*,#5195,.T.);
#7604=ORIENTED_EDGE('',*,*,#5196,.T.);
#7605=ORIENTED_EDGE('',*,*,#5197,.F.);
#7606=ORIENTED_EDGE('',*,*,#5193,.T.);
#7607=ORIENTED_EDGE('',*,*,#5198,.T.);
#7608=ORIENTED_EDGE('',*,*,#5199,.F.);
#7609=ORIENTED_EDGE('',*,*,#5190,.F.);
#7610=ORIENTED_EDGE('',*,*,#5197,.T.);
#7611=ORIENTED_EDGE('',*,*,#5200,.T.);
#7612=ORIENTED_EDGE('',*,*,#5194,.F.);
#7613=ORIENTED_EDGE('',*,*,#5188,.F.);
#7614=ORIENTED_EDGE('',*,*,#5201,.T.);
#7615=ORIENTED_EDGE('',*,*,#5198,.F.);
#7616=ORIENTED_EDGE('',*,*,#5196,.F.);
#7617=ORIENTED_EDGE('',*,*,#5199,.T.);
#7618=ORIENTED_EDGE('',*,*,#5201,.F.);
#7619=ORIENTED_EDGE('',*,*,#5195,.F.);
#7620=ORIENTED_EDGE('',*,*,#5192,.F.);
#7621=ORIENTED_EDGE('',*,*,#5200,.F.);
#7622=ORIENTED_EDGE('',*,*,#5191,.T.);
#7623=ORIENTED_EDGE('',*,*,#5202,.T.);
#7624=ORIENTED_EDGE('',*,*,#5203,.F.);
#7625=ORIENTED_EDGE('',*,*,#5204,.F.);
#7626=ORIENTED_EDGE('',*,*,#5204,.T.);
#7627=ORIENTED_EDGE('',*,*,#5205,.F.);
#7628=ORIENTED_EDGE('',*,*,#5206,.T.);
#7629=ORIENTED_EDGE('',*,*,#5207,.F.);
#7630=ORIENTED_EDGE('',*,*,#5208,.T.);
#7631=ORIENTED_EDGE('',*,*,#5209,.T.);
#7632=ORIENTED_EDGE('',*,*,#5205,.T.);
#7633=ORIENTED_EDGE('',*,*,#5203,.T.);
#7634=ORIENTED_EDGE('',*,*,#5210,.T.);
#7635=ORIENTED_EDGE('',*,*,#5206,.F.);
#7636=ORIENTED_EDGE('',*,*,#5209,.F.);
#7637=ORIENTED_EDGE('',*,*,#5207,.T.);
#7638=ORIENTED_EDGE('',*,*,#5210,.F.);
#7639=ORIENTED_EDGE('',*,*,#5208,.F.);
#7640=ORIENTED_EDGE('',*,*,#5202,.F.);
#7641=ORIENTED_EDGE('',*,*,#5211,.T.);
#7642=ORIENTED_EDGE('',*,*,#5212,.F.);
#7643=ORIENTED_EDGE('',*,*,#5213,.F.);
#7644=ORIENTED_EDGE('',*,*,#5214,.F.);
#7645=ORIENTED_EDGE('',*,*,#5214,.T.);
#7646=ORIENTED_EDGE('',*,*,#5215,.F.);
#7647=ORIENTED_EDGE('',*,*,#5216,.F.);
#7648=ORIENTED_EDGE('',*,*,#5213,.T.);
#7649=ORIENTED_EDGE('',*,*,#5217,.T.);
#7650=ORIENTED_EDGE('',*,*,#5218,.T.);
#7651=ORIENTED_EDGE('',*,*,#5215,.T.);
#7652=ORIENTED_EDGE('',*,*,#5212,.T.);
#7653=ORIENTED_EDGE('',*,*,#5219,.F.);
#7654=ORIENTED_EDGE('',*,*,#5217,.F.);
#7655=ORIENTED_EDGE('',*,*,#5216,.T.);
#7656=ORIENTED_EDGE('',*,*,#5218,.F.);
#7657=ORIENTED_EDGE('',*,*,#5219,.T.);
#7658=ORIENTED_EDGE('',*,*,#5211,.F.);
#7659=ORIENTED_EDGE('',*,*,#5220,.T.);
#7660=ORIENTED_EDGE('',*,*,#5221,.F.);
#7661=ORIENTED_EDGE('',*,*,#5222,.F.);
#7662=ORIENTED_EDGE('',*,*,#5223,.F.);
#7663=ORIENTED_EDGE('',*,*,#5224,.T.);
#7664=ORIENTED_EDGE('',*,*,#5225,.F.);
#7665=ORIENTED_EDGE('',*,*,#5221,.T.);
#7666=ORIENTED_EDGE('',*,*,#5226,.T.);
#7667=ORIENTED_EDGE('',*,*,#5227,.T.);
#7668=ORIENTED_EDGE('',*,*,#5226,.F.);
#7669=ORIENTED_EDGE('',*,*,#5220,.F.);
#7670=ORIENTED_EDGE('',*,*,#5228,.T.);
#7671=ORIENTED_EDGE('',*,*,#5229,.F.);
#7672=ORIENTED_EDGE('',*,*,#5222,.T.);
#7673=ORIENTED_EDGE('',*,*,#5230,.F.);
#7674=ORIENTED_EDGE('',*,*,#5231,.T.);
#7675=ORIENTED_EDGE('',*,*,#5232,.T.);
#7676=ORIENTED_EDGE('',*,*,#5230,.T.);
#7677=ORIENTED_EDGE('',*,*,#5225,.T.);
#7678=ORIENTED_EDGE('',*,*,#5233,.T.);
#7679=ORIENTED_EDGE('',*,*,#5228,.F.);
#7680=ORIENTED_EDGE('',*,*,#5232,.F.);
#7681=ORIENTED_EDGE('',*,*,#5229,.T.);
#7682=ORIENTED_EDGE('',*,*,#5233,.F.);
#7683=ORIENTED_EDGE('',*,*,#5231,.F.);
#7684=ORIENTED_EDGE('',*,*,#5224,.F.);
#7685=ORIENTED_EDGE('',*,*,#5227,.F.);
#7686=ORIENTED_EDGE('',*,*,#5223,.T.);
#7687=ORIENTED_EDGE('',*,*,#5234,.T.);
#7688=ORIENTED_EDGE('',*,*,#5235,.F.);
#7689=ORIENTED_EDGE('',*,*,#5236,.F.);
#7690=ORIENTED_EDGE('',*,*,#5237,.F.);
#7691=ORIENTED_EDGE('',*,*,#5237,.T.);
#7692=ORIENTED_EDGE('',*,*,#5238,.F.);
#7693=ORIENTED_EDGE('',*,*,#5239,.F.);
#7694=ORIENTED_EDGE('',*,*,#5236,.T.);
#7695=ORIENTED_EDGE('',*,*,#5240,.T.);
#7696=ORIENTED_EDGE('',*,*,#5241,.F.);
#7697=ORIENTED_EDGE('',*,*,#5238,.T.);
#7698=ORIENTED_EDGE('',*,*,#5235,.T.);
#7699=ORIENTED_EDGE('',*,*,#5242,.F.);
#7700=ORIENTED_EDGE('',*,*,#5240,.F.);
#7701=ORIENTED_EDGE('',*,*,#5239,.T.);
#7702=ORIENTED_EDGE('',*,*,#5241,.T.);
#7703=ORIENTED_EDGE('',*,*,#5242,.T.);
#7704=ORIENTED_EDGE('',*,*,#5234,.F.);
#7705=CYLINDRICAL_SURFACE('',#8455,2.);
#7706=CYLINDRICAL_SURFACE('',#8459,2.);
#7707=CYLINDRICAL_SURFACE('',#8462,2.);
#7708=CYLINDRICAL_SURFACE('',#8464,2.);
#7709=CYLINDRICAL_SURFACE('',#8467,2.);
#7710=CYLINDRICAL_SURFACE('',#8470,2.);
#7711=CYLINDRICAL_SURFACE('',#8473,2.);
#7712=CYLINDRICAL_SURFACE('',#8476,2.);
#7713=CYLINDRICAL_SURFACE('',#8487,2.);
#7714=CYLINDRICAL_SURFACE('',#8489,2.);
#7715=CYLINDRICAL_SURFACE('',#8492,2.);
#7716=CYLINDRICAL_SURFACE('',#8495,2.);
#7717=CYLINDRICAL_SURFACE('',#8497,2.);
#7718=CYLINDRICAL_SURFACE('',#8500,3.75);
#7719=CYLINDRICAL_SURFACE('',#8581,2.1);
#7720=CYLINDRICAL_SURFACE('',#8588,2.1);
#7721=CYLINDRICAL_SURFACE('',#8594,5.);
#7722=CYLINDRICAL_SURFACE('',#8597,5.);
#7723=CYLINDRICAL_SURFACE('',#8600,3.);
#7724=CYLINDRICAL_SURFACE('',#8604,3.);
#7725=CYLINDRICAL_SURFACE('',#8608,3.);
#7726=CYLINDRICAL_SURFACE('',#8612,3.);
#7727=CYLINDRICAL_SURFACE('',#8616,3.);
#7728=CYLINDRICAL_SURFACE('',#8620,3.);
#7729=CYLINDRICAL_SURFACE('',#8622,0.999999999999996);
#7730=CYLINDRICAL_SURFACE('',#8627,0.999999999999996);
#7731=CYLINDRICAL_SURFACE('',#8632,0.999999999999996);
#7732=CYLINDRICAL_SURFACE('',#8637,0.999999999999996);
#7733=CYLINDRICAL_SURFACE('',#8643,0.999999999999996);
#7734=CYLINDRICAL_SURFACE('',#8648,0.999999999999996);
#7735=CYLINDRICAL_SURFACE('',#8658,2.1);
#7736=CYLINDRICAL_SURFACE('',#8665,2.1);
#7737=CYLINDRICAL_SURFACE('',#8672,2.10000000000001);
#7738=CYLINDRICAL_SURFACE('',#8679,2.10000000000001);
#7739=CYLINDRICAL_SURFACE('',#8686,2.10000000000001);
#7740=CYLINDRICAL_SURFACE('',#8693,2.10000000000001);
#7741=CYLINDRICAL_SURFACE('',#8700,2.1);
#7742=CYLINDRICAL_SURFACE('',#8707,2.1);
#7743=CYLINDRICAL_SURFACE('',#8714,2.1);
#7744=CYLINDRICAL_SURFACE('',#8721,2.1);
#7745=CYLINDRICAL_SURFACE('',#8728,2.1);
#7746=CYLINDRICAL_SURFACE('',#8735,2.1);
#7747=CYLINDRICAL_SURFACE('',#8742,2.10000000000001);
#7748=CYLINDRICAL_SURFACE('',#8749,2.10000000000001);
#7749=CYLINDRICAL_SURFACE('',#8756,2.10000000000001);
#7750=CYLINDRICAL_SURFACE('',#8763,2.10000000000001);
#7751=CYLINDRICAL_SURFACE('',#8777,17.7616492814812);
#7752=CYLINDRICAL_SURFACE('',#8782,17.7616492814811);
#7753=CYLINDRICAL_SURFACE('',#8787,12.7616492814812);
#7754=CYLINDRICAL_SURFACE('',#8789,5.);
#7755=CYLINDRICAL_SURFACE('',#8792,12.7616492814811);
#7756=CYLINDRICAL_SURFACE('',#8795,12.7616492814812);
#7757=CYLINDRICAL_SURFACE('',#8800,12.7616492814811);
#7758=CYLINDRICAL_SURFACE('',#8819,5.);
#7759=CYLINDRICAL_SURFACE('',#8822,5.);
#7760=CYLINDRICAL_SURFACE('',#8824,5.);
#7761=CYLINDRICAL_SURFACE('',#8900,5.);
#7762=CYLINDRICAL_SURFACE('',#8901,5.);
#7763=CYLINDRICAL_SURFACE('',#8903,5.);
#7764=CYLINDRICAL_SURFACE('',#8909,8.225);
#7765=CYLINDRICAL_SURFACE('',#8912,9.99999999999998);
#7766=CYLINDRICAL_SURFACE('',#8915,9.99999999999998);
#7767=CYLINDRICAL_SURFACE('',#8922,12.7616492814812);
#7768=CYLINDRICAL_SURFACE('',#8924,5.);
#7769=CYLINDRICAL_SURFACE('',#8928,14.7616492814811);
#7770=CYLINDRICAL_SURFACE('',#8930,14.7616492814811);
#7771=CYLINDRICAL_SURFACE('',#8935,14.7616492814812);
#7772=CYLINDRICAL_SURFACE('',#8937,14.7616492814812);
#7773=CYLINDRICAL_SURFACE('',#8939,2.99999999999999);
#7774=CYLINDRICAL_SURFACE('',#8941,3.);
#7775=CYLINDRICAL_SURFACE('',#8943,3.);
#7776=CYLINDRICAL_SURFACE('',#8946,14.7616492814811);
#7777=CYLINDRICAL_SURFACE('',#8948,14.7616492814812);
#7778=CYLINDRICAL_SURFACE('',#8951,14.7616492814812);
#7779=CYLINDRICAL_SURFACE('',#8953,14.7616492814812);
#7780=CYLINDRICAL_SURFACE('',#8959,1.);
#7781=CYLINDRICAL_SURFACE('',#8961,2.99999999999999);
#7782=CYLINDRICAL_SURFACE('',#8963,1.);
#7783=CYLINDRICAL_SURFACE('',#8965,3.);
#7784=CYLINDRICAL_SURFACE('',#8967,1.);
#7785=CYLINDRICAL_SURFACE('',#8969,3.00000000000006);
#7786=CYLINDRICAL_SURFACE('',#8971,1.);
#7787=CYLINDRICAL_SURFACE('',#8973,1.);
#7788=CYLINDRICAL_SURFACE('',#8975,2.99999999999999);
#7789=CYLINDRICAL_SURFACE('',#8977,1.);
#7790=CYLINDRICAL_SURFACE('',#8979,3.);
#7791=CYLINDRICAL_SURFACE('',#8981,1.);
#7792=CYLINDRICAL_SURFACE('',#8984,1.);
#7793=CYLINDRICAL_SURFACE('',#8987,1.);
#7794=CYLINDRICAL_SURFACE('',#8989,1.);
#7795=CYLINDRICAL_SURFACE('',#8992,1.);
#7796=CYLINDRICAL_SURFACE('',#8994,1.);
#7797=CYLINDRICAL_SURFACE('',#8997,1.);
#7798=CYLINDRICAL_SURFACE('',#8999,1.);
#7799=CYLINDRICAL_SURFACE('',#9002,1.);
#7800=CYLINDRICAL_SURFACE('',#9005,1.);
#7801=CYLINDRICAL_SURFACE('',#9007,1.);
#7802=CYLINDRICAL_SURFACE('',#9009,3.00000000000002);
#7803=CYLINDRICAL_SURFACE('',#9011,1.);
#7804=CYLINDRICAL_SURFACE('',#9013,1.);
#7805=CYLINDRICAL_SURFACE('',#9015,2.99999999999999);
#7806=CYLINDRICAL_SURFACE('',#9017,1.);
#7807=CYLINDRICAL_SURFACE('',#9019,1.);
#7808=CYLINDRICAL_SURFACE('',#9021,2.99999999999999);
#7809=CYLINDRICAL_SURFACE('',#9023,1.);
#7810=CYLINDRICAL_SURFACE('',#9025,1.);
#7811=CYLINDRICAL_SURFACE('',#9027,2.99999999999998);
#7812=CYLINDRICAL_SURFACE('',#9029,1.);
#7813=CYLINDRICAL_SURFACE('',#9031,1.);
#7814=CYLINDRICAL_SURFACE('',#9033,3.00000000000001);
#7815=CYLINDRICAL_SURFACE('',#9035,1.);
#7816=CYLINDRICAL_SURFACE('',#9037,1.);
#7817=CYLINDRICAL_SURFACE('',#9039,2.99999999999999);
#7818=CYLINDRICAL_SURFACE('',#9041,1.);
#7819=CYLINDRICAL_SURFACE('',#9043,1.);
#7820=CYLINDRICAL_SURFACE('',#9045,3.);
#7821=CYLINDRICAL_SURFACE('',#9047,1.);
#7822=CYLINDRICAL_SURFACE('',#9049,1.);
#7823=CYLINDRICAL_SURFACE('',#9051,3.);
#7824=CYLINDRICAL_SURFACE('',#9103,1.);
#7825=CYLINDRICAL_SURFACE('',#9104,1.);
#7826=CYLINDRICAL_SURFACE('',#9105,5.);
#7827=CYLINDRICAL_SURFACE('',#9106,1.);
#7828=CYLINDRICAL_SURFACE('',#9107,5.);
#7829=CYLINDRICAL_SURFACE('',#9109,1.);
#7830=CYLINDRICAL_SURFACE('',#9111,1.);
#7831=CYLINDRICAL_SURFACE('',#9112,5.);
#7832=CYLINDRICAL_SURFACE('',#9113,1.);
#7833=CYLINDRICAL_SURFACE('',#9114,1.);
#7834=CYLINDRICAL_SURFACE('',#9115,5.);
#7835=CYLINDRICAL_SURFACE('',#9116,1.);
#7836=CYLINDRICAL_SURFACE('',#9118,1.);
#7837=CYLINDRICAL_SURFACE('',#9119,5.);
#7838=CYLINDRICAL_SURFACE('',#9120,1.);
#7839=CYLINDRICAL_SURFACE('',#9122,1.);
#7840=CYLINDRICAL_SURFACE('',#9123,5.);
#7841=CYLINDRICAL_SURFACE('',#9124,1.);
#7842=CYLINDRICAL_SURFACE('',#9125,12.7616492814811);
#7843=CYLINDRICAL_SURFACE('',#9126,1.);
#7844=CYLINDRICAL_SURFACE('',#9127,5.);
#7845=CYLINDRICAL_SURFACE('',#9128,1.);
#7846=CYLINDRICAL_SURFACE('',#9129,1.);
#7847=CYLINDRICAL_SURFACE('',#9130,5.);
#7848=CYLINDRICAL_SURFACE('',#9131,1.);
#7849=CYLINDRICAL_SURFACE('',#9133,1.);
#7850=CYLINDRICAL_SURFACE('',#9134,5.);
#7851=CYLINDRICAL_SURFACE('',#9135,1.);
#7852=CYLINDRICAL_SURFACE('',#9136,12.7616492814812);
#7853=CYLINDRICAL_SURFACE('',#9137,1.);
#7854=CYLINDRICAL_SURFACE('',#9139,1.);
#7855=CYLINDRICAL_SURFACE('',#9140,5.);
#7856=CYLINDRICAL_SURFACE('',#9141,1.);
#7857=CYLINDRICAL_SURFACE('',#9143,1.);
#7858=CYLINDRICAL_SURFACE('',#9144,5.);
#7859=CYLINDRICAL_SURFACE('',#9145,1.);
#7860=CYLINDRICAL_SURFACE('',#9147,1.);
#7861=CYLINDRICAL_SURFACE('',#9148,5.);
#7862=CYLINDRICAL_SURFACE('',#9149,1.);
#7863=CYLINDRICAL_SURFACE('',#9151,1.);
#7864=CYLINDRICAL_SURFACE('',#9152,5.);
#7865=CYLINDRICAL_SURFACE('',#9153,1.);
#7866=CYLINDRICAL_SURFACE('',#9154,12.7616492814811);
#7867=CYLINDRICAL_SURFACE('',#9155,1.);
#7868=CYLINDRICAL_SURFACE('',#9156,5.);
#7869=CYLINDRICAL_SURFACE('',#9157,1.);
#7870=CYLINDRICAL_SURFACE('',#9159,1.);
#7871=CYLINDRICAL_SURFACE('',#9163,1.);
#7872=CYLINDRICAL_SURFACE('',#9164,10.);
#7873=CYLINDRICAL_SURFACE('',#9167,1.);
#7874=CYLINDRICAL_SURFACE('',#9168,5.);
#7875=CYLINDRICAL_SURFACE('',#9170,5.);
#7876=CYLINDRICAL_SURFACE('',#9172,5.);
#7877=CYLINDRICAL_SURFACE('',#9174,5.);
#7878=CYLINDRICAL_SURFACE('',#9175,1.);
#7879=CYLINDRICAL_SURFACE('',#9176,5.);
#7880=CYLINDRICAL_SURFACE('',#9178,5.);
#7881=CYLINDRICAL_SURFACE('',#9181,5.);
#7882=CYLINDRICAL_SURFACE('',#9183,5.);
#7883=CYLINDRICAL_SURFACE('',#9185,5.);
#7884=CYLINDRICAL_SURFACE('',#9187,5.);
#7885=CYLINDRICAL_SURFACE('',#9189,5.);
#7886=CYLINDRICAL_SURFACE('',#9191,5.);
#7887=CYLINDRICAL_SURFACE('',#9192,17.7616492814813);
#7888=CYLINDRICAL_SURFACE('',#9194,5.);
#7889=CYLINDRICAL_SURFACE('',#9195,5.);
#7890=CYLINDRICAL_SURFACE('',#9197,5.);
#7891=CYLINDRICAL_SURFACE('',#9199,5.);
#7892=CYLINDRICAL_SURFACE('',#9201,5.);
#7893=CYLINDRICAL_SURFACE('',#9203,5.);
#7894=CYLINDRICAL_SURFACE('',#9205,5.);
#7895=CYLINDRICAL_SURFACE('',#9207,5.);
#7896=CYLINDRICAL_SURFACE('',#9209,5.);
#7897=CYLINDRICAL_SURFACE('',#9211,5.);
#7898=CYLINDRICAL_SURFACE('',#9213,5.);
#7899=CYLINDRICAL_SURFACE('',#9214,5.);
#7900=CYLINDRICAL_SURFACE('',#9287,8.22499999999999);
#7901=CYLINDRICAL_SURFACE('',#9291,11.65);
#7902=CYLINDRICAL_SURFACE('',#9296,17.7616492814812);
#7903=CYLINDRICAL_SURFACE('',#9302,5.);
#7904=CYLINDRICAL_SURFACE('',#9303,15.7616492814813);
#7905=CYLINDRICAL_SURFACE('',#9306,5.);
#7906=CYLINDRICAL_SURFACE('',#9307,4.);
#7907=CYLINDRICAL_SURFACE('',#9310,4.);
#7908=CYLINDRICAL_SURFACE('',#9315,15.7616492814812);
#7909=CYLINDRICAL_SURFACE('',#9318,5.);
#7910=CYLINDRICAL_SURFACE('',#9320,5.);
#7911=CYLINDRICAL_SURFACE('',#9326,5.);
#7912=CYLINDRICAL_SURFACE('',#9327,5.);
#7913=CYLINDRICAL_SURFACE('',#9329,4.);
#7914=CYLINDRICAL_SURFACE('',#9330,15.7616492814811);
#7915=CYLINDRICAL_SURFACE('',#9336,4.);
#7916=CYLINDRICAL_SURFACE('',#9338,5.);
#7917=CYLINDRICAL_SURFACE('',#9340,5.);
#7918=CYLINDRICAL_SURFACE('',#9346,5.);
#7919=CYLINDRICAL_SURFACE('',#9348,5.);
#7920=CYLINDRICAL_SURFACE('',#9349,4.);
#7921=CYLINDRICAL_SURFACE('',#9350,4.);
#7922=CYLINDRICAL_SURFACE('',#9353,5.);
#7923=CYLINDRICAL_SURFACE('',#9358,15.7616492814812);
#7924=CYLINDRICAL_SURFACE('',#9360,5.);
#7925=CYLINDRICAL_SURFACE('',#9367,5.);
#7926=CYLINDRICAL_SURFACE('',#9368,5.);
#7927=CYLINDRICAL_SURFACE('',#9369,4.);
#7928=CYLINDRICAL_SURFACE('',#9375,15.7616492814811);
#7929=CYLINDRICAL_SURFACE('',#9377,5.);
#7930=CYLINDRICAL_SURFACE('',#9379,5.);
#7931=CYLINDRICAL_SURFACE('',#9380,4.);
#7932=CYLINDRICAL_SURFACE('',#9387,15.7616492814812);
#7933=CYLINDRICAL_SURFACE('',#9390,4.);
#7934=CYLINDRICAL_SURFACE('',#9391,5.);
#7935=CYLINDRICAL_SURFACE('',#9393,5.);
#7936=CYLINDRICAL_SURFACE('',#9396,5.);
#7937=CYLINDRICAL_SURFACE('',#9398,4.);
#7938=CYLINDRICAL_SURFACE('',#9400,5.);
#7939=CYLINDRICAL_SURFACE('',#9406,5.);
#7940=CYLINDRICAL_SURFACE('',#9408,5.);
#7941=CYLINDRICAL_SURFACE('',#9409,4.);
#7942=CYLINDRICAL_SURFACE('',#9410,4.);
#7943=CYLINDRICAL_SURFACE('',#9413,5.);
#7944=CYLINDRICAL_SURFACE('',#9418,15.7616492814813);
#7945=CYLINDRICAL_SURFACE('',#9420,5.);
#7946=CYLINDRICAL_SURFACE('',#9426,5.);
#7947=CYLINDRICAL_SURFACE('',#9428,5.);
#7948=CYLINDRICAL_SURFACE('',#9429,4.);
#7949=ADVANCED_FACE('',(#846),#7705,.T.);
#7950=ADVANCED_FACE('',(#847),#7706,.T.);
#7951=ADVANCED_FACE('',(#848),#7707,.T.);
#7952=ADVANCED_FACE('',(#849),#7708,.T.);
#7953=ADVANCED_FACE('',(#850),#7709,.T.);
#7954=ADVANCED_FACE('',(#851),#7710,.T.);
#7955=ADVANCED_FACE('',(#852),#7711,.T.);
#7956=ADVANCED_FACE('',(#853),#7712,.T.);
#7957=ADVANCED_FACE('',(#854),#649,.T.);
#7958=ADVANCED_FACE('',(#855),#650,.T.);
#7959=ADVANCED_FACE('',(#856),#651,.T.);
#7960=ADVANCED_FACE('',(#857),#652,.F.);
#7961=ADVANCED_FACE('',(#858,#168),#653,.T.);
#7962=ADVANCED_FACE('',(#859),#7713,.F.);
#7963=ADVANCED_FACE('',(#860),#7714,.F.);
#7964=ADVANCED_FACE('',(#861),#7715,.F.);
#7965=ADVANCED_FACE('',(#862),#7716,.F.);
#7966=ADVANCED_FACE('',(#863),#7717,.F.);
#7967=ADVANCED_FACE('',(#864),#654,.F.);
#7968=ADVANCED_FACE('',(#865),#655,.F.);
#7969=ADVANCED_FACE('',(#866),#7718,.F.);
#7970=ADVANCED_FACE('',(#867),#656,.T.);
#7971=ADVANCED_FACE('',(#868,#169),#657,.F.);
#7972=ADVANCED_FACE('',(#869),#658,.T.);
#7973=ADVANCED_FACE('',(#870),#659,.T.);
#7974=ADVANCED_FACE('',(#871,#170,#171,#172,#173,#174,#175,#176,#177,#178),
#660,.T.);
#7975=ADVANCED_FACE('',(#872),#661,.T.);
#7976=ADVANCED_FACE('',(#873),#662,.T.);
#7977=ADVANCED_FACE('',(#874,#179),#663,.T.);
#7978=ADVANCED_FACE('',(#875),#664,.F.);
#7979=ADVANCED_FACE('',(#876),#665,.F.);
#7980=ADVANCED_FACE('',(#877),#666,.F.);
#7981=ADVANCED_FACE('',(#878),#134,.F.);
#7982=ADVANCED_FACE('',(#879),#7719,.F.);
#7983=ADVANCED_FACE('',(#880,#180),#667,.T.);
#7984=ADVANCED_FACE('',(#881),#135,.F.);
#7985=ADVANCED_FACE('',(#882),#7720,.F.);
#7986=ADVANCED_FACE('',(#883,#181),#668,.T.);
#7987=ADVANCED_FACE('',(#884),#136,.T.);
#7988=ADVANCED_FACE('',(#885),#7721,.T.);
#7989=ADVANCED_FACE('',(#886),#137,.T.);
#7990=ADVANCED_FACE('',(#887),#7722,.T.);
#7991=ADVANCED_FACE('',(#888),#138,.T.);
#7992=ADVANCED_FACE('',(#889),#7723,.T.);
#7993=ADVANCED_FACE('',(#890),#139,.T.);
#7994=ADVANCED_FACE('',(#891),#7724,.T.);
#7995=ADVANCED_FACE('',(#892),#140,.T.);
#7996=ADVANCED_FACE('',(#893),#7725,.T.);
#7997=ADVANCED_FACE('',(#894),#141,.T.);
#7998=ADVANCED_FACE('',(#895),#7726,.T.);
#7999=ADVANCED_FACE('',(#896),#142,.T.);
#8000=ADVANCED_FACE('',(#897),#7727,.T.);
#8001=ADVANCED_FACE('',(#898),#143,.T.);
#8002=ADVANCED_FACE('',(#899),#7728,.T.);
#8003=ADVANCED_FACE('',(#900),#7729,.F.);
#8004=ADVANCED_FACE('',(#901,#182),#669,.T.);
#8005=ADVANCED_FACE('',(#902),#670,.T.);
#8006=ADVANCED_FACE('',(#903),#7730,.F.);
#8007=ADVANCED_FACE('',(#904,#183),#671,.T.);
#8008=ADVANCED_FACE('',(#905),#672,.T.);
#8009=ADVANCED_FACE('',(#906),#7731,.F.);
#8010=ADVANCED_FACE('',(#907,#184),#673,.T.);
#8011=ADVANCED_FACE('',(#908),#674,.T.);
#8012=ADVANCED_FACE('',(#909),#7732,.F.);
#8013=ADVANCED_FACE('',(#910,#185),#675,.T.);
#8014=ADVANCED_FACE('',(#911),#676,.T.);
#8015=ADVANCED_FACE('',(#912),#677,.T.);
#8016=ADVANCED_FACE('',(#913),#7733,.F.);
#8017=ADVANCED_FACE('',(#914,#186),#678,.T.);
#8018=ADVANCED_FACE('',(#915),#679,.T.);
#8019=ADVANCED_FACE('',(#916),#7734,.F.);
#8020=ADVANCED_FACE('',(#917,#187),#680,.T.);
#8021=ADVANCED_FACE('',(#918),#681,.T.);
#8022=ADVANCED_FACE('',(#919),#144,.F.);
#8023=ADVANCED_FACE('',(#920),#7735,.F.);
#8024=ADVANCED_FACE('',(#921),#145,.F.);
#8025=ADVANCED_FACE('',(#922),#7736,.F.);
#8026=ADVANCED_FACE('',(#923),#146,.F.);
#8027=ADVANCED_FACE('',(#924),#7737,.F.);
#8028=ADVANCED_FACE('',(#925),#147,.F.);
#8029=ADVANCED_FACE('',(#926),#7738,.F.);
#8030=ADVANCED_FACE('',(#927),#148,.F.);
#8031=ADVANCED_FACE('',(#928),#7739,.F.);
#8032=ADVANCED_FACE('',(#929),#149,.F.);
#8033=ADVANCED_FACE('',(#930),#7740,.F.);
#8034=ADVANCED_FACE('',(#931),#150,.F.);
#8035=ADVANCED_FACE('',(#932),#7741,.F.);
#8036=ADVANCED_FACE('',(#933),#151,.F.);
#8037=ADVANCED_FACE('',(#934),#7742,.F.);
#8038=ADVANCED_FACE('',(#935),#152,.F.);
#8039=ADVANCED_FACE('',(#936),#7743,.F.);
#8040=ADVANCED_FACE('',(#937),#153,.F.);
#8041=ADVANCED_FACE('',(#938),#7744,.F.);
#8042=ADVANCED_FACE('',(#939),#154,.F.);
#8043=ADVANCED_FACE('',(#940),#7745,.F.);
#8044=ADVANCED_FACE('',(#941),#155,.F.);
#8045=ADVANCED_FACE('',(#942),#7746,.F.);
#8046=ADVANCED_FACE('',(#943),#156,.F.);
#8047=ADVANCED_FACE('',(#944),#7747,.F.);
#8048=ADVANCED_FACE('',(#945),#157,.F.);
#8049=ADVANCED_FACE('',(#946),#7748,.F.);
#8050=ADVANCED_FACE('',(#947),#158,.F.);
#8051=ADVANCED_FACE('',(#948),#7749,.F.);
#8052=ADVANCED_FACE('',(#949),#159,.F.);
#8053=ADVANCED_FACE('',(#950),#7750,.F.);
#8054=ADVANCED_FACE('',(#951),#682,.T.);
#8055=ADVANCED_FACE('',(#952),#160,.T.);
#8056=ADVANCED_FACE('',(#953),#683,.T.);
#8057=ADVANCED_FACE('',(#954),#161,.T.);
#8058=ADVANCED_FACE('',(#955),#684,.T.);
#8059=ADVANCED_FACE('',(#956),#162,.T.);
#8060=ADVANCED_FACE('',(#957),#685,.T.);
#8061=ADVANCED_FACE('',(#958),#163,.T.);
#8062=ADVANCED_FACE('',(#959),#7751,.T.);
#8063=ADVANCED_FACE('',(#960,#188,#189,#190,#191),#686,.F.);
#8064=ADVANCED_FACE('',(#961),#7752,.T.);
#8065=ADVANCED_FACE('',(#962),#687,.F.);
#8066=ADVANCED_FACE('',(#963),#7753,.F.);
#8067=ADVANCED_FACE('',(#964),#7754,.T.);
#8068=ADVANCED_FACE('',(#965),#688,.T.);
#8069=ADVANCED_FACE('',(#966),#7755,.F.);
#8070=ADVANCED_FACE('',(#967),#689,.T.);
#8071=ADVANCED_FACE('',(#968),#7756,.F.);
#8072=ADVANCED_FACE('',(#969),#690,.T.);
#8073=ADVANCED_FACE('',(#970),#691,.T.);
#8074=ADVANCED_FACE('',(#971),#692,.T.);
#8075=ADVANCED_FACE('',(#972),#7757,.F.);
#8076=ADVANCED_FACE('',(#973),#693,.T.);
#8077=ADVANCED_FACE('',(#974),#694,.T.);
#8078=ADVANCED_FACE('',(#975),#695,.T.);
#8079=ADVANCED_FACE('',(#976),#696,.T.);
#8080=ADVANCED_FACE('',(#977),#697,.T.);
#8081=ADVANCED_FACE('',(#978),#698,.T.);
#8082=ADVANCED_FACE('',(#979),#699,.T.);
#8083=ADVANCED_FACE('',(#980),#700,.T.);
#8084=ADVANCED_FACE('',(#981),#701,.T.);
#8085=ADVANCED_FACE('',(#982),#702,.T.);
#8086=ADVANCED_FACE('',(#983),#703,.T.);
#8087=ADVANCED_FACE('',(#984),#704,.T.);
#8088=ADVANCED_FACE('',(#985),#705,.T.);
#8089=ADVANCED_FACE('',(#986),#706,.T.);
#8090=ADVANCED_FACE('',(#987),#707,.T.);
#8091=ADVANCED_FACE('',(#988),#708,.T.);
#8092=ADVANCED_FACE('',(#989),#709,.T.);
#8093=ADVANCED_FACE('',(#990),#7758,.T.);
#8094=ADVANCED_FACE('',(#991),#43,.T.);
#8095=ADVANCED_FACE('',(#992),#710,.T.);
#8096=ADVANCED_FACE('',(#993),#7759,.T.);
#8097=ADVANCED_FACE('',(#994),#44,.T.);
#8098=ADVANCED_FACE('',(#995),#7760,.T.);
#8099=ADVANCED_FACE('',(#996,#192),#711,.T.);
#8100=ADVANCED_FACE('',(#997),#7761,.T.);
#8101=ADVANCED_FACE('',(#998),#7762,.T.);
#8102=ADVANCED_FACE('',(#999),#7763,.T.);
#8103=ADVANCED_FACE('',(#1000),#712,.T.);
#8104=ADVANCED_FACE('',(#1001),#713,.T.);
#8105=ADVANCED_FACE('',(#1002),#714,.T.);
#8106=ADVANCED_FACE('',(#1003),#45,.T.);
#8107=ADVANCED_FACE('',(#1004),#46,.T.);
#8108=ADVANCED_FACE('',(#1005),#715,.F.);
#8109=ADVANCED_FACE('',(#1006),#716,.T.);
#8110=ADVANCED_FACE('',(#1007),#7764,.F.);
#8111=ADVANCED_FACE('',(#1008),#7765,.T.);
#8112=ADVANCED_FACE('',(#1009),#717,.T.);
#8113=ADVANCED_FACE('',(#1010),#7766,.T.);
#8114=ADVANCED_FACE('',(#1011),#718,.T.);
#8115=ADVANCED_FACE('',(#1012),#719,.T.);
#8116=ADVANCED_FACE('',(#1013,#193),#720,.F.);
#8117=ADVANCED_FACE('',(#1014),#721,.T.);
#8118=ADVANCED_FACE('',(#1015),#7767,.F.);
#8119=ADVANCED_FACE('',(#1016),#7768,.T.);
#8120=ADVANCED_FACE('',(#1017),#722,.T.);
#8121=ADVANCED_FACE('',(#1018),#7769,.T.);
#8122=ADVANCED_FACE('',(#1019),#7770,.T.);
#8123=ADVANCED_FACE('',(#1020),#723,.T.);
#8124=ADVANCED_FACE('',(#1021),#724,.T.);
#8125=ADVANCED_FACE('',(#1022),#725,.T.);
#8126=ADVANCED_FACE('',(#1023),#7771,.T.);
#8127=ADVANCED_FACE('',(#1024),#7772,.T.);
#8128=ADVANCED_FACE('',(#1025),#7773,.F.);
#8129=ADVANCED_FACE('',(#1026),#7774,.F.);
#8130=ADVANCED_FACE('',(#1027),#7775,.F.);
#8131=ADVANCED_FACE('',(#1028),#726,.T.);
#8132=ADVANCED_FACE('',(#1029),#7776,.T.);
#8133=ADVANCED_FACE('',(#1030),#7777,.T.);
#8134=ADVANCED_FACE('',(#1031),#727,.T.);
#8135=ADVANCED_FACE('',(#1032),#7778,.T.);
#8136=ADVANCED_FACE('',(#1033),#7779,.T.);
#8137=ADVANCED_FACE('',(#1034),#728,.T.);
#8138=ADVANCED_FACE('',(#1035),#729,.T.);
#8139=ADVANCED_FACE('',(#1036),#730,.T.);
#8140=ADVANCED_FACE('',(#1037),#731,.T.);
#8141=ADVANCED_FACE('',(#1038),#7780,.T.);
#8142=ADVANCED_FACE('',(#1039),#7781,.F.);
#8143=ADVANCED_FACE('',(#1040),#7782,.T.);
#8144=ADVANCED_FACE('',(#1041),#7783,.F.);
#8145=ADVANCED_FACE('',(#1042),#7784,.T.);
#8146=ADVANCED_FACE('',(#1043),#7785,.F.);
#8147=ADVANCED_FACE('',(#1044),#7786,.T.);
#8148=ADVANCED_FACE('',(#1045),#7787,.T.);
#8149=ADVANCED_FACE('',(#1046),#7788,.F.);
#8150=ADVANCED_FACE('',(#1047),#7789,.T.);
#8151=ADVANCED_FACE('',(#1048),#7790,.F.);
#8152=ADVANCED_FACE('',(#1049),#7791,.T.);
#8153=ADVANCED_FACE('',(#1050),#732,.T.);
#8154=ADVANCED_FACE('',(#1051),#7792,.T.);
#8155=ADVANCED_FACE('',(#1052),#733,.T.);
#8156=ADVANCED_FACE('',(#1053),#7793,.T.);
#8157=ADVANCED_FACE('',(#1054),#7794,.T.);
#8158=ADVANCED_FACE('',(#1055),#734,.T.);
#8159=ADVANCED_FACE('',(#1056),#7795,.T.);
#8160=ADVANCED_FACE('',(#1057),#7796,.T.);
#8161=ADVANCED_FACE('',(#1058),#735,.T.);
#8162=ADVANCED_FACE('',(#1059),#7797,.T.);
#8163=ADVANCED_FACE('',(#1060),#7798,.T.);
#8164=ADVANCED_FACE('',(#1061),#736,.T.);
#8165=ADVANCED_FACE('',(#1062),#7799,.T.);
#8166=ADVANCED_FACE('',(#1063),#737,.T.);
#8167=ADVANCED_FACE('',(#1064),#7800,.T.);
#8168=ADVANCED_FACE('',(#1065),#7801,.T.);
#8169=ADVANCED_FACE('',(#1066),#7802,.F.);
#8170=ADVANCED_FACE('',(#1067),#7803,.T.);
#8171=ADVANCED_FACE('',(#1068),#7804,.T.);
#8172=ADVANCED_FACE('',(#1069),#7805,.F.);
#8173=ADVANCED_FACE('',(#1070),#7806,.T.);
#8174=ADVANCED_FACE('',(#1071),#7807,.T.);
#8175=ADVANCED_FACE('',(#1072),#7808,.F.);
#8176=ADVANCED_FACE('',(#1073),#7809,.T.);
#8177=ADVANCED_FACE('',(#1074),#7810,.T.);
#8178=ADVANCED_FACE('',(#1075),#7811,.F.);
#8179=ADVANCED_FACE('',(#1076),#7812,.T.);
#8180=ADVANCED_FACE('',(#1077),#7813,.T.);
#8181=ADVANCED_FACE('',(#1078),#7814,.F.);
#8182=ADVANCED_FACE('',(#1079),#7815,.T.);
#8183=ADVANCED_FACE('',(#1080),#7816,.T.);
#8184=ADVANCED_FACE('',(#1081),#7817,.F.);
#8185=ADVANCED_FACE('',(#1082),#7818,.T.);
#8186=ADVANCED_FACE('',(#1083),#7819,.T.);
#8187=ADVANCED_FACE('',(#1084),#7820,.F.);
#8188=ADVANCED_FACE('',(#1085),#7821,.T.);
#8189=ADVANCED_FACE('',(#1086),#7822,.T.);
#8190=ADVANCED_FACE('',(#1087),#7823,.F.);
#8191=ADVANCED_FACE('',(#1088,#194),#738,.T.);
#8192=ADVANCED_FACE('',(#1089),#7824,.T.);
#8193=ADVANCED_FACE('',(#1090),#7825,.F.);
#8194=ADVANCED_FACE('',(#1091),#7826,.T.);
#8195=ADVANCED_FACE('',(#1092),#7827,.F.);
#8196=ADVANCED_FACE('',(#1093),#7828,.T.);
#8197=ADVANCED_FACE('',(#1094),#7829,.F.);
#8198=ADVANCED_FACE('',(#1095),#739,.T.);
#8199=ADVANCED_FACE('',(#1096),#7830,.F.);
#8200=ADVANCED_FACE('',(#1097),#7831,.T.);
#8201=ADVANCED_FACE('',(#1098),#7832,.F.);
#8202=ADVANCED_FACE('',(#1099),#7833,.F.);
#8203=ADVANCED_FACE('',(#1100),#7834,.T.);
#8204=ADVANCED_FACE('',(#1101),#7835,.F.);
#8205=ADVANCED_FACE('',(#1102),#740,.T.);
#8206=ADVANCED_FACE('',(#1103),#7836,.F.);
#8207=ADVANCED_FACE('',(#1104),#7837,.T.);
#8208=ADVANCED_FACE('',(#1105),#7838,.F.);
#8209=ADVANCED_FACE('',(#1106),#741,.T.);
#8210=ADVANCED_FACE('',(#1107),#7839,.F.);
#8211=ADVANCED_FACE('',(#1108),#7840,.T.);
#8212=ADVANCED_FACE('',(#1109),#7841,.F.);
#8213=ADVANCED_FACE('',(#1110),#7842,.F.);
#8214=ADVANCED_FACE('',(#1111),#7843,.F.);
#8215=ADVANCED_FACE('',(#1112),#7844,.T.);
#8216=ADVANCED_FACE('',(#1113),#7845,.F.);
#8217=ADVANCED_FACE('',(#1114),#7846,.F.);
#8218=ADVANCED_FACE('',(#1115),#7847,.T.);
#8219=ADVANCED_FACE('',(#1116),#7848,.F.);
#8220=ADVANCED_FACE('',(#1117),#742,.T.);
#8221=ADVANCED_FACE('',(#1118),#7849,.F.);
#8222=ADVANCED_FACE('',(#1119),#7850,.T.);
#8223=ADVANCED_FACE('',(#1120),#7851,.F.);
#8224=ADVANCED_FACE('',(#1121),#7852,.F.);
#8225=ADVANCED_FACE('',(#1122),#7853,.F.);
#8226=ADVANCED_FACE('',(#1123),#743,.T.);
#8227=ADVANCED_FACE('',(#1124),#7854,.F.);
#8228=ADVANCED_FACE('',(#1125),#7855,.T.);
#8229=ADVANCED_FACE('',(#1126),#7856,.F.);
#8230=ADVANCED_FACE('',(#1127),#744,.T.);
#8231=ADVANCED_FACE('',(#1128),#7857,.F.);
#8232=ADVANCED_FACE('',(#1129),#7858,.T.);
#8233=ADVANCED_FACE('',(#1130),#7859,.F.);
#8234=ADVANCED_FACE('',(#1131),#745,.T.);
#8235=ADVANCED_FACE('',(#1132),#7860,.F.);
#8236=ADVANCED_FACE('',(#1133),#7861,.T.);
#8237=ADVANCED_FACE('',(#1134),#7862,.F.);
#8238=ADVANCED_FACE('',(#1135),#746,.T.);
#8239=ADVANCED_FACE('',(#1136),#7863,.F.);
#8240=ADVANCED_FACE('',(#1137),#7864,.T.);
#8241=ADVANCED_FACE('',(#1138),#7865,.F.);
#8242=ADVANCED_FACE('',(#1139),#7866,.F.);
#8243=ADVANCED_FACE('',(#1140),#7867,.F.);
#8244=ADVANCED_FACE('',(#1141),#7868,.T.);
#8245=ADVANCED_FACE('',(#1142),#7869,.F.);
#8246=ADVANCED_FACE('',(#1143),#747,.T.);
#8247=ADVANCED_FACE('',(#1144),#7870,.F.);
#8248=ADVANCED_FACE('',(#1145),#748,.T.);
#8249=ADVANCED_FACE('',(#1146),#47,.T.);
#8250=ADVANCED_FACE('',(#1147),#7871,.F.);
#8251=ADVANCED_FACE('',(#1148),#7872,.T.);
#8252=ADVANCED_FACE('',(#1149),#749,.T.);
#8253=ADVANCED_FACE('',(#1150),#48,.T.);
#8254=ADVANCED_FACE('',(#1151),#7873,.F.);
#8255=ADVANCED_FACE('',(#1152),#7874,.T.);
#8256=ADVANCED_FACE('',(#1153),#7875,.T.);
#8257=ADVANCED_FACE('',(#1154),#7876,.T.);
#8258=ADVANCED_FACE('',(#1155),#7877,.T.);
#8259=ADVANCED_FACE('',(#1156),#7878,.F.);
#8260=ADVANCED_FACE('',(#1157),#7879,.T.);
#8261=ADVANCED_FACE('',(#1158),#7880,.T.);
#8262=ADVANCED_FACE('',(#1159,#195,#196,#197),#750,.F.);
#8263=ADVANCED_FACE('',(#1160),#7881,.T.);
#8264=ADVANCED_FACE('',(#1161),#7882,.T.);
#8265=ADVANCED_FACE('',(#1162),#7883,.T.);
#8266=ADVANCED_FACE('',(#1163),#7884,.T.);
#8267=ADVANCED_FACE('',(#1164),#7885,.T.);
#8268=ADVANCED_FACE('',(#1165),#7886,.T.);
#8269=ADVANCED_FACE('',(#1166),#7887,.T.);
#8270=ADVANCED_FACE('',(#1167),#7888,.T.);
#8271=ADVANCED_FACE('',(#1168),#7889,.T.);
#8272=ADVANCED_FACE('',(#1169,#198,#199,#200,#201),#751,.F.);
#8273=ADVANCED_FACE('',(#1170),#7890,.T.);
#8274=ADVANCED_FACE('',(#1171),#7891,.T.);
#8275=ADVANCED_FACE('',(#1172),#7892,.T.);
#8276=ADVANCED_FACE('',(#1173),#7893,.T.);
#8277=ADVANCED_FACE('',(#1174),#7894,.T.);
#8278=ADVANCED_FACE('',(#1175),#7895,.T.);
#8279=ADVANCED_FACE('',(#1176),#7896,.T.);
#8280=ADVANCED_FACE('',(#1177),#7897,.T.);
#8281=ADVANCED_FACE('',(#1178),#7898,.T.);
#8282=ADVANCED_FACE('',(#1179),#7899,.T.);
#8283=ADVANCED_FACE('',(#1180),#752,.F.);
#8284=ADVANCED_FACE('',(#1181),#753,.F.);
#8285=ADVANCED_FACE('',(#1182),#754,.F.);
#8286=ADVANCED_FACE('',(#1183),#755,.F.);
#8287=ADVANCED_FACE('',(#1184),#164,.T.);
#8288=ADVANCED_FACE('',(#1185),#756,.F.);
#8289=ADVANCED_FACE('',(#1186),#757,.F.);
#8290=ADVANCED_FACE('',(#1187),#165,.T.);
#8291=ADVANCED_FACE('',(#1188),#166,.T.);
#8292=ADVANCED_FACE('',(#1189),#758,.F.);
#8293=ADVANCED_FACE('',(#1190),#759,.F.);
#8294=ADVANCED_FACE('',(#1191),#760,.F.);
#8295=ADVANCED_FACE('',(#1192),#761,.F.);
#8296=ADVANCED_FACE('',(#1193),#167,.T.);
#8297=ADVANCED_FACE('',(#1194),#762,.F.);
#8298=ADVANCED_FACE('',(#1195),#763,.T.);
#8299=ADVANCED_FACE('',(#1196),#764,.T.);
#8300=ADVANCED_FACE('',(#1197),#765,.T.);
#8301=ADVANCED_FACE('',(#1198),#766,.T.);
#8302=ADVANCED_FACE('',(#1199),#767,.F.);
#8303=ADVANCED_FACE('',(#1200),#768,.T.);
#8304=ADVANCED_FACE('',(#1201),#769,.T.);
#8305=ADVANCED_FACE('',(#1202),#770,.T.);
#8306=ADVANCED_FACE('',(#1203),#771,.T.);
#8307=ADVANCED_FACE('',(#1204),#772,.F.);
#8308=ADVANCED_FACE('',(#1205),#773,.T.);
#8309=ADVANCED_FACE('',(#1206),#774,.T.);
#8310=ADVANCED_FACE('',(#1207),#775,.T.);
#8311=ADVANCED_FACE('',(#1208),#776,.T.);
#8312=ADVANCED_FACE('',(#1209),#777,.F.);
#8313=ADVANCED_FACE('',(#1210),#778,.T.);
#8314=ADVANCED_FACE('',(#1211),#779,.T.);
#8315=ADVANCED_FACE('',(#1212),#780,.T.);
#8316=ADVANCED_FACE('',(#1213),#781,.T.);
#8317=ADVANCED_FACE('',(#1214),#782,.F.);
#8318=ADVANCED_FACE('',(#1215),#783,.T.);
#8319=ADVANCED_FACE('',(#1216),#784,.T.);
#8320=ADVANCED_FACE('',(#1217),#785,.T.);
#8321=ADVANCED_FACE('',(#1218),#786,.T.);
#8322=ADVANCED_FACE('',(#1219),#787,.F.);
#8323=ADVANCED_FACE('',(#1220),#788,.T.);
#8324=ADVANCED_FACE('',(#1221),#789,.T.);
#8325=ADVANCED_FACE('',(#1222),#790,.T.);
#8326=ADVANCED_FACE('',(#1223),#791,.T.);
#8327=ADVANCED_FACE('',(#1224),#792,.F.);
#8328=ADVANCED_FACE('',(#1225),#793,.T.);
#8329=ADVANCED_FACE('',(#1226),#794,.T.);
#8330=ADVANCED_FACE('',(#1227),#795,.T.);
#8331=ADVANCED_FACE('',(#1228),#796,.T.);
#8332=ADVANCED_FACE('',(#1229),#797,.F.);
#8333=ADVANCED_FACE('',(#1230),#798,.T.);
#8334=ADVANCED_FACE('',(#1231),#799,.T.);
#8335=ADVANCED_FACE('',(#1232),#800,.T.);
#8336=ADVANCED_FACE('',(#1233),#801,.T.);
#8337=ADVANCED_FACE('',(#1234),#802,.F.);
#8338=ADVANCED_FACE('',(#1235),#803,.T.);
#8339=ADVANCED_FACE('',(#1236),#804,.T.);
#8340=ADVANCED_FACE('',(#1237),#805,.T.);
#8341=ADVANCED_FACE('',(#1238),#806,.T.);
#8342=ADVANCED_FACE('',(#1239),#807,.F.);
#8343=ADVANCED_FACE('',(#1240),#808,.T.);
#8344=ADVANCED_FACE('',(#1241),#809,.T.);
#8345=ADVANCED_FACE('',(#1242),#810,.T.);
#8346=ADVANCED_FACE('',(#1243),#811,.T.);
#8347=ADVANCED_FACE('',(#1244),#812,.F.);
#8348=ADVANCED_FACE('',(#1245),#813,.T.);
#8349=ADVANCED_FACE('',(#1246),#814,.T.);
#8350=ADVANCED_FACE('',(#1247),#815,.T.);
#8351=ADVANCED_FACE('',(#1248),#816,.T.);
#8352=ADVANCED_FACE('',(#1249),#817,.T.);
#8353=ADVANCED_FACE('',(#1250),#818,.T.);
#8354=ADVANCED_FACE('',(#1251),#7900,.F.);
#8355=ADVANCED_FACE('',(#1252,#202),#819,.T.);
#8356=ADVANCED_FACE('',(#1253),#7901,.F.);
#8357=ADVANCED_FACE('',(#1254),#35,.T.);
#8358=ADVANCED_FACE('',(#1255),#7902,.T.);
#8359=ADVANCED_FACE('',(#1256),#820,.F.);
#8360=ADVANCED_FACE('',(#1257),#7903,.T.);
#8361=ADVANCED_FACE('',(#1258),#7904,.F.);
#8362=ADVANCED_FACE('',(#1259),#821,.T.);
#8363=ADVANCED_FACE('',(#1260),#7905,.T.);
#8364=ADVANCED_FACE('',(#1261),#7906,.T.);
#8365=ADVANCED_FACE('',(#1262),#36,.T.);
#8366=ADVANCED_FACE('',(#1263),#7907,.T.);
#8367=ADVANCED_FACE('',(#1264),#37,.T.);
#8368=ADVANCED_FACE('',(#1265),#7908,.F.);
#8369=ADVANCED_FACE('',(#1266),#822,.T.);
#8370=ADVANCED_FACE('',(#1267),#7909,.T.);
#8371=ADVANCED_FACE('',(#1268),#7910,.T.);
#8372=ADVANCED_FACE('',(#1269),#823,.F.);
#8373=ADVANCED_FACE('',(#1270),#824,.F.);
#8374=ADVANCED_FACE('',(#1271),#7911,.T.);
#8375=ADVANCED_FACE('',(#1272),#7912,.T.);
#8376=ADVANCED_FACE('',(#1273),#825,.T.);
#8377=ADVANCED_FACE('',(#1274),#7913,.T.);
#8378=ADVANCED_FACE('',(#1275),#7914,.F.);
#8379=ADVANCED_FACE('',(#1276),#38,.T.);
#8380=ADVANCED_FACE('',(#1277),#7915,.T.);
#8381=ADVANCED_FACE('',(#1278),#826,.T.);
#8382=ADVANCED_FACE('',(#1279),#7916,.T.);
#8383=ADVANCED_FACE('',(#1280),#7917,.T.);
#8384=ADVANCED_FACE('',(#1281),#827,.F.);
#8385=ADVANCED_FACE('',(#1282),#828,.F.);
#8386=ADVANCED_FACE('',(#1283),#7918,.T.);
#8387=ADVANCED_FACE('',(#1284),#829,.T.);
#8388=ADVANCED_FACE('',(#1285),#7919,.T.);
#8389=ADVANCED_FACE('',(#1286),#7920,.T.);
#8390=ADVANCED_FACE('',(#1287),#7921,.T.);
#8391=ADVANCED_FACE('',(#1288),#830,.T.);
#8392=ADVANCED_FACE('',(#1289),#7922,.T.);
#8393=ADVANCED_FACE('',(#1290),#39,.T.);
#8394=ADVANCED_FACE('',(#1291),#7923,.F.);
#8395=ADVANCED_FACE('',(#1292),#7924,.T.);
#8396=ADVANCED_FACE('',(#1293),#831,.F.);
#8397=ADVANCED_FACE('',(#1294),#832,.F.);
#8398=ADVANCED_FACE('',(#1295),#833,.T.);
#8399=ADVANCED_FACE('',(#1296),#7925,.T.);
#8400=ADVANCED_FACE('',(#1297),#7926,.T.);
#8401=ADVANCED_FACE('',(#1298),#7927,.T.);
#8402=ADVANCED_FACE('',(#1299),#834,.F.);
#8403=ADVANCED_FACE('',(#1300),#7928,.F.);
#8404=ADVANCED_FACE('',(#1301),#7929,.T.);
#8405=ADVANCED_FACE('',(#1302),#835,.T.);
#8406=ADVANCED_FACE('',(#1303),#7930,.T.);
#8407=ADVANCED_FACE('',(#1304),#7931,.T.);
#8408=ADVANCED_FACE('',(#1305),#40,.T.);
#8409=ADVANCED_FACE('',(#1306),#41,.T.);
#8410=ADVANCED_FACE('',(#1307),#7932,.F.);
#8411=ADVANCED_FACE('',(#1308),#836,.T.);
#8412=ADVANCED_FACE('',(#1309),#7933,.T.);
#8413=ADVANCED_FACE('',(#1310),#7934,.T.);
#8414=ADVANCED_FACE('',(#1311),#7935,.T.);
#8415=ADVANCED_FACE('',(#1312),#837,.F.);
#8416=ADVANCED_FACE('',(#1313),#7936,.T.);
#8417=ADVANCED_FACE('',(#1314),#7937,.T.);
#8418=ADVANCED_FACE('',(#1315),#838,.T.);
#8419=ADVANCED_FACE('',(#1316),#7938,.T.);
#8420=ADVANCED_FACE('',(#1317),#839,.F.);
#8421=ADVANCED_FACE('',(#1318),#840,.F.);
#8422=ADVANCED_FACE('',(#1319),#7939,.T.);
#8423=ADVANCED_FACE('',(#1320),#841,.T.);
#8424=ADVANCED_FACE('',(#1321),#7940,.T.);
#8425=ADVANCED_FACE('',(#1322),#7941,.T.);
#8426=ADVANCED_FACE('',(#1323),#7942,.T.);
#8427=ADVANCED_FACE('',(#1324),#842,.T.);
#8428=ADVANCED_FACE('',(#1325),#7943,.T.);
#8429=ADVANCED_FACE('',(#1326),#42,.T.);
#8430=ADVANCED_FACE('',(#1327),#7944,.F.);
#8431=ADVANCED_FACE('',(#1328),#7945,.T.);
#8432=ADVANCED_FACE('',(#1329),#843,.F.);
#8433=ADVANCED_FACE('',(#1330),#844,.F.);
#8434=ADVANCED_FACE('',(#1331),#7946,.T.);
#8435=ADVANCED_FACE('',(#1332),#845,.T.);
#8436=ADVANCED_FACE('',(#1333),#7947,.T.);
#8437=ADVANCED_FACE('',(#1334),#7948,.T.);
#8438=CLOSED_SHELL('',(#7949,#7950,#7951,#7952,#7953,#7954,#7955,#7956,
#7957,#7958,#7959,#7960,#7961,#7962,#7963,#7964,#7965,#7966,#7967,#7968,
#7969,#7970,#7971,#7972,#7973,#7974,#7975,#7976,#7977,#7978,#7979,#7980,
#7981,#7982,#7983,#7984,#7985,#7986,#7987,#7988,#7989,#7990,#7991,#7992,
#7993,#7994,#7995,#7996,#7997,#7998,#7999,#8000,#8001,#8002,#8003,#8004,
#8005,#8006,#8007,#8008,#8009,#8010,#8011,#8012,#8013,#8014,#8015,#8016,
#8017,#8018,#8019,#8020,#8021,#8022,#8023,#8024,#8025,#8026,#8027,#8028,
#8029,#8030,#8031,#8032,#8033,#8034,#8035,#8036,#8037,#8038,#8039,#8040,
#8041,#8042,#8043,#8044,#8045,#8046,#8047,#8048,#8049,#8050,#8051,#8052,
#8053,#8054,#8055,#8056,#8057,#8058,#8059,#8060,#8061,#8062,#8063,#8064,
#8065,#8066,#8067,#8068,#8069,#8070,#8071,#8072,#8073,#8074,#8075,#8076,
#8077,#8078,#8079,#8080,#8081,#8082,#8083,#8084,#8085,#8086,#8087,#8088,
#8089,#8090,#8091,#8092,#8093,#8094,#8095,#8096,#8097,#8098,#8099,#8100,
#8101,#8102,#8103,#8104,#8105,#8106,#8107,#8108,#8109,#8110,#8111,#8112,
#8113,#8114,#8115,#8116,#8117,#8118,#8119,#8120,#8121,#8122,#8123,#8124,
#8125,#8126,#8127,#8128,#8129,#8130,#8131,#8132,#8133,#8134,#8135,#8136,
#8137,#8138,#8139,#8140,#8141,#8142,#8143,#8144,#8145,#8146,#8147,#8148,
#8149,#8150,#8151,#8152,#8153,#8154,#8155,#8156,#8157,#8158,#8159,#8160,
#8161,#8162,#8163,#8164,#8165,#8166,#8167,#8168,#8169,#8170,#8171,#8172,
#8173,#8174,#8175,#8176,#8177,#8178,#8179,#8180,#8181,#8182,#8183,#8184,
#8185,#8186,#8187,#8188,#8189,#8190,#8191,#8192,#8193,#8194,#8195,#8196,
#8197,#8198,#8199,#8200,#8201,#8202,#8203,#8204,#8205,#8206,#8207,#8208,
#8209,#8210,#8211,#8212,#8213,#8214,#8215,#8216,#8217,#8218,#8219,#8220,
#8221,#8222,#8223,#8224,#8225,#8226,#8227,#8228,#8229,#8230,#8231,#8232,
#8233,#8234,#8235,#8236,#8237,#8238,#8239,#8240,#8241,#8242,#8243,#8244,
#8245,#8246,#8247,#8248,#8249,#8250,#8251,#8252,#8253,#8254,#8255,#8256,
#8257,#8258,#8259,#8260,#8261,#8262,#8263,#8264,#8265,#8266,#8267,#8268,
#8269,#8270,#8271,#8272,#8273,#8274,#8275,#8276,#8277,#8278,#8279,#8280,
#8281,#8282,#8283,#8284,#8285,#8286,#8287,#8288,#8289,#8290,#8291,#8292,
#8293,#8294,#8295,#8296,#8297,#8298,#8299,#8300,#8301,#8302,#8303,#8304,
#8305,#8306,#8307,#8308,#8309,#8310,#8311,#8312,#8313,#8314,#8315,#8316,
#8317,#8318,#8319,#8320,#8321,#8322,#8323,#8324,#8325,#8326,#8327,#8328,
#8329,#8330,#8331,#8332,#8333,#8334,#8335,#8336,#8337,#8338,#8339,#8340,
#8341,#8342,#8343,#8344,#8345,#8346,#8347,#8348,#8349,#8350,#8351,#8352,
#8353,#8354,#8355,#8356,#8357,#8358));
#8439=CLOSED_SHELL('',(#8359,#8360,#8361,#8362,#8363,#8364,#8365));
#8440=CLOSED_SHELL('',(#8366,#8367,#8368,#8369,#8370,#8371,#8372));
#8441=CLOSED_SHELL('',(#8373,#8374,#8375,#8376,#8377));
#8442=CLOSED_SHELL('',(#8378,#8379,#8380,#8381,#8382,#8383,#8384));
#8443=CLOSED_SHELL('',(#8385,#8386,#8387,#8388,#8389));
#8444=CLOSED_SHELL('',(#8390,#8391,#8392,#8393,#8394,#8395,#8396));
#8445=CLOSED_SHELL('',(#8397,#8398,#8399,#8400,#8401));
#8446=CLOSED_SHELL('',(#8402,#8403,#8404,#8405,#8406,#8407,#8408));
#8447=CLOSED_SHELL('',(#8409,#8410,#8411,#8412,#8413,#8414,#8415));
#8448=CLOSED_SHELL('',(#8416,#8417,#8418,#8419,#8420));
#8449=CLOSED_SHELL('',(#8421,#8422,#8423,#8424,#8425));
#8450=CLOSED_SHELL('',(#8426,#8427,#8428,#8429,#8430,#8431,#8432));
#8451=CLOSED_SHELL('',(#8433,#8434,#8435,#8436,#8437));
#8452=BREP_WITH_VOIDS('Case V3 voll inclouse',#8438,(#22,#23,#24,#25,#26,
#27,#28,#29,#30,#31,#32,#33,#34));
#8453=AXIS2_PLACEMENT_3D('',#12044,#9432,#9433);
#8454=AXIS2_PLACEMENT_3D('',#12045,#9434,#9435);
#8455=AXIS2_PLACEMENT_3D('',#12046,#9436,#9437);
#8456=AXIS2_PLACEMENT_3D('',#12051,#9439,#9440);
#8457=AXIS2_PLACEMENT_3D('',#12053,#9441,#9442);
#8458=AXIS2_PLACEMENT_3D('',#12058,#9445,#9446);
#8459=AXIS2_PLACEMENT_3D('',#12059,#9447,#9448);
#8460=AXIS2_PLACEMENT_3D('',#12064,#9450,#9451);
#8461=AXIS2_PLACEMENT_3D('',#12067,#9453,#9454);
#8462=AXIS2_PLACEMENT_3D('',#12068,#9455,#9456);
#8463=AXIS2_PLACEMENT_3D('',#12072,#9458,#9459);
#8464=AXIS2_PLACEMENT_3D('',#12074,#9461,#9462);
#8465=AXIS2_PLACEMENT_3D('',#12079,#9464,#9465);
#8466=AXIS2_PLACEMENT_3D('',#12082,#9467,#9468);
#8467=AXIS2_PLACEMENT_3D('',#12083,#9469,#9470);
#8468=AXIS2_PLACEMENT_3D('',#12086,#9472,#9473);
#8469=AXIS2_PLACEMENT_3D('',#12089,#9475,#9476);
#8470=AXIS2_PLACEMENT_3D('',#12090,#9477,#9478);
#8471=AXIS2_PLACEMENT_3D('',#12094,#9480,#9481);
#8472=AXIS2_PLACEMENT_3D('',#12096,#9483,#9484);
#8473=AXIS2_PLACEMENT_3D('',#12097,#9485,#9486);
#8474=AXIS2_PLACEMENT_3D('',#12103,#9489,#9490);
#8475=AXIS2_PLACEMENT_3D('',#12106,#9492,#9493);
#8476=AXIS2_PLACEMENT_3D('',#12107,#9494,#9495);
#8477=AXIS2_PLACEMENT_3D('',#12110,#9498,#9499);
#8478=AXIS2_PLACEMENT_3D('',#12114,#9501,#9502);
#8479=AXIS2_PLACEMENT_3D('',#12118,#9504,#9505);
#8480=AXIS2_PLACEMENT_3D('',#12120,#9507,#9508);
#8481=AXIS2_PLACEMENT_3D('',#12124,#9511,#9512);
#8482=AXIS2_PLACEMENT_3D('',#12129,#9515,#9516);
#8483=AXIS2_PLACEMENT_3D('',#12130,#9517,#9518);
#8484=AXIS2_PLACEMENT_3D('',#12139,#9523,#9524);
#8485=AXIS2_PLACEMENT_3D('',#12140,#9525,#9526);
#8486=AXIS2_PLACEMENT_3D('',#12142,#9527,#9528);
#8487=AXIS2_PLACEMENT_3D('',#12143,#9529,#9530);
#8488=AXIS2_PLACEMENT_3D('',#12146,#9532,#9533);
#8489=AXIS2_PLACEMENT_3D('',#12147,#9534,#9535);
#8490=AXIS2_PLACEMENT_3D('',#12152,#9537,#9538);
#8491=AXIS2_PLACEMENT_3D('',#12155,#9540,#9541);
#8492=AXIS2_PLACEMENT_3D('',#12156,#9542,#9543);
#8493=AXIS2_PLACEMENT_3D('',#12160,#9545,#9546);
#8494=AXIS2_PLACEMENT_3D('',#12161,#9547,#9548);
#8495=AXIS2_PLACEMENT_3D('',#12162,#9549,#9550);
#8496=AXIS2_PLACEMENT_3D('',#12166,#9553,#9554);
#8497=AXIS2_PLACEMENT_3D('',#12167,#9555,#9556);
#8498=AXIS2_PLACEMENT_3D('',#12169,#9558,#9559);
#8499=AXIS2_PLACEMENT_3D('',#12175,#9563,#9564);
#8500=AXIS2_PLACEMENT_3D('',#12181,#9569,#9570);
#8501=AXIS2_PLACEMENT_3D('',#12184,#9572,#9573);
#8502=AXIS2_PLACEMENT_3D('',#12185,#9574,#9575);
#8503=AXIS2_PLACEMENT_3D('',#12187,#9577,#9578);
#8504=AXIS2_PLACEMENT_3D('',#12192,#9580,#9581);
#8505=AXIS2_PLACEMENT_3D('',#12196,#9583,#9584);
#8506=AXIS2_PLACEMENT_3D('',#12200,#9586,#9587);
#8507=AXIS2_PLACEMENT_3D('',#12203,#9589,#9590);
#8508=AXIS2_PLACEMENT_3D('',#12213,#9596,#9597);
#8509=AXIS2_PLACEMENT_3D('',#12217,#9600,#9601);
#8510=AXIS2_PLACEMENT_3D('',#12221,#9604,#9605);
#8511=AXIS2_PLACEMENT_3D('',#12224,#9606,#9607);
#8512=AXIS2_PLACEMENT_3D('',#12226,#9608,#9609);
#8513=AXIS2_PLACEMENT_3D('',#12234,#9613,#9614);
#8514=AXIS2_PLACEMENT_3D('',#12236,#9615,#9616);
#8515=AXIS2_PLACEMENT_3D('',#12240,#9618,#9619);
#8516=AXIS2_PLACEMENT_3D('',#12242,#9620,#9621);
#8517=AXIS2_PLACEMENT_3D('',#12244,#9622,#9623);
#8518=AXIS2_PLACEMENT_3D('',#12246,#9624,#9625);
#8519=AXIS2_PLACEMENT_3D('',#12248,#9626,#9627);
#8520=AXIS2_PLACEMENT_3D('',#12252,#9629,#9630);
#8521=AXIS2_PLACEMENT_3D('',#12254,#9631,#9632);
#8522=AXIS2_PLACEMENT_3D('',#12256,#9633,#9634);
#8523=AXIS2_PLACEMENT_3D('',#12260,#9636,#9637);
#8524=AXIS2_PLACEMENT_3D('',#12262,#9638,#9639);
#8525=AXIS2_PLACEMENT_3D('',#12264,#9640,#9641);
#8526=AXIS2_PLACEMENT_3D('',#12268,#9643,#9644);
#8527=AXIS2_PLACEMENT_3D('',#12270,#9645,#9646);
#8528=AXIS2_PLACEMENT_3D('',#12272,#9647,#9648);
#8529=AXIS2_PLACEMENT_3D('',#12276,#9650,#9651);
#8530=AXIS2_PLACEMENT_3D('',#12278,#9652,#9653);
#8531=AXIS2_PLACEMENT_3D('',#12280,#9654,#9655);
#8532=AXIS2_PLACEMENT_3D('',#12284,#9657,#9658);
#8533=AXIS2_PLACEMENT_3D('',#12286,#9659,#9660);
#8534=AXIS2_PLACEMENT_3D('',#12288,#9661,#9662);
#8535=AXIS2_PLACEMENT_3D('',#12290,#9663,#9664);
#8536=AXIS2_PLACEMENT_3D('',#12292,#9665,#9666);
#8537=AXIS2_PLACEMENT_3D('',#12296,#9668,#9669);
#8538=AXIS2_PLACEMENT_3D('',#12298,#9670,#9671);
#8539=AXIS2_PLACEMENT_3D('',#12300,#9672,#9673);
#8540=AXIS2_PLACEMENT_3D('',#12304,#9675,#9676);
#8541=AXIS2_PLACEMENT_3D('',#12306,#9677,#9678);
#8542=AXIS2_PLACEMENT_3D('',#12308,#9679,#9680);
#8543=AXIS2_PLACEMENT_3D('',#12312,#9682,#9683);
#8544=AXIS2_PLACEMENT_3D('',#12314,#9684,#9685);
#8545=AXIS2_PLACEMENT_3D('',#12316,#9686,#9687);
#8546=AXIS2_PLACEMENT_3D('',#12318,#9688,#9689);
#8547=AXIS2_PLACEMENT_3D('',#12322,#9691,#9692);
#8548=AXIS2_PLACEMENT_3D('',#12324,#9693,#9694);
#8549=AXIS2_PLACEMENT_3D('',#12326,#9695,#9696);
#8550=AXIS2_PLACEMENT_3D('',#12330,#9698,#9699);
#8551=AXIS2_PLACEMENT_3D('',#12332,#9700,#9701);
#8552=AXIS2_PLACEMENT_3D('',#12334,#9702,#9703);
#8553=AXIS2_PLACEMENT_3D('',#12338,#9705,#9706);
#8554=AXIS2_PLACEMENT_3D('',#12340,#9707,#9708);
#8555=AXIS2_PLACEMENT_3D('',#12342,#9709,#9710);
#8556=AXIS2_PLACEMENT_3D('',#12346,#9712,#9713);
#8557=AXIS2_PLACEMENT_3D('',#12348,#9714,#9715);
#8558=AXIS2_PLACEMENT_3D('',#12350,#9716,#9717);
#8559=AXIS2_PLACEMENT_3D('',#12354,#9719,#9720);
#8560=AXIS2_PLACEMENT_3D('',#12356,#9721,#9722);
#8561=AXIS2_PLACEMENT_3D('',#12358,#9723,#9724);
#8562=AXIS2_PLACEMENT_3D('',#12360,#9725,#9726);
#8563=AXIS2_PLACEMENT_3D('',#12362,#9727,#9728);
#8564=AXIS2_PLACEMENT_3D('',#12365,#9730,#9731);
#8565=AXIS2_PLACEMENT_3D('',#12367,#9732,#9733);
#8566=AXIS2_PLACEMENT_3D('',#12369,#9734,#9735);
#8567=AXIS2_PLACEMENT_3D('',#12371,#9736,#9737);
#8568=AXIS2_PLACEMENT_3D('',#12373,#9738,#9739);
#8569=AXIS2_PLACEMENT_3D('',#12375,#9740,#9741);
#8570=AXIS2_PLACEMENT_3D('',#12377,#9742,#9743);
#8571=AXIS2_PLACEMENT_3D('',#12379,#9744,#9745);
#8572=AXIS2_PLACEMENT_3D('',#12380,#9746,#9747);
#8573=AXIS2_PLACEMENT_3D('',#12381,#9748,#9749);
#8574=AXIS2_PLACEMENT_3D('',#12390,#9754,#9755);
#8575=AXIS2_PLACEMENT_3D('',#12393,#9758,#9759);
#8576=AXIS2_PLACEMENT_3D('',#12395,#9761,#9762);
#8577=AXIS2_PLACEMENT_3D('',#12397,#9764,#9765);
#8578=AXIS2_PLACEMENT_3D('',#12398,#9766,#9767);
#8579=AXIS2_PLACEMENT_3D('',#12400,#9768,#9769);
#8580=AXIS2_PLACEMENT_3D('',#12403,#9771,#9772);
#8581=AXIS2_PLACEMENT_3D('',#12404,#9773,#9774);
#8582=AXIS2_PLACEMENT_3D('',#12407,#9776,#9777);
#8583=AXIS2_PLACEMENT_3D('',#12408,#9778,#9779);
#8584=AXIS2_PLACEMENT_3D('',#12410,#9780,#9781);
#8585=AXIS2_PLACEMENT_3D('',#12411,#9782,#9783);
#8586=AXIS2_PLACEMENT_3D('',#12413,#9784,#9785);
#8587=AXIS2_PLACEMENT_3D('',#12416,#9787,#9788);
#8588=AXIS2_PLACEMENT_3D('',#12417,#9789,#9790);
#8589=AXIS2_PLACEMENT_3D('',#12420,#9792,#9793);
#8590=AXIS2_PLACEMENT_3D('',#12421,#9794,#9795);
#8591=AXIS2_PLACEMENT_3D('',#12423,#9796,#9797);
#8592=AXIS2_PLACEMENT_3D('',#12424,#9798,#9799);
#8593=AXIS2_PLACEMENT_3D('',#12427,#9801,#9802);
#8594=AXIS2_PLACEMENT_3D('',#12428,#9803,#9804);
#8595=AXIS2_PLACEMENT_3D('',#12430,#9806,#9807);
#8596=AXIS2_PLACEMENT_3D('',#12433,#9809,#9810);
#8597=AXIS2_PLACEMENT_3D('',#12434,#9811,#9812);
#8598=AXIS2_PLACEMENT_3D('',#12436,#9814,#9815);
#8599=AXIS2_PLACEMENT_3D('',#12439,#9817,#9818);
#8600=AXIS2_PLACEMENT_3D('',#12440,#9819,#9820);
#8601=AXIS2_PLACEMENT_3D('',#12442,#9821,#9822);
#8602=AXIS2_PLACEMENT_3D('',#12444,#9824,#9825);
#8603=AXIS2_PLACEMENT_3D('',#12447,#9827,#9828);
#8604=AXIS2_PLACEMENT_3D('',#12448,#9829,#9830);
#8605=AXIS2_PLACEMENT_3D('',#12450,#9831,#9832);
#8606=AXIS2_PLACEMENT_3D('',#12452,#9834,#9835);
#8607=AXIS2_PLACEMENT_3D('',#12455,#9837,#9838);
#8608=AXIS2_PLACEMENT_3D('',#12456,#9839,#9840);
#8609=AXIS2_PLACEMENT_3D('',#12458,#9841,#9842);
#8610=AXIS2_PLACEMENT_3D('',#12460,#9844,#9845);
#8611=AXIS2_PLACEMENT_3D('',#12463,#9847,#9848);
#8612=AXIS2_PLACEMENT_3D('',#12464,#9849,#9850);
#8613=AXIS2_PLACEMENT_3D('',#12466,#9851,#9852);
#8614=AXIS2_PLACEMENT_3D('',#12468,#9854,#9855);
#8615=AXIS2_PLACEMENT_3D('',#12471,#9857,#9858);
#8616=AXIS2_PLACEMENT_3D('',#12472,#9859,#9860);
#8617=AXIS2_PLACEMENT_3D('',#12474,#9861,#9862);
#8618=AXIS2_PLACEMENT_3D('',#12476,#9864,#9865);
#8619=AXIS2_PLACEMENT_3D('',#12479,#9867,#9868);
#8620=AXIS2_PLACEMENT_3D('',#12480,#9869,#9870);
#8621=AXIS2_PLACEMENT_3D('',#12482,#9871,#9872);
#8622=AXIS2_PLACEMENT_3D('',#12484,#9874,#9875);
#8623=AXIS2_PLACEMENT_3D('',#12486,#9876,#9877);
#8624=AXIS2_PLACEMENT_3D('',#12489,#9879,#9880);
#8625=AXIS2_PLACEMENT_3D('',#12490,#9881,#9882);
#8626=AXIS2_PLACEMENT_3D('',#12491,#9883,#9884);
#8627=AXIS2_PLACEMENT_3D('',#12492,#9885,#9886);
#8628=AXIS2_PLACEMENT_3D('',#12494,#9887,#9888);
#8629=AXIS2_PLACEMENT_3D('',#12497,#9890,#9891);
#8630=AXIS2_PLACEMENT_3D('',#12498,#9892,#9893);
#8631=AXIS2_PLACEMENT_3D('',#12499,#9894,#9895);
#8632=AXIS2_PLACEMENT_3D('',#12500,#9896,#9897);
#8633=AXIS2_PLACEMENT_3D('',#12502,#9898,#9899);
#8634=AXIS2_PLACEMENT_3D('',#12505,#9901,#9902);
#8635=AXIS2_PLACEMENT_3D('',#12506,#9903,#9904);
#8636=AXIS2_PLACEMENT_3D('',#12507,#9905,#9906);
#8637=AXIS2_PLACEMENT_3D('',#12508,#9907,#9908);
#8638=AXIS2_PLACEMENT_3D('',#12510,#9909,#9910);
#8639=AXIS2_PLACEMENT_3D('',#12513,#9912,#9913);
#8640=AXIS2_PLACEMENT_3D('',#12514,#9914,#9915);
#8641=AXIS2_PLACEMENT_3D('',#12515,#9916,#9917);
#8642=AXIS2_PLACEMENT_3D('',#12516,#9918,#9919);
#8643=AXIS2_PLACEMENT_3D('',#12517,#9920,#9921);
#8644=AXIS2_PLACEMENT_3D('',#12519,#9922,#9923);
#8645=AXIS2_PLACEMENT_3D('',#12522,#9925,#9926);
#8646=AXIS2_PLACEMENT_3D('',#12523,#9927,#9928);
#8647=AXIS2_PLACEMENT_3D('',#12524,#9929,#9930);
#8648=AXIS2_PLACEMENT_3D('',#12525,#9931,#9932);
#8649=AXIS2_PLACEMENT_3D('',#12527,#9933,#9934);
#8650=AXIS2_PLACEMENT_3D('',#12530,#9936,#9937);
#8651=AXIS2_PLACEMENT_3D('',#12531,#9938,#9939);
#8652=AXIS2_PLACEMENT_3D('',#12532,#9940,#9941);
#8653=AXIS2_PLACEMENT_3D('',#12533,#9942,#9943);
#8654=AXIS2_PLACEMENT_3D('',#12543,#9944,#9945);
#8655=AXIS2_PLACEMENT_3D('',#12552,#9946,#9947);
#8656=AXIS2_PLACEMENT_3D('',#12555,#9949,#9950);
#8657=AXIS2_PLACEMENT_3D('',#12556,#9951,#9952);
#8658=AXIS2_PLACEMENT_3D('',#12557,#9953,#9954);
#8659=AXIS2_PLACEMENT_3D('',#12560,#9956,#9957);
#8660=AXIS2_PLACEMENT_3D('',#12561,#9958,#9959);
#8661=AXIS2_PLACEMENT_3D('',#12571,#9960,#9961);
#8662=AXIS2_PLACEMENT_3D('',#12580,#9962,#9963);
#8663=AXIS2_PLACEMENT_3D('',#12583,#9965,#9966);
#8664=AXIS2_PLACEMENT_3D('',#12584,#9967,#9968);
#8665=AXIS2_PLACEMENT_3D('',#12585,#9969,#9970);
#8666=AXIS2_PLACEMENT_3D('',#12588,#9972,#9973);
#8667=AXIS2_PLACEMENT_3D('',#12589,#9974,#9975);
#8668=AXIS2_PLACEMENT_3D('',#12599,#9976,#9977);
#8669=AXIS2_PLACEMENT_3D('',#12608,#9978,#9979);
#8670=AXIS2_PLACEMENT_3D('',#12611,#9981,#9982);
#8671=AXIS2_PLACEMENT_3D('',#12612,#9983,#9984);
#8672=AXIS2_PLACEMENT_3D('',#12613,#9985,#9986);
#8673=AXIS2_PLACEMENT_3D('',#12616,#9988,#9989);
#8674=AXIS2_PLACEMENT_3D('',#12617,#9990,#9991);
#8675=AXIS2_PLACEMENT_3D('',#12627,#9992,#9993);
#8676=AXIS2_PLACEMENT_3D('',#12636,#9994,#9995);
#8677=AXIS2_PLACEMENT_3D('',#12639,#9997,#9998);
#8678=AXIS2_PLACEMENT_3D('',#12640,#9999,#10000);
#8679=AXIS2_PLACEMENT_3D('',#12641,#10001,#10002);
#8680=AXIS2_PLACEMENT_3D('',#12644,#10004,#10005);
#8681=AXIS2_PLACEMENT_3D('',#12645,#10006,#10007);
#8682=AXIS2_PLACEMENT_3D('',#12655,#10008,#10009);
#8683=AXIS2_PLACEMENT_3D('',#12664,#10010,#10011);
#8684=AXIS2_PLACEMENT_3D('',#12667,#10013,#10014);
#8685=AXIS2_PLACEMENT_3D('',#12668,#10015,#10016);
#8686=AXIS2_PLACEMENT_3D('',#12669,#10017,#10018);
#8687=AXIS2_PLACEMENT_3D('',#12672,#10020,#10021);
#8688=AXIS2_PLACEMENT_3D('',#12673,#10022,#10023);
#8689=AXIS2_PLACEMENT_3D('',#12683,#10024,#10025);
#8690=AXIS2_PLACEMENT_3D('',#12692,#10026,#10027);
#8691=AXIS2_PLACEMENT_3D('',#12695,#10029,#10030);
#8692=AXIS2_PLACEMENT_3D('',#12696,#10031,#10032);
#8693=AXIS2_PLACEMENT_3D('',#12697,#10033,#10034);
#8694=AXIS2_PLACEMENT_3D('',#12700,#10036,#10037);
#8695=AXIS2_PLACEMENT_3D('',#12701,#10038,#10039);
#8696=AXIS2_PLACEMENT_3D('',#12711,#10040,#10041);
#8697=AXIS2_PLACEMENT_3D('',#12720,#10042,#10043);
#8698=AXIS2_PLACEMENT_3D('',#12723,#10045,#10046);
#8699=AXIS2_PLACEMENT_3D('',#12724,#10047,#10048);
#8700=AXIS2_PLACEMENT_3D('',#12725,#10049,#10050);
#8701=AXIS2_PLACEMENT_3D('',#12728,#10052,#10053);
#8702=AXIS2_PLACEMENT_3D('',#12729,#10054,#10055);
#8703=AXIS2_PLACEMENT_3D('',#12739,#10056,#10057);
#8704=AXIS2_PLACEMENT_3D('',#12748,#10058,#10059);
#8705=AXIS2_PLACEMENT_3D('',#12751,#10061,#10062);
#8706=AXIS2_PLACEMENT_3D('',#12752,#10063,#10064);
#8707=AXIS2_PLACEMENT_3D('',#12753,#10065,#10066);
#8708=AXIS2_PLACEMENT_3D('',#12756,#10068,#10069);
#8709=AXIS2_PLACEMENT_3D('',#12757,#10070,#10071);
#8710=AXIS2_PLACEMENT_3D('',#12767,#10072,#10073);
#8711=AXIS2_PLACEMENT_3D('',#12776,#10074,#10075);
#8712=AXIS2_PLACEMENT_3D('',#12779,#10077,#10078);
#8713=AXIS2_PLACEMENT_3D('',#12780,#10079,#10080);
#8714=AXIS2_PLACEMENT_3D('',#12781,#10081,#10082);
#8715=AXIS2_PLACEMENT_3D('',#12784,#10084,#10085);
#8716=AXIS2_PLACEMENT_3D('',#12785,#10086,#10087);
#8717=AXIS2_PLACEMENT_3D('',#12795,#10088,#10089);
#8718=AXIS2_PLACEMENT_3D('',#12804,#10090,#10091);
#8719=AXIS2_PLACEMENT_3D('',#12807,#10093,#10094);
#8720=AXIS2_PLACEMENT_3D('',#12808,#10095,#10096);
#8721=AXIS2_PLACEMENT_3D('',#12809,#10097,#10098);
#8722=AXIS2_PLACEMENT_3D('',#12812,#10100,#10101);
#8723=AXIS2_PLACEMENT_3D('',#12813,#10102,#10103);
#8724=AXIS2_PLACEMENT_3D('',#12823,#10104,#10105);
#8725=AXIS2_PLACEMENT_3D('',#12832,#10106,#10107);
#8726=AXIS2_PLACEMENT_3D('',#12835,#10109,#10110);
#8727=AXIS2_PLACEMENT_3D('',#12836,#10111,#10112);
#8728=AXIS2_PLACEMENT_3D('',#12837,#10113,#10114);
#8729=AXIS2_PLACEMENT_3D('',#12840,#10116,#10117);
#8730=AXIS2_PLACEMENT_3D('',#12841,#10118,#10119);
#8731=AXIS2_PLACEMENT_3D('',#12851,#10120,#10121);
#8732=AXIS2_PLACEMENT_3D('',#12860,#10122,#10123);
#8733=AXIS2_PLACEMENT_3D('',#12863,#10125,#10126);
#8734=AXIS2_PLACEMENT_3D('',#12864,#10127,#10128);
#8735=AXIS2_PLACEMENT_3D('',#12865,#10129,#10130);
#8736=AXIS2_PLACEMENT_3D('',#12868,#10132,#10133);
#8737=AXIS2_PLACEMENT_3D('',#12869,#10134,#10135);
#8738=AXIS2_PLACEMENT_3D('',#12879,#10136,#10137);
#8739=AXIS2_PLACEMENT_3D('',#12882,#10139,#10140);
#8740=AXIS2_PLACEMENT_3D('',#12884,#10141,#10142);
#8741=AXIS2_PLACEMENT_3D('',#12892,#10143,#10144);
#8742=AXIS2_PLACEMENT_3D('',#12893,#10145,#10146);
#8743=AXIS2_PLACEMENT_3D('',#12895,#10147,#10148);
#8744=AXIS2_PLACEMENT_3D('',#12897,#10150,#10151);
#8745=AXIS2_PLACEMENT_3D('',#12907,#10152,#10153);
#8746=AXIS2_PLACEMENT_3D('',#12910,#10155,#10156);
#8747=AXIS2_PLACEMENT_3D('',#12912,#10157,#10158);
#8748=AXIS2_PLACEMENT_3D('',#12920,#10159,#10160);
#8749=AXIS2_PLACEMENT_3D('',#12921,#10161,#10162);
#8750=AXIS2_PLACEMENT_3D('',#12924,#10164,#10165);
#8751=AXIS2_PLACEMENT_3D('',#12925,#10166,#10167);
#8752=AXIS2_PLACEMENT_3D('',#12935,#10168,#10169);
#8753=AXIS2_PLACEMENT_3D('',#12938,#10171,#10172);
#8754=AXIS2_PLACEMENT_3D('',#12940,#10173,#10174);
#8755=AXIS2_PLACEMENT_3D('',#12948,#10175,#10176);
#8756=AXIS2_PLACEMENT_3D('',#12949,#10177,#10178);
#8757=AXIS2_PLACEMENT_3D('',#12952,#10180,#10181);
#8758=AXIS2_PLACEMENT_3D('',#12953,#10182,#10183);
#8759=AXIS2_PLACEMENT_3D('',#12963,#10184,#10185);
#8760=AXIS2_PLACEMENT_3D('',#12966,#10187,#10188);
#8761=AXIS2_PLACEMENT_3D('',#12968,#10189,#10190);
#8762=AXIS2_PLACEMENT_3D('',#12976,#10191,#10192);
#8763=AXIS2_PLACEMENT_3D('',#12977,#10193,#10194);
#8764=AXIS2_PLACEMENT_3D('',#12980,#10196,#10197);
#8765=AXIS2_PLACEMENT_3D('',#12981,#10198,#10199);
#8766=AXIS2_PLACEMENT_3D('',#12987,#10203,#10204);
#8767=AXIS2_PLACEMENT_3D('',#12990,#10206,#10207);
#8768=AXIS2_PLACEMENT_3D('',#12991,#10208,#10209);
#8769=AXIS2_PLACEMENT_3D('',#12995,#10212,#10213);
#8770=AXIS2_PLACEMENT_3D('',#12998,#10215,#10216);
#8771=AXIS2_PLACEMENT_3D('',#12999,#10217,#10218);
#8772=AXIS2_PLACEMENT_3D('',#13003,#10221,#10222);
#8773=AXIS2_PLACEMENT_3D('',#13006,#10224,#10225);
#8774=AXIS2_PLACEMENT_3D('',#13007,#10226,#10227);
#8775=AXIS2_PLACEMENT_3D('',#13011,#10230,#10231);
#8776=AXIS2_PLACEMENT_3D('',#13012,#10232,#10233);
#8777=AXIS2_PLACEMENT_3D('',#13013,#10234,#10235);
#8778=AXIS2_PLACEMENT_3D('',#13017,#10237,#10238);
#8779=AXIS2_PLACEMENT_3D('',#13021,#10240,#10241);
#8780=AXIS2_PLACEMENT_3D('',#13025,#10243,#10244);
#8781=AXIS2_PLACEMENT_3D('',#13027,#10246,#10247);
#8782=AXIS2_PLACEMENT_3D('',#13095,#10282,#10283);
#8783=AXIS2_PLACEMENT_3D('',#13099,#10285,#10286);
#8784=AXIS2_PLACEMENT_3D('',#13103,#10288,#10289);
#8785=AXIS2_PLACEMENT_3D('',#13106,#10291,#10292);
#8786=AXIS2_PLACEMENT_3D('',#13107,#10293,#10294);
#8787=AXIS2_PLACEMENT_3D('',#13133,#10303,#10304);
#8788=AXIS2_PLACEMENT_3D('',#13137,#10306,#10307);
#8789=AXIS2_PLACEMENT_3D('',#13139,#10309,#10310);
#8790=AXIS2_PLACEMENT_3D('',#13142,#10312,#10313);
#8791=AXIS2_PLACEMENT_3D('',#13143,#10314,#10315);
#8792=AXIS2_PLACEMENT_3D('',#13149,#10319,#10320);
#8793=AXIS2_PLACEMENT_3D('',#13153,#10322,#10323);
#8794=AXIS2_PLACEMENT_3D('',#13155,#10325,#10326);
#8795=AXIS2_PLACEMENT_3D('',#13161,#10330,#10331);
#8796=AXIS2_PLACEMENT_3D('',#13166,#10334,#10335);
#8797=AXIS2_PLACEMENT_3D('',#13167,#10336,#10337);
#8798=AXIS2_PLACEMENT_3D('',#13171,#10340,#10341);
#8799=AXIS2_PLACEMENT_3D('',#13177,#10345,#10346);
#8800=AXIS2_PLACEMENT_3D('',#13183,#10350,#10351);
#8801=AXIS2_PLACEMENT_3D('',#13186,#10353,#10354);
#8802=AXIS2_PLACEMENT_3D('',#13187,#10355,#10356);
#8803=AXIS2_PLACEMENT_3D('',#13188,#10357,#10358);
#8804=AXIS2_PLACEMENT_3D('',#13189,#10359,#10360);
#8805=AXIS2_PLACEMENT_3D('',#13190,#10361,#10362);
#8806=AXIS2_PLACEMENT_3D('',#13191,#10363,#10364);
#8807=AXIS2_PLACEMENT_3D('',#13192,#10365,#10366);
#8808=AXIS2_PLACEMENT_3D('',#13193,#10367,#10368);
#8809=AXIS2_PLACEMENT_3D('',#13194,#10369,#10370);
#8810=AXIS2_PLACEMENT_3D('',#13195,#10371,#10372);
#8811=AXIS2_PLACEMENT_3D('',#13196,#10373,#10374);
#8812=AXIS2_PLACEMENT_3D('',#13197,#10375,#10376);
#8813=AXIS2_PLACEMENT_3D('',#13198,#10377,#10378);
#8814=AXIS2_PLACEMENT_3D('',#13199,#10379,#10380);
#8815=AXIS2_PLACEMENT_3D('',#13200,#10381,#10382);
#8816=AXIS2_PLACEMENT_3D('',#13201,#10383,#10384);
#8817=AXIS2_PLACEMENT_3D('',#13202,#10385,#10386);
#8818=AXIS2_PLACEMENT_3D('',#13203,#10387,#10388);
#8819=AXIS2_PLACEMENT_3D('',#13207,#10391,#10392);
#8820=AXIS2_PLACEMENT_3D('',#13211,#10394,#10395);
#8821=AXIS2_PLACEMENT_3D('',#13271,#10398,#10399);
#8822=AXIS2_PLACEMENT_3D('',#13275,#10402,#10403);
#8823=AXIS2_PLACEMENT_3D('',#13277,#10404,#10405);
#8824=AXIS2_PLACEMENT_3D('',#13341,#10409,#10410);
#8825=AXIS2_PLACEMENT_3D('',#13343,#10411,#10412);
#8826=AXIS2_PLACEMENT_3D('',#13344,#10413,#10414);
#8827=AXIS2_PLACEMENT_3D('',#13345,#10415,#10416);
#8828=AXIS2_PLACEMENT_3D('',#13348,#10418,#10419);
#8829=AXIS2_PLACEMENT_3D('',#13350,#10420,#10421);
#8830=AXIS2_PLACEMENT_3D('',#13352,#10422,#10423);
#8831=AXIS2_PLACEMENT_3D('',#13354,#10424,#10425);
#8832=AXIS2_PLACEMENT_3D('',#13358,#10427,#10428);
#8833=AXIS2_PLACEMENT_3D('',#13360,#10429,#10430);
#8834=AXIS2_PLACEMENT_3D('',#13364,#10432,#10433);
#8835=AXIS2_PLACEMENT_3D('',#13366,#10434,#10435);
#8836=AXIS2_PLACEMENT_3D('',#13370,#10437,#10438);
#8837=AXIS2_PLACEMENT_3D('',#13372,#10439,#10440);
#8838=AXIS2_PLACEMENT_3D('',#13376,#10442,#10443);
#8839=AXIS2_PLACEMENT_3D('',#13378,#10444,#10445);
#8840=AXIS2_PLACEMENT_3D('',#13382,#10447,#10448);
#8841=AXIS2_PLACEMENT_3D('',#13384,#10449,#10450);
#8842=AXIS2_PLACEMENT_3D('',#13386,#10451,#10452);
#8843=AXIS2_PLACEMENT_3D('',#13388,#10453,#10454);
#8844=AXIS2_PLACEMENT_3D('',#13392,#10456,#10457);
#8845=AXIS2_PLACEMENT_3D('',#13394,#10458,#10459);
#8846=AXIS2_PLACEMENT_3D('',#13398,#10461,#10462);
#8847=AXIS2_PLACEMENT_3D('',#13400,#10463,#10464);
#8848=AXIS2_PLACEMENT_3D('',#13403,#10466,#10467);
#8849=AXIS2_PLACEMENT_3D('',#13405,#10468,#10469);
#8850=AXIS2_PLACEMENT_3D('',#13406,#10470,#10471);
#8851=AXIS2_PLACEMENT_3D('',#13407,#10472,#10473);
#8852=AXIS2_PLACEMENT_3D('',#13409,#10474,#10475);
#8853=AXIS2_PLACEMENT_3D('',#13410,#10476,#10477);
#8854=AXIS2_PLACEMENT_3D('',#13412,#10478,#10479);
#8855=AXIS2_PLACEMENT_3D('',#13413,#10480,#10481);
#8856=AXIS2_PLACEMENT_3D('',#13415,#10482,#10483);
#8857=AXIS2_PLACEMENT_3D('',#13416,#10484,#10485);
#8858=AXIS2_PLACEMENT_3D('',#13418,#10486,#10487);
#8859=AXIS2_PLACEMENT_3D('',#13419,#10488,#10489);
#8860=AXIS2_PLACEMENT_3D('',#13421,#10490,#10491);
#8861=AXIS2_PLACEMENT_3D('',#13424,#10493,#10494);
#8862=AXIS2_PLACEMENT_3D('',#13426,#10495,#10496);
#8863=AXIS2_PLACEMENT_3D('',#13429,#10498,#10499);
#8864=AXIS2_PLACEMENT_3D('',#13431,#10500,#10501);
#8865=AXIS2_PLACEMENT_3D('',#13435,#10503,#10504);
#8866=AXIS2_PLACEMENT_3D('',#13436,#10505,#10506);
#8867=AXIS2_PLACEMENT_3D('',#13438,#10507,#10508);
#8868=AXIS2_PLACEMENT_3D('',#13440,#10509,#10510);
#8869=AXIS2_PLACEMENT_3D('',#13443,#10512,#10513);
#8870=AXIS2_PLACEMENT_3D('',#13445,#10514,#10515);
#8871=AXIS2_PLACEMENT_3D('',#13448,#10517,#10518);
#8872=AXIS2_PLACEMENT_3D('',#13450,#10519,#10520);
#8873=AXIS2_PLACEMENT_3D('',#13454,#10522,#10523);
#8874=AXIS2_PLACEMENT_3D('',#13455,#10524,#10525);
#8875=AXIS2_PLACEMENT_3D('',#13457,#10526,#10527);
#8876=AXIS2_PLACEMENT_3D('',#13459,#10528,#10529);
#8877=AXIS2_PLACEMENT_3D('',#13462,#10531,#10532);
#8878=AXIS2_PLACEMENT_3D('',#13464,#10533,#10534);
#8879=AXIS2_PLACEMENT_3D('',#13467,#10536,#10537);
#8880=AXIS2_PLACEMENT_3D('',#13469,#10538,#10539);
#8881=AXIS2_PLACEMENT_3D('',#13472,#10541,#10542);
#8882=AXIS2_PLACEMENT_3D('',#13474,#10543,#10544);
#8883=AXIS2_PLACEMENT_3D('',#13477,#10546,#10547);
#8884=AXIS2_PLACEMENT_3D('',#13479,#10548,#10549);
#8885=AXIS2_PLACEMENT_3D('',#13483,#10551,#10552);
#8886=AXIS2_PLACEMENT_3D('',#13484,#10553,#10554);
#8887=AXIS2_PLACEMENT_3D('',#13486,#10555,#10556);
#8888=AXIS2_PLACEMENT_3D('',#13488,#10557,#10558);
#8889=AXIS2_PLACEMENT_3D('',#13491,#10560,#10561);
#8890=AXIS2_PLACEMENT_3D('',#13493,#10562,#10563);
#8891=AXIS2_PLACEMENT_3D('',#13496,#10565,#10566);
#8892=AXIS2_PLACEMENT_3D('',#13498,#10567,#10568);
#8893=AXIS2_PLACEMENT_3D('',#13502,#10570,#10571);
#8894=AXIS2_PLACEMENT_3D('',#13503,#10572,#10573);
#8895=AXIS2_PLACEMENT_3D('',#13505,#10574,#10575);
#8896=AXIS2_PLACEMENT_3D('',#13507,#10576,#10577);
#8897=AXIS2_PLACEMENT_3D('',#13510,#10579,#10580);
#8898=AXIS2_PLACEMENT_3D('',#13512,#10581,#10582);
#8899=AXIS2_PLACEMENT_3D('',#13515,#10584,#10585);
#8900=AXIS2_PLACEMENT_3D('',#13516,#10586,#10587);
#8901=AXIS2_PLACEMENT_3D('',#13539,#10588,#10589);
#8902=AXIS2_PLACEMENT_3D('',#13540,#10590,#10591);
#8903=AXIS2_PLACEMENT_3D('',#13541,#10592,#10593);
#8904=AXIS2_PLACEMENT_3D('',#13564,#10594,#10595);
#8905=AXIS2_PLACEMENT_3D('',#13570,#10599,#10600);
#8906=AXIS2_PLACEMENT_3D('',#13573,#10603,#10604);
#8907=AXIS2_PLACEMENT_3D('',#13619,#10608,#10609);
#8908=AXIS2_PLACEMENT_3D('',#13620,#10610,#10611);
#8909=AXIS2_PLACEMENT_3D('',#13629,#10616,#10617);
#8910=AXIS2_PLACEMENT_3D('',#13631,#10618,#10619);
#8911=AXIS2_PLACEMENT_3D('',#13633,#10620,#10621);
#8912=AXIS2_PLACEMENT_3D('',#13635,#10623,#10624);
#8913=AXIS2_PLACEMENT_3D('',#13639,#10626,#10627);
#8914=AXIS2_PLACEMENT_3D('',#13641,#10629,#10630);
#8915=AXIS2_PLACEMENT_3D('',#13645,#10633,#10634);
#8916=AXIS2_PLACEMENT_3D('',#13648,#10636,#10637);
#8917=AXIS2_PLACEMENT_3D('',#13649,#10638,#10639);
#8918=AXIS2_PLACEMENT_3D('',#13651,#10641,#10642);
#8919=AXIS2_PLACEMENT_3D('',#13653,#10644,#10645);
#8920=AXIS2_PLACEMENT_3D('',#13655,#10646,#10647);
#8921=AXIS2_PLACEMENT_3D('',#13657,#10649,#10650);
#8922=AXIS2_PLACEMENT_3D('',#13663,#10654,#10655);
#8923=AXIS2_PLACEMENT_3D('',#13667,#10657,#10658);
#8924=AXIS2_PLACEMENT_3D('',#13669,#10660,#10661);
#8925=AXIS2_PLACEMENT_3D('',#13677,#10662,#10663);
#8926=AXIS2_PLACEMENT_3D('',#13681,#10665,#10666);
#8927=AXIS2_PLACEMENT_3D('',#13683,#10668,#10669);
#8928=AXIS2_PLACEMENT_3D('',#13689,#10673,#10674);
#8929=AXIS2_PLACEMENT_3D('',#13692,#10676,#10677);
#8930=AXIS2_PLACEMENT_3D('',#13693,#10678,#10679);
#8931=AXIS2_PLACEMENT_3D('',#13698,#10682,#10683);
#8932=AXIS2_PLACEMENT_3D('',#13699,#10684,#10685);
#8933=AXIS2_PLACEMENT_3D('',#13703,#10688,#10689);
#8934=AXIS2_PLACEMENT_3D('',#13709,#10693,#10694);
#8935=AXIS2_PLACEMENT_3D('',#13715,#10698,#10699);
#8936=AXIS2_PLACEMENT_3D('',#13718,#10701,#10702);
#8937=AXIS2_PLACEMENT_3D('',#13719,#10703,#10704);
#8938=AXIS2_PLACEMENT_3D('',#13724,#10707,#10708);
#8939=AXIS2_PLACEMENT_3D('',#13725,#10709,#10710);
#8940=AXIS2_PLACEMENT_3D('',#13730,#10713,#10714);
#8941=AXIS2_PLACEMENT_3D('',#13731,#10715,#10716);
#8942=AXIS2_PLACEMENT_3D('',#13736,#10719,#10720);
#8943=AXIS2_PLACEMENT_3D('',#13737,#10721,#10722);
#8944=AXIS2_PLACEMENT_3D('',#13742,#10725,#10726);
#8945=AXIS2_PLACEMENT_3D('',#13743,#10727,#10728);
#8946=AXIS2_PLACEMENT_3D('',#13749,#10732,#10733);
#8947=AXIS2_PLACEMENT_3D('',#13752,#10735,#10736);
#8948=AXIS2_PLACEMENT_3D('',#13753,#10737,#10738);
#8949=AXIS2_PLACEMENT_3D('',#13758,#10741,#10742);
#8950=AXIS2_PLACEMENT_3D('',#13759,#10743,#10744);
#8951=AXIS2_PLACEMENT_3D('',#13765,#10748,#10749);
#8952=AXIS2_PLACEMENT_3D('',#13768,#10751,#10752);
#8953=AXIS2_PLACEMENT_3D('',#13769,#10753,#10754);
#8954=AXIS2_PLACEMENT_3D('',#13774,#10757,#10758);
#8955=AXIS2_PLACEMENT_3D('',#13775,#10759,#10760);
#8956=AXIS2_PLACEMENT_3D('',#13779,#10763,#10764);
#8957=AXIS2_PLACEMENT_3D('',#13785,#10768,#10769);
#8958=AXIS2_PLACEMENT_3D('',#13791,#10773,#10774);
#8959=AXIS2_PLACEMENT_3D('',#13797,#10778,#10779);
#8960=AXIS2_PLACEMENT_3D('',#13799,#10780,#10781);
#8961=AXIS2_PLACEMENT_3D('',#13801,#10783,#10784);
#8962=AXIS2_PLACEMENT_3D('',#13804,#10786,#10787);
#8963=AXIS2_PLACEMENT_3D('',#13805,#10788,#10789);
#8964=AXIS2_PLACEMENT_3D('',#13806,#10790,#10791);
#8965=AXIS2_PLACEMENT_3D('',#13807,#10792,#10793);
#8966=AXIS2_PLACEMENT_3D('',#13812,#10796,#10797);
#8967=AXIS2_PLACEMENT_3D('',#13813,#10798,#10799);
#8968=AXIS2_PLACEMENT_3D('',#13814,#10800,#10801);
#8969=AXIS2_PLACEMENT_3D('',#13815,#10802,#10803);
#8970=AXIS2_PLACEMENT_3D('',#13820,#10806,#10807);
#8971=AXIS2_PLACEMENT_3D('',#13821,#10808,#10809);
#8972=AXIS2_PLACEMENT_3D('',#13823,#10810,#10811);
#8973=AXIS2_PLACEMENT_3D('',#13825,#10813,#10814);
#8974=AXIS2_PLACEMENT_3D('',#13827,#10815,#10816);
#8975=AXIS2_PLACEMENT_3D('',#13829,#10818,#10819);
#8976=AXIS2_PLACEMENT_3D('',#13832,#10821,#10822);
#8977=AXIS2_PLACEMENT_3D('',#13833,#10823,#10824);
#8978=AXIS2_PLACEMENT_3D('',#13834,#10825,#10826);
#8979=AXIS2_PLACEMENT_3D('',#13835,#10827,#10828);
#8980=AXIS2_PLACEMENT_3D('',#13840,#10831,#10832);
#8981=AXIS2_PLACEMENT_3D('',#13841,#10833,#10834);
#8982=AXIS2_PLACEMENT_3D('',#13842,#10835,#10836);
#8983=AXIS2_PLACEMENT_3D('',#13843,#10837,#10838);
#8984=AXIS2_PLACEMENT_3D('',#13847,#10841,#10842);
#8985=AXIS2_PLACEMENT_3D('',#13848,#10843,#10844);
#8986=AXIS2_PLACEMENT_3D('',#13849,#10845,#10846);
#8987=AXIS2_PLACEMENT_3D('',#13853,#10849,#10850);
#8988=AXIS2_PLACEMENT_3D('',#13854,#10851,#10852);
#8989=AXIS2_PLACEMENT_3D('',#13855,#10853,#10854);
#8990=AXIS2_PLACEMENT_3D('',#13857,#10855,#10856);
#8991=AXIS2_PLACEMENT_3D('',#13859,#10858,#10859);
#8992=AXIS2_PLACEMENT_3D('',#13863,#10862,#10863);
#8993=AXIS2_PLACEMENT_3D('',#13864,#10864,#10865);
#8994=AXIS2_PLACEMENT_3D('',#13865,#10866,#10867);
#8995=AXIS2_PLACEMENT_3D('',#13867,#10868,#10869);
#8996=AXIS2_PLACEMENT_3D('',#13869,#10871,#10872);
#8997=AXIS2_PLACEMENT_3D('',#13873,#10875,#10876);
#8998=AXIS2_PLACEMENT_3D('',#13874,#10877,#10878);
#8999=AXIS2_PLACEMENT_3D('',#13875,#10879,#10880);
#9000=AXIS2_PLACEMENT_3D('',#13877,#10881,#10882);
#9001=AXIS2_PLACEMENT_3D('',#13879,#10884,#10885);
#9002=AXIS2_PLACEMENT_3D('',#13883,#10888,#10889);
#9003=AXIS2_PLACEMENT_3D('',#13884,#10890,#10891);
#9004=AXIS2_PLACEMENT_3D('',#13885,#10892,#10893);
#9005=AXIS2_PLACEMENT_3D('',#13889,#10896,#10897);
#9006=AXIS2_PLACEMENT_3D('',#13890,#10898,#10899);
#9007=AXIS2_PLACEMENT_3D('',#13891,#10900,#10901);
#9008=AXIS2_PLACEMENT_3D('',#13893,#10902,#10903);
#9009=AXIS2_PLACEMENT_3D('',#13895,#10905,#10906);
#9010=AXIS2_PLACEMENT_3D('',#13898,#10908,#10909);
#9011=AXIS2_PLACEMENT_3D('',#13899,#10910,#10911);
#9012=AXIS2_PLACEMENT_3D('',#13900,#10912,#10913);
#9013=AXIS2_PLACEMENT_3D('',#13901,#10914,#10915);
#9014=AXIS2_PLACEMENT_3D('',#13903,#10916,#10917);
#9015=AXIS2_PLACEMENT_3D('',#13905,#10919,#10920);
#9016=AXIS2_PLACEMENT_3D('',#13908,#10922,#10923);
#9017=AXIS2_PLACEMENT_3D('',#13909,#10924,#10925);
#9018=AXIS2_PLACEMENT_3D('',#13910,#10926,#10927);
#9019=AXIS2_PLACEMENT_3D('',#13911,#10928,#10929);
#9020=AXIS2_PLACEMENT_3D('',#13913,#10930,#10931);
#9021=AXIS2_PLACEMENT_3D('',#13915,#10933,#10934);
#9022=AXIS2_PLACEMENT_3D('',#13918,#10936,#10937);
#9023=AXIS2_PLACEMENT_3D('',#13919,#10938,#10939);
#9024=AXIS2_PLACEMENT_3D('',#13920,#10940,#10941);
#9025=AXIS2_PLACEMENT_3D('',#13921,#10942,#10943);
#9026=AXIS2_PLACEMENT_3D('',#13923,#10944,#10945);
#9027=AXIS2_PLACEMENT_3D('',#13925,#10947,#10948);
#9028=AXIS2_PLACEMENT_3D('',#13928,#10950,#10951);
#9029=AXIS2_PLACEMENT_3D('',#13929,#10952,#10953);
#9030=AXIS2_PLACEMENT_3D('',#13930,#10954,#10955);
#9031=AXIS2_PLACEMENT_3D('',#13931,#10956,#10957);
#9032=AXIS2_PLACEMENT_3D('',#13933,#10958,#10959);
#9033=AXIS2_PLACEMENT_3D('',#13935,#10961,#10962);
#9034=AXIS2_PLACEMENT_3D('',#13938,#10964,#10965);
#9035=AXIS2_PLACEMENT_3D('',#13939,#10966,#10967);
#9036=AXIS2_PLACEMENT_3D('',#13940,#10968,#10969);
#9037=AXIS2_PLACEMENT_3D('',#13941,#10970,#10971);
#9038=AXIS2_PLACEMENT_3D('',#13943,#10972,#10973);
#9039=AXIS2_PLACEMENT_3D('',#13945,#10975,#10976);
#9040=AXIS2_PLACEMENT_3D('',#13948,#10978,#10979);
#9041=AXIS2_PLACEMENT_3D('',#13949,#10980,#10981);
#9042=AXIS2_PLACEMENT_3D('',#13950,#10982,#10983);
#9043=AXIS2_PLACEMENT_3D('',#13951,#10984,#10985);
#9044=AXIS2_PLACEMENT_3D('',#13953,#10986,#10987);
#9045=AXIS2_PLACEMENT_3D('',#13955,#10989,#10990);
#9046=AXIS2_PLACEMENT_3D('',#13958,#10992,#10993);
#9047=AXIS2_PLACEMENT_3D('',#13959,#10994,#10995);
#9048=AXIS2_PLACEMENT_3D('',#13960,#10996,#10997);
#9049=AXIS2_PLACEMENT_3D('',#13961,#10998,#10999);
#9050=AXIS2_PLACEMENT_3D('',#13963,#11000,#11001);
#9051=AXIS2_PLACEMENT_3D('',#13965,#11003,#11004);
#9052=AXIS2_PLACEMENT_3D('',#13968,#11006,#11007);
#9053=AXIS2_PLACEMENT_3D('',#13969,#11008,#11009);
#9054=AXIS2_PLACEMENT_3D('',#13970,#11010,#11011);
#9055=AXIS2_PLACEMENT_3D('',#13972,#11012,#11013);
#9056=AXIS2_PLACEMENT_3D('',#13974,#11014,#11015);
#9057=AXIS2_PLACEMENT_3D('',#13976,#11016,#11017);
#9058=AXIS2_PLACEMENT_3D('',#13979,#11019,#11020);
#9059=AXIS2_PLACEMENT_3D('',#13981,#11021,#11022);
#9060=AXIS2_PLACEMENT_3D('',#13984,#11024,#11025);
#9061=AXIS2_PLACEMENT_3D('',#13986,#11026,#11027);
#9062=AXIS2_PLACEMENT_3D('',#13988,#11028,#11029);
#9063=AXIS2_PLACEMENT_3D('',#13989,#11030,#11031);
#9064=AXIS2_PLACEMENT_3D('',#13991,#11032,#11033);
#9065=AXIS2_PLACEMENT_3D('',#13993,#11034,#11035);
#9066=AXIS2_PLACEMENT_3D('',#13995,#11036,#11037);
#9067=AXIS2_PLACEMENT_3D('',#13999,#11039,#11040);
#9068=AXIS2_PLACEMENT_3D('',#14001,#11041,#11042);
#9069=AXIS2_PLACEMENT_3D('',#14003,#11043,#11044);
#9070=AXIS2_PLACEMENT_3D('',#14007,#11046,#11047);
#9071=AXIS2_PLACEMENT_3D('',#14009,#11048,#11049);
#9072=AXIS2_PLACEMENT_3D('',#14011,#11050,#11051);
#9073=AXIS2_PLACEMENT_3D('',#14015,#11053,#11054);
#9074=AXIS2_PLACEMENT_3D('',#14017,#11055,#11056);
#9075=AXIS2_PLACEMENT_3D('',#14019,#11057,#11058);
#9076=AXIS2_PLACEMENT_3D('',#14022,#11060,#11061);
#9077=AXIS2_PLACEMENT_3D('',#14023,#11062,#11063);
#9078=AXIS2_PLACEMENT_3D('',#14025,#11064,#11065);
#9079=AXIS2_PLACEMENT_3D('',#14027,#11066,#11067);
#9080=AXIS2_PLACEMENT_3D('',#14029,#11068,#11069);
#9081=AXIS2_PLACEMENT_3D('',#14033,#11071,#11072);
#9082=AXIS2_PLACEMENT_3D('',#14035,#11073,#11074);
#9083=AXIS2_PLACEMENT_3D('',#14036,#11075,#11076);
#9084=AXIS2_PLACEMENT_3D('',#14038,#11077,#11078);
#9085=AXIS2_PLACEMENT_3D('',#14040,#11079,#11080);
#9086=AXIS2_PLACEMENT_3D('',#14042,#11081,#11082);
#9087=AXIS2_PLACEMENT_3D('',#14043,#11083,#11084);
#9088=AXIS2_PLACEMENT_3D('',#14045,#11085,#11086);
#9089=AXIS2_PLACEMENT_3D('',#14047,#11087,#11088);
#9090=AXIS2_PLACEMENT_3D('',#14049,#11089,#11090);
#9091=AXIS2_PLACEMENT_3D('',#14053,#11092,#11093);
#9092=AXIS2_PLACEMENT_3D('',#14055,#11094,#11095);
#9093=AXIS2_PLACEMENT_3D('',#14057,#11096,#11097);
#9094=AXIS2_PLACEMENT_3D('',#14061,#11099,#11100);
#9095=AXIS2_PLACEMENT_3D('',#14063,#11101,#11102);
#9096=AXIS2_PLACEMENT_3D('',#14064,#11103,#11104);
#9097=AXIS2_PLACEMENT_3D('',#14066,#11105,#11106);
#9098=AXIS2_PLACEMENT_3D('',#14068,#11107,#11108);
#9099=AXIS2_PLACEMENT_3D('',#14070,#11109,#11110);
#9100=AXIS2_PLACEMENT_3D('',#14073,#11112,#11113);
#9101=AXIS2_PLACEMENT_3D('',#14075,#11114,#11115);
#9102=AXIS2_PLACEMENT_3D('',#14076,#11116,#11117);
#9103=AXIS2_PLACEMENT_3D('',#14077,#11118,#11119);
#9104=AXIS2_PLACEMENT_3D('',#14078,#11120,#11121);
#9105=AXIS2_PLACEMENT_3D('',#14080,#11123,#11124);
#9106=AXIS2_PLACEMENT_3D('',#14082,#11126,#11127);
#9107=AXIS2_PLACEMENT_3D('',#14083,#11128,#11129);
#9108=AXIS2_PLACEMENT_3D('',#14088,#11132,#11133);
#9109=AXIS2_PLACEMENT_3D('',#14094,#11134,#11135);
#9110=AXIS2_PLACEMENT_3D('',#14095,#11136,#11137);
#9111=AXIS2_PLACEMENT_3D('',#14097,#11139,#11140);
#9112=AXIS2_PLACEMENT_3D('',#14099,#11142,#11143);
#9113=AXIS2_PLACEMENT_3D('',#14101,#11145,#11146);
#9114=AXIS2_PLACEMENT_3D('',#14102,#11147,#11148);
#9115=AXIS2_PLACEMENT_3D('',#14105,#11151,#11152);
#9116=AXIS2_PLACEMENT_3D('',#14107,#11154,#11155);
#9117=AXIS2_PLACEMENT_3D('',#14108,#11156,#11157);
#9118=AXIS2_PLACEMENT_3D('',#14110,#11159,#11160);
#9119=AXIS2_PLACEMENT_3D('',#14112,#11162,#11163);
#9120=AXIS2_PLACEMENT_3D('',#14114,#11165,#11166);
#9121=AXIS2_PLACEMENT_3D('',#14116,#11168,#11169);
#9122=AXIS2_PLACEMENT_3D('',#14118,#11171,#11172);
#9123=AXIS2_PLACEMENT_3D('',#14120,#11174,#11175);
#9124=AXIS2_PLACEMENT_3D('',#14122,#11177,#11178);
#9125=AXIS2_PLACEMENT_3D('',#14123,#11179,#11180);
#9126=AXIS2_PLACEMENT_3D('',#14125,#11182,#11183);
#9127=AXIS2_PLACEMENT_3D('',#14127,#11185,#11186);
#9128=AXIS2_PLACEMENT_3D('',#14129,#11188,#11189);
#9129=AXIS2_PLACEMENT_3D('',#14130,#11190,#11191);
#9130=AXIS2_PLACEMENT_3D('',#14133,#11194,#11195);
#9131=AXIS2_PLACEMENT_3D('',#14135,#11197,#11198);
#9132=AXIS2_PLACEMENT_3D('',#14136,#11199,#11200);
#9133=AXIS2_PLACEMENT_3D('',#14138,#11202,#11203);
#9134=AXIS2_PLACEMENT_3D('',#14140,#11205,#11206);
#9135=AXIS2_PLACEMENT_3D('',#14142,#11208,#11209);
#9136=AXIS2_PLACEMENT_3D('',#14143,#11210,#11211);
#9137=AXIS2_PLACEMENT_3D('',#14145,#11213,#11214);
#9138=AXIS2_PLACEMENT_3D('',#14146,#11215,#11216);
#9139=AXIS2_PLACEMENT_3D('',#14148,#11218,#11219);
#9140=AXIS2_PLACEMENT_3D('',#14150,#11221,#11222);
#9141=AXIS2_PLACEMENT_3D('',#14152,#11224,#11225);
#9142=AXIS2_PLACEMENT_3D('',#14154,#11227,#11228);
#9143=AXIS2_PLACEMENT_3D('',#14156,#11230,#11231);
#9144=AXIS2_PLACEMENT_3D('',#14158,#11233,#11234);
#9145=AXIS2_PLACEMENT_3D('',#14160,#11236,#11237);
#9146=AXIS2_PLACEMENT_3D('',#14162,#11239,#11240);
#9147=AXIS2_PLACEMENT_3D('',#14164,#11242,#11243);
#9148=AXIS2_PLACEMENT_3D('',#14166,#11245,#11246);
#9149=AXIS2_PLACEMENT_3D('',#14168,#11248,#11249);
#9150=AXIS2_PLACEMENT_3D('',#14170,#11251,#11252);
#9151=AXIS2_PLACEMENT_3D('',#14172,#11254,#11255);
#9152=AXIS2_PLACEMENT_3D('',#14174,#11257,#11258);
#9153=AXIS2_PLACEMENT_3D('',#14176,#11260,#11261);
#9154=AXIS2_PLACEMENT_3D('',#14177,#11262,#11263);
#9155=AXIS2_PLACEMENT_3D('',#14179,#11265,#11266);
#9156=AXIS2_PLACEMENT_3D('',#14181,#11268,#11269);
#9157=AXIS2_PLACEMENT_3D('',#14183,#11271,#11272);
#9158=AXIS2_PLACEMENT_3D('',#14184,#11273,#11274);
#9159=AXIS2_PLACEMENT_3D('',#14186,#11276,#11277);
#9160=AXIS2_PLACEMENT_3D('',#14187,#11278,#11279);
#9161=AXIS2_PLACEMENT_3D('',#14190,#11280,#11281);
#9162=AXIS2_PLACEMENT_3D('',#14245,#11284,#11285);
#9163=AXIS2_PLACEMENT_3D('',#14251,#11286,#11287);
#9164=AXIS2_PLACEMENT_3D('',#14253,#11289,#11290);
#9165=AXIS2_PLACEMENT_3D('',#14282,#11292,#11293);
#9166=AXIS2_PLACEMENT_3D('',#14309,#11295,#11296);
#9167=AXIS2_PLACEMENT_3D('',#14310,#11297,#11298);
#9168=AXIS2_PLACEMENT_3D('',#14311,#11299,#11300);
#9169=AXIS2_PLACEMENT_3D('',#14312,#11301,#11302);
#9170=AXIS2_PLACEMENT_3D('',#14313,#11303,#11304);
#9171=AXIS2_PLACEMENT_3D('',#14314,#11305,#11306);
#9172=AXIS2_PLACEMENT_3D('',#14315,#11307,#11308);
#9173=AXIS2_PLACEMENT_3D('',#14316,#11309,#11310);
#9174=AXIS2_PLACEMENT_3D('',#14317,#11311,#11312);
#9175=AXIS2_PLACEMENT_3D('',#14342,#11314,#11315);
#9176=AXIS2_PLACEMENT_3D('',#14361,#11316,#11317);
#9177=AXIS2_PLACEMENT_3D('',#14362,#11318,#11319);
#9178=AXIS2_PLACEMENT_3D('',#14363,#11320,#11321);
#9179=AXIS2_PLACEMENT_3D('',#14364,#11322,#11323);
#9180=AXIS2_PLACEMENT_3D('',#14365,#11324,#11325);
#9181=AXIS2_PLACEMENT_3D('',#14401,#11345,#11346);
#9182=AXIS2_PLACEMENT_3D('',#14402,#11347,#11348);
#9183=AXIS2_PLACEMENT_3D('',#14403,#11349,#11350);
#9184=AXIS2_PLACEMENT_3D('',#14404,#11351,#11352);
#9185=AXIS2_PLACEMENT_3D('',#14405,#11353,#11354);
#9186=AXIS2_PLACEMENT_3D('',#14406,#11355,#11356);
#9187=AXIS2_PLACEMENT_3D('',#14407,#11357,#11358);
#9188=AXIS2_PLACEMENT_3D('',#14408,#11359,#11360);
#9189=AXIS2_PLACEMENT_3D('',#14409,#11361,#11362);
#9190=AXIS2_PLACEMENT_3D('',#14410,#11363,#11364);
#9191=AXIS2_PLACEMENT_3D('',#14411,#11365,#11366);
#9192=AXIS2_PLACEMENT_3D('',#14434,#11367,#11368);
#9193=AXIS2_PLACEMENT_3D('',#14438,#11370,#11371);
#9194=AXIS2_PLACEMENT_3D('',#14441,#11374,#11375);
#9195=AXIS2_PLACEMENT_3D('',#14464,#11376,#11377);
#9196=AXIS2_PLACEMENT_3D('',#14487,#11378,#11379);
#9197=AXIS2_PLACEMENT_3D('',#14541,#11409,#11410);
#9198=AXIS2_PLACEMENT_3D('',#14542,#11411,#11412);
#9199=AXIS2_PLACEMENT_3D('',#14543,#11413,#11414);
#9200=AXIS2_PLACEMENT_3D('',#14544,#11415,#11416);
#9201=AXIS2_PLACEMENT_3D('',#14545,#11417,#11418);
#9202=AXIS2_PLACEMENT_3D('',#14546,#11419,#11420);
#9203=AXIS2_PLACEMENT_3D('',#14547,#11421,#11422);
#9204=AXIS2_PLACEMENT_3D('',#14548,#11423,#11424);
#9205=AXIS2_PLACEMENT_3D('',#14549,#11425,#11426);
#9206=AXIS2_PLACEMENT_3D('',#14550,#11427,#11428);
#9207=AXIS2_PLACEMENT_3D('',#14551,#11429,#11430);
#9208=AXIS2_PLACEMENT_3D('',#14552,#11431,#11432);
#9209=AXIS2_PLACEMENT_3D('',#14553,#11433,#11434);
#9210=AXIS2_PLACEMENT_3D('',#14554,#11435,#11436);
#9211=AXIS2_PLACEMENT_3D('',#14555,#11437,#11438);
#9212=AXIS2_PLACEMENT_3D('',#14556,#11439,#11440);
#9213=AXIS2_PLACEMENT_3D('',#14557,#11441,#11442);
#9214=AXIS2_PLACEMENT_3D('',#14582,#11444,#11445);
#9215=AXIS2_PLACEMENT_3D('',#14607,#11447,#11448);
#9216=AXIS2_PLACEMENT_3D('',#14608,#11449,#11450);
#9217=AXIS2_PLACEMENT_3D('',#14609,#11451,#11452);
#9218=AXIS2_PLACEMENT_3D('',#14610,#11453,#11454);
#9219=AXIS2_PLACEMENT_3D('',#14611,#11455,#11456);
#9220=AXIS2_PLACEMENT_3D('',#14612,#11457,#11458);
#9221=AXIS2_PLACEMENT_3D('',#14613,#11459,#11460);
#9222=AXIS2_PLACEMENT_3D('',#14614,#11461,#11462);
#9223=AXIS2_PLACEMENT_3D('',#14615,#11463,#11464);
#9224=AXIS2_PLACEMENT_3D('',#14616,#11465,#11466);
#9225=AXIS2_PLACEMENT_3D('',#14617,#11467,#11468);
#9226=AXIS2_PLACEMENT_3D('',#14618,#11469,#11470);
#9227=AXIS2_PLACEMENT_3D('',#14619,#11471,#11472);
#9228=AXIS2_PLACEMENT_3D('',#14620,#11473,#11474);
#9229=AXIS2_PLACEMENT_3D('',#14621,#11475,#11476);
#9230=AXIS2_PLACEMENT_3D('',#14622,#11477,#11478);
#9231=AXIS2_PLACEMENT_3D('',#14631,#11483,#11484);
#9232=AXIS2_PLACEMENT_3D('',#14634,#11487,#11488);
#9233=AXIS2_PLACEMENT_3D('',#14636,#11490,#11491);
#9234=AXIS2_PLACEMENT_3D('',#14638,#11493,#11494);
#9235=AXIS2_PLACEMENT_3D('',#14639,#11495,#11496);
#9236=AXIS2_PLACEMENT_3D('',#14648,#11501,#11502);
#9237=AXIS2_PLACEMENT_3D('',#14651,#11505,#11506);
#9238=AXIS2_PLACEMENT_3D('',#14653,#11508,#11509);
#9239=AXIS2_PLACEMENT_3D('',#14655,#11511,#11512);
#9240=AXIS2_PLACEMENT_3D('',#14656,#11513,#11514);
#9241=AXIS2_PLACEMENT_3D('',#14665,#11519,#11520);
#9242=AXIS2_PLACEMENT_3D('',#14668,#11523,#11524);
#9243=AXIS2_PLACEMENT_3D('',#14670,#11526,#11527);
#9244=AXIS2_PLACEMENT_3D('',#14672,#11529,#11530);
#9245=AXIS2_PLACEMENT_3D('',#14673,#11531,#11532);
#9246=AXIS2_PLACEMENT_3D('',#14682,#11537,#11538);
#9247=AXIS2_PLACEMENT_3D('',#14685,#11541,#11542);
#9248=AXIS2_PLACEMENT_3D('',#14687,#11544,#11545);
#9249=AXIS2_PLACEMENT_3D('',#14689,#11547,#11548);
#9250=AXIS2_PLACEMENT_3D('',#14690,#11549,#11550);
#9251=AXIS2_PLACEMENT_3D('',#14699,#11555,#11556);
#9252=AXIS2_PLACEMENT_3D('',#14702,#11559,#11560);
#9253=AXIS2_PLACEMENT_3D('',#14704,#11562,#11563);
#9254=AXIS2_PLACEMENT_3D('',#14706,#11565,#11566);
#9255=AXIS2_PLACEMENT_3D('',#14707,#11567,#11568);
#9256=AXIS2_PLACEMENT_3D('',#14716,#11573,#11574);
#9257=AXIS2_PLACEMENT_3D('',#14719,#11577,#11578);
#9258=AXIS2_PLACEMENT_3D('',#14721,#11580,#11581);
#9259=AXIS2_PLACEMENT_3D('',#14723,#11583,#11584);
#9260=AXIS2_PLACEMENT_3D('',#14724,#11585,#11586);
#9261=AXIS2_PLACEMENT_3D('',#14733,#11591,#11592);
#9262=AXIS2_PLACEMENT_3D('',#14736,#11595,#11596);
#9263=AXIS2_PLACEMENT_3D('',#14738,#11598,#11599);
#9264=AXIS2_PLACEMENT_3D('',#14740,#11601,#11602);
#9265=AXIS2_PLACEMENT_3D('',#14741,#11603,#11604);
#9266=AXIS2_PLACEMENT_3D('',#14750,#11609,#11610);
#9267=AXIS2_PLACEMENT_3D('',#14753,#11613,#11614);
#9268=AXIS2_PLACEMENT_3D('',#14755,#11616,#11617);
#9269=AXIS2_PLACEMENT_3D('',#14757,#11619,#11620);
#9270=AXIS2_PLACEMENT_3D('',#14758,#11621,#11622);
#9271=AXIS2_PLACEMENT_3D('',#14767,#11627,#11628);
#9272=AXIS2_PLACEMENT_3D('',#14770,#11631,#11632);
#9273=AXIS2_PLACEMENT_3D('',#14772,#11634,#11635);
#9274=AXIS2_PLACEMENT_3D('',#14774,#11637,#11638);
#9275=AXIS2_PLACEMENT_3D('',#14775,#11639,#11640);
#9276=AXIS2_PLACEMENT_3D('',#14784,#11645,#11646);
#9277=AXIS2_PLACEMENT_3D('',#14787,#11649,#11650);
#9278=AXIS2_PLACEMENT_3D('',#14789,#11652,#11653);
#9279=AXIS2_PLACEMENT_3D('',#14791,#11655,#11656);
#9280=AXIS2_PLACEMENT_3D('',#14792,#11657,#11658);
#9281=AXIS2_PLACEMENT_3D('',#14801,#11663,#11664);
#9282=AXIS2_PLACEMENT_3D('',#14804,#11667,#11668);
#9283=AXIS2_PLACEMENT_3D('',#14806,#11670,#11671);
#9284=AXIS2_PLACEMENT_3D('',#14808,#11673,#11674);
#9285=AXIS2_PLACEMENT_3D('',#14809,#11675,#11676);
#9286=AXIS2_PLACEMENT_3D('',#14810,#11677,#11678);
#9287=AXIS2_PLACEMENT_3D('',#14814,#11681,#11682);
#9288=AXIS2_PLACEMENT_3D('',#14815,#11683,#11684);
#9289=AXIS2_PLACEMENT_3D('',#14816,#11685,#11686);
#9290=AXIS2_PLACEMENT_3D('',#14818,#11687,#11688);
#9291=AXIS2_PLACEMENT_3D('',#14819,#11689,#11690);
#9292=AXIS2_PLACEMENT_3D('',#14822,#11691,#11692);
#9293=AXIS2_PLACEMENT_3D('',#14824,#11694,#11695);
#9294=AXIS2_PLACEMENT_3D('',#14825,#11696,#11697);
#9295=AXIS2_PLACEMENT_3D('',#14826,#11698,#11699);
#9296=AXIS2_PLACEMENT_3D('',#14827,#11700,#11701);
#9297=AXIS2_PLACEMENT_3D('',#14828,#11702,#11703);
#9298=AXIS2_PLACEMENT_3D('',#14831,#11704,#11705);
#9299=AXIS2_PLACEMENT_3D('',#14835,#11707,#11708);
#9300=AXIS2_PLACEMENT_3D('',#14839,#11710,#11711);
#9301=AXIS2_PLACEMENT_3D('',#14840,#11712,#11713);
#9302=AXIS2_PLACEMENT_3D('',#14841,#11714,#11715);
#9303=AXIS2_PLACEMENT_3D('',#14848,#11717,#11718);
#9304=AXIS2_PLACEMENT_3D('',#14851,#11720,#11721);
#9305=AXIS2_PLACEMENT_3D('',#14852,#11722,#11723);
#9306=AXIS2_PLACEMENT_3D('',#14856,#11726,#11727);
#9307=AXIS2_PLACEMENT_3D('',#14861,#11728,#11729);
#9308=AXIS2_PLACEMENT_3D('',#14862,#11730,#11731);
#9309=AXIS2_PLACEMENT_3D('',#14863,#11732,#11733);
#9310=AXIS2_PLACEMENT_3D('',#14864,#11734,#11735);
#9311=AXIS2_PLACEMENT_3D('',#14874,#11737,#11738);
#9312=AXIS2_PLACEMENT_3D('',#14876,#11740,#11741);
#9313=AXIS2_PLACEMENT_3D('',#14885,#11742,#11743);
#9314=AXIS2_PLACEMENT_3D('',#14886,#11744,#11745);
#9315=AXIS2_PLACEMENT_3D('',#14887,#11746,#11747);
#9316=AXIS2_PLACEMENT_3D('',#14890,#11748,#11749);
#9317=AXIS2_PLACEMENT_3D('',#14893,#11752,#11753);
#9318=AXIS2_PLACEMENT_3D('',#14897,#11756,#11757);
#9319=AXIS2_PLACEMENT_3D('',#14898,#11758,#11759);
#9320=AXIS2_PLACEMENT_3D('',#14899,#11760,#11761);
#9321=AXIS2_PLACEMENT_3D('',#14900,#11762,#11763);
#9322=AXIS2_PLACEMENT_3D('',#14901,#11764,#11765);
#9323=AXIS2_PLACEMENT_3D('',#14902,#11766,#11767);
#9324=AXIS2_PLACEMENT_3D('',#14907,#11769,#11770);
#9325=AXIS2_PLACEMENT_3D('',#14910,#11772,#11773);
#9326=AXIS2_PLACEMENT_3D('',#14911,#11774,#11775);
#9327=AXIS2_PLACEMENT_3D('',#14918,#11777,#11778);
#9328=AXIS2_PLACEMENT_3D('',#14925,#11780,#11781);
#9329=AXIS2_PLACEMENT_3D('',#14927,#11783,#11784);
#9330=AXIS2_PLACEMENT_3D('',#14928,#11785,#11786);
#9331=AXIS2_PLACEMENT_3D('',#14931,#11787,#11788);
#9332=AXIS2_PLACEMENT_3D('',#14935,#11790,#11791);
#9333=AXIS2_PLACEMENT_3D('',#14937,#11793,#11794);
#9334=AXIS2_PLACEMENT_3D('',#14946,#11795,#11796);
#9335=AXIS2_PLACEMENT_3D('',#14947,#11797,#11798);
#9336=AXIS2_PLACEMENT_3D('',#14948,#11799,#11800);
#9337=AXIS2_PLACEMENT_3D('',#14957,#11803,#11804);
#9338=AXIS2_PLACEMENT_3D('',#14961,#11807,#11808);
#9339=AXIS2_PLACEMENT_3D('',#14962,#11809,#11810);
#9340=AXIS2_PLACEMENT_3D('',#14963,#11811,#11812);
#9341=AXIS2_PLACEMENT_3D('',#14964,#11813,#11814);
#9342=AXIS2_PLACEMENT_3D('',#14965,#11815,#11816);
#9343=AXIS2_PLACEMENT_3D('',#14966,#11817,#11818);
#9344=AXIS2_PLACEMENT_3D('',#14971,#11820,#11821);
#9345=AXIS2_PLACEMENT_3D('',#14974,#11823,#11824);
#9346=AXIS2_PLACEMENT_3D('',#14975,#11825,#11826);
#9347=AXIS2_PLACEMENT_3D('',#14982,#11828,#11829);
#9348=AXIS2_PLACEMENT_3D('',#14986,#11832,#11833);
#9349=AXIS2_PLACEMENT_3D('',#14991,#11834,#11835);
#9350=AXIS2_PLACEMENT_3D('',#14992,#11836,#11837);
#9351=AXIS2_PLACEMENT_3D('',#15002,#11839,#11840);
#9352=AXIS2_PLACEMENT_3D('',#15004,#11842,#11843);
#9353=AXIS2_PLACEMENT_3D('',#15010,#11847,#11848);
#9354=AXIS2_PLACEMENT_3D('',#15011,#11849,#11850);
#9355=AXIS2_PLACEMENT_3D('',#15012,#11851,#11852);
#9356=AXIS2_PLACEMENT_3D('',#15021,#11853,#11854);
#9357=AXIS2_PLACEMENT_3D('',#15022,#11855,#11856);
#9358=AXIS2_PLACEMENT_3D('',#15023,#11857,#11858);
#9359=AXIS2_PLACEMENT_3D('',#15025,#11859,#11860);
#9360=AXIS2_PLACEMENT_3D('',#15027,#11862,#11863);
#9361=AXIS2_PLACEMENT_3D('',#15028,#11864,#11865);
#9362=AXIS2_PLACEMENT_3D('',#15029,#11866,#11867);
#9363=AXIS2_PLACEMENT_3D('',#15030,#11868,#11869);
#9364=AXIS2_PLACEMENT_3D('',#15035,#11871,#11872);
#9365=AXIS2_PLACEMENT_3D('',#15038,#11874,#11875);
#9366=AXIS2_PLACEMENT_3D('',#15039,#11876,#11877);
#9367=AXIS2_PLACEMENT_3D('',#15045,#11881,#11882);
#9368=AXIS2_PLACEMENT_3D('',#15050,#11883,#11884);
#9369=AXIS2_PLACEMENT_3D('',#15055,#11885,#11886);
#9370=AXIS2_PLACEMENT_3D('',#15056,#11887,#11888);
#9371=AXIS2_PLACEMENT_3D('',#15059,#11889,#11890);
#9372=AXIS2_PLACEMENT_3D('',#15063,#11892,#11893);
#9373=AXIS2_PLACEMENT_3D('',#15067,#11895,#11896);
#9374=AXIS2_PLACEMENT_3D('',#15068,#11897,#11898);
#9375=AXIS2_PLACEMENT_3D('',#15069,#11899,#11900);
#9376=AXIS2_PLACEMENT_3D('',#15073,#11902,#11903);
#9377=AXIS2_PLACEMENT_3D('',#15075,#11905,#11906);
#9378=AXIS2_PLACEMENT_3D('',#15082,#11907,#11908);
#9379=AXIS2_PLACEMENT_3D('',#15086,#11911,#11912);
#9380=AXIS2_PLACEMENT_3D('',#15091,#11913,#11914);
#9381=AXIS2_PLACEMENT_3D('',#15092,#11915,#11916);
#9382=AXIS2_PLACEMENT_3D('',#15093,#11917,#11918);
#9383=AXIS2_PLACEMENT_3D('',#15094,#11919,#11920);
#9384=AXIS2_PLACEMENT_3D('',#15102,#11921,#11922);
#9385=AXIS2_PLACEMENT_3D('',#15104,#11923,#11924);
#9386=AXIS2_PLACEMENT_3D('',#15105,#11925,#11926);
#9387=AXIS2_PLACEMENT_3D('',#15106,#11927,#11928);
#9388=AXIS2_PLACEMENT_3D('',#15109,#11929,#11930);
#9389=AXIS2_PLACEMENT_3D('',#15112,#11933,#11934);
#9390=AXIS2_PLACEMENT_3D('',#15118,#11938,#11939);
#9391=AXIS2_PLACEMENT_3D('',#15125,#11941,#11942);
#9392=AXIS2_PLACEMENT_3D('',#15126,#11943,#11944);
#9393=AXIS2_PLACEMENT_3D('',#15127,#11945,#11946);
#9394=AXIS2_PLACEMENT_3D('',#15128,#11947,#11948);
#9395=AXIS2_PLACEMENT_3D('',#15129,#11949,#11950);
#9396=AXIS2_PLACEMENT_3D('',#15130,#11951,#11952);
#9397=AXIS2_PLACEMENT_3D('',#15133,#11953,#11954);
#9398=AXIS2_PLACEMENT_3D('',#15140,#11956,#11957);
#9399=AXIS2_PLACEMENT_3D('',#15149,#11960,#11961);
#9400=AXIS2_PLACEMENT_3D('',#15153,#11964,#11965);
#9401=AXIS2_PLACEMENT_3D('',#15154,#11966,#11967);
#9402=AXIS2_PLACEMENT_3D('',#15155,#11968,#11969);
#9403=AXIS2_PLACEMENT_3D('',#15156,#11970,#11971);
#9404=AXIS2_PLACEMENT_3D('',#15161,#11973,#11974);
#9405=AXIS2_PLACEMENT_3D('',#15164,#11976,#11977);
#9406=AXIS2_PLACEMENT_3D('',#15165,#11978,#11979);
#9407=AXIS2_PLACEMENT_3D('',#15172,#11981,#11982);
#9408=AXIS2_PLACEMENT_3D('',#15176,#11985,#11986);
#9409=AXIS2_PLACEMENT_3D('',#15181,#11987,#11988);
#9410=AXIS2_PLACEMENT_3D('',#15182,#11989,#11990);
#9411=AXIS2_PLACEMENT_3D('',#15192,#11992,#11993);
#9412=AXIS2_PLACEMENT_3D('',#15194,#11995,#11996);
#9413=AXIS2_PLACEMENT_3D('',#15200,#12000,#12001);
#9414=AXIS2_PLACEMENT_3D('',#15201,#12002,#12003);
#9415=AXIS2_PLACEMENT_3D('',#15202,#12004,#12005);
#9416=AXIS2_PLACEMENT_3D('',#15211,#12006,#12007);
#9417=AXIS2_PLACEMENT_3D('',#15212,#12008,#12009);
#9418=AXIS2_PLACEMENT_3D('',#15213,#12010,#12011);
#9419=AXIS2_PLACEMENT_3D('',#15215,#12012,#12013);
#9420=AXIS2_PLACEMENT_3D('',#15217,#12015,#12016);
#9421=AXIS2_PLACEMENT_3D('',#15218,#12017,#12018);
#9422=AXIS2_PLACEMENT_3D('',#15219,#12019,#12020);
#9423=AXIS2_PLACEMENT_3D('',#15220,#12021,#12022);
#9424=AXIS2_PLACEMENT_3D('',#15225,#12024,#12025);
#9425=AXIS2_PLACEMENT_3D('',#15228,#12027,#12028);
#9426=AXIS2_PLACEMENT_3D('',#15229,#12029,#12030);
#9427=AXIS2_PLACEMENT_3D('',#15236,#12032,#12033);
#9428=AXIS2_PLACEMENT_3D('',#15240,#12036,#12037);
#9429=AXIS2_PLACEMENT_3D('',#15245,#12038,#12039);
#9430=AXIS2_PLACEMENT_3D('',#15246,#12040,#12041);
#9431=AXIS2_PLACEMENT_3D('',#15247,#12042,#12043);
#9432=DIRECTION('axis',(0.,0.,1.));
#9433=DIRECTION('refdir',(1.,0.,0.));
#9434=DIRECTION('axis',(0.,0.,1.));
#9435=DIRECTION('refdir',(1.,0.,0.));
#9436=DIRECTION('center_axis',(-0.242378153814221,0.937123709335388,-0.251101541124488));
#9437=DIRECTION('ref_axis',(-0.686022168210916,-0.348560059608525,-0.638654421083027));
#9438=DIRECTION('',(0.242378153814221,-0.937123709335388,0.251101541124488));
#9439=DIRECTION('center_axis',(-0.788155490310831,0.594504333761482,-0.159296956128201));
#9440=DIRECTION('ref_axis',(-0.615476175893831,-0.761299743222753,0.203989651394566));
#9441=DIRECTION('center_axis',(0.,0.877949724067088,0.478752840211443));
#9442=DIRECTION('ref_axis',(-0.340585112289996,0.450129974091679,-0.825460348963313));
#9443=DIRECTION('',(-0.242378153814221,0.937123709335388,-0.251101541124488));
#9444=DIRECTION('',(0.242378153814221,-0.937123709335388,0.251101541124488));
#9445=DIRECTION('center_axis',(0.788105537414383,-0.594566116731644,0.159313510825161));
#9446=DIRECTION('ref_axis',(-0.615540138331195,-0.761251492429976,0.203976722633608));
#9447=DIRECTION('center_axis',(-1.,0.,0.));
#9448=DIRECTION('ref_axis',(0.,-0.618381102743931,-0.785878369577125));
#9449=DIRECTION('',(-1.,0.,0.));
#9450=DIRECTION('center_axis',(0.707106781186543,-0.683012701892221,0.18301270189223));
#9451=DIRECTION('ref_axis',(0.707106781186552,0.683012701892213,-0.183012701892227));
#9452=DIRECTION('',(1.,0.,0.));
#9453=DIRECTION('center_axis',(-0.788255380529878,-0.594380756074477,0.159263843586766));
#9454=DIRECTION('ref_axis',(0.615348238858044,-0.761396229765124,0.204015504885679));
#9455=DIRECTION('center_axis',(-1.,0.,0.));
#9456=DIRECTION('ref_axis',(0.,-0.618381102743931,-0.785878369577125));
#9457=DIRECTION('',(1.,0.,0.));
#9458=DIRECTION('center_axis',(-0.707106781186542,-0.683012701892222,0.18301270189223));
#9459=DIRECTION('ref_axis',(0.707106781186553,-0.683012701892212,0.183012701892227));
#9460=DIRECTION('',(-1.,0.,0.));
#9461=DIRECTION('center_axis',(-1.,0.,0.));
#9462=DIRECTION('ref_axis',(0.,0.142631333638964,-0.989775885069126));
#9463=DIRECTION('',(1.,0.,0.));
#9464=DIRECTION('center_axis',(-0.707106781186548,0.683012701892217,-0.183012701892228));
#9465=DIRECTION('ref_axis',(0.707106781186547,0.683012701892217,-0.183012701892228));
#9466=DIRECTION('',(-1.,0.,0.));
#9467=DIRECTION('center_axis',(0.707106781186548,0.683012701892217,-0.183012701892228));
#9468=DIRECTION('ref_axis',(0.707106781186547,-0.683012701892217,0.183012701892228));
#9469=DIRECTION('center_axis',(0.,0.965925826289065,-0.258819045102533));
#9470=DIRECTION('ref_axis',(0.707106781186547,-0.183012701892228,-0.683012701892218));
#9471=DIRECTION('',(0.,0.965925826289065,-0.258819045102533));
#9472=DIRECTION('center_axis',(0.,-0.52101377108413,0.853548270656495));
#9473=DIRECTION('ref_axis',(-5.0249749202109E-17,-0.853548270656495,-0.52101377108413));
#9474=DIRECTION('',(0.,-0.965925826289065,0.258819045102533));
#9475=DIRECTION('center_axis',(0.,0.877949724067088,0.478752840211443));
#9476=DIRECTION('ref_axis',(-5.02461932974726E-17,0.478752840211443,-0.877949724067088));
#9477=DIRECTION('center_axis',(0.,-0.965925826289065,0.258819045102533));
#9478=DIRECTION('ref_axis',(-0.707106781186547,-0.183012701892228,-0.683012701892217));
#9479=DIRECTION('',(0.,0.965925826289065,-0.258819045102533));
#9480=DIRECTION('center_axis',(0.,-0.52101377108413,0.853548270656495));
#9481=DIRECTION('ref_axis',(1.00499498404218E-16,-0.853548270656495,-0.52101377108413));
#9482=DIRECTION('',(0.,-0.965925826289065,0.258819045102533));
#9483=DIRECTION('center_axis',(0.,0.877949724067088,0.478752840211443));
#9484=DIRECTION('ref_axis',(2.51230966487363E-16,0.478752840211443,-0.877949724067088));
#9485=DIRECTION('center_axis',(-0.242693089868615,-0.937047658118246,0.251081163262271));
#9486=DIRECTION('ref_axis',(0.685966494855989,-0.348775164933961,-0.638596783784789));
#9487=DIRECTION('',(0.242693089868615,0.937047658118246,-0.251081163262271));
#9488=DIRECTION('',(-0.242693089868615,-0.937047658118246,0.251081163262271));
#9489=DIRECTION('center_axis',(0.,0.877949724067088,0.478752840211443));
#9490=DIRECTION('ref_axis',(0.341000687765427,0.450057853374765,-0.825328092069575));
#9491=DIRECTION('',(0.242693089868615,0.937047658118246,-0.251081163262271));
#9492=DIRECTION('center_axis',(-0.788305317851823,-0.594318961358444,0.159247285742509));
#9493=DIRECTION('ref_axis',(-0.61528426426046,0.761444465514087,-0.204028429615655));
#9494=DIRECTION('center_axis',(-0.99999998682703,0.000156783600619649,-4.20100391724808E-5));
#9495=DIRECTION('ref_axis',(-0.000114773561447666,-0.86602539478714,-0.500000002410809));
#9496=DIRECTION('',(0.99999998682703,-0.000156783600619649,4.20100391724808E-5));
#9497=DIRECTION('',(0.99999998682703,-0.000156783600619649,4.20100391724808E-5));
#9498=DIRECTION('center_axis',(0.,0.52101377108413,-0.853548270656495));
#9499=DIRECTION('ref_axis',(8.29590070577304E-18,-0.853548270656495,-0.52101377108413));
#9500=DIRECTION('',(-2.79845087318814E-17,-0.853548270656495,-0.52101377108413));
#9501=DIRECTION('center_axis',(0.,0.52101377108413,-0.853548270656495));
#9502=DIRECTION('ref_axis',(-5.0249749202109E-17,0.853548270656495,0.52101377108413));
#9503=DIRECTION('',(-1.,3.10880627068796E-17,1.89764414543929E-17));
#9504=DIRECTION('center_axis',(0.,0.52101377108413,-0.853548270656495));
#9505=DIRECTION('ref_axis',(5.0249749202109E-17,0.853548270656495,0.52101377108413));
#9506=DIRECTION('',(2.79845087318815E-17,0.853548270656495,0.52101377108413));
#9507=DIRECTION('center_axis',(-1.,0.,0.));
#9508=DIRECTION('ref_axis',(0.,0.,1.));
#9509=DIRECTION('',(1.30082894272627E-17,-0.478752840211443,0.877949724067088));
#9510=DIRECTION('',(0.,-0.965925826289065,0.258819045102533));
#9511=DIRECTION('center_axis',(0.,-0.877949724067088,-0.478752840211443));
#9512=DIRECTION('ref_axis',(1.96654331426611E-18,-0.478752840211443,0.877949724067088));
#9513=DIRECTION('',(-0.1700242539655,-0.471782140428455,0.865166668935079));
#9514=DIRECTION('',(1.,1.74384415375228E-17,-3.19790790781866E-17));
#9515=DIRECTION('center_axis',(0.,-0.877949724067088,-0.478752840211443));
#9516=DIRECTION('ref_axis',(-5.02461932974726E-17,-0.478752840211443,0.877949724067088));
#9517=DIRECTION('center_axis',(-0.970103120358874,0.234423523365989,-0.0628135937727778));
#9518=DIRECTION('ref_axis',(-0.242693089868615,-0.937047658118246,0.251081163262271));
#9519=DIRECTION('',(0.1700242539655,0.471782140428455,-0.865166668935079));
#9520=DIRECTION('',(0.242693089868615,0.937047658118246,-0.251081163262271));
#9521=DIRECTION('',(3.41607084500048E-16,0.258819045102533,0.965925826289065));
#9522=DIRECTION('',(0.242693089868615,0.937047658118246,-0.251081163262271));
#9523=DIRECTION('center_axis',(0.970103120358874,-0.234423523365989,0.0628135937727778));
#9524=DIRECTION('ref_axis',(0.242693089868615,0.937047658118247,-0.251081163262269));
#9525=DIRECTION('center_axis',(0.,-0.258819045102533,-0.965925826289065));
#9526=DIRECTION('ref_axis',(1.17509006967704E-17,-0.965925826289065,0.258819045102533));
#9527=DIRECTION('center_axis',(0.,0.258819045102533,0.965925826289065));
#9528=DIRECTION('ref_axis',(-1.,7.79843855881234E-17,3.32761824501659E-16));
#9529=DIRECTION('center_axis',(1.,1.74384415375228E-17,-3.19790790781866E-17));
#9530=DIRECTION('ref_axis',(0.,0.618381102743932,0.785878369577124));
#9531=DIRECTION('',(-1.,-1.74384415375228E-17,3.19790790781866E-17));
#9532=DIRECTION('center_axis',(-0.707106781186545,0.683012701892219,-0.183012701892228));
#9533=DIRECTION('ref_axis',(-0.70710678118655,-0.683012701892215,0.183012701892227));
#9534=DIRECTION('center_axis',(1.,1.74384415375228E-17,-3.19790790781866E-17));
#9535=DIRECTION('ref_axis',(0.,0.618381102743932,0.785878369577124));
#9536=DIRECTION('',(-1.,-1.74384415375228E-17,3.19790790781866E-17));
#9537=DIRECTION('center_axis',(-0.970181854372473,-0.234119318497419,0.0627320823239117));
#9538=DIRECTION('ref_axis',(-0.242378153814221,0.937123709335388,-0.251101541124488));
#9539=DIRECTION('',(1.,1.74384415375228E-17,-3.19790790781866E-17));
#9540=DIRECTION('center_axis',(0.707106781186543,0.68301270189222,-0.183012701892237));
#9541=DIRECTION('ref_axis',(-0.707106781186553,0.68301270189221,-0.183012701892234));
#9542=DIRECTION('center_axis',(-1.,3.10880627068796E-17,1.89764414543929E-17));
#9543=DIRECTION('ref_axis',(0.,-0.142631333638964,0.989775885069126));
#9544=DIRECTION('',(1.,-3.10880627068796E-17,-1.89764414543929E-17));
#9545=DIRECTION('center_axis',(0.707106781186545,-0.68301270189222,0.183012701892228));
#9546=DIRECTION('ref_axis',(0.70710678118655,0.683012701892215,-0.183012701892227));
#9547=DIRECTION('center_axis',(-0.707106781186545,-0.68301270189222,0.183012701892229));
#9548=DIRECTION('ref_axis',(0.70710678118655,-0.683012701892214,0.183012701892228));
#9549=DIRECTION('center_axis',(0.,0.965925826289065,-0.258819045102533));
#9550=DIRECTION('ref_axis',(-0.707106781186548,0.183012701892229,0.683012701892217));
#9551=DIRECTION('',(0.,0.965925826289065,-0.258819045102533));
#9552=DIRECTION('',(0.,-0.965925826289065,0.258819045102533));
#9553=DIRECTION('center_axis',(0.,-0.877949724067088,-0.478752840211443));
#9554=DIRECTION('ref_axis',(5.02461932974726E-17,-0.478752840211443,0.877949724067088));
#9555=DIRECTION('center_axis',(0.,-0.965925826289065,0.258819045102533));
#9556=DIRECTION('ref_axis',(0.707106781186548,0.183012701892229,0.683012701892217));
#9557=DIRECTION('',(0.,0.965925826289065,-0.258819045102533));
#9558=DIRECTION('center_axis',(1.07979655772429E-17,-0.965925826289065,
0.258819045102533));
#9559=DIRECTION('ref_axis',(1.,1.77589528958554E-17,2.45571792067967E-17));
#9560=DIRECTION('',(1.,1.74384415375228E-17,-3.19790790781866E-17));
#9561=DIRECTION('',(-1.,-3.60341813470146E-18,2.82719957301347E-17));
#9562=DIRECTION('',(3.41607084500048E-16,0.258819045102533,0.965925826289065));
#9563=DIRECTION('center_axis',(0.970181854372473,0.234119318497419,-0.0627320823239117));
#9564=DIRECTION('ref_axis',(-0.242378153814221,0.937123709335388,-0.251101541124488));
#9565=DIRECTION('',(-0.169796600962111,0.47180093212532,-0.865201129649859));
#9566=DIRECTION('',(0.242378153814221,-0.937123709335388,0.251101541124488));
#9567=DIRECTION('',(0.242378153814221,-0.937123709335388,0.251101541124488));
#9568=DIRECTION('',(0.169796600962111,-0.47180093212532,0.86520112964986));
#9569=DIRECTION('center_axis',(3.41607084500048E-16,0.258819045102533,0.965925826289065));
#9570=DIRECTION('ref_axis',(-1.,7.79843855881234E-17,3.32761824501659E-16));
#9571=DIRECTION('',(3.41607084500048E-16,0.258819045102533,0.965925826289065));
#9572=DIRECTION('center_axis',(0.,-0.258819045102533,-0.965925826289065));
#9573=DIRECTION('ref_axis',(-1.,7.79843855881234E-17,3.32761824501659E-16));
#9574=DIRECTION('center_axis',(0.,-0.877949724067088,-0.478752840211443));
#9575=DIRECTION('ref_axis',(1.96654331426611E-18,-0.478752840211443,0.877949724067088));
#9576=DIRECTION('',(-1.30082894272626E-17,0.478752840211443,-0.877949724067088));
#9577=DIRECTION('center_axis',(-2.63760175957427E-17,-0.258819045102533,
-0.965925826289065));
#9578=DIRECTION('ref_axis',(9.84366377686367E-17,0.965925826289065,-0.258819045102533));
#9579=DIRECTION('',(1.,-6.82661568773774E-18,-2.54772765903827E-17));
#9580=DIRECTION('center_axis',(-2.63760175957427E-17,-0.258819045102533,
-0.965925826289065));
#9581=DIRECTION('ref_axis',(1.66745512129041E-33,0.965925826289065,-0.258819045102533));
#9582=DIRECTION('',(4.7687431930208E-16,0.965925826289065,-0.258819045102533));
#9583=DIRECTION('center_axis',(-2.63760175957427E-17,-0.258819045102533,
-0.965925826289065));
#9584=DIRECTION('ref_axis',(-1.,6.82661568773774E-18,2.54772765903827E-17));
#9585=DIRECTION('',(-1.,1.02815337037936E-15,-2.48186402537549E-16));
#9586=DIRECTION('center_axis',(-2.63760175957427E-17,-0.258819045102533,
-0.965925826289065));
#9587=DIRECTION('ref_axis',(-3.3349102425808E-33,-0.965925826289065,0.258819045102533));
#9588=DIRECTION('',(-4.7687431930208E-16,-0.965925826289065,0.258819045102533));
#9589=DIRECTION('center_axis',(-2.63760175957427E-17,-0.258819045102533,
-0.965925826289065));
#9590=DIRECTION('ref_axis',(1.,-6.82661568773774E-18,-2.54772765903827E-17));
#9591=DIRECTION('',(-1.,0.,0.));
#9592=DIRECTION('',(-1.07979655772429E-17,0.965925826289065,-0.258819045102533));
#9593=DIRECTION('',(1.,6.63537628858517E-16,-2.0510083455126E-16));
#9594=DIRECTION('',(1.07979655772429E-17,-0.965925826289065,0.258819045102533));
#9595=DIRECTION('',(-1.,0.,0.));
#9596=DIRECTION('center_axis',(0.,0.877949724067088,0.478752840211443));
#9597=DIRECTION('ref_axis',(-1.01662120470857E-18,0.478752840211443,-0.877949724067088));
#9598=DIRECTION('',(-1.,0.,0.));
#9599=DIRECTION('',(-7.44703121358447E-18,0.478752840211443,-0.877949724067088));
#9600=DIRECTION('center_axis',(0.,0.877949724067088,0.478752840211443));
#9601=DIRECTION('ref_axis',(-1.01662120470857E-18,0.478752840211443,-0.877949724067088));
#9602=DIRECTION('',(7.44703121358447E-18,-0.478752840211443,0.877949724067088));
#9603=DIRECTION('',(-1.,0.,0.));
#9604=DIRECTION('center_axis',(-2.63760175957427E-17,-0.258819045102533,
-0.965925826289065));
#9605=DIRECTION('ref_axis',(9.84366377686367E-17,0.965925826289065,-0.258819045102533));
#9606=DIRECTION('center_axis',(-2.63760175957427E-17,-0.258819045102533,
-0.965925826289065));
#9607=DIRECTION('ref_axis',(0.499999999999997,0.836516303737807,-0.224143868042025));
#9608=DIRECTION('center_axis',(2.63760175957427E-17,0.258819045102533,0.965925826289065));
#9609=DIRECTION('ref_axis',(0.,0.965925826289065,-0.258819045102532));
#9610=DIRECTION('',(0.,-0.965925826289065,0.258819045102533));
#9611=DIRECTION('',(1.,1.23259516440783E-32,-2.73064627509498E-17));
#9612=DIRECTION('',(-5.47327358255864E-17,0.965925826289065,-0.258819045102533));
#9613=DIRECTION('center_axis',(2.63760175957427E-17,0.258819045102533,0.965925826289065));
#9614=DIRECTION('ref_axis',(0.,0.965925826289065,-0.258819045102532));
#9615=DIRECTION('center_axis',(-2.63760175957427E-17,-0.258819045102533,
-0.965925826289065));
#9616=DIRECTION('ref_axis',(-0.499999999999997,0.836516303737807,-0.224143868042025));
#9617=DIRECTION('',(1.,6.05969437127233E-16,-1.89675484067142E-16));
#9618=DIRECTION('center_axis',(-2.63760175957427E-17,-0.258819045102533,
-0.965925826289065));
#9619=DIRECTION('ref_axis',(6.95974634711977E-16,0.965925826289065,-0.258819045102533));
#9620=DIRECTION('center_axis',(-2.63760175957427E-17,-0.258819045102533,
-0.965925826289065));
#9621=DIRECTION('ref_axis',(0.796150037447384,0.584481005432076,-0.156611213396865));
#9622=DIRECTION('center_axis',(2.63760175957427E-17,0.258819045102533,0.965925826289065));
#9623=DIRECTION('ref_axis',(0.,0.965925826289065,-0.258819045102533));
#9624=DIRECTION('center_axis',(-2.63760175957427E-17,-0.258819045102533,
-0.965925826289065));
#9625=DIRECTION('ref_axis',(0.442007099941113,0.866446624115044,-0.232163673216313));
#9626=DIRECTION('center_axis',(-2.63760175957427E-17,-0.258819045102533,
-0.965925826289065));
#9627=DIRECTION('ref_axis',(6.95974634711977E-16,0.965925826289065,-0.258819045102533));
#9628=DIRECTION('',(-4.7687431930208E-16,-0.965925826289065,0.258819045102533));
#9629=DIRECTION('center_axis',(-2.63760175957427E-17,-0.258819045102533,
-0.965925826289065));
#9630=DIRECTION('ref_axis',(0.866025403784442,-0.482962913144527,0.129409522551267));
#9631=DIRECTION('center_axis',(2.63760175957427E-17,0.258819045102533,0.965925826289065));
#9632=DIRECTION('ref_axis',(0.,0.965925826289065,-0.258819045102533));
#9633=DIRECTION('center_axis',(-2.63760175957427E-17,-0.258819045102533,
-0.965925826289065));
#9634=DIRECTION('ref_axis',(0.866025403784442,0.482962913144527,-0.129409522551267));
#9635=DIRECTION('',(-4.7687431930208E-16,-0.965925826289065,0.258819045102533));
#9636=DIRECTION('center_axis',(-2.63760175957427E-17,-0.258819045102533,
-0.965925826289065));
#9637=DIRECTION('ref_axis',(0.866025403784439,-0.482962913144531,0.129409522551266));
#9638=DIRECTION('center_axis',(2.63760175957427E-17,0.258819045102533,0.965925826289065));
#9639=DIRECTION('ref_axis',(0.,0.965925826289065,-0.258819045102533));
#9640=DIRECTION('center_axis',(-2.63760175957427E-17,-0.258819045102533,
-0.965925826289065));
#9641=DIRECTION('ref_axis',(0.866025403784437,0.482962913144536,-0.129409522551267));
#9642=DIRECTION('',(-4.7687431930208E-16,-0.965925826289065,0.258819045102533));
#9643=DIRECTION('center_axis',(-2.63760175957427E-17,-0.258819045102533,
-0.965925826289065));
#9644=DIRECTION('ref_axis',(0.866025403784439,-0.482962913144531,0.129409522551266));
#9645=DIRECTION('center_axis',(2.63760175957427E-17,0.258819045102533,0.965925826289065));
#9646=DIRECTION('ref_axis',(0.,0.965925826289065,-0.258819045102533));
#9647=DIRECTION('center_axis',(-2.63760175957427E-17,-0.258819045102533,
-0.965925826289065));
#9648=DIRECTION('ref_axis',(0.866025403784442,0.482962913144527,-0.129409522551267));
#9649=DIRECTION('',(-4.7687431930208E-16,-0.965925826289065,0.258819045102533));
#9650=DIRECTION('center_axis',(-2.63760175957427E-17,-0.258819045102533,
-0.965925826289065));
#9651=DIRECTION('ref_axis',(0.866025403784437,-0.482962913144535,0.129409522551266));
#9652=DIRECTION('center_axis',(2.63760175957427E-17,0.258819045102533,0.965925826289065));
#9653=DIRECTION('ref_axis',(0.,0.965925826289065,-0.258819045102533));
#9654=DIRECTION('center_axis',(-2.63760175957427E-17,-0.258819045102533,
-0.965925826289065));
#9655=DIRECTION('ref_axis',(0.866025403784437,0.482962913144535,-0.129409522551266));
#9656=DIRECTION('',(-4.7687431930208E-16,-0.965925826289065,0.258819045102533));
#9657=DIRECTION('center_axis',(-2.63760175957427E-17,-0.258819045102533,
-0.965925826289065));
#9658=DIRECTION('ref_axis',(1.,6.72259874110401E-16,-1.80131490371739E-16));
#9659=DIRECTION('center_axis',(-2.63760175957427E-17,-0.258819045102533,
-0.965925826289065));
#9660=DIRECTION('ref_axis',(0.589370652259584,-0.780335501147638,0.209090267357853));
#9661=DIRECTION('center_axis',(2.63760175957427E-17,0.258819045102533,0.965925826289065));
#9662=DIRECTION('ref_axis',(0.,0.965925826289065,-0.258819045102533));
#9663=DIRECTION('center_axis',(-2.63760175957427E-17,-0.258819045102533,
-0.965925826289065));
#9664=DIRECTION('ref_axis',(0.888171443493958,-0.443854727764438,0.118930515861222));
#9665=DIRECTION('center_axis',(-2.63760175957427E-17,-0.258819045102533,
-0.965925826289065));
#9666=DIRECTION('ref_axis',(1.,6.72259874110401E-16,-1.80131490371739E-16));
#9667=DIRECTION('',(-1.,8.23888019441033E-16,-1.93453666711963E-16));
#9668=DIRECTION('center_axis',(-2.63760175957427E-17,-0.258819045102533,
-0.965925826289065));
#9669=DIRECTION('ref_axis',(-0.500000000000005,-0.836516303737802,0.224143868042024));
#9670=DIRECTION('center_axis',(2.63760175957427E-17,0.258819045102533,0.965925826289065));
#9671=DIRECTION('ref_axis',(0.,0.965925826289065,-0.258819045102533));
#9672=DIRECTION('center_axis',(-2.63760175957427E-17,-0.258819045102533,
-0.965925826289065));
#9673=DIRECTION('ref_axis',(0.500000000000004,-0.836516303737804,0.224143868042021));
#9674=DIRECTION('',(-1.,8.23888019441033E-16,-1.93453666711963E-16));
#9675=DIRECTION('center_axis',(-2.63760175957427E-17,-0.258819045102533,
-0.965925826289065));
#9676=DIRECTION('ref_axis',(-0.499999999999992,-0.83651630373781,0.224143868042025));
#9677=DIRECTION('center_axis',(2.63760175957427E-17,0.258819045102533,0.965925826289065));
#9678=DIRECTION('ref_axis',(0.,0.965925826289065,-0.258819045102533));
#9679=DIRECTION('center_axis',(-2.63760175957427E-17,-0.258819045102533,
-0.965925826289065));
#9680=DIRECTION('ref_axis',(0.499999999999992,-0.83651630373781,0.224143868042023));
#9681=DIRECTION('',(-1.,8.23888019441033E-16,-1.93453666711963E-16));
#9682=DIRECTION('center_axis',(-2.63760175957427E-17,-0.258819045102533,
-0.965925826289065));
#9683=DIRECTION('ref_axis',(-2.08792390413593E-15,-0.965925826289065,0.258819045102532));
#9684=DIRECTION('center_axis',(-2.63760175957427E-17,-0.258819045102533,
-0.965925826289065));
#9685=DIRECTION('ref_axis',(-0.88817144349396,-0.443854727764434,0.118930515861218));
#9686=DIRECTION('center_axis',(2.63760175957427E-17,0.258819045102533,0.965925826289065));
#9687=DIRECTION('ref_axis',(0.,0.965925826289065,-0.258819045102533));
#9688=DIRECTION('center_axis',(-2.63760175957427E-17,-0.258819045102533,
-0.965925826289065));
#9689=DIRECTION('ref_axis',(-2.08792390413593E-15,-0.965925826289065,0.258819045102533));
#9690=DIRECTION('',(4.1726502938932E-16,0.965925826289065,-0.258819045102533));
#9691=DIRECTION('center_axis',(-2.63760175957427E-17,-0.258819045102533,
-0.965925826289065));
#9692=DIRECTION('ref_axis',(-0.866025403784437,0.482962913144535,-0.129409522551266));
#9693=DIRECTION('center_axis',(2.63760175957427E-17,0.258819045102533,0.965925826289065));
#9694=DIRECTION('ref_axis',(0.,0.965925826289065,-0.258819045102533));
#9695=DIRECTION('center_axis',(-2.63760175957427E-17,-0.258819045102533,
-0.965925826289065));
#9696=DIRECTION('ref_axis',(-0.866025403784437,-0.482962913144535,0.129409522551266));
#9697=DIRECTION('',(4.1726502938932E-16,0.965925826289065,-0.258819045102533));
#9698=DIRECTION('center_axis',(-2.63760175957427E-17,-0.258819045102533,
-0.965925826289065));
#9699=DIRECTION('ref_axis',(-0.866025403784435,0.48296291314454,-0.129409522551267));
#9700=DIRECTION('center_axis',(2.63760175957427E-17,0.258819045102533,0.965925826289065));
#9701=DIRECTION('ref_axis',(0.,0.965925826289065,-0.258819045102532));
#9702=DIRECTION('center_axis',(-2.63760175957427E-17,-0.258819045102533,
-0.965925826289065));
#9703=DIRECTION('ref_axis',(-0.866025403784439,-0.482962913144531,0.129409522551266));
#9704=DIRECTION('',(4.1726502938932E-16,0.965925826289065,-0.258819045102533));
#9705=DIRECTION('center_axis',(-2.63760175957427E-17,-0.258819045102533,
-0.965925826289065));
#9706=DIRECTION('ref_axis',(-0.866025403784439,0.482962913144532,-0.129409522551266));
#9707=DIRECTION('center_axis',(2.63760175957427E-17,0.258819045102533,0.965925826289065));
#9708=DIRECTION('ref_axis',(0.,0.965925826289065,-0.258819045102533));
#9709=DIRECTION('center_axis',(-2.63760175957427E-17,-0.258819045102533,
-0.965925826289065));
#9710=DIRECTION('ref_axis',(-0.86602540378444,-0.482962913144529,0.129409522551266));
#9711=DIRECTION('',(4.1726502938932E-16,0.965925826289065,-0.258819045102533));
#9712=DIRECTION('center_axis',(-2.63760175957427E-17,-0.258819045102533,
-0.965925826289065));
#9713=DIRECTION('ref_axis',(-0.866025403784442,0.482962913144527,-0.129409522551267));
#9714=DIRECTION('center_axis',(2.63760175957427E-17,0.258819045102533,0.965925826289065));
#9715=DIRECTION('ref_axis',(0.,0.965925826289065,-0.258819045102533));
#9716=DIRECTION('center_axis',(-2.63760175957427E-17,-0.258819045102533,
-0.965925826289065));
#9717=DIRECTION('ref_axis',(-0.866025403784442,-0.482962913144527,0.129409522551267));
#9718=DIRECTION('',(4.1726502938932E-16,0.965925826289065,-0.258819045102533));
#9719=DIRECTION('center_axis',(-2.63760175957427E-17,-0.258819045102533,
-0.965925826289065));
#9720=DIRECTION('ref_axis',(-1.,-6.722598741104E-16,1.80131490371739E-16));
#9721=DIRECTION('center_axis',(-2.63760175957427E-17,-0.258819045102533,
-0.965925826289065));
#9722=DIRECTION('ref_axis',(-0.442007099941126,0.866446624115037,-0.232163673216314));
#9723=DIRECTION('center_axis',(2.63760175957427E-17,0.258819045102533,0.965925826289065));
#9724=DIRECTION('ref_axis',(0.,0.965925826289065,-0.258819045102533));
#9725=DIRECTION('center_axis',(-2.63760175957427E-17,-0.258819045102533,
-0.965925826289065));
#9726=DIRECTION('ref_axis',(-0.796150037447384,0.584481005432076,-0.156611213396865));
#9727=DIRECTION('center_axis',(-2.63760175957427E-17,-0.258819045102533,
-0.965925826289065));
#9728=DIRECTION('ref_axis',(-1.,-6.722598741104E-16,1.80131490371739E-16));
#9729=DIRECTION('',(1.,6.05969437127233E-16,-1.89675484067142E-16));
#9730=DIRECTION('center_axis',(-2.63760175957427E-17,-0.258819045102533,
-0.965925826289065));
#9731=DIRECTION('ref_axis',(-1.,6.82661568773774E-18,2.54772765903827E-17));
#9732=DIRECTION('center_axis',(-2.63760175957427E-17,-0.258819045102533,
-0.965925826289065));
#9733=DIRECTION('ref_axis',(-1.,6.82661568773773E-18,2.54772765903827E-17));
#9734=DIRECTION('center_axis',(-2.63760175957427E-17,-0.258819045102533,
-0.965925826289065));
#9735=DIRECTION('ref_axis',(-1.,6.82661568773773E-18,2.54772765903827E-17));
#9736=DIRECTION('center_axis',(-2.63760175957427E-17,-0.258819045102533,
-0.965925826289065));
#9737=DIRECTION('ref_axis',(-1.,6.82661568773773E-18,2.54772765903827E-17));
#9738=DIRECTION('center_axis',(-2.63760175957427E-17,-0.258819045102533,
-0.965925826289065));
#9739=DIRECTION('ref_axis',(-1.,6.82661568773773E-18,2.54772765903827E-17));
#9740=DIRECTION('center_axis',(-2.63760175957427E-17,-0.258819045102533,
-0.965925826289065));
#9741=DIRECTION('ref_axis',(-1.,6.82661568773773E-18,2.54772765903827E-17));
#9742=DIRECTION('center_axis',(-2.63760175957427E-17,-0.258819045102533,
-0.965925826289065));
#9743=DIRECTION('ref_axis',(-1.,6.82661568773773E-18,2.54772765903827E-17));
#9744=DIRECTION('center_axis',(-2.63760175957427E-17,-0.258819045102533,
-0.965925826289065));
#9745=DIRECTION('ref_axis',(-1.,6.82661568773774E-18,2.54772765903827E-17));
#9746=DIRECTION('center_axis',(1.,0.,0.));
#9747=DIRECTION('ref_axis',(0.,0.,-1.));
#9748=DIRECTION('center_axis',(0.,-0.52101377108413,0.853548270656495));
#9749=DIRECTION('ref_axis',(-6.4855679644705E-19,0.853548270656495,0.52101377108413));
#9750=DIRECTION('',(-7.44645017390854E-18,0.853548270656495,0.52101377108413));
#9751=DIRECTION('',(-1.,0.,0.));
#9752=DIRECTION('',(6.4855679644705E-19,-0.853548270656495,-0.52101377108413));
#9753=DIRECTION('',(1.,4.99312703012862E-16,-8.17996601676445E-16));
#9754=DIRECTION('center_axis',(0.,0.258819045102533,0.965925826289065));
#9755=DIRECTION('ref_axis',(-1.53391520658494E-19,0.965925826289065,-0.258819045102533));
#9756=DIRECTION('',(1.53391520658494E-19,-0.965925826289065,0.258819045102533));
#9757=DIRECTION('',(-1.07979655772429E-17,0.965925826289065,-0.258819045102533));
#9758=DIRECTION('center_axis',(1.,1.04300338224392E-17,-2.79471913975201E-18));
#9759=DIRECTION('ref_axis',(1.07979655772429E-17,-0.965925826289065,0.258819045102533));
#9760=DIRECTION('',(0.,-0.258819045102533,-0.965925826289065));
#9761=DIRECTION('center_axis',(-6.94012134577339E-16,0.965925826289065,
-0.258819045102533));
#9762=DIRECTION('ref_axis',(1.,6.77693163619671E-16,-1.52271659614329E-16));
#9763=DIRECTION('',(0.,-0.258819045102533,-0.965925826289065));
#9764=DIRECTION('center_axis',(-1.,-1.04300338224392E-17,2.79471913975201E-18));
#9765=DIRECTION('ref_axis',(-1.07979655772429E-17,0.965925826289065,-0.258819045102533));
#9766=DIRECTION('center_axis',(0.,-0.258819045102534,-0.965925826289065));
#9767=DIRECTION('ref_axis',(-1.,0.,0.));
#9768=DIRECTION('center_axis',(0.,-0.258819045102533,-0.965925826289065));
#9769=DIRECTION('ref_axis',(-1.,0.,0.));
#9770=DIRECTION('',(-0.707106781186546,0.183012701892229,0.683012701892219));
#9771=DIRECTION('center_axis',(0.,0.258819045102533,0.965925826289065));
#9772=DIRECTION('ref_axis',(-1.,0.,0.));
#9773=DIRECTION('center_axis',(0.,-0.258819045102533,-0.965925826289065));
#9774=DIRECTION('ref_axis',(-1.,0.,0.));
#9775=DIRECTION('',(0.,0.258819045102533,0.965925826289065));
#9776=DIRECTION('center_axis',(-2.63760175957427E-17,-0.258819045102533,
-0.965925826289065));
#9777=DIRECTION('ref_axis',(-1.,0.,0.));
#9778=DIRECTION('center_axis',(0.,-0.258819045102533,-0.965925826289065));
#9779=DIRECTION('ref_axis',(-1.,0.,0.));
#9780=DIRECTION('center_axis',(-6.16297582203915E-33,-0.258819045102533,
-0.965925826289065));
#9781=DIRECTION('ref_axis',(-1.,0.,0.));
#9782=DIRECTION('center_axis',(0.,-0.258819045102534,-0.965925826289065));
#9783=DIRECTION('ref_axis',(-1.,9.50922327591448E-34,3.54889044062276E-33));
#9784=DIRECTION('center_axis',(-6.16297582203915E-33,-0.258819045102533,
-0.965925826289065));
#9785=DIRECTION('ref_axis',(-1.,1.59509551725017E-33,5.9529775133027E-33));
#9786=DIRECTION('',(-0.707106781186546,0.183012701892229,0.683012701892219));
#9787=DIRECTION('center_axis',(6.16297582203915E-33,0.258819045102533,0.965925826289065));
#9788=DIRECTION('ref_axis',(-1.,1.01819608003512E-49,0.));
#9789=DIRECTION('center_axis',(0.,-0.258819045102533,-0.965925826289065));
#9790=DIRECTION('ref_axis',(-1.,1.01819608003512E-49,0.));
#9791=DIRECTION('',(0.,0.258819045102533,0.965925826289065));
#9792=DIRECTION('center_axis',(-2.63760175957427E-17,-0.258819045102533,
-0.965925826289065));
#9793=DIRECTION('ref_axis',(-1.,1.01819608003512E-49,0.));
#9794=DIRECTION('center_axis',(-6.16297582203915E-33,-0.258819045102533,
-0.965925826289065));
#9795=DIRECTION('ref_axis',(-1.,1.59509551725017E-33,5.9529775133027E-33));
#9796=DIRECTION('center_axis',(-6.16297582203915E-33,-0.258819045102533,
-0.965925826289065));
#9797=DIRECTION('ref_axis',(-1.,1.59509551725017E-33,5.9529775133027E-33));
#9798=DIRECTION('center_axis',(0.,0.258819045102533,0.965925826289065));
#9799=DIRECTION('ref_axis',(-1.,3.72360855694786E-18,1.38966963220269E-17));
#9800=DIRECTION('',(-0.707106781186546,-0.183012701892228,-0.683012701892218));
#9801=DIRECTION('center_axis',(2.63760175957427E-17,0.258819045102533,0.965925826289065));
#9802=DIRECTION('ref_axis',(-1.,3.42113882891801E-49,0.));
#9803=DIRECTION('center_axis',(0.,-0.258819045102533,-0.965925826289065));
#9804=DIRECTION('ref_axis',(-1.,3.42113882891801E-49,0.));
#9805=DIRECTION('',(0.,0.258819045102533,0.965925826289065));
#9806=DIRECTION('center_axis',(0.,0.258819045102532,0.965925826289065));
#9807=DIRECTION('ref_axis',(-1.,3.72360855694785E-18,1.38966963220269E-17));
#9808=DIRECTION('',(-0.707106781186543,-0.183012701892228,-0.683012701892221));
#9809=DIRECTION('center_axis',(2.63760175957427E-17,0.258819045102533,0.965925826289065));
#9810=DIRECTION('ref_axis',(-1.,0.,0.));
#9811=DIRECTION('center_axis',(0.,-0.258819045102533,-0.965925826289065));
#9812=DIRECTION('ref_axis',(-1.,0.,0.));
#9813=DIRECTION('',(0.,0.258819045102533,0.965925826289065));
#9814=DIRECTION('center_axis',(0.,0.258819045102535,0.965925826289065));
#9815=DIRECTION('ref_axis',(-1.,4.26663480483609E-18,1.59232978689892E-17));
#9816=DIRECTION('',(-0.707106781186567,-0.183012701892224,-0.683012701892198));
#9817=DIRECTION('center_axis',(2.63760175957427E-17,0.258819045102533,0.965925826289065));
#9818=DIRECTION('ref_axis',(-1.,0.,0.));
#9819=DIRECTION('center_axis',(0.,-0.258819045102533,-0.965925826289065));
#9820=DIRECTION('ref_axis',(-1.,0.,0.));
#9821=DIRECTION('center_axis',(-3.08148791101958E-33,-0.258819045102533,
-0.965925826289065));
#9822=DIRECTION('ref_axis',(-1.,0.,0.));
#9823=DIRECTION('',(0.,0.258819045102533,0.965925826289065));
#9824=DIRECTION('center_axis',(0.,0.258819045102533,0.965925826289065));
#9825=DIRECTION('ref_axis',(-1.,4.26663480483609E-18,1.59232978689892E-17));
#9826=DIRECTION('',(-0.707106781186565,-0.183012701892224,-0.683012701892201));
#9827=DIRECTION('center_axis',(2.63760175957427E-17,0.258819045102533,0.965925826289065));
#9828=DIRECTION('ref_axis',(-1.,0.,0.));
#9829=DIRECTION('center_axis',(0.,-0.258819045102533,-0.965925826289065));
#9830=DIRECTION('ref_axis',(-1.,0.,0.));
#9831=DIRECTION('center_axis',(-3.08148791101958E-33,-0.258819045102533,
-0.965925826289065));
#9832=DIRECTION('ref_axis',(-1.,0.,0.));
#9833=DIRECTION('',(0.,0.258819045102533,0.965925826289065));
#9834=DIRECTION('center_axis',(0.,0.258819045102533,0.965925826289065));
#9835=DIRECTION('ref_axis',(-1.,4.26663480483609E-18,1.59232978689892E-17));
#9836=DIRECTION('',(-0.707106781186546,-0.183012701892228,-0.683012701892218));
#9837=DIRECTION('center_axis',(2.63760175957427E-17,0.258819045102533,0.965925826289065));
#9838=DIRECTION('ref_axis',(-1.,0.,0.));
#9839=DIRECTION('center_axis',(0.,-0.258819045102533,-0.965925826289065));
#9840=DIRECTION('ref_axis',(-1.,0.,0.));
#9841=DIRECTION('center_axis',(-3.08148791101958E-33,-0.258819045102533,
-0.965925826289065));
#9842=DIRECTION('ref_axis',(-1.,0.,0.));
#9843=DIRECTION('',(0.,0.258819045102533,0.965925826289065));
#9844=DIRECTION('center_axis',(0.,0.258819045102533,0.965925826289065));
#9845=DIRECTION('ref_axis',(-1.,4.26663480483609E-18,1.59232978689892E-17));
#9846=DIRECTION('',(-0.707106781186548,-0.183012701892228,-0.683012701892216));
#9847=DIRECTION('center_axis',(2.63760175957427E-17,0.258819045102533,0.965925826289065));
#9848=DIRECTION('ref_axis',(-1.,0.,0.));
#9849=DIRECTION('center_axis',(0.,-0.258819045102533,-0.965925826289065));
#9850=DIRECTION('ref_axis',(-1.,0.,0.));
#9851=DIRECTION('center_axis',(-3.08148791101958E-33,-0.258819045102533,
-0.965925826289065));
#9852=DIRECTION('ref_axis',(-1.,0.,0.));
#9853=DIRECTION('',(0.,0.258819045102533,0.965925826289065));
#9854=DIRECTION('center_axis',(0.,0.258819045102533,0.965925826289065));
#9855=DIRECTION('ref_axis',(-1.,4.26663480483609E-18,1.59232978689892E-17));
#9856=DIRECTION('',(-0.707106781186546,-0.183012701892228,-0.683012701892218));
#9857=DIRECTION('center_axis',(2.63760175957427E-17,0.258819045102533,0.965925826289065));
#9858=DIRECTION('ref_axis',(-1.,0.,0.));
#9859=DIRECTION('center_axis',(0.,-0.258819045102533,-0.965925826289065));
#9860=DIRECTION('ref_axis',(-1.,0.,0.));
#9861=DIRECTION('center_axis',(-3.08148791101958E-33,-0.258819045102533,
-0.965925826289065));
#9862=DIRECTION('ref_axis',(-1.,0.,0.));
#9863=DIRECTION('',(0.,0.258819045102533,0.965925826289065));
#9864=DIRECTION('center_axis',(0.,0.258819045102534,0.965925826289065));
#9865=DIRECTION('ref_axis',(-1.,4.26663480483609E-18,1.59232978689892E-17));
#9866=DIRECTION('',(-0.707106781186548,-0.183012701892229,-0.683012701892216));
#9867=DIRECTION('center_axis',(2.63760175957427E-17,0.258819045102533,0.965925826289065));
#9868=DIRECTION('ref_axis',(-1.,0.,0.));
#9869=DIRECTION('center_axis',(0.,-0.258819045102533,-0.965925826289065));
#9870=DIRECTION('ref_axis',(-1.,0.,0.));
#9871=DIRECTION('center_axis',(-3.08148791101958E-33,-0.258819045102533,
-0.965925826289065));
#9872=DIRECTION('ref_axis',(-1.,0.,0.));
#9873=DIRECTION('',(0.,0.258819045102533,0.965925826289065));
#9874=DIRECTION('center_axis',(0.,-0.258819045102533,-0.965925826289065));
#9875=DIRECTION('ref_axis',(-1.,0.,0.));
#9876=DIRECTION('center_axis',(6.16297582203915E-33,0.258819045102533,0.965925826289065));
#9877=DIRECTION('ref_axis',(-1.,0.,0.));
#9878=DIRECTION('',(0.,0.258819045102533,0.965925826289065));
#9879=DIRECTION('center_axis',(-2.63760175957427E-17,-0.258819045102533,
-0.965925826289065));
#9880=DIRECTION('ref_axis',(-1.,0.,0.));
#9881=DIRECTION('center_axis',(0.,-0.258819045102533,-0.965925826289065));
#9882=DIRECTION('ref_axis',(-1.,0.,0.));
#9883=DIRECTION('center_axis',(-2.63760175957427E-17,-0.258819045102533,
-0.965925826289065));
#9884=DIRECTION('ref_axis',(9.84366377686367E-17,0.965925826289065,-0.258819045102533));
#9885=DIRECTION('center_axis',(0.,-0.258819045102533,-0.965925826289065));
#9886=DIRECTION('ref_axis',(-1.,0.,0.));
#9887=DIRECTION('center_axis',(6.16297582203915E-33,0.258819045102533,0.965925826289065));
#9888=DIRECTION('ref_axis',(-1.,0.,0.));
#9889=DIRECTION('',(0.,0.258819045102533,0.965925826289065));
#9890=DIRECTION('center_axis',(-2.63760175957427E-17,-0.258819045102533,
-0.965925826289065));
#9891=DIRECTION('ref_axis',(-1.,0.,0.));
#9892=DIRECTION('center_axis',(0.,-0.258819045102533,-0.965925826289065));
#9893=DIRECTION('ref_axis',(-1.,0.,0.));
#9894=DIRECTION('center_axis',(-2.63760175957427E-17,-0.258819045102533,
-0.965925826289065));
#9895=DIRECTION('ref_axis',(9.84366377686367E-17,0.965925826289065,-0.258819045102533));
#9896=DIRECTION('center_axis',(0.,-0.258819045102533,-0.965925826289065));
#9897=DIRECTION('ref_axis',(-1.,0.,0.));
#9898=DIRECTION('center_axis',(6.16297582203915E-33,0.258819045102533,0.965925826289065));
#9899=DIRECTION('ref_axis',(-1.,0.,0.));
#9900=DIRECTION('',(0.,0.258819045102533,0.965925826289065));
#9901=DIRECTION('center_axis',(-2.63760175957427E-17,-0.258819045102533,
-0.965925826289065));
#9902=DIRECTION('ref_axis',(-1.,0.,0.));
#9903=DIRECTION('center_axis',(0.,-0.258819045102533,-0.965925826289065));
#9904=DIRECTION('ref_axis',(-1.,0.,0.));
#9905=DIRECTION('center_axis',(-2.63760175957427E-17,-0.258819045102533,
-0.965925826289065));
#9906=DIRECTION('ref_axis',(9.84366377686367E-17,0.965925826289065,-0.258819045102533));
#9907=DIRECTION('center_axis',(0.,-0.258819045102533,-0.965925826289065));
#9908=DIRECTION('ref_axis',(-1.,0.,0.));
#9909=DIRECTION('center_axis',(6.16297582203915E-33,0.258819045102533,0.965925826289065));
#9910=DIRECTION('ref_axis',(-1.,0.,0.));
#9911=DIRECTION('',(0.,0.258819045102533,0.965925826289065));
#9912=DIRECTION('center_axis',(-2.63760175957427E-17,-0.258819045102533,
-0.965925826289065));
#9913=DIRECTION('ref_axis',(-1.,0.,0.));
#9914=DIRECTION('center_axis',(0.,-0.258819045102533,-0.965925826289065));
#9915=DIRECTION('ref_axis',(-1.,0.,0.));
#9916=DIRECTION('center_axis',(-2.63760175957427E-17,-0.258819045102533,
-0.965925826289065));
#9917=DIRECTION('ref_axis',(9.84366377686367E-17,0.965925826289065,-0.258819045102533));
#9918=DIRECTION('center_axis',(-2.63760175957427E-17,-0.258819045102533,
-0.965925826289065));
#9919=DIRECTION('ref_axis',(9.84366377686367E-17,0.965925826289065,-0.258819045102533));
#9920=DIRECTION('center_axis',(0.,-0.258819045102533,-0.965925826289065));
#9921=DIRECTION('ref_axis',(-1.,0.,0.));
#9922=DIRECTION('center_axis',(6.16297582203915E-33,0.258819045102533,0.965925826289065));
#9923=DIRECTION('ref_axis',(-1.,0.,0.));
#9924=DIRECTION('',(0.,0.258819045102533,0.965925826289065));
#9925=DIRECTION('center_axis',(-2.63760175957427E-17,-0.258819045102533,
-0.965925826289065));
#9926=DIRECTION('ref_axis',(-1.,0.,0.));
#9927=DIRECTION('center_axis',(0.,-0.258819045102533,-0.965925826289065));
#9928=DIRECTION('ref_axis',(-1.,0.,0.));
#9929=DIRECTION('center_axis',(-2.63760175957427E-17,-0.258819045102533,
-0.965925826289065));
#9930=DIRECTION('ref_axis',(9.84366377686367E-17,0.965925826289065,-0.258819045102533));
#9931=DIRECTION('center_axis',(0.,-0.258819045102533,-0.965925826289065));
#9932=DIRECTION('ref_axis',(-1.,0.,0.));
#9933=DIRECTION('center_axis',(6.16297582203915E-33,0.258819045102533,0.965925826289065));
#9934=DIRECTION('ref_axis',(-1.,0.,0.));
#9935=DIRECTION('',(0.,0.258819045102533,0.965925826289065));
#9936=DIRECTION('center_axis',(-2.63760175957427E-17,-0.258819045102533,
-0.965925826289065));
#9937=DIRECTION('ref_axis',(-1.,0.,0.));
#9938=DIRECTION('center_axis',(0.,-0.258819045102533,-0.965925826289065));
#9939=DIRECTION('ref_axis',(-1.,0.,0.));
#9940=DIRECTION('center_axis',(-2.63760175957427E-17,-0.258819045102533,
-0.965925826289065));
#9941=DIRECTION('ref_axis',(9.84366377686367E-17,0.965925826289065,-0.258819045102533));
#9942=DIRECTION('center_axis',(0.,-0.258819045102531,-0.965925826289066));
#9943=DIRECTION('ref_axis',(0.,0.965925826289065,-0.258819045102533));
#9944=DIRECTION('center_axis',(0.,0.258819045102532,0.965925826289065));
#9945=DIRECTION('ref_axis',(-1.1842378929335E-14,-0.965925826289065,0.258819045102532));
#9946=DIRECTION('center_axis',(0.,-0.258819045102533,-0.965925826289065));
#9947=DIRECTION('ref_axis',(0.,0.965925826289065,-0.258819045102533));
#9948=DIRECTION('',(8.65956056235495E-17,0.866025403784445,0.499999999999989));
#9949=DIRECTION('center_axis',(0.,0.258819045102533,0.965925826289065));
#9950=DIRECTION('ref_axis',(0.,0.965925826289065,-0.258819045102533));
#9951=DIRECTION('center_axis',(0.,-0.258819045102533,-0.965925826289065));
#9952=DIRECTION('ref_axis',(0.,0.965925826289065,-0.258819045102533));
#9953=DIRECTION('center_axis',(0.,0.258819045102533,0.965925826289065));
#9954=DIRECTION('ref_axis',(0.,0.965925826289065,-0.258819045102533));
#9955=DIRECTION('',(0.,0.258819045102533,0.965925826289065));
#9956=DIRECTION('center_axis',(0.,0.258819045102533,0.965925826289065));
#9957=DIRECTION('ref_axis',(0.,0.965925826289065,-0.258819045102533));
#9958=DIRECTION('center_axis',(0.,-0.258819045102534,-0.965925826289065));
#9959=DIRECTION('ref_axis',(0.,0.965925826289065,-0.258819045102533));
#9960=DIRECTION('center_axis',(0.,0.258819045102532,0.965925826289065));
#9961=DIRECTION('ref_axis',(-5.92118946466749E-15,-0.965925826289065,0.258819045102532));
#9962=DIRECTION('center_axis',(0.,-0.258819045102533,-0.965925826289065));
#9963=DIRECTION('ref_axis',(0.,0.965925826289065,-0.258819045102533));
#9964=DIRECTION('',(8.6595605623549E-17,0.866025403784443,0.499999999999992));
#9965=DIRECTION('center_axis',(0.,0.258819045102533,0.965925826289065));
#9966=DIRECTION('ref_axis',(0.,0.965925826289065,-0.258819045102533));
#9967=DIRECTION('center_axis',(0.,-0.258819045102533,-0.965925826289065));
#9968=DIRECTION('ref_axis',(0.,0.965925826289065,-0.258819045102533));
#9969=DIRECTION('center_axis',(0.,0.258819045102533,0.965925826289065));
#9970=DIRECTION('ref_axis',(0.,0.965925826289065,-0.258819045102533));
#9971=DIRECTION('',(0.,0.258819045102533,0.965925826289065));
#9972=DIRECTION('center_axis',(0.,0.258819045102533,0.965925826289065));
#9973=DIRECTION('ref_axis',(0.,0.965925826289065,-0.258819045102533));
#9974=DIRECTION('center_axis',(0.,-0.258819045102535,-0.965925826289064));
#9975=DIRECTION('ref_axis',(0.,0.965925826289065,-0.258819045102533));
#9976=DIRECTION('center_axis',(0.,0.258819045102532,0.965925826289065));
#9977=DIRECTION('ref_axis',(-0.724819034030747,-0.665464268800115,0.178310613416766));
#9978=DIRECTION('center_axis',(0.,-0.258819045102533,-0.965925826289065));
#9979=DIRECTION('ref_axis',(0.,0.965925826289065,-0.258819045102533));
#9980=DIRECTION('',(8.65956056235491E-17,0.866025403784445,0.499999999999989));
#9981=DIRECTION('center_axis',(0.,0.258819045102533,0.965925826289065));
#9982=DIRECTION('ref_axis',(0.,0.965925826289065,-0.258819045102533));
#9983=DIRECTION('center_axis',(0.,-0.258819045102533,-0.965925826289065));
#9984=DIRECTION('ref_axis',(0.,0.965925826289065,-0.258819045102533));
#9985=DIRECTION('center_axis',(0.,0.258819045102533,0.965925826289065));
#9986=DIRECTION('ref_axis',(0.,0.965925826289065,-0.258819045102533));
#9987=DIRECTION('',(0.,0.258819045102533,0.965925826289065));
#9988=DIRECTION('center_axis',(0.,0.258819045102533,0.965925826289065));
#9989=DIRECTION('ref_axis',(0.,0.965925826289065,-0.258819045102533));
#9990=DIRECTION('center_axis',(0.,-0.258819045102535,-0.965925826289064));
#9991=DIRECTION('ref_axis',(0.,0.965925826289065,-0.258819045102533));
#9992=DIRECTION('center_axis',(0.,0.258819045102532,0.965925826289065));
#9993=DIRECTION('ref_axis',(-1.,-2.24691826845178E-33,9.6296497219362E-34));
#9994=DIRECTION('center_axis',(0.,-0.258819045102533,-0.965925826289065));
#9995=DIRECTION('ref_axis',(0.,0.965925826289065,-0.258819045102533));
#9996=DIRECTION('',(8.65956056235491E-17,0.866025403784445,0.499999999999989));
#9997=DIRECTION('center_axis',(0.,0.258819045102533,0.965925826289065));
#9998=DIRECTION('ref_axis',(0.,0.965925826289065,-0.258819045102533));
#9999=DIRECTION('center_axis',(0.,-0.258819045102533,-0.965925826289065));
#10000=DIRECTION('ref_axis',(0.,0.965925826289065,-0.258819045102533));
#10001=DIRECTION('center_axis',(0.,0.258819045102533,0.965925826289065));
#10002=DIRECTION('ref_axis',(0.,0.965925826289065,-0.258819045102533));
#10003=DIRECTION('',(0.,0.258819045102533,0.965925826289065));
#10004=DIRECTION('center_axis',(0.,0.258819045102533,0.965925826289065));
#10005=DIRECTION('ref_axis',(0.,0.965925826289065,-0.258819045102533));
#10006=DIRECTION('center_axis',(0.,-0.258819045102535,-0.965925826289064));
#10007=DIRECTION('ref_axis',(0.,0.965925826289065,-0.258819045102533));
#10008=DIRECTION('center_axis',(0.,0.258819045102532,0.965925826289065));
#10009=DIRECTION('ref_axis',(-1.,1.14388596525462E-14,-3.06503320623283E-15));
#10010=DIRECTION('center_axis',(0.,-0.258819045102533,-0.965925826289065));
#10011=DIRECTION('ref_axis',(0.,0.965925826289065,-0.258819045102533));
#10012=DIRECTION('',(8.65956056235491E-17,0.866025403784445,0.499999999999989));
#10013=DIRECTION('center_axis',(0.,0.258819045102533,0.965925826289065));
#10014=DIRECTION('ref_axis',(0.,0.965925826289065,-0.258819045102533));
#10015=DIRECTION('center_axis',(0.,-0.258819045102533,-0.965925826289065));
#10016=DIRECTION('ref_axis',(0.,0.965925826289065,-0.258819045102533));
#10017=DIRECTION('center_axis',(0.,0.258819045102533,0.965925826289065));
#10018=DIRECTION('ref_axis',(0.,0.965925826289065,-0.258819045102533));
#10019=DIRECTION('',(0.,0.258819045102533,0.965925826289065));
#10020=DIRECTION('center_axis',(0.,0.258819045102533,0.965925826289065));
#10021=DIRECTION('ref_axis',(0.,0.965925826289065,-0.258819045102533));
#10022=DIRECTION('center_axis',(0.,-0.258819045102535,-0.965925826289064));
#10023=DIRECTION('ref_axis',(0.,0.965925826289065,-0.258819045102533));
#10024=DIRECTION('center_axis',(0.,0.258819045102532,0.965925826289065));
#10025=DIRECTION('ref_axis',(-0.570562798420646,0.793270425338982,-0.212556169849083));
#10026=DIRECTION('center_axis',(0.,-0.258819045102533,-0.965925826289065));
#10027=DIRECTION('ref_axis',(0.,0.965925826289065,-0.258819045102533));
#10028=DIRECTION('',(8.65956056235491E-17,0.866025403784445,0.499999999999989));
#10029=DIRECTION('center_axis',(0.,0.258819045102533,0.965925826289065));
#10030=DIRECTION('ref_axis',(0.,0.965925826289065,-0.258819045102533));
#10031=DIRECTION('center_axis',(0.,-0.258819045102533,-0.965925826289065));
#10032=DIRECTION('ref_axis',(0.,0.965925826289065,-0.258819045102533));
#10033=DIRECTION('center_axis',(0.,0.258819045102533,0.965925826289065));
#10034=DIRECTION('ref_axis',(0.,0.965925826289065,-0.258819045102533));
#10035=DIRECTION('',(0.,0.258819045102533,0.965925826289065));
#10036=DIRECTION('center_axis',(0.,0.258819045102533,0.965925826289065));
#10037=DIRECTION('ref_axis',(0.,0.965925826289065,-0.258819045102533));
#10038=DIRECTION('center_axis',(0.,-0.258819045102532,-0.965925826289065));
#10039=DIRECTION('ref_axis',(0.,0.965925826289065,-0.258819045102533));
#10040=DIRECTION('center_axis',(0.,0.258819045102532,0.965925826289065));
#10041=DIRECTION('ref_axis',(-1.48029736616688E-14,0.965925826289065,-0.258819045102532));
#10042=DIRECTION('center_axis',(0.,-0.258819045102533,-0.965925826289065));
#10043=DIRECTION('ref_axis',(0.,0.965925826289065,-0.258819045102533));
#10044=DIRECTION('',(8.65956056235489E-17,0.866025403784442,0.499999999999994));
#10045=DIRECTION('center_axis',(0.,0.258819045102533,0.965925826289065));
#10046=DIRECTION('ref_axis',(0.,0.965925826289065,-0.258819045102533));
#10047=DIRECTION('center_axis',(0.,-0.258819045102533,-0.965925826289065));
#10048=DIRECTION('ref_axis',(0.,0.965925826289065,-0.258819045102533));
#10049=DIRECTION('center_axis',(0.,0.258819045102533,0.965925826289065));
#10050=DIRECTION('ref_axis',(0.,0.965925826289065,-0.258819045102533));
#10051=DIRECTION('',(0.,0.258819045102533,0.965925826289065));
#10052=DIRECTION('center_axis',(0.,0.258819045102533,0.965925826289065));
#10053=DIRECTION('ref_axis',(0.,0.965925826289065,-0.258819045102533));
#10054=DIRECTION('center_axis',(0.,-0.258819045102534,-0.965925826289065));
#10055=DIRECTION('ref_axis',(0.,0.965925826289065,-0.258819045102533));
#10056=DIRECTION('center_axis',(0.,0.258819045102532,0.965925826289065));
#10057=DIRECTION('ref_axis',(5.9211894646675E-15,0.965925826289065,-0.258819045102532));
#10058=DIRECTION('center_axis',(0.,-0.258819045102533,-0.965925826289065));
#10059=DIRECTION('ref_axis',(0.,0.965925826289065,-0.258819045102533));
#10060=DIRECTION('',(8.65956056235493E-17,0.866025403784445,0.499999999999989));
#10061=DIRECTION('center_axis',(0.,0.258819045102533,0.965925826289065));
#10062=DIRECTION('ref_axis',(0.,0.965925826289065,-0.258819045102533));
#10063=DIRECTION('center_axis',(0.,-0.258819045102533,-0.965925826289065));
#10064=DIRECTION('ref_axis',(0.,0.965925826289065,-0.258819045102533));
#10065=DIRECTION('center_axis',(0.,0.258819045102533,0.965925826289065));
#10066=DIRECTION('ref_axis',(0.,0.965925826289065,-0.258819045102533));
#10067=DIRECTION('',(0.,0.258819045102533,0.965925826289065));
#10068=DIRECTION('center_axis',(0.,0.258819045102533,0.965925826289065));
#10069=DIRECTION('ref_axis',(0.,0.965925826289065,-0.258819045102533));
#10070=DIRECTION('center_axis',(0.,-0.258819045102533,-0.965925826289065));
#10071=DIRECTION('ref_axis',(0.,0.965925826289065,-0.258819045102533));
#10072=DIRECTION('center_axis',(0.,0.258819045102532,0.965925826289065));
#10073=DIRECTION('ref_axis',(1.1842378929335E-14,0.965925826289065,-0.258819045102532));
#10074=DIRECTION('center_axis',(0.,-0.258819045102533,-0.965925826289065));
#10075=DIRECTION('ref_axis',(0.,0.965925826289065,-0.258819045102533));
#10076=DIRECTION('',(8.65956056235494E-17,0.866025403784445,0.499999999999989));
#10077=DIRECTION('center_axis',(0.,0.258819045102533,0.965925826289065));
#10078=DIRECTION('ref_axis',(0.,0.965925826289065,-0.258819045102533));
#10079=DIRECTION('center_axis',(0.,-0.258819045102533,-0.965925826289065));
#10080=DIRECTION('ref_axis',(0.,0.965925826289065,-0.258819045102533));
#10081=DIRECTION('center_axis',(0.,0.258819045102533,0.965925826289065));
#10082=DIRECTION('ref_axis',(0.,0.965925826289065,-0.258819045102533));
#10083=DIRECTION('',(0.,0.258819045102533,0.965925826289065));
#10084=DIRECTION('center_axis',(0.,0.258819045102533,0.965925826289065));
#10085=DIRECTION('ref_axis',(0.,0.965925826289065,-0.258819045102533));
#10086=DIRECTION('center_axis',(0.,-0.258819045102533,-0.965925826289065));
#10087=DIRECTION('ref_axis',(0.,0.965925826289065,-0.258819045102533));
#10088=DIRECTION('center_axis',(0.,0.258819045102532,0.965925826289065));
#10089=DIRECTION('ref_axis',(-8.88178419700126E-15,-0.965925826289065,0.258819045102532));
#10090=DIRECTION('center_axis',(0.,-0.258819045102533,-0.965925826289065));
#10091=DIRECTION('ref_axis',(0.,0.965925826289065,-0.258819045102533));
#10092=DIRECTION('',(8.65956056235493E-17,0.866025403784445,0.499999999999989));
#10093=DIRECTION('center_axis',(0.,0.258819045102533,0.965925826289065));
#10094=DIRECTION('ref_axis',(0.,0.965925826289065,-0.258819045102533));
#10095=DIRECTION('center_axis',(0.,-0.258819045102533,-0.965925826289065));
#10096=DIRECTION('ref_axis',(0.,0.965925826289065,-0.258819045102533));
#10097=DIRECTION('center_axis',(0.,0.258819045102533,0.965925826289065));
#10098=DIRECTION('ref_axis',(0.,0.965925826289065,-0.258819045102533));
#10099=DIRECTION('',(0.,0.258819045102533,0.965925826289065));
#10100=DIRECTION('center_axis',(0.,0.258819045102533,0.965925826289065));
#10101=DIRECTION('ref_axis',(0.,0.965925826289065,-0.258819045102533));
#10102=DIRECTION('center_axis',(0.,-0.258819045102531,-0.965925826289066));
#10103=DIRECTION('ref_axis',(0.,0.965925826289065,-0.258819045102533));
#10104=DIRECTION('center_axis',(0.,0.258819045102532,0.965925826289065));
#10105=DIRECTION('ref_axis',(-8.88178419700126E-15,-0.965925826289065,0.258819045102532));
#10106=DIRECTION('center_axis',(0.,-0.258819045102533,-0.965925826289065));
#10107=DIRECTION('ref_axis',(0.,0.965925826289065,-0.258819045102533));
#10108=DIRECTION('',(8.65956056235504E-17,0.86602540378445,0.49999999999998));
#10109=DIRECTION('center_axis',(0.,0.258819045102533,0.965925826289065));
#10110=DIRECTION('ref_axis',(0.,0.965925826289065,-0.258819045102533));
#10111=DIRECTION('center_axis',(0.,-0.258819045102533,-0.965925826289065));
#10112=DIRECTION('ref_axis',(0.,0.965925826289065,-0.258819045102533));
#10113=DIRECTION('center_axis',(0.,0.258819045102533,0.965925826289065));
#10114=DIRECTION('ref_axis',(0.,0.965925826289065,-0.258819045102533));
#10115=DIRECTION('',(0.,0.258819045102533,0.965925826289065));
#10116=DIRECTION('center_axis',(0.,0.258819045102533,0.965925826289065));
#10117=DIRECTION('ref_axis',(0.,0.965925826289065,-0.258819045102533));
#10118=DIRECTION('center_axis',(0.,-0.258819045102537,-0.965925826289064));
#10119=DIRECTION('ref_axis',(0.,0.965925826289065,-0.258819045102533));
#10120=DIRECTION('center_axis',(0.,0.258819045102532,0.965925826289065));
#10121=DIRECTION('ref_axis',(1.77635683940025E-14,0.965925826289065,-0.258819045102532));
#10122=DIRECTION('center_axis',(0.,-0.258819045102533,-0.965925826289065));
#10123=DIRECTION('ref_axis',(0.,0.965925826289065,-0.258819045102533));
#10124=DIRECTION('',(8.65956056235494E-17,0.866025403784447,0.499999999999985));
#10125=DIRECTION('center_axis',(0.,0.258819045102533,0.965925826289065));
#10126=DIRECTION('ref_axis',(0.,0.965925826289065,-0.258819045102533));
#10127=DIRECTION('center_axis',(0.,-0.258819045102533,-0.965925826289065));
#10128=DIRECTION('ref_axis',(0.,0.965925826289065,-0.258819045102533));
#10129=DIRECTION('center_axis',(0.,0.258819045102533,0.965925826289065));
#10130=DIRECTION('ref_axis',(0.,0.965925826289065,-0.258819045102533));
#10131=DIRECTION('',(0.,0.258819045102533,0.965925826289065));
#10132=DIRECTION('center_axis',(0.,0.258819045102533,0.965925826289065));
#10133=DIRECTION('ref_axis',(0.,0.965925826289065,-0.258819045102533));
#10134=DIRECTION('center_axis',(0.,-0.258819045102529,-0.965925826289066));
#10135=DIRECTION('ref_axis',(0.,0.965925826289065,-0.258819045102533));
#10136=DIRECTION('center_axis',(0.,0.258819045102532,0.965925826289065));
#10137=DIRECTION('ref_axis',(0.83228461897016,0.535459579589189,-0.143475961930438));
#10138=DIRECTION('',(8.65956056235499E-17,0.866025403784446,0.499999999999988));
#10139=DIRECTION('center_axis',(0.,0.258819045102533,0.965925826289065));
#10140=DIRECTION('ref_axis',(0.,0.965925826289065,-0.258819045102533));
#10141=DIRECTION('center_axis',(0.,0.258819045102532,0.965925826289065));
#10142=DIRECTION('ref_axis',(0.83228461897016,0.535459579589189,-0.143475961930438));
#10143=DIRECTION('center_axis',(0.,-0.258819045102533,-0.965925826289065));
#10144=DIRECTION('ref_axis',(0.,0.965925826289065,-0.258819045102533));
#10145=DIRECTION('center_axis',(0.,0.258819045102533,0.965925826289065));
#10146=DIRECTION('ref_axis',(0.,0.965925826289065,-0.258819045102533));
#10147=DIRECTION('center_axis',(0.,0.258819045102533,0.965925826289065));
#10148=DIRECTION('ref_axis',(0.,0.965925826289065,-0.258819045102533));
#10149=DIRECTION('',(0.,-0.258819045102533,-0.965925826289065));
#10150=DIRECTION('center_axis',(0.,-0.258819045102535,-0.965925826289065));
#10151=DIRECTION('ref_axis',(0.,0.965925826289065,-0.258819045102533));
#10152=DIRECTION('center_axis',(0.,0.258819045102532,0.965925826289065));
#10153=DIRECTION('ref_axis',(-1.48029736616685E-14,-0.965925826289065,0.258819045102532));
#10154=DIRECTION('',(8.65956056235491E-17,0.866025403784445,0.49999999999999));
#10155=DIRECTION('center_axis',(0.,0.258819045102533,0.965925826289065));
#10156=DIRECTION('ref_axis',(0.,0.965925826289065,-0.258819045102533));
#10157=DIRECTION('center_axis',(0.,0.258819045102532,0.965925826289065));
#10158=DIRECTION('ref_axis',(-1.48029736616685E-14,-0.965925826289065,0.258819045102532));
#10159=DIRECTION('center_axis',(0.,-0.258819045102533,-0.965925826289065));
#10160=DIRECTION('ref_axis',(0.,0.965925826289065,-0.258819045102533));
#10161=DIRECTION('center_axis',(0.,0.258819045102533,0.965925826289065));
#10162=DIRECTION('ref_axis',(0.,0.965925826289065,-0.258819045102533));
#10163=DIRECTION('',(0.,0.258819045102533,0.965925826289065));
#10164=DIRECTION('center_axis',(0.,0.258819045102533,0.965925826289065));
#10165=DIRECTION('ref_axis',(0.,0.965925826289065,-0.258819045102533));
#10166=DIRECTION('center_axis',(0.,-0.258819045102535,-0.965925826289065));
#10167=DIRECTION('ref_axis',(0.,0.965925826289065,-0.258819045102533));
#10168=DIRECTION('center_axis',(0.,0.258819045102532,0.965925826289065));
#10169=DIRECTION('ref_axis',(0.916515138991167,-0.386370330515629,0.103527618041013));
#10170=DIRECTION('',(8.65956056235491E-17,0.866025403784445,0.49999999999999));
#10171=DIRECTION('center_axis',(0.,0.258819045102533,0.965925826289065));
#10172=DIRECTION('ref_axis',(0.,0.965925826289065,-0.258819045102533));
#10173=DIRECTION('center_axis',(0.,0.258819045102532,0.965925826289065));
#10174=DIRECTION('ref_axis',(0.916515138991167,-0.386370330515629,0.103527618041013));
#10175=DIRECTION('center_axis',(0.,-0.258819045102533,-0.965925826289065));
#10176=DIRECTION('ref_axis',(0.,0.965925826289065,-0.258819045102533));
#10177=DIRECTION('center_axis',(0.,0.258819045102533,0.965925826289065));
#10178=DIRECTION('ref_axis',(0.,0.965925826289065,-0.258819045102533));
#10179=DIRECTION('',(0.,0.258819045102533,0.965925826289065));
#10180=DIRECTION('center_axis',(0.,0.258819045102533,0.965925826289065));
#10181=DIRECTION('ref_axis',(0.,0.965925826289065,-0.258819045102533));
#10182=DIRECTION('center_axis',(0.,-0.258819045102531,-0.965925826289066));
#10183=DIRECTION('ref_axis',(0.,0.965925826289065,-0.258819045102533));
#10184=DIRECTION('center_axis',(0.,0.258819045102532,0.965925826289065));
#10185=DIRECTION('ref_axis',(0.703020309242008,-0.686937249777723,0.184064281328806));
#10186=DIRECTION('',(8.65956056235501E-17,0.866025403784449,0.499999999999983));
#10187=DIRECTION('center_axis',(0.,0.258819045102533,0.965925826289065));
#10188=DIRECTION('ref_axis',(0.,0.965925826289065,-0.258819045102533));
#10189=DIRECTION('center_axis',(0.,0.258819045102532,0.965925826289065));
#10190=DIRECTION('ref_axis',(0.703020309242008,-0.686937249777723,0.184064281328806));
#10191=DIRECTION('center_axis',(0.,-0.258819045102533,-0.965925826289065));
#10192=DIRECTION('ref_axis',(0.,0.965925826289065,-0.258819045102533));
#10193=DIRECTION('center_axis',(0.,0.258819045102533,0.965925826289065));
#10194=DIRECTION('ref_axis',(0.,0.965925826289065,-0.258819045102533));
#10195=DIRECTION('',(0.,0.258819045102533,0.965925826289065));
#10196=DIRECTION('center_axis',(0.,0.258819045102533,0.965925826289065));
#10197=DIRECTION('ref_axis',(0.,0.965925826289065,-0.258819045102533));
#10198=DIRECTION('center_axis',(1.86506609026455E-17,0.866025403784441,
0.499999999999996));
#10199=DIRECTION('ref_axis',(0.,-0.499999999999996,0.866025403784441));
#10200=DIRECTION('',(0.,-0.500000000000009,0.866025403784433));
#10201=DIRECTION('',(0.,0.500000000000076,-0.866025403784395));
#10202=DIRECTION('',(-1.,6.82661568773774E-18,2.54772765903827E-17));
#10203=DIRECTION('center_axis',(0.,-0.258819045102554,-0.965925826289059));
#10204=DIRECTION('ref_axis',(8.29007007386801E-34,0.965925826289065,-0.258819045102533));
#10205=DIRECTION('',(0.707106781186534,0.183012701892251,0.683012701892225));
#10206=DIRECTION('center_axis',(2.63760175957427E-17,0.258819045102533,
0.965925826289065));
#10207=DIRECTION('ref_axis',(0.,0.965925826289065,-0.258819045102533));
#10208=DIRECTION('center_axis',(-0.707106781186581,0.18301270189222,0.683012701892185));
#10209=DIRECTION('ref_axis',(0.694746590606831,0.,0.719254596676438));
#10210=DIRECTION('',(0.707106781186511,0.183012701892198,0.683012701892263));
#10211=DIRECTION('',(-4.7687431930208E-16,-0.965925826289065,0.258819045102533));
#10212=DIRECTION('center_axis',(0.,-0.258819045102546,-0.965925826289062));
#10213=DIRECTION('ref_axis',(-1.,3.39398174476302E-18,1.26665123114162E-17));
#10214=DIRECTION('',(0.,0.866025403784414,0.500000000000042));
#10215=DIRECTION('center_axis',(2.63760175957427E-17,0.258819045102533,
0.965925826289065));
#10216=DIRECTION('ref_axis',(-1.,1.3879287276469E-32,2.77585745529379E-32));
#10217=DIRECTION('center_axis',(-7.29012414660953E-16,-0.499999999999871,
0.866025403784513));
#10218=DIRECTION('ref_axis',(1.,0.,8.41791027694088E-16));
#10219=DIRECTION('',(0.,0.866025403784517,0.499999999999865));
#10220=DIRECTION('',(1.,-1.02815337037936E-15,2.48186402537549E-16));
#10221=DIRECTION('center_axis',(0.,-0.258819045102521,-0.965925826289068));
#10222=DIRECTION('ref_axis',(-1.65801401477359E-33,-0.965925826289065,0.258819045102533));
#10223=DIRECTION('',(-0.707106781186324,0.18301270189228,0.683012701892435));
#10224=DIRECTION('center_axis',(2.63760175957427E-17,0.258819045102533,
0.965925826289065));
#10225=DIRECTION('ref_axis',(0.,-0.965925826289065,0.258819045102533));
#10226=DIRECTION('center_axis',(0.707106781186579,0.183012701892219,0.683012701892187));
#10227=DIRECTION('ref_axis',(0.694746590606833,0.,-0.719254596676435));
#10228=DIRECTION('',(-0.707106781186514,0.18301270189223,0.683012701892251));
#10229=DIRECTION('',(4.7687431930208E-16,0.965925826289065,-0.258819045102533));
#10230=DIRECTION('center_axis',(0.,-0.258819045102519,-0.965925826289069));
#10231=DIRECTION('ref_axis',(1.,-3.39398174476302E-18,-1.26665123114162E-17));
#10232=DIRECTION('center_axis',(2.63760175957427E-17,0.258819045102533,
0.965925826289065));
#10233=DIRECTION('ref_axis',(1.,-1.3879287276469E-32,-2.77585745529379E-32));
#10234=DIRECTION('center_axis',(0.,-0.258819045102533,-0.965925826289065));
#10235=DIRECTION('ref_axis',(-1.,1.3879287276469E-32,2.77585745529379E-32));
#10236=DIRECTION('',(0.,-0.258819045102533,-0.965925826289065));
#10237=DIRECTION('center_axis',(0.,-0.258819045102533,-0.965925826289065));
#10238=DIRECTION('ref_axis',(-1.,1.3879287276469E-32,2.77585745529379E-32));
#10239=DIRECTION('',(0.,-0.258819045102533,-0.965925826289065));
#10240=DIRECTION('center_axis',(0.,0.258819045102533,0.965925826289065));
#10241=DIRECTION('ref_axis',(-1.,1.3879287276469E-32,2.77585745529379E-32));
#10242=DIRECTION('',(0.,-0.258819045102533,-0.965925826289065));
#10243=DIRECTION('center_axis',(0.,-0.258819045102533,-0.965925826289065));
#10244=DIRECTION('ref_axis',(-1.,1.3879287276469E-32,2.77585745529379E-32));
#10245=DIRECTION('',(0.,-0.258819045102533,-0.965925826289065));
#10246=DIRECTION('center_axis',(1.,-4.60625220907897E-16,1.23424155955685E-16));
#10247=DIRECTION('ref_axis',(-4.7687431930208E-16,-0.965925826289065,0.258819045102533));
#10248=DIRECTION('',(0.,-0.258819045102533,-0.965925826289065));
#10249=DIRECTION('',(4.7687431930208E-16,0.965925826289065,-0.258819045102533));
#10250=DIRECTION('',(0.,0.258819045102533,0.965925826289065));
#10251=DIRECTION('',(-4.7687431930208E-16,-0.965925826289065,0.258819045102533));
#10252=DIRECTION('',(0.,-0.258819045102533,-0.965925826289065));
#10253=DIRECTION('',(4.7687431930208E-16,0.965925826289065,-0.258819045102533));
#10254=DIRECTION('',(0.,0.258819045102533,0.965925826289065));
#10255=DIRECTION('',(-4.7687431930208E-16,-0.965925826289065,0.258819045102533));
#10256=DIRECTION('',(0.,-0.258819045102533,-0.965925826289065));
#10257=DIRECTION('',(4.7687431930208E-16,0.965925826289065,-0.258819045102533));
#10258=DIRECTION('',(0.,0.258819045102532,0.965925826289065));
#10259=DIRECTION('',(-4.7687431930208E-16,-0.965925826289065,0.258819045102533));
#10260=DIRECTION('',(0.,-0.258819045102532,-0.965925826289065));
#10261=DIRECTION('',(4.7687431930208E-16,0.965925826289065,-0.258819045102533));
#10262=DIRECTION('',(0.,0.258819045102533,0.965925826289065));
#10263=DIRECTION('',(-4.7687431930208E-16,-0.965925826289065,0.258819045102533));
#10264=DIRECTION('',(0.,-0.258819045102533,-0.965925826289065));
#10265=DIRECTION('',(4.7687431930208E-16,0.965925826289065,-0.258819045102533));
#10266=DIRECTION('',(4.7687431930208E-16,0.965925826289065,-0.258819045102533));
#10267=DIRECTION('',(-2.2186712959341E-31,0.258819045102532,0.965925826289065));
#10268=DIRECTION('',(-4.7687431930208E-16,-0.965925826289065,0.258819045102532));
#10269=DIRECTION('',(6.65601388780229E-31,-0.258819045102532,-0.965925826289065));
#10270=DIRECTION('',(4.7687431930208E-16,0.965925826289065,-0.258819045102532));
#10271=DIRECTION('',(-1.97215226305253E-31,0.258819045102532,0.965925826289065));
#10272=DIRECTION('',(-4.7687431930208E-16,-0.965925826289065,0.258819045102533));
#10273=DIRECTION('',(1.97215226305253E-31,-0.258819045102532,-0.965925826289065));
#10274=DIRECTION('',(2.71170936169723E-31,-0.258819045102532,-0.965925826289065));
#10275=DIRECTION('',(4.7687431930208E-16,0.965925826289065,-0.258819045102533));
#10276=DIRECTION('',(-1.97215226305253E-31,0.258819045102532,0.965925826289065));
#10277=DIRECTION('',(-4.7687431930208E-16,-0.965925826289065,0.258819045102532));
#10278=DIRECTION('',(4.7687431930208E-16,0.965925826289065,-0.258819045102533));
#10279=DIRECTION('',(-3.45126646034193E-31,0.258819045102532,0.965925826289065));
#10280=DIRECTION('',(-4.7687431930208E-16,-0.965925826289065,0.258819045102533));
#10281=DIRECTION('',(-2.46519032881566E-32,-0.258819045102533,-0.965925826289065));
#10282=DIRECTION('center_axis',(0.,-0.258819045102533,-0.965925826289065));
#10283=DIRECTION('ref_axis',(0.,0.965925826289065,-0.258819045102533));
#10284=DIRECTION('',(0.,-0.258819045102533,-0.965925826289065));
#10285=DIRECTION('center_axis',(0.,-0.258819045102533,-0.965925826289065));
#10286=DIRECTION('ref_axis',(0.,0.965925826289065,-0.258819045102533));
#10287=DIRECTION('',(0.,0.258819045102533,0.965925826289065));
#10288=DIRECTION('center_axis',(0.,0.258819045102533,0.965925826289065));
#10289=DIRECTION('ref_axis',(0.,0.965925826289065,-0.258819045102533));
#10290=DIRECTION('',(0.,-0.258819045102533,-0.965925826289065));
#10291=DIRECTION('center_axis',(0.,-0.258819045102533,-0.965925826289065));
#10292=DIRECTION('ref_axis',(0.,0.965925826289065,-0.258819045102533));
#10293=DIRECTION('center_axis',(0.,-0.965925826289065,0.258819045102533));
#10294=DIRECTION('ref_axis',(-1.,0.,0.));
#10295=DIRECTION('',(0.,-0.258819045102533,-0.965925826289065));
#10296=DIRECTION('',(1.,0.,0.));
#10297=DIRECTION('',(0.,0.258819045102532,0.965925826289065));
#10298=DIRECTION('',(-2.04265350938324E-16,-0.258819045102533,-0.965925826289065));
#10299=DIRECTION('',(-1.,-1.23259516440783E-32,-4.6001077787335E-32));
#10300=DIRECTION('',(-2.04265350938324E-16,0.258819045102533,0.965925826289065));
#10301=DIRECTION('',(0.,-0.258819045102532,-0.965925826289065));
#10302=DIRECTION('',(1.,0.,0.));
#10303=DIRECTION('center_axis',(0.,0.258819045102533,0.965925826289065));
#10304=DIRECTION('ref_axis',(-2.08792390413593E-15,-0.965925826289065,0.258819045102533));
#10305=DIRECTION('',(0.,0.258819045102533,0.965925826289065));
#10306=DIRECTION('center_axis',(9.22592309097171E-18,0.258819045102533,
0.965925826289065));
#10307=DIRECTION('ref_axis',(-0.931044310715881,-0.35247226542466,0.0944446588749106));
#10308=DIRECTION('',(0.,-0.258819045102532,-0.965925826289065));
#10309=DIRECTION('center_axis',(0.,0.258819045102533,0.965925826289065));
#10310=DIRECTION('ref_axis',(0.,0.965925826289065,-0.258819045102533));
#10311=DIRECTION('',(0.,0.258819045102533,0.965925826289065));
#10312=DIRECTION('center_axis',(7.9019144597083E-18,-0.258819045102533,
-0.965925826289065));
#10313=DIRECTION('ref_axis',(-0.135438596138341,0.957025536577991,-0.256434219662047));
#10314=DIRECTION('center_axis',(-1.,4.60625220907897E-16,-1.23424155955685E-16));
#10315=DIRECTION('ref_axis',(-4.7687431930208E-16,-0.965925826289065,0.258819045102533));
#10316=DIRECTION('',(4.93038065763132E-32,-0.258819045102533,-0.965925826289065));
#10317=DIRECTION('',(-2.46519032881566E-32,0.258819045102533,0.965925826289065));
#10318=DIRECTION('',(0.,0.965925826289065,-0.258819045102533));
#10319=DIRECTION('center_axis',(0.,0.258819045102533,0.965925826289065));
#10320=DIRECTION('ref_axis',(-1.,-6.722598741104E-16,1.80131490371739E-16));
#10321=DIRECTION('',(0.,0.258819045102532,0.965925826289065));
#10322=DIRECTION('center_axis',(2.42926993178743E-16,0.258819045102532,
0.965925826289065));
#10323=DIRECTION('ref_axis',(-0.34657848131859,0.906058688827181,-0.242777693966456));
#10324=DIRECTION('',(0.,-0.258819045102532,-0.965925826289065));
#10325=DIRECTION('center_axis',(8.45884209238215E-16,0.965925826289065,
-0.258819045102533));
#10326=DIRECTION('ref_axis',(-1.,7.91706745974866E-16,-3.1355581433996E-16));
#10327=DIRECTION('',(-9.3912012526311E-32,0.258819045102532,0.965925826289065));
#10328=DIRECTION('',(1.,9.86634128724664E-16,-2.58319673456565E-16));
#10329=DIRECTION('',(0.,-0.258819045102532,-0.965925826289065));
#10330=DIRECTION('center_axis',(0.,0.258819045102533,0.965925826289065));
#10331=DIRECTION('ref_axis',(6.95974634711977E-16,0.965925826289065,-0.258819045102533));
#10332=DIRECTION('',(0.,-0.258819045102532,-0.965925826289065));
#10333=DIRECTION('',(0.,-0.258819045102532,-0.965925826289065));
#10334=DIRECTION('center_axis',(0.,0.258819045102533,0.965925826289065));
#10335=DIRECTION('ref_axis',(6.95974634711978E-16,0.965925826289065,-0.258819045102533));
#10336=DIRECTION('center_axis',(6.34413156928661E-16,-0.965925826289065,
0.258819045102533));
#10337=DIRECTION('ref_axis',(1.,5.83417974767814E-16,-2.73838687377469E-16));
#10338=DIRECTION('',(-3.52170046973666E-32,0.258819045102532,0.965925826289065));
#10339=DIRECTION('',(-1.,1.38065395240784E-15,-3.74494697056293E-16));
#10340=DIRECTION('center_axis',(-1.,4.60625220907897E-16,-1.23424155955684E-16));
#10341=DIRECTION('ref_axis',(-4.7687431930208E-16,-0.965925826289065,0.258819045102533));
#10342=DIRECTION('',(2.46519032881566E-32,0.258819045102533,0.965925826289065));
#10343=DIRECTION('',(5.61900271742563E-16,0.965925826289065,-0.258819045102532));
#10344=DIRECTION('',(0.,-0.258819045102532,-0.965925826289065));
#10345=DIRECTION('center_axis',(8.45884209238215E-16,0.965925826289065,
-0.258819045102533));
#10346=DIRECTION('ref_axis',(-1.,7.91706745974866E-16,-3.1355581433996E-16));
#10347=DIRECTION('',(9.3912012526311E-32,-0.258819045102532,-0.965925826289065));
#10348=DIRECTION('',(0.,-0.258819045102532,-0.965925826289065));
#10349=DIRECTION('',(1.,6.17205090462508E-15,-6.08522659068582E-16));
#10350=DIRECTION('center_axis',(0.,0.258819045102533,0.965925826289065));
#10351=DIRECTION('ref_axis',(1.,6.72259874110401E-16,-1.80131490371739E-16));
#10352=DIRECTION('',(0.,0.258819045102532,0.965925826289065));
#10353=DIRECTION('center_axis',(3.25655121773527E-16,0.258819045102532,
0.965925826289065));
#10354=DIRECTION('ref_axis',(0.502394265362506,-0.83517680638458,0.223784950807963));
#10355=DIRECTION('center_axis',(0.,-0.258819045102533,-0.965925826289065));
#10356=DIRECTION('ref_axis',(0.,0.965925826289065,-0.258819045102533));
#10357=DIRECTION('center_axis',(0.,-0.258819045102533,-0.965925826289065));
#10358=DIRECTION('ref_axis',(0.,0.965925826289065,-0.258819045102533));
#10359=DIRECTION('center_axis',(0.,-0.258819045102533,-0.965925826289065));
#10360=DIRECTION('ref_axis',(0.,0.965925826289065,-0.258819045102533));
#10361=DIRECTION('center_axis',(0.,-0.258819045102533,-0.965925826289065));
#10362=DIRECTION('ref_axis',(0.,0.965925826289065,-0.258819045102533));
#10363=DIRECTION('center_axis',(0.,-0.258819045102533,-0.965925826289065));
#10364=DIRECTION('ref_axis',(0.,0.965925826289065,-0.258819045102533));
#10365=DIRECTION('center_axis',(0.,-0.258819045102533,-0.965925826289065));
#10366=DIRECTION('ref_axis',(0.,0.965925826289065,-0.258819045102533));
#10367=DIRECTION('center_axis',(0.,-0.258819045102533,-0.965925826289065));
#10368=DIRECTION('ref_axis',(0.,0.965925826289065,-0.258819045102533));
#10369=DIRECTION('center_axis',(0.,-0.258819045102533,-0.965925826289065));
#10370=DIRECTION('ref_axis',(0.,0.965925826289065,-0.258819045102533));
#10371=DIRECTION('center_axis',(0.,-0.258819045102533,-0.965925826289065));
#10372=DIRECTION('ref_axis',(0.,0.965925826289065,-0.258819045102533));
#10373=DIRECTION('center_axis',(0.,-0.258819045102533,-0.965925826289065));
#10374=DIRECTION('ref_axis',(0.,0.965925826289065,-0.258819045102533));
#10375=DIRECTION('center_axis',(0.,-0.258819045102533,-0.965925826289065));
#10376=DIRECTION('ref_axis',(0.,0.965925826289065,-0.258819045102533));
#10377=DIRECTION('center_axis',(0.,-0.258819045102533,-0.965925826289065));
#10378=DIRECTION('ref_axis',(0.,0.965925826289065,-0.258819045102533));
#10379=DIRECTION('center_axis',(0.,-0.258819045102533,-0.965925826289065));
#10380=DIRECTION('ref_axis',(0.,0.965925826289065,-0.258819045102533));
#10381=DIRECTION('center_axis',(0.,-0.258819045102533,-0.965925826289065));
#10382=DIRECTION('ref_axis',(0.,0.965925826289065,-0.258819045102533));
#10383=DIRECTION('center_axis',(0.,-0.258819045102533,-0.965925826289065));
#10384=DIRECTION('ref_axis',(0.,0.965925826289065,-0.258819045102533));
#10385=DIRECTION('center_axis',(0.,-0.258819045102533,-0.965925826289065));
#10386=DIRECTION('ref_axis',(0.,0.965925826289065,-0.258819045102533));
#10387=DIRECTION('center_axis',(1.,0.,-2.11471052309554E-16));
#10388=DIRECTION('ref_axis',(-2.11471052309554E-16,1.60080215489556E-28,
-1.));
#10389=DIRECTION('',(0.,0.258819045102532,0.965925826289065));
#10390=DIRECTION('',(-2.11471052309554E-16,1.60080215489556E-28,-1.));
#10391=DIRECTION('center_axis',(0.,0.258819045102532,0.965925826289065));
#10392=DIRECTION('ref_axis',(0.,0.965925826289065,-0.258819045102532));
#10393=DIRECTION('',(0.,0.258819045102532,0.965925826289065));
#10394=DIRECTION('center_axis',(0.,-0.258819045102533,-0.965925826289065));
#10395=DIRECTION('ref_axis',(0.,0.965925826289065,-0.258819045102533));
#10396=DIRECTION('',(0.384776615869517,0.891558933091047,-0.238892496126513));
#10397=DIRECTION('',(0.,0.943822171925122,0.330453790691748));
#10398=DIRECTION('center_axis',(-1.,0.,-2.11471052309554E-16));
#10399=DIRECTION('ref_axis',(-2.11471052309554E-16,-1.60080215489556E-28,
1.));
#10400=DIRECTION('',(0.,-0.258819045102532,-0.965925826289065));
#10401=DIRECTION('',(-2.11471052309554E-16,-1.60080215489556E-28,1.));
#10402=DIRECTION('center_axis',(0.,0.258819045102532,0.965925826289065));
#10403=DIRECTION('ref_axis',(0.,0.965925826289065,-0.258819045102532));
#10404=DIRECTION('center_axis',(0.,-0.258819045102533,-0.965925826289065));
#10405=DIRECTION('ref_axis',(0.,0.965925826289065,-0.258819045102533));
#10406=DIRECTION('',(0.,-0.258819045102532,-0.965925826289065));
#10407=DIRECTION('',(7.59638881196754E-16,0.943822171925123,0.330453790691746));
#10408=DIRECTION('',(0.384776615869517,-0.891558933091047,0.238892496126513));
#10409=DIRECTION('center_axis',(0.,0.258819045102533,0.965925826289065));
#10410=DIRECTION('ref_axis',(0.,0.965925826289065,-0.258819045102533));
#10411=DIRECTION('center_axis',(0.998542273277508,-0.0139698247386051,-0.052136095697304));
#10412=DIRECTION('ref_axis',(-0.0539752580149996,-0.258441757664197,-0.964517770400139));
#10413=DIRECTION('center_axis',(0.,-0.258819045102533,-0.965925826289065));
#10414=DIRECTION('ref_axis',(0.,0.965925826289065,-0.258819045102533));
#10415=DIRECTION('center_axis',(0.,-0.258819045102533,-0.965925826289065));
#10416=DIRECTION('ref_axis',(0.,0.965925826289065,-0.258819045102533));
#10417=DIRECTION('',(1.,0.,0.));
#10418=DIRECTION('center_axis',(0.,-0.258819045102533,-0.965925826289065));
#10419=DIRECTION('ref_axis',(1.,-1.3879287276469E-32,-2.77585745529379E-32));
#10420=DIRECTION('center_axis',(0.,-0.258819045102533,-0.965925826289065));
#10421=DIRECTION('ref_axis',(0.,0.965925826289065,-0.258819045102533));
#10422=DIRECTION('center_axis',(0.,-0.258819045102533,-0.965925826289065));
#10423=DIRECTION('ref_axis',(0.,0.965925826289065,-0.258819045102533));
#10424=DIRECTION('center_axis',(0.,-0.258819045102533,-0.965925826289065));
#10425=DIRECTION('ref_axis',(1.,-1.3879287276469E-32,-2.77585745529379E-32));
#10426=DIRECTION('',(-4.7687431930208E-16,-0.965925826289065,0.258819045102533));
#10427=DIRECTION('center_axis',(0.,-0.258819045102533,-0.965925826289065));
#10428=DIRECTION('ref_axis',(0.,0.965925826289065,-0.258819045102533));
#10429=DIRECTION('center_axis',(0.,-0.258819045102533,-0.965925826289065));
#10430=DIRECTION('ref_axis',(0.,0.965925826289065,-0.258819045102533));
#10431=DIRECTION('',(-4.7687431930208E-16,-0.965925826289065,0.258819045102533));
#10432=DIRECTION('center_axis',(0.,-0.258819045102533,-0.965925826289065));
#10433=DIRECTION('ref_axis',(0.,0.965925826289065,-0.258819045102533));
#10434=DIRECTION('center_axis',(0.,-0.258819045102533,-0.965925826289065));
#10435=DIRECTION('ref_axis',(0.,0.965925826289065,-0.258819045102533));
#10436=DIRECTION('',(-4.7687431930208E-16,-0.965925826289065,0.258819045102533));
#10437=DIRECTION('center_axis',(0.,-0.258819045102533,-0.965925826289065));
#10438=DIRECTION('ref_axis',(0.,0.965925826289065,-0.258819045102533));
#10439=DIRECTION('center_axis',(0.,-0.258819045102533,-0.965925826289065));
#10440=DIRECTION('ref_axis',(0.,0.965925826289065,-0.258819045102533));
#10441=DIRECTION('',(-4.7687431930208E-16,-0.965925826289065,0.258819045102533));
#10442=DIRECTION('center_axis',(0.,-0.258819045102533,-0.965925826289065));
#10443=DIRECTION('ref_axis',(0.,0.965925826289065,-0.258819045102533));
#10444=DIRECTION('center_axis',(0.,-0.258819045102533,-0.965925826289065));
#10445=DIRECTION('ref_axis',(0.,0.965925826289065,-0.258819045102533));
#10446=DIRECTION('',(-4.7687431930208E-16,-0.965925826289065,0.258819045102533));
#10447=DIRECTION('center_axis',(0.,-0.258819045102533,-0.965925826289065));
#10448=DIRECTION('ref_axis',(0.,-0.965925826289065,0.258819045102533));
#10449=DIRECTION('center_axis',(0.,-0.258819045102533,-0.965925826289065));
#10450=DIRECTION('ref_axis',(0.,0.965925826289065,-0.258819045102533));
#10451=DIRECTION('center_axis',(0.,-0.258819045102533,-0.965925826289065));
#10452=DIRECTION('ref_axis',(0.,0.965925826289065,-0.258819045102533));
#10453=DIRECTION('center_axis',(0.,-0.258819045102533,-0.965925826289065));
#10454=DIRECTION('ref_axis',(0.,-0.965925826289065,0.258819045102533));
#10455=DIRECTION('',(-1.,1.02132675469162E-15,-2.73663679127932E-16));
#10456=DIRECTION('center_axis',(0.,-0.258819045102533,-0.965925826289065));
#10457=DIRECTION('ref_axis',(0.,0.965925826289065,-0.258819045102533));
#10458=DIRECTION('center_axis',(0.,-0.258819045102533,-0.965925826289065));
#10459=DIRECTION('ref_axis',(0.,0.965925826289065,-0.258819045102533));
#10460=DIRECTION('',(-1.,1.02132675469162E-15,-2.73663679127932E-16));
#10461=DIRECTION('center_axis',(0.,-0.258819045102533,-0.965925826289065));
#10462=DIRECTION('ref_axis',(0.,0.965925826289065,-0.258819045102533));
#10463=DIRECTION('center_axis',(0.,-0.258819045102533,-0.965925826289065));
#10464=DIRECTION('ref_axis',(0.,0.965925826289065,-0.258819045102533));
#10465=DIRECTION('',(-1.,1.02132675469162E-15,-2.73663679127932E-16));
#10466=DIRECTION('center_axis',(0.,-0.258819045102533,-0.965925826289065));
#10467=DIRECTION('ref_axis',(0.,0.965925826289065,-0.258819045102533));
#10468=DIRECTION('center_axis',(0.,-0.258819045102533,-0.965925826289065));
#10469=DIRECTION('ref_axis',(0.,0.965925826289065,-0.258819045102533));
#10470=DIRECTION('center_axis',(0.,-0.258819045102533,-0.965925826289065));
#10471=DIRECTION('ref_axis',(0.996619437063904,0.079357127321423,-0.021263678179431));
#10472=DIRECTION('center_axis',(0.,-0.258819045102533,-0.965925826289065));
#10473=DIRECTION('ref_axis',(0.,0.965925826289065,-0.258819045102533));
#10474=DIRECTION('center_axis',(0.,-0.258819045102533,-0.965925826289065));
#10475=DIRECTION('ref_axis',(0.,0.965925826289065,-0.258819045102533));
#10476=DIRECTION('center_axis',(0.,-0.258819045102533,-0.965925826289065));
#10477=DIRECTION('ref_axis',(0.,0.965925826289065,-0.258819045102533));
#10478=DIRECTION('center_axis',(0.,-0.258819045102533,-0.965925826289065));
#10479=DIRECTION('ref_axis',(0.,0.965925826289065,-0.258819045102533));
#10480=DIRECTION('center_axis',(0.,-0.258819045102533,-0.965925826289065));
#10481=DIRECTION('ref_axis',(0.,0.965925826289065,-0.258819045102533));
#10482=DIRECTION('center_axis',(0.,-0.258819045102533,-0.965925826289065));
#10483=DIRECTION('ref_axis',(0.,0.965925826289065,-0.258819045102533));
#10484=DIRECTION('center_axis',(0.,-0.258819045102533,-0.965925826289065));
#10485=DIRECTION('ref_axis',(0.,0.965925826289065,-0.258819045102533));
#10486=DIRECTION('center_axis',(0.,-0.258819045102533,-0.965925826289065));
#10487=DIRECTION('ref_axis',(0.,0.965925826289065,-0.258819045102533));
#10488=DIRECTION('center_axis',(0.,-0.258819045102533,-0.965925826289065));
#10489=DIRECTION('ref_axis',(0.,0.965925826289065,-0.258819045102533));
#10490=DIRECTION('center_axis',(0.,0.258819045102533,0.965925826289065));
#10491=DIRECTION('ref_axis',(0.790569415042094,-0.591506350946109,0.1584936490539));
#10492=DIRECTION('',(2.0185180503615E-16,0.965925826289065,-0.258819045102533));
#10493=DIRECTION('center_axis',(0.,0.258819045102533,0.965925826289065));
#10494=DIRECTION('ref_axis',(0.790569415042094,0.591506350946109,-0.1584936490539));
#10495=DIRECTION('center_axis',(0.,0.258819045102533,0.965925826289065));
#10496=DIRECTION('ref_axis',(0.790569415042094,-0.591506350946109,0.1584936490539));
#10497=DIRECTION('',(0.,0.965925826289065,-0.258819045102533));
#10498=DIRECTION('center_axis',(0.,0.258819045102533,0.965925826289065));
#10499=DIRECTION('ref_axis',(0.790569415042099,0.591506350946101,-0.158493649053901));
#10500=DIRECTION('center_axis',(0.,0.258819045102533,0.965925826289065));
#10501=DIRECTION('ref_axis',(0.790569415042094,-0.591506350946109,0.1584936490539));
#10502=DIRECTION('',(8.37175747565266E-16,0.965925826289065,-0.258819045102533));
#10503=DIRECTION('center_axis',(0.,0.258819045102533,0.965925826289065));
#10504=DIRECTION('ref_axis',(0.778925810259654,0.605747621077652,-0.162309585884838));
#10505=DIRECTION('center_axis',(0.,0.258819045102533,0.965925826289065));
#10506=DIRECTION('ref_axis',(0.231430544944344,0.939702320393178,-0.251792477875015));
#10507=DIRECTION('center_axis',(0.,0.258819045102533,0.965925826289065));
#10508=DIRECTION('ref_axis',(0.910789752756797,0.398802251376786,-0.10685874119612));
#10509=DIRECTION('center_axis',(0.,0.258819045102533,0.965925826289065));
#10510=DIRECTION('ref_axis',(6.01679665167472E-16,0.965925826289065,-0.258819045102532));
#10511=DIRECTION('',(-1.,1.22559210562994E-15,-3.28396414953518E-16));
#10512=DIRECTION('center_axis',(0.,0.258819045102533,0.965925826289065));
#10513=DIRECTION('ref_axis',(-0.612372435695794,0.7636314154634,-0.204614421088458));
#10514=DIRECTION('center_axis',(0.,0.258819045102533,0.965925826289065));
#10515=DIRECTION('ref_axis',(0.612372435695796,0.763631415463395,-0.204614421088469));
#10516=DIRECTION('',(-1.,-3.89961124518618E-16,1.04489768394301E-16));
#10517=DIRECTION('center_axis',(0.,0.258819045102533,0.965925826289065));
#10518=DIRECTION('ref_axis',(-0.612372435695793,0.763631415463398,-0.204614421088469));
#10519=DIRECTION('center_axis',(0.,0.258819045102533,0.965925826289065));
#10520=DIRECTION('ref_axis',(0.612372435695784,0.763631415463405,-0.204614421088468));
#10521=DIRECTION('',(-1.,3.67677631688983E-15,-9.85189244860556E-16));
#10522=DIRECTION('center_axis',(0.,0.258819045102533,0.965925826289065));
#10523=DIRECTION('ref_axis',(-0.46690682804371,0.85417450198867,-0.228875368003131));
#10524=DIRECTION('center_axis',(0.,0.258819045102533,0.965925826289065));
#10525=DIRECTION('ref_axis',(-0.910789752756789,0.3988022513768,-0.106858741196133));
#10526=DIRECTION('center_axis',(0.,0.258819045102533,0.965925826289065));
#10527=DIRECTION('ref_axis',(-0.231430544944342,0.93970232039318,-0.251792477875012));
#10528=DIRECTION('center_axis',(0.,0.258819045102533,0.965925826289065));
#10529=DIRECTION('ref_axis',(-1.,-5.81177927738221E-16,1.55726156396257E-16));
#10530=DIRECTION('',(8.37175747565266E-16,-0.965925826289065,0.258819045102533));
#10531=DIRECTION('center_axis',(0.,0.258819045102533,0.965925826289065));
#10532=DIRECTION('ref_axis',(-0.790569415042099,-0.591506350946101,0.158493649053901));
#10533=DIRECTION('center_axis',(0.,0.258819045102533,0.965925826289065));
#10534=DIRECTION('ref_axis',(-0.790569415042098,0.591506350946103,-0.158493649053898));
#10535=DIRECTION('',(-3.0626842058625E-16,-0.965925826289065,0.258819045102533));
#10536=DIRECTION('center_axis',(0.,0.258819045102533,0.965925826289065));
#10537=DIRECTION('ref_axis',(-0.790569415042098,-0.591506350946103,0.158493649053898));
#10538=DIRECTION('center_axis',(0.,0.258819045102533,0.965925826289065));
#10539=DIRECTION('ref_axis',(-0.790569415042098,0.591506350946103,-0.158493649053898));
#10540=DIRECTION('',(-2.0185180503615E-16,-0.965925826289065,0.258819045102533));
#10541=DIRECTION('center_axis',(0.,0.258819045102533,0.965925826289065));
#10542=DIRECTION('ref_axis',(-0.790569415042095,-0.591506350946109,0.158493649053894));
#10543=DIRECTION('center_axis',(0.,0.258819045102533,0.965925826289065));
#10544=DIRECTION('ref_axis',(-0.790569415042099,0.591506350946104,-0.158493649053893));
#10545=DIRECTION('',(-3.70074341541719E-16,-0.965925826289065,0.258819045102533));
#10546=DIRECTION('center_axis',(0.,0.258819045102533,0.965925826289065));
#10547=DIRECTION('ref_axis',(-0.79056941504209,-0.591506350946114,0.158493649053901));
#10548=DIRECTION('center_axis',(0.,0.258819045102533,0.965925826289065));
#10549=DIRECTION('ref_axis',(-0.79056941504209,0.591506350946114,-0.158493649053901));
#10550=DIRECTION('',(-5.10762422871194E-16,-0.965925826289065,0.258819045102533));
#10551=DIRECTION('center_axis',(0.,0.258819045102533,0.965925826289065));
#10552=DIRECTION('ref_axis',(-0.874980574809369,-0.467660740885654,0.125309317852057));
#10553=DIRECTION('center_axis',(0.,0.258819045102533,0.965925826289065));
#10554=DIRECTION('ref_axis',(-0.394930774866908,-0.887406566953311,0.237779872973226));
#10555=DIRECTION('center_axis',(0.,0.258819045102533,0.965925826289065));
#10556=DIRECTION('ref_axis',(-0.968126079158764,-0.241929028252741,0.0648246877459714));
#10557=DIRECTION('center_axis',(0.,0.258819045102533,0.965925826289065));
#10558=DIRECTION('ref_axis',(-1.80503899550241E-15,-0.965925826289065,0.258819045102532));
#10559=DIRECTION('',(1.,9.03067867306274E-16,-2.41976305755224E-16));
#10560=DIRECTION('center_axis',(0.,0.258819045102533,0.965925826289065));
#10561=DIRECTION('ref_axis',(0.612372435695794,-0.763631415463399,0.204614421088464));
#10562=DIRECTION('center_axis',(0.,0.258819045102533,0.965925826289065));
#10563=DIRECTION('ref_axis',(-0.612372435695794,-0.763631415463399,0.204614421088464));
#10564=DIRECTION('',(1.,-1.00931114581289E-15,2.70444106432309E-16));
#10565=DIRECTION('center_axis',(0.,0.258819045102533,0.965925826289065));
#10566=DIRECTION('ref_axis',(0.612372435695794,-0.763631415463399,0.204614421088461));
#10567=DIRECTION('center_axis',(0.,0.258819045102533,0.965925826289065));
#10568=DIRECTION('ref_axis',(-0.61237243569579,-0.763631415463401,0.204614421088465));
#10569=DIRECTION('',(1.,6.3214750711439E-15,-1.69383414028656E-15));
#10570=DIRECTION('center_axis',(0.,0.258819045102533,0.965925826289065));
#10571=DIRECTION('ref_axis',(0.6117210010821,-0.764118406216273,0.204744909867416));
#10572=DIRECTION('center_axis',(0.,0.258819045102533,0.965925826289065));
#10573=DIRECTION('ref_axis',(0.968126079158758,-0.241929028252764,0.064824687745974));
#10574=DIRECTION('center_axis',(0.,0.258819045102533,0.965925826289065));
#10575=DIRECTION('ref_axis',(0.394930774866898,-0.887406566953315,0.237779872973227));
#10576=DIRECTION('center_axis',(0.,0.258819045102533,0.965925826289065));
#10577=DIRECTION('ref_axis',(1.,-1.13559765012006E-30,5.34398894174148E-31));
#10578=DIRECTION('',(0.,0.965925826289065,-0.258819045102533));
#10579=DIRECTION('center_axis',(0.,0.258819045102533,0.965925826289065));
#10580=DIRECTION('ref_axis',(0.7905694150421,0.591506350946102,-0.158493649053895));
#10581=DIRECTION('center_axis',(0.,0.258819045102533,0.965925826289065));
#10582=DIRECTION('ref_axis',(0.790569415042095,-0.591506350946109,0.158493649053894));
#10583=DIRECTION('',(3.70074341541719E-16,0.965925826289065,-0.258819045102533));
#10584=DIRECTION('center_axis',(0.,0.258819045102533,0.965925826289065));
#10585=DIRECTION('ref_axis',(0.790569415042094,0.591506350946109,-0.1584936490539));
#10586=DIRECTION('center_axis',(0.,0.258819045102533,0.965925826289065));
#10587=DIRECTION('ref_axis',(0.,0.965925826289065,-0.258819045102533));
#10588=DIRECTION('center_axis',(0.,0.258819045102533,0.965925826289065));
#10589=DIRECTION('ref_axis',(0.,0.965925826289065,-0.258819045102533));
#10590=DIRECTION('center_axis',(0.998542273277508,-0.0139698247386051,-0.052136095697304));
#10591=DIRECTION('ref_axis',(-0.0539752580149996,-0.258441757664197,-0.964517770400139));
#10592=DIRECTION('center_axis',(0.,0.258819045102533,0.965925826289065));
#10593=DIRECTION('ref_axis',(-0.327244686127052,-0.912741598552352,0.244568374230407));
#10594=DIRECTION('center_axis',(-0.928476690885259,0.358735845933392,-0.0961229802139532));
#10595=DIRECTION('ref_axis',(-0.10297723551412,0.,0.994683713029358));
#10596=DIRECTION('',(-0.371390676354104,-0.896839614833481,0.240307450534882));
#10597=DIRECTION('',(0.10297723551412,1.59230452418117E-28,-0.994683713029358));
#10598=DIRECTION('',(2.04265350938324E-16,-0.258819045102533,-0.965925826289065));
#10599=DIRECTION('center_axis',(0.,0.330453790691748,-0.943822171925122));
#10600=DIRECTION('ref_axis',(-1.,0.,0.));
#10601=DIRECTION('',(-1.,0.,0.));
#10602=DIRECTION('',(1.,0.,0.));
#10603=DIRECTION('center_axis',(0.928476690885259,0.358735845933392,-0.0961229802139532));
#10604=DIRECTION('ref_axis',(-0.10297723551412,0.,-0.994683713029358));
#10605=DIRECTION('',(-0.371390676354104,0.896839614833481,-0.240307450534882));
#10606=DIRECTION('',(2.04265350938324E-16,0.258819045102533,0.965925826289065));
#10607=DIRECTION('',(0.10297723551412,-1.59227913833266E-28,0.994683713029358));
#10608=DIRECTION('center_axis',(0.,-0.965925826289065,0.258819045102533));
#10609=DIRECTION('ref_axis',(-1.,0.,0.));
#10610=DIRECTION('center_axis',(-4.37340977103284E-15,0.,1.));
#10611=DIRECTION('ref_axis',(1.,7.22141825593113E-32,4.37340977103284E-15));
#10612=DIRECTION('',(1.,1.18388459717874E-58,4.37340977103284E-15));
#10613=DIRECTION('',(0.,1.,0.));
#10614=DIRECTION('',(1.,7.22141825593113E-32,4.37340977103284E-15));
#10615=DIRECTION('',(0.,1.,0.));
#10616=DIRECTION('center_axis',(0.,1.,0.));
#10617=DIRECTION('ref_axis',(-0.513050101174864,0.,0.858358662613981));
#10618=DIRECTION('center_axis',(1.18388459717874E-58,-1.,9.92290292195613E-89));
#10619=DIRECTION('ref_axis',(-0.513050101174864,0.,0.858358662613981));
#10620=DIRECTION('center_axis',(-8.13794098206441E-32,-1.,-1.59923441699701E-28));
#10621=DIRECTION('ref_axis',(-0.513050101174864,-1.37229919823538E-28,0.858358662613981));
#10622=DIRECTION('',(0.,1.,0.));
#10623=DIRECTION('center_axis',(0.,1.,0.));
#10624=DIRECTION('ref_axis',(-1.33226762955019E-15,0.,-1.));
#10625=DIRECTION('',(0.,1.,0.));
#10626=DIRECTION('center_axis',(-1.23259516440783E-32,1.,1.60080215489556E-28));
#10627=DIRECTION('ref_axis',(-1.33226762955019E-15,1.60080215489556E-28,
-1.));
#10628=DIRECTION('',(0.,1.,0.));
#10629=DIRECTION('center_axis',(0.,0.,-1.));
#10630=DIRECTION('ref_axis',(-1.,-1.23259516440783E-32,0.));
#10631=DIRECTION('',(0.,1.,0.));
#10632=DIRECTION('',(-1.,-1.23259516440783E-32,0.));
#10633=DIRECTION('center_axis',(0.,1.,0.));
#10634=DIRECTION('ref_axis',(-1.,0.,1.77635683940025E-15));
#10635=DIRECTION('',(0.,1.,0.));
#10636=DIRECTION('center_axis',(-1.23259516440783E-32,1.,1.60080215489556E-28));
#10637=DIRECTION('ref_axis',(-1.,-1.23259516443626E-32,1.77635683940025E-15));
#10638=DIRECTION('center_axis',(1.,0.,-2.11471052309554E-16));
#10639=DIRECTION('ref_axis',(-2.11471052309554E-16,1.60080215489556E-28,
-1.));
#10640=DIRECTION('',(-2.11471052309554E-16,1.60080215489556E-28,-1.));
#10641=DIRECTION('center_axis',(-1.,0.,-2.11471052309554E-16));
#10642=DIRECTION('ref_axis',(-2.11471052309554E-16,-1.60080215489556E-28,
1.));
#10643=DIRECTION('',(-2.11471052309554E-16,-1.60080215489556E-28,1.));
#10644=DIRECTION('center_axis',(1.23259516440783E-32,-1.,-1.60080215489556E-28));
#10645=DIRECTION('ref_axis',(-1.,-1.23259516440783E-32,0.));
#10646=DIRECTION('center_axis',(3.02901412175258E-32,-1.,-1.60109333317433E-28));
#10647=DIRECTION('ref_axis',(0.525062241670342,1.36279166607263E-28,-0.851063829787235));
#10648=DIRECTION('',(-1.,4.54176064220788E-31,-2.09876542898774E-15));
#10649=DIRECTION('center_axis',(1.,-4.0304706829441E-16,1.07996136461224E-16));
#10650=DIRECTION('ref_axis',(4.1726502938932E-16,0.965925826289065,-0.258819045102533));
#10651=DIRECTION('',(2.46519032881566E-32,0.258819045102533,0.965925826289065));
#10652=DIRECTION('',(9.83951615235085E-16,-0.965925826289065,0.258819045102535));
#10653=DIRECTION('',(0.,-0.258819045102532,-0.965925826289065));
#10654=DIRECTION('center_axis',(0.,0.258819045102533,0.965925826289065));
#10655=DIRECTION('ref_axis',(6.95974634711977E-16,0.965925826289065,-0.258819045102533));
#10656=DIRECTION('',(0.,0.258819045102532,0.965925826289065));
#10657=DIRECTION('center_axis',(1.44121647487133E-17,0.258819045102533,
0.965925826289065));
#10658=DIRECTION('ref_axis',(0.85462059725944,0.501559842833026,-0.134392554842997));
#10659=DIRECTION('',(0.,-0.258819045102532,-0.965925826289065));
#10660=DIRECTION('center_axis',(0.,0.258819045102532,0.965925826289065));
#10661=DIRECTION('ref_axis',(0.274152478149316,-0.928917573250369,0.248902713587527));
#10662=DIRECTION('center_axis',(-1.23259516440783E-32,1.,1.60080215489556E-28));
#10663=DIRECTION('ref_axis',(0.,0.,-1.));
#10664=DIRECTION('',(0.,0.258819045102532,0.965925826289065));
#10665=DIRECTION('center_axis',(0.,-0.258819045102533,-0.965925826289065));
#10666=DIRECTION('ref_axis',(0.916515138991165,-0.386370330515632,0.103527618041015));
#10667=DIRECTION('',(0.,-0.258819045102532,-0.965925826289065));
#10668=DIRECTION('center_axis',(1.,0.,0.));
#10669=DIRECTION('ref_axis',(0.,-0.965925826289065,0.258819045102532));
#10670=DIRECTION('',(0.,-0.258819045102532,-0.965925826289065));
#10671=DIRECTION('',(0.,-0.258819045102532,-0.965925826289065));
#10672=DIRECTION('',(0.,-0.965925826289065,0.258819045102532));
#10673=DIRECTION('center_axis',(0.,-0.258819045102532,-0.965925826289065));
#10674=DIRECTION('ref_axis',(1.,-1.13559765012006E-30,5.34398894174148E-31));
#10675=DIRECTION('',(0.,0.258819045102532,0.965925826289065));
#10676=DIRECTION('center_axis',(-1.43544768409346E-15,-0.258819045102533,
-0.965925826289065));
#10677=DIRECTION('ref_axis',(1.,-3.71521198891712E-16,-1.3865359903527E-15));
#10678=DIRECTION('center_axis',(0.,-0.258819045102532,-0.965925826289065));
#10679=DIRECTION('ref_axis',(0.6117210010821,-0.764118406216273,0.204744909867416));
#10680=DIRECTION('',(0.,-0.258819045102532,-0.965925826289065));
#10681=DIRECTION('',(0.,-0.258819045102532,-0.965925826289065));
#10682=DIRECTION('center_axis',(-3.68060087106991E-16,-0.258819045102532,
-0.965925826289065));
#10683=DIRECTION('ref_axis',(0.6117210010821,-0.764118406216273,0.204744909867416));
#10684=DIRECTION('center_axis',(6.54447256621143E-15,-0.965925826289065,
0.258819045102532));
#10685=DIRECTION('ref_axis',(-1.,-6.43992103633682E-15,1.25178778023506E-15));
#10686=DIRECTION('',(0.,0.258819045102532,0.965925826289065));
#10687=DIRECTION('',(-1.,-6.43992103633682E-15,1.25178778023506E-15));
#10688=DIRECTION('center_axis',(-1.0449157878825E-15,-0.965925826289065,
0.258819045102532));
#10689=DIRECTION('ref_axis',(-1.,1.00899883799851E-15,-2.7160965506317E-16));
#10690=DIRECTION('',(0.,-0.258819045102532,-0.965925826289065));
#10691=DIRECTION('',(0.,0.258819045102532,0.965925826289065));
#10692=DIRECTION('',(-1.,1.00899883799851E-15,-2.7160965506317E-16));
#10693=DIRECTION('center_axis',(9.34924652315922E-16,-0.965925826289065,
0.258819045102532));
#10694=DIRECTION('ref_axis',(-1.,-9.03744856128387E-16,2.39449749074943E-16));
#10695=DIRECTION('',(0.,-0.258819045102532,-0.965925826289065));
#10696=DIRECTION('',(0.,-0.258819045102532,-0.965925826289065));
#10697=DIRECTION('',(-1.,-9.03744856128387E-16,2.39449749074943E-16));
#10698=DIRECTION('center_axis',(0.,-0.258819045102532,-0.965925826289065));
#10699=DIRECTION('ref_axis',(-1.80503899550241E-15,-0.965925826289065,0.258819045102532));
#10700=DIRECTION('',(0.,0.258819045102532,0.965925826289065));
#10701=DIRECTION('center_axis',(0.,-0.258819045102533,-0.965925826289065));
#10702=DIRECTION('ref_axis',(-1.80503899550241E-15,-0.965925826289065,0.258819045102533));
#10703=DIRECTION('center_axis',(0.,-0.258819045102532,-0.965925826289065));
#10704=DIRECTION('ref_axis',(-0.874980574809369,-0.467660740885654,0.125309317852057));
#10705=DIRECTION('',(0.,-0.258819045102532,-0.965925826289065));
#10706=DIRECTION('',(0.,-0.258819045102532,-0.965925826289065));
#10707=DIRECTION('center_axis',(-8.63265549443691E-18,-0.258819045102533,
-0.965925826289065));
#10708=DIRECTION('ref_axis',(-0.874980574809369,-0.467660740885653,0.125309317852058));
#10709=DIRECTION('center_axis',(0.,-0.258819045102532,-0.965925826289065));
#10710=DIRECTION('ref_axis',(-1.48029736616688E-14,0.965925826289065,-0.258819045102532));
#10711=DIRECTION('',(0.,-0.258819045102532,-0.965925826289065));
#10712=DIRECTION('',(0.,0.258819045102532,0.965925826289065));
#10713=DIRECTION('center_axis',(-3.13246952263738E-31,0.258819045102533,
0.965925826289065));
#10714=DIRECTION('ref_axis',(-1.48029736616688E-14,0.965925826289065,-0.258819045102533));
#10715=DIRECTION('center_axis',(0.,-0.258819045102532,-0.965925826289065));
#10716=DIRECTION('ref_axis',(5.9211894646675E-15,0.965925826289065,-0.258819045102532));
#10717=DIRECTION('',(0.,-0.258819045102532,-0.965925826289065));
#10718=DIRECTION('',(0.,0.258819045102532,0.965925826289065));
#10719=DIRECTION('center_axis',(1.25298780905494E-31,0.258819045102533,
0.965925826289065));
#10720=DIRECTION('ref_axis',(5.9211894646675E-15,0.965925826289065,-0.258819045102533));
#10721=DIRECTION('center_axis',(0.,-0.258819045102532,-0.965925826289065));
#10722=DIRECTION('ref_axis',(1.1842378929335E-14,0.965925826289065,-0.258819045102532));
#10723=DIRECTION('',(0.,-0.258819045102532,-0.965925826289065));
#10724=DIRECTION('',(0.,0.258819045102532,0.965925826289065));
#10725=DIRECTION('center_axis',(5.4416732041207E-32,0.258819045102533,0.965925826289065));
#10726=DIRECTION('ref_axis',(1.1842378929335E-14,0.965925826289065,-0.258819045102533));
#10727=DIRECTION('center_axis',(-1.,-8.08649675716146E-16,2.1667702756784E-16));
#10728=DIRECTION('ref_axis',(-8.37175747565267E-16,0.965925826289065,-0.258819045102534));
#10729=DIRECTION('',(-2.46519032881566E-32,-0.258819045102532,-0.965925826289065));
#10730=DIRECTION('',(0.,-0.258819045102532,-0.965925826289065));
#10731=DIRECTION('',(-8.37175747565267E-16,0.965925826289065,-0.258819045102534));
#10732=DIRECTION('center_axis',(0.,-0.258819045102532,-0.965925826289065));
#10733=DIRECTION('ref_axis',(-1.,-5.81177927738221E-16,1.55726156396257E-16));
#10734=DIRECTION('',(0.,0.258819045102532,0.965925826289065));
#10735=DIRECTION('center_axis',(2.17492073347494E-17,-0.258819045102533,
-0.965925826289065));
#10736=DIRECTION('ref_axis',(-1.,-5.86807036812337E-16,1.34718035330307E-16));
#10737=DIRECTION('center_axis',(0.,-0.258819045102532,-0.965925826289065));
#10738=DIRECTION('ref_axis',(-0.46690682804371,0.85417450198867,-0.228875368003131));
#10739=DIRECTION('',(0.,-0.258819045102532,-0.965925826289065));
#10740=DIRECTION('',(0.,-0.258819045102532,-0.965925826289065));
#10741=DIRECTION('center_axis',(-3.25844897369704E-16,-0.258819045102532,
-0.965925826289065));
#10742=DIRECTION('ref_axis',(-0.46690682804371,0.85417450198867,-0.228875368003131));
#10743=DIRECTION('center_axis',(1.26882631385732E-15,0.965925826289065,
-0.258819045102532));
#10744=DIRECTION('ref_axis',(1.,-1.22526014486348E-15,3.2963530940008E-16));
#10745=DIRECTION('',(0.,-0.258819045102532,-0.965925826289065));
#10746=DIRECTION('',(0.,-0.258819045102532,-0.965925826289065));
#10747=DIRECTION('',(1.,-1.22526014486348E-15,3.2963530940008E-16));
#10748=DIRECTION('center_axis',(0.,-0.258819045102532,-0.965925826289065));
#10749=DIRECTION('ref_axis',(6.01679665167472E-16,0.965925826289065,-0.258819045102532));
#10750=DIRECTION('',(0.,0.258819045102532,0.965925826289065));
#10751=DIRECTION('center_axis',(0.,-0.258819045102533,-0.965925826289065));
#10752=DIRECTION('ref_axis',(6.01679665167472E-16,0.965925826289065,-0.258819045102533));
#10753=DIRECTION('center_axis',(0.,-0.258819045102532,-0.965925826289065));
#10754=DIRECTION('ref_axis',(0.778925810259654,0.605747621077652,-0.162309585884838));
#10755=DIRECTION('',(0.,-0.258819045102532,-0.965925826289065));
#10756=DIRECTION('',(0.,-0.258819045102532,-0.965925826289065));
#10757=DIRECTION('center_axis',(1.35515654101532E-18,-0.258819045102533,
-0.965925826289065));
#10758=DIRECTION('ref_axis',(0.778925810259654,0.605747621077652,-0.162309585884838));
#10759=DIRECTION('center_axis',(1.,-8.08649675716145E-16,2.1667702756784E-16));
#10760=DIRECTION('ref_axis',(-8.37175747565266E-16,-0.965925826289065,0.258819045102533));
#10761=DIRECTION('',(0.,0.258819045102532,0.965925826289065));
#10762=DIRECTION('',(-8.37175747565266E-16,-0.965925826289065,0.258819045102533));
#10763=DIRECTION('center_axis',(1.,0.,0.));
#10764=DIRECTION('ref_axis',(0.,-0.965925826289065,0.258819045102532));
#10765=DIRECTION('',(0.,-0.258819045102532,-0.965925826289065));
#10766=DIRECTION('',(0.,0.258819045102532,0.965925826289065));
#10767=DIRECTION('',(0.,-0.965925826289065,0.258819045102532));
#10768=DIRECTION('center_axis',(1.,-1.94973871567482E-16,5.22430914316787E-17));
#10769=DIRECTION('ref_axis',(-2.0185180503615E-16,-0.965925826289065,0.258819045102533));
#10770=DIRECTION('',(0.,-0.258819045102532,-0.965925826289065));
#10771=DIRECTION('',(0.,0.258819045102532,0.965925826289065));
#10772=DIRECTION('',(-2.0185180503615E-16,-0.965925826289065,0.258819045102533));
#10773=DIRECTION('center_axis',(1.,-3.57464364142067E-16,9.57822876947759E-17));
#10774=DIRECTION('ref_axis',(-3.70074341541719E-16,-0.965925826289065,0.258819045102533));
#10775=DIRECTION('',(1.23259516440783E-32,-0.258819045102532,-0.965925826289065));
#10776=DIRECTION('',(-1.23259516440783E-32,0.258819045102532,0.965925826289065));
#10777=DIRECTION('',(-3.70074341541719E-16,-0.965925826289065,0.258819045102533));
#10778=DIRECTION('center_axis',(-1.39684542616749E-17,-0.258819045102532,
-0.965925826289065));
#10779=DIRECTION('ref_axis',(0.910789752756797,0.398802251376786,-0.10685874119612));
#10780=DIRECTION('center_axis',(0.,0.258819045102533,0.965925826289065));
#10781=DIRECTION('ref_axis',(0.910789752756797,0.398802251376786,-0.10685874119612));
#10782=DIRECTION('',(0.,-0.258819045102532,-0.965925826289065));
#10783=DIRECTION('center_axis',(0.,-0.258819045102532,-0.965925826289065));
#10784=DIRECTION('ref_axis',(0.703020309242008,-0.686937249777723,0.184064281328806));
#10785=DIRECTION('',(0.,0.258819045102532,0.965925826289065));
#10786=DIRECTION('center_axis',(-6.01831438055651E-18,0.258819045102533,
0.965925826289065));
#10787=DIRECTION('ref_axis',(0.703020309242008,-0.686937249777723,0.184064281328806));
#10788=DIRECTION('center_axis',(-2.79369085233497E-17,-0.258819045102532,
-0.965925826289065));
#10789=DIRECTION('ref_axis',(0.231430544944344,0.939702320393178,-0.251792477875015));
#10790=DIRECTION('center_axis',(0.,0.258819045102533,0.965925826289065));
#10791=DIRECTION('ref_axis',(0.231430544944344,0.939702320393178,-0.251792477875015));
#10792=DIRECTION('center_axis',(0.,-0.258819045102532,-0.965925826289065));
#10793=DIRECTION('ref_axis',(0.916515138991167,-0.386370330515629,0.103527618041013));
#10794=DIRECTION('',(0.,-0.258819045102532,-0.965925826289065));
#10795=DIRECTION('',(0.,0.258819045102532,0.965925826289065));
#10796=DIRECTION('center_axis',(0.,0.258819045102533,0.965925826289065));
#10797=DIRECTION('ref_axis',(0.916515138991167,-0.386370330515629,0.103527618041014));
#10798=DIRECTION('center_axis',(0.,-0.258819045102532,-0.965925826289065));
#10799=DIRECTION('ref_axis',(-0.612372435695794,0.7636314154634,-0.204614421088458));
#10800=DIRECTION('center_axis',(0.,0.258819045102533,0.965925826289065));
#10801=DIRECTION('ref_axis',(-0.612372435695794,0.7636314154634,-0.204614421088458));
#10802=DIRECTION('center_axis',(0.,-0.258819045102532,-0.965925826289065));
#10803=DIRECTION('ref_axis',(-1.48029736616685E-14,-0.965925826289065,0.258819045102532));
#10804=DIRECTION('',(0.,-0.258819045102532,-0.965925826289065));
#10805=DIRECTION('',(0.,0.258819045102532,0.965925826289065));
#10806=DIRECTION('center_axis',(-3.13246952263742E-31,0.258819045102533,
0.965925826289065));
#10807=DIRECTION('ref_axis',(-1.48029736616685E-14,-0.965925826289065,0.258819045102533));
#10808=DIRECTION('center_axis',(0.,-0.258819045102532,-0.965925826289065));
#10809=DIRECTION('ref_axis',(-0.612372435695793,0.763631415463398,-0.204614421088469));
#10810=DIRECTION('center_axis',(0.,0.258819045102533,0.965925826289065));
#10811=DIRECTION('ref_axis',(-0.612372435695793,0.763631415463398,-0.204614421088469));
#10812=DIRECTION('',(0.,-0.258819045102532,-0.965925826289065));
#10813=DIRECTION('center_axis',(0.,-0.258819045102532,-0.965925826289065));
#10814=DIRECTION('ref_axis',(-0.910789752756789,0.3988022513768,-0.106858741196133));
#10815=DIRECTION('center_axis',(0.,0.258819045102533,0.965925826289065));
#10816=DIRECTION('ref_axis',(-0.910789752756789,0.3988022513768,-0.106858741196133));
#10817=DIRECTION('',(0.,0.258819045102532,0.965925826289065));
#10818=DIRECTION('center_axis',(0.,-0.258819045102532,-0.965925826289065));
#10819=DIRECTION('ref_axis',(0.83228461897016,0.535459579589189,-0.143475961930438));
#10820=DIRECTION('',(0.,-0.258819045102532,-0.965925826289065));
#10821=DIRECTION('center_axis',(-3.93968678575886E-16,0.258819045102532,
0.965925826289065));
#10822=DIRECTION('ref_axis',(0.83228461897016,0.535459579589189,-0.143475961930438));
#10823=DIRECTION('center_axis',(-2.79369085233498E-17,-0.258819045102532,
-0.965925826289065));
#10824=DIRECTION('ref_axis',(-0.231430544944342,0.93970232039318,-0.251792477875012));
#10825=DIRECTION('center_axis',(0.,0.258819045102533,0.965925826289065));
#10826=DIRECTION('ref_axis',(-0.231430544944342,0.93970232039318,-0.251792477875012));
#10827=DIRECTION('center_axis',(0.,-0.258819045102532,-0.965925826289065));
#10828=DIRECTION('ref_axis',(1.77635683940025E-14,0.965925826289065,-0.258819045102532));
#10829=DIRECTION('',(0.,-0.258819045102532,-0.965925826289065));
#10830=DIRECTION('',(0.,0.258819045102532,0.965925826289065));
#10831=DIRECTION('center_axis',(8.16250980617988E-32,0.258819045102533,
0.965925826289065));
#10832=DIRECTION('ref_axis',(1.77635683940025E-14,0.965925826289065,-0.258819045102533));
#10833=DIRECTION('center_axis',(0.,-0.258819045102532,-0.965925826289065));
#10834=DIRECTION('ref_axis',(-0.790569415042099,-0.591506350946101,0.158493649053901));
#10835=DIRECTION('center_axis',(0.,0.258819045102533,0.965925826289065));
#10836=DIRECTION('ref_axis',(-0.790569415042099,-0.591506350946101,0.158493649053901));
#10837=DIRECTION('center_axis',(3.80647894157197E-15,0.965925826289065,
-0.258819045102532));
#10838=DIRECTION('ref_axis',(1.,-3.51288113667933E-15,1.59685438452177E-15));
#10839=DIRECTION('',(0.,0.258819045102532,0.965925826289065));
#10840=DIRECTION('',(1.,-3.51288113667933E-15,1.59685438452177E-15));
#10841=DIRECTION('center_axis',(0.,-0.258819045102532,-0.965925826289065));
#10842=DIRECTION('ref_axis',(0.612372435695784,0.763631415463405,-0.204614421088468));
#10843=DIRECTION('center_axis',(0.,0.258819045102533,0.965925826289065));
#10844=DIRECTION('ref_axis',(0.612372435695784,0.763631415463405,-0.204614421088468));
#10845=DIRECTION('center_axis',(-4.03717463500057E-16,0.965925826289065,
-0.258819045102532));
#10846=DIRECTION('ref_axis',(1.,3.89961124518618E-16,-1.04489768394301E-16));
#10847=DIRECTION('',(0.,0.258819045102532,0.965925826289065));
#10848=DIRECTION('',(1.,3.89961124518618E-16,-1.04489768394301E-16));
#10849=DIRECTION('center_axis',(0.,-0.258819045102532,-0.965925826289065));
#10850=DIRECTION('ref_axis',(0.612372435695796,0.763631415463395,-0.204614421088469));
#10851=DIRECTION('center_axis',(0.,0.258819045102533,0.965925826289065));
#10852=DIRECTION('ref_axis',(0.612372435695796,0.763631415463395,-0.204614421088469));
#10853=DIRECTION('center_axis',(0.,-0.258819045102532,-0.965925826289065));
#10854=DIRECTION('ref_axis',(-0.790569415042098,0.591506350946103,-0.158493649053898));
#10855=DIRECTION('center_axis',(0.,0.258819045102533,0.965925826289065));
#10856=DIRECTION('ref_axis',(-0.790569415042098,0.591506350946103,-0.158493649053898));
#10857=DIRECTION('',(0.,0.258819045102532,0.965925826289065));
#10858=DIRECTION('center_axis',(-1.,2.9583257722102E-16,-7.92681001611938E-17));
#10859=DIRECTION('ref_axis',(3.0626842058625E-16,0.965925826289065,-0.258819045102532));
#10860=DIRECTION('',(0.,-0.258819045102532,-0.965925826289065));
#10861=DIRECTION('',(3.0626842058625E-16,0.965925826289065,-0.258819045102532));
#10862=DIRECTION('center_axis',(0.,-0.258819045102532,-0.965925826289065));
#10863=DIRECTION('ref_axis',(-0.790569415042098,-0.591506350946103,0.158493649053898));
#10864=DIRECTION('center_axis',(0.,0.258819045102533,0.965925826289065));
#10865=DIRECTION('ref_axis',(-0.790569415042098,-0.591506350946103,0.158493649053898));
#10866=DIRECTION('center_axis',(0.,-0.258819045102532,-0.965925826289065));
#10867=DIRECTION('ref_axis',(-0.790569415042098,0.591506350946103,-0.158493649053898));
#10868=DIRECTION('center_axis',(0.,0.258819045102533,0.965925826289065));
#10869=DIRECTION('ref_axis',(-0.790569415042098,0.591506350946103,-0.158493649053898));
#10870=DIRECTION('',(-6.16297582203915E-33,0.258819045102532,0.965925826289065));
#10871=DIRECTION('center_axis',(-1.,1.94973871567482E-16,-5.22430914316787E-17));
#10872=DIRECTION('ref_axis',(2.0185180503615E-16,0.965925826289065,-0.258819045102533));
#10873=DIRECTION('',(6.16297582203915E-33,-0.258819045102532,-0.965925826289065));
#10874=DIRECTION('',(2.0185180503615E-16,0.965925826289065,-0.258819045102533));
#10875=DIRECTION('center_axis',(0.,-0.258819045102532,-0.965925826289065));
#10876=DIRECTION('ref_axis',(-0.790569415042095,-0.591506350946109,0.158493649053894));
#10877=DIRECTION('center_axis',(0.,0.258819045102533,0.965925826289065));
#10878=DIRECTION('ref_axis',(-0.790569415042095,-0.591506350946109,0.158493649053894));
#10879=DIRECTION('center_axis',(0.,-0.258819045102532,-0.965925826289065));
#10880=DIRECTION('ref_axis',(-0.790569415042099,0.591506350946104,-0.158493649053893));
#10881=DIRECTION('center_axis',(0.,0.258819045102533,0.965925826289065));
#10882=DIRECTION('ref_axis',(-0.790569415042099,0.591506350946104,-0.158493649053893));
#10883=DIRECTION('',(-1.23259516440783E-32,0.258819045102532,0.965925826289065));
#10884=DIRECTION('center_axis',(-1.,3.57464364142066E-16,-9.57822876947758E-17));
#10885=DIRECTION('ref_axis',(3.70074341541719E-16,0.965925826289065,-0.258819045102533));
#10886=DIRECTION('',(1.23259516440783E-32,-0.258819045102532,-0.965925826289065));
#10887=DIRECTION('',(3.70074341541719E-16,0.965925826289065,-0.258819045102533));
#10888=DIRECTION('center_axis',(0.,-0.258819045102532,-0.965925826289065));
#10889=DIRECTION('ref_axis',(-0.79056941504209,-0.591506350946114,0.158493649053901));
#10890=DIRECTION('center_axis',(0.,0.258819045102533,0.965925826289065));
#10891=DIRECTION('ref_axis',(-0.79056941504209,-0.591506350946114,0.158493649053901));
#10892=DIRECTION('center_axis',(-1.,4.93358615349263E-16,-1.32195042561778E-16));
#10893=DIRECTION('ref_axis',(5.10762422871194E-16,0.965925826289065,-0.258819045102532));
#10894=DIRECTION('',(0.,0.258819045102532,0.965925826289065));
#10895=DIRECTION('',(5.10762422871194E-16,0.965925826289065,-0.258819045102532));
#10896=DIRECTION('center_axis',(0.,-0.258819045102532,-0.965925826289065));
#10897=DIRECTION('ref_axis',(-0.79056941504209,0.591506350946114,-0.158493649053901));
#10898=DIRECTION('center_axis',(0.,0.258819045102533,0.965925826289065));
#10899=DIRECTION('ref_axis',(-0.79056941504209,0.591506350946114,-0.158493649053901));
#10900=DIRECTION('center_axis',(-1.39684542616787E-17,-0.258819045102532,
-0.965925826289065));
#10901=DIRECTION('ref_axis',(-0.394930774866908,-0.887406566953311,0.237779872973226));
#10902=DIRECTION('center_axis',(0.,0.258819045102533,0.965925826289065));
#10903=DIRECTION('ref_axis',(-0.394930774866908,-0.887406566953311,0.237779872973226));
#10904=DIRECTION('',(0.,0.258819045102532,0.965925826289065));
#10905=DIRECTION('center_axis',(0.,-0.258819045102532,-0.965925826289065));
#10906=DIRECTION('ref_axis',(-0.570562798420646,0.793270425338982,-0.212556169849083));
#10907=DIRECTION('',(0.,-0.258819045102532,-0.965925826289065));
#10908=DIRECTION('center_axis',(2.76989354336705E-17,0.258819045102533,
0.965925826289065));
#10909=DIRECTION('ref_axis',(-0.570562798420646,0.793270425338982,-0.212556169849084));
#10910=DIRECTION('center_axis',(0.,-0.258819045102532,-0.965925826289065));
#10911=DIRECTION('ref_axis',(-0.968126079158764,-0.241929028252741,0.0648246877459714));
#10912=DIRECTION('center_axis',(0.,0.258819045102533,0.965925826289065));
#10913=DIRECTION('ref_axis',(-0.968126079158764,-0.241929028252741,0.0648246877459714));
#10914=DIRECTION('center_axis',(0.,-0.258819045102532,-0.965925826289065));
#10915=DIRECTION('ref_axis',(0.612372435695794,-0.763631415463399,0.204614421088464));
#10916=DIRECTION('center_axis',(0.,0.258819045102533,0.965925826289065));
#10917=DIRECTION('ref_axis',(0.612372435695794,-0.763631415463399,0.204614421088464));
#10918=DIRECTION('',(0.,0.258819045102532,0.965925826289065));
#10919=DIRECTION('center_axis',(0.,-0.258819045102532,-0.965925826289065));
#10920=DIRECTION('ref_axis',(-1.,1.14388596525462E-14,-3.06503320623283E-15));
#10921=DIRECTION('',(0.,-0.258819045102532,-0.965925826289065));
#10922=DIRECTION('center_axis',(1.65659983471579E-17,0.258819045102533,
0.965925826289065));
#10923=DIRECTION('ref_axis',(-1.,1.14431472484195E-14,-3.04903168059106E-15));
#10924=DIRECTION('center_axis',(0.,-0.258819045102532,-0.965925826289065));
#10925=DIRECTION('ref_axis',(-0.612372435695794,-0.763631415463399,0.204614421088464));
#10926=DIRECTION('center_axis',(0.,0.258819045102533,0.965925826289065));
#10927=DIRECTION('ref_axis',(-0.612372435695794,-0.763631415463399,0.204614421088464));
#10928=DIRECTION('center_axis',(0.,-0.258819045102532,-0.965925826289065));
#10929=DIRECTION('ref_axis',(0.612372435695794,-0.763631415463399,0.204614421088461));
#10930=DIRECTION('center_axis',(0.,0.258819045102533,0.965925826289065));
#10931=DIRECTION('ref_axis',(0.612372435695794,-0.763631415463399,0.204614421088461));
#10932=DIRECTION('',(0.,0.258819045102532,0.965925826289065));
#10933=DIRECTION('center_axis',(0.,-0.258819045102532,-0.965925826289065));
#10934=DIRECTION('ref_axis',(-1.,-2.24691826845178E-33,9.6296497219362E-34));
#10935=DIRECTION('',(0.,-0.258819045102532,-0.965925826289065));
#10936=DIRECTION('center_axis',(-2.89046468790334E-18,0.258819045102533,
0.965925826289065));
#10937=DIRECTION('ref_axis',(-1.,-7.48107310425733E-19,-2.7919744920224E-18));
#10938=DIRECTION('center_axis',(0.,-0.258819045102532,-0.965925826289065));
#10939=DIRECTION('ref_axis',(-0.61237243569579,-0.763631415463401,0.204614421088465));
#10940=DIRECTION('center_axis',(0.,0.258819045102533,0.965925826289065));
#10941=DIRECTION('ref_axis',(-0.61237243569579,-0.763631415463401,0.204614421088465));
#10942=DIRECTION('center_axis',(0.,-0.258819045102532,-0.965925826289065));
#10943=DIRECTION('ref_axis',(0.968126079158758,-0.241929028252764,0.064824687745974));
#10944=DIRECTION('center_axis',(0.,0.258819045102533,0.965925826289065));
#10945=DIRECTION('ref_axis',(0.968126079158758,-0.241929028252764,0.064824687745974));
#10946=DIRECTION('',(0.,0.258819045102532,0.965925826289065));
#10947=DIRECTION('center_axis',(0.,-0.258819045102532,-0.965925826289065));
#10948=DIRECTION('ref_axis',(-0.724819034030747,-0.665464268800115,0.178310613416766));
#10949=DIRECTION('',(0.,-0.258819045102532,-0.965925826289065));
#10950=DIRECTION('center_axis',(0.,0.258819045102533,0.965925826289065));
#10951=DIRECTION('ref_axis',(-0.724819034030747,-0.665464268800115,0.178310613416767));
#10952=DIRECTION('center_axis',(-1.39684542616787E-17,-0.258819045102532,
-0.965925826289065));
#10953=DIRECTION('ref_axis',(0.394930774866898,-0.887406566953315,0.237779872973227));
#10954=DIRECTION('center_axis',(0.,0.258819045102533,0.965925826289065));
#10955=DIRECTION('ref_axis',(0.394930774866898,-0.887406566953315,0.237779872973227));
#10956=DIRECTION('center_axis',(0.,-0.258819045102532,-0.965925826289065));
#10957=DIRECTION('ref_axis',(0.7905694150421,0.591506350946102,-0.158493649053895));
#10958=DIRECTION('center_axis',(0.,0.258819045102533,0.965925826289065));
#10959=DIRECTION('ref_axis',(0.7905694150421,0.591506350946102,-0.158493649053895));
#10960=DIRECTION('',(0.,0.258819045102532,0.965925826289065));
#10961=DIRECTION('center_axis',(0.,-0.258819045102532,-0.965925826289065));
#10962=DIRECTION('ref_axis',(-5.92118946466749E-15,-0.965925826289065,0.258819045102532));
#10963=DIRECTION('',(0.,-0.258819045102532,-0.965925826289065));
#10964=DIRECTION('center_axis',(-4.90452074424441E-32,0.258819045102533,
0.965925826289065));
#10965=DIRECTION('ref_axis',(-5.92118946466749E-15,-0.965925826289065,0.258819045102533));
#10966=DIRECTION('center_axis',(0.,-0.258819045102532,-0.965925826289065));
#10967=DIRECTION('ref_axis',(0.790569415042095,-0.591506350946109,0.158493649053894));
#10968=DIRECTION('center_axis',(0.,0.258819045102533,0.965925826289065));
#10969=DIRECTION('ref_axis',(0.790569415042095,-0.591506350946109,0.158493649053894));
#10970=DIRECTION('center_axis',(0.,-0.258819045102532,-0.965925826289065));
#10971=DIRECTION('ref_axis',(0.790569415042094,0.591506350946109,-0.1584936490539));
#10972=DIRECTION('center_axis',(0.,0.258819045102533,0.965925826289065));
#10973=DIRECTION('ref_axis',(0.790569415042094,0.591506350946109,-0.1584936490539));
#10974=DIRECTION('',(0.,0.258819045102532,0.965925826289065));
#10975=DIRECTION('center_axis',(0.,-0.258819045102532,-0.965925826289065));
#10976=DIRECTION('ref_axis',(-1.1842378929335E-14,-0.965925826289065,0.258819045102532));
#10977=DIRECTION('',(0.,-0.258819045102532,-0.965925826289065));
#10978=DIRECTION('center_axis',(-9.80904148848891E-32,0.258819045102533,
0.965925826289065));
#10979=DIRECTION('ref_axis',(-1.1842378929335E-14,-0.965925826289065,0.258819045102533));
#10980=DIRECTION('center_axis',(0.,-0.258819045102532,-0.965925826289065));
#10981=DIRECTION('ref_axis',(0.790569415042094,-0.591506350946109,0.1584936490539));
#10982=DIRECTION('center_axis',(0.,0.258819045102533,0.965925826289065));
#10983=DIRECTION('ref_axis',(0.790569415042094,-0.591506350946109,0.1584936490539));
#10984=DIRECTION('center_axis',(0.,-0.258819045102532,-0.965925826289065));
#10985=DIRECTION('ref_axis',(0.790569415042094,0.591506350946109,-0.1584936490539));
#10986=DIRECTION('center_axis',(0.,0.258819045102533,0.965925826289065));
#10987=DIRECTION('ref_axis',(0.790569415042094,0.591506350946109,-0.1584936490539));
#10988=DIRECTION('',(0.,0.258819045102532,0.965925826289065));
#10989=DIRECTION('center_axis',(0.,-0.258819045102532,-0.965925826289065));
#10990=DIRECTION('ref_axis',(-8.88178419700126E-15,-0.965925826289065,0.258819045102532));
#10991=DIRECTION('',(0.,-0.258819045102532,-0.965925826289065));
#10992=DIRECTION('center_axis',(-7.35678111636677E-32,0.258819045102533,
0.965925826289065));
#10993=DIRECTION('ref_axis',(-8.88178419700126E-15,-0.965925826289065,0.258819045102533));
#10994=DIRECTION('center_axis',(0.,-0.258819045102532,-0.965925826289065));
#10995=DIRECTION('ref_axis',(0.790569415042094,-0.591506350946109,0.1584936490539));
#10996=DIRECTION('center_axis',(0.,0.258819045102533,0.965925826289065));
#10997=DIRECTION('ref_axis',(0.790569415042094,-0.591506350946109,0.1584936490539));
#10998=DIRECTION('center_axis',(0.,-0.258819045102532,-0.965925826289065));
#10999=DIRECTION('ref_axis',(0.790569415042099,0.591506350946101,-0.158493649053901));
#11000=DIRECTION('center_axis',(0.,0.258819045102533,0.965925826289065));
#11001=DIRECTION('ref_axis',(0.790569415042099,0.591506350946101,-0.158493649053901));
#11002=DIRECTION('',(0.,0.258819045102532,0.965925826289065));
#11003=DIRECTION('center_axis',(0.,-0.258819045102532,-0.965925826289065));
#11004=DIRECTION('ref_axis',(-8.88178419700126E-15,-0.965925826289065,0.258819045102532));
#11005=DIRECTION('',(0.,-0.258819045102532,-0.965925826289065));
#11006=DIRECTION('center_axis',(-7.35678111636666E-32,0.258819045102533,
0.965925826289065));
#11007=DIRECTION('ref_axis',(-8.88178419700126E-15,-0.965925826289065,0.258819045102533));
#11008=DIRECTION('center_axis',(0.,-0.258819045102533,-0.965925826289065));
#11009=DIRECTION('ref_axis',(0.,0.965925826289065,-0.258819045102533));
#11010=DIRECTION('center_axis',(0.,0.258819045102533,0.965925826289065));
#11011=DIRECTION('ref_axis',(0.790569415042094,-0.591506350946109,0.1584936490539));
#11012=DIRECTION('center_axis',(0.,-0.258819045102533,-0.965925826289065));
#11013=DIRECTION('ref_axis',(-0.499999999999997,0.836516303737807,-0.224143868042025));
#11014=DIRECTION('center_axis',(0.,-0.258819045102533,-0.965925826289065));
#11015=DIRECTION('ref_axis',(0.916515138991169,-0.386370330515624,0.103527618041013));
#11016=DIRECTION('center_axis',(0.,-0.258819045102533,-0.965925826289065));
#11017=DIRECTION('ref_axis',(0.499999999999999,0.836516303737806,-0.224143868042024));
#11018=DIRECTION('',(-1.,-4.20187414986037E-16,1.12588878515235E-16));
#11019=DIRECTION('center_axis',(0.,-0.258819045102533,-0.965925826289065));
#11020=DIRECTION('ref_axis',(-0.5,0.836516303737805,-0.224143868042024));
#11021=DIRECTION('center_axis',(0.,-0.258819045102533,-0.965925826289065));
#11022=DIRECTION('ref_axis',(0.499999999999997,0.836516303737807,-0.224143868042025));
#11023=DIRECTION('',(-1.,2.76358269755656E-15,-7.4049975202694E-16));
#11024=DIRECTION('center_axis',(0.,-0.258819045102533,-0.965925826289065));
#11025=DIRECTION('ref_axis',(-0.796150037447384,0.584481005432076,-0.156611213396865));
#11026=DIRECTION('center_axis',(1.32234580404764E-17,-0.258819045102533,
-0.965925826289065));
#11027=DIRECTION('ref_axis',(0.993251134504871,0.112031506095626,-0.0300187515851669));
#11028=DIRECTION('center_axis',(0.,-0.258819045102533,-0.965925826289065));
#11029=DIRECTION('ref_axis',(-0.442007099941126,0.866446624115037,-0.232163673216314));
#11030=DIRECTION('center_axis',(-2.17492073347494E-17,0.258819045102533,
0.965925826289065));
#11031=DIRECTION('ref_axis',(-1.,-6.77888983184517E-16,1.59123369305789E-16));
#11032=DIRECTION('center_axis',(0.,-0.258819045102533,-0.965925826289065));
#11033=DIRECTION('ref_axis',(-0.866025403784442,-0.482962913144527,0.129409522551267));
#11034=DIRECTION('center_axis',(3.65406354893896E-17,-0.258819045102533,
-0.965925826289065));
#11035=DIRECTION('ref_axis',(0.400000000000009,0.885285642936477,-0.237211573095708));
#11036=DIRECTION('center_axis',(0.,-0.258819045102533,-0.965925826289065));
#11037=DIRECTION('ref_axis',(-0.866025403784442,0.482962913144527,-0.129409522551267));
#11038=DIRECTION('',(-3.4379083582216E-16,-0.965925826289065,0.258819045102533));
#11039=DIRECTION('center_axis',(0.,-0.258819045102533,-0.965925826289065));
#11040=DIRECTION('ref_axis',(-0.86602540378444,-0.482962913144529,0.129409522551266));
#11041=DIRECTION('center_axis',(3.65406354893893E-17,-0.258819045102533,
-0.965925826289065));
#11042=DIRECTION('ref_axis',(0.400000000000006,0.885285642936479,-0.237211573095708));
#11043=DIRECTION('center_axis',(0.,-0.258819045102533,-0.965925826289065));
#11044=DIRECTION('ref_axis',(-0.866025403784439,0.482962913144532,-0.129409522551266));
#11045=DIRECTION('',(-2.17496968920127E-16,-0.965925826289065,0.258819045102533));
#11046=DIRECTION('center_axis',(0.,-0.258819045102533,-0.965925826289065));
#11047=DIRECTION('ref_axis',(-0.866025403784439,-0.482962913144531,0.129409522551266));
#11048=DIRECTION('center_axis',(1.11022302462518E-17,-0.258819045102533,
-0.965925826289065));
#11049=DIRECTION('ref_axis',(0.400000000000002,0.88528564293648,-0.237211573095709));
#11050=DIRECTION('center_axis',(0.,-0.258819045102533,-0.965925826289065));
#11051=DIRECTION('ref_axis',(-0.866025403784435,0.48296291314454,-0.129409522551267));
#11052=DIRECTION('',(-4.26294635647156E-16,-0.965925826289065,0.258819045102533));
#11053=DIRECTION('center_axis',(0.,-0.258819045102533,-0.965925826289065));
#11054=DIRECTION('ref_axis',(-0.866025403784437,-0.482962913144535,0.129409522551266));
#11055=DIRECTION('center_axis',(1.11022302462514E-17,-0.258819045102533,
-0.965925826289065));
#11056=DIRECTION('ref_axis',(0.39999999999999,0.885285642936485,-0.23721157309571));
#11057=DIRECTION('center_axis',(0.,-0.258819045102533,-0.965925826289065));
#11058=DIRECTION('ref_axis',(-0.866025403784437,0.482962913144535,-0.129409522551266));
#11059=DIRECTION('',(-5.61900271742562E-16,-0.965925826289065,0.258819045102532));
#11060=DIRECTION('center_axis',(0.,-0.258819045102533,-0.965925826289065));
#11061=DIRECTION('ref_axis',(-0.88817144349396,-0.443854727764434,0.118930515861218));
#11062=DIRECTION('center_axis',(-9.86076131526265E-32,0.258819045102533,
0.965925826289065));
#11063=DIRECTION('ref_axis',(-2.08792390413592E-15,-0.965925826289065,0.258819045102533));
#11064=DIRECTION('center_axis',(0.,-0.258819045102533,-0.965925826289065));
#11065=DIRECTION('ref_axis',(0.499999999999992,-0.83651630373781,0.224143868042023));
#11066=DIRECTION('center_axis',(-1.11022302462519E-17,-0.258819045102533,
-0.965925826289065));
#11067=DIRECTION('ref_axis',(-0.916515138991165,0.386370330515632,-0.103527618041015));
#11068=DIRECTION('center_axis',(0.,-0.258819045102533,-0.965925826289065));
#11069=DIRECTION('ref_axis',(-0.499999999999992,-0.83651630373781,0.224143868042025));
#11070=DIRECTION('',(1.,-1.11291543511619E-15,2.9820479208353E-16));
#11071=DIRECTION('center_axis',(0.,-0.258819045102533,-0.965925826289065));
#11072=DIRECTION('ref_axis',(0.500000000000004,-0.836516303737804,0.224143868042021));
#11073=DIRECTION('center_axis',(7.54951656745088E-18,-0.258819045102533,
-0.965925826289065));
#11074=DIRECTION('ref_axis',(-0.916515138991168,0.386370330515625,-0.103527618041013));
#11075=DIRECTION('center_axis',(0.,-0.258819045102533,-0.965925826289065));
#11076=DIRECTION('ref_axis',(-0.500000000000005,-0.836516303737802,0.224143868042024));
#11077=DIRECTION('center_axis',(0.,-0.258819045102533,-0.965925826289065));
#11078=DIRECTION('ref_axis',(0.888171443493958,-0.443854727764438,0.118930515861222));
#11079=DIRECTION('center_axis',(0.,-0.258819045102533,-0.965925826289065));
#11080=DIRECTION('ref_axis',(-0.958617712519813,-0.274995675083774,0.0736848690607524));
#11081=DIRECTION('center_axis',(0.,-0.258819045102533,-0.965925826289065));
#11082=DIRECTION('ref_axis',(0.589370652259584,-0.780335501147638,0.209090267357853));
#11083=DIRECTION('center_axis',(1.43544768409346E-15,0.258819045102533,
0.965925826289065));
#11084=DIRECTION('ref_axis',(1.,-3.71521198891712E-16,-1.3865359903527E-15));
#11085=DIRECTION('center_axis',(0.,-0.258819045102533,-0.965925826289065));
#11086=DIRECTION('ref_axis',(0.866025403784437,0.482962913144535,-0.129409522551266));
#11087=DIRECTION('center_axis',(1.27192026215691E-17,-0.258819045102533,
-0.965925826289065));
#11088=DIRECTION('ref_axis',(-0.4,-0.885285642936481,0.237211573095709));
#11089=DIRECTION('center_axis',(0.,-0.258819045102533,-0.965925826289065));
#11090=DIRECTION('ref_axis',(0.866025403784437,-0.482962913144535,0.129409522551266));
#11091=DIRECTION('',(4.26294635647156E-16,0.965925826289065,-0.258819045102533));
#11092=DIRECTION('center_axis',(0.,-0.258819045102533,-0.965925826289065));
#11093=DIRECTION('ref_axis',(0.866025403784442,0.482962913144527,-0.129409522551267));
#11094=DIRECTION('center_axis',(1.27192026215691E-17,-0.258819045102533,
-0.965925826289065));
#11095=DIRECTION('ref_axis',(-0.400000000000006,-0.885285642936479,0.237211573095708));
#11096=DIRECTION('center_axis',(0.,-0.258819045102533,-0.965925826289065));
#11097=DIRECTION('ref_axis',(0.866025403784439,-0.482962913144531,0.129409522551266));
#11098=DIRECTION('',(2.17496968920127E-16,0.965925826289065,-0.258819045102533));
#11099=DIRECTION('center_axis',(0.,-0.258819045102533,-0.965925826289065));
#11100=DIRECTION('ref_axis',(0.866025403784437,0.482962913144536,-0.129409522551267));
#11101=DIRECTION('center_axis',(1.2719202621569E-17,-0.258819045102533,
-0.965925826289065));
#11102=DIRECTION('ref_axis',(-0.400000000000004,-0.88528564293648,0.237211573095709));
#11103=DIRECTION('center_axis',(0.,-0.258819045102533,-0.965925826289065));
#11104=DIRECTION('ref_axis',(0.866025403784439,-0.482962913144531,0.129409522551266));
#11105=DIRECTION('center_axis',(0.,-0.258819045102533,-0.965925826289065));
#11106=DIRECTION('ref_axis',(0.866025403784442,0.482962913144527,-0.129409522551267));
#11107=DIRECTION('center_axis',(1.2719202621569E-17,-0.258819045102533,
-0.965925826289065));
#11108=DIRECTION('ref_axis',(-0.400000000000003,-0.88528564293648,0.237211573095709));
#11109=DIRECTION('center_axis',(0.,-0.258819045102533,-0.965925826289065));
#11110=DIRECTION('ref_axis',(0.866025403784442,-0.482962913144527,0.129409522551267));
#11111=DIRECTION('',(9.83951615235085E-16,0.965925826289065,-0.258819045102533));
#11112=DIRECTION('center_axis',(0.,-0.258819045102533,-0.965925826289065));
#11113=DIRECTION('ref_axis',(0.442007099941113,0.866446624115044,-0.232163673216313));
#11114=DIRECTION('center_axis',(0.,-0.258819045102533,-0.965925826289065));
#11115=DIRECTION('ref_axis',(0.303439926266881,-0.920382975372621,0.24661587497846));
#11116=DIRECTION('center_axis',(0.,-0.258819045102533,-0.965925826289065));
#11117=DIRECTION('ref_axis',(0.796150037447384,0.584481005432076,-0.156611213396865));
#11118=DIRECTION('center_axis',(0.,-0.258819045102532,-0.965925826289065));
#11119=DIRECTION('ref_axis',(0.790569415042094,-0.591506350946109,0.1584936490539));
#11120=DIRECTION('center_axis',(-2.91807838067534E-17,0.258819045102533,
0.965925826289065));
#11121=DIRECTION('ref_axis',(0.442007099941113,0.866446624115044,-0.232163673216313));
#11122=DIRECTION('',(0.,-0.258819045102533,-0.965925826289065));
#11123=DIRECTION('center_axis',(0.,0.258819045102533,0.965925826289065));
#11124=DIRECTION('ref_axis',(-0.636051468273229,-0.745353413766311,0.199716845294473));
#11125=DIRECTION('',(0.,0.258819045102533,0.965925826289065));
#11126=DIRECTION('center_axis',(-1.82379898792209E-18,-0.258819045102532,
-0.965925826289065));
#11127=DIRECTION('ref_axis',(0.796150037447384,0.584481005432076,-0.156611213396865));
#11128=DIRECTION('center_axis',(0.,0.258819045102532,0.965925826289065));
#11129=DIRECTION('ref_axis',(-0.274152478149315,-0.928917573250369,0.248902713587527));
#11130=DIRECTION('',(0.,0.258819045102532,0.965925826289065));
#11131=DIRECTION('',(0.,-0.258819045102532,-0.965925826289065));
#11132=DIRECTION('center_axis',(-1.23259516440783E-32,1.,1.60080215489556E-28));
#11133=DIRECTION('ref_axis',(0.,0.,-1.));
#11134=DIRECTION('center_axis',(0.,0.258819045102532,0.965925826289065));
#11135=DIRECTION('ref_axis',(-0.499999999999997,0.836516303737807,-0.224143868042025));
#11136=DIRECTION('center_axis',(-1.,4.60625220907897E-16,-1.23424155955684E-16));
#11137=DIRECTION('ref_axis',(-4.7687431930208E-16,-0.965925826289065,0.258819045102533));
#11138=DIRECTION('',(-2.46519032881566E-32,-0.258819045102533,-0.965925826289065));
#11139=DIRECTION('center_axis',(0.,-0.258819045102533,-0.965925826289065));
#11140=DIRECTION('ref_axis',(0.866025403784442,-0.482962913144527,0.129409522551267));
#11141=DIRECTION('',(0.,0.258819045102533,0.965925826289065));
#11142=DIRECTION('center_axis',(0.,0.258819045102533,0.965925826289065));
#11143=DIRECTION('ref_axis',(0.,0.965925826289065,-0.258819045102533));
#11144=DIRECTION('',(0.,-0.258819045102533,-0.965925826289065));
#11145=DIRECTION('center_axis',(0.,0.258819045102533,0.965925826289065));
#11146=DIRECTION('ref_axis',(0.866025403784442,0.482962913144527,-0.129409522551267));
#11147=DIRECTION('center_axis',(0.,0.258819045102533,0.965925826289065));
#11148=DIRECTION('ref_axis',(0.866025403784437,0.482962913144536,-0.129409522551267));
#11149=DIRECTION('',(0.,-0.258819045102533,-0.965925826289065));
#11150=DIRECTION('',(-4.93038065763132E-32,0.258819045102533,0.965925826289065));
#11151=DIRECTION('center_axis',(0.,0.258819045102533,0.965925826289065));
#11152=DIRECTION('ref_axis',(0.,0.965925826289065,-0.258819045102533));
#11153=DIRECTION('',(0.,0.258819045102533,0.965925826289065));
#11154=DIRECTION('center_axis',(0.,-0.258819045102533,-0.965925826289065));
#11155=DIRECTION('ref_axis',(0.866025403784439,-0.482962913144531,0.129409522551266));
#11156=DIRECTION('center_axis',(-1.,4.60625220907897E-16,-1.23424155955685E-16));
#11157=DIRECTION('ref_axis',(-4.7687431930208E-16,-0.965925826289065,0.258819045102533));
#11158=DIRECTION('',(2.46519032881566E-32,-0.258819045102533,-0.965925826289065));
#11159=DIRECTION('center_axis',(0.,-0.258819045102533,-0.965925826289065));
#11160=DIRECTION('ref_axis',(0.866025403784439,-0.482962913144531,0.129409522551266));
#11161=DIRECTION('',(0.,0.258819045102533,0.965925826289065));
#11162=DIRECTION('center_axis',(0.,0.258819045102533,0.965925826289065));
#11163=DIRECTION('ref_axis',(0.,0.965925826289065,-0.258819045102533));
#11164=DIRECTION('',(0.,-0.258819045102533,-0.965925826289065));
#11165=DIRECTION('center_axis',(0.,0.258819045102533,0.965925826289065));
#11166=DIRECTION('ref_axis',(0.866025403784442,0.482962913144527,-0.129409522551267));
#11167=DIRECTION('',(-7.39557098644699E-32,0.258819045102533,0.965925826289065));
#11168=DIRECTION('center_axis',(-1.,4.60625220907897E-16,-1.23424155955685E-16));
#11169=DIRECTION('ref_axis',(-4.7687431930208E-16,-0.965925826289065,0.258819045102533));
#11170=DIRECTION('',(7.39557098644699E-32,-0.258819045102533,-0.965925826289065));
#11171=DIRECTION('center_axis',(0.,-0.258819045102533,-0.965925826289065));
#11172=DIRECTION('ref_axis',(0.866025403784437,-0.482962913144535,0.129409522551266));
#11173=DIRECTION('',(0.,0.258819045102533,0.965925826289065));
#11174=DIRECTION('center_axis',(0.,0.258819045102533,0.965925826289065));
#11175=DIRECTION('ref_axis',(0.,0.965925826289065,-0.258819045102533));
#11176=DIRECTION('',(0.,-0.258819045102533,-0.965925826289065));
#11177=DIRECTION('center_axis',(0.,0.258819045102533,0.965925826289065));
#11178=DIRECTION('ref_axis',(0.866025403784437,0.482962913144535,-0.129409522551266));
#11179=DIRECTION('center_axis',(0.,0.258819045102533,0.965925826289065));
#11180=DIRECTION('ref_axis',(1.,6.72259874110401E-16,-1.80131490371739E-16));
#11181=DIRECTION('',(0.,-0.258819045102532,-0.965925826289065));
#11182=DIRECTION('center_axis',(-2.9180783806772E-17,-0.258819045102533,
-0.965925826289065));
#11183=DIRECTION('ref_axis',(0.589370652259584,-0.780335501147638,0.209090267357853));
#11184=DIRECTION('',(0.,0.258819045102533,0.965925826289065));
#11185=DIRECTION('center_axis',(0.,0.258819045102533,0.965925826289065));
#11186=DIRECTION('ref_axis',(0.,0.965925826289065,-0.258819045102533));
#11187=DIRECTION('',(0.,-0.258819045102533,-0.965925826289065));
#11188=DIRECTION('center_axis',(1.4590391903386E-17,0.258819045102532,0.965925826289065));
#11189=DIRECTION('ref_axis',(0.888171443493958,-0.443854727764438,0.118930515861222));
#11190=DIRECTION('center_axis',(0.,0.258819045102533,0.965925826289065));
#11191=DIRECTION('ref_axis',(0.500000000000004,-0.836516303737804,0.224143868042021));
#11192=DIRECTION('',(0.,-0.258819045102533,-0.965925826289065));
#11193=DIRECTION('',(-9.3912012526311E-32,0.258819045102532,0.965925826289065));
#11194=DIRECTION('center_axis',(0.,0.258819045102533,0.965925826289065));
#11195=DIRECTION('ref_axis',(0.,0.965925826289065,-0.258819045102533));
#11196=DIRECTION('',(0.,0.258819045102533,0.965925826289065));
#11197=DIRECTION('center_axis',(0.,-0.258819045102533,-0.965925826289065));
#11198=DIRECTION('ref_axis',(-0.500000000000005,-0.836516303737802,0.224143868042024));
#11199=DIRECTION('center_axis',(8.45884209238215E-16,0.965925826289065,
-0.258819045102533));
#11200=DIRECTION('ref_axis',(-1.,7.91706745974866E-16,-3.1355581433996E-16));
#11201=DIRECTION('',(9.3912012526311E-32,-0.258819045102532,-0.965925826289065));
#11202=DIRECTION('center_axis',(0.,-0.258819045102533,-0.965925826289065));
#11203=DIRECTION('ref_axis',(-0.499999999999992,-0.83651630373781,0.224143868042025));
#11204=DIRECTION('',(0.,0.258819045102533,0.965925826289065));
#11205=DIRECTION('center_axis',(0.,0.258819045102533,0.965925826289065));
#11206=DIRECTION('ref_axis',(0.,0.965925826289065,-0.258819045102533));
#11207=DIRECTION('',(0.,-0.258819045102533,-0.965925826289065));
#11208=DIRECTION('center_axis',(0.,0.258819045102533,0.965925826289065));
#11209=DIRECTION('ref_axis',(0.499999999999992,-0.83651630373781,0.224143868042023));
#11210=DIRECTION('center_axis',(0.,0.258819045102533,0.965925826289065));
#11211=DIRECTION('ref_axis',(-2.08792390413593E-15,-0.965925826289065,0.258819045102532));
#11212=DIRECTION('',(0.,-0.258819045102532,-0.965925826289065));
#11213=DIRECTION('center_axis',(0.,-0.258819045102533,-0.965925826289065));
#11214=DIRECTION('ref_axis',(-0.88817144349396,-0.443854727764434,0.118930515861218));
#11215=DIRECTION('center_axis',(1.,-4.0304706829441E-16,1.07996136461224E-16));
#11216=DIRECTION('ref_axis',(4.1726502938932E-16,0.965925826289065,-0.258819045102533));
#11217=DIRECTION('',(6.16297582203915E-32,-0.258819045102533,-0.965925826289065));
#11218=DIRECTION('center_axis',(0.,-0.258819045102533,-0.965925826289065));
#11219=DIRECTION('ref_axis',(-0.866025403784437,0.482962913144535,-0.129409522551266));
#11220=DIRECTION('',(0.,0.258819045102533,0.965925826289065));
#11221=DIRECTION('center_axis',(0.,0.258819045102533,0.965925826289065));
#11222=DIRECTION('ref_axis',(0.,0.965925826289065,-0.258819045102533));
#11223=DIRECTION('',(0.,-0.258819045102533,-0.965925826289065));
#11224=DIRECTION('center_axis',(0.,0.258819045102533,0.965925826289065));
#11225=DIRECTION('ref_axis',(-0.866025403784437,-0.482962913144535,0.129409522551266));
#11226=DIRECTION('',(0.,0.258819045102533,0.965925826289065));
#11227=DIRECTION('center_axis',(1.,-4.0304706829441E-16,1.07996136461224E-16));
#11228=DIRECTION('ref_axis',(4.1726502938932E-16,0.965925826289065,-0.258819045102533));
#11229=DIRECTION('',(3.69778549322349E-32,-0.258819045102532,-0.965925826289065));
#11230=DIRECTION('center_axis',(0.,-0.258819045102533,-0.965925826289065));
#11231=DIRECTION('ref_axis',(-0.866025403784435,0.48296291314454,-0.129409522551267));
#11232=DIRECTION('',(0.,0.258819045102532,0.965925826289065));
#11233=DIRECTION('center_axis',(0.,0.258819045102533,0.965925826289065));
#11234=DIRECTION('ref_axis',(0.,0.965925826289065,-0.258819045102532));
#11235=DIRECTION('',(0.,-0.258819045102532,-0.965925826289065));
#11236=DIRECTION('center_axis',(0.,0.258819045102533,0.965925826289065));
#11237=DIRECTION('ref_axis',(-0.866025403784439,-0.482962913144531,0.129409522551266));
#11238=DIRECTION('',(-3.69778549322349E-32,0.258819045102532,0.965925826289065));
#11239=DIRECTION('center_axis',(1.,-4.0304706829441E-16,1.07996136461224E-16));
#11240=DIRECTION('ref_axis',(4.1726502938932E-16,0.965925826289065,-0.258819045102533));
#11241=DIRECTION('',(2.46519032881566E-32,-0.258819045102533,-0.965925826289065));
#11242=DIRECTION('center_axis',(0.,-0.258819045102533,-0.965925826289065));
#11243=DIRECTION('ref_axis',(-0.866025403784439,0.482962913144532,-0.129409522551266));
#11244=DIRECTION('',(0.,0.258819045102533,0.965925826289065));
#11245=DIRECTION('center_axis',(0.,0.258819045102533,0.965925826289065));
#11246=DIRECTION('ref_axis',(0.,0.965925826289065,-0.258819045102533));
#11247=DIRECTION('',(0.,-0.258819045102533,-0.965925826289065));
#11248=DIRECTION('center_axis',(0.,0.258819045102533,0.965925826289065));
#11249=DIRECTION('ref_axis',(-0.86602540378444,-0.482962913144529,0.129409522551266));
#11250=DIRECTION('',(0.,0.258819045102533,0.965925826289065));
#11251=DIRECTION('center_axis',(1.,-4.0304706829441E-16,1.07996136461224E-16));
#11252=DIRECTION('ref_axis',(4.1726502938932E-16,0.965925826289065,-0.258819045102533));
#11253=DIRECTION('',(-2.46519032881566E-32,-0.258819045102533,-0.965925826289065));
#11254=DIRECTION('center_axis',(0.,-0.258819045102533,-0.965925826289065));
#11255=DIRECTION('ref_axis',(-0.866025403784442,0.482962913144527,-0.129409522551267));
#11256=DIRECTION('',(0.,0.258819045102533,0.965925826289065));
#11257=DIRECTION('center_axis',(0.,0.258819045102533,0.965925826289065));
#11258=DIRECTION('ref_axis',(0.,0.965925826289065,-0.258819045102533));
#11259=DIRECTION('',(0.,-0.258819045102533,-0.965925826289065));
#11260=DIRECTION('center_axis',(0.,0.258819045102533,0.965925826289065));
#11261=DIRECTION('ref_axis',(-0.866025403784442,-0.482962913144527,0.129409522551267));
#11262=DIRECTION('center_axis',(0.,0.258819045102533,0.965925826289065));
#11263=DIRECTION('ref_axis',(-1.,-6.722598741104E-16,1.80131490371739E-16));
#11264=DIRECTION('',(0.,-0.258819045102532,-0.965925826289065));
#11265=DIRECTION('center_axis',(-5.83615676135071E-17,-0.258819045102533,
-0.965925826289065));
#11266=DIRECTION('ref_axis',(-0.442007099941126,0.866446624115037,-0.232163673216314));
#11267=DIRECTION('',(0.,0.258819045102533,0.965925826289065));
#11268=DIRECTION('center_axis',(0.,0.258819045102533,0.965925826289065));
#11269=DIRECTION('ref_axis',(0.636051468273228,-0.745353413766312,0.199716845294473));
#11270=DIRECTION('',(0.,-0.258819045102533,-0.965925826289065));
#11271=DIRECTION('center_axis',(-2.73569848188314E-18,0.258819045102533,
0.965925826289065));
#11272=DIRECTION('ref_axis',(-0.796150037447384,0.584481005432076,-0.156611213396865));
#11273=DIRECTION('center_axis',(6.34413156928661E-16,-0.965925826289065,
0.258819045102533));
#11274=DIRECTION('ref_axis',(1.,5.83417974767814E-16,-2.73838687377469E-16));
#11275=DIRECTION('',(3.52170046973666E-32,-0.258819045102532,-0.965925826289065));
#11276=DIRECTION('center_axis',(0.,-0.258819045102532,-0.965925826289065));
#11277=DIRECTION('ref_axis',(0.499999999999997,0.836516303737807,-0.224143868042025));
#11278=DIRECTION('center_axis',(1.23259516440783E-32,-1.,-1.60080215489556E-28));
#11279=DIRECTION('ref_axis',(-1.,-1.23259516440783E-32,0.));
#11280=DIRECTION('center_axis',(1.23259516440783E-32,-1.,-1.60080215489556E-28));
#11281=DIRECTION('ref_axis',(1.,1.23259516440783E-32,5.49631641165858E-30));
#11282=DIRECTION('',(1.,1.23259516440783E-32,-3.30272878897601E-33));
#11283=DIRECTION('',(1.,1.23259516440783E-32,-3.30272878897601E-33));
#11284=DIRECTION('center_axis',(2.65408912443566E-15,0.258819045102535,
0.965925826289065));
#11285=DIRECTION('ref_axis',(0.,0.965925826289065,-0.258819045102535));
#11286=DIRECTION('center_axis',(0.,0.258819045102532,0.965925826289065));
#11287=DIRECTION('ref_axis',(-0.5,0.836516303737805,-0.224143868042024));
#11288=DIRECTION('',(-2.46519032881566E-31,0.258819045102533,0.965925826289065));
#11289=DIRECTION('center_axis',(1.,6.12796052814971E-16,-1.64198207476759E-16));
#11290=DIRECTION('ref_axis',(4.7762905992305E-16,-0.556866709654868,0.830601870740826));
#11291=DIRECTION('',(1.,6.12796052814971E-16,-1.64198207476759E-16));
#11292=DIRECTION('center_axis',(6.34413156928661E-16,-0.965925826289065,
0.258819045102533));
#11293=DIRECTION('ref_axis',(1.,5.83417974767814E-16,-2.73838687377469E-16));
#11294=DIRECTION('',(2.46519032881566E-31,-0.258819045102533,-0.965925826289065));
#11295=DIRECTION('center_axis',(-1.12423209138832E-14,0.258819045102537,
0.965925826289064));
#11296=DIRECTION('ref_axis',(0.866025403784439,0.482962913144533,-0.129409522551259));
#11297=DIRECTION('center_axis',(0.,-0.258819045102532,-0.965925826289065));
#11298=DIRECTION('ref_axis',(0.499999999999999,0.836516303737806,-0.224143868042024));
#11299=DIRECTION('center_axis',(0.,0.258819045102533,0.965925826289065));
#11300=DIRECTION('ref_axis',(0.,0.965925826289065,-0.258819045102533));
#11301=DIRECTION('center_axis',(0.998542273277508,-0.0139698247386051,-0.052136095697304));
#11302=DIRECTION('ref_axis',(-0.0539752580149996,-0.258441757664197,-0.964517770400139));
#11303=DIRECTION('center_axis',(0.,0.258819045102533,0.965925826289065));
#11304=DIRECTION('ref_axis',(0.,0.965925826289065,-0.258819045102532));
#11305=DIRECTION('center_axis',(0.998542273277508,-0.0139698247386051,-0.052136095697304));
#11306=DIRECTION('ref_axis',(-0.0539752580149996,-0.258441757664197,-0.964517770400139));
#11307=DIRECTION('center_axis',(0.,0.258819045102533,0.965925826289065));
#11308=DIRECTION('ref_axis',(0.,0.965925826289065,-0.258819045102532));
#11309=DIRECTION('center_axis',(0.998542273277508,-0.0139698247386051,-0.052136095697304));
#11310=DIRECTION('ref_axis',(-0.0539752580149996,-0.258441757664197,-0.964517770400139));
#11311=DIRECTION('center_axis',(0.,0.258819045102533,0.965925826289065));
#11312=DIRECTION('ref_axis',(0.,0.965925826289065,-0.258819045102533));
#11313=DIRECTION('',(0.,0.258819045102533,0.965925826289065));
#11314=DIRECTION('center_axis',(0.,0.258819045102533,0.965925826289065));
#11315=DIRECTION('ref_axis',(0.996619437063904,0.079357127321423,-0.021263678179431));
#11316=DIRECTION('center_axis',(0.,0.258819045102533,0.965925826289065));
#11317=DIRECTION('ref_axis',(0.,0.965925826289065,-0.258819045102533));
#11318=DIRECTION('center_axis',(0.998542273277508,-0.0139698247386051,-0.052136095697304));
#11319=DIRECTION('ref_axis',(-0.0539752580149996,-0.258441757664197,-0.964517770400139));
#11320=DIRECTION('center_axis',(0.,0.258819045102533,0.965925826289065));
#11321=DIRECTION('ref_axis',(0.,0.965925826289065,-0.258819045102533));
#11322=DIRECTION('center_axis',(0.998542273277508,-0.0139698247386051,-0.052136095697304));
#11323=DIRECTION('ref_axis',(-0.0539752580149996,-0.258441757664197,-0.964517770400139));
#11324=DIRECTION('center_axis',(1.05735526154777E-15,0.965925826289065,
-0.258819045102533));
#11325=DIRECTION('ref_axis',(1.,-1.03197198971692E-15,2.33935121154992E-16));
#11326=DIRECTION('',(0.,0.258819045102533,0.965925826289065));
#11327=DIRECTION('',(1.,-1.02132675469162E-15,2.73663679127932E-16));
#11328=DIRECTION('',(0.,-0.258819045102533,-0.965925826289065));
#11329=DIRECTION('',(0.,0.258819045102533,0.965925826289065));
#11330=DIRECTION('',(1.,-1.02132675469162E-15,2.73663679127932E-16));
#11331=DIRECTION('',(0.,-0.258819045102533,-0.965925826289065));
#11332=DIRECTION('',(0.,-0.258819045102533,-0.965925826289065));
#11333=DIRECTION('',(-1.,2.00651599955218E-15,3.4031126377619E-15));
#11334=DIRECTION('',(3.72461917938762E-15,0.258819045102533,0.965925826289065));
#11335=DIRECTION('',(1.,-1.98599122361758E-15,-3.32651313116003E-15));
#11336=DIRECTION('',(-3.29485542791982E-15,-0.258819045102533,-0.965925826289065));
#11337=DIRECTION('',(-1.,2.00651599955217E-15,3.40311263776189E-15));
#11338=DIRECTION('',(4.51251939041193E-15,0.258819045102533,0.965925826289065));
#11339=DIRECTION('',(1.,-2.02704077548677E-15,-3.47971214436377E-15));
#11340=DIRECTION('',(-3.22322813600852E-15,-0.258819045102533,-0.965925826289065));
#11341=DIRECTION('',(-1.,2.17071420702893E-15,4.01590869057686E-15));
#11342=DIRECTION('',(4.72740126614583E-15,0.258819045102533,0.965925826289065));
#11343=DIRECTION('',(1.,-2.00651599955218E-15,-3.4031126377619E-15));
#11344=DIRECTION('',(-3.72461917938762E-15,-0.258819045102533,-0.965925826289065));
#11345=DIRECTION('center_axis',(0.,0.258819045102533,0.965925826289065));
#11346=DIRECTION('ref_axis',(0.,0.965925826289065,-0.258819045102533));
#11347=DIRECTION('center_axis',(1.11056864523911E-15,0.950547945661534,
-0.310577853361501));
#11348=DIRECTION('ref_axis',(0.,0.310577853361501,0.950547945661534));
#11349=DIRECTION('center_axis',(0.,0.258819045102533,0.965925826289065));
#11350=DIRECTION('ref_axis',(0.,0.965925826289065,-0.258819045102533));
#11351=DIRECTION('center_axis',(1.11056864523911E-15,0.950547945661534,
-0.310577853361501));
#11352=DIRECTION('ref_axis',(0.,0.310577853361501,0.950547945661534));
#11353=DIRECTION('center_axis',(0.,0.258819045102533,0.965925826289065));
#11354=DIRECTION('ref_axis',(0.,0.965925826289065,-0.258819045102533));
#11355=DIRECTION('center_axis',(0.998542273277508,-0.0139698247386051,-0.052136095697304));
#11356=DIRECTION('ref_axis',(-0.0539752580149996,-0.258441757664197,-0.964517770400139));
#11357=DIRECTION('center_axis',(0.,0.258819045102533,0.965925826289065));
#11358=DIRECTION('ref_axis',(0.,0.965925826289065,-0.258819045102533));
#11359=DIRECTION('center_axis',(1.11056864523911E-15,0.950547945661534,
-0.310577853361501));
#11360=DIRECTION('ref_axis',(0.,0.310577853361501,0.950547945661534));
#11361=DIRECTION('center_axis',(0.,0.258819045102533,0.965925826289065));
#11362=DIRECTION('ref_axis',(0.,0.965925826289065,-0.258819045102533));
#11363=DIRECTION('center_axis',(1.11056864523911E-15,0.950547945661534,
-0.310577853361501));
#11364=DIRECTION('ref_axis',(0.,0.310577853361501,0.950547945661534));
#11365=DIRECTION('center_axis',(0.,0.258819045102533,0.965925826289065));
#11366=DIRECTION('ref_axis',(0.,0.965925826289065,-0.258819045102533));
#11367=DIRECTION('center_axis',(0.,-0.258819045102533,-0.965925826289065));
#11368=DIRECTION('ref_axis',(0.,-0.965925826289065,0.258819045102533));
#11369=DIRECTION('',(0.,0.258819045102533,0.965925826289065));
#11370=DIRECTION('center_axis',(0.,0.258819045102533,0.965925826289065));
#11371=DIRECTION('ref_axis',(0.,-0.965925826289065,0.258819045102533));
#11372=DIRECTION('',(0.,-0.258819045102533,-0.965925826289065));
#11373=DIRECTION('',(0.,-0.258819045102533,-0.965925826289065));
#11374=DIRECTION('center_axis',(0.,0.258819045102533,0.965925826289065));
#11375=DIRECTION('ref_axis',(0.327244686127059,-0.91274159855235,0.244568374230406));
#11376=DIRECTION('center_axis',(0.,0.258819045102533,0.965925826289065));
#11377=DIRECTION('ref_axis',(0.,0.965925826289065,-0.258819045102533));
#11378=DIRECTION('center_axis',(-1.,4.60625220907897E-16,-1.23424155955685E-16));
#11379=DIRECTION('ref_axis',(4.7687431930208E-16,0.965925826289065,-0.258819045102533));
#11380=DIRECTION('',(0.,0.258819045102533,0.965925826289065));
#11381=DIRECTION('',(4.7687431930208E-16,0.965925826289065,-0.258819045102533));
#11382=DIRECTION('',(0.,-0.258819045102533,-0.965925826289065));
#11383=DIRECTION('',(0.,0.258819045102533,0.965925826289065));
#11384=DIRECTION('',(4.7687431930208E-16,0.965925826289065,-0.258819045102533));
#11385=DIRECTION('',(0.,-0.258819045102533,-0.965925826289065));
#11386=DIRECTION('',(0.,0.258819045102533,0.965925826289065));
#11387=DIRECTION('',(4.7687431930208E-16,0.965925826289065,-0.258819045102533));
#11388=DIRECTION('',(0.,-0.258819045102533,-0.965925826289065));
#11389=DIRECTION('',(0.,0.258819045102533,0.965925826289065));
#11390=DIRECTION('',(4.7687431930208E-16,0.965925826289065,-0.258819045102533));
#11391=DIRECTION('',(0.,-0.258819045102533,-0.965925826289065));
#11392=DIRECTION('',(0.,-0.258819045102533,-0.965925826289065));
#11393=DIRECTION('',(-4.7687431930208E-16,-0.965925826289065,0.258819045102533));
#11394=DIRECTION('',(-5.91645678915759E-31,0.258819045102532,0.965925826289065));
#11395=DIRECTION('',(4.7687431930208E-16,0.965925826289065,-0.258819045102532));
#11396=DIRECTION('',(2.2186712959341E-31,-0.258819045102532,-0.965925826289065));
#11397=DIRECTION('',(-4.7687431930208E-16,-0.965925826289065,0.258819045102532));
#11398=DIRECTION('',(-1.97215226305253E-31,0.258819045102532,0.965925826289065));
#11399=DIRECTION('',(4.7687431930208E-16,0.965925826289065,-0.258819045102533));
#11400=DIRECTION('',(1.97215226305253E-31,-0.258819045102532,-0.965925826289065));
#11401=DIRECTION('',(-2.71170936169723E-31,0.258819045102532,0.965925826289065));
#11402=DIRECTION('',(4.7687431930208E-16,0.965925826289065,-0.258819045102532));
#11403=DIRECTION('',(1.72563323017096E-31,-0.258819045102532,-0.965925826289065));
#11404=DIRECTION('',(-4.7687431930208E-16,-0.965925826289065,0.258819045102533));
#11405=DIRECTION('',(-4.7687431930208E-16,-0.965925826289065,0.258819045102533));
#11406=DIRECTION('',(2.46519032881566E-32,0.258819045102533,0.965925826289065));
#11407=DIRECTION('',(4.7687431930208E-16,0.965925826289065,-0.258819045102533));
#11408=DIRECTION('',(3.45126646034193E-31,-0.258819045102532,-0.965925826289065));
#11409=DIRECTION('center_axis',(0.,0.258819045102533,0.965925826289065));
#11410=DIRECTION('ref_axis',(0.,0.965925826289065,-0.258819045102533));
#11411=DIRECTION('center_axis',(-0.998542273277508,-0.0139698247386046,
-0.0521360956973041));
#11412=DIRECTION('ref_axis',(-0.0539752580149996,0.258441757664197,0.964517770400139));
#11413=DIRECTION('center_axis',(0.,0.258819045102533,0.965925826289065));
#11414=DIRECTION('ref_axis',(0.,0.965925826289065,-0.258819045102533));
#11415=DIRECTION('center_axis',(-0.998542273277508,-0.0139698247386046,
-0.0521360956973041));
#11416=DIRECTION('ref_axis',(-0.0539752580149996,0.258441757664197,0.964517770400139));
#11417=DIRECTION('center_axis',(0.,0.258819045102533,0.965925826289065));
#11418=DIRECTION('ref_axis',(0.,0.965925826289065,-0.258819045102533));
#11419=DIRECTION('center_axis',(-0.998542273277508,-0.0139698247386046,
-0.0521360956973041));
#11420=DIRECTION('ref_axis',(-0.0539752580149996,0.258441757664197,0.964517770400139));
#11421=DIRECTION('center_axis',(0.,0.258819045102533,0.965925826289065));
#11422=DIRECTION('ref_axis',(0.,0.965925826289065,-0.258819045102533));
#11423=DIRECTION('center_axis',(-0.998542273277508,-0.0139698247386046,
-0.0521360956973041));
#11424=DIRECTION('ref_axis',(-0.0539752580149996,0.258441757664197,0.964517770400139));
#11425=DIRECTION('center_axis',(0.,0.258819045102533,0.965925826289065));
#11426=DIRECTION('ref_axis',(0.,0.965925826289065,-0.258819045102533));
#11427=DIRECTION('center_axis',(-0.998542273277508,-0.0139698247386046,
-0.0521360956973041));
#11428=DIRECTION('ref_axis',(-0.0539752580149996,0.258441757664197,0.964517770400139));
#11429=DIRECTION('center_axis',(0.,0.258819045102533,0.965925826289065));
#11430=DIRECTION('ref_axis',(0.,0.965925826289065,-0.258819045102533));
#11431=DIRECTION('center_axis',(-0.998542273277508,-0.0139698247386046,
-0.0521360956973041));
#11432=DIRECTION('ref_axis',(-0.0539752580149996,0.258441757664197,0.964517770400139));
#11433=DIRECTION('center_axis',(0.,0.258819045102533,0.965925826289065));
#11434=DIRECTION('ref_axis',(0.,0.965925826289065,-0.258819045102533));
#11435=DIRECTION('center_axis',(-0.998542273277508,-0.0139698247386046,
-0.0521360956973041));
#11436=DIRECTION('ref_axis',(-0.0539752580149996,0.258441757664197,0.964517770400139));
#11437=DIRECTION('center_axis',(0.,0.258819045102533,0.965925826289065));
#11438=DIRECTION('ref_axis',(0.,0.965925826289065,-0.258819045102533));
#11439=DIRECTION('center_axis',(-0.998542273277508,-0.0139698247386046,
-0.0521360956973041));
#11440=DIRECTION('ref_axis',(-0.0539752580149996,0.258441757664197,0.964517770400139));
#11441=DIRECTION('center_axis',(0.,0.258819045102533,0.965925826289065));
#11442=DIRECTION('ref_axis',(0.,0.965925826289065,-0.258819045102533));
#11443=DIRECTION('',(0.,0.258819045102533,0.965925826289065));
#11444=DIRECTION('center_axis',(0.,0.258819045102533,0.965925826289065));
#11445=DIRECTION('ref_axis',(0.,0.965925826289065,-0.258819045102533));
#11446=DIRECTION('',(0.,-0.258819045102533,-0.965925826289065));
#11447=DIRECTION('center_axis',(0.998542273277508,-0.0139698247386051,-0.052136095697304));
#11448=DIRECTION('ref_axis',(0.0539752580149996,0.258441757664197,0.964517770400139));
#11449=DIRECTION('center_axis',(0.998542273277508,-0.0139698247386051,-0.052136095697304));
#11450=DIRECTION('ref_axis',(0.0539752580149996,0.258441757664197,0.964517770400139));
#11451=DIRECTION('center_axis',(0.998542273277508,-0.0139698247386051,-0.052136095697304));
#11452=DIRECTION('ref_axis',(0.0539752580149996,0.258441757664197,0.964517770400139));
#11453=DIRECTION('center_axis',(0.998542273277508,-0.0139698247386051,-0.052136095697304));
#11454=DIRECTION('ref_axis',(0.0539752580149996,0.258441757664197,0.964517770400139));
#11455=DIRECTION('center_axis',(-2.77333911991762E-32,-0.258819045102533,
-0.965925826289065));
#11456=DIRECTION('ref_axis',(-1.,7.17792982762577E-33,2.67883988098622E-32));
#11457=DIRECTION('center_axis',(1.11056864523911E-15,0.950547945661534,
-0.310577853361501));
#11458=DIRECTION('ref_axis',(-5.55111512312578E-17,0.310577853361501,0.950547945661534));
#11459=DIRECTION('center_axis',(1.11056864523911E-15,0.950547945661534,
-0.310577853361501));
#11460=DIRECTION('ref_axis',(-5.55111512312578E-17,0.310577853361501,0.950547945661534));
#11461=DIRECTION('center_axis',(-2.63760175957427E-17,-0.258819045102533,
-0.965925826289065));
#11462=DIRECTION('ref_axis',(-1.,-4.59730140384898E-16,1.50490782603336E-16));
#11463=DIRECTION('center_axis',(-5.55111512312578E-17,-0.258819045102533,
-0.965925826289065));
#11464=DIRECTION('ref_axis',(7.23351615185455E-18,-0.965925826289065,0.258819045102533));
#11465=DIRECTION('center_axis',(-0.998542273277508,-0.0139698247386046,
-0.0521360956973041));
#11466=DIRECTION('ref_axis',(-0.0539752580149996,0.258441757664197,0.964517770400139));
#11467=DIRECTION('center_axis',(-0.998542273277508,-0.0139698247386046,
-0.0521360956973041));
#11468=DIRECTION('ref_axis',(-0.0539752580149996,0.258441757664197,0.964517770400139));
#11469=DIRECTION('center_axis',(-0.998542273277508,-0.0139698247386046,
-0.0521360956973041));
#11470=DIRECTION('ref_axis',(-0.0539752580149996,0.258441757664197,0.964517770400139));
#11471=DIRECTION('center_axis',(-0.998542273277508,-0.0139698247386046,
-0.0521360956973041));
#11472=DIRECTION('ref_axis',(-0.0539752580149996,0.258441757664197,0.964517770400139));
#11473=DIRECTION('center_axis',(-2.29601093150992E-17,-0.258819045102533,
-0.965925826289065));
#11474=DIRECTION('ref_axis',(1.,9.16286543645422E-18,2.13148718794808E-17));
#11475=DIRECTION('center_axis',(0.,0.258819045102533,0.965925826289065));
#11476=DIRECTION('ref_axis',(1.,-1.3879287276469E-32,-2.77585745529379E-32));
#11477=DIRECTION('center_axis',(1.,0.,0.));
#11478=DIRECTION('ref_axis',(0.,0.,-1.));
#11479=DIRECTION('',(0.,0.965925826289065,-0.258819045102533));
#11480=DIRECTION('',(0.,-0.258819045102533,-0.965925826289065));
#11481=DIRECTION('',(0.,-0.965925826289065,0.258819045102533));
#11482=DIRECTION('',(0.,0.258819045102532,0.965925826289065));
#11483=DIRECTION('center_axis',(-0.707106781186548,0.683012701892217,-0.183012701892228));
#11484=DIRECTION('ref_axis',(-0.250562807085742,0.,0.968100345886372));
#11485=DIRECTION('',(-0.577350269189625,-0.408248290463854,0.707106781186553));
#11486=DIRECTION('',(-0.577350269189625,-0.707106781186553,-0.408248290463853));
#11487=DIRECTION('center_axis',(-0.707106781186548,-0.183012701892228,-0.683012701892217));
#11488=DIRECTION('ref_axis',(-0.694746590606864,0.,0.719254596676405));
#11489=DIRECTION('',(-0.577350269189626,0.707106781186552,0.408248290463855));
#11490=DIRECTION('center_axis',(-0.707106781186546,-0.683012701892219,0.183012701892228));
#11491=DIRECTION('ref_axis',(0.250562807085743,0.,0.968100345886372));
#11492=DIRECTION('',(-0.577350269189626,0.408248290463854,-0.707106781186553));
#11493=DIRECTION('center_axis',(-0.707106781186548,0.183012701892228,0.683012701892217));
#11494=DIRECTION('ref_axis',(0.694746590606865,0.,0.719254596676405));
#11495=DIRECTION('center_axis',(1.,0.,2.08166817117217E-16));
#11496=DIRECTION('ref_axis',(2.08166817117217E-16,0.,-1.));
#11497=DIRECTION('',(5.38775368283114E-17,0.965925826289065,-0.258819045102532));
#11498=DIRECTION('',(2.01073704829912E-16,-0.258819045102532,-0.965925826289065));
#11499=DIRECTION('',(-5.38775368283116E-17,-0.965925826289065,0.258819045102533));
#11500=DIRECTION('',(-2.01073704829912E-16,0.258819045102532,0.965925826289065));
#11501=DIRECTION('center_axis',(-0.707106781186549,0.683012701892215,-0.183012701892227));
#11502=DIRECTION('ref_axis',(-0.250562807085741,0.,0.968100345886372));
#11503=DIRECTION('',(-0.577350269189626,-0.408248290463857,0.707106781186551));
#11504=DIRECTION('',(-0.577350269189624,-0.707106781186555,-0.408248290463853));
#11505=DIRECTION('center_axis',(-0.707106781186547,-0.183012701892228,-0.683012701892218));
#11506=DIRECTION('ref_axis',(-0.694746590606865,0.,0.719254596676404));
#11507=DIRECTION('',(-0.577350269189626,0.707106781186554,0.408248290463853));
#11508=DIRECTION('center_axis',(-0.707106781186549,-0.683012701892216,0.183012701892227));
#11509=DIRECTION('ref_axis',(0.250562807085741,0.,0.968100345886372));
#11510=DIRECTION('',(-0.577350269189626,0.408248290463857,-0.707106781186551));
#11511=DIRECTION('center_axis',(-0.707106781186546,0.183012701892228,0.683012701892219));
#11512=DIRECTION('ref_axis',(0.694746590606866,0.,0.719254596676403));
#11513=DIRECTION('center_axis',(1.,0.,0.));
#11514=DIRECTION('ref_axis',(0.,0.,-1.));
#11515=DIRECTION('',(0.,0.965925826289065,-0.258819045102533));
#11516=DIRECTION('',(0.,-0.258819045102532,-0.965925826289065));
#11517=DIRECTION('',(0.,-0.965925826289065,0.258819045102532));
#11518=DIRECTION('',(0.,0.258819045102532,0.965925826289065));
#11519=DIRECTION('center_axis',(-0.707106781186545,0.683012701892219,-0.183012701892227));
#11520=DIRECTION('ref_axis',(-0.250562807085743,0.,0.968100345886372));
#11521=DIRECTION('',(-0.577350269189626,-0.408248290463854,0.707106781186552));
#11522=DIRECTION('',(-0.57735026918963,-0.70710678118655,-0.408248290463853));
#11523=DIRECTION('center_axis',(-0.707106781186547,-0.183012701892227,-0.683012701892217));
#11524=DIRECTION('ref_axis',(-0.694746590606865,0.,0.719254596676405));
#11525=DIRECTION('',(-0.577350269189626,0.707106781186552,0.408248290463855));
#11526=DIRECTION('center_axis',(-0.707106781186545,-0.683012701892219,0.183012701892228));
#11527=DIRECTION('ref_axis',(0.250562807085744,0.,0.968100345886372));
#11528=DIRECTION('',(-0.577350269189628,0.408248290463853,-0.707106781186551));
#11529=DIRECTION('center_axis',(-0.707106781186546,0.183012701892228,0.683012701892219));
#11530=DIRECTION('ref_axis',(0.694746590606867,0.,0.719254596676403));
#11531=DIRECTION('center_axis',(1.,0.,0.));
#11532=DIRECTION('ref_axis',(0.,0.,-1.));
#11533=DIRECTION('',(0.,-0.258819045102532,-0.965925826289065));
#11534=DIRECTION('',(0.,-0.965925826289065,0.258819045102532));
#11535=DIRECTION('',(0.,0.258819045102532,0.965925826289065));
#11536=DIRECTION('',(0.,0.965925826289065,-0.258819045102533));
#11537=DIRECTION('center_axis',(-0.70710678118655,-0.183012701892227,-0.683012701892215));
#11538=DIRECTION('ref_axis',(-0.694746590606863,0.,0.719254596676407));
#11539=DIRECTION('',(-0.577350269189624,0.707106781186554,0.408248290463854));
#11540=DIRECTION('',(-0.577350269189626,-0.408248290463853,0.707106781186553));
#11541=DIRECTION('center_axis',(-0.707106781186551,-0.683012701892214,0.183012701892227));
#11542=DIRECTION('ref_axis',(0.25056280708574,0.,0.968100345886373));
#11543=DIRECTION('',(-0.577350269189625,0.408248290463856,-0.707106781186552));
#11544=DIRECTION('center_axis',(-0.707106781186548,0.183012701892228,0.683012701892217));
#11545=DIRECTION('ref_axis',(0.694746590606864,0.,0.719254596676405));
#11546=DIRECTION('',(-0.577350269189626,-0.707106781186552,-0.408248290463855));
#11547=DIRECTION('center_axis',(-0.707106781186546,0.683012701892218,-0.183012701892228));
#11548=DIRECTION('ref_axis',(-0.250562807085743,0.,0.968100345886372));
#11549=DIRECTION('center_axis',(-1.,0.,0.));
#11550=DIRECTION('ref_axis',(0.,0.,1.));
#11551=DIRECTION('',(0.,-0.965925826289065,0.258819045102533));
#11552=DIRECTION('',(0.,-0.258819045102532,-0.965925826289065));
#11553=DIRECTION('',(0.,0.965925826289065,-0.258819045102533));
#11554=DIRECTION('',(0.,0.258819045102533,0.965925826289065));
#11555=DIRECTION('center_axis',(0.707106781186548,-0.683012701892217,0.183012701892227));
#11556=DIRECTION('ref_axis',(0.250562807085742,0.,-0.968100345886372));
#11557=DIRECTION('',(0.577350269189627,0.707106781186552,0.408248290463854));
#11558=DIRECTION('',(0.577350269189626,0.408248290463854,-0.707106781186553));
#11559=DIRECTION('center_axis',(0.707106781186547,-0.183012701892228,-0.683012701892217));
#11560=DIRECTION('ref_axis',(-0.694746590606865,0.,-0.719254596676405));
#11561=DIRECTION('',(0.577350269189627,-0.408248290463853,0.707106781186552));
#11562=DIRECTION('center_axis',(0.707106781186548,0.683012701892217,-0.183012701892228));
#11563=DIRECTION('ref_axis',(-0.250562807085742,0.,-0.968100345886372));
#11564=DIRECTION('',(0.577350269189625,-0.707106781186553,-0.408248290463853));
#11565=DIRECTION('center_axis',(0.707106781186547,0.183012701892228,0.683012701892217));
#11566=DIRECTION('ref_axis',(0.694746590606865,0.,-0.719254596676404));
#11567=DIRECTION('center_axis',(-1.,0.,0.));
#11568=DIRECTION('ref_axis',(0.,0.,1.));
#11569=DIRECTION('',(0.,-0.965925826289065,0.258819045102532));
#11570=DIRECTION('',(0.,-0.258819045102532,-0.965925826289065));
#11571=DIRECTION('',(0.,0.965925826289065,-0.258819045102533));
#11572=DIRECTION('',(0.,0.258819045102532,0.965925826289065));
#11573=DIRECTION('center_axis',(0.707106781186547,-0.683012701892218,0.183012701892228));
#11574=DIRECTION('ref_axis',(0.250562807085743,0.,-0.968100345886372));
#11575=DIRECTION('',(0.577350269189626,0.707106781186553,0.408248290463854));
#11576=DIRECTION('',(0.577350269189627,0.408248290463855,-0.707106781186551));
#11577=DIRECTION('center_axis',(0.707106781186549,-0.183012701892227,-0.683012701892216));
#11578=DIRECTION('ref_axis',(-0.694746590606863,0.,-0.719254596676406));
#11579=DIRECTION('',(0.577350269189625,-0.408248290463855,0.707106781186553));
#11580=DIRECTION('center_axis',(0.707106781186549,0.683012701892216,-0.183012701892227));
#11581=DIRECTION('ref_axis',(-0.250562807085741,0.,-0.968100345886372));
#11582=DIRECTION('',(0.577350269189627,-0.707106781186552,-0.408248290463853));
#11583=DIRECTION('center_axis',(0.707106781186546,0.183012701892228,0.683012701892219));
#11584=DIRECTION('ref_axis',(0.694746590606866,0.,-0.719254596676403));
#11585=DIRECTION('center_axis',(-1.,0.,0.));
#11586=DIRECTION('ref_axis',(0.,0.,1.));
#11587=DIRECTION('',(0.,-0.965925826289065,0.258819045102533));
#11588=DIRECTION('',(0.,-0.258819045102532,-0.965925826289065));
#11589=DIRECTION('',(0.,0.965925826289065,-0.258819045102532));
#11590=DIRECTION('',(0.,0.258819045102532,0.965925826289065));
#11591=DIRECTION('center_axis',(0.707106781186549,-0.683012701892216,0.183012701892227));
#11592=DIRECTION('ref_axis',(0.250562807085742,0.,-0.968100345886372));
#11593=DIRECTION('',(0.577350269189625,0.707106781186553,0.408248290463854));
#11594=DIRECTION('',(0.577350269189625,0.408248290463855,-0.707106781186553));
#11595=DIRECTION('center_axis',(0.707106781186549,-0.183012701892227,-0.683012701892216));
#11596=DIRECTION('ref_axis',(-0.694746590606864,0.,-0.719254596676406));
#11597=DIRECTION('',(0.577350269189624,-0.408248290463856,0.707106781186553));
#11598=DIRECTION('center_axis',(0.707106781186547,0.683012701892218,-0.183012701892227));
#11599=DIRECTION('ref_axis',(-0.250562807085742,0.,-0.968100345886372));
#11600=DIRECTION('',(0.577350269189627,-0.707106781186553,-0.408248290463852));
#11601=DIRECTION('center_axis',(0.707106781186548,0.183012701892228,0.683012701892217));
#11602=DIRECTION('ref_axis',(0.694746590606864,0.,-0.719254596676405));
#11603=DIRECTION('center_axis',(-1.,0.,0.));
#11604=DIRECTION('ref_axis',(0.,0.,1.));
#11605=DIRECTION('',(0.,0.258819045102532,0.965925826289065));
#11606=DIRECTION('',(0.,-0.965925826289065,0.258819045102533));
#11607=DIRECTION('',(0.,-0.258819045102532,-0.965925826289065));
#11608=DIRECTION('',(0.,0.965925826289065,-0.258819045102532));
#11609=DIRECTION('center_axis',(0.707106781186548,0.183012701892228,0.683012701892217));
#11610=DIRECTION('ref_axis',(0.694746590606864,0.,-0.719254596676405));
#11611=DIRECTION('',(0.577350269189625,0.408248290463856,-0.707106781186552));
#11612=DIRECTION('',(0.577350269189626,-0.707106781186552,-0.408248290463855));
#11613=DIRECTION('center_axis',(0.707106781186548,-0.683012701892217,0.183012701892228));
#11614=DIRECTION('ref_axis',(0.250562807085742,0.,-0.968100345886372));
#11615=DIRECTION('',(0.577350269189629,0.707106781186551,0.408248290463853));
#11616=DIRECTION('center_axis',(0.707106781186545,-0.183012701892228,-0.683012701892219));
#11617=DIRECTION('ref_axis',(-0.694746590606867,0.,-0.719254596676403));
#11618=DIRECTION('',(0.577350269189627,-0.408248290463853,0.707106781186552));
#11619=DIRECTION('center_axis',(0.707106781186547,0.683012701892218,-0.183012701892228));
#11620=DIRECTION('ref_axis',(-0.250562807085742,0.,-0.968100345886372));
#11621=DIRECTION('center_axis',(0.,0.965925826289065,-0.258819045102534));
#11622=DIRECTION('ref_axis',(0.,0.258819045102534,0.965925826289065));
#11623=DIRECTION('',(-1.,9.85189244860561E-16,3.67677631688983E-15));
#11624=DIRECTION('',(-3.29485542791982E-15,-0.258819045102534,-0.965925826289065));
#11625=DIRECTION('',(1.,-9.64664468925966E-16,-3.60017681028796E-15));
#11626=DIRECTION('',(3.72461917938762E-15,0.258819045102534,0.965925826289065));
#11627=DIRECTION('center_axis',(-0.707106781186542,-0.683012701892222,0.183012701892232));
#11628=DIRECTION('ref_axis',(0.25056280708575,0.,0.96810034588637));
#11629=DIRECTION('',(0.577350269189631,-0.408248290463852,0.707106781186549));
#11630=DIRECTION('',(0.577350269189626,-0.707106781186551,-0.408248290463857));
#11631=DIRECTION('center_axis',(-2.63551234136204E-15,-0.866025403784448,
-0.499999999999984));
#11632=DIRECTION('ref_axis',(0.,0.499999999999984,-0.866025403784448));
#11633=DIRECTION('',(-0.577350269189624,-0.408248290463852,0.707106781186555));
#11634=DIRECTION('center_axis',(0.707106781186543,-0.683012701892222,0.183012701892227));
#11635=DIRECTION('ref_axis',(0.250562807085743,0.,-0.968100345886372));
#11636=DIRECTION('',(-0.577350269189628,-0.707106781186552,-0.408248290463852));
#11637=DIRECTION('center_axis',(2.69158707202931E-15,-0.499999999999994,
0.866025403784442));
#11638=DIRECTION('ref_axis',(1.,0.,-3.10797704116687E-15));
#11639=DIRECTION('center_axis',(0.,0.965925826289065,-0.258819045102534));
#11640=DIRECTION('ref_axis',(0.,0.258819045102534,0.965925826289065));
#11641=DIRECTION('',(-1.,9.85189244860559E-16,3.67677631688983E-15));
#11642=DIRECTION('',(-3.22322813600852E-15,-0.258819045102534,-0.965925826289065));
#11643=DIRECTION('',(1.,-1.00571402079516E-15,-3.7533758234917E-15));
#11644=DIRECTION('',(4.51251939041193E-15,0.258819045102534,0.965925826289065));
#11645=DIRECTION('center_axis',(-0.707106781186546,-0.683012701892218,0.183012701892231));
#11646=DIRECTION('ref_axis',(0.250562807085747,0.,0.968100345886371));
#11647=DIRECTION('',(0.577350269189627,-0.408248290463856,0.70710678118655));
#11648=DIRECTION('',(0.577350269189624,-0.707106781186552,-0.408248290463857));
#11649=DIRECTION('center_axis',(-2.74766180269662E-15,-0.866025403784444,
-0.499999999999991));
#11650=DIRECTION('ref_axis',(0.,0.499999999999991,-0.866025403784444));
#11651=DIRECTION('',(-0.577350269189623,-0.408248290463852,0.707106781186556));
#11652=DIRECTION('center_axis',(0.707106781186548,-0.683012701892218,0.183012701892225));
#11653=DIRECTION('ref_axis',(0.250562807085739,0.,-0.968100345886373));
#11654=DIRECTION('',(-0.577350269189627,-0.707106781186552,-0.408248290463853));
#11655=DIRECTION('center_axis',(2.69158707202931E-15,-0.499999999999994,
0.866025403784442));
#11656=DIRECTION('ref_axis',(1.,0.,-3.10797704116687E-15));
#11657=DIRECTION('center_axis',(0.,0.965925826289065,-0.258819045102534));
#11658=DIRECTION('ref_axis',(0.,0.258819045102534,0.965925826289065));
#11659=DIRECTION('',(-1.,1.14938745233732E-15,4.2895723697048E-15));
#11660=DIRECTION('',(-3.72461917938762E-15,-0.258819045102534,-0.965925826289065));
#11661=DIRECTION('',(1.,-9.85189244860561E-16,-3.67677631688983E-15));
#11662=DIRECTION('',(4.72740126614583E-15,0.258819045102534,0.965925826289065));
#11663=DIRECTION('center_axis',(-0.707106781186548,-0.683012701892216,0.183012701892231));
#11664=DIRECTION('ref_axis',(0.250562807085746,0.,0.968100345886371));
#11665=DIRECTION('',(0.577350269189629,-0.408248290463856,0.707106781186549));
#11666=DIRECTION('',(0.577350269189626,-0.707106781186551,-0.408248290463857));
#11667=DIRECTION('center_axis',(-2.69158707202934E-15,-0.866025403784444,
-0.499999999999991));
#11668=DIRECTION('ref_axis',(0.,0.499999999999991,-0.866025403784444));
#11669=DIRECTION('',(-0.577350269189625,-0.408248290463852,0.707106781186555));
#11670=DIRECTION('center_axis',(0.707106781186543,-0.683012701892222,0.183012701892226));
#11671=DIRECTION('ref_axis',(0.250562807085742,0.,-0.968100345886372));
#11672=DIRECTION('',(-0.577350269189629,-0.707106781186551,-0.408248290463853));
#11673=DIRECTION('center_axis',(3.14018491736753E-15,-0.499999999999994,
0.866025403784442));
#11674=DIRECTION('ref_axis',(1.,0.,-3.62597321469468E-15));
#11675=DIRECTION('center_axis',(-2.63760175957427E-17,-0.258819045102533,
-0.965925826289065));
#11676=DIRECTION('ref_axis',(9.84366377686367E-17,0.965925826289065,-0.258819045102533));
#11677=DIRECTION('center_axis',(2.09876542898774E-15,0.,-1.));
#11678=DIRECTION('ref_axis',(-1.,4.54176064220788E-31,-2.09876542898774E-15));
#11679=DIRECTION('',(-1.,-1.18388459717874E-58,-2.09876542898774E-15));
#11680=DIRECTION('',(0.,1.,0.));
#11681=DIRECTION('center_axis',(0.,1.,0.));
#11682=DIRECTION('ref_axis',(0.525062241670342,0.,-0.851063829787235));
#11683=DIRECTION('center_axis',(1.18388459717874E-58,-1.,9.92290292195613E-89));
#11684=DIRECTION('ref_axis',(0.525062241670342,0.,-0.851063829787235));
#11685=DIRECTION('center_axis',(1.18388459717874E-58,-1.,9.92290292195613E-89));
#11686=DIRECTION('ref_axis',(1.,1.18388459717874E-58,0.));
#11687=DIRECTION('center_axis',(-1.18388459717874E-58,1.,-9.92290292195613E-89));
#11688=DIRECTION('ref_axis',(1.,1.18388459717874E-58,0.));
#11689=DIRECTION('center_axis',(0.,1.,0.));
#11690=DIRECTION('ref_axis',(1.,0.,0.));
#11691=DIRECTION('center_axis',(-1.23259516440783E-32,1.,1.60080215489556E-28));
#11692=DIRECTION('ref_axis',(1.,0.,5.49631641165858E-30));
#11693=DIRECTION('',(0.,1.,0.));
#11694=DIRECTION('center_axis',(-1.23259516440783E-32,1.,1.60080215489556E-28));
#11695=DIRECTION('ref_axis',(1.,0.,5.49631641165858E-30));
#11696=DIRECTION('center_axis',(-1.23259516440783E-32,1.,1.60080215489556E-28));
#11697=DIRECTION('ref_axis',(0.,0.,1.));
#11698=DIRECTION('center_axis',(-1.,-1.23259516440979E-32,1.22464679914737E-16));
#11699=DIRECTION('ref_axis',(-1.22464679914737E-16,0.,-1.));
#11700=DIRECTION('center_axis',(0.,-0.258819045102533,-0.965925826289065));
#11701=DIRECTION('ref_axis',(1.,-1.3879287276469E-32,-2.77585745529379E-32));
#11702=DIRECTION('center_axis',(-2.63760175957427E-17,-0.258819045102533,
-0.965925826289065));
#11703=DIRECTION('ref_axis',(-1.,0.,2.73064627509498E-17));
#11704=DIRECTION('center_axis',(-2.63760175957427E-17,-0.258819045102533,
-0.965925826289065));
#11705=DIRECTION('ref_axis',(9.84366377686367E-17,0.965925826289065,-0.258819045102533));
#11706=DIRECTION('',(1.,-3.06174457299849E-16,5.47327358255862E-17));
#11707=DIRECTION('center_axis',(2.63760175957427E-17,0.258819045102533,
0.965925826289065));
#11708=DIRECTION('ref_axis',(0.,0.965925826289065,-0.258819045102533));
#11709=DIRECTION('',(-1.,1.02815337037936E-15,-2.48186402537549E-16));
#11710=DIRECTION('center_axis',(-2.63760175957427E-17,-0.258819045102533,
-0.965925826289065));
#11711=DIRECTION('ref_axis',(0.,-0.965925826289065,0.258819045102533));
#11712=DIRECTION('center_axis',(2.63760175957427E-17,0.258819045102533,
0.965925826289065));
#11713=DIRECTION('ref_axis',(0.,0.965925826289065,-0.258819045102533));
#11714=DIRECTION('center_axis',(0.,0.258819045102533,0.965925826289065));
#11715=DIRECTION('ref_axis',(0.,0.965925826289065,-0.258819045102533));
#11716=DIRECTION('',(0.,-0.258819045102533,-0.965925826289065));
#11717=DIRECTION('center_axis',(0.,-0.258819045102533,-0.965925826289065));
#11718=DIRECTION('ref_axis',(0.,-0.965925826289065,0.258819045102533));
#11719=DIRECTION('',(0.,-0.258819045102533,-0.965925826289065));
#11720=DIRECTION('center_axis',(0.,0.258819045102533,0.965925826289065));
#11721=DIRECTION('ref_axis',(0.,-0.965925826289065,0.258819045102533));
#11722=DIRECTION('center_axis',(1.05735526154777E-15,0.965925826289065,
-0.258819045102533));
#11723=DIRECTION('ref_axis',(1.,-1.03197198971692E-15,2.33935121154992E-16));
#11724=DIRECTION('',(0.,0.258819045102533,0.965925826289065));
#11725=DIRECTION('',(1.,-2.61491411782092E-16,4.27599498637393E-17));
#11726=DIRECTION('center_axis',(0.,0.258819045102533,0.965925826289065));
#11727=DIRECTION('ref_axis',(0.,0.965925826289065,-0.258819045102533));
#11728=DIRECTION('center_axis',(1.,-2.61491411782092E-16,4.27599498637393E-17));
#11729=DIRECTION('ref_axis',(2.63648397385476E-16,0.965925826289065,-0.258819045102533));
#11730=DIRECTION('center_axis',(-1.,6.90776213418662E-15,-1.82362282261074E-15));
#11731=DIRECTION('ref_axis',(-7.14437416484783E-15,-0.965925826289065,0.258819045102533));
#11732=DIRECTION('center_axis',(-2.63760175957427E-17,-0.258819045102533,
-0.965925826289065));
#11733=DIRECTION('ref_axis',(0.,0.965925826289065,-0.258819045102533));
#11734=DIRECTION('center_axis',(-1.,1.01909106361526E-16,2.49395180678234E-31));
#11735=DIRECTION('ref_axis',(-9.84366377686367E-17,-0.965925826289065,0.258819045102533));
#11736=DIRECTION('',(1.,-1.01909106361526E-16,-2.49395180678234E-31));
#11737=DIRECTION('center_axis',(-1.,-3.72620205143573E-15,8.20941087037631E-15));
#11738=DIRECTION('ref_axis',(-6.96526992150297E-15,-0.258819045102533,-0.965925826289065));
#11739=DIRECTION('',(1.,-1.01909106361526E-16,-2.49395180678234E-31));
#11740=DIRECTION('center_axis',(-2.63760175957427E-17,-0.258819045102533,
-0.965925826289065));
#11741=DIRECTION('ref_axis',(0.,0.965925826289065,-0.258819045102533));
#11742=DIRECTION('center_axis',(-2.63760175957427E-17,-0.258819045102533,
-0.965925826289065));
#11743=DIRECTION('ref_axis',(9.84366377686367E-17,0.965925826289065,-0.258819045102533));
#11744=DIRECTION('center_axis',(0.,-0.258819045102533,-0.965925826289065));
#11745=DIRECTION('ref_axis',(1.,-1.3879287276469E-32,-2.77585745529379E-32));
#11746=DIRECTION('center_axis',(0.,-0.258819045102533,-0.965925826289065));
#11747=DIRECTION('ref_axis',(1.,-1.3879287276469E-32,-2.77585745529379E-32));
#11748=DIRECTION('center_axis',(-2.63760175957427E-17,-0.258819045102533,
-0.965925826289065));
#11749=DIRECTION('ref_axis',(1.,-1.3879287276469E-32,-2.77585745529379E-32));
#11750=DIRECTION('',(0.,0.258819045102533,0.965925826289065));
#11751=DIRECTION('',(0.,-0.258819045102533,-0.965925826289065));
#11752=DIRECTION('center_axis',(0.,-0.965925826289065,0.258819045102533));
#11753=DIRECTION('ref_axis',(-1.,0.,0.));
#11754=DIRECTION('',(1.,-6.82661568773774E-18,-2.54772765903827E-17));
#11755=DIRECTION('',(0.,-0.258819045102532,-0.965925826289065));
#11756=DIRECTION('center_axis',(0.,0.258819045102532,0.965925826289065));
#11757=DIRECTION('ref_axis',(0.,0.965925826289065,-0.258819045102532));
#11758=DIRECTION('center_axis',(2.63760175957427E-17,0.258819045102533,
0.965925826289065));
#11759=DIRECTION('ref_axis',(0.,0.965925826289065,-0.258819045102532));
#11760=DIRECTION('center_axis',(0.,0.258819045102533,0.965925826289065));
#11761=DIRECTION('ref_axis',(0.,0.965925826289065,-0.258819045102533));
#11762=DIRECTION('center_axis',(2.63760175957427E-17,0.258819045102533,
0.965925826289065));
#11763=DIRECTION('ref_axis',(0.,0.965925826289065,-0.258819045102533));
#11764=DIRECTION('center_axis',(-2.63760175957427E-17,-0.258819045102533,
-0.965925826289065));
#11765=DIRECTION('ref_axis',(-1.,0.,2.73064627509498E-17));
#11766=DIRECTION('center_axis',(-2.63760175957427E-17,-0.258819045102533,
-0.965925826289065));
#11767=DIRECTION('ref_axis',(-1.,0.,2.73064627509498E-17));
#11768=DIRECTION('',(-8.03912319696436E-17,0.965925826289065,-0.258819045102533));
#11769=DIRECTION('center_axis',(2.63760175957427E-17,0.258819045102533,
0.965925826289065));
#11770=DIRECTION('ref_axis',(0.,0.965925826289065,-0.258819045102533));
#11771=DIRECTION('',(-4.7687431930208E-16,-0.965925826289065,0.258819045102533));
#11772=DIRECTION('center_axis',(2.63760175957427E-17,0.258819045102533,
0.965925826289065));
#11773=DIRECTION('ref_axis',(0.,0.965925826289065,-0.258819045102533));
#11774=DIRECTION('center_axis',(0.,0.258819045102533,0.965925826289065));
#11775=DIRECTION('ref_axis',(0.,0.965925826289065,-0.258819045102533));
#11776=DIRECTION('',(0.,-0.258819045102533,-0.965925826289065));
#11777=DIRECTION('center_axis',(0.,0.258819045102533,0.965925826289065));
#11778=DIRECTION('ref_axis',(0.,0.965925826289065,-0.258819045102533));
#11779=DIRECTION('',(0.,0.258819045102533,0.965925826289065));
#11780=DIRECTION('center_axis',(-1.,4.60625220907897E-16,-1.23424155955685E-16));
#11781=DIRECTION('ref_axis',(4.7687431930208E-16,0.965925826289065,-0.258819045102533));
#11782=DIRECTION('',(-8.78423932087388E-17,0.965925826289065,-0.258819045102533));
#11783=DIRECTION('center_axis',(-8.78423932087388E-17,0.965925826289065,
-0.258819045102533));
#11784=DIRECTION('ref_axis',(-1.,-7.80226205556222E-17,4.82125609201897E-17));
#11785=DIRECTION('center_axis',(0.,-0.258819045102533,-0.965925826289065));
#11786=DIRECTION('ref_axis',(0.,0.965925826289065,-0.258819045102533));
#11787=DIRECTION('center_axis',(-2.63760175957427E-17,-0.258819045102533,
-0.965925826289065));
#11788=DIRECTION('ref_axis',(0.,0.965925826289065,-0.258819045102533));
#11789=DIRECTION('',(0.,0.258819045102533,0.965925826289065));
#11790=DIRECTION('center_axis',(0.,-0.258819045102533,-0.965925826289065));
#11791=DIRECTION('ref_axis',(0.,0.965925826289065,-0.258819045102533));
#11792=DIRECTION('',(0.,-0.258819045102533,-0.965925826289065));
#11793=DIRECTION('center_axis',(-2.63760175957427E-17,-0.258819045102533,
-0.965925826289065));
#11794=DIRECTION('ref_axis',(0.,0.965925826289065,-0.258819045102533));
#11795=DIRECTION('center_axis',(-2.63760175957427E-17,-0.258819045102533,
-0.965925826289065));
#11796=DIRECTION('ref_axis',(9.84366377686367E-17,0.965925826289065,-0.258819045102533));
#11797=DIRECTION('center_axis',(5.72398667777819E-15,-0.965925826289063,
0.25881904510254));
#11798=DIRECTION('ref_axis',(-2.63760175957434E-17,-0.258819045102539,-0.965925826289063));
#11799=DIRECTION('center_axis',(-9.84366377686367E-17,-0.965925826289065,
0.258819045102533));
#11800=DIRECTION('ref_axis',(1.,-1.01909106361526E-16,-2.49395180678234E-31));
#11801=DIRECTION('',(9.84366377686367E-17,0.965925826289065,-0.258819045102533));
#11802=DIRECTION('',(-9.84366377686367E-17,-0.965925826289065,0.258819045102533));
#11803=DIRECTION('center_axis',(1.,-4.60625220907897E-16,1.23424155955685E-16));
#11804=DIRECTION('ref_axis',(-4.7687431930208E-16,-0.965925826289065,0.258819045102533));
#11805=DIRECTION('',(4.7687431930208E-16,0.965925826289065,-0.258819045102533));
#11806=DIRECTION('',(0.,-0.258819045102533,-0.965925826289065));
#11807=DIRECTION('center_axis',(0.,0.258819045102533,0.965925826289065));
#11808=DIRECTION('ref_axis',(0.,0.965925826289065,-0.258819045102533));
#11809=DIRECTION('center_axis',(2.63760175957427E-17,0.258819045102533,
0.965925826289065));
#11810=DIRECTION('ref_axis',(0.,0.965925826289065,-0.258819045102533));
#11811=DIRECTION('center_axis',(0.,0.258819045102533,0.965925826289065));
#11812=DIRECTION('ref_axis',(0.,0.965925826289065,-0.258819045102533));
#11813=DIRECTION('center_axis',(2.63760175957427E-17,0.258819045102533,
0.965925826289065));
#11814=DIRECTION('ref_axis',(0.,0.965925826289065,-0.258819045102533));
#11815=DIRECTION('center_axis',(-2.63760175957427E-17,-0.258819045102533,
-0.965925826289065));
#11816=DIRECTION('ref_axis',(-1.,0.,2.73064627509498E-17));
#11817=DIRECTION('center_axis',(-2.63760175957427E-17,-0.258819045102533,
-0.965925826289065));
#11818=DIRECTION('ref_axis',(-1.,0.,2.73064627509498E-17));
#11819=DIRECTION('',(-9.84366377686367E-17,-0.965925826289065,0.258819045102533));
#11820=DIRECTION('center_axis',(2.63760175957427E-17,0.258819045102533,
0.965925826289065));
#11821=DIRECTION('ref_axis',(0.,0.965925826289065,-0.258819045102533));
#11822=DIRECTION('',(4.7687431930208E-16,0.965925826289065,-0.258819045102533));
#11823=DIRECTION('center_axis',(2.63760175957427E-17,0.258819045102533,
0.965925826289065));
#11824=DIRECTION('ref_axis',(0.,0.965925826289065,-0.258819045102533));
#11825=DIRECTION('center_axis',(0.,0.258819045102533,0.965925826289065));
#11826=DIRECTION('ref_axis',(0.,0.965925826289065,-0.258819045102533));
#11827=DIRECTION('',(0.,-0.258819045102533,-0.965925826289065));
#11828=DIRECTION('center_axis',(1.,-4.60625220907897E-16,1.23424155955685E-16));
#11829=DIRECTION('ref_axis',(-4.7687431930208E-16,-0.965925826289065,0.258819045102533));
#11830=DIRECTION('',(0.,0.258819045102533,0.965925826289065));
#11831=DIRECTION('',(9.84366377686367E-17,0.965925826289065,-0.258819045102533));
#11832=DIRECTION('center_axis',(0.,0.258819045102533,0.965925826289065));
#11833=DIRECTION('ref_axis',(0.,0.965925826289065,-0.258819045102533));
#11834=DIRECTION('center_axis',(-9.84366377686367E-17,-0.965925826289065,
0.258819045102533));
#11835=DIRECTION('ref_axis',(1.,-1.01909106361526E-16,-2.49395180678234E-31));
#11836=DIRECTION('center_axis',(1.,-2.61491411782092E-16,4.27599498637393E-17));
#11837=DIRECTION('ref_axis',(2.63648397385476E-16,0.965925826289065,-0.258819045102533));
#11838=DIRECTION('',(1.,-2.61491411782092E-16,4.27599498637393E-17));
#11839=DIRECTION('center_axis',(-1.,1.01909106361526E-16,2.49395180678234E-31));
#11840=DIRECTION('ref_axis',(-9.84366377686367E-17,-0.965925826289065,0.258819045102533));
#11841=DIRECTION('',(1.,-3.06174457299849E-16,5.47327358255862E-17));
#11842=DIRECTION('center_axis',(1.05735526154777E-15,0.965925826289065,
-0.258819045102533));
#11843=DIRECTION('ref_axis',(1.,-1.03197198971692E-15,2.33935121154992E-16));
#11844=DIRECTION('',(-1.,1.02815337037936E-15,-2.48186402537549E-16));
#11845=DIRECTION('',(0.,-0.258819045102533,-0.965925826289065));
#11846=DIRECTION('',(0.,-0.258819045102533,-0.965925826289065));
#11847=DIRECTION('center_axis',(0.,0.258819045102533,0.965925826289065));
#11848=DIRECTION('ref_axis',(0.,0.965925826289065,-0.258819045102533));
#11849=DIRECTION('center_axis',(2.63760175957427E-17,0.258819045102533,
0.965925826289065));
#11850=DIRECTION('ref_axis',(0.,0.965925826289065,-0.258819045102533));
#11851=DIRECTION('center_axis',(-2.63760175957427E-17,-0.258819045102533,
-0.965925826289065));
#11852=DIRECTION('ref_axis',(0.,0.965925826289065,-0.258819045102533));
#11853=DIRECTION('center_axis',(-2.63760175957427E-17,-0.258819045102533,
-0.965925826289065));
#11854=DIRECTION('ref_axis',(9.84366377686367E-17,0.965925826289065,-0.258819045102533));
#11855=DIRECTION('center_axis',(0.,0.258819045102533,0.965925826289065));
#11856=DIRECTION('ref_axis',(-1.,1.3879287276469E-32,2.77585745529379E-32));
#11857=DIRECTION('center_axis',(0.,-0.258819045102533,-0.965925826289065));
#11858=DIRECTION('ref_axis',(-1.,1.3879287276469E-32,2.77585745529379E-32));
#11859=DIRECTION('center_axis',(-2.63760175957427E-17,-0.258819045102533,
-0.965925826289065));
#11860=DIRECTION('ref_axis',(-1.,1.3879287276469E-32,2.77585745529379E-32));
#11861=DIRECTION('',(0.,0.258819045102533,0.965925826289065));
#11862=DIRECTION('center_axis',(0.,0.258819045102533,0.965925826289065));
#11863=DIRECTION('ref_axis',(0.,0.965925826289065,-0.258819045102533));
#11864=DIRECTION('center_axis',(2.63760175957427E-17,0.258819045102533,
0.965925826289065));
#11865=DIRECTION('ref_axis',(0.,0.965925826289065,-0.258819045102533));
#11866=DIRECTION('center_axis',(-2.63760175957427E-17,-0.258819045102533,
-0.965925826289065));
#11867=DIRECTION('ref_axis',(-1.,0.,2.73064627509498E-17));
#11868=DIRECTION('center_axis',(-2.63760175957427E-17,-0.258819045102533,
-0.965925826289065));
#11869=DIRECTION('ref_axis',(-1.,0.,2.73064627509498E-17));
#11870=DIRECTION('',(-9.84366377686367E-17,-0.965925826289065,0.258819045102533));
#11871=DIRECTION('center_axis',(2.63760175957427E-17,0.258819045102533,
0.965925826289065));
#11872=DIRECTION('ref_axis',(0.,0.965925826289065,-0.258819045102532));
#11873=DIRECTION('',(4.7687431930208E-16,0.965925826289065,-0.258819045102533));
#11874=DIRECTION('center_axis',(2.63760175957427E-17,0.258819045102533,
0.965925826289065));
#11875=DIRECTION('ref_axis',(0.,0.965925826289065,-0.258819045102533));
#11876=DIRECTION('center_axis',(1.,-4.60625220907897E-16,1.23424155955685E-16));
#11877=DIRECTION('ref_axis',(-4.7687431930208E-16,-0.965925826289065,0.258819045102533));
#11878=DIRECTION('',(0.,0.258819045102532,0.965925826289065));
#11879=DIRECTION('',(9.84366377686367E-17,0.965925826289065,-0.258819045102533));
#11880=DIRECTION('',(0.,-0.258819045102533,-0.965925826289065));
#11881=DIRECTION('center_axis',(0.,0.258819045102533,0.965925826289065));
#11882=DIRECTION('ref_axis',(0.,0.965925826289065,-0.258819045102532));
#11883=DIRECTION('center_axis',(0.,0.258819045102533,0.965925826289065));
#11884=DIRECTION('ref_axis',(0.,0.965925826289065,-0.258819045102533));
#11885=DIRECTION('center_axis',(-9.84366377686367E-17,-0.965925826289065,
0.258819045102533));
#11886=DIRECTION('ref_axis',(1.,-1.01909106361526E-16,-2.49395180678234E-31));
#11887=DIRECTION('center_axis',(-2.63760175957427E-17,-0.258819045102533,
-0.965925826289065));
#11888=DIRECTION('ref_axis',(-1.,0.,2.73064627509498E-17));
#11889=DIRECTION('center_axis',(-2.63760175957427E-17,-0.258819045102533,
-0.965925826289065));
#11890=DIRECTION('ref_axis',(9.84366377686367E-17,0.965925826289065,-0.258819045102533));
#11891=DIRECTION('',(1.,-1.01909106361526E-16,-2.49395180678234E-31));
#11892=DIRECTION('center_axis',(2.63760175957427E-17,0.258819045102533,
0.965925826289065));
#11893=DIRECTION('ref_axis',(0.,0.965925826289065,-0.258819045102532));
#11894=DIRECTION('',(1.,-6.82661568773774E-18,-2.54772765903827E-17));
#11895=DIRECTION('center_axis',(-2.63760175957427E-17,-0.258819045102533,
-0.965925826289065));
#11896=DIRECTION('ref_axis',(0.,0.965925826289065,-0.258819045102533));
#11897=DIRECTION('center_axis',(2.63760175957427E-17,0.258819045102533,
0.965925826289065));
#11898=DIRECTION('ref_axis',(0.,0.965925826289065,-0.258819045102533));
#11899=DIRECTION('center_axis',(0.,-0.258819045102533,-0.965925826289065));
#11900=DIRECTION('ref_axis',(0.,0.965925826289065,-0.258819045102533));
#11901=DIRECTION('',(0.,-0.258819045102533,-0.965925826289065));
#11902=DIRECTION('center_axis',(0.,-0.258819045102533,-0.965925826289065));
#11903=DIRECTION('ref_axis',(0.,0.965925826289065,-0.258819045102533));
#11904=DIRECTION('',(0.,-0.258819045102533,-0.965925826289065));
#11905=DIRECTION('center_axis',(0.,0.258819045102533,0.965925826289065));
#11906=DIRECTION('ref_axis',(0.,0.965925826289065,-0.258819045102533));
#11907=DIRECTION('center_axis',(0.,-0.965925826289065,0.258819045102533));
#11908=DIRECTION('ref_axis',(-1.,0.,0.));
#11909=DIRECTION('',(0.,0.258819045102532,0.965925826289065));
#11910=DIRECTION('',(1.,-1.01909106361526E-16,-2.49395180678234E-31));
#11911=DIRECTION('center_axis',(0.,0.258819045102532,0.965925826289065));
#11912=DIRECTION('ref_axis',(0.,0.965925826289065,-0.258819045102532));
#11913=DIRECTION('center_axis',(-1.,1.01909106361526E-16,2.49395180678234E-31));
#11914=DIRECTION('ref_axis',(-9.84366377686367E-17,-0.965925826289065,0.258819045102533));
#11915=DIRECTION('center_axis',(-1.,3.07965097638937E-15,6.38578804776557E-15));
#11916=DIRECTION('ref_axis',(-6.96526992150297E-15,-0.258819045102533,-0.965925826289065));
#11917=DIRECTION('center_axis',(-2.63760175957427E-17,-0.258819045102533,
-0.965925826289065));
#11918=DIRECTION('ref_axis',(0.,0.965925826289065,-0.258819045102533));
#11919=DIRECTION('center_axis',(-2.63760175957427E-17,-0.258819045102533,
-0.965925826289065));
#11920=DIRECTION('ref_axis',(0.,0.965925826289065,-0.258819045102533));
#11921=DIRECTION('center_axis',(0.,0.258819045102533,0.965925826289065));
#11922=DIRECTION('ref_axis',(-1.,1.3879287276469E-32,2.77585745529379E-32));
#11923=DIRECTION('center_axis',(-1.32195084930097E-15,-0.965925826289063,
0.25881904510254));
#11924=DIRECTION('ref_axis',(-2.63760175957434E-17,-0.258819045102539,-0.965925826289063));
#11925=DIRECTION('center_axis',(-2.63760175957427E-17,-0.258819045102533,
-0.965925826289065));
#11926=DIRECTION('ref_axis',(9.84366377686367E-17,0.965925826289065,-0.258819045102533));
#11927=DIRECTION('center_axis',(0.,-0.258819045102533,-0.965925826289065));
#11928=DIRECTION('ref_axis',(-1.,1.3879287276469E-32,2.77585745529379E-32));
#11929=DIRECTION('center_axis',(-2.63760175957427E-17,-0.258819045102533,
-0.965925826289065));
#11930=DIRECTION('ref_axis',(-1.,1.3879287276469E-32,2.77585745529379E-32));
#11931=DIRECTION('',(0.,-0.258819045102533,-0.965925826289065));
#11932=DIRECTION('',(0.,-0.258819045102533,-0.965925826289065));
#11933=DIRECTION('center_axis',(1.,-4.60625220907897E-16,1.23424155955685E-16));
#11934=DIRECTION('ref_axis',(-4.7687431930208E-16,-0.965925826289065,0.258819045102533));
#11935=DIRECTION('',(4.7687431930208E-16,0.965925826289065,-0.258819045102533));
#11936=DIRECTION('',(0.,0.258819045102533,0.965925826289065));
#11937=DIRECTION('',(9.84366377686367E-17,0.965925826289065,-0.258819045102533));
#11938=DIRECTION('center_axis',(-9.84366377686367E-17,-0.965925826289065,
0.258819045102533));
#11939=DIRECTION('ref_axis',(1.,-1.01909106361526E-16,-2.49395180678234E-31));
#11940=DIRECTION('',(-9.84366377686367E-17,-0.965925826289065,0.258819045102533));
#11941=DIRECTION('center_axis',(0.,0.258819045102533,0.965925826289065));
#11942=DIRECTION('ref_axis',(0.,0.965925826289065,-0.258819045102533));
#11943=DIRECTION('center_axis',(2.63760175957427E-17,0.258819045102533,
0.965925826289065));
#11944=DIRECTION('ref_axis',(0.,0.965925826289065,-0.258819045102533));
#11945=DIRECTION('center_axis',(0.,0.258819045102533,0.965925826289065));
#11946=DIRECTION('ref_axis',(0.,0.965925826289065,-0.258819045102533));
#11947=DIRECTION('center_axis',(2.63760175957427E-17,0.258819045102533,
0.965925826289065));
#11948=DIRECTION('ref_axis',(0.,0.965925826289065,-0.258819045102533));
#11949=DIRECTION('center_axis',(-2.63760175957427E-17,-0.258819045102533,
-0.965925826289065));
#11950=DIRECTION('ref_axis',(-1.,0.,2.73064627509498E-17));
#11951=DIRECTION('center_axis',(0.,0.258819045102533,0.965925826289065));
#11952=DIRECTION('ref_axis',(0.,0.965925826289065,-0.258819045102533));
#11953=DIRECTION('center_axis',(2.63760175957427E-17,0.258819045102533,
0.965925826289065));
#11954=DIRECTION('ref_axis',(0.,0.965925826289065,-0.258819045102533));
#11955=DIRECTION('',(0.,-0.258819045102533,-0.965925826289065));
#11956=DIRECTION('center_axis',(-8.78423932087388E-17,0.965925826289065,
-0.258819045102533));
#11957=DIRECTION('ref_axis',(-1.,-7.80226205556222E-17,4.82125609201897E-17));
#11958=DIRECTION('',(-8.78423932087388E-17,0.965925826289065,-0.258819045102533));
#11959=DIRECTION('',(-8.03912319696436E-17,0.965925826289065,-0.258819045102533));
#11960=DIRECTION('center_axis',(-1.,4.60625220907897E-16,-1.23424155955685E-16));
#11961=DIRECTION('ref_axis',(4.7687431930208E-16,0.965925826289065,-0.258819045102533));
#11962=DIRECTION('',(-4.7687431930208E-16,-0.965925826289065,0.258819045102533));
#11963=DIRECTION('',(0.,0.258819045102533,0.965925826289065));
#11964=DIRECTION('center_axis',(0.,0.258819045102533,0.965925826289065));
#11965=DIRECTION('ref_axis',(0.,0.965925826289065,-0.258819045102533));
#11966=DIRECTION('center_axis',(2.63760175957427E-17,0.258819045102533,
0.965925826289065));
#11967=DIRECTION('ref_axis',(0.,0.965925826289065,-0.258819045102533));
#11968=DIRECTION('center_axis',(-2.63760175957427E-17,-0.258819045102533,
-0.965925826289065));
#11969=DIRECTION('ref_axis',(-1.,0.,2.73064627509498E-17));
#11970=DIRECTION('center_axis',(-2.63760175957427E-17,-0.258819045102533,
-0.965925826289065));
#11971=DIRECTION('ref_axis',(-1.,0.,2.73064627509498E-17));
#11972=DIRECTION('',(-8.03912319696436E-17,0.965925826289065,-0.258819045102533));
#11973=DIRECTION('center_axis',(2.63760175957427E-17,0.258819045102533,
0.965925826289065));
#11974=DIRECTION('ref_axis',(0.,0.965925826289065,-0.258819045102533));
#11975=DIRECTION('',(-4.7687431930208E-16,-0.965925826289065,0.258819045102533));
#11976=DIRECTION('center_axis',(2.63760175957427E-17,0.258819045102533,
0.965925826289065));
#11977=DIRECTION('ref_axis',(0.,0.965925826289065,-0.258819045102533));
#11978=DIRECTION('center_axis',(0.,0.258819045102533,0.965925826289065));
#11979=DIRECTION('ref_axis',(0.,0.965925826289065,-0.258819045102533));
#11980=DIRECTION('',(0.,-0.258819045102533,-0.965925826289065));
#11981=DIRECTION('center_axis',(-1.,4.60625220907897E-16,-1.23424155955685E-16));
#11982=DIRECTION('ref_axis',(4.7687431930208E-16,0.965925826289065,-0.258819045102533));
#11983=DIRECTION('',(0.,0.258819045102533,0.965925826289065));
#11984=DIRECTION('',(-8.78423932087388E-17,0.965925826289065,-0.258819045102533));
#11985=DIRECTION('center_axis',(0.,0.258819045102533,0.965925826289065));
#11986=DIRECTION('ref_axis',(0.,0.965925826289065,-0.258819045102533));
#11987=DIRECTION('center_axis',(-8.78423932087388E-17,0.965925826289065,
-0.258819045102533));
#11988=DIRECTION('ref_axis',(-1.,-7.80226205556222E-17,4.82125609201897E-17));
#11989=DIRECTION('center_axis',(-8.78423932087388E-17,0.965925826289065,
-0.258819045102533));
#11990=DIRECTION('ref_axis',(-1.,-7.80226205556222E-17,4.82125609201897E-17));
#11991=DIRECTION('',(-8.78423932087388E-17,0.965925826289065,-0.258819045102533));
#11992=DIRECTION('center_axis',(-9.84366377686367E-17,-0.965925826289065,
0.258819045102533));
#11993=DIRECTION('ref_axis',(1.,-1.01909106361526E-16,-2.49395180678234E-31));
#11994=DIRECTION('',(-8.03912319696436E-17,0.965925826289065,-0.258819045102533));
#11995=DIRECTION('center_axis',(-1.,4.60625220907897E-16,-1.23424155955685E-16));
#11996=DIRECTION('ref_axis',(4.7687431930208E-16,0.965925826289065,-0.258819045102533));
#11997=DIRECTION('',(-4.7687431930208E-16,-0.965925826289065,0.258819045102533));
#11998=DIRECTION('',(0.,-0.258819045102533,-0.965925826289065));
#11999=DIRECTION('',(0.,-0.258819045102533,-0.965925826289065));
#12000=DIRECTION('center_axis',(0.,0.258819045102533,0.965925826289065));
#12001=DIRECTION('ref_axis',(0.,0.965925826289065,-0.258819045102533));
#12002=DIRECTION('center_axis',(2.63760175957427E-17,0.258819045102533,
0.965925826289065));
#12003=DIRECTION('ref_axis',(0.,0.965925826289065,-0.258819045102533));
#12004=DIRECTION('center_axis',(-2.63760175957427E-17,-0.258819045102533,
-0.965925826289065));
#12005=DIRECTION('ref_axis',(0.,0.965925826289065,-0.258819045102533));
#12006=DIRECTION('center_axis',(-2.63760175957427E-17,-0.258819045102533,
-0.965925826289065));
#12007=DIRECTION('ref_axis',(9.84366377686367E-17,0.965925826289065,-0.258819045102533));
#12008=DIRECTION('center_axis',(0.,0.258819045102533,0.965925826289065));
#12009=DIRECTION('ref_axis',(0.,-0.965925826289065,0.258819045102533));
#12010=DIRECTION('center_axis',(0.,-0.258819045102533,-0.965925826289065));
#12011=DIRECTION('ref_axis',(0.,-0.965925826289065,0.258819045102533));
#12012=DIRECTION('center_axis',(-2.63760175957427E-17,-0.258819045102533,
-0.965925826289065));
#12013=DIRECTION('ref_axis',(0.,-0.965925826289065,0.258819045102533));
#12014=DIRECTION('',(0.,0.258819045102533,0.965925826289065));
#12015=DIRECTION('center_axis',(0.,0.258819045102533,0.965925826289065));
#12016=DIRECTION('ref_axis',(0.,0.965925826289065,-0.258819045102533));
#12017=DIRECTION('center_axis',(2.63760175957427E-17,0.258819045102533,
0.965925826289065));
#12018=DIRECTION('ref_axis',(0.,0.965925826289065,-0.258819045102533));
#12019=DIRECTION('center_axis',(-2.63760175957427E-17,-0.258819045102533,
-0.965925826289065));
#12020=DIRECTION('ref_axis',(-1.,0.,2.73064627509498E-17));
#12021=DIRECTION('center_axis',(-2.63760175957427E-17,-0.258819045102533,
-0.965925826289065));
#12022=DIRECTION('ref_axis',(-1.,0.,2.73064627509498E-17));
#12023=DIRECTION('',(-9.84366377686367E-17,-0.965925826289065,0.258819045102533));
#12024=DIRECTION('center_axis',(2.63760175957427E-17,0.258819045102533,
0.965925826289065));
#12025=DIRECTION('ref_axis',(0.,0.965925826289065,-0.258819045102533));
#12026=DIRECTION('',(4.7687431930208E-16,0.965925826289065,-0.258819045102533));
#12027=DIRECTION('center_axis',(2.63760175957427E-17,0.258819045102533,
0.965925826289065));
#12028=DIRECTION('ref_axis',(0.,0.965925826289065,-0.258819045102532));
#12029=DIRECTION('center_axis',(0.,0.258819045102533,0.965925826289065));
#12030=DIRECTION('ref_axis',(0.,0.965925826289065,-0.258819045102532));
#12031=DIRECTION('',(0.,-0.258819045102532,-0.965925826289065));
#12032=DIRECTION('center_axis',(1.,-4.60625220907897E-16,1.23424155955685E-16));
#12033=DIRECTION('ref_axis',(-4.7687431930208E-16,-0.965925826289065,0.258819045102533));
#12034=DIRECTION('',(0.,0.258819045102533,0.965925826289065));
#12035=DIRECTION('',(9.84366377686367E-17,0.965925826289065,-0.258819045102533));
#12036=DIRECTION('center_axis',(0.,0.258819045102533,0.965925826289065));
#12037=DIRECTION('ref_axis',(0.,0.965925826289065,-0.258819045102533));
#12038=DIRECTION('center_axis',(-9.84366377686367E-17,-0.965925826289065,
0.258819045102533));
#12039=DIRECTION('ref_axis',(1.,-1.01909106361526E-16,-2.49395180678234E-31));
#12040=DIRECTION('',(4.2010039172026E-5,3.29324240686242E-9,0.999999999117578));
#12041=DIRECTION('',(0.99999998682703,0.00015678360061803,-4.20100391720504E-5));
#12042=DIRECTION('center_axis',(0.,0.,1.));
#12043=DIRECTION('ref_axis',(1.,0.,0.));
#12044=CARTESIAN_POINT('',(0.,0.,0.));
#12045=CARTESIAN_POINT('',(0.,0.,0.));
#12046=CARTESIAN_POINT('Origin',(-8.49976553039426,-22.9516889635091,-6.24408572080608));
#12047=CARTESIAN_POINT('',(-5.60082087316182,-34.677720745936,-5.17265733510314));
#12048=CARTESIAN_POINT('',(-3.29887766224755,-43.5778857424268,-2.78786531178957));
#12049=CARTESIAN_POINT('',(-8.49976553039426,-23.4693270537142,-8.17593737338421));
#12050=CARTESIAN_POINT('',(-4.42982466719299,-44.8161471003559,-1.81351933963433));
#12051=CARTESIAN_POINT('Origin',(-3.29887766224756,-43.0602476522217,-0.856013659211444));
#12052=CARTESIAN_POINT('',(-4.67033364325111,-45.7280942641961,-0.141166314002749));
#12053=CARTESIAN_POINT('Origin',(-2.60886445478269,-45.7280942641961,-0.141166314002752));
#12054=CARTESIAN_POINT('',(-5.36034685071597,-43.0602476522217,-0.85601365921144));
#12055=CARTESIAN_POINT('',(-10.4401292391392,-23.419927600504,-6.11862155615826));
#12056=CARTESIAN_POINT('',(-7.16269829405476,-36.0916894569883,-2.72323320003362));
#12057=CARTESIAN_POINT('',(-3.30207700364165,-51.0182811777263,1.27633499728741));
#12058=CARTESIAN_POINT('Origin',(-5.60082087316182,-34.1600826557309,-3.24080568252501));
#12059=CARTESIAN_POINT('Origin',(31.5,-43.0602476522217,-0.856013659211443));
#12060=CARTESIAN_POINT('',(-17.5676126272242,-44.8161471003559,-1.81351933963433));
#12061=CARTESIAN_POINT('',(-31.9482479194322,-44.8161471003559,-1.81351933963433));
#12062=CARTESIAN_POINT('',(31.5,-44.8161471003559,-1.81351933963433));
#12063=CARTESIAN_POINT('',(-30.5,-43.5778857424268,-2.78786531178957));
#12064=CARTESIAN_POINT('Origin',(-30.5,-43.0602476522217,-0.856013659211443));
#12065=CARTESIAN_POINT('',(-18.6981812584886,-43.5778857424268,-2.78786531178957));
#12066=CARTESIAN_POINT('',(31.5,-43.5778857424268,-2.78786531178957));
#12067=CARTESIAN_POINT('Origin',(-18.6981812584886,-43.0602476522217,-0.856013659211443));
#12068=CARTESIAN_POINT('Origin',(31.5,-43.0602476522217,-0.856013659211443));
#12069=CARTESIAN_POINT('',(31.5,-43.5778857424268,-2.78786531178957));
#12070=CARTESIAN_POINT('',(31.5,-43.5778857424268,-2.78786531178957));
#12071=CARTESIAN_POINT('',(32.9482479194322,-44.8161471003559,-1.81351933963433));
#12072=CARTESIAN_POINT('Origin',(31.5,-43.0602476522217,-0.856013659211443));
#12073=CARTESIAN_POINT('',(31.5,-44.8161471003559,-1.81351933963433));
#12074=CARTESIAN_POINT('Origin',(31.5,14.7534977296778,-16.3471600457107));
#12075=CARTESIAN_POINT('',(-31.9483504114053,15.7955252718461,-18.0542565870237));
#12076=CARTESIAN_POINT('',(32.9483504114053,15.7955252718461,-18.0542565870237));
#12077=CARTESIAN_POINT('',(31.5,15.7955252718461,-18.0542565870237));
#12078=CARTESIAN_POINT('',(31.5,14.2358596394728,-18.2790116982889));
#12079=CARTESIAN_POINT('Origin',(31.5,14.7534977296778,-16.3471600457107));
#12080=CARTESIAN_POINT('',(-30.5,14.2358596394728,-18.2790116982889));
#12081=CARTESIAN_POINT('',(31.5,14.2358596394728,-18.2790116982889));
#12082=CARTESIAN_POINT('Origin',(-30.5,14.7534977296778,-16.3471600457107));
#12083=CARTESIAN_POINT('Origin',(31.5,1.04208473024577,-12.6731980054231));
#12084=CARTESIAN_POINT('',(31.5,0.524446640040709,-14.6050496580013));
#12085=CARTESIAN_POINT('',(33.5,17.4211555524884,-17.0619568050154));
#12086=CARTESIAN_POINT('Origin',(31.5,17.4211555524884,-17.0619568050154));
#12087=CARTESIAN_POINT('',(33.5,-45.7280942641961,-0.141166314002756));
#12088=CARTESIAN_POINT('',(33.5,1.04208473024577,-12.6731980054231));
#12089=CARTESIAN_POINT('Origin',(31.5,-45.7280942641961,-0.141166314002754));
#12090=CARTESIAN_POINT('Origin',(-30.5,1.04208473024578,-12.6731980054231));
#12091=CARTESIAN_POINT('',(-32.5,-45.7280942641961,-0.141166314002756));
#12092=CARTESIAN_POINT('',(-32.5,17.4211555524884,-17.0619568050154));
#12093=CARTESIAN_POINT('',(-32.5,1.04208473024578,-12.6731980054231));
#12094=CARTESIAN_POINT('Origin',(-30.5,17.4211555524884,-17.0619568050154));
#12095=CARTESIAN_POINT('',(-30.5,0.524446640040713,-14.6050496580013));
#12096=CARTESIAN_POINT('Origin',(-30.5,-45.7280942641961,-0.141166314002754));
#12097=CARTESIAN_POINT('Origin',(-9.10980860557672,-6.03916005372407,-10.7757841841512));
#12098=CARTESIAN_POINT('',(-16.6365447602366,-43.0602476522217,-0.85601365921144));
#12099=CARTESIAN_POINT('',(-14.8313935474806,-36.0904871313186,-2.72355536222586));
#12100=CARTESIAN_POINT('',(-14.3163494541685,-34.1018814329569,-3.25640065316583));
#12101=CARTESIAN_POINT('',(-17.3275106166113,-45.7280942641961,-0.141166314002752));
#12102=CARTESIAN_POINT('',(-7.16960236485897,-6.50800710045605,-10.6501569966057));
#12103=CARTESIAN_POINT('Origin',(-19.3891471148633,-45.7280942641961,-0.14116631400275));
#12104=CARTESIAN_POINT('',(-16.3926217110647,-34.6760287685212,-5.17311069908506));
#12105=CARTESIAN_POINT('',(-9.10980860557672,-6.55679814392913,-12.7076358367294));
#12106=CARTESIAN_POINT('Origin',(-16.3926217110647,-34.1583906783161,-3.24125904650693));
#12107=CARTESIAN_POINT('Origin',(12.1646333872954,-34.1628679876532,-3.24005935508578));
#12108=CARTESIAN_POINT('',(12.1646333872954,-34.6805060778583,-5.17191100766392));
#12109=CARTESIAN_POINT('',(12.1692358424678,-36.0947203872691,-2.72242106471256));
#12110=CARTESIAN_POINT('Origin',(31.5,23.9321336539167,-13.0875954587471));
#12111=CARTESIAN_POINT('',(-32.5,21.3106967449868,-14.6877448311197));
#12112=CARTESIAN_POINT('',(-32.5,23.66799443741,-13.2488284833041));
#12113=CARTESIAN_POINT('',(-33.0516495885947,22.9363270256291,-13.6954450491114));
#12114=CARTESIAN_POINT('Origin',(-34.5,21.3106967449868,-14.6877448311197));
#12115=CARTESIAN_POINT('',(34.0516495885947,22.9363270256291,-13.6954450491114));
#12116=CARTESIAN_POINT('',(36.75,22.9363270256291,-13.6954450491114));
#12117=CARTESIAN_POINT('',(33.5,21.3106967449868,-14.6877448311197));
#12118=CARTESIAN_POINT('Origin',(35.5,21.3106967449868,-14.6877448311197));
#12119=CARTESIAN_POINT('',(33.5,15.0638578600652,-18.500873152831));
#12120=CARTESIAN_POINT('Origin',(-32.5,-12.7820911344261,-6.10807982504831));
#12121=CARTESIAN_POINT('',(-32.5,-47.9098814451053,3.85985319453175));
#12122=CARTESIAN_POINT('',(-32.5,-44.4057990030391,-2.56602662220547));
#12123=CARTESIAN_POINT('',(-32.5,28.7121362452585,-16.6709545680455));
#12124=CARTESIAN_POINT('Origin',(31.5,-44.4057990030391,-2.56602662220547));
#12125=CARTESIAN_POINT('',(-18.4424529360805,-48.8218286089455,5.53220622016332));
#12126=CARTESIAN_POINT('',(-15.6564940375432,-41.0913688560426,-8.64411700326722));
#12127=CARTESIAN_POINT('',(-33.0517520805678,-48.8218286089455,5.53220622016332));
#12128=CARTESIAN_POINT('',(36.75,-48.8218286089455,5.53220622016332));
#12129=CARTESIAN_POINT('Origin',(-34.5,-47.9098814451053,3.85985319453175));
#12130=CARTESIAN_POINT('Origin',(-14.8313935474806,-36.6081252215236,-4.655407014804));
#12131=CARTESIAN_POINT('',(-18.3759096026636,-47.8866253554449,7.99472646572849));
#12132=CARTESIAN_POINT('',(-16.2210020772087,-41.9072026491363,-2.97049833119515));
#12133=CARTESIAN_POINT('',(-18.5903371460446,-48.7145386160572,8.21656515531259));
#12134=CARTESIAN_POINT('',(-0.324187223436097,21.8117916436266,-10.6809080829013));
#12135=CARTESIAN_POINT('',(-18.5903371460446,-49.2321767062623,6.28471350273445));
#12136=CARTESIAN_POINT('',(-18.5903371460446,-51.1215557355108,-0.766545029175734));
#12137=CARTESIAN_POINT('',(-18.8047646894256,-50.0600899668746,6.50655219231857));
#12138=CARTESIAN_POINT('',(-0.3241872234361,21.2941535534216,-12.6127597354794));
#12139=CARTESIAN_POINT('Origin',(-18.8047646894256,-50.5777280570797,4.57470053974044));
#12140=CARTESIAN_POINT('Origin',(31.5,15.0638578600652,-18.500873152831));
#12141=CARTESIAN_POINT('',(3.75428723048638,-28.6760610020503,-6.78079721672378));
#12142=CARTESIAN_POINT('Origin',(0.00428723048637798,-28.6760610020503,
-6.78079721672377));
#12143=CARTESIAN_POINT('Origin',(36.75,-50.5777280570797,4.57470053974044));
#12144=CARTESIAN_POINT('',(-34.5,-50.0600899668746,6.50655219231857));
#12145=CARTESIAN_POINT('',(36.75,-50.0600899668746,6.50655219231856));
#12146=CARTESIAN_POINT('Origin',(-34.5,-50.5777280570797,4.57470053974044));
#12147=CARTESIAN_POINT('Origin',(36.75,-50.5777280570797,4.57470053974044));
#12148=CARTESIAN_POINT('',(35.5,-50.0600899668746,6.50655219231856));
#12149=CARTESIAN_POINT('',(-3.19511629116476,-50.0600899668746,6.50655219231857));
#12150=CARTESIAN_POINT('',(36.75,-50.0600899668746,6.50655219231856));
#12151=CARTESIAN_POINT('',(-3.55692851780583,-48.8218286089455,5.53220622016332));
#12152=CARTESIAN_POINT('Origin',(-3.19511629116476,-50.5777280570797,4.57470053974044));
#12153=CARTESIAN_POINT('',(34.0517520805678,-48.8218286089455,5.53220622016332));
#12154=CARTESIAN_POINT('',(36.75,-48.8218286089455,5.53220622016332));
#12155=CARTESIAN_POINT('Origin',(35.5,-50.5777280570797,4.57470053974044));
#12156=CARTESIAN_POINT('Origin',(36.75,23.9783545677973,-15.4025415904244));
#12157=CARTESIAN_POINT('',(-34.5,24.4959926580024,-13.4706899378463));
#12158=CARTESIAN_POINT('',(35.5,24.4959926580024,-13.4706899378463));
#12159=CARTESIAN_POINT('',(36.75,24.4959926580024,-13.4706899378463));
#12160=CARTESIAN_POINT('Origin',(35.5,23.9783545677973,-15.4025415904244));
#12161=CARTESIAN_POINT('Origin',(-34.5,23.9783545677973,-15.4025415904244));
#12162=CARTESIAN_POINT('Origin',(35.5,28.7121362452585,-16.6709545680455));
#12163=CARTESIAN_POINT('',(33.5,-47.9098814451053,3.85985319453174));
#12164=CARTESIAN_POINT('',(33.5,28.7121362452585,-16.6709545680455));
#12165=CARTESIAN_POINT('',(35.5,29.2297743354636,-14.7391029154673));
#12166=CARTESIAN_POINT('Origin',(35.5,-47.9098814451053,3.85985319453175));
#12167=CARTESIAN_POINT('Origin',(-34.5,28.7121362452585,-16.6709545680455));
#12168=CARTESIAN_POINT('',(-34.5,29.2297743354636,-14.7391029154673));
#12169=CARTESIAN_POINT('Origin',(-18.5903371460446,-51.1215557355108,-0.766545029175733));
#12170=CARTESIAN_POINT('',(-3.40924819885904,-49.2321767062623,6.28471350273445));
#12171=CARTESIAN_POINT('',(36.75,-49.2321767062623,6.28471350273446));
#12172=CARTESIAN_POINT('',(-3.40924819885904,-48.7145386160572,8.21656515531259));
#12173=CARTESIAN_POINT('',(11.7048314269777,-48.7145386160572,8.21656515531258));
#12174=CARTESIAN_POINT('',(-3.40924819885905,-51.1215557355108,-0.766545029175734));
#12175=CARTESIAN_POINT('Origin',(-3.40924819885905,-51.1215557355108,-0.766545029175738));
#12176=CARTESIAN_POINT('',(-4.19172478091407,-47.0579683965084,2.29759233021085));
#12177=CARTESIAN_POINT('',(-16.6599450373755,1.99992477309409,-7.44288671520909));
#12178=CARTESIAN_POINT('',(-3.62338010655332,-47.8866253554449,7.99472646572849));
#12179=CARTESIAN_POINT('',(-16.6599450373755,2.51756286329916,-5.51103506263096));
#12180=CARTESIAN_POINT('',(-3.62795013107895,-47.8739269750368,7.97143983714053));
#12181=CARTESIAN_POINT('Origin',(0.00428723048637798,-28.6760610020503,
-6.78079721672378));
#12182=CARTESIAN_POINT('',(3.75428723048638,-28.1584229118452,-4.84894556414563));
#12183=CARTESIAN_POINT('',(3.75428723048638,-28.6760610020503,-6.78079721672378));
#12184=CARTESIAN_POINT('Origin',(0.00428723048637866,-28.1584229118452,
-4.84894556414563));
#12185=CARTESIAN_POINT('Origin',(31.5,-44.4057990030391,-2.56602662220547));
#12186=CARTESIAN_POINT('',(33.5,-49.2321767062623,6.28471350273442));
#12187=CARTESIAN_POINT('Origin',(42.,71.1027723118675,-23.8883865470952));
#12188=CARTESIAN_POINT('',(-42.,88.0660229050811,-28.4336758445537));
#12189=CARTESIAN_POINT('',(42.,88.0660229050811,-28.4336758445537));
#12190=CARTESIAN_POINT('',(42.,88.0660229050811,-28.4336758445537));
#12191=CARTESIAN_POINT('',(-59.5616492814811,71.1027723118676,-23.8883865470952));
#12192=CARTESIAN_POINT('Origin',(-42.,71.1027723118676,-23.8883865470952));
#12193=CARTESIAN_POINT('',(-59.5616492814812,-72.8201758052033,14.6756511731823));
#12194=CARTESIAN_POINT('',(-59.5616492814811,71.1027723118676,-23.8883865470952));
#12195=CARTESIAN_POINT('',(-42.,-89.7834263984169,19.2209404706408));
#12196=CARTESIAN_POINT('Origin',(-42.,-72.8201758052033,14.6756511731823));
#12197=CARTESIAN_POINT('',(42.,-89.7834263984169,19.2209404706408));
#12198=CARTESIAN_POINT('',(-5.27421502588259E-14,-89.7834263984168,19.2209404706408));
#12199=CARTESIAN_POINT('',(59.5616492814813,-72.8201758052033,14.6756511731822));
#12200=CARTESIAN_POINT('Origin',(42.,-72.8201758052033,14.6756511731822));
#12201=CARTESIAN_POINT('',(59.5616492814813,71.1027723118676,-23.8883865470952));
#12202=CARTESIAN_POINT('',(59.5616492814812,-0.858701746667932,-4.60636768695646));
#12203=CARTESIAN_POINT('Origin',(42.,71.1027723118676,-23.8883865470952));
#12204=CARTESIAN_POINT('',(-30.5,-47.8866253554449,7.99472646572849));
#12205=CARTESIAN_POINT('',(31.5,-47.8866253554449,7.99472646572849));
#12206=CARTESIAN_POINT('',(-30.5,22.9927704476516,-10.9973503997181));
#12207=CARTESIAN_POINT('',(-30.5,10.2172575256427,-7.57416202937224));
#12208=CARTESIAN_POINT('',(31.5,22.9927704476516,-10.9973503997181));
#12209=CARTESIAN_POINT('',(5.75000000000004,22.9927704476516,-10.9973503997181));
#12210=CARTESIAN_POINT('',(31.5,-47.8866253554449,7.99472646572849));
#12211=CARTESIAN_POINT('',(31.5,47.0477713797596,-17.4428684734066));
#12212=CARTESIAN_POINT('',(31.5,-47.8866253554449,7.99472646572849));
#12213=CARTESIAN_POINT('Origin',(31.5,-47.8866253554449,7.99472646572847));
#12214=CARTESIAN_POINT('',(-30.5,-43.0602476522217,-0.85601365921144));
#12215=CARTESIAN_POINT('',(31.5,-43.0602476522217,-0.85601365921144));
#12216=CARTESIAN_POINT('',(-30.5,-41.2545416379341,-4.16736549639315));
#12217=CARTESIAN_POINT('Origin',(31.5,-47.8866253554449,7.99472646572847));
#12218=CARTESIAN_POINT('',(31.5,-43.0602476522217,-0.85601365921144));
#12219=CARTESIAN_POINT('',(31.5,-35.772311195249,-14.2208258629192));
#12220=CARTESIAN_POINT('',(31.5,-43.0602476522217,-0.85601365921144));
#12221=CARTESIAN_POINT('Origin',(42.,70.5851342216624,-25.8202381996733));
#12222=CARTESIAN_POINT('',(-30.1961524227066,82.9119408486885,-29.1231960806397));
#12223=CARTESIAN_POINT('',(-29.3301270189221,82.428977935544,-28.9937865580884));
#12224=CARTESIAN_POINT('Origin',(-30.1961524227066,81.9460150223994,-28.8643770355372));
#12225=CARTESIAN_POINT('',(-27.,80.4173642865842,-28.4547763053662));
#12226=CARTESIAN_POINT('Origin',(-25.,84.8437925012666,-29.6408341708448));
#12227=CARTESIAN_POINT('',(-27.,78.0000000000006,-27.8070454969643));
#12228=CARTESIAN_POINT('',(-27.,74.4689833876915,-26.8609124472351));
#12229=CARTESIAN_POINT('',(27.,78.0000000000006,-27.8070454969643));
#12230=CARTESIAN_POINT('',(7.50000000000004,78.0000000000006,-27.8070454969643));
#12231=CARTESIAN_POINT('',(27.,80.4173642865842,-28.4547763053662));
#12232=CARTESIAN_POINT('',(27.,74.3043847605606,-26.8168083780201));
#12233=CARTESIAN_POINT('',(29.3301270189222,82.428977935544,-28.9937865580884));
#12234=CARTESIAN_POINT('Origin',(25.,84.8437925012666,-29.6408341708448));
#12235=CARTESIAN_POINT('',(30.1961524227067,82.9119408486885,-29.1231960806397));
#12236=CARTESIAN_POINT('Origin',(30.1961524227067,81.9460150223995,-28.8643770355372));
#12237=CARTESIAN_POINT('',(42.,82.9119408486885,-29.1231960806397));
#12238=CARTESIAN_POINT('',(35.791287847478,82.9119408486885,-29.1231960806397));
#12239=CARTESIAN_POINT('',(45.6788143072554,82.3886536635466,-28.9829817019714));
#12240=CARTESIAN_POINT('Origin',(42.,70.5851342216625,-25.8202381996733));
#12241=CARTESIAN_POINT('',(46.3903141467408,81.4844070716779,-28.7406895579216));
#12242=CARTESIAN_POINT('Origin',(45.3905432361648,81.4637325047264,-28.735149824403));
#12243=CARTESIAN_POINT('',(52.2382835881732,76.8283031459477,-27.4930902711467));
#12244=CARTESIAN_POINT('Origin',(51.3891686996206,81.5877799064356,-28.7683882255142));
#12245=CARTESIAN_POINT('',(53.2930255357319,76.3262829300284,-27.358574359707));
#12246=CARTESIAN_POINT('Origin',(52.4081065658837,75.8764077938501,-27.2380306802732));
#12247=CARTESIAN_POINT('',(54.7616492814812,70.5851342216625,-25.8202381996733));
#12248=CARTESIAN_POINT('Origin',(42.,70.5851342216625,-25.8202381996733));
#12249=CARTESIAN_POINT('',(54.7616492814812,62.4587320716358,-23.642775306203));
#12250=CARTESIAN_POINT('',(54.7616492814812,70.5851342216625,-25.8202381996733));
#12251=CARTESIAN_POINT('',(54.2616492814812,61.622215767898,-23.418631438161));
#12252=CARTESIAN_POINT('Origin',(53.7616492814812,62.4587320716358,-23.642775306203));
#12253=CARTESIAN_POINT('',(54.2616492814812,53.2570527305199,-21.1771927577407));
#12254=CARTESIAN_POINT('Origin',(56.7616492814812,57.4396342492089,-22.2979120979509));
#12255=CARTESIAN_POINT('',(54.7616492814812,52.4205364267821,-20.9530488896987));
#12256=CARTESIAN_POINT('Origin',(53.7616492814812,52.4205364267821,-20.9530488896987));
#12257=CARTESIAN_POINT('',(54.7616492814812,28.6513281515185,-14.5841087276144));
#12258=CARTESIAN_POINT('',(54.7616492814812,61.7991701280945,-23.4660462160728));
#12259=CARTESIAN_POINT('',(54.2616492814812,27.8148118477807,-14.3599648595724));
#12260=CARTESIAN_POINT('Origin',(53.7616492814812,28.6513281515185,-14.5841087276144));
#12261=CARTESIAN_POINT('',(54.2616492814812,19.4496488104026,-12.1185261791521));
#12262=CARTESIAN_POINT('Origin',(56.7616492814812,23.6322303290916,-13.2392455193622));
#12263=CARTESIAN_POINT('',(54.7616492814812,18.6131325066648,-11.8943823111101));
#12264=CARTESIAN_POINT('Origin',(53.7616492814812,18.6131325066648,-11.8943823111101));
#12265=CARTESIAN_POINT('',(54.7616492814812,-19.6464216113263,-1.64276568241901));
#12266=CARTESIAN_POINT('',(54.7616492814812,44.8954681680358,-18.9367129267785));
#12267=CARTESIAN_POINT('',(54.2616492814812,-20.4829379150641,-1.41862181437701));
#12268=CARTESIAN_POINT('Origin',(53.7616492814812,-19.6464216113263,-1.64276568241903));
#12269=CARTESIAN_POINT('',(54.2616492814812,-28.8481009524421,0.822816866043219));
#12270=CARTESIAN_POINT('Origin',(56.7616492814812,-24.6655194337531,-0.297902474166896));
#12271=CARTESIAN_POINT('',(54.7616492814812,-29.6846172561799,1.04696073408527));
#12272=CARTESIAN_POINT('Origin',(53.7616492814812,-29.6846172561799,1.04696073408524));
#12273=CARTESIAN_POINT('',(54.7616492814812,-48.6241963999982,6.12180567065697));
#12274=CARTESIAN_POINT('',(54.7616492814812,20.7465932866135,-12.4660414041808));
#12275=CARTESIAN_POINT('',(54.2616492814812,-49.460712703736,6.34594953869896));
#12276=CARTESIAN_POINT('Origin',(53.7616492814812,-48.6241963999982,6.12180567065694));
#12277=CARTESIAN_POINT('',(54.2616492814812,-57.8258757411141,8.5873882191192));
#12278=CARTESIAN_POINT('Origin',(56.7616492814812,-53.6432942224251,7.46666887890908));
#12279=CARTESIAN_POINT('',(54.7616492814812,-58.6623920448519,8.81153208716126));
#12280=CARTESIAN_POINT('Origin',(53.7616492814812,-58.6623920448519,8.81153208716123));
#12281=CARTESIAN_POINT('',(54.7616492814812,-73.3378138954084,12.7437995206041));
#12282=CARTESIAN_POINT('',(54.7616492814812,6.25770589227746,-8.58375572764282));
#12283=CARTESIAN_POINT('',(54.1454123613957,-77.1220557346805,13.7577840654012));
#12284=CARTESIAN_POINT('Origin',(42.,-73.3378138954084,12.7437995206041));
#12285=CARTESIAN_POINT('',(53.1954951208858,-77.7914476565362,13.9371470902823));
#12286=CARTESIAN_POINT('Origin',(53.1937005494264,-76.8255233856241,13.6783284619418));
#12287=CARTESIAN_POINT('',(48.2613916526081,-83.3477614269926,15.4259568779701));
#12288=CARTESIAN_POINT('Origin',(53.2044679781828,-82.621069011097,15.2312402319851));
#12289=CARTESIAN_POINT('',(47.7210788543756,-84.3565235484494,15.6962538737696));
#12290=CARTESIAN_POINT('Origin',(47.2727763874932,-83.4930999101717,15.4649002071671));
#12291=CARTESIAN_POINT('',(42.,-85.6646205224343,16.0467574015705));
#12292=CARTESIAN_POINT('Origin',(42.,-73.3378138954084,12.7437995206041));
#12293=CARTESIAN_POINT('',(25.1961524227067,-85.6646205224344,16.0467574015705));
#12294=CARTESIAN_POINT('',(42.,-85.6646205224345,16.0467574015705));
#12295=CARTESIAN_POINT('',(24.3301270189222,-85.1816576092899,15.9173478790192));
#12296=CARTESIAN_POINT('Origin',(25.1961524227067,-84.6986946961454,15.787938356468));
#12297=CARTESIAN_POINT('',(15.6698729810778,-85.1816576092899,15.9173478790192));
#12298=CARTESIAN_POINT('Origin',(20.,-87.5964721750126,16.5643954917755));
#12299=CARTESIAN_POINT('',(14.8038475772934,-85.6646205224345,16.0467574015705));
#12300=CARTESIAN_POINT('Origin',(14.8038475772934,-84.6986946961454,15.787938356468));
#12301=CARTESIAN_POINT('',(-14.8038475772933,-85.6646205224344,16.0467574015705));
#12302=CARTESIAN_POINT('',(28.708712152522,-85.6646205224345,16.0467574015705));
#12303=CARTESIAN_POINT('',(-15.6698729810778,-85.1816576092899,15.9173478790192));
#12304=CARTESIAN_POINT('Origin',(-14.8038475772933,-84.6986946961454,15.7879383564679));
#12305=CARTESIAN_POINT('',(-24.3301270189222,-85.1816576092899,15.9173478790192));
#12306=CARTESIAN_POINT('Origin',(-20.,-87.5964721750126,16.5643954917755));
#12307=CARTESIAN_POINT('',(-25.1961524227066,-85.6646205224344,16.0467574015705));
#12308=CARTESIAN_POINT('Origin',(-25.1961524227066,-84.6986946961454,15.7879383564679));
#12309=CARTESIAN_POINT('',(-42.,-85.6646205224344,16.0467574015705));
#12310=CARTESIAN_POINT('',(8.70871215252205,-85.6646205224345,16.0467574015705));
#12311=CARTESIAN_POINT('',(-47.7210788543755,-84.3565235484495,15.6962538737696));
#12312=CARTESIAN_POINT('Origin',(-41.9999999999999,-73.3378138954084,12.7437995206041));
#12313=CARTESIAN_POINT('',(-48.2613916526081,-83.3477614269926,15.4259568779701));
#12314=CARTESIAN_POINT('Origin',(-47.2727763874932,-83.4930999101717,15.4649002071671));
#12315=CARTESIAN_POINT('',(-53.8816609588744,-77.8359413282071,13.9490691336749));
#12316=CARTESIAN_POINT('Origin',(-53.2044679781827,-82.621069011097,15.2312402319851));
#12317=CARTESIAN_POINT('',(-54.7616492814812,-73.3378138954084,12.7437995206041));
#12318=CARTESIAN_POINT('Origin',(-41.9999999999999,-73.3378138954084,12.7437995206041));
#12319=CARTESIAN_POINT('',(-54.7616492814812,-58.6623920448519,8.81153208716126));
#12320=CARTESIAN_POINT('',(-54.7616492814811,-1.37633983687298,-6.53821933953459));
#12321=CARTESIAN_POINT('',(-54.2616492814812,-57.8258757411141,8.5873882191192));
#12322=CARTESIAN_POINT('Origin',(-53.7616492814812,-58.6623920448519,8.81153208716123));
#12323=CARTESIAN_POINT('',(-54.2616492814812,-49.460712703736,6.34594953869895));
#12324=CARTESIAN_POINT('Origin',(-56.7616492814811,-53.6432942224251,7.46666887890908));
#12325=CARTESIAN_POINT('',(-54.7616492814812,-48.6241963999982,6.12180567065696));
#12326=CARTESIAN_POINT('Origin',(-53.7616492814812,-48.6241963999982,6.12180567065693));
#12327=CARTESIAN_POINT('',(-54.7616492814812,-29.6846172561799,1.04696073408527));
#12328=CARTESIAN_POINT('',(-54.7616492814811,10.6841341069599,-9.76981359312138));
#12329=CARTESIAN_POINT('',(-54.2616492814812,-28.8481009524421,0.82281686604322));
#12330=CARTESIAN_POINT('Origin',(-53.7616492814812,-29.6846172561799,1.04696073408524));
#12331=CARTESIAN_POINT('',(-54.2616492814811,-20.4829379150641,-1.41862181437702));
#12332=CARTESIAN_POINT('Origin',(-56.7616492814811,-24.6655194337531,-0.2979024741669));
#12333=CARTESIAN_POINT('',(-54.7616492814811,-19.6464216113263,-1.64276568241902));
#12334=CARTESIAN_POINT('Origin',(-53.7616492814811,-19.6464216113263,-1.64276568241904));
#12335=CARTESIAN_POINT('',(-54.7616492814811,18.6131325066648,-11.8943823111101));
#12336=CARTESIAN_POINT('',(-54.7616492814811,25.1730215012959,-13.6520992696594));
#12337=CARTESIAN_POINT('',(-54.2616492814811,19.4496488104026,-12.1185261791521));
#12338=CARTESIAN_POINT('Origin',(-53.7616492814811,18.6131325066648,-11.8943823111101));
#12339=CARTESIAN_POINT('',(-54.2616492814811,27.8148118477807,-14.3599648595724));
#12340=CARTESIAN_POINT('Origin',(-56.7616492814812,23.6322303290916,-13.2392455193622));
#12341=CARTESIAN_POINT('',(-54.7616492814811,28.6513281515185,-14.5841087276144));
#12342=CARTESIAN_POINT('Origin',(-53.7616492814811,28.6513281515185,-14.5841087276144));
#12343=CARTESIAN_POINT('',(-54.7616492814811,52.4205364267821,-20.9530488896987));
#12344=CARTESIAN_POINT('',(-54.7616492814811,49.3218963827183,-20.122770792257));
#12345=CARTESIAN_POINT('',(-54.2616492814811,53.2570527305199,-21.1771927577408));
#12346=CARTESIAN_POINT('Origin',(-53.7616492814811,52.4205364267821,-20.9530488896987));
#12347=CARTESIAN_POINT('',(-54.2616492814811,61.622215767898,-23.418631438161));
#12348=CARTESIAN_POINT('Origin',(-56.7616492814811,57.4396342492089,-22.2979120979509));
#12349=CARTESIAN_POINT('',(-54.7616492814811,62.4587320716358,-23.642775306203));
#12350=CARTESIAN_POINT('Origin',(-53.7616492814811,62.4587320716358,-23.642775306203));
#12351=CARTESIAN_POINT('',(-54.7616492814811,70.5851342216625,-25.8202381996733));
#12352=CARTESIAN_POINT('',(-54.7616492814811,66.2255983427769,-24.6521040815514));
#12353=CARTESIAN_POINT('',(-53.2930255357318,76.3262829300284,-27.358574359707));
#12354=CARTESIAN_POINT('Origin',(-42.,70.5851342216626,-25.8202381996733));
#12355=CARTESIAN_POINT('',(-52.2382835881731,76.8283031459477,-27.4930902711467));
#12356=CARTESIAN_POINT('Origin',(-52.4081065658836,75.8764077938501,-27.2380306802732));
#12357=CARTESIAN_POINT('',(-46.3903141467407,81.4844070716779,-28.7406895579216));
#12358=CARTESIAN_POINT('Origin',(-51.3891686996205,81.5877799064356,-28.7683882255142));
#12359=CARTESIAN_POINT('',(-45.6788143072553,82.3886536635465,-28.9829817019714));
#12360=CARTESIAN_POINT('Origin',(-45.3905432361647,81.4637325047264,-28.735149824403));
#12361=CARTESIAN_POINT('',(-42.,82.9119408486885,-29.1231960806397));
#12362=CARTESIAN_POINT('Origin',(-42.,70.5851342216626,-25.8202381996733));
#12363=CARTESIAN_POINT('',(4.0825078145866E-14,82.9119408486885,-29.1231960806397));
#12364=CARTESIAN_POINT('',(-38.2253882119304,38.5740126873898,-17.24288403575));
#12365=CARTESIAN_POINT('Origin',(-44.2253882119304,38.5740126873898,-17.24288403575));
#12366=CARTESIAN_POINT('',(-43.2187921386241,-72.1416589543874,12.423290770135));
#12367=CARTESIAN_POINT('Origin',(-48.2187921386241,-72.1416589543874,12.423290770135));
#12368=CARTESIAN_POINT('',(51.7616492814812,4.16648132244875,-8.02341379296506));
#12369=CARTESIAN_POINT('Origin',(46.7616492814812,4.16648132244875,-8.02341379296506));
#12370=CARTESIAN_POINT('',(46.7531059640097,71.9842724331729,-26.1951361535471));
#12371=CARTESIAN_POINT('Origin',(41.7531059640097,71.9842724331729,-26.1951361535471));
#12372=CARTESIAN_POINT('',(-36.7531059640096,71.984272433173,-26.1951361535471));
#12373=CARTESIAN_POINT('Origin',(-41.7531059640096,71.984272433173,-26.1951361535471));
#12374=CARTESIAN_POINT('',(-42.2187921386241,4.16648132244876,-8.02341379296506));
#12375=CARTESIAN_POINT('Origin',(-47.2187921386241,4.16648132244876,-8.02341379296506));
#12376=CARTESIAN_POINT('',(52.7616492814812,-72.1416589543874,12.423290770135));
#12377=CARTESIAN_POINT('Origin',(47.7616492814812,-72.1416589543874,12.423290770135));
#12378=CARTESIAN_POINT('',(50.2253882119304,38.5740126873898,-17.24288403575));
#12379=CARTESIAN_POINT('Origin',(44.2253882119304,38.5740126873898,-17.24288403575));
#12380=CARTESIAN_POINT('Origin',(33.5,-12.7820911344261,-6.1080798250483));
#12381=CARTESIAN_POINT('Origin',(31.5,14.7534977296778,-16.3471600457107));
#12382=CARTESIAN_POINT('',(-30.5,14.7534977296778,-16.3471600457107));
#12383=CARTESIAN_POINT('',(-30.5,22.8901061117484,-11.3804989174341));
#12384=CARTESIAN_POINT('',(-30.5,-3.4995626519859,-27.4889971862891));
#12385=CARTESIAN_POINT('',(31.5,14.7534977296778,-16.3471600457107));
#12386=CARTESIAN_POINT('',(31.5,14.7534977296778,-16.3471600457107));
#12387=CARTESIAN_POINT('',(31.5,22.8901061117484,-11.3804989174341));
#12388=CARTESIAN_POINT('',(31.5,22.8901061117484,-11.3804989174341));
#12389=CARTESIAN_POINT('',(0.499999999999994,22.8901061117484,-11.3804989174341));
#12390=CARTESIAN_POINT('Origin',(31.5,-43.0602476522217,-0.856013659211443));
#12391=CARTESIAN_POINT('',(31.5,14.7534977296778,-16.3471600457107));
#12392=CARTESIAN_POINT('',(-30.5,-28.8263461494004,-4.66997607203674));
#12393=CARTESIAN_POINT('Origin',(31.5,22.9927704476516,-10.9973503997181));
#12394=CARTESIAN_POINT('',(31.5,22.9927704476516,-10.9973503997181));
#12395=CARTESIAN_POINT('Origin',(-30.5,22.9927704476516,-10.9973503997181));
#12396=CARTESIAN_POINT('',(-30.5,22.9927704476516,-10.9973503997181));
#12397=CARTESIAN_POINT('Origin',(-30.5,-50.6682572605821,8.74006248835067));
#12398=CARTESIAN_POINT('Origin',(-44.2253882119304,36.1152317589157,-26.4191793854961));
#12399=CARTESIAN_POINT('',(-41.1253882119304,35.9858222363645,-26.9021422986407));
#12400=CARTESIAN_POINT('Origin',(-44.2253882119304,35.9858222363645,-26.9021422986407));
#12401=CARTESIAN_POINT('',(-42.1253882119304,36.244641281467,-25.9362164723516));
#12402=CARTESIAN_POINT('',(-41.6253882119304,36.1152317589157,-26.4191793854961));
#12403=CARTESIAN_POINT('Origin',(-44.2253882119304,36.244641281467,-25.9362164723516));
#12404=CARTESIAN_POINT('Origin',(-44.2253882119304,38.5740126873898,-17.24288403575));
#12405=CARTESIAN_POINT('',(-42.1253882119304,38.5740126873898,-17.24288403575));
#12406=CARTESIAN_POINT('',(-42.1253882119304,38.5740126873898,-17.24288403575));
#12407=CARTESIAN_POINT('Origin',(-44.2253882119304,38.5740126873898,-17.24288403575));
#12408=CARTESIAN_POINT('Origin',(-44.2253882119304,35.9858222363645,-26.9021422986407));
#12409=CARTESIAN_POINT('',(-39.2253882119304,35.9858222363645,-26.9021422986407));
#12410=CARTESIAN_POINT('Origin',(-44.2253882119304,35.9858222363645,-26.9021422986407));
#12411=CARTESIAN_POINT('Origin',(44.2253882119304,36.1152317589157,-26.4191793854961));
#12412=CARTESIAN_POINT('',(47.3253882119304,35.9858222363645,-26.9021422986407));
#12413=CARTESIAN_POINT('Origin',(44.2253882119304,35.9858222363645,-26.9021422986407));
#12414=CARTESIAN_POINT('',(46.3253882119304,36.244641281467,-25.9362164723516));
#12415=CARTESIAN_POINT('',(46.8253882119304,36.1152317589157,-26.4191793854961));
#12416=CARTESIAN_POINT('Origin',(44.2253882119304,36.244641281467,-25.9362164723516));
#12417=CARTESIAN_POINT('Origin',(44.2253882119304,38.5740126873898,-17.24288403575));
#12418=CARTESIAN_POINT('',(46.3253882119304,38.5740126873898,-17.24288403575));
#12419=CARTESIAN_POINT('',(46.3253882119304,38.5740126873898,-17.24288403575));
#12420=CARTESIAN_POINT('Origin',(44.2253882119304,38.5740126873898,-17.24288403575));
#12421=CARTESIAN_POINT('Origin',(44.2253882119304,35.9858222363645,-26.9021422986407));
#12422=CARTESIAN_POINT('',(49.2253882119304,35.9858222363645,-26.9021422986407));
#12423=CARTESIAN_POINT('Origin',(44.2253882119304,35.9858222363645,-26.9021422986407));
#12424=CARTESIAN_POINT('Origin',(44.2253882119304,38.4446031648385,-17.7258469488945));
#12425=CARTESIAN_POINT('',(49.2253882119304,38.3151936422873,-18.2088098620391));
#12426=CARTESIAN_POINT('',(49.7253882119304,38.4446031648385,-17.7258469488945));
#12427=CARTESIAN_POINT('Origin',(44.2253882119304,38.3151936422873,-18.2088098620391));
#12428=CARTESIAN_POINT('Origin',(44.2253882119304,38.5740126873898,-17.24288403575));
#12429=CARTESIAN_POINT('',(49.2253882119304,38.5740126873898,-17.24288403575));
#12430=CARTESIAN_POINT('Origin',(-44.2253882119304,38.4446031648385,-17.7258469488945));
#12431=CARTESIAN_POINT('',(-39.2253882119304,38.3151936422873,-18.2088098620391));
#12432=CARTESIAN_POINT('',(-38.7253882119304,38.4446031648385,-17.7258469488945));
#12433=CARTESIAN_POINT('Origin',(-44.2253882119304,38.3151936422873,-18.2088098620391));
#12434=CARTESIAN_POINT('Origin',(-44.2253882119304,38.5740126873898,-17.24288403575));
#12435=CARTESIAN_POINT('',(-39.2253882119304,38.5740126873898,-17.24288403575));
#12436=CARTESIAN_POINT('Origin',(47.7616492814812,-72.4004779994899,11.457364943846));
#12437=CARTESIAN_POINT('',(50.7616492814812,-72.6592970445924,10.491439117557));
#12438=CARTESIAN_POINT('',(51.7616492814812,-72.4004779994899,11.457364943846));
#12439=CARTESIAN_POINT('Origin',(47.7616492814812,-72.6592970445924,10.491439117557));
#12440=CARTESIAN_POINT('Origin',(47.7616492814812,-72.1416589543874,12.423290770135));
#12441=CARTESIAN_POINT('',(50.7616492814812,-74.7298494054127,2.76403250724437));
#12442=CARTESIAN_POINT('Origin',(47.7616492814812,-74.7298494054127,2.76403250724437));
#12443=CARTESIAN_POINT('',(50.7616492814812,-72.1416589543874,12.423290770135));
#12444=CARTESIAN_POINT('Origin',(-48.2187921386241,-72.4004779994899,11.457364943846));
#12445=CARTESIAN_POINT('',(-45.2187921386241,-72.6592970445924,10.491439117557));
#12446=CARTESIAN_POINT('',(-44.2187921386241,-72.4004779994899,11.457364943846));
#12447=CARTESIAN_POINT('Origin',(-48.2187921386241,-72.6592970445924,10.491439117557));
#12448=CARTESIAN_POINT('Origin',(-48.2187921386241,-72.1416589543874,12.423290770135));
#12449=CARTESIAN_POINT('',(-45.2187921386241,-74.7298494054127,2.76403250724437));
#12450=CARTESIAN_POINT('Origin',(-48.2187921386241,-74.7298494054127,2.76403250724437));
#12451=CARTESIAN_POINT('',(-45.2187921386241,-72.1416589543874,12.423290770135));
#12452=CARTESIAN_POINT('Origin',(-47.2187921386241,3.90766227734622,-8.98933961925413));
#12453=CARTESIAN_POINT('',(-44.2187921386241,3.64884323224369,-9.9552654455432));
#12454=CARTESIAN_POINT('',(-43.2187921386241,3.90766227734622,-8.98933961925413));
#12455=CARTESIAN_POINT('Origin',(-47.2187921386241,3.64884323224369,-9.9552654455432));
#12456=CARTESIAN_POINT('Origin',(-47.2187921386241,4.16648132244876,-8.02341379296506));
#12457=CARTESIAN_POINT('',(-44.2187921386241,1.57829087142343,-17.6826720558557));
#12458=CARTESIAN_POINT('Origin',(-47.2187921386241,1.57829087142343,-17.6826720558557));
#12459=CARTESIAN_POINT('',(-44.2187921386241,4.16648132244876,-8.02341379296506));
#12460=CARTESIAN_POINT('Origin',(46.7616492814812,3.90766227734621,-8.98933961925413));
#12461=CARTESIAN_POINT('',(49.7616492814812,3.64884323224368,-9.95526544554319));
#12462=CARTESIAN_POINT('',(50.7616492814812,3.90766227734621,-8.98933961925413));
#12463=CARTESIAN_POINT('Origin',(46.7616492814812,3.64884323224368,-9.95526544554319));
#12464=CARTESIAN_POINT('Origin',(46.7616492814812,4.16648132244875,-8.02341379296507));
#12465=CARTESIAN_POINT('',(49.7616492814812,1.57829087142342,-17.6826720558557));
#12466=CARTESIAN_POINT('Origin',(46.7616492814812,1.57829087142342,-17.6826720558557));
#12467=CARTESIAN_POINT('',(49.7616492814812,4.16648132244874,-8.02341379296507));
#12468=CARTESIAN_POINT('Origin',(-41.7531059640096,71.7254533880704,-27.1610619798362));
#12469=CARTESIAN_POINT('',(-38.7531059640096,71.4666343429679,-28.1269878061252));
#12470=CARTESIAN_POINT('',(-37.7531059640096,71.7254533880704,-27.1610619798362));
#12471=CARTESIAN_POINT('Origin',(-41.7531059640096,71.4666343429679,-28.1269878061252));
#12472=CARTESIAN_POINT('Origin',(-41.7531059640096,71.984272433173,-26.1951361535471));
#12473=CARTESIAN_POINT('',(-38.7531059640096,69.3960819821476,-35.8543944164377));
#12474=CARTESIAN_POINT('Origin',(-41.7531059640096,69.3960819821476,-35.8543944164377));
#12475=CARTESIAN_POINT('',(-38.7531059640096,71.984272433173,-26.1951361535471));
#12476=CARTESIAN_POINT('Origin',(41.7531059640097,71.7254533880704,-27.1610619798362));
#12477=CARTESIAN_POINT('',(44.7531059640097,71.4666343429679,-28.1269878061252));
#12478=CARTESIAN_POINT('',(45.7531059640097,71.7254533880704,-27.1610619798362));
#12479=CARTESIAN_POINT('Origin',(41.7531059640097,71.4666343429679,-28.1269878061252));
#12480=CARTESIAN_POINT('Origin',(41.7531059640097,71.9842724331729,-26.1951361535471));
#12481=CARTESIAN_POINT('',(44.7531059640097,69.3960819821476,-35.8543944164377));
#12482=CARTESIAN_POINT('Origin',(41.7531059640097,69.3960819821476,-35.8543944164377));
#12483=CARTESIAN_POINT('',(44.7531059640097,71.9842724331729,-26.1951361535471));
#12484=CARTESIAN_POINT('Origin',(-48.2187921386241,-72.1416589543874,12.423290770135));
#12485=CARTESIAN_POINT('',(-47.2187921386241,-74.7298494054127,2.76403250724437));
#12486=CARTESIAN_POINT('Origin',(-48.2187921386241,-74.7298494054127,2.76403250724437));
#12487=CARTESIAN_POINT('',(-47.2187921386241,-72.1416589543874,12.423290770135));
#12488=CARTESIAN_POINT('',(-47.2187921386241,-72.1416589543874,12.423290770135));
#12489=CARTESIAN_POINT('Origin',(-48.2187921386241,-72.1416589543874,12.4232907701351));
#12490=CARTESIAN_POINT('Origin',(-48.2187921386241,-74.7298494054127,2.76403250724437));
#12491=CARTESIAN_POINT('Origin',(42.,70.5851342216624,-25.8202381996733));
#12492=CARTESIAN_POINT('Origin',(41.7531059640097,71.9842724331729,-26.1951361535471));
#12493=CARTESIAN_POINT('',(42.7531059640096,69.3960819821476,-35.8543944164377));
#12494=CARTESIAN_POINT('Origin',(41.7531059640097,69.3960819821476,-35.8543944164377));
#12495=CARTESIAN_POINT('',(42.7531059640096,71.9842724331729,-26.1951361535471));
#12496=CARTESIAN_POINT('',(42.7531059640096,71.9842724331729,-26.1951361535471));
#12497=CARTESIAN_POINT('Origin',(41.7531059640097,71.9842724331729,-26.1951361535471));
#12498=CARTESIAN_POINT('Origin',(41.7531059640097,69.3960819821476,-35.8543944164377));
#12499=CARTESIAN_POINT('Origin',(42.,70.5851342216624,-25.8202381996733));
#12500=CARTESIAN_POINT('Origin',(46.7616492814812,4.16648132244875,-8.02341379296507));
#12501=CARTESIAN_POINT('',(47.7616492814812,1.57829087142342,-17.6826720558557));
#12502=CARTESIAN_POINT('Origin',(46.7616492814812,1.57829087142342,-17.6826720558557));
#12503=CARTESIAN_POINT('',(47.7616492814812,4.16648132244875,-8.02341379296507));
#12504=CARTESIAN_POINT('',(47.7616492814812,4.16648132244875,-8.02341379296507));
#12505=CARTESIAN_POINT('Origin',(46.7616492814812,4.16648132244875,-8.02341379296506));
#12506=CARTESIAN_POINT('Origin',(46.7616492814812,1.57829087142342,-17.6826720558557));
#12507=CARTESIAN_POINT('Origin',(42.,70.5851342216624,-25.8202381996733));
#12508=CARTESIAN_POINT('Origin',(47.7616492814812,-72.1416589543874,12.423290770135));
#12509=CARTESIAN_POINT('',(48.7616492814812,-74.7298494054127,2.76403250724437));
#12510=CARTESIAN_POINT('Origin',(47.7616492814812,-74.7298494054127,2.76403250724437));
#12511=CARTESIAN_POINT('',(48.7616492814812,-72.1416589543874,12.423290770135));
#12512=CARTESIAN_POINT('',(48.7616492814812,-72.1416589543874,12.423290770135));
#12513=CARTESIAN_POINT('Origin',(47.7616492814812,-72.1416589543874,12.4232907701351));
#12514=CARTESIAN_POINT('Origin',(47.7616492814812,-74.7298494054127,2.76403250724437));
#12515=CARTESIAN_POINT('Origin',(42.,70.5851342216624,-25.8202381996733));
#12516=CARTESIAN_POINT('Origin',(42.,70.5851342216624,-25.8202381996733));
#12517=CARTESIAN_POINT('Origin',(-41.7531059640096,71.984272433173,-26.1951361535471));
#12518=CARTESIAN_POINT('',(-40.7531059640096,69.3960819821476,-35.8543944164377));
#12519=CARTESIAN_POINT('Origin',(-41.7531059640096,69.3960819821476,-35.8543944164377));
#12520=CARTESIAN_POINT('',(-40.7531059640096,71.984272433173,-26.1951361535471));
#12521=CARTESIAN_POINT('',(-40.7531059640096,71.984272433173,-26.1951361535471));
#12522=CARTESIAN_POINT('Origin',(-41.7531059640096,71.984272433173,-26.1951361535471));
#12523=CARTESIAN_POINT('Origin',(-41.7531059640096,69.3960819821476,-35.8543944164377));
#12524=CARTESIAN_POINT('Origin',(42.,70.5851342216624,-25.8202381996733));
#12525=CARTESIAN_POINT('Origin',(-47.2187921386241,4.16648132244876,-8.02341379296506));
#12526=CARTESIAN_POINT('',(-46.2187921386241,1.57829087142343,-17.6826720558557));
#12527=CARTESIAN_POINT('Origin',(-47.2187921386241,1.57829087142343,-17.6826720558557));
#12528=CARTESIAN_POINT('',(-46.2187921386241,4.16648132244876,-8.02341379296506));
#12529=CARTESIAN_POINT('',(-46.2187921386241,4.16648132244876,-8.02341379296506));
#12530=CARTESIAN_POINT('Origin',(-47.2187921386241,4.16648132244876,-8.02341379296507));
#12531=CARTESIAN_POINT('Origin',(-47.2187921386241,1.57829087142343,-17.6826720558557));
#12532=CARTESIAN_POINT('Origin',(42.,70.5851342216624,-25.8202381996733));
#12533=CARTESIAN_POINT('Origin',(56.7616492814812,-33.6469005279568,-33.816873039872));
#12534=CARTESIAN_POINT('',(56.3634210657731,-36.745870553638,-33.5041446143274));
#12535=CARTESIAN_POINT('',(56.0116492814812,-36.5561891251647,-33.4514419818651));
#12536=CARTESIAN_POINT('Ctrl Pts',(56.363421065773,-36.745870553638,-33.5041446143275));
#12537=CARTESIAN_POINT('Ctrl Pts',(56.3414393398352,-36.7263520192574,-33.4952932423835));
#12538=CARTESIAN_POINT('Ctrl Pts',(56.3183467439319,-36.7076655888345,-33.4872617366984));
#12539=CARTESIAN_POINT('Ctrl Pts',(56.209128783938,-36.6280050251914,-33.4555360344858));
#12540=CARTESIAN_POINT('Ctrl Pts',(56.1108644439122,-36.5809334835017,-33.4448117510315));
#12541=CARTESIAN_POINT('Ctrl Pts',(56.0116492814812,-36.5561891251647,-33.4514419818651));
#12542=CARTESIAN_POINT('',(56.0116492814812,-30.944667166831,-34.9550447589102));
#12543=CARTESIAN_POINT('Origin',(56.7616492814812,-33.7504281459978,-34.2032433703876));
#12544=CARTESIAN_POINT('',(56.3634210657731,-30.8067495473782,-35.0955272917055));
#12545=CARTESIAN_POINT('Ctrl Pts',(56.0116492814812,-30.944667166831,-34.9550447589102));
#12546=CARTESIAN_POINT('Ctrl Pts',(56.1108644439122,-30.919922808494,-34.9616749897438));
#12547=CARTESIAN_POINT('Ctrl Pts',(56.209128783938,-30.8845197993225,-34.9944982624975));
#12548=CARTESIAN_POINT('Ctrl Pts',(56.3183467439319,-30.8313945786342,-35.0618038083881));
#12549=CARTESIAN_POINT('Ctrl Pts',(56.3414393398352,-30.8192274080244,-35.0781025115535));
#12550=CARTESIAN_POINT('Ctrl Pts',(56.3634210657731,-30.8067495473782,-35.0955272917056));
#12551=CARTESIAN_POINT('',(56.7616492814812,-36.7706801120042,-33.4974969131987));
#12552=CARTESIAN_POINT('Origin',(56.7616492814812,-33.7763100505081,-34.2998359530165));
#12553=CARTESIAN_POINT('',(56.7616492814812,-35.5459352406126,-32.7903901320122));
#12554=CARTESIAN_POINT('',(56.7616492814812,-36.1583076763084,-33.1439435226054));
#12555=CARTESIAN_POINT('Origin',(56.7616492814812,-33.5174910054056,-33.3339101267275));
#12556=CARTESIAN_POINT('Origin',(56.7616492814812,-33.7763100505081,-34.2998359530165));
#12557=CARTESIAN_POINT('Origin',(56.7616492814812,-33.7763100505081,-34.2998359530165));
#12558=CARTESIAN_POINT('',(56.7616492814812,-29.3342781581518,-9.6081703010746));
#12559=CARTESIAN_POINT('',(56.7616492814812,-35.8047542857151,-33.7563159583012));
#12560=CARTESIAN_POINT('Origin',(56.7616492814812,-27.3058339229448,-10.1516902957899));
#12561=CARTESIAN_POINT('Origin',(56.7616492814812,-62.6246753166288,-26.052301686796));
#12562=CARTESIAN_POINT('',(56.363421065773,-65.7236453423099,-25.7395732612515));
#12563=CARTESIAN_POINT('',(56.0116492814812,-65.5339639138367,-25.6868706287891));
#12564=CARTESIAN_POINT('Ctrl Pts',(56.363421065773,-65.7236453423099,-25.7395732612515));
#12565=CARTESIAN_POINT('Ctrl Pts',(56.3414393398351,-65.7041268079294,-25.7307218893075));
#12566=CARTESIAN_POINT('Ctrl Pts',(56.3183467439319,-65.6854403775064,-25.7226903836224));
#12567=CARTESIAN_POINT('Ctrl Pts',(56.209128783938,-65.6057798138634,-25.6909646814098));
#12568=CARTESIAN_POINT('Ctrl Pts',(56.1108644439122,-65.5587082721736,-25.6802403979555));
#12569=CARTESIAN_POINT('Ctrl Pts',(56.0116492814812,-65.5339639138367,-25.6868706287891));
#12570=CARTESIAN_POINT('',(56.0116492814812,-59.9224419555029,-27.1904734058342));
#12571=CARTESIAN_POINT('Origin',(56.7616492814812,-62.7282029346698,-26.4386720173117));
#12572=CARTESIAN_POINT('',(56.363421065773,-59.7845243360501,-27.3309559386296));
#12573=CARTESIAN_POINT('Ctrl Pts',(56.0116492814812,-59.9224419555029,-27.1904734058342));
#12574=CARTESIAN_POINT('Ctrl Pts',(56.1108644439122,-59.897697597166,-27.1971036366678));
#12575=CARTESIAN_POINT('Ctrl Pts',(56.209128783938,-59.8622945879945,-27.2299269094216));
#12576=CARTESIAN_POINT('Ctrl Pts',(56.3183467439319,-59.8091693673061,-27.2972324553121));
#12577=CARTESIAN_POINT('Ctrl Pts',(56.3414393398351,-59.7970021966964,-27.3135311584775));
#12578=CARTESIAN_POINT('Ctrl Pts',(56.363421065773,-59.7845243360502,-27.3309559386296));
#12579=CARTESIAN_POINT('',(56.7616492814812,-65.7484549006762,-25.7329255601227));
#12580=CARTESIAN_POINT('Origin',(56.7616492814812,-62.7540848391801,-26.5352645999406));
#12581=CARTESIAN_POINT('',(56.7616492814812,-64.5237100292846,-25.0258187789362));
#12582=CARTESIAN_POINT('',(56.7616492814812,-65.1360824649803,-25.3793721695294));
#12583=CARTESIAN_POINT('Origin',(56.7616492814812,-62.4952657940775,-25.5693387736515));
#12584=CARTESIAN_POINT('Origin',(56.7616492814812,-62.7540848391801,-26.5352645999406));
#12585=CARTESIAN_POINT('Origin',(56.7616492814812,-62.7540848391801,-26.5352645999406));
#12586=CARTESIAN_POINT('',(56.7616492814812,-58.3120529468238,-1.84359894799862));
#12587=CARTESIAN_POINT('',(56.7616492814812,-64.7825290743871,-25.9917446052253));
#12588=CARTESIAN_POINT('Origin',(56.7616492814812,-56.2836087116167,-2.38711894271395));
#12589=CARTESIAN_POINT('Origin',(53.2044679781828,-91.6024501053007,-18.2877303337201));
#12590=CARTESIAN_POINT('',(50.6443595921814,-93.420392200372,-18.3182523076642));
#12591=CARTESIAN_POINT('',(50.5369192385625,-93.0318613325216,-18.3188312218983));
#12592=CARTESIAN_POINT('Ctrl Pts',(50.6443595921814,-93.420392200372,-18.3182523076642));
#12593=CARTESIAN_POINT('Ctrl Pts',(50.6420996782912,-93.3903764772383,-18.3122136489694));
#12594=CARTESIAN_POINT('Ctrl Pts',(50.6386590519706,-93.3602005500696,-18.3072607446587));
#12595=CARTESIAN_POINT('Ctrl Pts',(50.6173090917381,-93.2240010677129,-18.2906846000564));
#12596=CARTESIAN_POINT('Ctrl Pts',(50.5838041152951,-93.1198703750475,-18.2952492700268));
#12597=CARTESIAN_POINT('Ctrl Pts',(50.5369192385625,-93.0318613325216,-18.3188312218983));
#12598=CARTESIAN_POINT('',(54.1550176095263,-88.957506197754,-19.4105513899369));
#12599=CARTESIAN_POINT('Origin',(53.2044679781827,-91.7059777233417,-18.6741006642357));
#12600=CARTESIAN_POINT('',(54.542439814071,-89.03074837663,-19.4944538252962));
#12601=CARTESIAN_POINT('Ctrl Pts',(54.1550176095264,-88.957506197754,-19.4105513899369));
#12602=CARTESIAN_POINT('Ctrl Pts',(54.252206946349,-88.9888671853473,-19.4021482386375));
#12603=CARTESIAN_POINT('Ctrl Pts',(54.3578854756864,-89.011722949672,-19.4193611200808));
#12604=CARTESIAN_POINT('Ctrl Pts',(54.4869206713065,-89.0266576551335,-19.4684300637226));
#12605=CARTESIAN_POINT('Ctrl Pts',(54.5149854580298,-89.029104216185,-19.480813029291));
#12606=CARTESIAN_POINT('Ctrl Pts',(54.542439814071,-89.03074837663,-19.4944538252962));
#12607=CARTESIAN_POINT('',(53.2044679781828,-94.7262296893481,-17.9683542070467));
#12608=CARTESIAN_POINT('Origin',(53.2044679781828,-91.731859627852,-18.7706932468646));
#12609=CARTESIAN_POINT('',(53.2044679781828,-93.5014848179565,-17.2612474258602));
#12610=CARTESIAN_POINT('',(53.2044679781828,-94.1138572536523,-17.6148008164535));
#12611=CARTESIAN_POINT('Origin',(53.2044679781828,-91.4730405827495,-17.8047674205755));
#12612=CARTESIAN_POINT('Origin',(53.2044679781828,-91.731859627852,-18.7706932468646));
#12613=CARTESIAN_POINT('Origin',(53.2044679781828,-91.731859627852,-18.7706932468646));
#12614=CARTESIAN_POINT('',(53.2044679781828,-87.2898277354957,5.92097240507736));
#12615=CARTESIAN_POINT('',(53.2044679781828,-93.7603038630591,-18.2271732521493));
#12616=CARTESIAN_POINT('Origin',(53.2044679781828,-85.2613835002887,5.37745241036203));
#12617=CARTESIAN_POINT('Origin',(20.,-96.5778532692163,-16.9545750739296));
#12618=CARTESIAN_POINT('',(16.925684744823,-96.322603873458,-17.5406070335966));
#12619=CARTESIAN_POINT('',(17.0952624903445,-95.9569365175405,-17.5350596882721));
#12620=CARTESIAN_POINT('Ctrl Pts',(16.925684744823,-96.322603873458,-17.5406070335966));
#12621=CARTESIAN_POINT('Ctrl Pts',(16.9422472976382,-96.2978508198011,-17.5331582468655));
#12622=CARTESIAN_POINT('Ctrl Pts',(16.9582182967527,-96.2722854551155,-17.5269699460608));
#12623=CARTESIAN_POINT('Ctrl Pts',(17.0269532765604,-96.1535213353854,-17.5057220101229));
#12624=CARTESIAN_POINT('Ctrl Pts',(17.0696452455587,-96.052771005292,-17.509380914672));
#12625=CARTESIAN_POINT('Ctrl Pts',(17.0952624903445,-95.9569365175405,-17.5350596882721));
#12626=CARTESIAN_POINT('',(22.9047375096556,-95.9569365175405,-17.5350596882721));
#12627=CARTESIAN_POINT('Origin',(20.,-96.6813808872573,-17.3409454044452));
#12628=CARTESIAN_POINT('',(23.074315255177,-96.3226038734581,-17.5406070335966));
#12629=CARTESIAN_POINT('Ctrl Pts',(22.9047375096556,-95.9569365175405,-17.5350596882721));
#12630=CARTESIAN_POINT('Ctrl Pts',(22.9303547544413,-96.0527710052921,-17.509380914672));
#12631=CARTESIAN_POINT('Ctrl Pts',(22.9730467234397,-96.1535213353854,-17.5057220101229));
#12632=CARTESIAN_POINT('Ctrl Pts',(23.0417817032474,-96.2722854551155,-17.5269699460608));
#12633=CARTESIAN_POINT('Ctrl Pts',(23.0577527023619,-96.2978508198011,-17.5331582468655));
#12634=CARTESIAN_POINT('Ctrl Pts',(23.074315255177,-96.3226038734581,-17.5406070335966));
#12635=CARTESIAN_POINT('',(20.,-99.7016328532637,-16.6351989472563));
#12636=CARTESIAN_POINT('Origin',(20.,-96.7072627917675,-17.4375379870741));
#12637=CARTESIAN_POINT('',(20.,-98.4768879818721,-15.9280921660697));
#12638=CARTESIAN_POINT('',(20.,-99.0892604175679,-16.281645556663));
#12639=CARTESIAN_POINT('Origin',(20.,-96.448443746665,-16.471612160785));
#12640=CARTESIAN_POINT('Origin',(20.,-96.7072627917675,-17.4375379870741));
#12641=CARTESIAN_POINT('Origin',(20.,-96.7072627917675,-17.4375379870741));
#12642=CARTESIAN_POINT('',(20.,-92.2652308994113,7.25412766486785));
#12643=CARTESIAN_POINT('',(20.,-98.7357070269746,-16.8940179923588));
#12644=CARTESIAN_POINT('Origin',(20.,-90.2367866642042,6.71060767015252));
#12645=CARTESIAN_POINT('Origin',(-20.,-96.5778532692163,-16.9545750739296));
#12646=CARTESIAN_POINT('',(-23.074315255177,-96.322603873458,-17.5406070335966));
#12647=CARTESIAN_POINT('',(-22.9047375096555,-95.9569365175405,-17.5350596882721));
#12648=CARTESIAN_POINT('Ctrl Pts',(-23.074315255177,-96.322603873458,-17.5406070335966));
#12649=CARTESIAN_POINT('Ctrl Pts',(-23.0577527023618,-96.297850819801,-17.5331582468655));
#12650=CARTESIAN_POINT('Ctrl Pts',(-23.0417817032473,-96.2722854551154,
-17.5269699460609));
#12651=CARTESIAN_POINT('Ctrl Pts',(-22.9730467234396,-96.1535213353853,
-17.5057220101229));
#12652=CARTESIAN_POINT('Ctrl Pts',(-22.9303547544413,-96.052771005292,-17.509380914672));
#12653=CARTESIAN_POINT('Ctrl Pts',(-22.9047375096555,-95.9569365175405,
-17.5350596882721));
#12654=CARTESIAN_POINT('',(-17.0952624903444,-95.9569365175405,-17.5350596882721));
#12655=CARTESIAN_POINT('Origin',(-20.,-96.6813808872573,-17.3409454044452));
#12656=CARTESIAN_POINT('',(-16.925684744823,-96.322603873458,-17.5406070335966));
#12657=CARTESIAN_POINT('Ctrl Pts',(-17.0952624903444,-95.9569365175405,
-17.5350596882721));
#12658=CARTESIAN_POINT('Ctrl Pts',(-17.0696452455587,-96.052771005292,-17.509380914672));
#12659=CARTESIAN_POINT('Ctrl Pts',(-17.0269532765603,-96.1535213353853,
-17.5057220101229));
#12660=CARTESIAN_POINT('Ctrl Pts',(-16.9582182967526,-96.2722854551154,
-17.5269699460608));
#12661=CARTESIAN_POINT('Ctrl Pts',(-16.9422472976381,-96.297850819801,-17.5331582468655));
#12662=CARTESIAN_POINT('Ctrl Pts',(-16.925684744823,-96.322603873458,-17.5406070335966));
#12663=CARTESIAN_POINT('',(-20.,-99.7016328532636,-16.6351989472563));
#12664=CARTESIAN_POINT('Origin',(-20.,-96.7072627917675,-17.4375379870741));
#12665=CARTESIAN_POINT('',(-20.,-98.476887981872,-15.9280921660697));
#12666=CARTESIAN_POINT('',(-20.,-99.0892604175678,-16.281645556663));
#12667=CARTESIAN_POINT('Origin',(-20.,-96.448443746665,-16.471612160785));
#12668=CARTESIAN_POINT('Origin',(-20.,-96.7072627917675,-17.4375379870741));
#12669=CARTESIAN_POINT('Origin',(-20.,-96.7072627917675,-17.4375379870741));
#12670=CARTESIAN_POINT('',(-20.,-92.2652308994113,7.25412766486784));
#12671=CARTESIAN_POINT('',(-20.,-98.7357070269746,-16.8940179923588));
#12672=CARTESIAN_POINT('Origin',(-20.,-90.2367866642042,6.71060767015251));
#12673=CARTESIAN_POINT('Origin',(-53.2044679781827,-91.6024501053007,-18.2877303337201));
#12674=CARTESIAN_POINT('',(-54.542439814071,-89.03074837663,-19.4944538252962));
#12675=CARTESIAN_POINT('',(-54.1550176095263,-88.957506197754,-19.4105513899369));
#12676=CARTESIAN_POINT('Ctrl Pts',(-54.542439814071,-89.03074837663,-19.4944538252962));
#12677=CARTESIAN_POINT('Ctrl Pts',(-54.5149854580298,-89.0291042161849,
-19.480813029291));
#12678=CARTESIAN_POINT('Ctrl Pts',(-54.4869206713064,-89.0266576551335,
-19.4684300637226));
#12679=CARTESIAN_POINT('Ctrl Pts',(-54.3578854756864,-89.011722949672,-19.4193611200809));
#12680=CARTESIAN_POINT('Ctrl Pts',(-54.252206946349,-88.9888671853473,-19.4021482386374));
#12681=CARTESIAN_POINT('Ctrl Pts',(-54.1550176095263,-88.957506197754,-19.4105513899369));
#12682=CARTESIAN_POINT('',(-50.5369192385625,-93.0318613325217,-18.3188312218983));
#12683=CARTESIAN_POINT('Origin',(-53.2044679781827,-91.7059777233417,-18.6741006642357));
#12684=CARTESIAN_POINT('',(-50.6443595921814,-93.420392200372,-18.3182523076642));
#12685=CARTESIAN_POINT('Ctrl Pts',(-50.5369192385625,-93.0318613325217,
-18.3188312218982));
#12686=CARTESIAN_POINT('Ctrl Pts',(-50.5838041152951,-93.1198703750475,
-18.2952492700268));
#12687=CARTESIAN_POINT('Ctrl Pts',(-50.617309091738,-93.224001067713,-18.2906846000564));
#12688=CARTESIAN_POINT('Ctrl Pts',(-50.6386590519706,-93.3602005500697,
-18.3072607446587));
#12689=CARTESIAN_POINT('Ctrl Pts',(-50.6420996782912,-93.3903764772383,
-18.3122136489694));
#12690=CARTESIAN_POINT('Ctrl Pts',(-50.6443595921814,-93.420392200372,-18.3182523076642));
#12691=CARTESIAN_POINT('',(-53.2044679781827,-94.7262296893481,-17.9683542070467));
#12692=CARTESIAN_POINT('Origin',(-53.2044679781827,-91.731859627852,-18.7706932468646));
#12693=CARTESIAN_POINT('',(-53.2044679781827,-93.5014848179565,-17.2612474258602));
#12694=CARTESIAN_POINT('',(-53.2044679781827,-94.1138572536523,-17.6148008164535));
#12695=CARTESIAN_POINT('Origin',(-53.2044679781827,-91.4730405827495,-17.8047674205755));
#12696=CARTESIAN_POINT('Origin',(-53.2044679781827,-91.731859627852,-18.7706932468646));
#12697=CARTESIAN_POINT('Origin',(-53.2044679781827,-91.731859627852,-18.7706932468646));
#12698=CARTESIAN_POINT('',(-53.2044679781827,-87.2898277354957,5.92097240507736));
#12699=CARTESIAN_POINT('',(-53.2044679781827,-93.760303863059,-18.2271732521493));
#12700=CARTESIAN_POINT('Origin',(-53.2044679781827,-85.2613835002887,5.37745241036202));
#12701=CARTESIAN_POINT('Origin',(-56.7616492814811,-62.6246753166288,-26.052301686796));
#12702=CARTESIAN_POINT('',(-56.363421065773,-59.7845243360501,-27.3309559386296));
#12703=CARTESIAN_POINT('',(-56.0116492814812,-59.9224419555029,-27.1904734058342));
#12704=CARTESIAN_POINT('Ctrl Pts',(-56.363421065773,-59.7845243360501,-27.3309559386296));
#12705=CARTESIAN_POINT('Ctrl Pts',(-56.3414393398351,-59.7970021966963,
-27.3135311584775));
#12706=CARTESIAN_POINT('Ctrl Pts',(-56.3183467439319,-59.8091693673061,
-27.2972324553121));
#12707=CARTESIAN_POINT('Ctrl Pts',(-56.209128783938,-59.8622945879944,-27.2299269094216));
#12708=CARTESIAN_POINT('Ctrl Pts',(-56.1108644439121,-59.8976975971659,
-27.1971036366678));
#12709=CARTESIAN_POINT('Ctrl Pts',(-56.0116492814812,-59.9224419555029,
-27.1904734058342));
#12710=CARTESIAN_POINT('',(-56.0116492814811,-65.5339639138367,-25.6868706287891));
#12711=CARTESIAN_POINT('Origin',(-56.7616492814811,-62.7282029346698,-26.4386720173117));
#12712=CARTESIAN_POINT('',(-56.363421065773,-65.7236453423099,-25.7395732612515));
#12713=CARTESIAN_POINT('Ctrl Pts',(-56.0116492814811,-65.5339639138366,
-25.6868706287891));
#12714=CARTESIAN_POINT('Ctrl Pts',(-56.1108644439121,-65.5587082721736,
-25.6802403979555));
#12715=CARTESIAN_POINT('Ctrl Pts',(-56.2091287839379,-65.6057798138633,
-25.6909646814098));
#12716=CARTESIAN_POINT('Ctrl Pts',(-56.3183467439319,-65.6854403775064,
-25.7226903836224));
#12717=CARTESIAN_POINT('Ctrl Pts',(-56.3414393398351,-65.7041268079293,
-25.7307218893075));
#12718=CARTESIAN_POINT('Ctrl Pts',(-56.363421065773,-65.7236453423099,-25.7395732612515));
#12719=CARTESIAN_POINT('',(-56.7616492814811,-65.7484549006761,-25.7329255601227));
#12720=CARTESIAN_POINT('Origin',(-56.7616492814811,-62.75408483918,-26.5352645999406));
#12721=CARTESIAN_POINT('',(-56.7616492814811,-64.5237100292845,-25.0258187789362));
#12722=CARTESIAN_POINT('',(-56.7616492814811,-65.1360824649803,-25.3793721695295));
#12723=CARTESIAN_POINT('Origin',(-56.7616492814811,-62.4952657940775,-25.5693387736515));
#12724=CARTESIAN_POINT('Origin',(-56.7616492814811,-62.75408483918,-26.5352645999406));
#12725=CARTESIAN_POINT('Origin',(-56.7616492814811,-62.75408483918,-26.5352645999406));
#12726=CARTESIAN_POINT('',(-56.7616492814811,-58.3120529468237,-1.84359894799862));
#12727=CARTESIAN_POINT('',(-56.7616492814811,-64.7825290743871,-25.9917446052253));
#12728=CARTESIAN_POINT('Origin',(-56.7616492814811,-56.2836087116167,-2.38711894271395));
#12729=CARTESIAN_POINT('Origin',(-56.7616492814811,-33.6469005279568,-33.816873039872));
#12730=CARTESIAN_POINT('',(-56.363421065773,-30.8067495473782,-35.0955272917056));
#12731=CARTESIAN_POINT('',(-56.0116492814811,-30.9446671668309,-34.9550447589102));
#12732=CARTESIAN_POINT('Ctrl Pts',(-56.363421065773,-30.8067495473782,-35.0955272917056));
#12733=CARTESIAN_POINT('Ctrl Pts',(-56.3414393398351,-30.8192274080244,
-35.0781025115535));
#12734=CARTESIAN_POINT('Ctrl Pts',(-56.3183467439318,-30.8313945786342,
-35.0618038083881));
#12735=CARTESIAN_POINT('Ctrl Pts',(-56.2091287839379,-30.8845197993225,
-34.9944982624975));
#12736=CARTESIAN_POINT('Ctrl Pts',(-56.1108644439121,-30.919922808494,-34.9616749897438));
#12737=CARTESIAN_POINT('Ctrl Pts',(-56.0116492814811,-30.9446671668309,
-34.9550447589102));
#12738=CARTESIAN_POINT('',(-56.0116492814811,-36.5561891251647,-33.4514419818651));
#12739=CARTESIAN_POINT('Origin',(-56.7616492814811,-33.7504281459978,-34.2032433703876));
#12740=CARTESIAN_POINT('',(-56.363421065773,-36.745870553638,-33.5041446143274));
#12741=CARTESIAN_POINT('Ctrl Pts',(-56.0116492814811,-36.5561891251647,
-33.4514419818651));
#12742=CARTESIAN_POINT('Ctrl Pts',(-56.1108644439121,-36.5809334835016,
-33.4448117510315));
#12743=CARTESIAN_POINT('Ctrl Pts',(-56.2091287839379,-36.6280050251914,
-33.4555360344858));
#12744=CARTESIAN_POINT('Ctrl Pts',(-56.3183467439319,-36.7076655888345,
-33.4872617366984));
#12745=CARTESIAN_POINT('Ctrl Pts',(-56.3414393398351,-36.7263520192574,
-33.4952932423835));
#12746=CARTESIAN_POINT('Ctrl Pts',(-56.363421065773,-36.745870553638,-33.5041446143275));
#12747=CARTESIAN_POINT('',(-56.7616492814811,-36.7706801120042,-33.4974969131987));
#12748=CARTESIAN_POINT('Origin',(-56.7616492814811,-33.7763100505081,-34.2998359530166));
#12749=CARTESIAN_POINT('',(-56.7616492814811,-35.5459352406126,-32.7903901320122));
#12750=CARTESIAN_POINT('',(-56.7616492814811,-36.1583076763084,-33.1439435226054));
#12751=CARTESIAN_POINT('Origin',(-56.7616492814811,-33.5174910054055,-33.3339101267275));
#12752=CARTESIAN_POINT('Origin',(-56.7616492814811,-33.7763100505081,-34.2998359530166));
#12753=CARTESIAN_POINT('Origin',(-56.7616492814811,-33.7763100505081,-34.2998359530166));
#12754=CARTESIAN_POINT('',(-56.7616492814811,-29.3342781581518,-9.6081703010746));
#12755=CARTESIAN_POINT('',(-56.7616492814811,-35.8047542857151,-33.7563159583012));
#12756=CARTESIAN_POINT('Origin',(-56.7616492814811,-27.3058339229448,-10.1516902957899));
#12757=CARTESIAN_POINT('Origin',(-56.7616492814812,14.650849234888,-46.7582160850674));
#12758=CARTESIAN_POINT('',(-56.363421065773,17.4910002154666,-48.0368703369008));
#12759=CARTESIAN_POINT('',(-56.0116492814811,17.3530825960138,-47.8963878041055));
#12760=CARTESIAN_POINT('Ctrl Pts',(-56.363421065773,17.4910002154666,-48.0368703369009));
#12761=CARTESIAN_POINT('Ctrl Pts',(-56.3414393398351,17.4785223548203,-48.0194455567488));
#12762=CARTESIAN_POINT('Ctrl Pts',(-56.3183467439318,17.4663551842106,-48.0031468535834));
#12763=CARTESIAN_POINT('Ctrl Pts',(-56.2091287839379,17.4132299635222,-47.9358413076929));
#12764=CARTESIAN_POINT('Ctrl Pts',(-56.1108644439121,17.3778269543508,-47.9030180349392));
#12765=CARTESIAN_POINT('Ctrl Pts',(-56.0116492814811,17.3530825960138,-47.8963878041056));
#12766=CARTESIAN_POINT('',(-56.0116492814811,11.7415606376801,-46.3927850270604));
#12767=CARTESIAN_POINT('Origin',(-56.7616492814812,14.5473216168469,-47.144586415583));
#12768=CARTESIAN_POINT('',(-56.363421065773,11.5518792092068,-46.4454876595227));
#12769=CARTESIAN_POINT('Ctrl Pts',(-56.0116492814811,11.7415606376801,-46.3927850270604));
#12770=CARTESIAN_POINT('Ctrl Pts',(-56.1108644439121,11.7168162793431,-46.3861547962268));
#12771=CARTESIAN_POINT('Ctrl Pts',(-56.2091287839379,11.6697447376533,-46.3968790796811));
#12772=CARTESIAN_POINT('Ctrl Pts',(-56.3183467439318,11.5900841740103,-46.4286047818938));
#12773=CARTESIAN_POINT('Ctrl Pts',(-56.3414393398351,11.5713977435874,-46.4366362875788));
#12774=CARTESIAN_POINT('Ctrl Pts',(-56.363421065773,11.5518792092068,-46.4454876595228));
#12775=CARTESIAN_POINT('',(-56.7616492814812,11.5270696508406,-46.438839958394));
#12776=CARTESIAN_POINT('Origin',(-56.7616492814812,14.5214397123367,-47.2411789982119));
#12777=CARTESIAN_POINT('',(-56.7616492814812,12.7518145222322,-45.7317331772075));
#12778=CARTESIAN_POINT('',(-56.7616492814812,12.1394420865364,-46.0852865678008));
#12779=CARTESIAN_POINT('Origin',(-56.7616492814812,14.7802587574392,-46.2752531719228));
#12780=CARTESIAN_POINT('Origin',(-56.7616492814812,14.5214397123367,-47.2411789982119));
#12781=CARTESIAN_POINT('Origin',(-56.7616492814812,14.5214397123367,-47.2411789982119));
#12782=CARTESIAN_POINT('',(-56.7616492814812,18.963471604693,-22.5495133462699));
#12783=CARTESIAN_POINT('',(-56.7616492814812,12.4929954771297,-46.6976590034966));
#12784=CARTESIAN_POINT('Origin',(-56.7616492814812,20.9919158399,-23.0930333409853));
#12785=CARTESIAN_POINT('Origin',(56.7616492814812,14.6508492348879,-46.7582160850673));
#12786=CARTESIAN_POINT('',(56.3634210657731,11.5518792092068,-46.4454876595227));
#12787=CARTESIAN_POINT('',(56.0116492814812,11.74156063768,-46.3927850270604));
#12788=CARTESIAN_POINT('Ctrl Pts',(56.363421065773,11.5518792092068,-46.4454876595228));
#12789=CARTESIAN_POINT('Ctrl Pts',(56.3414393398352,11.5713977435874,-46.4366362875788));
#12790=CARTESIAN_POINT('Ctrl Pts',(56.3183467439319,11.5900841740103,-46.4286047818937));
#12791=CARTESIAN_POINT('Ctrl Pts',(56.209128783938,11.6697447376533,-46.3968790796811));
#12792=CARTESIAN_POINT('Ctrl Pts',(56.1108644439122,11.7168162793431,-46.3861547962268));
#12793=CARTESIAN_POINT('Ctrl Pts',(56.0116492814812,11.74156063768,-46.3927850270604));
#12794=CARTESIAN_POINT('',(56.0116492814812,17.3530825960138,-47.8963878041055));
#12795=CARTESIAN_POINT('Origin',(56.7616492814812,14.5473216168469,-47.144586415583));
#12796=CARTESIAN_POINT('',(56.3634210657731,17.4910002154666,-48.0368703369008));
#12797=CARTESIAN_POINT('Ctrl Pts',(56.0116492814812,17.3530825960138,-47.8963878041055));
#12798=CARTESIAN_POINT('Ctrl Pts',(56.1108644439122,17.3778269543507,-47.9030180349391));
#12799=CARTESIAN_POINT('Ctrl Pts',(56.209128783938,17.4132299635222,-47.9358413076928));
#12800=CARTESIAN_POINT('Ctrl Pts',(56.3183467439319,17.4663551842106,-48.0031468535834));
#12801=CARTESIAN_POINT('Ctrl Pts',(56.3414393398352,17.4785223548203,-48.0194455567488));
#12802=CARTESIAN_POINT('Ctrl Pts',(56.3634210657731,17.4910002154666,-48.0368703369009));
#12803=CARTESIAN_POINT('',(56.7616492814812,11.5270696508406,-46.438839958394));
#12804=CARTESIAN_POINT('Origin',(56.7616492814812,14.5214397123367,-47.2411789982119));
#12805=CARTESIAN_POINT('',(56.7616492814812,12.7518145222322,-45.7317331772075));
#12806=CARTESIAN_POINT('',(56.7616492814812,12.1394420865364,-46.0852865678008));
#12807=CARTESIAN_POINT('Origin',(56.7616492814812,14.7802587574392,-46.2752531719228));
#12808=CARTESIAN_POINT('Origin',(56.7616492814812,14.5214397123367,-47.2411789982119));
#12809=CARTESIAN_POINT('Origin',(56.7616492814812,14.5214397123367,-47.2411789982119));
#12810=CARTESIAN_POINT('',(56.7616492814812,18.9634716046929,-22.5495133462699));
#12811=CARTESIAN_POINT('',(56.7616492814812,12.4929954771296,-46.6976590034966));
#12812=CARTESIAN_POINT('Origin',(56.7616492814812,20.9919158399,-23.0930333409853));
#12813=CARTESIAN_POINT('Origin',(56.7616492814812,48.4582531550052,-55.816882663656));
#12814=CARTESIAN_POINT('',(56.3634210657731,45.3592831293241,-55.5041542381113));
#12815=CARTESIAN_POINT('',(56.0116492814812,45.5489645577973,-55.4514516056491));
#12816=CARTESIAN_POINT('Ctrl Pts',(56.3634210657731,45.3592831293241,-55.5041542381114));
#12817=CARTESIAN_POINT('Ctrl Pts',(56.3414393398352,45.3788016637046,-55.4953028661675));
#12818=CARTESIAN_POINT('Ctrl Pts',(56.3183467439319,45.3974880941276,-55.4872713604824));
#12819=CARTESIAN_POINT('Ctrl Pts',(56.209128783938,45.4771486577706,-55.4555456582698));
#12820=CARTESIAN_POINT('Ctrl Pts',(56.1108644439122,45.5242201994604,-55.4448213748154));
#12821=CARTESIAN_POINT('Ctrl Pts',(56.0116492814812,45.5489645577973,-55.4514516056491));
#12822=CARTESIAN_POINT('',(56.0116492814812,51.1604865161311,-56.9550543826942));
#12823=CARTESIAN_POINT('Origin',(56.7616492814812,48.3547255369642,-56.2032529941716));
#12824=CARTESIAN_POINT('',(56.3634210657731,51.2984041355839,-57.0955369154894));
#12825=CARTESIAN_POINT('Ctrl Pts',(56.0116492814812,51.1604865161311,-56.9550543826942));
#12826=CARTESIAN_POINT('Ctrl Pts',(56.1108644439122,51.185230874468,-56.9616846135278));
#12827=CARTESIAN_POINT('Ctrl Pts',(56.209128783938,51.2206338836395,-56.9945078862815));
#12828=CARTESIAN_POINT('Ctrl Pts',(56.3183467439319,51.2737591043279,-57.061813432172));
#12829=CARTESIAN_POINT('Ctrl Pts',(56.3414393398352,51.2859262749376,-57.0781121353374));
#12830=CARTESIAN_POINT('Ctrl Pts',(56.3634210657731,51.2984041355838,-57.0955369154895));
#12831=CARTESIAN_POINT('',(56.7616492814812,45.3344735709578,-55.4975065369827));
#12832=CARTESIAN_POINT('Origin',(56.7616492814812,48.328843632454,-56.2998455768005));
#12833=CARTESIAN_POINT('',(56.7616492814812,46.5592184423494,-54.7903997557962));
#12834=CARTESIAN_POINT('',(56.7616492814812,45.9468460066536,-55.1439531463894));
#12835=CARTESIAN_POINT('Origin',(56.7616492814812,48.5876626775565,-55.3339197505115));
#12836=CARTESIAN_POINT('Origin',(56.7616492814812,48.328843632454,-56.2998455768005));
#12837=CARTESIAN_POINT('Origin',(56.7616492814812,48.328843632454,-56.2998455768005));
#12838=CARTESIAN_POINT('',(56.7616492814812,52.7708755248102,-31.6081799248586));
#12839=CARTESIAN_POINT('',(56.7616492814812,46.3003993972469,-55.7563255820852));
#12840=CARTESIAN_POINT('Origin',(56.7616492814812,54.7993197600173,-32.1516999195739));
#12841=CARTESIAN_POINT('Origin',(-56.7616492814811,48.4582531550052,-55.816882663656));
#12842=CARTESIAN_POINT('',(-56.363421065773,51.2984041355839,-57.0955369154894));
#12843=CARTESIAN_POINT('',(-56.0116492814811,51.1604865161311,-56.9550543826942));
#12844=CARTESIAN_POINT('Ctrl Pts',(-56.3634210657729,51.2984041355838,-57.0955369154895));
#12845=CARTESIAN_POINT('Ctrl Pts',(-56.3414393398351,51.2859262749376,-57.0781121353374));
#12846=CARTESIAN_POINT('Ctrl Pts',(-56.3183467439318,51.2737591043279,-57.061813432172));
#12847=CARTESIAN_POINT('Ctrl Pts',(-56.2091287839379,51.2206338836395,-56.9945078862815));
#12848=CARTESIAN_POINT('Ctrl Pts',(-56.1108644439121,51.185230874468,-56.9616846135278));
#12849=CARTESIAN_POINT('Ctrl Pts',(-56.0116492814811,51.1604865161311,-56.9550543826942));
#12850=CARTESIAN_POINT('',(-56.0116492814811,45.5489645577973,-55.4514516056491));
#12851=CARTESIAN_POINT('Origin',(-56.7616492814811,48.3547255369642,-56.2032529941716));
#12852=CARTESIAN_POINT('',(-56.363421065773,45.3592831293241,-55.5041542381114));
#12853=CARTESIAN_POINT('Ctrl Pts',(-56.0116492814811,45.5489645577973,-55.4514516056491));
#12854=CARTESIAN_POINT('Ctrl Pts',(-56.1108644439121,45.5242201994604,-55.4448213748154));
#12855=CARTESIAN_POINT('Ctrl Pts',(-56.2091287839379,45.4771486577706,-55.4555456582698));
#12856=CARTESIAN_POINT('Ctrl Pts',(-56.3183467439318,45.3974880941276,-55.4872713604824));
#12857=CARTESIAN_POINT('Ctrl Pts',(-56.3414393398351,45.3788016637047,-55.4953028661675));
#12858=CARTESIAN_POINT('Ctrl Pts',(-56.3634210657729,45.3592831293241,-55.5041542381115));
#12859=CARTESIAN_POINT('',(-56.7616492814811,45.3344735709579,-55.4975065369827));
#12860=CARTESIAN_POINT('Origin',(-56.7616492814811,48.328843632454,-56.2998455768005));
#12861=CARTESIAN_POINT('',(-56.7616492814811,46.5592184423495,-54.7903997557961));
#12862=CARTESIAN_POINT('',(-56.7616492814811,45.9468460066537,-55.1439531463894));
#12863=CARTESIAN_POINT('Origin',(-56.7616492814811,48.5876626775565,-55.3339197505115));
#12864=CARTESIAN_POINT('Origin',(-56.7616492814811,48.328843632454,-56.2998455768005));
#12865=CARTESIAN_POINT('Origin',(-56.7616492814811,48.328843632454,-56.2998455768005));
#12866=CARTESIAN_POINT('',(-56.7616492814811,52.7708755248103,-31.6081799248586));
#12867=CARTESIAN_POINT('',(-56.7616492814811,46.3003993972469,-55.7563255820852));
#12868=CARTESIAN_POINT('Origin',(-56.7616492814811,54.7993197600173,-32.1516999195739));
#12869=CARTESIAN_POINT('Origin',(-51.3891686996205,72.6063988122319,-62.2873587912193));
#12870=CARTESIAN_POINT('',(-48.5670730599308,73.7161543712925,-63.1023549872705));
#12871=CARTESIAN_POINT('',(-48.5256487541377,73.3669584007815,-62.905260590931));
#12872=CARTESIAN_POINT('Ctrl Pts',(-48.5670730599308,73.7161543712924,-63.1023549872706));
#12873=CARTESIAN_POINT('Ctrl Pts',(-48.5695534186604,73.6931977271308,-63.0821224255378));
#12874=CARTESIAN_POINT('Ctrl Pts',(-48.5709453494409,73.6693700114148,-63.0626992887279));
#12875=CARTESIAN_POINT('Ctrl Pts',(-48.5717501811545,73.5579905314555,-62.9797845611101));
#12876=CARTESIAN_POINT('Ctrl Pts',(-48.5562039415513,73.4614330189629,-62.9305749885779));
#12877=CARTESIAN_POINT('Ctrl Pts',(-48.5256487541377,73.3669584007815,-62.905260590931));
#12878=CARTESIAN_POINT('',(-51.3891686996205,69.6050937153237,-61.8972719864273));
#12879=CARTESIAN_POINT('Origin',(-51.3891686996205,72.5028711941909,-62.6737291217349));
#12880=CARTESIAN_POINT('',(-51.3891686996205,70.7073640995761,-61.2608758833595));
#12881=CARTESIAN_POINT('',(-51.3891686996205,70.0949916638803,-61.6144292739527));
#12882=CARTESIAN_POINT('Origin',(-51.3891686996205,72.7358083347831,-61.8043958780748));
#12883=CARTESIAN_POINT('',(-52.8138702812129,69.9527126037437,-61.9904161868533));
#12884=CARTESIAN_POINT('Origin',(-51.3891686996205,72.5028711941909,-62.6737291217349));
#12885=CARTESIAN_POINT('',(-53.1871330494318,70.0377015904319,-62.1167165352428));
#12886=CARTESIAN_POINT('Ctrl Pts',(-52.813870281213,69.9527126037437,-61.9904161868533));
#12887=CARTESIAN_POINT('Ctrl Pts',(-52.9040470285035,69.9997170390212,-62.0030109873266));
#12888=CARTESIAN_POINT('Ctrl Pts',(-53.0051343870795,70.0281674343598,-62.0339713128185));
#12889=CARTESIAN_POINT('Ctrl Pts',(-53.1319596243108,70.0379289303322,-62.0896575836906));
#12890=CARTESIAN_POINT('Ctrl Pts',(-53.1597525978359,70.0385198714941,-62.102854445524));
#12891=CARTESIAN_POINT('Ctrl Pts',(-53.1871330494317,70.0377015904319,-62.1167165352429));
#12892=CARTESIAN_POINT('Origin',(-51.3891686996205,72.4769892896806,-62.7703217043638));
#12893=CARTESIAN_POINT('Origin',(-51.3891686996205,72.4769892896806,-62.7703217043638));
#12894=CARTESIAN_POINT('',(-51.3891686996205,76.9190211820369,-38.0786560524219));
#12895=CARTESIAN_POINT('Origin',(-51.3891686996205,78.9474654172439,-38.6221760471372));
#12896=CARTESIAN_POINT('',(-51.3891686996205,70.4485450544736,-62.2268017096485));
#12897=CARTESIAN_POINT('Origin',(-25.,75.8624114070629,-63.1598047365499));
#12898=CARTESIAN_POINT('',(-21.925684744823,75.348342966202,-63.5396986031718));
#12899=CARTESIAN_POINT('',(-22.0952624903443,75.0344394193051,-63.3520607832387));
#12900=CARTESIAN_POINT('Ctrl Pts',(-21.925684744823,75.3483429662019,-63.5396986031719));
#12901=CARTESIAN_POINT('Ctrl Pts',(-21.9422472976381,75.3306305862794,-63.520871237807));
#12902=CARTESIAN_POINT('Ctrl Pts',(-21.9582182967526,75.311584481407,-63.5027293297611));
#12903=CARTESIAN_POINT('Ctrl Pts',(-22.0269532765602,75.2193557046317,-63.4249460175959));
#12904=CARTESIAN_POINT('Ctrl Pts',(-22.0696452455585,75.1302739070566,-63.3777395568388));
#12905=CARTESIAN_POINT('Ctrl Pts',(-22.0952624903443,75.0344394193051,-63.3520607832387));
#12906=CARTESIAN_POINT('',(-25.,72.8611063101547,-62.769717931758));
#12907=CARTESIAN_POINT('Origin',(-24.9999999999999,75.7588837890219,-63.5461750670656));
#12908=CARTESIAN_POINT('',(-25.,73.9633766944071,-62.1333218286901));
#12909=CARTESIAN_POINT('',(-25.,73.3510042587114,-62.4868752192833));
#12910=CARTESIAN_POINT('Origin',(-25.,75.9918209296142,-62.6768418234054));
#12911=CARTESIAN_POINT('',(-27.9047375096555,75.034439419305,-63.3520607832387));
#12912=CARTESIAN_POINT('Origin',(-24.9999999999999,75.7588837890219,-63.5461750670656));
#12913=CARTESIAN_POINT('',(-28.0743152551769,75.3483429662021,-63.5396986031718));
#12914=CARTESIAN_POINT('Ctrl Pts',(-27.9047375096555,75.0344394193051,-63.3520607832386));
#12915=CARTESIAN_POINT('Ctrl Pts',(-27.9303547544413,75.1302739070566,-63.3777395568387));
#12916=CARTESIAN_POINT('Ctrl Pts',(-27.9730467234396,75.2193557046317,-63.4249460175958));
#12917=CARTESIAN_POINT('Ctrl Pts',(-28.0417817032473,75.311584481407,-63.5027293297611));
#12918=CARTESIAN_POINT('Ctrl Pts',(-28.0577527023618,75.3306305862794,-63.5208712378069));
#12919=CARTESIAN_POINT('Ctrl Pts',(-28.0743152551769,75.3483429662021,-63.5396986031719));
#12920=CARTESIAN_POINT('Origin',(-25.,75.7330018845117,-63.6427676496944));
#12921=CARTESIAN_POINT('Origin',(-25.,75.7330018845117,-63.6427676496944));
#12922=CARTESIAN_POINT('',(-25.,80.1750337768679,-38.9511019977525));
#12923=CARTESIAN_POINT('',(-25.,73.7045576493046,-63.0992476549791));
#12924=CARTESIAN_POINT('Origin',(-25.,82.203478012075,-39.4946219924678));
#12925=CARTESIAN_POINT('Origin',(25.,75.8624114070629,-63.1598047365499));
#12926=CARTESIAN_POINT('',(28.074315255177,75.3483429662022,-63.5396986031718));
#12927=CARTESIAN_POINT('',(27.9047375096556,75.0344394193051,-63.3520607832386));
#12928=CARTESIAN_POINT('Ctrl Pts',(28.074315255177,75.3483429662021,-63.5396986031719));
#12929=CARTESIAN_POINT('Ctrl Pts',(28.0577527023619,75.3306305862795,-63.520871237807));
#12930=CARTESIAN_POINT('Ctrl Pts',(28.0417817032474,75.3115844814071,-63.5027293297611));
#12931=CARTESIAN_POINT('Ctrl Pts',(27.9730467234397,75.2193557046317,-63.4249460175958));
#12932=CARTESIAN_POINT('Ctrl Pts',(27.9303547544414,75.1302739070567,-63.3777395568387));
#12933=CARTESIAN_POINT('Ctrl Pts',(27.9047375096556,75.0344394193051,-63.3520607832386));
#12934=CARTESIAN_POINT('',(25.,72.8611063101547,-62.7697179317579));
#12935=CARTESIAN_POINT('Origin',(25.,75.7588837890219,-63.5461750670655));
#12936=CARTESIAN_POINT('',(25.,73.9633766944071,-62.1333218286901));
#12937=CARTESIAN_POINT('',(25.,73.3510042587114,-62.4868752192833));
#12938=CARTESIAN_POINT('Origin',(25.,75.9918209296142,-62.6768418234054));
#12939=CARTESIAN_POINT('',(22.0952624903445,75.0344394193051,-63.3520607832386));
#12940=CARTESIAN_POINT('Origin',(25.,75.7588837890219,-63.5461750670655));
#12941=CARTESIAN_POINT('',(21.9256847448231,75.3483429662022,-63.5396986031718));
#12942=CARTESIAN_POINT('Ctrl Pts',(22.0952624903445,75.0344394193051,-63.3520607832386));
#12943=CARTESIAN_POINT('Ctrl Pts',(22.0696452455587,75.1302739070567,-63.3777395568387));
#12944=CARTESIAN_POINT('Ctrl Pts',(22.0269532765604,75.2193557046317,-63.4249460175958));
#12945=CARTESIAN_POINT('Ctrl Pts',(21.9582182967527,75.3115844814071,-63.5027293297611));
#12946=CARTESIAN_POINT('Ctrl Pts',(21.9422472976382,75.3306305862795,-63.520871237807));
#12947=CARTESIAN_POINT('Ctrl Pts',(21.9256847448231,75.3483429662021,-63.5396986031719));
#12948=CARTESIAN_POINT('Origin',(25.,75.7330018845117,-63.6427676496944));
#12949=CARTESIAN_POINT('Origin',(25.,75.7330018845117,-63.6427676496944));
#12950=CARTESIAN_POINT('',(25.,80.1750337768679,-38.9511019977525));
#12951=CARTESIAN_POINT('',(25.,73.7045576493046,-63.0992476549791));
#12952=CARTESIAN_POINT('Origin',(25.,82.203478012075,-39.4946219924678));
#12953=CARTESIAN_POINT('Origin',(51.3891686996206,72.6063988122319,-62.2873587912193));
#12954=CARTESIAN_POINT('',(53.1871330494319,70.0377015904319,-62.1167165352428));
#12955=CARTESIAN_POINT('',(52.8138702812131,69.9527126037437,-61.9904161868533));
#12956=CARTESIAN_POINT('Ctrl Pts',(53.1871330494319,70.0377015904319,-62.1167165352429));
#12957=CARTESIAN_POINT('Ctrl Pts',(53.1597525978361,70.0385198714942,-62.1028544455241));
#12958=CARTESIAN_POINT('Ctrl Pts',(53.131959624311,70.0379289303322,-62.0896575836906));
#12959=CARTESIAN_POINT('Ctrl Pts',(53.0051343870797,70.0281674343598,-62.0339713128185));
#12960=CARTESIAN_POINT('Ctrl Pts',(52.9040470285036,69.9997170390212,-62.0030109873266));
#12961=CARTESIAN_POINT('Ctrl Pts',(52.8138702812131,69.9527126037437,-61.9904161868533));
#12962=CARTESIAN_POINT('',(51.3891686996206,69.6050937153237,-61.8972719864273));
#12963=CARTESIAN_POINT('Origin',(51.3891686996206,72.5028711941909,-62.6737291217349));
#12964=CARTESIAN_POINT('',(51.3891686996206,70.7073640995761,-61.2608758833595));
#12965=CARTESIAN_POINT('',(51.3891686996206,70.0949916638803,-61.6144292739527));
#12966=CARTESIAN_POINT('Origin',(51.3891686996206,72.7358083347831,-61.8043958780748));
#12967=CARTESIAN_POINT('',(48.5256487541378,73.3669584007815,-62.905260590931));
#12968=CARTESIAN_POINT('Origin',(51.3891686996206,72.5028711941909,-62.6737291217349));
#12969=CARTESIAN_POINT('',(48.5670730599309,73.7161543712925,-63.1023549872705));
#12970=CARTESIAN_POINT('Ctrl Pts',(48.5256487541378,73.3669584007815,-62.905260590931));
#12971=CARTESIAN_POINT('Ctrl Pts',(48.5562039415514,73.4614330189629,-62.9305749885779));
#12972=CARTESIAN_POINT('Ctrl Pts',(48.5717501811546,73.5579905314555,-62.9797845611101));
#12973=CARTESIAN_POINT('Ctrl Pts',(48.570945349441,73.6693700114148,-63.0626992887279));
#12974=CARTESIAN_POINT('Ctrl Pts',(48.5695534186605,73.6931977271308,-63.0821224255378));
#12975=CARTESIAN_POINT('Ctrl Pts',(48.5670730599309,73.7161543712924,-63.1023549872706));
#12976=CARTESIAN_POINT('Origin',(51.3891686996206,72.4769892896806,-62.7703217043638));
#12977=CARTESIAN_POINT('Origin',(51.3891686996206,72.4769892896806,-62.7703217043638));
#12978=CARTESIAN_POINT('',(51.3891686996206,76.9190211820369,-38.0786560524219));
#12979=CARTESIAN_POINT('',(51.3891686996206,70.4485450544736,-62.2268017096485));
#12980=CARTESIAN_POINT('Origin',(51.3891686996206,78.9474654172439,-38.6221760471372));
#12981=CARTESIAN_POINT('Origin',(42.,88.1367335831997,-28.5561503316929));
#12982=CARTESIAN_POINT('',(-42.,88.2074442613184,-28.678624818832));
#12983=CARTESIAN_POINT('',(-42.,88.2074442613184,-28.678624818832));
#12984=CARTESIAN_POINT('',(42.,88.2074442613184,-28.6786248188321));
#12985=CARTESIAN_POINT('',(42.,88.0660229050811,-28.4336758445537));
#12986=CARTESIAN_POINT('',(42.,88.2074442613184,-28.6786248188321));
#12987=CARTESIAN_POINT('Origin',(-42.,71.0768904073574,-23.9849791297241));
#12988=CARTESIAN_POINT('',(-59.7616492814811,71.0510085028471,-24.081571712353));
#12989=CARTESIAN_POINT('',(-59.7616492814811,71.0510085028471,-24.081571712353));
#12990=CARTESIAN_POINT('Origin',(-42.,71.0510085028471,-24.081571712353));
#12991=CARTESIAN_POINT('Origin',(-59.6616492814811,71.0768904073573,-23.9849791297241));
#12992=CARTESIAN_POINT('',(-59.7616492814812,-72.8719396142239,14.4824660079244));
#12993=CARTESIAN_POINT('',(-59.7616492814812,-72.8719396142239,14.4824660079244));
#12994=CARTESIAN_POINT('',(-59.7616492814811,71.0510085028471,-24.081571712353));
#12995=CARTESIAN_POINT('Origin',(-42.,-72.8460577097136,14.5790585905533));
#12996=CARTESIAN_POINT('',(-42.,-90.0283753726951,19.0795191144035));
#12997=CARTESIAN_POINT('',(-42.,-90.0283753726951,19.0795191144035));
#12998=CARTESIAN_POINT('Origin',(-42.,-72.8719396142239,14.4824660079244));
#12999=CARTESIAN_POINT('Origin',(-5.28505233867403E-14,-89.905900885556,
19.1502297925221));
#13000=CARTESIAN_POINT('',(42.,-90.0283753726952,19.0795191144035));
#13001=CARTESIAN_POINT('',(42.,-90.0283753726952,19.0795191144035));
#13002=CARTESIAN_POINT('',(-5.29588965146547E-14,-90.0283753726952,19.0795191144035));
#13003=CARTESIAN_POINT('Origin',(42.,-72.8460577097136,14.5790585905534));
#13004=CARTESIAN_POINT('',(59.7616492814812,-72.8719396142238,14.4824660079245));
#13005=CARTESIAN_POINT('',(59.7616492814812,-72.8719396142238,14.4824660079245));
#13006=CARTESIAN_POINT('Origin',(42.,-72.8719396142238,14.4824660079245));
#13007=CARTESIAN_POINT('Origin',(59.6616492814812,-0.884583651178187,-4.70296026958537));
#13008=CARTESIAN_POINT('',(59.7616492814812,71.0510085028471,-24.081571712353));
#13009=CARTESIAN_POINT('',(59.7616492814812,71.0510085028471,-24.081571712353));
#13010=CARTESIAN_POINT('',(59.7616492814812,-0.910465555688442,-4.79955285221429));
#13011=CARTESIAN_POINT('Origin',(42.,71.0768904073574,-23.9849791297241));
#13012=CARTESIAN_POINT('Origin',(42.,71.0510085028471,-24.081571712353));
#13013=CARTESIAN_POINT('Origin',(-42.,-68.6104140611376,30.3866958897947));
#13014=CARTESIAN_POINT('',(-59.7616492814812,-82.4486045121634,-21.2581339582456));
#13015=CARTESIAN_POINT('',(-59.7616492814812,-68.6104140611376,30.3866958897947));
#13016=CARTESIAN_POINT('',(-58.0741260378765,-89.7474929575067,-19.3024026936709));
#13017=CARTESIAN_POINT('Origin',(-42.,-82.4486045121634,-21.2581339582456));
#13018=CARTESIAN_POINT('',(-58.0741260378765,-80.171188288713,16.4368528790245));
#13019=CARTESIAN_POINT('',(-58.0741260378765,-75.9093025064809,32.3424271543694));
#13020=CARTESIAN_POINT('',(-52.2354267207911,-86.8936115654532,18.2381207672073));
#13021=CARTESIAN_POINT('Origin',(-42.,-72.8722998433697,14.4811216144498));
#13022=CARTESIAN_POINT('',(-52.2354267207911,-96.4699162342469,-17.5011348054881));
#13023=CARTESIAN_POINT('',(-52.2354267207911,-96.4699162342469,-17.5011348054881));
#13024=CARTESIAN_POINT('',(-42.,-99.6050402706347,-16.6610808517665));
#13025=CARTESIAN_POINT('Origin',(-42.,-82.4486045121634,-21.2581339582456));
#13026=CARTESIAN_POINT('',(-42.,-85.7668498196089,34.9837489962738));
#13027=CARTESIAN_POINT('Origin',(-59.7616492814811,75.3125340559334,-8.17734183048276));
#13028=CARTESIAN_POINT('',(-59.7616492814811,61.4743436049076,-59.822171678523));
#13029=CARTESIAN_POINT('',(-59.7616492814811,75.3125340559334,-8.17734183048276));
#13030=CARTESIAN_POINT('',(-59.7616492814811,52.1925469376103,-57.3351217572107));
#13031=CARTESIAN_POINT('',(-59.7616492814811,-19.16047345712,-38.2161375649203));
#13032=CARTESIAN_POINT('',(-59.7616492814811,61.768851606404,-21.5958661845153));
#13033=CARTESIAN_POINT('',(-59.7616492814811,52.1925469376103,-57.3351217572107));
#13034=CARTESIAN_POINT('',(-59.7616492814811,54.0414449960914,-19.525313823695));
#13035=CARTESIAN_POINT('',(-59.7616492814811,64.4778982874745,-22.3217530549664));
#13036=CARTESIAN_POINT('',(-59.7616492814811,44.4651403272977,-55.2645693963904));
#13037=CARTESIAN_POINT('',(-59.7616492814811,44.4651403272977,-55.2645693963904));
#13038=CARTESIAN_POINT('',(-59.7616492814811,18.385143017493,-48.276455178622));
#13039=CARTESIAN_POINT('',(-59.7616492814811,-19.16047345712,-38.2161375649203));
#13040=CARTESIAN_POINT('',(-59.7616492814811,27.9614476862867,-12.5371996059266));
#13041=CARTESIAN_POINT('',(-59.7616492814811,18.385143017493,-48.276455178622));
#13042=CARTESIAN_POINT('',(-59.7616492814811,20.2340410759741,-10.4666472451063));
#13043=CARTESIAN_POINT('',(-59.7616492814811,47.5741963274158,-17.792419765672));
#13044=CARTESIAN_POINT('',(-59.7616492814811,10.6577364071804,-46.2059028178017));
#13045=CARTESIAN_POINT('',(-59.7616492814811,10.6577364071804,-46.2059028178017));
#13046=CARTESIAN_POINT('',(-59.7616492814811,-29.9126067453518,-35.3351121334267));
#13047=CARTESIAN_POINT('',(-59.7616492814811,-19.16047345712,-38.2161375649203));
#13048=CARTESIAN_POINT('',(-59.7616492814812,-20.3363020765581,0.404143439268725));
#13049=CARTESIAN_POINT('',(-59.7616492814812,-29.9126067453518,-35.3351121334267));
#13050=CARTESIAN_POINT('',(-59.7616492814812,-28.0637086868706,2.47469580008898));
#13051=CARTESIAN_POINT('',(-59.7616492814811,23.4253214459935,-11.3217482430744));
#13052=CARTESIAN_POINT('',(-59.7616492814811,-37.6400133556643,-33.2645597726064));
#13053=CARTESIAN_POINT('',(-59.7616492814812,-37.6400133556643,-33.2645597726064));
#13054=CARTESIAN_POINT('',(-59.7616492814812,-58.8903815340238,-27.5705407803507));
#13055=CARTESIAN_POINT('',(-59.7616492814811,-19.16047345712,-38.2161375649203));
#13056=CARTESIAN_POINT('',(-59.7616492814812,-49.3140768652301,8.16871479234471));
#13057=CARTESIAN_POINT('',(-59.7616492814812,-58.8903815340238,-27.5705407803507));
#13058=CARTESIAN_POINT('',(-59.7616492814812,-57.0414834755426,10.239267153165));
#13059=CARTESIAN_POINT('',(-59.7616492814811,8.93643405165749,-7.43946256653638));
#13060=CARTESIAN_POINT('',(-59.7616492814812,-66.6177881443363,-25.4999884195305));
#13061=CARTESIAN_POINT('',(-59.7616492814812,-66.6177881443362,-25.4999884195304));
#13062=CARTESIAN_POINT('',(-59.7616492814811,-19.16047345712,-38.2161375649203));
#13063=CARTESIAN_POINT('',(-59.7616492814811,-27.4631170025686,-33.9208985710536));
#13064=CARTESIAN_POINT('',(-59.7616492814811,9.24352284480731,-43.7564130750185));
#13065=CARTESIAN_POINT('',(-59.7616492814811,17.264432346272,-45.9056092984992));
#13066=CARTESIAN_POINT('',(-59.7616492814811,17.7845513331909,-11.8808608074794));
#13067=CARTESIAN_POINT('',(-59.7616492814811,15.9037990252177,-18.8999239772875));
#13068=CARTESIAN_POINT('',(-59.7616492814811,-18.9220885141851,-2.04534630351448));
#13069=CARTESIAN_POINT('',(-59.7616492814811,44.1587807583436,-18.9478142829426));
#13070=CARTESIAN_POINT('',(-59.7616492814811,-16.5323265779665,6.87336666044696));
#13071=CARTESIAN_POINT('',(-59.7616492814811,-56.4408917912406,-26.1563272179776));
#13072=CARTESIAN_POINT('',(-59.7616492814811,-39.0542269180374,-30.8150700298232));
#13073=CARTESIAN_POINT('',(-59.7616492814811,2.77554495193605,-42.0233236219612));
#13074=CARTESIAN_POINT('',(-59.7616492814811,-30.5131984296539,1.06048223771593));
#13075=CARTESIAN_POINT('',(-59.7616492814812,-32.3939507376271,-5.95858093209217));
#13076=CARTESIAN_POINT('',(-59.7616492814811,-47.8998633028571,5.71922504956152));
#13077=CARTESIAN_POINT('',(-59.7616492814811,20.0099058769212,-12.4771427603449));
#13078=CARTESIAN_POINT('',(-59.7616492814812,-45.5101013666385,14.637938013523));
#13079=CARTESIAN_POINT('',(-59.7616492814811,29.3756612486597,-14.9866893487098));
#13080=CARTESIAN_POINT('',(-59.7616492814811,20.8346327602761,-46.8622416162489));
#13081=CARTESIAN_POINT('',(-59.7616492814811,31.7654231848783,-6.06797638474833));
#13082=CARTESIAN_POINT('',(-59.7616492814811,43.0509267649246,-52.8150796536072));
#13083=CARTESIAN_POINT('',(-59.7616492814811,41.4133072276944,-52.3762808210969));
#13084=CARTESIAN_POINT('',(-59.7616492814811,51.5919552533082,-20.939527386068));
#13085=CARTESIAN_POINT('',(-59.7616492814811,49.7112029453349,-27.9585905558761));
#13086=CARTESIAN_POINT('',(-59.7616492814811,61.0624827184022,-23.4771475722369));
#13087=CARTESIAN_POINT('',(-59.7616492814811,-79.9991147693802,-19.8439203958725));
#13088=CARTESIAN_POINT('',(-59.7616492814811,-68.0320017067094,-23.0504986767473));
#13089=CARTESIAN_POINT('',(-59.7616492814811,-9.00356653713381,-38.8671202109087));
#13090=CARTESIAN_POINT('',(-59.7616492814811,-59.4909732183258,8.8250535907919));
#13091=CARTESIAN_POINT('',(-59.7616492814812,-61.371725526299,1.80599042098378));
#13092=CARTESIAN_POINT('',(-59.7616492814811,-71.4580862809967,12.0316318716667));
#13093=CARTESIAN_POINT('',(-59.7616492814811,5.52101848258521,-8.59485708380695));
#13094=CARTESIAN_POINT('',(-59.7616492814812,-69.0683243447781,20.9503448356282));
#13095=CARTESIAN_POINT('Origin',(-42.,75.3125340559334,-8.17734183048276));
#13096=CARTESIAN_POINT('',(-42.,78.6307793633788,-64.419224785002));
#13097=CARTESIAN_POINT('',(-42.,92.4689698144047,-12.7743949369618));
#13098=CARTESIAN_POINT('',(-49.592811323824,76.9841590253394,-63.9780141951837));
#13099=CARTESIAN_POINT('Origin',(-42.,61.4743436049076,-59.822171678523));
#13100=CARTESIAN_POINT('',(-49.592811323824,86.5604636941331,-28.2387586224882));
#13101=CARTESIAN_POINT('',(-49.592811323824,76.9841590253394,-63.9780141951837));
#13102=CARTESIAN_POINT('',(-56.3124252331729,81.2103637977411,-26.8052036758241));
#13103=CARTESIAN_POINT('Origin',(-42.,71.0506482737013,-24.0829161058276));
#13104=CARTESIAN_POINT('',(-56.3124252331729,71.6340591289474,-62.5444592485196));
#13105=CARTESIAN_POINT('',(-56.3124252331729,71.6340591289474,-62.5444592485195));
#13106=CARTESIAN_POINT('Origin',(-42.,61.4743436049076,-59.822171678523));
#13107=CARTESIAN_POINT('Origin',(42.,92.4689698144047,-12.7743949369618));
#13108=CARTESIAN_POINT('',(42.,78.6307793633789,-64.419224785002));
#13109=CARTESIAN_POINT('',(42.,92.4689698144047,-12.7743949369618));
#13110=CARTESIAN_POINT('',(29.0000000000001,78.6307793633788,-64.419224785002));
#13111=CARTESIAN_POINT('',(21.,78.6307793633788,-64.419224785002));
#13112=CARTESIAN_POINT('',(29.,82.7887179580879,-48.901586694797));
#13113=CARTESIAN_POINT('',(29.0000000000001,78.6307793633788,-64.419224785002));
#13114=CARTESIAN_POINT('',(29.,83.135469728693,-47.6074914692843));
#13115=CARTESIAN_POINT('Ctrl Pts',(29.,83.135469728693,-47.6074914692843));
#13116=CARTESIAN_POINT('Ctrl Pts',(29.,83.019885805158,-48.0388565444552));
#13117=CARTESIAN_POINT('Ctrl Pts',(29.,82.904301881623,-48.4702216196261));
#13118=CARTESIAN_POINT('Ctrl Pts',(29.,82.7887179580879,-48.901586694797));
#13119=CARTESIAN_POINT('',(29.,88.0000000000006,-29.4528173418085));
#13120=CARTESIAN_POINT('',(29.,90.0934522475402,-21.6399471907721));
#13121=CARTESIAN_POINT('',(-29.,88.0000000000006,-29.4528173418085));
#13122=CARTESIAN_POINT('',(21.,88.0000000000006,-29.4528173418085));
#13123=CARTESIAN_POINT('',(-29.,83.135469728693,-47.6074914692843));
#13124=CARTESIAN_POINT('',(-29.,87.46845224754,-31.4365805606403));
#13125=CARTESIAN_POINT('',(-29.,82.7887179580879,-48.901586694797));
#13126=CARTESIAN_POINT('Ctrl Pts',(-29.,82.7887179580879,-48.901586694797));
#13127=CARTESIAN_POINT('Ctrl Pts',(-29.,82.904301881623,-48.4702216196261));
#13128=CARTESIAN_POINT('Ctrl Pts',(-29.,83.019885805158,-48.0388565444552));
#13129=CARTESIAN_POINT('Ctrl Pts',(-29.,83.135469728693,-47.6074914692843));
#13130=CARTESIAN_POINT('',(-29.,78.6307793633788,-64.419224785002));
#13131=CARTESIAN_POINT('',(-29.,78.6307793633788,-64.419224785002));
#13132=CARTESIAN_POINT('',(21.,78.6307793633788,-64.419224785002));
#13133=CARTESIAN_POINT('Origin',(-41.9999999999999,-82.4486045121634,-21.2581339582456));
#13134=CARTESIAN_POINT('',(-53.8816609588744,-87.3608424171261,-21.5983456672373));
#13135=CARTESIAN_POINT('',(-53.8816609588744,-86.946731944962,-20.0528643451748));
#13136=CARTESIAN_POINT('',(-54.7616492814812,-82.8627149843275,-22.8036152803081));
#13137=CARTESIAN_POINT('Origin',(-41.9999999999999,-82.8627149843274,-22.8036152803081));
#13138=CARTESIAN_POINT('',(-54.7616492814812,-82.4486045121634,-21.2581339582456));
#13139=CARTESIAN_POINT('Origin',(-53.2044679781827,-91.731859627852,-18.7706932468646));
#13140=CARTESIAN_POINT('',(-48.2613916526081,-92.8726625159116,-20.121457922942));
#13141=CARTESIAN_POINT('',(-48.2613916526081,-92.4585520437476,-18.5759766008795));
#13142=CARTESIAN_POINT('Origin',(-53.2044679781827,-92.1459701000161,-20.3161745689271));
#13143=CARTESIAN_POINT('Origin',(54.7616492814812,43.9024154177715,-55.113787711322));
#13144=CARTESIAN_POINT('',(54.7616492814812,19.1264270625995,-50.1315235285265));
#13145=CARTESIAN_POINT('',(54.7616492814812,19.5405375347635,-48.586042206464));
#13146=CARTESIAN_POINT('',(54.7616492814812,42.8956353378631,-56.5004636906109));
#13147=CARTESIAN_POINT('',(54.7616492814812,43.3097458100271,-54.9549823685484));
#13148=CARTESIAN_POINT('',(54.7616492814812,43.4883049456075,-56.6592690333845));
#13149=CARTESIAN_POINT('Origin',(-42.,61.4743436049076,-59.822171678523));
#13150=CARTESIAN_POINT('',(-45.6788143072553,72.8637525746275,-64.5303965028835));
#13151=CARTESIAN_POINT('',(-45.6788143072553,73.2778630467916,-62.984915180821));
#13152=CARTESIAN_POINT('',(-42.,73.3870397597695,-64.6706108815519));
#13153=CARTESIAN_POINT('Origin',(-42.,61.0602331327435,-61.3676530005855));
#13154=CARTESIAN_POINT('',(-42.,73.8011502319335,-63.1251295594894));
#13155=CARTESIAN_POINT('Origin',(-24.5825756949558,-94.7754111391894,-17.9551760772792));
#13156=CARTESIAN_POINT('',(-25.1961524227066,-95.1895216113534,-19.5006573993417));
#13157=CARTESIAN_POINT('',(-25.1961524227066,-94.7754111391894,-17.9551760772792));
#13158=CARTESIAN_POINT('',(-42.,-95.1895216113535,-19.5006573993417));
#13159=CARTESIAN_POINT('',(-24.5825756949558,-95.1895216113534,-19.5006573993417));
#13160=CARTESIAN_POINT('',(-42.,-94.7754111391894,-17.9551760772792));
#13161=CARTESIAN_POINT('Origin',(42.,61.4743436049076,-59.822171678523));
#13162=CARTESIAN_POINT('',(45.6788143072554,72.8637525746275,-64.5303965028835));
#13163=CARTESIAN_POINT('',(45.6788143072554,73.2778630467916,-62.984915180821));
#13164=CARTESIAN_POINT('',(42.,73.3870397597695,-64.6706108815519));
#13165=CARTESIAN_POINT('',(42.,73.8011502319335,-63.1251295594894));
#13166=CARTESIAN_POINT('Origin',(42.,61.0602331327435,-61.3676530005855));
#13167=CARTESIAN_POINT('Origin',(29.5825756949559,73.8011502319335,-63.1251295594894));
#13168=CARTESIAN_POINT('',(30.1961524227067,73.3870397597695,-64.6706108815519));
#13169=CARTESIAN_POINT('',(30.1961524227067,73.8011502319335,-63.1251295594894));
#13170=CARTESIAN_POINT('',(29.5825756949559,73.3870397597695,-64.6706108815519));
#13171=CARTESIAN_POINT('Origin',(54.7616492814812,-67.1805130538625,-25.349206734462));
#13172=CARTESIAN_POINT('',(54.7616492814812,-68.1872931337709,-26.7358827137509));
#13173=CARTESIAN_POINT('',(54.7616492814812,-67.7731826616069,-25.1904013916884));
#13174=CARTESIAN_POINT('',(54.7616492814812,-82.8627149843275,-22.8036152803081));
#13175=CARTESIAN_POINT('',(54.7616492814812,-67.5946235260265,-26.8946880565245));
#13176=CARTESIAN_POINT('',(54.7616492814812,-82.4486045121634,-21.2581339582456));
#13177=CARTESIAN_POINT('Origin',(42.,-94.7754111391894,-17.9551760772792));
#13178=CARTESIAN_POINT('',(25.1961524227067,-95.1895216113535,-19.5006573993417));
#13179=CARTESIAN_POINT('',(25.1961524227067,-94.7754111391894,-17.9551760772792));
#13180=CARTESIAN_POINT('',(42.,-95.1895216113534,-19.5006573993417));
#13181=CARTESIAN_POINT('',(42.,-94.7754111391893,-17.9551760772792));
#13182=CARTESIAN_POINT('',(42.,-95.1895216113534,-19.5006573993417));
#13183=CARTESIAN_POINT('Origin',(42.,-82.4486045121634,-21.2581339582456));
#13184=CARTESIAN_POINT('',(47.7210788543756,-93.8814246373684,-19.8511609271426));
#13185=CARTESIAN_POINT('',(47.7210788543756,-93.4673141652044,-18.3056796050801));
#13186=CARTESIAN_POINT('Origin',(42.,-82.8627149843275,-22.803615280308));
#13187=CARTESIAN_POINT('Origin',(53.2044679781828,-85.2613835002887,5.37745241036203));
#13188=CARTESIAN_POINT('Origin',(-20.,-90.2367866642042,6.71060767015252));
#13189=CARTESIAN_POINT('Origin',(56.7616492814812,-27.3058339229448,-10.1516902957899));
#13190=CARTESIAN_POINT('Origin',(-56.7616492814811,-56.2836087116167,-2.38711894271395));
#13191=CARTESIAN_POINT('Origin',(56.7616492814812,20.9919158399,-23.0930333409853));
#13192=CARTESIAN_POINT('Origin',(-56.7616492814811,54.7993197600173,-32.1516999195739));
#13193=CARTESIAN_POINT('Origin',(56.7616492814812,54.7993197600173,-32.1516999195739));
#13194=CARTESIAN_POINT('Origin',(51.3891686996206,78.9474654172439,-38.6221760471372));
#13195=CARTESIAN_POINT('Origin',(25.,82.203478012075,-39.4946219924678));
#13196=CARTESIAN_POINT('Origin',(-25.,82.203478012075,-39.4946219924678));
#13197=CARTESIAN_POINT('Origin',(-51.3891686996205,78.947465417244,-38.6221760471372));
#13198=CARTESIAN_POINT('Origin',(-56.7616492814812,20.9919158399,-23.0930333409853));
#13199=CARTESIAN_POINT('Origin',(-56.7616492814811,-27.3058339229447,-10.1516902957899));
#13200=CARTESIAN_POINT('Origin',(56.7616492814812,-56.2836087116167,-2.38711894271394));
#13201=CARTESIAN_POINT('Origin',(-53.2044679781827,-85.2613835002887,5.37745241036202));
#13202=CARTESIAN_POINT('Origin',(20.,-90.2367866642042,6.71060767015252));
#13203=CARTESIAN_POINT('Origin',(27.,78.0000000000006,-27.901586694797));
#13204=CARTESIAN_POINT('',(27.,78.0000000000006,-37.4765026432983));
#13205=CARTESIAN_POINT('',(27.,71.3065736698293,-62.4567097842159));
#13206=CARTESIAN_POINT('',(27.,78.0000000000006,-27.901586694797));
#13207=CARTESIAN_POINT('Origin',(-25.,75.7330018845117,-63.6427676496944));
#13208=CARTESIAN_POINT('',(-20.9999999999999,78.6307793633788,-64.419224785002));
#13209=CARTESIAN_POINT('',(-20.9999999905885,79.7744069892033,-60.151148367652));
#13210=CARTESIAN_POINT('',(-20.9999999999999,78.6307793633788,-64.419224785002));
#13211=CARTESIAN_POINT('Origin',(-25.,75.7330018845117,-63.6427676496944));
#13212=CARTESIAN_POINT('Ctrl Pts',(-20.9999999999999,79.7744069937153,-60.1511483636468));
#13213=CARTESIAN_POINT('Ctrl Pts',(-21.3796278139965,80.3920118491887,-59.8019079835762));
#13214=CARTESIAN_POINT('Ctrl Pts',(-21.845586258617,80.9282572547282,-59.4286472383951));
#13215=CARTESIAN_POINT('Ctrl Pts',(-22.7610974126169,81.7137249296797,-58.6886678897792));
#13216=CARTESIAN_POINT('Ctrl Pts',(-23.1791931749867,81.9945939025654,-58.3483781689561));
#13217=CARTESIAN_POINT('Ctrl Pts',(-23.9032246273371,82.3800241786186,-57.7213712569876));
#13218=CARTESIAN_POINT('Ctrl Pts',(-24.2011522878625,82.5106993361702,-57.4529723067755));
#13219=CARTESIAN_POINT('Ctrl Pts',(-24.7780519461943,82.7185612809947,-56.9026335303203));
#13220=CARTESIAN_POINT('Ctrl Pts',(-25.0554409981859,82.7974369690104,-56.6237401020227));
#13221=CARTESIAN_POINT('Ctrl Pts',(-25.6834549355168,82.9352515488808,-55.9506591695441));
#13222=CARTESIAN_POINT('Ctrl Pts',(-26.0266249888673,82.9793508467821,-55.5509029219625));
#13223=CARTESIAN_POINT('Ctrl Pts',(-27.348385699473,83.0499669303906,-53.8533252380174));
#13224=CARTESIAN_POINT('Ctrl Pts',(-28.0519455401686,82.8499798507133,-52.5569529284394));
#13225=CARTESIAN_POINT('Ctrl Pts',(-28.6327468093298,82.6819494186898,-51.0082144114887));
#13226=CARTESIAN_POINT('Ctrl Pts',(-28.7661860887355,82.6416296951428,-50.5783932154788));
#13227=CARTESIAN_POINT('Ctrl Pts',(-28.9158731710076,82.63853047018,-49.8884088398965));
#13228=CARTESIAN_POINT('Ctrl Pts',(-28.9583557879405,82.6530134007471,-49.6204200507082));
#13229=CARTESIAN_POINT('Ctrl Pts',(-28.9937491960847,82.7177625118188,-49.1988115115633));
#13230=CARTESIAN_POINT('Ctrl Pts',(-28.9999999999999,82.7489252755132,-49.0500950079355));
#13231=CARTESIAN_POINT('Ctrl Pts',(-28.9999999999999,82.788717958088,-48.901586694797));
#13232=CARTESIAN_POINT('Ctrl Pts',(-29.,82.7887179580879,-48.901586694797));
#13233=CARTESIAN_POINT('Ctrl Pts',(-29.,82.0752416386905,-51.5643165687855));
#13234=CARTESIAN_POINT('Ctrl Pts',(-27.4486861330674,80.8893047761509,-55.9902931943517));
#13235=CARTESIAN_POINT('Ctrl Pts',(-22.4106914615311,79.8132531812289,-60.006172418166));
#13236=CARTESIAN_POINT('Ctrl Pts',(-18.8057504105487,79.5915879435715,-60.8334383473751));
#13237=CARTESIAN_POINT('Ctrl Pts',(-17.,79.5915879435715,-60.8334383473751));
#13238=CARTESIAN_POINT('Ctrl Pts',(-28.3053120701184,84.3983667882198,-49.3328907989285));
#13239=CARTESIAN_POINT('Ctrl Pts',(-28.2085276554753,83.722290381365,-51.8497543423474));
#13240=CARTESIAN_POINT('Ctrl Pts',(-26.5951951887862,82.6144228037619,-55.9140038941103));
#13241=CARTESIAN_POINT('Ctrl Pts',(-21.9025074061914,81.6311399220829,-59.468776806547));
#13242=CARTESIAN_POINT('Ctrl Pts',(-18.6356905985168,81.4308006403065,-60.1894877965157));
#13243=CARTESIAN_POINT('Ctrl Pts',(-17.,81.4308006403065,-60.1894877965157));
#13244=CARTESIAN_POINT('Ctrl Pts',(-27.6106241402368,86.0080156183517,-49.7641949030601));
#13245=CARTESIAN_POINT('Ctrl Pts',(-27.4170553109506,85.3693391240397,-52.1351921159094));
#13246=CARTESIAN_POINT('Ctrl Pts',(-25.741704244505,84.3395408313729,-55.837714593869));
#13247=CARTESIAN_POINT('Ctrl Pts',(-21.3943233508517,83.449026662937,-58.9313811949281));
#13248=CARTESIAN_POINT('Ctrl Pts',(-18.4656307864849,83.2700133370415,-59.5455372456563));
#13249=CARTESIAN_POINT('Ctrl Pts',(-17.,83.2700133370415,-59.5455372456563));
#13250=CARTESIAN_POINT('Ctrl Pts',(-26.9159362103552,87.6176644484835,-50.1954990071916));
#13251=CARTESIAN_POINT('Ctrl Pts',(-26.625582966426,87.0163878667143,-52.4206298894714));
#13252=CARTESIAN_POINT('Ctrl Pts',(-24.8882133002239,86.0646588589838,-55.7614252936276));
#13253=CARTESIAN_POINT('Ctrl Pts',(-20.886139295512,85.266913403791,-58.3939855833091));
#13254=CARTESIAN_POINT('Ctrl Pts',(-18.295570974453,85.1092260337766,-58.901586694797));
#13255=CARTESIAN_POINT('Ctrl Pts',(-17.,85.1092260337766,-58.901586694797));
#13256=CARTESIAN_POINT('',(-26.9159362103552,87.6176644484835,-50.1954990071916));
#13257=CARTESIAN_POINT('',(-29.,82.7887179580879,-48.901586694797));
#13258=CARTESIAN_POINT('',(-17.,85.1092260337766,-58.901586694797));
#13259=CARTESIAN_POINT('Ctrl Pts',(-26.9159362103552,87.6176644484835,-50.1954990071916));
#13260=CARTESIAN_POINT('Ctrl Pts',(-26.625582966426,87.0163878667143,-52.4206298894714));
#13261=CARTESIAN_POINT('Ctrl Pts',(-24.8882133002239,86.0646588589838,-55.7614252936276));
#13262=CARTESIAN_POINT('Ctrl Pts',(-20.886139295512,85.266913403791,-58.3939855833091));
#13263=CARTESIAN_POINT('Ctrl Pts',(-18.295570974453,85.1092260337766,-58.901586694797));
#13264=CARTESIAN_POINT('Ctrl Pts',(-17.,85.1092260337766,-58.901586694797));
#13265=CARTESIAN_POINT('',(-17.,79.5915879435715,-60.8334383473751));
#13266=CARTESIAN_POINT('',(-17.,79.5915879435715,-60.8334383473751));
#13267=CARTESIAN_POINT('Ctrl Pts',(-17.,79.5915879435715,-60.8334383473751));
#13268=CARTESIAN_POINT('Ctrl Pts',(-18.3603503630005,79.5915879435715,-60.8334383473751));
#13269=CARTESIAN_POINT('Ctrl Pts',(-19.7188393044686,79.6544883865952,-60.5986906981919));
#13270=CARTESIAN_POINT('Ctrl Pts',(-20.99926087947,79.7749333331152,-60.1491840382645));
#13271=CARTESIAN_POINT('Origin',(-27.,78.0000000000006,-48.901586694797));
#13272=CARTESIAN_POINT('',(-27.,78.0000000000006,-37.4765026432983));
#13273=CARTESIAN_POINT('',(-27.,71.3065736698293,-62.4567097842159));
#13274=CARTESIAN_POINT('',(-27.,78.0000000000006,-48.901586694797));
#13275=CARTESIAN_POINT('Origin',(25.,75.7330018845117,-63.6427676496944));
#13276=CARTESIAN_POINT('',(21.,78.6307793633788,-64.419224785002));
#13277=CARTESIAN_POINT('Origin',(25.,75.7330018845117,-63.6427676496944));
#13278=CARTESIAN_POINT('',(20.9999999905886,79.7744069892033,-60.151148367652));
#13279=CARTESIAN_POINT('',(21.,78.6307793633788,-64.419224785002));
#13280=CARTESIAN_POINT('Ctrl Pts',(29.,82.788717958088,-48.901586694797));
#13281=CARTESIAN_POINT('Ctrl Pts',(29.,82.7682540131494,-48.9779591770309));
#13282=CARTESIAN_POINT('Ctrl Pts',(28.998341892405,82.7500002827505,-49.0546402170433));
#13283=CARTESIAN_POINT('Ctrl Pts',(28.9912918177516,82.7163242940017,-49.2165135592631));
#13284=CARTESIAN_POINT('Ctrl Pts',(28.9855962349196,82.7014626846917,-49.3011651424066));
#13285=CARTESIAN_POINT('Ctrl Pts',(28.9548358595061,82.6522034825311,-49.641070137884));
#13286=CARTESIAN_POINT('Ctrl Pts',(28.9143119597927,82.6389187683834,-49.8939314171737));
#13287=CARTESIAN_POINT('Ctrl Pts',(28.688608321455,82.6421372252288,-50.9411549674911));
#13288=CARTESIAN_POINT('Ctrl Pts',(28.3492078182589,82.7856649925355,-51.8660510960814));
#13289=CARTESIAN_POINT('Ctrl Pts',(27.4962678358256,82.9586483419624,-53.4910050477393));
#13290=CARTESIAN_POINT('Ctrl Pts',(27.103626351186,83.0060026998085,-54.1155694005001));
#13291=CARTESIAN_POINT('Ctrl Pts',(26.3148958050503,83.004949651648,-55.1983069127682));
#13292=CARTESIAN_POINT('Ctrl Pts',(25.935827988826,82.9733464276713,-55.6618160004917));
#13293=CARTESIAN_POINT('Ctrl Pts',(25.2608798699434,82.8483649212713,-56.4098468857229));
#13294=CARTESIAN_POINT('Ctrl Pts',(24.9771278380278,82.7773423837252,-56.7035832853018));
#13295=CARTESIAN_POINT('Ctrl Pts',(24.4086795032402,82.5916452931191,-57.2594148448595));
#13296=CARTESIAN_POINT('Ctrl Pts',(24.1259936574434,82.478985060837,-57.5205707236484));
#13297=CARTESIAN_POINT('Ctrl Pts',(23.4634769484546,82.158661197605,-58.1074239083964));
#13298=CARTESIAN_POINT('Ctrl Pts',(23.0879549288793,81.9336729646513,-58.4205545864597));
#13299=CARTESIAN_POINT('Ctrl Pts',(22.0614548224002,81.16661842943,-59.2581771355484));
#13300=CARTESIAN_POINT('Ctrl Pts',(21.4666579850489,80.5335985671078,-59.7218441713493));
#13301=CARTESIAN_POINT('Ctrl Pts',(21.,79.7744069937153,-60.1511483636468));
#13302=CARTESIAN_POINT('Ctrl Pts',(17.,79.5915879435715,-60.8334383473751));
#13303=CARTESIAN_POINT('Ctrl Pts',(19.7086256158232,79.5915879435715,-60.8334383473751));
#13304=CARTESIAN_POINT('Ctrl Pts',(24.2006814322784,80.0168866701722,-59.2462018913071));
#13305=CARTESIAN_POINT('Ctrl Pts',(28.188944154387,81.3634780361768,-54.2206544963448));
#13306=CARTESIAN_POINT('Ctrl Pts',(29.,82.3130670784896,-50.6767399441226));
#13307=CARTESIAN_POINT('Ctrl Pts',(29.,82.7887179580879,-48.901586694797));
#13308=CARTESIAN_POINT('Ctrl Pts',(17.,81.4308006403065,-60.1894877965157));
#13309=CARTESIAN_POINT('Ctrl Pts',(19.4535358977753,81.4308006403065,-60.1894877965157));
#13310=CARTESIAN_POINT('Ctrl Pts',(23.5324165829023,81.8140109683235,-58.8143458727702));
#13311=CARTESIAN_POINT('Ctrl Pts',(27.3502692854728,83.0553626621618,-54.3024973752045));
#13312=CARTESIAN_POINT('Ctrl Pts',(28.2407891270231,83.94764918365,-51.0107998278745));
#13313=CARTESIAN_POINT('Ctrl Pts',(28.3053120701184,84.3983667882198,-49.3328907989285));
#13314=CARTESIAN_POINT('Ctrl Pts',(17.,83.2700133370415,-59.5455372456563));
#13315=CARTESIAN_POINT('Ctrl Pts',(19.1984461797274,83.2700133370415,-59.5455372456563));
#13316=CARTESIAN_POINT('Ctrl Pts',(22.8641517335261,83.6111352664748,-58.3824898542332));
#13317=CARTESIAN_POINT('Ctrl Pts',(26.5115944165587,84.7472472881469,-54.3843402540644));
#13318=CARTESIAN_POINT('Ctrl Pts',(27.4815782540461,85.5822312888103,-51.3448597116263));
#13319=CARTESIAN_POINT('Ctrl Pts',(27.6106241402368,86.0080156183517,-49.7641949030601));
#13320=CARTESIAN_POINT('Ctrl Pts',(17.,85.1092260337766,-58.901586694797));
#13321=CARTESIAN_POINT('Ctrl Pts',(18.9433564616795,85.1092260337766,-58.901586694797));
#13322=CARTESIAN_POINT('Ctrl Pts',(22.1958868841499,85.4082595646261,-57.9506338356963));
#13323=CARTESIAN_POINT('Ctrl Pts',(25.6729195476446,86.4391319141319,-54.4661831329241));
#13324=CARTESIAN_POINT('Ctrl Pts',(26.7223673810691,87.2168133939707,-51.6789195953782));
#13325=CARTESIAN_POINT('Ctrl Pts',(26.9159362103552,87.6176644484835,-50.1954990071916));
#13326=CARTESIAN_POINT('',(17.,79.5915879435715,-60.8334383473751));
#13327=CARTESIAN_POINT('Ctrl Pts',(20.9967187062231,79.7767358824433,-60.142456832589));
#13328=CARTESIAN_POINT('Ctrl Pts',(19.716649232855,79.6559208735899,-60.5933445839465));
#13329=CARTESIAN_POINT('Ctrl Pts',(18.3600127528041,79.5915879435715,-60.8334383473751));
#13330=CARTESIAN_POINT('Ctrl Pts',(17.,79.5915879435715,-60.8334383473751));
#13331=CARTESIAN_POINT('',(17.,85.1092260337766,-58.901586694797));
#13332=CARTESIAN_POINT('',(17.,79.5915879435715,-60.8334383473751));
#13333=CARTESIAN_POINT('',(26.9159362103552,87.6176644484835,-50.1954990071916));
#13334=CARTESIAN_POINT('Ctrl Pts',(17.,85.1092260337766,-58.901586694797));
#13335=CARTESIAN_POINT('Ctrl Pts',(18.9433564616795,85.1092260337766,-58.901586694797));
#13336=CARTESIAN_POINT('Ctrl Pts',(22.1958868841499,85.4082595646261,-57.9506338356963));
#13337=CARTESIAN_POINT('Ctrl Pts',(25.6729195476446,86.4391319141319,-54.4661831329241));
#13338=CARTESIAN_POINT('Ctrl Pts',(26.7223673810691,87.2168133939707,-51.6789195953782));
#13339=CARTESIAN_POINT('Ctrl Pts',(26.9159362103552,87.6176644484835,-50.1954990071916));
#13340=CARTESIAN_POINT('',(26.9159362103552,87.6176644484835,-50.1954990071916));
#13341=CARTESIAN_POINT('Origin',(-56.7616492814811,-62.75408483918,-26.5352645999406));
#13342=CARTESIAN_POINT('',(-61.7616492814811,-62.75408483918,-26.5352645999406));
#13343=CARTESIAN_POINT('Origin',(-56.7616492814811,-38.8133231671953,62.8128743317998));
#13344=CARTESIAN_POINT('Origin',(-56.7616492814811,-62.75408483918,-26.5352645999406));
#13345=CARTESIAN_POINT('Origin',(0.,-99.7952905191477,-16.6101034513176));
#13346=CARTESIAN_POINT('',(21.,78.6307793633788,-64.419224785002));
#13347=CARTESIAN_POINT('',(49.5928113238242,76.9841590253394,-63.9780141951837));
#13348=CARTESIAN_POINT('Origin',(42.,61.4743436049076,-59.822171678523));
#13349=CARTESIAN_POINT('',(54.569426040987,76.2037563585124,-63.7689059308363));
#13350=CARTESIAN_POINT('Origin',(51.3891686996206,72.4769892896806,-62.7703217043638));
#13351=CARTESIAN_POINT('',(56.312425233173,71.6340591289475,-62.5444592485196));
#13352=CARTESIAN_POINT('Origin',(51.3891686996206,72.4769892896806,-62.7703217043638));
#13353=CARTESIAN_POINT('',(59.7616492814812,61.4743436049076,-59.822171678523));
#13354=CARTESIAN_POINT('Origin',(42.,61.4743436049076,-59.822171678523));
#13355=CARTESIAN_POINT('',(59.7616492814812,52.1925469376102,-57.3351217572107));
#13356=CARTESIAN_POINT('',(59.7616492814812,-91.1219475156555,-18.9341187047816));
#13357=CARTESIAN_POINT('',(61.7616492814815,48.328843632454,-56.2998455768005));
#13358=CARTESIAN_POINT('Origin',(56.7616492814812,48.328843632454,-56.2998455768005));
#13359=CARTESIAN_POINT('',(59.7616492814812,44.4651403272977,-55.2645693963904));
#13360=CARTESIAN_POINT('Origin',(56.7616492814812,48.328843632454,-56.2998455768005));
#13361=CARTESIAN_POINT('',(59.7616492814812,18.3851430174929,-48.276455178622));
#13362=CARTESIAN_POINT('',(59.7616492814812,-91.1219475156555,-18.9341187047816));
#13363=CARTESIAN_POINT('',(61.7616492814815,14.5214397123367,-47.2411789982119));
#13364=CARTESIAN_POINT('Origin',(56.7616492814812,14.5214397123367,-47.2411789982119));
#13365=CARTESIAN_POINT('',(59.7616492814812,10.6577364071804,-46.2059028178017));
#13366=CARTESIAN_POINT('Origin',(56.7616492814812,14.5214397123367,-47.2411789982119));
#13367=CARTESIAN_POINT('',(59.7616492814812,-29.9126067453518,-35.3351121334267));
#13368=CARTESIAN_POINT('',(59.7616492814812,-91.1219475156555,-18.9341187047816));
#13369=CARTESIAN_POINT('',(61.7616492814814,-33.7763100505081,-34.2998359530166));
#13370=CARTESIAN_POINT('Origin',(56.7616492814812,-33.7763100505081,-34.2998359530165));
#13371=CARTESIAN_POINT('',(59.7616492814812,-37.6400133556644,-33.2645597726064));
#13372=CARTESIAN_POINT('Origin',(56.7616492814812,-33.7763100505081,-34.2998359530165));
#13373=CARTESIAN_POINT('',(59.7616492814812,-58.8903815340238,-27.5705407803507));
#13374=CARTESIAN_POINT('',(59.7616492814812,-91.1219475156555,-18.9341187047816));
#13375=CARTESIAN_POINT('',(61.7616492814814,-62.7540848391801,-26.5352645999406));
#13376=CARTESIAN_POINT('Origin',(56.7616492814812,-62.7540848391801,-26.5352645999406));
#13377=CARTESIAN_POINT('',(59.7616492814812,-66.6177881443363,-25.4999884195304));
#13378=CARTESIAN_POINT('Origin',(56.7616492814812,-62.7540848391801,-26.5352645999406));
#13379=CARTESIAN_POINT('',(59.7616492814812,-82.4486045121634,-21.2581339582456));
#13380=CARTESIAN_POINT('',(59.7616492814812,-91.1219475156555,-18.9341187047816));
#13381=CARTESIAN_POINT('',(57.9049622113134,-90.0854295041631,-19.2118528689013));
#13382=CARTESIAN_POINT('Origin',(42.,-82.4486045121634,-21.2581339582456));
#13383=CARTESIAN_POINT('',(56.9995953940035,-94.8762423924964,-17.9281584243837));
#13384=CARTESIAN_POINT('Origin',(53.2044679781828,-91.731859627852,-18.7706932468646));
#13385=CARTESIAN_POINT('',(52.2354267207912,-96.469916234247,-17.5011348054881));
#13386=CARTESIAN_POINT('Origin',(53.2044679781828,-91.731859627852,-18.7706932468646));
#13387=CARTESIAN_POINT('',(42.,-99.6050402706348,-16.6610808517665));
#13388=CARTESIAN_POINT('Origin',(42.,-82.4486045121634,-21.2581339582456));
#13389=CARTESIAN_POINT('',(24.,-99.6050402706348,-16.6610808517665));
#13390=CARTESIAN_POINT('',(-21.,-99.6050402706347,-16.6610808517665));
#13391=CARTESIAN_POINT('',(20.,-101.536891923213,-16.1434427615614));
#13392=CARTESIAN_POINT('Origin',(20.,-96.7072627917675,-17.4375379870741));
#13393=CARTESIAN_POINT('',(16.,-99.6050402706348,-16.6610808517665));
#13394=CARTESIAN_POINT('Origin',(20.,-96.7072627917675,-17.4375379870741));
#13395=CARTESIAN_POINT('',(-16.,-99.6050402706347,-16.6610808517665));
#13396=CARTESIAN_POINT('',(-21.,-99.6050402706347,-16.6610808517665));
#13397=CARTESIAN_POINT('',(-20.,-101.536891923213,-16.1434427615614));
#13398=CARTESIAN_POINT('Origin',(-20.,-96.7072627917675,-17.4375379870741));
#13399=CARTESIAN_POINT('',(-24.,-99.6050402706347,-16.6610808517665));
#13400=CARTESIAN_POINT('Origin',(-20.,-96.7072627917675,-17.4375379870741));
#13401=CARTESIAN_POINT('',(-21.,-99.6050402706347,-16.6610808517665));
#13402=CARTESIAN_POINT('',(-56.9995953939967,-94.8762423924908,-17.9281584243852));
#13403=CARTESIAN_POINT('Origin',(-53.2044679781827,-91.731859627852,-18.7706932468646));
#13404=CARTESIAN_POINT('',(-58.0166752132505,-90.42066680841,-19.1220263039556));
#13405=CARTESIAN_POINT('Origin',(-53.2044679781827,-91.731859627852,-18.7706932468646));
#13406=CARTESIAN_POINT('Origin',(-58.9791166602641,-90.1584282445216,-19.1922929153738));
#13407=CARTESIAN_POINT('Origin',(-56.7616492814811,-62.75408483918,-26.5352645999406));
#13408=CARTESIAN_POINT('',(-61.7616492814811,-33.7763100505081,-34.2998359530166));
#13409=CARTESIAN_POINT('Origin',(-56.7616492814811,-33.7763100505081,-34.2998359530166));
#13410=CARTESIAN_POINT('Origin',(-56.7616492814811,-33.7763100505081,-34.2998359530166));
#13411=CARTESIAN_POINT('',(-61.7616492814811,14.5214397123367,-47.2411789982119));
#13412=CARTESIAN_POINT('Origin',(-56.7616492814812,14.5214397123367,-47.2411789982119));
#13413=CARTESIAN_POINT('Origin',(-56.7616492814812,14.5214397123367,-47.2411789982119));
#13414=CARTESIAN_POINT('',(-61.7616492814811,48.328843632454,-56.2998455768005));
#13415=CARTESIAN_POINT('Origin',(-56.7616492814811,48.328843632454,-56.2998455768005));
#13416=CARTESIAN_POINT('Origin',(-56.7616492814811,48.328843632454,-56.2998455768005));
#13417=CARTESIAN_POINT('',(-54.5694260409866,76.2037563585121,-63.7689059308362));
#13418=CARTESIAN_POINT('Origin',(-51.3891686996205,72.4769892896806,-62.7703217043638));
#13419=CARTESIAN_POINT('Origin',(-51.3891686996205,72.4769892896806,-62.7703217043638));
#13420=CARTESIAN_POINT('',(56.7616492814812,-30.0352954116189,-35.30223780438));
#13421=CARTESIAN_POINT('Origin',(55.7616492814812,-30.0352954116189,-35.3022378043799));
#13422=CARTESIAN_POINT('',(56.7616492814812,10.7804250734475,-46.2387771468485));
#13423=CARTESIAN_POINT('',(56.7616492814812,-44.0858141428391,-31.537412657111));
#13424=CARTESIAN_POINT('Origin',(55.7616492814812,10.7804250734475,-46.2387771468484));
#13425=CARTESIAN_POINT('',(56.7616492814812,18.2624543512258,-48.2435808495753));
#13426=CARTESIAN_POINT('Origin',(55.7616492814812,18.2624543512259,-48.2435808495752));
#13427=CARTESIAN_POINT('',(56.7616492814812,44.5878289935648,-55.2974437254371));
#13428=CARTESIAN_POINT('',(56.7616492814812,-27.1821121827804,-36.0667459464053));
#13429=CARTESIAN_POINT('Origin',(55.7616492814812,44.5878289935648,-55.297443725437));
#13430=CARTESIAN_POINT('',(56.7616492814812,52.0698582713431,-57.3022474281639));
#13431=CARTESIAN_POINT('Origin',(55.7616492814812,52.0698582713432,-57.3022474281638));
#13432=CARTESIAN_POINT('',(56.7616492814813,61.4743436049076,-59.822171678523));
#13433=CARTESIAN_POINT('',(56.7616492814812,-19.1604734571201,-38.2161375649203));
#13434=CARTESIAN_POINT('',(54.1090773412621,69.6292141081297,-62.0072626442417));
#13435=CARTESIAN_POINT('Origin',(42.,61.4743436049076,-59.8221716785228));
#13436=CARTESIAN_POINT('Origin',(53.2887708084106,69.0767778357511,-61.8592377911882));
#13437=CARTESIAN_POINT('',(47.9759730958606,74.512339958892,-63.3156922724931));
#13438=CARTESIAN_POINT('Origin',(47.5711421056435,73.6291055651349,-63.0790303299584));
#13439=CARTESIAN_POINT('',(42.,75.7330018845117,-63.6427676496944));
#13440=CARTESIAN_POINT('Origin',(42.,61.4743436049076,-59.8221716785228));
#13441=CARTESIAN_POINT('',(28.8729833462075,75.7330018845117,-63.6427676496944));
#13442=CARTESIAN_POINT('',(14.0000000000001,75.7330018845117,-63.6427676496944));
#13443=CARTESIAN_POINT('Origin',(28.8729833462075,74.7670760582226,-63.3839486045918));
#13444=CARTESIAN_POINT('',(21.1270166537926,75.7330018845117,-63.6427676496944));
#13445=CARTESIAN_POINT('Origin',(21.1270166537926,74.7670760582226,-63.3839486045917));
#13446=CARTESIAN_POINT('',(-21.1270166537924,75.7330018845117,-63.6427676496944));
#13447=CARTESIAN_POINT('',(-11.,75.7330018845117,-63.6427676496944));
#13448=CARTESIAN_POINT('Origin',(-21.1270166537924,74.7670760582226,-63.3839486045917));
#13449=CARTESIAN_POINT('',(-28.8729833462074,75.7330018845116,-63.6427676496944));
#13450=CARTESIAN_POINT('Origin',(-28.8729833462074,74.7670760582226,-63.3839486045917));
#13451=CARTESIAN_POINT('',(-42.,75.7330018845117,-63.6427676496944));
#13452=CARTESIAN_POINT('',(-20.9999999999996,75.7330018845116,-63.6427676496944));
#13453=CARTESIAN_POINT('',(-47.9759730958605,74.512339958892,-63.3156922724931));
#13454=CARTESIAN_POINT('Origin',(-42.,61.4743436049076,-59.8221716785228));
#13455=CARTESIAN_POINT('Origin',(-47.5711421056434,73.6291055651349,-63.0790303299584));
#13456=CARTESIAN_POINT('',(-54.1090773412619,69.6292141081297,-62.0072626442417));
#13457=CARTESIAN_POINT('Origin',(-53.2887708084104,69.0767778357511,-61.8592377911882));
#13458=CARTESIAN_POINT('',(-56.7616492814811,61.4743436049076,-59.822171678523));
#13459=CARTESIAN_POINT('Origin',(-42.,61.4743436049076,-59.8221716785228));
#13460=CARTESIAN_POINT('',(-56.7616492814811,52.0698582713431,-57.3022474281639));
#13461=CARTESIAN_POINT('',(-56.761649281481,-24.2843347039133,-36.8432030817129));
#13462=CARTESIAN_POINT('Origin',(-55.7616492814811,52.0698582713432,-57.3022474281638));
#13463=CARTESIAN_POINT('',(-56.7616492814811,44.5878289935648,-55.2974437254371));
#13464=CARTESIAN_POINT('Origin',(-55.7616492814811,44.5878289935648,-55.297443725437));
#13465=CARTESIAN_POINT('',(-56.7616492814811,18.2624543512259,-48.2435808495753));
#13466=CARTESIAN_POINT('',(-56.7616492814811,-41.1880366639719,-32.3138697924186));
#13467=CARTESIAN_POINT('Origin',(-55.7616492814811,18.2624543512259,-48.2435808495752));
#13468=CARTESIAN_POINT('',(-56.7616492814811,10.7804250734475,-46.2387771468485));
#13469=CARTESIAN_POINT('Origin',(-55.7616492814811,10.7804250734475,-46.2387771468484));
#13470=CARTESIAN_POINT('',(-56.7616492814811,-30.0352954116189,-35.30223780438));
#13471=CARTESIAN_POINT('',(-56.7616492814811,-65.3369115453942,-25.8431982698209));
#13472=CARTESIAN_POINT('Origin',(-55.7616492814811,-30.0352954116189,-35.3022378043799));
#13473=CARTESIAN_POINT('',(-56.7616492814811,-37.5173246893973,-33.2974341016531));
#13474=CARTESIAN_POINT('Origin',(-55.7616492814811,-37.5173246893972,-33.2974341016531));
#13475=CARTESIAN_POINT('',(-56.7616492814812,-59.0130702002908,-27.537666451304));
#13476=CARTESIAN_POINT('',(-56.7616492814812,-79.8257989397302,-21.9609125932829));
#13477=CARTESIAN_POINT('Origin',(-55.7616492814812,-59.0130702002908,-27.537666451304));
#13478=CARTESIAN_POINT('',(-56.7616492814812,-66.4950994780692,-25.5328627485772));
#13479=CARTESIAN_POINT('Origin',(-55.7616492814812,-66.4950994780692,-25.5328627485771));
#13480=CARTESIAN_POINT('',(-56.7616492814812,-82.4486045121634,-21.2581339582456));
#13481=CARTESIAN_POINT('',(-56.7616492814812,-91.1219475156555,-18.9341187047816));
#13482=CARTESIAN_POINT('',(-55.3781445782555,-88.4755123982772,-19.6432288573045));
#13483=CARTESIAN_POINT('Origin',(-41.9999999999999,-82.4486045121634,-21.2581339582456));
#13484=CARTESIAN_POINT('Origin',(-54.4718674866409,-88.0672309270683,-19.7526275477995));
#13485=CARTESIAN_POINT('',(-50.2034645065446,-94.3027404499399,-18.0818278067494));
#13486=CARTESIAN_POINT('Origin',(-49.6477363253558,-93.4997044400919,-18.2970006570813));
#13487=CARTESIAN_POINT('',(-42.,-96.7072627917675,-17.4375379870741));
#13488=CARTESIAN_POINT('Origin',(-41.9999999999999,-82.4486045121634,-21.2581339582456));
#13489=CARTESIAN_POINT('',(-23.8729833462074,-96.7072627917675,-17.4375379870741));
#13490=CARTESIAN_POINT('',(-11.5,-96.7072627917675,-17.4375379870741));
#13491=CARTESIAN_POINT('Origin',(-23.8729833462074,-95.7413369654784,-17.6963570321766));
#13492=CARTESIAN_POINT('',(-16.1270166537926,-96.7072627917675,-17.4375379870741));
#13493=CARTESIAN_POINT('Origin',(-16.1270166537926,-95.7413369654785,-17.6963570321766));
#13494=CARTESIAN_POINT('',(16.1270166537926,-96.7072627917675,-17.4375379870741));
#13495=CARTESIAN_POINT('',(8.50000000000001,-96.7072627917675,-17.4375379870741));
#13496=CARTESIAN_POINT('Origin',(16.1270166537926,-95.7413369654785,-17.6963570321766));
#13497=CARTESIAN_POINT('',(23.8729833462074,-96.7072627917675,-17.4375379870741));
#13498=CARTESIAN_POINT('Origin',(23.8729833462074,-95.7413369654785,-17.6963570321766));
#13499=CARTESIAN_POINT('',(42.0000000000001,-96.7072627917674,-17.4375379870741));
#13500=CARTESIAN_POINT('',(21.,-96.7072627917676,-17.4375379870741));
#13501=CARTESIAN_POINT('',(50.2034645065446,-94.3027404499398,-18.0818278067495));
#13502=CARTESIAN_POINT('Origin',(42.,-82.4486045121634,-21.2581339582455));
#13503=CARTESIAN_POINT('Origin',(49.6477363253558,-93.4997044400918,-18.2970006570814));
#13504=CARTESIAN_POINT('',(55.3781445782555,-88.4755123982773,-19.6432288573045));
#13505=CARTESIAN_POINT('Origin',(54.4718674866409,-88.0672309270683,-19.7526275477995));
#13506=CARTESIAN_POINT('',(56.7616492814812,-82.4486045121634,-21.2581339582456));
#13507=CARTESIAN_POINT('Origin',(42.,-82.4486045121634,-21.2581339582455));
#13508=CARTESIAN_POINT('',(56.7616492814812,-66.4950994780692,-25.5328627485772));
#13509=CARTESIAN_POINT('',(56.7616492814812,-82.7235764185974,-21.1844554579753));
#13510=CARTESIAN_POINT('Origin',(55.7616492814812,-66.4950994780692,-25.5328627485771));
#13511=CARTESIAN_POINT('',(56.7616492814812,-59.0130702002909,-27.537666451304));
#13512=CARTESIAN_POINT('Origin',(55.7616492814812,-59.0130702002908,-27.5376664513039));
#13513=CARTESIAN_POINT('',(56.7616492814812,-37.5173246893973,-33.2974341016531));
#13514=CARTESIAN_POINT('',(56.7616492814812,-68.2346890242615,-25.0667411345133));
#13515=CARTESIAN_POINT('Origin',(55.7616492814812,-37.5173246893973,-33.2974341016531));
#13516=CARTESIAN_POINT('Origin',(-51.3891686996205,72.4769892896806,-62.7703217043638));
#13517=CARTESIAN_POINT('Ctrl Pts',(-54.5694260409867,76.2037563585117,-63.7689059308379));
#13518=CARTESIAN_POINT('Ctrl Pts',(-54.6194100642165,76.1639595009674,-63.7582423949976));
#13519=CARTESIAN_POINT('Ctrl Pts',(-54.6642742881781,76.1310899114975,-63.7318910152805));
#13520=CARTESIAN_POINT('Ctrl Pts',(-54.7471042605685,76.0743835354191,-63.6598270505646));
#13521=CARTESIAN_POINT('Ctrl Pts',(-54.7850504038966,76.0505700833295,-63.6140735788921));
#13522=CARTESIAN_POINT('Ctrl Pts',(-54.8903655643992,75.9892283427452,-63.459153682755));
#13523=CARTESIAN_POINT('Ctrl Pts',(-54.9488815113352,75.9619593109508,-63.3330021301266));
#13524=CARTESIAN_POINT('Ctrl Pts',(-55.1074687645771,75.8976902600881,-62.9345362612948));
#13525=CARTESIAN_POINT('Ctrl Pts',(-55.1867742598204,75.8830631919148,-62.632434093651));
#13526=CARTESIAN_POINT('Ctrl Pts',(-55.3281551104645,75.8716938019091,-62.0078587036699));
#13527=CARTESIAN_POINT('Ctrl Pts',(-55.3876507111463,75.8772043017967,-61.6847653601927));
#13528=CARTESIAN_POINT('Ctrl Pts',(-55.5466852675143,75.9114658975139,-60.7071843254336));
#13529=CARTESIAN_POINT('Ctrl Pts',(-55.6264863714044,75.9578940561587,-60.0461540920838));
#13530=CARTESIAN_POINT('Ctrl Pts',(-55.8740522711517,76.1507724608482,-57.712474015939));
#13531=CARTESIAN_POINT('Ctrl Pts',(-55.9847225419204,76.3617924873106,-55.9460401937185));
#13532=CARTESIAN_POINT('Ctrl Pts',(-56.1617355690785,76.833379612818,-52.3545603156638));
#13533=CARTESIAN_POINT('Ctrl Pts',(-56.2229413312338,77.0981718047937,-50.5298189441953));
#13534=CARTESIAN_POINT('Ctrl Pts',(-56.3601738059128,77.9458982323908,-44.9941918388043));
#13535=CARTESIAN_POINT('Ctrl Pts',(-56.389910848479,78.5819278604296,-41.2233385289585));
#13536=CARTESIAN_POINT('Ctrl Pts',(-56.3884400128958,79.881689142035,-33.8774842172831));
#13537=CARTESIAN_POINT('Ctrl Pts',(-56.3587349193544,80.5432496961077,-30.3043468115107));
#13538=CARTESIAN_POINT('Ctrl Pts',(-56.3124252331729,81.2103637977411,-26.8052036758241));
#13539=CARTESIAN_POINT('Origin',(-56.7616492814811,48.328843632454,-56.2998455768005));
#13540=CARTESIAN_POINT('Origin',(-56.7616492814811,72.2696053044386,33.0482933549393));
#13541=CARTESIAN_POINT('Origin',(-53.2044679781827,-91.731859627852,-18.7706932468646));
#13542=CARTESIAN_POINT('Ctrl Pts',(-56.9995953940035,-94.876242392539,-17.9281584245426));
#13543=CARTESIAN_POINT('Ctrl Pts',(-56.9573579686273,-94.9238061272184,
-17.9154137602462));
#13544=CARTESIAN_POINT('Ctrl Pts',(-56.9178693879293,-94.9620515494962,
-17.8875726314387));
#13545=CARTESIAN_POINT('Ctrl Pts',(-56.8427522740554,-95.0264808777531,
-17.8133085319807));
#13546=CARTESIAN_POINT('Ctrl Pts',(-56.8071362743015,-95.0526338369902,
-17.7668460444816));
#13547=CARTESIAN_POINT('Ctrl Pts',(-56.705643521131,-95.1178512065388,-17.6106094458607));
#13548=CARTESIAN_POINT('Ctrl Pts',(-56.6454620654347,-95.1435175924029,
-17.4846660984738));
#13549=CARTESIAN_POINT('Ctrl Pts',(-56.47691567031,-95.1981953890196,-17.0878452484498));
#13550=CARTESIAN_POINT('Ctrl Pts',(-56.3829154153383,-95.1983770890405,
-16.7888351390334));
#13551=CARTESIAN_POINT('Ctrl Pts',(-56.2072686244701,-95.1760062455259,
-16.1717029778113));
#13552=CARTESIAN_POINT('Ctrl Pts',(-56.1276962945751,-95.1506838453765,
-15.8530959226276));
#13553=CARTESIAN_POINT('Ctrl Pts',(-55.9043606343602,-95.0529192407561,
-14.8900505458386));
#13554=CARTESIAN_POINT('Ctrl Pts',(-55.776388884593,-94.9588553393259,-14.2401181331134));
#13555=CARTESIAN_POINT('Ctrl Pts',(-55.3532679165801,-94.5923105504561,
-11.9469637635596));
#13556=CARTESIAN_POINT('Ctrl Pts',(-55.0973922380666,-94.2374837898039,
-10.2144632409191));
#13557=CARTESIAN_POINT('Ctrl Pts',(-54.6192520666494,-93.4675579470324,
-6.69355698357396));
#13558=CARTESIAN_POINT('Ctrl Pts',(-54.4012544522292,-93.0473619670335,
-4.90568951539369));
#13559=CARTESIAN_POINT('Ctrl Pts',(-53.783876540462,-91.7236117218655,0.516856395911929));
#13560=CARTESIAN_POINT('Ctrl Pts',(-53.4212355331893,-90.757365441429,4.20909988242173));
#13561=CARTESIAN_POINT('Ctrl Pts',(-52.7774733402213,-88.8228352983118,
11.3715739202261));
#13562=CARTESIAN_POINT('Ctrl Pts',(-52.4942060556181,-87.8570815941952,
14.8399253457669));
#13563=CARTESIAN_POINT('Ctrl Pts',(-52.2354267207911,-86.8936115654532,
18.2381207672073));
#13564=CARTESIAN_POINT('Origin',(-28.,89.8832668132627,-32.0836281733967));
#13565=CARTESIAN_POINT('',(-27.,87.9650988601384,-48.901586694797));
#13566=CARTESIAN_POINT('',(-27.,87.9650988601384,-48.901586694797));
#13567=CARTESIAN_POINT('',(-27.,88.0000000000006,-48.771333867589));
#13568=CARTESIAN_POINT('',(-27.9918139675552,88.0000000000006,-39.1911466062308));
#13569=CARTESIAN_POINT('',(-27.,92.2980813789854,-32.730675786153));
#13570=CARTESIAN_POINT('Origin',(29.5,82.350406988674,-59.867512521086));
#13571=CARTESIAN_POINT('',(29.5,79.5915879435715,-60.8334383473751));
#13572=CARTESIAN_POINT('',(29.5,85.1092260337766,-58.901586694797));
#13573=CARTESIAN_POINT('Origin',(28.,92.5082668132628,-22.2869948035284));
#13574=CARTESIAN_POINT('',(27.,87.9650988601384,-48.901586694797));
#13575=CARTESIAN_POINT('',(29.,83.135469728693,-47.6074914692843));
#13576=CARTESIAN_POINT('',(27.,88.0000000000006,-48.771333867589));
#13577=CARTESIAN_POINT('',(27.,94.9230813789855,-22.9340424162847));
#13578=CARTESIAN_POINT('',(28.4935474629607,88.0000000000006,-34.3447731949674));
#13579=CARTESIAN_POINT('Ctrl Pts',(29.,82.7887179580879,-48.901586694797));
#13580=CARTESIAN_POINT('Ctrl Pts',(29.,82.904301881623,-48.4702216196261));
#13581=CARTESIAN_POINT('Ctrl Pts',(29.,83.019885805158,-48.0388565444552));
#13582=CARTESIAN_POINT('Ctrl Pts',(29.,83.135469728693,-47.6074914692843));
#13583=CARTESIAN_POINT('Ctrl Pts',(28.3053120701184,84.3983667882198,-49.3328907989285));
#13584=CARTESIAN_POINT('Ctrl Pts',(28.3240640998623,84.5142552854629,-48.9016073340368));
#13585=CARTESIAN_POINT('Ctrl Pts',(28.3333333333334,84.6297621823065,-48.4702216196261));
#13586=CARTESIAN_POINT('Ctrl Pts',(28.3333333333334,84.7453461058415,-48.0388565444552));
#13587=CARTESIAN_POINT('Ctrl Pts',(27.6106241402368,86.0080156183517,-49.7641949030601));
#13588=CARTESIAN_POINT('Ctrl Pts',(27.6481281997247,86.1242086893029,-49.3329930484474));
#13589=CARTESIAN_POINT('Ctrl Pts',(27.6666666666667,86.2396385594549,-48.901586694797));
#13590=CARTESIAN_POINT('Ctrl Pts',(27.6666666666667,86.3552224829899,-48.4702216196261));
#13591=CARTESIAN_POINT('Ctrl Pts',(26.9159362103552,87.6176644484835,-50.1954990071916));
#13592=CARTESIAN_POINT('Ctrl Pts',(26.972192299587,87.7341620931429,-49.7643787628581));
#13593=CARTESIAN_POINT('Ctrl Pts',(27.,87.8495149366033,-49.3329517699679));
#13594=CARTESIAN_POINT('Ctrl Pts',(27.,87.9650988601384,-48.901586694797));
#13595=CARTESIAN_POINT('Ctrl Pts',(26.9159362103552,87.6176644484835,-50.1954990071916));
#13596=CARTESIAN_POINT('Ctrl Pts',(26.972192299587,87.7341620931429,-49.7643787628581));
#13597=CARTESIAN_POINT('Ctrl Pts',(27.,87.8495149366033,-49.3329517699679));
#13598=CARTESIAN_POINT('Ctrl Pts',(27.,87.9650988601384,-48.901586694797));
#13599=CARTESIAN_POINT('Ctrl Pts',(-29.,83.135469728693,-47.6074914692843));
#13600=CARTESIAN_POINT('Ctrl Pts',(-29.,83.019885805158,-48.0388565444552));
#13601=CARTESIAN_POINT('Ctrl Pts',(-29.,82.904301881623,-48.4702216196261));
#13602=CARTESIAN_POINT('Ctrl Pts',(-29.,82.7887179580879,-48.901586694797));
#13603=CARTESIAN_POINT('Ctrl Pts',(-28.3333333333333,84.7453461058415,-48.0388565444552));
#13604=CARTESIAN_POINT('Ctrl Pts',(-28.3333333333333,84.6297621823065,-48.4702216196261));
#13605=CARTESIAN_POINT('Ctrl Pts',(-28.3240640998623,84.5142552854629,-48.9016073340368));
#13606=CARTESIAN_POINT('Ctrl Pts',(-28.3053120701184,84.3983667882198,-49.3328907989285));
#13607=CARTESIAN_POINT('Ctrl Pts',(-27.6666666666666,86.3552224829899,-48.4702216196261));
#13608=CARTESIAN_POINT('Ctrl Pts',(-27.6666666666666,86.2396385594549,-48.901586694797));
#13609=CARTESIAN_POINT('Ctrl Pts',(-27.6481281997246,86.1242086893029,-49.3329930484474));
#13610=CARTESIAN_POINT('Ctrl Pts',(-27.6106241402368,86.0080156183517,-49.7641949030601));
#13611=CARTESIAN_POINT('Ctrl Pts',(-27.,87.9650988601384,-48.901586694797));
#13612=CARTESIAN_POINT('Ctrl Pts',(-27.,87.8495149366033,-49.3329517699679));
#13613=CARTESIAN_POINT('Ctrl Pts',(-26.9721922995869,87.7341620931429,-49.7643787628581));
#13614=CARTESIAN_POINT('Ctrl Pts',(-26.9159362103552,87.6176644484835,-50.1954990071916));
#13615=CARTESIAN_POINT('Ctrl Pts',(-27.,87.9650988601384,-48.901586694797));
#13616=CARTESIAN_POINT('Ctrl Pts',(-27.,87.8495149366033,-49.3329517699679));
#13617=CARTESIAN_POINT('Ctrl Pts',(-26.9721922995869,87.7341620931429,-49.7643787628581));
#13618=CARTESIAN_POINT('Ctrl Pts',(-26.9159362103552,87.6176644484835,-50.1954990071916));
#13619=CARTESIAN_POINT('Origin',(42.,92.4689698144047,-12.7743949369618));
#13620=CARTESIAN_POINT('Origin',(-4.31863693773879,78.0000000000006,-52.0000000000004));
#13621=CARTESIAN_POINT('',(-4.3186369377388,83.0000000000006,-52.0000000000004));
#13622=CARTESIAN_POINT('',(4.31863693773832,83.0000000000006,-52.0000000000004));
#13623=CARTESIAN_POINT('',(-2.1593184688696,83.0000000000006,-52.0000000000004));
#13624=CARTESIAN_POINT('',(4.31863693773832,88.0000000000006,-52.0000000000004));
#13625=CARTESIAN_POINT('',(4.31863693773832,78.0000000000006,-52.0000000000004));
#13626=CARTESIAN_POINT('',(-4.31863693773879,88.0000000000006,-52.0000000000004));
#13627=CARTESIAN_POINT('',(-2.28777665663056,88.0000000000006,-52.0000000000004));
#13628=CARTESIAN_POINT('',(-4.31863693773879,78.0000000000006,-52.0000000000004));
#13629=CARTESIAN_POINT('Origin',(-2.36825663614078E-13,78.0000000000006,
-45.0000000000004));
#13630=CARTESIAN_POINT('',(-4.21983708216349,83.0000000000006,-37.9400000000004));
#13631=CARTESIAN_POINT('Origin',(-2.36825663614078E-13,83.0000000000006,
-45.0000000000004));
#13632=CARTESIAN_POINT('',(-4.21983708216349,88.0000000000006,-37.9400000000004));
#13633=CARTESIAN_POINT('Origin',(-2.36825663614078E-13,88.0000000000006,
-45.0000000000004));
#13634=CARTESIAN_POINT('',(-4.21983708216349,78.0000000000006,-37.9400000000004));
#13635=CARTESIAN_POINT('Origin',(17.0000000000001,78.0000000000006,-48.901586694797));
#13636=CARTESIAN_POINT('',(17.,88.0000000000006,-58.901586694797));
#13637=CARTESIAN_POINT('',(17.,78.0000000000006,-58.901586694797));
#13638=CARTESIAN_POINT('',(27.,88.0000000000006,-48.901586694797));
#13639=CARTESIAN_POINT('Origin',(17.0000000000001,88.0000000000006,-48.901586694797));
#13640=CARTESIAN_POINT('',(27.,78.0000000000006,-48.901586694797));
#13641=CARTESIAN_POINT('Origin',(17.,78.0000000000006,-58.901586694797));
#13642=CARTESIAN_POINT('',(-17.,88.0000000000006,-58.901586694797));
#13643=CARTESIAN_POINT('',(-17.,78.0000000000006,-58.901586694797));
#13644=CARTESIAN_POINT('',(17.,88.0000000000006,-58.901586694797));
#13645=CARTESIAN_POINT('Origin',(-17.,78.0000000000006,-48.901586694797));
#13646=CARTESIAN_POINT('',(-27.,88.0000000000006,-48.901586694797));
#13647=CARTESIAN_POINT('',(-27.,78.0000000000006,-48.901586694797));
#13648=CARTESIAN_POINT('Origin',(-17.,88.0000000000006,-48.901586694797));
#13649=CARTESIAN_POINT('Origin',(27.,78.0000000000006,-27.901586694797));
#13650=CARTESIAN_POINT('',(27.,88.0000000000006,-27.901586694797));
#13651=CARTESIAN_POINT('Origin',(-27.,78.0000000000006,-48.901586694797));
#13652=CARTESIAN_POINT('',(-27.,88.0000000000006,-48.901586694797));
#13653=CARTESIAN_POINT('Origin',(4.44089209850063E-14,88.0000000000006,
-43.401586694797));
#13654=CARTESIAN_POINT('',(4.219837082163,88.0000000000006,-37.9400000000004));
#13655=CARTESIAN_POINT('Origin',(-2.36825663614078E-13,88.0000000000006,
-45.0000000000004));
#13656=CARTESIAN_POINT('',(2.10388260856443,88.0000000000006,-37.9400000000004));
#13657=CARTESIAN_POINT('Origin',(-54.7616492814811,52.7552718471364,-57.4859034422791));
#13658=CARTESIAN_POINT('',(-54.7616492814811,52.9338309827167,-59.1901901071151));
#13659=CARTESIAN_POINT('',(-54.7616492814811,53.3479414548808,-57.6447087850527));
#13660=CARTESIAN_POINT('',(-54.7616492814811,61.0602331327435,-61.3676530005855));
#13661=CARTESIAN_POINT('',(-54.7616492814811,52.3411613749723,-59.0313847643415));
#13662=CARTESIAN_POINT('',(-54.7616492814811,61.4743436049076,-59.822171678523));
#13663=CARTESIAN_POINT('Origin',(42.,61.4743436049076,-59.822171678523));
#13664=CARTESIAN_POINT('',(53.2930255357319,66.8013818411093,-62.9059891606192));
#13665=CARTESIAN_POINT('',(53.2930255357319,67.2154923132734,-61.3605078385567));
#13666=CARTESIAN_POINT('',(54.7616492814813,61.0602331327435,-61.3676530005855));
#13667=CARTESIAN_POINT('Origin',(42.,61.0602331327435,-61.3676530005855));
#13668=CARTESIAN_POINT('',(54.7616492814813,61.4743436049076,-59.822171678523));
#13669=CARTESIAN_POINT('Origin',(-25.,75.7330018845117,-63.6427676496944));
#13670=CARTESIAN_POINT('',(-20.0025307227164,78.0000000000006,-55.7967851252357));
#13671=CARTESIAN_POINT('',(-20.6698729810778,73.4264459205141,-62.5916934349437));
#13672=CARTESIAN_POINT('Ctrl Pts',(-20.0025307227164,78.0000000000006,-55.7967851252357));
#13673=CARTESIAN_POINT('Ctrl Pts',(-19.9717867547995,76.7645884165406,-56.6753621192965));
#13674=CARTESIAN_POINT('Ctrl Pts',(-20.404910151377,74.880053753787,-58.7397709791099));
#13675=CARTESIAN_POINT('Ctrl Pts',(-20.6698729810778,73.7459997877003,-61.3991021668498));
#13676=CARTESIAN_POINT('Ctrl Pts',(-20.6698729810778,73.4264459205141,-62.5916934349437));
#13677=CARTESIAN_POINT('Origin',(-25.,78.0000000000006,-55.1822155020273));
#13678=CARTESIAN_POINT('',(-29.3301270189221,72.9040768466249,-64.5412013590006));
#13679=CARTESIAN_POINT('',(-29.3301270189221,73.318187318789,-62.9957200369381));
#13680=CARTESIAN_POINT('',(-20.6698729810778,72.9040768466249,-64.5412013590006));
#13681=CARTESIAN_POINT('Origin',(-25.,75.3188914123476,-65.1882489717569));
#13682=CARTESIAN_POINT('',(-20.6698729810778,73.318187318789,-62.9957200369381));
#13683=CARTESIAN_POINT('Origin',(56.7616492814812,-65.6518623180473,-25.758807464633));
#13684=CARTESIAN_POINT('',(56.7616492814812,-66.9092099502333,-27.0783440706396));
#13685=CARTESIAN_POINT('',(56.7616492814812,-66.4950994780692,-25.5328627485771));
#13686=CARTESIAN_POINT('',(56.7616492814812,-82.8627149843275,-22.8036152803081));
#13687=CARTESIAN_POINT('',(56.7616492814812,-82.4486045121634,-21.2581339582456));
#13688=CARTESIAN_POINT('',(56.7616492814812,-66.0659727902113,-27.3042887866955));
#13689=CARTESIAN_POINT('Origin',(42.,-82.4486045121634,-21.2581339582455));
#13690=CARTESIAN_POINT('',(55.3781445782555,-88.8896228704413,-21.188710179367));
#13691=CARTESIAN_POINT('',(55.3781445782555,-88.4755123982773,-19.6432288573045));
#13692=CARTESIAN_POINT('Origin',(42.,-82.8627149843275,-22.803615280308));
#13693=CARTESIAN_POINT('Origin',(42.,-82.4486045121634,-21.2581339582455));
#13694=CARTESIAN_POINT('',(50.2034645065446,-94.7168509221039,-19.6273091288119));
#13695=CARTESIAN_POINT('',(50.2034645065446,-94.3027404499398,-18.0818278067495));
#13696=CARTESIAN_POINT('',(42.0000000000001,-97.1213732639315,-18.9830193091366));
#13697=CARTESIAN_POINT('',(42.0000000000001,-96.7072627917674,-17.4375379870741));
#13698=CARTESIAN_POINT('Origin',(42.,-82.8627149843275,-22.803615280308));
#13699=CARTESIAN_POINT('Origin',(42.0000000000001,-96.7072627917674,-17.4375379870741));
#13700=CARTESIAN_POINT('',(23.8729833462074,-97.1213732639316,-18.9830193091366));
#13701=CARTESIAN_POINT('',(23.8729833462074,-96.7072627917675,-17.4375379870741));
#13702=CARTESIAN_POINT('',(42.0000000000001,-97.1213732639315,-18.9830193091366));
#13703=CARTESIAN_POINT('Origin',(17.,-96.7072627917675,-17.4375379870741));
#13704=CARTESIAN_POINT('',(16.1270166537926,-97.1213732639316,-18.9830193091366));
#13705=CARTESIAN_POINT('',(16.1270166537926,-96.7072627917675,-17.4375379870741));
#13706=CARTESIAN_POINT('',(-16.1270166537926,-97.1213732639316,-18.9830193091366));
#13707=CARTESIAN_POINT('',(-16.1270166537926,-96.7072627917675,-17.4375379870741));
#13708=CARTESIAN_POINT('',(17.,-97.1213732639316,-18.9830193091366));
#13709=CARTESIAN_POINT('Origin',(-23.,-96.7072627917675,-17.4375379870741));
#13710=CARTESIAN_POINT('',(-23.8729833462074,-97.1213732639316,-18.9830193091366));
#13711=CARTESIAN_POINT('',(-23.8729833462074,-96.7072627917675,-17.4375379870741));
#13712=CARTESIAN_POINT('',(-42.,-97.1213732639316,-18.9830193091366));
#13713=CARTESIAN_POINT('',(-42.,-96.7072627917675,-17.4375379870741));
#13714=CARTESIAN_POINT('',(-23.,-97.1213732639316,-18.9830193091366));
#13715=CARTESIAN_POINT('Origin',(-41.9999999999999,-82.4486045121634,-21.2581339582456));
#13716=CARTESIAN_POINT('',(-50.2034645065446,-94.716850922104,-19.6273091288119));
#13717=CARTESIAN_POINT('',(-50.2034645065446,-94.3027404499399,-18.0818278067494));
#13718=CARTESIAN_POINT('Origin',(-41.9999999999999,-82.8627149843274,-22.8036152803081));
#13719=CARTESIAN_POINT('Origin',(-41.9999999999999,-82.4486045121634,-21.2581339582456));
#13720=CARTESIAN_POINT('',(-55.3781445782555,-88.8896228704413,-21.188710179367));
#13721=CARTESIAN_POINT('',(-55.3781445782555,-88.4755123982772,-19.6432288573045));
#13722=CARTESIAN_POINT('',(-56.7616492814812,-82.8627149843275,-22.8036152803081));
#13723=CARTESIAN_POINT('',(-56.7616492814812,-82.4486045121634,-21.2581339582456));
#13724=CARTESIAN_POINT('Origin',(-41.9999999999999,-82.8627149843274,-22.8036152803081));
#13725=CARTESIAN_POINT('Origin',(-56.7616492814811,-62.75408483918,-26.5352645999406));
#13726=CARTESIAN_POINT('',(-56.0116492814811,-65.973956290511,-27.3289445334805));
#13727=CARTESIAN_POINT('',(-56.0116492814811,-65.5598458183469,-25.783463211418));
#13728=CARTESIAN_POINT('',(-56.0116492814812,-60.3624343321772,-28.8325473105256));
#13729=CARTESIAN_POINT('',(-56.0116492814811,-59.9483238600131,-27.2870659884631));
#13730=CARTESIAN_POINT('Origin',(-56.7616492814811,-63.1681953113441,-28.0807459220031));
#13731=CARTESIAN_POINT('Origin',(-56.7616492814811,-33.7763100505081,-34.2998359530165));
#13732=CARTESIAN_POINT('',(-56.0116492814811,-36.996181501839,-35.0935158865565));
#13733=CARTESIAN_POINT('',(-56.0116492814811,-36.582071029675,-33.548034564494));
#13734=CARTESIAN_POINT('',(-56.0116492814811,-31.3846595435052,-36.5971186636016));
#13735=CARTESIAN_POINT('',(-56.0116492814811,-30.9705490713412,-35.0516373415391));
#13736=CARTESIAN_POINT('Origin',(-56.7616492814811,-34.1904205226721,-35.845317275079));
#13737=CARTESIAN_POINT('Origin',(-56.7616492814812,14.5214397123367,-47.2411789982119));
#13738=CARTESIAN_POINT('',(-56.0116492814811,11.3015682610057,-48.0348589317518));
#13739=CARTESIAN_POINT('',(-56.0116492814811,11.7156787331698,-46.4893776096893));
#13740=CARTESIAN_POINT('',(-56.0116492814811,16.9130902193395,-49.5384617087969));
#13741=CARTESIAN_POINT('',(-56.0116492814811,17.3272006915036,-47.9929803867344));
#13742=CARTESIAN_POINT('Origin',(-56.7616492814812,14.1073292401726,-48.7866603202744));
#13743=CARTESIAN_POINT('Origin',(-56.7616492814811,51.2266211113212,-57.0763027121081));
#13744=CARTESIAN_POINT('',(-56.7616492814811,51.6557477991791,-58.8477287502264));
#13745=CARTESIAN_POINT('',(-56.7616492814811,52.0698582713432,-57.3022474281639));
#13746=CARTESIAN_POINT('',(-56.7616492814811,61.0602331327435,-61.3676530005855));
#13747=CARTESIAN_POINT('',(-56.7616492814811,61.4743436049076,-59.822171678523));
#13748=CARTESIAN_POINT('',(-56.7616492814811,50.8125106391571,-58.6217840341706));
#13749=CARTESIAN_POINT('Origin',(-42.,61.4743436049076,-59.822171678523));
#13750=CARTESIAN_POINT('',(-54.1090773412619,69.2151036359656,-63.5527439663043));
#13751=CARTESIAN_POINT('',(-54.1090773412619,69.6292141081297,-62.0072626442418));
#13752=CARTESIAN_POINT('Origin',(-42.,61.0602331327435,-61.3676530005855));
#13753=CARTESIAN_POINT('Origin',(-42.,61.4743436049076,-59.822171678523));
#13754=CARTESIAN_POINT('',(-47.9759730958605,74.0982294867279,-64.8611735945557));
#13755=CARTESIAN_POINT('',(-47.9759730958605,74.512339958892,-63.3156922724932));
#13756=CARTESIAN_POINT('',(-42.,75.3188914123476,-65.1882489717569));
#13757=CARTESIAN_POINT('',(-42.,75.7330018845117,-63.6427676496944));
#13758=CARTESIAN_POINT('Origin',(-42.,61.0602331327435,-61.3676530005855));
#13759=CARTESIAN_POINT('Origin',(28.,75.7330018845117,-63.6427676496944));
#13760=CARTESIAN_POINT('',(28.8729833462075,75.3188914123476,-65.1882489717569));
#13761=CARTESIAN_POINT('',(28.8729833462075,75.7330018845117,-63.6427676496944));
#13762=CARTESIAN_POINT('',(42.,75.3188914123476,-65.1882489717569));
#13763=CARTESIAN_POINT('',(42.,75.7330018845117,-63.6427676496944));
#13764=CARTESIAN_POINT('',(28.,75.3188914123476,-65.1882489717569));
#13765=CARTESIAN_POINT('Origin',(42.,61.4743436049076,-59.822171678523));
#13766=CARTESIAN_POINT('',(47.9759730958606,74.0982294867279,-64.8611735945557));
#13767=CARTESIAN_POINT('',(47.9759730958606,74.512339958892,-63.3156922724932));
#13768=CARTESIAN_POINT('Origin',(42.,61.0602331327435,-61.3676530005855));
#13769=CARTESIAN_POINT('Origin',(42.,61.4743436049076,-59.822171678523));
#13770=CARTESIAN_POINT('',(54.1090773412621,69.2151036359656,-63.5527439663043));
#13771=CARTESIAN_POINT('',(54.1090773412621,69.6292141081297,-62.0072626442418));
#13772=CARTESIAN_POINT('',(56.7616492814813,61.0602331327435,-61.3676530005855));
#13773=CARTESIAN_POINT('',(56.7616492814813,61.4743436049076,-59.822171678523));
#13774=CARTESIAN_POINT('Origin',(42.,61.0602331327435,-61.3676530005855));
#13775=CARTESIAN_POINT('Origin',(56.7616492814812,61.4743436049076,-59.822171678523));
#13776=CARTESIAN_POINT('',(56.7616492814812,51.6557477991791,-58.8477287502264));
#13777=CARTESIAN_POINT('',(56.7616492814812,52.0698582713431,-57.3022474281639));
#13778=CARTESIAN_POINT('',(56.7616492814812,61.0602331327435,-61.3676530005855));
#13779=CARTESIAN_POINT('Origin',(56.7616492814812,45.4310661535868,-55.5233884414929));
#13780=CARTESIAN_POINT('',(56.7616492814812,44.1737185214007,-56.8429250474996));
#13781=CARTESIAN_POINT('',(56.7616492814812,44.5878289935648,-55.2974437254371));
#13782=CARTESIAN_POINT('',(56.7616492814812,17.8483438790618,-49.7890621716378));
#13783=CARTESIAN_POINT('',(56.7616492814812,18.2624543512258,-48.2435808495753));
#13784=CARTESIAN_POINT('',(56.7616492814812,45.0169556814227,-57.0688697635554));
#13785=CARTESIAN_POINT('Origin',(56.7616492814812,11.6236622334695,-46.4647218629043));
#13786=CARTESIAN_POINT('',(56.7616492814812,10.3663146012834,-47.784258468911));
#13787=CARTESIAN_POINT('',(56.7616492814812,10.7804250734475,-46.2387771468485));
#13788=CARTESIAN_POINT('',(56.7616492814812,-30.449405883783,-36.8477191264424));
#13789=CARTESIAN_POINT('',(56.7616492814812,-30.0352954116189,-35.3022378043799));
#13790=CARTESIAN_POINT('',(56.7616492814812,11.2095517613054,-48.0102031849668));
#13791=CARTESIAN_POINT('Origin',(56.7616492814812,-36.6740875293753,-33.5233788177089));
#13792=CARTESIAN_POINT('',(56.7616492814812,-37.9314351615613,-34.8429154237156));
#13793=CARTESIAN_POINT('',(56.7616492814812,-37.5173246893973,-33.2974341016531));
#13794=CARTESIAN_POINT('',(56.7616492814812,-59.4271806724549,-29.0831477733665));
#13795=CARTESIAN_POINT('',(56.7616492814812,-59.0130702002909,-27.537666451304));
#13796=CARTESIAN_POINT('',(56.7616492814812,-37.0881980015394,-35.0688601397714));
#13797=CARTESIAN_POINT('Origin',(47.5711421056435,73.6291055651348,-63.0790303299586));
#13798=CARTESIAN_POINT('',(48.5256487541378,72.9269660241072,-64.5473344956224));
#13799=CARTESIAN_POINT('Origin',(47.5711421056435,73.2149950929708,-64.624511652021));
#13800=CARTESIAN_POINT('',(48.5256487541378,73.3410764962713,-63.0018531735599));
#13801=CARTESIAN_POINT('Origin',(51.3891686996206,72.4769892896806,-62.7703217043638));
#13802=CARTESIAN_POINT('',(52.8138702812131,69.5127202270694,-63.6324900915447));
#13803=CARTESIAN_POINT('',(52.8138702812131,69.9268306992335,-62.0870087694822));
#13804=CARTESIAN_POINT('Origin',(51.3891686996206,72.0628788175165,-64.3158030264263));
#13805=CARTESIAN_POINT('Origin',(53.2887708084106,69.0767778357511,-61.8592377911883));
#13806=CARTESIAN_POINT('Origin',(53.2887708084106,68.662667363587,-63.4047191132508));
#13807=CARTESIAN_POINT('Origin',(25.,75.7330018845117,-63.6427676496944));
#13808=CARTESIAN_POINT('',(22.0952624903445,74.5944470426308,-64.99413468793));
#13809=CARTESIAN_POINT('',(22.0952624903445,75.0085575147949,-63.4486533658675));
#13810=CARTESIAN_POINT('',(27.9047375096556,74.5944470426308,-64.99413468793));
#13811=CARTESIAN_POINT('',(27.9047375096556,75.0085575147949,-63.4486533658675));
#13812=CARTESIAN_POINT('Origin',(25.,75.3188914123476,-65.1882489717569));
#13813=CARTESIAN_POINT('Origin',(28.8729833462075,74.7670760582226,-63.3839486045919));
#13814=CARTESIAN_POINT('Origin',(28.8729833462075,74.3529655860586,-64.9294299266543));
#13815=CARTESIAN_POINT('Origin',(-24.9999999999999,75.7330018845117,-63.6427676496944));
#13816=CARTESIAN_POINT('',(-27.9047375096555,74.5944470426308,-64.99413468793));
#13817=CARTESIAN_POINT('',(-27.9047375096555,75.0085575147948,-63.4486533658675));
#13818=CARTESIAN_POINT('',(-22.0952624903443,74.5944470426308,-64.99413468793));
#13819=CARTESIAN_POINT('',(-22.0952624903443,75.0085575147949,-63.4486533658675));
#13820=CARTESIAN_POINT('Origin',(-24.9999999999999,75.3188914123476,-65.1882489717569));
#13821=CARTESIAN_POINT('Origin',(-21.1270166537924,74.7670760582226,-63.3839486045919));
#13822=CARTESIAN_POINT('',(-21.1270166537924,75.3188914123476,-65.1882489717569));
#13823=CARTESIAN_POINT('Origin',(-21.1270166537924,74.3529655860585,-64.9294299266543));
#13824=CARTESIAN_POINT('',(-21.1270166537924,75.7330018845116,-63.6427676496944));
#13825=CARTESIAN_POINT('Origin',(-47.5711421056434,73.6291055651348,-63.0790303299586));
#13826=CARTESIAN_POINT('',(-48.5256487541377,72.9269660241072,-64.5473344956224));
#13827=CARTESIAN_POINT('Origin',(-47.5711421056434,73.2149950929708,-64.624511652021));
#13828=CARTESIAN_POINT('',(-48.5256487541377,73.3410764962713,-63.0018531735599));
#13829=CARTESIAN_POINT('Origin',(-51.3891686996205,72.4769892896806,-62.7703217043638));
#13830=CARTESIAN_POINT('',(-52.813870281213,69.5127202270694,-63.6324900915447));
#13831=CARTESIAN_POINT('',(-52.8138702812129,69.9268306992334,-62.0870087694822));
#13832=CARTESIAN_POINT('Origin',(-51.3891686996205,72.0628788175165,-64.3158030264263));
#13833=CARTESIAN_POINT('Origin',(-53.2887708084104,69.0767778357511,-61.8592377911883));
#13834=CARTESIAN_POINT('Origin',(-53.2887708084104,68.662667363587,-63.4047191132507));
#13835=CARTESIAN_POINT('Origin',(-56.7616492814811,48.328843632454,-56.2998455768005));
#13836=CARTESIAN_POINT('',(-56.0116492814811,45.108972181123,-57.0935255103404));
#13837=CARTESIAN_POINT('',(-56.0116492814811,45.5230826532871,-55.548044188278));
#13838=CARTESIAN_POINT('',(-56.0116492814811,50.7204941394568,-58.5971282873856));
#13839=CARTESIAN_POINT('',(-56.0116492814811,51.1346046116209,-57.0516469653231));
#13840=CARTESIAN_POINT('Origin',(-56.7616492814811,47.9147331602899,-57.845326898863));
#13841=CARTESIAN_POINT('Origin',(-55.7616492814811,52.0698582713432,-57.3022474281639));
#13842=CARTESIAN_POINT('Origin',(-55.7616492814811,51.6557477991791,-58.8477287502264));
#13843=CARTESIAN_POINT('Origin',(-42.,75.7330018845116,-63.6427676496944));
#13844=CARTESIAN_POINT('',(-28.8729833462074,75.3188914123475,-65.1882489717569));
#13845=CARTESIAN_POINT('',(-28.8729833462074,75.7330018845116,-63.6427676496944));
#13846=CARTESIAN_POINT('',(-42.,75.3188914123476,-65.1882489717569));
#13847=CARTESIAN_POINT('Origin',(-28.8729833462074,74.7670760582225,-63.3839486045919));
#13848=CARTESIAN_POINT('Origin',(-28.8729833462074,74.3529655860585,-64.9294299266543));
#13849=CARTESIAN_POINT('Origin',(-22.,75.7330018845116,-63.6427676496944));
#13850=CARTESIAN_POINT('',(21.1270166537926,75.3188914123476,-65.1882489717569));
#13851=CARTESIAN_POINT('',(21.1270166537926,75.7330018845117,-63.6427676496944));
#13852=CARTESIAN_POINT('',(22.,75.3188914123476,-65.1882489717569));
#13853=CARTESIAN_POINT('Origin',(21.1270166537926,74.7670760582226,-63.3839486045919));
#13854=CARTESIAN_POINT('Origin',(21.1270166537926,74.3529655860586,-64.9294299266543));
#13855=CARTESIAN_POINT('Origin',(-55.7616492814811,44.5878289935648,-55.2974437254371));
#13856=CARTESIAN_POINT('',(-56.7616492814811,44.1737185214008,-56.8429250474996));
#13857=CARTESIAN_POINT('Origin',(-55.7616492814811,44.1737185214008,-56.8429250474996));
#13858=CARTESIAN_POINT('',(-56.7616492814811,44.5878289935648,-55.2974437254371));
#13859=CARTESIAN_POINT('Origin',(-56.7616492814811,17.4192171912039,-48.0176361335195));
#13860=CARTESIAN_POINT('',(-56.7616492814811,17.8483438790618,-49.7890621716378));
#13861=CARTESIAN_POINT('',(-56.7616492814811,18.2624543512259,-48.2435808495753));
#13862=CARTESIAN_POINT('',(-56.7616492814811,17.0051067190398,-49.563117455582));
#13863=CARTESIAN_POINT('Origin',(-55.7616492814811,18.2624543512259,-48.2435808495753));
#13864=CARTESIAN_POINT('Origin',(-55.7616492814811,17.8483438790618,-49.7890621716378));
#13865=CARTESIAN_POINT('Origin',(-55.7616492814811,10.7804250734475,-46.2387771468485));
#13866=CARTESIAN_POINT('',(-56.7616492814811,10.3663146012835,-47.784258468911));
#13867=CARTESIAN_POINT('Origin',(-55.7616492814811,10.3663146012835,-47.7842584689109));
#13868=CARTESIAN_POINT('',(-56.7616492814811,10.7804250734475,-46.2387771468485));
#13869=CARTESIAN_POINT('Origin',(-56.7616492814811,-30.8785325716409,-35.0762930883241));
#13870=CARTESIAN_POINT('',(-56.7616492814811,-30.4494058837829,-36.8477191264425));
#13871=CARTESIAN_POINT('',(-56.7616492814811,-30.0352954116189,-35.30223780438));
#13872=CARTESIAN_POINT('',(-56.7616492814811,-31.2926430438049,-36.6217744103866));
#13873=CARTESIAN_POINT('Origin',(-55.7616492814811,-30.0352954116189,-35.30223780438));
#13874=CARTESIAN_POINT('Origin',(-55.7616492814811,-30.4494058837829,-36.8477191264425));
#13875=CARTESIAN_POINT('Origin',(-55.7616492814811,-37.5173246893972,-33.2974341016531));
#13876=CARTESIAN_POINT('',(-56.7616492814811,-37.9314351615613,-34.8429154237156));
#13877=CARTESIAN_POINT('Origin',(-55.7616492814811,-37.9314351615613,-34.8429154237157));
#13878=CARTESIAN_POINT('',(-56.7616492814811,-37.5173246893972,-33.2974341016531));
#13879=CARTESIAN_POINT('Origin',(-56.7616492814812,-59.8563073603128,-27.3117217352482));
#13880=CARTESIAN_POINT('',(-56.7616492814812,-59.4271806724549,-29.0831477733665));
#13881=CARTESIAN_POINT('',(-56.7616492814812,-59.0130702002908,-27.537666451304));
#13882=CARTESIAN_POINT('',(-56.7616492814812,-60.2704178324769,-28.8572030573107));
#13883=CARTESIAN_POINT('Origin',(-55.7616492814812,-59.0130702002908,-27.537666451304));
#13884=CARTESIAN_POINT('Origin',(-55.7616492814812,-59.4271806724549,-29.0831477733665));
#13885=CARTESIAN_POINT('Origin',(-56.7616492814812,-82.4486045121634,-21.2581339582456));
#13886=CARTESIAN_POINT('',(-56.7616492814812,-66.9092099502332,-27.0783440706397));
#13887=CARTESIAN_POINT('',(-56.7616492814812,-66.4950994780692,-25.5328627485772));
#13888=CARTESIAN_POINT('',(-56.7616492814812,-82.8627149843275,-22.8036152803081));
#13889=CARTESIAN_POINT('Origin',(-55.7616492814812,-66.4950994780692,-25.5328627485772));
#13890=CARTESIAN_POINT('Origin',(-55.7616492814812,-66.9092099502333,-27.0783440706397));
#13891=CARTESIAN_POINT('Origin',(-54.4718674866409,-88.0672309270683,-19.7526275477995));
#13892=CARTESIAN_POINT('',(-54.1550176095263,-89.3974985744283,-21.0526252946283));
#13893=CARTESIAN_POINT('Origin',(-54.4718674866409,-88.4813413992323,-21.2981088698621));
#13894=CARTESIAN_POINT('',(-54.1550176095263,-88.9833881022642,-19.5071439725658));
#13895=CARTESIAN_POINT('Origin',(-53.2044679781827,-91.731859627852,-18.7706932468646));
#13896=CARTESIAN_POINT('',(-50.5369192385625,-93.471853709196,-19.9609051265896));
#13897=CARTESIAN_POINT('',(-50.5369192385625,-93.0577432370319,-18.4154238045272));
#13898=CARTESIAN_POINT('Origin',(-53.2044679781827,-92.1459701000161,-20.3161745689271));
#13899=CARTESIAN_POINT('Origin',(-49.6477363253558,-93.4997044400919,-18.2970006570813));
#13900=CARTESIAN_POINT('Origin',(-49.6477363253558,-93.913814912256,-19.8424819791439));
#13901=CARTESIAN_POINT('Origin',(-23.8729833462074,-95.7413369654784,-17.6963570321766));
#13902=CARTESIAN_POINT('',(-22.9047375096555,-96.3969288942148,-19.1771335929635));
#13903=CARTESIAN_POINT('Origin',(-23.8729833462074,-96.1554474376425,-19.2418383542392));
#13904=CARTESIAN_POINT('',(-22.9047375096555,-95.9828184220507,-17.631652270901));
#13905=CARTESIAN_POINT('Origin',(-20.,-96.7072627917675,-17.4375379870741));
#13906=CARTESIAN_POINT('',(-17.0952624903444,-96.3969288942148,-19.1771335929635));
#13907=CARTESIAN_POINT('',(-17.0952624903444,-95.9828184220507,-17.631652270901));
#13908=CARTESIAN_POINT('Origin',(-20.,-97.1213732639316,-18.9830193091366));
#13909=CARTESIAN_POINT('Origin',(-16.1270166537926,-95.7413369654785,-17.6963570321766));
#13910=CARTESIAN_POINT('Origin',(-16.1270166537926,-96.1554474376425,-19.2418383542392));
#13911=CARTESIAN_POINT('Origin',(16.1270166537926,-95.7413369654785,-17.6963570321766));
#13912=CARTESIAN_POINT('',(17.0952624903445,-96.3969288942148,-19.1771335929635));
#13913=CARTESIAN_POINT('Origin',(16.1270166537926,-96.1554474376426,-19.2418383542392));
#13914=CARTESIAN_POINT('',(17.0952624903445,-95.9828184220508,-17.631652270901));
#13915=CARTESIAN_POINT('Origin',(20.,-96.7072627917675,-17.4375379870741));
#13916=CARTESIAN_POINT('',(22.9047375096556,-96.3969288942148,-19.1771335929635));
#13917=CARTESIAN_POINT('',(22.9047375096556,-95.9828184220508,-17.631652270901));
#13918=CARTESIAN_POINT('Origin',(20.,-97.1213732639316,-18.9830193091366));
#13919=CARTESIAN_POINT('Origin',(23.8729833462074,-95.7413369654785,-17.6963570321766));
#13920=CARTESIAN_POINT('Origin',(23.8729833462074,-96.1554474376426,-19.2418383542392));
#13921=CARTESIAN_POINT('Origin',(49.6477363253558,-93.4997044400918,-18.2970006570814));
#13922=CARTESIAN_POINT('',(50.5369192385625,-93.4718537091959,-19.9609051265897));
#13923=CARTESIAN_POINT('Origin',(49.6477363253558,-93.9138149122559,-19.8424819791439));
#13924=CARTESIAN_POINT('',(50.5369192385626,-93.0577432370318,-18.4154238045272));
#13925=CARTESIAN_POINT('Origin',(53.2044679781827,-91.731859627852,-18.7706932468646));
#13926=CARTESIAN_POINT('',(54.1550176095263,-89.3974985744283,-21.0526252946283));
#13927=CARTESIAN_POINT('',(54.1550176095263,-88.9833881022642,-19.5071439725658));
#13928=CARTESIAN_POINT('Origin',(53.2044679781827,-92.145970100016,-20.3161745689271));
#13929=CARTESIAN_POINT('Origin',(54.4718674866409,-88.0672309270683,-19.7526275477995));
#13930=CARTESIAN_POINT('Origin',(54.4718674866409,-88.4813413992324,-21.2981088698621));
#13931=CARTESIAN_POINT('Origin',(55.7616492814812,-66.4950994780692,-25.5328627485771));
#13932=CARTESIAN_POINT('',(56.0116492814812,-65.973956290511,-27.3289445334805));
#13933=CARTESIAN_POINT('Origin',(55.7616492814812,-66.9092099502333,-27.0783440706397));
#13934=CARTESIAN_POINT('',(56.0116492814812,-65.5598458183469,-25.783463211418));
#13935=CARTESIAN_POINT('Origin',(56.7616492814812,-62.7540848391801,-26.5352645999406));
#13936=CARTESIAN_POINT('',(56.0116492814812,-60.3624343321772,-28.8325473105256));
#13937=CARTESIAN_POINT('',(56.0116492814812,-59.9483238600131,-27.2870659884631));
#13938=CARTESIAN_POINT('Origin',(56.7616492814812,-63.1681953113441,-28.080745922003));
#13939=CARTESIAN_POINT('Origin',(55.7616492814812,-59.0130702002909,-27.537666451304));
#13940=CARTESIAN_POINT('Origin',(55.7616492814812,-59.4271806724549,-29.0831477733665));
#13941=CARTESIAN_POINT('Origin',(55.7616492814812,-37.5173246893973,-33.2974341016531));
#13942=CARTESIAN_POINT('',(56.0116492814812,-36.996181501839,-35.0935158865565));
#13943=CARTESIAN_POINT('Origin',(55.7616492814812,-37.9314351615613,-34.8429154237157));
#13944=CARTESIAN_POINT('',(56.0116492814812,-36.582071029675,-33.548034564494));
#13945=CARTESIAN_POINT('Origin',(56.7616492814812,-33.7763100505081,-34.2998359530165));
#13946=CARTESIAN_POINT('',(56.0116492814812,-31.3846595435053,-36.5971186636016));
#13947=CARTESIAN_POINT('',(56.0116492814812,-30.9705490713412,-35.0516373415391));
#13948=CARTESIAN_POINT('Origin',(56.7616492814812,-34.1904205226722,-35.845317275079));
#13949=CARTESIAN_POINT('Origin',(55.7616492814812,-30.0352954116189,-35.3022378043799));
#13950=CARTESIAN_POINT('Origin',(55.7616492814812,-30.449405883783,-36.8477191264425));
#13951=CARTESIAN_POINT('Origin',(55.7616492814812,10.7804250734475,-46.2387771468485));
#13952=CARTESIAN_POINT('',(56.0116492814812,11.3015682610057,-48.0348589317518));
#13953=CARTESIAN_POINT('Origin',(55.7616492814812,10.3663146012834,-47.7842584689109));
#13954=CARTESIAN_POINT('',(56.0116492814812,11.7156787331698,-46.4893776096893));
#13955=CARTESIAN_POINT('Origin',(56.7616492814812,14.5214397123367,-47.2411789982119));
#13956=CARTESIAN_POINT('',(56.0116492814812,16.9130902193395,-49.5384617087969));
#13957=CARTESIAN_POINT('',(56.0116492814812,17.3272006915036,-47.9929803867344));
#13958=CARTESIAN_POINT('Origin',(56.7616492814812,14.1073292401726,-48.7866603202744));
#13959=CARTESIAN_POINT('Origin',(55.7616492814812,18.2624543512258,-48.2435808495753));
#13960=CARTESIAN_POINT('Origin',(55.7616492814812,17.8483438790618,-49.7890621716378));
#13961=CARTESIAN_POINT('Origin',(55.7616492814812,44.5878289935648,-55.2974437254371));
#13962=CARTESIAN_POINT('',(56.0116492814812,45.108972181123,-57.0935255103404));
#13963=CARTESIAN_POINT('Origin',(55.7616492814812,44.1737185214007,-56.8429250474996));
#13964=CARTESIAN_POINT('',(56.0116492814812,45.5230826532871,-55.548044188278));
#13965=CARTESIAN_POINT('Origin',(56.7616492814812,48.328843632454,-56.2998455768005));
#13966=CARTESIAN_POINT('',(56.0116492814813,50.7204941394568,-58.5971282873856));
#13967=CARTESIAN_POINT('',(56.0116492814812,51.1346046116208,-57.0516469653231));
#13968=CARTESIAN_POINT('Origin',(56.7616492814812,47.9147331602899,-57.845326898863));
#13969=CARTESIAN_POINT('Origin',(3.5527136788005E-14,-10.901240925792,-42.0856341404468));
#13970=CARTESIAN_POINT('Origin',(55.7616492814812,51.6557477991791,-58.8477287502264));
#13971=CARTESIAN_POINT('',(29.3301270189223,72.9040768466249,-64.5412013590006));
#13972=CARTESIAN_POINT('Origin',(30.1961524227067,72.4211139334804,-64.4117918364493));
#13973=CARTESIAN_POINT('',(20.6698729810778,72.9040768466249,-64.5412013590006));
#13974=CARTESIAN_POINT('Origin',(25.,75.3188914123476,-65.1882489717569));
#13975=CARTESIAN_POINT('',(19.8038475772934,73.3870397597694,-64.6706108815519));
#13976=CARTESIAN_POINT('Origin',(19.8038475772934,72.4211139334804,-64.4117918364493));
#13977=CARTESIAN_POINT('',(-19.8038475772933,73.3870397597694,-64.6706108815518));
#13978=CARTESIAN_POINT('',(20.4174243050442,73.3870397597694,-64.6706108815519));
#13979=CARTESIAN_POINT('Origin',(-19.8038475772933,72.4211139334804,-64.4117918364493));
#13980=CARTESIAN_POINT('',(-30.1961524227066,73.3870397597694,-64.6706108815518));
#13981=CARTESIAN_POINT('Origin',(-30.1961524227066,72.4211139334804,-64.4117918364493));
#13982=CARTESIAN_POINT('',(-42.,73.3870397597694,-64.6706108815519));
#13983=CARTESIAN_POINT('',(-46.3903141467407,71.9595059827589,-64.2881043588337));
#13984=CARTESIAN_POINT('Origin',(-45.3905432361647,71.9388314158074,-64.2825646253152));
#13985=CARTESIAN_POINT('',(-52.2382835881731,67.3034020570286,-63.0405050720588));
#13986=CARTESIAN_POINT('Origin',(-51.3891686996205,72.0628788175165,-64.3158030264263));
#13987=CARTESIAN_POINT('',(-53.2930255357318,66.8013818411094,-62.9059891606192));
#13988=CARTESIAN_POINT('Origin',(-52.4081065658836,66.3515067049311,-62.7854454811853));
#13989=CARTESIAN_POINT('Origin',(-42.,61.0602331327435,-61.3676530005855));
#13990=CARTESIAN_POINT('',(-54.2616492814811,52.0973146789789,-58.9660462390731));
#13991=CARTESIAN_POINT('Origin',(-53.7616492814811,52.9338309827167,-59.1901901071152));
#13992=CARTESIAN_POINT('',(-54.2616492814811,43.7321516416009,-56.7246075586529));
#13993=CARTESIAN_POINT('Origin',(-56.7616492814811,47.9147331602899,-57.845326898863));
#13994=CARTESIAN_POINT('',(-54.7616492814811,42.8956353378631,-56.5004636906109));
#13995=CARTESIAN_POINT('Origin',(-53.7616492814811,42.8956353378631,-56.5004636906109));
#13996=CARTESIAN_POINT('',(-54.7616492814811,19.1264270625995,-50.1315235285265));
#13997=CARTESIAN_POINT('',(-54.7616492814811,18.533757454855,-49.9727181857529));
#13998=CARTESIAN_POINT('',(-54.2616492814811,18.2899107588616,-49.9073796604845));
#13999=CARTESIAN_POINT('Origin',(-53.7616492814811,19.1264270625995,-50.1315235285265));
#14000=CARTESIAN_POINT('',(-54.2616492814811,9.92474772148361,-47.6659409800642));
#14001=CARTESIAN_POINT('Origin',(-56.7616492814812,14.1073292401726,-48.7866603202744));
#14002=CARTESIAN_POINT('',(-54.7616492814811,9.08823141774582,-47.4417971120222));
#14003=CARTESIAN_POINT('Origin',(-53.7616492814811,9.08823141774582,-47.4417971120222));
#14004=CARTESIAN_POINT('',(-54.7616492814811,-29.1713227002453,-37.1901804833312));
#14005=CARTESIAN_POINT('',(-54.7616492814811,-29.7639923079897,-37.0313751405576));
#14006=CARTESIAN_POINT('',(-54.2616492814812,-30.0078390039831,-36.9660366152892));
#14007=CARTESIAN_POINT('Origin',(-53.7616492814811,-29.1713227002453,-37.1901804833312));
#14008=CARTESIAN_POINT('',(-54.2616492814811,-38.3730020413612,-34.7245979348689));
#14009=CARTESIAN_POINT('Origin',(-56.7616492814811,-34.1904205226721,-35.845317275079));
#14010=CARTESIAN_POINT('',(-54.7616492814812,-39.209518345099,-34.5004540668269));
#14011=CARTESIAN_POINT('Origin',(-53.7616492814812,-39.209518345099,-34.5004540668269));
#14012=CARTESIAN_POINT('',(-54.7616492814812,-58.1490974889172,-29.4256091302552));
#14013=CARTESIAN_POINT('',(-54.7616492814812,-58.7417670966617,-29.2668037874816));
#14014=CARTESIAN_POINT('',(-54.2616492814812,-58.985613792655,-29.2014652622132));
#14015=CARTESIAN_POINT('Origin',(-53.7616492814812,-58.1490974889172,-29.4256091302552));
#14016=CARTESIAN_POINT('',(-54.2616492814812,-67.3507768300331,-26.9600265817929));
#14017=CARTESIAN_POINT('Origin',(-56.7616492814811,-63.1681953113441,-28.0807459220031));
#14018=CARTESIAN_POINT('',(-54.7616492814812,-68.1872931337709,-26.7358827137509));
#14019=CARTESIAN_POINT('Origin',(-53.7616492814812,-68.1872931337709,-26.7358827137509));
#14020=CARTESIAN_POINT('',(-54.7616492814812,-82.8627149843275,-22.8036152803081));
#14021=CARTESIAN_POINT('',(-47.7210788543756,-93.8814246373685,-19.8511609271425));
#14022=CARTESIAN_POINT('Origin',(-47.2727763874932,-93.0180009990907,-20.082514593745));
#14023=CARTESIAN_POINT('Origin',(-41.9999999999999,-82.8627149843274,-22.8036152803081));
#14024=CARTESIAN_POINT('',(-24.3301270189222,-94.7065586982089,-19.6300669218929));
#14025=CARTESIAN_POINT('Origin',(-25.1961524227066,-94.2235957850644,-19.7594764444442));
#14026=CARTESIAN_POINT('',(-15.6698729810778,-94.7065586982089,-19.6300669218929));
#14027=CARTESIAN_POINT('Origin',(-20.,-97.1213732639316,-18.9830193091366));
#14028=CARTESIAN_POINT('',(-14.8038475772933,-95.1895216113535,-19.5006573993417));
#14029=CARTESIAN_POINT('Origin',(-14.8038475772933,-94.2235957850644,-19.7594764444442));
#14030=CARTESIAN_POINT('',(14.8038475772934,-95.1895216113535,-19.5006573993416));
#14031=CARTESIAN_POINT('',(15.4174243050442,-95.1895216113535,-19.5006573993416));
#14032=CARTESIAN_POINT('',(15.6698729810778,-94.7065586982089,-19.6300669218929));
#14033=CARTESIAN_POINT('Origin',(14.8038475772934,-94.2235957850644,-19.7594764444442));
#14034=CARTESIAN_POINT('',(24.3301270189222,-94.7065586982089,-19.6300669218929));
#14035=CARTESIAN_POINT('Origin',(20.,-97.1213732639316,-18.9830193091366));
#14036=CARTESIAN_POINT('Origin',(25.1961524227067,-94.2235957850644,-19.7594764444442));
#14037=CARTESIAN_POINT('',(48.2613916526082,-92.8726625159116,-20.121457922942));
#14038=CARTESIAN_POINT('Origin',(47.2727763874932,-93.0180009990907,-20.082514593745));
#14039=CARTESIAN_POINT('',(53.1954951208858,-87.3163487454552,-21.6102677106298));
#14040=CARTESIAN_POINT('Origin',(53.2044679781827,-92.145970100016,-20.3161745689271));
#14041=CARTESIAN_POINT('',(54.1454123613957,-86.6469568235995,-21.789630735511));
#14042=CARTESIAN_POINT('Origin',(53.1937005494264,-86.3504244745431,-21.8690863389704));
#14043=CARTESIAN_POINT('Origin',(42.,-82.8627149843275,-22.803615280308));
#14044=CARTESIAN_POINT('',(54.2616492814812,-67.3507768300331,-26.9600265817929));
#14045=CARTESIAN_POINT('Origin',(53.7616492814812,-68.1872931337709,-26.7358827137509));
#14046=CARTESIAN_POINT('',(54.2616492814812,-58.9856137926551,-29.2014652622132));
#14047=CARTESIAN_POINT('Origin',(56.7616492814812,-63.1681953113441,-28.080745922003));
#14048=CARTESIAN_POINT('',(54.7616492814812,-58.1490974889173,-29.4256091302552));
#14049=CARTESIAN_POINT('Origin',(53.7616492814812,-58.1490974889173,-29.4256091302552));
#14050=CARTESIAN_POINT('',(54.7616492814812,-39.2095183450989,-34.5004540668269));
#14051=CARTESIAN_POINT('',(54.7616492814812,-38.6168487373546,-34.6592594096005));
#14052=CARTESIAN_POINT('',(54.2616492814812,-38.3730020413612,-34.7245979348689));
#14053=CARTESIAN_POINT('Origin',(53.7616492814812,-39.209518345099,-34.5004540668269));
#14054=CARTESIAN_POINT('',(54.2616492814812,-30.0078390039831,-36.9660366152891));
#14055=CARTESIAN_POINT('Origin',(56.7616492814812,-34.1904205226722,-35.845317275079));
#14056=CARTESIAN_POINT('',(54.7616492814812,-29.1713227002453,-37.1901804833312));
#14057=CARTESIAN_POINT('Origin',(53.7616492814812,-29.1713227002453,-37.1901804833312));
#14058=CARTESIAN_POINT('',(54.7616492814812,9.08823141774579,-47.4417971120222));
#14059=CARTESIAN_POINT('',(54.7616492814812,9.6809010254902,-47.6006024547958));
#14060=CARTESIAN_POINT('',(54.2616492814812,9.92474772148358,-47.6659409800643));
#14061=CARTESIAN_POINT('Origin',(53.7616492814812,9.08823141774579,-47.4417971120222));
#14062=CARTESIAN_POINT('',(54.2616492814812,18.2899107588616,-49.9073796604845));
#14063=CARTESIAN_POINT('Origin',(56.7616492814812,14.1073292401726,-48.7866603202744));
#14064=CARTESIAN_POINT('Origin',(53.7616492814812,19.1264270625995,-50.1315235285265));
#14065=CARTESIAN_POINT('',(54.2616492814812,43.7321516416009,-56.7246075586529));
#14066=CARTESIAN_POINT('Origin',(53.7616492814812,42.8956353378631,-56.5004636906109));
#14067=CARTESIAN_POINT('',(54.2616492814812,52.0973146789789,-58.9660462390731));
#14068=CARTESIAN_POINT('Origin',(56.7616492814812,47.9147331602899,-57.845326898863));
#14069=CARTESIAN_POINT('',(54.7616492814812,52.9338309827167,-59.1901901071151));
#14070=CARTESIAN_POINT('Origin',(53.7616492814812,52.9338309827167,-59.1901901071152));
#14071=CARTESIAN_POINT('',(54.7616492814813,61.0602331327435,-61.3676530005855));
#14072=CARTESIAN_POINT('',(52.2382835881732,67.3034020570286,-63.0405050720588));
#14073=CARTESIAN_POINT('Origin',(52.4081065658837,66.3515067049311,-62.7854454811853));
#14074=CARTESIAN_POINT('',(46.3903141467407,71.9595059827589,-64.2881043588337));
#14075=CARTESIAN_POINT('Origin',(51.3891686996206,72.0628788175165,-64.3158030264263));
#14076=CARTESIAN_POINT('Origin',(45.3905432361648,71.9388314158074,-64.2825646253152));
#14077=CARTESIAN_POINT('Origin',(55.7616492814812,52.0698582713431,-57.3022474281639));
#14078=CARTESIAN_POINT('Origin',(52.4081065658837,66.7656171770951,-61.2399641591228));
#14079=CARTESIAN_POINT('',(52.2382835881732,67.7175125291927,-61.4950237499963));
#14080=CARTESIAN_POINT('Origin',(51.3891686996206,72.4769892896806,-62.7703217043638));
#14081=CARTESIAN_POINT('',(46.3903141467408,72.373616454923,-62.7426230367712));
#14082=CARTESIAN_POINT('Origin',(45.3905432361648,72.3529418879714,-62.7370833032527));
#14083=CARTESIAN_POINT('Origin',(25.,75.7330018845117,-63.6427676496944));
#14084=CARTESIAN_POINT('',(20.6698729810778,73.4264459205141,-62.5916934349437));
#14085=CARTESIAN_POINT('',(20.6698729810778,73.318187318789,-62.9957200369381));
#14086=CARTESIAN_POINT('',(29.3301270189222,73.318187318789,-62.9957200369381));
#14087=CARTESIAN_POINT('',(20.0025307227165,78.0000000000005,-55.7967851252358));
#14088=CARTESIAN_POINT('Origin',(25.,78.0000000000006,-55.1822155020273));
#14089=CARTESIAN_POINT('Ctrl Pts',(20.6698729810778,73.4264459205141,-62.5916934349437));
#14090=CARTESIAN_POINT('Ctrl Pts',(20.6698729810778,73.7460020411963,-61.3990937566881));
#14091=CARTESIAN_POINT('Ctrl Pts',(20.4048834943278,74.8801777377314,-58.7395100374256));
#14092=CARTESIAN_POINT('Ctrl Pts',(19.9717884965575,76.7646584071137,-56.6753123447047));
#14093=CARTESIAN_POINT('Ctrl Pts',(20.0025307227165,78.0000000000006,-55.7967851252357));
#14094=CARTESIAN_POINT('Origin',(30.1961524227067,72.8352244056445,-62.8663105143868));
#14095=CARTESIAN_POINT('Origin',(54.7616492814812,61.4743436049076,-59.822171678523));
#14096=CARTESIAN_POINT('',(54.7616492814812,53.3479414548808,-57.6447087850527));
#14097=CARTESIAN_POINT('Origin',(53.7616492814812,53.3479414548808,-57.6447087850527));
#14098=CARTESIAN_POINT('',(54.2616492814812,52.511425151143,-57.4205649170106));
#14099=CARTESIAN_POINT('Origin',(56.7616492814812,48.328843632454,-56.2998455768005));
#14100=CARTESIAN_POINT('',(54.2616492814812,44.1462621137649,-55.1791262365904));
#14101=CARTESIAN_POINT('Origin',(53.7616492814812,43.3097458100271,-54.9549823685484));
#14102=CARTESIAN_POINT('Origin',(53.7616492814812,9.50234188990984,-45.8963157899597));
#14103=CARTESIAN_POINT('',(54.2616492814812,10.3388581936476,-46.1204596580018));
#14104=CARTESIAN_POINT('',(54.7616492814812,9.50234188990984,-45.8963157899597));
#14105=CARTESIAN_POINT('Origin',(56.7616492814812,14.5214397123367,-47.2411789982119));
#14106=CARTESIAN_POINT('',(54.2616492814812,18.7040212310257,-48.361898338422));
#14107=CARTESIAN_POINT('Origin',(53.7616492814812,19.5405375347635,-48.586042206464));
#14108=CARTESIAN_POINT('Origin',(54.7616492814812,10.0950114976543,-46.0551211327333));
#14109=CARTESIAN_POINT('',(54.7616492814812,-28.7572122280813,-35.6446991612687));
#14110=CARTESIAN_POINT('Origin',(53.7616492814812,-28.7572122280813,-35.6446991612687));
#14111=CARTESIAN_POINT('',(54.2616492814812,-29.5937285318191,-35.4205552932267));
#14112=CARTESIAN_POINT('Origin',(56.7616492814812,-33.7763100505081,-34.2998359530165));
#14113=CARTESIAN_POINT('',(54.2616492814812,-37.9588915691971,-33.1791166128064));
#14114=CARTESIAN_POINT('Origin',(53.7616492814812,-38.7954078729349,-32.9549727447644));
#14115=CARTESIAN_POINT('',(54.7616492814812,-38.7954078729349,-32.9549727447644));
#14116=CARTESIAN_POINT('Origin',(54.7616492814812,-38.2027382651905,-33.113778087538));
#14117=CARTESIAN_POINT('',(54.7616492814812,-57.7349870167532,-27.8801278081927));
#14118=CARTESIAN_POINT('Origin',(53.7616492814812,-57.7349870167532,-27.8801278081927));
#14119=CARTESIAN_POINT('',(54.2616492814812,-58.571503320491,-27.6559839401507));
#14120=CARTESIAN_POINT('Origin',(56.7616492814812,-62.7540848391801,-26.5352645999406));
#14121=CARTESIAN_POINT('',(54.2616492814812,-66.9366663578691,-25.4145452597304));
#14122=CARTESIAN_POINT('Origin',(53.7616492814812,-67.7731826616069,-25.1904013916884));
#14123=CARTESIAN_POINT('Origin',(42.,-82.4486045121634,-21.2581339582456));
#14124=CARTESIAN_POINT('',(54.1454123613957,-86.2328463514355,-20.2441494134485));
#14125=CARTESIAN_POINT('Origin',(53.1937005494264,-85.936314002379,-20.3236050169079));
#14126=CARTESIAN_POINT('',(53.1954951208858,-86.9022382732912,-20.0647863885673));
#14127=CARTESIAN_POINT('Origin',(53.2044679781828,-91.731859627852,-18.7706932468646));
#14128=CARTESIAN_POINT('',(48.2613916526081,-92.4585520437476,-18.5759766008795));
#14129=CARTESIAN_POINT('Origin',(47.2727763874932,-92.6038905269267,-18.5370332716825));
#14130=CARTESIAN_POINT('Origin',(14.8038475772934,-93.8094853129004,-18.2139951223817));
#14131=CARTESIAN_POINT('',(15.6698729810778,-94.2924482260449,-18.0845855998304));
#14132=CARTESIAN_POINT('',(14.8038475772934,-94.7754111391894,-17.9551760772792));
#14133=CARTESIAN_POINT('Origin',(20.,-96.7072627917675,-17.4375379870741));
#14134=CARTESIAN_POINT('',(24.3301270189222,-94.2924482260449,-18.0845855998304));
#14135=CARTESIAN_POINT('Origin',(25.1961524227067,-93.8094853129004,-18.2139951223817));
#14136=CARTESIAN_POINT('Origin',(15.4174243050442,-94.7754111391894,-17.9551760772792));
#14137=CARTESIAN_POINT('',(-14.8038475772933,-94.7754111391894,-17.9551760772792));
#14138=CARTESIAN_POINT('Origin',(-14.8038475772933,-93.8094853129003,-18.2139951223817));
#14139=CARTESIAN_POINT('',(-15.6698729810778,-94.2924482260449,-18.0845855998304));
#14140=CARTESIAN_POINT('Origin',(-20.,-96.7072627917675,-17.4375379870741));
#14141=CARTESIAN_POINT('',(-24.3301270189222,-94.2924482260449,-18.0845855998304));
#14142=CARTESIAN_POINT('Origin',(-25.1961524227066,-93.8094853129003,-18.2139951223817));
#14143=CARTESIAN_POINT('Origin',(-41.9999999999999,-82.4486045121634,-21.2581339582456));
#14144=CARTESIAN_POINT('',(-47.7210788543755,-93.4673141652044,-18.3056796050801));
#14145=CARTESIAN_POINT('Origin',(-47.2727763874932,-92.6038905269267,-18.5370332716825));
#14146=CARTESIAN_POINT('Origin',(-54.7616492814812,-82.4486045121634,-21.2581339582456));
#14147=CARTESIAN_POINT('',(-54.7616492814812,-67.7731826616069,-25.1904013916884));
#14148=CARTESIAN_POINT('Origin',(-53.7616492814812,-67.7731826616069,-25.1904013916884));
#14149=CARTESIAN_POINT('',(-54.2616492814812,-66.9366663578691,-25.4145452597305));
#14150=CARTESIAN_POINT('Origin',(-56.7616492814811,-62.75408483918,-26.5352645999406));
#14151=CARTESIAN_POINT('',(-54.2616492814812,-58.571503320491,-27.6559839401507));
#14152=CARTESIAN_POINT('Origin',(-53.7616492814812,-57.7349870167532,-27.8801278081927));
#14153=CARTESIAN_POINT('',(-54.7616492814812,-57.7349870167532,-27.8801278081927));
#14154=CARTESIAN_POINT('Origin',(-54.7616492814812,-58.3276566244976,-27.7213224654191));
#14155=CARTESIAN_POINT('',(-54.7616492814812,-38.7954078729349,-32.9549727447644));
#14156=CARTESIAN_POINT('Origin',(-53.7616492814812,-38.7954078729349,-32.9549727447644));
#14157=CARTESIAN_POINT('',(-54.2616492814812,-37.9588915691971,-33.1791166128064));
#14158=CARTESIAN_POINT('Origin',(-56.7616492814811,-33.7763100505081,-34.2998359530166));
#14159=CARTESIAN_POINT('',(-54.2616492814811,-29.593728531819,-35.4205552932267));
#14160=CARTESIAN_POINT('Origin',(-53.7616492814811,-28.7572122280812,-35.6446991612687));
#14161=CARTESIAN_POINT('',(-54.7616492814811,-28.7572122280812,-35.6446991612687));
#14162=CARTESIAN_POINT('Origin',(-54.7616492814811,-29.3498818358257,-35.4858938184951));
#14163=CARTESIAN_POINT('',(-54.7616492814811,9.50234188990987,-45.8963157899598));
#14164=CARTESIAN_POINT('Origin',(-53.7616492814811,9.50234188990987,-45.8963157899598));
#14165=CARTESIAN_POINT('',(-54.2616492814811,10.3388581936477,-46.1204596580018));
#14166=CARTESIAN_POINT('Origin',(-56.7616492814812,14.5214397123367,-47.2411789982119));
#14167=CARTESIAN_POINT('',(-54.2616492814811,18.7040212310257,-48.361898338422));
#14168=CARTESIAN_POINT('Origin',(-53.7616492814811,19.5405375347635,-48.586042206464));
#14169=CARTESIAN_POINT('',(-54.7616492814811,19.5405375347635,-48.586042206464));
#14170=CARTESIAN_POINT('Origin',(-54.7616492814811,18.9478679270191,-48.4272368636904));
#14171=CARTESIAN_POINT('',(-54.7616492814811,43.3097458100272,-54.9549823685484));
#14172=CARTESIAN_POINT('Origin',(-53.7616492814811,43.3097458100272,-54.9549823685484));
#14173=CARTESIAN_POINT('',(-54.2616492814811,44.146262113765,-55.1791262365904));
#14174=CARTESIAN_POINT('Origin',(-56.7616492814811,48.328843632454,-56.2998455768005));
#14175=CARTESIAN_POINT('',(-54.2616492814811,52.511425151143,-57.4205649170106));
#14176=CARTESIAN_POINT('Origin',(-53.7616492814811,53.3479414548808,-57.6447087850527));
#14177=CARTESIAN_POINT('Origin',(-42.,61.4743436049076,-59.822171678523));
#14178=CARTESIAN_POINT('',(-53.2930255357318,67.2154923132734,-61.3605078385567));
#14179=CARTESIAN_POINT('Origin',(-52.4081065658836,66.7656171770951,-61.2399641591228));
#14180=CARTESIAN_POINT('',(-52.2382835881731,67.7175125291927,-61.4950237499963));
#14181=CARTESIAN_POINT('Origin',(-51.3891686996205,72.4769892896806,-62.7703217043638));
#14182=CARTESIAN_POINT('',(-46.3903141467407,72.3736164549229,-62.7426230367712));
#14183=CARTESIAN_POINT('Origin',(-45.3905432361647,72.3529418879714,-62.7370833032527));
#14184=CARTESIAN_POINT('Origin',(-42.,73.8011502319335,-63.1251295594893));
#14185=CARTESIAN_POINT('',(-30.1961524227066,73.8011502319335,-63.1251295594894));
#14186=CARTESIAN_POINT('Origin',(-30.1961524227066,72.8352244056444,-62.8663105143868));
#14187=CARTESIAN_POINT('Origin',(4.44089209850063E-14,78.0000000000006,
-43.401586694797));
#14188=CARTESIAN_POINT('',(1.06013982552003,78.0000000000006,-57.003274701112));
#14189=CARTESIAN_POINT('',(-1.06013982552092,78.0000000000006,-57.003274701112));
#14190=CARTESIAN_POINT('Origin',(-4.44089209850063E-13,78.0000000000006,
-45.0000000000004));
#14191=CARTESIAN_POINT('',(19.0066091652002,78.0000000000006,-57.003274701112));
#14192=CARTESIAN_POINT('',(4.44089209850063E-14,78.0000000000006,-57.003274701112));
#14193=CARTESIAN_POINT('Ctrl Pts',(19.0066091652002,78.0000000000006,-57.003274701112));
#14194=CARTESIAN_POINT('Ctrl Pts',(19.1157996622001,78.0000000000006,-57.003274701112));
#14195=CARTESIAN_POINT('Ctrl Pts',(19.2228671635712,78.,-56.9817829223377));
#14196=CARTESIAN_POINT('Ctrl Pts',(19.4335196463381,78.,-56.8962084947324));
#14197=CARTESIAN_POINT('Ctrl Pts',(19.5325026509314,78.0000000000051,-56.8303311179644));
#14198=CARTESIAN_POINT('Ctrl Pts',(19.7223884111597,78.0000000000051,-56.651292882455));
#14199=CARTESIAN_POINT('Ctrl Pts',(19.8059356232073,78.0000000003307,-56.5326860550878));
#14200=CARTESIAN_POINT('Ctrl Pts',(19.9127798854584,78.0000000003307,-56.3111043970685));
#14201=CARTESIAN_POINT('Ctrl Pts',(19.9464877782908,78.0000000000415,-56.2128766670791));
#14202=CARTESIAN_POINT('Ctrl Pts',(19.9920793505784,78.0000000000415,-56.0089428852887));
#14203=CARTESIAN_POINT('Ctrl Pts',(20.0034034842329,78.0000000000006,-55.9027305410195));
#14204=CARTESIAN_POINT('Ctrl Pts',(20.0025307227165,78.0000000000006,-55.7967851252357));
#14205=CARTESIAN_POINT('',(-19.0066091652002,78.0000000000006,-57.003274701112));
#14206=CARTESIAN_POINT('Ctrl Pts',(-20.0025307227164,78.0000000000006,-55.7967851252357));
#14207=CARTESIAN_POINT('Ctrl Pts',(-20.00398554912,78.0000000000006,-55.9733879947864));
#14208=CARTESIAN_POINT('Ctrl Pts',(-19.9715564043802,78.0000000000006,-56.1510073107421));
#14209=CARTESIAN_POINT('Ctrl Pts',(-19.8483245411957,78.0000000000006,-56.4635930461573));
#14210=CARTESIAN_POINT('Ctrl Pts',(-19.7630016913112,78.0000000000274,-56.6018657268075));
#14211=CARTESIAN_POINT('Ctrl Pts',(-19.5652430345437,78.0000000000274,-56.805618293629));
#14212=CARTESIAN_POINT('Ctrl Pts',(-19.4635177890866,78.0000000002121,-56.8793298344767));
#14213=CARTESIAN_POINT('Ctrl Pts',(-19.2953381948537,78.0000000002121,-56.9538834909818));
#14214=CARTESIAN_POINT('Ctrl Pts',(-19.2389133399207,78.0000000000006,-56.972385372548));
#14215=CARTESIAN_POINT('Ctrl Pts',(-19.1235341916735,78.0000000000006,-56.9970740115543));
#14216=CARTESIAN_POINT('Ctrl Pts',(-19.0652386461785,78.0000000000006,-57.003274701112));
#14217=CARTESIAN_POINT('Ctrl Pts',(-19.0066091652002,78.0000000000006,-57.003274701112));
#14218=CARTESIAN_POINT('',(4.44089209850063E-14,78.0000000000006,-57.003274701112));
#14219=CARTESIAN_POINT('Ctrl Pts',(-20.6698729810778,73.4264459205141,-62.5916934349437));
#14220=CARTESIAN_POINT('Ctrl Pts',(-20.6698729810778,73.7459997877003,-61.3991021668498));
#14221=CARTESIAN_POINT('Ctrl Pts',(-20.404910151377,74.880053753787,-58.7397709791099));
#14222=CARTESIAN_POINT('Ctrl Pts',(-19.9717867547995,76.7645884165406,-56.6753621192965));
#14223=CARTESIAN_POINT('Ctrl Pts',(-20.0025307227164,78.0000000000006,-55.7967851252357));
#14224=CARTESIAN_POINT('Ctrl Pts',(-20.5701398809638,73.5933026490494,-62.6364025606064));
#14225=CARTESIAN_POINT('Ctrl Pts',(-20.5701398809638,73.9061598142291,-61.4688037246436));
#14226=CARTESIAN_POINT('Ctrl Pts',(-20.3115231963448,75.0450462274246,-58.8719459328402));
#14227=CARTESIAN_POINT('Ctrl Pts',(-19.9362181647244,76.9462651414094,-56.8921639203553));
#14228=CARTESIAN_POINT('Ctrl Pts',(-20.0093833748939,78.1526257905109,-56.0590283980297));
#14229=CARTESIAN_POINT('Ctrl Pts',(-20.3026551879421,73.8326090426772,-62.7005245155226));
#14230=CARTESIAN_POINT('Ctrl Pts',(-20.3026551879421,74.1337900277286,-61.5765017770374));
#14231=CARTESIAN_POINT('Ctrl Pts',(-20.0330170058882,75.2737935729994,-59.0876627094321));
#14232=CARTESIAN_POINT('Ctrl Pts',(-19.6642228944194,77.218067138989,-57.2590185563375));
#14233=CARTESIAN_POINT('Ctrl Pts',(-19.7623426883686,78.4245526482476,-56.5147128359772));
#14234=CARTESIAN_POINT('Ctrl Pts',(-19.9534472274643,73.9094088336586,-62.7211029574949));
#14235=CARTESIAN_POINT('Ctrl Pts',(-19.9534472274643,74.2024169314327,-61.6275818495731));
#14236=CARTESIAN_POINT('Ctrl Pts',(-19.6500253088862,75.3191679183361,-59.2089492843209));
#14237=CARTESIAN_POINT('Ctrl Pts',(-19.1754823083334,77.2650940331992,-57.4089697322516));
#14238=CARTESIAN_POINT('Ctrl Pts',(-19.2306057799028,78.5297698387499,-56.6716119807241));
#14239=CARTESIAN_POINT('Ctrl Pts',(-19.8038475772933,73.9094088336586,-62.7211029574949));
#14240=CARTESIAN_POINT('Ctrl Pts',(-19.8038475772933,74.1999123492824,-61.6369290774095));
#14241=CARTESIAN_POINT('Ctrl Pts',(-19.4858921816525,75.3023712199168,-59.2385138304607));
#14242=CARTESIAN_POINT('Ctrl Pts',(-18.9661441057594,77.2414377428838,-57.4222956840815));
#14243=CARTESIAN_POINT('Ctrl Pts',(-19.0030368672597,78.5341774461963,-56.6690437616357));
#14244=CARTESIAN_POINT('',(-19.8038475772933,73.9094088336586,-62.7211029574949));
#14245=CARTESIAN_POINT('Origin',(-19.8038475772933,72.9434830073696,-62.4622839123924));
#14246=CARTESIAN_POINT('Ctrl Pts',(-19.8038475772933,73.9094088336586,-62.7211029574949));
#14247=CARTESIAN_POINT('Ctrl Pts',(-19.8038475772933,74.1999123492824,-61.6369290774095));
#14248=CARTESIAN_POINT('Ctrl Pts',(-19.5114391437681,75.2137912637712,-59.4312208085192));
#14249=CARTESIAN_POINT('Ctrl Pts',(-19.0483624353683,76.9352398710358,-57.7179118410654));
#14250=CARTESIAN_POINT('Ctrl Pts',(-19.0061670322847,78.0000684617599,-57.0034011006482));
#14251=CARTESIAN_POINT('Origin',(-19.8038475772933,72.8352244056445,-62.8663105143868));
#14252=CARTESIAN_POINT('',(-19.8038475772933,73.8011502319335,-63.1251295594894));
#14253=CARTESIAN_POINT('Origin',(3.96326303857758E-14,83.5686670965493,
-65.3092934085203));
#14254=CARTESIAN_POINT('',(19.8038475772934,73.9094088336586,-62.7211029574949));
#14255=CARTESIAN_POINT('Ctrl Pts',(19.0061679282015,78.0000670251498,-57.0033995546109));
#14256=CARTESIAN_POINT('Ctrl Pts',(19.0483640595261,76.9353027983792,-57.7178579641574));
#14257=CARTESIAN_POINT('Ctrl Pts',(19.5114111729493,75.2138985006168,-59.4310152129357));
#14258=CARTESIAN_POINT('Ctrl Pts',(19.8038475772934,74.1999143979152,-61.636921431808));
#14259=CARTESIAN_POINT('Ctrl Pts',(19.8038475772934,73.9094088336586,-62.7211029574949));
#14260=CARTESIAN_POINT('',(-4.45650187639636E-13,78.0029782921881,-57.0012787158871));
#14261=CARTESIAN_POINT('Ctrl Pts',(1.06013982552003,78.0000000000006,-57.003274701112));
#14262=CARTESIAN_POINT('Ctrl Pts',(0.912932002456664,78.0000000000006,-57.003274701112));
#14263=CARTESIAN_POINT('Ctrl Pts',(0.765905572789765,78.0006178296337,-57.0028604836683));
#14264=CARTESIAN_POINT('Ctrl Pts',(0.522586546918472,78.0016668233586,-57.0021574271131));
#14265=CARTESIAN_POINT('Ctrl Pts',(0.3854181769384,78.0022720132789,-57.0017518987898));
#14266=CARTESIAN_POINT('Ctrl Pts',(0.203582189634752,78.0027691053476,-57.0014188553388));
#14267=CARTESIAN_POINT('Ctrl Pts',(0.143806331823467,78.0028840904963,-57.001341823801));
#14268=CARTESIAN_POINT('Ctrl Pts',(0.0553839921619553,78.0029654691587,
-57.0012873062228));
#14269=CARTESIAN_POINT('Ctrl Pts',(0.0277002635394729,78.0029782921881,
-57.0012787158871));
#14270=CARTESIAN_POINT('Ctrl Pts',(-4.45741432672701E-13,78.0029782921881,
-57.0012787158871));
#14271=CARTESIAN_POINT('Ctrl Pts',(-4.45741432672701E-13,78.0029782921881,
-57.0012787158871));
#14272=CARTESIAN_POINT('Ctrl Pts',(-0.0215322947060703,78.0029782921881,
-57.0012787158871));
#14273=CARTESIAN_POINT('Ctrl Pts',(-0.0430745805474325,78.0029705439309,
-57.0012839065686));
#14274=CARTESIAN_POINT('Ctrl Pts',(-0.122596599456746,78.0029134715583,
-57.0013221406113));
#14275=CARTESIAN_POINT('Ctrl Pts',(-0.179785470567063,78.0028171944706,
-57.0013866385915));
#14276=CARTESIAN_POINT('Ctrl Pts',(-0.344485897371841,78.0024062445563,
-57.0016619632543));
#14277=CARTESIAN_POINT('Ctrl Pts',(-0.438184385350769,78.002029678953,-57.0019142661148));
#14278=CARTESIAN_POINT('Ctrl Pts',(-0.758496434625366,78.0006527821181,
-57.0028370207422));
#14279=CARTESIAN_POINT('Ctrl Pts',(-0.905523181500656,78.0000000000006,
-57.003274701112));
#14280=CARTESIAN_POINT('Ctrl Pts',(-1.06013982552092,78.0000000000006,-57.003274701112));
#14281=CARTESIAN_POINT('',(4.59767619550624E-14,73.9094088336586,-62.7211029574949));
#14282=CARTESIAN_POINT('Origin',(-20.4174243050441,73.8011502319335,-63.1251295594894));
#14283=CARTESIAN_POINT('',(19.8038475772934,73.8011502319335,-63.1251295594894));
#14284=CARTESIAN_POINT('Ctrl Pts',(19.8038475772934,73.9094088336586,-62.7211029574949));
#14285=CARTESIAN_POINT('Ctrl Pts',(19.8038475772934,74.1999143979152,-61.636921431808));
#14286=CARTESIAN_POINT('Ctrl Pts',(19.4858601931933,75.3024931040796,-59.2382790682401));
#14287=CARTESIAN_POINT('Ctrl Pts',(18.966146195869,77.2415109813042,-57.4222530096121));
#14288=CARTESIAN_POINT('Ctrl Pts',(19.0030368672598,78.5341774461963,-56.6690437616357));
#14289=CARTESIAN_POINT('Ctrl Pts',(20.0033137775213,73.9094088336586,-62.7211029574949));
#14290=CARTESIAN_POINT('Ctrl Pts',(20.0033137775213,74.2032437319451,-61.6244961880531));
#14291=CARTESIAN_POINT('Ctrl Pts',(19.7042389731403,75.3247928965864,-59.1984328553697));
#14292=CARTESIAN_POINT('Ctrl Pts',(19.2444571420714,77.2732975421529,-57.4036501481645));
#14293=CARTESIAN_POINT('Ctrl Pts',(19.3064620841173,78.5283006362678,-56.6724680537536));
#14294=CARTESIAN_POINT('Ctrl Pts',(20.3516123666875,73.8053067234595,-62.6932088811367));
#14295=CARTESIAN_POINT('Ctrl Pts',(20.3516123666875,74.1081344002026,-61.5630406055933));
#14296=CARTESIAN_POINT('Ctrl Pts',(20.0864029284087,75.2492281015228,-59.0591422809169));
#14297=CARTESIAN_POINT('Ctrl Pts',(19.7296090010533,77.1873979155124,-57.2109850400943));
#14298=CARTESIAN_POINT('Ctrl Pts',(19.8312382897986,78.3877315336683,-56.4545876182571));
#14299=CARTESIAN_POINT('Ctrl Pts',(20.5950731559924,73.5515884669156,-62.6252252791907));
#14300=CARTESIAN_POINT('Ctrl Pts',(20.5950731559924,73.8661287871812,-61.4513448229305));
#14301=CARTESIAN_POINT('Ctrl Pts',(20.3352306547855,75.0039765041256,-58.838932289509));
#14302=CARTESIAN_POINT('Ctrl Pts',(19.9457757012315,76.9006898318668,-56.8384728090674));
#14303=CARTESIAN_POINT('Ctrl Pts',(20.0076702118496,78.1144693428833,-55.9934675798313));
#14304=CARTESIAN_POINT('Ctrl Pts',(20.6698729810778,73.4264459205141,-62.5916934349437));
#14305=CARTESIAN_POINT('Ctrl Pts',(20.6698729810778,73.7460020411963,-61.3990937566881));
#14306=CARTESIAN_POINT('Ctrl Pts',(20.4048834943278,74.8801777377314,-58.7395100374256));
#14307=CARTESIAN_POINT('Ctrl Pts',(19.9717884965575,76.7646584071137,-56.6753123447047));
#14308=CARTESIAN_POINT('Ctrl Pts',(20.0025307227165,78.0000000000006,-55.7967851252357));
#14309=CARTESIAN_POINT('Origin',(19.8038475772934,72.9434830073696,-62.4622839123924));
#14310=CARTESIAN_POINT('Origin',(19.8038475772934,72.8352244056445,-62.8663105143868));
#14311=CARTESIAN_POINT('Origin',(-56.7616492814811,-62.75408483918,-26.5352645999406));
#14312=CARTESIAN_POINT('Origin',(-56.7616492814811,-38.8133231671953,62.8128743317998));
#14313=CARTESIAN_POINT('Origin',(-56.7616492814811,-33.7763100505081,-34.2998359530166));
#14314=CARTESIAN_POINT('Origin',(-56.7616492814811,-9.83554837852344,55.0483029787233));
#14315=CARTESIAN_POINT('Origin',(-56.7616492814811,-33.7763100505081,-34.2998359530166));
#14316=CARTESIAN_POINT('Origin',(-56.7616492814811,-9.83554837852344,55.0483029787233));
#14317=CARTESIAN_POINT('Origin',(-53.2044679781827,-91.731859627852,-18.7706932468646));
#14318=CARTESIAN_POINT('',(-58.0166752132505,-82.0721132442811,12.0351997670819));
#14319=CARTESIAN_POINT('Ctrl Pts',(-58.0166752132505,-82.0721132442812,
12.0351997670819));
#14320=CARTESIAN_POINT('Ctrl Pts',(-58.0594292589953,-82.7329065146939,
10.1546876726333));
#14321=CARTESIAN_POINT('Ctrl Pts',(-58.0970308054576,-83.4051340239437,
8.26596500687381));
#14322=CARTESIAN_POINT('Ctrl Pts',(-58.1854321501619,-85.3923844599323,
2.77155756102125));
#14323=CARTESIAN_POINT('Ctrl Pts',(-58.2185996360289,-86.7296521986249,
-0.82127102537421));
#14324=CARTESIAN_POINT('Ctrl Pts',(-58.1892301246227,-88.7817073195397,
-6.04866823337981));
#14325=CARTESIAN_POINT('Ctrl Pts',(-58.1662246753397,-89.4732978193709,
-7.76381575914079));
#14326=CARTESIAN_POINT('Ctrl Pts',(-58.0733835380453,-90.8862080115109,
-11.1124348793268));
#14327=CARTESIAN_POINT('Ctrl Pts',(-58.0079017913585,-91.6029166618232,
-12.7479694418774));
#14328=CARTESIAN_POINT('Ctrl Pts',(-57.8356517075108,-92.6399111879659,
-14.8614773457632));
#14329=CARTESIAN_POINT('Ctrl Pts',(-57.7786796011247,-92.9422411100244,
-15.4556050464502));
#14330=CARTESIAN_POINT('Ctrl Pts',(-57.6596636015418,-93.425529296366,-16.3153496908538));
#14331=CARTESIAN_POINT('Ctrl Pts',(-57.6144517209168,-93.5913716981134,
-16.5963045250889));
#14332=CARTESIAN_POINT('Ctrl Pts',(-57.5046850357937,-93.9351478054454,
-17.127316405428));
#14333=CARTESIAN_POINT('Ctrl Pts',(-57.4423346803318,-94.1110331569886,
-17.379149490564));
#14334=CARTESIAN_POINT('Ctrl Pts',(-57.3142873769419,-94.3903507177619,
-17.6864765542995));
#14335=CARTESIAN_POINT('Ctrl Pts',(-57.26672994056,-94.4860095318083,-17.7799109123489));
#14336=CARTESIAN_POINT('Ctrl Pts',(-57.1799546254475,-94.632801591544,-17.8793397556053));
#14337=CARTESIAN_POINT('Ctrl Pts',(-57.1485242198581,-94.6821498591585,
-17.9055717503421));
#14338=CARTESIAN_POINT('Ctrl Pts',(-57.0794545532006,-94.7800898446656,
-17.9363291233014));
#14339=CARTESIAN_POINT('Ctrl Pts',(-57.0418328193796,-94.8286786578595,
-17.940903088839));
#14340=CARTESIAN_POINT('Ctrl Pts',(-56.9995953940035,-94.876242392539,-17.9281584245426));
#14341=CARTESIAN_POINT('',(-58.0166752132505,-76.5824763573842,32.5228035440847));
#14342=CARTESIAN_POINT('Origin',(-58.9791166602641,-76.3202377934957,32.4525369326665));
#14343=CARTESIAN_POINT('Ctrl Pts',(-58.0741260378765,-80.1711882887129,
16.4368528790249));
#14344=CARTESIAN_POINT('Ctrl Pts',(-58.0703112179557,-80.1790267756934,
16.4389531952812));
#14345=CARTESIAN_POINT('Ctrl Pts',(-58.0665137627746,-80.1877862449466,
16.4386592252416));
#14346=CARTESIAN_POINT('Ctrl Pts',(-58.0597377253752,-80.2049857691689,
16.4342224958342));
#14347=CARTESIAN_POINT('Ctrl Pts',(-58.0567516741467,-80.2134306774691,
16.4301100142426));
#14348=CARTESIAN_POINT('Ctrl Pts',(-58.0406754472529,-80.2616984206467,
16.4009845410202));
#14349=CARTESIAN_POINT('Ctrl Pts',(-58.03305566212,-80.2978070618855,16.3542023509358));
#14350=CARTESIAN_POINT('Ctrl Pts',(-58.0134477351645,-80.397632011387,16.2166150654092));
#14351=CARTESIAN_POINT('Ctrl Pts',(-58.0065566006406,-80.457582139842,16.106302748903));
#14352=CARTESIAN_POINT('Ctrl Pts',(-57.9949193107167,-80.5758551060188,
15.8776183680319));
#14353=CARTESIAN_POINT('Ctrl Pts',(-57.9909928577995,-80.6326456321841,
15.7584161512681));
#14354=CARTESIAN_POINT('Ctrl Pts',(-57.9821074253059,-80.7980553648849,
15.3968407514553));
#14355=CARTESIAN_POINT('Ctrl Pts',(-57.9800430714653,-80.9015091417684,
15.1510066547868));
#14356=CARTESIAN_POINT('Ctrl Pts',(-57.9775722619441,-81.2356740464965,
14.3334634217162));
#14357=CARTESIAN_POINT('Ctrl Pts',(-57.9848295937122,-81.4659344814791,
13.7199725234804));
#14358=CARTESIAN_POINT('Ctrl Pts',(-58.0014058505356,-81.8210002070277,
12.7445117650407));
#14359=CARTESIAN_POINT('Ctrl Pts',(-58.008573189405,-81.9468908766538,12.3915626227016));
#14360=CARTESIAN_POINT('Ctrl Pts',(-58.0166752132505,-82.0721132442811,
12.0351997670819));
#14361=CARTESIAN_POINT('Origin',(-56.7616492814812,14.5214397123367,-47.2411789982119));
#14362=CARTESIAN_POINT('Origin',(-56.7616492814812,38.4622013843213,42.1069599335278));
#14363=CARTESIAN_POINT('Origin',(-56.7616492814812,14.5214397123367,-47.2411789982119));
#14364=CARTESIAN_POINT('Origin',(-56.7616492814812,38.4622013843213,42.1069599335278));
#14365=CARTESIAN_POINT('Origin',(-42.,-85.7668498196089,34.9837489962738));
#14366=CARTESIAN_POINT('',(-24.,-90.028735601841,19.0781747209289));
#14367=CARTESIAN_POINT('',(-24.,-99.6050402706347,-16.6610808517665));
#14368=CARTESIAN_POINT('',(-16.,-90.028735601841,19.0781747209289));
#14369=CARTESIAN_POINT('',(-31.,-90.028735601841,19.0781747209289));
#14370=CARTESIAN_POINT('',(-16.,-99.6050402706347,-16.6610808517665));
#14371=CARTESIAN_POINT('',(16.,-90.028735601841,19.0781747209289));
#14372=CARTESIAN_POINT('',(16.,-99.6050402706348,-16.6610808517665));
#14373=CARTESIAN_POINT('',(24.,-90.028735601841,19.0781747209289));
#14374=CARTESIAN_POINT('',(-11.,-90.028735601841,19.0781747209289));
#14375=CARTESIAN_POINT('',(24.,-99.6050402706348,-16.6610808517665));
#14376=CARTESIAN_POINT('',(42.,-85.766849819609,34.9837489962738));
#14377=CARTESIAN_POINT('',(-26.,-99.0874021804296,-14.7292291991883));
#14378=CARTESIAN_POINT('',(-40.,-99.0874021804296,-14.7292291991882));
#14379=CARTESIAN_POINT('',(-34.0000000000001,-99.0874021804296,-14.7292291991883));
#14380=CARTESIAN_POINT('',(-39.9999999999999,-91.0640117822511,15.2144714157728));
#14381=CARTESIAN_POINT('',(-39.9999999999999,-92.4271260000192,10.1272598985427));
#14382=CARTESIAN_POINT('',(-25.9999999999999,-91.0640117822511,15.2144714157727));
#14383=CARTESIAN_POINT('',(-41.,-91.0640117822511,15.2144714157728));
#14384=CARTESIAN_POINT('',(-25.9999999999999,-88.41543080093,25.0991102060232));
#14385=CARTESIAN_POINT('',(14.,-99.0874021804297,-14.7292291991884));
#14386=CARTESIAN_POINT('',(-14.,-99.0874021804296,-14.7292291991883));
#14387=CARTESIAN_POINT('',(-14.0000000000001,-99.0874021804296,-14.7292291991883));
#14388=CARTESIAN_POINT('',(-13.9999999999999,-91.0640117822511,15.2144714157727));
#14389=CARTESIAN_POINT('',(-13.9999999999999,-92.4271260000193,10.1272598985427));
#14390=CARTESIAN_POINT('',(14.0000000000001,-91.0640117822511,15.2144714157726));
#14391=CARTESIAN_POINT('',(-28.,-91.0640117822511,15.2144714157727));
#14392=CARTESIAN_POINT('',(14.0000000000001,-88.4154308009301,25.0991102060231));
#14393=CARTESIAN_POINT('',(40.,-99.0874021804297,-14.7292291991885));
#14394=CARTESIAN_POINT('',(26.,-99.0874021804297,-14.7292291991885));
#14395=CARTESIAN_POINT('',(-1.00000000000012,-99.0874021804297,-14.7292291991884));
#14396=CARTESIAN_POINT('',(26.0000000000001,-91.0640117822511,15.2144714157725));
#14397=CARTESIAN_POINT('',(26.0000000000001,-92.4271260000194,10.1272598985425));
#14398=CARTESIAN_POINT('',(40.0000000000001,-91.0640117822512,15.2144714157725));
#14399=CARTESIAN_POINT('',(-7.99999999999998,-91.0640117822511,15.2144714157727));
#14400=CARTESIAN_POINT('',(40.0000000000001,-88.4154308009301,25.099110206023));
#14401=CARTESIAN_POINT('Origin',(-20.,-96.7072627917675,-17.4375379870741));
#14402=CARTESIAN_POINT('Origin',(-20.,-72.766501119783,71.9106009446653));
#14403=CARTESIAN_POINT('Origin',(-20.,-96.7072627917675,-17.4375379870741));
#14404=CARTESIAN_POINT('Origin',(-20.,-72.766501119783,71.9106009446653));
#14405=CARTESIAN_POINT('Origin',(-56.7616492814811,48.328843632454,-56.2998455768005));
#14406=CARTESIAN_POINT('Origin',(-56.7616492814811,72.2696053044386,33.0482933549393));
#14407=CARTESIAN_POINT('Origin',(20.,-96.7072627917675,-17.4375379870741));
#14408=CARTESIAN_POINT('Origin',(20.,-72.7665011197829,71.9106009446657));
#14409=CARTESIAN_POINT('Origin',(20.,-96.7072627917675,-17.4375379870741));
#14410=CARTESIAN_POINT('Origin',(20.,-72.7665011197829,71.9106009446657));
#14411=CARTESIAN_POINT('Origin',(-51.3891686996205,72.4769892896806,-62.7703217043638));
#14412=CARTESIAN_POINT('Ctrl Pts',(-49.592811323824,86.5604636941331,-28.2387586224883));
#14413=CARTESIAN_POINT('Ctrl Pts',(-49.8404304336248,85.7330687280069,-31.6949546299718));
#14414=CARTESIAN_POINT('Ctrl Pts',(-50.1152836784711,84.8763232843571,-35.2157924022073));
#14415=CARTESIAN_POINT('Ctrl Pts',(-50.7489037054337,83.0732501504743,-42.426784709524));
#14416=CARTESIAN_POINT('Ctrl Pts',(-51.1095424320254,82.126406628914,-46.1143556876043));
#14417=CARTESIAN_POINT('Ctrl Pts',(-51.7383349171489,80.6687775918274,-51.486559881321));
#14418=CARTESIAN_POINT('Ctrl Pts',(-51.9625451650549,80.1767395809019,-53.2504109191185));
#14419=CARTESIAN_POINT('Ctrl Pts',(-52.4616426489662,79.1668389713133,-56.6976501338389));
#14420=CARTESIAN_POINT('Ctrl Pts',(-52.7314658518012,78.6528732516656,-58.38290990222));
#14421=CARTESIAN_POINT('Ctrl Pts',(-53.1887353654012,77.898810838074,-60.5662211763741));
#14422=CARTESIAN_POINT('Ctrl Pts',(-53.3278875474416,77.6780539206383,-61.1805401595884));
#14423=CARTESIAN_POINT('Ctrl Pts',(-53.5741225210418,77.3211201447118,-62.0716614442404));
#14424=CARTESIAN_POINT('Ctrl Pts',(-53.6623392156,77.1980023617094,-62.3632420111829));
#14425=CARTESIAN_POINT('Ctrl Pts',(-53.8587855129772,76.9403966269519,-62.9157457336997));
#14426=CARTESIAN_POINT('Ctrl Pts',(-53.9645441984581,76.8076771559527,-63.1783665151646));
#14427=CARTESIAN_POINT('Ctrl Pts',(-54.1569870052152,76.5924590349382,-63.501944021997));
#14428=CARTESIAN_POINT('Ctrl Pts',(-54.2260620452372,76.5181411994938,-63.6008754555872));
#14429=CARTESIAN_POINT('Ctrl Pts',(-54.3436854710462,76.4019811187505,-63.7082338820445));
#14430=CARTESIAN_POINT('Ctrl Pts',(-54.3851317759045,76.3625829734855,-63.7370498572537));
#14431=CARTESIAN_POINT('Ctrl Pts',(-54.4730177890016,76.2833667223727,-63.7726934637806));
#14432=CARTESIAN_POINT('Ctrl Pts',(-54.5194420177568,76.243553216056,-63.7795694666782));
#14433=CARTESIAN_POINT('Ctrl Pts',(-54.5694260409867,76.2037563585117,-63.7689059308379));
#14434=CARTESIAN_POINT('Origin',(42.,-68.6104140611376,30.3866958897947));
#14435=CARTESIAN_POINT('',(52.2354267207912,-86.8936115654532,18.2381207672074));
#14436=CARTESIAN_POINT('',(52.2354267207912,-96.469916234247,-17.5011348054881));
#14437=CARTESIAN_POINT('',(57.9049622113134,-80.5091248353694,16.5274027037941));
#14438=CARTESIAN_POINT('Origin',(42.,-72.8722998433697,14.4811216144498));
#14439=CARTESIAN_POINT('',(57.9049622113134,-90.0854295041631,-19.2118528689013));
#14440=CARTESIAN_POINT('',(59.7616492814812,-68.6104140611376,30.3866958897947));
#14441=CARTESIAN_POINT('Origin',(53.2044679781828,-91.731859627852,-18.7706932468646));
#14442=CARTESIAN_POINT('Ctrl Pts',(52.2354267207913,-86.8936115654533,18.2381207672074));
#14443=CARTESIAN_POINT('Ctrl Pts',(52.4931136651012,-87.853014478389,14.8542702178428));
#14444=CARTESIAN_POINT('Ctrl Pts',(52.7750412229061,-88.814511870067,11.4014361664186));
#14445=CARTESIAN_POINT('Ctrl Pts',(53.4174760219301,-90.7471410632484,4.24796452556745));
#14446=CARTESIAN_POINT('Ctrl Pts',(53.7804860776658,-91.7153892696616,0.549190466188251));
#14447=CARTESIAN_POINT('Ctrl Pts',(54.3985218793226,-93.0419748108731,-4.88295411091778));
#14448=CARTESIAN_POINT('Ctrl Pts',(54.6167560825918,-93.4630879348925,-6.6739881180051));
#14449=CARTESIAN_POINT('Ctrl Pts',(55.0954218878942,-94.2347577492909,-10.2011322202366));
#14450=CARTESIAN_POINT('Ctrl Pts',(55.3515816402741,-94.5904169348281,-11.9367025594324));
#14451=CARTESIAN_POINT('Ctrl Pts',(55.7751689600741,-94.9579480010878,-14.2338941584967));
#14452=CARTESIAN_POINT('Ctrl Pts',(55.9032767323949,-95.0522785315587,-14.8849482574439));
#14453=CARTESIAN_POINT('Ctrl Pts',(56.1268534616798,-95.1503975640853,-15.8496745755999));
#14454=CARTESIAN_POINT('Ctrl Pts',(56.2065121721565,-95.1758303936634,-16.1688409042301));
#14455=CARTESIAN_POINT('Ctrl Pts',(56.3823547047374,-95.1983846104072,-16.787067909192));
#14456=CARTESIAN_POINT('Ctrl Pts',(56.4764582700003,-95.1982835336976,-17.0866139784809));
#14457=CARTESIAN_POINT('Ctrl Pts',(56.6451897301624,-95.1436314536421,-17.4840903049882));
#14458=CARTESIAN_POINT('Ctrl Pts',(56.7054105539957,-95.117976717453,-17.6101888845267));
#14459=CARTESIAN_POINT('Ctrl Pts',(56.8069740221885,-95.0527501439491,-17.7666271202662));
#14460=CARTESIAN_POINT('Ctrl Pts',(56.8426148292208,-95.0265900442174,-17.8131503218867));
#14461=CARTESIAN_POINT('Ctrl Pts',(56.917790075099,-94.9621283710418,-17.8875167268617));
#14462=CARTESIAN_POINT('Ctrl Pts',(56.9573118404932,-94.9238580722952,-17.9153998416017));
#14463=CARTESIAN_POINT('Ctrl Pts',(56.9995953940035,-94.8762423925382,-17.9281584245397));
#14464=CARTESIAN_POINT('Origin',(53.2044679781828,-91.731859627852,-18.7706932468646));
#14465=CARTESIAN_POINT('Ctrl Pts',(56.9995953940035,-94.8762423925382,-17.9281584245397));
#14466=CARTESIAN_POINT('Ctrl Pts',(57.0418789475138,-94.8286267127813,-17.9409170074776));
#14467=CARTESIAN_POINT('Ctrl Pts',(57.0795301181452,-94.7799922577256,-17.9363199513373));
#14468=CARTESIAN_POINT('Ctrl Pts',(57.1486479834109,-94.6819648778067,-17.9054923569178));
#14469=CARTESIAN_POINT('Ctrl Pts',(57.1800969599514,-94.6325749022878,-17.8792127369489));
#14470=CARTESIAN_POINT('Ctrl Pts',(57.2669218753734,-94.4856565589284,-17.7796185603613));
#14471=CARTESIAN_POINT('Ctrl Pts',(57.3145019055384,-94.3899163196394,-17.6860476664673));
#14472=CARTESIAN_POINT('Ctrl Pts',(57.4426641563008,-94.1102351971227,-17.3781556515921));
#14473=CARTESIAN_POINT('Ctrl Pts',(57.5050589151753,-93.934102881272,-17.1258311775192));
#14474=CARTESIAN_POINT('Ctrl Pts',(57.6149008037895,-93.5898382882266,-16.593806208084));
#14475=CARTESIAN_POINT('Ctrl Pts',(57.6601371739513,-93.4237606057637,-16.3123255542038));
#14476=CARTESIAN_POINT('Ctrl Pts',(57.7792081012594,-92.9397846683339,-15.4509892821107));
#14477=CARTESIAN_POINT('Ctrl Pts',(57.8361918875612,-92.6370217888898,-14.8557844627474));
#14478=CARTESIAN_POINT('Ctrl Pts',(58.0084621401972,-91.5984931125794,-12.7383861314194));
#14479=CARTESIAN_POINT('Ctrl Pts',(58.0738912170809,-90.8806914523353,-11.0998515758664));
#14480=CARTESIAN_POINT('Ctrl Pts',(58.1665830748359,-89.465613474425,-7.74510817145145));
#14481=CARTESIAN_POINT('Ctrl Pts',(58.1894869466574,-88.7729537937067,-6.02683484493908));
#14482=CARTESIAN_POINT('Ctrl Pts',(58.2185048981693,-86.717718417308,-0.789931402736524));
#14483=CARTESIAN_POINT('Ctrl Pts',(58.1850405912619,-85.3783674170475,2.80940596272234));
#14484=CARTESIAN_POINT('Ctrl Pts',(58.0720935679374,-82.8494799089924,9.80311066962271));
#14485=CARTESIAN_POINT('Ctrl Pts',(57.9945060016979,-81.6578744305485,13.1942874450262));
#14486=CARTESIAN_POINT('Ctrl Pts',(57.9049622113134,-80.5091248353695,16.5274027037941));
#14487=CARTESIAN_POINT('Origin',(59.7616492814812,-68.6104140611376,30.3866958897947));
#14488=CARTESIAN_POINT('',(59.7616492814812,-57.0414834755426,10.239267153165));
#14489=CARTESIAN_POINT('',(59.7616492814812,-66.6177881443363,-25.4999884195304));
#14490=CARTESIAN_POINT('',(59.7616492814812,-49.3140768652301,8.16871479234471));
#14491=CARTESIAN_POINT('',(59.7616492814812,-63.025040006878,11.8425562936023));
#14492=CARTESIAN_POINT('',(59.7616492814812,-58.8903815340238,-27.5705407803507));
#14493=CARTESIAN_POINT('',(59.7616492814812,-28.0637086868707,2.47469580008899));
#14494=CARTESIAN_POINT('',(59.7616492814812,-37.6400133556644,-33.2645597726064));
#14495=CARTESIAN_POINT('',(59.7616492814812,-20.3363020765581,0.404143439268723));
#14496=CARTESIAN_POINT('',(59.7616492814812,-48.536152612542,7.96027061706435));
#14497=CARTESIAN_POINT('',(59.7616492814812,-29.9126067453518,-35.3351121334267));
#14498=CARTESIAN_POINT('',(59.7616492814812,20.2340410759741,-10.4666472451063));
#14499=CARTESIAN_POINT('',(59.7616492814812,10.6577364071804,-46.2059028178017));
#14500=CARTESIAN_POINT('',(59.7616492814812,27.9614476862866,-12.5371996059266));
#14501=CARTESIAN_POINT('',(59.7616492814812,-24.3872777311196,1.48959909446668));
#14502=CARTESIAN_POINT('',(59.7616492814812,18.3851430174929,-48.276455178622));
#14503=CARTESIAN_POINT('',(59.7616492814812,54.0414449960914,-19.525313823695));
#14504=CARTESIAN_POINT('',(59.7616492814812,44.4651403272977,-55.2645693963904));
#14505=CARTESIAN_POINT('',(59.7616492814812,61.7688516064039,-21.5958661845152));
#14506=CARTESIAN_POINT('',(59.7616492814812,-7.48357577106101,-3.03973419482764));
#14507=CARTESIAN_POINT('',(59.7616492814812,52.1925469376102,-57.3351217572106));
#14508=CARTESIAN_POINT('',(59.7616492814812,75.3125340559334,-8.17734183048276));
#14509=CARTESIAN_POINT('',(59.7616492814812,9.24352284480736,-43.7564130750185));
#14510=CARTESIAN_POINT('',(59.7616492814812,-27.4631170025686,-33.9208985710536));
#14511=CARTESIAN_POINT('',(59.7616492814812,-36.3437217885755,-31.541347690343));
#14512=CARTESIAN_POINT('',(59.7616492814812,-18.922088514185,-2.04534630351449));
#14513=CARTESIAN_POINT('',(59.7616492814812,-20.8028408221582,-9.06440947332252));
#14514=CARTESIAN_POINT('',(59.7616492814812,17.7845513331909,-11.8808608074794));
#14515=CARTESIAN_POINT('',(59.7616492814812,-46.1560132238799,5.25196182917859));
#14516=CARTESIAN_POINT('',(59.7616492814812,20.1743132694095,-2.96214784351791));
#14517=CARTESIAN_POINT('',(59.7616492814812,-39.0542269180374,-30.8150700298232));
#14518=CARTESIAN_POINT('',(59.7616492814812,-56.4408917912406,-26.1563272179776));
#14519=CARTESIAN_POINT('',(59.7616492814812,-60.4925966699978,-25.0706761677453));
#14520=CARTESIAN_POINT('',(59.7616492814812,-47.899863302857,5.71922504956151));
#14521=CARTESIAN_POINT('',(59.7616492814812,-49.7806156108302,-1.29983812024657));
#14522=CARTESIAN_POINT('',(59.7616492814812,-30.5131984296538,1.06048223771591));
#14523=CARTESIAN_POINT('',(59.7616492814812,-60.6449006182159,9.13424750571661));
#14524=CARTESIAN_POINT('',(59.7616492814812,-28.1234364934352,9.97919520167742));
#14525=CARTESIAN_POINT('',(59.7616492814812,20.8346327602762,-46.862241616249));
#14526=CARTESIAN_POINT('',(59.7616492814812,29.3756612486598,-14.9866893487098));
#14527=CARTESIAN_POINT('',(59.7616492814812,27.4949089406866,-22.0057525185179));
#14528=CARTESIAN_POINT('',(59.7616492814812,51.5919552533082,-20.9395273860681));
#14529=CARTESIAN_POINT('',(59.7616492814812,-22.0071383424575,-1.21870969341906));
#14530=CARTESIAN_POINT('',(59.7616492814812,43.0509267649246,-52.8150796536072));
#14531=CARTESIAN_POINT('',(59.7616492814812,53.9817171895268,-12.0208144221066));
#14532=CARTESIAN_POINT('',(59.7616492814812,-19.4400198285168,-36.0706809796373));
#14533=CARTESIAN_POINT('',(59.7616492814812,-68.0320017067093,-23.0504986767473));
#14534=CARTESIAN_POINT('',(59.7616492814812,-79.9991147693802,-19.8439203958725));
#14535=CARTESIAN_POINT('',(59.7616492814812,-74.9814840643338,-21.1883904912073));
#14536=CARTESIAN_POINT('',(59.7616492814812,-71.4580862809966,12.0316318716666));
#14537=CARTESIAN_POINT('',(59.7616492814812,-73.3388385889698,5.01256870185857));
#14538=CARTESIAN_POINT('',(59.7616492814812,-59.4909732183257,8.82505359079189));
#14539=CARTESIAN_POINT('',(59.7616492814812,-72.4240121072857,12.2904509167692));
#14540=CARTESIAN_POINT('',(59.7616492814812,-57.1012112821072,17.7437665547534));
#14541=CARTESIAN_POINT('Origin',(56.7616492814812,-62.7540848391801,-26.5352645999406));
#14542=CARTESIAN_POINT('Origin',(56.7616492814812,-38.8133231671943,62.8128743318034));
#14543=CARTESIAN_POINT('Origin',(56.7616492814812,-62.7540848391801,-26.5352645999406));
#14544=CARTESIAN_POINT('Origin',(56.7616492814812,-38.8133231671943,62.8128743318034));
#14545=CARTESIAN_POINT('Origin',(56.7616492814812,-33.7763100505081,-34.2998359530165));
#14546=CARTESIAN_POINT('Origin',(56.7616492814812,-9.83554837852251,55.0483029787269));
#14547=CARTESIAN_POINT('Origin',(56.7616492814812,-33.7763100505081,-34.2998359530165));
#14548=CARTESIAN_POINT('Origin',(56.7616492814812,-9.83554837852251,55.0483029787269));
#14549=CARTESIAN_POINT('Origin',(56.7616492814812,14.5214397123367,-47.2411789982119));
#14550=CARTESIAN_POINT('Origin',(56.7616492814812,38.4622013843223,42.1069599335318));
#14551=CARTESIAN_POINT('Origin',(56.7616492814812,14.5214397123367,-47.2411789982119));
#14552=CARTESIAN_POINT('Origin',(56.7616492814812,38.4622013843223,42.1069599335318));
#14553=CARTESIAN_POINT('Origin',(56.7616492814812,48.328843632454,-56.2998455768005));
#14554=CARTESIAN_POINT('Origin',(56.7616492814812,72.2696053044396,33.0482933549433));
#14555=CARTESIAN_POINT('Origin',(56.7616492814812,48.328843632454,-56.2998455768005));
#14556=CARTESIAN_POINT('Origin',(56.7616492814812,72.2696053044396,33.0482933549433));
#14557=CARTESIAN_POINT('Origin',(51.3891686996206,72.4769892896806,-62.7703217043638));
#14558=CARTESIAN_POINT('',(56.312425233173,81.2103637977412,-26.8052036758241));
#14559=CARTESIAN_POINT('Ctrl Pts',(56.3124252331731,81.2103637977417,-26.8052036758242));
#14560=CARTESIAN_POINT('Ctrl Pts',(56.3587349193545,80.5432496961085,-30.3043468115096));
#14561=CARTESIAN_POINT('Ctrl Pts',(56.388440012896,79.881689142036,-33.8774842172807));
#14562=CARTESIAN_POINT('Ctrl Pts',(56.3899108484791,78.5819278604311,-41.2233385289542));
#14563=CARTESIAN_POINT('Ctrl Pts',(56.3601738059128,77.9458982323924,-44.9941918387994));
#14564=CARTESIAN_POINT('Ctrl Pts',(56.2229413312338,77.0981718047954,-50.5298189441895));
#14565=CARTESIAN_POINT('Ctrl Pts',(56.1617355690786,76.8333796128198,-52.3545603156576));
#14566=CARTESIAN_POINT('Ctrl Pts',(55.9847225419204,76.3617924873125,-55.9460401937116));
#14567=CARTESIAN_POINT('Ctrl Pts',(55.8740522711517,76.1507724608501,-57.7124740159319));
#14568=CARTESIAN_POINT('Ctrl Pts',(55.6264863714044,75.9578940561607,-60.0461540920763));
#14569=CARTESIAN_POINT('Ctrl Pts',(55.5466852675143,75.911465897516,-60.7071843254261));
#14570=CARTESIAN_POINT('Ctrl Pts',(55.3876507111463,75.8772043017988,-61.6847653601851));
#14571=CARTESIAN_POINT('Ctrl Pts',(55.3281551104646,75.8716938019112,-62.0078587036623));
#14572=CARTESIAN_POINT('Ctrl Pts',(55.1867742598205,75.8830631919169,-62.6324340936433));
#14573=CARTESIAN_POINT('Ctrl Pts',(55.1074687645772,75.8976902600901,-62.9345362612871));
#14574=CARTESIAN_POINT('Ctrl Pts',(54.9488815113353,75.9619593109529,-63.3330021301188));
#14575=CARTESIAN_POINT('Ctrl Pts',(54.8903655643992,75.9892283427474,-63.459153682747));
#14576=CARTESIAN_POINT('Ctrl Pts',(54.7850504038966,76.0505700833316,-63.614073578884));
#14577=CARTESIAN_POINT('Ctrl Pts',(54.7471042605686,76.0743835354212,-63.6598270505567));
#14578=CARTESIAN_POINT('Ctrl Pts',(54.6642742881782,76.1310899114996,-63.7318910152725));
#14579=CARTESIAN_POINT('Ctrl Pts',(54.6194100642166,76.1639595009695,-63.7582423949895));
#14580=CARTESIAN_POINT('Ctrl Pts',(54.5694260409868,76.2037563585138,-63.7689059308298));
#14581=CARTESIAN_POINT('',(56.312425233173,71.6340591289475,-62.5444592485195));
#14582=CARTESIAN_POINT('Origin',(51.3891686996206,72.4769892896806,-62.7703217043638));
#14583=CARTESIAN_POINT('',(49.5928113238241,86.5604636941332,-28.2387586224883));
#14584=CARTESIAN_POINT('Ctrl Pts',(54.5694260409868,76.2037563585138,-63.7689059308298));
#14585=CARTESIAN_POINT('Ctrl Pts',(54.519442017757,76.2435532160582,-63.7795694666701));
#14586=CARTESIAN_POINT('Ctrl Pts',(54.4730177890018,76.2833667223748,-63.7726934637725));
#14587=CARTESIAN_POINT('Ctrl Pts',(54.3851317759047,76.3625829734875,-63.7370498572456));
#14588=CARTESIAN_POINT('Ctrl Pts',(54.3436854710464,76.4019811187526,-63.7082338820365));
#14589=CARTESIAN_POINT('Ctrl Pts',(54.2260620452375,76.5181411994958,-63.6008754555792));
#14590=CARTESIAN_POINT('Ctrl Pts',(54.1569870052153,76.5924590349402,-63.5019440219894));
#14591=CARTESIAN_POINT('Ctrl Pts',(53.9645441984582,76.8076771559547,-63.1783665151571));
#14592=CARTESIAN_POINT('Ctrl Pts',(53.8587855129775,76.9403966269538,-62.9157457336921));
#14593=CARTESIAN_POINT('Ctrl Pts',(53.6623392156003,77.1980023617113,-62.3632420111754));
#14594=CARTESIAN_POINT('Ctrl Pts',(53.5741225210421,77.3211201447137,-62.0716614442329));
#14595=CARTESIAN_POINT('Ctrl Pts',(53.3278875474419,77.6780539206401,-61.180540159581));
#14596=CARTESIAN_POINT('Ctrl Pts',(53.1887353654014,77.8988108380759,-60.5662211763667));
#14597=CARTESIAN_POINT('Ctrl Pts',(52.7314658518015,78.6528732516674,-58.3829099022129));
#14598=CARTESIAN_POINT('Ctrl Pts',(52.4616426489666,79.166838971315,-56.6976501338322));
#14599=CARTESIAN_POINT('Ctrl Pts',(51.9625451650553,80.1767395809035,-53.2504109191124));
#14600=CARTESIAN_POINT('Ctrl Pts',(51.7383349171494,80.6687775918289,-51.4865598813152));
#14601=CARTESIAN_POINT('Ctrl Pts',(51.1095424320259,82.1264066289153,-46.1143556875995));
#14602=CARTESIAN_POINT('Ctrl Pts',(50.7489037054342,83.0732501504755,-42.4267847095198));
#14603=CARTESIAN_POINT('Ctrl Pts',(50.1152836784717,84.8763232843578,-35.2157924022049));
#14604=CARTESIAN_POINT('Ctrl Pts',(49.8404304336254,85.7330687280074,-31.6949546299706));
#14605=CARTESIAN_POINT('Ctrl Pts',(49.5928113238246,86.5604636941333,-28.2387586224883));
#14606=CARTESIAN_POINT('',(49.5928113238241,76.9841590253394,-63.9780141951837));
#14607=CARTESIAN_POINT('Origin',(-61.7616492814811,-80.2865237448534,-21.8374617538172));
#14608=CARTESIAN_POINT('Origin',(-61.7616492814811,-80.2865237448534,-21.8374617538172));
#14609=CARTESIAN_POINT('Origin',(-61.7616492814811,-80.2865237448534,-21.8374617538172));
#14610=CARTESIAN_POINT('Origin',(-61.7616492814811,-80.2865237448534,-21.8374617538172));
#14611=CARTESIAN_POINT('Origin',(-42.,-77.6604521777665,-3.38850617189785));
#14612=CARTESIAN_POINT('Origin',(-42.,-101.536891923213,-16.1434427615614));
#14613=CARTESIAN_POINT('Origin',(-42.,-101.536891923213,-16.1434427615614));
#14614=CARTESIAN_POINT('Origin',(-42.,66.2624959393044,-41.9525438921753));
#14615=CARTESIAN_POINT('Origin',(42.0000000000001,-77.6604521777666,-3.38850617189788));
#14616=CARTESIAN_POINT('Origin',(61.7616492814814,-82.4486045121635,-21.2581339582455));
#14617=CARTESIAN_POINT('Origin',(61.7616492814814,-82.4486045121635,-21.2581339582455));
#14618=CARTESIAN_POINT('Origin',(61.7616492814814,-82.4486045121635,-21.2581339582455));
#14619=CARTESIAN_POINT('Origin',(61.7616492814814,-82.4486045121635,-21.2581339582455));
#14620=CARTESIAN_POINT('Origin',(42.0000000000001,66.2624959393046,-41.9525438921754));
#14621=CARTESIAN_POINT('Origin',(42.,71.0506482737013,-24.0829161058276));
#14622=CARTESIAN_POINT('Origin',(-57.7616492814811,-69.745043993853,-5.5094334025403));
#14623=CARTESIAN_POINT('',(-57.7616492814811,-77.549625026597,-18.4297068334994));
#14624=CARTESIAN_POINT('',(-57.7616492814811,-69.4462152690824,-20.6010089339641));
#14625=CARTESIAN_POINT('',(-57.7616492814811,-76.4896984135075,-18.713713313513));
#14626=CARTESIAN_POINT('',(-57.7616492814811,-70.0438727186236,9.58214212888346));
#14627=CARTESIAN_POINT('',(-57.7616492814811,-71.6614917505144,3.54510571457681));
#14628=CARTESIAN_POINT('',(-57.7616492814811,-61.940462961109,7.41084002841883));
#14629=CARTESIAN_POINT('',(-57.7616492814811,-63.0003895741986,7.69484650843246));
#14630=CARTESIAN_POINT('',(-57.7616492814811,-67.8285962371916,-14.5639725196574));
#14631=CARTESIAN_POINT('Origin',(-58.7616492814811,-72.6274175768035,3.80392475967934));
#14632=CARTESIAN_POINT('',(-57.7616492814811,-70.0438727186236,9.58214212888346));
#14633=CARTESIAN_POINT('',(-57.7616492814811,-77.549625026597,-18.4297068334994));
#14634=CARTESIAN_POINT('Origin',(-58.7616492814811,-62.741570529096,8.66077233472152));
#14635=CARTESIAN_POINT('',(-57.7616492814811,-61.940462961109,7.41084002841883));
#14636=CARTESIAN_POINT('Origin',(-58.7616492814811,-66.8626704109025,-14.8227915647599));
#14637=CARTESIAN_POINT('',(-57.7616492814811,-69.4462152690824,-20.6010089339641));
#14638=CARTESIAN_POINT('Origin',(-58.7616492814811,-76.74851745861,-19.6796391398021));
#14639=CARTESIAN_POINT('Origin',(-57.7616492814811,-43.4770451104472,-12.5479224901308));
#14640=CARTESIAN_POINT('',(-57.7616492814811,-53.9914020484574,-24.7421136556046));
#14641=CARTESIAN_POINT('',(-57.7616492814811,-40.4684404804105,-28.36558028704));
#14642=CARTESIAN_POINT('',(-57.7616492814811,-51.5765874827348,-25.3891612683609));
#14643=CARTESIAN_POINT('',(-57.7616492814811,-46.485649740484,3.26973530677833));
#14644=CARTESIAN_POINT('',(-57.7616492814811,-48.1032687723748,-2.76730110752833));
#14645=CARTESIAN_POINT('',(-57.7616492814811,-32.9626881724371,-0.353731324657134));
#14646=CARTESIAN_POINT('',(-57.7616492814811,-35.3775027381597,0.293316288099197));
#14647=CARTESIAN_POINT('',(-57.7616492814811,-38.8508214485197,-22.3285438727334));
#14648=CARTESIAN_POINT('Origin',(-58.7616492814811,-49.0691945986639,-2.50848206242579));
#14649=CARTESIAN_POINT('',(-57.7616492814811,-46.485649740484,3.26973530677833));
#14650=CARTESIAN_POINT('',(-57.7616492814811,-53.9914020484574,-24.7421136556046));
#14651=CARTESIAN_POINT('Origin',(-58.7616492814811,-35.1186836930572,1.25924211438826));
#14652=CARTESIAN_POINT('',(-57.7616492814811,-32.9626881724371,-0.353731324657134));
#14653=CARTESIAN_POINT('Origin',(-58.7616492814811,-37.8848956222306,-22.5873629178359));
#14654=CARTESIAN_POINT('',(-57.7616492814811,-40.4684404804105,-28.36558028704));
#14655=CARTESIAN_POINT('Origin',(-58.7616492814811,-51.8354065278373,-26.35508709465));
#14656=CARTESIAN_POINT('Origin',(-57.7616492814811,-4.83928283468887,-22.9008796892665));
#14657=CARTESIAN_POINT('',(-57.7616492814811,-25.0136272597854,-32.5066850086805));
#14658=CARTESIAN_POINT('',(-57.7616492814811,7.82930928243425,-41.3069233322353));
#14659=CARTESIAN_POINT('',(-57.7616492814811,-17.7688189505196,-34.4479255444667));
#14660=CARTESIAN_POINT('',(-57.7616492814811,-17.507874951812,-4.49483604629767));
#14661=CARTESIAN_POINT('',(-57.7616492814811,-19.1254939837028,-10.5318724606043));
#14662=CARTESIAN_POINT('',(-57.7616492814811,15.3350615904077,-13.2950743698525));
#14663=CARTESIAN_POINT('',(-57.7616492814811,8.09025328114183,-11.3538338340663));
#14664=CARTESIAN_POINT('',(-57.7616492814811,9.44692831432507,-35.2698869179287));
#14665=CARTESIAN_POINT('Origin',(-58.7616492814811,-20.0914198099919,-10.2730534155018));
#14666=CARTESIAN_POINT('',(-57.7616492814811,-17.507874951812,-4.49483604629767));
#14667=CARTESIAN_POINT('',(-57.7616492814811,-25.0136272597854,-32.5066850086805));
#14668=CARTESIAN_POINT('Origin',(-58.7616492814811,8.34907232624436,-10.3879080077772));
#14669=CARTESIAN_POINT('',(-57.7616492814811,15.3350615904077,-13.2950743698525));
#14670=CARTESIAN_POINT('Origin',(-58.7616492814811,10.4128541406141,-35.5287059630312));
#14671=CARTESIAN_POINT('',(-57.7616492814811,7.82930928243425,-41.3069233322353));
#14672=CARTESIAN_POINT('Origin',(-58.7616492814811,-18.0276379956221,-35.4138513707558));
#14673=CARTESIAN_POINT('Origin',(-57.7616492814811,36.2132940067921,-33.9008845011585));
#14674=CARTESIAN_POINT('',(-57.7616492814811,30.7898748110328,-17.436179091493));
#14675=CARTESIAN_POINT('',(-57.7616492814811,23.2841225030593,-45.4480280538759));
#14676=CARTESIAN_POINT('',(-57.7616492814811,29.1722557791419,-23.4732155057997));
#14677=CARTESIAN_POINT('',(-57.7616492814811,49.142465510525,-22.3537409484411));
#14678=CARTESIAN_POINT('',(-57.7616492814811,45.520243661941,-21.3831695293066));
#14679=CARTESIAN_POINT('',(-57.7616492814811,41.6367132025515,-50.365589910824));
#14680=CARTESIAN_POINT('',(-57.7616492814811,43.2543322344423,-44.3285534965173));
#14681=CARTESIAN_POINT('',(-57.7616492814811,26.9063443516433,-46.4185994730104));
#14682=CARTESIAN_POINT('Origin',(-58.7616492814811,45.7790627070435,-20.4172437030175));
#14683=CARTESIAN_POINT('',(-57.7616492814811,49.142465510525,-22.3537409484411));
#14684=CARTESIAN_POINT('',(-57.7616492814811,30.7898748110328,-17.436179091493));
#14685=CARTESIAN_POINT('Origin',(-58.7616492814811,44.2202580607314,-44.5873725416199));
#14686=CARTESIAN_POINT('',(-57.7616492814811,41.6367132025515,-50.365589910824));
#14687=CARTESIAN_POINT('Origin',(-58.7616492814811,26.6475253065408,-47.3845252992994));
#14688=CARTESIAN_POINT('',(-57.7616492814811,23.2841225030593,-45.4480280538759));
#14689=CARTESIAN_POINT('Origin',(-58.7616492814811,28.2063299528529,-23.2143964606971));
#14690=CARTESIAN_POINT('Origin',(57.7616492814812,-69.745043993853,-5.50943340254031));
#14691=CARTESIAN_POINT('',(57.7616492814812,-69.4462152690824,-20.6010089339641));
#14692=CARTESIAN_POINT('',(57.7616492814812,-77.549625026597,-18.4297068334994));
#14693=CARTESIAN_POINT('',(57.7616492814812,-70.506141882172,-20.3170024539504));
#14694=CARTESIAN_POINT('',(57.7616492814812,-61.9404629611089,7.41084002841882));
#14695=CARTESIAN_POINT('',(57.7616492814812,-63.5580819929998,1.37380361411217));
#14696=CARTESIAN_POINT('',(57.7616492814812,-70.0438727186235,9.58214212888345));
#14697=CARTESIAN_POINT('',(57.7616492814812,-68.9839461055339,9.29813564886983));
#14698=CARTESIAN_POINT('',(57.7616492814812,-75.9320059947062,-12.3926704191928));
#14699=CARTESIAN_POINT('Origin',(58.7616492814812,-62.5921561667107,1.11498456900963));
#14700=CARTESIAN_POINT('',(57.7616492814812,-61.9404629611089,7.41084002841882));
#14701=CARTESIAN_POINT('',(57.7616492814812,-69.4462152690824,-20.6010089339641));
#14702=CARTESIAN_POINT('Origin',(58.7616492814812,-68.7251270604314,10.2640614751589));
#14703=CARTESIAN_POINT('',(57.7616492814812,-70.0438727186235,9.58214212888345));
#14704=CARTESIAN_POINT('Origin',(58.7616492814812,-76.8979318209952,-12.1338513740902));
#14705=CARTESIAN_POINT('',(57.7616492814812,-77.549625026597,-18.4297068334994));
#14706=CARTESIAN_POINT('Origin',(58.7616492814812,-70.7649609272745,-21.2829282802395));
#14707=CARTESIAN_POINT('Origin',(57.7616492814812,-43.4770451104472,-12.5479224901309));
#14708=CARTESIAN_POINT('',(57.7616492814812,-40.4684404804104,-28.36558028704));
#14709=CARTESIAN_POINT('',(57.7616492814812,-53.9914020484574,-24.7421136556046));
#14710=CARTESIAN_POINT('',(57.7616492814812,-42.8832550461331,-27.7185326742837));
#14711=CARTESIAN_POINT('',(57.7616492814812,-32.962688172437,-0.353731324657152));
#14712=CARTESIAN_POINT('',(57.7616492814812,-34.5803072043278,-6.39076773896381));
#14713=CARTESIAN_POINT('',(57.7616492814812,-46.4856497404839,3.26973530677832));
#14714=CARTESIAN_POINT('',(57.7616492814812,-44.0708351747613,2.62268769402198));
#14715=CARTESIAN_POINT('',(57.7616492814812,-52.3737830165665,-18.7050772412979));
#14716=CARTESIAN_POINT('Origin',(58.7616492814812,-33.6143813780388,-6.64958678406634));
#14717=CARTESIAN_POINT('',(57.7616492814812,-32.962688172437,-0.353731324657152));
#14718=CARTESIAN_POINT('',(57.7616492814812,-40.4684404804104,-28.36558028704));
#14719=CARTESIAN_POINT('Origin',(58.7616492814812,-43.8120161296587,3.58861352031104));
#14720=CARTESIAN_POINT('',(57.7616492814812,-46.4856497404839,3.26973530677832));
#14721=CARTESIAN_POINT('Origin',(58.7616492814812,-53.3397088428556,-18.4462581961954));
#14722=CARTESIAN_POINT('',(57.7616492814812,-53.9914020484574,-24.7421136556046));
#14723=CARTESIAN_POINT('Origin',(58.7616492814812,-43.1420740912356,-28.6844585005728));
#14724=CARTESIAN_POINT('Origin',(57.7616492814812,-4.83928283468882,-22.9008796892665));
#14725=CARTESIAN_POINT('',(57.7616492814812,7.8293092824343,-41.3069233322354));
#14726=CARTESIAN_POINT('',(57.7616492814812,-25.0136272597854,-32.5066850086806));
#14727=CARTESIAN_POINT('',(57.7616492814812,0.584500973168444,-39.3656827964492));
#14728=CARTESIAN_POINT('',(57.7616492814812,15.3350615904077,-13.2950743698525));
#14729=CARTESIAN_POINT('',(57.7616492814812,13.7174425585169,-19.3321107841591));
#14730=CARTESIAN_POINT('',(57.7616492814812,-17.507874951812,-4.49483604629768));
#14731=CARTESIAN_POINT('',(57.7616492814812,-10.2630666425461,-6.43607658208385));
#14732=CARTESIAN_POINT('',(57.7616492814812,-23.3960082278946,-26.4696485943739));
#14733=CARTESIAN_POINT('Origin',(58.7616492814812,14.683368384806,-19.5909298292617));
#14734=CARTESIAN_POINT('',(57.7616492814812,15.3350615904077,-13.2950743698525));
#14735=CARTESIAN_POINT('',(57.7616492814812,7.8293092824343,-41.3069233322354));
#14736=CARTESIAN_POINT('Origin',(58.7616492814812,-10.0042475974436,-5.47015075579479));
#14737=CARTESIAN_POINT('',(57.7616492814812,-17.507874951812,-4.49483604629768));
#14738=CARTESIAN_POINT('Origin',(58.7616492814812,-24.3619340541836,-26.2108295492714));
#14739=CARTESIAN_POINT('',(57.7616492814812,-25.0136272597854,-32.5066850086806));
#14740=CARTESIAN_POINT('Origin',(58.7616492814812,0.325681928065912,-40.3316086227383));
#14741=CARTESIAN_POINT('Origin',(57.7616492814812,36.2132940067922,-33.9008845011585));
#14742=CARTESIAN_POINT('',(57.7616492814812,23.2841225030594,-45.4480280538759));
#14743=CARTESIAN_POINT('',(57.7616492814812,30.7898748110328,-17.436179091493));
#14744=CARTESIAN_POINT('',(57.7616492814812,24.9017415349502,-39.4109916395692));
#14745=CARTESIAN_POINT('',(57.7616492814812,41.6367132025516,-50.365589910824));
#14746=CARTESIAN_POINT('',(57.7616492814812,38.0144913539676,-49.3950184916895));
#14747=CARTESIAN_POINT('',(57.7616492814812,49.142465510525,-22.3537409484411));
#14748=CARTESIAN_POINT('',(57.7616492814812,47.5248464786342,-28.3907773627478));
#14749=CARTESIAN_POINT('',(57.7616492814812,34.4120966596168,-18.4067505106275));
#14750=CARTESIAN_POINT('Origin',(58.7616492814812,37.7556723088651,-50.3609443179786));
#14751=CARTESIAN_POINT('',(57.7616492814812,41.6367132025516,-50.365589910824));
#14752=CARTESIAN_POINT('',(57.7616492814812,23.2841225030594,-45.4480280538759));
#14753=CARTESIAN_POINT('Origin',(58.7616492814812,48.4907723049233,-28.6495964078503));
#14754=CARTESIAN_POINT('',(57.7616492814812,49.142465510525,-22.3537409484411));
#14755=CARTESIAN_POINT('Origin',(58.7616492814812,34.6709157047193,-17.4408246843384));
#14756=CARTESIAN_POINT('',(57.7616492814812,30.7898748110328,-17.436179091493));
#14757=CARTESIAN_POINT('Origin',(58.7616492814812,23.9358157086611,-39.1521725944667));
#14758=CARTESIAN_POINT('Origin',(-33.,-93.1438553287622,-0.275016981912814));
#14759=CARTESIAN_POINT('',(-28.,-96.6379124376465,-13.3150156368152));
#14760=CARTESIAN_POINT('',(-38.,-96.6379124376464,-13.3150156368152));
#14761=CARTESIAN_POINT('',(-29.5,-96.6379124376465,-13.3150156368152));
#14762=CARTESIAN_POINT('',(-28.,-89.6497982198781,12.7649816729896));
#14763=CARTESIAN_POINT('',(-28.,-91.1380077292176,7.21090817182743));
#14764=CARTESIAN_POINT('',(-37.9999999999999,-89.649798219878,12.7649816729896));
#14765=CARTESIAN_POINT('',(-36.4999999999999,-89.649798219878,12.7649816729896));
#14766=CARTESIAN_POINT('',(-38.,-95.1497029283069,-7.76094213565305));
#14767=CARTESIAN_POINT('Origin',(-27.,-92.1039335555067,7.46972721692995));
#14768=CARTESIAN_POINT('',(-28.,-89.6497982198781,12.7649816729896));
#14769=CARTESIAN_POINT('',(-28.,-96.6379124376465,-13.3150156368152));
#14770=CARTESIAN_POINT('Origin',(-36.4999999999999,-90.3569050010645,13.9897265443812));
#14771=CARTESIAN_POINT('',(-37.9999999999999,-89.649798219878,12.7649816729896));
#14772=CARTESIAN_POINT('Origin',(-39.,-96.1156287545959,-7.50212309055052));
#14773=CARTESIAN_POINT('',(-38.,-96.6379124376464,-13.3150156368152));
#14774=CARTESIAN_POINT('Origin',(-29.5,-97.862657309038,-14.0221224180017));
#14775=CARTESIAN_POINT('Origin',(2.22044604925031E-14,-93.1438553287623,
-0.275016981912941));
#14776=CARTESIAN_POINT('',(12.,-96.6379124376465,-13.3150156368154));
#14777=CARTESIAN_POINT('',(-12.,-96.6379124376465,-13.3150156368153));
#14778=CARTESIAN_POINT('',(6.99999999999997,-96.6379124376465,-13.3150156368153));
#14779=CARTESIAN_POINT('',(12.0000000000001,-89.6497982198781,12.7649816729894));
#14780=CARTESIAN_POINT('',(12.,-91.1380077292176,7.21090817182727));
#14781=CARTESIAN_POINT('',(-11.9999999999999,-89.6497982198781,12.7649816729895));
#14782=CARTESIAN_POINT('',(-6.99999999999991,-89.6497982198781,12.7649816729895));
#14783=CARTESIAN_POINT('',(-12.,-95.1497029283069,-7.76094213565315));
#14784=CARTESIAN_POINT('Origin',(13.,-92.1039335555067,7.4697272169298));
#14785=CARTESIAN_POINT('',(12.0000000000001,-89.6497982198781,12.7649816729894));
#14786=CARTESIAN_POINT('',(12.,-96.6379124376465,-13.3150156368154));
#14787=CARTESIAN_POINT('Origin',(-6.99999999999991,-90.3569050010646,13.9897265443811));
#14788=CARTESIAN_POINT('',(-11.9999999999999,-89.6497982198781,12.7649816729895));
#14789=CARTESIAN_POINT('Origin',(-13.,-96.115628754596,-7.50212309055061));
#14790=CARTESIAN_POINT('',(-12.,-96.6379124376465,-13.3150156368153));
#14791=CARTESIAN_POINT('Origin',(6.99999999999997,-97.8626573090381,-14.0221224180019));
#14792=CARTESIAN_POINT('Origin',(33.,-93.1438553287623,-0.275016981913063));
#14793=CARTESIAN_POINT('',(38.,-96.6379124376465,-13.3150156368155));
#14794=CARTESIAN_POINT('',(28.,-96.6379124376465,-13.3150156368154));
#14795=CARTESIAN_POINT('',(36.5,-96.6379124376465,-13.3150156368155));
#14796=CARTESIAN_POINT('',(38.0000000000001,-89.6497982198781,12.7649816729893));
#14797=CARTESIAN_POINT('',(38.,-91.1380077292177,7.21090817182717));
#14798=CARTESIAN_POINT('',(28.0000000000001,-89.6497982198781,12.7649816729893));
#14799=CARTESIAN_POINT('',(29.5000000000001,-89.6497982198781,12.7649816729893));
#14800=CARTESIAN_POINT('',(28.,-95.1497029283069,-7.7609421356533));
#14801=CARTESIAN_POINT('Origin',(39.,-92.1039335555068,7.4697272169297));
#14802=CARTESIAN_POINT('',(38.0000000000001,-89.6497982198781,12.7649816729893));
#14803=CARTESIAN_POINT('',(38.,-96.6379124376465,-13.3150156368155));
#14804=CARTESIAN_POINT('Origin',(29.5000000000001,-90.3569050010646,13.9897265443809));
#14805=CARTESIAN_POINT('',(28.0000000000001,-89.6497982198781,12.7649816729893));
#14806=CARTESIAN_POINT('Origin',(27.,-96.115628754596,-7.50212309055077));
#14807=CARTESIAN_POINT('',(28.,-96.6379124376465,-13.3150156368154));
#14808=CARTESIAN_POINT('Origin',(36.5,-97.8626573090381,-14.022122418002));
#14809=CARTESIAN_POINT('Origin',(42.,70.5851342216624,-25.8202381996733));
#14810=CARTESIAN_POINT('Origin',(4.219837082163,78.0000000000006,-37.9400000000004));
#14811=CARTESIAN_POINT('',(4.21983708216299,83.0000000000006,-37.9400000000004));
#14812=CARTESIAN_POINT('',(2.10991854108127,83.0000000000006,-37.9400000000004));
#14813=CARTESIAN_POINT('',(4.219837082163,78.0000000000006,-37.9400000000004));
#14814=CARTESIAN_POINT('Origin',(-2.36825663614078E-13,78.0000000000006,
-45.0000000000004));
#14815=CARTESIAN_POINT('Origin',(-2.36825663614078E-13,83.0000000000006,
-45.0000000000004));
#14816=CARTESIAN_POINT('Origin',(-4.44089209850063E-13,83.0000000000006,
-45.0000000000004));
#14817=CARTESIAN_POINT('',(-11.6500000000004,83.0000000000006,-45.0000000000004));
#14818=CARTESIAN_POINT('Origin',(-4.44089209850063E-13,83.0000000000006,
-45.0000000000004));
#14819=CARTESIAN_POINT('Origin',(-4.44089209850063E-13,78.0000000000006,
-45.0000000000004));
#14820=CARTESIAN_POINT('',(-11.6500000000004,78.4000000000006,-45.0000000000004));
#14821=CARTESIAN_POINT('',(-4.45515923371069E-13,78.4000000000006,-56.6500000000004));
#14822=CARTESIAN_POINT('Origin',(-4.44089209850063E-13,78.4000000000006,
-45.0000000000004));
#14823=CARTESIAN_POINT('',(-11.6500000000004,78.0000000000006,-45.0000000000004));
#14824=CARTESIAN_POINT('Origin',(-4.44089209850063E-13,78.4000000000006,
-45.0000000000004));
#14825=CARTESIAN_POINT('Origin',(-4.44089209850063E-13,78.4000000000006,
-45.0000000000004));
#14826=CARTESIAN_POINT('Origin',(-4.45564909243035E-13,78.4000000000006,
-57.0500000000004));
#14827=CARTESIAN_POINT('Origin',(42.,75.3125340559334,-8.17734183048276));
#14828=CARTESIAN_POINT('Origin',(3.99680288865056E-14,-1.37633983687298,
-6.53821933953461));
#14829=CARTESIAN_POINT('',(49.6369824993839,-86.0049881999165,16.1379586458815));
#14830=CARTESIAN_POINT('',(42.,-87.9963906599477,16.6715533268522));
#14831=CARTESIAN_POINT('Origin',(42.,-73.3378138954083,12.7437995206041));
#14832=CARTESIAN_POINT('',(24.9828287552142,-87.9963906599477,16.6715533268522));
#14833=CARTESIAN_POINT('',(-42.,-87.9963906599477,16.6715533268522));
#14834=CARTESIAN_POINT('',(24.8989794855664,-88.5623980013017,16.8232145368781));
#14835=CARTESIAN_POINT('Origin',(20.,-87.5964721750126,16.5643954917756));
#14836=CARTESIAN_POINT('',(42.,-88.5623980013015,16.8232145368781));
#14837=CARTESIAN_POINT('',(-21.,-88.5623980013016,16.8232145368781));
#14838=CARTESIAN_POINT('',(50.0934434479018,-86.4019655605207,16.2443284090688));
#14839=CARTESIAN_POINT('Origin',(42.,-73.3378138954084,12.7437995206041));
#14840=CARTESIAN_POINT('Origin',(53.2044679781828,-82.621069011097,15.2312402319851));
#14841=CARTESIAN_POINT('Origin',(53.2044679781828,-91.731859627852,-18.7706932468646));
#14842=CARTESIAN_POINT('',(50.0934434479018,-86.3907966240543,16.2860114474278));
#14843=CARTESIAN_POINT('',(50.0934434479019,-95.5127561772757,-17.7576050697808));
#14844=CARTESIAN_POINT('Ctrl Pts',(49.6369824993839,-86.0049881999165,16.1379586458815));
#14845=CARTESIAN_POINT('Ctrl Pts',(49.7812555258411,-86.1468988303229,16.1759834846963));
#14846=CARTESIAN_POINT('Ctrl Pts',(49.9339037493385,-86.2756270998702,16.2259102039476));
#14847=CARTESIAN_POINT('Ctrl Pts',(50.0934434479018,-86.3907966240543,16.2860114474278));
#14848=CARTESIAN_POINT('Origin',(42.,-68.6104140611376,30.3866958897947));
#14849=CARTESIAN_POINT('',(42.,-88.5512290648353,16.8648975752372));
#14850=CARTESIAN_POINT('',(42.,-83.8349981670308,34.4661109060687));
#14851=CARTESIAN_POINT('Origin',(42.,-73.3266449589419,12.7854825589631));
#14852=CARTESIAN_POINT('Origin',(-42.,-83.8349981670307,34.4661109060687));
#14853=CARTESIAN_POINT('',(24.8989794855664,-88.5512290648352,16.8648975752371));
#14854=CARTESIAN_POINT('',(24.8989794855664,-97.6731886180566,-17.1787189419716));
#14855=CARTESIAN_POINT('',(-42.,-88.5512290648352,16.8648975752371));
#14856=CARTESIAN_POINT('Origin',(20.,-96.7072627917675,-17.4375379870741));
#14857=CARTESIAN_POINT('Ctrl Pts',(24.8989794855664,-88.5512290648352,16.8648975752371));
#14858=CARTESIAN_POINT('Ctrl Pts',(24.938636550648,-88.3710163060938,16.7868237596515));
#14859=CARTESIAN_POINT('Ctrl Pts',(24.9666170105188,-88.1848517920307,16.7220513349985));
#14860=CARTESIAN_POINT('Ctrl Pts',(24.9828287552142,-87.9963906599477,16.6715533268522));
#14861=CARTESIAN_POINT('Origin',(-42.,-86.9611144795375,20.5352566320085));
#14862=CARTESIAN_POINT('Origin',(42.,-86.9611144795375,20.5352566320085));
#14863=CARTESIAN_POINT('Origin',(42.,-72.3025377149981,16.6075028257603));
#14864=CARTESIAN_POINT('Origin',(-42.,86.278987166612,-25.8842887007652));
#14865=CARTESIAN_POINT('',(29.9828287552142,85.2437109862018,-29.7479920059214));
#14866=CARTESIAN_POINT('',(29.8989794855664,85.820887264022,-29.8579701775883));
#14867=CARTESIAN_POINT('Ctrl Pts',(29.9828287552142,85.2437109862018,-29.7479920059214));
#14868=CARTESIAN_POINT('Ctrl Pts',(29.9666170105188,85.4321721182849,-29.7984900140678));
#14869=CARTESIAN_POINT('Ctrl Pts',(29.938636550648,85.6257815290732,-29.8354777058851));
#14870=CARTESIAN_POINT('Ctrl Pts',(29.8989794855664,85.8208872640221,-29.8579701775883));
#14871=CARTESIAN_POINT('',(42.,85.8208872640221,-29.8579701775883));
#14872=CARTESIAN_POINT('',(-42.,85.8208872640221,-29.8579701775883));
#14873=CARTESIAN_POINT('',(42.,85.2437109862018,-29.7479920059214));
#14874=CARTESIAN_POINT('Origin',(42.,86.278987166612,-25.8842887007652));
#14875=CARTESIAN_POINT('',(-42.,85.2437109862018,-29.7479920059214));
#14876=CARTESIAN_POINT('Origin',(42.,71.6204104020726,-21.956534894517));
#14877=CARTESIAN_POINT('',(47.6526314570949,84.8081332019286,-29.586603544519));
#14878=CARTESIAN_POINT('',(47.27346139062,84.330218941633,-29.5032225502869));
#14879=CARTESIAN_POINT('Ctrl Pts',(47.6526314570949,84.8081332019286,-29.586603544519));
#14880=CARTESIAN_POINT('Ctrl Pts',(47.6219078612127,84.7730985902948,-29.5838505068628));
#14881=CARTESIAN_POINT('Ctrl Pts',(47.5915731766524,84.7377292736195,-29.58030715403));
#14882=CARTESIAN_POINT('Ctrl Pts',(47.4594575281372,84.5801558220673,-29.5610782348158));
#14883=CARTESIAN_POINT('Ctrl Pts',(47.363267055045,84.455966275761,-29.5369164469169));
#14884=CARTESIAN_POINT('Ctrl Pts',(47.27346139062,84.330218941633,-29.503222550287));
#14885=CARTESIAN_POINT('Origin',(42.,70.5851342216624,-25.8202381996733));
#14886=CARTESIAN_POINT('Origin',(42.,70.5963031581288,-25.7785551613143));
#14887=CARTESIAN_POINT('Origin',(42.,75.3125340559334,-8.17734183048276));
#14888=CARTESIAN_POINT('',(42.,85.8097183275557,-29.8996532159473));
#14889=CARTESIAN_POINT('',(47.652631457095,84.7969642654623,-29.6282865828781));
#14890=CARTESIAN_POINT('Origin',(42.,70.5851342216626,-25.8202381996734));
#14891=CARTESIAN_POINT('',(47.652631457095,75.6861736487074,-63.6302200617277));
#14892=CARTESIAN_POINT('',(42.,90.5371181618266,-12.2567568467568));
#14893=CARTESIAN_POINT('Origin',(42.,90.5371181618265,-12.2567568467567));
#14894=CARTESIAN_POINT('',(29.8989794855664,85.8097183275557,-29.8996532159473));
#14895=CARTESIAN_POINT('',(21.,85.8097183275557,-29.8996532159473));
#14896=CARTESIAN_POINT('',(29.8989794855664,76.6989277108007,-63.901586694797));
#14897=CARTESIAN_POINT('Origin',(25.,75.7330018845117,-63.6427676496944));
#14898=CARTESIAN_POINT('Origin',(25.,84.8437925012666,-29.6408341708448));
#14899=CARTESIAN_POINT('Origin',(51.3891686996206,72.4769892896806,-62.7703217043638));
#14900=CARTESIAN_POINT('Origin',(51.3891686996206,81.5877799064356,-28.7683882255142));
#14901=CARTESIAN_POINT('Origin',(3.99680288865056E-14,-1.37633983687298,
-6.53821933953461));
#14902=CARTESIAN_POINT('Origin',(3.99680288865056E-14,-1.37633983687298,
-6.53821933953461));
#14903=CARTESIAN_POINT('',(57.1756753630405,-29.4785624163902,0.991748506167092));
#14904=CARTESIAN_POINT('',(57.1756753630405,-48.830251239788,6.17701789857516));
#14905=CARTESIAN_POINT('',(57.1756753630405,-73.3378138954083,12.7437995206041));
#14906=CARTESIAN_POINT('',(57.7616492814812,-48.9112434148562,6.19871968647792));
#14907=CARTESIAN_POINT('Origin',(56.7616492814812,-53.6432942224251,7.46666887890909));
#14908=CARTESIAN_POINT('',(57.7616492814812,-29.397570241322,0.970046718264297));
#14909=CARTESIAN_POINT('',(57.7616492814812,-37.3570768661407,3.10279009053475));
#14910=CARTESIAN_POINT('Origin',(56.7616492814812,-24.6655194337531,-0.297902474166891));
#14911=CARTESIAN_POINT('Origin',(56.7616492814812,-33.7763100505081,-34.2998359530165));
#14912=CARTESIAN_POINT('',(57.7616492814812,-29.3864013048556,1.01172975662329));
#14913=CARTESIAN_POINT('',(57.7616492814812,-38.508360858077,-33.0318867605854));
#14914=CARTESIAN_POINT('Ctrl Pts',(57.1756753630405,-29.4785624163902,0.991748506167091));
#14915=CARTESIAN_POINT('Ctrl Pts',(57.3709077607611,-29.4628931954432,0.987549951068304));
#14916=CARTESIAN_POINT('Ctrl Pts',(57.5674615288977,-29.4321320528472,0.994211333556033));
#14917=CARTESIAN_POINT('Ctrl Pts',(57.7616492814812,-29.3864013048556,1.0117297566233));
#14918=CARTESIAN_POINT('Origin',(56.7616492814812,-62.7540848391801,-26.5352645999406));
#14919=CARTESIAN_POINT('',(57.7616492814813,-48.9000744783899,6.24040272483692));
#14920=CARTESIAN_POINT('Ctrl Pts',(57.7616492814813,-48.9000744783899,6.24040272483693));
#14921=CARTESIAN_POINT('Ctrl Pts',(57.5674615288977,-48.8692297004287,6.20236595143063));
#14922=CARTESIAN_POINT('Ctrl Pts',(57.3709077607611,-48.845920460735,6.18121645367394));
#14923=CARTESIAN_POINT('Ctrl Pts',(57.1756753630405,-48.830251239788,6.17701789857515));
#14924=CARTESIAN_POINT('',(57.7616492814812,-58.0220340316112,-27.8032137923717));
#14925=CARTESIAN_POINT('Origin',(57.7616492814812,-68.6104140611376,30.3866958897947));
#14926=CARTESIAN_POINT('',(57.7616492814812,70.5963031581288,-25.7785551613143));
#14927=CARTESIAN_POINT('Origin',(57.1756753630404,71.6204104020726,-21.956534894517));
#14928=CARTESIAN_POINT('Origin',(-42.,75.3125340559334,-8.17734183048276));
#14929=CARTESIAN_POINT('',(-57.7616492814811,70.5851342216625,-25.8202381996733));
#14930=CARTESIAN_POINT('',(-55.3636944008674,78.6574810134332,-27.9832170035524));
#14931=CARTESIAN_POINT('Origin',(-42.,70.5851342216626,-25.8202381996734));
#14932=CARTESIAN_POINT('',(-55.3636944008674,78.6686499498995,-27.9415339651933));
#14933=CARTESIAN_POINT('',(-55.3636944008674,69.5466903966782,-61.985150482402));
#14934=CARTESIAN_POINT('',(-57.7616492814811,70.5963031581289,-25.7785551613144));
#14935=CARTESIAN_POINT('Origin',(-42.,70.5963031581288,-25.7785551613143));
#14936=CARTESIAN_POINT('',(-57.7616492814811,75.3125340559334,-8.17734183048276));
#14937=CARTESIAN_POINT('Origin',(-42.,71.6204104020726,-21.956534894517));
#14938=CARTESIAN_POINT('',(-54.9617432807946,78.2088737722583,-27.8630130555608));
#14939=CARTESIAN_POINT('Ctrl Pts',(-55.3636944008674,78.6686499498995,-27.9415339651933));
#14940=CARTESIAN_POINT('Ctrl Pts',(-55.3356407557879,78.6314895459648,-27.9382113232068));
#14941=CARTESIAN_POINT('Ctrl Pts',(-55.3069947326511,78.5947757313126,-27.9343077132269));
#14942=CARTESIAN_POINT('Ctrl Pts',(-55.1779214412718,78.4347799806795,-27.9144297409301));
#14943=CARTESIAN_POINT('Ctrl Pts',(-55.0723911043251,78.3180267551669,-27.8922605091826));
#14944=CARTESIAN_POINT('Ctrl Pts',(-54.9617432807946,78.2088737722583,-27.8630130555608));
#14945=CARTESIAN_POINT('',(-57.1756753630404,70.5851342216624,-25.8202381996733));
#14946=CARTESIAN_POINT('Origin',(-42.,70.5851342216624,-25.8202381996733));
#14947=CARTESIAN_POINT('Origin',(-57.1756753630404,71.6204104020726,-21.956534894517));
#14948=CARTESIAN_POINT('Origin',(-57.1756753630404,71.6204104020726,-21.956534894517));
#14949=CARTESIAN_POINT('',(-57.1756753630404,62.2526772318461,-23.5875630782848));
#14950=CARTESIAN_POINT('',(-57.7616492814811,62.1828539932442,-23.5241782520231));
#14951=CARTESIAN_POINT('Ctrl Pts',(-57.1756753630403,62.2526772318461,-23.5875630782848));
#14952=CARTESIAN_POINT('Ctrl Pts',(-57.370784684019,62.2370178889555,-23.5833671700033));
#14953=CARTESIAN_POINT('Ctrl Pts',(-57.5673701331887,62.2137132884975,-23.5622329276803));
#14954=CARTESIAN_POINT('Ctrl Pts',(-57.7616492814811,62.1828539932442,-23.5241782520231));
#14955=CARTESIAN_POINT('',(-57.7616492814811,70.5963031581288,-25.7785551613143));
#14956=CARTESIAN_POINT('',(-57.1756753630404,70.5851342216624,-25.8202381996733));
#14957=CARTESIAN_POINT('Origin',(-57.7616492814811,75.3125340559334,-8.17734183048276));
#14958=CARTESIAN_POINT('',(-57.7616492814811,62.1716850567778,-23.5658612903821));
#14959=CARTESIAN_POINT('',(-57.7616492814811,34.6043971923948,-16.179228769604));
#14960=CARTESIAN_POINT('',(-57.7616492814811,53.0608944400228,-57.5677947692317));
#14961=CARTESIAN_POINT('Origin',(-56.7616492814811,48.328843632454,-56.2998455768005));
#14962=CARTESIAN_POINT('Origin',(-56.7616492814811,57.4396342492089,-22.2979120979509));
#14963=CARTESIAN_POINT('Origin',(-51.3891686996205,72.4769892896806,-62.7703217043638));
#14964=CARTESIAN_POINT('Origin',(-51.3891686996205,81.5877799064356,-28.7683882255142));
#14965=CARTESIAN_POINT('Origin',(3.99680288865056E-14,-1.37633983687298,
-6.53821933953461));
#14966=CARTESIAN_POINT('Origin',(3.99680288865056E-14,-1.37633983687298,
-6.53821933953461));
#14967=CARTESIAN_POINT('',(-57.1756753630404,28.4452733117288,-14.5288964996962));
#14968=CARTESIAN_POINT('',(-57.1756753630404,52.6265912665718,-21.0082611176169));
#14969=CARTESIAN_POINT('',(-57.1756753630404,70.5851342216624,-25.8202381996733));
#14970=CARTESIAN_POINT('',(-57.7616492814811,52.7075834416401,-21.0299629055197));
#14971=CARTESIAN_POINT('Origin',(-56.7616492814811,57.4396342492089,-22.2979120979509));
#14972=CARTESIAN_POINT('',(-57.7616492814811,28.3642811366605,-14.5071947117934));
#14973=CARTESIAN_POINT('',(-57.7616492814811,34.6043971923948,-16.179228769604));
#14974=CARTESIAN_POINT('Origin',(-56.7616492814812,23.6322303290917,-13.2392455193622));
#14975=CARTESIAN_POINT('Origin',(-56.7616492814812,14.5214397123367,-47.2411789982119));
#14976=CARTESIAN_POINT('',(-57.7616492814811,28.3754500731269,-14.4655116734344));
#14977=CARTESIAN_POINT('',(-57.7616492814811,19.2534905199056,-48.5091281906431));
#14978=CARTESIAN_POINT('Ctrl Pts',(-57.1756753630404,28.4452733117288,-14.5288964996962));
#14979=CARTESIAN_POINT('Ctrl Pts',(-57.370907760761,28.4296040907817,-14.5246979445974));
#14980=CARTESIAN_POINT('Ctrl Pts',(-57.5674615288976,28.406294851088,-14.5035484468407));
#14981=CARTESIAN_POINT('Ctrl Pts',(-57.7616492814811,28.3754500731269,-14.4655116734344));
#14982=CARTESIAN_POINT('Origin',(-57.7616492814811,75.3125340559334,-8.17734183048276));
#14983=CARTESIAN_POINT('',(-57.7616492814811,52.7187523781064,-20.9882798671607));
#14984=CARTESIAN_POINT('',(-57.7616492814811,43.5967928248851,-55.0318963843693));
#14985=CARTESIAN_POINT('',(-57.7616492814811,70.5963031581288,-25.7785551613143));
#14986=CARTESIAN_POINT('Origin',(-56.7616492814811,48.328843632454,-56.2998455768005));
#14987=CARTESIAN_POINT('Ctrl Pts',(-57.7616492814811,52.7187523781064,-20.9882798671607));
#14988=CARTESIAN_POINT('Ctrl Pts',(-57.5673701331887,52.6730001066456,-21.0058065353859));
#14989=CARTESIAN_POINT('Ctrl Pts',(-57.370784684019,52.6422506094623,-21.0124570258984));
#14990=CARTESIAN_POINT('Ctrl Pts',(-57.1756753630403,52.6265912665718,-21.0082611176169));
#14991=CARTESIAN_POINT('Origin',(-57.1756753630404,71.6204104020726,-21.956534894517));
#14992=CARTESIAN_POINT('Origin',(-42.,-86.9611144795375,20.5352566320085));
#14993=CARTESIAN_POINT('',(-24.9828287552141,-87.9963906599477,16.6715533268522));
#14994=CARTESIAN_POINT('',(-24.8989794855663,-88.5512290648352,16.8648975752371));
#14995=CARTESIAN_POINT('Ctrl Pts',(-24.9828287552141,-87.9963906599477,
16.6715533268522));
#14996=CARTESIAN_POINT('Ctrl Pts',(-24.9666170105187,-88.1848517920307,
16.7220513349985));
#14997=CARTESIAN_POINT('Ctrl Pts',(-24.9386365506479,-88.3710163060938,
16.7868237596515));
#14998=CARTESIAN_POINT('Ctrl Pts',(-24.8989794855663,-88.5512290648352,
16.8648975752371));
#14999=CARTESIAN_POINT('',(-42.,-88.5512290648352,16.8648975752371));
#15000=CARTESIAN_POINT('',(-42.,-88.5512290648352,16.8648975752371));
#15001=CARTESIAN_POINT('',(-42.,-87.9963906599477,16.6715533268522));
#15002=CARTESIAN_POINT('Origin',(-42.,-86.9611144795375,20.5352566320085));
#15003=CARTESIAN_POINT('',(-42.,-87.9963906599477,16.6715533268522));
#15004=CARTESIAN_POINT('Origin',(-42.,-83.8349981670307,34.4661109060687));
#15005=CARTESIAN_POINT('',(-24.8989794855663,-88.5623980013016,16.8232145368781));
#15006=CARTESIAN_POINT('',(-42.,-88.5623980013016,16.8232145368781));
#15007=CARTESIAN_POINT('',(-21.,-88.5623980013016,16.8232145368781));
#15008=CARTESIAN_POINT('',(-42.,-83.8349981670307,34.4661109060687));
#15009=CARTESIAN_POINT('',(-24.8989794855663,-97.6731886180566,-17.1787189419716));
#15010=CARTESIAN_POINT('Origin',(-20.,-96.7072627917675,-17.4375379870741));
#15011=CARTESIAN_POINT('Origin',(-20.,-87.5964721750126,16.5643954917755));
#15012=CARTESIAN_POINT('Origin',(-42.,-72.3025377149981,16.6075028257603));
#15013=CARTESIAN_POINT('',(-50.0934434479017,-86.3907966240542,16.2860114474278));
#15014=CARTESIAN_POINT('',(-49.6369824993838,-86.0049881999164,16.1379586458815));
#15015=CARTESIAN_POINT('Ctrl Pts',(-50.0934434479017,-86.3907966240542,
16.2860114474278));
#15016=CARTESIAN_POINT('Ctrl Pts',(-50.0125757578497,-86.3324193457402,
16.2555472509095));
#15017=CARTESIAN_POINT('Ctrl Pts',(-49.933234929451,-86.2703868281267,16.227610754481));
#15018=CARTESIAN_POINT('Ctrl Pts',(-49.7804491502937,-86.1409874261457,
16.1780953613517));
#15019=CARTESIAN_POINT('Ctrl Pts',(-49.7075299821993,-86.0743805042562,
16.1565522577903));
#15020=CARTESIAN_POINT('Ctrl Pts',(-49.6369824993838,-86.0049881999165,
16.1379586458815));
#15021=CARTESIAN_POINT('Origin',(-42.,-73.3378138954083,12.7437995206041));
#15022=CARTESIAN_POINT('Origin',(-42.,-73.3266449589419,12.7854825589631));
#15023=CARTESIAN_POINT('Origin',(-42.,-68.6104140611376,30.3866958897947));
#15024=CARTESIAN_POINT('',(-50.0934434479018,-86.4019655605207,16.2443284090688));
#15025=CARTESIAN_POINT('Origin',(-42.,-73.3378138954084,12.7437995206041));
#15026=CARTESIAN_POINT('',(-50.0934434479018,-95.5127561772757,-17.7576050697809));
#15027=CARTESIAN_POINT('Origin',(-53.2044679781827,-91.731859627852,-18.7706932468646));
#15028=CARTESIAN_POINT('Origin',(-53.2044679781827,-82.621069011097,15.2312402319851));
#15029=CARTESIAN_POINT('Origin',(3.99680288865056E-14,-1.37633983687298,
-6.53821933953461));
#15030=CARTESIAN_POINT('Origin',(3.99680288865056E-14,-1.37633983687298,
-6.53821933953461));
#15031=CARTESIAN_POINT('',(-57.1756753630404,-48.8302512397879,6.17701789857514));
#15032=CARTESIAN_POINT('',(-57.1756753630404,-29.4785624163902,0.991748506167092));
#15033=CARTESIAN_POINT('',(-57.1756753630404,70.5851342216624,-25.8202381996733));
#15034=CARTESIAN_POINT('',(-57.7616492814812,-29.397570241322,0.970046718264292));
#15035=CARTESIAN_POINT('Origin',(-56.7616492814811,-24.6655194337531,-0.297902474166891));
#15036=CARTESIAN_POINT('',(-57.7616492814812,-48.9112434148562,6.19871968647792));
#15037=CARTESIAN_POINT('',(-57.7616492814811,34.6043971923948,-16.179228769604));
#15038=CARTESIAN_POINT('Origin',(-56.7616492814811,-53.6432942224251,7.46666887890908));
#15039=CARTESIAN_POINT('Origin',(-57.7616492814811,75.3125340559334,-8.17734183048276));
#15040=CARTESIAN_POINT('',(-57.7616492814811,-29.3864013048556,1.01172975662329));
#15041=CARTESIAN_POINT('',(-57.7616492814812,-38.5083608580769,-33.0318867605854));
#15042=CARTESIAN_POINT('',(-57.7616492814811,-48.9000744783898,6.2404027248369));
#15043=CARTESIAN_POINT('',(-57.7616492814811,70.5963031581288,-25.7785551613143));
#15044=CARTESIAN_POINT('',(-57.7616492814812,-58.0220340316112,-27.8032137923718));
#15045=CARTESIAN_POINT('Origin',(-56.7616492814811,-33.7763100505081,-34.2998359530166));
#15046=CARTESIAN_POINT('Ctrl Pts',(-57.7616492814811,-29.3864013048556,
1.0117297566233));
#15047=CARTESIAN_POINT('Ctrl Pts',(-57.5674615288976,-29.4321320528472,
0.994211333556029));
#15048=CARTESIAN_POINT('Ctrl Pts',(-57.370907760761,-29.4628931954432,0.987549951068301));
#15049=CARTESIAN_POINT('Ctrl Pts',(-57.1756753630404,-29.4785624163902,
0.991748506167087));
#15050=CARTESIAN_POINT('Origin',(-56.7616492814811,-62.75408483918,-26.5352645999406));
#15051=CARTESIAN_POINT('Ctrl Pts',(-57.1756753630404,-48.8302512397879,
6.17701789857515));
#15052=CARTESIAN_POINT('Ctrl Pts',(-57.370907760761,-48.845920460735,6.18121645367393));
#15053=CARTESIAN_POINT('Ctrl Pts',(-57.5674615288976,-48.8692297004287,
6.20236595143062));
#15054=CARTESIAN_POINT('Ctrl Pts',(-57.7616492814811,-48.9000744783898,
6.24040272483691));
#15055=CARTESIAN_POINT('Origin',(-57.1756753630404,71.6204104020726,-21.956534894517));
#15056=CARTESIAN_POINT('Origin',(3.99680288865056E-14,-1.37633983687298,
-6.53821933953461));
#15057=CARTESIAN_POINT('',(-47.2734613906199,84.3302189416329,-29.503222550287));
#15058=CARTESIAN_POINT('',(-42.,85.2437109862018,-29.7479920059214));
#15059=CARTESIAN_POINT('Origin',(-42.,70.5851342216624,-25.8202381996733));
#15060=CARTESIAN_POINT('',(-29.9828287552141,85.2437109862018,-29.7479920059215));
#15061=CARTESIAN_POINT('',(-42.,85.2437109862018,-29.7479920059214));
#15062=CARTESIAN_POINT('',(-29.8989794855663,85.8097183275557,-29.8996532159473));
#15063=CARTESIAN_POINT('Origin',(-25.,84.8437925012666,-29.6408341708448));
#15064=CARTESIAN_POINT('',(-42.,85.8097183275557,-29.8996532159473));
#15065=CARTESIAN_POINT('',(21.,85.8097183275557,-29.8996532159473));
#15066=CARTESIAN_POINT('',(-47.6526314570949,84.7969642654623,-29.628286582878));
#15067=CARTESIAN_POINT('Origin',(-42.,70.5851342216626,-25.8202381996734));
#15068=CARTESIAN_POINT('Origin',(-51.3891686996205,81.5877799064356,-28.7683882255142));
#15069=CARTESIAN_POINT('Origin',(-42.,75.3125340559334,-8.17734183048276));
#15070=CARTESIAN_POINT('',(-42.,85.8208872640221,-29.8579701775883));
#15071=CARTESIAN_POINT('',(-42.,90.5371181618265,-12.2567568467567));
#15072=CARTESIAN_POINT('',(-47.6526314570948,84.8081332019286,-29.586603544519));
#15073=CARTESIAN_POINT('Origin',(-42.,70.5963031581288,-25.7785551613143));
#15074=CARTESIAN_POINT('',(-47.6526314570949,75.6861736487073,-63.6302200617277));
#15075=CARTESIAN_POINT('Origin',(-51.3891686996205,72.4769892896806,-62.7703217043638));
#15076=CARTESIAN_POINT('Ctrl Pts',(-47.2734613906199,84.3302189416329,-29.5032225502869));
#15077=CARTESIAN_POINT('Ctrl Pts',(-47.3720611318982,84.4682798834549,-29.5402158681544));
#15078=CARTESIAN_POINT('Ctrl Pts',(-47.4783227477221,84.6044109599946,-29.5657065055746));
#15079=CARTESIAN_POINT('Ctrl Pts',(-47.6118445422923,84.7612775072247,-29.5825821383617));
#15080=CARTESIAN_POINT('Ctrl Pts',(-47.6321528172716,84.7847810788325,-29.5847685227723));
#15081=CARTESIAN_POINT('Ctrl Pts',(-47.6526314570948,84.8081332019286,-29.586603544519));
#15082=CARTESIAN_POINT('Origin',(42.,90.5371181618265,-12.2567568467567));
#15083=CARTESIAN_POINT('',(-29.8989794855663,85.8208872640221,-29.8579701775883));
#15084=CARTESIAN_POINT('',(-29.8989794855663,76.6989277108007,-63.901586694797));
#15085=CARTESIAN_POINT('',(-42.,85.8208872640221,-29.8579701775883));
#15086=CARTESIAN_POINT('Origin',(-25.,75.7330018845117,-63.6427676496944));
#15087=CARTESIAN_POINT('Ctrl Pts',(-29.8989794855663,85.8208872640221,-29.8579701775883));
#15088=CARTESIAN_POINT('Ctrl Pts',(-29.9386178945769,85.6258733136374,-29.8354882871308));
#15089=CARTESIAN_POINT('Ctrl Pts',(-29.966606784002,85.4322910012886,-29.7985218686726));
#15090=CARTESIAN_POINT('Ctrl Pts',(-29.9828287552141,85.2437109862018,-29.7479920059214));
#15091=CARTESIAN_POINT('Origin',(-42.,86.278987166612,-25.8842887007652));
#15092=CARTESIAN_POINT('Origin',(-42.,86.278987166612,-25.8842887007652));
#15093=CARTESIAN_POINT('Origin',(-42.,71.6204104020726,-21.956534894517));
#15094=CARTESIAN_POINT('Origin',(-42.,-72.3025377149981,16.6075028257603));
#15095=CARTESIAN_POINT('',(-56.1238115978199,-78.700143849172,14.1806315012643));
#15096=CARTESIAN_POINT('',(-56.5994935899328,-79.0643073787718,14.322884570799));
#15097=CARTESIAN_POINT('Ctrl Pts',(-56.1238115978199,-78.700143849172,14.1806315012644));
#15098=CARTESIAN_POINT('Ctrl Pts',(-56.2909798155162,-78.8162721125938,
14.2117479756667));
#15099=CARTESIAN_POINT('Ctrl Pts',(-56.449882834248,-78.9379568320583,14.2597873813615));
#15100=CARTESIAN_POINT('Ctrl Pts',(-56.5994935899328,-79.0643073787718,
14.322884570799));
#15101=CARTESIAN_POINT('',(-57.7616492814812,-73.326644958942,12.7854825589631));
#15102=CARTESIAN_POINT('Origin',(-42.,-73.3266449589419,12.7854825589631));
#15103=CARTESIAN_POINT('',(-57.1756753630404,-73.3378138954083,12.7437995206041));
#15104=CARTESIAN_POINT('Origin',(-57.1756753630404,-72.3025377149981,16.6075028257603));
#15105=CARTESIAN_POINT('Origin',(-42.,-73.3378138954083,12.7437995206041));
#15106=CARTESIAN_POINT('Origin',(-42.,-68.6104140611376,30.3866958897947));
#15107=CARTESIAN_POINT('',(-56.5994935899329,-79.0754763152382,14.28120153244));
#15108=CARTESIAN_POINT('',(-57.7616492814812,-73.3378138954084,12.7437995206041));
#15109=CARTESIAN_POINT('Origin',(-42.,-73.3378138954084,12.7437995206041));
#15110=CARTESIAN_POINT('',(-57.7616492814812,-68.6104140611376,30.3866958897947));
#15111=CARTESIAN_POINT('',(-56.5994935899329,-88.1862669319933,-19.7207319464097));
#15112=CARTESIAN_POINT('Origin',(-57.7616492814811,75.3125340559334,-8.17734183048276));
#15113=CARTESIAN_POINT('',(-57.7616492814812,-58.3753450299939,8.73461807134028));
#15114=CARTESIAN_POINT('',(-57.7616492814811,34.6043971923948,-16.179228769604));
#15115=CARTESIAN_POINT('',(-57.7616492814811,-58.3641760935275,8.77630110969927));
#15116=CARTESIAN_POINT('',(-57.7616492814812,-67.4861356467489,-25.2673154075094));
#15117=CARTESIAN_POINT('',(-57.7616492814811,70.5963031581288,-25.7785551613143));
#15118=CARTESIAN_POINT('Origin',(-57.1756753630404,71.6204104020726,-21.956534894517));
#15119=CARTESIAN_POINT('',(-57.1756753630404,-58.4563372050622,8.75631985924307));
#15120=CARTESIAN_POINT('Ctrl Pts',(-57.7616492814811,-58.3641760935275,
8.77630110969928));
#15121=CARTESIAN_POINT('Ctrl Pts',(-57.5674615288976,-58.4099068415191,
8.75878268663201));
#15122=CARTESIAN_POINT('Ctrl Pts',(-57.370907760761,-58.4406679841151,8.75212130414429));
#15123=CARTESIAN_POINT('Ctrl Pts',(-57.1756753630404,-58.4563372050622,
8.75631985924307));
#15124=CARTESIAN_POINT('',(-57.1756753630404,70.5851342216624,-25.8202381996733));
#15125=CARTESIAN_POINT('Origin',(-53.2044679781827,-91.731859627852,-18.7706932468646));
#15126=CARTESIAN_POINT('Origin',(-53.2044679781827,-82.621069011097,15.2312402319851));
#15127=CARTESIAN_POINT('Origin',(-56.7616492814811,-62.75408483918,-26.5352645999406));
#15128=CARTESIAN_POINT('Origin',(-56.7616492814811,-53.6432942224251,7.46666887890908));
#15129=CARTESIAN_POINT('Origin',(3.99680288865056E-14,-1.37633983687298,
-6.53821933953461));
#15130=CARTESIAN_POINT('Origin',(56.7616492814812,48.328843632454,-56.2998455768005));
#15131=CARTESIAN_POINT('',(57.1756753630404,52.6265912665718,-21.0082611176169));
#15132=CARTESIAN_POINT('',(57.7616492814812,52.7075834416401,-21.0299629055197));
#15133=CARTESIAN_POINT('Origin',(56.7616492814812,57.4396342492089,-22.2979120979509));
#15134=CARTESIAN_POINT('',(57.7616492814812,52.7187523781064,-20.9882798671607));
#15135=CARTESIAN_POINT('',(57.7616492814812,43.5967928248851,-55.0318963843693));
#15136=CARTESIAN_POINT('Ctrl Pts',(57.1756753630404,52.6265912665718,-21.0082611176169));
#15137=CARTESIAN_POINT('Ctrl Pts',(57.3707846840191,52.6422506094623,-21.0124570258984));
#15138=CARTESIAN_POINT('Ctrl Pts',(57.5673701331888,52.6730001066455,-21.0058065353859));
#15139=CARTESIAN_POINT('Ctrl Pts',(57.7616492814812,52.7187523781064,-20.9882798671607));
#15140=CARTESIAN_POINT('Origin',(57.1756753630404,71.6204104020726,-21.956534894517));
#15141=CARTESIAN_POINT('',(57.7616492814812,28.3754500731269,-14.4655116734344));
#15142=CARTESIAN_POINT('',(57.7616492814812,70.5963031581288,-25.7785551613143));
#15143=CARTESIAN_POINT('',(57.1756753630405,28.4452733117288,-14.5288964996962));
#15144=CARTESIAN_POINT('Ctrl Pts',(57.7616492814812,28.3754500731269,-14.4655116734344));
#15145=CARTESIAN_POINT('Ctrl Pts',(57.5673701331888,28.4063093683802,-14.5035663490916));
#15146=CARTESIAN_POINT('Ctrl Pts',(57.3707846840191,28.4296139688383,-14.5247005914147));
#15147=CARTESIAN_POINT('Ctrl Pts',(57.1756753630404,28.4452733117288,-14.5288964996962));
#15148=CARTESIAN_POINT('',(57.1756753630405,-73.3378138954083,12.7437995206041));
#15149=CARTESIAN_POINT('Origin',(57.7616492814812,-68.6104140611376,30.3866958897947));
#15150=CARTESIAN_POINT('',(57.7616492814812,28.3642811366605,-14.5071947117934));
#15151=CARTESIAN_POINT('',(57.7616492814812,-37.3570768661407,3.10279009053475));
#15152=CARTESIAN_POINT('',(57.7616492814812,19.2534905199055,-48.5091281906431));
#15153=CARTESIAN_POINT('Origin',(56.7616492814812,14.5214397123367,-47.2411789982119));
#15154=CARTESIAN_POINT('Origin',(56.7616492814812,23.6322303290916,-13.2392455193622));
#15155=CARTESIAN_POINT('Origin',(3.99680288865056E-14,-1.37633983687298,
-6.53821933953461));
#15156=CARTESIAN_POINT('Origin',(3.99680288865056E-14,-1.37633983687298,
-6.53821933953461));
#15157=CARTESIAN_POINT('',(57.1756753630405,18.8191873464545,-11.9495945390283));
#15158=CARTESIAN_POINT('',(57.1756753630405,-19.852476451116,-1.58755345450083));
#15159=CARTESIAN_POINT('',(57.1756753630405,-73.3378138954083,12.7437995206041));
#15160=CARTESIAN_POINT('',(57.7616492814812,-19.9334686261843,-1.56585166659806));
#15161=CARTESIAN_POINT('Origin',(56.7616492814812,-24.6655194337531,-0.297902474166891));
#15162=CARTESIAN_POINT('',(57.7616492814812,18.9001795215228,-11.971296326931));
#15163=CARTESIAN_POINT('',(57.7616492814812,-37.3570768661407,3.10279009053475));
#15164=CARTESIAN_POINT('Origin',(56.7616492814812,23.6322303290916,-13.2392455193622));
#15165=CARTESIAN_POINT('Origin',(56.7616492814812,14.5214397123367,-47.2411789982119));
#15166=CARTESIAN_POINT('',(57.7616492814812,18.9113484579891,-11.929613288572));
#15167=CARTESIAN_POINT('',(57.7616492814812,9.7893889047678,-45.9732298057807));
#15168=CARTESIAN_POINT('Ctrl Pts',(57.1756753630404,18.8191873464545,-11.9495945390283));
#15169=CARTESIAN_POINT('Ctrl Pts',(57.3707846840191,18.834846689345,-11.9537904473098));
#15170=CARTESIAN_POINT('Ctrl Pts',(57.5673701331888,18.8655961865283,-11.9471399567973));
#15171=CARTESIAN_POINT('Ctrl Pts',(57.7616492814812,18.9113484579891,-11.929613288572));
#15172=CARTESIAN_POINT('Origin',(57.7616492814812,-68.6104140611376,30.3866958897947));
#15173=CARTESIAN_POINT('',(57.7616492814812,-19.9222996897179,-1.52416862823907));
#15174=CARTESIAN_POINT('',(57.7616492814812,-29.0442592429392,-35.5677851454477));
#15175=CARTESIAN_POINT('',(57.7616492814812,70.5963031581288,-25.7785551613143));
#15176=CARTESIAN_POINT('Origin',(56.7616492814812,-33.7763100505081,-34.2998359530165));
#15177=CARTESIAN_POINT('Ctrl Pts',(57.7616492814813,-19.9222996897179,-1.52416862823906));
#15178=CARTESIAN_POINT('Ctrl Pts',(57.5674615288977,-19.8914549117567,-1.56220540164536));
#15179=CARTESIAN_POINT('Ctrl Pts',(57.3709077607611,-19.8681456720631,-1.58335489940205));
#15180=CARTESIAN_POINT('Ctrl Pts',(57.1756753630405,-19.852476451116,-1.58755345450083));
#15181=CARTESIAN_POINT('Origin',(57.1756753630404,71.6204104020726,-21.956534894517));
#15182=CARTESIAN_POINT('Origin',(57.1756753630404,71.6204104020726,-21.956534894517));
#15183=CARTESIAN_POINT('',(57.1756753630405,-58.4563372050622,8.75631985924307));
#15184=CARTESIAN_POINT('',(57.7616492814813,-58.3641760935276,8.77630110969927));
#15185=CARTESIAN_POINT('Ctrl Pts',(57.1756753630405,-58.4563372050622,8.75631985924307));
#15186=CARTESIAN_POINT('Ctrl Pts',(57.3709077607611,-58.4406679841151,8.75212130414429));
#15187=CARTESIAN_POINT('Ctrl Pts',(57.5674615288977,-58.4099068415191,8.75878268663202));
#15188=CARTESIAN_POINT('Ctrl Pts',(57.7616492814813,-58.3641760935275,8.77630110969929));
#15189=CARTESIAN_POINT('',(57.7616492814813,-73.3266449589419,12.7854825589631));
#15190=CARTESIAN_POINT('',(57.7616492814812,70.5963031581288,-25.7785551613143));
#15191=CARTESIAN_POINT('',(57.1756753630404,-73.3378138954083,12.7437995206041));
#15192=CARTESIAN_POINT('Origin',(57.1756753630404,-72.3025377149981,16.6075028257603));
#15193=CARTESIAN_POINT('',(57.1756753630405,-73.3378138954083,12.7437995206041));
#15194=CARTESIAN_POINT('Origin',(57.7616492814812,-68.6104140611376,30.3866958897947));
#15195=CARTESIAN_POINT('',(57.7616492814812,-58.375345029994,8.73461807134028));
#15196=CARTESIAN_POINT('',(57.7616492814812,-73.3378138954084,12.7437995206041));
#15197=CARTESIAN_POINT('',(57.7616492814812,-37.3570768661407,3.10279009053475));
#15198=CARTESIAN_POINT('',(57.7616492814812,-68.6104140611376,30.3866958897947));
#15199=CARTESIAN_POINT('',(57.7616492814812,-67.4861356467489,-25.2673154075094));
#15200=CARTESIAN_POINT('Origin',(56.7616492814812,-62.7540848391801,-26.5352645999406));
#15201=CARTESIAN_POINT('Origin',(56.7616492814812,-53.6432942224251,7.46666887890909));
#15202=CARTESIAN_POINT('Origin',(42.,-72.3025377149981,16.6075028257603));
#15203=CARTESIAN_POINT('',(56.5994935899329,-79.0643073787719,14.322884570799));
#15204=CARTESIAN_POINT('',(56.1238115978199,-78.700143849172,14.1806315012644));
#15205=CARTESIAN_POINT('Ctrl Pts',(56.599493589933,-79.0643073787719,14.322884570799));
#15206=CARTESIAN_POINT('Ctrl Pts',(56.5236586953699,-79.0002626492059,14.2909017852946));
#15207=CARTESIAN_POINT('Ctrl Pts',(56.4452133053141,-78.937221774871,14.2626951004969));
#15208=CARTESIAN_POINT('Ctrl Pts',(56.2857538555481,-78.8153376202174,14.2151934118199));
#15209=CARTESIAN_POINT('Ctrl Pts',(56.2055545074602,-78.7569289383139,14.1958470200421));
#15210=CARTESIAN_POINT('Ctrl Pts',(56.1238115978199,-78.700143849172,14.1806315012644));
#15211=CARTESIAN_POINT('Origin',(42.,-73.3378138954083,12.7437995206041));
#15212=CARTESIAN_POINT('Origin',(42.,-73.3266449589419,12.7854825589631));
#15213=CARTESIAN_POINT('Origin',(42.,-68.6104140611376,30.3866958897947));
#15214=CARTESIAN_POINT('',(56.5994935899329,-79.0754763152382,14.28120153244));
#15215=CARTESIAN_POINT('Origin',(42.,-73.3378138954084,12.7437995206041));
#15216=CARTESIAN_POINT('',(56.599493589933,-88.1862669319933,-19.7207319464097));
#15217=CARTESIAN_POINT('Origin',(53.2044679781828,-91.731859627852,-18.7706932468646));
#15218=CARTESIAN_POINT('Origin',(53.2044679781828,-82.621069011097,15.2312402319851));
#15219=CARTESIAN_POINT('Origin',(3.99680288865056E-14,-1.37633983687298,
-6.53821933953461));
#15220=CARTESIAN_POINT('Origin',(3.99680288865056E-14,-1.37633983687298,
-6.53821933953461));
#15221=CARTESIAN_POINT('',(-57.1756753630404,-19.852476451116,-1.58755345450084));
#15222=CARTESIAN_POINT('',(-57.1756753630404,18.8191873464545,-11.9495945390283));
#15223=CARTESIAN_POINT('',(-57.1756753630404,70.5851342216624,-25.8202381996733));
#15224=CARTESIAN_POINT('',(-57.7616492814811,18.9001795215228,-11.971296326931));
#15225=CARTESIAN_POINT('Origin',(-56.7616492814812,23.6322303290917,-13.2392455193622));
#15226=CARTESIAN_POINT('',(-57.7616492814811,-19.9334686261842,-1.56585166659807));
#15227=CARTESIAN_POINT('',(-57.7616492814811,34.6043971923948,-16.179228769604));
#15228=CARTESIAN_POINT('Origin',(-56.7616492814811,-24.6655194337531,-0.297902474166891));
#15229=CARTESIAN_POINT('Origin',(-56.7616492814811,-33.7763100505081,-34.2998359530166));
#15230=CARTESIAN_POINT('',(-57.7616492814811,-19.9222996897179,-1.52416862823908));
#15231=CARTESIAN_POINT('',(-57.7616492814812,-29.0442592429392,-35.5677851454477));
#15232=CARTESIAN_POINT('Ctrl Pts',(-57.1756753630404,-19.852476451116,-1.58755345450084));
#15233=CARTESIAN_POINT('Ctrl Pts',(-57.370907760761,-19.868145672063,-1.58335489940205));
#15234=CARTESIAN_POINT('Ctrl Pts',(-57.5674615288976,-19.8914549117567,
-1.56220540164536));
#15235=CARTESIAN_POINT('Ctrl Pts',(-57.7616492814811,-19.9222996897179,
-1.52416862823907));
#15236=CARTESIAN_POINT('Origin',(-57.7616492814811,75.3125340559334,-8.17734183048276));
#15237=CARTESIAN_POINT('',(-57.7616492814811,18.9113484579891,-11.929613288572));
#15238=CARTESIAN_POINT('',(-57.7616492814811,9.78938890476782,-45.9732298057807));
#15239=CARTESIAN_POINT('',(-57.7616492814811,70.5963031581288,-25.7785551613143));
#15240=CARTESIAN_POINT('Origin',(-56.7616492814812,14.5214397123367,-47.2411789982119));
#15241=CARTESIAN_POINT('Ctrl Pts',(-57.7616492814811,18.9113484579891,-11.929613288572));
#15242=CARTESIAN_POINT('Ctrl Pts',(-57.5674615288976,18.8656177099976,-11.9471317116393));
#15243=CARTESIAN_POINT('Ctrl Pts',(-57.370907760761,18.8348565674016,-11.953793094127));
#15244=CARTESIAN_POINT('Ctrl Pts',(-57.1756753630404,18.8191873464545,-11.9495945390283));
#15245=CARTESIAN_POINT('Origin',(-57.1756753630404,71.6204104020726,-21.956534894517));
#15246=CARTESIAN_POINT('',(-0.00849830496863196,-0.0641398332357352,-0.0228025771099154));
#15247=CARTESIAN_POINT('Origin',(0.,0.,0.));
#15248=UNCERTAINTY_MEASURE_WITH_UNIT(LENGTH_MEASURE(0.01),#15254,
'DISTANCE_ACCURACY_VALUE',
'Maximum model space distance between geometric entities at asserted c
onnectivities');
#15249=UNCERTAINTY_MEASURE_WITH_UNIT(LENGTH_MEASURE(0.01),#15254,
'DISTANCE_ACCURACY_VALUE',
'Maximum model space distance between geometric entities at asserted c
onnectivities');
#15250=UNCERTAINTY_MEASURE_WITH_UNIT(LENGTH_MEASURE(0.01),#15254,
'DISTANCE_ACCURACY_VALUE',
'Maximum model space distance between geometric entities at asserted c
onnectivities');
#15251=(
GEOMETRIC_REPRESENTATION_CONTEXT(3)
GLOBAL_UNCERTAINTY_ASSIGNED_CONTEXT((#15248))
GLOBAL_UNIT_ASSIGNED_CONTEXT((#15254,#15255,#15256))
REPRESENTATION_CONTEXT('','3D')
);
#15252=(
GEOMETRIC_REPRESENTATION_CONTEXT(3)
GLOBAL_UNCERTAINTY_ASSIGNED_CONTEXT((#15249))
GLOBAL_UNIT_ASSIGNED_CONTEXT((#15254,#15255,#15256))
REPRESENTATION_CONTEXT('','3D')
);
#15253=(
GEOMETRIC_REPRESENTATION_CONTEXT(3)
GLOBAL_UNCERTAINTY_ASSIGNED_CONTEXT((#15250))
GLOBAL_UNIT_ASSIGNED_CONTEXT((#15254,#15255,#15256))
REPRESENTATION_CONTEXT('','3D')
);
#15254=(
LENGTH_UNIT()
NAMED_UNIT(*)
SI_UNIT(.MILLI.,.METRE.)
);
#15255=(
NAMED_UNIT(*)
PLANE_ANGLE_UNIT()
SI_UNIT($,.RADIAN.)
);
#15256=(
NAMED_UNIT(*)
SI_UNIT($,.STERADIAN.)
SOLID_ANGLE_UNIT()
);
#15257=SHAPE_DEFINITION_REPRESENTATION(#15259,#15262);
#15258=SHAPE_DEFINITION_REPRESENTATION(#15260,#15263);
#15259=PRODUCT_DEFINITION_SHAPE('',$,#15265);
#15260=PRODUCT_DEFINITION_SHAPE('',$,#15266);
#15261=PRODUCT_DEFINITION_SHAPE($,$,#17);
#15262=SHAPE_REPRESENTATION('',(#8453,#9430),#15251);
#15263=SHAPE_REPRESENTATION('',(#8454),#15252);
#15264=PRODUCT_DEFINITION_CONTEXT('part definition',#15272,'design');
#15265=PRODUCT_DEFINITION('Solar Node V5 Reolink 6W',
'Solar Node V5 Reolink 6W v28',#15267,#15264);
#15266=PRODUCT_DEFINITION('Case','Case',#15268,#15264);
#15267=PRODUCT_DEFINITION_FORMATION('',$,#15274);
#15268=PRODUCT_DEFINITION_FORMATION('',$,#15275);
#15269=PRODUCT_RELATED_PRODUCT_CATEGORY('Solar Node V5 Reolink 6W v28',
'Solar Node V5 Reolink 6W v28',(#15274));
#15270=PRODUCT_RELATED_PRODUCT_CATEGORY('Case','Case',(#15275));
#15271=APPLICATION_PROTOCOL_DEFINITION('international standard',
'automotive_design',2009,#15272);
#15272=APPLICATION_CONTEXT(
'Core Data for Automotive Mechanical Design Process');
#15273=PRODUCT_CONTEXT('part definition',#15272,'mechanical');
#15274=PRODUCT('Solar Node V5 Reolink 6W',
'Solar Node V5 Reolink 6W v28',$,(#15273));
#15275=PRODUCT('Case','Case',$,(#15273));
#15276=PRESENTATION_STYLE_ASSIGNMENT((#15342));
#15277=PRESENTATION_STYLE_ASSIGNMENT((#15343));
#15278=PRESENTATION_STYLE_ASSIGNMENT((#15344));
#15279=PRESENTATION_STYLE_ASSIGNMENT((#15345));
#15280=PRESENTATION_STYLE_ASSIGNMENT((#15346));
#15281=PRESENTATION_STYLE_ASSIGNMENT((#15347));
#15282=PRESENTATION_STYLE_ASSIGNMENT((#15348));
#15283=PRESENTATION_STYLE_ASSIGNMENT((#15349));
#15284=PRESENTATION_STYLE_ASSIGNMENT((#15350));
#15285=PRESENTATION_STYLE_ASSIGNMENT((#15351));
#15286=PRESENTATION_STYLE_ASSIGNMENT((#15352));
#15287=PRESENTATION_STYLE_ASSIGNMENT((#15353));
#15288=PRESENTATION_STYLE_ASSIGNMENT((#15354));
#15289=PRESENTATION_STYLE_ASSIGNMENT((#15355));
#15290=PRESENTATION_STYLE_ASSIGNMENT((#15356));
#15291=PRESENTATION_STYLE_ASSIGNMENT((#15357));
#15292=PRESENTATION_STYLE_ASSIGNMENT((#15358));
#15293=PRESENTATION_STYLE_ASSIGNMENT((#15359));
#15294=PRESENTATION_STYLE_ASSIGNMENT((#15360));
#15295=PRESENTATION_STYLE_ASSIGNMENT((#15361));
#15296=PRESENTATION_STYLE_ASSIGNMENT((#15362));
#15297=PRESENTATION_STYLE_ASSIGNMENT((#15363));
#15298=PRESENTATION_STYLE_ASSIGNMENT((#15364));
#15299=PRESENTATION_STYLE_ASSIGNMENT((#15365));
#15300=PRESENTATION_STYLE_ASSIGNMENT((#15366));
#15301=PRESENTATION_STYLE_ASSIGNMENT((#15367));
#15302=PRESENTATION_STYLE_ASSIGNMENT((#15368));
#15303=PRESENTATION_STYLE_ASSIGNMENT((#15369));
#15304=PRESENTATION_STYLE_ASSIGNMENT((#15370));
#15305=PRESENTATION_STYLE_ASSIGNMENT((#15371));
#15306=PRESENTATION_STYLE_ASSIGNMENT((#15372));
#15307=PRESENTATION_STYLE_ASSIGNMENT((#15373));
#15308=PRESENTATION_STYLE_ASSIGNMENT((#15374));
#15309=PRESENTATION_STYLE_ASSIGNMENT((#15375));
#15310=PRESENTATION_STYLE_ASSIGNMENT((#15376));
#15311=PRESENTATION_STYLE_ASSIGNMENT((#15377));
#15312=PRESENTATION_STYLE_ASSIGNMENT((#15378));
#15313=PRESENTATION_STYLE_ASSIGNMENT((#15379));
#15314=PRESENTATION_STYLE_ASSIGNMENT((#15380));
#15315=PRESENTATION_STYLE_ASSIGNMENT((#15381));
#15316=PRESENTATION_STYLE_ASSIGNMENT((#15382));
#15317=PRESENTATION_STYLE_ASSIGNMENT((#15383));
#15318=PRESENTATION_STYLE_ASSIGNMENT((#15384));
#15319=PRESENTATION_STYLE_ASSIGNMENT((#15385));
#15320=PRESENTATION_STYLE_ASSIGNMENT((#15386));
#15321=PRESENTATION_STYLE_ASSIGNMENT((#15387));
#15322=PRESENTATION_STYLE_ASSIGNMENT((#15388));
#15323=PRESENTATION_STYLE_ASSIGNMENT((#15389));
#15324=PRESENTATION_STYLE_ASSIGNMENT((#15390));
#15325=PRESENTATION_STYLE_ASSIGNMENT((#15391));
#15326=PRESENTATION_STYLE_ASSIGNMENT((#15392));
#15327=PRESENTATION_STYLE_ASSIGNMENT((#15393));
#15328=PRESENTATION_STYLE_ASSIGNMENT((#15394));
#15329=PRESENTATION_STYLE_ASSIGNMENT((#15395));
#15330=PRESENTATION_STYLE_ASSIGNMENT((#15396));
#15331=PRESENTATION_STYLE_ASSIGNMENT((#15397));
#15332=PRESENTATION_STYLE_ASSIGNMENT((#15398));
#15333=PRESENTATION_STYLE_ASSIGNMENT((#15399));
#15334=PRESENTATION_STYLE_ASSIGNMENT((#15400));
#15335=PRESENTATION_STYLE_ASSIGNMENT((#15401));
#15336=PRESENTATION_STYLE_ASSIGNMENT((#15402));
#15337=PRESENTATION_STYLE_ASSIGNMENT((#15403));
#15338=PRESENTATION_STYLE_ASSIGNMENT((#15404));
#15339=PRESENTATION_STYLE_ASSIGNMENT((#15405));
#15340=PRESENTATION_STYLE_ASSIGNMENT((#15406));
#15341=PRESENTATION_STYLE_ASSIGNMENT((NULL_STYLE(.NULL.)));
#15342=SURFACE_STYLE_USAGE(.BOTH.,#15407);
#15343=SURFACE_STYLE_USAGE(.BOTH.,#15408);
#15344=SURFACE_STYLE_USAGE(.BOTH.,#15409);
#15345=SURFACE_STYLE_USAGE(.BOTH.,#15410);
#15346=SURFACE_STYLE_USAGE(.BOTH.,#15411);
#15347=SURFACE_STYLE_USAGE(.BOTH.,#15412);
#15348=SURFACE_STYLE_USAGE(.BOTH.,#15413);
#15349=SURFACE_STYLE_USAGE(.BOTH.,#15414);
#15350=SURFACE_STYLE_USAGE(.BOTH.,#15415);
#15351=SURFACE_STYLE_USAGE(.BOTH.,#15416);
#15352=SURFACE_STYLE_USAGE(.BOTH.,#15417);
#15353=SURFACE_STYLE_USAGE(.BOTH.,#15418);
#15354=SURFACE_STYLE_USAGE(.BOTH.,#15419);
#15355=SURFACE_STYLE_USAGE(.BOTH.,#15420);
#15356=SURFACE_STYLE_USAGE(.BOTH.,#15421);
#15357=SURFACE_STYLE_USAGE(.BOTH.,#15422);
#15358=SURFACE_STYLE_USAGE(.BOTH.,#15423);
#15359=SURFACE_STYLE_USAGE(.BOTH.,#15424);
#15360=SURFACE_STYLE_USAGE(.BOTH.,#15425);
#15361=SURFACE_STYLE_USAGE(.BOTH.,#15426);
#15362=SURFACE_STYLE_USAGE(.BOTH.,#15427);
#15363=SURFACE_STYLE_USAGE(.BOTH.,#15428);
#15364=SURFACE_STYLE_USAGE(.BOTH.,#15429);
#15365=SURFACE_STYLE_USAGE(.BOTH.,#15430);
#15366=SURFACE_STYLE_USAGE(.BOTH.,#15431);
#15367=SURFACE_STYLE_USAGE(.BOTH.,#15432);
#15368=SURFACE_STYLE_USAGE(.BOTH.,#15433);
#15369=SURFACE_STYLE_USAGE(.BOTH.,#15434);
#15370=SURFACE_STYLE_USAGE(.BOTH.,#15435);
#15371=SURFACE_STYLE_USAGE(.BOTH.,#15436);
#15372=SURFACE_STYLE_USAGE(.BOTH.,#15437);
#15373=SURFACE_STYLE_USAGE(.BOTH.,#15438);
#15374=SURFACE_STYLE_USAGE(.BOTH.,#15439);
#15375=SURFACE_STYLE_USAGE(.BOTH.,#15440);
#15376=SURFACE_STYLE_USAGE(.BOTH.,#15441);
#15377=SURFACE_STYLE_USAGE(.BOTH.,#15442);
#15378=SURFACE_STYLE_USAGE(.BOTH.,#15443);
#15379=SURFACE_STYLE_USAGE(.BOTH.,#15444);
#15380=SURFACE_STYLE_USAGE(.BOTH.,#15445);
#15381=SURFACE_STYLE_USAGE(.BOTH.,#15446);
#15382=SURFACE_STYLE_USAGE(.BOTH.,#15447);
#15383=SURFACE_STYLE_USAGE(.BOTH.,#15448);
#15384=SURFACE_STYLE_USAGE(.BOTH.,#15449);
#15385=SURFACE_STYLE_USAGE(.BOTH.,#15450);
#15386=SURFACE_STYLE_USAGE(.BOTH.,#15451);
#15387=SURFACE_STYLE_USAGE(.BOTH.,#15452);
#15388=SURFACE_STYLE_USAGE(.BOTH.,#15453);
#15389=SURFACE_STYLE_USAGE(.BOTH.,#15454);
#15390=SURFACE_STYLE_USAGE(.BOTH.,#15455);
#15391=SURFACE_STYLE_USAGE(.BOTH.,#15456);
#15392=SURFACE_STYLE_USAGE(.BOTH.,#15457);
#15393=SURFACE_STYLE_USAGE(.BOTH.,#15458);
#15394=SURFACE_STYLE_USAGE(.BOTH.,#15459);
#15395=SURFACE_STYLE_USAGE(.BOTH.,#15460);
#15396=SURFACE_STYLE_USAGE(.BOTH.,#15461);
#15397=SURFACE_STYLE_USAGE(.BOTH.,#15462);
#15398=SURFACE_STYLE_USAGE(.BOTH.,#15463);
#15399=SURFACE_STYLE_USAGE(.BOTH.,#15464);
#15400=SURFACE_STYLE_USAGE(.BOTH.,#15465);
#15401=SURFACE_STYLE_USAGE(.BOTH.,#15466);
#15402=SURFACE_STYLE_USAGE(.BOTH.,#15467);
#15403=SURFACE_STYLE_USAGE(.BOTH.,#15468);
#15404=SURFACE_STYLE_USAGE(.BOTH.,#15469);
#15405=SURFACE_STYLE_USAGE(.BOTH.,#15470);
#15406=SURFACE_STYLE_USAGE(.BOTH.,#15471);
#15407=SURFACE_SIDE_STYLE('',(#15472));
#15408=SURFACE_SIDE_STYLE('',(#15473));
#15409=SURFACE_SIDE_STYLE('',(#15474));
#15410=SURFACE_SIDE_STYLE('',(#15475));
#15411=SURFACE_SIDE_STYLE('',(#15476));
#15412=SURFACE_SIDE_STYLE('',(#15477));
#15413=SURFACE_SIDE_STYLE('',(#15478));
#15414=SURFACE_SIDE_STYLE('',(#15479));
#15415=SURFACE_SIDE_STYLE('',(#15480));
#15416=SURFACE_SIDE_STYLE('',(#15481));
#15417=SURFACE_SIDE_STYLE('',(#15482));
#15418=SURFACE_SIDE_STYLE('',(#15483));
#15419=SURFACE_SIDE_STYLE('',(#15484));
#15420=SURFACE_SIDE_STYLE('',(#15485));
#15421=SURFACE_SIDE_STYLE('',(#15486));
#15422=SURFACE_SIDE_STYLE('',(#15487));
#15423=SURFACE_SIDE_STYLE('',(#15488));
#15424=SURFACE_SIDE_STYLE('',(#15489));
#15425=SURFACE_SIDE_STYLE('',(#15490));
#15426=SURFACE_SIDE_STYLE('',(#15491));
#15427=SURFACE_SIDE_STYLE('',(#15492));
#15428=SURFACE_SIDE_STYLE('',(#15493));
#15429=SURFACE_SIDE_STYLE('',(#15494));
#15430=SURFACE_SIDE_STYLE('',(#15495));
#15431=SURFACE_SIDE_STYLE('',(#15496));
#15432=SURFACE_SIDE_STYLE('',(#15497));
#15433=SURFACE_SIDE_STYLE('',(#15498));
#15434=SURFACE_SIDE_STYLE('',(#15499));
#15435=SURFACE_SIDE_STYLE('',(#15500));
#15436=SURFACE_SIDE_STYLE('',(#15501));
#15437=SURFACE_SIDE_STYLE('',(#15502));
#15438=SURFACE_SIDE_STYLE('',(#15503));
#15439=SURFACE_SIDE_STYLE('',(#15504));
#15440=SURFACE_SIDE_STYLE('',(#15505));
#15441=SURFACE_SIDE_STYLE('',(#15506));
#15442=SURFACE_SIDE_STYLE('',(#15507));
#15443=SURFACE_SIDE_STYLE('',(#15508));
#15444=SURFACE_SIDE_STYLE('',(#15509));
#15445=SURFACE_SIDE_STYLE('',(#15510));
#15446=SURFACE_SIDE_STYLE('',(#15511));
#15447=SURFACE_SIDE_STYLE('',(#15512));
#15448=SURFACE_SIDE_STYLE('',(#15513));
#15449=SURFACE_SIDE_STYLE('',(#15514));
#15450=SURFACE_SIDE_STYLE('',(#15515));
#15451=SURFACE_SIDE_STYLE('',(#15516));
#15452=SURFACE_SIDE_STYLE('',(#15517));
#15453=SURFACE_SIDE_STYLE('',(#15518));
#15454=SURFACE_SIDE_STYLE('',(#15519));
#15455=SURFACE_SIDE_STYLE('',(#15520));
#15456=SURFACE_SIDE_STYLE('',(#15521));
#15457=SURFACE_SIDE_STYLE('',(#15522));
#15458=SURFACE_SIDE_STYLE('',(#15523));
#15459=SURFACE_SIDE_STYLE('',(#15524));
#15460=SURFACE_SIDE_STYLE('',(#15525));
#15461=SURFACE_SIDE_STYLE('',(#15526));
#15462=SURFACE_SIDE_STYLE('',(#15527));
#15463=SURFACE_SIDE_STYLE('',(#15528));
#15464=SURFACE_SIDE_STYLE('',(#15529));
#15465=SURFACE_SIDE_STYLE('',(#15530));
#15466=SURFACE_SIDE_STYLE('',(#15531));
#15467=SURFACE_SIDE_STYLE('',(#15532));
#15468=SURFACE_SIDE_STYLE('',(#15533));
#15469=SURFACE_SIDE_STYLE('',(#15534));
#15470=SURFACE_SIDE_STYLE('',(#15535));
#15471=SURFACE_SIDE_STYLE('',(#15536));
#15472=SURFACE_STYLE_FILL_AREA(#15537);
#15473=SURFACE_STYLE_FILL_AREA(#15538);
#15474=SURFACE_STYLE_FILL_AREA(#15539);
#15475=SURFACE_STYLE_FILL_AREA(#15540);
#15476=SURFACE_STYLE_FILL_AREA(#15541);
#15477=SURFACE_STYLE_FILL_AREA(#15542);
#15478=SURFACE_STYLE_FILL_AREA(#15543);
#15479=SURFACE_STYLE_FILL_AREA(#15544);
#15480=SURFACE_STYLE_FILL_AREA(#15545);
#15481=SURFACE_STYLE_FILL_AREA(#15546);
#15482=SURFACE_STYLE_FILL_AREA(#15547);
#15483=SURFACE_STYLE_FILL_AREA(#15548);
#15484=SURFACE_STYLE_FILL_AREA(#15549);
#15485=SURFACE_STYLE_FILL_AREA(#15550);
#15486=SURFACE_STYLE_FILL_AREA(#15551);
#15487=SURFACE_STYLE_FILL_AREA(#15552);
#15488=SURFACE_STYLE_FILL_AREA(#15553);
#15489=SURFACE_STYLE_FILL_AREA(#15554);
#15490=SURFACE_STYLE_FILL_AREA(#15555);
#15491=SURFACE_STYLE_FILL_AREA(#15556);
#15492=SURFACE_STYLE_FILL_AREA(#15557);
#15493=SURFACE_STYLE_FILL_AREA(#15558);
#15494=SURFACE_STYLE_FILL_AREA(#15559);
#15495=SURFACE_STYLE_FILL_AREA(#15560);
#15496=SURFACE_STYLE_FILL_AREA(#15561);
#15497=SURFACE_STYLE_FILL_AREA(#15562);
#15498=SURFACE_STYLE_FILL_AREA(#15563);
#15499=SURFACE_STYLE_FILL_AREA(#15564);
#15500=SURFACE_STYLE_FILL_AREA(#15565);
#15501=SURFACE_STYLE_FILL_AREA(#15566);
#15502=SURFACE_STYLE_FILL_AREA(#15567);
#15503=SURFACE_STYLE_FILL_AREA(#15568);
#15504=SURFACE_STYLE_FILL_AREA(#15569);
#15505=SURFACE_STYLE_FILL_AREA(#15570);
#15506=SURFACE_STYLE_FILL_AREA(#15571);
#15507=SURFACE_STYLE_FILL_AREA(#15572);
#15508=SURFACE_STYLE_FILL_AREA(#15573);
#15509=SURFACE_STYLE_FILL_AREA(#15574);
#15510=SURFACE_STYLE_FILL_AREA(#15575);
#15511=SURFACE_STYLE_FILL_AREA(#15576);
#15512=SURFACE_STYLE_FILL_AREA(#15577);
#15513=SURFACE_STYLE_FILL_AREA(#15578);
#15514=SURFACE_STYLE_FILL_AREA(#15579);
#15515=SURFACE_STYLE_FILL_AREA(#15580);
#15516=SURFACE_STYLE_FILL_AREA(#15581);
#15517=SURFACE_STYLE_FILL_AREA(#15582);
#15518=SURFACE_STYLE_FILL_AREA(#15583);
#15519=SURFACE_STYLE_FILL_AREA(#15584);
#15520=SURFACE_STYLE_FILL_AREA(#15585);
#15521=SURFACE_STYLE_FILL_AREA(#15586);
#15522=SURFACE_STYLE_FILL_AREA(#15587);
#15523=SURFACE_STYLE_FILL_AREA(#15588);
#15524=SURFACE_STYLE_FILL_AREA(#15589);
#15525=SURFACE_STYLE_FILL_AREA(#15590);
#15526=SURFACE_STYLE_FILL_AREA(#15591);
#15527=SURFACE_STYLE_FILL_AREA(#15592);
#15528=SURFACE_STYLE_FILL_AREA(#15593);
#15529=SURFACE_STYLE_FILL_AREA(#15594);
#15530=SURFACE_STYLE_FILL_AREA(#15595);
#15531=SURFACE_STYLE_FILL_AREA(#15596);
#15532=SURFACE_STYLE_FILL_AREA(#15597);
#15533=SURFACE_STYLE_FILL_AREA(#15598);
#15534=SURFACE_STYLE_FILL_AREA(#15599);
#15535=SURFACE_STYLE_FILL_AREA(#15600);
#15536=SURFACE_STYLE_FILL_AREA(#15601);
#15537=FILL_AREA_STYLE('Opaque(203,154,59)',(#15602));
#15538=FILL_AREA_STYLE('Farbe - Emaille gl\X\E4nzend (Blau)',(#15603));
#15539=FILL_AREA_STYLE('Nylon 12 (mit 3D-Drucker Formlabs Fuse 1)',(#15604));
#15540=FILL_AREA_STYLE('Farbe - Emaille gl\X\E4nzend (Grau)',(#15605));
#15541=FILL_AREA_STYLE('Opaque(199,145,29)',(#15606));
#15542=FILL_AREA_STYLE('Farbe - Emaille gl\X\E4nzend (Wei\X\DF)',(#15607));
#15543=FILL_AREA_STYLE('Pulverbeschichtung (Schwarz)',(#15608));
#15544=FILL_AREA_STYLE('Opaque(25,25,25)',(#15609));
#15545=FILL_AREA_STYLE('Steel - Satin',(#15610));
#15546=FILL_AREA_STYLE('Opaque(63,63,63)',(#15611));
#15547=FILL_AREA_STYLE('Opaque(202,209,238)',(#15612));
#15548=FILL_AREA_STYLE('Opaque(224,224,224)',(#15613));
#15549=FILL_AREA_STYLE('Opaque(232,186,31)',(#15614));
#15550=FILL_AREA_STYLE('Opaque(203,210,239)',(#15615));
#15551=FILL_AREA_STYLE('Opaque(255,255,255)',(#15616));
#15552=FILL_AREA_STYLE('Opaque(215,208,192)',(#15617));
#15553=FILL_AREA_STYLE('Opaque(229,234,237)',(#15618));
#15554=FILL_AREA_STYLE('Opaque(255,193,144)',(#15619));
#15555=FILL_AREA_STYLE('Opaque(192,192,192)',(#15620));
#15556=FILL_AREA_STYLE('Opaque(161,171,255)',(#15621));
#15557=FILL_AREA_STYLE('Opaque(239,239,239)',(#15622));
#15558=FILL_AREA_STYLE('Opaque(255,255,242)',(#15623));
#15559=FILL_AREA_STYLE('Opaque(245,245,245)',(#15624));
#15560=FILL_AREA_STYLE('Opaque(64,64,64)',(#15625));
#15561=FILL_AREA_STYLE('Opaque(228,233,237)',(#15626));
#15562=FILL_AREA_STYLE('Opaque(0,57,0)',(#15627));
#15563=FILL_AREA_STYLE('Opaque(214,114,99)',(#15628));
#15564=FILL_AREA_STYLE('Opaque(191,191,191)',(#15629));
#15565=FILL_AREA_STYLE('Opaque(244,244,244)',(#15630));
#15566=FILL_AREA_STYLE('Opaque(248,247,237)',(#15631));
#15567=FILL_AREA_STYLE('Opaque(243,203,124)',(#15632));
#15568=FILL_AREA_STYLE('Opaque(190,190,190)',(#15633));
#15569=FILL_AREA_STYLE('Opaque(224,210,71)',(#15634));
#15570=FILL_AREA_STYLE('Opaque(230,230,230)',(#15635));
#15571=FILL_AREA_STYLE('Opaque(144,144,144)',(#15636));
#15572=FILL_AREA_STYLE('Opaque(211,212,213)',(#15637));
#15573=FILL_AREA_STYLE('Opaque(48,59,150)',(#15638));
#15574=FILL_AREA_STYLE('Opaque(179,179,179)',(#15639));
#15575=FILL_AREA_STYLE('Opaque(246,246,243)',(#15640));
#15576=FILL_AREA_STYLE('Opaque(237,206,195)',(#15641));
#15577=FILL_AREA_STYLE('Opaque(209,204,192)',(#15642));
#15578=FILL_AREA_STYLE('Opaque(160,160,160)',(#15643));
#15579=FILL_AREA_STYLE('Opaque(76,76,76)',(#15644));
#15580=FILL_AREA_STYLE('Opaque(77,77,77)',(#15645));
#15581=FILL_AREA_STYLE('Opaque(187,197,203)',(#15646));
#15582=FILL_AREA_STYLE('Opaque(153,130,94)',(#15647));
#15583=FILL_AREA_STYLE('Opaque(175,112,71)',(#15648));
#15584=FILL_AREA_STYLE('Opaque(130,116,95)',(#15649));
#15585=FILL_AREA_STYLE('Opaque(244,229,167)',(#15650));
#15586=FILL_AREA_STYLE('Opaque(36,120,50)',(#15651));
#15587=FILL_AREA_STYLE('Opaque(247,224,153)',(#15652));
#15588=FILL_AREA_STYLE('Opaque(217,217,217)',(#15653));
#15589=FILL_AREA_STYLE('Opaque(80,124,105)',(#15654));
#15590=FILL_AREA_STYLE('Opaque(210,209,199)',(#15655));
#15591=FILL_AREA_STYLE('Opaque(160,160,164)',(#15656));
#15592=FILL_AREA_STYLE('Opaque(199,194,189)',(#15657));
#15593=FILL_AREA_STYLE('Opaque(211,214,211)',(#15658));
#15594=FILL_AREA_STYLE('Opaque(229,229,229)',(#15659));
#15595=FILL_AREA_STYLE('ABS (Wei\X\DF)',(#15660));
#15596=FILL_AREA_STYLE('Farbe - Emaille gl\X\E4nzend (Schwarz)',(#15661));
#15597=FILL_AREA_STYLE('Edelstahl - poliert',(#15662));
#15598=FILL_AREA_STYLE('Farbe - Metallpartikel (Gr\X\FCn)',(#15663));
#15599=FILL_AREA_STYLE('Farbe - Emaille gl\X\E4nzend (Gelb)',(#15664));
#15600=FILL_AREA_STYLE('Opaque(21,22,24)',(#15665));
#15601=FILL_AREA_STYLE('Eisen - Guss',(#15666));
#15602=FILL_AREA_STYLE_COLOUR('Opaque(203,154,59)',#15667);
#15603=FILL_AREA_STYLE_COLOUR('Farbe - Emaille gl\X\E4nzend (Blau)',#15668);
#15604=FILL_AREA_STYLE_COLOUR(
'Nylon 12 (mit 3D-Drucker Formlabs Fuse 1)',#15669);
#15605=FILL_AREA_STYLE_COLOUR('Farbe - Emaille gl\X\E4nzend (Grau)',#15670);
#15606=FILL_AREA_STYLE_COLOUR('Opaque(199,145,29)',#15671);
#15607=FILL_AREA_STYLE_COLOUR('Farbe - Emaille gl\X\E4nzend (Wei\X\DF)',
#15672);
#15608=FILL_AREA_STYLE_COLOUR('Pulverbeschichtung (Schwarz)',#15673);
#15609=FILL_AREA_STYLE_COLOUR('Opaque(25,25,25)',#15674);
#15610=FILL_AREA_STYLE_COLOUR('Steel - Satin',#15675);
#15611=FILL_AREA_STYLE_COLOUR('Opaque(63,63,63)',#15676);
#15612=FILL_AREA_STYLE_COLOUR('Opaque(202,209,238)',#15677);
#15613=FILL_AREA_STYLE_COLOUR('Opaque(224,224,224)',#15678);
#15614=FILL_AREA_STYLE_COLOUR('Opaque(232,186,31)',#15679);
#15615=FILL_AREA_STYLE_COLOUR('Opaque(203,210,239)',#15680);
#15616=FILL_AREA_STYLE_COLOUR('Opaque(255,255,255)',#15681);
#15617=FILL_AREA_STYLE_COLOUR('Opaque(215,208,192)',#15682);
#15618=FILL_AREA_STYLE_COLOUR('Opaque(229,234,237)',#15683);
#15619=FILL_AREA_STYLE_COLOUR('Opaque(255,193,144)',#15684);
#15620=FILL_AREA_STYLE_COLOUR('Opaque(192,192,192)',#15685);
#15621=FILL_AREA_STYLE_COLOUR('Opaque(161,171,255)',#15686);
#15622=FILL_AREA_STYLE_COLOUR('Opaque(239,239,239)',#15687);
#15623=FILL_AREA_STYLE_COLOUR('Opaque(255,255,242)',#15688);
#15624=FILL_AREA_STYLE_COLOUR('Opaque(245,245,245)',#15689);
#15625=FILL_AREA_STYLE_COLOUR('Opaque(64,64,64)',#15690);
#15626=FILL_AREA_STYLE_COLOUR('Opaque(228,233,237)',#15691);
#15627=FILL_AREA_STYLE_COLOUR('Opaque(0,57,0)',#15692);
#15628=FILL_AREA_STYLE_COLOUR('Opaque(214,114,99)',#15693);
#15629=FILL_AREA_STYLE_COLOUR('Opaque(191,191,191)',#15694);
#15630=FILL_AREA_STYLE_COLOUR('Opaque(244,244,244)',#15695);
#15631=FILL_AREA_STYLE_COLOUR('Opaque(248,247,237)',#15696);
#15632=FILL_AREA_STYLE_COLOUR('Opaque(243,203,124)',#15697);
#15633=FILL_AREA_STYLE_COLOUR('Opaque(190,190,190)',#15698);
#15634=FILL_AREA_STYLE_COLOUR('Opaque(224,210,71)',#15699);
#15635=FILL_AREA_STYLE_COLOUR('Opaque(230,230,230)',#15700);
#15636=FILL_AREA_STYLE_COLOUR('Opaque(144,144,144)',#15701);
#15637=FILL_AREA_STYLE_COLOUR('Opaque(211,212,213)',#15702);
#15638=FILL_AREA_STYLE_COLOUR('Opaque(48,59,150)',#15703);
#15639=FILL_AREA_STYLE_COLOUR('Opaque(179,179,179)',#15704);
#15640=FILL_AREA_STYLE_COLOUR('Opaque(246,246,243)',#15705);
#15641=FILL_AREA_STYLE_COLOUR('Opaque(237,206,195)',#15706);
#15642=FILL_AREA_STYLE_COLOUR('Opaque(209,204,192)',#15707);
#15643=FILL_AREA_STYLE_COLOUR('Opaque(160,160,160)',#15708);
#15644=FILL_AREA_STYLE_COLOUR('Opaque(76,76,76)',#15709);
#15645=FILL_AREA_STYLE_COLOUR('Opaque(77,77,77)',#15710);
#15646=FILL_AREA_STYLE_COLOUR('Opaque(187,197,203)',#15711);
#15647=FILL_AREA_STYLE_COLOUR('Opaque(153,130,94)',#15712);
#15648=FILL_AREA_STYLE_COLOUR('Opaque(175,112,71)',#15713);
#15649=FILL_AREA_STYLE_COLOUR('Opaque(130,116,95)',#15714);
#15650=FILL_AREA_STYLE_COLOUR('Opaque(244,229,167)',#15715);
#15651=FILL_AREA_STYLE_COLOUR('Opaque(36,120,50)',#15716);
#15652=FILL_AREA_STYLE_COLOUR('Opaque(247,224,153)',#15717);
#15653=FILL_AREA_STYLE_COLOUR('Opaque(217,217,217)',#15718);
#15654=FILL_AREA_STYLE_COLOUR('Opaque(80,124,105)',#15719);
#15655=FILL_AREA_STYLE_COLOUR('Opaque(210,209,199)',#15720);
#15656=FILL_AREA_STYLE_COLOUR('Opaque(160,160,164)',#15721);
#15657=FILL_AREA_STYLE_COLOUR('Opaque(199,194,189)',#15722);
#15658=FILL_AREA_STYLE_COLOUR('Opaque(211,214,211)',#15723);
#15659=FILL_AREA_STYLE_COLOUR('Opaque(229,229,229)',#15724);
#15660=FILL_AREA_STYLE_COLOUR('ABS (Wei\X\DF)',#15725);
#15661=FILL_AREA_STYLE_COLOUR('Farbe - Emaille gl\X\E4nzend (Schwarz)',
#15726);
#15662=FILL_AREA_STYLE_COLOUR('Edelstahl - poliert',#15727);
#15663=FILL_AREA_STYLE_COLOUR('Farbe - Metallpartikel (Gr\X\FCn)',#15728);
#15664=FILL_AREA_STYLE_COLOUR('Farbe - Emaille gl\X\E4nzend (Gelb)',#15729);
#15665=FILL_AREA_STYLE_COLOUR('Opaque(21,22,24)',#15730);
#15666=FILL_AREA_STYLE_COLOUR('Eisen - Guss',#15731);
#15667=COLOUR_RGB('Opaque(203,154,59)',0.796078431372549,0.603921568627451,
0.231372549019608);
#15668=COLOUR_RGB('Farbe - Emaille gl\X\E4nzend (Blau)',0.188235294117647,
0.231372549019608,0.588235294117647);
#15669=COLOUR_RGB('Nylon 12 (mit 3D-Drucker Formlabs Fuse 1)',0.247058823529412,
0.247058823529412,0.247058823529412);
#15670=COLOUR_RGB('Farbe - Emaille gl\X\E4nzend (Grau)',0.701960784313725,
0.701960784313725,0.701960784313725);
#15671=COLOUR_RGB('Opaque(199,145,29)',0.780392156862745,0.568627450980392,
0.113725490196078);
#15672=COLOUR_RGB('Farbe - Emaille gl\X\E4nzend (Wei\X\DF)',0.964705882352941,
0.964705882352941,0.952941176470588);
#15673=COLOUR_RGB('Pulverbeschichtung (Schwarz)',0.0980392156862745,0.0980392156862745,
0.0980392156862745);
#15674=COLOUR_RGB('Opaque(25,25,25)',0.0980392156862745,0.0980392156862745,
0.0980392156862745);
#15675=COLOUR_RGB('Steel - Satin',0.,0.,0.);
#15676=COLOUR_RGB('Opaque(63,63,63)',0.250980392156863,0.250980392156863,
0.250980392156863);
#15677=COLOUR_RGB('Opaque(202,209,238)',0.792156862745098,0.819607843137255,
0.933333333333333);
#15678=COLOUR_RGB('Opaque(224,224,224)',0.87843137254902,0.87843137254902,
0.87843137254902);
#15679=COLOUR_RGB('Opaque(232,186,31)',0.909803921568627,0.729411764705882,
0.12156862745098);
#15680=COLOUR_RGB('Opaque(203,210,239)',0.796078431372549,0.823529411764706,
0.937254901960784);
#15681=COLOUR_RGB('Opaque(255,255,255)',1.,1.,1.);
#15682=COLOUR_RGB('Opaque(215,208,192)',0.843137254901961,0.815686274509804,
0.752941176470588);
#15683=COLOUR_RGB('Opaque(229,234,237)',0.898039215686275,0.917647058823529,
0.929411764705882);
#15684=COLOUR_RGB('Opaque(255,193,144)',1.,0.756862745098039,0.564705882352941);
#15685=COLOUR_RGB('Opaque(192,192,192)',0.752941176470588,0.752941176470588,
0.752941176470588);
#15686=COLOUR_RGB('Opaque(161,171,255)',0.631372549019608,0.670588235294118,
1.);
#15687=COLOUR_RGB('Opaque(239,239,239)',0.937254901960784,0.937254901960784,
0.937254901960784);
#15688=COLOUR_RGB('Opaque(255,255,242)',1.,1.,0.949019607843137);
#15689=COLOUR_RGB('Opaque(245,245,245)',0.96078431372549,0.96078431372549,
0.96078431372549);
#15690=COLOUR_RGB('Opaque(64,64,64)',0.250980392156863,0.250980392156863,
0.250980392156863);
#15691=COLOUR_RGB('Opaque(228,233,237)',0.894117647058824,0.913725490196078,
0.929411764705882);
#15692=COLOUR_RGB('Opaque(0,57,0)',0.,0.223529411764706,0.);
#15693=COLOUR_RGB('Opaque(214,114,99)',0.83921568627451,0.447058823529412,
0.388235294117647);
#15694=COLOUR_RGB('Opaque(191,191,191)',0.749019607843137,0.749019607843137,
0.749019607843137);
#15695=COLOUR_RGB('Opaque(244,244,244)',0.956862745098039,0.956862745098039,
0.956862745098039);
#15696=COLOUR_RGB('Opaque(248,247,237)',0.972549019607843,0.968627450980392,
0.929411764705882);
#15697=COLOUR_RGB('Opaque(243,203,124)',0.952941176470588,0.796078431372549,
0.486274509803922);
#15698=COLOUR_RGB('Opaque(190,190,190)',0.745098039215686,0.745098039215686,
0.745098039215686);
#15699=COLOUR_RGB('Opaque(224,210,71)',0.87843137254902,0.823529411764706,
0.27843137254902);
#15700=COLOUR_RGB('Opaque(230,230,230)',0.901960784313726,0.901960784313726,
0.901960784313726);
#15701=COLOUR_RGB('Opaque(144,144,144)',0.564705882352941,0.564705882352941,
0.564705882352941);
#15702=COLOUR_RGB('Opaque(211,212,213)',0.827450980392157,0.831372549019608,
0.835294117647059);
#15703=COLOUR_RGB('Opaque(48,59,150)',0.188235294117647,0.231372549019608,
0.588235294117647);
#15704=COLOUR_RGB('Opaque(179,179,179)',0.701960784313725,0.701960784313725,
0.701960784313725);
#15705=COLOUR_RGB('Opaque(246,246,243)',0.964705882352941,0.964705882352941,
0.952941176470588);
#15706=COLOUR_RGB('Opaque(237,206,195)',0.929411764705882,0.807843137254902,
0.764705882352941);
#15707=COLOUR_RGB('Opaque(209,204,192)',0.819607843137255,0.8,0.752941176470588);
#15708=COLOUR_RGB('Opaque(160,160,160)',0.627450980392157,0.627450980392157,
0.627450980392157);
#15709=COLOUR_RGB('Opaque(76,76,76)',0.298039215686275,0.298039215686275,
0.298039215686275);
#15710=COLOUR_RGB('Opaque(77,77,77)',0.301960784313725,0.301960784313725,
0.301960784313725);
#15711=COLOUR_RGB('Opaque(187,197,203)',0.733333333333333,0.772549019607843,
0.796078431372549);
#15712=COLOUR_RGB('Opaque(153,130,94)',0.6,0.509803921568627,0.368627450980392);
#15713=COLOUR_RGB('Opaque(175,112,71)',0.686274509803922,0.43921568627451,
0.27843137254902);
#15714=COLOUR_RGB('Opaque(130,116,95)',0.509803921568627,0.454901960784314,
0.372549019607843);
#15715=COLOUR_RGB('Opaque(244,229,167)',0.956862745098039,0.898039215686275,
0.654901960784314);
#15716=COLOUR_RGB('Opaque(36,120,50)',0.141176470588235,0.470588235294118,
0.196078431372549);
#15717=COLOUR_RGB('Opaque(247,224,153)',0.968627450980392,0.87843137254902,
0.6);
#15718=COLOUR_RGB('Opaque(217,217,217)',0.850980392156863,0.850980392156863,
0.850980392156863);
#15719=COLOUR_RGB('Opaque(80,124,105)',0.313725490196078,0.486274509803922,
0.411764705882353);
#15720=COLOUR_RGB('Opaque(210,209,199)',0.823529411764706,0.819607843137255,
0.780392156862745);
#15721=COLOUR_RGB('Opaque(160,160,164)',0.627450980392157,0.627450980392157,
0.643137254901961);
#15722=COLOUR_RGB('Opaque(199,194,189)',0.780392156862745,0.76078431372549,
0.741176470588235);
#15723=COLOUR_RGB('Opaque(211,214,211)',0.827450980392157,0.83921568627451,
0.827450980392157);
#15724=COLOUR_RGB('Opaque(229,229,229)',0.898039215686275,0.898039215686275,
0.898039215686275);
#15725=COLOUR_RGB('ABS (Wei\X\DF)',0.964705882352941,0.964705882352941,
0.952941176470588);
#15726=COLOUR_RGB('Farbe - Emaille gl\X\E4nzend (Schwarz)',0.0980392156862745,
0.0980392156862745,0.0980392156862745);
#15727=COLOUR_RGB('Edelstahl - poliert',0.796078431372549,0.796078431372549,
0.796078431372549);
#15728=COLOUR_RGB('Farbe - Metallpartikel (Gr\X\FCn)',0.266666666666667,
0.588235294117647,0.282352941176471);
#15729=COLOUR_RGB('Farbe - Emaille gl\X\E4nzend (Gelb)',0.909803921568627,
0.67843137254902,0.137254901960784);
#15730=COLOUR_RGB('Opaque(21,22,24)',0.0823529411764706,0.0862745098039216,
0.0941176470588235);
#15731=COLOUR_RGB('Eisen - Guss',0.749019607843137,0.741176470588235,0.733333333333333);
ENDSEC;
END-ISO-10303-21;
