ISO-10303-21;
HEADER;
/* Generated by software containing ST-Developer
 * from STEP Tools, Inc. (www.steptools.com) 
 */

FILE_DESCRIPTION(
/* description */ (''),
/* implementation_level */ '2;1');

FILE_NAME(
/* name */ 'Universal adapter.step',
/* time_stamp */ '2025-12-30T20:09:14+01:00',
/* author */ (''),
/* organization */ (''),
/* preprocessor_version */ 'ST-DEVELOPER v20.1',
/* originating_system */ 'Autodesk Translation Framework v14.21.0.0',
/* authorisation */ '');

FILE_SCHEMA (('AUTOMOTIVE_DESIGN { 1 0 10303 214 3 1 1 }'));
ENDSEC;

DATA;
#10=MECHANICAL_DESIGN_GEOMETRIC_PRESENTATION_REPRESENTATION('',(#55,#56,
#57,#58,#59),#11052);
#11=ITEM_DEFINED_TRANSFORMATION($,$,#6834,#7291);
#12=ITEM_DEFINED_TRANSFORMATION($,$,#7129,#7292);
#13=ITEM_DEFINED_TRANSFORMATION($,$,#7190,#7293);
#14=ITEM_DEFINED_TRANSFORMATION($,$,#6833,#7294);
#15=(
REPRESENTATION_RELATIONSHIP($,$,#11073,#11072)
REPRESENTATION_RELATIONSHIP_WITH_TRANSFORMATION(#11)
SHAPE_REPRESENTATION_RELATIONSHIP()
);
#16=(
REPRESENTATION_RELATIONSHIP($,$,#11074,#11072)
REPRESENTATION_RELATIONSHIP_WITH_TRANSFORMATION(#12)
SHAPE_REPRESENTATION_RELATIONSHIP()
);
#17=(
REPRESENTATION_RELATIONSHIP($,$,#11075,#11072)
REPRESENTATION_RELATIONSHIP_WITH_TRANSFORMATION(#13)
SHAPE_REPRESENTATION_RELATIONSHIP()
);
#18=(
REPRESENTATION_RELATIONSHIP($,$,#11072,#11071)
REPRESENTATION_RELATIONSHIP_WITH_TRANSFORMATION(#14)
SHAPE_REPRESENTATION_RELATIONSHIP()
);
#19=CONTEXT_DEPENDENT_SHAPE_REPRESENTATION(#15,#11067);
#20=CONTEXT_DEPENDENT_SHAPE_REPRESENTATION(#16,#11068);
#21=CONTEXT_DEPENDENT_SHAPE_REPRESENTATION(#17,#11069);
#22=CONTEXT_DEPENDENT_SHAPE_REPRESENTATION(#18,#11070);
#23=NEXT_ASSEMBLY_USAGE_OCCURRENCE('Komponente8:1','Komponente8:1',
'Komponente8:1',#11078,#11079,'Komponente8:1');
#24=NEXT_ASSEMBLY_USAGE_OCCURRENCE('Komponente9:1','Komponente9:1',
'Komponente9:1',#11078,#11080,'Komponente9:1');
#25=NEXT_ASSEMBLY_USAGE_OCCURRENCE('Komponente10:1','Komponente10:1',
'Komponente10:1',#11078,#11081,'Komponente10:1');
#26=NEXT_ASSEMBLY_USAGE_OCCURRENCE('Magnet halterung:1',
'Magnet halterung:1','Magnet halterung:1',#11077,#11078,
'Magnet halterung:1');
#27=ELLIPSE('',#7137,1.41421356237309,1.);
#28=ELLIPSE('',#7138,1.4142135623731,1.);
#29=ELLIPSE('',#7140,1.03061367567802,1.);
#30=ELLIPSE('',#7142,1.16663327083323,1.);
#31=ELLIPSE('',#7144,1.41421356237309,1.);
#32=ELLIPSE('',#7146,1.4142135623731,1.);
#33=ELLIPSE('',#7148,1.16663339721533,1.);
#34=ELLIPSE('',#7150,1.0306136293499,1.);
#35=ELLIPSE('',#7152,1.4142135623731,1.);
#36=ELLIPSE('',#7154,1.41421356237309,1.);
#37=ELLIPSE('',#7198,1.41421356237309,1.);
#38=ELLIPSE('',#7199,1.4142135623731,1.);
#39=ELLIPSE('',#7201,1.4142135623731,1.);
#40=ELLIPSE('',#7203,1.41421356237309,1.);
#41=ELLIPSE('',#7205,1.0306136293499,1.);
#42=ELLIPSE('',#7207,1.16663339721533,1.);
#43=ELLIPSE('',#7209,1.41421356237309,1.);
#44=ELLIPSE('',#7211,1.4142135623731,1.);
#45=ELLIPSE('',#7213,1.16663327083322,1.);
#46=ELLIPSE('',#7215,1.03061367567802,1.);
#47=SHAPE_REPRESENTATION_RELATIONSHIP('SRR','None',#11073,#51);
#48=SHAPE_REPRESENTATION_RELATIONSHIP('SRR','None',#11074,#52);
#49=SHAPE_REPRESENTATION_RELATIONSHIP('SRR','None',#11075,#53);
#50=SHAPE_REPRESENTATION_RELATIONSHIP('SRR','None',#11072,#54);
#51=ADVANCED_BREP_SHAPE_REPRESENTATION('',(#60),#11049);
#52=ADVANCED_BREP_SHAPE_REPRESENTATION('',(#61),#11050);
#53=ADVANCED_BREP_SHAPE_REPRESENTATION('',(#62),#11051);
#54=ADVANCED_BREP_SHAPE_REPRESENTATION('',(#63,#64),#11048);
#55=STYLED_ITEM('',(#11105),#60);
#56=STYLED_ITEM('',(#11101),#61);
#57=STYLED_ITEM('',(#11101),#62);
#58=STYLED_ITEM('',(#11105),#63);
#59=STYLED_ITEM('',(#11105),#64);
#60=MANIFOLD_SOLID_BREP('K\X\F6rper1',#6793);
#61=MANIFOLD_SOLID_BREP('K\X\F6rper1',#6794);
#62=MANIFOLD_SOLID_BREP('K\X\F6rper1',#6795);
#63=MANIFOLD_SOLID_BREP('K\X\F6rper14',#6796);
#64=MANIFOLD_SOLID_BREP('K\X\F6rper15',#6797);
#65=FACE_BOUND('',#2537,.T.);
#66=FACE_BOUND('',#2538,.T.);
#67=FACE_BOUND('',#2539,.T.);
#68=FACE_BOUND('',#2540,.T.);
#69=FACE_BOUND('',#2541,.T.);
#70=FACE_BOUND('',#2542,.T.);
#71=FACE_BOUND('',#2551,.T.);
#72=FACE_BOUND('',#2553,.T.);
#73=FACE_BOUND('',#2555,.T.);
#74=FACE_BOUND('',#2557,.T.);
#75=FACE_BOUND('',#2563,.T.);
#76=FACE_BOUND('',#2567,.T.);
#77=FACE_BOUND('',#2571,.T.);
#78=FACE_BOUND('',#2573,.T.);
#79=FACE_BOUND('',#2575,.T.);
#80=FACE_BOUND('',#2594,.T.);
#81=FACE_BOUND('',#2595,.T.);
#82=FACE_BOUND('',#2597,.T.);
#83=FACE_BOUND('',#2599,.T.);
#84=FACE_BOUND('',#2600,.T.);
#85=FACE_BOUND('',#2799,.T.);
#86=FACE_BOUND('',#2847,.T.);
#87=FACE_BOUND('',#2894,.T.);
#88=FACE_BOUND('',#2897,.T.);
#89=FACE_BOUND('',#2901,.T.);
#90=FACE_BOUND('',#2902,.T.);
#91=FACE_BOUND('',#2905,.T.);
#92=FACE_BOUND('',#2906,.T.);
#93=FACE_BOUND('',#2912,.T.);
#94=FACE_BOUND('',#2915,.T.);
#95=FACE_BOUND('',#2919,.T.);
#96=FACE_BOUND('',#2920,.T.);
#97=FACE_BOUND('',#2923,.T.);
#98=FACE_BOUND('',#2924,.T.);
#99=CONICAL_SURFACE('',#6848,2.4,0.785398163397445);
#100=CONICAL_SURFACE('',#6859,2.4,0.785398163397444);
#101=CONICAL_SURFACE('',#6863,2.4,0.785398163397444);
#102=CONICAL_SURFACE('',#6867,2.4,0.785398163397444);
#103=CONICAL_SURFACE('',#6888,5.6,0.78539816339745);
#104=CONICAL_SURFACE('',#6894,5.6,0.78539816339745);
#105=CONICAL_SURFACE('',#7130,4.4,0.785398163397448);
#106=CONICAL_SURFACE('',#7191,4.4,0.785398163397448);
#107=PLANE('',#6841);
#108=PLANE('',#6847);
#109=PLANE('',#6851);
#110=PLANE('',#6871);
#111=PLANE('',#6873);
#112=PLANE('',#6875);
#113=PLANE('',#6877);
#114=PLANE('',#6887);
#115=PLANE('',#6893);
#116=PLANE('',#6899);
#117=PLANE('',#6900);
#118=PLANE('',#6902);
#119=PLANE('',#6906);
#120=PLANE('',#6907);
#121=PLANE('',#6908);
#122=PLANE('',#6909);
#123=PLANE('',#6910);
#124=PLANE('',#6911);
#125=PLANE('',#6912);
#126=PLANE('',#6913);
#127=PLANE('',#6914);
#128=PLANE('',#6915);
#129=PLANE('',#6916);
#130=PLANE('',#6917);
#131=PLANE('',#6918);
#132=PLANE('',#6919);
#133=PLANE('',#6920);
#134=PLANE('',#6921);
#135=PLANE('',#6922);
#136=PLANE('',#6923);
#137=PLANE('',#6924);
#138=PLANE('',#6927);
#139=PLANE('',#6928);
#140=PLANE('',#6929);
#141=PLANE('',#6931);
#142=PLANE('',#6933);
#143=PLANE('',#6935);
#144=PLANE('',#6936);
#145=PLANE('',#6937);
#146=PLANE('',#6938);
#147=PLANE('',#6939);
#148=PLANE('',#6940);
#149=PLANE('',#6941);
#150=PLANE('',#6942);
#151=PLANE('',#6943);
#152=PLANE('',#6944);
#153=PLANE('',#6947);
#154=PLANE('',#6948);
#155=PLANE('',#6949);
#156=PLANE('',#6950);
#157=PLANE('',#6953);
#158=PLANE('',#6954);
#159=PLANE('',#6955);
#160=PLANE('',#6956);
#161=PLANE('',#6957);
#162=PLANE('',#6959);
#163=PLANE('',#6960);
#164=PLANE('',#6962);
#165=PLANE('',#6963);
#166=PLANE('',#6964);
#167=PLANE('',#6965);
#168=PLANE('',#6966);
#169=PLANE('',#6967);
#170=PLANE('',#6968);
#171=PLANE('',#6969);
#172=PLANE('',#6970);
#173=PLANE('',#6971);
#174=PLANE('',#6974);
#175=PLANE('',#6975);
#176=PLANE('',#6976);
#177=PLANE('',#6979);
#178=PLANE('',#6980);
#179=PLANE('',#6981);
#180=PLANE('',#6982);
#181=PLANE('',#6983);
#182=PLANE('',#6984);
#183=PLANE('',#6985);
#184=PLANE('',#6986);
#185=PLANE('',#6987);
#186=PLANE('',#6988);
#187=PLANE('',#6989);
#188=PLANE('',#6990);
#189=PLANE('',#6991);
#190=PLANE('',#6992);
#191=PLANE('',#6993);
#192=PLANE('',#6994);
#193=PLANE('',#6995);
#194=PLANE('',#6996);
#195=PLANE('',#6997);
#196=PLANE('',#6998);
#197=PLANE('',#6999);
#198=PLANE('',#7000);
#199=PLANE('',#7001);
#200=PLANE('',#7002);
#201=PLANE('',#7003);
#202=PLANE('',#7004);
#203=PLANE('',#7005);
#204=PLANE('',#7006);
#205=PLANE('',#7007);
#206=PLANE('',#7008);
#207=PLANE('',#7009);
#208=PLANE('',#7010);
#209=PLANE('',#7011);
#210=PLANE('',#7012);
#211=PLANE('',#7013);
#212=PLANE('',#7014);
#213=PLANE('',#7015);
#214=PLANE('',#7016);
#215=PLANE('',#7017);
#216=PLANE('',#7018);
#217=PLANE('',#7019);
#218=PLANE('',#7020);
#219=PLANE('',#7021);
#220=PLANE('',#7022);
#221=PLANE('',#7023);
#222=PLANE('',#7024);
#223=PLANE('',#7025);
#224=PLANE('',#7026);
#225=PLANE('',#7027);
#226=PLANE('',#7028);
#227=PLANE('',#7029);
#228=PLANE('',#7030);
#229=PLANE('',#7031);
#230=PLANE('',#7032);
#231=PLANE('',#7033);
#232=PLANE('',#7034);
#233=PLANE('',#7035);
#234=PLANE('',#7036);
#235=PLANE('',#7037);
#236=PLANE('',#7038);
#237=PLANE('',#7039);
#238=PLANE('',#7040);
#239=PLANE('',#7041);
#240=PLANE('',#7042);
#241=PLANE('',#7043);
#242=PLANE('',#7044);
#243=PLANE('',#7045);
#244=PLANE('',#7046);
#245=PLANE('',#7047);
#246=PLANE('',#7048);
#247=PLANE('',#7049);
#248=PLANE('',#7050);
#249=PLANE('',#7051);
#250=PLANE('',#7052);
#251=PLANE('',#7053);
#252=PLANE('',#7054);
#253=PLANE('',#7055);
#254=PLANE('',#7056);
#255=PLANE('',#7057);
#256=PLANE('',#7058);
#257=PLANE('',#7059);
#258=PLANE('',#7060);
#259=PLANE('',#7061);
#260=PLANE('',#7062);
#261=PLANE('',#7063);
#262=PLANE('',#7064);
#263=PLANE('',#7065);
#264=PLANE('',#7066);
#265=PLANE('',#7067);
#266=PLANE('',#7068);
#267=PLANE('',#7069);
#268=PLANE('',#7070);
#269=PLANE('',#7071);
#270=PLANE('',#7072);
#271=PLANE('',#7073);
#272=PLANE('',#7074);
#273=PLANE('',#7075);
#274=PLANE('',#7076);
#275=PLANE('',#7077);
#276=PLANE('',#7078);
#277=PLANE('',#7079);
#278=PLANE('',#7080);
#279=PLANE('',#7081);
#280=PLANE('',#7082);
#281=PLANE('',#7083);
#282=PLANE('',#7084);
#283=PLANE('',#7085);
#284=PLANE('',#7086);
#285=PLANE('',#7087);
#286=PLANE('',#7088);
#287=PLANE('',#7089);
#288=PLANE('',#7090);
#289=PLANE('',#7091);
#290=PLANE('',#7092);
#291=PLANE('',#7093);
#292=PLANE('',#7094);
#293=PLANE('',#7095);
#294=PLANE('',#7096);
#295=PLANE('',#7097);
#296=PLANE('',#7098);
#297=PLANE('',#7099);
#298=PLANE('',#7100);
#299=PLANE('',#7101);
#300=PLANE('',#7102);
#301=PLANE('',#7103);
#302=PLANE('',#7104);
#303=PLANE('',#7105);
#304=PLANE('',#7106);
#305=PLANE('',#7107);
#306=PLANE('',#7108);
#307=PLANE('',#7109);
#308=PLANE('',#7110);
#309=PLANE('',#7111);
#310=PLANE('',#7112);
#311=PLANE('',#7113);
#312=PLANE('',#7114);
#313=PLANE('',#7115);
#314=PLANE('',#7116);
#315=PLANE('',#7117);
#316=PLANE('',#7118);
#317=PLANE('',#7119);
#318=PLANE('',#7120);
#319=PLANE('',#7121);
#320=PLANE('',#7122);
#321=PLANE('',#7123);
#322=PLANE('',#7124);
#323=PLANE('',#7125);
#324=PLANE('',#7126);
#325=PLANE('',#7127);
#326=PLANE('',#7128);
#327=PLANE('',#7135);
#328=PLANE('',#7156);
#329=PLANE('',#7157);
#330=PLANE('',#7158);
#331=PLANE('',#7159);
#332=PLANE('',#7160);
#333=PLANE('',#7161);
#334=PLANE('',#7162);
#335=PLANE('',#7163);
#336=PLANE('',#7164);
#337=PLANE('',#7165);
#338=PLANE('',#7166);
#339=PLANE('',#7167);
#340=PLANE('',#7168);
#341=PLANE('',#7169);
#342=PLANE('',#7170);
#343=PLANE('',#7171);
#344=PLANE('',#7172);
#345=PLANE('',#7173);
#346=PLANE('',#7174);
#347=PLANE('',#7175);
#348=PLANE('',#7176);
#349=PLANE('',#7177);
#350=PLANE('',#7178);
#351=PLANE('',#7179);
#352=PLANE('',#7180);
#353=PLANE('',#7181);
#354=PLANE('',#7182);
#355=PLANE('',#7183);
#356=PLANE('',#7184);
#357=PLANE('',#7185);
#358=PLANE('',#7186);
#359=PLANE('',#7187);
#360=PLANE('',#7188);
#361=PLANE('',#7189);
#362=PLANE('',#7196);
#363=PLANE('',#7217);
#364=PLANE('',#7218);
#365=PLANE('',#7219);
#366=PLANE('',#7220);
#367=PLANE('',#7221);
#368=PLANE('',#7222);
#369=PLANE('',#7223);
#370=PLANE('',#7224);
#371=PLANE('',#7225);
#372=PLANE('',#7226);
#373=PLANE('',#7227);
#374=PLANE('',#7228);
#375=PLANE('',#7229);
#376=PLANE('',#7230);
#377=PLANE('',#7231);
#378=PLANE('',#7232);
#379=PLANE('',#7233);
#380=PLANE('',#7234);
#381=PLANE('',#7235);
#382=PLANE('',#7236);
#383=PLANE('',#7237);
#384=PLANE('',#7238);
#385=PLANE('',#7239);
#386=PLANE('',#7240);
#387=PLANE('',#7241);
#388=PLANE('',#7242);
#389=PLANE('',#7243);
#390=PLANE('',#7244);
#391=PLANE('',#7245);
#392=PLANE('',#7246);
#393=PLANE('',#7247);
#394=PLANE('',#7248);
#395=PLANE('',#7249);
#396=PLANE('',#7250);
#397=PLANE('',#7254);
#398=PLANE('',#7259);
#399=PLANE('',#7265);
#400=PLANE('',#7266);
#401=PLANE('',#7267);
#402=PLANE('',#7268);
#403=PLANE('',#7269);
#404=PLANE('',#7270);
#405=PLANE('',#7274);
#406=PLANE('',#7279);
#407=PLANE('',#7285);
#408=PLANE('',#7286);
#409=PLANE('',#7287);
#410=PLANE('',#7288);
#411=PLANE('',#7289);
#412=PLANE('',#7290);
#413=LINE('',#9111,#1264);
#414=LINE('',#9149,#1265);
#415=LINE('',#9155,#1266);
#416=LINE('',#9160,#1267);
#417=LINE('',#9162,#1268);
#418=LINE('',#9164,#1269);
#419=LINE('',#9166,#1270);
#420=LINE('',#9168,#1271);
#421=LINE('',#9170,#1272);
#422=LINE('',#9172,#1273);
#423=LINE('',#9174,#1274);
#424=LINE('',#9176,#1275);
#425=LINE('',#9178,#1276);
#426=LINE('',#9180,#1277);
#427=LINE('',#9182,#1278);
#428=LINE('',#9184,#1279);
#429=LINE('',#9186,#1280);
#430=LINE('',#9188,#1281);
#431=LINE('',#9190,#1282);
#432=LINE('',#9192,#1283);
#433=LINE('',#9194,#1284);
#434=LINE('',#9196,#1285);
#435=LINE('',#9198,#1286);
#436=LINE('',#9200,#1287);
#437=LINE('',#9202,#1288);
#438=LINE('',#9204,#1289);
#439=LINE('',#9206,#1290);
#440=LINE('',#9208,#1291);
#441=LINE('',#9210,#1292);
#442=LINE('',#9212,#1293);
#443=LINE('',#9213,#1294);
#444=LINE('',#9226,#1295);
#445=LINE('',#9230,#1296);
#446=LINE('',#9234,#1297);
#447=LINE('',#9238,#1298);
#448=LINE('',#9242,#1299);
#449=LINE('',#9246,#1300);
#450=LINE('',#9250,#1301);
#451=LINE('',#9266,#1302);
#452=LINE('',#9270,#1303);
#453=LINE('',#9274,#1304);
#454=LINE('',#9278,#1305);
#455=LINE('',#9283,#1306);
#456=LINE('',#9285,#1307);
#457=LINE('',#9287,#1308);
#458=LINE('',#9289,#1309);
#459=LINE('',#9291,#1310);
#460=LINE('',#9293,#1311);
#461=LINE('',#9295,#1312);
#462=LINE('',#9297,#1313);
#463=LINE('',#9299,#1314);
#464=LINE('',#9301,#1315);
#465=LINE('',#9303,#1316);
#466=LINE('',#9305,#1317);
#467=LINE('',#9307,#1318);
#468=LINE('',#9308,#1319);
#469=LINE('',#9313,#1320);
#470=LINE('',#9317,#1321);
#471=LINE('',#9321,#1322);
#472=LINE('',#9323,#1323);
#473=LINE('',#9325,#1324);
#474=LINE('',#9327,#1325);
#475=LINE('',#9328,#1326);
#476=LINE('',#9333,#1327);
#477=LINE('',#9337,#1328);
#478=LINE('',#9341,#1329);
#479=LINE('',#9343,#1330);
#480=LINE('',#9345,#1331);
#481=LINE('',#9347,#1332);
#482=LINE('',#9348,#1333);
#483=LINE('',#9356,#1334);
#484=LINE('',#9358,#1335);
#485=LINE('',#9361,#1336);
#486=LINE('',#9363,#1337);
#487=LINE('',#9365,#1338);
#488=LINE('',#9367,#1339);
#489=LINE('',#9369,#1340);
#490=LINE('',#9370,#1341);
#491=LINE('',#9373,#1342);
#492=LINE('',#9375,#1343);
#493=LINE('',#9377,#1344);
#494=LINE('',#9379,#1345);
#495=LINE('',#9380,#1346);
#496=LINE('',#9383,#1347);
#497=LINE('',#9384,#1348);
#498=LINE('',#9387,#1349);
#499=LINE('',#9389,#1350);
#500=LINE('',#9391,#1351);
#501=LINE('',#9393,#1352);
#502=LINE('',#9395,#1353);
#503=LINE('',#9397,#1354);
#504=LINE('',#9399,#1355);
#505=LINE('',#9401,#1356);
#506=LINE('',#9402,#1357);
#507=LINE('',#9405,#1358);
#508=LINE('',#9407,#1359);
#509=LINE('',#9409,#1360);
#510=LINE('',#9411,#1361);
#511=LINE('',#9413,#1362);
#512=LINE('',#9415,#1363);
#513=LINE('',#9417,#1364);
#514=LINE('',#9418,#1365);
#515=LINE('',#9421,#1366);
#516=LINE('',#9423,#1367);
#517=LINE('',#9424,#1368);
#518=LINE('',#9427,#1369);
#519=LINE('',#9429,#1370);
#520=LINE('',#9430,#1371);
#521=LINE('',#9433,#1372);
#522=LINE('',#9435,#1373);
#523=LINE('',#9437,#1374);
#524=LINE('',#9439,#1375);
#525=LINE('',#9440,#1376);
#526=LINE('',#9443,#1377);
#527=LINE('',#9444,#1378);
#528=LINE('',#9448,#1379);
#529=LINE('',#9449,#1380);
#530=LINE('',#9451,#1381);
#531=LINE('',#9453,#1382);
#532=LINE('',#9455,#1383);
#533=LINE('',#9456,#1384);
#534=LINE('',#9459,#1385);
#535=LINE('',#9461,#1386);
#536=LINE('',#9462,#1387);
#537=LINE('',#9465,#1388);
#538=LINE('',#9467,#1389);
#539=LINE('',#9469,#1390);
#540=LINE('',#9471,#1391);
#541=LINE('',#9473,#1392);
#542=LINE('',#9475,#1393);
#543=LINE('',#9477,#1394);
#544=LINE('',#9478,#1395);
#545=LINE('',#9481,#1396);
#546=LINE('',#9483,#1397);
#547=LINE('',#9485,#1398);
#548=LINE('',#9487,#1399);
#549=LINE('',#9489,#1400);
#550=LINE('',#9491,#1401);
#551=LINE('',#9493,#1402);
#552=LINE('',#9495,#1403);
#553=LINE('',#9496,#1404);
#554=LINE('',#9499,#1405);
#555=LINE('',#9501,#1406);
#556=LINE('',#9502,#1407);
#557=LINE('',#9504,#1408);
#558=LINE('',#9506,#1409);
#559=LINE('',#9508,#1410);
#560=LINE('',#9509,#1411);
#561=LINE('',#9513,#1412);
#562=LINE('',#9515,#1413);
#563=LINE('',#9519,#1414);
#564=LINE('',#9521,#1415);
#565=LINE('',#9523,#1416);
#566=LINE('',#9527,#1417);
#567=LINE('',#9528,#1418);
#568=LINE('',#9532,#1419);
#569=LINE('',#9534,#1420);
#570=LINE('',#9536,#1421);
#571=LINE('',#9538,#1422);
#572=LINE('',#9540,#1423);
#573=LINE('',#9541,#1424);
#574=LINE('',#9545,#1425);
#575=LINE('',#9547,#1426);
#576=LINE('',#9549,#1427);
#577=LINE('',#9551,#1428);
#578=LINE('',#9553,#1429);
#579=LINE('',#9554,#1430);
#580=LINE('',#9560,#1431);
#581=LINE('',#9562,#1432);
#582=LINE('',#9564,#1433);
#583=LINE('',#9566,#1434);
#584=LINE('',#9568,#1435);
#585=LINE('',#9569,#1436);
#586=LINE('',#9575,#1437);
#587=LINE('',#9577,#1438);
#588=LINE('',#9578,#1439);
#589=LINE('',#9580,#1440);
#590=LINE('',#9581,#1441);
#591=LINE('',#9585,#1442);
#592=LINE('',#9589,#1443);
#593=LINE('',#9591,#1444);
#594=LINE('',#9592,#1445);
#595=LINE('',#9593,#1446);
#596=LINE('',#9595,#1447);
#597=LINE('',#9597,#1448);
#598=LINE('',#9598,#1449);
#599=LINE('',#9601,#1450);
#600=LINE('',#9603,#1451);
#601=LINE('',#9605,#1452);
#602=LINE('',#9606,#1453);
#603=LINE('',#9609,#1454);
#604=LINE('',#9611,#1455);
#605=LINE('',#9612,#1456);
#606=LINE('',#9614,#1457);
#607=LINE('',#9615,#1458);
#608=LINE('',#9618,#1459);
#609=LINE('',#9619,#1460);
#610=LINE('',#9622,#1461);
#611=LINE('',#9623,#1462);
#612=LINE('',#9624,#1463);
#613=LINE('',#9627,#1464);
#614=LINE('',#9628,#1465);
#615=LINE('',#9631,#1466);
#616=LINE('',#9633,#1467);
#617=LINE('',#9635,#1468);
#618=LINE('',#9636,#1469);
#619=LINE('',#9638,#1470);
#620=LINE('',#9642,#1471);
#621=LINE('',#9643,#1472);
#622=LINE('',#9645,#1473);
#623=LINE('',#9649,#1474);
#624=LINE('',#9651,#1475);
#625=LINE('',#9655,#1476);
#626=LINE('',#9657,#1477);
#627=LINE('',#9659,#1478);
#628=LINE('',#9661,#1479);
#629=LINE('',#9663,#1480);
#630=LINE('',#9665,#1481);
#631=LINE('',#9666,#1482);
#632=LINE('',#9669,#1483);
#633=LINE('',#9670,#1484);
#634=LINE('',#9672,#1485);
#635=LINE('',#9674,#1486);
#636=LINE('',#9676,#1487);
#637=LINE('',#9680,#1488);
#638=LINE('',#9681,#1489);
#639=LINE('',#9683,#1490);
#640=LINE('',#9686,#1491);
#641=LINE('',#9687,#1492);
#642=LINE('',#9689,#1493);
#643=LINE('',#9691,#1494);
#644=LINE('',#9692,#1495);
#645=LINE('',#9694,#1496);
#646=LINE('',#9698,#1497);
#647=LINE('',#9700,#1498);
#648=LINE('',#9702,#1499);
#649=LINE('',#9704,#1500);
#650=LINE('',#9705,#1501);
#651=LINE('',#9707,#1502);
#652=LINE('',#9709,#1503);
#653=LINE('',#9710,#1504);
#654=LINE('',#9712,#1505);
#655=LINE('',#9714,#1506);
#656=LINE('',#9716,#1507);
#657=LINE('',#9718,#1508);
#658=LINE('',#9720,#1509);
#659=LINE('',#9722,#1510);
#660=LINE('',#9724,#1511);
#661=LINE('',#9726,#1512);
#662=LINE('',#9727,#1513);
#663=LINE('',#9729,#1514);
#664=LINE('',#9732,#1515);
#665=LINE('',#9733,#1516);
#666=LINE('',#9735,#1517);
#667=LINE('',#9738,#1518);
#668=LINE('',#9739,#1519);
#669=LINE('',#9741,#1520);
#670=LINE('',#9745,#1521);
#671=LINE('',#9747,#1522);
#672=LINE('',#9749,#1523);
#673=LINE('',#9750,#1524);
#674=LINE('',#9754,#1525);
#675=LINE('',#9756,#1526);
#676=LINE('',#9758,#1527);
#677=LINE('',#9760,#1528);
#678=LINE('',#9762,#1529);
#679=LINE('',#9764,#1530);
#680=LINE('',#9765,#1531);
#681=LINE('',#9767,#1532);
#682=LINE('',#9769,#1533);
#683=LINE('',#9770,#1534);
#684=LINE('',#9773,#1535);
#685=LINE('',#9775,#1536);
#686=LINE('',#9777,#1537);
#687=LINE('',#9779,#1538);
#688=LINE('',#9781,#1539);
#689=LINE('',#9783,#1540);
#690=LINE('',#9785,#1541);
#691=LINE('',#9787,#1542);
#692=LINE('',#9789,#1543);
#693=LINE('',#9790,#1544);
#694=LINE('',#9793,#1545);
#695=LINE('',#9795,#1546);
#696=LINE('',#9796,#1547);
#697=LINE('',#9798,#1548);
#698=LINE('',#9800,#1549);
#699=LINE('',#9801,#1550);
#700=LINE('',#9804,#1551);
#701=LINE('',#9806,#1552);
#702=LINE('',#9808,#1553);
#703=LINE('',#9809,#1554);
#704=LINE('',#9813,#1555);
#705=LINE('',#9816,#1556);
#706=LINE('',#9817,#1557);
#707=LINE('',#9820,#1558);
#708=LINE('',#9821,#1559);
#709=LINE('',#9823,#1560);
#710=LINE('',#9825,#1561);
#711=LINE('',#9826,#1562);
#712=LINE('',#9829,#1563);
#713=LINE('',#9830,#1564);
#714=LINE('',#9834,#1565);
#715=LINE('',#9836,#1566);
#716=LINE('',#9840,#1567);
#717=LINE('',#9841,#1568);
#718=LINE('',#9842,#1569);
#719=LINE('',#9845,#1570);
#720=LINE('',#9846,#1571);
#721=LINE('',#9849,#1572);
#722=LINE('',#9850,#1573);
#723=LINE('',#9853,#1574);
#724=LINE('',#9854,#1575);
#725=LINE('',#9857,#1576);
#726=LINE('',#9858,#1577);
#727=LINE('',#9861,#1578);
#728=LINE('',#9862,#1579);
#729=LINE('',#9865,#1580);
#730=LINE('',#9866,#1581);
#731=LINE('',#9869,#1582);
#732=LINE('',#9870,#1583);
#733=LINE('',#9873,#1584);
#734=LINE('',#9874,#1585);
#735=LINE('',#9877,#1586);
#736=LINE('',#9878,#1587);
#737=LINE('',#9881,#1588);
#738=LINE('',#9882,#1589);
#739=LINE('',#9885,#1590);
#740=LINE('',#9886,#1591);
#741=LINE('',#9889,#1592);
#742=LINE('',#9890,#1593);
#743=LINE('',#9893,#1594);
#744=LINE('',#9894,#1595);
#745=LINE('',#9897,#1596);
#746=LINE('',#9898,#1597);
#747=LINE('',#9901,#1598);
#748=LINE('',#9902,#1599);
#749=LINE('',#9904,#1600);
#750=LINE('',#9907,#1601);
#751=LINE('',#9908,#1602);
#752=LINE('',#9911,#1603);
#753=LINE('',#9912,#1604);
#754=LINE('',#9915,#1605);
#755=LINE('',#9916,#1606);
#756=LINE('',#9919,#1607);
#757=LINE('',#9920,#1608);
#758=LINE('',#9923,#1609);
#759=LINE('',#9924,#1610);
#760=LINE('',#9927,#1611);
#761=LINE('',#9928,#1612);
#762=LINE('',#9931,#1613);
#763=LINE('',#9932,#1614);
#764=LINE('',#9935,#1615);
#765=LINE('',#9936,#1616);
#766=LINE('',#9939,#1617);
#767=LINE('',#9940,#1618);
#768=LINE('',#9943,#1619);
#769=LINE('',#9944,#1620);
#770=LINE('',#9947,#1621);
#771=LINE('',#9948,#1622);
#772=LINE('',#9951,#1623);
#773=LINE('',#9952,#1624);
#774=LINE('',#9955,#1625);
#775=LINE('',#9956,#1626);
#776=LINE('',#9959,#1627);
#777=LINE('',#9960,#1628);
#778=LINE('',#9963,#1629);
#779=LINE('',#9964,#1630);
#780=LINE('',#9967,#1631);
#781=LINE('',#9968,#1632);
#782=LINE('',#9971,#1633);
#783=LINE('',#9972,#1634);
#784=LINE('',#9974,#1635);
#785=LINE('',#9978,#1636);
#786=LINE('',#9980,#1637);
#787=LINE('',#9982,#1638);
#788=LINE('',#9984,#1639);
#789=LINE('',#9986,#1640);
#790=LINE('',#9988,#1641);
#791=LINE('',#9990,#1642);
#792=LINE('',#9992,#1643);
#793=LINE('',#9994,#1644);
#794=LINE('',#9996,#1645);
#795=LINE('',#9998,#1646);
#796=LINE('',#10000,#1647);
#797=LINE('',#10002,#1648);
#798=LINE('',#10004,#1649);
#799=LINE('',#10006,#1650);
#800=LINE('',#10008,#1651);
#801=LINE('',#10010,#1652);
#802=LINE('',#10012,#1653);
#803=LINE('',#10014,#1654);
#804=LINE('',#10016,#1655);
#805=LINE('',#10017,#1656);
#806=LINE('',#10021,#1657);
#807=LINE('',#10022,#1658);
#808=LINE('',#10023,#1659);
#809=LINE('',#10026,#1660);
#810=LINE('',#10027,#1661);
#811=LINE('',#10030,#1662);
#812=LINE('',#10031,#1663);
#813=LINE('',#10034,#1664);
#814=LINE('',#10035,#1665);
#815=LINE('',#10038,#1666);
#816=LINE('',#10039,#1667);
#817=LINE('',#10042,#1668);
#818=LINE('',#10043,#1669);
#819=LINE('',#10046,#1670);
#820=LINE('',#10047,#1671);
#821=LINE('',#10050,#1672);
#822=LINE('',#10051,#1673);
#823=LINE('',#10054,#1674);
#824=LINE('',#10055,#1675);
#825=LINE('',#10058,#1676);
#826=LINE('',#10059,#1677);
#827=LINE('',#10062,#1678);
#828=LINE('',#10063,#1679);
#829=LINE('',#10066,#1680);
#830=LINE('',#10067,#1681);
#831=LINE('',#10070,#1682);
#832=LINE('',#10071,#1683);
#833=LINE('',#10074,#1684);
#834=LINE('',#10075,#1685);
#835=LINE('',#10078,#1686);
#836=LINE('',#10079,#1687);
#837=LINE('',#10082,#1688);
#838=LINE('',#10083,#1689);
#839=LINE('',#10085,#1690);
#840=LINE('',#10088,#1691);
#841=LINE('',#10089,#1692);
#842=LINE('',#10092,#1693);
#843=LINE('',#10093,#1694);
#844=LINE('',#10096,#1695);
#845=LINE('',#10097,#1696);
#846=LINE('',#10100,#1697);
#847=LINE('',#10101,#1698);
#848=LINE('',#10104,#1699);
#849=LINE('',#10105,#1700);
#850=LINE('',#10108,#1701);
#851=LINE('',#10109,#1702);
#852=LINE('',#10112,#1703);
#853=LINE('',#10113,#1704);
#854=LINE('',#10116,#1705);
#855=LINE('',#10117,#1706);
#856=LINE('',#10120,#1707);
#857=LINE('',#10121,#1708);
#858=LINE('',#10124,#1709);
#859=LINE('',#10125,#1710);
#860=LINE('',#10128,#1711);
#861=LINE('',#10129,#1712);
#862=LINE('',#10132,#1713);
#863=LINE('',#10133,#1714);
#864=LINE('',#10136,#1715);
#865=LINE('',#10137,#1716);
#866=LINE('',#10140,#1717);
#867=LINE('',#10141,#1718);
#868=LINE('',#10144,#1719);
#869=LINE('',#10145,#1720);
#870=LINE('',#10148,#1721);
#871=LINE('',#10149,#1722);
#872=LINE('',#10152,#1723);
#873=LINE('',#10153,#1724);
#874=LINE('',#10155,#1725);
#875=LINE('',#10158,#1726);
#876=LINE('',#10162,#1727);
#877=LINE('',#10164,#1728);
#878=LINE('',#10166,#1729);
#879=LINE('',#10167,#1730);
#880=LINE('',#10170,#1731);
#881=LINE('',#10172,#1732);
#882=LINE('',#10173,#1733);
#883=LINE('',#10176,#1734);
#884=LINE('',#10178,#1735);
#885=LINE('',#10179,#1736);
#886=LINE('',#10182,#1737);
#887=LINE('',#10184,#1738);
#888=LINE('',#10185,#1739);
#889=LINE('',#10188,#1740);
#890=LINE('',#10190,#1741);
#891=LINE('',#10191,#1742);
#892=LINE('',#10194,#1743);
#893=LINE('',#10196,#1744);
#894=LINE('',#10197,#1745);
#895=LINE('',#10200,#1746);
#896=LINE('',#10202,#1747);
#897=LINE('',#10203,#1748);
#898=LINE('',#10206,#1749);
#899=LINE('',#10208,#1750);
#900=LINE('',#10209,#1751);
#901=LINE('',#10212,#1752);
#902=LINE('',#10214,#1753);
#903=LINE('',#10215,#1754);
#904=LINE('',#10217,#1755);
#905=LINE('',#10219,#1756);
#906=LINE('',#10220,#1757);
#907=LINE('',#10223,#1758);
#908=LINE('',#10224,#1759);
#909=LINE('',#10227,#1760);
#910=LINE('',#10228,#1761);
#911=LINE('',#10231,#1762);
#912=LINE('',#10232,#1763);
#913=LINE('',#10235,#1764);
#914=LINE('',#10236,#1765);
#915=LINE('',#10239,#1766);
#916=LINE('',#10240,#1767);
#917=LINE('',#10243,#1768);
#918=LINE('',#10244,#1769);
#919=LINE('',#10246,#1770);
#920=LINE('',#10249,#1771);
#921=LINE('',#10250,#1772);
#922=LINE('',#10253,#1773);
#923=LINE('',#10254,#1774);
#924=LINE('',#10257,#1775);
#925=LINE('',#10258,#1776);
#926=LINE('',#10261,#1777);
#927=LINE('',#10262,#1778);
#928=LINE('',#10265,#1779);
#929=LINE('',#10266,#1780);
#930=LINE('',#10269,#1781);
#931=LINE('',#10270,#1782);
#932=LINE('',#10273,#1783);
#933=LINE('',#10274,#1784);
#934=LINE('',#10277,#1785);
#935=LINE('',#10279,#1786);
#936=LINE('',#10280,#1787);
#937=LINE('',#10283,#1788);
#938=LINE('',#10285,#1789);
#939=LINE('',#10286,#1790);
#940=LINE('',#10289,#1791);
#941=LINE('',#10291,#1792);
#942=LINE('',#10292,#1793);
#943=LINE('',#10295,#1794);
#944=LINE('',#10297,#1795);
#945=LINE('',#10298,#1796);
#946=LINE('',#10301,#1797);
#947=LINE('',#10303,#1798);
#948=LINE('',#10304,#1799);
#949=LINE('',#10307,#1800);
#950=LINE('',#10309,#1801);
#951=LINE('',#10310,#1802);
#952=LINE('',#10313,#1803);
#953=LINE('',#10315,#1804);
#954=LINE('',#10316,#1805);
#955=LINE('',#10319,#1806);
#956=LINE('',#10321,#1807);
#957=LINE('',#10322,#1808);
#958=LINE('',#10325,#1809);
#959=LINE('',#10327,#1810);
#960=LINE('',#10328,#1811);
#961=LINE('',#10331,#1812);
#962=LINE('',#10333,#1813);
#963=LINE('',#10334,#1814);
#964=LINE('',#10336,#1815);
#965=LINE('',#10337,#1816);
#966=LINE('',#10342,#1817);
#967=LINE('',#10344,#1818);
#968=LINE('',#10345,#1819);
#969=LINE('',#10348,#1820);
#970=LINE('',#10349,#1821);
#971=LINE('',#10352,#1822);
#972=LINE('',#10353,#1823);
#973=LINE('',#10356,#1824);
#974=LINE('',#10357,#1825);
#975=LINE('',#10360,#1826);
#976=LINE('',#10361,#1827);
#977=LINE('',#10364,#1828);
#978=LINE('',#10365,#1829);
#979=LINE('',#10368,#1830);
#980=LINE('',#10369,#1831);
#981=LINE('',#10372,#1832);
#982=LINE('',#10373,#1833);
#983=LINE('',#10376,#1834);
#984=LINE('',#10377,#1835);
#985=LINE('',#10380,#1836);
#986=LINE('',#10381,#1837);
#987=LINE('',#10384,#1838);
#988=LINE('',#10385,#1839);
#989=LINE('',#10388,#1840);
#990=LINE('',#10389,#1841);
#991=LINE('',#10392,#1842);
#992=LINE('',#10393,#1843);
#993=LINE('',#10396,#1844);
#994=LINE('',#10397,#1845);
#995=LINE('',#10400,#1846);
#996=LINE('',#10401,#1847);
#997=LINE('',#10404,#1848);
#998=LINE('',#10405,#1849);
#999=LINE('',#10407,#1850);
#1000=LINE('',#10409,#1851);
#1001=LINE('',#10411,#1852);
#1002=LINE('',#10412,#1853);
#1003=LINE('',#10415,#1854);
#1004=LINE('',#10416,#1855);
#1005=LINE('',#10419,#1856);
#1006=LINE('',#10420,#1857);
#1007=LINE('',#10423,#1858);
#1008=LINE('',#10424,#1859);
#1009=LINE('',#10427,#1860);
#1010=LINE('',#10428,#1861);
#1011=LINE('',#10431,#1862);
#1012=LINE('',#10432,#1863);
#1013=LINE('',#10435,#1864);
#1014=LINE('',#10436,#1865);
#1015=LINE('',#10439,#1866);
#1016=LINE('',#10440,#1867);
#1017=LINE('',#10443,#1868);
#1018=LINE('',#10444,#1869);
#1019=LINE('',#10447,#1870);
#1020=LINE('',#10448,#1871);
#1021=LINE('',#10451,#1872);
#1022=LINE('',#10452,#1873);
#1023=LINE('',#10455,#1874);
#1024=LINE('',#10456,#1875);
#1025=LINE('',#10459,#1876);
#1026=LINE('',#10460,#1877);
#1027=LINE('',#10463,#1878);
#1028=LINE('',#10464,#1879);
#1029=LINE('',#10467,#1880);
#1030=LINE('',#10468,#1881);
#1031=LINE('',#10471,#1882);
#1032=LINE('',#10472,#1883);
#1033=LINE('',#10475,#1884);
#1034=LINE('',#10476,#1885);
#1035=LINE('',#10478,#1886);
#1036=LINE('',#10486,#1887);
#1037=LINE('',#10490,#1888);
#1038=LINE('',#10495,#1889);
#1039=LINE('',#10497,#1890);
#1040=LINE('',#10499,#1891);
#1041=LINE('',#10501,#1892);
#1042=LINE('',#10503,#1893);
#1043=LINE('',#10505,#1894);
#1044=LINE('',#10507,#1895);
#1045=LINE('',#10509,#1896);
#1046=LINE('',#10511,#1897);
#1047=LINE('',#10513,#1898);
#1048=LINE('',#10515,#1899);
#1049=LINE('',#10517,#1900);
#1050=LINE('',#10519,#1901);
#1051=LINE('',#10521,#1902);
#1052=LINE('',#10523,#1903);
#1053=LINE('',#10525,#1904);
#1054=LINE('',#10527,#1905);
#1055=LINE('',#10528,#1906);
#1056=LINE('',#10532,#1907);
#1057=LINE('',#10536,#1908);
#1058=LINE('',#10540,#1909);
#1059=LINE('',#10543,#1910);
#1060=LINE('',#10546,#1911);
#1061=LINE('',#10549,#1912);
#1062=LINE('',#10552,#1913);
#1063=LINE('',#10555,#1914);
#1064=LINE('',#10558,#1915);
#1065=LINE('',#10561,#1916);
#1066=LINE('',#10564,#1917);
#1067=LINE('',#10567,#1918);
#1068=LINE('',#10570,#1919);
#1069=LINE('',#10572,#1920);
#1070=LINE('',#10576,#1921);
#1071=LINE('',#10578,#1922);
#1072=LINE('',#10582,#1923);
#1073=LINE('',#10584,#1924);
#1074=LINE('',#10587,#1925);
#1075=LINE('',#10588,#1926);
#1076=LINE('',#10590,#1927);
#1077=LINE('',#10591,#1928);
#1078=LINE('',#10593,#1929);
#1079=LINE('',#10596,#1930);
#1080=LINE('',#10597,#1931);
#1081=LINE('',#10600,#1932);
#1082=LINE('',#10601,#1933);
#1083=LINE('',#10603,#1934);
#1084=LINE('',#10604,#1935);
#1085=LINE('',#10609,#1936);
#1086=LINE('',#10611,#1937);
#1087=LINE('',#10613,#1938);
#1088=LINE('',#10614,#1939);
#1089=LINE('',#10618,#1940);
#1090=LINE('',#10620,#1941);
#1091=LINE('',#10622,#1942);
#1092=LINE('',#10623,#1943);
#1093=LINE('',#10625,#1944);
#1094=LINE('',#10626,#1945);
#1095=LINE('',#10628,#1946);
#1096=LINE('',#10629,#1947);
#1097=LINE('',#10631,#1948);
#1098=LINE('',#10633,#1949);
#1099=LINE('',#10635,#1950);
#1100=LINE('',#10636,#1951);
#1101=LINE('',#10638,#1952);
#1102=LINE('',#10643,#1953);
#1103=LINE('',#10645,#1954);
#1104=LINE('',#10647,#1955);
#1105=LINE('',#10648,#1956);
#1106=LINE('',#10652,#1957);
#1107=LINE('',#10654,#1958);
#1108=LINE('',#10656,#1959);
#1109=LINE('',#10657,#1960);
#1110=LINE('',#10659,#1961);
#1111=LINE('',#10660,#1962);
#1112=LINE('',#10662,#1963);
#1113=LINE('',#10663,#1964);
#1114=LINE('',#10665,#1965);
#1115=LINE('',#10667,#1966);
#1116=LINE('',#10669,#1967);
#1117=LINE('',#10670,#1968);
#1118=LINE('',#10672,#1969);
#1119=LINE('',#10677,#1970);
#1120=LINE('',#10678,#1971);
#1121=LINE('',#10681,#1972);
#1122=LINE('',#10682,#1973);
#1123=LINE('',#10684,#1974);
#1124=LINE('',#10687,#1975);
#1125=LINE('',#10689,#1976);
#1126=LINE('',#10690,#1977);
#1127=LINE('',#10691,#1978);
#1128=LINE('',#10693,#1979);
#1129=LINE('',#10695,#1980);
#1130=LINE('',#10697,#1981);
#1131=LINE('',#10699,#1982);
#1132=LINE('',#10702,#1983);
#1133=LINE('',#10705,#1984);
#1134=LINE('',#10712,#1985);
#1135=LINE('',#10717,#1986);
#1136=LINE('',#10721,#1987);
#1137=LINE('',#10723,#1988);
#1138=LINE('',#10725,#1989);
#1139=LINE('',#10727,#1990);
#1140=LINE('',#10729,#1991);
#1141=LINE('',#10731,#1992);
#1142=LINE('',#10733,#1993);
#1143=LINE('',#10735,#1994);
#1144=LINE('',#10737,#1995);
#1145=LINE('',#10739,#1996);
#1146=LINE('',#10741,#1997);
#1147=LINE('',#10743,#1998);
#1148=LINE('',#10745,#1999);
#1149=LINE('',#10747,#2000);
#1150=LINE('',#10749,#2001);
#1151=LINE('',#10751,#2002);
#1152=LINE('',#10753,#2003);
#1153=LINE('',#10754,#2004);
#1154=LINE('',#10758,#2005);
#1155=LINE('',#10762,#2006);
#1156=LINE('',#10766,#2007);
#1157=LINE('',#10769,#2008);
#1158=LINE('',#10772,#2009);
#1159=LINE('',#10775,#2010);
#1160=LINE('',#10778,#2011);
#1161=LINE('',#10781,#2012);
#1162=LINE('',#10784,#2013);
#1163=LINE('',#10787,#2014);
#1164=LINE('',#10790,#2015);
#1165=LINE('',#10793,#2016);
#1166=LINE('',#10796,#2017);
#1167=LINE('',#10798,#2018);
#1168=LINE('',#10802,#2019);
#1169=LINE('',#10804,#2020);
#1170=LINE('',#10808,#2021);
#1171=LINE('',#10810,#2022);
#1172=LINE('',#10813,#2023);
#1173=LINE('',#10814,#2024);
#1174=LINE('',#10816,#2025);
#1175=LINE('',#10817,#2026);
#1176=LINE('',#10819,#2027);
#1177=LINE('',#10821,#2028);
#1178=LINE('',#10823,#2029);
#1179=LINE('',#10826,#2030);
#1180=LINE('',#10827,#2031);
#1181=LINE('',#10832,#2032);
#1182=LINE('',#10834,#2033);
#1183=LINE('',#10836,#2034);
#1184=LINE('',#10837,#2035);
#1185=LINE('',#10840,#2036);
#1186=LINE('',#10842,#2037);
#1187=LINE('',#10843,#2038);
#1188=LINE('',#10846,#2039);
#1189=LINE('',#10848,#2040);
#1190=LINE('',#10849,#2041);
#1191=LINE('',#10851,#2042);
#1192=LINE('',#10852,#2043);
#1193=LINE('',#10854,#2044);
#1194=LINE('',#10855,#2045);
#1195=LINE('',#10858,#2046);
#1196=LINE('',#10860,#2047);
#1197=LINE('',#10861,#2048);
#1198=LINE('',#10866,#2049);
#1199=LINE('',#10868,#2050);
#1200=LINE('',#10870,#2051);
#1201=LINE('',#10871,#2052);
#1202=LINE('',#10874,#2053);
#1203=LINE('',#10876,#2054);
#1204=LINE('',#10877,#2055);
#1205=LINE('',#10880,#2056);
#1206=LINE('',#10882,#2057);
#1207=LINE('',#10883,#2058);
#1208=LINE('',#10885,#2059);
#1209=LINE('',#10886,#2060);
#1210=LINE('',#10888,#2061);
#1211=LINE('',#10889,#2062);
#1212=LINE('',#10892,#2063);
#1213=LINE('',#10894,#2064);
#1214=LINE('',#10895,#2065);
#1215=LINE('',#10900,#2066);
#1216=LINE('',#10901,#2067);
#1217=LINE('',#10904,#2068);
#1218=LINE('',#10905,#2069);
#1219=LINE('',#10908,#2070);
#1220=LINE('',#10909,#2071);
#1221=LINE('',#10912,#2072);
#1222=LINE('',#10913,#2073);
#1223=LINE('',#10914,#2074);
#1224=LINE('',#10916,#2075);
#1225=LINE('',#10917,#2076);
#1226=LINE('',#10919,#2077);
#1227=LINE('',#10921,#2078);
#1228=LINE('',#10923,#2079);
#1229=LINE('',#10925,#2080);
#1230=LINE('',#10928,#2081);
#1231=LINE('',#10931,#2082);
#1232=LINE('',#10937,#2083);
#1233=LINE('',#10946,#2084);
#1234=LINE('',#10953,#2085);
#1235=LINE('',#10957,#2086);
#1236=LINE('',#10962,#2087);
#1237=LINE('',#10964,#2088);
#1238=LINE('',#10966,#2089);
#1239=LINE('',#10967,#2090);
#1240=LINE('',#10970,#2091);
#1241=LINE('',#10972,#2092);
#1242=LINE('',#10973,#2093);
#1243=LINE('',#10976,#2094);
#1244=LINE('',#10978,#2095);
#1245=LINE('',#10979,#2096);
#1246=LINE('',#10981,#2097);
#1247=LINE('',#10982,#2098);
#1248=LINE('',#10989,#2099);
#1249=LINE('',#10998,#2100);
#1250=LINE('',#11005,#2101);
#1251=LINE('',#11009,#2102);
#1252=LINE('',#11014,#2103);
#1253=LINE('',#11016,#2104);
#1254=LINE('',#11018,#2105);
#1255=LINE('',#11019,#2106);
#1256=LINE('',#11022,#2107);
#1257=LINE('',#11024,#2108);
#1258=LINE('',#11025,#2109);
#1259=LINE('',#11028,#2110);
#1260=LINE('',#11030,#2111);
#1261=LINE('',#11031,#2112);
#1262=LINE('',#11033,#2113);
#1263=LINE('',#11034,#2114);
#1264=VECTOR('',#7311,2.);
#1265=VECTOR('',#7326,2.);
#1266=VECTOR('',#7333,2.4);
#1267=VECTOR('',#7338,10.);
#1268=VECTOR('',#7339,10.);
#1269=VECTOR('',#7340,10.);
#1270=VECTOR('',#7341,10.);
#1271=VECTOR('',#7342,10.);
#1272=VECTOR('',#7343,10.);
#1273=VECTOR('',#7344,10.);
#1274=VECTOR('',#7345,10.);
#1275=VECTOR('',#7346,10.);
#1276=VECTOR('',#7347,10.);
#1277=VECTOR('',#7348,10.);
#1278=VECTOR('',#7349,10.);
#1279=VECTOR('',#7350,10.);
#1280=VECTOR('',#7351,10.);
#1281=VECTOR('',#7352,10.);
#1282=VECTOR('',#7353,10.);
#1283=VECTOR('',#7354,10.);
#1284=VECTOR('',#7355,10.);
#1285=VECTOR('',#7356,10.);
#1286=VECTOR('',#7357,10.);
#1287=VECTOR('',#7358,10.);
#1288=VECTOR('',#7359,10.);
#1289=VECTOR('',#7360,10.);
#1290=VECTOR('',#7361,10.);
#1291=VECTOR('',#7362,10.);
#1292=VECTOR('',#7363,10.);
#1293=VECTOR('',#7364,10.);
#1294=VECTOR('',#7365,10.);
#1295=VECTOR('',#7378,2.1);
#1296=VECTOR('',#7383,2.4);
#1297=VECTOR('',#7388,2.1);
#1298=VECTOR('',#7393,2.4);
#1299=VECTOR('',#7398,2.1);
#1300=VECTOR('',#7403,2.4);
#1301=VECTOR('',#7408,2.1);
#1302=VECTOR('',#7429,1.6);
#1303=VECTOR('',#7434,1.6);
#1304=VECTOR('',#7439,1.6);
#1305=VECTOR('',#7444,1.6);
#1306=VECTOR('',#7449,10.);
#1307=VECTOR('',#7450,10.);
#1308=VECTOR('',#7451,10.);
#1309=VECTOR('',#7452,10.);
#1310=VECTOR('',#7453,10.);
#1311=VECTOR('',#7454,10.);
#1312=VECTOR('',#7455,10.);
#1313=VECTOR('',#7456,10.);
#1314=VECTOR('',#7457,10.);
#1315=VECTOR('',#7458,10.);
#1316=VECTOR('',#7459,10.);
#1317=VECTOR('',#7460,10.);
#1318=VECTOR('',#7461,10.);
#1319=VECTOR('',#7462,10.);
#1320=VECTOR('',#7467,5.6);
#1321=VECTOR('',#7472,5.1);
#1322=VECTOR('',#7477,10.);
#1323=VECTOR('',#7478,10.);
#1324=VECTOR('',#7479,10.);
#1325=VECTOR('',#7480,10.);
#1326=VECTOR('',#7481,10.);
#1327=VECTOR('',#7486,5.6);
#1328=VECTOR('',#7491,5.1);
#1329=VECTOR('',#7496,10.);
#1330=VECTOR('',#7497,10.);
#1331=VECTOR('',#7498,10.);
#1332=VECTOR('',#7499,10.);
#1333=VECTOR('',#7500,10.);
#1334=VECTOR('',#7511,3.15);
#1335=VECTOR('',#7514,3.15);
#1336=VECTOR('',#7517,10.);
#1337=VECTOR('',#7518,10.);
#1338=VECTOR('',#7519,10.);
#1339=VECTOR('',#7520,10.);
#1340=VECTOR('',#7521,10.);
#1341=VECTOR('',#7522,10.);
#1342=VECTOR('',#7525,10.);
#1343=VECTOR('',#7526,10.);
#1344=VECTOR('',#7527,10.);
#1345=VECTOR('',#7528,10.);
#1346=VECTOR('',#7529,10.);
#1347=VECTOR('',#7532,10.);
#1348=VECTOR('',#7533,10.);
#1349=VECTOR('',#7536,10.);
#1350=VECTOR('',#7537,10.);
#1351=VECTOR('',#7538,10.);
#1352=VECTOR('',#7539,10.);
#1353=VECTOR('',#7540,10.);
#1354=VECTOR('',#7541,10.);
#1355=VECTOR('',#7542,10.);
#1356=VECTOR('',#7543,10.);
#1357=VECTOR('',#7544,10.);
#1358=VECTOR('',#7547,10.);
#1359=VECTOR('',#7548,10.);
#1360=VECTOR('',#7549,10.);
#1361=VECTOR('',#7550,10.);
#1362=VECTOR('',#7551,10.);
#1363=VECTOR('',#7552,10.);
#1364=VECTOR('',#7553,10.);
#1365=VECTOR('',#7554,10.);
#1366=VECTOR('',#7557,10.);
#1367=VECTOR('',#7558,10.);
#1368=VECTOR('',#7559,10.);
#1369=VECTOR('',#7562,10.);
#1370=VECTOR('',#7563,10.);
#1371=VECTOR('',#7564,10.);
#1372=VECTOR('',#7567,10.);
#1373=VECTOR('',#7568,10.);
#1374=VECTOR('',#7569,10.);
#1375=VECTOR('',#7570,10.);
#1376=VECTOR('',#7571,10.);
#1377=VECTOR('',#7574,10.);
#1378=VECTOR('',#7575,10.);
#1379=VECTOR('',#7578,10.);
#1380=VECTOR('',#7579,10.);
#1381=VECTOR('',#7580,10.);
#1382=VECTOR('',#7581,10.);
#1383=VECTOR('',#7582,10.);
#1384=VECTOR('',#7583,10.);
#1385=VECTOR('',#7586,10.);
#1386=VECTOR('',#7587,10.);
#1387=VECTOR('',#7588,10.);
#1388=VECTOR('',#7591,10.);
#1389=VECTOR('',#7592,10.);
#1390=VECTOR('',#7593,10.);
#1391=VECTOR('',#7594,10.);
#1392=VECTOR('',#7595,10.);
#1393=VECTOR('',#7596,10.);
#1394=VECTOR('',#7597,10.);
#1395=VECTOR('',#7598,10.);
#1396=VECTOR('',#7601,10.);
#1397=VECTOR('',#7602,10.);
#1398=VECTOR('',#7603,10.);
#1399=VECTOR('',#7604,10.);
#1400=VECTOR('',#7605,10.);
#1401=VECTOR('',#7606,10.);
#1402=VECTOR('',#7607,10.);
#1403=VECTOR('',#7608,10.);
#1404=VECTOR('',#7609,10.);
#1405=VECTOR('',#7612,10.);
#1406=VECTOR('',#7613,10.);
#1407=VECTOR('',#7614,10.);
#1408=VECTOR('',#7617,10.);
#1409=VECTOR('',#7620,10.);
#1410=VECTOR('',#7623,10.);
#1411=VECTOR('',#7624,10.);
#1412=VECTOR('',#7629,10.);
#1413=VECTOR('',#7630,10.);
#1414=VECTOR('',#7633,10.);
#1415=VECTOR('',#7634,10.);
#1416=VECTOR('',#7635,10.);
#1417=VECTOR('',#7638,10.);
#1418=VECTOR('',#7639,10.);
#1419=VECTOR('',#7642,10.);
#1420=VECTOR('',#7643,10.);
#1421=VECTOR('',#7644,10.);
#1422=VECTOR('',#7645,10.);
#1423=VECTOR('',#7646,10.);
#1424=VECTOR('',#7647,10.);
#1425=VECTOR('',#7650,10.);
#1426=VECTOR('',#7651,10.);
#1427=VECTOR('',#7652,10.);
#1428=VECTOR('',#7653,10.);
#1429=VECTOR('',#7654,10.);
#1430=VECTOR('',#7655,10.);
#1431=VECTOR('',#7660,10.);
#1432=VECTOR('',#7661,10.);
#1433=VECTOR('',#7662,10.);
#1434=VECTOR('',#7663,10.);
#1435=VECTOR('',#7664,10.);
#1436=VECTOR('',#7665,10.);
#1437=VECTOR('',#7670,10.);
#1438=VECTOR('',#7671,10.);
#1439=VECTOR('',#7672,10.);
#1440=VECTOR('',#7673,10.);
#1441=VECTOR('',#7674,10.);
#1442=VECTOR('',#7677,10.);
#1443=VECTOR('',#7680,10.);
#1444=VECTOR('',#7681,10.);
#1445=VECTOR('',#7682,10.);
#1446=VECTOR('',#7683,10.);
#1447=VECTOR('',#7686,10.);
#1448=VECTOR('',#7687,10.);
#1449=VECTOR('',#7688,10.);
#1450=VECTOR('',#7691,10.);
#1451=VECTOR('',#7692,10.);
#1452=VECTOR('',#7693,10.);
#1453=VECTOR('',#7694,10.);
#1454=VECTOR('',#7697,10.);
#1455=VECTOR('',#7698,10.);
#1456=VECTOR('',#7699,10.);
#1457=VECTOR('',#7702,10.);
#1458=VECTOR('',#7703,10.);
#1459=VECTOR('',#7706,10.);
#1460=VECTOR('',#7707,10.);
#1461=VECTOR('',#7710,10.);
#1462=VECTOR('',#7711,10.);
#1463=VECTOR('',#7712,10.);
#1464=VECTOR('',#7715,10.);
#1465=VECTOR('',#7716,10.);
#1466=VECTOR('',#7719,10.);
#1467=VECTOR('',#7720,10.);
#1468=VECTOR('',#7721,10.);
#1469=VECTOR('',#7722,10.);
#1470=VECTOR('',#7725,10.);
#1471=VECTOR('',#7728,10.);
#1472=VECTOR('',#7729,10.);
#1473=VECTOR('',#7730,10.);
#1474=VECTOR('',#7733,10.);
#1475=VECTOR('',#7734,10.);
#1476=VECTOR('',#7739,10.);
#1477=VECTOR('',#7740,10.);
#1478=VECTOR('',#7741,10.);
#1479=VECTOR('',#7742,10.);
#1480=VECTOR('',#7743,10.);
#1481=VECTOR('',#7744,10.);
#1482=VECTOR('',#7745,10.);
#1483=VECTOR('',#7748,10.);
#1484=VECTOR('',#7749,10.);
#1485=VECTOR('',#7752,10.);
#1486=VECTOR('',#7755,10.);
#1487=VECTOR('',#7758,10.);
#1488=VECTOR('',#7763,10.);
#1489=VECTOR('',#7764,10.);
#1490=VECTOR('',#7767,10.);
#1491=VECTOR('',#7770,10.);
#1492=VECTOR('',#7771,10.);
#1493=VECTOR('',#7774,10.);
#1494=VECTOR('',#7777,10.);
#1495=VECTOR('',#7778,10.);
#1496=VECTOR('',#7781,10.);
#1497=VECTOR('',#7784,10.);
#1498=VECTOR('',#7785,10.);
#1499=VECTOR('',#7786,10.);
#1500=VECTOR('',#7787,10.);
#1501=VECTOR('',#7788,10.);
#1502=VECTOR('',#7789,10.);
#1503=VECTOR('',#7790,10.);
#1504=VECTOR('',#7791,10.);
#1505=VECTOR('',#7794,10.);
#1506=VECTOR('',#7795,10.);
#1507=VECTOR('',#7796,10.);
#1508=VECTOR('',#7797,10.);
#1509=VECTOR('',#7798,10.);
#1510=VECTOR('',#7799,10.);
#1511=VECTOR('',#7800,10.);
#1512=VECTOR('',#7801,10.);
#1513=VECTOR('',#7802,10.);
#1514=VECTOR('',#7805,10.);
#1515=VECTOR('',#7808,10.);
#1516=VECTOR('',#7809,10.);
#1517=VECTOR('',#7812,10.);
#1518=VECTOR('',#7815,10.);
#1519=VECTOR('',#7816,10.);
#1520=VECTOR('',#7819,10.);
#1521=VECTOR('',#7824,10.);
#1522=VECTOR('',#7825,10.);
#1523=VECTOR('',#7826,10.);
#1524=VECTOR('',#7827,10.);
#1525=VECTOR('',#7830,10.);
#1526=VECTOR('',#7831,10.);
#1527=VECTOR('',#7832,10.);
#1528=VECTOR('',#7833,10.);
#1529=VECTOR('',#7834,10.);
#1530=VECTOR('',#7835,10.);
#1531=VECTOR('',#7836,10.);
#1532=VECTOR('',#7837,10.);
#1533=VECTOR('',#7838,10.);
#1534=VECTOR('',#7839,10.);
#1535=VECTOR('',#7842,10.);
#1536=VECTOR('',#7843,10.);
#1537=VECTOR('',#7844,10.);
#1538=VECTOR('',#7845,10.);
#1539=VECTOR('',#7846,10.);
#1540=VECTOR('',#7847,10.);
#1541=VECTOR('',#7848,10.);
#1542=VECTOR('',#7849,10.);
#1543=VECTOR('',#7850,10.);
#1544=VECTOR('',#7851,10.);
#1545=VECTOR('',#7854,10.);
#1546=VECTOR('',#7855,10.);
#1547=VECTOR('',#7856,10.);
#1548=VECTOR('',#7857,10.);
#1549=VECTOR('',#7858,10.);
#1550=VECTOR('',#7859,10.);
#1551=VECTOR('',#7862,10.);
#1552=VECTOR('',#7863,10.);
#1553=VECTOR('',#7864,10.);
#1554=VECTOR('',#7865,10.);
#1555=VECTOR('',#7870,10.);
#1556=VECTOR('',#7873,10.);
#1557=VECTOR('',#7874,10.);
#1558=VECTOR('',#7877,10.);
#1559=VECTOR('',#7878,10.);
#1560=VECTOR('',#7879,10.);
#1561=VECTOR('',#7880,10.);
#1562=VECTOR('',#7881,10.);
#1563=VECTOR('',#7884,10.);
#1564=VECTOR('',#7885,10.);
#1565=VECTOR('',#7892,10.);
#1566=VECTOR('',#7895,10.);
#1567=VECTOR('',#7898,10.);
#1568=VECTOR('',#7899,10.);
#1569=VECTOR('',#7900,10.);
#1570=VECTOR('',#7903,10.);
#1571=VECTOR('',#7904,10.);
#1572=VECTOR('',#7907,10.);
#1573=VECTOR('',#7908,10.);
#1574=VECTOR('',#7911,10.);
#1575=VECTOR('',#7912,10.);
#1576=VECTOR('',#7915,10.);
#1577=VECTOR('',#7916,10.);
#1578=VECTOR('',#7919,10.);
#1579=VECTOR('',#7920,10.);
#1580=VECTOR('',#7923,10.);
#1581=VECTOR('',#7924,10.);
#1582=VECTOR('',#7927,10.);
#1583=VECTOR('',#7928,10.);
#1584=VECTOR('',#7931,10.);
#1585=VECTOR('',#7932,10.);
#1586=VECTOR('',#7935,10.);
#1587=VECTOR('',#7936,10.);
#1588=VECTOR('',#7939,10.);
#1589=VECTOR('',#7940,10.);
#1590=VECTOR('',#7943,10.);
#1591=VECTOR('',#7944,10.);
#1592=VECTOR('',#7947,10.);
#1593=VECTOR('',#7948,10.);
#1594=VECTOR('',#7951,10.);
#1595=VECTOR('',#7952,10.);
#1596=VECTOR('',#7955,10.);
#1597=VECTOR('',#7956,10.);
#1598=VECTOR('',#7959,10.);
#1599=VECTOR('',#7960,10.);
#1600=VECTOR('',#7963,10.);
#1601=VECTOR('',#7966,10.);
#1602=VECTOR('',#7967,10.);
#1603=VECTOR('',#7970,10.);
#1604=VECTOR('',#7971,10.);
#1605=VECTOR('',#7974,10.);
#1606=VECTOR('',#7975,10.);
#1607=VECTOR('',#7978,10.);
#1608=VECTOR('',#7979,10.);
#1609=VECTOR('',#7982,10.);
#1610=VECTOR('',#7983,10.);
#1611=VECTOR('',#7986,10.);
#1612=VECTOR('',#7987,10.);
#1613=VECTOR('',#7990,10.);
#1614=VECTOR('',#7991,10.);
#1615=VECTOR('',#7994,10.);
#1616=VECTOR('',#7995,10.);
#1617=VECTOR('',#7998,10.);
#1618=VECTOR('',#7999,10.);
#1619=VECTOR('',#8002,10.);
#1620=VECTOR('',#8003,10.);
#1621=VECTOR('',#8006,10.);
#1622=VECTOR('',#8007,10.);
#1623=VECTOR('',#8010,10.);
#1624=VECTOR('',#8011,10.);
#1625=VECTOR('',#8014,10.);
#1626=VECTOR('',#8015,10.);
#1627=VECTOR('',#8018,10.);
#1628=VECTOR('',#8019,10.);
#1629=VECTOR('',#8022,10.);
#1630=VECTOR('',#8023,10.);
#1631=VECTOR('',#8026,10.);
#1632=VECTOR('',#8027,10.);
#1633=VECTOR('',#8030,10.);
#1634=VECTOR('',#8031,10.);
#1635=VECTOR('',#8034,10.);
#1636=VECTOR('',#8039,10.);
#1637=VECTOR('',#8040,10.);
#1638=VECTOR('',#8041,10.);
#1639=VECTOR('',#8042,10.);
#1640=VECTOR('',#8043,10.);
#1641=VECTOR('',#8044,10.);
#1642=VECTOR('',#8045,10.);
#1643=VECTOR('',#8046,10.);
#1644=VECTOR('',#8047,10.);
#1645=VECTOR('',#8048,10.);
#1646=VECTOR('',#8049,10.);
#1647=VECTOR('',#8050,10.);
#1648=VECTOR('',#8051,10.);
#1649=VECTOR('',#8052,10.);
#1650=VECTOR('',#8053,10.);
#1651=VECTOR('',#8054,10.);
#1652=VECTOR('',#8055,10.);
#1653=VECTOR('',#8056,10.);
#1654=VECTOR('',#8057,10.);
#1655=VECTOR('',#8058,10.);
#1656=VECTOR('',#8059,10.);
#1657=VECTOR('',#8062,10.);
#1658=VECTOR('',#8063,10.);
#1659=VECTOR('',#8064,10.);
#1660=VECTOR('',#8067,10.);
#1661=VECTOR('',#8068,10.);
#1662=VECTOR('',#8071,10.);
#1663=VECTOR('',#8072,10.);
#1664=VECTOR('',#8075,10.);
#1665=VECTOR('',#8076,10.);
#1666=VECTOR('',#8079,10.);
#1667=VECTOR('',#8080,10.);
#1668=VECTOR('',#8083,10.);
#1669=VECTOR('',#8084,10.);
#1670=VECTOR('',#8087,10.);
#1671=VECTOR('',#8088,10.);
#1672=VECTOR('',#8091,10.);
#1673=VECTOR('',#8092,10.);
#1674=VECTOR('',#8095,10.);
#1675=VECTOR('',#8096,10.);
#1676=VECTOR('',#8099,10.);
#1677=VECTOR('',#8100,10.);
#1678=VECTOR('',#8103,10.);
#1679=VECTOR('',#8104,10.);
#1680=VECTOR('',#8107,10.);
#1681=VECTOR('',#8108,10.);
#1682=VECTOR('',#8111,10.);
#1683=VECTOR('',#8112,10.);
#1684=VECTOR('',#8115,10.);
#1685=VECTOR('',#8116,10.);
#1686=VECTOR('',#8119,10.);
#1687=VECTOR('',#8120,10.);
#1688=VECTOR('',#8123,10.);
#1689=VECTOR('',#8124,10.);
#1690=VECTOR('',#8127,10.);
#1691=VECTOR('',#8130,10.);
#1692=VECTOR('',#8131,10.);
#1693=VECTOR('',#8134,10.);
#1694=VECTOR('',#8135,10.);
#1695=VECTOR('',#8138,10.);
#1696=VECTOR('',#8139,10.);
#1697=VECTOR('',#8142,10.);
#1698=VECTOR('',#8143,10.);
#1699=VECTOR('',#8146,10.);
#1700=VECTOR('',#8147,10.);
#1701=VECTOR('',#8150,10.);
#1702=VECTOR('',#8151,10.);
#1703=VECTOR('',#8154,10.);
#1704=VECTOR('',#8155,10.);
#1705=VECTOR('',#8158,10.);
#1706=VECTOR('',#8159,10.);
#1707=VECTOR('',#8162,10.);
#1708=VECTOR('',#8163,10.);
#1709=VECTOR('',#8166,10.);
#1710=VECTOR('',#8167,10.);
#1711=VECTOR('',#8170,10.);
#1712=VECTOR('',#8171,10.);
#1713=VECTOR('',#8174,10.);
#1714=VECTOR('',#8175,10.);
#1715=VECTOR('',#8178,10.);
#1716=VECTOR('',#8179,10.);
#1717=VECTOR('',#8182,10.);
#1718=VECTOR('',#8183,10.);
#1719=VECTOR('',#8186,10.);
#1720=VECTOR('',#8187,10.);
#1721=VECTOR('',#8190,10.);
#1722=VECTOR('',#8191,10.);
#1723=VECTOR('',#8194,10.);
#1724=VECTOR('',#8195,10.);
#1725=VECTOR('',#8198,10.);
#1726=VECTOR('',#8203,10.);
#1727=VECTOR('',#8206,10.);
#1728=VECTOR('',#8207,10.);
#1729=VECTOR('',#8208,10.);
#1730=VECTOR('',#8209,10.);
#1731=VECTOR('',#8212,10.);
#1732=VECTOR('',#8213,10.);
#1733=VECTOR('',#8214,10.);
#1734=VECTOR('',#8217,10.);
#1735=VECTOR('',#8218,10.);
#1736=VECTOR('',#8219,10.);
#1737=VECTOR('',#8222,10.);
#1738=VECTOR('',#8223,10.);
#1739=VECTOR('',#8224,10.);
#1740=VECTOR('',#8227,10.);
#1741=VECTOR('',#8228,10.);
#1742=VECTOR('',#8229,10.);
#1743=VECTOR('',#8232,10.);
#1744=VECTOR('',#8233,10.);
#1745=VECTOR('',#8234,10.);
#1746=VECTOR('',#8237,10.);
#1747=VECTOR('',#8238,10.);
#1748=VECTOR('',#8239,10.);
#1749=VECTOR('',#8242,10.);
#1750=VECTOR('',#8243,10.);
#1751=VECTOR('',#8244,10.);
#1752=VECTOR('',#8247,10.);
#1753=VECTOR('',#8248,10.);
#1754=VECTOR('',#8249,10.);
#1755=VECTOR('',#8252,10.);
#1756=VECTOR('',#8253,10.);
#1757=VECTOR('',#8254,10.);
#1758=VECTOR('',#8257,10.);
#1759=VECTOR('',#8258,10.);
#1760=VECTOR('',#8261,10.);
#1761=VECTOR('',#8262,10.);
#1762=VECTOR('',#8265,10.);
#1763=VECTOR('',#8266,10.);
#1764=VECTOR('',#8269,10.);
#1765=VECTOR('',#8270,10.);
#1766=VECTOR('',#8273,10.);
#1767=VECTOR('',#8274,10.);
#1768=VECTOR('',#8277,10.);
#1769=VECTOR('',#8278,10.);
#1770=VECTOR('',#8281,10.);
#1771=VECTOR('',#8284,10.);
#1772=VECTOR('',#8285,10.);
#1773=VECTOR('',#8288,10.);
#1774=VECTOR('',#8289,10.);
#1775=VECTOR('',#8292,10.);
#1776=VECTOR('',#8293,10.);
#1777=VECTOR('',#8296,10.);
#1778=VECTOR('',#8297,10.);
#1779=VECTOR('',#8300,10.);
#1780=VECTOR('',#8301,10.);
#1781=VECTOR('',#8304,10.);
#1782=VECTOR('',#8305,10.);
#1783=VECTOR('',#8308,10.);
#1784=VECTOR('',#8309,10.);
#1785=VECTOR('',#8312,10.);
#1786=VECTOR('',#8313,10.);
#1787=VECTOR('',#8314,10.);
#1788=VECTOR('',#8317,10.);
#1789=VECTOR('',#8318,10.);
#1790=VECTOR('',#8319,10.);
#1791=VECTOR('',#8322,10.);
#1792=VECTOR('',#8323,10.);
#1793=VECTOR('',#8324,10.);
#1794=VECTOR('',#8327,10.);
#1795=VECTOR('',#8328,10.);
#1796=VECTOR('',#8329,10.);
#1797=VECTOR('',#8332,10.);
#1798=VECTOR('',#8333,10.);
#1799=VECTOR('',#8334,10.);
#1800=VECTOR('',#8337,10.);
#1801=VECTOR('',#8338,10.);
#1802=VECTOR('',#8339,10.);
#1803=VECTOR('',#8342,10.);
#1804=VECTOR('',#8343,10.);
#1805=VECTOR('',#8344,10.);
#1806=VECTOR('',#8347,10.);
#1807=VECTOR('',#8348,10.);
#1808=VECTOR('',#8349,10.);
#1809=VECTOR('',#8352,10.);
#1810=VECTOR('',#8353,10.);
#1811=VECTOR('',#8354,10.);
#1812=VECTOR('',#8357,10.);
#1813=VECTOR('',#8358,10.);
#1814=VECTOR('',#8359,10.);
#1815=VECTOR('',#8362,10.);
#1816=VECTOR('',#8363,10.);
#1817=VECTOR('',#8370,10.);
#1818=VECTOR('',#8371,10.);
#1819=VECTOR('',#8372,10.);
#1820=VECTOR('',#8375,10.);
#1821=VECTOR('',#8376,10.);
#1822=VECTOR('',#8379,10.);
#1823=VECTOR('',#8380,10.);
#1824=VECTOR('',#8383,10.);
#1825=VECTOR('',#8384,10.);
#1826=VECTOR('',#8387,10.);
#1827=VECTOR('',#8388,10.);
#1828=VECTOR('',#8391,10.);
#1829=VECTOR('',#8392,10.);
#1830=VECTOR('',#8395,10.);
#1831=VECTOR('',#8396,10.);
#1832=VECTOR('',#8399,10.);
#1833=VECTOR('',#8400,10.);
#1834=VECTOR('',#8403,10.);
#1835=VECTOR('',#8404,10.);
#1836=VECTOR('',#8407,10.);
#1837=VECTOR('',#8408,10.);
#1838=VECTOR('',#8411,10.);
#1839=VECTOR('',#8412,10.);
#1840=VECTOR('',#8415,10.);
#1841=VECTOR('',#8416,10.);
#1842=VECTOR('',#8419,10.);
#1843=VECTOR('',#8420,10.);
#1844=VECTOR('',#8423,10.);
#1845=VECTOR('',#8424,10.);
#1846=VECTOR('',#8427,10.);
#1847=VECTOR('',#8428,10.);
#1848=VECTOR('',#8431,10.);
#1849=VECTOR('',#8432,10.);
#1850=VECTOR('',#8435,10.);
#1851=VECTOR('',#8438,10.);
#1852=VECTOR('',#8439,10.);
#1853=VECTOR('',#8440,10.);
#1854=VECTOR('',#8443,10.);
#1855=VECTOR('',#8444,10.);
#1856=VECTOR('',#8447,10.);
#1857=VECTOR('',#8448,10.);
#1858=VECTOR('',#8451,10.);
#1859=VECTOR('',#8452,10.);
#1860=VECTOR('',#8455,10.);
#1861=VECTOR('',#8456,10.);
#1862=VECTOR('',#8459,10.);
#1863=VECTOR('',#8460,10.);
#1864=VECTOR('',#8463,10.);
#1865=VECTOR('',#8464,10.);
#1866=VECTOR('',#8467,10.);
#1867=VECTOR('',#8468,10.);
#1868=VECTOR('',#8471,10.);
#1869=VECTOR('',#8472,10.);
#1870=VECTOR('',#8475,10.);
#1871=VECTOR('',#8476,10.);
#1872=VECTOR('',#8479,10.);
#1873=VECTOR('',#8480,10.);
#1874=VECTOR('',#8483,10.);
#1875=VECTOR('',#8484,10.);
#1876=VECTOR('',#8487,10.);
#1877=VECTOR('',#8488,10.);
#1878=VECTOR('',#8491,10.);
#1879=VECTOR('',#8492,10.);
#1880=VECTOR('',#8495,10.);
#1881=VECTOR('',#8496,10.);
#1882=VECTOR('',#8499,10.);
#1883=VECTOR('',#8500,10.);
#1884=VECTOR('',#8503,10.);
#1885=VECTOR('',#8504,10.);
#1886=VECTOR('',#8507,10.);
#1887=VECTOR('',#8518,4.4);
#1888=VECTOR('',#8523,4.);
#1889=VECTOR('',#8528,10.);
#1890=VECTOR('',#8529,10.);
#1891=VECTOR('',#8530,10.);
#1892=VECTOR('',#8531,10.);
#1893=VECTOR('',#8532,10.);
#1894=VECTOR('',#8533,10.);
#1895=VECTOR('',#8534,10.);
#1896=VECTOR('',#8535,10.);
#1897=VECTOR('',#8536,10.);
#1898=VECTOR('',#8537,10.);
#1899=VECTOR('',#8538,10.);
#1900=VECTOR('',#8539,10.);
#1901=VECTOR('',#8540,10.);
#1902=VECTOR('',#8541,10.);
#1903=VECTOR('',#8542,10.);
#1904=VECTOR('',#8543,10.);
#1905=VECTOR('',#8544,10.);
#1906=VECTOR('',#8545,10.);
#1907=VECTOR('',#8548,10.);
#1908=VECTOR('',#8551,10.);
#1909=VECTOR('',#8556,10.);
#1910=VECTOR('',#8559,10.);
#1911=VECTOR('',#8562,10.);
#1912=VECTOR('',#8565,10.);
#1913=VECTOR('',#8568,10.);
#1914=VECTOR('',#8571,10.);
#1915=VECTOR('',#8574,10.);
#1916=VECTOR('',#8577,10.);
#1917=VECTOR('',#8580,10.);
#1918=VECTOR('',#8583,10.);
#1919=VECTOR('',#8586,10.);
#1920=VECTOR('',#8587,10.);
#1921=VECTOR('',#8592,10.);
#1922=VECTOR('',#8593,10.);
#1923=VECTOR('',#8598,10.);
#1924=VECTOR('',#8599,10.);
#1925=VECTOR('',#8604,10.);
#1926=VECTOR('',#8605,10.);
#1927=VECTOR('',#8608,10.);
#1928=VECTOR('',#8609,10.);
#1929=VECTOR('',#8612,10.);
#1930=VECTOR('',#8615,10.);
#1931=VECTOR('',#8616,10.);
#1932=VECTOR('',#8619,10.);
#1933=VECTOR('',#8620,10.);
#1934=VECTOR('',#8623,10.);
#1935=VECTOR('',#8624,10.);
#1936=VECTOR('',#8629,10.);
#1937=VECTOR('',#8630,10.);
#1938=VECTOR('',#8631,10.);
#1939=VECTOR('',#8632,10.);
#1940=VECTOR('',#8635,10.);
#1941=VECTOR('',#8636,10.);
#1942=VECTOR('',#8637,10.);
#1943=VECTOR('',#8638,10.);
#1944=VECTOR('',#8641,10.);
#1945=VECTOR('',#8642,10.);
#1946=VECTOR('',#8645,10.);
#1947=VECTOR('',#8646,10.);
#1948=VECTOR('',#8649,10.);
#1949=VECTOR('',#8650,10.);
#1950=VECTOR('',#8651,10.);
#1951=VECTOR('',#8652,10.);
#1952=VECTOR('',#8655,10.);
#1953=VECTOR('',#8660,10.);
#1954=VECTOR('',#8661,10.);
#1955=VECTOR('',#8662,10.);
#1956=VECTOR('',#8663,10.);
#1957=VECTOR('',#8666,10.);
#1958=VECTOR('',#8667,10.);
#1959=VECTOR('',#8668,10.);
#1960=VECTOR('',#8669,10.);
#1961=VECTOR('',#8672,10.);
#1962=VECTOR('',#8673,10.);
#1963=VECTOR('',#8676,10.);
#1964=VECTOR('',#8677,10.);
#1965=VECTOR('',#8680,10.);
#1966=VECTOR('',#8681,10.);
#1967=VECTOR('',#8682,10.);
#1968=VECTOR('',#8683,10.);
#1969=VECTOR('',#8686,10.);
#1970=VECTOR('',#8693,10.);
#1971=VECTOR('',#8694,10.);
#1972=VECTOR('',#8697,10.);
#1973=VECTOR('',#8698,10.);
#1974=VECTOR('',#8701,10.);
#1975=VECTOR('',#8704,10.);
#1976=VECTOR('',#8705,10.);
#1977=VECTOR('',#8706,10.);
#1978=VECTOR('',#8707,10.);
#1979=VECTOR('',#8710,10.);
#1980=VECTOR('',#8713,10.);
#1981=VECTOR('',#8716,10.);
#1982=VECTOR('',#8719,10.);
#1983=VECTOR('',#8724,10.);
#1984=VECTOR('',#8729,10.);
#1985=VECTOR('',#8738,4.4);
#1986=VECTOR('',#8745,4.);
#1987=VECTOR('',#8748,10.);
#1988=VECTOR('',#8749,10.);
#1989=VECTOR('',#8750,10.);
#1990=VECTOR('',#8751,10.);
#1991=VECTOR('',#8752,10.);
#1992=VECTOR('',#8753,10.);
#1993=VECTOR('',#8754,10.);
#1994=VECTOR('',#8755,10.);
#1995=VECTOR('',#8756,10.);
#1996=VECTOR('',#8757,10.);
#1997=VECTOR('',#8758,10.);
#1998=VECTOR('',#8759,10.);
#1999=VECTOR('',#8760,10.);
#2000=VECTOR('',#8761,10.);
#2001=VECTOR('',#8762,10.);
#2002=VECTOR('',#8763,10.);
#2003=VECTOR('',#8764,10.);
#2004=VECTOR('',#8765,10.);
#2005=VECTOR('',#8768,10.);
#2006=VECTOR('',#8771,10.);
#2007=VECTOR('',#8776,10.);
#2008=VECTOR('',#8779,10.);
#2009=VECTOR('',#8782,10.);
#2010=VECTOR('',#8785,10.);
#2011=VECTOR('',#8788,10.);
#2012=VECTOR('',#8791,10.);
#2013=VECTOR('',#8794,10.);
#2014=VECTOR('',#8797,10.);
#2015=VECTOR('',#8800,10.);
#2016=VECTOR('',#8803,10.);
#2017=VECTOR('',#8806,10.);
#2018=VECTOR('',#8807,10.);
#2019=VECTOR('',#8812,10.);
#2020=VECTOR('',#8813,10.);
#2021=VECTOR('',#8818,10.);
#2022=VECTOR('',#8819,10.);
#2023=VECTOR('',#8824,10.);
#2024=VECTOR('',#8825,10.);
#2025=VECTOR('',#8828,10.);
#2026=VECTOR('',#8829,10.);
#2027=VECTOR('',#8832,10.);
#2028=VECTOR('',#8835,10.);
#2029=VECTOR('',#8838,10.);
#2030=VECTOR('',#8841,10.);
#2031=VECTOR('',#8842,10.);
#2032=VECTOR('',#8847,10.);
#2033=VECTOR('',#8848,10.);
#2034=VECTOR('',#8849,10.);
#2035=VECTOR('',#8850,10.);
#2036=VECTOR('',#8853,10.);
#2037=VECTOR('',#8854,10.);
#2038=VECTOR('',#8855,10.);
#2039=VECTOR('',#8858,10.);
#2040=VECTOR('',#8859,10.);
#2041=VECTOR('',#8860,10.);
#2042=VECTOR('',#8863,10.);
#2043=VECTOR('',#8864,10.);
#2044=VECTOR('',#8867,10.);
#2045=VECTOR('',#8868,10.);
#2046=VECTOR('',#8871,10.);
#2047=VECTOR('',#8872,10.);
#2048=VECTOR('',#8873,10.);
#2049=VECTOR('',#8878,10.);
#2050=VECTOR('',#8879,10.);
#2051=VECTOR('',#8880,10.);
#2052=VECTOR('',#8881,10.);
#2053=VECTOR('',#8884,10.);
#2054=VECTOR('',#8885,10.);
#2055=VECTOR('',#8886,10.);
#2056=VECTOR('',#8889,10.);
#2057=VECTOR('',#8890,10.);
#2058=VECTOR('',#8891,10.);
#2059=VECTOR('',#8894,10.);
#2060=VECTOR('',#8895,10.);
#2061=VECTOR('',#8898,10.);
#2062=VECTOR('',#8899,10.);
#2063=VECTOR('',#8902,10.);
#2064=VECTOR('',#8903,10.);
#2065=VECTOR('',#8904,10.);
#2066=VECTOR('',#8911,10.);
#2067=VECTOR('',#8912,10.);
#2068=VECTOR('',#8915,10.);
#2069=VECTOR('',#8916,10.);
#2070=VECTOR('',#8919,10.);
#2071=VECTOR('',#8920,10.);
#2072=VECTOR('',#8923,10.);
#2073=VECTOR('',#8924,10.);
#2074=VECTOR('',#8925,10.);
#2075=VECTOR('',#8926,10.);
#2076=VECTOR('',#8927,10.);
#2077=VECTOR('',#8930,10.);
#2078=VECTOR('',#8933,10.);
#2079=VECTOR('',#8936,10.);
#2080=VECTOR('',#8939,10.);
#2081=VECTOR('',#8944,10.);
#2082=VECTOR('',#8949,10.);
#2083=VECTOR('',#8956,3.);
#2084=VECTOR('',#8967,3.);
#2085=VECTOR('',#8976,1.6);
#2086=VECTOR('',#8981,1.6);
#2087=VECTOR('',#8986,10.);
#2088=VECTOR('',#8987,10.);
#2089=VECTOR('',#8988,10.);
#2090=VECTOR('',#8989,10.);
#2091=VECTOR('',#8992,10.);
#2092=VECTOR('',#8993,10.);
#2093=VECTOR('',#8994,10.);
#2094=VECTOR('',#8997,10.);
#2095=VECTOR('',#8998,10.);
#2096=VECTOR('',#8999,10.);
#2097=VECTOR('',#9002,10.);
#2098=VECTOR('',#9003,10.);
#2099=VECTOR('',#9012,3.);
#2100=VECTOR('',#9023,3.);
#2101=VECTOR('',#9032,1.6);
#2102=VECTOR('',#9037,1.6);
#2103=VECTOR('',#9042,10.);
#2104=VECTOR('',#9043,10.);
#2105=VECTOR('',#9044,10.);
#2106=VECTOR('',#9045,10.);
#2107=VECTOR('',#9048,10.);
#2108=VECTOR('',#9049,10.);
#2109=VECTOR('',#9050,10.);
#2110=VECTOR('',#9053,10.);
#2111=VECTOR('',#9054,10.);
#2112=VECTOR('',#9055,10.);
#2113=VECTOR('',#9058,10.);
#2114=VECTOR('',#9059,10.);
#2115=CYLINDRICAL_SURFACE('',#6839,2.);
#2116=CYLINDRICAL_SURFACE('',#6845,2.);
#2117=CYLINDRICAL_SURFACE('',#6857,2.1);
#2118=CYLINDRICAL_SURFACE('',#6861,2.1);
#2119=CYLINDRICAL_SURFACE('',#6865,2.1);
#2120=CYLINDRICAL_SURFACE('',#6869,2.1);
#2121=CYLINDRICAL_SURFACE('',#6879,1.6);
#2122=CYLINDRICAL_SURFACE('',#6881,1.6);
#2123=CYLINDRICAL_SURFACE('',#6883,1.6);
#2124=CYLINDRICAL_SURFACE('',#6885,1.6);
#2125=CYLINDRICAL_SURFACE('',#6891,5.1);
#2126=CYLINDRICAL_SURFACE('',#6897,5.1);
#2127=CYLINDRICAL_SURFACE('',#6904,3.15);
#2128=CYLINDRICAL_SURFACE('',#6905,3.15);
#2129=CYLINDRICAL_SURFACE('',#6951,5.99999999997597);
#2130=CYLINDRICAL_SURFACE('',#6958,6.29999999997597);
#2131=CYLINDRICAL_SURFACE('',#6961,6.30000000000099);
#2132=CYLINDRICAL_SURFACE('',#6972,6.29999999997667);
#2133=CYLINDRICAL_SURFACE('',#6977,6.30000000002422);
#2134=CYLINDRICAL_SURFACE('',#7133,4.);
#2135=CYLINDRICAL_SURFACE('',#7136,1.);
#2136=CYLINDRICAL_SURFACE('',#7139,1.);
#2137=CYLINDRICAL_SURFACE('',#7141,1.);
#2138=CYLINDRICAL_SURFACE('',#7143,1.);
#2139=CYLINDRICAL_SURFACE('',#7145,1.);
#2140=CYLINDRICAL_SURFACE('',#7147,1.);
#2141=CYLINDRICAL_SURFACE('',#7149,1.);
#2142=CYLINDRICAL_SURFACE('',#7151,1.);
#2143=CYLINDRICAL_SURFACE('',#7153,1.);
#2144=CYLINDRICAL_SURFACE('',#7155,1.);
#2145=CYLINDRICAL_SURFACE('',#7194,4.);
#2146=CYLINDRICAL_SURFACE('',#7197,1.);
#2147=CYLINDRICAL_SURFACE('',#7200,1.);
#2148=CYLINDRICAL_SURFACE('',#7202,1.);
#2149=CYLINDRICAL_SURFACE('',#7204,1.);
#2150=CYLINDRICAL_SURFACE('',#7206,1.);
#2151=CYLINDRICAL_SURFACE('',#7208,1.);
#2152=CYLINDRICAL_SURFACE('',#7210,1.);
#2153=CYLINDRICAL_SURFACE('',#7212,1.);
#2154=CYLINDRICAL_SURFACE('',#7214,1.);
#2155=CYLINDRICAL_SURFACE('',#7216,1.);
#2156=CYLINDRICAL_SURFACE('',#7251,3.);
#2157=CYLINDRICAL_SURFACE('',#7256,3.);
#2158=CYLINDRICAL_SURFACE('',#7261,1.6);
#2159=CYLINDRICAL_SURFACE('',#7263,1.6);
#2160=CYLINDRICAL_SURFACE('',#7271,3.);
#2161=CYLINDRICAL_SURFACE('',#7276,3.);
#2162=CYLINDRICAL_SURFACE('',#7281,1.6);
#2163=CYLINDRICAL_SURFACE('',#7283,1.6);
#2164=FACE_OUTER_BOUND('',#2529,.T.);
#2165=FACE_OUTER_BOUND('',#2530,.T.);
#2166=FACE_OUTER_BOUND('',#2531,.T.);
#2167=FACE_OUTER_BOUND('',#2532,.T.);
#2168=FACE_OUTER_BOUND('',#2533,.T.);
#2169=FACE_OUTER_BOUND('',#2534,.T.);
#2170=FACE_OUTER_BOUND('',#2535,.T.);
#2171=FACE_OUTER_BOUND('',#2536,.T.);
#2172=FACE_OUTER_BOUND('',#2543,.T.);
#2173=FACE_OUTER_BOUND('',#2544,.T.);
#2174=FACE_OUTER_BOUND('',#2545,.T.);
#2175=FACE_OUTER_BOUND('',#2546,.T.);
#2176=FACE_OUTER_BOUND('',#2547,.T.);
#2177=FACE_OUTER_BOUND('',#2548,.T.);
#2178=FACE_OUTER_BOUND('',#2549,.T.);
#2179=FACE_OUTER_BOUND('',#2550,.T.);
#2180=FACE_OUTER_BOUND('',#2552,.T.);
#2181=FACE_OUTER_BOUND('',#2554,.T.);
#2182=FACE_OUTER_BOUND('',#2556,.T.);
#2183=FACE_OUTER_BOUND('',#2558,.T.);
#2184=FACE_OUTER_BOUND('',#2559,.T.);
#2185=FACE_OUTER_BOUND('',#2560,.T.);
#2186=FACE_OUTER_BOUND('',#2561,.T.);
#2187=FACE_OUTER_BOUND('',#2562,.T.);
#2188=FACE_OUTER_BOUND('',#2564,.T.);
#2189=FACE_OUTER_BOUND('',#2565,.T.);
#2190=FACE_OUTER_BOUND('',#2566,.T.);
#2191=FACE_OUTER_BOUND('',#2568,.T.);
#2192=FACE_OUTER_BOUND('',#2569,.T.);
#2193=FACE_OUTER_BOUND('',#2570,.T.);
#2194=FACE_OUTER_BOUND('',#2572,.T.);
#2195=FACE_OUTER_BOUND('',#2574,.T.);
#2196=FACE_OUTER_BOUND('',#2576,.T.);
#2197=FACE_OUTER_BOUND('',#2577,.T.);
#2198=FACE_OUTER_BOUND('',#2578,.T.);
#2199=FACE_OUTER_BOUND('',#2579,.T.);
#2200=FACE_OUTER_BOUND('',#2580,.T.);
#2201=FACE_OUTER_BOUND('',#2581,.T.);
#2202=FACE_OUTER_BOUND('',#2582,.T.);
#2203=FACE_OUTER_BOUND('',#2583,.T.);
#2204=FACE_OUTER_BOUND('',#2584,.T.);
#2205=FACE_OUTER_BOUND('',#2585,.T.);
#2206=FACE_OUTER_BOUND('',#2586,.T.);
#2207=FACE_OUTER_BOUND('',#2587,.T.);
#2208=FACE_OUTER_BOUND('',#2588,.T.);
#2209=FACE_OUTER_BOUND('',#2589,.T.);
#2210=FACE_OUTER_BOUND('',#2590,.T.);
#2211=FACE_OUTER_BOUND('',#2591,.T.);
#2212=FACE_OUTER_BOUND('',#2592,.T.);
#2213=FACE_OUTER_BOUND('',#2593,.T.);
#2214=FACE_OUTER_BOUND('',#2596,.T.);
#2215=FACE_OUTER_BOUND('',#2598,.T.);
#2216=FACE_OUTER_BOUND('',#2601,.T.);
#2217=FACE_OUTER_BOUND('',#2602,.T.);
#2218=FACE_OUTER_BOUND('',#2603,.T.);
#2219=FACE_OUTER_BOUND('',#2604,.T.);
#2220=FACE_OUTER_BOUND('',#2605,.T.);
#2221=FACE_OUTER_BOUND('',#2606,.T.);
#2222=FACE_OUTER_BOUND('',#2607,.T.);
#2223=FACE_OUTER_BOUND('',#2608,.T.);
#2224=FACE_OUTER_BOUND('',#2609,.T.);
#2225=FACE_OUTER_BOUND('',#2610,.T.);
#2226=FACE_OUTER_BOUND('',#2611,.T.);
#2227=FACE_OUTER_BOUND('',#2612,.T.);
#2228=FACE_OUTER_BOUND('',#2613,.T.);
#2229=FACE_OUTER_BOUND('',#2614,.T.);
#2230=FACE_OUTER_BOUND('',#2615,.T.);
#2231=FACE_OUTER_BOUND('',#2616,.T.);
#2232=FACE_OUTER_BOUND('',#2617,.T.);
#2233=FACE_OUTER_BOUND('',#2618,.T.);
#2234=FACE_OUTER_BOUND('',#2619,.T.);
#2235=FACE_OUTER_BOUND('',#2620,.T.);
#2236=FACE_OUTER_BOUND('',#2621,.T.);
#2237=FACE_OUTER_BOUND('',#2622,.T.);
#2238=FACE_OUTER_BOUND('',#2623,.T.);
#2239=FACE_OUTER_BOUND('',#2624,.T.);
#2240=FACE_OUTER_BOUND('',#2625,.T.);
#2241=FACE_OUTER_BOUND('',#2626,.T.);
#2242=FACE_OUTER_BOUND('',#2627,.T.);
#2243=FACE_OUTER_BOUND('',#2628,.T.);
#2244=FACE_OUTER_BOUND('',#2629,.T.);
#2245=FACE_OUTER_BOUND('',#2630,.T.);
#2246=FACE_OUTER_BOUND('',#2631,.T.);
#2247=FACE_OUTER_BOUND('',#2632,.T.);
#2248=FACE_OUTER_BOUND('',#2633,.T.);
#2249=FACE_OUTER_BOUND('',#2634,.T.);
#2250=FACE_OUTER_BOUND('',#2635,.T.);
#2251=FACE_OUTER_BOUND('',#2636,.T.);
#2252=FACE_OUTER_BOUND('',#2637,.T.);
#2253=FACE_OUTER_BOUND('',#2638,.T.);
#2254=FACE_OUTER_BOUND('',#2639,.T.);
#2255=FACE_OUTER_BOUND('',#2640,.T.);
#2256=FACE_OUTER_BOUND('',#2641,.T.);
#2257=FACE_OUTER_BOUND('',#2642,.T.);
#2258=FACE_OUTER_BOUND('',#2643,.T.);
#2259=FACE_OUTER_BOUND('',#2644,.T.);
#2260=FACE_OUTER_BOUND('',#2645,.T.);
#2261=FACE_OUTER_BOUND('',#2646,.T.);
#2262=FACE_OUTER_BOUND('',#2647,.T.);
#2263=FACE_OUTER_BOUND('',#2648,.T.);
#2264=FACE_OUTER_BOUND('',#2649,.T.);
#2265=FACE_OUTER_BOUND('',#2650,.T.);
#2266=FACE_OUTER_BOUND('',#2651,.T.);
#2267=FACE_OUTER_BOUND('',#2652,.T.);
#2268=FACE_OUTER_BOUND('',#2653,.T.);
#2269=FACE_OUTER_BOUND('',#2654,.T.);
#2270=FACE_OUTER_BOUND('',#2655,.T.);
#2271=FACE_OUTER_BOUND('',#2656,.T.);
#2272=FACE_OUTER_BOUND('',#2657,.T.);
#2273=FACE_OUTER_BOUND('',#2658,.T.);
#2274=FACE_OUTER_BOUND('',#2659,.T.);
#2275=FACE_OUTER_BOUND('',#2660,.T.);
#2276=FACE_OUTER_BOUND('',#2661,.T.);
#2277=FACE_OUTER_BOUND('',#2662,.T.);
#2278=FACE_OUTER_BOUND('',#2663,.T.);
#2279=FACE_OUTER_BOUND('',#2664,.T.);
#2280=FACE_OUTER_BOUND('',#2665,.T.);
#2281=FACE_OUTER_BOUND('',#2666,.T.);
#2282=FACE_OUTER_BOUND('',#2667,.T.);
#2283=FACE_OUTER_BOUND('',#2668,.T.);
#2284=FACE_OUTER_BOUND('',#2669,.T.);
#2285=FACE_OUTER_BOUND('',#2670,.T.);
#2286=FACE_OUTER_BOUND('',#2671,.T.);
#2287=FACE_OUTER_BOUND('',#2672,.T.);
#2288=FACE_OUTER_BOUND('',#2673,.T.);
#2289=FACE_OUTER_BOUND('',#2674,.T.);
#2290=FACE_OUTER_BOUND('',#2675,.T.);
#2291=FACE_OUTER_BOUND('',#2676,.T.);
#2292=FACE_OUTER_BOUND('',#2677,.T.);
#2293=FACE_OUTER_BOUND('',#2678,.T.);
#2294=FACE_OUTER_BOUND('',#2679,.T.);
#2295=FACE_OUTER_BOUND('',#2680,.T.);
#2296=FACE_OUTER_BOUND('',#2681,.T.);
#2297=FACE_OUTER_BOUND('',#2682,.T.);
#2298=FACE_OUTER_BOUND('',#2683,.T.);
#2299=FACE_OUTER_BOUND('',#2684,.T.);
#2300=FACE_OUTER_BOUND('',#2685,.T.);
#2301=FACE_OUTER_BOUND('',#2686,.T.);
#2302=FACE_OUTER_BOUND('',#2687,.T.);
#2303=FACE_OUTER_BOUND('',#2688,.T.);
#2304=FACE_OUTER_BOUND('',#2689,.T.);
#2305=FACE_OUTER_BOUND('',#2690,.T.);
#2306=FACE_OUTER_BOUND('',#2691,.T.);
#2307=FACE_OUTER_BOUND('',#2692,.T.);
#2308=FACE_OUTER_BOUND('',#2693,.T.);
#2309=FACE_OUTER_BOUND('',#2694,.T.);
#2310=FACE_OUTER_BOUND('',#2695,.T.);
#2311=FACE_OUTER_BOUND('',#2696,.T.);
#2312=FACE_OUTER_BOUND('',#2697,.T.);
#2313=FACE_OUTER_BOUND('',#2698,.T.);
#2314=FACE_OUTER_BOUND('',#2699,.T.);
#2315=FACE_OUTER_BOUND('',#2700,.T.);
#2316=FACE_OUTER_BOUND('',#2701,.T.);
#2317=FACE_OUTER_BOUND('',#2702,.T.);
#2318=FACE_OUTER_BOUND('',#2703,.T.);
#2319=FACE_OUTER_BOUND('',#2704,.T.);
#2320=FACE_OUTER_BOUND('',#2705,.T.);
#2321=FACE_OUTER_BOUND('',#2706,.T.);
#2322=FACE_OUTER_BOUND('',#2707,.T.);
#2323=FACE_OUTER_BOUND('',#2708,.T.);
#2324=FACE_OUTER_BOUND('',#2709,.T.);
#2325=FACE_OUTER_BOUND('',#2710,.T.);
#2326=FACE_OUTER_BOUND('',#2711,.T.);
#2327=FACE_OUTER_BOUND('',#2712,.T.);
#2328=FACE_OUTER_BOUND('',#2713,.T.);
#2329=FACE_OUTER_BOUND('',#2714,.T.);
#2330=FACE_OUTER_BOUND('',#2715,.T.);
#2331=FACE_OUTER_BOUND('',#2716,.T.);
#2332=FACE_OUTER_BOUND('',#2717,.T.);
#2333=FACE_OUTER_BOUND('',#2718,.T.);
#2334=FACE_OUTER_BOUND('',#2719,.T.);
#2335=FACE_OUTER_BOUND('',#2720,.T.);
#2336=FACE_OUTER_BOUND('',#2721,.T.);
#2337=FACE_OUTER_BOUND('',#2722,.T.);
#2338=FACE_OUTER_BOUND('',#2723,.T.);
#2339=FACE_OUTER_BOUND('',#2724,.T.);
#2340=FACE_OUTER_BOUND('',#2725,.T.);
#2341=FACE_OUTER_BOUND('',#2726,.T.);
#2342=FACE_OUTER_BOUND('',#2727,.T.);
#2343=FACE_OUTER_BOUND('',#2728,.T.);
#2344=FACE_OUTER_BOUND('',#2729,.T.);
#2345=FACE_OUTER_BOUND('',#2730,.T.);
#2346=FACE_OUTER_BOUND('',#2731,.T.);
#2347=FACE_OUTER_BOUND('',#2732,.T.);
#2348=FACE_OUTER_BOUND('',#2733,.T.);
#2349=FACE_OUTER_BOUND('',#2734,.T.);
#2350=FACE_OUTER_BOUND('',#2735,.T.);
#2351=FACE_OUTER_BOUND('',#2736,.T.);
#2352=FACE_OUTER_BOUND('',#2737,.T.);
#2353=FACE_OUTER_BOUND('',#2738,.T.);
#2354=FACE_OUTER_BOUND('',#2739,.T.);
#2355=FACE_OUTER_BOUND('',#2740,.T.);
#2356=FACE_OUTER_BOUND('',#2741,.T.);
#2357=FACE_OUTER_BOUND('',#2742,.T.);
#2358=FACE_OUTER_BOUND('',#2743,.T.);
#2359=FACE_OUTER_BOUND('',#2744,.T.);
#2360=FACE_OUTER_BOUND('',#2745,.T.);
#2361=FACE_OUTER_BOUND('',#2746,.T.);
#2362=FACE_OUTER_BOUND('',#2747,.T.);
#2363=FACE_OUTER_BOUND('',#2748,.T.);
#2364=FACE_OUTER_BOUND('',#2749,.T.);
#2365=FACE_OUTER_BOUND('',#2750,.T.);
#2366=FACE_OUTER_BOUND('',#2751,.T.);
#2367=FACE_OUTER_BOUND('',#2752,.T.);
#2368=FACE_OUTER_BOUND('',#2753,.T.);
#2369=FACE_OUTER_BOUND('',#2754,.T.);
#2370=FACE_OUTER_BOUND('',#2755,.T.);
#2371=FACE_OUTER_BOUND('',#2756,.T.);
#2372=FACE_OUTER_BOUND('',#2757,.T.);
#2373=FACE_OUTER_BOUND('',#2758,.T.);
#2374=FACE_OUTER_BOUND('',#2759,.T.);
#2375=FACE_OUTER_BOUND('',#2760,.T.);
#2376=FACE_OUTER_BOUND('',#2761,.T.);
#2377=FACE_OUTER_BOUND('',#2762,.T.);
#2378=FACE_OUTER_BOUND('',#2763,.T.);
#2379=FACE_OUTER_BOUND('',#2764,.T.);
#2380=FACE_OUTER_BOUND('',#2765,.T.);
#2381=FACE_OUTER_BOUND('',#2766,.T.);
#2382=FACE_OUTER_BOUND('',#2767,.T.);
#2383=FACE_OUTER_BOUND('',#2768,.T.);
#2384=FACE_OUTER_BOUND('',#2769,.T.);
#2385=FACE_OUTER_BOUND('',#2770,.T.);
#2386=FACE_OUTER_BOUND('',#2771,.T.);
#2387=FACE_OUTER_BOUND('',#2772,.T.);
#2388=FACE_OUTER_BOUND('',#2773,.T.);
#2389=FACE_OUTER_BOUND('',#2774,.T.);
#2390=FACE_OUTER_BOUND('',#2775,.T.);
#2391=FACE_OUTER_BOUND('',#2776,.T.);
#2392=FACE_OUTER_BOUND('',#2777,.T.);
#2393=FACE_OUTER_BOUND('',#2778,.T.);
#2394=FACE_OUTER_BOUND('',#2779,.T.);
#2395=FACE_OUTER_BOUND('',#2780,.T.);
#2396=FACE_OUTER_BOUND('',#2781,.T.);
#2397=FACE_OUTER_BOUND('',#2782,.T.);
#2398=FACE_OUTER_BOUND('',#2783,.T.);
#2399=FACE_OUTER_BOUND('',#2784,.T.);
#2400=FACE_OUTER_BOUND('',#2785,.T.);
#2401=FACE_OUTER_BOUND('',#2786,.T.);
#2402=FACE_OUTER_BOUND('',#2787,.T.);
#2403=FACE_OUTER_BOUND('',#2788,.T.);
#2404=FACE_OUTER_BOUND('',#2789,.T.);
#2405=FACE_OUTER_BOUND('',#2790,.T.);
#2406=FACE_OUTER_BOUND('',#2791,.T.);
#2407=FACE_OUTER_BOUND('',#2792,.T.);
#2408=FACE_OUTER_BOUND('',#2793,.T.);
#2409=FACE_OUTER_BOUND('',#2794,.T.);
#2410=FACE_OUTER_BOUND('',#2795,.T.);
#2411=FACE_OUTER_BOUND('',#2796,.T.);
#2412=FACE_OUTER_BOUND('',#2797,.T.);
#2413=FACE_OUTER_BOUND('',#2798,.T.);
#2414=FACE_OUTER_BOUND('',#2800,.T.);
#2415=FACE_OUTER_BOUND('',#2801,.T.);
#2416=FACE_OUTER_BOUND('',#2802,.T.);
#2417=FACE_OUTER_BOUND('',#2803,.T.);
#2418=FACE_OUTER_BOUND('',#2804,.T.);
#2419=FACE_OUTER_BOUND('',#2805,.T.);
#2420=FACE_OUTER_BOUND('',#2806,.T.);
#2421=FACE_OUTER_BOUND('',#2807,.T.);
#2422=FACE_OUTER_BOUND('',#2808,.T.);
#2423=FACE_OUTER_BOUND('',#2809,.T.);
#2424=FACE_OUTER_BOUND('',#2810,.T.);
#2425=FACE_OUTER_BOUND('',#2811,.T.);
#2426=FACE_OUTER_BOUND('',#2812,.T.);
#2427=FACE_OUTER_BOUND('',#2813,.T.);
#2428=FACE_OUTER_BOUND('',#2814,.T.);
#2429=FACE_OUTER_BOUND('',#2815,.T.);
#2430=FACE_OUTER_BOUND('',#2816,.T.);
#2431=FACE_OUTER_BOUND('',#2817,.T.);
#2432=FACE_OUTER_BOUND('',#2818,.T.);
#2433=FACE_OUTER_BOUND('',#2819,.T.);
#2434=FACE_OUTER_BOUND('',#2820,.T.);
#2435=FACE_OUTER_BOUND('',#2821,.T.);
#2436=FACE_OUTER_BOUND('',#2822,.T.);
#2437=FACE_OUTER_BOUND('',#2823,.T.);
#2438=FACE_OUTER_BOUND('',#2824,.T.);
#2439=FACE_OUTER_BOUND('',#2825,.T.);
#2440=FACE_OUTER_BOUND('',#2826,.T.);
#2441=FACE_OUTER_BOUND('',#2827,.T.);
#2442=FACE_OUTER_BOUND('',#2828,.T.);
#2443=FACE_OUTER_BOUND('',#2829,.T.);
#2444=FACE_OUTER_BOUND('',#2830,.T.);
#2445=FACE_OUTER_BOUND('',#2831,.T.);
#2446=FACE_OUTER_BOUND('',#2832,.T.);
#2447=FACE_OUTER_BOUND('',#2833,.T.);
#2448=FACE_OUTER_BOUND('',#2834,.T.);
#2449=FACE_OUTER_BOUND('',#2835,.T.);
#2450=FACE_OUTER_BOUND('',#2836,.T.);
#2451=FACE_OUTER_BOUND('',#2837,.T.);
#2452=FACE_OUTER_BOUND('',#2838,.T.);
#2453=FACE_OUTER_BOUND('',#2839,.T.);
#2454=FACE_OUTER_BOUND('',#2840,.T.);
#2455=FACE_OUTER_BOUND('',#2841,.T.);
#2456=FACE_OUTER_BOUND('',#2842,.T.);
#2457=FACE_OUTER_BOUND('',#2843,.T.);
#2458=FACE_OUTER_BOUND('',#2844,.T.);
#2459=FACE_OUTER_BOUND('',#2845,.T.);
#2460=FACE_OUTER_BOUND('',#2846,.T.);
#2461=FACE_OUTER_BOUND('',#2848,.T.);
#2462=FACE_OUTER_BOUND('',#2849,.T.);
#2463=FACE_OUTER_BOUND('',#2850,.T.);
#2464=FACE_OUTER_BOUND('',#2851,.T.);
#2465=FACE_OUTER_BOUND('',#2852,.T.);
#2466=FACE_OUTER_BOUND('',#2853,.T.);
#2467=FACE_OUTER_BOUND('',#2854,.T.);
#2468=FACE_OUTER_BOUND('',#2855,.T.);
#2469=FACE_OUTER_BOUND('',#2856,.T.);
#2470=FACE_OUTER_BOUND('',#2857,.T.);
#2471=FACE_OUTER_BOUND('',#2858,.T.);
#2472=FACE_OUTER_BOUND('',#2859,.T.);
#2473=FACE_OUTER_BOUND('',#2860,.T.);
#2474=FACE_OUTER_BOUND('',#2861,.T.);
#2475=FACE_OUTER_BOUND('',#2862,.T.);
#2476=FACE_OUTER_BOUND('',#2863,.T.);
#2477=FACE_OUTER_BOUND('',#2864,.T.);
#2478=FACE_OUTER_BOUND('',#2865,.T.);
#2479=FACE_OUTER_BOUND('',#2866,.T.);
#2480=FACE_OUTER_BOUND('',#2867,.T.);
#2481=FACE_OUTER_BOUND('',#2868,.T.);
#2482=FACE_OUTER_BOUND('',#2869,.T.);
#2483=FACE_OUTER_BOUND('',#2870,.T.);
#2484=FACE_OUTER_BOUND('',#2871,.T.);
#2485=FACE_OUTER_BOUND('',#2872,.T.);
#2486=FACE_OUTER_BOUND('',#2873,.T.);
#2487=FACE_OUTER_BOUND('',#2874,.T.);
#2488=FACE_OUTER_BOUND('',#2875,.T.);
#2489=FACE_OUTER_BOUND('',#2876,.T.);
#2490=FACE_OUTER_BOUND('',#2877,.T.);
#2491=FACE_OUTER_BOUND('',#2878,.T.);
#2492=FACE_OUTER_BOUND('',#2879,.T.);
#2493=FACE_OUTER_BOUND('',#2880,.T.);
#2494=FACE_OUTER_BOUND('',#2881,.T.);
#2495=FACE_OUTER_BOUND('',#2882,.T.);
#2496=FACE_OUTER_BOUND('',#2883,.T.);
#2497=FACE_OUTER_BOUND('',#2884,.T.);
#2498=FACE_OUTER_BOUND('',#2885,.T.);
#2499=FACE_OUTER_BOUND('',#2886,.T.);
#2500=FACE_OUTER_BOUND('',#2887,.T.);
#2501=FACE_OUTER_BOUND('',#2888,.T.);
#2502=FACE_OUTER_BOUND('',#2889,.T.);
#2503=FACE_OUTER_BOUND('',#2890,.T.);
#2504=FACE_OUTER_BOUND('',#2891,.T.);
#2505=FACE_OUTER_BOUND('',#2892,.T.);
#2506=FACE_OUTER_BOUND('',#2893,.T.);
#2507=FACE_OUTER_BOUND('',#2895,.T.);
#2508=FACE_OUTER_BOUND('',#2896,.T.);
#2509=FACE_OUTER_BOUND('',#2898,.T.);
#2510=FACE_OUTER_BOUND('',#2899,.T.);
#2511=FACE_OUTER_BOUND('',#2900,.T.);
#2512=FACE_OUTER_BOUND('',#2903,.T.);
#2513=FACE_OUTER_BOUND('',#2904,.T.);
#2514=FACE_OUTER_BOUND('',#2907,.T.);
#2515=FACE_OUTER_BOUND('',#2908,.T.);
#2516=FACE_OUTER_BOUND('',#2909,.T.);
#2517=FACE_OUTER_BOUND('',#2910,.T.);
#2518=FACE_OUTER_BOUND('',#2911,.T.);
#2519=FACE_OUTER_BOUND('',#2913,.T.);
#2520=FACE_OUTER_BOUND('',#2914,.T.);
#2521=FACE_OUTER_BOUND('',#2916,.T.);
#2522=FACE_OUTER_BOUND('',#2917,.T.);
#2523=FACE_OUTER_BOUND('',#2918,.T.);
#2524=FACE_OUTER_BOUND('',#2921,.T.);
#2525=FACE_OUTER_BOUND('',#2922,.T.);
#2526=FACE_OUTER_BOUND('',#2925,.T.);
#2527=FACE_OUTER_BOUND('',#2926,.T.);
#2528=FACE_OUTER_BOUND('',#2927,.T.);
#2529=EDGE_LOOP('',(#4542,#4543,#4544,#4545,#4546));
#2530=EDGE_LOOP('',(#4547,#4548,#4549,#4550,#4551));
#2531=EDGE_LOOP('',(#4552));
#2532=EDGE_LOOP('',(#4553,#4554,#4555,#4556));
#2533=EDGE_LOOP('',(#4557,#4558,#4559,#4560));
#2534=EDGE_LOOP('',(#4561));
#2535=EDGE_LOOP('',(#4562,#4563,#4564,#4565));
#2536=EDGE_LOOP('',(#4566,#4567,#4568,#4569,#4570,#4571,#4572,#4573,#4574,
#4575,#4576,#4577,#4578,#4579,#4580,#4581,#4582,#4583,#4584,#4585,#4586,
#4587,#4588,#4589,#4590,#4591,#4592,#4593));
#2537=EDGE_LOOP('',(#4594));
#2538=EDGE_LOOP('',(#4595));
#2539=EDGE_LOOP('',(#4596));
#2540=EDGE_LOOP('',(#4597));
#2541=EDGE_LOOP('',(#4598));
#2542=EDGE_LOOP('',(#4599));
#2543=EDGE_LOOP('',(#4600,#4601,#4602,#4603));
#2544=EDGE_LOOP('',(#4604,#4605,#4606,#4607));
#2545=EDGE_LOOP('',(#4608,#4609,#4610,#4611));
#2546=EDGE_LOOP('',(#4612,#4613,#4614,#4615));
#2547=EDGE_LOOP('',(#4616,#4617,#4618,#4619));
#2548=EDGE_LOOP('',(#4620,#4621,#4622,#4623));
#2549=EDGE_LOOP('',(#4624,#4625,#4626,#4627));
#2550=EDGE_LOOP('',(#4628));
#2551=EDGE_LOOP('',(#4629));
#2552=EDGE_LOOP('',(#4630));
#2553=EDGE_LOOP('',(#4631));
#2554=EDGE_LOOP('',(#4632));
#2555=EDGE_LOOP('',(#4633));
#2556=EDGE_LOOP('',(#4634));
#2557=EDGE_LOOP('',(#4635));
#2558=EDGE_LOOP('',(#4636,#4637,#4638,#4639));
#2559=EDGE_LOOP('',(#4640,#4641,#4642,#4643));
#2560=EDGE_LOOP('',(#4644,#4645,#4646,#4647));
#2561=EDGE_LOOP('',(#4648,#4649,#4650,#4651));
#2562=EDGE_LOOP('',(#4652,#4653,#4654,#4655,#4656,#4657,#4658,#4659,#4660,
#4661,#4662,#4663,#4664,#4665));
#2563=EDGE_LOOP('',(#4666));
#2564=EDGE_LOOP('',(#4667,#4668,#4669,#4670));
#2565=EDGE_LOOP('',(#4671,#4672,#4673,#4674));
#2566=EDGE_LOOP('',(#4675,#4676,#4677,#4678,#4679,#4680));
#2567=EDGE_LOOP('',(#4681));
#2568=EDGE_LOOP('',(#4682,#4683,#4684,#4685));
#2569=EDGE_LOOP('',(#4686,#4687,#4688,#4689));
#2570=EDGE_LOOP('',(#4690,#4691,#4692,#4693,#4694,#4695));
#2571=EDGE_LOOP('',(#4696));
#2572=EDGE_LOOP('',(#4697));
#2573=EDGE_LOOP('',(#4698));
#2574=EDGE_LOOP('',(#4699));
#2575=EDGE_LOOP('',(#4700));
#2576=EDGE_LOOP('',(#4701,#4702,#4703,#4704));
#2577=EDGE_LOOP('',(#4705,#4706,#4707,#4708));
#2578=EDGE_LOOP('',(#4709,#4710,#4711,#4712,#4713,#4714,#4715));
#2579=EDGE_LOOP('',(#4716,#4717,#4718,#4719,#4720,#4721,#4722));
#2580=EDGE_LOOP('',(#4723,#4724,#4725,#4726));
#2581=EDGE_LOOP('',(#4727,#4728,#4729,#4730,#4731,#4732,#4733,#4734,#4735));
#2582=EDGE_LOOP('',(#4736,#4737,#4738,#4739,#4740,#4741,#4742,#4743,#4744));
#2583=EDGE_LOOP('',(#4745,#4746,#4747,#4748));
#2584=EDGE_LOOP('',(#4749,#4750,#4751,#4752));
#2585=EDGE_LOOP('',(#4753,#4754,#4755,#4756,#4757,#4758,#4759));
#2586=EDGE_LOOP('',(#4760,#4761,#4762,#4763));
#2587=EDGE_LOOP('',(#4764,#4765,#4766,#4767,#4768,#4769,#4770));
#2588=EDGE_LOOP('',(#4771,#4772,#4773,#4774));
#2589=EDGE_LOOP('',(#4775,#4776,#4777,#4778,#4779,#4780,#4781,#4782,#4783));
#2590=EDGE_LOOP('',(#4784,#4785,#4786,#4787,#4788,#4789,#4790,#4791,#4792));
#2591=EDGE_LOOP('',(#4793,#4794,#4795,#4796));
#2592=EDGE_LOOP('',(#4797,#4798,#4799,#4800));
#2593=EDGE_LOOP('',(#4801,#4802,#4803,#4804));
#2594=EDGE_LOOP('',(#4805));
#2595=EDGE_LOOP('',(#4806));
#2596=EDGE_LOOP('',(#4807,#4808,#4809,#4810,#4811,#4812,#4813,#4814,#4815,
#4816,#4817,#4818,#4819,#4820));
#2597=EDGE_LOOP('',(#4821));
#2598=EDGE_LOOP('',(#4822,#4823,#4824,#4825));
#2599=EDGE_LOOP('',(#4826));
#2600=EDGE_LOOP('',(#4827));
#2601=EDGE_LOOP('',(#4828,#4829,#4830,#4831,#4832,#4833,#4834,#4835,#4836,
#4837,#4838,#4839));
#2602=EDGE_LOOP('',(#4840,#4841,#4842,#4843,#4844,#4845));
#2603=EDGE_LOOP('',(#4846,#4847,#4848,#4849,#4850,#4851));
#2604=EDGE_LOOP('',(#4852,#4853,#4854,#4855,#4856,#4857,#4858));
#2605=EDGE_LOOP('',(#4859,#4860,#4861,#4862,#4863,#4864,#4865));
#2606=EDGE_LOOP('',(#4866,#4867,#4868,#4869,#4870,#4871,#4872));
#2607=EDGE_LOOP('',(#4873,#4874,#4875,#4876,#4877));
#2608=EDGE_LOOP('',(#4878,#4879,#4880,#4881,#4882));
#2609=EDGE_LOOP('',(#4883,#4884,#4885,#4886,#4887));
#2610=EDGE_LOOP('',(#4888,#4889,#4890,#4891,#4892));
#2611=EDGE_LOOP('',(#4893,#4894,#4895,#4896,#4897));
#2612=EDGE_LOOP('',(#4898,#4899,#4900,#4901,#4902));
#2613=EDGE_LOOP('',(#4903,#4904,#4905,#4906,#4907));
#2614=EDGE_LOOP('',(#4908,#4909,#4910,#4911,#4912,#4913));
#2615=EDGE_LOOP('',(#4914,#4915,#4916,#4917,#4918));
#2616=EDGE_LOOP('',(#4919,#4920,#4921,#4922,#4923,#4924,#4925,#4926,#4927));
#2617=EDGE_LOOP('',(#4928,#4929,#4930,#4931,#4932,#4933,#4934,#4935,#4936));
#2618=EDGE_LOOP('',(#4937,#4938,#4939,#4940));
#2619=EDGE_LOOP('',(#4941,#4942,#4943));
#2620=EDGE_LOOP('',(#4944,#4945,#4946));
#2621=EDGE_LOOP('',(#4947,#4948,#4949,#4950,#4951));
#2622=EDGE_LOOP('',(#4952,#4953,#4954,#4955));
#2623=EDGE_LOOP('',(#4956,#4957,#4958));
#2624=EDGE_LOOP('',(#4959,#4960,#4961));
#2625=EDGE_LOOP('',(#4962,#4963,#4964));
#2626=EDGE_LOOP('',(#4965,#4966,#4967,#4968,#4969));
#2627=EDGE_LOOP('',(#4970,#4971,#4972,#4973));
#2628=EDGE_LOOP('',(#4974,#4975,#4976,#4977,#4978,#4979,#4980,#4981,#4982,
#4983,#4984,#4985));
#2629=EDGE_LOOP('',(#4986,#4987,#4988,#4989,#4990,#4991,#4992,#4993,#4994,
#4995,#4996,#4997));
#2630=EDGE_LOOP('',(#4998,#4999,#5000,#5001));
#2631=EDGE_LOOP('',(#5002,#5003,#5004,#5005,#5006));
#2632=EDGE_LOOP('',(#5007,#5008,#5009));
#2633=EDGE_LOOP('',(#5010,#5011,#5012));
#2634=EDGE_LOOP('',(#5013,#5014,#5015));
#2635=EDGE_LOOP('',(#5016,#5017,#5018));
#2636=EDGE_LOOP('',(#5019,#5020,#5021,#5022,#5023,#5024));
#2637=EDGE_LOOP('',(#5025,#5026,#5027,#5028,#5029,#5030,#5031,#5032,#5033,
#5034,#5035,#5036));
#2638=EDGE_LOOP('',(#5037,#5038,#5039,#5040,#5041,#5042,#5043,#5044,#5045,
#5046,#5047,#5048));
#2639=EDGE_LOOP('',(#5049,#5050,#5051,#5052,#5053,#5054));
#2640=EDGE_LOOP('',(#5055,#5056,#5057,#5058,#5059,#5060));
#2641=EDGE_LOOP('',(#5061,#5062,#5063,#5064));
#2642=EDGE_LOOP('',(#5065,#5066,#5067,#5068,#5069));
#2643=EDGE_LOOP('',(#5070,#5071,#5072,#5073,#5074,#5075));
#2644=EDGE_LOOP('',(#5076,#5077,#5078,#5079,#5080));
#2645=EDGE_LOOP('',(#5081,#5082,#5083,#5084));
#2646=EDGE_LOOP('',(#5085,#5086,#5087,#5088,#5089,#5090,#5091,#5092,#5093,
#5094,#5095,#5096));
#2647=EDGE_LOOP('',(#5097,#5098,#5099));
#2648=EDGE_LOOP('',(#5100,#5101,#5102,#5103,#5104));
#2649=EDGE_LOOP('',(#5105,#5106,#5107,#5108));
#2650=EDGE_LOOP('',(#5109,#5110,#5111,#5112));
#2651=EDGE_LOOP('',(#5113,#5114,#5115,#5116));
#2652=EDGE_LOOP('',(#5117,#5118,#5119,#5120,#5121));
#2653=EDGE_LOOP('',(#5122,#5123,#5124,#5125));
#2654=EDGE_LOOP('',(#5126,#5127,#5128,#5129));
#2655=EDGE_LOOP('',(#5130,#5131,#5132,#5133));
#2656=EDGE_LOOP('',(#5134,#5135,#5136,#5137));
#2657=EDGE_LOOP('',(#5138,#5139,#5140,#5141));
#2658=EDGE_LOOP('',(#5142,#5143,#5144,#5145,#5146));
#2659=EDGE_LOOP('',(#5147,#5148,#5149,#5150));
#2660=EDGE_LOOP('',(#5151,#5152,#5153,#5154));
#2661=EDGE_LOOP('',(#5155,#5156,#5157,#5158,#5159,#5160));
#2662=EDGE_LOOP('',(#5161,#5162,#5163,#5164));
#2663=EDGE_LOOP('',(#5165,#5166,#5167,#5168));
#2664=EDGE_LOOP('',(#5169,#5170,#5171,#5172,#5173));
#2665=EDGE_LOOP('',(#5174,#5175,#5176,#5177,#5178));
#2666=EDGE_LOOP('',(#5179,#5180,#5181,#5182));
#2667=EDGE_LOOP('',(#5183,#5184,#5185,#5186));
#2668=EDGE_LOOP('',(#5187,#5188,#5189,#5190,#5191,#5192));
#2669=EDGE_LOOP('',(#5193,#5194,#5195,#5196));
#2670=EDGE_LOOP('',(#5197,#5198,#5199,#5200));
#2671=EDGE_LOOP('',(#5201,#5202,#5203,#5204,#5205));
#2672=EDGE_LOOP('',(#5206,#5207,#5208,#5209));
#2673=EDGE_LOOP('',(#5210,#5211,#5212,#5213));
#2674=EDGE_LOOP('',(#5214,#5215,#5216,#5217));
#2675=EDGE_LOOP('',(#5218,#5219,#5220,#5221));
#2676=EDGE_LOOP('',(#5222,#5223,#5224,#5225));
#2677=EDGE_LOOP('',(#5226,#5227,#5228,#5229,#5230));
#2678=EDGE_LOOP('',(#5231,#5232,#5233,#5234));
#2679=EDGE_LOOP('',(#5235,#5236,#5237,#5238));
#2680=EDGE_LOOP('',(#5239,#5240,#5241,#5242));
#2681=EDGE_LOOP('',(#5243,#5244,#5245,#5246,#5247));
#2682=EDGE_LOOP('',(#5248,#5249,#5250,#5251));
#2683=EDGE_LOOP('',(#5252,#5253,#5254,#5255,#5256,#5257,#5258,#5259,#5260,
#5261,#5262,#5263,#5264,#5265,#5266,#5267,#5268,#5269,#5270,#5271,#5272,
#5273,#5274,#5275,#5276,#5277,#5278,#5279,#5280,#5281,#5282,#5283,#5284,
#5285,#5286,#5287));
#2684=EDGE_LOOP('',(#5288,#5289,#5290,#5291,#5292,#5293,#5294,#5295,#5296,
#5297,#5298,#5299,#5300,#5301,#5302,#5303,#5304,#5305,#5306,#5307,#5308,
#5309));
#2685=EDGE_LOOP('',(#5310,#5311,#5312,#5313));
#2686=EDGE_LOOP('',(#5314,#5315,#5316,#5317));
#2687=EDGE_LOOP('',(#5318,#5319,#5320,#5321));
#2688=EDGE_LOOP('',(#5322,#5323,#5324,#5325));
#2689=EDGE_LOOP('',(#5326,#5327,#5328,#5329));
#2690=EDGE_LOOP('',(#5330,#5331,#5332,#5333));
#2691=EDGE_LOOP('',(#5334,#5335,#5336,#5337));
#2692=EDGE_LOOP('',(#5338,#5339,#5340,#5341));
#2693=EDGE_LOOP('',(#5342,#5343,#5344,#5345));
#2694=EDGE_LOOP('',(#5346,#5347,#5348,#5349,#5350));
#2695=EDGE_LOOP('',(#5351,#5352,#5353,#5354));
#2696=EDGE_LOOP('',(#5355,#5356,#5357,#5358));
#2697=EDGE_LOOP('',(#5359,#5360,#5361,#5362));
#2698=EDGE_LOOP('',(#5363,#5364,#5365,#5366));
#2699=EDGE_LOOP('',(#5367,#5368,#5369,#5370));
#2700=EDGE_LOOP('',(#5371,#5372,#5373,#5374));
#2701=EDGE_LOOP('',(#5375,#5376,#5377,#5378,#5379));
#2702=EDGE_LOOP('',(#5380,#5381,#5382,#5383,#5384));
#2703=EDGE_LOOP('',(#5385,#5386,#5387,#5388));
#2704=EDGE_LOOP('',(#5389,#5390,#5391,#5392));
#2705=EDGE_LOOP('',(#5393,#5394,#5395,#5396));
#2706=EDGE_LOOP('',(#5397,#5398,#5399,#5400));
#2707=EDGE_LOOP('',(#5401,#5402,#5403,#5404));
#2708=EDGE_LOOP('',(#5405,#5406,#5407,#5408));
#2709=EDGE_LOOP('',(#5409,#5410,#5411,#5412,#5413));
#2710=EDGE_LOOP('',(#5414,#5415,#5416,#5417));
#2711=EDGE_LOOP('',(#5418,#5419,#5420,#5421));
#2712=EDGE_LOOP('',(#5422,#5423,#5424,#5425));
#2713=EDGE_LOOP('',(#5426,#5427,#5428,#5429));
#2714=EDGE_LOOP('',(#5430,#5431,#5432,#5433));
#2715=EDGE_LOOP('',(#5434,#5435,#5436,#5437));
#2716=EDGE_LOOP('',(#5438,#5439,#5440,#5441));
#2717=EDGE_LOOP('',(#5442,#5443,#5444,#5445));
#2718=EDGE_LOOP('',(#5446,#5447,#5448,#5449));
#2719=EDGE_LOOP('',(#5450,#5451,#5452,#5453));
#2720=EDGE_LOOP('',(#5454,#5455,#5456,#5457,#5458,#5459,#5460,#5461,#5462,
#5463,#5464,#5465,#5466,#5467,#5468,#5469,#5470,#5471,#5472,#5473,#5474,
#5475,#5476,#5477,#5478,#5479,#5480,#5481,#5482,#5483,#5484,#5485,#5486,
#5487,#5488,#5489));
#2721=EDGE_LOOP('',(#5490,#5491,#5492));
#2722=EDGE_LOOP('',(#5493,#5494,#5495,#5496));
#2723=EDGE_LOOP('',(#5497,#5498,#5499,#5500));
#2724=EDGE_LOOP('',(#5501,#5502,#5503,#5504));
#2725=EDGE_LOOP('',(#5505,#5506,#5507,#5508));
#2726=EDGE_LOOP('',(#5509,#5510,#5511,#5512));
#2727=EDGE_LOOP('',(#5513,#5514,#5515,#5516));
#2728=EDGE_LOOP('',(#5517,#5518,#5519,#5520));
#2729=EDGE_LOOP('',(#5521,#5522,#5523,#5524));
#2730=EDGE_LOOP('',(#5525,#5526,#5527,#5528));
#2731=EDGE_LOOP('',(#5529,#5530,#5531,#5532,#5533));
#2732=EDGE_LOOP('',(#5534,#5535,#5536,#5537));
#2733=EDGE_LOOP('',(#5538,#5539,#5540,#5541));
#2734=EDGE_LOOP('',(#5542,#5543,#5544,#5545));
#2735=EDGE_LOOP('',(#5546,#5547,#5548,#5549));
#2736=EDGE_LOOP('',(#5550,#5551,#5552,#5553));
#2737=EDGE_LOOP('',(#5554,#5555,#5556,#5557));
#2738=EDGE_LOOP('',(#5558,#5559,#5560,#5561,#5562));
#2739=EDGE_LOOP('',(#5563,#5564,#5565,#5566,#5567));
#2740=EDGE_LOOP('',(#5568,#5569,#5570,#5571));
#2741=EDGE_LOOP('',(#5572,#5573,#5574,#5575));
#2742=EDGE_LOOP('',(#5576,#5577,#5578,#5579));
#2743=EDGE_LOOP('',(#5580,#5581,#5582,#5583));
#2744=EDGE_LOOP('',(#5584,#5585,#5586,#5587));
#2745=EDGE_LOOP('',(#5588,#5589,#5590,#5591));
#2746=EDGE_LOOP('',(#5592,#5593,#5594,#5595,#5596));
#2747=EDGE_LOOP('',(#5597,#5598,#5599,#5600));
#2748=EDGE_LOOP('',(#5601,#5602,#5603,#5604));
#2749=EDGE_LOOP('',(#5605,#5606,#5607,#5608));
#2750=EDGE_LOOP('',(#5609,#5610,#5611,#5612));
#2751=EDGE_LOOP('',(#5613,#5614,#5615,#5616));
#2752=EDGE_LOOP('',(#5617,#5618,#5619,#5620));
#2753=EDGE_LOOP('',(#5621,#5622,#5623,#5624));
#2754=EDGE_LOOP('',(#5625,#5626,#5627,#5628));
#2755=EDGE_LOOP('',(#5629,#5630,#5631,#5632));
#2756=EDGE_LOOP('',(#5633,#5634,#5635,#5636));
#2757=EDGE_LOOP('',(#5637,#5638,#5639,#5640,#5641,#5642,#5643,#5644,#5645,
#5646,#5647,#5648,#5649,#5650,#5651,#5652,#5653,#5654,#5655,#5656,#5657,
#5658,#5659,#5660,#5661,#5662,#5663,#5664,#5665,#5666,#5667,#5668,#5669,
#5670,#5671,#5672));
#2758=EDGE_LOOP('',(#5673,#5674,#5675,#5676,#5677,#5678,#5679,#5680,#5681,
#5682,#5683,#5684,#5685,#5686,#5687,#5688,#5689,#5690,#5691,#5692,#5693,
#5694));
#2759=EDGE_LOOP('',(#5695,#5696,#5697,#5698,#5699));
#2760=EDGE_LOOP('',(#5700,#5701,#5702,#5703));
#2761=EDGE_LOOP('',(#5704,#5705,#5706,#5707));
#2762=EDGE_LOOP('',(#5708,#5709,#5710,#5711));
#2763=EDGE_LOOP('',(#5712,#5713,#5714,#5715,#5716));
#2764=EDGE_LOOP('',(#5717,#5718,#5719,#5720));
#2765=EDGE_LOOP('',(#5721,#5722,#5723,#5724));
#2766=EDGE_LOOP('',(#5725,#5726,#5727,#5728));
#2767=EDGE_LOOP('',(#5729,#5730,#5731,#5732));
#2768=EDGE_LOOP('',(#5733,#5734,#5735,#5736));
#2769=EDGE_LOOP('',(#5737,#5738,#5739,#5740,#5741));
#2770=EDGE_LOOP('',(#5742,#5743,#5744,#5745));
#2771=EDGE_LOOP('',(#5746,#5747,#5748,#5749));
#2772=EDGE_LOOP('',(#5750,#5751,#5752,#5753,#5754,#5755));
#2773=EDGE_LOOP('',(#5756,#5757,#5758,#5759));
#2774=EDGE_LOOP('',(#5760,#5761,#5762,#5763));
#2775=EDGE_LOOP('',(#5764,#5765,#5766,#5767,#5768));
#2776=EDGE_LOOP('',(#5769,#5770,#5771,#5772,#5773));
#2777=EDGE_LOOP('',(#5774,#5775,#5776,#5777));
#2778=EDGE_LOOP('',(#5778,#5779,#5780,#5781));
#2779=EDGE_LOOP('',(#5782,#5783,#5784,#5785,#5786,#5787));
#2780=EDGE_LOOP('',(#5788,#5789,#5790,#5791));
#2781=EDGE_LOOP('',(#5792,#5793,#5794,#5795));
#2782=EDGE_LOOP('',(#5796,#5797,#5798,#5799,#5800));
#2783=EDGE_LOOP('',(#5801,#5802,#5803,#5804));
#2784=EDGE_LOOP('',(#5805,#5806,#5807,#5808));
#2785=EDGE_LOOP('',(#5809,#5810,#5811,#5812));
#2786=EDGE_LOOP('',(#5813,#5814,#5815,#5816));
#2787=EDGE_LOOP('',(#5817,#5818,#5819,#5820));
#2788=EDGE_LOOP('',(#5821,#5822,#5823,#5824,#5825));
#2789=EDGE_LOOP('',(#5826,#5827,#5828,#5829));
#2790=EDGE_LOOP('',(#5830,#5831,#5832,#5833));
#2791=EDGE_LOOP('',(#5834,#5835,#5836,#5837));
#2792=EDGE_LOOP('',(#5838,#5839,#5840,#5841,#5842));
#2793=EDGE_LOOP('',(#5843,#5844,#5845,#5846));
#2794=EDGE_LOOP('',(#5847,#5848,#5849,#5850,#5851,#5852,#5853,#5854,#5855,
#5856,#5857,#5858,#5859,#5860,#5861,#5862,#5863,#5864,#5865,#5866,#5867,
#5868,#5869,#5870,#5871,#5872,#5873,#5874,#5875,#5876,#5877,#5878,#5879,
#5880,#5881,#5882));
#2795=EDGE_LOOP('',(#5883,#5884,#5885));
#2796=EDGE_LOOP('',(#5886,#5887,#5888,#5889));
#2797=EDGE_LOOP('',(#5890,#5891,#5892,#5893));
#2798=EDGE_LOOP('',(#5894,#5895,#5896,#5897,#5898,#5899,#5900,#5901,#5902,
#5903,#5904,#5905,#5906,#5907,#5908,#5909,#5910,#5911));
#2799=EDGE_LOOP('',(#5912));
#2800=EDGE_LOOP('',(#5913,#5914,#5915,#5916));
#2801=EDGE_LOOP('',(#5917,#5918,#5919,#5920));
#2802=EDGE_LOOP('',(#5921,#5922,#5923,#5924));
#2803=EDGE_LOOP('',(#5925,#5926,#5927,#5928));
#2804=EDGE_LOOP('',(#5929,#5930,#5931,#5932));
#2805=EDGE_LOOP('',(#5933,#5934,#5935,#5936));
#2806=EDGE_LOOP('',(#5937,#5938,#5939,#5940));
#2807=EDGE_LOOP('',(#5941,#5942,#5943,#5944));
#2808=EDGE_LOOP('',(#5945,#5946,#5947,#5948));
#2809=EDGE_LOOP('',(#5949,#5950,#5951,#5952));
#2810=EDGE_LOOP('',(#5953,#5954,#5955,#5956));
#2811=EDGE_LOOP('',(#5957,#5958,#5959,#5960));
#2812=EDGE_LOOP('',(#5961,#5962,#5963,#5964,#5965));
#2813=EDGE_LOOP('',(#5966,#5967,#5968,#5969));
#2814=EDGE_LOOP('',(#5970,#5971,#5972,#5973,#5974));
#2815=EDGE_LOOP('',(#5975,#5976,#5977,#5978,#5979,#5980,#5981,#5982,#5983,
#5984));
#2816=EDGE_LOOP('',(#5985,#5986,#5987,#5988));
#2817=EDGE_LOOP('',(#5989,#5990,#5991,#5992));
#2818=EDGE_LOOP('',(#5993,#5994,#5995,#5996));
#2819=EDGE_LOOP('',(#5997,#5998,#5999,#6000));
#2820=EDGE_LOOP('',(#6001,#6002,#6003,#6004,#6005,#6006));
#2821=EDGE_LOOP('',(#6007,#6008,#6009,#6010));
#2822=EDGE_LOOP('',(#6011,#6012,#6013,#6014));
#2823=EDGE_LOOP('',(#6015,#6016,#6017,#6018));
#2824=EDGE_LOOP('',(#6019,#6020,#6021,#6022));
#2825=EDGE_LOOP('',(#6023,#6024,#6025,#6026));
#2826=EDGE_LOOP('',(#6027,#6028,#6029,#6030));
#2827=EDGE_LOOP('',(#6031,#6032,#6033,#6034,#6035,#6036));
#2828=EDGE_LOOP('',(#6037,#6038,#6039,#6040));
#2829=EDGE_LOOP('',(#6041,#6042,#6043,#6044));
#2830=EDGE_LOOP('',(#6045));
#2831=EDGE_LOOP('',(#6046,#6047,#6048,#6049));
#2832=EDGE_LOOP('',(#6050,#6051,#6052,#6053));
#2833=EDGE_LOOP('',(#6054,#6055,#6056,#6057));
#2834=EDGE_LOOP('',(#6058,#6059,#6060,#6061,#6062,#6063,#6064,#6065,#6066,
#6067));
#2835=EDGE_LOOP('',(#6068,#6069,#6070,#6071));
#2836=EDGE_LOOP('',(#6072,#6073,#6074,#6075));
#2837=EDGE_LOOP('',(#6076,#6077,#6078,#6079));
#2838=EDGE_LOOP('',(#6080,#6081,#6082,#6083));
#2839=EDGE_LOOP('',(#6084,#6085,#6086,#6087));
#2840=EDGE_LOOP('',(#6088,#6089,#6090,#6091));
#2841=EDGE_LOOP('',(#6092,#6093,#6094,#6095,#6096,#6097));
#2842=EDGE_LOOP('',(#6098,#6099,#6100,#6101));
#2843=EDGE_LOOP('',(#6102,#6103,#6104,#6105,#6106,#6107));
#2844=EDGE_LOOP('',(#6108,#6109,#6110,#6111));
#2845=EDGE_LOOP('',(#6112,#6113,#6114,#6115));
#2846=EDGE_LOOP('',(#6116,#6117,#6118,#6119,#6120,#6121,#6122,#6123,#6124,
#6125,#6126,#6127,#6128,#6129,#6130,#6131,#6132,#6133));
#2847=EDGE_LOOP('',(#6134));
#2848=EDGE_LOOP('',(#6135,#6136,#6137,#6138));
#2849=EDGE_LOOP('',(#6139,#6140,#6141,#6142));
#2850=EDGE_LOOP('',(#6143,#6144,#6145,#6146));
#2851=EDGE_LOOP('',(#6147,#6148,#6149,#6150));
#2852=EDGE_LOOP('',(#6151,#6152,#6153,#6154));
#2853=EDGE_LOOP('',(#6155,#6156,#6157,#6158));
#2854=EDGE_LOOP('',(#6159,#6160,#6161,#6162));
#2855=EDGE_LOOP('',(#6163,#6164,#6165,#6166));
#2856=EDGE_LOOP('',(#6167,#6168,#6169,#6170));
#2857=EDGE_LOOP('',(#6171,#6172,#6173,#6174));
#2858=EDGE_LOOP('',(#6175,#6176,#6177,#6178));
#2859=EDGE_LOOP('',(#6179,#6180,#6181,#6182));
#2860=EDGE_LOOP('',(#6183,#6184,#6185,#6186));
#2861=EDGE_LOOP('',(#6187,#6188,#6189,#6190));
#2862=EDGE_LOOP('',(#6191,#6192,#6193,#6194,#6195));
#2863=EDGE_LOOP('',(#6196,#6197,#6198,#6199,#6200,#6201,#6202,#6203,#6204,
#6205));
#2864=EDGE_LOOP('',(#6206,#6207,#6208,#6209));
#2865=EDGE_LOOP('',(#6210,#6211,#6212,#6213));
#2866=EDGE_LOOP('',(#6214,#6215,#6216,#6217));
#2867=EDGE_LOOP('',(#6218,#6219,#6220,#6221));
#2868=EDGE_LOOP('',(#6222,#6223,#6224,#6225));
#2869=EDGE_LOOP('',(#6226,#6227,#6228,#6229,#6230,#6231));
#2870=EDGE_LOOP('',(#6232,#6233,#6234,#6235));
#2871=EDGE_LOOP('',(#6236,#6237,#6238,#6239));
#2872=EDGE_LOOP('',(#6240,#6241,#6242,#6243));
#2873=EDGE_LOOP('',(#6244,#6245,#6246,#6247));
#2874=EDGE_LOOP('',(#6248,#6249,#6250,#6251));
#2875=EDGE_LOOP('',(#6252,#6253,#6254,#6255));
#2876=EDGE_LOOP('',(#6256,#6257,#6258,#6259,#6260,#6261));
#2877=EDGE_LOOP('',(#6262,#6263,#6264,#6265));
#2878=EDGE_LOOP('',(#6266));
#2879=EDGE_LOOP('',(#6267,#6268,#6269,#6270));
#2880=EDGE_LOOP('',(#6271,#6272,#6273,#6274));
#2881=EDGE_LOOP('',(#6275,#6276,#6277,#6278));
#2882=EDGE_LOOP('',(#6279,#6280,#6281,#6282,#6283,#6284,#6285,#6286,#6287,
#6288));
#2883=EDGE_LOOP('',(#6289,#6290,#6291,#6292));
#2884=EDGE_LOOP('',(#6293,#6294,#6295,#6296,#6297));
#2885=EDGE_LOOP('',(#6298,#6299,#6300,#6301));
#2886=EDGE_LOOP('',(#6302,#6303,#6304,#6305));
#2887=EDGE_LOOP('',(#6306,#6307,#6308,#6309));
#2888=EDGE_LOOP('',(#6310,#6311,#6312,#6313,#6314,#6315));
#2889=EDGE_LOOP('',(#6316,#6317,#6318,#6319));
#2890=EDGE_LOOP('',(#6320,#6321,#6322,#6323));
#2891=EDGE_LOOP('',(#6324,#6325,#6326,#6327,#6328,#6329));
#2892=EDGE_LOOP('',(#6330,#6331,#6332,#6333));
#2893=EDGE_LOOP('',(#6334));
#2894=EDGE_LOOP('',(#6335));
#2895=EDGE_LOOP('',(#6336,#6337,#6338,#6339));
#2896=EDGE_LOOP('',(#6340));
#2897=EDGE_LOOP('',(#6341));
#2898=EDGE_LOOP('',(#6342,#6343,#6344,#6345));
#2899=EDGE_LOOP('',(#6346,#6347,#6348,#6349));
#2900=EDGE_LOOP('',(#6350,#6351,#6352,#6353));
#2901=EDGE_LOOP('',(#6354));
#2902=EDGE_LOOP('',(#6355));
#2903=EDGE_LOOP('',(#6356,#6357,#6358,#6359));
#2904=EDGE_LOOP('',(#6360,#6361,#6362,#6363));
#2905=EDGE_LOOP('',(#6364));
#2906=EDGE_LOOP('',(#6365));
#2907=EDGE_LOOP('',(#6366,#6367,#6368,#6369));
#2908=EDGE_LOOP('',(#6370,#6371,#6372,#6373));
#2909=EDGE_LOOP('',(#6374,#6375,#6376,#6377));
#2910=EDGE_LOOP('',(#6378,#6379,#6380,#6381));
#2911=EDGE_LOOP('',(#6382));
#2912=EDGE_LOOP('',(#6383));
#2913=EDGE_LOOP('',(#6384,#6385,#6386,#6387));
#2914=EDGE_LOOP('',(#6388));
#2915=EDGE_LOOP('',(#6389));
#2916=EDGE_LOOP('',(#6390,#6391,#6392,#6393));
#2917=EDGE_LOOP('',(#6394,#6395,#6396,#6397));
#2918=EDGE_LOOP('',(#6398,#6399,#6400,#6401));
#2919=EDGE_LOOP('',(#6402));
#2920=EDGE_LOOP('',(#6403));
#2921=EDGE_LOOP('',(#6404,#6405,#6406,#6407));
#2922=EDGE_LOOP('',(#6408,#6409,#6410,#6411));
#2923=EDGE_LOOP('',(#6412));
#2924=EDGE_LOOP('',(#6413));
#2925=EDGE_LOOP('',(#6414,#6415,#6416,#6417));
#2926=EDGE_LOOP('',(#6418,#6419,#6420,#6421));
#2927=EDGE_LOOP('',(#6422,#6423,#6424,#6425));
#2928=CIRCLE('',#6835,1.);
#2929=CIRCLE('',#6836,1.);
#2930=CIRCLE('',#6837,2.);
#2931=CIRCLE('',#6838,2.);
#2932=CIRCLE('',#6840,2.);
#2933=CIRCLE('',#6842,1.);
#2934=CIRCLE('',#6843,1.);
#2935=CIRCLE('',#6844,2.);
#2936=CIRCLE('',#6846,2.);
#2937=CIRCLE('',#6849,2.7);
#2938=CIRCLE('',#6850,2.1);
#2939=CIRCLE('',#6852,2.7);
#2940=CIRCLE('',#6853,2.7);
#2941=CIRCLE('',#6854,3.15);
#2942=CIRCLE('',#6855,3.15);
#2943=CIRCLE('',#6856,2.7);
#2944=CIRCLE('',#6858,2.1);
#2945=CIRCLE('',#6860,2.1);
#2946=CIRCLE('',#6862,2.1);
#2947=CIRCLE('',#6864,2.1);
#2948=CIRCLE('',#6866,2.1);
#2949=CIRCLE('',#6868,2.1);
#2950=CIRCLE('',#6870,2.1);
#2951=CIRCLE('',#6872,1.6);
#2952=CIRCLE('',#6874,1.6);
#2953=CIRCLE('',#6876,1.6);
#2954=CIRCLE('',#6878,1.6);
#2955=CIRCLE('',#6880,1.6);
#2956=CIRCLE('',#6882,1.6);
#2957=CIRCLE('',#6884,1.6);
#2958=CIRCLE('',#6886,1.6);
#2959=CIRCLE('',#6889,6.1);
#2960=CIRCLE('',#6890,5.1);
#2961=CIRCLE('',#6892,5.1);
#2962=CIRCLE('',#6895,6.1);
#2963=CIRCLE('',#6896,5.1);
#2964=CIRCLE('',#6898,5.1);
#2965=CIRCLE('',#6901,3.15);
#2966=CIRCLE('',#6903,3.15);
#2967=CIRCLE('',#6925,6.29999999997597);
#2968=CIRCLE('',#6926,6.30000000000099);
#2969=CIRCLE('',#6930,6.29999999997667);
#2970=CIRCLE('',#6932,6.30000000000099);
#2971=CIRCLE('',#6934,6.30000000002422);
#2972=CIRCLE('',#6945,6.29999999997597);
#2973=CIRCLE('',#6946,5.99999999997597);
#2974=CIRCLE('',#6952,5.99999999997597);
#2975=CIRCLE('',#6973,6.29999999997667);
#2976=CIRCLE('',#6978,6.30000000002422);
#2977=CIRCLE('',#7131,4.8);
#2978=CIRCLE('',#7132,4.);
#2979=CIRCLE('',#7134,4.);
#2980=CIRCLE('',#7192,4.8);
#2981=CIRCLE('',#7193,4.);
#2982=CIRCLE('',#7195,4.);
#2983=CIRCLE('',#7252,3.);
#2984=CIRCLE('',#7253,3.);
#2985=CIRCLE('',#7255,1.6);
#2986=CIRCLE('',#7257,3.);
#2987=CIRCLE('',#7258,3.);
#2988=CIRCLE('',#7260,1.6);
#2989=CIRCLE('',#7262,1.6);
#2990=CIRCLE('',#7264,1.6);
#2991=CIRCLE('',#7272,3.);
#2992=CIRCLE('',#7273,3.);
#2993=CIRCLE('',#7275,1.6);
#2994=CIRCLE('',#7277,3.);
#2995=CIRCLE('',#7278,3.);
#2996=CIRCLE('',#7280,1.6);
#2997=CIRCLE('',#7282,1.6);
#2998=CIRCLE('',#7284,1.6);
#2999=VERTEX_POINT('',#9102);
#3000=VERTEX_POINT('',#9104);
#3001=VERTEX_POINT('',#9106);
#3002=VERTEX_POINT('',#9110);
#3003=VERTEX_POINT('',#9141);
#3004=VERTEX_POINT('',#9143);
#3005=VERTEX_POINT('',#9147);
#3006=VERTEX_POINT('',#9152);
#3007=VERTEX_POINT('',#9154);
#3008=VERTEX_POINT('',#9158);
#3009=VERTEX_POINT('',#9159);
#3010=VERTEX_POINT('',#9161);
#3011=VERTEX_POINT('',#9163);
#3012=VERTEX_POINT('',#9165);
#3013=VERTEX_POINT('',#9167);
#3014=VERTEX_POINT('',#9169);
#3015=VERTEX_POINT('',#9171);
#3016=VERTEX_POINT('',#9173);
#3017=VERTEX_POINT('',#9175);
#3018=VERTEX_POINT('',#9177);
#3019=VERTEX_POINT('',#9179);
#3020=VERTEX_POINT('',#9181);
#3021=VERTEX_POINT('',#9183);
#3022=VERTEX_POINT('',#9185);
#3023=VERTEX_POINT('',#9187);
#3024=VERTEX_POINT('',#9189);
#3025=VERTEX_POINT('',#9191);
#3026=VERTEX_POINT('',#9193);
#3027=VERTEX_POINT('',#9195);
#3028=VERTEX_POINT('',#9197);
#3029=VERTEX_POINT('',#9199);
#3030=VERTEX_POINT('',#9201);
#3031=VERTEX_POINT('',#9203);
#3032=VERTEX_POINT('',#9205);
#3033=VERTEX_POINT('',#9207);
#3034=VERTEX_POINT('',#9209);
#3035=VERTEX_POINT('',#9211);
#3036=VERTEX_POINT('',#9214);
#3037=VERTEX_POINT('',#9216);
#3038=VERTEX_POINT('',#9218);
#3039=VERTEX_POINT('',#9220);
#3040=VERTEX_POINT('',#9222);
#3041=VERTEX_POINT('',#9225);
#3042=VERTEX_POINT('',#9229);
#3043=VERTEX_POINT('',#9233);
#3044=VERTEX_POINT('',#9237);
#3045=VERTEX_POINT('',#9241);
#3046=VERTEX_POINT('',#9245);
#3047=VERTEX_POINT('',#9249);
#3048=VERTEX_POINT('',#9253);
#3049=VERTEX_POINT('',#9256);
#3050=VERTEX_POINT('',#9259);
#3051=VERTEX_POINT('',#9262);
#3052=VERTEX_POINT('',#9265);
#3053=VERTEX_POINT('',#9269);
#3054=VERTEX_POINT('',#9273);
#3055=VERTEX_POINT('',#9277);
#3056=VERTEX_POINT('',#9281);
#3057=VERTEX_POINT('',#9282);
#3058=VERTEX_POINT('',#9284);
#3059=VERTEX_POINT('',#9286);
#3060=VERTEX_POINT('',#9288);
#3061=VERTEX_POINT('',#9290);
#3062=VERTEX_POINT('',#9292);
#3063=VERTEX_POINT('',#9294);
#3064=VERTEX_POINT('',#9296);
#3065=VERTEX_POINT('',#9298);
#3066=VERTEX_POINT('',#9300);
#3067=VERTEX_POINT('',#9302);
#3068=VERTEX_POINT('',#9304);
#3069=VERTEX_POINT('',#9306);
#3070=VERTEX_POINT('',#9310);
#3071=VERTEX_POINT('',#9312);
#3072=VERTEX_POINT('',#9316);
#3073=VERTEX_POINT('',#9320);
#3074=VERTEX_POINT('',#9322);
#3075=VERTEX_POINT('',#9324);
#3076=VERTEX_POINT('',#9326);
#3077=VERTEX_POINT('',#9330);
#3078=VERTEX_POINT('',#9332);
#3079=VERTEX_POINT('',#9336);
#3080=VERTEX_POINT('',#9340);
#3081=VERTEX_POINT('',#9342);
#3082=VERTEX_POINT('',#9344);
#3083=VERTEX_POINT('',#9346);
#3084=VERTEX_POINT('',#9350);
#3085=VERTEX_POINT('',#9353);
#3086=VERTEX_POINT('',#9360);
#3087=VERTEX_POINT('',#9362);
#3088=VERTEX_POINT('',#9364);
#3089=VERTEX_POINT('',#9366);
#3090=VERTEX_POINT('',#9368);
#3091=VERTEX_POINT('',#9372);
#3092=VERTEX_POINT('',#9374);
#3093=VERTEX_POINT('',#9376);
#3094=VERTEX_POINT('',#9378);
#3095=VERTEX_POINT('',#9382);
#3096=VERTEX_POINT('',#9386);
#3097=VERTEX_POINT('',#9388);
#3098=VERTEX_POINT('',#9390);
#3099=VERTEX_POINT('',#9392);
#3100=VERTEX_POINT('',#9394);
#3101=VERTEX_POINT('',#9396);
#3102=VERTEX_POINT('',#9398);
#3103=VERTEX_POINT('',#9400);
#3104=VERTEX_POINT('',#9404);
#3105=VERTEX_POINT('',#9406);
#3106=VERTEX_POINT('',#9408);
#3107=VERTEX_POINT('',#9410);
#3108=VERTEX_POINT('',#9412);
#3109=VERTEX_POINT('',#9414);
#3110=VERTEX_POINT('',#9416);
#3111=VERTEX_POINT('',#9420);
#3112=VERTEX_POINT('',#9422);
#3113=VERTEX_POINT('',#9426);
#3114=VERTEX_POINT('',#9428);
#3115=VERTEX_POINT('',#9432);
#3116=VERTEX_POINT('',#9434);
#3117=VERTEX_POINT('',#9436);
#3118=VERTEX_POINT('',#9438);
#3119=VERTEX_POINT('',#9442);
#3120=VERTEX_POINT('',#9446);
#3121=VERTEX_POINT('',#9447);
#3122=VERTEX_POINT('',#9450);
#3123=VERTEX_POINT('',#9452);
#3124=VERTEX_POINT('',#9454);
#3125=VERTEX_POINT('',#9458);
#3126=VERTEX_POINT('',#9460);
#3127=VERTEX_POINT('',#9464);
#3128=VERTEX_POINT('',#9466);
#3129=VERTEX_POINT('',#9468);
#3130=VERTEX_POINT('',#9470);
#3131=VERTEX_POINT('',#9472);
#3132=VERTEX_POINT('',#9474);
#3133=VERTEX_POINT('',#9476);
#3134=VERTEX_POINT('',#9480);
#3135=VERTEX_POINT('',#9482);
#3136=VERTEX_POINT('',#9484);
#3137=VERTEX_POINT('',#9486);
#3138=VERTEX_POINT('',#9488);
#3139=VERTEX_POINT('',#9490);
#3140=VERTEX_POINT('',#9492);
#3141=VERTEX_POINT('',#9494);
#3142=VERTEX_POINT('',#9498);
#3143=VERTEX_POINT('',#9500);
#3144=VERTEX_POINT('',#9512);
#3145=VERTEX_POINT('',#9514);
#3146=VERTEX_POINT('',#9516);
#3147=VERTEX_POINT('',#9518);
#3148=VERTEX_POINT('',#9520);
#3149=VERTEX_POINT('',#9522);
#3150=VERTEX_POINT('',#9524);
#3151=VERTEX_POINT('',#9526);
#3152=VERTEX_POINT('',#9530);
#3153=VERTEX_POINT('',#9531);
#3154=VERTEX_POINT('',#9533);
#3155=VERTEX_POINT('',#9535);
#3156=VERTEX_POINT('',#9537);
#3157=VERTEX_POINT('',#9539);
#3158=VERTEX_POINT('',#9543);
#3159=VERTEX_POINT('',#9544);
#3160=VERTEX_POINT('',#9546);
#3161=VERTEX_POINT('',#9548);
#3162=VERTEX_POINT('',#9550);
#3163=VERTEX_POINT('',#9552);
#3164=VERTEX_POINT('',#9556);
#3165=VERTEX_POINT('',#9557);
#3166=VERTEX_POINT('',#9559);
#3167=VERTEX_POINT('',#9561);
#3168=VERTEX_POINT('',#9563);
#3169=VERTEX_POINT('',#9565);
#3170=VERTEX_POINT('',#9567);
#3171=VERTEX_POINT('',#9571);
#3172=VERTEX_POINT('',#9572);
#3173=VERTEX_POINT('',#9574);
#3174=VERTEX_POINT('',#9576);
#3175=VERTEX_POINT('',#9579);
#3176=VERTEX_POINT('',#9583);
#3177=VERTEX_POINT('',#9584);
#3178=VERTEX_POINT('',#9586);
#3179=VERTEX_POINT('',#9588);
#3180=VERTEX_POINT('',#9590);
#3181=VERTEX_POINT('',#9596);
#3182=VERTEX_POINT('',#9600);
#3183=VERTEX_POINT('',#9602);
#3184=VERTEX_POINT('',#9604);
#3185=VERTEX_POINT('',#9608);
#3186=VERTEX_POINT('',#9610);
#3187=VERTEX_POINT('',#9617);
#3188=VERTEX_POINT('',#9621);
#3189=VERTEX_POINT('',#9626);
#3190=VERTEX_POINT('',#9630);
#3191=VERTEX_POINT('',#9632);
#3192=VERTEX_POINT('',#9634);
#3193=VERTEX_POINT('',#9640);
#3194=VERTEX_POINT('',#9641);
#3195=VERTEX_POINT('',#9644);
#3196=VERTEX_POINT('',#9646);
#3197=VERTEX_POINT('',#9648);
#3198=VERTEX_POINT('',#9650);
#3199=VERTEX_POINT('',#9654);
#3200=VERTEX_POINT('',#9656);
#3201=VERTEX_POINT('',#9658);
#3202=VERTEX_POINT('',#9660);
#3203=VERTEX_POINT('',#9662);
#3204=VERTEX_POINT('',#9664);
#3205=VERTEX_POINT('',#9668);
#3206=VERTEX_POINT('',#9679);
#3207=VERTEX_POINT('',#9685);
#3208=VERTEX_POINT('',#9696);
#3209=VERTEX_POINT('',#9697);
#3210=VERTEX_POINT('',#9699);
#3211=VERTEX_POINT('',#9701);
#3212=VERTEX_POINT('',#9703);
#3213=VERTEX_POINT('',#9706);
#3214=VERTEX_POINT('',#9708);
#3215=VERTEX_POINT('',#9713);
#3216=VERTEX_POINT('',#9715);
#3217=VERTEX_POINT('',#9717);
#3218=VERTEX_POINT('',#9719);
#3219=VERTEX_POINT('',#9721);
#3220=VERTEX_POINT('',#9723);
#3221=VERTEX_POINT('',#9725);
#3222=VERTEX_POINT('',#9731);
#3223=VERTEX_POINT('',#9737);
#3224=VERTEX_POINT('',#9744);
#3225=VERTEX_POINT('',#9746);
#3226=VERTEX_POINT('',#9748);
#3227=VERTEX_POINT('',#9752);
#3228=VERTEX_POINT('',#9753);
#3229=VERTEX_POINT('',#9755);
#3230=VERTEX_POINT('',#9757);
#3231=VERTEX_POINT('',#9759);
#3232=VERTEX_POINT('',#9761);
#3233=VERTEX_POINT('',#9763);
#3234=VERTEX_POINT('',#9766);
#3235=VERTEX_POINT('',#9768);
#3236=VERTEX_POINT('',#9772);
#3237=VERTEX_POINT('',#9774);
#3238=VERTEX_POINT('',#9776);
#3239=VERTEX_POINT('',#9778);
#3240=VERTEX_POINT('',#9780);
#3241=VERTEX_POINT('',#9782);
#3242=VERTEX_POINT('',#9784);
#3243=VERTEX_POINT('',#9786);
#3244=VERTEX_POINT('',#9788);
#3245=VERTEX_POINT('',#9792);
#3246=VERTEX_POINT('',#9794);
#3247=VERTEX_POINT('',#9797);
#3248=VERTEX_POINT('',#9799);
#3249=VERTEX_POINT('',#9803);
#3250=VERTEX_POINT('',#9805);
#3251=VERTEX_POINT('',#9807);
#3252=VERTEX_POINT('',#9811);
#3253=VERTEX_POINT('',#9815);
#3254=VERTEX_POINT('',#9819);
#3255=VERTEX_POINT('',#9822);
#3256=VERTEX_POINT('',#9824);
#3257=VERTEX_POINT('',#9828);
#3258=VERTEX_POINT('',#9838);
#3259=VERTEX_POINT('',#9839);
#3260=VERTEX_POINT('',#9844);
#3261=VERTEX_POINT('',#9848);
#3262=VERTEX_POINT('',#9852);
#3263=VERTEX_POINT('',#9856);
#3264=VERTEX_POINT('',#9860);
#3265=VERTEX_POINT('',#9864);
#3266=VERTEX_POINT('',#9868);
#3267=VERTEX_POINT('',#9872);
#3268=VERTEX_POINT('',#9876);
#3269=VERTEX_POINT('',#9880);
#3270=VERTEX_POINT('',#9884);
#3271=VERTEX_POINT('',#9888);
#3272=VERTEX_POINT('',#9892);
#3273=VERTEX_POINT('',#9896);
#3274=VERTEX_POINT('',#9900);
#3275=VERTEX_POINT('',#9906);
#3276=VERTEX_POINT('',#9910);
#3277=VERTEX_POINT('',#9914);
#3278=VERTEX_POINT('',#9918);
#3279=VERTEX_POINT('',#9922);
#3280=VERTEX_POINT('',#9926);
#3281=VERTEX_POINT('',#9930);
#3282=VERTEX_POINT('',#9934);
#3283=VERTEX_POINT('',#9938);
#3284=VERTEX_POINT('',#9942);
#3285=VERTEX_POINT('',#9946);
#3286=VERTEX_POINT('',#9950);
#3287=VERTEX_POINT('',#9954);
#3288=VERTEX_POINT('',#9958);
#3289=VERTEX_POINT('',#9962);
#3290=VERTEX_POINT('',#9966);
#3291=VERTEX_POINT('',#9970);
#3292=VERTEX_POINT('',#9977);
#3293=VERTEX_POINT('',#9979);
#3294=VERTEX_POINT('',#9981);
#3295=VERTEX_POINT('',#9983);
#3296=VERTEX_POINT('',#9985);
#3297=VERTEX_POINT('',#9987);
#3298=VERTEX_POINT('',#9989);
#3299=VERTEX_POINT('',#9991);
#3300=VERTEX_POINT('',#9993);
#3301=VERTEX_POINT('',#9995);
#3302=VERTEX_POINT('',#9997);
#3303=VERTEX_POINT('',#9999);
#3304=VERTEX_POINT('',#10001);
#3305=VERTEX_POINT('',#10003);
#3306=VERTEX_POINT('',#10005);
#3307=VERTEX_POINT('',#10007);
#3308=VERTEX_POINT('',#10009);
#3309=VERTEX_POINT('',#10011);
#3310=VERTEX_POINT('',#10013);
#3311=VERTEX_POINT('',#10015);
#3312=VERTEX_POINT('',#10019);
#3313=VERTEX_POINT('',#10020);
#3314=VERTEX_POINT('',#10025);
#3315=VERTEX_POINT('',#10029);
#3316=VERTEX_POINT('',#10033);
#3317=VERTEX_POINT('',#10037);
#3318=VERTEX_POINT('',#10041);
#3319=VERTEX_POINT('',#10045);
#3320=VERTEX_POINT('',#10049);
#3321=VERTEX_POINT('',#10053);
#3322=VERTEX_POINT('',#10057);
#3323=VERTEX_POINT('',#10061);
#3324=VERTEX_POINT('',#10065);
#3325=VERTEX_POINT('',#10069);
#3326=VERTEX_POINT('',#10073);
#3327=VERTEX_POINT('',#10077);
#3328=VERTEX_POINT('',#10081);
#3329=VERTEX_POINT('',#10087);
#3330=VERTEX_POINT('',#10091);
#3331=VERTEX_POINT('',#10095);
#3332=VERTEX_POINT('',#10099);
#3333=VERTEX_POINT('',#10103);
#3334=VERTEX_POINT('',#10107);
#3335=VERTEX_POINT('',#10111);
#3336=VERTEX_POINT('',#10115);
#3337=VERTEX_POINT('',#10119);
#3338=VERTEX_POINT('',#10123);
#3339=VERTEX_POINT('',#10127);
#3340=VERTEX_POINT('',#10131);
#3341=VERTEX_POINT('',#10135);
#3342=VERTEX_POINT('',#10139);
#3343=VERTEX_POINT('',#10143);
#3344=VERTEX_POINT('',#10147);
#3345=VERTEX_POINT('',#10151);
#3346=VERTEX_POINT('',#10160);
#3347=VERTEX_POINT('',#10161);
#3348=VERTEX_POINT('',#10163);
#3349=VERTEX_POINT('',#10165);
#3350=VERTEX_POINT('',#10169);
#3351=VERTEX_POINT('',#10171);
#3352=VERTEX_POINT('',#10175);
#3353=VERTEX_POINT('',#10177);
#3354=VERTEX_POINT('',#10181);
#3355=VERTEX_POINT('',#10183);
#3356=VERTEX_POINT('',#10187);
#3357=VERTEX_POINT('',#10189);
#3358=VERTEX_POINT('',#10193);
#3359=VERTEX_POINT('',#10195);
#3360=VERTEX_POINT('',#10199);
#3361=VERTEX_POINT('',#10201);
#3362=VERTEX_POINT('',#10205);
#3363=VERTEX_POINT('',#10207);
#3364=VERTEX_POINT('',#10211);
#3365=VERTEX_POINT('',#10213);
#3366=VERTEX_POINT('',#10218);
#3367=VERTEX_POINT('',#10222);
#3368=VERTEX_POINT('',#10226);
#3369=VERTEX_POINT('',#10230);
#3370=VERTEX_POINT('',#10234);
#3371=VERTEX_POINT('',#10238);
#3372=VERTEX_POINT('',#10242);
#3373=VERTEX_POINT('',#10248);
#3374=VERTEX_POINT('',#10252);
#3375=VERTEX_POINT('',#10256);
#3376=VERTEX_POINT('',#10260);
#3377=VERTEX_POINT('',#10264);
#3378=VERTEX_POINT('',#10268);
#3379=VERTEX_POINT('',#10272);
#3380=VERTEX_POINT('',#10276);
#3381=VERTEX_POINT('',#10278);
#3382=VERTEX_POINT('',#10282);
#3383=VERTEX_POINT('',#10284);
#3384=VERTEX_POINT('',#10288);
#3385=VERTEX_POINT('',#10290);
#3386=VERTEX_POINT('',#10294);
#3387=VERTEX_POINT('',#10296);
#3388=VERTEX_POINT('',#10300);
#3389=VERTEX_POINT('',#10302);
#3390=VERTEX_POINT('',#10306);
#3391=VERTEX_POINT('',#10308);
#3392=VERTEX_POINT('',#10312);
#3393=VERTEX_POINT('',#10314);
#3394=VERTEX_POINT('',#10318);
#3395=VERTEX_POINT('',#10320);
#3396=VERTEX_POINT('',#10324);
#3397=VERTEX_POINT('',#10326);
#3398=VERTEX_POINT('',#10330);
#3399=VERTEX_POINT('',#10332);
#3400=VERTEX_POINT('',#10341);
#3401=VERTEX_POINT('',#10343);
#3402=VERTEX_POINT('',#10347);
#3403=VERTEX_POINT('',#10351);
#3404=VERTEX_POINT('',#10355);
#3405=VERTEX_POINT('',#10359);
#3406=VERTEX_POINT('',#10363);
#3407=VERTEX_POINT('',#10367);
#3408=VERTEX_POINT('',#10371);
#3409=VERTEX_POINT('',#10375);
#3410=VERTEX_POINT('',#10379);
#3411=VERTEX_POINT('',#10383);
#3412=VERTEX_POINT('',#10387);
#3413=VERTEX_POINT('',#10391);
#3414=VERTEX_POINT('',#10395);
#3415=VERTEX_POINT('',#10399);
#3416=VERTEX_POINT('',#10403);
#3417=VERTEX_POINT('',#10410);
#3418=VERTEX_POINT('',#10414);
#3419=VERTEX_POINT('',#10418);
#3420=VERTEX_POINT('',#10422);
#3421=VERTEX_POINT('',#10426);
#3422=VERTEX_POINT('',#10430);
#3423=VERTEX_POINT('',#10434);
#3424=VERTEX_POINT('',#10438);
#3425=VERTEX_POINT('',#10442);
#3426=VERTEX_POINT('',#10446);
#3427=VERTEX_POINT('',#10450);
#3428=VERTEX_POINT('',#10454);
#3429=VERTEX_POINT('',#10458);
#3430=VERTEX_POINT('',#10462);
#3431=VERTEX_POINT('',#10466);
#3432=VERTEX_POINT('',#10470);
#3433=VERTEX_POINT('',#10474);
#3434=VERTEX_POINT('',#10483);
#3435=VERTEX_POINT('',#10485);
#3436=VERTEX_POINT('',#10489);
#3437=VERTEX_POINT('',#10493);
#3438=VERTEX_POINT('',#10494);
#3439=VERTEX_POINT('',#10496);
#3440=VERTEX_POINT('',#10498);
#3441=VERTEX_POINT('',#10500);
#3442=VERTEX_POINT('',#10502);
#3443=VERTEX_POINT('',#10504);
#3444=VERTEX_POINT('',#10506);
#3445=VERTEX_POINT('',#10508);
#3446=VERTEX_POINT('',#10510);
#3447=VERTEX_POINT('',#10512);
#3448=VERTEX_POINT('',#10514);
#3449=VERTEX_POINT('',#10516);
#3450=VERTEX_POINT('',#10518);
#3451=VERTEX_POINT('',#10520);
#3452=VERTEX_POINT('',#10522);
#3453=VERTEX_POINT('',#10524);
#3454=VERTEX_POINT('',#10526);
#3455=VERTEX_POINT('',#10530);
#3456=VERTEX_POINT('',#10531);
#3457=VERTEX_POINT('',#10533);
#3458=VERTEX_POINT('',#10535);
#3459=VERTEX_POINT('',#10539);
#3460=VERTEX_POINT('',#10541);
#3461=VERTEX_POINT('',#10545);
#3462=VERTEX_POINT('',#10547);
#3463=VERTEX_POINT('',#10551);
#3464=VERTEX_POINT('',#10553);
#3465=VERTEX_POINT('',#10557);
#3466=VERTEX_POINT('',#10559);
#3467=VERTEX_POINT('',#10563);
#3468=VERTEX_POINT('',#10565);
#3469=VERTEX_POINT('',#10569);
#3470=VERTEX_POINT('',#10571);
#3471=VERTEX_POINT('',#10575);
#3472=VERTEX_POINT('',#10577);
#3473=VERTEX_POINT('',#10581);
#3474=VERTEX_POINT('',#10583);
#3475=VERTEX_POINT('',#10595);
#3476=VERTEX_POINT('',#10599);
#3477=VERTEX_POINT('',#10607);
#3478=VERTEX_POINT('',#10608);
#3479=VERTEX_POINT('',#10610);
#3480=VERTEX_POINT('',#10612);
#3481=VERTEX_POINT('',#10616);
#3482=VERTEX_POINT('',#10617);
#3483=VERTEX_POINT('',#10619);
#3484=VERTEX_POINT('',#10621);
#3485=VERTEX_POINT('',#10632);
#3486=VERTEX_POINT('',#10634);
#3487=VERTEX_POINT('',#10641);
#3488=VERTEX_POINT('',#10642);
#3489=VERTEX_POINT('',#10644);
#3490=VERTEX_POINT('',#10646);
#3491=VERTEX_POINT('',#10650);
#3492=VERTEX_POINT('',#10651);
#3493=VERTEX_POINT('',#10653);
#3494=VERTEX_POINT('',#10655);
#3495=VERTEX_POINT('',#10666);
#3496=VERTEX_POINT('',#10668);
#3497=VERTEX_POINT('',#10676);
#3498=VERTEX_POINT('',#10680);
#3499=VERTEX_POINT('',#10686);
#3500=VERTEX_POINT('',#10688);
#3501=VERTEX_POINT('',#10709);
#3502=VERTEX_POINT('',#10711);
#3503=VERTEX_POINT('',#10715);
#3504=VERTEX_POINT('',#10719);
#3505=VERTEX_POINT('',#10720);
#3506=VERTEX_POINT('',#10722);
#3507=VERTEX_POINT('',#10724);
#3508=VERTEX_POINT('',#10726);
#3509=VERTEX_POINT('',#10728);
#3510=VERTEX_POINT('',#10730);
#3511=VERTEX_POINT('',#10732);
#3512=VERTEX_POINT('',#10734);
#3513=VERTEX_POINT('',#10736);
#3514=VERTEX_POINT('',#10738);
#3515=VERTEX_POINT('',#10740);
#3516=VERTEX_POINT('',#10742);
#3517=VERTEX_POINT('',#10744);
#3518=VERTEX_POINT('',#10746);
#3519=VERTEX_POINT('',#10748);
#3520=VERTEX_POINT('',#10750);
#3521=VERTEX_POINT('',#10752);
#3522=VERTEX_POINT('',#10756);
#3523=VERTEX_POINT('',#10757);
#3524=VERTEX_POINT('',#10759);
#3525=VERTEX_POINT('',#10761);
#3526=VERTEX_POINT('',#10765);
#3527=VERTEX_POINT('',#10767);
#3528=VERTEX_POINT('',#10771);
#3529=VERTEX_POINT('',#10773);
#3530=VERTEX_POINT('',#10777);
#3531=VERTEX_POINT('',#10779);
#3532=VERTEX_POINT('',#10783);
#3533=VERTEX_POINT('',#10785);
#3534=VERTEX_POINT('',#10789);
#3535=VERTEX_POINT('',#10791);
#3536=VERTEX_POINT('',#10795);
#3537=VERTEX_POINT('',#10797);
#3538=VERTEX_POINT('',#10801);
#3539=VERTEX_POINT('',#10803);
#3540=VERTEX_POINT('',#10807);
#3541=VERTEX_POINT('',#10809);
#3542=VERTEX_POINT('',#10825);
#3543=VERTEX_POINT('',#10830);
#3544=VERTEX_POINT('',#10831);
#3545=VERTEX_POINT('',#10833);
#3546=VERTEX_POINT('',#10835);
#3547=VERTEX_POINT('',#10839);
#3548=VERTEX_POINT('',#10841);
#3549=VERTEX_POINT('',#10845);
#3550=VERTEX_POINT('',#10847);
#3551=VERTEX_POINT('',#10857);
#3552=VERTEX_POINT('',#10859);
#3553=VERTEX_POINT('',#10864);
#3554=VERTEX_POINT('',#10865);
#3555=VERTEX_POINT('',#10867);
#3556=VERTEX_POINT('',#10869);
#3557=VERTEX_POINT('',#10873);
#3558=VERTEX_POINT('',#10875);
#3559=VERTEX_POINT('',#10879);
#3560=VERTEX_POINT('',#10881);
#3561=VERTEX_POINT('',#10891);
#3562=VERTEX_POINT('',#10893);
#3563=VERTEX_POINT('',#10899);
#3564=VERTEX_POINT('',#10903);
#3565=VERTEX_POINT('',#10907);
#3566=VERTEX_POINT('',#10911);
#3567=VERTEX_POINT('',#10915);
#3568=VERTEX_POINT('',#10934);
#3569=VERTEX_POINT('',#10936);
#3570=VERTEX_POINT('',#10940);
#3571=VERTEX_POINT('',#10943);
#3572=VERTEX_POINT('',#10945);
#3573=VERTEX_POINT('',#10949);
#3574=VERTEX_POINT('',#10952);
#3575=VERTEX_POINT('',#10956);
#3576=VERTEX_POINT('',#10960);
#3577=VERTEX_POINT('',#10961);
#3578=VERTEX_POINT('',#10963);
#3579=VERTEX_POINT('',#10965);
#3580=VERTEX_POINT('',#10969);
#3581=VERTEX_POINT('',#10971);
#3582=VERTEX_POINT('',#10975);
#3583=VERTEX_POINT('',#10977);
#3584=VERTEX_POINT('',#10986);
#3585=VERTEX_POINT('',#10988);
#3586=VERTEX_POINT('',#10992);
#3587=VERTEX_POINT('',#10995);
#3588=VERTEX_POINT('',#10997);
#3589=VERTEX_POINT('',#11001);
#3590=VERTEX_POINT('',#11004);
#3591=VERTEX_POINT('',#11008);
#3592=VERTEX_POINT('',#11012);
#3593=VERTEX_POINT('',#11013);
#3594=VERTEX_POINT('',#11015);
#3595=VERTEX_POINT('',#11017);
#3596=VERTEX_POINT('',#11021);
#3597=VERTEX_POINT('',#11023);
#3598=VERTEX_POINT('',#11027);
#3599=VERTEX_POINT('',#11029);
#3600=EDGE_CURVE('',#2999,#2999,#2928,.T.);
#3601=EDGE_CURVE('',#2999,#3000,#2929,.T.);
#3602=EDGE_CURVE('',#3000,#3001,#2930,.T.);
#3603=EDGE_CURVE('',#3001,#3000,#2931,.T.);
#3604=EDGE_CURVE('',#3001,#3002,#413,.T.);
#3605=EDGE_CURVE('',#3002,#3002,#2932,.T.);
#3606=EDGE_CURVE('',#3003,#3003,#2933,.T.);
#3607=EDGE_CURVE('',#3003,#3004,#2934,.T.);
#3608=EDGE_CURVE('',#3004,#3004,#2935,.T.);
#3609=EDGE_CURVE('',#3005,#3005,#2936,.T.);
#3610=EDGE_CURVE('',#3005,#3004,#414,.T.);
#3611=EDGE_CURVE('',#3006,#3006,#2937,.T.);
#3612=EDGE_CURVE('',#3006,#3007,#415,.T.);
#3613=EDGE_CURVE('',#3007,#3007,#2938,.T.);
#3614=EDGE_CURVE('',#3008,#3009,#416,.T.);
#3615=EDGE_CURVE('',#3010,#3009,#417,.T.);
#3616=EDGE_CURVE('',#3011,#3010,#418,.T.);
#3617=EDGE_CURVE('',#3011,#3012,#419,.T.);
#3618=EDGE_CURVE('',#3012,#3013,#420,.T.);
#3619=EDGE_CURVE('',#3014,#3013,#421,.T.);
#3620=EDGE_CURVE('',#3014,#3015,#422,.T.);
#3621=EDGE_CURVE('',#3015,#3016,#423,.T.);
#3622=EDGE_CURVE('',#3017,#3016,#424,.T.);
#3623=EDGE_CURVE('',#3018,#3017,#425,.T.);
#3624=EDGE_CURVE('',#3019,#3018,#426,.T.);
#3625=EDGE_CURVE('',#3020,#3019,#427,.T.);
#3626=EDGE_CURVE('',#3020,#3021,#428,.T.);
#3627=EDGE_CURVE('',#3022,#3021,#429,.T.);
#3628=EDGE_CURVE('',#3023,#3022,#430,.T.);
#3629=EDGE_CURVE('',#3023,#3024,#431,.T.);
#3630=EDGE_CURVE('',#3024,#3025,#432,.T.);
#3631=EDGE_CURVE('',#3025,#3026,#433,.T.);
#3632=EDGE_CURVE('',#3026,#3027,#434,.T.);
#3633=EDGE_CURVE('',#3027,#3028,#435,.T.);
#3634=EDGE_CURVE('',#3029,#3028,#436,.T.);
#3635=EDGE_CURVE('',#3030,#3029,#437,.T.);
#3636=EDGE_CURVE('',#3030,#3031,#438,.T.);
#3637=EDGE_CURVE('',#3031,#3032,#439,.T.);
#3638=EDGE_CURVE('',#3033,#3032,#440,.T.);
#3639=EDGE_CURVE('',#3034,#3033,#441,.T.);
#3640=EDGE_CURVE('',#3035,#3034,#442,.T.);
#3641=EDGE_CURVE('',#3035,#3008,#443,.T.);
#3642=EDGE_CURVE('',#3036,#3036,#2939,.T.);
#3643=EDGE_CURVE('',#3037,#3037,#2940,.T.);
#3644=EDGE_CURVE('',#3038,#3038,#2941,.T.);
#3645=EDGE_CURVE('',#3039,#3039,#2942,.T.);
#3646=EDGE_CURVE('',#3040,#3040,#2943,.T.);
#3647=EDGE_CURVE('',#3007,#3041,#444,.T.);
#3648=EDGE_CURVE('',#3041,#3041,#2944,.T.);
#3649=EDGE_CURVE('',#3036,#3042,#445,.T.);
#3650=EDGE_CURVE('',#3042,#3042,#2945,.T.);
#3651=EDGE_CURVE('',#3042,#3043,#446,.T.);
#3652=EDGE_CURVE('',#3043,#3043,#2946,.T.);
#3653=EDGE_CURVE('',#3040,#3044,#447,.T.);
#3654=EDGE_CURVE('',#3044,#3044,#2947,.T.);
#3655=EDGE_CURVE('',#3044,#3045,#448,.T.);
#3656=EDGE_CURVE('',#3045,#3045,#2948,.T.);
#3657=EDGE_CURVE('',#3037,#3046,#449,.T.);
#3658=EDGE_CURVE('',#3046,#3046,#2949,.T.);
#3659=EDGE_CURVE('',#3046,#3047,#450,.T.);
#3660=EDGE_CURVE('',#3047,#3047,#2950,.T.);
#3661=EDGE_CURVE('',#3048,#3048,#2951,.T.);
#3662=EDGE_CURVE('',#3049,#3049,#2952,.T.);
#3663=EDGE_CURVE('',#3050,#3050,#2953,.T.);
#3664=EDGE_CURVE('',#3051,#3051,#2954,.T.);
#3665=EDGE_CURVE('',#3050,#3052,#451,.T.);
#3666=EDGE_CURVE('',#3052,#3052,#2955,.T.);
#3667=EDGE_CURVE('',#3051,#3053,#452,.T.);
#3668=EDGE_CURVE('',#3053,#3053,#2956,.T.);
#3669=EDGE_CURVE('',#3048,#3054,#453,.T.);
#3670=EDGE_CURVE('',#3054,#3054,#2957,.T.);
#3671=EDGE_CURVE('',#3049,#3055,#454,.T.);
#3672=EDGE_CURVE('',#3055,#3055,#2958,.T.);
#3673=EDGE_CURVE('',#3056,#3057,#455,.T.);
#3674=EDGE_CURVE('',#3058,#3056,#456,.T.);
#3675=EDGE_CURVE('',#3059,#3058,#457,.T.);
#3676=EDGE_CURVE('',#3059,#3060,#458,.T.);
#3677=EDGE_CURVE('',#3061,#3060,#459,.T.);
#3678=EDGE_CURVE('',#3062,#3061,#460,.T.);
#3679=EDGE_CURVE('',#3063,#3062,#461,.T.);
#3680=EDGE_CURVE('',#3064,#3063,#462,.T.);
#3681=EDGE_CURVE('',#3065,#3064,#463,.T.);
#3682=EDGE_CURVE('',#3065,#3066,#464,.T.);
#3683=EDGE_CURVE('',#3067,#3066,#465,.T.);
#3684=EDGE_CURVE('',#3068,#3067,#466,.T.);
#3685=EDGE_CURVE('',#3069,#3068,#467,.T.);
#3686=EDGE_CURVE('',#3069,#3057,#468,.T.);
#3687=EDGE_CURVE('',#3070,#3070,#2959,.T.);
#3688=EDGE_CURVE('',#3070,#3071,#469,.T.);
#3689=EDGE_CURVE('',#3071,#3071,#2960,.T.);
#3690=EDGE_CURVE('',#3071,#3072,#470,.T.);
#3691=EDGE_CURVE('',#3072,#3072,#2961,.T.);
#3692=EDGE_CURVE('',#3066,#3073,#471,.T.);
#3693=EDGE_CURVE('',#3074,#3073,#472,.T.);
#3694=EDGE_CURVE('',#3074,#3075,#473,.T.);
#3695=EDGE_CURVE('',#3075,#3076,#474,.T.);
#3696=EDGE_CURVE('',#3076,#3067,#475,.T.);
#3697=EDGE_CURVE('',#3077,#3077,#2962,.T.);
#3698=EDGE_CURVE('',#3077,#3078,#476,.T.);
#3699=EDGE_CURVE('',#3078,#3078,#2963,.T.);
#3700=EDGE_CURVE('',#3078,#3079,#477,.T.);
#3701=EDGE_CURVE('',#3079,#3079,#2964,.T.);
#3702=EDGE_CURVE('',#3060,#3080,#478,.T.);
#3703=EDGE_CURVE('',#3080,#3081,#479,.T.);
#3704=EDGE_CURVE('',#3081,#3082,#480,.T.);
#3705=EDGE_CURVE('',#3083,#3082,#481,.T.);
#3706=EDGE_CURVE('',#3083,#3061,#482,.T.);
#3707=EDGE_CURVE('',#3084,#3084,#2965,.T.);
#3708=EDGE_CURVE('',#3085,#3085,#2966,.T.);
#3709=EDGE_CURVE('',#3084,#3038,#483,.T.);
#3710=EDGE_CURVE('',#3085,#3039,#484,.T.);
#3711=EDGE_CURVE('',#3082,#3086,#485,.T.);
#3712=EDGE_CURVE('',#3087,#3081,#486,.T.);
#3713=EDGE_CURVE('',#3088,#3087,#487,.T.);
#3714=EDGE_CURVE('',#3089,#3088,#488,.T.);
#3715=EDGE_CURVE('',#3090,#3089,#489,.T.);
#3716=EDGE_CURVE('',#3086,#3090,#490,.T.);
#3717=EDGE_CURVE('',#3091,#3083,#491,.T.);
#3718=EDGE_CURVE('',#3092,#3091,#492,.T.);
#3719=EDGE_CURVE('',#3093,#3092,#493,.T.);
#3720=EDGE_CURVE('',#3094,#3093,#494,.T.);
#3721=EDGE_CURVE('',#3062,#3094,#495,.T.);
#3722=EDGE_CURVE('',#3095,#3059,#496,.T.);
#3723=EDGE_CURVE('',#3095,#3080,#497,.T.);
#3724=EDGE_CURVE('',#3087,#3096,#498,.T.);
#3725=EDGE_CURVE('',#3096,#3097,#499,.T.);
#3726=EDGE_CURVE('',#3098,#3097,#500,.T.);
#3727=EDGE_CURVE('',#3099,#3098,#501,.T.);
#3728=EDGE_CURVE('',#3100,#3099,#502,.T.);
#3729=EDGE_CURVE('',#3101,#3100,#503,.T.);
#3730=EDGE_CURVE('',#3102,#3101,#504,.T.);
#3731=EDGE_CURVE('',#3103,#3102,#505,.T.);
#3732=EDGE_CURVE('',#3087,#3103,#506,.T.);
#3733=EDGE_CURVE('',#3104,#3062,#507,.T.);
#3734=EDGE_CURVE('',#3105,#3104,#508,.T.);
#3735=EDGE_CURVE('',#3106,#3105,#509,.T.);
#3736=EDGE_CURVE('',#3107,#3106,#510,.T.);
#3737=EDGE_CURVE('',#3108,#3107,#511,.T.);
#3738=EDGE_CURVE('',#3109,#3108,#512,.T.);
#3739=EDGE_CURVE('',#3110,#3109,#513,.T.);
#3740=EDGE_CURVE('',#3110,#3063,#514,.T.);
#3741=EDGE_CURVE('',#3111,#3082,#515,.T.);
#3742=EDGE_CURVE('',#3112,#3111,#516,.T.);
#3743=EDGE_CURVE('',#3083,#3112,#517,.T.);
#3744=EDGE_CURVE('',#3113,#3069,#518,.T.);
#3745=EDGE_CURVE('',#3113,#3114,#519,.T.);
#3746=EDGE_CURVE('',#3057,#3114,#520,.T.);
#3747=EDGE_CURVE('',#3115,#3065,#521,.T.);
#3748=EDGE_CURVE('',#3116,#3115,#522,.T.);
#3749=EDGE_CURVE('',#3117,#3116,#523,.T.);
#3750=EDGE_CURVE('',#3118,#3117,#524,.T.);
#3751=EDGE_CURVE('',#3073,#3118,#525,.T.);
#3752=EDGE_CURVE('',#3068,#3119,#526,.T.);
#3753=EDGE_CURVE('',#3119,#3076,#527,.T.);
#3754=EDGE_CURVE('',#3120,#3121,#528,.T.);
#3755=EDGE_CURVE('',#3120,#3075,#529,.T.);
#3756=EDGE_CURVE('',#3122,#3074,#530,.T.);
#3757=EDGE_CURVE('',#3123,#3122,#531,.T.);
#3758=EDGE_CURVE('',#3124,#3123,#532,.T.);
#3759=EDGE_CURVE('',#3121,#3124,#533,.T.);
#3760=EDGE_CURVE('',#3125,#3073,#534,.T.);
#3761=EDGE_CURVE('',#3126,#3125,#535,.T.);
#3762=EDGE_CURVE('',#3074,#3126,#536,.T.);
#3763=EDGE_CURVE('',#3064,#3127,#537,.T.);
#3764=EDGE_CURVE('',#3128,#3127,#538,.T.);
#3765=EDGE_CURVE('',#3129,#3128,#539,.T.);
#3766=EDGE_CURVE('',#3130,#3129,#540,.T.);
#3767=EDGE_CURVE('',#3131,#3130,#541,.T.);
#3768=EDGE_CURVE('',#3132,#3131,#542,.T.);
#3769=EDGE_CURVE('',#3133,#3132,#543,.T.);
#3770=EDGE_CURVE('',#3065,#3133,#544,.T.);
#3771=EDGE_CURVE('',#3134,#3120,#545,.T.);
#3772=EDGE_CURVE('',#3135,#3120,#546,.T.);
#3773=EDGE_CURVE('',#3136,#3135,#547,.T.);
#3774=EDGE_CURVE('',#3137,#3136,#548,.T.);
#3775=EDGE_CURVE('',#3138,#3137,#549,.T.);
#3776=EDGE_CURVE('',#3139,#3138,#550,.T.);
#3777=EDGE_CURVE('',#3140,#3139,#551,.T.);
#3778=EDGE_CURVE('',#3141,#3140,#552,.T.);
#3779=EDGE_CURVE('',#3141,#3134,#553,.T.);
#3780=EDGE_CURVE('',#3058,#3142,#554,.T.);
#3781=EDGE_CURVE('',#3143,#3056,#555,.T.);
#3782=EDGE_CURVE('',#3142,#3143,#556,.T.);
#3783=EDGE_CURVE('',#3114,#3143,#557,.T.);
#3784=EDGE_CURVE('',#3142,#3095,#558,.T.);
#3785=EDGE_CURVE('',#3096,#3134,#559,.T.);
#3786=EDGE_CURVE('',#3119,#3113,#560,.T.);
#3787=EDGE_CURVE('',#3110,#3144,#561,.T.);
#3788=EDGE_CURVE('',#3144,#3145,#562,.T.);
#3789=EDGE_CURVE('',#3145,#3146,#2967,.T.);
#3790=EDGE_CURVE('',#3146,#3147,#563,.T.);
#3791=EDGE_CURVE('',#3148,#3147,#564,.T.);
#3792=EDGE_CURVE('',#3148,#3149,#565,.T.);
#3793=EDGE_CURVE('',#3149,#3150,#2968,.T.);
#3794=EDGE_CURVE('',#3150,#3151,#566,.T.);
#3795=EDGE_CURVE('',#3151,#3127,#567,.T.);
#3796=EDGE_CURVE('',#3152,#3153,#568,.T.);
#3797=EDGE_CURVE('',#3154,#3152,#569,.T.);
#3798=EDGE_CURVE('',#3155,#3154,#570,.T.);
#3799=EDGE_CURVE('',#3156,#3155,#571,.T.);
#3800=EDGE_CURVE('',#3157,#3156,#572,.T.);
#3801=EDGE_CURVE('',#3153,#3157,#573,.T.);
#3802=EDGE_CURVE('',#3158,#3159,#574,.T.);
#3803=EDGE_CURVE('',#3160,#3158,#575,.T.);
#3804=EDGE_CURVE('',#3161,#3160,#576,.T.);
#3805=EDGE_CURVE('',#3162,#3161,#577,.T.);
#3806=EDGE_CURVE('',#3163,#3162,#578,.T.);
#3807=EDGE_CURVE('',#3159,#3163,#579,.T.);
#3808=EDGE_CURVE('',#3164,#3165,#2969,.T.);
#3809=EDGE_CURVE('',#3166,#3164,#580,.T.);
#3810=EDGE_CURVE('',#3167,#3166,#581,.T.);
#3811=EDGE_CURVE('',#3167,#3168,#582,.T.);
#3812=EDGE_CURVE('',#3168,#3169,#583,.T.);
#3813=EDGE_CURVE('',#3169,#3170,#584,.T.);
#3814=EDGE_CURVE('',#3170,#3165,#585,.T.);
#3815=EDGE_CURVE('',#3171,#3172,#2970,.T.);
#3816=EDGE_CURVE('',#3171,#3173,#586,.T.);
#3817=EDGE_CURVE('',#3173,#3174,#587,.T.);
#3818=EDGE_CURVE('',#3174,#3163,#588,.T.);
#3819=EDGE_CURVE('',#3175,#3162,#589,.T.);
#3820=EDGE_CURVE('',#3172,#3175,#590,.T.);
#3821=EDGE_CURVE('',#3176,#3177,#591,.T.);
#3822=EDGE_CURVE('',#3178,#3176,#2971,.T.);
#3823=EDGE_CURVE('',#3178,#3179,#592,.T.);
#3824=EDGE_CURVE('',#3179,#3180,#593,.T.);
#3825=EDGE_CURVE('',#3180,#3157,#594,.T.);
#3826=EDGE_CURVE('',#3177,#3156,#595,.T.);
#3827=EDGE_CURVE('',#3026,#3174,#596,.T.);
#3828=EDGE_CURVE('',#3181,#3173,#597,.T.);
#3829=EDGE_CURVE('',#3027,#3181,#598,.T.);
#3830=EDGE_CURVE('',#3182,#3032,#599,.T.);
#3831=EDGE_CURVE('',#3182,#3183,#600,.T.);
#3832=EDGE_CURVE('',#3184,#3183,#601,.T.);
#3833=EDGE_CURVE('',#3033,#3184,#602,.T.);
#3834=EDGE_CURVE('',#3185,#3184,#603,.T.);
#3835=EDGE_CURVE('',#3186,#3185,#604,.T.);
#3836=EDGE_CURVE('',#3034,#3186,#605,.T.);
#3837=EDGE_CURVE('',#3153,#3011,#606,.T.);
#3838=EDGE_CURVE('',#3012,#3180,#607,.T.);
#3839=EDGE_CURVE('',#3187,#3179,#608,.T.);
#3840=EDGE_CURVE('',#3013,#3187,#609,.T.);
#3841=EDGE_CURVE('',#3188,#3018,#610,.T.);
#3842=EDGE_CURVE('',#3188,#3170,#611,.T.);
#3843=EDGE_CURVE('',#3019,#3169,#612,.T.);
#3844=EDGE_CURVE('',#3189,#3168,#613,.T.);
#3845=EDGE_CURVE('',#3020,#3189,#614,.T.);
#3846=EDGE_CURVE('',#3189,#3190,#615,.T.);
#3847=EDGE_CURVE('',#3191,#3167,#616,.T.);
#3848=EDGE_CURVE('',#3192,#3191,#617,.T.);
#3849=EDGE_CURVE('',#3190,#3192,#618,.T.);
#3850=EDGE_CURVE('',#3159,#3025,#619,.T.);
#3851=EDGE_CURVE('',#3193,#3194,#620,.T.);
#3852=EDGE_CURVE('',#3193,#3185,#621,.T.);
#3853=EDGE_CURVE('',#3183,#3195,#622,.T.);
#3854=EDGE_CURVE('',#3196,#3195,#2972,.T.);
#3855=EDGE_CURVE('',#3197,#3196,#623,.T.);
#3856=EDGE_CURVE('',#3198,#3197,#624,.T.);
#3857=EDGE_CURVE('',#3194,#3198,#2973,.T.);
#3858=EDGE_CURVE('',#3193,#3199,#625,.T.);
#3859=EDGE_CURVE('',#3200,#3199,#626,.T.);
#3860=EDGE_CURVE('',#3201,#3200,#627,.T.);
#3861=EDGE_CURVE('',#3202,#3201,#628,.T.);
#3862=EDGE_CURVE('',#3203,#3202,#629,.T.);
#3863=EDGE_CURVE('',#3204,#3203,#630,.T.);
#3864=EDGE_CURVE('',#3186,#3204,#631,.T.);
#3865=EDGE_CURVE('',#3194,#3205,#632,.T.);
#3866=EDGE_CURVE('',#3199,#3205,#633,.T.);
#3867=EDGE_CURVE('',#3188,#3017,#634,.T.);
#3868=EDGE_CURVE('',#3014,#3187,#635,.T.);
#3869=EDGE_CURVE('',#3201,#3198,#636,.T.);
#3870=EDGE_CURVE('',#3205,#3200,#2974,.T.);
#3871=EDGE_CURVE('',#3197,#3206,#637,.T.);
#3872=EDGE_CURVE('',#3201,#3206,#638,.T.);
#3873=EDGE_CURVE('',#3035,#3186,#639,.T.);
#3874=EDGE_CURVE('',#3207,#3156,#640,.T.);
#3875=EDGE_CURVE('',#3207,#3177,#641,.T.);
#3876=EDGE_CURVE('',#3028,#3181,#642,.T.);
#3877=EDGE_CURVE('',#3196,#3145,#643,.T.);
#3878=EDGE_CURVE('',#3206,#3144,#644,.T.);
#3879=EDGE_CURVE('',#3195,#3146,#645,.T.);
#3880=EDGE_CURVE('',#3208,#3209,#646,.T.);
#3881=EDGE_CURVE('',#3210,#3208,#647,.T.);
#3882=EDGE_CURVE('',#3211,#3210,#648,.T.);
#3883=EDGE_CURVE('',#3212,#3211,#649,.T.);
#3884=EDGE_CURVE('',#3147,#3212,#650,.T.);
#3885=EDGE_CURVE('',#3213,#3182,#651,.T.);
#3886=EDGE_CURVE('',#3214,#3213,#652,.T.);
#3887=EDGE_CURVE('',#3209,#3214,#653,.T.);
#3888=EDGE_CURVE('',#3171,#3149,#654,.T.);
#3889=EDGE_CURVE('',#3215,#3148,#655,.T.);
#3890=EDGE_CURVE('',#3216,#3215,#656,.T.);
#3891=EDGE_CURVE('',#3217,#3216,#657,.T.);
#3892=EDGE_CURVE('',#3218,#3217,#658,.T.);
#3893=EDGE_CURVE('',#3219,#3218,#659,.T.);
#3894=EDGE_CURVE('',#3220,#3219,#660,.T.);
#3895=EDGE_CURVE('',#3221,#3220,#661,.T.);
#3896=EDGE_CURVE('',#3181,#3221,#662,.T.);
#3897=EDGE_CURVE('',#3172,#3150,#663,.T.);
#3898=EDGE_CURVE('',#3222,#3175,#664,.T.);
#3899=EDGE_CURVE('',#3222,#3151,#665,.T.);
#3900=EDGE_CURVE('',#3222,#3162,#666,.T.);
#3901=EDGE_CURVE('',#3166,#3223,#667,.T.);
#3902=EDGE_CURVE('',#3167,#3223,#668,.T.);
#3903=EDGE_CURVE('',#3159,#3024,#669,.T.);
#3904=EDGE_CURVE('',#3224,#3222,#670,.T.);
#3905=EDGE_CURVE('',#3225,#3224,#671,.T.);
#3906=EDGE_CURVE('',#3226,#3225,#672,.T.);
#3907=EDGE_CURVE('',#3127,#3226,#673,.T.);
#3908=EDGE_CURVE('',#3227,#3228,#674,.T.);
#3909=EDGE_CURVE('',#3229,#3227,#675,.T.);
#3910=EDGE_CURVE('',#3230,#3229,#676,.T.);
#3911=EDGE_CURVE('',#3231,#3230,#677,.T.);
#3912=EDGE_CURVE('',#3232,#3231,#678,.T.);
#3913=EDGE_CURVE('',#3233,#3232,#679,.T.);
#3914=EDGE_CURVE('',#3165,#3233,#680,.T.);
#3915=EDGE_CURVE('',#3234,#3188,#681,.T.);
#3916=EDGE_CURVE('',#3235,#3234,#682,.T.);
#3917=EDGE_CURVE('',#3228,#3235,#683,.T.);
#3918=EDGE_CURVE('',#3178,#3236,#684,.T.);
#3919=EDGE_CURVE('',#3237,#3236,#685,.T.);
#3920=EDGE_CURVE('',#3238,#3237,#686,.T.);
#3921=EDGE_CURVE('',#3239,#3238,#687,.T.);
#3922=EDGE_CURVE('',#3240,#3239,#688,.T.);
#3923=EDGE_CURVE('',#3241,#3240,#689,.T.);
#3924=EDGE_CURVE('',#3242,#3241,#690,.T.);
#3925=EDGE_CURVE('',#3243,#3242,#691,.T.);
#3926=EDGE_CURVE('',#3244,#3243,#692,.T.);
#3927=EDGE_CURVE('',#3187,#3244,#693,.T.);
#3928=EDGE_CURVE('',#3097,#3245,#694,.T.);
#3929=EDGE_CURVE('',#3246,#3097,#695,.T.);
#3930=EDGE_CURVE('',#3207,#3246,#696,.T.);
#3931=EDGE_CURVE('',#3247,#3207,#697,.T.);
#3932=EDGE_CURVE('',#3248,#3247,#698,.T.);
#3933=EDGE_CURVE('',#3245,#3248,#699,.T.);
#3934=EDGE_CURVE('',#3249,#3110,#700,.T.);
#3935=EDGE_CURVE('',#3250,#3249,#701,.T.);
#3936=EDGE_CURVE('',#3251,#3250,#702,.T.);
#3937=EDGE_CURVE('',#3206,#3251,#703,.T.);
#3938=EDGE_CURVE('',#3252,#3233,#2975,.T.);
#3939=EDGE_CURVE('',#3164,#3252,#704,.T.);
#3940=EDGE_CURVE('',#3253,#3252,#705,.T.);
#3941=EDGE_CURVE('',#3223,#3253,#706,.T.);
#3942=EDGE_CURVE('',#3223,#3254,#707,.T.);
#3943=EDGE_CURVE('',#3141,#3253,#708,.T.);
#3944=EDGE_CURVE('',#3255,#3141,#709,.T.);
#3945=EDGE_CURVE('',#3256,#3255,#710,.T.);
#3946=EDGE_CURVE('',#3254,#3256,#711,.T.);
#3947=EDGE_CURVE('',#3257,#3246,#712,.T.);
#3948=EDGE_CURVE('',#3176,#3257,#713,.T.);
#3949=EDGE_CURVE('',#3236,#3257,#2976,.T.);
#3950=EDGE_CURVE('',#3237,#3232,#714,.T.);
#3951=EDGE_CURVE('',#3153,#3010,#715,.T.);
#3952=EDGE_CURVE('',#3258,#3259,#716,.T.);
#3953=EDGE_CURVE('',#3091,#3259,#717,.T.);
#3954=EDGE_CURVE('',#3112,#3258,#718,.T.);
#3955=EDGE_CURVE('',#3259,#3260,#719,.T.);
#3956=EDGE_CURVE('',#3092,#3260,#720,.T.);
#3957=EDGE_CURVE('',#3260,#3261,#721,.T.);
#3958=EDGE_CURVE('',#3093,#3261,#722,.T.);
#3959=EDGE_CURVE('',#3261,#3262,#723,.T.);
#3960=EDGE_CURVE('',#3094,#3262,#724,.T.);
#3961=EDGE_CURVE('',#3262,#3263,#725,.T.);
#3962=EDGE_CURVE('',#3104,#3263,#726,.T.);
#3963=EDGE_CURVE('',#3263,#3264,#727,.T.);
#3964=EDGE_CURVE('',#3105,#3264,#728,.T.);
#3965=EDGE_CURVE('',#3264,#3265,#729,.T.);
#3966=EDGE_CURVE('',#3106,#3265,#730,.T.);
#3967=EDGE_CURVE('',#3265,#3266,#731,.T.);
#3968=EDGE_CURVE('',#3107,#3266,#732,.T.);
#3969=EDGE_CURVE('',#3266,#3267,#733,.T.);
#3970=EDGE_CURVE('',#3108,#3267,#734,.T.);
#3971=EDGE_CURVE('',#3267,#3268,#735,.T.);
#3972=EDGE_CURVE('',#3109,#3268,#736,.T.);
#3973=EDGE_CURVE('',#3268,#3269,#737,.T.);
#3974=EDGE_CURVE('',#3249,#3269,#738,.T.);
#3975=EDGE_CURVE('',#3269,#3270,#739,.T.);
#3976=EDGE_CURVE('',#3250,#3270,#740,.T.);
#3977=EDGE_CURVE('',#3270,#3271,#741,.T.);
#3978=EDGE_CURVE('',#3251,#3271,#742,.T.);
#3979=EDGE_CURVE('',#3271,#3272,#743,.T.);
#3980=EDGE_CURVE('',#3202,#3272,#744,.T.);
#3981=EDGE_CURVE('',#3272,#3273,#745,.T.);
#3982=EDGE_CURVE('',#3203,#3273,#746,.T.);
#3983=EDGE_CURVE('',#3273,#3274,#747,.T.);
#3984=EDGE_CURVE('',#3204,#3274,#748,.T.);
#3985=EDGE_CURVE('',#3274,#3008,#749,.T.);
#3986=EDGE_CURVE('',#3009,#3275,#750,.T.);
#3987=EDGE_CURVE('',#3152,#3275,#751,.T.);
#3988=EDGE_CURVE('',#3275,#3276,#752,.T.);
#3989=EDGE_CURVE('',#3154,#3276,#753,.T.);
#3990=EDGE_CURVE('',#3276,#3277,#754,.T.);
#3991=EDGE_CURVE('',#3155,#3277,#755,.T.);
#3992=EDGE_CURVE('',#3277,#3278,#756,.T.);
#3993=EDGE_CURVE('',#3247,#3278,#757,.T.);
#3994=EDGE_CURVE('',#3278,#3279,#758,.T.);
#3995=EDGE_CURVE('',#3248,#3279,#759,.T.);
#3996=EDGE_CURVE('',#3279,#3280,#760,.T.);
#3997=EDGE_CURVE('',#3245,#3280,#761,.T.);
#3998=EDGE_CURVE('',#3280,#3281,#762,.T.);
#3999=EDGE_CURVE('',#3098,#3281,#763,.T.);
#4000=EDGE_CURVE('',#3281,#3282,#764,.T.);
#4001=EDGE_CURVE('',#3099,#3282,#765,.T.);
#4002=EDGE_CURVE('',#3282,#3283,#766,.T.);
#4003=EDGE_CURVE('',#3100,#3283,#767,.T.);
#4004=EDGE_CURVE('',#3283,#3284,#768,.T.);
#4005=EDGE_CURVE('',#3101,#3284,#769,.T.);
#4006=EDGE_CURVE('',#3284,#3285,#770,.T.);
#4007=EDGE_CURVE('',#3102,#3285,#771,.T.);
#4008=EDGE_CURVE('',#3285,#3286,#772,.T.);
#4009=EDGE_CURVE('',#3103,#3286,#773,.T.);
#4010=EDGE_CURVE('',#3286,#3287,#774,.T.);
#4011=EDGE_CURVE('',#3088,#3287,#775,.T.);
#4012=EDGE_CURVE('',#3287,#3288,#776,.T.);
#4013=EDGE_CURVE('',#3089,#3288,#777,.T.);
#4014=EDGE_CURVE('',#3288,#3289,#778,.T.);
#4015=EDGE_CURVE('',#3090,#3289,#779,.T.);
#4016=EDGE_CURVE('',#3289,#3290,#780,.T.);
#4017=EDGE_CURVE('',#3086,#3290,#781,.T.);
#4018=EDGE_CURVE('',#3290,#3291,#782,.T.);
#4019=EDGE_CURVE('',#3111,#3291,#783,.T.);
#4020=EDGE_CURVE('',#3291,#3258,#784,.T.);
#4021=EDGE_CURVE('',#3292,#3232,#785,.T.);
#4022=EDGE_CURVE('',#3293,#3292,#786,.T.);
#4023=EDGE_CURVE('',#3294,#3293,#787,.T.);
#4024=EDGE_CURVE('',#3295,#3294,#788,.T.);
#4025=EDGE_CURVE('',#3296,#3295,#789,.T.);
#4026=EDGE_CURVE('',#3297,#3296,#790,.T.);
#4027=EDGE_CURVE('',#3298,#3297,#791,.T.);
#4028=EDGE_CURVE('',#3299,#3298,#792,.T.);
#4029=EDGE_CURVE('',#3300,#3299,#793,.T.);
#4030=EDGE_CURVE('',#3301,#3300,#794,.T.);
#4031=EDGE_CURVE('',#3302,#3301,#795,.T.);
#4032=EDGE_CURVE('',#3303,#3302,#796,.T.);
#4033=EDGE_CURVE('',#3304,#3303,#797,.T.);
#4034=EDGE_CURVE('',#3305,#3304,#798,.T.);
#4035=EDGE_CURVE('',#3306,#3305,#799,.T.);
#4036=EDGE_CURVE('',#3307,#3306,#800,.T.);
#4037=EDGE_CURVE('',#3308,#3307,#801,.T.);
#4038=EDGE_CURVE('',#3309,#3308,#802,.T.);
#4039=EDGE_CURVE('',#3310,#3309,#803,.T.);
#4040=EDGE_CURVE('',#3311,#3310,#804,.T.);
#4041=EDGE_CURVE('',#3237,#3311,#805,.T.);
#4042=EDGE_CURVE('',#3312,#3313,#806,.T.);
#4043=EDGE_CURVE('',#3303,#3313,#807,.T.);
#4044=EDGE_CURVE('',#3302,#3312,#808,.T.);
#4045=EDGE_CURVE('',#3313,#3314,#809,.T.);
#4046=EDGE_CURVE('',#3304,#3314,#810,.T.);
#4047=EDGE_CURVE('',#3314,#3315,#811,.T.);
#4048=EDGE_CURVE('',#3305,#3315,#812,.T.);
#4049=EDGE_CURVE('',#3315,#3316,#813,.T.);
#4050=EDGE_CURVE('',#3306,#3316,#814,.T.);
#4051=EDGE_CURVE('',#3316,#3317,#815,.T.);
#4052=EDGE_CURVE('',#3307,#3317,#816,.T.);
#4053=EDGE_CURVE('',#3317,#3318,#817,.T.);
#4054=EDGE_CURVE('',#3308,#3318,#818,.T.);
#4055=EDGE_CURVE('',#3318,#3319,#819,.T.);
#4056=EDGE_CURVE('',#3309,#3319,#820,.T.);
#4057=EDGE_CURVE('',#3319,#3320,#821,.T.);
#4058=EDGE_CURVE('',#3310,#3320,#822,.T.);
#4059=EDGE_CURVE('',#3320,#3321,#823,.T.);
#4060=EDGE_CURVE('',#3311,#3321,#824,.T.);
#4061=EDGE_CURVE('',#3321,#3322,#825,.T.);
#4062=EDGE_CURVE('',#3238,#3322,#826,.T.);
#4063=EDGE_CURVE('',#3322,#3323,#827,.T.);
#4064=EDGE_CURVE('',#3239,#3323,#828,.T.);
#4065=EDGE_CURVE('',#3323,#3324,#829,.T.);
#4066=EDGE_CURVE('',#3240,#3324,#830,.T.);
#4067=EDGE_CURVE('',#3324,#3325,#831,.T.);
#4068=EDGE_CURVE('',#3241,#3325,#832,.T.);
#4069=EDGE_CURVE('',#3325,#3326,#833,.T.);
#4070=EDGE_CURVE('',#3242,#3326,#834,.T.);
#4071=EDGE_CURVE('',#3326,#3327,#835,.T.);
#4072=EDGE_CURVE('',#3243,#3327,#836,.T.);
#4073=EDGE_CURVE('',#3327,#3328,#837,.T.);
#4074=EDGE_CURVE('',#3244,#3328,#838,.T.);
#4075=EDGE_CURVE('',#3328,#3015,#839,.T.);
#4076=EDGE_CURVE('',#3016,#3329,#840,.T.);
#4077=EDGE_CURVE('',#3234,#3329,#841,.T.);
#4078=EDGE_CURVE('',#3329,#3330,#842,.T.);
#4079=EDGE_CURVE('',#3235,#3330,#843,.T.);
#4080=EDGE_CURVE('',#3330,#3331,#844,.T.);
#4081=EDGE_CURVE('',#3228,#3331,#845,.T.);
#4082=EDGE_CURVE('',#3331,#3332,#846,.T.);
#4083=EDGE_CURVE('',#3227,#3332,#847,.T.);
#4084=EDGE_CURVE('',#3332,#3333,#848,.T.);
#4085=EDGE_CURVE('',#3229,#3333,#849,.T.);
#4086=EDGE_CURVE('',#3333,#3334,#850,.T.);
#4087=EDGE_CURVE('',#3230,#3334,#851,.T.);
#4088=EDGE_CURVE('',#3334,#3335,#852,.T.);
#4089=EDGE_CURVE('',#3231,#3335,#853,.T.);
#4090=EDGE_CURVE('',#3335,#3336,#854,.T.);
#4091=EDGE_CURVE('',#3292,#3336,#855,.T.);
#4092=EDGE_CURVE('',#3336,#3337,#856,.T.);
#4093=EDGE_CURVE('',#3293,#3337,#857,.T.);
#4094=EDGE_CURVE('',#3337,#3338,#858,.T.);
#4095=EDGE_CURVE('',#3294,#3338,#859,.T.);
#4096=EDGE_CURVE('',#3338,#3339,#860,.T.);
#4097=EDGE_CURVE('',#3295,#3339,#861,.T.);
#4098=EDGE_CURVE('',#3339,#3340,#862,.T.);
#4099=EDGE_CURVE('',#3296,#3340,#863,.T.);
#4100=EDGE_CURVE('',#3340,#3341,#864,.T.);
#4101=EDGE_CURVE('',#3297,#3341,#865,.T.);
#4102=EDGE_CURVE('',#3341,#3342,#866,.T.);
#4103=EDGE_CURVE('',#3298,#3342,#867,.T.);
#4104=EDGE_CURVE('',#3342,#3343,#868,.T.);
#4105=EDGE_CURVE('',#3299,#3343,#869,.T.);
#4106=EDGE_CURVE('',#3343,#3344,#870,.T.);
#4107=EDGE_CURVE('',#3300,#3344,#871,.T.);
#4108=EDGE_CURVE('',#3344,#3345,#872,.T.);
#4109=EDGE_CURVE('',#3301,#3345,#873,.T.);
#4110=EDGE_CURVE('',#3345,#3312,#874,.T.);
#4111=EDGE_CURVE('',#3182,#3031,#875,.T.);
#4112=EDGE_CURVE('',#3346,#3347,#876,.T.);
#4113=EDGE_CURVE('',#3348,#3347,#877,.T.);
#4114=EDGE_CURVE('',#3348,#3349,#878,.T.);
#4115=EDGE_CURVE('',#3349,#3346,#879,.T.);
#4116=EDGE_CURVE('',#3347,#3350,#880,.T.);
#4117=EDGE_CURVE('',#3351,#3350,#881,.T.);
#4118=EDGE_CURVE('',#3351,#3348,#882,.T.);
#4119=EDGE_CURVE('',#3350,#3352,#883,.T.);
#4120=EDGE_CURVE('',#3353,#3352,#884,.T.);
#4121=EDGE_CURVE('',#3353,#3351,#885,.T.);
#4122=EDGE_CURVE('',#3352,#3354,#886,.T.);
#4123=EDGE_CURVE('',#3355,#3354,#887,.T.);
#4124=EDGE_CURVE('',#3355,#3353,#888,.T.);
#4125=EDGE_CURVE('',#3354,#3356,#889,.T.);
#4126=EDGE_CURVE('',#3357,#3356,#890,.T.);
#4127=EDGE_CURVE('',#3357,#3355,#891,.T.);
#4128=EDGE_CURVE('',#3356,#3358,#892,.T.);
#4129=EDGE_CURVE('',#3359,#3358,#893,.T.);
#4130=EDGE_CURVE('',#3359,#3357,#894,.T.);
#4131=EDGE_CURVE('',#3358,#3360,#895,.T.);
#4132=EDGE_CURVE('',#3361,#3360,#896,.T.);
#4133=EDGE_CURVE('',#3361,#3359,#897,.T.);
#4134=EDGE_CURVE('',#3360,#3362,#898,.T.);
#4135=EDGE_CURVE('',#3363,#3362,#899,.T.);
#4136=EDGE_CURVE('',#3363,#3361,#900,.T.);
#4137=EDGE_CURVE('',#3362,#3364,#901,.T.);
#4138=EDGE_CURVE('',#3365,#3364,#902,.T.);
#4139=EDGE_CURVE('',#3365,#3363,#903,.T.);
#4140=EDGE_CURVE('',#3364,#3147,#904,.T.);
#4141=EDGE_CURVE('',#3366,#3212,#905,.T.);
#4142=EDGE_CURVE('',#3366,#3365,#906,.T.);
#4143=EDGE_CURVE('',#3367,#3211,#907,.T.);
#4144=EDGE_CURVE('',#3367,#3366,#908,.T.);
#4145=EDGE_CURVE('',#3368,#3210,#909,.T.);
#4146=EDGE_CURVE('',#3368,#3367,#910,.T.);
#4147=EDGE_CURVE('',#3369,#3208,#911,.T.);
#4148=EDGE_CURVE('',#3369,#3368,#912,.T.);
#4149=EDGE_CURVE('',#3370,#3209,#913,.T.);
#4150=EDGE_CURVE('',#3370,#3369,#914,.T.);
#4151=EDGE_CURVE('',#3371,#3214,#915,.T.);
#4152=EDGE_CURVE('',#3371,#3370,#916,.T.);
#4153=EDGE_CURVE('',#3372,#3213,#917,.T.);
#4154=EDGE_CURVE('',#3372,#3371,#918,.T.);
#4155=EDGE_CURVE('',#3030,#3372,#919,.T.);
#4156=EDGE_CURVE('',#3373,#3221,#920,.T.);
#4157=EDGE_CURVE('',#3373,#3029,#921,.T.);
#4158=EDGE_CURVE('',#3374,#3220,#922,.T.);
#4159=EDGE_CURVE('',#3374,#3373,#923,.T.);
#4160=EDGE_CURVE('',#3375,#3219,#924,.T.);
#4161=EDGE_CURVE('',#3375,#3374,#925,.T.);
#4162=EDGE_CURVE('',#3376,#3218,#926,.T.);
#4163=EDGE_CURVE('',#3376,#3375,#927,.T.);
#4164=EDGE_CURVE('',#3377,#3217,#928,.T.);
#4165=EDGE_CURVE('',#3377,#3376,#929,.T.);
#4166=EDGE_CURVE('',#3378,#3216,#930,.T.);
#4167=EDGE_CURVE('',#3378,#3377,#931,.T.);
#4168=EDGE_CURVE('',#3379,#3215,#932,.T.);
#4169=EDGE_CURVE('',#3379,#3378,#933,.T.);
#4170=EDGE_CURVE('',#3148,#3380,#934,.T.);
#4171=EDGE_CURVE('',#3381,#3380,#935,.T.);
#4172=EDGE_CURVE('',#3381,#3379,#936,.T.);
#4173=EDGE_CURVE('',#3380,#3382,#937,.T.);
#4174=EDGE_CURVE('',#3383,#3382,#938,.T.);
#4175=EDGE_CURVE('',#3383,#3381,#939,.T.);
#4176=EDGE_CURVE('',#3382,#3384,#940,.T.);
#4177=EDGE_CURVE('',#3385,#3384,#941,.T.);
#4178=EDGE_CURVE('',#3385,#3383,#942,.T.);
#4179=EDGE_CURVE('',#3384,#3386,#943,.T.);
#4180=EDGE_CURVE('',#3387,#3386,#944,.T.);
#4181=EDGE_CURVE('',#3387,#3385,#945,.T.);
#4182=EDGE_CURVE('',#3386,#3388,#946,.T.);
#4183=EDGE_CURVE('',#3389,#3388,#947,.T.);
#4184=EDGE_CURVE('',#3389,#3387,#948,.T.);
#4185=EDGE_CURVE('',#3388,#3390,#949,.T.);
#4186=EDGE_CURVE('',#3391,#3390,#950,.T.);
#4187=EDGE_CURVE('',#3391,#3389,#951,.T.);
#4188=EDGE_CURVE('',#3390,#3392,#952,.T.);
#4189=EDGE_CURVE('',#3393,#3392,#953,.T.);
#4190=EDGE_CURVE('',#3393,#3391,#954,.T.);
#4191=EDGE_CURVE('',#3392,#3394,#955,.T.);
#4192=EDGE_CURVE('',#3395,#3394,#956,.T.);
#4193=EDGE_CURVE('',#3395,#3393,#957,.T.);
#4194=EDGE_CURVE('',#3394,#3396,#958,.T.);
#4195=EDGE_CURVE('',#3397,#3396,#959,.T.);
#4196=EDGE_CURVE('',#3397,#3395,#960,.T.);
#4197=EDGE_CURVE('',#3396,#3398,#961,.T.);
#4198=EDGE_CURVE('',#3399,#3398,#962,.T.);
#4199=EDGE_CURVE('',#3399,#3397,#963,.T.);
#4200=EDGE_CURVE('',#3398,#3346,#964,.T.);
#4201=EDGE_CURVE('',#3349,#3399,#965,.T.);
#4202=EDGE_CURVE('',#3400,#3118,#966,.T.);
#4203=EDGE_CURVE('',#3400,#3401,#967,.T.);
#4204=EDGE_CURVE('',#3401,#3125,#968,.T.);
#4205=EDGE_CURVE('',#3402,#3117,#969,.T.);
#4206=EDGE_CURVE('',#3402,#3400,#970,.T.);
#4207=EDGE_CURVE('',#3403,#3116,#971,.T.);
#4208=EDGE_CURVE('',#3403,#3402,#972,.T.);
#4209=EDGE_CURVE('',#3404,#3115,#973,.T.);
#4210=EDGE_CURVE('',#3404,#3403,#974,.T.);
#4211=EDGE_CURVE('',#3405,#3133,#975,.T.);
#4212=EDGE_CURVE('',#3405,#3404,#976,.T.);
#4213=EDGE_CURVE('',#3406,#3132,#977,.T.);
#4214=EDGE_CURVE('',#3406,#3405,#978,.T.);
#4215=EDGE_CURVE('',#3407,#3131,#979,.T.);
#4216=EDGE_CURVE('',#3407,#3406,#980,.T.);
#4217=EDGE_CURVE('',#3408,#3130,#981,.T.);
#4218=EDGE_CURVE('',#3408,#3407,#982,.T.);
#4219=EDGE_CURVE('',#3409,#3129,#983,.T.);
#4220=EDGE_CURVE('',#3409,#3408,#984,.T.);
#4221=EDGE_CURVE('',#3410,#3128,#985,.T.);
#4222=EDGE_CURVE('',#3410,#3409,#986,.T.);
#4223=EDGE_CURVE('',#3411,#3226,#987,.T.);
#4224=EDGE_CURVE('',#3411,#3410,#988,.T.);
#4225=EDGE_CURVE('',#3412,#3225,#989,.T.);
#4226=EDGE_CURVE('',#3412,#3411,#990,.T.);
#4227=EDGE_CURVE('',#3413,#3224,#991,.T.);
#4228=EDGE_CURVE('',#3413,#3412,#992,.T.);
#4229=EDGE_CURVE('',#3414,#3161,#993,.T.);
#4230=EDGE_CURVE('',#3414,#3413,#994,.T.);
#4231=EDGE_CURVE('',#3415,#3160,#995,.T.);
#4232=EDGE_CURVE('',#3415,#3414,#996,.T.);
#4233=EDGE_CURVE('',#3416,#3158,#997,.T.);
#4234=EDGE_CURVE('',#3416,#3415,#998,.T.);
#4235=EDGE_CURVE('',#3023,#3416,#999,.T.);
#4236=EDGE_CURVE('',#3021,#3189,#1000,.T.);
#4237=EDGE_CURVE('',#3417,#3190,#1001,.T.);
#4238=EDGE_CURVE('',#3417,#3022,#1002,.T.);
#4239=EDGE_CURVE('',#3418,#3192,#1003,.T.);
#4240=EDGE_CURVE('',#3418,#3417,#1004,.T.);
#4241=EDGE_CURVE('',#3419,#3191,#1005,.T.);
#4242=EDGE_CURVE('',#3419,#3418,#1006,.T.);
#4243=EDGE_CURVE('',#3420,#3254,#1007,.T.);
#4244=EDGE_CURVE('',#3420,#3419,#1008,.T.);
#4245=EDGE_CURVE('',#3421,#3256,#1009,.T.);
#4246=EDGE_CURVE('',#3421,#3420,#1010,.T.);
#4247=EDGE_CURVE('',#3422,#3255,#1011,.T.);
#4248=EDGE_CURVE('',#3422,#3421,#1012,.T.);
#4249=EDGE_CURVE('',#3423,#3140,#1013,.T.);
#4250=EDGE_CURVE('',#3423,#3422,#1014,.T.);
#4251=EDGE_CURVE('',#3424,#3139,#1015,.T.);
#4252=EDGE_CURVE('',#3424,#3423,#1016,.T.);
#4253=EDGE_CURVE('',#3425,#3138,#1017,.T.);
#4254=EDGE_CURVE('',#3425,#3424,#1018,.T.);
#4255=EDGE_CURVE('',#3426,#3137,#1019,.T.);
#4256=EDGE_CURVE('',#3426,#3425,#1020,.T.);
#4257=EDGE_CURVE('',#3427,#3136,#1021,.T.);
#4258=EDGE_CURVE('',#3427,#3426,#1022,.T.);
#4259=EDGE_CURVE('',#3428,#3135,#1023,.T.);
#4260=EDGE_CURVE('',#3428,#3427,#1024,.T.);
#4261=EDGE_CURVE('',#3429,#3121,#1025,.T.);
#4262=EDGE_CURVE('',#3429,#3428,#1026,.T.);
#4263=EDGE_CURVE('',#3430,#3124,#1027,.T.);
#4264=EDGE_CURVE('',#3430,#3429,#1028,.T.);
#4265=EDGE_CURVE('',#3431,#3123,#1029,.T.);
#4266=EDGE_CURVE('',#3431,#3430,#1030,.T.);
#4267=EDGE_CURVE('',#3432,#3122,#1031,.T.);
#4268=EDGE_CURVE('',#3432,#3431,#1032,.T.);
#4269=EDGE_CURVE('',#3433,#3126,#1033,.T.);
#4270=EDGE_CURVE('',#3433,#3432,#1034,.T.);
#4271=EDGE_CURVE('',#3401,#3433,#1035,.T.);
#4272=EDGE_CURVE('',#3434,#3434,#2977,.T.);
#4273=EDGE_CURVE('',#3434,#3435,#1036,.T.);
#4274=EDGE_CURVE('',#3435,#3435,#2978,.T.);
#4275=EDGE_CURVE('',#3435,#3436,#1037,.T.);
#4276=EDGE_CURVE('',#3436,#3436,#2979,.T.);
#4277=EDGE_CURVE('',#3437,#3438,#1038,.T.);
#4278=EDGE_CURVE('',#3438,#3439,#1039,.T.);
#4279=EDGE_CURVE('',#3439,#3440,#1040,.T.);
#4280=EDGE_CURVE('',#3440,#3441,#1041,.T.);
#4281=EDGE_CURVE('',#3441,#3442,#1042,.T.);
#4282=EDGE_CURVE('',#3442,#3443,#1043,.T.);
#4283=EDGE_CURVE('',#3443,#3444,#1044,.T.);
#4284=EDGE_CURVE('',#3444,#3445,#1045,.T.);
#4285=EDGE_CURVE('',#3445,#3446,#1046,.T.);
#4286=EDGE_CURVE('',#3446,#3447,#1047,.T.);
#4287=EDGE_CURVE('',#3447,#3448,#1048,.T.);
#4288=EDGE_CURVE('',#3448,#3449,#1049,.T.);
#4289=EDGE_CURVE('',#3449,#3450,#1050,.T.);
#4290=EDGE_CURVE('',#3450,#3451,#1051,.T.);
#4291=EDGE_CURVE('',#3451,#3452,#1052,.T.);
#4292=EDGE_CURVE('',#3452,#3453,#1053,.T.);
#4293=EDGE_CURVE('',#3453,#3454,#1054,.T.);
#4294=EDGE_CURVE('',#3454,#3437,#1055,.T.);
#4295=EDGE_CURVE('',#3455,#3456,#1056,.T.);
#4296=EDGE_CURVE('',#3456,#3457,#27,.T.);
#4297=EDGE_CURVE('',#3457,#3458,#1057,.T.);
#4298=EDGE_CURVE('',#3455,#3458,#28,.T.);
#4299=EDGE_CURVE('',#3456,#3459,#1058,.T.);
#4300=EDGE_CURVE('',#3459,#3460,#29,.T.);
#4301=EDGE_CURVE('',#3460,#3457,#1059,.T.);
#4302=EDGE_CURVE('',#3459,#3461,#1060,.T.);
#4303=EDGE_CURVE('',#3461,#3462,#30,.T.);
#4304=EDGE_CURVE('',#3462,#3460,#1061,.T.);
#4305=EDGE_CURVE('',#3461,#3463,#1062,.T.);
#4306=EDGE_CURVE('',#3463,#3464,#31,.T.);
#4307=EDGE_CURVE('',#3464,#3462,#1063,.T.);
#4308=EDGE_CURVE('',#3463,#3465,#1064,.T.);
#4309=EDGE_CURVE('',#3465,#3466,#32,.T.);
#4310=EDGE_CURVE('',#3466,#3464,#1065,.T.);
#4311=EDGE_CURVE('',#3465,#3467,#1066,.T.);
#4312=EDGE_CURVE('',#3467,#3468,#33,.T.);
#4313=EDGE_CURVE('',#3468,#3466,#1067,.T.);
#4314=EDGE_CURVE('',#3469,#3468,#1068,.T.);
#4315=EDGE_CURVE('',#3467,#3470,#1069,.T.);
#4316=EDGE_CURVE('',#3470,#3469,#34,.T.);
#4317=EDGE_CURVE('',#3471,#3469,#1070,.T.);
#4318=EDGE_CURVE('',#3470,#3472,#1071,.T.);
#4319=EDGE_CURVE('',#3472,#3471,#35,.T.);
#4320=EDGE_CURVE('',#3473,#3471,#1072,.T.);
#4321=EDGE_CURVE('',#3472,#3474,#1073,.T.);
#4322=EDGE_CURVE('',#3474,#3473,#36,.T.);
#4323=EDGE_CURVE('',#3458,#3473,#1074,.T.);
#4324=EDGE_CURVE('',#3474,#3455,#1075,.T.);
#4325=EDGE_CURVE('',#3447,#3469,#1076,.T.);
#4326=EDGE_CURVE('',#3468,#3446,#1077,.T.);
#4327=EDGE_CURVE('',#3448,#3471,#1078,.T.);
#4328=EDGE_CURVE('',#3475,#3473,#1079,.T.);
#4329=EDGE_CURVE('',#3449,#3475,#1080,.T.);
#4330=EDGE_CURVE('',#3476,#3458,#1081,.T.);
#4331=EDGE_CURVE('',#3476,#3475,#1082,.T.);
#4332=EDGE_CURVE('',#3441,#3457,#1083,.T.);
#4333=EDGE_CURVE('',#3440,#3476,#1084,.T.);
#4334=EDGE_CURVE('',#3477,#3478,#1085,.T.);
#4335=EDGE_CURVE('',#3478,#3479,#1086,.T.);
#4336=EDGE_CURVE('',#3479,#3480,#1087,.T.);
#4337=EDGE_CURVE('',#3477,#3480,#1088,.T.);
#4338=EDGE_CURVE('',#3481,#3482,#1089,.T.);
#4339=EDGE_CURVE('',#3482,#3483,#1090,.T.);
#4340=EDGE_CURVE('',#3483,#3484,#1091,.T.);
#4341=EDGE_CURVE('',#3484,#3481,#1092,.T.);
#4342=EDGE_CURVE('',#3480,#3483,#1093,.T.);
#4343=EDGE_CURVE('',#3482,#3477,#1094,.T.);
#4344=EDGE_CURVE('',#3478,#3481,#1095,.T.);
#4345=EDGE_CURVE('',#3484,#3479,#1096,.T.);
#4346=EDGE_CURVE('',#3482,#3437,#1097,.T.);
#4347=EDGE_CURVE('',#3485,#3454,#1098,.T.);
#4348=EDGE_CURVE('',#3486,#3485,#1099,.T.);
#4349=EDGE_CURVE('',#3477,#3486,#1100,.T.);
#4350=EDGE_CURVE('',#3481,#3438,#1101,.T.);
#4351=EDGE_CURVE('',#3487,#3488,#1102,.T.);
#4352=EDGE_CURVE('',#3488,#3489,#1103,.T.);
#4353=EDGE_CURVE('',#3489,#3490,#1104,.T.);
#4354=EDGE_CURVE('',#3487,#3490,#1105,.T.);
#4355=EDGE_CURVE('',#3491,#3492,#1106,.T.);
#4356=EDGE_CURVE('',#3492,#3493,#1107,.T.);
#4357=EDGE_CURVE('',#3493,#3494,#1108,.T.);
#4358=EDGE_CURVE('',#3494,#3491,#1109,.T.);
#4359=EDGE_CURVE('',#3490,#3493,#1110,.T.);
#4360=EDGE_CURVE('',#3492,#3487,#1111,.T.);
#4361=EDGE_CURVE('',#3488,#3491,#1112,.T.);
#4362=EDGE_CURVE('',#3494,#3489,#1113,.T.);
#4363=EDGE_CURVE('',#3492,#3451,#1114,.T.);
#4364=EDGE_CURVE('',#3495,#3450,#1115,.T.);
#4365=EDGE_CURVE('',#3496,#3495,#1116,.T.);
#4366=EDGE_CURVE('',#3487,#3496,#1117,.T.);
#4367=EDGE_CURVE('',#3491,#3452,#1118,.T.);
#4368=EDGE_CURVE('',#3497,#3439,#1119,.T.);
#4369=EDGE_CURVE('',#3476,#3497,#1120,.T.);
#4370=EDGE_CURVE('',#3485,#3498,#1121,.T.);
#4371=EDGE_CURVE('',#3498,#3453,#1122,.T.);
#4372=EDGE_CURVE('',#3495,#3475,#1123,.T.);
#4373=EDGE_CURVE('',#3486,#3499,#1124,.T.);
#4374=EDGE_CURVE('',#3500,#3498,#1125,.T.);
#4375=EDGE_CURVE('',#3496,#3500,#1126,.T.);
#4376=EDGE_CURVE('',#3499,#3497,#1127,.T.);
#4377=EDGE_CURVE('',#3442,#3460,#1128,.T.);
#4378=EDGE_CURVE('',#3443,#3462,#1129,.T.);
#4379=EDGE_CURVE('',#3444,#3464,#1130,.T.);
#4380=EDGE_CURVE('',#3445,#3466,#1131,.T.);
#4381=EDGE_CURVE('',#3488,#3500,#1132,.T.);
#4382=EDGE_CURVE('',#3478,#3499,#1133,.T.);
#4383=EDGE_CURVE('',#3501,#3501,#2980,.T.);
#4384=EDGE_CURVE('',#3501,#3502,#1134,.T.);
#4385=EDGE_CURVE('',#3502,#3502,#2981,.T.);
#4386=EDGE_CURVE('',#3503,#3503,#2982,.T.);
#4387=EDGE_CURVE('',#3503,#3502,#1135,.T.);
#4388=EDGE_CURVE('',#3504,#3505,#1136,.T.);
#4389=EDGE_CURVE('',#3506,#3504,#1137,.T.);
#4390=EDGE_CURVE('',#3506,#3507,#1138,.T.);
#4391=EDGE_CURVE('',#3508,#3507,#1139,.T.);
#4392=EDGE_CURVE('',#3509,#3508,#1140,.T.);
#4393=EDGE_CURVE('',#3510,#3509,#1141,.T.);
#4394=EDGE_CURVE('',#3510,#3511,#1142,.T.);
#4395=EDGE_CURVE('',#3511,#3512,#1143,.T.);
#4396=EDGE_CURVE('',#3512,#3513,#1144,.T.);
#4397=EDGE_CURVE('',#3513,#3514,#1145,.T.);
#4398=EDGE_CURVE('',#3515,#3514,#1146,.T.);
#4399=EDGE_CURVE('',#3516,#3515,#1147,.T.);
#4400=EDGE_CURVE('',#3516,#3517,#1148,.T.);
#4401=EDGE_CURVE('',#3518,#3517,#1149,.T.);
#4402=EDGE_CURVE('',#3519,#3518,#1150,.T.);
#4403=EDGE_CURVE('',#3520,#3519,#1151,.T.);
#4404=EDGE_CURVE('',#3520,#3521,#1152,.T.);
#4405=EDGE_CURVE('',#3505,#3521,#1153,.T.);
#4406=EDGE_CURVE('',#3522,#3523,#1154,.T.);
#4407=EDGE_CURVE('',#3523,#3524,#37,.T.);
#4408=EDGE_CURVE('',#3524,#3525,#1155,.T.);
#4409=EDGE_CURVE('',#3522,#3525,#38,.T.);
#4410=EDGE_CURVE('',#3523,#3526,#1156,.T.);
#4411=EDGE_CURVE('',#3526,#3527,#39,.T.);
#4412=EDGE_CURVE('',#3527,#3524,#1157,.T.);
#4413=EDGE_CURVE('',#3526,#3528,#1158,.T.);
#4414=EDGE_CURVE('',#3528,#3529,#40,.T.);
#4415=EDGE_CURVE('',#3529,#3527,#1159,.T.);
#4416=EDGE_CURVE('',#3528,#3530,#1160,.T.);
#4417=EDGE_CURVE('',#3530,#3531,#41,.T.);
#4418=EDGE_CURVE('',#3531,#3529,#1161,.T.);
#4419=EDGE_CURVE('',#3530,#3532,#1162,.T.);
#4420=EDGE_CURVE('',#3532,#3533,#42,.T.);
#4421=EDGE_CURVE('',#3533,#3531,#1163,.T.);
#4422=EDGE_CURVE('',#3532,#3534,#1164,.T.);
#4423=EDGE_CURVE('',#3534,#3535,#43,.T.);
#4424=EDGE_CURVE('',#3535,#3533,#1165,.T.);
#4425=EDGE_CURVE('',#3536,#3535,#1166,.T.);
#4426=EDGE_CURVE('',#3534,#3537,#1167,.T.);
#4427=EDGE_CURVE('',#3537,#3536,#44,.T.);
#4428=EDGE_CURVE('',#3538,#3536,#1168,.T.);
#4429=EDGE_CURVE('',#3537,#3539,#1169,.T.);
#4430=EDGE_CURVE('',#3539,#3538,#45,.T.);
#4431=EDGE_CURVE('',#3540,#3538,#1170,.T.);
#4432=EDGE_CURVE('',#3539,#3541,#1171,.T.);
#4433=EDGE_CURVE('',#3541,#3540,#46,.T.);
#4434=EDGE_CURVE('',#3525,#3540,#1172,.T.);
#4435=EDGE_CURVE('',#3541,#3522,#1173,.T.);
#4436=EDGE_CURVE('',#3512,#3536,#1174,.T.);
#4437=EDGE_CURVE('',#3511,#3535,#1175,.T.);
#4438=EDGE_CURVE('',#3513,#3538,#1176,.T.);
#4439=EDGE_CURVE('',#3514,#3540,#1177,.T.);
#4440=EDGE_CURVE('',#3515,#3525,#1178,.T.);
#4441=EDGE_CURVE('',#3542,#3524,#1179,.T.);
#4442=EDGE_CURVE('',#3516,#3542,#1180,.T.);
#4443=EDGE_CURVE('',#3543,#3544,#1181,.T.);
#4444=EDGE_CURVE('',#3544,#3545,#1182,.T.);
#4445=EDGE_CURVE('',#3545,#3546,#1183,.T.);
#4446=EDGE_CURVE('',#3546,#3543,#1184,.T.);
#4447=EDGE_CURVE('',#3547,#3545,#1185,.T.);
#4448=EDGE_CURVE('',#3544,#3548,#1186,.T.);
#4449=EDGE_CURVE('',#3547,#3548,#1187,.T.);
#4450=EDGE_CURVE('',#3549,#3543,#1188,.T.);
#4451=EDGE_CURVE('',#3546,#3550,#1189,.T.);
#4452=EDGE_CURVE('',#3550,#3549,#1190,.T.);
#4453=EDGE_CURVE('',#3548,#3549,#1191,.T.);
#4454=EDGE_CURVE('',#3550,#3547,#1192,.T.);
#4455=EDGE_CURVE('',#3519,#3544,#1193,.T.);
#4456=EDGE_CURVE('',#3518,#3548,#1194,.T.);
#4457=EDGE_CURVE('',#3551,#3543,#1195,.T.);
#4458=EDGE_CURVE('',#3552,#3551,#1196,.T.);
#4459=EDGE_CURVE('',#3520,#3552,#1197,.T.);
#4460=EDGE_CURVE('',#3553,#3554,#1198,.T.);
#4461=EDGE_CURVE('',#3554,#3555,#1199,.T.);
#4462=EDGE_CURVE('',#3555,#3556,#1200,.T.);
#4463=EDGE_CURVE('',#3556,#3553,#1201,.T.);
#4464=EDGE_CURVE('',#3557,#3555,#1202,.T.);
#4465=EDGE_CURVE('',#3554,#3558,#1203,.T.);
#4466=EDGE_CURVE('',#3557,#3558,#1204,.T.);
#4467=EDGE_CURVE('',#3559,#3553,#1205,.T.);
#4468=EDGE_CURVE('',#3556,#3560,#1206,.T.);
#4469=EDGE_CURVE('',#3560,#3559,#1207,.T.);
#4470=EDGE_CURVE('',#3558,#3559,#1208,.T.);
#4471=EDGE_CURVE('',#3560,#3557,#1209,.T.);
#4472=EDGE_CURVE('',#3504,#3554,#1210,.T.);
#4473=EDGE_CURVE('',#3505,#3558,#1211,.T.);
#4474=EDGE_CURVE('',#3561,#3553,#1212,.T.);
#4475=EDGE_CURVE('',#3562,#3561,#1213,.T.);
#4476=EDGE_CURVE('',#3506,#3562,#1214,.T.);
#4477=EDGE_CURVE('',#3507,#3563,#1215,.T.);
#4478=EDGE_CURVE('',#3563,#3562,#1216,.T.);
#4479=EDGE_CURVE('',#3564,#3552,#1217,.T.);
#4480=EDGE_CURVE('',#3521,#3564,#1218,.T.);
#4481=EDGE_CURVE('',#3565,#3542,#1219,.T.);
#4482=EDGE_CURVE('',#3517,#3565,#1220,.T.);
#4483=EDGE_CURVE('',#3566,#3551,#1221,.T.);
#4484=EDGE_CURVE('',#3566,#3565,#1222,.T.);
#4485=EDGE_CURVE('',#3563,#3542,#1223,.T.);
#4486=EDGE_CURVE('',#3567,#3561,#1224,.T.);
#4487=EDGE_CURVE('',#3567,#3564,#1225,.T.);
#4488=EDGE_CURVE('',#3563,#3527,#1226,.T.);
#4489=EDGE_CURVE('',#3508,#3529,#1227,.T.);
#4490=EDGE_CURVE('',#3509,#3531,#1228,.T.);
#4491=EDGE_CURVE('',#3510,#3533,#1229,.T.);
#4492=EDGE_CURVE('',#3566,#3549,#1230,.T.);
#4493=EDGE_CURVE('',#3567,#3559,#1231,.T.);
#4494=EDGE_CURVE('',#3568,#3568,#2983,.T.);
#4495=EDGE_CURVE('',#3568,#3569,#1232,.T.);
#4496=EDGE_CURVE('',#3569,#3569,#2984,.T.);
#4497=EDGE_CURVE('',#3570,#3570,#2985,.T.);
#4498=EDGE_CURVE('',#3571,#3571,#2986,.T.);
#4499=EDGE_CURVE('',#3571,#3572,#1233,.T.);
#4500=EDGE_CURVE('',#3572,#3572,#2987,.T.);
#4501=EDGE_CURVE('',#3573,#3573,#2988,.T.);
#4502=EDGE_CURVE('',#3570,#3574,#1234,.T.);
#4503=EDGE_CURVE('',#3574,#3574,#2989,.T.);
#4504=EDGE_CURVE('',#3573,#3575,#1235,.T.);
#4505=EDGE_CURVE('',#3575,#3575,#2990,.T.);
#4506=EDGE_CURVE('',#3576,#3577,#1236,.T.);
#4507=EDGE_CURVE('',#3578,#3576,#1237,.T.);
#4508=EDGE_CURVE('',#3579,#3578,#1238,.T.);
#4509=EDGE_CURVE('',#3579,#3577,#1239,.T.);
#4510=EDGE_CURVE('',#3580,#3576,#1240,.T.);
#4511=EDGE_CURVE('',#3581,#3580,#1241,.T.);
#4512=EDGE_CURVE('',#3578,#3581,#1242,.T.);
#4513=EDGE_CURVE('',#3582,#3580,#1243,.T.);
#4514=EDGE_CURVE('',#3583,#3582,#1244,.T.);
#4515=EDGE_CURVE('',#3581,#3583,#1245,.T.);
#4516=EDGE_CURVE('',#3577,#3582,#1246,.T.);
#4517=EDGE_CURVE('',#3583,#3579,#1247,.T.);
#4518=EDGE_CURVE('',#3584,#3584,#2991,.T.);
#4519=EDGE_CURVE('',#3584,#3585,#1248,.T.);
#4520=EDGE_CURVE('',#3585,#3585,#2992,.T.);
#4521=EDGE_CURVE('',#3586,#3586,#2993,.T.);
#4522=EDGE_CURVE('',#3587,#3587,#2994,.T.);
#4523=EDGE_CURVE('',#3587,#3588,#1249,.T.);
#4524=EDGE_CURVE('',#3588,#3588,#2995,.T.);
#4525=EDGE_CURVE('',#3589,#3589,#2996,.T.);
#4526=EDGE_CURVE('',#3586,#3590,#1250,.T.);
#4527=EDGE_CURVE('',#3590,#3590,#2997,.T.);
#4528=EDGE_CURVE('',#3589,#3591,#1251,.T.);
#4529=EDGE_CURVE('',#3591,#3591,#2998,.T.);
#4530=EDGE_CURVE('',#3592,#3593,#1252,.T.);
#4531=EDGE_CURVE('',#3594,#3592,#1253,.T.);
#4532=EDGE_CURVE('',#3594,#3595,#1254,.T.);
#4533=EDGE_CURVE('',#3595,#3593,#1255,.T.);
#4534=EDGE_CURVE('',#3596,#3592,#1256,.T.);
#4535=EDGE_CURVE('',#3597,#3596,#1257,.T.);
#4536=EDGE_CURVE('',#3597,#3594,#1258,.T.);
#4537=EDGE_CURVE('',#3598,#3596,#1259,.T.);
#4538=EDGE_CURVE('',#3599,#3598,#1260,.T.);
#4539=EDGE_CURVE('',#3599,#3597,#1261,.T.);
#4540=EDGE_CURVE('',#3593,#3598,#1262,.T.);
#4541=EDGE_CURVE('',#3595,#3599,#1263,.T.);
#4542=ORIENTED_EDGE('',*,*,#3600,.T.);
#4543=ORIENTED_EDGE('',*,*,#3601,.T.);
#4544=ORIENTED_EDGE('',*,*,#3602,.T.);
#4545=ORIENTED_EDGE('',*,*,#3603,.T.);
#4546=ORIENTED_EDGE('',*,*,#3601,.F.);
#4547=ORIENTED_EDGE('',*,*,#3603,.F.);
#4548=ORIENTED_EDGE('',*,*,#3604,.T.);
#4549=ORIENTED_EDGE('',*,*,#3605,.F.);
#4550=ORIENTED_EDGE('',*,*,#3604,.F.);
#4551=ORIENTED_EDGE('',*,*,#3602,.F.);
#4552=ORIENTED_EDGE('',*,*,#3600,.F.);
#4553=ORIENTED_EDGE('',*,*,#3606,.T.);
#4554=ORIENTED_EDGE('',*,*,#3607,.T.);
#4555=ORIENTED_EDGE('',*,*,#3608,.T.);
#4556=ORIENTED_EDGE('',*,*,#3607,.F.);
#4557=ORIENTED_EDGE('',*,*,#3609,.F.);
#4558=ORIENTED_EDGE('',*,*,#3610,.T.);
#4559=ORIENTED_EDGE('',*,*,#3608,.F.);
#4560=ORIENTED_EDGE('',*,*,#3610,.F.);
#4561=ORIENTED_EDGE('',*,*,#3606,.F.);
#4562=ORIENTED_EDGE('',*,*,#3611,.T.);
#4563=ORIENTED_EDGE('',*,*,#3612,.T.);
#4564=ORIENTED_EDGE('',*,*,#3613,.T.);
#4565=ORIENTED_EDGE('',*,*,#3612,.F.);
#4566=ORIENTED_EDGE('',*,*,#3614,.T.);
#4567=ORIENTED_EDGE('',*,*,#3615,.F.);
#4568=ORIENTED_EDGE('',*,*,#3616,.F.);
#4569=ORIENTED_EDGE('',*,*,#3617,.T.);
#4570=ORIENTED_EDGE('',*,*,#3618,.T.);
#4571=ORIENTED_EDGE('',*,*,#3619,.F.);
#4572=ORIENTED_EDGE('',*,*,#3620,.T.);
#4573=ORIENTED_EDGE('',*,*,#3621,.T.);
#4574=ORIENTED_EDGE('',*,*,#3622,.F.);
#4575=ORIENTED_EDGE('',*,*,#3623,.F.);
#4576=ORIENTED_EDGE('',*,*,#3624,.F.);
#4577=ORIENTED_EDGE('',*,*,#3625,.F.);
#4578=ORIENTED_EDGE('',*,*,#3626,.T.);
#4579=ORIENTED_EDGE('',*,*,#3627,.F.);
#4580=ORIENTED_EDGE('',*,*,#3628,.F.);
#4581=ORIENTED_EDGE('',*,*,#3629,.T.);
#4582=ORIENTED_EDGE('',*,*,#3630,.T.);
#4583=ORIENTED_EDGE('',*,*,#3631,.T.);
#4584=ORIENTED_EDGE('',*,*,#3632,.T.);
#4585=ORIENTED_EDGE('',*,*,#3633,.T.);
#4586=ORIENTED_EDGE('',*,*,#3634,.F.);
#4587=ORIENTED_EDGE('',*,*,#3635,.F.);
#4588=ORIENTED_EDGE('',*,*,#3636,.T.);
#4589=ORIENTED_EDGE('',*,*,#3637,.T.);
#4590=ORIENTED_EDGE('',*,*,#3638,.F.);
#4591=ORIENTED_EDGE('',*,*,#3639,.F.);
#4592=ORIENTED_EDGE('',*,*,#3640,.F.);
#4593=ORIENTED_EDGE('',*,*,#3641,.T.);
#4594=ORIENTED_EDGE('',*,*,#3642,.F.);
#4595=ORIENTED_EDGE('',*,*,#3643,.F.);
#4596=ORIENTED_EDGE('',*,*,#3644,.T.);
#4597=ORIENTED_EDGE('',*,*,#3645,.T.);
#4598=ORIENTED_EDGE('',*,*,#3646,.F.);
#4599=ORIENTED_EDGE('',*,*,#3611,.F.);
#4600=ORIENTED_EDGE('',*,*,#3613,.F.);
#4601=ORIENTED_EDGE('',*,*,#3647,.T.);
#4602=ORIENTED_EDGE('',*,*,#3648,.T.);
#4603=ORIENTED_EDGE('',*,*,#3647,.F.);
#4604=ORIENTED_EDGE('',*,*,#3642,.T.);
#4605=ORIENTED_EDGE('',*,*,#3649,.T.);
#4606=ORIENTED_EDGE('',*,*,#3650,.T.);
#4607=ORIENTED_EDGE('',*,*,#3649,.F.);
#4608=ORIENTED_EDGE('',*,*,#3650,.F.);
#4609=ORIENTED_EDGE('',*,*,#3651,.T.);
#4610=ORIENTED_EDGE('',*,*,#3652,.T.);
#4611=ORIENTED_EDGE('',*,*,#3651,.F.);
#4612=ORIENTED_EDGE('',*,*,#3646,.T.);
#4613=ORIENTED_EDGE('',*,*,#3653,.T.);
#4614=ORIENTED_EDGE('',*,*,#3654,.T.);
#4615=ORIENTED_EDGE('',*,*,#3653,.F.);
#4616=ORIENTED_EDGE('',*,*,#3654,.F.);
#4617=ORIENTED_EDGE('',*,*,#3655,.T.);
#4618=ORIENTED_EDGE('',*,*,#3656,.T.);
#4619=ORIENTED_EDGE('',*,*,#3655,.F.);
#4620=ORIENTED_EDGE('',*,*,#3643,.T.);
#4621=ORIENTED_EDGE('',*,*,#3657,.T.);
#4622=ORIENTED_EDGE('',*,*,#3658,.T.);
#4623=ORIENTED_EDGE('',*,*,#3657,.F.);
#4624=ORIENTED_EDGE('',*,*,#3658,.F.);
#4625=ORIENTED_EDGE('',*,*,#3659,.T.);
#4626=ORIENTED_EDGE('',*,*,#3660,.T.);
#4627=ORIENTED_EDGE('',*,*,#3659,.F.);
#4628=ORIENTED_EDGE('',*,*,#3656,.F.);
#4629=ORIENTED_EDGE('',*,*,#3661,.F.);
#4630=ORIENTED_EDGE('',*,*,#3648,.F.);
#4631=ORIENTED_EDGE('',*,*,#3662,.F.);
#4632=ORIENTED_EDGE('',*,*,#3660,.F.);
#4633=ORIENTED_EDGE('',*,*,#3663,.F.);
#4634=ORIENTED_EDGE('',*,*,#3652,.F.);
#4635=ORIENTED_EDGE('',*,*,#3664,.F.);
#4636=ORIENTED_EDGE('',*,*,#3663,.T.);
#4637=ORIENTED_EDGE('',*,*,#3665,.T.);
#4638=ORIENTED_EDGE('',*,*,#3666,.F.);
#4639=ORIENTED_EDGE('',*,*,#3665,.F.);
#4640=ORIENTED_EDGE('',*,*,#3664,.T.);
#4641=ORIENTED_EDGE('',*,*,#3667,.T.);
#4642=ORIENTED_EDGE('',*,*,#3668,.F.);
#4643=ORIENTED_EDGE('',*,*,#3667,.F.);
#4644=ORIENTED_EDGE('',*,*,#3661,.T.);
#4645=ORIENTED_EDGE('',*,*,#3669,.T.);
#4646=ORIENTED_EDGE('',*,*,#3670,.F.);
#4647=ORIENTED_EDGE('',*,*,#3669,.F.);
#4648=ORIENTED_EDGE('',*,*,#3662,.T.);
#4649=ORIENTED_EDGE('',*,*,#3671,.T.);
#4650=ORIENTED_EDGE('',*,*,#3672,.F.);
#4651=ORIENTED_EDGE('',*,*,#3671,.F.);
#4652=ORIENTED_EDGE('',*,*,#3673,.F.);
#4653=ORIENTED_EDGE('',*,*,#3674,.F.);
#4654=ORIENTED_EDGE('',*,*,#3675,.F.);
#4655=ORIENTED_EDGE('',*,*,#3676,.T.);
#4656=ORIENTED_EDGE('',*,*,#3677,.F.);
#4657=ORIENTED_EDGE('',*,*,#3678,.F.);
#4658=ORIENTED_EDGE('',*,*,#3679,.F.);
#4659=ORIENTED_EDGE('',*,*,#3680,.F.);
#4660=ORIENTED_EDGE('',*,*,#3681,.F.);
#4661=ORIENTED_EDGE('',*,*,#3682,.T.);
#4662=ORIENTED_EDGE('',*,*,#3683,.F.);
#4663=ORIENTED_EDGE('',*,*,#3684,.F.);
#4664=ORIENTED_EDGE('',*,*,#3685,.F.);
#4665=ORIENTED_EDGE('',*,*,#3686,.T.);
#4666=ORIENTED_EDGE('',*,*,#3609,.T.);
#4667=ORIENTED_EDGE('',*,*,#3687,.T.);
#4668=ORIENTED_EDGE('',*,*,#3688,.T.);
#4669=ORIENTED_EDGE('',*,*,#3689,.T.);
#4670=ORIENTED_EDGE('',*,*,#3688,.F.);
#4671=ORIENTED_EDGE('',*,*,#3689,.F.);
#4672=ORIENTED_EDGE('',*,*,#3690,.T.);
#4673=ORIENTED_EDGE('',*,*,#3691,.T.);
#4674=ORIENTED_EDGE('',*,*,#3690,.F.);
#4675=ORIENTED_EDGE('',*,*,#3683,.T.);
#4676=ORIENTED_EDGE('',*,*,#3692,.T.);
#4677=ORIENTED_EDGE('',*,*,#3693,.F.);
#4678=ORIENTED_EDGE('',*,*,#3694,.T.);
#4679=ORIENTED_EDGE('',*,*,#3695,.T.);
#4680=ORIENTED_EDGE('',*,*,#3696,.T.);
#4681=ORIENTED_EDGE('',*,*,#3687,.F.);
#4682=ORIENTED_EDGE('',*,*,#3697,.T.);
#4683=ORIENTED_EDGE('',*,*,#3698,.T.);
#4684=ORIENTED_EDGE('',*,*,#3699,.T.);
#4685=ORIENTED_EDGE('',*,*,#3698,.F.);
#4686=ORIENTED_EDGE('',*,*,#3699,.F.);
#4687=ORIENTED_EDGE('',*,*,#3700,.T.);
#4688=ORIENTED_EDGE('',*,*,#3701,.T.);
#4689=ORIENTED_EDGE('',*,*,#3700,.F.);
#4690=ORIENTED_EDGE('',*,*,#3677,.T.);
#4691=ORIENTED_EDGE('',*,*,#3702,.T.);
#4692=ORIENTED_EDGE('',*,*,#3703,.T.);
#4693=ORIENTED_EDGE('',*,*,#3704,.T.);
#4694=ORIENTED_EDGE('',*,*,#3705,.F.);
#4695=ORIENTED_EDGE('',*,*,#3706,.T.);
#4696=ORIENTED_EDGE('',*,*,#3697,.F.);
#4697=ORIENTED_EDGE('',*,*,#3701,.F.);
#4698=ORIENTED_EDGE('',*,*,#3707,.F.);
#4699=ORIENTED_EDGE('',*,*,#3691,.F.);
#4700=ORIENTED_EDGE('',*,*,#3708,.F.);
#4701=ORIENTED_EDGE('',*,*,#3707,.T.);
#4702=ORIENTED_EDGE('',*,*,#3709,.T.);
#4703=ORIENTED_EDGE('',*,*,#3644,.F.);
#4704=ORIENTED_EDGE('',*,*,#3709,.F.);
#4705=ORIENTED_EDGE('',*,*,#3708,.T.);
#4706=ORIENTED_EDGE('',*,*,#3710,.T.);
#4707=ORIENTED_EDGE('',*,*,#3645,.F.);
#4708=ORIENTED_EDGE('',*,*,#3710,.F.);
#4709=ORIENTED_EDGE('',*,*,#3711,.F.);
#4710=ORIENTED_EDGE('',*,*,#3704,.F.);
#4711=ORIENTED_EDGE('',*,*,#3712,.F.);
#4712=ORIENTED_EDGE('',*,*,#3713,.F.);
#4713=ORIENTED_EDGE('',*,*,#3714,.F.);
#4714=ORIENTED_EDGE('',*,*,#3715,.F.);
#4715=ORIENTED_EDGE('',*,*,#3716,.F.);
#4716=ORIENTED_EDGE('',*,*,#3717,.F.);
#4717=ORIENTED_EDGE('',*,*,#3718,.F.);
#4718=ORIENTED_EDGE('',*,*,#3719,.F.);
#4719=ORIENTED_EDGE('',*,*,#3720,.F.);
#4720=ORIENTED_EDGE('',*,*,#3721,.F.);
#4721=ORIENTED_EDGE('',*,*,#3678,.T.);
#4722=ORIENTED_EDGE('',*,*,#3706,.F.);
#4723=ORIENTED_EDGE('',*,*,#3722,.F.);
#4724=ORIENTED_EDGE('',*,*,#3723,.T.);
#4725=ORIENTED_EDGE('',*,*,#3702,.F.);
#4726=ORIENTED_EDGE('',*,*,#3676,.F.);
#4727=ORIENTED_EDGE('',*,*,#3724,.T.);
#4728=ORIENTED_EDGE('',*,*,#3725,.T.);
#4729=ORIENTED_EDGE('',*,*,#3726,.F.);
#4730=ORIENTED_EDGE('',*,*,#3727,.F.);
#4731=ORIENTED_EDGE('',*,*,#3728,.F.);
#4732=ORIENTED_EDGE('',*,*,#3729,.F.);
#4733=ORIENTED_EDGE('',*,*,#3730,.F.);
#4734=ORIENTED_EDGE('',*,*,#3731,.F.);
#4735=ORIENTED_EDGE('',*,*,#3732,.F.);
#4736=ORIENTED_EDGE('',*,*,#3679,.T.);
#4737=ORIENTED_EDGE('',*,*,#3733,.F.);
#4738=ORIENTED_EDGE('',*,*,#3734,.F.);
#4739=ORIENTED_EDGE('',*,*,#3735,.F.);
#4740=ORIENTED_EDGE('',*,*,#3736,.F.);
#4741=ORIENTED_EDGE('',*,*,#3737,.F.);
#4742=ORIENTED_EDGE('',*,*,#3738,.F.);
#4743=ORIENTED_EDGE('',*,*,#3739,.F.);
#4744=ORIENTED_EDGE('',*,*,#3740,.T.);
#4745=ORIENTED_EDGE('',*,*,#3705,.T.);
#4746=ORIENTED_EDGE('',*,*,#3741,.F.);
#4747=ORIENTED_EDGE('',*,*,#3742,.F.);
#4748=ORIENTED_EDGE('',*,*,#3743,.F.);
#4749=ORIENTED_EDGE('',*,*,#3744,.F.);
#4750=ORIENTED_EDGE('',*,*,#3745,.T.);
#4751=ORIENTED_EDGE('',*,*,#3746,.F.);
#4752=ORIENTED_EDGE('',*,*,#3686,.F.);
#4753=ORIENTED_EDGE('',*,*,#3747,.F.);
#4754=ORIENTED_EDGE('',*,*,#3748,.F.);
#4755=ORIENTED_EDGE('',*,*,#3749,.F.);
#4756=ORIENTED_EDGE('',*,*,#3750,.F.);
#4757=ORIENTED_EDGE('',*,*,#3751,.F.);
#4758=ORIENTED_EDGE('',*,*,#3692,.F.);
#4759=ORIENTED_EDGE('',*,*,#3682,.F.);
#4760=ORIENTED_EDGE('',*,*,#3752,.F.);
#4761=ORIENTED_EDGE('',*,*,#3684,.T.);
#4762=ORIENTED_EDGE('',*,*,#3696,.F.);
#4763=ORIENTED_EDGE('',*,*,#3753,.F.);
#4764=ORIENTED_EDGE('',*,*,#3754,.F.);
#4765=ORIENTED_EDGE('',*,*,#3755,.T.);
#4766=ORIENTED_EDGE('',*,*,#3694,.F.);
#4767=ORIENTED_EDGE('',*,*,#3756,.F.);
#4768=ORIENTED_EDGE('',*,*,#3757,.F.);
#4769=ORIENTED_EDGE('',*,*,#3758,.F.);
#4770=ORIENTED_EDGE('',*,*,#3759,.F.);
#4771=ORIENTED_EDGE('',*,*,#3693,.T.);
#4772=ORIENTED_EDGE('',*,*,#3760,.F.);
#4773=ORIENTED_EDGE('',*,*,#3761,.F.);
#4774=ORIENTED_EDGE('',*,*,#3762,.F.);
#4775=ORIENTED_EDGE('',*,*,#3681,.T.);
#4776=ORIENTED_EDGE('',*,*,#3763,.T.);
#4777=ORIENTED_EDGE('',*,*,#3764,.F.);
#4778=ORIENTED_EDGE('',*,*,#3765,.F.);
#4779=ORIENTED_EDGE('',*,*,#3766,.F.);
#4780=ORIENTED_EDGE('',*,*,#3767,.F.);
#4781=ORIENTED_EDGE('',*,*,#3768,.F.);
#4782=ORIENTED_EDGE('',*,*,#3769,.F.);
#4783=ORIENTED_EDGE('',*,*,#3770,.F.);
#4784=ORIENTED_EDGE('',*,*,#3771,.T.);
#4785=ORIENTED_EDGE('',*,*,#3772,.F.);
#4786=ORIENTED_EDGE('',*,*,#3773,.F.);
#4787=ORIENTED_EDGE('',*,*,#3774,.F.);
#4788=ORIENTED_EDGE('',*,*,#3775,.F.);
#4789=ORIENTED_EDGE('',*,*,#3776,.F.);
#4790=ORIENTED_EDGE('',*,*,#3777,.F.);
#4791=ORIENTED_EDGE('',*,*,#3778,.F.);
#4792=ORIENTED_EDGE('',*,*,#3779,.T.);
#4793=ORIENTED_EDGE('',*,*,#3780,.F.);
#4794=ORIENTED_EDGE('',*,*,#3674,.T.);
#4795=ORIENTED_EDGE('',*,*,#3781,.F.);
#4796=ORIENTED_EDGE('',*,*,#3782,.F.);
#4797=ORIENTED_EDGE('',*,*,#3673,.T.);
#4798=ORIENTED_EDGE('',*,*,#3746,.T.);
#4799=ORIENTED_EDGE('',*,*,#3783,.T.);
#4800=ORIENTED_EDGE('',*,*,#3781,.T.);
#4801=ORIENTED_EDGE('',*,*,#3722,.T.);
#4802=ORIENTED_EDGE('',*,*,#3675,.T.);
#4803=ORIENTED_EDGE('',*,*,#3780,.T.);
#4804=ORIENTED_EDGE('',*,*,#3784,.T.);
#4805=ORIENTED_EDGE('',*,*,#3668,.T.);
#4806=ORIENTED_EDGE('',*,*,#3672,.T.);
#4807=ORIENTED_EDGE('',*,*,#3785,.F.);
#4808=ORIENTED_EDGE('',*,*,#3724,.F.);
#4809=ORIENTED_EDGE('',*,*,#3712,.T.);
#4810=ORIENTED_EDGE('',*,*,#3703,.F.);
#4811=ORIENTED_EDGE('',*,*,#3723,.F.);
#4812=ORIENTED_EDGE('',*,*,#3784,.F.);
#4813=ORIENTED_EDGE('',*,*,#3782,.T.);
#4814=ORIENTED_EDGE('',*,*,#3783,.F.);
#4815=ORIENTED_EDGE('',*,*,#3745,.F.);
#4816=ORIENTED_EDGE('',*,*,#3786,.F.);
#4817=ORIENTED_EDGE('',*,*,#3753,.T.);
#4818=ORIENTED_EDGE('',*,*,#3695,.F.);
#4819=ORIENTED_EDGE('',*,*,#3755,.F.);
#4820=ORIENTED_EDGE('',*,*,#3771,.F.);
#4821=ORIENTED_EDGE('',*,*,#3605,.T.);
#4822=ORIENTED_EDGE('',*,*,#3744,.T.);
#4823=ORIENTED_EDGE('',*,*,#3685,.T.);
#4824=ORIENTED_EDGE('',*,*,#3752,.T.);
#4825=ORIENTED_EDGE('',*,*,#3786,.T.);
#4826=ORIENTED_EDGE('',*,*,#3666,.T.);
#4827=ORIENTED_EDGE('',*,*,#3670,.T.);
#4828=ORIENTED_EDGE('',*,*,#3680,.T.);
#4829=ORIENTED_EDGE('',*,*,#3740,.F.);
#4830=ORIENTED_EDGE('',*,*,#3787,.T.);
#4831=ORIENTED_EDGE('',*,*,#3788,.T.);
#4832=ORIENTED_EDGE('',*,*,#3789,.T.);
#4833=ORIENTED_EDGE('',*,*,#3790,.T.);
#4834=ORIENTED_EDGE('',*,*,#3791,.F.);
#4835=ORIENTED_EDGE('',*,*,#3792,.T.);
#4836=ORIENTED_EDGE('',*,*,#3793,.T.);
#4837=ORIENTED_EDGE('',*,*,#3794,.T.);
#4838=ORIENTED_EDGE('',*,*,#3795,.T.);
#4839=ORIENTED_EDGE('',*,*,#3763,.F.);
#4840=ORIENTED_EDGE('',*,*,#3796,.F.);
#4841=ORIENTED_EDGE('',*,*,#3797,.F.);
#4842=ORIENTED_EDGE('',*,*,#3798,.F.);
#4843=ORIENTED_EDGE('',*,*,#3799,.F.);
#4844=ORIENTED_EDGE('',*,*,#3800,.F.);
#4845=ORIENTED_EDGE('',*,*,#3801,.F.);
#4846=ORIENTED_EDGE('',*,*,#3802,.F.);
#4847=ORIENTED_EDGE('',*,*,#3803,.F.);
#4848=ORIENTED_EDGE('',*,*,#3804,.F.);
#4849=ORIENTED_EDGE('',*,*,#3805,.F.);
#4850=ORIENTED_EDGE('',*,*,#3806,.F.);
#4851=ORIENTED_EDGE('',*,*,#3807,.F.);
#4852=ORIENTED_EDGE('',*,*,#3808,.F.);
#4853=ORIENTED_EDGE('',*,*,#3809,.F.);
#4854=ORIENTED_EDGE('',*,*,#3810,.F.);
#4855=ORIENTED_EDGE('',*,*,#3811,.T.);
#4856=ORIENTED_EDGE('',*,*,#3812,.T.);
#4857=ORIENTED_EDGE('',*,*,#3813,.T.);
#4858=ORIENTED_EDGE('',*,*,#3814,.T.);
#4859=ORIENTED_EDGE('',*,*,#3815,.F.);
#4860=ORIENTED_EDGE('',*,*,#3816,.T.);
#4861=ORIENTED_EDGE('',*,*,#3817,.T.);
#4862=ORIENTED_EDGE('',*,*,#3818,.T.);
#4863=ORIENTED_EDGE('',*,*,#3806,.T.);
#4864=ORIENTED_EDGE('',*,*,#3819,.F.);
#4865=ORIENTED_EDGE('',*,*,#3820,.F.);
#4866=ORIENTED_EDGE('',*,*,#3821,.F.);
#4867=ORIENTED_EDGE('',*,*,#3822,.F.);
#4868=ORIENTED_EDGE('',*,*,#3823,.T.);
#4869=ORIENTED_EDGE('',*,*,#3824,.T.);
#4870=ORIENTED_EDGE('',*,*,#3825,.T.);
#4871=ORIENTED_EDGE('',*,*,#3800,.T.);
#4872=ORIENTED_EDGE('',*,*,#3826,.F.);
#4873=ORIENTED_EDGE('',*,*,#3632,.F.);
#4874=ORIENTED_EDGE('',*,*,#3827,.T.);
#4875=ORIENTED_EDGE('',*,*,#3817,.F.);
#4876=ORIENTED_EDGE('',*,*,#3828,.F.);
#4877=ORIENTED_EDGE('',*,*,#3829,.F.);
#4878=ORIENTED_EDGE('',*,*,#3638,.T.);
#4879=ORIENTED_EDGE('',*,*,#3830,.F.);
#4880=ORIENTED_EDGE('',*,*,#3831,.T.);
#4881=ORIENTED_EDGE('',*,*,#3832,.F.);
#4882=ORIENTED_EDGE('',*,*,#3833,.F.);
#4883=ORIENTED_EDGE('',*,*,#3639,.T.);
#4884=ORIENTED_EDGE('',*,*,#3833,.T.);
#4885=ORIENTED_EDGE('',*,*,#3834,.F.);
#4886=ORIENTED_EDGE('',*,*,#3835,.F.);
#4887=ORIENTED_EDGE('',*,*,#3836,.F.);
#4888=ORIENTED_EDGE('',*,*,#3617,.F.);
#4889=ORIENTED_EDGE('',*,*,#3837,.F.);
#4890=ORIENTED_EDGE('',*,*,#3801,.T.);
#4891=ORIENTED_EDGE('',*,*,#3825,.F.);
#4892=ORIENTED_EDGE('',*,*,#3838,.F.);
#4893=ORIENTED_EDGE('',*,*,#3618,.F.);
#4894=ORIENTED_EDGE('',*,*,#3838,.T.);
#4895=ORIENTED_EDGE('',*,*,#3824,.F.);
#4896=ORIENTED_EDGE('',*,*,#3839,.F.);
#4897=ORIENTED_EDGE('',*,*,#3840,.F.);
#4898=ORIENTED_EDGE('',*,*,#3624,.T.);
#4899=ORIENTED_EDGE('',*,*,#3841,.F.);
#4900=ORIENTED_EDGE('',*,*,#3842,.T.);
#4901=ORIENTED_EDGE('',*,*,#3813,.F.);
#4902=ORIENTED_EDGE('',*,*,#3843,.F.);
#4903=ORIENTED_EDGE('',*,*,#3625,.T.);
#4904=ORIENTED_EDGE('',*,*,#3843,.T.);
#4905=ORIENTED_EDGE('',*,*,#3812,.F.);
#4906=ORIENTED_EDGE('',*,*,#3844,.F.);
#4907=ORIENTED_EDGE('',*,*,#3845,.F.);
#4908=ORIENTED_EDGE('',*,*,#3846,.F.);
#4909=ORIENTED_EDGE('',*,*,#3844,.T.);
#4910=ORIENTED_EDGE('',*,*,#3811,.F.);
#4911=ORIENTED_EDGE('',*,*,#3847,.F.);
#4912=ORIENTED_EDGE('',*,*,#3848,.F.);
#4913=ORIENTED_EDGE('',*,*,#3849,.F.);
#4914=ORIENTED_EDGE('',*,*,#3631,.F.);
#4915=ORIENTED_EDGE('',*,*,#3850,.F.);
#4916=ORIENTED_EDGE('',*,*,#3807,.T.);
#4917=ORIENTED_EDGE('',*,*,#3818,.F.);
#4918=ORIENTED_EDGE('',*,*,#3827,.F.);
#4919=ORIENTED_EDGE('',*,*,#3851,.F.);
#4920=ORIENTED_EDGE('',*,*,#3852,.T.);
#4921=ORIENTED_EDGE('',*,*,#3834,.T.);
#4922=ORIENTED_EDGE('',*,*,#3832,.T.);
#4923=ORIENTED_EDGE('',*,*,#3853,.T.);
#4924=ORIENTED_EDGE('',*,*,#3854,.F.);
#4925=ORIENTED_EDGE('',*,*,#3855,.F.);
#4926=ORIENTED_EDGE('',*,*,#3856,.F.);
#4927=ORIENTED_EDGE('',*,*,#3857,.F.);
#4928=ORIENTED_EDGE('',*,*,#3858,.T.);
#4929=ORIENTED_EDGE('',*,*,#3859,.F.);
#4930=ORIENTED_EDGE('',*,*,#3860,.F.);
#4931=ORIENTED_EDGE('',*,*,#3861,.F.);
#4932=ORIENTED_EDGE('',*,*,#3862,.F.);
#4933=ORIENTED_EDGE('',*,*,#3863,.F.);
#4934=ORIENTED_EDGE('',*,*,#3864,.F.);
#4935=ORIENTED_EDGE('',*,*,#3835,.T.);
#4936=ORIENTED_EDGE('',*,*,#3852,.F.);
#4937=ORIENTED_EDGE('',*,*,#3851,.T.);
#4938=ORIENTED_EDGE('',*,*,#3865,.T.);
#4939=ORIENTED_EDGE('',*,*,#3866,.F.);
#4940=ORIENTED_EDGE('',*,*,#3858,.F.);
#4941=ORIENTED_EDGE('',*,*,#3841,.T.);
#4942=ORIENTED_EDGE('',*,*,#3623,.T.);
#4943=ORIENTED_EDGE('',*,*,#3867,.F.);
#4944=ORIENTED_EDGE('',*,*,#3840,.T.);
#4945=ORIENTED_EDGE('',*,*,#3868,.F.);
#4946=ORIENTED_EDGE('',*,*,#3619,.T.);
#4947=ORIENTED_EDGE('',*,*,#3857,.T.);
#4948=ORIENTED_EDGE('',*,*,#3869,.F.);
#4949=ORIENTED_EDGE('',*,*,#3860,.T.);
#4950=ORIENTED_EDGE('',*,*,#3870,.F.);
#4951=ORIENTED_EDGE('',*,*,#3865,.F.);
#4952=ORIENTED_EDGE('',*,*,#3856,.T.);
#4953=ORIENTED_EDGE('',*,*,#3871,.T.);
#4954=ORIENTED_EDGE('',*,*,#3872,.F.);
#4955=ORIENTED_EDGE('',*,*,#3869,.T.);
#4956=ORIENTED_EDGE('',*,*,#3836,.T.);
#4957=ORIENTED_EDGE('',*,*,#3873,.F.);
#4958=ORIENTED_EDGE('',*,*,#3640,.T.);
#4959=ORIENTED_EDGE('',*,*,#3826,.T.);
#4960=ORIENTED_EDGE('',*,*,#3874,.F.);
#4961=ORIENTED_EDGE('',*,*,#3875,.T.);
#4962=ORIENTED_EDGE('',*,*,#3829,.T.);
#4963=ORIENTED_EDGE('',*,*,#3876,.F.);
#4964=ORIENTED_EDGE('',*,*,#3633,.F.);
#4965=ORIENTED_EDGE('',*,*,#3855,.T.);
#4966=ORIENTED_EDGE('',*,*,#3877,.T.);
#4967=ORIENTED_EDGE('',*,*,#3788,.F.);
#4968=ORIENTED_EDGE('',*,*,#3878,.F.);
#4969=ORIENTED_EDGE('',*,*,#3871,.F.);
#4970=ORIENTED_EDGE('',*,*,#3854,.T.);
#4971=ORIENTED_EDGE('',*,*,#3879,.T.);
#4972=ORIENTED_EDGE('',*,*,#3789,.F.);
#4973=ORIENTED_EDGE('',*,*,#3877,.F.);
#4974=ORIENTED_EDGE('',*,*,#3880,.F.);
#4975=ORIENTED_EDGE('',*,*,#3881,.F.);
#4976=ORIENTED_EDGE('',*,*,#3882,.F.);
#4977=ORIENTED_EDGE('',*,*,#3883,.F.);
#4978=ORIENTED_EDGE('',*,*,#3884,.F.);
#4979=ORIENTED_EDGE('',*,*,#3790,.F.);
#4980=ORIENTED_EDGE('',*,*,#3879,.F.);
#4981=ORIENTED_EDGE('',*,*,#3853,.F.);
#4982=ORIENTED_EDGE('',*,*,#3831,.F.);
#4983=ORIENTED_EDGE('',*,*,#3885,.F.);
#4984=ORIENTED_EDGE('',*,*,#3886,.F.);
#4985=ORIENTED_EDGE('',*,*,#3887,.F.);
#4986=ORIENTED_EDGE('',*,*,#3888,.T.);
#4987=ORIENTED_EDGE('',*,*,#3792,.F.);
#4988=ORIENTED_EDGE('',*,*,#3889,.F.);
#4989=ORIENTED_EDGE('',*,*,#3890,.F.);
#4990=ORIENTED_EDGE('',*,*,#3891,.F.);
#4991=ORIENTED_EDGE('',*,*,#3892,.F.);
#4992=ORIENTED_EDGE('',*,*,#3893,.F.);
#4993=ORIENTED_EDGE('',*,*,#3894,.F.);
#4994=ORIENTED_EDGE('',*,*,#3895,.F.);
#4995=ORIENTED_EDGE('',*,*,#3896,.F.);
#4996=ORIENTED_EDGE('',*,*,#3828,.T.);
#4997=ORIENTED_EDGE('',*,*,#3816,.F.);
#4998=ORIENTED_EDGE('',*,*,#3815,.T.);
#4999=ORIENTED_EDGE('',*,*,#3897,.T.);
#5000=ORIENTED_EDGE('',*,*,#3793,.F.);
#5001=ORIENTED_EDGE('',*,*,#3888,.F.);
#5002=ORIENTED_EDGE('',*,*,#3820,.T.);
#5003=ORIENTED_EDGE('',*,*,#3898,.F.);
#5004=ORIENTED_EDGE('',*,*,#3899,.T.);
#5005=ORIENTED_EDGE('',*,*,#3794,.F.);
#5006=ORIENTED_EDGE('',*,*,#3897,.F.);
#5007=ORIENTED_EDGE('',*,*,#3819,.T.);
#5008=ORIENTED_EDGE('',*,*,#3900,.F.);
#5009=ORIENTED_EDGE('',*,*,#3898,.T.);
#5010=ORIENTED_EDGE('',*,*,#3810,.T.);
#5011=ORIENTED_EDGE('',*,*,#3901,.T.);
#5012=ORIENTED_EDGE('',*,*,#3902,.F.);
#5013=ORIENTED_EDGE('',*,*,#3850,.T.);
#5014=ORIENTED_EDGE('',*,*,#3630,.F.);
#5015=ORIENTED_EDGE('',*,*,#3903,.F.);
#5016=ORIENTED_EDGE('',*,*,#3859,.T.);
#5017=ORIENTED_EDGE('',*,*,#3866,.T.);
#5018=ORIENTED_EDGE('',*,*,#3870,.T.);
#5019=ORIENTED_EDGE('',*,*,#3904,.F.);
#5020=ORIENTED_EDGE('',*,*,#3905,.F.);
#5021=ORIENTED_EDGE('',*,*,#3906,.F.);
#5022=ORIENTED_EDGE('',*,*,#3907,.F.);
#5023=ORIENTED_EDGE('',*,*,#3795,.F.);
#5024=ORIENTED_EDGE('',*,*,#3899,.F.);
#5025=ORIENTED_EDGE('',*,*,#3908,.F.);
#5026=ORIENTED_EDGE('',*,*,#3909,.F.);
#5027=ORIENTED_EDGE('',*,*,#3910,.F.);
#5028=ORIENTED_EDGE('',*,*,#3911,.F.);
#5029=ORIENTED_EDGE('',*,*,#3912,.F.);
#5030=ORIENTED_EDGE('',*,*,#3913,.F.);
#5031=ORIENTED_EDGE('',*,*,#3914,.F.);
#5032=ORIENTED_EDGE('',*,*,#3814,.F.);
#5033=ORIENTED_EDGE('',*,*,#3842,.F.);
#5034=ORIENTED_EDGE('',*,*,#3915,.F.);
#5035=ORIENTED_EDGE('',*,*,#3916,.F.);
#5036=ORIENTED_EDGE('',*,*,#3917,.F.);
#5037=ORIENTED_EDGE('',*,*,#3918,.T.);
#5038=ORIENTED_EDGE('',*,*,#3919,.F.);
#5039=ORIENTED_EDGE('',*,*,#3920,.F.);
#5040=ORIENTED_EDGE('',*,*,#3921,.F.);
#5041=ORIENTED_EDGE('',*,*,#3922,.F.);
#5042=ORIENTED_EDGE('',*,*,#3923,.F.);
#5043=ORIENTED_EDGE('',*,*,#3924,.F.);
#5044=ORIENTED_EDGE('',*,*,#3925,.F.);
#5045=ORIENTED_EDGE('',*,*,#3926,.F.);
#5046=ORIENTED_EDGE('',*,*,#3927,.F.);
#5047=ORIENTED_EDGE('',*,*,#3839,.T.);
#5048=ORIENTED_EDGE('',*,*,#3823,.F.);
#5049=ORIENTED_EDGE('',*,*,#3928,.F.);
#5050=ORIENTED_EDGE('',*,*,#3929,.F.);
#5051=ORIENTED_EDGE('',*,*,#3930,.F.);
#5052=ORIENTED_EDGE('',*,*,#3931,.F.);
#5053=ORIENTED_EDGE('',*,*,#3932,.F.);
#5054=ORIENTED_EDGE('',*,*,#3933,.F.);
#5055=ORIENTED_EDGE('',*,*,#3934,.F.);
#5056=ORIENTED_EDGE('',*,*,#3935,.F.);
#5057=ORIENTED_EDGE('',*,*,#3936,.F.);
#5058=ORIENTED_EDGE('',*,*,#3937,.F.);
#5059=ORIENTED_EDGE('',*,*,#3878,.T.);
#5060=ORIENTED_EDGE('',*,*,#3787,.F.);
#5061=ORIENTED_EDGE('',*,*,#3808,.T.);
#5062=ORIENTED_EDGE('',*,*,#3914,.T.);
#5063=ORIENTED_EDGE('',*,*,#3938,.F.);
#5064=ORIENTED_EDGE('',*,*,#3939,.F.);
#5065=ORIENTED_EDGE('',*,*,#3809,.T.);
#5066=ORIENTED_EDGE('',*,*,#3939,.T.);
#5067=ORIENTED_EDGE('',*,*,#3940,.F.);
#5068=ORIENTED_EDGE('',*,*,#3941,.F.);
#5069=ORIENTED_EDGE('',*,*,#3901,.F.);
#5070=ORIENTED_EDGE('',*,*,#3942,.F.);
#5071=ORIENTED_EDGE('',*,*,#3941,.T.);
#5072=ORIENTED_EDGE('',*,*,#3943,.F.);
#5073=ORIENTED_EDGE('',*,*,#3944,.F.);
#5074=ORIENTED_EDGE('',*,*,#3945,.F.);
#5075=ORIENTED_EDGE('',*,*,#3946,.F.);
#5076=ORIENTED_EDGE('',*,*,#3821,.T.);
#5077=ORIENTED_EDGE('',*,*,#3875,.F.);
#5078=ORIENTED_EDGE('',*,*,#3930,.T.);
#5079=ORIENTED_EDGE('',*,*,#3947,.F.);
#5080=ORIENTED_EDGE('',*,*,#3948,.F.);
#5081=ORIENTED_EDGE('',*,*,#3822,.T.);
#5082=ORIENTED_EDGE('',*,*,#3948,.T.);
#5083=ORIENTED_EDGE('',*,*,#3949,.F.);
#5084=ORIENTED_EDGE('',*,*,#3918,.F.);
#5085=ORIENTED_EDGE('',*,*,#3785,.T.);
#5086=ORIENTED_EDGE('',*,*,#3779,.F.);
#5087=ORIENTED_EDGE('',*,*,#3943,.T.);
#5088=ORIENTED_EDGE('',*,*,#3940,.T.);
#5089=ORIENTED_EDGE('',*,*,#3938,.T.);
#5090=ORIENTED_EDGE('',*,*,#3913,.T.);
#5091=ORIENTED_EDGE('',*,*,#3950,.F.);
#5092=ORIENTED_EDGE('',*,*,#3919,.T.);
#5093=ORIENTED_EDGE('',*,*,#3949,.T.);
#5094=ORIENTED_EDGE('',*,*,#3947,.T.);
#5095=ORIENTED_EDGE('',*,*,#3929,.T.);
#5096=ORIENTED_EDGE('',*,*,#3725,.F.);
#5097=ORIENTED_EDGE('',*,*,#3837,.T.);
#5098=ORIENTED_EDGE('',*,*,#3616,.T.);
#5099=ORIENTED_EDGE('',*,*,#3951,.F.);
#5100=ORIENTED_EDGE('',*,*,#3952,.T.);
#5101=ORIENTED_EDGE('',*,*,#3953,.F.);
#5102=ORIENTED_EDGE('',*,*,#3717,.T.);
#5103=ORIENTED_EDGE('',*,*,#3743,.T.);
#5104=ORIENTED_EDGE('',*,*,#3954,.T.);
#5105=ORIENTED_EDGE('',*,*,#3955,.T.);
#5106=ORIENTED_EDGE('',*,*,#3956,.F.);
#5107=ORIENTED_EDGE('',*,*,#3718,.T.);
#5108=ORIENTED_EDGE('',*,*,#3953,.T.);
#5109=ORIENTED_EDGE('',*,*,#3957,.T.);
#5110=ORIENTED_EDGE('',*,*,#3958,.F.);
#5111=ORIENTED_EDGE('',*,*,#3719,.T.);
#5112=ORIENTED_EDGE('',*,*,#3956,.T.);
#5113=ORIENTED_EDGE('',*,*,#3959,.T.);
#5114=ORIENTED_EDGE('',*,*,#3960,.F.);
#5115=ORIENTED_EDGE('',*,*,#3720,.T.);
#5116=ORIENTED_EDGE('',*,*,#3958,.T.);
#5117=ORIENTED_EDGE('',*,*,#3961,.T.);
#5118=ORIENTED_EDGE('',*,*,#3962,.F.);
#5119=ORIENTED_EDGE('',*,*,#3733,.T.);
#5120=ORIENTED_EDGE('',*,*,#3721,.T.);
#5121=ORIENTED_EDGE('',*,*,#3960,.T.);
#5122=ORIENTED_EDGE('',*,*,#3963,.T.);
#5123=ORIENTED_EDGE('',*,*,#3964,.F.);
#5124=ORIENTED_EDGE('',*,*,#3734,.T.);
#5125=ORIENTED_EDGE('',*,*,#3962,.T.);
#5126=ORIENTED_EDGE('',*,*,#3965,.T.);
#5127=ORIENTED_EDGE('',*,*,#3966,.F.);
#5128=ORIENTED_EDGE('',*,*,#3735,.T.);
#5129=ORIENTED_EDGE('',*,*,#3964,.T.);
#5130=ORIENTED_EDGE('',*,*,#3967,.T.);
#5131=ORIENTED_EDGE('',*,*,#3968,.F.);
#5132=ORIENTED_EDGE('',*,*,#3736,.T.);
#5133=ORIENTED_EDGE('',*,*,#3966,.T.);
#5134=ORIENTED_EDGE('',*,*,#3969,.T.);
#5135=ORIENTED_EDGE('',*,*,#3970,.F.);
#5136=ORIENTED_EDGE('',*,*,#3737,.T.);
#5137=ORIENTED_EDGE('',*,*,#3968,.T.);
#5138=ORIENTED_EDGE('',*,*,#3971,.T.);
#5139=ORIENTED_EDGE('',*,*,#3972,.F.);
#5140=ORIENTED_EDGE('',*,*,#3738,.T.);
#5141=ORIENTED_EDGE('',*,*,#3970,.T.);
#5142=ORIENTED_EDGE('',*,*,#3973,.T.);
#5143=ORIENTED_EDGE('',*,*,#3974,.F.);
#5144=ORIENTED_EDGE('',*,*,#3934,.T.);
#5145=ORIENTED_EDGE('',*,*,#3739,.T.);
#5146=ORIENTED_EDGE('',*,*,#3972,.T.);
#5147=ORIENTED_EDGE('',*,*,#3975,.T.);
#5148=ORIENTED_EDGE('',*,*,#3976,.F.);
#5149=ORIENTED_EDGE('',*,*,#3935,.T.);
#5150=ORIENTED_EDGE('',*,*,#3974,.T.);
#5151=ORIENTED_EDGE('',*,*,#3977,.T.);
#5152=ORIENTED_EDGE('',*,*,#3978,.F.);
#5153=ORIENTED_EDGE('',*,*,#3936,.T.);
#5154=ORIENTED_EDGE('',*,*,#3976,.T.);
#5155=ORIENTED_EDGE('',*,*,#3979,.T.);
#5156=ORIENTED_EDGE('',*,*,#3980,.F.);
#5157=ORIENTED_EDGE('',*,*,#3861,.T.);
#5158=ORIENTED_EDGE('',*,*,#3872,.T.);
#5159=ORIENTED_EDGE('',*,*,#3937,.T.);
#5160=ORIENTED_EDGE('',*,*,#3978,.T.);
#5161=ORIENTED_EDGE('',*,*,#3981,.T.);
#5162=ORIENTED_EDGE('',*,*,#3982,.F.);
#5163=ORIENTED_EDGE('',*,*,#3862,.T.);
#5164=ORIENTED_EDGE('',*,*,#3980,.T.);
#5165=ORIENTED_EDGE('',*,*,#3983,.T.);
#5166=ORIENTED_EDGE('',*,*,#3984,.F.);
#5167=ORIENTED_EDGE('',*,*,#3863,.T.);
#5168=ORIENTED_EDGE('',*,*,#3982,.T.);
#5169=ORIENTED_EDGE('',*,*,#3985,.T.);
#5170=ORIENTED_EDGE('',*,*,#3641,.F.);
#5171=ORIENTED_EDGE('',*,*,#3873,.T.);
#5172=ORIENTED_EDGE('',*,*,#3864,.T.);
#5173=ORIENTED_EDGE('',*,*,#3984,.T.);
#5174=ORIENTED_EDGE('',*,*,#3986,.T.);
#5175=ORIENTED_EDGE('',*,*,#3987,.F.);
#5176=ORIENTED_EDGE('',*,*,#3796,.T.);
#5177=ORIENTED_EDGE('',*,*,#3951,.T.);
#5178=ORIENTED_EDGE('',*,*,#3615,.T.);
#5179=ORIENTED_EDGE('',*,*,#3988,.T.);
#5180=ORIENTED_EDGE('',*,*,#3989,.F.);
#5181=ORIENTED_EDGE('',*,*,#3797,.T.);
#5182=ORIENTED_EDGE('',*,*,#3987,.T.);
#5183=ORIENTED_EDGE('',*,*,#3990,.T.);
#5184=ORIENTED_EDGE('',*,*,#3991,.F.);
#5185=ORIENTED_EDGE('',*,*,#3798,.T.);
#5186=ORIENTED_EDGE('',*,*,#3989,.T.);
#5187=ORIENTED_EDGE('',*,*,#3992,.T.);
#5188=ORIENTED_EDGE('',*,*,#3993,.F.);
#5189=ORIENTED_EDGE('',*,*,#3931,.T.);
#5190=ORIENTED_EDGE('',*,*,#3874,.T.);
#5191=ORIENTED_EDGE('',*,*,#3799,.T.);
#5192=ORIENTED_EDGE('',*,*,#3991,.T.);
#5193=ORIENTED_EDGE('',*,*,#3994,.T.);
#5194=ORIENTED_EDGE('',*,*,#3995,.F.);
#5195=ORIENTED_EDGE('',*,*,#3932,.T.);
#5196=ORIENTED_EDGE('',*,*,#3993,.T.);
#5197=ORIENTED_EDGE('',*,*,#3996,.T.);
#5198=ORIENTED_EDGE('',*,*,#3997,.F.);
#5199=ORIENTED_EDGE('',*,*,#3933,.T.);
#5200=ORIENTED_EDGE('',*,*,#3995,.T.);
#5201=ORIENTED_EDGE('',*,*,#3998,.T.);
#5202=ORIENTED_EDGE('',*,*,#3999,.F.);
#5203=ORIENTED_EDGE('',*,*,#3726,.T.);
#5204=ORIENTED_EDGE('',*,*,#3928,.T.);
#5205=ORIENTED_EDGE('',*,*,#3997,.T.);
#5206=ORIENTED_EDGE('',*,*,#4000,.T.);
#5207=ORIENTED_EDGE('',*,*,#4001,.F.);
#5208=ORIENTED_EDGE('',*,*,#3727,.T.);
#5209=ORIENTED_EDGE('',*,*,#3999,.T.);
#5210=ORIENTED_EDGE('',*,*,#4002,.T.);
#5211=ORIENTED_EDGE('',*,*,#4003,.F.);
#5212=ORIENTED_EDGE('',*,*,#3728,.T.);
#5213=ORIENTED_EDGE('',*,*,#4001,.T.);
#5214=ORIENTED_EDGE('',*,*,#4004,.T.);
#5215=ORIENTED_EDGE('',*,*,#4005,.F.);
#5216=ORIENTED_EDGE('',*,*,#3729,.T.);
#5217=ORIENTED_EDGE('',*,*,#4003,.T.);
#5218=ORIENTED_EDGE('',*,*,#4006,.T.);
#5219=ORIENTED_EDGE('',*,*,#4007,.F.);
#5220=ORIENTED_EDGE('',*,*,#3730,.T.);
#5221=ORIENTED_EDGE('',*,*,#4005,.T.);
#5222=ORIENTED_EDGE('',*,*,#4008,.T.);
#5223=ORIENTED_EDGE('',*,*,#4009,.F.);
#5224=ORIENTED_EDGE('',*,*,#3731,.T.);
#5225=ORIENTED_EDGE('',*,*,#4007,.T.);
#5226=ORIENTED_EDGE('',*,*,#4010,.T.);
#5227=ORIENTED_EDGE('',*,*,#4011,.F.);
#5228=ORIENTED_EDGE('',*,*,#3713,.T.);
#5229=ORIENTED_EDGE('',*,*,#3732,.T.);
#5230=ORIENTED_EDGE('',*,*,#4009,.T.);
#5231=ORIENTED_EDGE('',*,*,#4012,.T.);
#5232=ORIENTED_EDGE('',*,*,#4013,.F.);
#5233=ORIENTED_EDGE('',*,*,#3714,.T.);
#5234=ORIENTED_EDGE('',*,*,#4011,.T.);
#5235=ORIENTED_EDGE('',*,*,#4014,.T.);
#5236=ORIENTED_EDGE('',*,*,#4015,.F.);
#5237=ORIENTED_EDGE('',*,*,#3715,.T.);
#5238=ORIENTED_EDGE('',*,*,#4013,.T.);
#5239=ORIENTED_EDGE('',*,*,#4016,.T.);
#5240=ORIENTED_EDGE('',*,*,#4017,.F.);
#5241=ORIENTED_EDGE('',*,*,#3716,.T.);
#5242=ORIENTED_EDGE('',*,*,#4015,.T.);
#5243=ORIENTED_EDGE('',*,*,#4018,.T.);
#5244=ORIENTED_EDGE('',*,*,#4019,.F.);
#5245=ORIENTED_EDGE('',*,*,#3741,.T.);
#5246=ORIENTED_EDGE('',*,*,#3711,.T.);
#5247=ORIENTED_EDGE('',*,*,#4017,.T.);
#5248=ORIENTED_EDGE('',*,*,#4020,.T.);
#5249=ORIENTED_EDGE('',*,*,#3954,.F.);
#5250=ORIENTED_EDGE('',*,*,#3742,.T.);
#5251=ORIENTED_EDGE('',*,*,#4019,.T.);
#5252=ORIENTED_EDGE('',*,*,#3986,.F.);
#5253=ORIENTED_EDGE('',*,*,#3614,.F.);
#5254=ORIENTED_EDGE('',*,*,#3985,.F.);
#5255=ORIENTED_EDGE('',*,*,#3983,.F.);
#5256=ORIENTED_EDGE('',*,*,#3981,.F.);
#5257=ORIENTED_EDGE('',*,*,#3979,.F.);
#5258=ORIENTED_EDGE('',*,*,#3977,.F.);
#5259=ORIENTED_EDGE('',*,*,#3975,.F.);
#5260=ORIENTED_EDGE('',*,*,#3973,.F.);
#5261=ORIENTED_EDGE('',*,*,#3971,.F.);
#5262=ORIENTED_EDGE('',*,*,#3969,.F.);
#5263=ORIENTED_EDGE('',*,*,#3967,.F.);
#5264=ORIENTED_EDGE('',*,*,#3965,.F.);
#5265=ORIENTED_EDGE('',*,*,#3963,.F.);
#5266=ORIENTED_EDGE('',*,*,#3961,.F.);
#5267=ORIENTED_EDGE('',*,*,#3959,.F.);
#5268=ORIENTED_EDGE('',*,*,#3957,.F.);
#5269=ORIENTED_EDGE('',*,*,#3955,.F.);
#5270=ORIENTED_EDGE('',*,*,#3952,.F.);
#5271=ORIENTED_EDGE('',*,*,#4020,.F.);
#5272=ORIENTED_EDGE('',*,*,#4018,.F.);
#5273=ORIENTED_EDGE('',*,*,#4016,.F.);
#5274=ORIENTED_EDGE('',*,*,#4014,.F.);
#5275=ORIENTED_EDGE('',*,*,#4012,.F.);
#5276=ORIENTED_EDGE('',*,*,#4010,.F.);
#5277=ORIENTED_EDGE('',*,*,#4008,.F.);
#5278=ORIENTED_EDGE('',*,*,#4006,.F.);
#5279=ORIENTED_EDGE('',*,*,#4004,.F.);
#5280=ORIENTED_EDGE('',*,*,#4002,.F.);
#5281=ORIENTED_EDGE('',*,*,#4000,.F.);
#5282=ORIENTED_EDGE('',*,*,#3998,.F.);
#5283=ORIENTED_EDGE('',*,*,#3996,.F.);
#5284=ORIENTED_EDGE('',*,*,#3994,.F.);
#5285=ORIENTED_EDGE('',*,*,#3992,.F.);
#5286=ORIENTED_EDGE('',*,*,#3990,.F.);
#5287=ORIENTED_EDGE('',*,*,#3988,.F.);
#5288=ORIENTED_EDGE('',*,*,#3950,.T.);
#5289=ORIENTED_EDGE('',*,*,#4021,.F.);
#5290=ORIENTED_EDGE('',*,*,#4022,.F.);
#5291=ORIENTED_EDGE('',*,*,#4023,.F.);
#5292=ORIENTED_EDGE('',*,*,#4024,.F.);
#5293=ORIENTED_EDGE('',*,*,#4025,.F.);
#5294=ORIENTED_EDGE('',*,*,#4026,.F.);
#5295=ORIENTED_EDGE('',*,*,#4027,.F.);
#5296=ORIENTED_EDGE('',*,*,#4028,.F.);
#5297=ORIENTED_EDGE('',*,*,#4029,.F.);
#5298=ORIENTED_EDGE('',*,*,#4030,.F.);
#5299=ORIENTED_EDGE('',*,*,#4031,.F.);
#5300=ORIENTED_EDGE('',*,*,#4032,.F.);
#5301=ORIENTED_EDGE('',*,*,#4033,.F.);
#5302=ORIENTED_EDGE('',*,*,#4034,.F.);
#5303=ORIENTED_EDGE('',*,*,#4035,.F.);
#5304=ORIENTED_EDGE('',*,*,#4036,.F.);
#5305=ORIENTED_EDGE('',*,*,#4037,.F.);
#5306=ORIENTED_EDGE('',*,*,#4038,.F.);
#5307=ORIENTED_EDGE('',*,*,#4039,.F.);
#5308=ORIENTED_EDGE('',*,*,#4040,.F.);
#5309=ORIENTED_EDGE('',*,*,#4041,.F.);
#5310=ORIENTED_EDGE('',*,*,#4042,.T.);
#5311=ORIENTED_EDGE('',*,*,#4043,.F.);
#5312=ORIENTED_EDGE('',*,*,#4032,.T.);
#5313=ORIENTED_EDGE('',*,*,#4044,.T.);
#5314=ORIENTED_EDGE('',*,*,#4045,.T.);
#5315=ORIENTED_EDGE('',*,*,#4046,.F.);
#5316=ORIENTED_EDGE('',*,*,#4033,.T.);
#5317=ORIENTED_EDGE('',*,*,#4043,.T.);
#5318=ORIENTED_EDGE('',*,*,#4047,.T.);
#5319=ORIENTED_EDGE('',*,*,#4048,.F.);
#5320=ORIENTED_EDGE('',*,*,#4034,.T.);
#5321=ORIENTED_EDGE('',*,*,#4046,.T.);
#5322=ORIENTED_EDGE('',*,*,#4049,.T.);
#5323=ORIENTED_EDGE('',*,*,#4050,.F.);
#5324=ORIENTED_EDGE('',*,*,#4035,.T.);
#5325=ORIENTED_EDGE('',*,*,#4048,.T.);
#5326=ORIENTED_EDGE('',*,*,#4051,.T.);
#5327=ORIENTED_EDGE('',*,*,#4052,.F.);
#5328=ORIENTED_EDGE('',*,*,#4036,.T.);
#5329=ORIENTED_EDGE('',*,*,#4050,.T.);
#5330=ORIENTED_EDGE('',*,*,#4053,.T.);
#5331=ORIENTED_EDGE('',*,*,#4054,.F.);
#5332=ORIENTED_EDGE('',*,*,#4037,.T.);
#5333=ORIENTED_EDGE('',*,*,#4052,.T.);
#5334=ORIENTED_EDGE('',*,*,#4055,.T.);
#5335=ORIENTED_EDGE('',*,*,#4056,.F.);
#5336=ORIENTED_EDGE('',*,*,#4038,.T.);
#5337=ORIENTED_EDGE('',*,*,#4054,.T.);
#5338=ORIENTED_EDGE('',*,*,#4057,.T.);
#5339=ORIENTED_EDGE('',*,*,#4058,.F.);
#5340=ORIENTED_EDGE('',*,*,#4039,.T.);
#5341=ORIENTED_EDGE('',*,*,#4056,.T.);
#5342=ORIENTED_EDGE('',*,*,#4059,.T.);
#5343=ORIENTED_EDGE('',*,*,#4060,.F.);
#5344=ORIENTED_EDGE('',*,*,#4040,.T.);
#5345=ORIENTED_EDGE('',*,*,#4058,.T.);
#5346=ORIENTED_EDGE('',*,*,#4061,.T.);
#5347=ORIENTED_EDGE('',*,*,#4062,.F.);
#5348=ORIENTED_EDGE('',*,*,#3920,.T.);
#5349=ORIENTED_EDGE('',*,*,#4041,.T.);
#5350=ORIENTED_EDGE('',*,*,#4060,.T.);
#5351=ORIENTED_EDGE('',*,*,#4063,.T.);
#5352=ORIENTED_EDGE('',*,*,#4064,.F.);
#5353=ORIENTED_EDGE('',*,*,#3921,.T.);
#5354=ORIENTED_EDGE('',*,*,#4062,.T.);
#5355=ORIENTED_EDGE('',*,*,#4065,.T.);
#5356=ORIENTED_EDGE('',*,*,#4066,.F.);
#5357=ORIENTED_EDGE('',*,*,#3922,.T.);
#5358=ORIENTED_EDGE('',*,*,#4064,.T.);
#5359=ORIENTED_EDGE('',*,*,#4067,.T.);
#5360=ORIENTED_EDGE('',*,*,#4068,.F.);
#5361=ORIENTED_EDGE('',*,*,#3923,.T.);
#5362=ORIENTED_EDGE('',*,*,#4066,.T.);
#5363=ORIENTED_EDGE('',*,*,#4069,.T.);
#5364=ORIENTED_EDGE('',*,*,#4070,.F.);
#5365=ORIENTED_EDGE('',*,*,#3924,.T.);
#5366=ORIENTED_EDGE('',*,*,#4068,.T.);
#5367=ORIENTED_EDGE('',*,*,#4071,.T.);
#5368=ORIENTED_EDGE('',*,*,#4072,.F.);
#5369=ORIENTED_EDGE('',*,*,#3925,.T.);
#5370=ORIENTED_EDGE('',*,*,#4070,.T.);
#5371=ORIENTED_EDGE('',*,*,#4073,.T.);
#5372=ORIENTED_EDGE('',*,*,#4074,.F.);
#5373=ORIENTED_EDGE('',*,*,#3926,.T.);
#5374=ORIENTED_EDGE('',*,*,#4072,.T.);
#5375=ORIENTED_EDGE('',*,*,#4075,.T.);
#5376=ORIENTED_EDGE('',*,*,#3620,.F.);
#5377=ORIENTED_EDGE('',*,*,#3868,.T.);
#5378=ORIENTED_EDGE('',*,*,#3927,.T.);
#5379=ORIENTED_EDGE('',*,*,#4074,.T.);
#5380=ORIENTED_EDGE('',*,*,#4076,.T.);
#5381=ORIENTED_EDGE('',*,*,#4077,.F.);
#5382=ORIENTED_EDGE('',*,*,#3915,.T.);
#5383=ORIENTED_EDGE('',*,*,#3867,.T.);
#5384=ORIENTED_EDGE('',*,*,#3622,.T.);
#5385=ORIENTED_EDGE('',*,*,#4078,.T.);
#5386=ORIENTED_EDGE('',*,*,#4079,.F.);
#5387=ORIENTED_EDGE('',*,*,#3916,.T.);
#5388=ORIENTED_EDGE('',*,*,#4077,.T.);
#5389=ORIENTED_EDGE('',*,*,#4080,.T.);
#5390=ORIENTED_EDGE('',*,*,#4081,.F.);
#5391=ORIENTED_EDGE('',*,*,#3917,.T.);
#5392=ORIENTED_EDGE('',*,*,#4079,.T.);
#5393=ORIENTED_EDGE('',*,*,#4082,.T.);
#5394=ORIENTED_EDGE('',*,*,#4083,.F.);
#5395=ORIENTED_EDGE('',*,*,#3908,.T.);
#5396=ORIENTED_EDGE('',*,*,#4081,.T.);
#5397=ORIENTED_EDGE('',*,*,#4084,.T.);
#5398=ORIENTED_EDGE('',*,*,#4085,.F.);
#5399=ORIENTED_EDGE('',*,*,#3909,.T.);
#5400=ORIENTED_EDGE('',*,*,#4083,.T.);
#5401=ORIENTED_EDGE('',*,*,#4086,.T.);
#5402=ORIENTED_EDGE('',*,*,#4087,.F.);
#5403=ORIENTED_EDGE('',*,*,#3910,.T.);
#5404=ORIENTED_EDGE('',*,*,#4085,.T.);
#5405=ORIENTED_EDGE('',*,*,#4088,.T.);
#5406=ORIENTED_EDGE('',*,*,#4089,.F.);
#5407=ORIENTED_EDGE('',*,*,#3911,.T.);
#5408=ORIENTED_EDGE('',*,*,#4087,.T.);
#5409=ORIENTED_EDGE('',*,*,#4090,.T.);
#5410=ORIENTED_EDGE('',*,*,#4091,.F.);
#5411=ORIENTED_EDGE('',*,*,#4021,.T.);
#5412=ORIENTED_EDGE('',*,*,#3912,.T.);
#5413=ORIENTED_EDGE('',*,*,#4089,.T.);
#5414=ORIENTED_EDGE('',*,*,#4092,.T.);
#5415=ORIENTED_EDGE('',*,*,#4093,.F.);
#5416=ORIENTED_EDGE('',*,*,#4022,.T.);
#5417=ORIENTED_EDGE('',*,*,#4091,.T.);
#5418=ORIENTED_EDGE('',*,*,#4094,.T.);
#5419=ORIENTED_EDGE('',*,*,#4095,.F.);
#5420=ORIENTED_EDGE('',*,*,#4023,.T.);
#5421=ORIENTED_EDGE('',*,*,#4093,.T.);
#5422=ORIENTED_EDGE('',*,*,#4096,.T.);
#5423=ORIENTED_EDGE('',*,*,#4097,.F.);
#5424=ORIENTED_EDGE('',*,*,#4024,.T.);
#5425=ORIENTED_EDGE('',*,*,#4095,.T.);
#5426=ORIENTED_EDGE('',*,*,#4098,.T.);
#5427=ORIENTED_EDGE('',*,*,#4099,.F.);
#5428=ORIENTED_EDGE('',*,*,#4025,.T.);
#5429=ORIENTED_EDGE('',*,*,#4097,.T.);
#5430=ORIENTED_EDGE('',*,*,#4100,.T.);
#5431=ORIENTED_EDGE('',*,*,#4101,.F.);
#5432=ORIENTED_EDGE('',*,*,#4026,.T.);
#5433=ORIENTED_EDGE('',*,*,#4099,.T.);
#5434=ORIENTED_EDGE('',*,*,#4102,.T.);
#5435=ORIENTED_EDGE('',*,*,#4103,.F.);
#5436=ORIENTED_EDGE('',*,*,#4027,.T.);
#5437=ORIENTED_EDGE('',*,*,#4101,.T.);
#5438=ORIENTED_EDGE('',*,*,#4104,.T.);
#5439=ORIENTED_EDGE('',*,*,#4105,.F.);
#5440=ORIENTED_EDGE('',*,*,#4028,.T.);
#5441=ORIENTED_EDGE('',*,*,#4103,.T.);
#5442=ORIENTED_EDGE('',*,*,#4106,.T.);
#5443=ORIENTED_EDGE('',*,*,#4107,.F.);
#5444=ORIENTED_EDGE('',*,*,#4029,.T.);
#5445=ORIENTED_EDGE('',*,*,#4105,.T.);
#5446=ORIENTED_EDGE('',*,*,#4108,.T.);
#5447=ORIENTED_EDGE('',*,*,#4109,.F.);
#5448=ORIENTED_EDGE('',*,*,#4030,.T.);
#5449=ORIENTED_EDGE('',*,*,#4107,.T.);
#5450=ORIENTED_EDGE('',*,*,#4110,.T.);
#5451=ORIENTED_EDGE('',*,*,#4044,.F.);
#5452=ORIENTED_EDGE('',*,*,#4031,.T.);
#5453=ORIENTED_EDGE('',*,*,#4109,.T.);
#5454=ORIENTED_EDGE('',*,*,#4076,.F.);
#5455=ORIENTED_EDGE('',*,*,#3621,.F.);
#5456=ORIENTED_EDGE('',*,*,#4075,.F.);
#5457=ORIENTED_EDGE('',*,*,#4073,.F.);
#5458=ORIENTED_EDGE('',*,*,#4071,.F.);
#5459=ORIENTED_EDGE('',*,*,#4069,.F.);
#5460=ORIENTED_EDGE('',*,*,#4067,.F.);
#5461=ORIENTED_EDGE('',*,*,#4065,.F.);
#5462=ORIENTED_EDGE('',*,*,#4063,.F.);
#5463=ORIENTED_EDGE('',*,*,#4061,.F.);
#5464=ORIENTED_EDGE('',*,*,#4059,.F.);
#5465=ORIENTED_EDGE('',*,*,#4057,.F.);
#5466=ORIENTED_EDGE('',*,*,#4055,.F.);
#5467=ORIENTED_EDGE('',*,*,#4053,.F.);
#5468=ORIENTED_EDGE('',*,*,#4051,.F.);
#5469=ORIENTED_EDGE('',*,*,#4049,.F.);
#5470=ORIENTED_EDGE('',*,*,#4047,.F.);
#5471=ORIENTED_EDGE('',*,*,#4045,.F.);
#5472=ORIENTED_EDGE('',*,*,#4042,.F.);
#5473=ORIENTED_EDGE('',*,*,#4110,.F.);
#5474=ORIENTED_EDGE('',*,*,#4108,.F.);
#5475=ORIENTED_EDGE('',*,*,#4106,.F.);
#5476=ORIENTED_EDGE('',*,*,#4104,.F.);
#5477=ORIENTED_EDGE('',*,*,#4102,.F.);
#5478=ORIENTED_EDGE('',*,*,#4100,.F.);
#5479=ORIENTED_EDGE('',*,*,#4098,.F.);
#5480=ORIENTED_EDGE('',*,*,#4096,.F.);
#5481=ORIENTED_EDGE('',*,*,#4094,.F.);
#5482=ORIENTED_EDGE('',*,*,#4092,.F.);
#5483=ORIENTED_EDGE('',*,*,#4090,.F.);
#5484=ORIENTED_EDGE('',*,*,#4088,.F.);
#5485=ORIENTED_EDGE('',*,*,#4086,.F.);
#5486=ORIENTED_EDGE('',*,*,#4084,.F.);
#5487=ORIENTED_EDGE('',*,*,#4082,.F.);
#5488=ORIENTED_EDGE('',*,*,#4080,.F.);
#5489=ORIENTED_EDGE('',*,*,#4078,.F.);
#5490=ORIENTED_EDGE('',*,*,#3830,.T.);
#5491=ORIENTED_EDGE('',*,*,#3637,.F.);
#5492=ORIENTED_EDGE('',*,*,#4111,.F.);
#5493=ORIENTED_EDGE('',*,*,#4112,.T.);
#5494=ORIENTED_EDGE('',*,*,#4113,.F.);
#5495=ORIENTED_EDGE('',*,*,#4114,.T.);
#5496=ORIENTED_EDGE('',*,*,#4115,.T.);
#5497=ORIENTED_EDGE('',*,*,#4116,.T.);
#5498=ORIENTED_EDGE('',*,*,#4117,.F.);
#5499=ORIENTED_EDGE('',*,*,#4118,.T.);
#5500=ORIENTED_EDGE('',*,*,#4113,.T.);
#5501=ORIENTED_EDGE('',*,*,#4119,.T.);
#5502=ORIENTED_EDGE('',*,*,#4120,.F.);
#5503=ORIENTED_EDGE('',*,*,#4121,.T.);
#5504=ORIENTED_EDGE('',*,*,#4117,.T.);
#5505=ORIENTED_EDGE('',*,*,#4122,.T.);
#5506=ORIENTED_EDGE('',*,*,#4123,.F.);
#5507=ORIENTED_EDGE('',*,*,#4124,.T.);
#5508=ORIENTED_EDGE('',*,*,#4120,.T.);
#5509=ORIENTED_EDGE('',*,*,#4125,.T.);
#5510=ORIENTED_EDGE('',*,*,#4126,.F.);
#5511=ORIENTED_EDGE('',*,*,#4127,.T.);
#5512=ORIENTED_EDGE('',*,*,#4123,.T.);
#5513=ORIENTED_EDGE('',*,*,#4128,.T.);
#5514=ORIENTED_EDGE('',*,*,#4129,.F.);
#5515=ORIENTED_EDGE('',*,*,#4130,.T.);
#5516=ORIENTED_EDGE('',*,*,#4126,.T.);
#5517=ORIENTED_EDGE('',*,*,#4131,.T.);
#5518=ORIENTED_EDGE('',*,*,#4132,.F.);
#5519=ORIENTED_EDGE('',*,*,#4133,.T.);
#5520=ORIENTED_EDGE('',*,*,#4129,.T.);
#5521=ORIENTED_EDGE('',*,*,#4134,.T.);
#5522=ORIENTED_EDGE('',*,*,#4135,.F.);
#5523=ORIENTED_EDGE('',*,*,#4136,.T.);
#5524=ORIENTED_EDGE('',*,*,#4132,.T.);
#5525=ORIENTED_EDGE('',*,*,#4137,.T.);
#5526=ORIENTED_EDGE('',*,*,#4138,.F.);
#5527=ORIENTED_EDGE('',*,*,#4139,.T.);
#5528=ORIENTED_EDGE('',*,*,#4135,.T.);
#5529=ORIENTED_EDGE('',*,*,#4140,.T.);
#5530=ORIENTED_EDGE('',*,*,#3884,.T.);
#5531=ORIENTED_EDGE('',*,*,#4141,.F.);
#5532=ORIENTED_EDGE('',*,*,#4142,.T.);
#5533=ORIENTED_EDGE('',*,*,#4138,.T.);
#5534=ORIENTED_EDGE('',*,*,#3883,.T.);
#5535=ORIENTED_EDGE('',*,*,#4143,.F.);
#5536=ORIENTED_EDGE('',*,*,#4144,.T.);
#5537=ORIENTED_EDGE('',*,*,#4141,.T.);
#5538=ORIENTED_EDGE('',*,*,#3882,.T.);
#5539=ORIENTED_EDGE('',*,*,#4145,.F.);
#5540=ORIENTED_EDGE('',*,*,#4146,.T.);
#5541=ORIENTED_EDGE('',*,*,#4143,.T.);
#5542=ORIENTED_EDGE('',*,*,#3881,.T.);
#5543=ORIENTED_EDGE('',*,*,#4147,.F.);
#5544=ORIENTED_EDGE('',*,*,#4148,.T.);
#5545=ORIENTED_EDGE('',*,*,#4145,.T.);
#5546=ORIENTED_EDGE('',*,*,#3880,.T.);
#5547=ORIENTED_EDGE('',*,*,#4149,.F.);
#5548=ORIENTED_EDGE('',*,*,#4150,.T.);
#5549=ORIENTED_EDGE('',*,*,#4147,.T.);
#5550=ORIENTED_EDGE('',*,*,#3887,.T.);
#5551=ORIENTED_EDGE('',*,*,#4151,.F.);
#5552=ORIENTED_EDGE('',*,*,#4152,.T.);
#5553=ORIENTED_EDGE('',*,*,#4149,.T.);
#5554=ORIENTED_EDGE('',*,*,#3886,.T.);
#5555=ORIENTED_EDGE('',*,*,#4153,.F.);
#5556=ORIENTED_EDGE('',*,*,#4154,.T.);
#5557=ORIENTED_EDGE('',*,*,#4151,.T.);
#5558=ORIENTED_EDGE('',*,*,#3885,.T.);
#5559=ORIENTED_EDGE('',*,*,#4111,.T.);
#5560=ORIENTED_EDGE('',*,*,#3636,.F.);
#5561=ORIENTED_EDGE('',*,*,#4155,.T.);
#5562=ORIENTED_EDGE('',*,*,#4153,.T.);
#5563=ORIENTED_EDGE('',*,*,#3876,.T.);
#5564=ORIENTED_EDGE('',*,*,#3896,.T.);
#5565=ORIENTED_EDGE('',*,*,#4156,.F.);
#5566=ORIENTED_EDGE('',*,*,#4157,.T.);
#5567=ORIENTED_EDGE('',*,*,#3634,.T.);
#5568=ORIENTED_EDGE('',*,*,#3895,.T.);
#5569=ORIENTED_EDGE('',*,*,#4158,.F.);
#5570=ORIENTED_EDGE('',*,*,#4159,.T.);
#5571=ORIENTED_EDGE('',*,*,#4156,.T.);
#5572=ORIENTED_EDGE('',*,*,#3894,.T.);
#5573=ORIENTED_EDGE('',*,*,#4160,.F.);
#5574=ORIENTED_EDGE('',*,*,#4161,.T.);
#5575=ORIENTED_EDGE('',*,*,#4158,.T.);
#5576=ORIENTED_EDGE('',*,*,#3893,.T.);
#5577=ORIENTED_EDGE('',*,*,#4162,.F.);
#5578=ORIENTED_EDGE('',*,*,#4163,.T.);
#5579=ORIENTED_EDGE('',*,*,#4160,.T.);
#5580=ORIENTED_EDGE('',*,*,#3892,.T.);
#5581=ORIENTED_EDGE('',*,*,#4164,.F.);
#5582=ORIENTED_EDGE('',*,*,#4165,.T.);
#5583=ORIENTED_EDGE('',*,*,#4162,.T.);
#5584=ORIENTED_EDGE('',*,*,#3891,.T.);
#5585=ORIENTED_EDGE('',*,*,#4166,.F.);
#5586=ORIENTED_EDGE('',*,*,#4167,.T.);
#5587=ORIENTED_EDGE('',*,*,#4164,.T.);
#5588=ORIENTED_EDGE('',*,*,#3890,.T.);
#5589=ORIENTED_EDGE('',*,*,#4168,.F.);
#5590=ORIENTED_EDGE('',*,*,#4169,.T.);
#5591=ORIENTED_EDGE('',*,*,#4166,.T.);
#5592=ORIENTED_EDGE('',*,*,#3889,.T.);
#5593=ORIENTED_EDGE('',*,*,#4170,.T.);
#5594=ORIENTED_EDGE('',*,*,#4171,.F.);
#5595=ORIENTED_EDGE('',*,*,#4172,.T.);
#5596=ORIENTED_EDGE('',*,*,#4168,.T.);
#5597=ORIENTED_EDGE('',*,*,#4173,.T.);
#5598=ORIENTED_EDGE('',*,*,#4174,.F.);
#5599=ORIENTED_EDGE('',*,*,#4175,.T.);
#5600=ORIENTED_EDGE('',*,*,#4171,.T.);
#5601=ORIENTED_EDGE('',*,*,#4176,.T.);
#5602=ORIENTED_EDGE('',*,*,#4177,.F.);
#5603=ORIENTED_EDGE('',*,*,#4178,.T.);
#5604=ORIENTED_EDGE('',*,*,#4174,.T.);
#5605=ORIENTED_EDGE('',*,*,#4179,.T.);
#5606=ORIENTED_EDGE('',*,*,#4180,.F.);
#5607=ORIENTED_EDGE('',*,*,#4181,.T.);
#5608=ORIENTED_EDGE('',*,*,#4177,.T.);
#5609=ORIENTED_EDGE('',*,*,#4182,.T.);
#5610=ORIENTED_EDGE('',*,*,#4183,.F.);
#5611=ORIENTED_EDGE('',*,*,#4184,.T.);
#5612=ORIENTED_EDGE('',*,*,#4180,.T.);
#5613=ORIENTED_EDGE('',*,*,#4185,.T.);
#5614=ORIENTED_EDGE('',*,*,#4186,.F.);
#5615=ORIENTED_EDGE('',*,*,#4187,.T.);
#5616=ORIENTED_EDGE('',*,*,#4183,.T.);
#5617=ORIENTED_EDGE('',*,*,#4188,.T.);
#5618=ORIENTED_EDGE('',*,*,#4189,.F.);
#5619=ORIENTED_EDGE('',*,*,#4190,.T.);
#5620=ORIENTED_EDGE('',*,*,#4186,.T.);
#5621=ORIENTED_EDGE('',*,*,#4191,.T.);
#5622=ORIENTED_EDGE('',*,*,#4192,.F.);
#5623=ORIENTED_EDGE('',*,*,#4193,.T.);
#5624=ORIENTED_EDGE('',*,*,#4189,.T.);
#5625=ORIENTED_EDGE('',*,*,#4194,.T.);
#5626=ORIENTED_EDGE('',*,*,#4195,.F.);
#5627=ORIENTED_EDGE('',*,*,#4196,.T.);
#5628=ORIENTED_EDGE('',*,*,#4192,.T.);
#5629=ORIENTED_EDGE('',*,*,#4197,.T.);
#5630=ORIENTED_EDGE('',*,*,#4198,.F.);
#5631=ORIENTED_EDGE('',*,*,#4199,.T.);
#5632=ORIENTED_EDGE('',*,*,#4195,.T.);
#5633=ORIENTED_EDGE('',*,*,#4200,.T.);
#5634=ORIENTED_EDGE('',*,*,#4115,.F.);
#5635=ORIENTED_EDGE('',*,*,#4201,.T.);
#5636=ORIENTED_EDGE('',*,*,#4198,.T.);
#5637=ORIENTED_EDGE('',*,*,#3635,.T.);
#5638=ORIENTED_EDGE('',*,*,#4157,.F.);
#5639=ORIENTED_EDGE('',*,*,#4159,.F.);
#5640=ORIENTED_EDGE('',*,*,#4161,.F.);
#5641=ORIENTED_EDGE('',*,*,#4163,.F.);
#5642=ORIENTED_EDGE('',*,*,#4165,.F.);
#5643=ORIENTED_EDGE('',*,*,#4167,.F.);
#5644=ORIENTED_EDGE('',*,*,#4169,.F.);
#5645=ORIENTED_EDGE('',*,*,#4172,.F.);
#5646=ORIENTED_EDGE('',*,*,#4175,.F.);
#5647=ORIENTED_EDGE('',*,*,#4178,.F.);
#5648=ORIENTED_EDGE('',*,*,#4181,.F.);
#5649=ORIENTED_EDGE('',*,*,#4184,.F.);
#5650=ORIENTED_EDGE('',*,*,#4187,.F.);
#5651=ORIENTED_EDGE('',*,*,#4190,.F.);
#5652=ORIENTED_EDGE('',*,*,#4193,.F.);
#5653=ORIENTED_EDGE('',*,*,#4196,.F.);
#5654=ORIENTED_EDGE('',*,*,#4199,.F.);
#5655=ORIENTED_EDGE('',*,*,#4201,.F.);
#5656=ORIENTED_EDGE('',*,*,#4114,.F.);
#5657=ORIENTED_EDGE('',*,*,#4118,.F.);
#5658=ORIENTED_EDGE('',*,*,#4121,.F.);
#5659=ORIENTED_EDGE('',*,*,#4124,.F.);
#5660=ORIENTED_EDGE('',*,*,#4127,.F.);
#5661=ORIENTED_EDGE('',*,*,#4130,.F.);
#5662=ORIENTED_EDGE('',*,*,#4133,.F.);
#5663=ORIENTED_EDGE('',*,*,#4136,.F.);
#5664=ORIENTED_EDGE('',*,*,#4139,.F.);
#5665=ORIENTED_EDGE('',*,*,#4142,.F.);
#5666=ORIENTED_EDGE('',*,*,#4144,.F.);
#5667=ORIENTED_EDGE('',*,*,#4146,.F.);
#5668=ORIENTED_EDGE('',*,*,#4148,.F.);
#5669=ORIENTED_EDGE('',*,*,#4150,.F.);
#5670=ORIENTED_EDGE('',*,*,#4152,.F.);
#5671=ORIENTED_EDGE('',*,*,#4154,.F.);
#5672=ORIENTED_EDGE('',*,*,#4155,.F.);
#5673=ORIENTED_EDGE('',*,*,#3791,.T.);
#5674=ORIENTED_EDGE('',*,*,#4140,.F.);
#5675=ORIENTED_EDGE('',*,*,#4137,.F.);
#5676=ORIENTED_EDGE('',*,*,#4134,.F.);
#5677=ORIENTED_EDGE('',*,*,#4131,.F.);
#5678=ORIENTED_EDGE('',*,*,#4128,.F.);
#5679=ORIENTED_EDGE('',*,*,#4125,.F.);
#5680=ORIENTED_EDGE('',*,*,#4122,.F.);
#5681=ORIENTED_EDGE('',*,*,#4119,.F.);
#5682=ORIENTED_EDGE('',*,*,#4116,.F.);
#5683=ORIENTED_EDGE('',*,*,#4112,.F.);
#5684=ORIENTED_EDGE('',*,*,#4200,.F.);
#5685=ORIENTED_EDGE('',*,*,#4197,.F.);
#5686=ORIENTED_EDGE('',*,*,#4194,.F.);
#5687=ORIENTED_EDGE('',*,*,#4191,.F.);
#5688=ORIENTED_EDGE('',*,*,#4188,.F.);
#5689=ORIENTED_EDGE('',*,*,#4185,.F.);
#5690=ORIENTED_EDGE('',*,*,#4182,.F.);
#5691=ORIENTED_EDGE('',*,*,#4179,.F.);
#5692=ORIENTED_EDGE('',*,*,#4176,.F.);
#5693=ORIENTED_EDGE('',*,*,#4173,.F.);
#5694=ORIENTED_EDGE('',*,*,#4170,.F.);
#5695=ORIENTED_EDGE('',*,*,#3760,.T.);
#5696=ORIENTED_EDGE('',*,*,#3751,.T.);
#5697=ORIENTED_EDGE('',*,*,#4202,.F.);
#5698=ORIENTED_EDGE('',*,*,#4203,.T.);
#5699=ORIENTED_EDGE('',*,*,#4204,.T.);
#5700=ORIENTED_EDGE('',*,*,#3750,.T.);
#5701=ORIENTED_EDGE('',*,*,#4205,.F.);
#5702=ORIENTED_EDGE('',*,*,#4206,.T.);
#5703=ORIENTED_EDGE('',*,*,#4202,.T.);
#5704=ORIENTED_EDGE('',*,*,#3749,.T.);
#5705=ORIENTED_EDGE('',*,*,#4207,.F.);
#5706=ORIENTED_EDGE('',*,*,#4208,.T.);
#5707=ORIENTED_EDGE('',*,*,#4205,.T.);
#5708=ORIENTED_EDGE('',*,*,#3748,.T.);
#5709=ORIENTED_EDGE('',*,*,#4209,.F.);
#5710=ORIENTED_EDGE('',*,*,#4210,.T.);
#5711=ORIENTED_EDGE('',*,*,#4207,.T.);
#5712=ORIENTED_EDGE('',*,*,#3747,.T.);
#5713=ORIENTED_EDGE('',*,*,#3770,.T.);
#5714=ORIENTED_EDGE('',*,*,#4211,.F.);
#5715=ORIENTED_EDGE('',*,*,#4212,.T.);
#5716=ORIENTED_EDGE('',*,*,#4209,.T.);
#5717=ORIENTED_EDGE('',*,*,#3769,.T.);
#5718=ORIENTED_EDGE('',*,*,#4213,.F.);
#5719=ORIENTED_EDGE('',*,*,#4214,.T.);
#5720=ORIENTED_EDGE('',*,*,#4211,.T.);
#5721=ORIENTED_EDGE('',*,*,#3768,.T.);
#5722=ORIENTED_EDGE('',*,*,#4215,.F.);
#5723=ORIENTED_EDGE('',*,*,#4216,.T.);
#5724=ORIENTED_EDGE('',*,*,#4213,.T.);
#5725=ORIENTED_EDGE('',*,*,#3767,.T.);
#5726=ORIENTED_EDGE('',*,*,#4217,.F.);
#5727=ORIENTED_EDGE('',*,*,#4218,.T.);
#5728=ORIENTED_EDGE('',*,*,#4215,.T.);
#5729=ORIENTED_EDGE('',*,*,#3766,.T.);
#5730=ORIENTED_EDGE('',*,*,#4219,.F.);
#5731=ORIENTED_EDGE('',*,*,#4220,.T.);
#5732=ORIENTED_EDGE('',*,*,#4217,.T.);
#5733=ORIENTED_EDGE('',*,*,#3765,.T.);
#5734=ORIENTED_EDGE('',*,*,#4221,.F.);
#5735=ORIENTED_EDGE('',*,*,#4222,.T.);
#5736=ORIENTED_EDGE('',*,*,#4219,.T.);
#5737=ORIENTED_EDGE('',*,*,#3764,.T.);
#5738=ORIENTED_EDGE('',*,*,#3907,.T.);
#5739=ORIENTED_EDGE('',*,*,#4223,.F.);
#5740=ORIENTED_EDGE('',*,*,#4224,.T.);
#5741=ORIENTED_EDGE('',*,*,#4221,.T.);
#5742=ORIENTED_EDGE('',*,*,#3906,.T.);
#5743=ORIENTED_EDGE('',*,*,#4225,.F.);
#5744=ORIENTED_EDGE('',*,*,#4226,.T.);
#5745=ORIENTED_EDGE('',*,*,#4223,.T.);
#5746=ORIENTED_EDGE('',*,*,#3905,.T.);
#5747=ORIENTED_EDGE('',*,*,#4227,.F.);
#5748=ORIENTED_EDGE('',*,*,#4228,.T.);
#5749=ORIENTED_EDGE('',*,*,#4225,.T.);
#5750=ORIENTED_EDGE('',*,*,#3904,.T.);
#5751=ORIENTED_EDGE('',*,*,#3900,.T.);
#5752=ORIENTED_EDGE('',*,*,#3805,.T.);
#5753=ORIENTED_EDGE('',*,*,#4229,.F.);
#5754=ORIENTED_EDGE('',*,*,#4230,.T.);
#5755=ORIENTED_EDGE('',*,*,#4227,.T.);
#5756=ORIENTED_EDGE('',*,*,#3804,.T.);
#5757=ORIENTED_EDGE('',*,*,#4231,.F.);
#5758=ORIENTED_EDGE('',*,*,#4232,.T.);
#5759=ORIENTED_EDGE('',*,*,#4229,.T.);
#5760=ORIENTED_EDGE('',*,*,#3803,.T.);
#5761=ORIENTED_EDGE('',*,*,#4233,.F.);
#5762=ORIENTED_EDGE('',*,*,#4234,.T.);
#5763=ORIENTED_EDGE('',*,*,#4231,.T.);
#5764=ORIENTED_EDGE('',*,*,#3802,.T.);
#5765=ORIENTED_EDGE('',*,*,#3903,.T.);
#5766=ORIENTED_EDGE('',*,*,#3629,.F.);
#5767=ORIENTED_EDGE('',*,*,#4235,.T.);
#5768=ORIENTED_EDGE('',*,*,#4233,.T.);
#5769=ORIENTED_EDGE('',*,*,#4236,.T.);
#5770=ORIENTED_EDGE('',*,*,#3846,.T.);
#5771=ORIENTED_EDGE('',*,*,#4237,.F.);
#5772=ORIENTED_EDGE('',*,*,#4238,.T.);
#5773=ORIENTED_EDGE('',*,*,#3627,.T.);
#5774=ORIENTED_EDGE('',*,*,#3849,.T.);
#5775=ORIENTED_EDGE('',*,*,#4239,.F.);
#5776=ORIENTED_EDGE('',*,*,#4240,.T.);
#5777=ORIENTED_EDGE('',*,*,#4237,.T.);
#5778=ORIENTED_EDGE('',*,*,#3848,.T.);
#5779=ORIENTED_EDGE('',*,*,#4241,.F.);
#5780=ORIENTED_EDGE('',*,*,#4242,.T.);
#5781=ORIENTED_EDGE('',*,*,#4239,.T.);
#5782=ORIENTED_EDGE('',*,*,#3847,.T.);
#5783=ORIENTED_EDGE('',*,*,#3902,.T.);
#5784=ORIENTED_EDGE('',*,*,#3942,.T.);
#5785=ORIENTED_EDGE('',*,*,#4243,.F.);
#5786=ORIENTED_EDGE('',*,*,#4244,.T.);
#5787=ORIENTED_EDGE('',*,*,#4241,.T.);
#5788=ORIENTED_EDGE('',*,*,#3946,.T.);
#5789=ORIENTED_EDGE('',*,*,#4245,.F.);
#5790=ORIENTED_EDGE('',*,*,#4246,.T.);
#5791=ORIENTED_EDGE('',*,*,#4243,.T.);
#5792=ORIENTED_EDGE('',*,*,#3945,.T.);
#5793=ORIENTED_EDGE('',*,*,#4247,.F.);
#5794=ORIENTED_EDGE('',*,*,#4248,.T.);
#5795=ORIENTED_EDGE('',*,*,#4245,.T.);
#5796=ORIENTED_EDGE('',*,*,#3944,.T.);
#5797=ORIENTED_EDGE('',*,*,#3778,.T.);
#5798=ORIENTED_EDGE('',*,*,#4249,.F.);
#5799=ORIENTED_EDGE('',*,*,#4250,.T.);
#5800=ORIENTED_EDGE('',*,*,#4247,.T.);
#5801=ORIENTED_EDGE('',*,*,#3777,.T.);
#5802=ORIENTED_EDGE('',*,*,#4251,.F.);
#5803=ORIENTED_EDGE('',*,*,#4252,.T.);
#5804=ORIENTED_EDGE('',*,*,#4249,.T.);
#5805=ORIENTED_EDGE('',*,*,#3776,.T.);
#5806=ORIENTED_EDGE('',*,*,#4253,.F.);
#5807=ORIENTED_EDGE('',*,*,#4254,.T.);
#5808=ORIENTED_EDGE('',*,*,#4251,.T.);
#5809=ORIENTED_EDGE('',*,*,#3775,.T.);
#5810=ORIENTED_EDGE('',*,*,#4255,.F.);
#5811=ORIENTED_EDGE('',*,*,#4256,.T.);
#5812=ORIENTED_EDGE('',*,*,#4253,.T.);
#5813=ORIENTED_EDGE('',*,*,#3774,.T.);
#5814=ORIENTED_EDGE('',*,*,#4257,.F.);
#5815=ORIENTED_EDGE('',*,*,#4258,.T.);
#5816=ORIENTED_EDGE('',*,*,#4255,.T.);
#5817=ORIENTED_EDGE('',*,*,#3773,.T.);
#5818=ORIENTED_EDGE('',*,*,#4259,.F.);
#5819=ORIENTED_EDGE('',*,*,#4260,.T.);
#5820=ORIENTED_EDGE('',*,*,#4257,.T.);
#5821=ORIENTED_EDGE('',*,*,#3772,.T.);
#5822=ORIENTED_EDGE('',*,*,#3754,.T.);
#5823=ORIENTED_EDGE('',*,*,#4261,.F.);
#5824=ORIENTED_EDGE('',*,*,#4262,.T.);
#5825=ORIENTED_EDGE('',*,*,#4259,.T.);
#5826=ORIENTED_EDGE('',*,*,#3759,.T.);
#5827=ORIENTED_EDGE('',*,*,#4263,.F.);
#5828=ORIENTED_EDGE('',*,*,#4264,.T.);
#5829=ORIENTED_EDGE('',*,*,#4261,.T.);
#5830=ORIENTED_EDGE('',*,*,#3758,.T.);
#5831=ORIENTED_EDGE('',*,*,#4265,.F.);
#5832=ORIENTED_EDGE('',*,*,#4266,.T.);
#5833=ORIENTED_EDGE('',*,*,#4263,.T.);
#5834=ORIENTED_EDGE('',*,*,#3757,.T.);
#5835=ORIENTED_EDGE('',*,*,#4267,.F.);
#5836=ORIENTED_EDGE('',*,*,#4268,.T.);
#5837=ORIENTED_EDGE('',*,*,#4265,.T.);
#5838=ORIENTED_EDGE('',*,*,#3756,.T.);
#5839=ORIENTED_EDGE('',*,*,#3762,.T.);
#5840=ORIENTED_EDGE('',*,*,#4269,.F.);
#5841=ORIENTED_EDGE('',*,*,#4270,.T.);
#5842=ORIENTED_EDGE('',*,*,#4267,.T.);
#5843=ORIENTED_EDGE('',*,*,#3761,.T.);
#5844=ORIENTED_EDGE('',*,*,#4204,.F.);
#5845=ORIENTED_EDGE('',*,*,#4271,.T.);
#5846=ORIENTED_EDGE('',*,*,#4269,.T.);
#5847=ORIENTED_EDGE('',*,*,#3628,.T.);
#5848=ORIENTED_EDGE('',*,*,#4238,.F.);
#5849=ORIENTED_EDGE('',*,*,#4240,.F.);
#5850=ORIENTED_EDGE('',*,*,#4242,.F.);
#5851=ORIENTED_EDGE('',*,*,#4244,.F.);
#5852=ORIENTED_EDGE('',*,*,#4246,.F.);
#5853=ORIENTED_EDGE('',*,*,#4248,.F.);
#5854=ORIENTED_EDGE('',*,*,#4250,.F.);
#5855=ORIENTED_EDGE('',*,*,#4252,.F.);
#5856=ORIENTED_EDGE('',*,*,#4254,.F.);
#5857=ORIENTED_EDGE('',*,*,#4256,.F.);
#5858=ORIENTED_EDGE('',*,*,#4258,.F.);
#5859=ORIENTED_EDGE('',*,*,#4260,.F.);
#5860=ORIENTED_EDGE('',*,*,#4262,.F.);
#5861=ORIENTED_EDGE('',*,*,#4264,.F.);
#5862=ORIENTED_EDGE('',*,*,#4266,.F.);
#5863=ORIENTED_EDGE('',*,*,#4268,.F.);
#5864=ORIENTED_EDGE('',*,*,#4270,.F.);
#5865=ORIENTED_EDGE('',*,*,#4271,.F.);
#5866=ORIENTED_EDGE('',*,*,#4203,.F.);
#5867=ORIENTED_EDGE('',*,*,#4206,.F.);
#5868=ORIENTED_EDGE('',*,*,#4208,.F.);
#5869=ORIENTED_EDGE('',*,*,#4210,.F.);
#5870=ORIENTED_EDGE('',*,*,#4212,.F.);
#5871=ORIENTED_EDGE('',*,*,#4214,.F.);
#5872=ORIENTED_EDGE('',*,*,#4216,.F.);
#5873=ORIENTED_EDGE('',*,*,#4218,.F.);
#5874=ORIENTED_EDGE('',*,*,#4220,.F.);
#5875=ORIENTED_EDGE('',*,*,#4222,.F.);
#5876=ORIENTED_EDGE('',*,*,#4224,.F.);
#5877=ORIENTED_EDGE('',*,*,#4226,.F.);
#5878=ORIENTED_EDGE('',*,*,#4228,.F.);
#5879=ORIENTED_EDGE('',*,*,#4230,.F.);
#5880=ORIENTED_EDGE('',*,*,#4232,.F.);
#5881=ORIENTED_EDGE('',*,*,#4234,.F.);
#5882=ORIENTED_EDGE('',*,*,#4235,.F.);
#5883=ORIENTED_EDGE('',*,*,#3845,.T.);
#5884=ORIENTED_EDGE('',*,*,#4236,.F.);
#5885=ORIENTED_EDGE('',*,*,#3626,.F.);
#5886=ORIENTED_EDGE('',*,*,#4272,.T.);
#5887=ORIENTED_EDGE('',*,*,#4273,.T.);
#5888=ORIENTED_EDGE('',*,*,#4274,.T.);
#5889=ORIENTED_EDGE('',*,*,#4273,.F.);
#5890=ORIENTED_EDGE('',*,*,#4274,.F.);
#5891=ORIENTED_EDGE('',*,*,#4275,.T.);
#5892=ORIENTED_EDGE('',*,*,#4276,.T.);
#5893=ORIENTED_EDGE('',*,*,#4275,.F.);
#5894=ORIENTED_EDGE('',*,*,#4277,.T.);
#5895=ORIENTED_EDGE('',*,*,#4278,.T.);
#5896=ORIENTED_EDGE('',*,*,#4279,.T.);
#5897=ORIENTED_EDGE('',*,*,#4280,.T.);
#5898=ORIENTED_EDGE('',*,*,#4281,.T.);
#5899=ORIENTED_EDGE('',*,*,#4282,.T.);
#5900=ORIENTED_EDGE('',*,*,#4283,.T.);
#5901=ORIENTED_EDGE('',*,*,#4284,.T.);
#5902=ORIENTED_EDGE('',*,*,#4285,.T.);
#5903=ORIENTED_EDGE('',*,*,#4286,.T.);
#5904=ORIENTED_EDGE('',*,*,#4287,.T.);
#5905=ORIENTED_EDGE('',*,*,#4288,.T.);
#5906=ORIENTED_EDGE('',*,*,#4289,.T.);
#5907=ORIENTED_EDGE('',*,*,#4290,.T.);
#5908=ORIENTED_EDGE('',*,*,#4291,.T.);
#5909=ORIENTED_EDGE('',*,*,#4292,.T.);
#5910=ORIENTED_EDGE('',*,*,#4293,.T.);
#5911=ORIENTED_EDGE('',*,*,#4294,.T.);
#5912=ORIENTED_EDGE('',*,*,#4272,.F.);
#5913=ORIENTED_EDGE('',*,*,#4295,.T.);
#5914=ORIENTED_EDGE('',*,*,#4296,.T.);
#5915=ORIENTED_EDGE('',*,*,#4297,.T.);
#5916=ORIENTED_EDGE('',*,*,#4298,.F.);
#5917=ORIENTED_EDGE('',*,*,#4299,.T.);
#5918=ORIENTED_EDGE('',*,*,#4300,.T.);
#5919=ORIENTED_EDGE('',*,*,#4301,.T.);
#5920=ORIENTED_EDGE('',*,*,#4296,.F.);
#5921=ORIENTED_EDGE('',*,*,#4302,.T.);
#5922=ORIENTED_EDGE('',*,*,#4303,.T.);
#5923=ORIENTED_EDGE('',*,*,#4304,.T.);
#5924=ORIENTED_EDGE('',*,*,#4300,.F.);
#5925=ORIENTED_EDGE('',*,*,#4305,.T.);
#5926=ORIENTED_EDGE('',*,*,#4306,.T.);
#5927=ORIENTED_EDGE('',*,*,#4307,.T.);
#5928=ORIENTED_EDGE('',*,*,#4303,.F.);
#5929=ORIENTED_EDGE('',*,*,#4308,.T.);
#5930=ORIENTED_EDGE('',*,*,#4309,.T.);
#5931=ORIENTED_EDGE('',*,*,#4310,.T.);
#5932=ORIENTED_EDGE('',*,*,#4306,.F.);
#5933=ORIENTED_EDGE('',*,*,#4311,.T.);
#5934=ORIENTED_EDGE('',*,*,#4312,.T.);
#5935=ORIENTED_EDGE('',*,*,#4313,.T.);
#5936=ORIENTED_EDGE('',*,*,#4309,.F.);
#5937=ORIENTED_EDGE('',*,*,#4314,.T.);
#5938=ORIENTED_EDGE('',*,*,#4312,.F.);
#5939=ORIENTED_EDGE('',*,*,#4315,.T.);
#5940=ORIENTED_EDGE('',*,*,#4316,.T.);
#5941=ORIENTED_EDGE('',*,*,#4317,.T.);
#5942=ORIENTED_EDGE('',*,*,#4316,.F.);
#5943=ORIENTED_EDGE('',*,*,#4318,.T.);
#5944=ORIENTED_EDGE('',*,*,#4319,.T.);
#5945=ORIENTED_EDGE('',*,*,#4320,.T.);
#5946=ORIENTED_EDGE('',*,*,#4319,.F.);
#5947=ORIENTED_EDGE('',*,*,#4321,.T.);
#5948=ORIENTED_EDGE('',*,*,#4322,.T.);
#5949=ORIENTED_EDGE('',*,*,#4323,.T.);
#5950=ORIENTED_EDGE('',*,*,#4322,.F.);
#5951=ORIENTED_EDGE('',*,*,#4324,.T.);
#5952=ORIENTED_EDGE('',*,*,#4298,.T.);
#5953=ORIENTED_EDGE('',*,*,#4314,.F.);
#5954=ORIENTED_EDGE('',*,*,#4325,.F.);
#5955=ORIENTED_EDGE('',*,*,#4286,.F.);
#5956=ORIENTED_EDGE('',*,*,#4326,.F.);
#5957=ORIENTED_EDGE('',*,*,#4317,.F.);
#5958=ORIENTED_EDGE('',*,*,#4327,.F.);
#5959=ORIENTED_EDGE('',*,*,#4287,.F.);
#5960=ORIENTED_EDGE('',*,*,#4325,.T.);
#5961=ORIENTED_EDGE('',*,*,#4320,.F.);
#5962=ORIENTED_EDGE('',*,*,#4328,.F.);
#5963=ORIENTED_EDGE('',*,*,#4329,.F.);
#5964=ORIENTED_EDGE('',*,*,#4288,.F.);
#5965=ORIENTED_EDGE('',*,*,#4327,.T.);
#5966=ORIENTED_EDGE('',*,*,#4323,.F.);
#5967=ORIENTED_EDGE('',*,*,#4330,.F.);
#5968=ORIENTED_EDGE('',*,*,#4331,.T.);
#5969=ORIENTED_EDGE('',*,*,#4328,.T.);
#5970=ORIENTED_EDGE('',*,*,#4297,.F.);
#5971=ORIENTED_EDGE('',*,*,#4332,.F.);
#5972=ORIENTED_EDGE('',*,*,#4280,.F.);
#5973=ORIENTED_EDGE('',*,*,#4333,.T.);
#5974=ORIENTED_EDGE('',*,*,#4330,.T.);
#5975=ORIENTED_EDGE('',*,*,#4295,.F.);
#5976=ORIENTED_EDGE('',*,*,#4324,.F.);
#5977=ORIENTED_EDGE('',*,*,#4321,.F.);
#5978=ORIENTED_EDGE('',*,*,#4318,.F.);
#5979=ORIENTED_EDGE('',*,*,#4315,.F.);
#5980=ORIENTED_EDGE('',*,*,#4311,.F.);
#5981=ORIENTED_EDGE('',*,*,#4308,.F.);
#5982=ORIENTED_EDGE('',*,*,#4305,.F.);
#5983=ORIENTED_EDGE('',*,*,#4302,.F.);
#5984=ORIENTED_EDGE('',*,*,#4299,.F.);
#5985=ORIENTED_EDGE('',*,*,#4334,.T.);
#5986=ORIENTED_EDGE('',*,*,#4335,.T.);
#5987=ORIENTED_EDGE('',*,*,#4336,.T.);
#5988=ORIENTED_EDGE('',*,*,#4337,.F.);
#5989=ORIENTED_EDGE('',*,*,#4338,.T.);
#5990=ORIENTED_EDGE('',*,*,#4339,.T.);
#5991=ORIENTED_EDGE('',*,*,#4340,.T.);
#5992=ORIENTED_EDGE('',*,*,#4341,.T.);
#5993=ORIENTED_EDGE('',*,*,#4342,.T.);
#5994=ORIENTED_EDGE('',*,*,#4339,.F.);
#5995=ORIENTED_EDGE('',*,*,#4343,.T.);
#5996=ORIENTED_EDGE('',*,*,#4337,.T.);
#5997=ORIENTED_EDGE('',*,*,#4344,.T.);
#5998=ORIENTED_EDGE('',*,*,#4341,.F.);
#5999=ORIENTED_EDGE('',*,*,#4345,.T.);
#6000=ORIENTED_EDGE('',*,*,#4335,.F.);
#6001=ORIENTED_EDGE('',*,*,#4343,.F.);
#6002=ORIENTED_EDGE('',*,*,#4346,.T.);
#6003=ORIENTED_EDGE('',*,*,#4294,.F.);
#6004=ORIENTED_EDGE('',*,*,#4347,.F.);
#6005=ORIENTED_EDGE('',*,*,#4348,.F.);
#6006=ORIENTED_EDGE('',*,*,#4349,.F.);
#6007=ORIENTED_EDGE('',*,*,#4338,.F.);
#6008=ORIENTED_EDGE('',*,*,#4350,.T.);
#6009=ORIENTED_EDGE('',*,*,#4277,.F.);
#6010=ORIENTED_EDGE('',*,*,#4346,.F.);
#6011=ORIENTED_EDGE('',*,*,#4340,.F.);
#6012=ORIENTED_EDGE('',*,*,#4342,.F.);
#6013=ORIENTED_EDGE('',*,*,#4336,.F.);
#6014=ORIENTED_EDGE('',*,*,#4345,.F.);
#6015=ORIENTED_EDGE('',*,*,#4351,.T.);
#6016=ORIENTED_EDGE('',*,*,#4352,.T.);
#6017=ORIENTED_EDGE('',*,*,#4353,.T.);
#6018=ORIENTED_EDGE('',*,*,#4354,.F.);
#6019=ORIENTED_EDGE('',*,*,#4355,.T.);
#6020=ORIENTED_EDGE('',*,*,#4356,.T.);
#6021=ORIENTED_EDGE('',*,*,#4357,.T.);
#6022=ORIENTED_EDGE('',*,*,#4358,.T.);
#6023=ORIENTED_EDGE('',*,*,#4359,.T.);
#6024=ORIENTED_EDGE('',*,*,#4356,.F.);
#6025=ORIENTED_EDGE('',*,*,#4360,.T.);
#6026=ORIENTED_EDGE('',*,*,#4354,.T.);
#6027=ORIENTED_EDGE('',*,*,#4361,.T.);
#6028=ORIENTED_EDGE('',*,*,#4358,.F.);
#6029=ORIENTED_EDGE('',*,*,#4362,.T.);
#6030=ORIENTED_EDGE('',*,*,#4352,.F.);
#6031=ORIENTED_EDGE('',*,*,#4360,.F.);
#6032=ORIENTED_EDGE('',*,*,#4363,.T.);
#6033=ORIENTED_EDGE('',*,*,#4290,.F.);
#6034=ORIENTED_EDGE('',*,*,#4364,.F.);
#6035=ORIENTED_EDGE('',*,*,#4365,.F.);
#6036=ORIENTED_EDGE('',*,*,#4366,.F.);
#6037=ORIENTED_EDGE('',*,*,#4355,.F.);
#6038=ORIENTED_EDGE('',*,*,#4367,.T.);
#6039=ORIENTED_EDGE('',*,*,#4291,.F.);
#6040=ORIENTED_EDGE('',*,*,#4363,.F.);
#6041=ORIENTED_EDGE('',*,*,#4357,.F.);
#6042=ORIENTED_EDGE('',*,*,#4359,.F.);
#6043=ORIENTED_EDGE('',*,*,#4353,.F.);
#6044=ORIENTED_EDGE('',*,*,#4362,.F.);
#6045=ORIENTED_EDGE('',*,*,#4276,.F.);
#6046=ORIENTED_EDGE('',*,*,#4333,.F.);
#6047=ORIENTED_EDGE('',*,*,#4279,.F.);
#6048=ORIENTED_EDGE('',*,*,#4368,.F.);
#6049=ORIENTED_EDGE('',*,*,#4369,.F.);
#6050=ORIENTED_EDGE('',*,*,#4370,.F.);
#6051=ORIENTED_EDGE('',*,*,#4347,.T.);
#6052=ORIENTED_EDGE('',*,*,#4293,.F.);
#6053=ORIENTED_EDGE('',*,*,#4371,.F.);
#6054=ORIENTED_EDGE('',*,*,#4329,.T.);
#6055=ORIENTED_EDGE('',*,*,#4372,.F.);
#6056=ORIENTED_EDGE('',*,*,#4364,.T.);
#6057=ORIENTED_EDGE('',*,*,#4289,.F.);
#6058=ORIENTED_EDGE('',*,*,#4373,.F.);
#6059=ORIENTED_EDGE('',*,*,#4348,.T.);
#6060=ORIENTED_EDGE('',*,*,#4370,.T.);
#6061=ORIENTED_EDGE('',*,*,#4374,.F.);
#6062=ORIENTED_EDGE('',*,*,#4375,.F.);
#6063=ORIENTED_EDGE('',*,*,#4365,.T.);
#6064=ORIENTED_EDGE('',*,*,#4372,.T.);
#6065=ORIENTED_EDGE('',*,*,#4331,.F.);
#6066=ORIENTED_EDGE('',*,*,#4369,.T.);
#6067=ORIENTED_EDGE('',*,*,#4376,.F.);
#6068=ORIENTED_EDGE('',*,*,#4301,.F.);
#6069=ORIENTED_EDGE('',*,*,#4377,.F.);
#6070=ORIENTED_EDGE('',*,*,#4281,.F.);
#6071=ORIENTED_EDGE('',*,*,#4332,.T.);
#6072=ORIENTED_EDGE('',*,*,#4304,.F.);
#6073=ORIENTED_EDGE('',*,*,#4378,.F.);
#6074=ORIENTED_EDGE('',*,*,#4282,.F.);
#6075=ORIENTED_EDGE('',*,*,#4377,.T.);
#6076=ORIENTED_EDGE('',*,*,#4307,.F.);
#6077=ORIENTED_EDGE('',*,*,#4379,.F.);
#6078=ORIENTED_EDGE('',*,*,#4283,.F.);
#6079=ORIENTED_EDGE('',*,*,#4378,.T.);
#6080=ORIENTED_EDGE('',*,*,#4310,.F.);
#6081=ORIENTED_EDGE('',*,*,#4380,.F.);
#6082=ORIENTED_EDGE('',*,*,#4284,.F.);
#6083=ORIENTED_EDGE('',*,*,#4379,.T.);
#6084=ORIENTED_EDGE('',*,*,#4313,.F.);
#6085=ORIENTED_EDGE('',*,*,#4326,.T.);
#6086=ORIENTED_EDGE('',*,*,#4285,.F.);
#6087=ORIENTED_EDGE('',*,*,#4380,.T.);
#6088=ORIENTED_EDGE('',*,*,#4351,.F.);
#6089=ORIENTED_EDGE('',*,*,#4366,.T.);
#6090=ORIENTED_EDGE('',*,*,#4375,.T.);
#6091=ORIENTED_EDGE('',*,*,#4381,.F.);
#6092=ORIENTED_EDGE('',*,*,#4361,.F.);
#6093=ORIENTED_EDGE('',*,*,#4381,.T.);
#6094=ORIENTED_EDGE('',*,*,#4374,.T.);
#6095=ORIENTED_EDGE('',*,*,#4371,.T.);
#6096=ORIENTED_EDGE('',*,*,#4292,.F.);
#6097=ORIENTED_EDGE('',*,*,#4367,.F.);
#6098=ORIENTED_EDGE('',*,*,#4334,.F.);
#6099=ORIENTED_EDGE('',*,*,#4349,.T.);
#6100=ORIENTED_EDGE('',*,*,#4373,.T.);
#6101=ORIENTED_EDGE('',*,*,#4382,.F.);
#6102=ORIENTED_EDGE('',*,*,#4344,.F.);
#6103=ORIENTED_EDGE('',*,*,#4382,.T.);
#6104=ORIENTED_EDGE('',*,*,#4376,.T.);
#6105=ORIENTED_EDGE('',*,*,#4368,.T.);
#6106=ORIENTED_EDGE('',*,*,#4278,.F.);
#6107=ORIENTED_EDGE('',*,*,#4350,.F.);
#6108=ORIENTED_EDGE('',*,*,#4383,.T.);
#6109=ORIENTED_EDGE('',*,*,#4384,.T.);
#6110=ORIENTED_EDGE('',*,*,#4385,.T.);
#6111=ORIENTED_EDGE('',*,*,#4384,.F.);
#6112=ORIENTED_EDGE('',*,*,#4386,.T.);
#6113=ORIENTED_EDGE('',*,*,#4387,.T.);
#6114=ORIENTED_EDGE('',*,*,#4385,.F.);
#6115=ORIENTED_EDGE('',*,*,#4387,.F.);
#6116=ORIENTED_EDGE('',*,*,#4388,.F.);
#6117=ORIENTED_EDGE('',*,*,#4389,.F.);
#6118=ORIENTED_EDGE('',*,*,#4390,.T.);
#6119=ORIENTED_EDGE('',*,*,#4391,.F.);
#6120=ORIENTED_EDGE('',*,*,#4392,.F.);
#6121=ORIENTED_EDGE('',*,*,#4393,.F.);
#6122=ORIENTED_EDGE('',*,*,#4394,.T.);
#6123=ORIENTED_EDGE('',*,*,#4395,.T.);
#6124=ORIENTED_EDGE('',*,*,#4396,.T.);
#6125=ORIENTED_EDGE('',*,*,#4397,.T.);
#6126=ORIENTED_EDGE('',*,*,#4398,.F.);
#6127=ORIENTED_EDGE('',*,*,#4399,.F.);
#6128=ORIENTED_EDGE('',*,*,#4400,.T.);
#6129=ORIENTED_EDGE('',*,*,#4401,.F.);
#6130=ORIENTED_EDGE('',*,*,#4402,.F.);
#6131=ORIENTED_EDGE('',*,*,#4403,.F.);
#6132=ORIENTED_EDGE('',*,*,#4404,.T.);
#6133=ORIENTED_EDGE('',*,*,#4405,.F.);
#6134=ORIENTED_EDGE('',*,*,#4383,.F.);
#6135=ORIENTED_EDGE('',*,*,#4406,.T.);
#6136=ORIENTED_EDGE('',*,*,#4407,.T.);
#6137=ORIENTED_EDGE('',*,*,#4408,.T.);
#6138=ORIENTED_EDGE('',*,*,#4409,.F.);
#6139=ORIENTED_EDGE('',*,*,#4410,.T.);
#6140=ORIENTED_EDGE('',*,*,#4411,.T.);
#6141=ORIENTED_EDGE('',*,*,#4412,.T.);
#6142=ORIENTED_EDGE('',*,*,#4407,.F.);
#6143=ORIENTED_EDGE('',*,*,#4413,.T.);
#6144=ORIENTED_EDGE('',*,*,#4414,.T.);
#6145=ORIENTED_EDGE('',*,*,#4415,.T.);
#6146=ORIENTED_EDGE('',*,*,#4411,.F.);
#6147=ORIENTED_EDGE('',*,*,#4416,.T.);
#6148=ORIENTED_EDGE('',*,*,#4417,.T.);
#6149=ORIENTED_EDGE('',*,*,#4418,.T.);
#6150=ORIENTED_EDGE('',*,*,#4414,.F.);
#6151=ORIENTED_EDGE('',*,*,#4419,.T.);
#6152=ORIENTED_EDGE('',*,*,#4420,.T.);
#6153=ORIENTED_EDGE('',*,*,#4421,.T.);
#6154=ORIENTED_EDGE('',*,*,#4417,.F.);
#6155=ORIENTED_EDGE('',*,*,#4422,.T.);
#6156=ORIENTED_EDGE('',*,*,#4423,.T.);
#6157=ORIENTED_EDGE('',*,*,#4424,.T.);
#6158=ORIENTED_EDGE('',*,*,#4420,.F.);
#6159=ORIENTED_EDGE('',*,*,#4425,.T.);
#6160=ORIENTED_EDGE('',*,*,#4423,.F.);
#6161=ORIENTED_EDGE('',*,*,#4426,.T.);
#6162=ORIENTED_EDGE('',*,*,#4427,.T.);
#6163=ORIENTED_EDGE('',*,*,#4428,.T.);
#6164=ORIENTED_EDGE('',*,*,#4427,.F.);
#6165=ORIENTED_EDGE('',*,*,#4429,.T.);
#6166=ORIENTED_EDGE('',*,*,#4430,.T.);
#6167=ORIENTED_EDGE('',*,*,#4431,.T.);
#6168=ORIENTED_EDGE('',*,*,#4430,.F.);
#6169=ORIENTED_EDGE('',*,*,#4432,.T.);
#6170=ORIENTED_EDGE('',*,*,#4433,.T.);
#6171=ORIENTED_EDGE('',*,*,#4434,.T.);
#6172=ORIENTED_EDGE('',*,*,#4433,.F.);
#6173=ORIENTED_EDGE('',*,*,#4435,.T.);
#6174=ORIENTED_EDGE('',*,*,#4409,.T.);
#6175=ORIENTED_EDGE('',*,*,#4425,.F.);
#6176=ORIENTED_EDGE('',*,*,#4436,.F.);
#6177=ORIENTED_EDGE('',*,*,#4395,.F.);
#6178=ORIENTED_EDGE('',*,*,#4437,.T.);
#6179=ORIENTED_EDGE('',*,*,#4428,.F.);
#6180=ORIENTED_EDGE('',*,*,#4438,.F.);
#6181=ORIENTED_EDGE('',*,*,#4396,.F.);
#6182=ORIENTED_EDGE('',*,*,#4436,.T.);
#6183=ORIENTED_EDGE('',*,*,#4431,.F.);
#6184=ORIENTED_EDGE('',*,*,#4439,.F.);
#6185=ORIENTED_EDGE('',*,*,#4397,.F.);
#6186=ORIENTED_EDGE('',*,*,#4438,.T.);
#6187=ORIENTED_EDGE('',*,*,#4434,.F.);
#6188=ORIENTED_EDGE('',*,*,#4440,.F.);
#6189=ORIENTED_EDGE('',*,*,#4398,.T.);
#6190=ORIENTED_EDGE('',*,*,#4439,.T.);
#6191=ORIENTED_EDGE('',*,*,#4408,.F.);
#6192=ORIENTED_EDGE('',*,*,#4441,.F.);
#6193=ORIENTED_EDGE('',*,*,#4442,.F.);
#6194=ORIENTED_EDGE('',*,*,#4399,.T.);
#6195=ORIENTED_EDGE('',*,*,#4440,.T.);
#6196=ORIENTED_EDGE('',*,*,#4406,.F.);
#6197=ORIENTED_EDGE('',*,*,#4435,.F.);
#6198=ORIENTED_EDGE('',*,*,#4432,.F.);
#6199=ORIENTED_EDGE('',*,*,#4429,.F.);
#6200=ORIENTED_EDGE('',*,*,#4426,.F.);
#6201=ORIENTED_EDGE('',*,*,#4422,.F.);
#6202=ORIENTED_EDGE('',*,*,#4419,.F.);
#6203=ORIENTED_EDGE('',*,*,#4416,.F.);
#6204=ORIENTED_EDGE('',*,*,#4413,.F.);
#6205=ORIENTED_EDGE('',*,*,#4410,.F.);
#6206=ORIENTED_EDGE('',*,*,#4443,.T.);
#6207=ORIENTED_EDGE('',*,*,#4444,.T.);
#6208=ORIENTED_EDGE('',*,*,#4445,.T.);
#6209=ORIENTED_EDGE('',*,*,#4446,.T.);
#6210=ORIENTED_EDGE('',*,*,#4447,.T.);
#6211=ORIENTED_EDGE('',*,*,#4444,.F.);
#6212=ORIENTED_EDGE('',*,*,#4448,.T.);
#6213=ORIENTED_EDGE('',*,*,#4449,.F.);
#6214=ORIENTED_EDGE('',*,*,#4450,.T.);
#6215=ORIENTED_EDGE('',*,*,#4446,.F.);
#6216=ORIENTED_EDGE('',*,*,#4451,.T.);
#6217=ORIENTED_EDGE('',*,*,#4452,.T.);
#6218=ORIENTED_EDGE('',*,*,#4453,.T.);
#6219=ORIENTED_EDGE('',*,*,#4452,.F.);
#6220=ORIENTED_EDGE('',*,*,#4454,.T.);
#6221=ORIENTED_EDGE('',*,*,#4449,.T.);
#6222=ORIENTED_EDGE('',*,*,#4448,.F.);
#6223=ORIENTED_EDGE('',*,*,#4455,.F.);
#6224=ORIENTED_EDGE('',*,*,#4402,.T.);
#6225=ORIENTED_EDGE('',*,*,#4456,.T.);
#6226=ORIENTED_EDGE('',*,*,#4443,.F.);
#6227=ORIENTED_EDGE('',*,*,#4457,.F.);
#6228=ORIENTED_EDGE('',*,*,#4458,.F.);
#6229=ORIENTED_EDGE('',*,*,#4459,.F.);
#6230=ORIENTED_EDGE('',*,*,#4403,.T.);
#6231=ORIENTED_EDGE('',*,*,#4455,.T.);
#6232=ORIENTED_EDGE('',*,*,#4445,.F.);
#6233=ORIENTED_EDGE('',*,*,#4447,.F.);
#6234=ORIENTED_EDGE('',*,*,#4454,.F.);
#6235=ORIENTED_EDGE('',*,*,#4451,.F.);
#6236=ORIENTED_EDGE('',*,*,#4460,.T.);
#6237=ORIENTED_EDGE('',*,*,#4461,.T.);
#6238=ORIENTED_EDGE('',*,*,#4462,.T.);
#6239=ORIENTED_EDGE('',*,*,#4463,.T.);
#6240=ORIENTED_EDGE('',*,*,#4464,.T.);
#6241=ORIENTED_EDGE('',*,*,#4461,.F.);
#6242=ORIENTED_EDGE('',*,*,#4465,.T.);
#6243=ORIENTED_EDGE('',*,*,#4466,.F.);
#6244=ORIENTED_EDGE('',*,*,#4467,.T.);
#6245=ORIENTED_EDGE('',*,*,#4463,.F.);
#6246=ORIENTED_EDGE('',*,*,#4468,.T.);
#6247=ORIENTED_EDGE('',*,*,#4469,.T.);
#6248=ORIENTED_EDGE('',*,*,#4470,.T.);
#6249=ORIENTED_EDGE('',*,*,#4469,.F.);
#6250=ORIENTED_EDGE('',*,*,#4471,.T.);
#6251=ORIENTED_EDGE('',*,*,#4466,.T.);
#6252=ORIENTED_EDGE('',*,*,#4465,.F.);
#6253=ORIENTED_EDGE('',*,*,#4472,.F.);
#6254=ORIENTED_EDGE('',*,*,#4388,.T.);
#6255=ORIENTED_EDGE('',*,*,#4473,.T.);
#6256=ORIENTED_EDGE('',*,*,#4460,.F.);
#6257=ORIENTED_EDGE('',*,*,#4474,.F.);
#6258=ORIENTED_EDGE('',*,*,#4475,.F.);
#6259=ORIENTED_EDGE('',*,*,#4476,.F.);
#6260=ORIENTED_EDGE('',*,*,#4389,.T.);
#6261=ORIENTED_EDGE('',*,*,#4472,.T.);
#6262=ORIENTED_EDGE('',*,*,#4462,.F.);
#6263=ORIENTED_EDGE('',*,*,#4464,.F.);
#6264=ORIENTED_EDGE('',*,*,#4471,.F.);
#6265=ORIENTED_EDGE('',*,*,#4468,.F.);
#6266=ORIENTED_EDGE('',*,*,#4386,.F.);
#6267=ORIENTED_EDGE('',*,*,#4477,.F.);
#6268=ORIENTED_EDGE('',*,*,#4390,.F.);
#6269=ORIENTED_EDGE('',*,*,#4476,.T.);
#6270=ORIENTED_EDGE('',*,*,#4478,.F.);
#6271=ORIENTED_EDGE('',*,*,#4404,.F.);
#6272=ORIENTED_EDGE('',*,*,#4459,.T.);
#6273=ORIENTED_EDGE('',*,*,#4479,.F.);
#6274=ORIENTED_EDGE('',*,*,#4480,.F.);
#6275=ORIENTED_EDGE('',*,*,#4442,.T.);
#6276=ORIENTED_EDGE('',*,*,#4481,.F.);
#6277=ORIENTED_EDGE('',*,*,#4482,.F.);
#6278=ORIENTED_EDGE('',*,*,#4400,.F.);
#6279=ORIENTED_EDGE('',*,*,#4483,.F.);
#6280=ORIENTED_EDGE('',*,*,#4484,.T.);
#6281=ORIENTED_EDGE('',*,*,#4481,.T.);
#6282=ORIENTED_EDGE('',*,*,#4485,.F.);
#6283=ORIENTED_EDGE('',*,*,#4478,.T.);
#6284=ORIENTED_EDGE('',*,*,#4475,.T.);
#6285=ORIENTED_EDGE('',*,*,#4486,.F.);
#6286=ORIENTED_EDGE('',*,*,#4487,.T.);
#6287=ORIENTED_EDGE('',*,*,#4479,.T.);
#6288=ORIENTED_EDGE('',*,*,#4458,.T.);
#6289=ORIENTED_EDGE('',*,*,#4412,.F.);
#6290=ORIENTED_EDGE('',*,*,#4488,.F.);
#6291=ORIENTED_EDGE('',*,*,#4485,.T.);
#6292=ORIENTED_EDGE('',*,*,#4441,.T.);
#6293=ORIENTED_EDGE('',*,*,#4415,.F.);
#6294=ORIENTED_EDGE('',*,*,#4489,.F.);
#6295=ORIENTED_EDGE('',*,*,#4391,.T.);
#6296=ORIENTED_EDGE('',*,*,#4477,.T.);
#6297=ORIENTED_EDGE('',*,*,#4488,.T.);
#6298=ORIENTED_EDGE('',*,*,#4418,.F.);
#6299=ORIENTED_EDGE('',*,*,#4490,.F.);
#6300=ORIENTED_EDGE('',*,*,#4392,.T.);
#6301=ORIENTED_EDGE('',*,*,#4489,.T.);
#6302=ORIENTED_EDGE('',*,*,#4421,.F.);
#6303=ORIENTED_EDGE('',*,*,#4491,.F.);
#6304=ORIENTED_EDGE('',*,*,#4393,.T.);
#6305=ORIENTED_EDGE('',*,*,#4490,.T.);
#6306=ORIENTED_EDGE('',*,*,#4424,.F.);
#6307=ORIENTED_EDGE('',*,*,#4437,.F.);
#6308=ORIENTED_EDGE('',*,*,#4394,.F.);
#6309=ORIENTED_EDGE('',*,*,#4491,.T.);
#6310=ORIENTED_EDGE('',*,*,#4453,.F.);
#6311=ORIENTED_EDGE('',*,*,#4456,.F.);
#6312=ORIENTED_EDGE('',*,*,#4401,.T.);
#6313=ORIENTED_EDGE('',*,*,#4482,.T.);
#6314=ORIENTED_EDGE('',*,*,#4484,.F.);
#6315=ORIENTED_EDGE('',*,*,#4492,.T.);
#6316=ORIENTED_EDGE('',*,*,#4450,.F.);
#6317=ORIENTED_EDGE('',*,*,#4492,.F.);
#6318=ORIENTED_EDGE('',*,*,#4483,.T.);
#6319=ORIENTED_EDGE('',*,*,#4457,.T.);
#6320=ORIENTED_EDGE('',*,*,#4467,.F.);
#6321=ORIENTED_EDGE('',*,*,#4493,.F.);
#6322=ORIENTED_EDGE('',*,*,#4486,.T.);
#6323=ORIENTED_EDGE('',*,*,#4474,.T.);
#6324=ORIENTED_EDGE('',*,*,#4470,.F.);
#6325=ORIENTED_EDGE('',*,*,#4473,.F.);
#6326=ORIENTED_EDGE('',*,*,#4405,.T.);
#6327=ORIENTED_EDGE('',*,*,#4480,.T.);
#6328=ORIENTED_EDGE('',*,*,#4487,.F.);
#6329=ORIENTED_EDGE('',*,*,#4493,.T.);
#6330=ORIENTED_EDGE('',*,*,#4494,.F.);
#6331=ORIENTED_EDGE('',*,*,#4495,.T.);
#6332=ORIENTED_EDGE('',*,*,#4496,.T.);
#6333=ORIENTED_EDGE('',*,*,#4495,.F.);
#6334=ORIENTED_EDGE('',*,*,#4496,.F.);
#6335=ORIENTED_EDGE('',*,*,#4497,.F.);
#6336=ORIENTED_EDGE('',*,*,#4498,.F.);
#6337=ORIENTED_EDGE('',*,*,#4499,.T.);
#6338=ORIENTED_EDGE('',*,*,#4500,.T.);
#6339=ORIENTED_EDGE('',*,*,#4499,.F.);
#6340=ORIENTED_EDGE('',*,*,#4500,.F.);
#6341=ORIENTED_EDGE('',*,*,#4501,.F.);
#6342=ORIENTED_EDGE('',*,*,#4497,.T.);
#6343=ORIENTED_EDGE('',*,*,#4502,.T.);
#6344=ORIENTED_EDGE('',*,*,#4503,.F.);
#6345=ORIENTED_EDGE('',*,*,#4502,.F.);
#6346=ORIENTED_EDGE('',*,*,#4501,.T.);
#6347=ORIENTED_EDGE('',*,*,#4504,.T.);
#6348=ORIENTED_EDGE('',*,*,#4505,.F.);
#6349=ORIENTED_EDGE('',*,*,#4504,.F.);
#6350=ORIENTED_EDGE('',*,*,#4506,.F.);
#6351=ORIENTED_EDGE('',*,*,#4507,.F.);
#6352=ORIENTED_EDGE('',*,*,#4508,.F.);
#6353=ORIENTED_EDGE('',*,*,#4509,.T.);
#6354=ORIENTED_EDGE('',*,*,#4494,.T.);
#6355=ORIENTED_EDGE('',*,*,#4498,.T.);
#6356=ORIENTED_EDGE('',*,*,#4510,.F.);
#6357=ORIENTED_EDGE('',*,*,#4511,.F.);
#6358=ORIENTED_EDGE('',*,*,#4512,.F.);
#6359=ORIENTED_EDGE('',*,*,#4507,.T.);
#6360=ORIENTED_EDGE('',*,*,#4513,.F.);
#6361=ORIENTED_EDGE('',*,*,#4514,.F.);
#6362=ORIENTED_EDGE('',*,*,#4515,.F.);
#6363=ORIENTED_EDGE('',*,*,#4511,.T.);
#6364=ORIENTED_EDGE('',*,*,#4503,.T.);
#6365=ORIENTED_EDGE('',*,*,#4505,.T.);
#6366=ORIENTED_EDGE('',*,*,#4516,.F.);
#6367=ORIENTED_EDGE('',*,*,#4509,.F.);
#6368=ORIENTED_EDGE('',*,*,#4517,.F.);
#6369=ORIENTED_EDGE('',*,*,#4514,.T.);
#6370=ORIENTED_EDGE('',*,*,#4508,.T.);
#6371=ORIENTED_EDGE('',*,*,#4512,.T.);
#6372=ORIENTED_EDGE('',*,*,#4515,.T.);
#6373=ORIENTED_EDGE('',*,*,#4517,.T.);
#6374=ORIENTED_EDGE('',*,*,#4510,.T.);
#6375=ORIENTED_EDGE('',*,*,#4506,.T.);
#6376=ORIENTED_EDGE('',*,*,#4516,.T.);
#6377=ORIENTED_EDGE('',*,*,#4513,.T.);
#6378=ORIENTED_EDGE('',*,*,#4518,.F.);
#6379=ORIENTED_EDGE('',*,*,#4519,.T.);
#6380=ORIENTED_EDGE('',*,*,#4520,.T.);
#6381=ORIENTED_EDGE('',*,*,#4519,.F.);
#6382=ORIENTED_EDGE('',*,*,#4520,.F.);
#6383=ORIENTED_EDGE('',*,*,#4521,.F.);
#6384=ORIENTED_EDGE('',*,*,#4522,.F.);
#6385=ORIENTED_EDGE('',*,*,#4523,.T.);
#6386=ORIENTED_EDGE('',*,*,#4524,.T.);
#6387=ORIENTED_EDGE('',*,*,#4523,.F.);
#6388=ORIENTED_EDGE('',*,*,#4524,.F.);
#6389=ORIENTED_EDGE('',*,*,#4525,.F.);
#6390=ORIENTED_EDGE('',*,*,#4521,.T.);
#6391=ORIENTED_EDGE('',*,*,#4526,.T.);
#6392=ORIENTED_EDGE('',*,*,#4527,.F.);
#6393=ORIENTED_EDGE('',*,*,#4526,.F.);
#6394=ORIENTED_EDGE('',*,*,#4525,.T.);
#6395=ORIENTED_EDGE('',*,*,#4528,.T.);
#6396=ORIENTED_EDGE('',*,*,#4529,.F.);
#6397=ORIENTED_EDGE('',*,*,#4528,.F.);
#6398=ORIENTED_EDGE('',*,*,#4530,.F.);
#6399=ORIENTED_EDGE('',*,*,#4531,.F.);
#6400=ORIENTED_EDGE('',*,*,#4532,.T.);
#6401=ORIENTED_EDGE('',*,*,#4533,.T.);
#6402=ORIENTED_EDGE('',*,*,#4527,.T.);
#6403=ORIENTED_EDGE('',*,*,#4529,.T.);
#6404=ORIENTED_EDGE('',*,*,#4534,.F.);
#6405=ORIENTED_EDGE('',*,*,#4535,.F.);
#6406=ORIENTED_EDGE('',*,*,#4536,.T.);
#6407=ORIENTED_EDGE('',*,*,#4531,.T.);
#6408=ORIENTED_EDGE('',*,*,#4537,.F.);
#6409=ORIENTED_EDGE('',*,*,#4538,.F.);
#6410=ORIENTED_EDGE('',*,*,#4539,.T.);
#6411=ORIENTED_EDGE('',*,*,#4535,.T.);
#6412=ORIENTED_EDGE('',*,*,#4518,.T.);
#6413=ORIENTED_EDGE('',*,*,#4522,.T.);
#6414=ORIENTED_EDGE('',*,*,#4540,.F.);
#6415=ORIENTED_EDGE('',*,*,#4533,.F.);
#6416=ORIENTED_EDGE('',*,*,#4541,.T.);
#6417=ORIENTED_EDGE('',*,*,#4538,.T.);
#6418=ORIENTED_EDGE('',*,*,#4532,.F.);
#6419=ORIENTED_EDGE('',*,*,#4536,.F.);
#6420=ORIENTED_EDGE('',*,*,#4539,.F.);
#6421=ORIENTED_EDGE('',*,*,#4541,.F.);
#6422=ORIENTED_EDGE('',*,*,#4534,.T.);
#6423=ORIENTED_EDGE('',*,*,#4530,.T.);
#6424=ORIENTED_EDGE('',*,*,#4540,.T.);
#6425=ORIENTED_EDGE('',*,*,#4537,.T.);
#6426=(
BOUNDED_SURFACE()
B_SPLINE_SURFACE(2,2,((#9075,#9076,#9077,#9078,#9079,#9080,#9081,#9082,
#9083),(#9084,#9085,#9086,#9087,#9088,#9089,#9090,#9091,#9092),(#9093,#9094,
#9095,#9096,#9097,#9098,#9099,#9100,#9101)),.UNSPECIFIED.,.F.,.T.,.F.)
B_SPLINE_SURFACE_WITH_KNOTS((3,3),(3,2,2,2,3),(0.,1.5707963267949),(-3.14159265358979,
-1.5707963267949,0.,1.5707963267949,3.14159265358979),.UNSPECIFIED.)
GEOMETRIC_REPRESENTATION_ITEM()
RATIONAL_B_SPLINE_SURFACE(((1.,0.707106781186548,1.,0.707106781186548,1.,
0.707106781186548,1.,0.707106781186548,1.),(0.707106781186551,0.500000000000003,
0.707106781186551,0.500000000000003,0.707106781186551,0.500000000000003,
0.707106781186551,0.500000000000003,0.707106781186551),(1.,0.707106781186548,
1.,0.707106781186548,1.,0.707106781186548,1.,0.707106781186548,1.)))
REPRESENTATION_ITEM('')
SURFACE()
);
#6427=(
BOUNDED_SURFACE()
B_SPLINE_SURFACE(2,2,((#9114,#9115,#9116,#9117,#9118,#9119,#9120,#9121,
#9122),(#9123,#9124,#9125,#9126,#9127,#9128,#9129,#9130,#9131),(#9132,#9133,
#9134,#9135,#9136,#9137,#9138,#9139,#9140)),.UNSPECIFIED.,.F.,.T.,.F.)
B_SPLINE_SURFACE_WITH_KNOTS((3,3),(3,2,2,2,3),(0.,1.5707963267949),(-3.14159265358979,
-1.5707963267949,0.,1.5707963267949,3.14159265358979),.UNSPECIFIED.)
GEOMETRIC_REPRESENTATION_ITEM()
RATIONAL_B_SPLINE_SURFACE(((1.,0.707106781186548,1.,0.707106781186548,1.,
0.707106781186548,1.,0.707106781186548,1.),(0.707106781186551,0.500000000000003,
0.707106781186551,0.500000000000003,0.707106781186551,0.500000000000003,
0.707106781186551,0.500000000000003,0.707106781186551),(1.,0.707106781186548,
1.,0.707106781186548,1.,0.707106781186548,1.,0.707106781186548,1.)))
REPRESENTATION_ITEM('')
SURFACE()
);
#6428=ADVANCED_FACE('',(#2164),#6426,.F.);
#6429=ADVANCED_FACE('',(#2165),#2115,.T.);
#6430=ADVANCED_FACE('',(#2166),#107,.F.);
#6431=ADVANCED_FACE('',(#2167),#6427,.F.);
#6432=ADVANCED_FACE('',(#2168),#2116,.T.);
#6433=ADVANCED_FACE('',(#2169),#108,.T.);
#6434=ADVANCED_FACE('',(#2170),#99,.F.);
#6435=ADVANCED_FACE('',(#2171,#65,#66,#67,#68,#69,#70),#109,.T.);
#6436=ADVANCED_FACE('',(#2172),#2117,.F.);
#6437=ADVANCED_FACE('',(#2173),#100,.F.);
#6438=ADVANCED_FACE('',(#2174),#2118,.F.);
#6439=ADVANCED_FACE('',(#2175),#101,.F.);
#6440=ADVANCED_FACE('',(#2176),#2119,.F.);
#6441=ADVANCED_FACE('',(#2177),#102,.F.);
#6442=ADVANCED_FACE('',(#2178),#2120,.F.);
#6443=ADVANCED_FACE('',(#2179,#71),#110,.T.);
#6444=ADVANCED_FACE('',(#2180,#72),#111,.T.);
#6445=ADVANCED_FACE('',(#2181,#73),#112,.T.);
#6446=ADVANCED_FACE('',(#2182,#74),#113,.T.);
#6447=ADVANCED_FACE('',(#2183),#2121,.F.);
#6448=ADVANCED_FACE('',(#2184),#2122,.F.);
#6449=ADVANCED_FACE('',(#2185),#2123,.F.);
#6450=ADVANCED_FACE('',(#2186),#2124,.F.);
#6451=ADVANCED_FACE('',(#2187,#75),#114,.T.);
#6452=ADVANCED_FACE('',(#2188),#103,.F.);
#6453=ADVANCED_FACE('',(#2189),#2125,.F.);
#6454=ADVANCED_FACE('',(#2190,#76),#115,.T.);
#6455=ADVANCED_FACE('',(#2191),#104,.F.);
#6456=ADVANCED_FACE('',(#2192),#2126,.F.);
#6457=ADVANCED_FACE('',(#2193,#77),#116,.T.);
#6458=ADVANCED_FACE('',(#2194,#78),#117,.T.);
#6459=ADVANCED_FACE('',(#2195,#79),#118,.T.);
#6460=ADVANCED_FACE('',(#2196),#2127,.F.);
#6461=ADVANCED_FACE('',(#2197),#2128,.F.);
#6462=ADVANCED_FACE('',(#2198),#119,.T.);
#6463=ADVANCED_FACE('',(#2199),#120,.T.);
#6464=ADVANCED_FACE('',(#2200),#121,.T.);
#6465=ADVANCED_FACE('',(#2201),#122,.T.);
#6466=ADVANCED_FACE('',(#2202),#123,.T.);
#6467=ADVANCED_FACE('',(#2203),#124,.T.);
#6468=ADVANCED_FACE('',(#2204),#125,.T.);
#6469=ADVANCED_FACE('',(#2205),#126,.T.);
#6470=ADVANCED_FACE('',(#2206),#127,.T.);
#6471=ADVANCED_FACE('',(#2207),#128,.T.);
#6472=ADVANCED_FACE('',(#2208),#129,.T.);
#6473=ADVANCED_FACE('',(#2209),#130,.T.);
#6474=ADVANCED_FACE('',(#2210),#131,.T.);
#6475=ADVANCED_FACE('',(#2211),#132,.T.);
#6476=ADVANCED_FACE('',(#2212),#133,.T.);
#6477=ADVANCED_FACE('',(#2213,#80,#81),#134,.F.);
#6478=ADVANCED_FACE('',(#2214,#82),#135,.T.);
#6479=ADVANCED_FACE('',(#2215,#83,#84),#136,.F.);
#6480=ADVANCED_FACE('',(#2216),#137,.F.);
#6481=ADVANCED_FACE('',(#2217),#138,.T.);
#6482=ADVANCED_FACE('',(#2218),#139,.T.);
#6483=ADVANCED_FACE('',(#2219),#140,.T.);
#6484=ADVANCED_FACE('',(#2220),#141,.T.);
#6485=ADVANCED_FACE('',(#2221),#142,.T.);
#6486=ADVANCED_FACE('',(#2222),#143,.T.);
#6487=ADVANCED_FACE('',(#2223),#144,.T.);
#6488=ADVANCED_FACE('',(#2224),#145,.T.);
#6489=ADVANCED_FACE('',(#2225),#146,.T.);
#6490=ADVANCED_FACE('',(#2226),#147,.T.);
#6491=ADVANCED_FACE('',(#2227),#148,.T.);
#6492=ADVANCED_FACE('',(#2228),#149,.T.);
#6493=ADVANCED_FACE('',(#2229),#150,.T.);
#6494=ADVANCED_FACE('',(#2230),#151,.T.);
#6495=ADVANCED_FACE('',(#2231),#152,.T.);
#6496=ADVANCED_FACE('',(#2232),#153,.T.);
#6497=ADVANCED_FACE('',(#2233),#154,.T.);
#6498=ADVANCED_FACE('',(#2234),#155,.T.);
#6499=ADVANCED_FACE('',(#2235),#156,.T.);
#6500=ADVANCED_FACE('',(#2236),#2129,.T.);
#6501=ADVANCED_FACE('',(#2237),#157,.T.);
#6502=ADVANCED_FACE('',(#2238),#158,.T.);
#6503=ADVANCED_FACE('',(#2239),#159,.T.);
#6504=ADVANCED_FACE('',(#2240),#160,.T.);
#6505=ADVANCED_FACE('',(#2241),#161,.T.);
#6506=ADVANCED_FACE('',(#2242),#2130,.F.);
#6507=ADVANCED_FACE('',(#2243),#162,.T.);
#6508=ADVANCED_FACE('',(#2244),#163,.T.);
#6509=ADVANCED_FACE('',(#2245),#2131,.F.);
#6510=ADVANCED_FACE('',(#2246),#164,.T.);
#6511=ADVANCED_FACE('',(#2247),#165,.T.);
#6512=ADVANCED_FACE('',(#2248),#166,.T.);
#6513=ADVANCED_FACE('',(#2249),#167,.T.);
#6514=ADVANCED_FACE('',(#2250),#168,.F.);
#6515=ADVANCED_FACE('',(#2251),#169,.T.);
#6516=ADVANCED_FACE('',(#2252),#170,.T.);
#6517=ADVANCED_FACE('',(#2253),#171,.T.);
#6518=ADVANCED_FACE('',(#2254),#172,.T.);
#6519=ADVANCED_FACE('',(#2255),#173,.T.);
#6520=ADVANCED_FACE('',(#2256),#2132,.F.);
#6521=ADVANCED_FACE('',(#2257),#174,.T.);
#6522=ADVANCED_FACE('',(#2258),#175,.T.);
#6523=ADVANCED_FACE('',(#2259),#176,.T.);
#6524=ADVANCED_FACE('',(#2260),#2133,.F.);
#6525=ADVANCED_FACE('',(#2261),#177,.F.);
#6526=ADVANCED_FACE('',(#2262),#178,.T.);
#6527=ADVANCED_FACE('',(#2263),#179,.T.);
#6528=ADVANCED_FACE('',(#2264),#180,.T.);
#6529=ADVANCED_FACE('',(#2265),#181,.T.);
#6530=ADVANCED_FACE('',(#2266),#182,.T.);
#6531=ADVANCED_FACE('',(#2267),#183,.T.);
#6532=ADVANCED_FACE('',(#2268),#184,.T.);
#6533=ADVANCED_FACE('',(#2269),#185,.T.);
#6534=ADVANCED_FACE('',(#2270),#186,.T.);
#6535=ADVANCED_FACE('',(#2271),#187,.T.);
#6536=ADVANCED_FACE('',(#2272),#188,.T.);
#6537=ADVANCED_FACE('',(#2273),#189,.T.);
#6538=ADVANCED_FACE('',(#2274),#190,.T.);
#6539=ADVANCED_FACE('',(#2275),#191,.T.);
#6540=ADVANCED_FACE('',(#2276),#192,.T.);
#6541=ADVANCED_FACE('',(#2277),#193,.T.);
#6542=ADVANCED_FACE('',(#2278),#194,.T.);
#6543=ADVANCED_FACE('',(#2279),#195,.T.);
#6544=ADVANCED_FACE('',(#2280),#196,.T.);
#6545=ADVANCED_FACE('',(#2281),#197,.T.);
#6546=ADVANCED_FACE('',(#2282),#198,.T.);
#6547=ADVANCED_FACE('',(#2283),#199,.T.);
#6548=ADVANCED_FACE('',(#2284),#200,.T.);
#6549=ADVANCED_FACE('',(#2285),#201,.T.);
#6550=ADVANCED_FACE('',(#2286),#202,.T.);
#6551=ADVANCED_FACE('',(#2287),#203,.T.);
#6552=ADVANCED_FACE('',(#2288),#204,.T.);
#6553=ADVANCED_FACE('',(#2289),#205,.T.);
#6554=ADVANCED_FACE('',(#2290),#206,.T.);
#6555=ADVANCED_FACE('',(#2291),#207,.T.);
#6556=ADVANCED_FACE('',(#2292),#208,.T.);
#6557=ADVANCED_FACE('',(#2293),#209,.T.);
#6558=ADVANCED_FACE('',(#2294),#210,.T.);
#6559=ADVANCED_FACE('',(#2295),#211,.T.);
#6560=ADVANCED_FACE('',(#2296),#212,.T.);
#6561=ADVANCED_FACE('',(#2297),#213,.T.);
#6562=ADVANCED_FACE('',(#2298),#214,.T.);
#6563=ADVANCED_FACE('',(#2299),#215,.T.);
#6564=ADVANCED_FACE('',(#2300),#216,.T.);
#6565=ADVANCED_FACE('',(#2301),#217,.T.);
#6566=ADVANCED_FACE('',(#2302),#218,.T.);
#6567=ADVANCED_FACE('',(#2303),#219,.T.);
#6568=ADVANCED_FACE('',(#2304),#220,.T.);
#6569=ADVANCED_FACE('',(#2305),#221,.T.);
#6570=ADVANCED_FACE('',(#2306),#222,.T.);
#6571=ADVANCED_FACE('',(#2307),#223,.T.);
#6572=ADVANCED_FACE('',(#2308),#224,.T.);
#6573=ADVANCED_FACE('',(#2309),#225,.T.);
#6574=ADVANCED_FACE('',(#2310),#226,.T.);
#6575=ADVANCED_FACE('',(#2311),#227,.T.);
#6576=ADVANCED_FACE('',(#2312),#228,.T.);
#6577=ADVANCED_FACE('',(#2313),#229,.T.);
#6578=ADVANCED_FACE('',(#2314),#230,.T.);
#6579=ADVANCED_FACE('',(#2315),#231,.T.);
#6580=ADVANCED_FACE('',(#2316),#232,.T.);
#6581=ADVANCED_FACE('',(#2317),#233,.T.);
#6582=ADVANCED_FACE('',(#2318),#234,.T.);
#6583=ADVANCED_FACE('',(#2319),#235,.T.);
#6584=ADVANCED_FACE('',(#2320),#236,.T.);
#6585=ADVANCED_FACE('',(#2321),#237,.T.);
#6586=ADVANCED_FACE('',(#2322),#238,.T.);
#6587=ADVANCED_FACE('',(#2323),#239,.T.);
#6588=ADVANCED_FACE('',(#2324),#240,.T.);
#6589=ADVANCED_FACE('',(#2325),#241,.T.);
#6590=ADVANCED_FACE('',(#2326),#242,.T.);
#6591=ADVANCED_FACE('',(#2327),#243,.T.);
#6592=ADVANCED_FACE('',(#2328),#244,.T.);
#6593=ADVANCED_FACE('',(#2329),#245,.T.);
#6594=ADVANCED_FACE('',(#2330),#246,.T.);
#6595=ADVANCED_FACE('',(#2331),#247,.T.);
#6596=ADVANCED_FACE('',(#2332),#248,.T.);
#6597=ADVANCED_FACE('',(#2333),#249,.T.);
#6598=ADVANCED_FACE('',(#2334),#250,.T.);
#6599=ADVANCED_FACE('',(#2335),#251,.T.);
#6600=ADVANCED_FACE('',(#2336),#252,.T.);
#6601=ADVANCED_FACE('',(#2337),#253,.T.);
#6602=ADVANCED_FACE('',(#2338),#254,.T.);
#6603=ADVANCED_FACE('',(#2339),#255,.T.);
#6604=ADVANCED_FACE('',(#2340),#256,.T.);
#6605=ADVANCED_FACE('',(#2341),#257,.T.);
#6606=ADVANCED_FACE('',(#2342),#258,.T.);
#6607=ADVANCED_FACE('',(#2343),#259,.T.);
#6608=ADVANCED_FACE('',(#2344),#260,.T.);
#6609=ADVANCED_FACE('',(#2345),#261,.T.);
#6610=ADVANCED_FACE('',(#2346),#262,.T.);
#6611=ADVANCED_FACE('',(#2347),#263,.T.);
#6612=ADVANCED_FACE('',(#2348),#264,.T.);
#6613=ADVANCED_FACE('',(#2349),#265,.T.);
#6614=ADVANCED_FACE('',(#2350),#266,.T.);
#6615=ADVANCED_FACE('',(#2351),#267,.T.);
#6616=ADVANCED_FACE('',(#2352),#268,.T.);
#6617=ADVANCED_FACE('',(#2353),#269,.T.);
#6618=ADVANCED_FACE('',(#2354),#270,.T.);
#6619=ADVANCED_FACE('',(#2355),#271,.T.);
#6620=ADVANCED_FACE('',(#2356),#272,.T.);
#6621=ADVANCED_FACE('',(#2357),#273,.T.);
#6622=ADVANCED_FACE('',(#2358),#274,.T.);
#6623=ADVANCED_FACE('',(#2359),#275,.T.);
#6624=ADVANCED_FACE('',(#2360),#276,.T.);
#6625=ADVANCED_FACE('',(#2361),#277,.T.);
#6626=ADVANCED_FACE('',(#2362),#278,.T.);
#6627=ADVANCED_FACE('',(#2363),#279,.T.);
#6628=ADVANCED_FACE('',(#2364),#280,.T.);
#6629=ADVANCED_FACE('',(#2365),#281,.T.);
#6630=ADVANCED_FACE('',(#2366),#282,.T.);
#6631=ADVANCED_FACE('',(#2367),#283,.T.);
#6632=ADVANCED_FACE('',(#2368),#284,.T.);
#6633=ADVANCED_FACE('',(#2369),#285,.T.);
#6634=ADVANCED_FACE('',(#2370),#286,.T.);
#6635=ADVANCED_FACE('',(#2371),#287,.T.);
#6636=ADVANCED_FACE('',(#2372),#288,.T.);
#6637=ADVANCED_FACE('',(#2373),#289,.T.);
#6638=ADVANCED_FACE('',(#2374),#290,.T.);
#6639=ADVANCED_FACE('',(#2375),#291,.T.);
#6640=ADVANCED_FACE('',(#2376),#292,.T.);
#6641=ADVANCED_FACE('',(#2377),#293,.T.);
#6642=ADVANCED_FACE('',(#2378),#294,.T.);
#6643=ADVANCED_FACE('',(#2379),#295,.T.);
#6644=ADVANCED_FACE('',(#2380),#296,.T.);
#6645=ADVANCED_FACE('',(#2381),#297,.T.);
#6646=ADVANCED_FACE('',(#2382),#298,.T.);
#6647=ADVANCED_FACE('',(#2383),#299,.T.);
#6648=ADVANCED_FACE('',(#2384),#300,.T.);
#6649=ADVANCED_FACE('',(#2385),#301,.T.);
#6650=ADVANCED_FACE('',(#2386),#302,.T.);
#6651=ADVANCED_FACE('',(#2387),#303,.T.);
#6652=ADVANCED_FACE('',(#2388),#304,.T.);
#6653=ADVANCED_FACE('',(#2389),#305,.T.);
#6654=ADVANCED_FACE('',(#2390),#306,.T.);
#6655=ADVANCED_FACE('',(#2391),#307,.T.);
#6656=ADVANCED_FACE('',(#2392),#308,.T.);
#6657=ADVANCED_FACE('',(#2393),#309,.T.);
#6658=ADVANCED_FACE('',(#2394),#310,.T.);
#6659=ADVANCED_FACE('',(#2395),#311,.T.);
#6660=ADVANCED_FACE('',(#2396),#312,.T.);
#6661=ADVANCED_FACE('',(#2397),#313,.T.);
#6662=ADVANCED_FACE('',(#2398),#314,.T.);
#6663=ADVANCED_FACE('',(#2399),#315,.T.);
#6664=ADVANCED_FACE('',(#2400),#316,.T.);
#6665=ADVANCED_FACE('',(#2401),#317,.T.);
#6666=ADVANCED_FACE('',(#2402),#318,.T.);
#6667=ADVANCED_FACE('',(#2403),#319,.T.);
#6668=ADVANCED_FACE('',(#2404),#320,.T.);
#6669=ADVANCED_FACE('',(#2405),#321,.T.);
#6670=ADVANCED_FACE('',(#2406),#322,.T.);
#6671=ADVANCED_FACE('',(#2407),#323,.T.);
#6672=ADVANCED_FACE('',(#2408),#324,.T.);
#6673=ADVANCED_FACE('',(#2409),#325,.T.);
#6674=ADVANCED_FACE('',(#2410),#326,.T.);
#6675=ADVANCED_FACE('',(#2411),#105,.F.);
#6676=ADVANCED_FACE('',(#2412),#2134,.F.);
#6677=ADVANCED_FACE('',(#2413,#85),#327,.T.);
#6678=ADVANCED_FACE('',(#2414),#2135,.T.);
#6679=ADVANCED_FACE('',(#2415),#2136,.T.);
#6680=ADVANCED_FACE('',(#2416),#2137,.T.);
#6681=ADVANCED_FACE('',(#2417),#2138,.T.);
#6682=ADVANCED_FACE('',(#2418),#2139,.T.);
#6683=ADVANCED_FACE('',(#2419),#2140,.T.);
#6684=ADVANCED_FACE('',(#2420),#2141,.T.);
#6685=ADVANCED_FACE('',(#2421),#2142,.T.);
#6686=ADVANCED_FACE('',(#2422),#2143,.T.);
#6687=ADVANCED_FACE('',(#2423),#2144,.T.);
#6688=ADVANCED_FACE('',(#2424),#328,.T.);
#6689=ADVANCED_FACE('',(#2425),#329,.T.);
#6690=ADVANCED_FACE('',(#2426),#330,.T.);
#6691=ADVANCED_FACE('',(#2427),#331,.T.);
#6692=ADVANCED_FACE('',(#2428),#332,.T.);
#6693=ADVANCED_FACE('',(#2429),#333,.T.);
#6694=ADVANCED_FACE('',(#2430),#334,.T.);
#6695=ADVANCED_FACE('',(#2431),#335,.T.);
#6696=ADVANCED_FACE('',(#2432),#336,.T.);
#6697=ADVANCED_FACE('',(#2433),#337,.T.);
#6698=ADVANCED_FACE('',(#2434),#338,.T.);
#6699=ADVANCED_FACE('',(#2435),#339,.T.);
#6700=ADVANCED_FACE('',(#2436),#340,.T.);
#6701=ADVANCED_FACE('',(#2437),#341,.T.);
#6702=ADVANCED_FACE('',(#2438),#342,.T.);
#6703=ADVANCED_FACE('',(#2439),#343,.T.);
#6704=ADVANCED_FACE('',(#2440),#344,.T.);
#6705=ADVANCED_FACE('',(#2441),#345,.T.);
#6706=ADVANCED_FACE('',(#2442),#346,.T.);
#6707=ADVANCED_FACE('',(#2443),#347,.T.);
#6708=ADVANCED_FACE('',(#2444),#348,.F.);
#6709=ADVANCED_FACE('',(#2445),#349,.T.);
#6710=ADVANCED_FACE('',(#2446),#350,.T.);
#6711=ADVANCED_FACE('',(#2447),#351,.T.);
#6712=ADVANCED_FACE('',(#2448),#352,.T.);
#6713=ADVANCED_FACE('',(#2449),#353,.T.);
#6714=ADVANCED_FACE('',(#2450),#354,.T.);
#6715=ADVANCED_FACE('',(#2451),#355,.T.);
#6716=ADVANCED_FACE('',(#2452),#356,.T.);
#6717=ADVANCED_FACE('',(#2453),#357,.T.);
#6718=ADVANCED_FACE('',(#2454),#358,.T.);
#6719=ADVANCED_FACE('',(#2455),#359,.T.);
#6720=ADVANCED_FACE('',(#2456),#360,.T.);
#6721=ADVANCED_FACE('',(#2457),#361,.T.);
#6722=ADVANCED_FACE('',(#2458),#106,.F.);
#6723=ADVANCED_FACE('',(#2459),#2145,.F.);
#6724=ADVANCED_FACE('',(#2460,#86),#362,.T.);
#6725=ADVANCED_FACE('',(#2461),#2146,.T.);
#6726=ADVANCED_FACE('',(#2462),#2147,.T.);
#6727=ADVANCED_FACE('',(#2463),#2148,.T.);
#6728=ADVANCED_FACE('',(#2464),#2149,.T.);
#6729=ADVANCED_FACE('',(#2465),#2150,.T.);
#6730=ADVANCED_FACE('',(#2466),#2151,.T.);
#6731=ADVANCED_FACE('',(#2467),#2152,.T.);
#6732=ADVANCED_FACE('',(#2468),#2153,.T.);
#6733=ADVANCED_FACE('',(#2469),#2154,.T.);
#6734=ADVANCED_FACE('',(#2470),#2155,.T.);
#6735=ADVANCED_FACE('',(#2471),#363,.T.);
#6736=ADVANCED_FACE('',(#2472),#364,.T.);
#6737=ADVANCED_FACE('',(#2473),#365,.T.);
#6738=ADVANCED_FACE('',(#2474),#366,.T.);
#6739=ADVANCED_FACE('',(#2475),#367,.T.);
#6740=ADVANCED_FACE('',(#2476),#368,.T.);
#6741=ADVANCED_FACE('',(#2477),#369,.T.);
#6742=ADVANCED_FACE('',(#2478),#370,.T.);
#6743=ADVANCED_FACE('',(#2479),#371,.T.);
#6744=ADVANCED_FACE('',(#2480),#372,.T.);
#6745=ADVANCED_FACE('',(#2481),#373,.T.);
#6746=ADVANCED_FACE('',(#2482),#374,.T.);
#6747=ADVANCED_FACE('',(#2483),#375,.T.);
#6748=ADVANCED_FACE('',(#2484),#376,.T.);
#6749=ADVANCED_FACE('',(#2485),#377,.T.);
#6750=ADVANCED_FACE('',(#2486),#378,.T.);
#6751=ADVANCED_FACE('',(#2487),#379,.T.);
#6752=ADVANCED_FACE('',(#2488),#380,.T.);
#6753=ADVANCED_FACE('',(#2489),#381,.T.);
#6754=ADVANCED_FACE('',(#2490),#382,.T.);
#6755=ADVANCED_FACE('',(#2491),#383,.T.);
#6756=ADVANCED_FACE('',(#2492),#384,.T.);
#6757=ADVANCED_FACE('',(#2493),#385,.T.);
#6758=ADVANCED_FACE('',(#2494),#386,.T.);
#6759=ADVANCED_FACE('',(#2495),#387,.T.);
#6760=ADVANCED_FACE('',(#2496),#388,.T.);
#6761=ADVANCED_FACE('',(#2497),#389,.T.);
#6762=ADVANCED_FACE('',(#2498),#390,.T.);
#6763=ADVANCED_FACE('',(#2499),#391,.T.);
#6764=ADVANCED_FACE('',(#2500),#392,.T.);
#6765=ADVANCED_FACE('',(#2501),#393,.T.);
#6766=ADVANCED_FACE('',(#2502),#394,.T.);
#6767=ADVANCED_FACE('',(#2503),#395,.T.);
#6768=ADVANCED_FACE('',(#2504),#396,.T.);
#6769=ADVANCED_FACE('',(#2505),#2156,.F.);
#6770=ADVANCED_FACE('',(#2506,#87),#397,.T.);
#6771=ADVANCED_FACE('',(#2507),#2157,.F.);
#6772=ADVANCED_FACE('',(#2508,#88),#398,.T.);
#6773=ADVANCED_FACE('',(#2509),#2158,.F.);
#6774=ADVANCED_FACE('',(#2510),#2159,.F.);
#6775=ADVANCED_FACE('',(#2511,#89,#90),#399,.T.);
#6776=ADVANCED_FACE('',(#2512),#400,.T.);
#6777=ADVANCED_FACE('',(#2513,#91,#92),#401,.T.);
#6778=ADVANCED_FACE('',(#2514),#402,.T.);
#6779=ADVANCED_FACE('',(#2515),#403,.F.);
#6780=ADVANCED_FACE('',(#2516),#404,.F.);
#6781=ADVANCED_FACE('',(#2517),#2160,.F.);
#6782=ADVANCED_FACE('',(#2518,#93),#405,.T.);
#6783=ADVANCED_FACE('',(#2519),#2161,.F.);
#6784=ADVANCED_FACE('',(#2520,#94),#406,.T.);
#6785=ADVANCED_FACE('',(#2521),#2162,.F.);
#6786=ADVANCED_FACE('',(#2522),#2163,.F.);
#6787=ADVANCED_FACE('',(#2523,#95,#96),#407,.T.);
#6788=ADVANCED_FACE('',(#2524),#408,.T.);
#6789=ADVANCED_FACE('',(#2525,#97,#98),#409,.T.);
#6790=ADVANCED_FACE('',(#2526),#410,.T.);
#6791=ADVANCED_FACE('',(#2527),#411,.F.);
#6792=ADVANCED_FACE('',(#2528),#412,.F.);
#6793=CLOSED_SHELL('',(#6428,#6429,#6430,#6431,#6432,#6433,#6434,#6435,
#6436,#6437,#6438,#6439,#6440,#6441,#6442,#6443,#6444,#6445,#6446,#6447,
#6448,#6449,#6450,#6451,#6452,#6453,#6454,#6455,#6456,#6457,#6458,#6459,
#6460,#6461,#6462,#6463,#6464,#6465,#6466,#6467,#6468,#6469,#6470,#6471,
#6472,#6473,#6474,#6475,#6476,#6477,#6478,#6479,#6480,#6481,#6482,#6483,
#6484,#6485,#6486,#6487,#6488,#6489,#6490,#6491,#6492,#6493,#6494,#6495,
#6496,#6497,#6498,#6499,#6500,#6501,#6502,#6503,#6504,#6505,#6506,#6507,
#6508,#6509,#6510,#6511,#6512,#6513,#6514,#6515,#6516,#6517,#6518,#6519,
#6520,#6521,#6522,#6523,#6524,#6525,#6526,#6527,#6528,#6529,#6530,#6531,
#6532,#6533,#6534,#6535,#6536,#6537,#6538,#6539,#6540,#6541,#6542,#6543,
#6544,#6545,#6546,#6547,#6548,#6549,#6550,#6551,#6552,#6553,#6554,#6555,
#6556,#6557,#6558,#6559,#6560,#6561,#6562,#6563,#6564,#6565,#6566,#6567,
#6568,#6569,#6570,#6571,#6572,#6573,#6574,#6575,#6576,#6577,#6578,#6579,
#6580,#6581,#6582,#6583,#6584,#6585,#6586,#6587,#6588,#6589,#6590,#6591,
#6592,#6593,#6594,#6595,#6596,#6597,#6598,#6599,#6600,#6601,#6602,#6603,
#6604,#6605,#6606,#6607,#6608,#6609,#6610,#6611,#6612,#6613,#6614,#6615,
#6616,#6617,#6618,#6619,#6620,#6621,#6622,#6623,#6624,#6625,#6626,#6627,
#6628,#6629,#6630,#6631,#6632,#6633,#6634,#6635,#6636,#6637,#6638,#6639,
#6640,#6641,#6642,#6643,#6644,#6645,#6646,#6647,#6648,#6649,#6650,#6651,
#6652,#6653,#6654,#6655,#6656,#6657,#6658,#6659,#6660,#6661,#6662,#6663,
#6664,#6665,#6666,#6667,#6668,#6669,#6670,#6671,#6672,#6673,#6674));
#6794=CLOSED_SHELL('',(#6675,#6676,#6677,#6678,#6679,#6680,#6681,#6682,
#6683,#6684,#6685,#6686,#6687,#6688,#6689,#6690,#6691,#6692,#6693,#6694,
#6695,#6696,#6697,#6698,#6699,#6700,#6701,#6702,#6703,#6704,#6705,#6706,
#6707,#6708,#6709,#6710,#6711,#6712,#6713,#6714,#6715,#6716,#6717,#6718,
#6719,#6720,#6721));
#6795=CLOSED_SHELL('',(#6722,#6723,#6724,#6725,#6726,#6727,#6728,#6729,
#6730,#6731,#6732,#6733,#6734,#6735,#6736,#6737,#6738,#6739,#6740,#6741,
#6742,#6743,#6744,#6745,#6746,#6747,#6748,#6749,#6750,#6751,#6752,#6753,
#6754,#6755,#6756,#6757,#6758,#6759,#6760,#6761,#6762,#6763,#6764,#6765,
#6766,#6767,#6768));
#6796=CLOSED_SHELL('',(#6769,#6770,#6771,#6772,#6773,#6774,#6775,#6776,
#6777,#6778,#6779,#6780));
#6797=CLOSED_SHELL('',(#6781,#6782,#6783,#6784,#6785,#6786,#6787,#6788,
#6789,#6790,#6791,#6792));
#6798=DERIVED_UNIT_ELEMENT(#6804,1.);
#6799=DERIVED_UNIT_ELEMENT(#11054,-3.);
#6800=DERIVED_UNIT_ELEMENT(#6804,1.);
#6801=DERIVED_UNIT_ELEMENT(#11054,-3.);
#6802=DERIVED_UNIT_ELEMENT(#6804,1.);
#6803=DERIVED_UNIT_ELEMENT(#11054,-3.);
#6804=(
MASS_UNIT()
NAMED_UNIT(*)
SI_UNIT(.KILO.,.GRAM.)
);
#6805=DERIVED_UNIT((#6798,#6799));
#6806=DERIVED_UNIT((#6800,#6801));
#6807=DERIVED_UNIT((#6802,#6803));
#6808=MEASURE_REPRESENTATION_ITEM('density measure',
POSITIVE_RATIO_MEASURE(1060.),#6805);
#6809=MEASURE_REPRESENTATION_ITEM('density measure',
POSITIVE_RATIO_MEASURE(1060.),#6806);
#6810=MEASURE_REPRESENTATION_ITEM('density measure',
POSITIVE_RATIO_MEASURE(1060.),#6807);
#6811=PROPERTY_DEFINITION_REPRESENTATION(#6826,#6817);
#6812=PROPERTY_DEFINITION_REPRESENTATION(#6827,#6818);
#6813=PROPERTY_DEFINITION_REPRESENTATION(#6828,#6819);
#6814=PROPERTY_DEFINITION_REPRESENTATION(#6829,#6820);
#6815=PROPERTY_DEFINITION_REPRESENTATION(#6830,#6821);
#6816=PROPERTY_DEFINITION_REPRESENTATION(#6831,#6822);
#6817=REPRESENTATION('material name',(#6823),#11049);
#6818=REPRESENTATION('density',(#6808),#11049);
#6819=REPRESENTATION('material name',(#6824),#11050);
#6820=REPRESENTATION('density',(#6809),#11050);
#6821=REPRESENTATION('material name',(#6825),#11051);
#6822=REPRESENTATION('density',(#6810),#11051);
#6823=DESCRIPTIVE_REPRESENTATION_ITEM('ABS-Kunststoff','ABS-Kunststoff');
#6824=DESCRIPTIVE_REPRESENTATION_ITEM('ABS-Kunststoff','ABS-Kunststoff');
#6825=DESCRIPTIVE_REPRESENTATION_ITEM('ABS-Kunststoff','ABS-Kunststoff');
#6826=PROPERTY_DEFINITION('material property','material name',#11079);
#6827=PROPERTY_DEFINITION('material property','density of part',#11079);
#6828=PROPERTY_DEFINITION('material property','material name',#11080);
#6829=PROPERTY_DEFINITION('material property','density of part',#11080);
#6830=PROPERTY_DEFINITION('material property','material name',#11081);
#6831=PROPERTY_DEFINITION('material property','density of part',#11081);
#6832=AXIS2_PLACEMENT_3D('',#9072,#7295,#7296);
#6833=AXIS2_PLACEMENT_3D('',#9073,#7297,#7298);
#6834=AXIS2_PLACEMENT_3D('',#9074,#7299,#7300);
#6835=AXIS2_PLACEMENT_3D('',#9103,#7301,#7302);
#6836=AXIS2_PLACEMENT_3D('',#9105,#7303,#7304);
#6837=AXIS2_PLACEMENT_3D('',#9107,#7305,#7306);
#6838=AXIS2_PLACEMENT_3D('',#9108,#7307,#7308);
#6839=AXIS2_PLACEMENT_3D('',#9109,#7309,#7310);
#6840=AXIS2_PLACEMENT_3D('',#9112,#7312,#7313);
#6841=AXIS2_PLACEMENT_3D('',#9113,#7314,#7315);
#6842=AXIS2_PLACEMENT_3D('',#9142,#7316,#7317);
#6843=AXIS2_PLACEMENT_3D('',#9144,#7318,#7319);
#6844=AXIS2_PLACEMENT_3D('',#9145,#7320,#7321);
#6845=AXIS2_PLACEMENT_3D('',#9146,#7322,#7323);
#6846=AXIS2_PLACEMENT_3D('',#9148,#7324,#7325);
#6847=AXIS2_PLACEMENT_3D('',#9150,#7327,#7328);
#6848=AXIS2_PLACEMENT_3D('',#9151,#7329,#7330);
#6849=AXIS2_PLACEMENT_3D('',#9153,#7331,#7332);
#6850=AXIS2_PLACEMENT_3D('',#9156,#7334,#7335);
#6851=AXIS2_PLACEMENT_3D('',#9157,#7336,#7337);
#6852=AXIS2_PLACEMENT_3D('',#9215,#7366,#7367);
#6853=AXIS2_PLACEMENT_3D('',#9217,#7368,#7369);
#6854=AXIS2_PLACEMENT_3D('',#9219,#7370,#7371);
#6855=AXIS2_PLACEMENT_3D('',#9221,#7372,#7373);
#6856=AXIS2_PLACEMENT_3D('',#9223,#7374,#7375);
#6857=AXIS2_PLACEMENT_3D('',#9224,#7376,#7377);
#6858=AXIS2_PLACEMENT_3D('',#9227,#7379,#7380);
#6859=AXIS2_PLACEMENT_3D('',#9228,#7381,#7382);
#6860=AXIS2_PLACEMENT_3D('',#9231,#7384,#7385);
#6861=AXIS2_PLACEMENT_3D('',#9232,#7386,#7387);
#6862=AXIS2_PLACEMENT_3D('',#9235,#7389,#7390);
#6863=AXIS2_PLACEMENT_3D('',#9236,#7391,#7392);
#6864=AXIS2_PLACEMENT_3D('',#9239,#7394,#7395);
#6865=AXIS2_PLACEMENT_3D('',#9240,#7396,#7397);
#6866=AXIS2_PLACEMENT_3D('',#9243,#7399,#7400);
#6867=AXIS2_PLACEMENT_3D('',#9244,#7401,#7402);
#6868=AXIS2_PLACEMENT_3D('',#9247,#7404,#7405);
#6869=AXIS2_PLACEMENT_3D('',#9248,#7406,#7407);
#6870=AXIS2_PLACEMENT_3D('',#9251,#7409,#7410);
#6871=AXIS2_PLACEMENT_3D('',#9252,#7411,#7412);
#6872=AXIS2_PLACEMENT_3D('',#9254,#7413,#7414);
#6873=AXIS2_PLACEMENT_3D('',#9255,#7415,#7416);
#6874=AXIS2_PLACEMENT_3D('',#9257,#7417,#7418);
#6875=AXIS2_PLACEMENT_3D('',#9258,#7419,#7420);
#6876=AXIS2_PLACEMENT_3D('',#9260,#7421,#7422);
#6877=AXIS2_PLACEMENT_3D('',#9261,#7423,#7424);
#6878=AXIS2_PLACEMENT_3D('',#9263,#7425,#7426);
#6879=AXIS2_PLACEMENT_3D('',#9264,#7427,#7428);
#6880=AXIS2_PLACEMENT_3D('',#9267,#7430,#7431);
#6881=AXIS2_PLACEMENT_3D('',#9268,#7432,#7433);
#6882=AXIS2_PLACEMENT_3D('',#9271,#7435,#7436);
#6883=AXIS2_PLACEMENT_3D('',#9272,#7437,#7438);
#6884=AXIS2_PLACEMENT_3D('',#9275,#7440,#7441);
#6885=AXIS2_PLACEMENT_3D('',#9276,#7442,#7443);
#6886=AXIS2_PLACEMENT_3D('',#9279,#7445,#7446);
#6887=AXIS2_PLACEMENT_3D('',#9280,#7447,#7448);
#6888=AXIS2_PLACEMENT_3D('',#9309,#7463,#7464);
#6889=AXIS2_PLACEMENT_3D('',#9311,#7465,#7466);
#6890=AXIS2_PLACEMENT_3D('',#9314,#7468,#7469);
#6891=AXIS2_PLACEMENT_3D('',#9315,#7470,#7471);
#6892=AXIS2_PLACEMENT_3D('',#9318,#7473,#7474);
#6893=AXIS2_PLACEMENT_3D('',#9319,#7475,#7476);
#6894=AXIS2_PLACEMENT_3D('',#9329,#7482,#7483);
#6895=AXIS2_PLACEMENT_3D('',#9331,#7484,#7485);
#6896=AXIS2_PLACEMENT_3D('',#9334,#7487,#7488);
#6897=AXIS2_PLACEMENT_3D('',#9335,#7489,#7490);
#6898=AXIS2_PLACEMENT_3D('',#9338,#7492,#7493);
#6899=AXIS2_PLACEMENT_3D('',#9339,#7494,#7495);
#6900=AXIS2_PLACEMENT_3D('',#9349,#7501,#7502);
#6901=AXIS2_PLACEMENT_3D('',#9351,#7503,#7504);
#6902=AXIS2_PLACEMENT_3D('',#9352,#7505,#7506);
#6903=AXIS2_PLACEMENT_3D('',#9354,#7507,#7508);
#6904=AXIS2_PLACEMENT_3D('',#9355,#7509,#7510);
#6905=AXIS2_PLACEMENT_3D('',#9357,#7512,#7513);
#6906=AXIS2_PLACEMENT_3D('',#9359,#7515,#7516);
#6907=AXIS2_PLACEMENT_3D('',#9371,#7523,#7524);
#6908=AXIS2_PLACEMENT_3D('',#9381,#7530,#7531);
#6909=AXIS2_PLACEMENT_3D('',#9385,#7534,#7535);
#6910=AXIS2_PLACEMENT_3D('',#9403,#7545,#7546);
#6911=AXIS2_PLACEMENT_3D('',#9419,#7555,#7556);
#6912=AXIS2_PLACEMENT_3D('',#9425,#7560,#7561);
#6913=AXIS2_PLACEMENT_3D('',#9431,#7565,#7566);
#6914=AXIS2_PLACEMENT_3D('',#9441,#7572,#7573);
#6915=AXIS2_PLACEMENT_3D('',#9445,#7576,#7577);
#6916=AXIS2_PLACEMENT_3D('',#9457,#7584,#7585);
#6917=AXIS2_PLACEMENT_3D('',#9463,#7589,#7590);
#6918=AXIS2_PLACEMENT_3D('',#9479,#7599,#7600);
#6919=AXIS2_PLACEMENT_3D('',#9497,#7610,#7611);
#6920=AXIS2_PLACEMENT_3D('',#9503,#7615,#7616);
#6921=AXIS2_PLACEMENT_3D('',#9505,#7618,#7619);
#6922=AXIS2_PLACEMENT_3D('',#9507,#7621,#7622);
#6923=AXIS2_PLACEMENT_3D('',#9510,#7625,#7626);
#6924=AXIS2_PLACEMENT_3D('',#9511,#7627,#7628);
#6925=AXIS2_PLACEMENT_3D('',#9517,#7631,#7632);
#6926=AXIS2_PLACEMENT_3D('',#9525,#7636,#7637);
#6927=AXIS2_PLACEMENT_3D('',#9529,#7640,#7641);
#6928=AXIS2_PLACEMENT_3D('',#9542,#7648,#7649);
#6929=AXIS2_PLACEMENT_3D('',#9555,#7656,#7657);
#6930=AXIS2_PLACEMENT_3D('',#9558,#7658,#7659);
#6931=AXIS2_PLACEMENT_3D('',#9570,#7666,#7667);
#6932=AXIS2_PLACEMENT_3D('',#9573,#7668,#7669);
#6933=AXIS2_PLACEMENT_3D('',#9582,#7675,#7676);
#6934=AXIS2_PLACEMENT_3D('',#9587,#7678,#7679);
#6935=AXIS2_PLACEMENT_3D('',#9594,#7684,#7685);
#6936=AXIS2_PLACEMENT_3D('',#9599,#7689,#7690);
#6937=AXIS2_PLACEMENT_3D('',#9607,#7695,#7696);
#6938=AXIS2_PLACEMENT_3D('',#9613,#7700,#7701);
#6939=AXIS2_PLACEMENT_3D('',#9616,#7704,#7705);
#6940=AXIS2_PLACEMENT_3D('',#9620,#7708,#7709);
#6941=AXIS2_PLACEMENT_3D('',#9625,#7713,#7714);
#6942=AXIS2_PLACEMENT_3D('',#9629,#7717,#7718);
#6943=AXIS2_PLACEMENT_3D('',#9637,#7723,#7724);
#6944=AXIS2_PLACEMENT_3D('',#9639,#7726,#7727);
#6945=AXIS2_PLACEMENT_3D('',#9647,#7731,#7732);
#6946=AXIS2_PLACEMENT_3D('',#9652,#7735,#7736);
#6947=AXIS2_PLACEMENT_3D('',#9653,#7737,#7738);
#6948=AXIS2_PLACEMENT_3D('',#9667,#7746,#7747);
#6949=AXIS2_PLACEMENT_3D('',#9671,#7750,#7751);
#6950=AXIS2_PLACEMENT_3D('',#9673,#7753,#7754);
#6951=AXIS2_PLACEMENT_3D('',#9675,#7756,#7757);
#6952=AXIS2_PLACEMENT_3D('',#9677,#7759,#7760);
#6953=AXIS2_PLACEMENT_3D('',#9678,#7761,#7762);
#6954=AXIS2_PLACEMENT_3D('',#9682,#7765,#7766);
#6955=AXIS2_PLACEMENT_3D('',#9684,#7768,#7769);
#6956=AXIS2_PLACEMENT_3D('',#9688,#7772,#7773);
#6957=AXIS2_PLACEMENT_3D('',#9690,#7775,#7776);
#6958=AXIS2_PLACEMENT_3D('',#9693,#7779,#7780);
#6959=AXIS2_PLACEMENT_3D('',#9695,#7782,#7783);
#6960=AXIS2_PLACEMENT_3D('',#9711,#7792,#7793);
#6961=AXIS2_PLACEMENT_3D('',#9728,#7803,#7804);
#6962=AXIS2_PLACEMENT_3D('',#9730,#7806,#7807);
#6963=AXIS2_PLACEMENT_3D('',#9734,#7810,#7811);
#6964=AXIS2_PLACEMENT_3D('',#9736,#7813,#7814);
#6965=AXIS2_PLACEMENT_3D('',#9740,#7817,#7818);
#6966=AXIS2_PLACEMENT_3D('',#9742,#7820,#7821);
#6967=AXIS2_PLACEMENT_3D('',#9743,#7822,#7823);
#6968=AXIS2_PLACEMENT_3D('',#9751,#7828,#7829);
#6969=AXIS2_PLACEMENT_3D('',#9771,#7840,#7841);
#6970=AXIS2_PLACEMENT_3D('',#9791,#7852,#7853);
#6971=AXIS2_PLACEMENT_3D('',#9802,#7860,#7861);
#6972=AXIS2_PLACEMENT_3D('',#9810,#7866,#7867);
#6973=AXIS2_PLACEMENT_3D('',#9812,#7868,#7869);
#6974=AXIS2_PLACEMENT_3D('',#9814,#7871,#7872);
#6975=AXIS2_PLACEMENT_3D('',#9818,#7875,#7876);
#6976=AXIS2_PLACEMENT_3D('',#9827,#7882,#7883);
#6977=AXIS2_PLACEMENT_3D('',#9831,#7886,#7887);
#6978=AXIS2_PLACEMENT_3D('',#9832,#7888,#7889);
#6979=AXIS2_PLACEMENT_3D('',#9833,#7890,#7891);
#6980=AXIS2_PLACEMENT_3D('',#9835,#7893,#7894);
#6981=AXIS2_PLACEMENT_3D('',#9837,#7896,#7897);
#6982=AXIS2_PLACEMENT_3D('',#9843,#7901,#7902);
#6983=AXIS2_PLACEMENT_3D('',#9847,#7905,#7906);
#6984=AXIS2_PLACEMENT_3D('',#9851,#7909,#7910);
#6985=AXIS2_PLACEMENT_3D('',#9855,#7913,#7914);
#6986=AXIS2_PLACEMENT_3D('',#9859,#7917,#7918);
#6987=AXIS2_PLACEMENT_3D('',#9863,#7921,#7922);
#6988=AXIS2_PLACEMENT_3D('',#9867,#7925,#7926);
#6989=AXIS2_PLACEMENT_3D('',#9871,#7929,#7930);
#6990=AXIS2_PLACEMENT_3D('',#9875,#7933,#7934);
#6991=AXIS2_PLACEMENT_3D('',#9879,#7937,#7938);
#6992=AXIS2_PLACEMENT_3D('',#9883,#7941,#7942);
#6993=AXIS2_PLACEMENT_3D('',#9887,#7945,#7946);
#6994=AXIS2_PLACEMENT_3D('',#9891,#7949,#7950);
#6995=AXIS2_PLACEMENT_3D('',#9895,#7953,#7954);
#6996=AXIS2_PLACEMENT_3D('',#9899,#7957,#7958);
#6997=AXIS2_PLACEMENT_3D('',#9903,#7961,#7962);
#6998=AXIS2_PLACEMENT_3D('',#9905,#7964,#7965);
#6999=AXIS2_PLACEMENT_3D('',#9909,#7968,#7969);
#7000=AXIS2_PLACEMENT_3D('',#9913,#7972,#7973);
#7001=AXIS2_PLACEMENT_3D('',#9917,#7976,#7977);
#7002=AXIS2_PLACEMENT_3D('',#9921,#7980,#7981);
#7003=AXIS2_PLACEMENT_3D('',#9925,#7984,#7985);
#7004=AXIS2_PLACEMENT_3D('',#9929,#7988,#7989);
#7005=AXIS2_PLACEMENT_3D('',#9933,#7992,#7993);
#7006=AXIS2_PLACEMENT_3D('',#9937,#7996,#7997);
#7007=AXIS2_PLACEMENT_3D('',#9941,#8000,#8001);
#7008=AXIS2_PLACEMENT_3D('',#9945,#8004,#8005);
#7009=AXIS2_PLACEMENT_3D('',#9949,#8008,#8009);
#7010=AXIS2_PLACEMENT_3D('',#9953,#8012,#8013);
#7011=AXIS2_PLACEMENT_3D('',#9957,#8016,#8017);
#7012=AXIS2_PLACEMENT_3D('',#9961,#8020,#8021);
#7013=AXIS2_PLACEMENT_3D('',#9965,#8024,#8025);
#7014=AXIS2_PLACEMENT_3D('',#9969,#8028,#8029);
#7015=AXIS2_PLACEMENT_3D('',#9973,#8032,#8033);
#7016=AXIS2_PLACEMENT_3D('',#9975,#8035,#8036);
#7017=AXIS2_PLACEMENT_3D('',#9976,#8037,#8038);
#7018=AXIS2_PLACEMENT_3D('',#10018,#8060,#8061);
#7019=AXIS2_PLACEMENT_3D('',#10024,#8065,#8066);
#7020=AXIS2_PLACEMENT_3D('',#10028,#8069,#8070);
#7021=AXIS2_PLACEMENT_3D('',#10032,#8073,#8074);
#7022=AXIS2_PLACEMENT_3D('',#10036,#8077,#8078);
#7023=AXIS2_PLACEMENT_3D('',#10040,#8081,#8082);
#7024=AXIS2_PLACEMENT_3D('',#10044,#8085,#8086);
#7025=AXIS2_PLACEMENT_3D('',#10048,#8089,#8090);
#7026=AXIS2_PLACEMENT_3D('',#10052,#8093,#8094);
#7027=AXIS2_PLACEMENT_3D('',#10056,#8097,#8098);
#7028=AXIS2_PLACEMENT_3D('',#10060,#8101,#8102);
#7029=AXIS2_PLACEMENT_3D('',#10064,#8105,#8106);
#7030=AXIS2_PLACEMENT_3D('',#10068,#8109,#8110);
#7031=AXIS2_PLACEMENT_3D('',#10072,#8113,#8114);
#7032=AXIS2_PLACEMENT_3D('',#10076,#8117,#8118);
#7033=AXIS2_PLACEMENT_3D('',#10080,#8121,#8122);
#7034=AXIS2_PLACEMENT_3D('',#10084,#8125,#8126);
#7035=AXIS2_PLACEMENT_3D('',#10086,#8128,#8129);
#7036=AXIS2_PLACEMENT_3D('',#10090,#8132,#8133);
#7037=AXIS2_PLACEMENT_3D('',#10094,#8136,#8137);
#7038=AXIS2_PLACEMENT_3D('',#10098,#8140,#8141);
#7039=AXIS2_PLACEMENT_3D('',#10102,#8144,#8145);
#7040=AXIS2_PLACEMENT_3D('',#10106,#8148,#8149);
#7041=AXIS2_PLACEMENT_3D('',#10110,#8152,#8153);
#7042=AXIS2_PLACEMENT_3D('',#10114,#8156,#8157);
#7043=AXIS2_PLACEMENT_3D('',#10118,#8160,#8161);
#7044=AXIS2_PLACEMENT_3D('',#10122,#8164,#8165);
#7045=AXIS2_PLACEMENT_3D('',#10126,#8168,#8169);
#7046=AXIS2_PLACEMENT_3D('',#10130,#8172,#8173);
#7047=AXIS2_PLACEMENT_3D('',#10134,#8176,#8177);
#7048=AXIS2_PLACEMENT_3D('',#10138,#8180,#8181);
#7049=AXIS2_PLACEMENT_3D('',#10142,#8184,#8185);
#7050=AXIS2_PLACEMENT_3D('',#10146,#8188,#8189);
#7051=AXIS2_PLACEMENT_3D('',#10150,#8192,#8193);
#7052=AXIS2_PLACEMENT_3D('',#10154,#8196,#8197);
#7053=AXIS2_PLACEMENT_3D('',#10156,#8199,#8200);
#7054=AXIS2_PLACEMENT_3D('',#10157,#8201,#8202);
#7055=AXIS2_PLACEMENT_3D('',#10159,#8204,#8205);
#7056=AXIS2_PLACEMENT_3D('',#10168,#8210,#8211);
#7057=AXIS2_PLACEMENT_3D('',#10174,#8215,#8216);
#7058=AXIS2_PLACEMENT_3D('',#10180,#8220,#8221);
#7059=AXIS2_PLACEMENT_3D('',#10186,#8225,#8226);
#7060=AXIS2_PLACEMENT_3D('',#10192,#8230,#8231);
#7061=AXIS2_PLACEMENT_3D('',#10198,#8235,#8236);
#7062=AXIS2_PLACEMENT_3D('',#10204,#8240,#8241);
#7063=AXIS2_PLACEMENT_3D('',#10210,#8245,#8246);
#7064=AXIS2_PLACEMENT_3D('',#10216,#8250,#8251);
#7065=AXIS2_PLACEMENT_3D('',#10221,#8255,#8256);
#7066=AXIS2_PLACEMENT_3D('',#10225,#8259,#8260);
#7067=AXIS2_PLACEMENT_3D('',#10229,#8263,#8264);
#7068=AXIS2_PLACEMENT_3D('',#10233,#8267,#8268);
#7069=AXIS2_PLACEMENT_3D('',#10237,#8271,#8272);
#7070=AXIS2_PLACEMENT_3D('',#10241,#8275,#8276);
#7071=AXIS2_PLACEMENT_3D('',#10245,#8279,#8280);
#7072=AXIS2_PLACEMENT_3D('',#10247,#8282,#8283);
#7073=AXIS2_PLACEMENT_3D('',#10251,#8286,#8287);
#7074=AXIS2_PLACEMENT_3D('',#10255,#8290,#8291);
#7075=AXIS2_PLACEMENT_3D('',#10259,#8294,#8295);
#7076=AXIS2_PLACEMENT_3D('',#10263,#8298,#8299);
#7077=AXIS2_PLACEMENT_3D('',#10267,#8302,#8303);
#7078=AXIS2_PLACEMENT_3D('',#10271,#8306,#8307);
#7079=AXIS2_PLACEMENT_3D('',#10275,#8310,#8311);
#7080=AXIS2_PLACEMENT_3D('',#10281,#8315,#8316);
#7081=AXIS2_PLACEMENT_3D('',#10287,#8320,#8321);
#7082=AXIS2_PLACEMENT_3D('',#10293,#8325,#8326);
#7083=AXIS2_PLACEMENT_3D('',#10299,#8330,#8331);
#7084=AXIS2_PLACEMENT_3D('',#10305,#8335,#8336);
#7085=AXIS2_PLACEMENT_3D('',#10311,#8340,#8341);
#7086=AXIS2_PLACEMENT_3D('',#10317,#8345,#8346);
#7087=AXIS2_PLACEMENT_3D('',#10323,#8350,#8351);
#7088=AXIS2_PLACEMENT_3D('',#10329,#8355,#8356);
#7089=AXIS2_PLACEMENT_3D('',#10335,#8360,#8361);
#7090=AXIS2_PLACEMENT_3D('',#10338,#8364,#8365);
#7091=AXIS2_PLACEMENT_3D('',#10339,#8366,#8367);
#7092=AXIS2_PLACEMENT_3D('',#10340,#8368,#8369);
#7093=AXIS2_PLACEMENT_3D('',#10346,#8373,#8374);
#7094=AXIS2_PLACEMENT_3D('',#10350,#8377,#8378);
#7095=AXIS2_PLACEMENT_3D('',#10354,#8381,#8382);
#7096=AXIS2_PLACEMENT_3D('',#10358,#8385,#8386);
#7097=AXIS2_PLACEMENT_3D('',#10362,#8389,#8390);
#7098=AXIS2_PLACEMENT_3D('',#10366,#8393,#8394);
#7099=AXIS2_PLACEMENT_3D('',#10370,#8397,#8398);
#7100=AXIS2_PLACEMENT_3D('',#10374,#8401,#8402);
#7101=AXIS2_PLACEMENT_3D('',#10378,#8405,#8406);
#7102=AXIS2_PLACEMENT_3D('',#10382,#8409,#8410);
#7103=AXIS2_PLACEMENT_3D('',#10386,#8413,#8414);
#7104=AXIS2_PLACEMENT_3D('',#10390,#8417,#8418);
#7105=AXIS2_PLACEMENT_3D('',#10394,#8421,#8422);
#7106=AXIS2_PLACEMENT_3D('',#10398,#8425,#8426);
#7107=AXIS2_PLACEMENT_3D('',#10402,#8429,#8430);
#7108=AXIS2_PLACEMENT_3D('',#10406,#8433,#8434);
#7109=AXIS2_PLACEMENT_3D('',#10408,#8436,#8437);
#7110=AXIS2_PLACEMENT_3D('',#10413,#8441,#8442);
#7111=AXIS2_PLACEMENT_3D('',#10417,#8445,#8446);
#7112=AXIS2_PLACEMENT_3D('',#10421,#8449,#8450);
#7113=AXIS2_PLACEMENT_3D('',#10425,#8453,#8454);
#7114=AXIS2_PLACEMENT_3D('',#10429,#8457,#8458);
#7115=AXIS2_PLACEMENT_3D('',#10433,#8461,#8462);
#7116=AXIS2_PLACEMENT_3D('',#10437,#8465,#8466);
#7117=AXIS2_PLACEMENT_3D('',#10441,#8469,#8470);
#7118=AXIS2_PLACEMENT_3D('',#10445,#8473,#8474);
#7119=AXIS2_PLACEMENT_3D('',#10449,#8477,#8478);
#7120=AXIS2_PLACEMENT_3D('',#10453,#8481,#8482);
#7121=AXIS2_PLACEMENT_3D('',#10457,#8485,#8486);
#7122=AXIS2_PLACEMENT_3D('',#10461,#8489,#8490);
#7123=AXIS2_PLACEMENT_3D('',#10465,#8493,#8494);
#7124=AXIS2_PLACEMENT_3D('',#10469,#8497,#8498);
#7125=AXIS2_PLACEMENT_3D('',#10473,#8501,#8502);
#7126=AXIS2_PLACEMENT_3D('',#10477,#8505,#8506);
#7127=AXIS2_PLACEMENT_3D('',#10479,#8508,#8509);
#7128=AXIS2_PLACEMENT_3D('',#10480,#8510,#8511);
#7129=AXIS2_PLACEMENT_3D('',#10481,#8512,#8513);
#7130=AXIS2_PLACEMENT_3D('',#10482,#8514,#8515);
#7131=AXIS2_PLACEMENT_3D('',#10484,#8516,#8517);
#7132=AXIS2_PLACEMENT_3D('',#10487,#8519,#8520);
#7133=AXIS2_PLACEMENT_3D('',#10488,#8521,#8522);
#7134=AXIS2_PLACEMENT_3D('',#10491,#8524,#8525);
#7135=AXIS2_PLACEMENT_3D('',#10492,#8526,#8527);
#7136=AXIS2_PLACEMENT_3D('',#10529,#8546,#8547);
#7137=AXIS2_PLACEMENT_3D('',#10534,#8549,#8550);
#7138=AXIS2_PLACEMENT_3D('',#10537,#8552,#8553);
#7139=AXIS2_PLACEMENT_3D('',#10538,#8554,#8555);
#7140=AXIS2_PLACEMENT_3D('',#10542,#8557,#8558);
#7141=AXIS2_PLACEMENT_3D('',#10544,#8560,#8561);
#7142=AXIS2_PLACEMENT_3D('',#10548,#8563,#8564);
#7143=AXIS2_PLACEMENT_3D('',#10550,#8566,#8567);
#7144=AXIS2_PLACEMENT_3D('',#10554,#8569,#8570);
#7145=AXIS2_PLACEMENT_3D('',#10556,#8572,#8573);
#7146=AXIS2_PLACEMENT_3D('',#10560,#8575,#8576);
#7147=AXIS2_PLACEMENT_3D('',#10562,#8578,#8579);
#7148=AXIS2_PLACEMENT_3D('',#10566,#8581,#8582);
#7149=AXIS2_PLACEMENT_3D('',#10568,#8584,#8585);
#7150=AXIS2_PLACEMENT_3D('',#10573,#8588,#8589);
#7151=AXIS2_PLACEMENT_3D('',#10574,#8590,#8591);
#7152=AXIS2_PLACEMENT_3D('',#10579,#8594,#8595);
#7153=AXIS2_PLACEMENT_3D('',#10580,#8596,#8597);
#7154=AXIS2_PLACEMENT_3D('',#10585,#8600,#8601);
#7155=AXIS2_PLACEMENT_3D('',#10586,#8602,#8603);
#7156=AXIS2_PLACEMENT_3D('',#10589,#8606,#8607);
#7157=AXIS2_PLACEMENT_3D('',#10592,#8610,#8611);
#7158=AXIS2_PLACEMENT_3D('',#10594,#8613,#8614);
#7159=AXIS2_PLACEMENT_3D('',#10598,#8617,#8618);
#7160=AXIS2_PLACEMENT_3D('',#10602,#8621,#8622);
#7161=AXIS2_PLACEMENT_3D('',#10605,#8625,#8626);
#7162=AXIS2_PLACEMENT_3D('',#10606,#8627,#8628);
#7163=AXIS2_PLACEMENT_3D('',#10615,#8633,#8634);
#7164=AXIS2_PLACEMENT_3D('',#10624,#8639,#8640);
#7165=AXIS2_PLACEMENT_3D('',#10627,#8643,#8644);
#7166=AXIS2_PLACEMENT_3D('',#10630,#8647,#8648);
#7167=AXIS2_PLACEMENT_3D('',#10637,#8653,#8654);
#7168=AXIS2_PLACEMENT_3D('',#10639,#8656,#8657);
#7169=AXIS2_PLACEMENT_3D('',#10640,#8658,#8659);
#7170=AXIS2_PLACEMENT_3D('',#10649,#8664,#8665);
#7171=AXIS2_PLACEMENT_3D('',#10658,#8670,#8671);
#7172=AXIS2_PLACEMENT_3D('',#10661,#8674,#8675);
#7173=AXIS2_PLACEMENT_3D('',#10664,#8678,#8679);
#7174=AXIS2_PLACEMENT_3D('',#10671,#8684,#8685);
#7175=AXIS2_PLACEMENT_3D('',#10673,#8687,#8688);
#7176=AXIS2_PLACEMENT_3D('',#10674,#8689,#8690);
#7177=AXIS2_PLACEMENT_3D('',#10675,#8691,#8692);
#7178=AXIS2_PLACEMENT_3D('',#10679,#8695,#8696);
#7179=AXIS2_PLACEMENT_3D('',#10683,#8699,#8700);
#7180=AXIS2_PLACEMENT_3D('',#10685,#8702,#8703);
#7181=AXIS2_PLACEMENT_3D('',#10692,#8708,#8709);
#7182=AXIS2_PLACEMENT_3D('',#10694,#8711,#8712);
#7183=AXIS2_PLACEMENT_3D('',#10696,#8714,#8715);
#7184=AXIS2_PLACEMENT_3D('',#10698,#8717,#8718);
#7185=AXIS2_PLACEMENT_3D('',#10700,#8720,#8721);
#7186=AXIS2_PLACEMENT_3D('',#10701,#8722,#8723);
#7187=AXIS2_PLACEMENT_3D('',#10703,#8725,#8726);
#7188=AXIS2_PLACEMENT_3D('',#10704,#8727,#8728);
#7189=AXIS2_PLACEMENT_3D('',#10706,#8730,#8731);
#7190=AXIS2_PLACEMENT_3D('',#10707,#8732,#8733);
#7191=AXIS2_PLACEMENT_3D('',#10708,#8734,#8735);
#7192=AXIS2_PLACEMENT_3D('',#10710,#8736,#8737);
#7193=AXIS2_PLACEMENT_3D('',#10713,#8739,#8740);
#7194=AXIS2_PLACEMENT_3D('',#10714,#8741,#8742);
#7195=AXIS2_PLACEMENT_3D('',#10716,#8743,#8744);
#7196=AXIS2_PLACEMENT_3D('',#10718,#8746,#8747);
#7197=AXIS2_PLACEMENT_3D('',#10755,#8766,#8767);
#7198=AXIS2_PLACEMENT_3D('',#10760,#8769,#8770);
#7199=AXIS2_PLACEMENT_3D('',#10763,#8772,#8773);
#7200=AXIS2_PLACEMENT_3D('',#10764,#8774,#8775);
#7201=AXIS2_PLACEMENT_3D('',#10768,#8777,#8778);
#7202=AXIS2_PLACEMENT_3D('',#10770,#8780,#8781);
#7203=AXIS2_PLACEMENT_3D('',#10774,#8783,#8784);
#7204=AXIS2_PLACEMENT_3D('',#10776,#8786,#8787);
#7205=AXIS2_PLACEMENT_3D('',#10780,#8789,#8790);
#7206=AXIS2_PLACEMENT_3D('',#10782,#8792,#8793);
#7207=AXIS2_PLACEMENT_3D('',#10786,#8795,#8796);
#7208=AXIS2_PLACEMENT_3D('',#10788,#8798,#8799);
#7209=AXIS2_PLACEMENT_3D('',#10792,#8801,#8802);
#7210=AXIS2_PLACEMENT_3D('',#10794,#8804,#8805);
#7211=AXIS2_PLACEMENT_3D('',#10799,#8808,#8809);
#7212=AXIS2_PLACEMENT_3D('',#10800,#8810,#8811);
#7213=AXIS2_PLACEMENT_3D('',#10805,#8814,#8815);
#7214=AXIS2_PLACEMENT_3D('',#10806,#8816,#8817);
#7215=AXIS2_PLACEMENT_3D('',#10811,#8820,#8821);
#7216=AXIS2_PLACEMENT_3D('',#10812,#8822,#8823);
#7217=AXIS2_PLACEMENT_3D('',#10815,#8826,#8827);
#7218=AXIS2_PLACEMENT_3D('',#10818,#8830,#8831);
#7219=AXIS2_PLACEMENT_3D('',#10820,#8833,#8834);
#7220=AXIS2_PLACEMENT_3D('',#10822,#8836,#8837);
#7221=AXIS2_PLACEMENT_3D('',#10824,#8839,#8840);
#7222=AXIS2_PLACEMENT_3D('',#10828,#8843,#8844);
#7223=AXIS2_PLACEMENT_3D('',#10829,#8845,#8846);
#7224=AXIS2_PLACEMENT_3D('',#10838,#8851,#8852);
#7225=AXIS2_PLACEMENT_3D('',#10844,#8856,#8857);
#7226=AXIS2_PLACEMENT_3D('',#10850,#8861,#8862);
#7227=AXIS2_PLACEMENT_3D('',#10853,#8865,#8866);
#7228=AXIS2_PLACEMENT_3D('',#10856,#8869,#8870);
#7229=AXIS2_PLACEMENT_3D('',#10862,#8874,#8875);
#7230=AXIS2_PLACEMENT_3D('',#10863,#8876,#8877);
#7231=AXIS2_PLACEMENT_3D('',#10872,#8882,#8883);
#7232=AXIS2_PLACEMENT_3D('',#10878,#8887,#8888);
#7233=AXIS2_PLACEMENT_3D('',#10884,#8892,#8893);
#7234=AXIS2_PLACEMENT_3D('',#10887,#8896,#8897);
#7235=AXIS2_PLACEMENT_3D('',#10890,#8900,#8901);
#7236=AXIS2_PLACEMENT_3D('',#10896,#8905,#8906);
#7237=AXIS2_PLACEMENT_3D('',#10897,#8907,#8908);
#7238=AXIS2_PLACEMENT_3D('',#10898,#8909,#8910);
#7239=AXIS2_PLACEMENT_3D('',#10902,#8913,#8914);
#7240=AXIS2_PLACEMENT_3D('',#10906,#8917,#8918);
#7241=AXIS2_PLACEMENT_3D('',#10910,#8921,#8922);
#7242=AXIS2_PLACEMENT_3D('',#10918,#8928,#8929);
#7243=AXIS2_PLACEMENT_3D('',#10920,#8931,#8932);
#7244=AXIS2_PLACEMENT_3D('',#10922,#8934,#8935);
#7245=AXIS2_PLACEMENT_3D('',#10924,#8937,#8938);
#7246=AXIS2_PLACEMENT_3D('',#10926,#8940,#8941);
#7247=AXIS2_PLACEMENT_3D('',#10927,#8942,#8943);
#7248=AXIS2_PLACEMENT_3D('',#10929,#8945,#8946);
#7249=AXIS2_PLACEMENT_3D('',#10930,#8947,#8948);
#7250=AXIS2_PLACEMENT_3D('',#10932,#8950,#8951);
#7251=AXIS2_PLACEMENT_3D('',#10933,#8952,#8953);
#7252=AXIS2_PLACEMENT_3D('',#10935,#8954,#8955);
#7253=AXIS2_PLACEMENT_3D('',#10938,#8957,#8958);
#7254=AXIS2_PLACEMENT_3D('',#10939,#8959,#8960);
#7255=AXIS2_PLACEMENT_3D('',#10941,#8961,#8962);
#7256=AXIS2_PLACEMENT_3D('',#10942,#8963,#8964);
#7257=AXIS2_PLACEMENT_3D('',#10944,#8965,#8966);
#7258=AXIS2_PLACEMENT_3D('',#10947,#8968,#8969);
#7259=AXIS2_PLACEMENT_3D('',#10948,#8970,#8971);
#7260=AXIS2_PLACEMENT_3D('',#10950,#8972,#8973);
#7261=AXIS2_PLACEMENT_3D('',#10951,#8974,#8975);
#7262=AXIS2_PLACEMENT_3D('',#10954,#8977,#8978);
#7263=AXIS2_PLACEMENT_3D('',#10955,#8979,#8980);
#7264=AXIS2_PLACEMENT_3D('',#10958,#8982,#8983);
#7265=AXIS2_PLACEMENT_3D('',#10959,#8984,#8985);
#7266=AXIS2_PLACEMENT_3D('',#10968,#8990,#8991);
#7267=AXIS2_PLACEMENT_3D('',#10974,#8995,#8996);
#7268=AXIS2_PLACEMENT_3D('',#10980,#9000,#9001);
#7269=AXIS2_PLACEMENT_3D('',#10983,#9004,#9005);
#7270=AXIS2_PLACEMENT_3D('',#10984,#9006,#9007);
#7271=AXIS2_PLACEMENT_3D('',#10985,#9008,#9009);
#7272=AXIS2_PLACEMENT_3D('',#10987,#9010,#9011);
#7273=AXIS2_PLACEMENT_3D('',#10990,#9013,#9014);
#7274=AXIS2_PLACEMENT_3D('',#10991,#9015,#9016);
#7275=AXIS2_PLACEMENT_3D('',#10993,#9017,#9018);
#7276=AXIS2_PLACEMENT_3D('',#10994,#9019,#9020);
#7277=AXIS2_PLACEMENT_3D('',#10996,#9021,#9022);
#7278=AXIS2_PLACEMENT_3D('',#10999,#9024,#9025);
#7279=AXIS2_PLACEMENT_3D('',#11000,#9026,#9027);
#7280=AXIS2_PLACEMENT_3D('',#11002,#9028,#9029);
#7281=AXIS2_PLACEMENT_3D('',#11003,#9030,#9031);
#7282=AXIS2_PLACEMENT_3D('',#11006,#9033,#9034);
#7283=AXIS2_PLACEMENT_3D('',#11007,#9035,#9036);
#7284=AXIS2_PLACEMENT_3D('',#11010,#9038,#9039);
#7285=AXIS2_PLACEMENT_3D('',#11011,#9040,#9041);
#7286=AXIS2_PLACEMENT_3D('',#11020,#9046,#9047);
#7287=AXIS2_PLACEMENT_3D('',#11026,#9051,#9052);
#7288=AXIS2_PLACEMENT_3D('',#11032,#9056,#9057);
#7289=AXIS2_PLACEMENT_3D('',#11035,#9060,#9061);
#7290=AXIS2_PLACEMENT_3D('',#11036,#9062,#9063);
#7291=AXIS2_PLACEMENT_3D('',#11037,#9064,#9065);
#7292=AXIS2_PLACEMENT_3D('',#11038,#9066,#9067);
#7293=AXIS2_PLACEMENT_3D('',#11039,#9068,#9069);
#7294=AXIS2_PLACEMENT_3D('',#11040,#9070,#9071);
#7295=DIRECTION('axis',(0.,0.,1.));
#7296=DIRECTION('refdir',(1.,0.,0.));
#7297=DIRECTION('axis',(0.,0.,1.));
#7298=DIRECTION('refdir',(1.,0.,0.));
#7299=DIRECTION('axis',(0.,0.,1.));
#7300=DIRECTION('refdir',(1.,0.,0.));
#7301=DIRECTION('center_axis',(1.,0.,0.));
#7302=DIRECTION('ref_axis',(0.,0.,-1.));
#7303=DIRECTION('center_axis',(0.,-1.,0.));
#7304=DIRECTION('ref_axis',(0.,0.,-1.));
#7305=DIRECTION('center_axis',(-1.,0.,0.));
#7306=DIRECTION('ref_axis',(0.,0.,-1.));
#7307=DIRECTION('center_axis',(-1.,0.,0.));
#7308=DIRECTION('ref_axis',(0.,0.,-1.));
#7309=DIRECTION('center_axis',(-1.,0.,0.));
#7310=DIRECTION('ref_axis',(0.,0.,-1.));
#7311=DIRECTION('',(1.,0.,0.));
#7312=DIRECTION('center_axis',(1.,0.,0.));
#7313=DIRECTION('ref_axis',(0.,0.,-1.));
#7314=DIRECTION('center_axis',(1.,0.,0.));
#7315=DIRECTION('ref_axis',(0.,0.,-1.));
#7316=DIRECTION('center_axis',(-1.,0.,0.));
#7317=DIRECTION('ref_axis',(0.,0.,-1.));
#7318=DIRECTION('center_axis',(0.,-1.,0.));
#7319=DIRECTION('ref_axis',(0.,0.,1.));
#7320=DIRECTION('center_axis',(1.,0.,0.));
#7321=DIRECTION('ref_axis',(0.,0.,-1.));
#7322=DIRECTION('center_axis',(-1.,0.,0.));
#7323=DIRECTION('ref_axis',(0.,0.,-1.));
#7324=DIRECTION('center_axis',(-1.,-8.21195729079167E-13,0.));
#7325=DIRECTION('ref_axis',(0.,0.,-1.));
#7326=DIRECTION('',(1.,0.,0.));
#7327=DIRECTION('center_axis',(1.,0.,0.));
#7328=DIRECTION('ref_axis',(0.,0.,-1.));
#7329=DIRECTION('center_axis',(0.,0.,-1.));
#7330=DIRECTION('ref_axis',(-1.,-5.55111512312578E-17,-3.20988324064539E-33));
#7331=DIRECTION('center_axis',(0.,0.,-1.));
#7332=DIRECTION('ref_axis',(-1.,-5.55111512312578E-17,0.));
#7333=DIRECTION('',(-0.707106781186545,4.73432941564548E-17,0.70710678118655));
#7334=DIRECTION('center_axis',(0.,0.,1.));
#7335=DIRECTION('ref_axis',(-1.,-5.55111512312578E-17,-7.33687597861804E-33));
#7336=DIRECTION('center_axis',(0.,0.,-1.));
#7337=DIRECTION('ref_axis',(1.,0.,0.));
#7338=DIRECTION('',(-0.999999995583575,9.39832378572334E-5,0.));
#7339=DIRECTION('',(0.,-1.,0.));
#7340=DIRECTION('',(-1.,0.,0.));
#7341=DIRECTION('',(0.,1.,0.));
#7342=DIRECTION('',(-1.,0.,0.));
#7343=DIRECTION('',(0.,1.,-2.41756288207281E-16));
#7344=DIRECTION('',(-1.,0.,0.));
#7345=DIRECTION('',(8.71051788348224E-8,0.999999999999996,-2.41756288207281E-16));
#7346=DIRECTION('',(-1.,0.,0.));
#7347=DIRECTION('',(0.,1.,-2.41756288207281E-16));
#7348=DIRECTION('',(-1.,0.,0.));
#7349=DIRECTION('',(0.,-1.,0.));
#7350=DIRECTION('',(-1.,-8.21255654054789E-13,0.));
#7351=DIRECTION('',(0.,-1.,0.));
#7352=DIRECTION('',(-1.,0.,0.));
#7353=DIRECTION('',(0.,-1.,0.));
#7354=DIRECTION('',(-1.,-8.21255654054789E-13,0.));
#7355=DIRECTION('',(0.,-1.,0.));
#7356=DIRECTION('',(1.,0.,0.));
#7357=DIRECTION('',(-2.49586779914147E-14,1.,-2.41756288207281E-16));
#7358=DIRECTION('',(-1.,0.,0.));
#7359=DIRECTION('',(0.,1.,-2.41756288207281E-16));
#7360=DIRECTION('',(-1.,0.,0.));
#7361=DIRECTION('',(-2.49586779914147E-14,1.,-2.41756288207281E-16));
#7362=DIRECTION('',(1.,0.,0.));
#7363=DIRECTION('',(0.,1.,0.));
#7364=DIRECTION('',(-1.,0.,0.));
#7365=DIRECTION('',(0.,-1.,0.));
#7366=DIRECTION('center_axis',(0.,0.,-1.));
#7367=DIRECTION('ref_axis',(-1.,-5.55111512312578E-17,0.));
#7368=DIRECTION('center_axis',(0.,0.,-1.));
#7369=DIRECTION('ref_axis',(-1.,-5.55111512312578E-17,0.));
#7370=DIRECTION('center_axis',(0.,0.,1.));
#7371=DIRECTION('ref_axis',(1.,0.,0.));
#7372=DIRECTION('center_axis',(0.,0.,1.));
#7373=DIRECTION('ref_axis',(1.,0.,0.));
#7374=DIRECTION('center_axis',(0.,0.,-1.));
#7375=DIRECTION('ref_axis',(-1.,-5.55111512312578E-17,0.));
#7376=DIRECTION('center_axis',(0.,-1.58603289232165E-16,1.));
#7377=DIRECTION('ref_axis',(-1.,-5.55111512312578E-17,-7.33687597861804E-33));
#7378=DIRECTION('',(0.,-1.58603289232165E-16,1.));
#7379=DIRECTION('center_axis',(2.27909173512508E-17,-9.5181025239913E-17,
1.));
#7380=DIRECTION('ref_axis',(-1.,-5.55111512312578E-17,2.27909173512508E-17));
#7381=DIRECTION('center_axis',(0.,0.,-1.));
#7382=DIRECTION('ref_axis',(-1.,-5.55111512312578E-17,-3.20988324064539E-33));
#7383=DIRECTION('',(-0.707106781186545,4.73432941564548E-17,0.707106781186551));
#7384=DIRECTION('center_axis',(0.,0.,1.));
#7385=DIRECTION('ref_axis',(-1.,-5.55111512312578E-17,-7.33687597861804E-33));
#7386=DIRECTION('center_axis',(0.,-1.58603289232165E-16,1.));
#7387=DIRECTION('ref_axis',(-1.,-5.55111512312578E-17,-7.33687597861804E-33));
#7388=DIRECTION('',(0.,-1.58603289232165E-16,1.));
#7389=DIRECTION('center_axis',(2.27909173512508E-17,-9.5181025239913E-17,
1.));
#7390=DIRECTION('ref_axis',(-1.,-5.55111512312578E-17,2.27909173512508E-17));
#7391=DIRECTION('center_axis',(0.,0.,-1.));
#7392=DIRECTION('ref_axis',(-1.,-5.55111512312578E-17,0.));
#7393=DIRECTION('',(-0.707106781186544,4.73432941564547E-17,0.707106781186551));
#7394=DIRECTION('center_axis',(0.,0.,1.));
#7395=DIRECTION('ref_axis',(-1.,-5.55111512312578E-17,0.));
#7396=DIRECTION('center_axis',(0.,0.,1.));
#7397=DIRECTION('ref_axis',(-1.,-5.55111512312578E-17,0.));
#7398=DIRECTION('',(0.,0.,1.));
#7399=DIRECTION('center_axis',(2.27909173512508E-17,-9.5181025239913E-17,
1.));
#7400=DIRECTION('ref_axis',(-1.,-5.55111512312578E-17,2.27909173512508E-17));
#7401=DIRECTION('center_axis',(0.,0.,-1.));
#7402=DIRECTION('ref_axis',(-1.,-5.55111512312578E-17,0.));
#7403=DIRECTION('',(-0.707106781186545,4.73432941564548E-17,0.707106781186551));
#7404=DIRECTION('center_axis',(0.,0.,1.));
#7405=DIRECTION('ref_axis',(-1.,-5.55111512312578E-17,0.));
#7406=DIRECTION('center_axis',(0.,0.,1.));
#7407=DIRECTION('ref_axis',(-1.,-5.55111512312578E-17,0.));
#7408=DIRECTION('',(0.,0.,1.));
#7409=DIRECTION('center_axis',(2.27909173512508E-17,-9.5181025239913E-17,
1.));
#7410=DIRECTION('ref_axis',(-1.,-5.55111512312578E-17,2.27909173512508E-17));
#7411=DIRECTION('center_axis',(-2.27909173512508E-17,9.5181025239913E-17,
-1.));
#7412=DIRECTION('ref_axis',(-1.,-5.55111512312578E-17,2.27909173512508E-17));
#7413=DIRECTION('center_axis',(-2.27909173512508E-17,9.5181025239913E-17,
-1.));
#7414=DIRECTION('ref_axis',(-1.,-5.55111512312578E-17,4.2700885562506E-17));
#7415=DIRECTION('center_axis',(-2.27909173512508E-17,9.5181025239913E-17,
-1.));
#7416=DIRECTION('ref_axis',(-1.,-5.55111512312578E-17,2.27909173512508E-17));
#7417=DIRECTION('center_axis',(-2.27909173512508E-17,9.5181025239913E-17,
-1.));
#7418=DIRECTION('ref_axis',(-1.,-5.55111512312578E-17,4.2700885562506E-17));
#7419=DIRECTION('center_axis',(-2.27909173512508E-17,9.5181025239913E-17,
-1.));
#7420=DIRECTION('ref_axis',(-1.,-5.55111512312578E-17,2.27909173512508E-17));
#7421=DIRECTION('center_axis',(-2.27909173512508E-17,9.5181025239913E-17,
-1.));
#7422=DIRECTION('ref_axis',(-1.,-5.55111512312578E-17,0.));
#7423=DIRECTION('center_axis',(-2.27909173512508E-17,9.5181025239913E-17,
-1.));
#7424=DIRECTION('ref_axis',(-1.,-5.55111512312578E-17,2.27909173512508E-17));
#7425=DIRECTION('center_axis',(-2.27909173512508E-17,9.5181025239913E-17,
-1.));
#7426=DIRECTION('ref_axis',(-1.,-5.55111512312578E-17,-4.81482486096809E-33));
#7427=DIRECTION('center_axis',(0.,0.,1.));
#7428=DIRECTION('ref_axis',(-1.,-5.55111512312578E-17,0.));
#7429=DIRECTION('',(0.,0.,1.));
#7430=DIRECTION('center_axis',(0.,0.,-1.));
#7431=DIRECTION('ref_axis',(-1.,-5.55111512312578E-17,0.));
#7432=DIRECTION('center_axis',(0.,-8.54017711250121E-17,1.));
#7433=DIRECTION('ref_axis',(-1.,-5.55111512312578E-17,-4.81482486096809E-33));
#7434=DIRECTION('',(0.,-8.54017711250121E-17,1.));
#7435=DIRECTION('center_axis',(0.,0.,-1.));
#7436=DIRECTION('ref_axis',(-1.,-5.55111512312578E-17,-4.81482486096809E-33));
#7437=DIRECTION('center_axis',(4.2700885562506E-17,0.,1.));
#7438=DIRECTION('ref_axis',(-1.,-5.55111512312578E-17,4.2700885562506E-17));
#7439=DIRECTION('',(4.2700885562506E-17,0.,1.));
#7440=DIRECTION('center_axis',(0.,0.,-1.));
#7441=DIRECTION('ref_axis',(-1.,-5.55111512312578E-17,4.2700885562506E-17));
#7442=DIRECTION('center_axis',(4.2700885562506E-17,-8.54017711250121E-17,
1.));
#7443=DIRECTION('ref_axis',(-1.,-5.55111512312578E-17,4.2700885562506E-17));
#7444=DIRECTION('',(4.2700885562506E-17,-8.54017711250121E-17,1.));
#7445=DIRECTION('center_axis',(0.,0.,-1.));
#7446=DIRECTION('ref_axis',(-1.,-5.55111512312578E-17,4.2700885562506E-17));
#7447=DIRECTION('center_axis',(1.,8.21195729079167E-13,0.));
#7448=DIRECTION('ref_axis',(-8.21195729079167E-13,1.,0.));
#7449=DIRECTION('',(-8.21188400970269E-13,1.,0.));
#7450=DIRECTION('',(0.,0.,1.));
#7451=DIRECTION('',(-8.21195729079167E-13,1.,0.));
#7452=DIRECTION('',(0.,0.,1.));
#7453=DIRECTION('',(-8.21188400970269E-13,1.,0.));
#7454=DIRECTION('',(0.,0.,1.));
#7455=DIRECTION('',(0.,0.,1.));
#7456=DIRECTION('',(8.21195729079167E-13,-1.,0.));
#7457=DIRECTION('',(0.,0.,-1.));
#7458=DIRECTION('',(0.,0.,1.));
#7459=DIRECTION('',(-8.21319056685297E-13,1.,0.));
#7460=DIRECTION('',(0.,0.,1.));
#7461=DIRECTION('',(-8.21195729079167E-13,1.,0.));
#7462=DIRECTION('',(0.,0.,1.));
#7463=DIRECTION('center_axis',(0.,0.,1.));
#7464=DIRECTION('ref_axis',(1.,0.,0.));
#7465=DIRECTION('center_axis',(0.,0.,1.));
#7466=DIRECTION('ref_axis',(1.,0.,0.));
#7467=DIRECTION('',(0.707106781186549,8.65956056235495E-17,-0.707106781186546));
#7468=DIRECTION('center_axis',(0.,0.,-1.));
#7469=DIRECTION('ref_axis',(1.,0.,0.));
#7470=DIRECTION('center_axis',(0.,0.,-1.));
#7471=DIRECTION('ref_axis',(1.,0.,0.));
#7472=DIRECTION('',(0.,0.,-1.));
#7473=DIRECTION('center_axis',(0.,0.,-1.));
#7474=DIRECTION('ref_axis',(1.,0.,0.));
#7475=DIRECTION('center_axis',(0.,0.,1.));
#7476=DIRECTION('ref_axis',(1.,0.,0.));
#7477=DIRECTION('',(-1.,-9.16533411504047E-13,0.));
#7478=DIRECTION('',(1.,8.21255654054789E-13,0.));
#7479=DIRECTION('',(-1.,-9.16533411504047E-13,0.));
#7480=DIRECTION('',(0.,-1.,0.));
#7481=DIRECTION('',(1.,-2.08702641114046E-16,0.));
#7482=DIRECTION('center_axis',(0.,0.,1.));
#7483=DIRECTION('ref_axis',(1.,0.,0.));
#7484=DIRECTION('center_axis',(0.,0.,1.));
#7485=DIRECTION('ref_axis',(1.,0.,0.));
#7486=DIRECTION('',(0.707106781186549,8.65956056235495E-17,-0.707106781186546));
#7487=DIRECTION('center_axis',(0.,0.,-1.));
#7488=DIRECTION('ref_axis',(1.,0.,0.));
#7489=DIRECTION('center_axis',(0.,0.,-1.));
#7490=DIRECTION('ref_axis',(1.,0.,0.));
#7491=DIRECTION('',(0.,0.,-1.));
#7492=DIRECTION('center_axis',(0.,0.,-1.));
#7493=DIRECTION('ref_axis',(1.,0.,0.));
#7494=DIRECTION('center_axis',(0.,0.,1.));
#7495=DIRECTION('ref_axis',(1.,0.,0.));
#7496=DIRECTION('',(-1.,1.73918867595038E-16,0.));
#7497=DIRECTION('',(0.,-1.,0.));
#7498=DIRECTION('',(1.,4.10313410790467E-13,0.));
#7499=DIRECTION('',(-1.,0.,0.));
#7500=DIRECTION('',(1.,4.10313410790467E-13,0.));
#7501=DIRECTION('center_axis',(0.,0.,1.));
#7502=DIRECTION('ref_axis',(1.,0.,0.));
#7503=DIRECTION('center_axis',(0.,0.,1.));
#7504=DIRECTION('ref_axis',(1.,0.,0.));
#7505=DIRECTION('center_axis',(0.,0.,1.));
#7506=DIRECTION('ref_axis',(1.,0.,0.));
#7507=DIRECTION('center_axis',(0.,0.,1.));
#7508=DIRECTION('ref_axis',(1.,0.,0.));
#7509=DIRECTION('center_axis',(0.,0.,-1.));
#7510=DIRECTION('ref_axis',(1.,0.,0.));
#7511=DIRECTION('',(0.,0.,-1.));
#7512=DIRECTION('center_axis',(0.,0.,-1.));
#7513=DIRECTION('ref_axis',(1.,0.,0.));
#7514=DIRECTION('',(0.,0.,-1.));
#7515=DIRECTION('center_axis',(4.10313410790467E-13,-1.,0.));
#7516=DIRECTION('ref_axis',(1.,4.10313410790467E-13,0.));
#7517=DIRECTION('',(-9.96329654174132E-16,0.,-1.));
#7518=DIRECTION('',(0.,0.,1.));
#7519=DIRECTION('',(-0.857167300702114,0.,-0.515038074910051));
#7520=DIRECTION('',(-1.00791985121672E-15,0.,-1.));
#7521=DIRECTION('',(-1.,0.,0.));
#7522=DIRECTION('',(-0.857167300702112,0.,-0.515038074910054));
#7523=DIRECTION('center_axis',(4.10313410790467E-13,-1.,0.));
#7524=DIRECTION('ref_axis',(1.,4.10313410790467E-13,0.));
#7525=DIRECTION('',(-4.98164827086943E-15,0.,1.));
#7526=DIRECTION('',(-0.857167300702113,0.,0.515038074910053));
#7527=DIRECTION('',(-1.,0.,0.));
#7528=DIRECTION('',(-2.01583970243318E-15,0.,1.));
#7529=DIRECTION('',(-0.857167300702115,0.,0.51503807491005));
#7530=DIRECTION('center_axis',(1.73918867595038E-16,1.,0.));
#7531=DIRECTION('ref_axis',(-1.,1.73918867595038E-16,0.));
#7532=DIRECTION('',(1.,-1.73918867595038E-16,0.));
#7533=DIRECTION('',(0.,0.,1.));
#7534=DIRECTION('center_axis',(0.,1.,0.));
#7535=DIRECTION('ref_axis',(-1.,0.,0.));
#7536=DIRECTION('',(0.,0.,-1.));
#7537=DIRECTION('',(-1.,0.,0.));
#7538=DIRECTION('',(-0.857167300702113,0.,-0.515038074910054));
#7539=DIRECTION('',(0.,0.,-1.));
#7540=DIRECTION('',(-1.,0.,0.));
#7541=DIRECTION('',(-0.857167300702114,0.,-0.515038074910052));
#7542=DIRECTION('',(-2.01583970243346E-15,0.,-1.));
#7543=DIRECTION('',(-1.,0.,0.));
#7544=DIRECTION('',(-0.857167300702114,0.,-0.515038074910051));
#7545=DIRECTION('center_axis',(0.,1.,0.));
#7546=DIRECTION('ref_axis',(-1.,0.,0.));
#7547=DIRECTION('',(-0.857167300702115,0.,0.51503807491005));
#7548=DIRECTION('',(-1.,0.,0.));
#7549=DIRECTION('',(0.,0.,1.));
#7550=DIRECTION('',(-0.85716730070211,0.,0.515038074910057));
#7551=DIRECTION('',(-1.,0.,0.));
#7552=DIRECTION('',(-2.0158397024332E-15,0.,1.));
#7553=DIRECTION('',(-0.857167300702112,0.,0.515038074910055));
#7554=DIRECTION('',(-1.,0.,0.));
#7555=DIRECTION('center_axis',(0.,1.,0.));
#7556=DIRECTION('ref_axis',(-1.,0.,0.));
#7557=DIRECTION('',(-9.96329654174132E-16,0.,-1.));
#7558=DIRECTION('',(-1.,0.,0.));
#7559=DIRECTION('',(-4.98164827086943E-15,0.,1.));
#7560=DIRECTION('center_axis',(1.73918867595038E-16,1.,0.));
#7561=DIRECTION('ref_axis',(-1.,1.73918867595038E-16,0.));
#7562=DIRECTION('',(1.,-1.73918867595038E-16,0.));
#7563=DIRECTION('',(0.,0.,1.));
#7564=DIRECTION('',(-1.,1.73918867595038E-16,0.));
#7565=DIRECTION('center_axis',(-9.16533411504047E-13,1.,0.));
#7566=DIRECTION('ref_axis',(-1.,-9.16533411504047E-13,0.));
#7567=DIRECTION('',(0.857167300702115,7.03953492172493E-13,-0.51503807491005));
#7568=DIRECTION('',(2.01583970243318E-15,1.65551975329137E-27,-1.));
#7569=DIRECTION('',(1.,8.21255654054789E-13,0.));
#7570=DIRECTION('',(0.857167300702113,7.03953492172492E-13,-0.515038074910053));
#7571=DIRECTION('',(4.98164827086943E-15,4.09120680896378E-27,-1.));
#7572=DIRECTION('center_axis',(-2.08702641114046E-16,-1.,0.));
#7573=DIRECTION('ref_axis',(1.,-2.08702641114046E-16,0.));
#7574=DIRECTION('',(-1.,2.08702641114046E-16,0.));
#7575=DIRECTION('',(0.,0.,1.));
#7576=DIRECTION('center_axis',(-9.16533411504047E-13,1.,0.));
#7577=DIRECTION('ref_axis',(-1.,-9.16533411504047E-13,0.));
#7578=DIRECTION('',(0.857167300702114,7.03953492172493E-13,0.515038074910051));
#7579=DIRECTION('',(0.,0.,1.));
#7580=DIRECTION('',(9.96329654174132E-16,8.18241361792958E-28,1.));
#7581=DIRECTION('',(0.857167300702112,7.03953492172491E-13,0.515038074910054));
#7582=DIRECTION('',(1.,8.21255654054789E-13,0.));
#7583=DIRECTION('',(1.00791985121672E-15,8.27759876645793E-28,1.));
#7584=DIRECTION('center_axis',(8.21255654054789E-13,-1.,0.));
#7585=DIRECTION('ref_axis',(0.,0.,-1.));
#7586=DIRECTION('',(4.98164827086943E-15,4.09120680896378E-27,-1.));
#7587=DIRECTION('',(1.,8.21255654054789E-13,0.));
#7588=DIRECTION('',(9.96329654174132E-16,8.18241361792958E-28,1.));
#7589=DIRECTION('center_axis',(8.21255654054789E-13,-1.,0.));
#7590=DIRECTION('ref_axis',(0.,0.,-1.));
#7591=DIRECTION('',(1.,8.21255654054789E-13,0.));
#7592=DIRECTION('',(0.857167300702111,7.03953492172491E-13,-0.515038074910055));
#7593=DIRECTION('',(2.0158397024332E-15,1.65551975329139E-27,-1.));
#7594=DIRECTION('',(1.,8.21255654054789E-13,0.));
#7595=DIRECTION('',(0.85716730070211,7.0395349217249E-13,-0.515038074910057));
#7596=DIRECTION('',(0.,0.,-1.));
#7597=DIRECTION('',(1.,8.21255654054789E-13,0.));
#7598=DIRECTION('',(0.857167300702115,7.03953492172493E-13,-0.51503807491005));
#7599=DIRECTION('center_axis',(8.21255654054789E-13,-1.,0.));
#7600=DIRECTION('ref_axis',(0.,0.,-1.));
#7601=DIRECTION('',(0.,0.,1.));
#7602=DIRECTION('',(0.857167300702114,7.03953492172493E-13,0.515038074910051));
#7603=DIRECTION('',(1.,8.21255654054789E-13,0.));
#7604=DIRECTION('',(2.01583970243346E-15,1.65551975329161E-27,1.));
#7605=DIRECTION('',(0.857167300702114,7.03953492172492E-13,0.515038074910052));
#7606=DIRECTION('',(1.,8.21255654054789E-13,0.));
#7607=DIRECTION('',(0.,0.,1.));
#7608=DIRECTION('',(0.857167300702113,7.03953492172492E-13,0.515038074910054));
#7609=DIRECTION('',(1.,8.21255654054789E-13,0.));
#7610=DIRECTION('center_axis',(-1.8261481097479E-16,-1.,0.));
#7611=DIRECTION('ref_axis',(1.,-1.8261481097479E-16,0.));
#7612=DIRECTION('',(-1.,1.8261481097479E-16,0.));
#7613=DIRECTION('',(1.,-1.8261481097479E-16,0.));
#7614=DIRECTION('',(0.,0.,1.));
#7615=DIRECTION('center_axis',(0.,0.,1.));
#7616=DIRECTION('ref_axis',(1.,0.,0.));
#7617=DIRECTION('',(0.,-1.,0.));
#7618=DIRECTION('center_axis',(0.,0.,-1.));
#7619=DIRECTION('ref_axis',(-1.,0.,0.));
#7620=DIRECTION('',(0.,-1.,0.));
#7621=DIRECTION('center_axis',(-1.,0.,0.));
#7622=DIRECTION('ref_axis',(0.,-1.,0.));
#7623=DIRECTION('',(0.,1.,0.));
#7624=DIRECTION('',(0.,-1.,0.));
#7625=DIRECTION('center_axis',(0.,0.,-1.));
#7626=DIRECTION('ref_axis',(-1.,0.,0.));
#7627=DIRECTION('center_axis',(0.,0.,-1.));
#7628=DIRECTION('ref_axis',(-1.,0.,0.));
#7629=DIRECTION('',(1.,0.,0.));
#7630=DIRECTION('',(0.54813162698588,0.836392084789073,0.));
#7631=DIRECTION('center_axis',(0.,0.,-1.));
#7632=DIRECTION('ref_axis',(-0.906688318739463,0.421801247818693,0.));
#7633=DIRECTION('',(-2.49726270391186E-14,1.,0.));
#7634=DIRECTION('',(2.49586779914147E-14,-1.,0.));
#7635=DIRECTION('',(-2.49726270391186E-14,1.,0.));
#7636=DIRECTION('center_axis',(0.,0.,-1.));
#7637=DIRECTION('ref_axis',(0.0446143572669365,-0.999004283837491,0.));
#7638=DIRECTION('',(-0.548131627056967,0.836392084742486,0.));
#7639=DIRECTION('',(-1.,-8.21105367675125E-13,0.));
#7640=DIRECTION('center_axis',(0.,-1.,0.));
#7641=DIRECTION('ref_axis',(1.,0.,0.));
#7642=DIRECTION('',(-0.857167300702116,0.,-0.515038074910048));
#7643=DIRECTION('',(0.,0.,-1.));
#7644=DIRECTION('',(-1.,0.,0.));
#7645=DIRECTION('',(-0.857167300702115,0.,-0.515038074910049));
#7646=DIRECTION('',(1.,0.,0.));
#7647=DIRECTION('',(0.,0.,1.));
#7648=DIRECTION('center_axis',(-8.21105367675125E-13,1.,0.));
#7649=DIRECTION('ref_axis',(-1.,-8.21105367675125E-13,0.));
#7650=DIRECTION('',(0.857167300702113,7.03953492172492E-13,-0.515038074910052));
#7651=DIRECTION('',(0.,0.,-1.));
#7652=DIRECTION('',(1.,8.21255654054789E-13,0.));
#7653=DIRECTION('',(0.857167300702112,7.03953492172491E-13,-0.515038074910055));
#7654=DIRECTION('',(-1.,-8.21105367675125E-13,0.));
#7655=DIRECTION('',(0.,0.,1.));
#7656=DIRECTION('center_axis',(0.,0.,1.));
#7657=DIRECTION('ref_axis',(1.,0.,0.));
#7658=DIRECTION('center_axis',(0.,0.,-1.));
#7659=DIRECTION('ref_axis',(0.906688318742164,-0.421801247812886,0.));
#7660=DIRECTION('',(-0.54813162696213,-0.836392084804638,0.));
#7661=DIRECTION('',(1.,8.21255654054789E-13,0.));
#7662=DIRECTION('',(-1.,-8.21105367675125E-13,0.));
#7663=DIRECTION('',(0.,-1.,0.));
#7664=DIRECTION('',(-1.,0.,0.));
#7665=DIRECTION('',(0.,-1.,0.));
#7666=DIRECTION('center_axis',(0.,0.,1.));
#7667=DIRECTION('ref_axis',(1.,0.,0.));
#7668=DIRECTION('center_axis',(0.,0.,-1.));
#7669=DIRECTION('ref_axis',(0.0446143572669365,-0.999004283837491,0.));
#7670=DIRECTION('',(-2.49726270391186E-14,1.,0.));
#7671=DIRECTION('',(-1.,0.,0.));
#7672=DIRECTION('',(0.,1.,0.));
#7673=DIRECTION('',(1.,8.21255654054789E-13,0.));
#7674=DIRECTION('',(-0.548131627056967,0.836392084742486,0.));
#7675=DIRECTION('center_axis',(0.,0.,1.));
#7676=DIRECTION('ref_axis',(1.,0.,0.));
#7677=DIRECTION('',(0.342887521829214,-0.939376467330229,0.));
#7678=DIRECTION('center_axis',(0.,0.,-1.));
#7679=DIRECTION('ref_axis',(0.838868008801976,0.544334882042853,0.));
#7680=DIRECTION('',(0.,-1.,0.));
#7681=DIRECTION('',(1.,0.,0.));
#7682=DIRECTION('',(0.,-1.,0.));
#7683=DIRECTION('',(-1.,0.,0.));
#7684=DIRECTION('center_axis',(0.,1.,0.));
#7685=DIRECTION('ref_axis',(-1.,0.,0.));
#7686=DIRECTION('',(0.,0.,1.));
#7687=DIRECTION('',(0.,0.,1.));
#7688=DIRECTION('',(0.,0.,1.));
#7689=DIRECTION('center_axis',(0.,-1.,0.));
#7690=DIRECTION('ref_axis',(1.,0.,0.));
#7691=DIRECTION('',(0.,0.,-1.));
#7692=DIRECTION('',(0.,0.,1.));
#7693=DIRECTION('',(1.,0.,0.));
#7694=DIRECTION('',(0.,0.,1.));
#7695=DIRECTION('center_axis',(1.,0.,0.));
#7696=DIRECTION('ref_axis',(0.,1.,0.));
#7697=DIRECTION('',(0.,1.,0.));
#7698=DIRECTION('',(0.,0.,1.));
#7699=DIRECTION('',(0.,0.,1.));
#7700=DIRECTION('center_axis',(-1.,0.,0.));
#7701=DIRECTION('ref_axis',(0.,-1.,0.));
#7702=DIRECTION('',(0.,0.,-1.));
#7703=DIRECTION('',(0.,0.,1.));
#7704=DIRECTION('center_axis',(0.,-1.,0.));
#7705=DIRECTION('ref_axis',(1.,0.,0.));
#7706=DIRECTION('',(0.,0.,1.));
#7707=DIRECTION('',(0.,0.,1.));
#7708=DIRECTION('center_axis',(0.,1.,0.));
#7709=DIRECTION('ref_axis',(-1.,0.,0.));
#7710=DIRECTION('',(0.,0.,-1.));
#7711=DIRECTION('',(0.,0.,1.));
#7712=DIRECTION('',(0.,0.,1.));
#7713=DIRECTION('center_axis',(-1.,0.,0.));
#7714=DIRECTION('ref_axis',(0.,-1.,0.));
#7715=DIRECTION('',(0.,0.,1.));
#7716=DIRECTION('',(0.,0.,1.));
#7717=DIRECTION('center_axis',(-8.21105367675125E-13,1.,0.));
#7718=DIRECTION('ref_axis',(-1.,-8.21105367675125E-13,0.));
#7719=DIRECTION('',(0.857167300702116,7.03953492172494E-13,0.515038074910048));
#7720=DIRECTION('',(0.857167300702115,7.03953492172494E-13,0.515038074910049));
#7721=DIRECTION('',(1.,8.21255654054789E-13,0.));
#7722=DIRECTION('',(0.,0.,1.));
#7723=DIRECTION('center_axis',(1.,0.,0.));
#7724=DIRECTION('ref_axis',(0.,1.,0.));
#7725=DIRECTION('',(0.,0.,-1.));
#7726=DIRECTION('center_axis',(0.,0.,1.));
#7727=DIRECTION('ref_axis',(1.,0.,0.));
#7728=DIRECTION('',(7.45696969196306E-14,1.,0.));
#7729=DIRECTION('',(1.,0.,0.));
#7730=DIRECTION('',(-2.49726270391186E-14,1.,0.));
#7731=DIRECTION('center_axis',(0.,0.,-1.));
#7732=DIRECTION('ref_axis',(-0.906688318739463,0.421801247818693,0.));
#7733=DIRECTION('',(0.54813162698588,0.836392084789073,0.));
#7734=DIRECTION('',(-1.,0.,0.));
#7735=DIRECTION('center_axis',(0.,0.,1.));
#7736=DIRECTION('ref_axis',(-0.906688318739463,0.421801247818693,0.));
#7737=DIRECTION('center_axis',(0.,-1.,0.));
#7738=DIRECTION('ref_axis',(1.,0.,0.));
#7739=DIRECTION('',(0.,0.,1.));
#7740=DIRECTION('',(1.,0.,0.));
#7741=DIRECTION('',(0.,0.,1.));
#7742=DIRECTION('',(-0.857167300702112,0.,0.515038074910055));
#7743=DIRECTION('',(-1.,0.,0.));
#7744=DIRECTION('',(0.,0.,1.));
#7745=DIRECTION('',(-0.857167300702114,0.,0.515038074910052));
#7746=DIRECTION('center_axis',(1.,-7.45696969196306E-14,0.));
#7747=DIRECTION('ref_axis',(7.45696969196306E-14,1.,0.));
#7748=DIRECTION('',(0.,0.,1.));
#7749=DIRECTION('',(7.45696969196306E-14,1.,0.));
#7750=DIRECTION('center_axis',(1.,0.,0.));
#7751=DIRECTION('ref_axis',(0.,0.,-1.));
#7752=DIRECTION('',(0.,0.882947592858929,-0.469471562785888));
#7753=DIRECTION('center_axis',(1.,0.,0.));
#7754=DIRECTION('ref_axis',(0.,0.,-1.));
#7755=DIRECTION('',(0.,0.882947423574497,0.469471881163461));
#7756=DIRECTION('center_axis',(0.,0.,1.));
#7757=DIRECTION('ref_axis',(-0.906688318739463,0.421801247818693,0.));
#7758=DIRECTION('',(0.,0.,-1.));
#7759=DIRECTION('center_axis',(0.,0.,1.));
#7760=DIRECTION('ref_axis',(-0.906688318739463,0.421801247818693,0.));
#7761=DIRECTION('center_axis',(0.,1.,0.));
#7762=DIRECTION('ref_axis',(-1.,0.,0.));
#7763=DIRECTION('',(0.,0.,1.));
#7764=DIRECTION('',(-0.857167300702112,0.,0.515038074910055));
#7765=DIRECTION('center_axis',(0.,1.,0.));
#7766=DIRECTION('ref_axis',(-1.,0.,0.));
#7767=DIRECTION('',(-0.857167300702114,0.,0.515038074910052));
#7768=DIRECTION('center_axis',(0.,1.,0.));
#7769=DIRECTION('ref_axis',(-1.,0.,0.));
#7770=DIRECTION('',(-0.857167300702115,0.,-0.515038074910049));
#7771=DIRECTION('',(0.,0.,-1.));
#7772=DIRECTION('center_axis',(-1.,-2.49586779914147E-14,0.));
#7773=DIRECTION('ref_axis',(0.,0.,1.));
#7774=DIRECTION('',(2.20372046534607E-14,-0.882947592858929,0.469471562785888));
#7775=DIRECTION('center_axis',(0.836392084789073,-0.54813162698588,0.));
#7776=DIRECTION('ref_axis',(0.54813162698588,0.836392084789073,0.));
#7777=DIRECTION('',(0.,0.,1.));
#7778=DIRECTION('',(0.,0.,1.));
#7779=DIRECTION('center_axis',(0.,0.,1.));
#7780=DIRECTION('ref_axis',(-0.906688318739463,0.421801247818693,0.));
#7781=DIRECTION('',(0.,0.,1.));
#7782=DIRECTION('center_axis',(1.,2.49726270391186E-14,0.));
#7783=DIRECTION('ref_axis',(-2.49726270391186E-14,1.,0.));
#7784=DIRECTION('',(2.20372004283453E-14,-0.882947423574503,-0.469471881163449));
#7785=DIRECTION('',(0.,0.,-1.));
#7786=DIRECTION('',(2.49586779914147E-14,-1.,0.));
#7787=DIRECTION('',(2.20372004283456E-14,-0.882947423574515,-0.469471881163426));
#7788=DIRECTION('',(2.26627253561891E-29,-9.08009845873431E-16,-1.));
#7789=DIRECTION('',(2.20372004283451E-14,-0.882947423574497,-0.46947188116346));
#7790=DIRECTION('',(0.,0.,-1.));
#7791=DIRECTION('',(2.49586779914147E-14,-1.,0.));
#7792=DIRECTION('center_axis',(1.,2.49726270391186E-14,0.));
#7793=DIRECTION('ref_axis',(-2.49726270391186E-14,1.,0.));
#7794=DIRECTION('',(0.,0.,1.));
#7795=DIRECTION('',(0.,0.,1.));
#7796=DIRECTION('',(2.20372046534607E-14,-0.882947592858928,0.469471562785889));
#7797=DIRECTION('',(2.49586779914147E-14,-1.,0.));
#7798=DIRECTION('',(5.16635053492202E-29,-2.06996161283027E-15,1.));
#7799=DIRECTION('',(2.20372046534607E-14,-0.882947592858925,0.469471562785894));
#7800=DIRECTION('',(2.49586779914147E-14,-1.,0.));
#7801=DIRECTION('',(0.,0.,1.));
#7802=DIRECTION('',(2.20372046534607E-14,-0.882947592858929,0.469471562785888));
#7803=DIRECTION('center_axis',(0.,0.,1.));
#7804=DIRECTION('ref_axis',(0.0446143572669365,-0.999004283837491,0.));
#7805=DIRECTION('',(0.,0.,1.));
#7806=DIRECTION('center_axis',(0.836392084742486,0.548131627056967,0.));
#7807=DIRECTION('ref_axis',(-0.548131627056967,0.836392084742486,0.));
#7808=DIRECTION('',(0.,0.,-1.));
#7809=DIRECTION('',(0.,0.,1.));
#7810=DIRECTION('center_axis',(8.21255654054789E-13,-1.,0.));
#7811=DIRECTION('ref_axis',(0.,0.,-1.));
#7812=DIRECTION('',(0.857167300702112,7.03953492172491E-13,-0.515038074910055));
#7813=DIRECTION('center_axis',(8.21255654054789E-13,-1.,0.));
#7814=DIRECTION('ref_axis',(0.,0.,-1.));
#7815=DIRECTION('',(0.,0.,1.));
#7816=DIRECTION('',(0.857167300702115,7.03953492172494E-13,0.515038074910049));
#7817=DIRECTION('center_axis',(8.21255654054789E-13,-1.,0.));
#7818=DIRECTION('ref_axis',(0.,0.,-1.));
#7819=DIRECTION('',(0.857167300702113,7.03953492172492E-13,-0.515038074910052));
#7820=DIRECTION('center_axis',(0.,0.,-1.));
#7821=DIRECTION('ref_axis',(-1.,0.,0.));
#7822=DIRECTION('center_axis',(-8.21105367675125E-13,1.,0.));
#7823=DIRECTION('ref_axis',(-1.,-8.21105367675125E-13,0.));
#7824=DIRECTION('',(0.857167300702112,7.03953492172491E-13,-0.515038074910055));
#7825=DIRECTION('',(0.,0.,-1.));
#7826=DIRECTION('',(1.,8.21255654054789E-13,0.));
#7827=DIRECTION('',(0.857167300702111,7.03953492172491E-13,-0.515038074910055));
#7828=DIRECTION('center_axis',(-1.,0.,0.));
#7829=DIRECTION('ref_axis',(0.,-1.,0.));
#7830=DIRECTION('',(0.,0.882947592858925,-0.469471562785894));
#7831=DIRECTION('',(0.,2.06996161283027E-15,-1.));
#7832=DIRECTION('',(0.,1.,0.));
#7833=DIRECTION('',(0.,0.882947592858928,-0.469471562785889));
#7834=DIRECTION('',(0.,0.,-1.));
#7835=DIRECTION('',(0.,-1.,0.));
#7836=DIRECTION('',(0.,0.,1.));
#7837=DIRECTION('',(0.,0.882947592858929,-0.469471562785888));
#7838=DIRECTION('',(0.,0.,-1.));
#7839=DIRECTION('',(0.,1.,0.));
#7840=DIRECTION('center_axis',(-1.,0.,0.));
#7841=DIRECTION('ref_axis',(0.,-1.,0.));
#7842=DIRECTION('',(0.,0.,1.));
#7843=DIRECTION('',(0.,-1.,0.));
#7844=DIRECTION('',(0.,9.08009845873431E-16,1.));
#7845=DIRECTION('',(0.,0.882947423574515,0.469471881163426));
#7846=DIRECTION('',(0.,1.,0.));
#7847=DIRECTION('',(0.,0.,1.));
#7848=DIRECTION('',(0.,0.882947423574503,0.469471881163449));
#7849=DIRECTION('',(0.,1.,0.));
#7850=DIRECTION('',(0.,0.,1.));
#7851=DIRECTION('',(0.,0.882947423574497,0.469471881163461));
#7852=DIRECTION('center_axis',(0.,-1.,0.));
#7853=DIRECTION('ref_axis',(1.,0.,0.));
#7854=DIRECTION('',(-0.857167300702113,0.,-0.515038074910054));
#7855=DIRECTION('',(1.,0.,0.));
#7856=DIRECTION('',(0.,0.,1.));
#7857=DIRECTION('',(-0.857167300702115,0.,-0.515038074910049));
#7858=DIRECTION('',(0.,0.,-1.));
#7859=DIRECTION('',(-1.,0.,0.));
#7860=DIRECTION('center_axis',(0.,-1.,0.));
#7861=DIRECTION('ref_axis',(1.,0.,0.));
#7862=DIRECTION('',(-0.857167300702111,0.,0.515038074910055));
#7863=DIRECTION('',(-1.,0.,0.));
#7864=DIRECTION('',(0.,0.,1.));
#7865=DIRECTION('',(-0.857167300702112,0.,0.515038074910055));
#7866=DIRECTION('center_axis',(0.,0.,1.));
#7867=DIRECTION('ref_axis',(0.906688318742164,-0.421801247812886,0.));
#7868=DIRECTION('center_axis',(0.,0.,-1.));
#7869=DIRECTION('ref_axis',(0.906688318742164,-0.421801247812886,0.));
#7870=DIRECTION('',(0.,0.,1.));
#7871=DIRECTION('center_axis',(-0.836392084804638,0.54813162696213,0.));
#7872=DIRECTION('ref_axis',(-0.54813162696213,-0.836392084804638,0.));
#7873=DIRECTION('',(-0.54813162696213,-0.836392084804638,0.));
#7874=DIRECTION('',(0.,0.,1.));
#7875=DIRECTION('center_axis',(-8.21105367675125E-13,1.,0.));
#7876=DIRECTION('ref_axis',(-1.,-8.21105367675125E-13,0.));
#7877=DIRECTION('',(0.857167300702115,7.03953492172494E-13,0.515038074910049));
#7878=DIRECTION('',(-1.,-8.21105367675125E-13,0.));
#7879=DIRECTION('',(0.857167300702113,7.03953492172492E-13,0.515038074910054));
#7880=DIRECTION('',(1.,8.21255654054789E-13,0.));
#7881=DIRECTION('',(0.,0.,1.));
#7882=DIRECTION('center_axis',(-0.939376467330229,-0.342887521829214,0.));
#7883=DIRECTION('ref_axis',(0.342887521829214,-0.939376467330229,0.));
#7884=DIRECTION('',(0.342887521829214,-0.939376467330229,0.));
#7885=DIRECTION('',(0.,0.,1.));
#7886=DIRECTION('center_axis',(0.,0.,1.));
#7887=DIRECTION('ref_axis',(0.838868008801976,0.544334882042853,0.));
#7888=DIRECTION('center_axis',(0.,0.,-1.));
#7889=DIRECTION('ref_axis',(0.838868008801976,0.544334882042853,0.));
#7890=DIRECTION('center_axis',(0.,0.,-1.));
#7891=DIRECTION('ref_axis',(-1.,0.,0.));
#7892=DIRECTION('',(0.,1.,0.));
#7893=DIRECTION('center_axis',(0.,1.,0.));
#7894=DIRECTION('ref_axis',(-1.,0.,0.));
#7895=DIRECTION('',(-0.857167300702116,0.,-0.515038074910048));
#7896=DIRECTION('center_axis',(1.,0.,4.98164827086943E-15));
#7897=DIRECTION('ref_axis',(-4.98164827086943E-15,0.,1.));
#7898=DIRECTION('',(4.98164827086943E-15,-4.68191436429929E-19,-1.));
#7899=DIRECTION('',(0.,-1.,0.));
#7900=DIRECTION('',(0.,-1.,0.));
#7901=DIRECTION('center_axis',(0.515038074910053,0.,0.857167300702113));
#7902=DIRECTION('ref_axis',(-0.857167300702113,0.,0.515038074910053));
#7903=DIRECTION('',(0.857167297920686,-8.05593583997062E-5,-0.515038073238803));
#7904=DIRECTION('',(0.,-1.,0.));
#7905=DIRECTION('center_axis',(0.,0.,1.));
#7906=DIRECTION('ref_axis',(-1.,0.,0.));
#7907=DIRECTION('',(0.999999995583575,-9.39832378572334E-5,0.));
#7908=DIRECTION('',(0.,-1.,0.));
#7909=DIRECTION('center_axis',(1.,0.,2.01583970243318E-15));
#7910=DIRECTION('ref_axis',(-2.01583970243318E-15,0.,1.));
#7911=DIRECTION('',(2.01583970243318E-15,-1.89455143072546E-19,-1.));
#7912=DIRECTION('',(0.,-1.,0.));
#7913=DIRECTION('center_axis',(0.51503807491005,0.,0.857167300702115));
#7914=DIRECTION('ref_axis',(-0.857167300702115,0.,0.51503807491005));
#7915=DIRECTION('',(0.857167297920688,-8.05593583997064E-5,-0.515038073238801));
#7916=DIRECTION('',(0.,-1.,0.));
#7917=DIRECTION('center_axis',(0.,0.,1.));
#7918=DIRECTION('ref_axis',(-1.,0.,0.));
#7919=DIRECTION('',(0.999999995583575,-9.39832378572334E-5,0.));
#7920=DIRECTION('',(0.,-1.,0.));
#7921=DIRECTION('center_axis',(1.,0.,0.));
#7922=DIRECTION('ref_axis',(0.,0.,1.));
#7923=DIRECTION('',(0.,0.,-1.));
#7924=DIRECTION('',(0.,-1.,0.));
#7925=DIRECTION('center_axis',(0.515038074910057,0.,0.85716730070211));
#7926=DIRECTION('ref_axis',(-0.85716730070211,0.,0.515038074910057));
#7927=DIRECTION('',(0.857167297920684,-8.05593583997059E-5,-0.515038073238808));
#7928=DIRECTION('',(0.,-1.,0.));
#7929=DIRECTION('center_axis',(0.,0.,1.));
#7930=DIRECTION('ref_axis',(-1.,0.,0.));
#7931=DIRECTION('',(0.999999995583575,-9.39832378572334E-5,0.));
#7932=DIRECTION('',(0.,-1.,0.));
#7933=DIRECTION('center_axis',(1.,0.,2.0158397024332E-15));
#7934=DIRECTION('ref_axis',(-2.0158397024332E-15,0.,1.));
#7935=DIRECTION('',(2.0158397024332E-15,-1.89455143072548E-19,-1.));
#7936=DIRECTION('',(0.,-1.,0.));
#7937=DIRECTION('center_axis',(0.515038074910055,0.,0.857167300702112));
#7938=DIRECTION('ref_axis',(-0.857167300702111,0.,0.515038074910055));
#7939=DIRECTION('',(0.857167297920685,-8.05593583997061E-5,-0.515038073238806));
#7940=DIRECTION('',(0.,-1.,0.));
#7941=DIRECTION('center_axis',(0.,0.,1.));
#7942=DIRECTION('ref_axis',(-1.,0.,0.));
#7943=DIRECTION('',(0.999999995583575,-9.39832378572334E-5,0.));
#7944=DIRECTION('',(0.,-1.,0.));
#7945=DIRECTION('center_axis',(1.,0.,0.));
#7946=DIRECTION('ref_axis',(0.,0.,1.));
#7947=DIRECTION('',(0.,0.,-1.));
#7948=DIRECTION('',(0.,-1.,0.));
#7949=DIRECTION('center_axis',(0.515038074910055,0.,0.857167300702112));
#7950=DIRECTION('ref_axis',(-0.857167300702112,0.,0.515038074910055));
#7951=DIRECTION('',(0.857167297920685,-8.05593583997061E-5,-0.515038073238805));
#7952=DIRECTION('',(0.,-1.,0.));
#7953=DIRECTION('center_axis',(0.,0.,1.));
#7954=DIRECTION('ref_axis',(-1.,0.,0.));
#7955=DIRECTION('',(0.999999995583575,-9.39832378572334E-5,0.));
#7956=DIRECTION('',(0.,-1.,0.));
#7957=DIRECTION('center_axis',(1.,0.,0.));
#7958=DIRECTION('ref_axis',(0.,0.,1.));
#7959=DIRECTION('',(0.,0.,-1.));
#7960=DIRECTION('',(0.,-1.,0.));
#7961=DIRECTION('center_axis',(0.515038074910052,0.,0.857167300702113));
#7962=DIRECTION('ref_axis',(-0.857167300702113,0.,0.515038074910052));
#7963=DIRECTION('',(0.857167297920687,-8.05593583997062E-5,-0.515038073238803));
#7964=DIRECTION('center_axis',(-0.515038074910048,0.,0.857167300702116));
#7965=DIRECTION('ref_axis',(-0.857167300702116,0.,-0.515038074910048));
#7966=DIRECTION('',(0.857167297920689,-8.05593583997065E-5,0.515038073238798));
#7967=DIRECTION('',(0.,-1.,0.));
#7968=DIRECTION('center_axis',(-1.,0.,0.));
#7969=DIRECTION('ref_axis',(0.,0.,-1.));
#7970=DIRECTION('',(0.,0.,1.));
#7971=DIRECTION('',(0.,-1.,0.));
#7972=DIRECTION('center_axis',(0.,0.,1.));
#7973=DIRECTION('ref_axis',(-1.,0.,0.));
#7974=DIRECTION('',(0.999999995583575,-9.39832378572334E-5,0.));
#7975=DIRECTION('',(0.,-1.,0.));
#7976=DIRECTION('center_axis',(-0.515038074910049,0.,0.857167300702115));
#7977=DIRECTION('ref_axis',(-0.857167300702115,0.,-0.515038074910049));
#7978=DIRECTION('',(0.857167297920689,-8.05593583997064E-5,0.5150380732388));
#7979=DIRECTION('',(0.,-1.,0.));
#7980=DIRECTION('center_axis',(-1.,0.,0.));
#7981=DIRECTION('ref_axis',(0.,0.,-1.));
#7982=DIRECTION('',(0.,0.,1.));
#7983=DIRECTION('',(0.,-1.,0.));
#7984=DIRECTION('center_axis',(0.,0.,1.));
#7985=DIRECTION('ref_axis',(-1.,0.,0.));
#7986=DIRECTION('',(0.999999995583575,-9.39832378572334E-5,0.));
#7987=DIRECTION('',(0.,-1.,0.));
#7988=DIRECTION('center_axis',(-0.515038074910054,0.,0.857167300702113));
#7989=DIRECTION('ref_axis',(-0.857167300702113,0.,-0.515038074910054));
#7990=DIRECTION('',(0.857167297920686,-8.05593583997062E-5,0.515038073238804));
#7991=DIRECTION('',(0.,-1.,0.));
#7992=DIRECTION('center_axis',(-1.,0.,0.));
#7993=DIRECTION('ref_axis',(0.,0.,-1.));
#7994=DIRECTION('',(0.,0.,1.));
#7995=DIRECTION('',(0.,-1.,0.));
#7996=DIRECTION('center_axis',(0.,0.,1.));
#7997=DIRECTION('ref_axis',(-1.,0.,0.));
#7998=DIRECTION('',(0.999999995583575,-9.39832378572334E-5,0.));
#7999=DIRECTION('',(0.,-1.,0.));
#8000=DIRECTION('center_axis',(-0.515038074910052,0.,0.857167300702114));
#8001=DIRECTION('ref_axis',(-0.857167300702114,0.,-0.515038074910052));
#8002=DIRECTION('',(0.857167297920687,-8.05593583997063E-5,0.515038073238802));
#8003=DIRECTION('',(0.,-1.,0.));
#8004=DIRECTION('center_axis',(-1.,0.,2.01583970243346E-15));
#8005=DIRECTION('ref_axis',(-2.01583970243346E-15,0.,-1.));
#8006=DIRECTION('',(2.01583970243346E-15,-1.89455143072573E-19,1.));
#8007=DIRECTION('',(0.,-1.,0.));
#8008=DIRECTION('center_axis',(0.,0.,1.));
#8009=DIRECTION('ref_axis',(-1.,0.,0.));
#8010=DIRECTION('',(0.999999995583575,-9.39832378572334E-5,0.));
#8011=DIRECTION('',(0.,-1.,0.));
#8012=DIRECTION('center_axis',(-0.515038074910051,0.,0.857167300702114));
#8013=DIRECTION('ref_axis',(-0.857167300702114,0.,-0.515038074910051));
#8014=DIRECTION('',(0.857167297920687,-8.05593583997063E-5,0.515038073238801));
#8015=DIRECTION('',(0.,-1.,0.));
#8016=DIRECTION('center_axis',(-1.,0.,1.00791985121672E-15));
#8017=DIRECTION('ref_axis',(-1.00791985121672E-15,0.,-1.));
#8018=DIRECTION('',(1.00791985121672E-15,-9.47275715362854E-20,1.));
#8019=DIRECTION('',(0.,-1.,0.));
#8020=DIRECTION('center_axis',(0.,0.,1.));
#8021=DIRECTION('ref_axis',(-1.,0.,0.));
#8022=DIRECTION('',(0.999999995583575,-9.39832378572334E-5,0.));
#8023=DIRECTION('',(0.,-1.,0.));
#8024=DIRECTION('center_axis',(-0.515038074910054,0.,0.857167300702112));
#8025=DIRECTION('ref_axis',(-0.857167300702112,0.,-0.515038074910054));
#8026=DIRECTION('',(0.857167297920686,-8.05593583997062E-5,0.515038073238804));
#8027=DIRECTION('',(0.,-1.,0.));
#8028=DIRECTION('center_axis',(-1.,0.,9.96329654174132E-16));
#8029=DIRECTION('ref_axis',(-9.96329654174132E-16,0.,-1.));
#8030=DIRECTION('',(9.96329654174132E-16,-9.36382872860089E-20,1.));
#8031=DIRECTION('',(0.,-1.,0.));
#8032=DIRECTION('center_axis',(0.,0.,1.));
#8033=DIRECTION('ref_axis',(-1.,0.,0.));
#8034=DIRECTION('',(0.999999995583575,-9.39832378572334E-5,0.));
#8035=DIRECTION('center_axis',(-9.39832378572334E-5,-0.999999995583576,
0.));
#8036=DIRECTION('ref_axis',(0.,0.,-1.));
#8037=DIRECTION('center_axis',(1.,0.,0.));
#8038=DIRECTION('ref_axis',(0.,0.,-1.));
#8039=DIRECTION('',(0.,0.,-1.));
#8040=DIRECTION('',(0.,1.,0.));
#8041=DIRECTION('',(0.,0.88294759285893,-0.469471562785885));
#8042=DIRECTION('',(0.,2.06996161283028E-15,-1.));
#8043=DIRECTION('',(0.,1.,0.));
#8044=DIRECTION('',(0.,0.882947592858928,-0.469471562785889));
#8045=DIRECTION('',(0.,2.0699616128303E-15,-1.));
#8046=DIRECTION('',(0.,1.,0.));
#8047=DIRECTION('',(0.,0.882947592858927,-0.469471562785892));
#8048=DIRECTION('',(0.,0.,1.));
#8049=DIRECTION('',(0.,1.,0.));
#8050=DIRECTION('',(0.,0.,-1.));
#8051=DIRECTION('',(0.,0.882947423574507,0.46947188116344));
#8052=DIRECTION('',(0.,0.999999999999139,1.31195129073244E-6));
#8053=DIRECTION('',(0.,-2.27002087505439E-15,1.));
#8054=DIRECTION('',(0.,0.882947423574499,0.469471881163457));
#8055=DIRECTION('',(0.,1.,0.));
#8056=DIRECTION('',(0.,9.08007867490013E-16,1.));
#8057=DIRECTION('',(0.,0.882947423574511,0.469471881163433));
#8058=DIRECTION('',(0.,1.,0.));
#8059=DIRECTION('',(0.,9.08009845873431E-16,1.));
#8060=DIRECTION('center_axis',(0.,1.,0.));
#8061=DIRECTION('ref_axis',(0.,0.,-1.));
#8062=DIRECTION('',(0.,0.,1.));
#8063=DIRECTION('',(-1.,0.,0.));
#8064=DIRECTION('',(-1.,0.,0.));
#8065=DIRECTION('center_axis',(0.,-0.46947188116344,0.882947423574508));
#8066=DIRECTION('ref_axis',(0.,0.882947423574507,0.46947188116344));
#8067=DIRECTION('',(-7.69092932322032E-8,-0.882947423574505,-0.469471881163439));
#8068=DIRECTION('',(-1.,0.,0.));
#8069=DIRECTION('center_axis',(0.,-1.31195129073244E-6,0.999999999999139));
#8070=DIRECTION('ref_axis',(0.,0.999999999999139,1.31195129073244E-6));
#8071=DIRECTION('',(-8.71051788347474E-8,-0.999999999999136,-1.31195129073243E-6));
#8072=DIRECTION('',(-1.,0.,0.));
#8073=DIRECTION('center_axis',(0.,-1.,-2.27002087505439E-15));
#8074=DIRECTION('ref_axis',(0.,-2.27002087505439E-15,1.));
#8075=DIRECTION('',(1.97730574280393E-22,2.27002087505439E-15,-1.));
#8076=DIRECTION('',(-1.,0.,0.));
#8077=DIRECTION('center_axis',(0.,-0.469471881163457,0.882947423574499));
#8078=DIRECTION('ref_axis',(0.,0.882947423574499,0.469471881163457));
#8079=DIRECTION('',(-7.69092932322024E-8,-0.882947423574496,-0.469471881163455));
#8080=DIRECTION('',(-1.,0.,0.));
#8081=DIRECTION('center_axis',(0.,0.,1.));
#8082=DIRECTION('ref_axis',(0.,1.,0.));
#8083=DIRECTION('',(-8.71051788348224E-8,-0.999999999999996,0.));
#8084=DIRECTION('',(-1.,0.,0.));
#8085=DIRECTION('center_axis',(0.,-1.,9.08007867490013E-16));
#8086=DIRECTION('ref_axis',(0.,9.08007867490013E-16,1.));
#8087=DIRECTION('',(-7.90921876811436E-23,-9.08007867490013E-16,-1.));
#8088=DIRECTION('',(-1.,0.,0.));
#8089=DIRECTION('center_axis',(0.,-0.469471881163433,0.882947423574511));
#8090=DIRECTION('ref_axis',(0.,0.882947423574511,0.469471881163433));
#8091=DIRECTION('',(-7.69092932322035E-8,-0.882947423574509,-0.469471881163432));
#8092=DIRECTION('',(-1.,0.,0.));
#8093=DIRECTION('center_axis',(0.,0.,1.));
#8094=DIRECTION('ref_axis',(0.,1.,0.));
#8095=DIRECTION('',(-8.71051788348224E-8,-0.999999999999996,0.));
#8096=DIRECTION('',(-1.,0.,0.));
#8097=DIRECTION('center_axis',(0.,-1.,9.08009845873431E-16));
#8098=DIRECTION('ref_axis',(0.,9.08009845873431E-16,1.));
#8099=DIRECTION('',(-7.9092360008585E-23,-9.08009845873431E-16,-1.));
#8100=DIRECTION('',(-1.,0.,0.));
#8101=DIRECTION('center_axis',(0.,-0.469471881163426,0.882947423574515));
#8102=DIRECTION('ref_axis',(0.,0.882947423574515,0.469471881163426));
#8103=DIRECTION('',(-7.69092932322038E-8,-0.882947423574512,-0.469471881163425));
#8104=DIRECTION('',(-1.,0.,0.));
#8105=DIRECTION('center_axis',(0.,0.,1.));
#8106=DIRECTION('ref_axis',(0.,1.,0.));
#8107=DIRECTION('',(-8.71051788348224E-8,-0.999999999999996,0.));
#8108=DIRECTION('',(-1.,0.,0.));
#8109=DIRECTION('center_axis',(0.,-1.,0.));
#8110=DIRECTION('ref_axis',(0.,0.,1.));
#8111=DIRECTION('',(0.,0.,-1.));
#8112=DIRECTION('',(-1.,0.,0.));
#8113=DIRECTION('center_axis',(0.,-0.469471881163449,0.882947423574503));
#8114=DIRECTION('ref_axis',(0.,0.882947423574503,0.469471881163449));
#8115=DIRECTION('',(-7.69092932322028E-8,-0.8829474235745,-0.469471881163448));
#8116=DIRECTION('',(-1.,0.,0.));
#8117=DIRECTION('center_axis',(0.,0.,1.));
#8118=DIRECTION('ref_axis',(0.,1.,0.));
#8119=DIRECTION('',(-8.71051788348224E-8,-0.999999999999996,0.));
#8120=DIRECTION('',(-1.,0.,0.));
#8121=DIRECTION('center_axis',(0.,-1.,0.));
#8122=DIRECTION('ref_axis',(0.,0.,1.));
#8123=DIRECTION('',(0.,0.,-1.));
#8124=DIRECTION('',(-1.,0.,0.));
#8125=DIRECTION('center_axis',(0.,-0.469471881163461,0.882947423574497));
#8126=DIRECTION('ref_axis',(0.,0.882947423574497,0.46947188116346));
#8127=DIRECTION('',(-7.69092932322022E-8,-0.882947423574494,-0.469471881163459));
#8128=DIRECTION('center_axis',(0.,0.469471562785888,0.882947592858929));
#8129=DIRECTION('ref_axis',(0.,0.882947592858929,-0.469471562785888));
#8130=DIRECTION('',(-7.6909307977753E-8,-0.882947592858926,0.469471562785886));
#8131=DIRECTION('',(-1.,0.,0.));
#8132=DIRECTION('center_axis',(0.,1.,0.));
#8133=DIRECTION('ref_axis',(0.,0.,-1.));
#8134=DIRECTION('',(0.,0.,1.));
#8135=DIRECTION('',(-1.,0.,0.));
#8136=DIRECTION('center_axis',(0.,0.,1.));
#8137=DIRECTION('ref_axis',(0.,1.,0.));
#8138=DIRECTION('',(-8.71051788348224E-8,-0.999999999999996,0.));
#8139=DIRECTION('',(-1.,0.,0.));
#8140=DIRECTION('center_axis',(0.,0.469471562785894,0.882947592858925));
#8141=DIRECTION('ref_axis',(0.,0.882947592858925,-0.469471562785894));
#8142=DIRECTION('',(-7.69093079777527E-8,-0.882947592858923,0.469471562785892));
#8143=DIRECTION('',(-1.,0.,0.));
#8144=DIRECTION('center_axis',(0.,1.,2.06996161283027E-15));
#8145=DIRECTION('ref_axis',(0.,2.06996161283027E-15,-1.));
#8146=DIRECTION('',(-1.80304376466799E-22,-2.06996161283027E-15,1.));
#8147=DIRECTION('',(-1.,0.,0.));
#8148=DIRECTION('center_axis',(0.,0.,1.));
#8149=DIRECTION('ref_axis',(0.,1.,0.));
#8150=DIRECTION('',(-8.71051788348224E-8,-0.999999999999996,0.));
#8151=DIRECTION('',(-1.,0.,0.));
#8152=DIRECTION('center_axis',(0.,0.469471562785889,0.882947592858928));
#8153=DIRECTION('ref_axis',(0.,0.882947592858928,-0.469471562785889));
#8154=DIRECTION('',(-7.69093079777529E-8,-0.882947592858925,0.469471562785888));
#8155=DIRECTION('',(-1.,0.,0.));
#8156=DIRECTION('center_axis',(0.,1.,0.));
#8157=DIRECTION('ref_axis',(0.,0.,-1.));
#8158=DIRECTION('',(0.,0.,1.));
#8159=DIRECTION('',(-1.,0.,0.));
#8160=DIRECTION('center_axis',(0.,0.,1.));
#8161=DIRECTION('ref_axis',(0.,1.,0.));
#8162=DIRECTION('',(-8.71051788348224E-8,-0.999999999999996,0.));
#8163=DIRECTION('',(-1.,0.,0.));
#8164=DIRECTION('center_axis',(0.,0.469471562785885,0.88294759285893));
#8165=DIRECTION('ref_axis',(0.,0.88294759285893,-0.469471562785885));
#8166=DIRECTION('',(-7.69093079777531E-8,-0.882947592858928,0.469471562785884));
#8167=DIRECTION('',(-1.,0.,0.));
#8168=DIRECTION('center_axis',(0.,1.,2.06996161283028E-15));
#8169=DIRECTION('ref_axis',(0.,2.06996161283028E-15,-1.));
#8170=DIRECTION('',(-1.803043764668E-22,-2.06996161283028E-15,1.));
#8171=DIRECTION('',(-1.,0.,0.));
#8172=DIRECTION('center_axis',(0.,0.,1.));
#8173=DIRECTION('ref_axis',(0.,1.,0.));
#8174=DIRECTION('',(-8.71051788348224E-8,-0.999999999999996,0.));
#8175=DIRECTION('',(-1.,0.,0.));
#8176=DIRECTION('center_axis',(0.,0.469471562785889,0.882947592858928));
#8177=DIRECTION('ref_axis',(0.,0.882947592858928,-0.469471562785889));
#8178=DIRECTION('',(-7.69093079777529E-8,-0.882947592858925,0.469471562785888));
#8179=DIRECTION('',(-1.,0.,0.));
#8180=DIRECTION('center_axis',(0.,1.,2.0699616128303E-15));
#8181=DIRECTION('ref_axis',(0.,2.0699616128303E-15,-1.));
#8182=DIRECTION('',(-1.80304376466801E-22,-2.0699616128303E-15,1.));
#8183=DIRECTION('',(-1.,0.,0.));
#8184=DIRECTION('center_axis',(0.,0.,1.));
#8185=DIRECTION('ref_axis',(0.,1.,0.));
#8186=DIRECTION('',(-8.71051788348224E-8,-0.999999999999996,0.));
#8187=DIRECTION('',(-1.,0.,0.));
#8188=DIRECTION('center_axis',(0.,0.469471562785891,0.882947592858927));
#8189=DIRECTION('ref_axis',(0.,0.882947592858927,-0.469471562785892));
#8190=DIRECTION('',(-7.69093079777528E-8,-0.882947592858924,0.46947156278589));
#8191=DIRECTION('',(-1.,0.,0.));
#8192=DIRECTION('center_axis',(0.,-1.,0.));
#8193=DIRECTION('ref_axis',(0.,0.,1.));
#8194=DIRECTION('',(0.,0.,-1.));
#8195=DIRECTION('',(-1.,0.,0.));
#8196=DIRECTION('center_axis',(0.,0.,1.));
#8197=DIRECTION('ref_axis',(0.,1.,0.));
#8198=DIRECTION('',(-8.71051788348224E-8,-0.999999999999996,0.));
#8199=DIRECTION('center_axis',(-0.999999999999996,8.71051788348224E-8,0.));
#8200=DIRECTION('ref_axis',(0.,0.,1.));
#8201=DIRECTION('center_axis',(-1.,-2.49586779914147E-14,0.));
#8202=DIRECTION('ref_axis',(0.,0.,1.));
#8203=DIRECTION('',(2.20372004283451E-14,-0.882947423574497,-0.46947188116346));
#8204=DIRECTION('center_axis',(0.,1.,0.));
#8205=DIRECTION('ref_axis',(0.,0.,-1.));
#8206=DIRECTION('',(0.,0.,1.));
#8207=DIRECTION('',(-1.,0.,0.));
#8208=DIRECTION('',(0.,0.,-1.));
#8209=DIRECTION('',(-1.,0.,0.));
#8210=DIRECTION('center_axis',(0.,-0.46947188116344,0.882947423574508));
#8211=DIRECTION('ref_axis',(0.,0.882947423574507,0.46947188116344));
#8212=DIRECTION('',(2.20372004283454E-14,-0.882947423574507,-0.46947188116344));
#8213=DIRECTION('',(-1.,0.,0.));
#8214=DIRECTION('',(0.,0.882947423574507,0.46947188116344));
#8215=DIRECTION('center_axis',(0.,-1.31195129073244E-6,0.999999999999139));
#8216=DIRECTION('ref_axis',(0.,0.999999999999139,1.31195129073244E-6));
#8217=DIRECTION('',(2.49586779913932E-14,-0.999999999999139,-1.31195129073244E-6));
#8218=DIRECTION('',(-1.,0.,0.));
#8219=DIRECTION('',(0.,0.999999999999139,1.31195129073244E-6));
#8220=DIRECTION('center_axis',(0.,-1.,-2.27002087505439E-15));
#8221=DIRECTION('ref_axis',(0.,-2.27002087505439E-15,1.));
#8222=DIRECTION('',(-5.66567200542719E-29,2.27002087505439E-15,-1.));
#8223=DIRECTION('',(-1.,0.,0.));
#8224=DIRECTION('',(0.,-2.27002087505439E-15,1.));
#8225=DIRECTION('center_axis',(0.,-0.469471881163457,0.882947423574499));
#8226=DIRECTION('ref_axis',(0.,0.882947423574499,0.469471881163457));
#8227=DIRECTION('',(2.20372004283452E-14,-0.882947423574499,-0.469471881163457));
#8228=DIRECTION('',(-1.,0.,0.));
#8229=DIRECTION('',(0.,0.882947423574499,0.469471881163457));
#8230=DIRECTION('center_axis',(0.,0.,1.));
#8231=DIRECTION('ref_axis',(0.,1.,0.));
#8232=DIRECTION('',(2.49586779914147E-14,-1.,0.));
#8233=DIRECTION('',(-1.,0.,0.));
#8234=DIRECTION('',(0.,1.,0.));
#8235=DIRECTION('center_axis',(0.,-1.,9.08007867490013E-16));
#8236=DIRECTION('ref_axis',(0.,9.08007867490013E-16,1.));
#8237=DIRECTION('',(2.26626759783544E-29,-9.08007867490013E-16,-1.));
#8238=DIRECTION('',(-1.,0.,0.));
#8239=DIRECTION('',(0.,9.08007867490013E-16,1.));
#8240=DIRECTION('center_axis',(0.,-0.469471881163433,0.882947423574511));
#8241=DIRECTION('ref_axis',(0.,0.882947423574511,0.469471881163433));
#8242=DIRECTION('',(2.20372004283455E-14,-0.882947423574511,-0.469471881163433));
#8243=DIRECTION('',(-1.,0.,0.));
#8244=DIRECTION('',(0.,0.882947423574511,0.469471881163433));
#8245=DIRECTION('center_axis',(0.,0.,1.));
#8246=DIRECTION('ref_axis',(0.,1.,0.));
#8247=DIRECTION('',(2.49586779914147E-14,-1.,0.));
#8248=DIRECTION('',(-1.,0.,0.));
#8249=DIRECTION('',(0.,1.,0.));
#8250=DIRECTION('center_axis',(0.,-1.,9.08009845873431E-16));
#8251=DIRECTION('ref_axis',(0.,9.08009845873431E-16,1.));
#8252=DIRECTION('',(2.26627253561891E-29,-9.08009845873431E-16,-1.));
#8253=DIRECTION('',(-1.,0.,0.));
#8254=DIRECTION('',(0.,9.08009845873431E-16,1.));
#8255=DIRECTION('center_axis',(0.,-0.469471881163426,0.882947423574515));
#8256=DIRECTION('ref_axis',(0.,0.882947423574515,0.469471881163426));
#8257=DIRECTION('',(-1.,0.,0.));
#8258=DIRECTION('',(0.,0.882947423574515,0.469471881163426));
#8259=DIRECTION('center_axis',(0.,0.,1.));
#8260=DIRECTION('ref_axis',(0.,1.,0.));
#8261=DIRECTION('',(-1.,0.,0.));
#8262=DIRECTION('',(0.,1.,0.));
#8263=DIRECTION('center_axis',(0.,-1.,0.));
#8264=DIRECTION('ref_axis',(0.,0.,1.));
#8265=DIRECTION('',(-1.,0.,0.));
#8266=DIRECTION('',(0.,0.,1.));
#8267=DIRECTION('center_axis',(0.,-0.469471881163449,0.882947423574503));
#8268=DIRECTION('ref_axis',(0.,0.882947423574503,0.469471881163449));
#8269=DIRECTION('',(-1.,0.,0.));
#8270=DIRECTION('',(0.,0.882947423574503,0.469471881163449));
#8271=DIRECTION('center_axis',(0.,0.,1.));
#8272=DIRECTION('ref_axis',(0.,1.,0.));
#8273=DIRECTION('',(-1.,0.,0.));
#8274=DIRECTION('',(0.,1.,0.));
#8275=DIRECTION('center_axis',(0.,-1.,0.));
#8276=DIRECTION('ref_axis',(0.,0.,1.));
#8277=DIRECTION('',(-1.,0.,0.));
#8278=DIRECTION('',(0.,0.,1.));
#8279=DIRECTION('center_axis',(0.,-0.469471881163461,0.882947423574497));
#8280=DIRECTION('ref_axis',(0.,0.882947423574497,0.46947188116346));
#8281=DIRECTION('',(0.,0.882947423574497,0.469471881163461));
#8282=DIRECTION('center_axis',(0.,0.469471562785888,0.882947592858929));
#8283=DIRECTION('ref_axis',(0.,0.882947592858929,-0.469471562785888));
#8284=DIRECTION('',(-1.,0.,0.));
#8285=DIRECTION('',(0.,0.882947592858928,-0.469471562785888));
#8286=DIRECTION('center_axis',(0.,1.,0.));
#8287=DIRECTION('ref_axis',(0.,0.,-1.));
#8288=DIRECTION('',(-1.,0.,0.));
#8289=DIRECTION('',(0.,0.,-1.));
#8290=DIRECTION('center_axis',(0.,0.,1.));
#8291=DIRECTION('ref_axis',(0.,1.,0.));
#8292=DIRECTION('',(-1.,0.,0.));
#8293=DIRECTION('',(0.,1.,0.));
#8294=DIRECTION('center_axis',(0.,0.469471562785894,0.882947592858925));
#8295=DIRECTION('ref_axis',(0.,0.882947592858925,-0.469471562785894));
#8296=DIRECTION('',(-1.,0.,0.));
#8297=DIRECTION('',(0.,0.882947592858925,-0.469471562785894));
#8298=DIRECTION('center_axis',(0.,1.,2.06996161283027E-15));
#8299=DIRECTION('ref_axis',(0.,2.06996161283027E-15,-1.));
#8300=DIRECTION('',(-1.,0.,0.));
#8301=DIRECTION('',(0.,2.06996161283027E-15,-1.));
#8302=DIRECTION('center_axis',(0.,0.,1.));
#8303=DIRECTION('ref_axis',(0.,1.,0.));
#8304=DIRECTION('',(-1.,0.,0.));
#8305=DIRECTION('',(0.,1.,0.));
#8306=DIRECTION('center_axis',(0.,0.469471562785889,0.882947592858928));
#8307=DIRECTION('ref_axis',(0.,0.882947592858928,-0.469471562785889));
#8308=DIRECTION('',(-1.,0.,0.));
#8309=DIRECTION('',(0.,0.882947592858928,-0.469471562785889));
#8310=DIRECTION('center_axis',(0.,1.,0.));
#8311=DIRECTION('ref_axis',(0.,0.,-1.));
#8312=DIRECTION('',(0.,0.,1.));
#8313=DIRECTION('',(-1.,0.,0.));
#8314=DIRECTION('',(0.,0.,-1.));
#8315=DIRECTION('center_axis',(0.,0.,1.));
#8316=DIRECTION('ref_axis',(0.,1.,0.));
#8317=DIRECTION('',(2.49586779914147E-14,-1.,0.));
#8318=DIRECTION('',(-1.,0.,0.));
#8319=DIRECTION('',(0.,1.,0.));
#8320=DIRECTION('center_axis',(0.,0.469471562785885,0.88294759285893));
#8321=DIRECTION('ref_axis',(0.,0.88294759285893,-0.469471562785885));
#8322=DIRECTION('',(2.20372046534608E-14,-0.88294759285893,0.469471562785885));
#8323=DIRECTION('',(-1.,0.,0.));
#8324=DIRECTION('',(0.,0.88294759285893,-0.469471562785885));
#8325=DIRECTION('center_axis',(0.,1.,2.06996161283028E-15));
#8326=DIRECTION('ref_axis',(0.,2.06996161283028E-15,-1.));
#8327=DIRECTION('',(5.16635053492205E-29,-2.06996161283028E-15,1.));
#8328=DIRECTION('',(-1.,0.,0.));
#8329=DIRECTION('',(0.,2.06996161283028E-15,-1.));
#8330=DIRECTION('center_axis',(0.,0.,1.));
#8331=DIRECTION('ref_axis',(0.,1.,0.));
#8332=DIRECTION('',(2.49586779914147E-14,-1.,0.));
#8333=DIRECTION('',(-1.,0.,0.));
#8334=DIRECTION('',(0.,1.,0.));
#8335=DIRECTION('center_axis',(0.,0.469471562785889,0.882947592858928));
#8336=DIRECTION('ref_axis',(0.,0.882947592858928,-0.469471562785889));
#8337=DIRECTION('',(2.20372046534607E-14,-0.882947592858928,0.469471562785889));
#8338=DIRECTION('',(-1.,0.,0.));
#8339=DIRECTION('',(0.,0.882947592858928,-0.469471562785889));
#8340=DIRECTION('center_axis',(0.,1.,2.0699616128303E-15));
#8341=DIRECTION('ref_axis',(0.,2.0699616128303E-15,-1.));
#8342=DIRECTION('',(5.16635053492209E-29,-2.0699616128303E-15,1.));
#8343=DIRECTION('',(-1.,0.,0.));
#8344=DIRECTION('',(0.,2.0699616128303E-15,-1.));
#8345=DIRECTION('center_axis',(0.,0.,1.));
#8346=DIRECTION('ref_axis',(0.,1.,0.));
#8347=DIRECTION('',(2.49586779914147E-14,-1.,0.));
#8348=DIRECTION('',(-1.,0.,0.));
#8349=DIRECTION('',(0.,1.,0.));
#8350=DIRECTION('center_axis',(0.,0.469471562785891,0.882947592858927));
#8351=DIRECTION('ref_axis',(0.,0.882947592858927,-0.469471562785892));
#8352=DIRECTION('',(2.20372046534607E-14,-0.882947592858927,0.469471562785892));
#8353=DIRECTION('',(-1.,0.,0.));
#8354=DIRECTION('',(0.,0.882947592858927,-0.469471562785892));
#8355=DIRECTION('center_axis',(0.,-1.,0.));
#8356=DIRECTION('ref_axis',(0.,0.,1.));
#8357=DIRECTION('',(0.,0.,-1.));
#8358=DIRECTION('',(-1.,0.,0.));
#8359=DIRECTION('',(0.,0.,1.));
#8360=DIRECTION('center_axis',(0.,0.,1.));
#8361=DIRECTION('ref_axis',(0.,1.,0.));
#8362=DIRECTION('',(2.49586779914147E-14,-1.,0.));
#8363=DIRECTION('',(0.,1.,0.));
#8364=DIRECTION('center_axis',(1.,0.,0.));
#8365=DIRECTION('ref_axis',(0.,0.,-1.));
#8366=DIRECTION('center_axis',(-1.,-2.49586779914147E-14,0.));
#8367=DIRECTION('ref_axis',(0.,0.,1.));
#8368=DIRECTION('center_axis',(1.,0.,4.98164827086943E-15));
#8369=DIRECTION('ref_axis',(-4.98164827086943E-15,0.,1.));
#8370=DIRECTION('',(0.,-1.,0.));
#8371=DIRECTION('',(-4.98164827086943E-15,0.,1.));
#8372=DIRECTION('',(0.,-1.,0.));
#8373=DIRECTION('center_axis',(0.515038074910053,0.,0.857167300702113));
#8374=DIRECTION('ref_axis',(-0.857167300702113,0.,0.515038074910053));
#8375=DIRECTION('',(0.,-1.,0.));
#8376=DIRECTION('',(-0.857167300702113,0.,0.515038074910053));
#8377=DIRECTION('center_axis',(0.,0.,1.));
#8378=DIRECTION('ref_axis',(-1.,0.,0.));
#8379=DIRECTION('',(0.,-1.,0.));
#8380=DIRECTION('',(-1.,0.,0.));
#8381=DIRECTION('center_axis',(1.,0.,2.01583970243318E-15));
#8382=DIRECTION('ref_axis',(-2.01583970243318E-15,0.,1.));
#8383=DIRECTION('',(0.,-1.,0.));
#8384=DIRECTION('',(-2.01583970243318E-15,0.,1.));
#8385=DIRECTION('center_axis',(0.51503807491005,0.,0.857167300702115));
#8386=DIRECTION('ref_axis',(-0.857167300702115,0.,0.51503807491005));
#8387=DIRECTION('',(0.,-1.,0.));
#8388=DIRECTION('',(-0.857167300702115,0.,0.51503807491005));
#8389=DIRECTION('center_axis',(0.,0.,1.));
#8390=DIRECTION('ref_axis',(-1.,0.,0.));
#8391=DIRECTION('',(0.,-1.,0.));
#8392=DIRECTION('',(-1.,0.,0.));
#8393=DIRECTION('center_axis',(1.,0.,0.));
#8394=DIRECTION('ref_axis',(0.,0.,1.));
#8395=DIRECTION('',(0.,-1.,0.));
#8396=DIRECTION('',(0.,0.,1.));
#8397=DIRECTION('center_axis',(0.515038074910057,0.,0.85716730070211));
#8398=DIRECTION('ref_axis',(-0.85716730070211,0.,0.515038074910057));
#8399=DIRECTION('',(0.,-1.,0.));
#8400=DIRECTION('',(-0.85716730070211,0.,0.515038074910057));
#8401=DIRECTION('center_axis',(0.,0.,1.));
#8402=DIRECTION('ref_axis',(-1.,0.,0.));
#8403=DIRECTION('',(0.,-1.,0.));
#8404=DIRECTION('',(-1.,0.,0.));
#8405=DIRECTION('center_axis',(1.,0.,2.0158397024332E-15));
#8406=DIRECTION('ref_axis',(-2.0158397024332E-15,0.,1.));
#8407=DIRECTION('',(0.,-1.,0.));
#8408=DIRECTION('',(-2.0158397024332E-15,0.,1.));
#8409=DIRECTION('center_axis',(0.515038074910055,0.,0.857167300702112));
#8410=DIRECTION('ref_axis',(-0.857167300702111,0.,0.515038074910055));
#8411=DIRECTION('',(0.,-1.,0.));
#8412=DIRECTION('',(-0.857167300702111,0.,0.515038074910055));
#8413=DIRECTION('center_axis',(0.,0.,1.));
#8414=DIRECTION('ref_axis',(-1.,0.,0.));
#8415=DIRECTION('',(0.,-1.,0.));
#8416=DIRECTION('',(-1.,0.,0.));
#8417=DIRECTION('center_axis',(1.,0.,0.));
#8418=DIRECTION('ref_axis',(0.,0.,1.));
#8419=DIRECTION('',(0.,-1.,0.));
#8420=DIRECTION('',(0.,0.,1.));
#8421=DIRECTION('center_axis',(0.515038074910055,0.,0.857167300702112));
#8422=DIRECTION('ref_axis',(-0.857167300702112,0.,0.515038074910055));
#8423=DIRECTION('',(0.,-1.,0.));
#8424=DIRECTION('',(-0.857167300702112,0.,0.515038074910055));
#8425=DIRECTION('center_axis',(0.,0.,1.));
#8426=DIRECTION('ref_axis',(-1.,0.,0.));
#8427=DIRECTION('',(0.,-1.,0.));
#8428=DIRECTION('',(-1.,0.,0.));
#8429=DIRECTION('center_axis',(1.,0.,0.));
#8430=DIRECTION('ref_axis',(0.,0.,1.));
#8431=DIRECTION('',(0.,-1.,0.));
#8432=DIRECTION('',(0.,0.,1.));
#8433=DIRECTION('center_axis',(0.515038074910052,0.,0.857167300702113));
#8434=DIRECTION('ref_axis',(-0.857167300702113,0.,0.515038074910052));
#8435=DIRECTION('',(-0.857167300702114,0.,0.515038074910052));
#8436=DIRECTION('center_axis',(-0.515038074910048,0.,0.857167300702116));
#8437=DIRECTION('ref_axis',(-0.857167300702116,0.,-0.515038074910048));
#8438=DIRECTION('',(0.857167300702116,7.03953492172494E-13,0.515038074910048));
#8439=DIRECTION('',(0.,-1.,0.));
#8440=DIRECTION('',(-0.857167300702116,0.,-0.515038074910048));
#8441=DIRECTION('center_axis',(-1.,0.,0.));
#8442=DIRECTION('ref_axis',(0.,0.,-1.));
#8443=DIRECTION('',(0.,-1.,0.));
#8444=DIRECTION('',(0.,0.,-1.));
#8445=DIRECTION('center_axis',(0.,0.,1.));
#8446=DIRECTION('ref_axis',(-1.,0.,0.));
#8447=DIRECTION('',(0.,-1.,0.));
#8448=DIRECTION('',(-1.,0.,0.));
#8449=DIRECTION('center_axis',(-0.515038074910049,0.,0.857167300702115));
#8450=DIRECTION('ref_axis',(-0.857167300702115,0.,-0.515038074910049));
#8451=DIRECTION('',(0.,-1.,0.));
#8452=DIRECTION('',(-0.857167300702115,0.,-0.515038074910049));
#8453=DIRECTION('center_axis',(-1.,0.,0.));
#8454=DIRECTION('ref_axis',(0.,0.,-1.));
#8455=DIRECTION('',(0.,-1.,0.));
#8456=DIRECTION('',(0.,0.,-1.));
#8457=DIRECTION('center_axis',(0.,0.,1.));
#8458=DIRECTION('ref_axis',(-1.,0.,0.));
#8459=DIRECTION('',(0.,-1.,0.));
#8460=DIRECTION('',(-1.,0.,0.));
#8461=DIRECTION('center_axis',(-0.515038074910054,0.,0.857167300702113));
#8462=DIRECTION('ref_axis',(-0.857167300702113,0.,-0.515038074910054));
#8463=DIRECTION('',(0.,-1.,0.));
#8464=DIRECTION('',(-0.857167300702113,0.,-0.515038074910054));
#8465=DIRECTION('center_axis',(-1.,0.,0.));
#8466=DIRECTION('ref_axis',(0.,0.,-1.));
#8467=DIRECTION('',(0.,-1.,0.));
#8468=DIRECTION('',(0.,0.,-1.));
#8469=DIRECTION('center_axis',(0.,0.,1.));
#8470=DIRECTION('ref_axis',(-1.,0.,0.));
#8471=DIRECTION('',(0.,-1.,0.));
#8472=DIRECTION('',(-1.,0.,0.));
#8473=DIRECTION('center_axis',(-0.515038074910052,0.,0.857167300702114));
#8474=DIRECTION('ref_axis',(-0.857167300702114,0.,-0.515038074910052));
#8475=DIRECTION('',(0.,-1.,0.));
#8476=DIRECTION('',(-0.857167300702114,0.,-0.515038074910052));
#8477=DIRECTION('center_axis',(-1.,0.,2.01583970243346E-15));
#8478=DIRECTION('ref_axis',(-2.01583970243346E-15,0.,-1.));
#8479=DIRECTION('',(0.,-1.,0.));
#8480=DIRECTION('',(-2.01583970243346E-15,0.,-1.));
#8481=DIRECTION('center_axis',(0.,0.,1.));
#8482=DIRECTION('ref_axis',(-1.,0.,0.));
#8483=DIRECTION('',(0.,-1.,0.));
#8484=DIRECTION('',(-1.,0.,0.));
#8485=DIRECTION('center_axis',(-0.515038074910051,0.,0.857167300702114));
#8486=DIRECTION('ref_axis',(-0.857167300702114,0.,-0.515038074910051));
#8487=DIRECTION('',(0.,-1.,0.));
#8488=DIRECTION('',(-0.857167300702114,0.,-0.515038074910051));
#8489=DIRECTION('center_axis',(-1.,0.,1.00791985121672E-15));
#8490=DIRECTION('ref_axis',(-1.00791985121672E-15,0.,-1.));
#8491=DIRECTION('',(0.,-1.,0.));
#8492=DIRECTION('',(-1.00791985121672E-15,0.,-1.));
#8493=DIRECTION('center_axis',(0.,0.,1.));
#8494=DIRECTION('ref_axis',(-1.,0.,0.));
#8495=DIRECTION('',(0.,-1.,0.));
#8496=DIRECTION('',(-1.,0.,0.));
#8497=DIRECTION('center_axis',(-0.515038074910054,0.,0.857167300702112));
#8498=DIRECTION('ref_axis',(-0.857167300702112,0.,-0.515038074910054));
#8499=DIRECTION('',(0.,-1.,0.));
#8500=DIRECTION('',(-0.857167300702112,0.,-0.515038074910054));
#8501=DIRECTION('center_axis',(-1.,0.,9.96329654174132E-16));
#8502=DIRECTION('ref_axis',(-9.96329654174132E-16,0.,-1.));
#8503=DIRECTION('',(0.,-1.,0.));
#8504=DIRECTION('',(-9.96329654174132E-16,0.,-1.));
#8505=DIRECTION('center_axis',(0.,0.,1.));
#8506=DIRECTION('ref_axis',(-1.,0.,0.));
#8507=DIRECTION('',(-1.,0.,0.));
#8508=DIRECTION('center_axis',(0.,1.,0.));
#8509=DIRECTION('ref_axis',(-1.,0.,0.));
#8510=DIRECTION('center_axis',(8.21255654054789E-13,-1.,0.));
#8511=DIRECTION('ref_axis',(0.,0.,-1.));
#8512=DIRECTION('axis',(0.,0.,1.));
#8513=DIRECTION('refdir',(1.,0.,0.));
#8514=DIRECTION('center_axis',(-1.,-7.48972328421441E-31,-1.18166997796805E-60));
#8515=DIRECTION('ref_axis',(-2.36333995593611E-60,4.73316543132607E-30,
-1.));
#8516=DIRECTION('center_axis',(-1.,-7.48972328421441E-31,-1.18166997796805E-60));
#8517=DIRECTION('ref_axis',(-2.36333995593611E-60,4.73316543132607E-30,
-1.));
#8518=DIRECTION('',(0.707106781186547,-8.65956056235454E-17,-0.707106781186547));
#8519=DIRECTION('center_axis',(1.,7.48972328421441E-31,1.18166997796805E-60));
#8520=DIRECTION('ref_axis',(-2.36333995593611E-60,4.73316543132607E-30,
-1.));
#8521=DIRECTION('center_axis',(1.,7.48972328421441E-31,1.18166997796805E-60));
#8522=DIRECTION('ref_axis',(-2.36333995593611E-60,4.73316543132607E-30,
-1.));
#8523=DIRECTION('',(1.,7.48972328421441E-31,1.18166997796805E-60));
#8524=DIRECTION('center_axis',(1.,7.48972328421441E-31,1.18166997796805E-60));
#8525=DIRECTION('ref_axis',(-2.36333995593611E-60,4.73316543132607E-30,
-1.));
#8526=DIRECTION('center_axis',(-1.,-7.48972328421441E-31,-1.18166997796805E-60));
#8527=DIRECTION('ref_axis',(2.36333995593611E-60,-4.73316543132607E-30,
1.));
#8528=DIRECTION('',(-7.48972328421441E-31,1.,4.73316543132607E-30));
#8529=DIRECTION('',(-2.36333995593611E-60,4.73316543132607E-30,-1.));
#8530=DIRECTION('',(-7.48972328421441E-31,1.,4.73316543132607E-30));
#8531=DIRECTION('',(2.36333995593611E-60,-4.73316543132607E-30,1.));
#8532=DIRECTION('',(-7.48972328421441E-31,1.,4.73316543132607E-30));
#8533=DIRECTION('',(-6.61303187708311E-31,0.882947423574508,0.46947188116344));
#8534=DIRECTION('',(2.36333995593611E-60,-4.73316543132607E-30,1.));
#8535=DIRECTION('',(-7.48972328421441E-31,1.,4.73316543132607E-30));
#8536=DIRECTION('',(-2.36333995593611E-60,4.73316543132607E-30,-1.));
#8537=DIRECTION('',(-6.61303314497654E-31,0.882947592858923,-0.469471562785898));
#8538=DIRECTION('',(-7.48972328421441E-31,1.,4.73316543132607E-30));
#8539=DIRECTION('',(-2.36333995593611E-60,4.73316543132607E-30,-1.));
#8540=DIRECTION('',(-7.48972328421441E-31,1.,4.73316543132607E-30));
#8541=DIRECTION('',(2.36333995593611E-60,-4.73316543132607E-30,1.));
#8542=DIRECTION('',(-7.48972328421441E-31,1.,4.73316543132607E-30));
#8543=DIRECTION('',(-2.36333995593611E-60,4.73316543132607E-30,-1.));
#8544=DIRECTION('',(7.48972328421441E-31,-1.,-2.70786264805853E-16));
#8545=DIRECTION('',(2.36333995593611E-60,-4.73316543132607E-30,1.));
#8546=DIRECTION('center_axis',(-2.36333995593611E-60,4.73316543132607E-30,
-1.));
#8547=DIRECTION('ref_axis',(0.70710678118654,-0.707106781186555,-3.34685337296845E-30));
#8548=DIRECTION('',(2.36333995593611E-60,-4.73316543132607E-30,1.));
#8549=DIRECTION('center_axis',(5.29603412347878E-31,-0.707106781186546,
-0.707106781186549));
#8550=DIRECTION('ref_axis',(5.2960341234788E-31,-0.707106781186549,0.707106781186546));
#8551=DIRECTION('',(-2.36333995593611E-60,4.73316543132607E-30,-1.));
#8552=DIRECTION('center_axis',(-5.29603412347878E-31,0.707106781186546,
-0.707106781186549));
#8553=DIRECTION('ref_axis',(5.2960341234788E-31,-0.707106781186549,-0.707106781186546));
#8554=DIRECTION('center_axis',(7.48972328421441E-31,-1.,-4.73316543132607E-30));
#8555=DIRECTION('ref_axis',(0.707106781186541,-2.81724996062057E-30,0.707106781186554));
#8556=DIRECTION('',(-7.48972328421441E-31,1.,4.73316543132607E-30));
#8557=DIRECTION('center_axis',(7.26724616698597E-31,-0.970295682659286,
-0.241922070536671));
#8558=DIRECTION('ref_axis',(-1.81192936466387E-31,0.241922070536671,-0.970295682659286));
#8559=DIRECTION('',(7.48972328421441E-31,-1.,-4.73316543132607E-30));
#8560=DIRECTION('center_axis',(6.61303187708311E-31,-0.882947423574508,
-0.46947188116344));
#8561=DIRECTION('ref_axis',(0.707106781186538,-0.331966750747075,0.624338110640735));
#8562=DIRECTION('',(-6.61303187708311E-31,0.882947423574508,0.46947188116344));
#8563=DIRECTION('center_axis',(3.85749150444292E-31,-0.515037920369248,
-0.857167393559578));
#8564=DIRECTION('ref_axis',(-6.41994658601255E-31,0.857167393559578,-0.515037920369248));
#8565=DIRECTION('',(6.61303187708311E-31,-0.882947423574508,-0.46947188116344));
#8566=DIRECTION('center_axis',(-2.36333995593611E-60,4.73316543132607E-30,
-1.));
#8567=DIRECTION('ref_axis',(0.70710678118654,-0.707106781186555,-3.34685337296845E-30));
#8568=DIRECTION('',(2.36333995593611E-60,-4.73316543132607E-30,1.));
#8569=DIRECTION('center_axis',(5.29603412347878E-31,-0.707106781186546,
-0.707106781186549));
#8570=DIRECTION('ref_axis',(5.2960341234788E-31,-0.707106781186549,0.707106781186546));
#8571=DIRECTION('',(-2.36333995593611E-60,4.73316543132607E-30,-1.));
#8572=DIRECTION('center_axis',(7.48972328421441E-31,-1.,-4.73316543132607E-30));
#8573=DIRECTION('ref_axis',(0.707106781186541,-2.81724996062057E-30,0.707106781186554));
#8574=DIRECTION('',(-7.48972328421441E-31,1.,4.73316543132607E-30));
#8575=DIRECTION('center_axis',(5.29603412347878E-31,-0.707106781186546,
0.707106781186549));
#8576=DIRECTION('ref_axis',(-5.2960341234788E-31,0.707106781186549,0.707106781186546));
#8577=DIRECTION('',(7.48972328421441E-31,-1.,-4.73316543132607E-30));
#8578=DIRECTION('center_axis',(2.36333995593611E-60,-4.73316543132607E-30,
1.));
#8579=DIRECTION('ref_axis',(0.70710678118654,0.707106781186555,3.34685337296845E-30));
#8580=DIRECTION('',(-2.36333995593611E-60,4.73316543132607E-30,-1.));
#8581=DIRECTION('center_axis',(1.14361425864753E-15,-0.515038074910053,
0.857167300702113));
#8582=DIRECTION('ref_axis',(1.90329374639059E-15,-0.857167300702113,-0.515038074910053));
#8583=DIRECTION('',(2.36333995593611E-60,-4.73316543132607E-30,1.));
#8584=DIRECTION('center_axis',(6.61303314497654E-31,-0.882947592858923,
0.469471562785897));
#8585=DIRECTION('ref_axis',(0.707106781186541,0.331966525620156,0.62433823034289));
#8586=DIRECTION('',(6.61303314497654E-31,-0.882947592858923,0.469471562785898));
#8587=DIRECTION('',(-6.61303314497654E-31,0.882947592858923,-0.469471562785898));
#8588=DIRECTION('center_axis',(7.26724649366304E-31,-0.970295726275994,
0.241921895599679));
#8589=DIRECTION('ref_axis',(1.8119280544342E-31,-0.241921895599679,-0.970295726275994));
#8590=DIRECTION('center_axis',(7.48972328421441E-31,-1.,-4.73316543132607E-30));
#8591=DIRECTION('ref_axis',(0.707106781186541,-2.81724996062057E-30,0.707106781186554));
#8592=DIRECTION('',(7.48972328421441E-31,-1.,-4.73316543132607E-30));
#8593=DIRECTION('',(-7.48972328421441E-31,1.,4.73316543132607E-30));
#8594=DIRECTION('center_axis',(5.29603412347878E-31,-0.707106781186546,
0.707106781186549));
#8595=DIRECTION('ref_axis',(-5.2960341234788E-31,0.707106781186549,0.707106781186546));
#8596=DIRECTION('center_axis',(2.36333995593611E-60,-4.73316543132607E-30,
1.));
#8597=DIRECTION('ref_axis',(0.70710678118654,0.707106781186555,3.34685337296845E-30));
#8598=DIRECTION('',(2.36333995593611E-60,-4.73316543132607E-30,1.));
#8599=DIRECTION('',(-2.36333995593611E-60,4.73316543132607E-30,-1.));
#8600=DIRECTION('center_axis',(1.57009245868379E-15,0.707106781186546,0.707106781186549));
#8601=DIRECTION('ref_axis',(1.5700924586838E-15,0.707106781186549,-0.707106781186546));
#8602=DIRECTION('center_axis',(-7.48972328421441E-31,1.,4.73316543132607E-30));
#8603=DIRECTION('ref_axis',(0.707106781186541,3.87645678531632E-30,-0.707106781186554));
#8604=DIRECTION('',(-7.48972328421441E-31,1.,4.73316543132607E-30));
#8605=DIRECTION('',(7.48972328421441E-31,-1.,-4.73316543132607E-30));
#8606=DIRECTION('center_axis',(-3.51621209507406E-31,0.469471562785897,
0.882947592858923));
#8607=DIRECTION('ref_axis',(6.61303314497654E-31,-0.882947592858923,0.469471562785898));
#8608=DIRECTION('',(1.,7.48972328421441E-31,1.18166997796805E-60));
#8609=DIRECTION('',(-1.,-7.48972328421441E-31,-1.18166997796805E-60));
#8610=DIRECTION('center_axis',(2.36333995593611E-60,-4.73316543132607E-30,
1.));
#8611=DIRECTION('ref_axis',(7.48972328421441E-31,-1.,-4.73316543132607E-30));
#8612=DIRECTION('',(1.,7.48972328421441E-31,1.18166997796805E-60));
#8613=DIRECTION('center_axis',(-7.48972328421441E-31,1.,4.73316543132607E-30));
#8614=DIRECTION('ref_axis',(2.36333995593611E-60,-4.73316543132607E-30,
1.));
#8615=DIRECTION('',(1.,7.48972328421441E-31,1.18166997796805E-60));
#8616=DIRECTION('',(1.,7.48972328421441E-31,1.18166997796805E-60));
#8617=DIRECTION('center_axis',(-2.36333995593611E-60,4.73316543132607E-30,
-1.));
#8618=DIRECTION('ref_axis',(-7.48972328421441E-31,1.,4.73316543132607E-30));
#8619=DIRECTION('',(1.,7.48972328421441E-31,1.18166997796805E-60));
#8620=DIRECTION('',(-7.48972328421441E-31,1.,4.73316543132607E-30));
#8621=DIRECTION('center_axis',(7.48972328421441E-31,-1.,-4.73316543132607E-30));
#8622=DIRECTION('ref_axis',(-2.36333995593611E-60,4.73316543132607E-30,
-1.));
#8623=DIRECTION('',(1.,7.48972328421441E-31,1.18166997796805E-60));
#8624=DIRECTION('',(1.,7.48972328421441E-31,1.18166997796805E-60));
#8625=DIRECTION('center_axis',(1.,7.48972328421441E-31,1.18166997796805E-60));
#8626=DIRECTION('ref_axis',(-2.36333995593611E-60,4.73316543132607E-30,
-1.));
#8627=DIRECTION('center_axis',(0.707106781186546,3.8764567853163E-30,-0.707106781186549));
#8628=DIRECTION('ref_axis',(-0.707106781186549,2.81724996062053E-30,-0.707106781186546));
#8629=DIRECTION('',(-7.48972328421441E-31,1.,4.73316543132607E-30));
#8630=DIRECTION('',(0.577350269189627,-0.577350269189626,0.577350269189624));
#8631=DIRECTION('',(7.48972328421441E-31,-1.,-4.73316543132607E-30));
#8632=DIRECTION('',(0.577350269189627,0.577350269189627,0.577350269189624));
#8633=DIRECTION('center_axis',(0.707106781186546,-2.81724996062054E-30,
0.707106781186549));
#8634=DIRECTION('ref_axis',(0.707106781186549,3.87645678531629E-30,-0.707106781186546));
#8635=DIRECTION('',(7.48972328421441E-31,-1.,-4.73316543132607E-30));
#8636=DIRECTION('',(0.577350269189627,0.577350269189627,-0.577350269189624));
#8637=DIRECTION('',(-7.48972328421441E-31,1.,4.73316543132607E-30));
#8638=DIRECTION('',(-0.577350269189627,0.577350269189626,0.577350269189624));
#8639=DIRECTION('center_axis',(0.707106781186548,-0.707106781186548,-3.34685337296842E-30));
#8640=DIRECTION('ref_axis',(-2.36333995593611E-60,4.73316543132607E-30,
-1.));
#8641=DIRECTION('',(2.36333995593611E-60,-4.73316543132607E-30,1.));
#8642=DIRECTION('',(-2.36333995593611E-60,4.73316543132607E-30,-1.));
#8643=DIRECTION('center_axis',(0.707106781186547,0.707106781186548,3.34685337296842E-30));
#8644=DIRECTION('ref_axis',(-2.36333995593611E-60,4.73316543132607E-30,
-1.));
#8645=DIRECTION('',(2.36333995593611E-60,-4.73316543132607E-30,1.));
#8646=DIRECTION('',(-2.36333995593611E-60,4.73316543132607E-30,-1.));
#8647=DIRECTION('center_axis',(7.48972328421441E-31,-1.,-4.73316543132607E-30));
#8648=DIRECTION('ref_axis',(2.36333995593611E-60,-4.73316543132607E-30,
1.));
#8649=DIRECTION('',(-1.,-7.48972328421441E-31,-1.18166997796805E-60));
#8650=DIRECTION('',(-1.,-7.48972328421441E-31,-1.18166997796805E-60));
#8651=DIRECTION('',(-2.36333995593611E-60,4.73316543132607E-30,-1.));
#8652=DIRECTION('',(-1.,-7.48972328421441E-31,-1.18166997796805E-60));
#8653=DIRECTION('center_axis',(2.36333995593611E-60,-4.73316543132607E-30,
1.));
#8654=DIRECTION('ref_axis',(-7.48972328421441E-31,1.,4.73316543132607E-30));
#8655=DIRECTION('',(-1.,-7.48972328421441E-31,-1.18166997796805E-60));
#8656=DIRECTION('center_axis',(1.,7.48972328421441E-31,1.18166997796805E-60));
#8657=DIRECTION('ref_axis',(-2.36333995593611E-60,4.73316543132607E-30,
-1.));
#8658=DIRECTION('center_axis',(0.707106781186546,3.8764567853163E-30,-0.707106781186549));
#8659=DIRECTION('ref_axis',(-0.707106781186549,2.81724996062053E-30,-0.707106781186546));
#8660=DIRECTION('',(-7.48972328421441E-31,1.,4.73316543132607E-30));
#8661=DIRECTION('',(0.577350269189627,-0.577350269189627,0.577350269189624));
#8662=DIRECTION('',(7.48972328421441E-31,-1.,-4.73316543132607E-30));
#8663=DIRECTION('',(0.577350269189628,0.577350269189625,0.577350269189625));
#8664=DIRECTION('center_axis',(0.707106781186546,-2.81724996062054E-30,
0.707106781186549));
#8665=DIRECTION('ref_axis',(0.707106781186549,3.87645678531629E-30,-0.707106781186546));
#8666=DIRECTION('',(7.48972328421441E-31,-1.,-4.73316543132607E-30));
#8667=DIRECTION('',(0.577350269189628,0.577350269189625,-0.577350269189625));
#8668=DIRECTION('',(-7.48972328421441E-31,1.,4.73316543132607E-30));
#8669=DIRECTION('',(-0.577350269189627,0.577350269189627,0.577350269189624));
#8670=DIRECTION('center_axis',(0.707106781186546,-0.707106781186549,7.30275562178497E-16));
#8671=DIRECTION('ref_axis',(1.03276560430247E-15,4.73316543132607E-30,-1.));
#8672=DIRECTION('',(-7.73512859367995E-46,1.03276560430246E-15,1.));
#8673=DIRECTION('',(7.73512859367995E-46,-1.03276560430246E-15,-1.));
#8674=DIRECTION('center_axis',(0.707106781186548,0.707106781186548,3.34685337296842E-30));
#8675=DIRECTION('ref_axis',(-2.36333995593611E-60,4.73316543132607E-30,
-1.));
#8676=DIRECTION('',(2.36333995593611E-60,-4.73316543132607E-30,1.));
#8677=DIRECTION('',(-2.36333995593611E-60,4.73316543132607E-30,-1.));
#8678=DIRECTION('center_axis',(7.48972328421441E-31,-1.,1.03276560430246E-15));
#8679=DIRECTION('ref_axis',(-7.73512859367995E-46,1.03276560430246E-15,
1.));
#8680=DIRECTION('',(-1.,-7.48972328421441E-31,-1.18166997796805E-60));
#8681=DIRECTION('',(-1.,-7.48972328421441E-31,-1.18166997796805E-60));
#8682=DIRECTION('',(-2.36333995593611E-60,4.73316543132607E-30,-1.));
#8683=DIRECTION('',(-1.,-7.48972328421441E-31,-1.18166997796805E-60));
#8684=DIRECTION('center_axis',(2.36333995593611E-60,-4.73316543132607E-30,
1.));
#8685=DIRECTION('ref_axis',(-7.48972328421441E-31,1.,4.73316543132607E-30));
#8686=DIRECTION('',(-1.,-7.48972328421441E-31,-1.18166997796805E-60));
#8687=DIRECTION('center_axis',(1.,7.48972328421441E-31,1.18166997796805E-60));
#8688=DIRECTION('ref_axis',(-2.36333995593611E-60,4.73316543132607E-30,
-1.));
#8689=DIRECTION('center_axis',(1.,7.48972328421441E-31,1.18166997796805E-60));
#8690=DIRECTION('ref_axis',(-2.36333995593611E-60,4.73316543132607E-30,
-1.));
#8691=DIRECTION('center_axis',(2.36333995593611E-60,-4.73316543132607E-30,
1.));
#8692=DIRECTION('ref_axis',(-7.48972328421441E-31,1.,4.73316543132607E-30));
#8693=DIRECTION('',(-1.,-7.48972328421441E-31,-1.18166997796805E-60));
#8694=DIRECTION('',(7.48972328421441E-31,-1.,-4.73316543132607E-30));
#8695=DIRECTION('center_axis',(-2.02811419256184E-46,2.70786264805853E-16,
-1.));
#8696=DIRECTION('ref_axis',(7.48972328421441E-31,-1.,-2.70786264805853E-16));
#8697=DIRECTION('',(-7.48972328421441E-31,1.,2.70786264805853E-16));
#8698=DIRECTION('',(-1.,-7.48972328421441E-31,-1.18166997796805E-60));
#8699=DIRECTION('center_axis',(2.36333995593611E-60,-4.73316543132607E-30,
1.));
#8700=DIRECTION('ref_axis',(-7.48972328421441E-31,1.,4.73316543132607E-30));
#8701=DIRECTION('',(7.48972328421441E-31,-1.,-4.73316543132607E-30));
#8702=DIRECTION('center_axis',(1.,7.48972328421441E-31,1.18166997796805E-60));
#8703=DIRECTION('ref_axis',(-2.36333995593611E-60,4.73316543132607E-30,
-1.));
#8704=DIRECTION('',(-7.48972328421441E-31,1.,4.73316543132607E-30));
#8705=DIRECTION('',(-2.36333995593611E-60,4.73316543132607E-30,-1.));
#8706=DIRECTION('',(-7.48972328421441E-31,1.,4.73316543132607E-30));
#8707=DIRECTION('',(-2.36333995593611E-60,4.73316543132607E-30,-1.));
#8708=DIRECTION('center_axis',(2.36333995593611E-60,-4.73316543132607E-30,
1.));
#8709=DIRECTION('ref_axis',(7.48972328421441E-31,-1.,-4.73316543132607E-30));
#8710=DIRECTION('',(1.,7.48972328421441E-31,1.18166997796805E-60));
#8711=DIRECTION('center_axis',(3.51621447963376E-31,-0.46947188116344,0.882947423574508));
#8712=DIRECTION('ref_axis',(6.61303187708311E-31,-0.882947423574508,-0.46947188116344));
#8713=DIRECTION('',(1.,7.48972328421441E-31,1.18166997796805E-60));
#8714=DIRECTION('center_axis',(7.48972328421441E-31,-1.,-4.73316543132607E-30));
#8715=DIRECTION('ref_axis',(-2.36333995593611E-60,4.73316543132607E-30,
-1.));
#8716=DIRECTION('',(1.,7.48972328421441E-31,1.18166997796805E-60));
#8717=DIRECTION('center_axis',(2.36333995593611E-60,-4.73316543132607E-30,
1.));
#8718=DIRECTION('ref_axis',(7.48972328421441E-31,-1.,-4.73316543132607E-30));
#8719=DIRECTION('',(1.,7.48972328421441E-31,1.18166997796805E-60));
#8720=DIRECTION('center_axis',(-7.48972328421441E-31,1.,4.73316543132607E-30));
#8721=DIRECTION('ref_axis',(2.36333995593611E-60,-4.73316543132607E-30,
1.));
#8722=DIRECTION('center_axis',(-2.36333995593611E-60,4.73316543132607E-30,
-1.));
#8723=DIRECTION('ref_axis',(7.48972328421441E-31,-1.,-4.73316543132607E-30));
#8724=DIRECTION('',(-1.,-7.48972328421441E-31,-1.18166997796805E-60));
#8725=DIRECTION('center_axis',(-7.48972328421441E-31,1.,4.73316543132607E-30));
#8726=DIRECTION('ref_axis',(-2.36333995593611E-60,4.73316543132607E-30,
-1.));
#8727=DIRECTION('center_axis',(-2.36333995593611E-60,4.73316543132607E-30,
-1.));
#8728=DIRECTION('ref_axis',(7.48972328421441E-31,-1.,-4.73316543132607E-30));
#8729=DIRECTION('',(-1.,-7.48972328421441E-31,-1.18166997796805E-60));
#8730=DIRECTION('center_axis',(-7.48972328421441E-31,1.,4.73316543132607E-30));
#8731=DIRECTION('ref_axis',(-2.36333995593611E-60,4.73316543132607E-30,
-1.));
#8732=DIRECTION('axis',(0.,0.,1.));
#8733=DIRECTION('refdir',(1.,0.,0.));
#8734=DIRECTION('center_axis',(1.,0.,0.));
#8735=DIRECTION('ref_axis',(0.,0.,-1.));
#8736=DIRECTION('center_axis',(1.,0.,0.));
#8737=DIRECTION('ref_axis',(0.,0.,-1.));
#8738=DIRECTION('',(-0.707106781186547,8.65956056235493E-17,-0.707106781186547));
#8739=DIRECTION('center_axis',(-1.,0.,0.));
#8740=DIRECTION('ref_axis',(0.,0.,-1.));
#8741=DIRECTION('center_axis',(1.,0.,0.));
#8742=DIRECTION('ref_axis',(0.,0.,-1.));
#8743=DIRECTION('center_axis',(-1.,0.,0.));
#8744=DIRECTION('ref_axis',(0.,0.,-1.));
#8745=DIRECTION('',(1.,0.,0.));
#8746=DIRECTION('center_axis',(1.,0.,0.));
#8747=DIRECTION('ref_axis',(0.,0.,-1.));
#8748=DIRECTION('',(0.,1.,0.));
#8749=DIRECTION('',(0.,1.03276560430247E-15,1.));
#8750=DIRECTION('',(0.,-1.,0.));
#8751=DIRECTION('',(0.,0.,-1.));
#8752=DIRECTION('',(0.,1.,0.));
#8753=DIRECTION('',(0.,0.882947592858923,-0.469471562785898));
#8754=DIRECTION('',(0.,0.,1.));
#8755=DIRECTION('',(0.,-1.,0.));
#8756=DIRECTION('',(0.,0.,-1.));
#8757=DIRECTION('',(0.,-0.882947423574508,-0.46947188116344));
#8758=DIRECTION('',(0.,1.,0.));
#8759=DIRECTION('',(0.,0.,1.));
#8760=DIRECTION('',(0.,-1.,0.));
#8761=DIRECTION('',(0.,0.,-1.));
#8762=DIRECTION('',(0.,1.,0.));
#8763=DIRECTION('',(0.,0.,1.));
#8764=DIRECTION('',(0.,1.,2.70786264805849E-16));
#8765=DIRECTION('',(0.,0.,-1.));
#8766=DIRECTION('center_axis',(0.,0.,1.));
#8767=DIRECTION('ref_axis',(-0.707106781186546,-0.707106781186549,0.));
#8768=DIRECTION('',(0.,0.,-1.));
#8769=DIRECTION('center_axis',(-3.92523114670944E-16,-0.707106781186546,
0.707106781186549));
#8770=DIRECTION('ref_axis',(-3.92523114670946E-16,-0.707106781186549,-0.707106781186546));
#8771=DIRECTION('',(0.,0.,1.));
#8772=DIRECTION('center_axis',(0.,0.707106781186546,0.707106781186549));
#8773=DIRECTION('ref_axis',(0.,-0.707106781186549,0.707106781186546));
#8774=DIRECTION('center_axis',(0.,-1.,0.));
#8775=DIRECTION('ref_axis',(-0.707106781186548,0.,-0.707106781186548));
#8776=DIRECTION('',(0.,1.,0.));
#8777=DIRECTION('center_axis',(0.,-0.707106781186546,-0.707106781186549));
#8778=DIRECTION('ref_axis',(0.,0.707106781186549,-0.707106781186546));
#8779=DIRECTION('',(0.,-1.,0.));
#8780=DIRECTION('center_axis',(0.,0.,-1.));
#8781=DIRECTION('ref_axis',(-0.707106781186546,0.707106781186549,0.));
#8782=DIRECTION('',(0.,0.,1.));
#8783=DIRECTION('center_axis',(0.,0.707106781186546,-0.707106781186549));
#8784=DIRECTION('ref_axis',(0.,0.707106781186549,0.707106781186546));
#8785=DIRECTION('',(0.,0.,-1.));
#8786=DIRECTION('center_axis',(0.,1.,0.));
#8787=DIRECTION('ref_axis',(-0.707106781186548,0.,0.707106781186548));
#8788=DIRECTION('',(0.,-1.,0.));
#8789=DIRECTION('center_axis',(0.,0.970295726275996,-0.241921895599669));
#8790=DIRECTION('ref_axis',(0.,-0.241921895599669,-0.970295726275996));
#8791=DIRECTION('',(0.,1.,0.));
#8792=DIRECTION('center_axis',(0.,0.882947592858923,-0.469471562785897));
#8793=DIRECTION('ref_axis',(-0.707106781186546,0.331966525620156,0.624338230342884));
#8794=DIRECTION('',(0.,-0.882947592858923,0.469471562785898));
#8795=DIRECTION('center_axis',(0.,0.515038074910047,-0.857167300702116));
#8796=DIRECTION('ref_axis',(0.,-0.857167300702116,-0.515038074910047));
#8797=DIRECTION('',(0.,0.882947592858923,-0.469471562785898));
#8798=DIRECTION('center_axis',(0.,0.,-1.));
#8799=DIRECTION('ref_axis',(-0.707106781186546,0.707106781186549,0.));
#8800=DIRECTION('',(0.,0.,1.));
#8801=DIRECTION('center_axis',(0.,0.707106781186546,-0.707106781186549));
#8802=DIRECTION('ref_axis',(0.,0.707106781186549,0.707106781186546));
#8803=DIRECTION('',(0.,0.,-1.));
#8804=DIRECTION('center_axis',(0.,1.,0.));
#8805=DIRECTION('ref_axis',(-0.707106781186548,0.,0.707106781186548));
#8806=DIRECTION('',(0.,1.,0.));
#8807=DIRECTION('',(0.,-1.,0.));
#8808=DIRECTION('center_axis',(0.,0.707106781186546,0.707106781186549));
#8809=DIRECTION('ref_axis',(0.,-0.707106781186549,0.707106781186546));
#8810=DIRECTION('center_axis',(0.,0.,1.));
#8811=DIRECTION('ref_axis',(-0.707106781186546,-0.707106781186549,0.));
#8812=DIRECTION('',(0.,0.,1.));
#8813=DIRECTION('',(0.,0.,-1.));
#8814=DIRECTION('center_axis',(-2.85903478874499E-16,0.515037920369248,
0.857167393559578));
#8815=DIRECTION('ref_axis',(-4.7582348814389E-16,0.857167393559578,-0.515037920369247));
#8816=DIRECTION('center_axis',(0.,0.882947423574508,0.46947188116344));
#8817=DIRECTION('ref_axis',(-0.70710678118655,-0.331966750747075,0.624338110640722));
#8818=DIRECTION('',(0.,0.882947423574508,0.46947188116344));
#8819=DIRECTION('',(0.,-0.882947423574508,-0.46947188116344));
#8820=DIRECTION('center_axis',(0.,0.970295682659287,0.241922070536666));
#8821=DIRECTION('ref_axis',(0.,0.241922070536666,-0.970295682659287));
#8822=DIRECTION('center_axis',(0.,1.,0.));
#8823=DIRECTION('ref_axis',(-0.707106781186548,0.,0.707106781186548));
#8824=DIRECTION('',(0.,1.,0.));
#8825=DIRECTION('',(0.,-1.,0.));
#8826=DIRECTION('center_axis',(0.,0.,1.));
#8827=DIRECTION('ref_axis',(0.,1.,0.));
#8828=DIRECTION('',(-1.,0.,0.));
#8829=DIRECTION('',(-1.,0.,0.));
#8830=DIRECTION('center_axis',(0.,-1.,0.));
#8831=DIRECTION('ref_axis',(0.,0.,1.));
#8832=DIRECTION('',(-1.,0.,0.));
#8833=DIRECTION('center_axis',(0.,-0.46947188116344,0.882947423574508));
#8834=DIRECTION('ref_axis',(0.,0.882947423574508,0.46947188116344));
#8835=DIRECTION('',(-1.,0.,0.));
#8836=DIRECTION('center_axis',(0.,0.,1.));
#8837=DIRECTION('ref_axis',(0.,1.,0.));
#8838=DIRECTION('',(-1.,0.,0.));
#8839=DIRECTION('center_axis',(0.,-1.,0.));
#8840=DIRECTION('ref_axis',(0.,0.,1.));
#8841=DIRECTION('',(-1.,0.,0.));
#8842=DIRECTION('',(-1.,0.,0.));
#8843=DIRECTION('center_axis',(-1.,0.,0.));
#8844=DIRECTION('ref_axis',(0.,0.,1.));
#8845=DIRECTION('center_axis',(-0.707106811982879,-0.707106750390215,0.));
#8846=DIRECTION('ref_axis',(0.,0.,1.));
#8847=DIRECTION('',(0.,0.,1.));
#8848=DIRECTION('',(-0.577350235662826,0.577350285953025,-0.577350285953025));
#8849=DIRECTION('',(0.,0.,-1.));
#8850=DIRECTION('',(0.577350235662827,-0.577350285953023,-0.577350285953026));
#8851=DIRECTION('center_axis',(-0.707106781186543,6.15926626305697E-8,0.707106781186549));
#8852=DIRECTION('ref_axis',(0.70710678118655,0.,0.707106781186545));
#8853=DIRECTION('',(-8.71051788348224E-8,-0.999999999999996,0.));
#8854=DIRECTION('',(8.71051788348224E-8,0.999999999999996,0.));
#8855=DIRECTION('',(0.577350302716425,0.577350252426224,0.577350252426227));
#8856=DIRECTION('center_axis',(-0.707106781186543,6.15926626305697E-8,-0.707106781186549));
#8857=DIRECTION('ref_axis',(-0.70710678118655,0.,0.707106781186545));
#8858=DIRECTION('',(-8.71051788348224E-8,-0.999999999999996,0.));
#8859=DIRECTION('',(8.71051788348224E-8,0.999999999999996,0.));
#8860=DIRECTION('',(0.577350302716425,0.577350252426224,-0.577350252426227));
#8861=DIRECTION('center_axis',(-0.707106750390215,0.707106811982879,0.));
#8862=DIRECTION('ref_axis',(0.,0.,1.));
#8863=DIRECTION('',(0.,0.,-1.));
#8864=DIRECTION('',(0.,0.,1.));
#8865=DIRECTION('center_axis',(0.,0.,1.));
#8866=DIRECTION('ref_axis',(0.,1.,0.));
#8867=DIRECTION('',(-1.,0.,0.));
#8868=DIRECTION('',(-1.,0.,0.));
#8869=DIRECTION('center_axis',(0.,-1.,0.));
#8870=DIRECTION('ref_axis',(0.,0.,1.));
#8871=DIRECTION('',(-1.,0.,0.));
#8872=DIRECTION('',(0.,0.,1.));
#8873=DIRECTION('',(-1.,0.,0.));
#8874=DIRECTION('center_axis',(-0.999999999999996,8.71051788348224E-8,0.));
#8875=DIRECTION('ref_axis',(0.,0.,1.));
#8876=DIRECTION('center_axis',(-0.707106811982877,-0.707106750390217,7.30275593983894E-16));
#8877=DIRECTION('ref_axis',(1.03276560430248E-15,0.,1.));
#8878=DIRECTION('',(8.99592326572204E-23,1.03276560430247E-15,1.));
#8879=DIRECTION('',(-0.577350235662827,0.577350285953023,-0.577350285953026));
#8880=DIRECTION('',(-8.99592326572204E-23,-1.03276560430247E-15,-1.));
#8881=DIRECTION('',(0.577350235662827,-0.577350285953023,-0.577350285953026));
#8882=DIRECTION('center_axis',(-0.707106781186543,6.15926626305697E-8,0.707106781186549));
#8883=DIRECTION('ref_axis',(0.70710678118655,0.,0.707106781186545));
#8884=DIRECTION('',(-8.71051788348224E-8,-0.999999999999996,0.));
#8885=DIRECTION('',(8.71051788348224E-8,0.999999999999996,0.));
#8886=DIRECTION('',(0.577350302716427,0.577350252426223,0.577350252426226));
#8887=DIRECTION('center_axis',(-0.707106781186543,6.15926626305697E-8,-0.707106781186549));
#8888=DIRECTION('ref_axis',(-0.70710678118655,0.,0.707106781186545));
#8889=DIRECTION('',(-8.71051788348224E-8,-0.999999999999996,0.));
#8890=DIRECTION('',(8.71051788348224E-8,0.999999999999996,0.));
#8891=DIRECTION('',(0.577350302716426,0.577350252426225,-0.577350252426225));
#8892=DIRECTION('center_axis',(-0.707106750390215,0.707106811982879,0.));
#8893=DIRECTION('ref_axis',(0.,0.,1.));
#8894=DIRECTION('',(0.,0.,-1.));
#8895=DIRECTION('',(0.,0.,1.));
#8896=DIRECTION('center_axis',(0.,0.,1.));
#8897=DIRECTION('ref_axis',(0.,1.,0.));
#8898=DIRECTION('',(-1.,0.,0.));
#8899=DIRECTION('',(-1.,0.,0.));
#8900=DIRECTION('center_axis',(0.,-1.,1.03276560430247E-15));
#8901=DIRECTION('ref_axis',(0.,1.03276560430247E-15,1.));
#8902=DIRECTION('',(-1.,0.,0.));
#8903=DIRECTION('',(0.,0.,1.));
#8904=DIRECTION('',(-1.,0.,0.));
#8905=DIRECTION('center_axis',(-0.999999999999996,8.71051788348224E-8,0.));
#8906=DIRECTION('ref_axis',(0.,0.,1.));
#8907=DIRECTION('center_axis',(1.,0.,0.));
#8908=DIRECTION('ref_axis',(0.,0.,-1.));
#8909=DIRECTION('center_axis',(0.,0.,1.));
#8910=DIRECTION('ref_axis',(0.,1.,0.));
#8911=DIRECTION('',(-1.,0.,0.));
#8912=DIRECTION('',(0.,1.,0.));
#8913=DIRECTION('center_axis',(0.,2.70786264805849E-16,-1.));
#8914=DIRECTION('ref_axis',(0.,-1.,-2.70786264805849E-16));
#8915=DIRECTION('',(0.,-1.,-2.70786264805849E-16));
#8916=DIRECTION('',(-1.,0.,0.));
#8917=DIRECTION('center_axis',(0.,0.,1.));
#8918=DIRECTION('ref_axis',(0.,1.,0.));
#8919=DIRECTION('',(0.,1.,0.));
#8920=DIRECTION('',(-1.,0.,0.));
#8921=DIRECTION('center_axis',(-1.,0.,0.));
#8922=DIRECTION('ref_axis',(0.,0.,1.));
#8923=DIRECTION('',(0.,-1.,0.));
#8924=DIRECTION('',(0.,0.,-1.));
#8925=DIRECTION('',(0.,-1.,0.));
#8926=DIRECTION('',(0.,-1.,0.));
#8927=DIRECTION('',(0.,0.,-1.));
#8928=DIRECTION('center_axis',(0.,0.,-1.));
#8929=DIRECTION('ref_axis',(0.,-1.,0.));
#8930=DIRECTION('',(-1.,0.,0.));
#8931=DIRECTION('center_axis',(0.,1.,0.));
#8932=DIRECTION('ref_axis',(0.,0.,-1.));
#8933=DIRECTION('',(-1.,0.,0.));
#8934=DIRECTION('center_axis',(0.,0.,1.));
#8935=DIRECTION('ref_axis',(0.,1.,0.));
#8936=DIRECTION('',(-1.,0.,0.));
#8937=DIRECTION('center_axis',(0.,0.469471562785897,0.882947592858923));
#8938=DIRECTION('ref_axis',(0.,0.882947592858923,-0.469471562785898));
#8939=DIRECTION('',(-1.,0.,0.));
#8940=DIRECTION('center_axis',(0.,1.,0.));
#8941=DIRECTION('ref_axis',(0.,0.,-1.));
#8942=DIRECTION('center_axis',(0.,1.,0.));
#8943=DIRECTION('ref_axis',(0.,0.,-1.));
#8944=DIRECTION('',(-1.,0.,0.));
#8945=DIRECTION('center_axis',(0.,0.,-1.));
#8946=DIRECTION('ref_axis',(0.,-1.,0.));
#8947=DIRECTION('center_axis',(0.,0.,-1.));
#8948=DIRECTION('ref_axis',(0.,-1.,0.));
#8949=DIRECTION('',(-1.,0.,0.));
#8950=DIRECTION('center_axis',(0.,1.,0.));
#8951=DIRECTION('ref_axis',(0.,0.,-1.));
#8952=DIRECTION('center_axis',(0.,0.,-1.));
#8953=DIRECTION('ref_axis',(1.,0.,0.));
#8954=DIRECTION('center_axis',(0.,0.,-1.));
#8955=DIRECTION('ref_axis',(1.,0.,0.));
#8956=DIRECTION('',(0.,0.,-1.));
#8957=DIRECTION('center_axis',(0.,0.,-1.));
#8958=DIRECTION('ref_axis',(1.,0.,0.));
#8959=DIRECTION('center_axis',(0.,0.,1.));
#8960=DIRECTION('ref_axis',(1.,0.,0.));
#8961=DIRECTION('center_axis',(0.,0.,1.));
#8962=DIRECTION('ref_axis',(1.,0.,0.));
#8963=DIRECTION('center_axis',(0.,0.,-1.));
#8964=DIRECTION('ref_axis',(1.,0.,0.));
#8965=DIRECTION('center_axis',(0.,0.,-1.));
#8966=DIRECTION('ref_axis',(1.,0.,0.));
#8967=DIRECTION('',(0.,0.,-1.));
#8968=DIRECTION('center_axis',(0.,0.,-1.));
#8969=DIRECTION('ref_axis',(1.,0.,0.));
#8970=DIRECTION('center_axis',(0.,0.,1.));
#8971=DIRECTION('ref_axis',(1.,0.,0.));
#8972=DIRECTION('center_axis',(0.,0.,1.));
#8973=DIRECTION('ref_axis',(1.,0.,0.));
#8974=DIRECTION('center_axis',(0.,0.,-1.));
#8975=DIRECTION('ref_axis',(1.,0.,0.));
#8976=DIRECTION('',(0.,0.,-1.));
#8977=DIRECTION('center_axis',(0.,0.,1.));
#8978=DIRECTION('ref_axis',(1.,0.,0.));
#8979=DIRECTION('center_axis',(0.,0.,-1.));
#8980=DIRECTION('ref_axis',(1.,0.,0.));
#8981=DIRECTION('',(0.,0.,-1.));
#8982=DIRECTION('center_axis',(0.,0.,1.));
#8983=DIRECTION('ref_axis',(1.,0.,0.));
#8984=DIRECTION('center_axis',(0.,0.,1.));
#8985=DIRECTION('ref_axis',(9.06752885508371E-18,1.,0.));
#8986=DIRECTION('',(0.,1.,0.));
#8987=DIRECTION('',(-1.,1.8182427066754E-16,0.));
#8988=DIRECTION('',(-9.06752885508371E-18,-1.,0.));
#8989=DIRECTION('',(-1.,1.8182427066754E-16,0.));
#8990=DIRECTION('center_axis',(-1.8182427066754E-16,-1.,-1.71475324125992E-33));
#8991=DIRECTION('ref_axis',(-9.43082700106244E-18,0.,1.));
#8992=DIRECTION('',(0.,-1.71475324125992E-33,1.));
#8993=DIRECTION('',(-1.,1.8182427066754E-16,0.));
#8994=DIRECTION('',(9.43082700106244E-18,0.,-1.));
#8995=DIRECTION('center_axis',(0.,0.,-1.));
#8996=DIRECTION('ref_axis',(-1.78353466198526E-16,-1.,0.));
#8997=DIRECTION('',(0.,-1.,0.));
#8998=DIRECTION('',(-1.,1.8182427066754E-16,0.));
#8999=DIRECTION('',(1.78353466198526E-16,1.,0.));
#9000=DIRECTION('center_axis',(1.8182427066754E-16,1.,5.32545142098844E-32));
#9001=DIRECTION('ref_axis',(2.9289001965672E-16,0.,-1.));
#9002=DIRECTION('',(0.,5.32545142098844E-32,-1.));
#9003=DIRECTION('',(-2.9289001965672E-16,0.,1.));
#9004=DIRECTION('center_axis',(-1.,1.78353466198526E-16,0.));
#9005=DIRECTION('ref_axis',(0.,0.,1.));
#9006=DIRECTION('center_axis',(1.,0.,0.));
#9007=DIRECTION('ref_axis',(0.,0.,-1.));
#9008=DIRECTION('center_axis',(0.,0.,-1.));
#9009=DIRECTION('ref_axis',(1.,0.,0.));
#9010=DIRECTION('center_axis',(0.,0.,-1.));
#9011=DIRECTION('ref_axis',(1.,0.,0.));
#9012=DIRECTION('',(0.,0.,-1.));
#9013=DIRECTION('center_axis',(0.,0.,-1.));
#9014=DIRECTION('ref_axis',(1.,0.,0.));
#9015=DIRECTION('center_axis',(0.,0.,1.));
#9016=DIRECTION('ref_axis',(1.,0.,0.));
#9017=DIRECTION('center_axis',(0.,0.,1.));
#9018=DIRECTION('ref_axis',(1.,0.,0.));
#9019=DIRECTION('center_axis',(0.,0.,-1.));
#9020=DIRECTION('ref_axis',(1.,0.,0.));
#9021=DIRECTION('center_axis',(0.,0.,-1.));
#9022=DIRECTION('ref_axis',(1.,0.,0.));
#9023=DIRECTION('',(0.,0.,-1.));
#9024=DIRECTION('center_axis',(0.,0.,-1.));
#9025=DIRECTION('ref_axis',(1.,0.,0.));
#9026=DIRECTION('center_axis',(0.,0.,1.));
#9027=DIRECTION('ref_axis',(1.,0.,0.));
#9028=DIRECTION('center_axis',(0.,0.,1.));
#9029=DIRECTION('ref_axis',(1.,0.,0.));
#9030=DIRECTION('center_axis',(0.,0.,-1.));
#9031=DIRECTION('ref_axis',(1.,0.,0.));
#9032=DIRECTION('',(0.,0.,-1.));
#9033=DIRECTION('center_axis',(0.,0.,1.));
#9034=DIRECTION('ref_axis',(1.,0.,0.));
#9035=DIRECTION('center_axis',(0.,0.,-1.));
#9036=DIRECTION('ref_axis',(1.,0.,0.));
#9037=DIRECTION('',(0.,0.,-1.));
#9038=DIRECTION('center_axis',(0.,0.,1.));
#9039=DIRECTION('ref_axis',(1.,0.,0.));
#9040=DIRECTION('center_axis',(0.,0.,-1.));
#9041=DIRECTION('ref_axis',(1.28647964093197E-20,-1.,0.));
#9042=DIRECTION('',(0.,-1.,0.));
#9043=DIRECTION('',(-1.,1.89729673740042E-16,0.));
#9044=DIRECTION('',(1.28647964093197E-20,-1.,0.));
#9045=DIRECTION('',(-1.,1.89729673740042E-16,0.));
#9046=DIRECTION('center_axis',(1.89729673740042E-16,1.,7.884131203713E-35));
#9047=DIRECTION('ref_axis',(4.15545499462327E-19,0.,-1.));
#9048=DIRECTION('',(0.,7.884131203713E-35,-1.));
#9049=DIRECTION('',(-1.,1.89729673740042E-16,0.));
#9050=DIRECTION('',(4.15545499462327E-19,0.,-1.));
#9051=DIRECTION('center_axis',(0.,0.,1.));
#9052=DIRECTION('ref_axis',(-2.61034568848703E-19,1.,0.));
#9053=DIRECTION('',(0.,1.,0.));
#9054=DIRECTION('',(-1.,1.89729673740042E-16,0.));
#9055=DIRECTION('',(-2.61034568848703E-19,1.,0.));
#9056=DIRECTION('center_axis',(-1.89729673740042E-16,-1.,0.));
#9057=DIRECTION('ref_axis',(0.,0.,1.));
#9058=DIRECTION('',(0.,0.,1.));
#9059=DIRECTION('',(0.,0.,1.));
#9060=DIRECTION('center_axis',(-1.,-2.61034568848703E-19,0.));
#9061=DIRECTION('ref_axis',(0.,0.,1.));
#9062=DIRECTION('center_axis',(1.,0.,0.));
#9063=DIRECTION('ref_axis',(0.,0.,-1.));
#9064=DIRECTION('',(0.,0.,1.));
#9065=DIRECTION('',(1.,-1.46564190131812E-16,0.));
#9066=DIRECTION('',(-2.28695726553747E-16,2.32873179917016E-15,0.999999999999993));
#9067=DIRECTION('',(1.,-1.09923142598882E-16,-4.18537072923368E-15));
#9068=DIRECTION('',(6.59979459294305E-16,2.70786264805856E-16,1.));
#9069=DIRECTION('',(0.999999999999999,-2.92212175169465E-15,2.21922834407199E-15));
#9070=DIRECTION('',(4.68169123193597E-14,-1.38508412587439E-16,1.));
#9071=DIRECTION('',(1.,-9.74381208019118E-15,-4.68169123193597E-14));
#9072=CARTESIAN_POINT('',(0.,0.,0.));
#9073=CARTESIAN_POINT('',(0.,0.,0.));
#9074=CARTESIAN_POINT('',(0.,0.,0.));
#9075=CARTESIAN_POINT('Ctrl Pts',(-12.,7.13372057798106,-76.0221068336301));
#9076=CARTESIAN_POINT('Ctrl Pts',(-12.,5.13372057798106,-76.0221068336301));
#9077=CARTESIAN_POINT('Ctrl Pts',(-12.,5.13372057798106,-74.0221068336301));
#9078=CARTESIAN_POINT('Ctrl Pts',(-12.,5.13372057798106,-72.0221068336301));
#9079=CARTESIAN_POINT('Ctrl Pts',(-12.,7.13372057798106,-72.0221068336301));
#9080=CARTESIAN_POINT('Ctrl Pts',(-12.,9.13372057798106,-72.0221068336301));
#9081=CARTESIAN_POINT('Ctrl Pts',(-12.,9.13372057798106,-74.0221068336301));
#9082=CARTESIAN_POINT('Ctrl Pts',(-12.,9.13372057798106,-76.0221068336301));
#9083=CARTESIAN_POINT('Ctrl Pts',(-12.,7.13372057798106,-76.0221068336301));
#9084=CARTESIAN_POINT('Ctrl Pts',(-13.,7.13372057798106,-76.0221068336301));
#9085=CARTESIAN_POINT('Ctrl Pts',(-13.,5.13372057798106,-76.0221068336301));
#9086=CARTESIAN_POINT('Ctrl Pts',(-13.,5.13372057798106,-74.0221068336301));
#9087=CARTESIAN_POINT('Ctrl Pts',(-13.,5.13372057798106,-72.0221068336301));
#9088=CARTESIAN_POINT('Ctrl Pts',(-13.,7.13372057798106,-72.0221068336301));
#9089=CARTESIAN_POINT('Ctrl Pts',(-13.,9.13372057798106,-72.0221068336301));
#9090=CARTESIAN_POINT('Ctrl Pts',(-13.,9.13372057798106,-74.0221068336301));
#9091=CARTESIAN_POINT('Ctrl Pts',(-13.,9.13372057798106,-76.0221068336301));
#9092=CARTESIAN_POINT('Ctrl Pts',(-13.,7.13372057798106,-76.0221068336301));
#9093=CARTESIAN_POINT('Ctrl Pts',(-13.,7.13372057798106,-75.0221068336301));
#9094=CARTESIAN_POINT('Ctrl Pts',(-13.,6.13372057798105,-75.0221068336301));
#9095=CARTESIAN_POINT('Ctrl Pts',(-13.,6.13372057798105,-74.0221068336301));
#9096=CARTESIAN_POINT('Ctrl Pts',(-13.,6.13372057798105,-73.0221068336301));
#9097=CARTESIAN_POINT('Ctrl Pts',(-13.,7.13372057798106,-73.0221068336301));
#9098=CARTESIAN_POINT('Ctrl Pts',(-13.,8.13372057798106,-73.0221068336301));
#9099=CARTESIAN_POINT('Ctrl Pts',(-13.,8.13372057798106,-74.0221068336301));
#9100=CARTESIAN_POINT('Ctrl Pts',(-13.,8.13372057798106,-75.0221068336301));
#9101=CARTESIAN_POINT('Ctrl Pts',(-13.,7.13372057798106,-75.0221068336301));
#9102=CARTESIAN_POINT('',(-13.,7.13372057798106,-75.0221068336301));
#9103=CARTESIAN_POINT('Origin',(-13.,7.13372057798106,-74.0221068336301));
#9104=CARTESIAN_POINT('',(-12.,7.13372057798106,-76.0221068336301));
#9105=CARTESIAN_POINT('Origin',(-12.,7.13372057798106,-75.0221068336301));
#9106=CARTESIAN_POINT('',(-12.,7.13372057798106,-72.0221068336301));
#9107=CARTESIAN_POINT('Origin',(-12.,7.13372057798106,-74.0221068336301));
#9108=CARTESIAN_POINT('Origin',(-12.,7.13372057798106,-74.0221068336301));
#9109=CARTESIAN_POINT('Origin',(0.,7.13372057798106,-74.0221068336301));
#9110=CARTESIAN_POINT('',(-10.6500000000228,7.13372057798106,-72.0221068336301));
#9111=CARTESIAN_POINT('',(0.,7.13372057798106,-72.0221068336301));
#9112=CARTESIAN_POINT('Origin',(-10.6500000000228,7.13372057798106,-74.0221068336301));
#9113=CARTESIAN_POINT('Origin',(-13.,7.13372057798106,-74.0221068336301));
#9114=CARTESIAN_POINT('Ctrl Pts',(12.,7.13372057798106,-72.0221068336301));
#9115=CARTESIAN_POINT('Ctrl Pts',(12.,5.13372057798106,-72.0221068336301));
#9116=CARTESIAN_POINT('Ctrl Pts',(12.,5.13372057798106,-74.0221068336301));
#9117=CARTESIAN_POINT('Ctrl Pts',(12.,5.13372057798106,-76.0221068336301));
#9118=CARTESIAN_POINT('Ctrl Pts',(12.,7.13372057798106,-76.0221068336301));
#9119=CARTESIAN_POINT('Ctrl Pts',(12.,9.13372057798106,-76.0221068336301));
#9120=CARTESIAN_POINT('Ctrl Pts',(12.,9.13372057798106,-74.0221068336301));
#9121=CARTESIAN_POINT('Ctrl Pts',(12.,9.13372057798106,-72.0221068336301));
#9122=CARTESIAN_POINT('Ctrl Pts',(12.,7.13372057798106,-72.0221068336301));
#9123=CARTESIAN_POINT('Ctrl Pts',(13.,7.13372057798106,-72.0221068336301));
#9124=CARTESIAN_POINT('Ctrl Pts',(13.,5.13372057798106,-72.0221068336301));
#9125=CARTESIAN_POINT('Ctrl Pts',(13.,5.13372057798106,-74.0221068336301));
#9126=CARTESIAN_POINT('Ctrl Pts',(13.,5.13372057798106,-76.0221068336301));
#9127=CARTESIAN_POINT('Ctrl Pts',(13.,7.13372057798106,-76.0221068336301));
#9128=CARTESIAN_POINT('Ctrl Pts',(13.,9.13372057798106,-76.0221068336301));
#9129=CARTESIAN_POINT('Ctrl Pts',(13.,9.13372057798106,-74.0221068336301));
#9130=CARTESIAN_POINT('Ctrl Pts',(13.,9.13372057798106,-72.0221068336301));
#9131=CARTESIAN_POINT('Ctrl Pts',(13.,7.13372057798106,-72.0221068336301));
#9132=CARTESIAN_POINT('Ctrl Pts',(13.,7.13372057798106,-73.0221068336301));
#9133=CARTESIAN_POINT('Ctrl Pts',(13.,6.13372057798105,-73.0221068336301));
#9134=CARTESIAN_POINT('Ctrl Pts',(13.,6.13372057798105,-74.0221068336301));
#9135=CARTESIAN_POINT('Ctrl Pts',(13.,6.13372057798105,-75.0221068336301));
#9136=CARTESIAN_POINT('Ctrl Pts',(13.,7.13372057798106,-75.0221068336301));
#9137=CARTESIAN_POINT('Ctrl Pts',(13.,8.13372057798106,-75.0221068336301));
#9138=CARTESIAN_POINT('Ctrl Pts',(13.,8.13372057798106,-74.0221068336301));
#9139=CARTESIAN_POINT('Ctrl Pts',(13.,8.13372057798106,-73.0221068336301));
#9140=CARTESIAN_POINT('Ctrl Pts',(13.,7.13372057798106,-73.0221068336301));
#9141=CARTESIAN_POINT('',(13.,7.13372057798106,-73.0221068336301));
#9142=CARTESIAN_POINT('Origin',(13.,7.13372057798106,-74.0221068336301));
#9143=CARTESIAN_POINT('',(12.,7.13372057798106,-72.0221068336301));
#9144=CARTESIAN_POINT('Origin',(12.,7.13372057798106,-73.0221068336301));
#9145=CARTESIAN_POINT('Origin',(12.,7.13372057798106,-74.0221068336301));
#9146=CARTESIAN_POINT('Origin',(0.,7.13372057798106,-74.0221068336301));
#9147=CARTESIAN_POINT('',(10.6500000000072,7.13372057798106,-72.0221068336301));
#9148=CARTESIAN_POINT('Origin',(10.6500000000072,7.13372057798106,-74.0221068336301));
#9149=CARTESIAN_POINT('',(0.,7.13372057798106,-72.0221068336301));
#9150=CARTESIAN_POINT('Origin',(13.,7.13372057798106,-74.0221068336301));
#9151=CARTESIAN_POINT('Origin',(-5.32507846411648,-8.01626945250202,-85.307326394621));
#9152=CARTESIAN_POINT('',(-2.62507846411648,-8.01626945250202,-85.607326394621));
#9153=CARTESIAN_POINT('Origin',(-5.32507846411648,-8.01626945250202,-85.607326394621));
#9154=CARTESIAN_POINT('',(-3.22507846411648,-8.01626945250202,-85.007326394621));
#9155=CARTESIAN_POINT('',(-2.92507846411648,-8.01626945250202,-85.307326394621));
#9156=CARTESIAN_POINT('Origin',(-5.32507846411648,-8.01626945250202,-85.007326394621));
#9157=CARTESIAN_POINT('Origin',(-30.925411060369,-29.3352594829509,-85.607326394621));
#9158=CARTESIAN_POINT('',(30.9254110603639,-37.8661913837671,-85.607326394621));
#9159=CARTESIAN_POINT('',(-30.925411060369,-37.8603784432144,-85.607326394621));
#9160=CARTESIAN_POINT('',(-15.4631061393255,-37.861831640702,-85.607326394621));
#9161=CARTESIAN_POINT('',(-30.925411060369,-29.3352594829509,-85.607326394621));
#9162=CARTESIAN_POINT('',(-30.925411060369,-29.3352594829509,-85.607326394621));
#9163=CARTESIAN_POINT('',(-30.5000000000023,-29.3352594829509,-85.607326394621));
#9164=CARTESIAN_POINT('',(31.507892268287,-29.3352594829509,-85.607326394621));
#9165=CARTESIAN_POINT('',(-30.5000000000023,-28.3662794220189,-85.607326394621));
#9166=CARTESIAN_POINT('',(-30.5000000000023,-29.3352594829509,-85.607326394621));
#9167=CARTESIAN_POINT('',(-31.9180000000228,-28.3662794220189,-85.607326394621));
#9168=CARTESIAN_POINT('',(-30.5000000000023,-28.3662794220189,-85.607326394621));
#9169=CARTESIAN_POINT('',(-31.9180000000228,-28.965833175525,-85.607326394621));
#9170=CARTESIAN_POINT('',(-31.9180000000228,-29.6048490826258,-85.607326394621));
#9171=CARTESIAN_POINT('',(-37.6499997473584,-28.965833175525,-85.607326394621));
#9172=CARTESIAN_POINT('',(-31.9180000000228,-28.965833175525,-85.607326394621));
#9173=CARTESIAN_POINT('',(-37.6499934584394,43.2333066733554,-85.607326394621));
#9174=CARTESIAN_POINT('',(-37.6499950306691,25.1835219607785,-85.607326394621));
#9175=CARTESIAN_POINT('',(-31.9180000000228,43.2333066733554,-85.607326394621));
#9176=CARTESIAN_POINT('',(-31.9180000000228,43.2333066733554,-85.607326394621));
#9177=CARTESIAN_POINT('',(-31.9180000000228,42.6337205779811,-85.607326394621));
#9178=CARTESIAN_POINT('',(-31.9180000000228,-29.6048490826258,-85.607326394621));
#9179=CARTESIAN_POINT('',(-30.5000000000023,42.6337205779811,-85.607326394621));
#9180=CARTESIAN_POINT('',(-30.5000000000023,42.6337205779811,-85.607326394621));
#9181=CARTESIAN_POINT('',(-30.5000000000023,43.6029330301317,-85.607326394621));
#9182=CARTESIAN_POINT('',(-30.5000000000023,43.6029330301317,-85.607326394621));
#9183=CARTESIAN_POINT('',(-30.925411060369,43.6029330301317,-85.607326394621));
#9184=CARTESIAN_POINT('',(-15.4627055301823,43.6029330301444,-85.607326394621));
#9185=CARTESIAN_POINT('',(-30.925411060369,52.1337405170491,-85.607326394621));
#9186=CARTESIAN_POINT('',(-30.925411060369,52.1337405170491,-85.607326394621));
#9187=CARTESIAN_POINT('',(30.9254110603639,52.1337405170491,-85.607326394621));
#9188=CARTESIAN_POINT('',(31.507892268287,52.1337405170491,-85.607326394621));
#9189=CARTESIAN_POINT('',(30.9254110603639,43.6029330301825,-85.607326394621));
#9190=CARTESIAN_POINT('',(30.9254110603639,52.1337405170491,-85.607326394621));
#9191=CARTESIAN_POINT('',(30.4999999999977,43.6029330301825,-85.607326394621));
#9192=CARTESIAN_POINT('',(-15.4627055301823,43.6029330301444,-85.607326394621));
#9193=CARTESIAN_POINT('',(30.4999999999977,42.6337205779811,-85.607326394621));
#9194=CARTESIAN_POINT('',(30.4999999999977,43.6029330301825,-85.607326394621));
#9195=CARTESIAN_POINT('',(31.9176861436015,42.6337205779811,-85.607326394621));
#9196=CARTESIAN_POINT('',(30.4999999999977,42.6337205779811,-85.607326394621));
#9197=CARTESIAN_POINT('',(31.9176861436015,43.2333066733554,-85.607326394621));
#9198=CARTESIAN_POINT('',(31.917686143602,25.1835217111352,-85.607326394621));
#9199=CARTESIAN_POINT('',(37.6499999999772,43.2333066733554,-85.607326394621));
#9200=CARTESIAN_POINT('',(37.6499999999772,43.2333066733554,-85.607326394621));
#9201=CARTESIAN_POINT('',(37.6499999999772,-28.965833175525,-85.607326394621));
#9202=CARTESIAN_POINT('',(37.6499999999772,-29.6048490826258,-85.607326394621));
#9203=CARTESIAN_POINT('',(31.9176861436033,-28.965833175525,-85.607326394621));
#9204=CARTESIAN_POINT('',(37.6499999999772,-28.965833175525,-85.607326394621));
#9205=CARTESIAN_POINT('',(31.9176861436033,-28.3662794220189,-85.607326394621));
#9206=CARTESIAN_POINT('',(31.917686143602,25.1835217111352,-85.607326394621));
#9207=CARTESIAN_POINT('',(30.4999999999977,-28.3662794220189,-85.607326394621));
#9208=CARTESIAN_POINT('',(30.4999999999977,-28.3662794220189,-85.607326394621));
#9209=CARTESIAN_POINT('',(30.4999999999977,-29.3352594829509,-85.607326394621));
#9210=CARTESIAN_POINT('',(30.4999999999977,-29.3352594829509,-85.607326394621));
#9211=CARTESIAN_POINT('',(30.9254110603639,-29.3352594829509,-85.607326394621));
#9212=CARTESIAN_POINT('',(31.507892268287,-29.3352594829509,-85.607326394621));
#9213=CARTESIAN_POINT('',(30.9254110603639,-29.3352594829509,-85.607326394621));
#9214=CARTESIAN_POINT('',(8.02492153588779,-8.01626945250202,-85.607326394621));
#9215=CARTESIAN_POINT('Origin',(5.32492153588779,-8.01626945250202,-85.607326394621));
#9216=CARTESIAN_POINT('',(8.02492153587534,22.2837110168523,-85.607326394621));
#9217=CARTESIAN_POINT('Origin',(5.32492153587535,22.2837110168523,-85.607326394621));
#9218=CARTESIAN_POINT('',(-3.15000000000781,-21.2007594829678,-85.607326394621));
#9219=CARTESIAN_POINT('Origin',(-7.80930875521335E-12,-21.2007594829678,
-85.607326394621));
#9220=CARTESIAN_POINT('',(-3.15000000003108,35.4683172429361,-85.607326394621));
#9221=CARTESIAN_POINT('Origin',(-3.10795833513566E-11,35.4683172429361,
-85.607326394621));
#9222=CARTESIAN_POINT('',(-2.62507846411648,22.2837110168523,-85.607326394621));
#9223=CARTESIAN_POINT('Origin',(-5.32507846411648,22.2837110168523,-85.607326394621));
#9224=CARTESIAN_POINT('Origin',(-5.32507846411648,-8.01626945250202,-85.607326394621));
#9225=CARTESIAN_POINT('',(-3.22507846411648,-8.01626945250203,-78.607326394621));
#9226=CARTESIAN_POINT('',(-3.22507846411648,-8.01626945250202,-85.607326394621));
#9227=CARTESIAN_POINT('Origin',(-5.32507846411648,-8.01626945250203,-78.607326394621));
#9228=CARTESIAN_POINT('Origin',(5.32492153588779,-8.01626945250202,-85.307326394621));
#9229=CARTESIAN_POINT('',(7.42492153588779,-8.01626945250202,-85.007326394621));
#9230=CARTESIAN_POINT('',(7.72492153588779,-8.01626945250202,-85.307326394621));
#9231=CARTESIAN_POINT('Origin',(5.32492153588779,-8.01626945250202,-85.007326394621));
#9232=CARTESIAN_POINT('Origin',(5.32492153588779,-8.01626945250202,-85.607326394621));
#9233=CARTESIAN_POINT('',(7.42492153588779,-8.01626945250203,-78.607326394621));
#9234=CARTESIAN_POINT('',(7.42492153588779,-8.01626945250202,-85.607326394621));
#9235=CARTESIAN_POINT('Origin',(5.32492153588779,-8.01626945250203,-78.607326394621));
#9236=CARTESIAN_POINT('Origin',(-5.32507846411648,22.2837110168523,-85.307326394621));
#9237=CARTESIAN_POINT('',(-3.22507846411648,22.2837110168523,-85.007326394621));
#9238=CARTESIAN_POINT('',(-2.92507846411648,22.2837110168523,-85.307326394621));
#9239=CARTESIAN_POINT('Origin',(-5.32507846411648,22.2837110168523,-85.007326394621));
#9240=CARTESIAN_POINT('Origin',(-5.32507846411648,22.2837110168523,-85.607326394621));
#9241=CARTESIAN_POINT('',(-3.22507846411648,22.2837110168523,-78.607326394621));
#9242=CARTESIAN_POINT('',(-3.22507846411648,22.2837110168523,-85.607326394621));
#9243=CARTESIAN_POINT('Origin',(-5.32507846411648,22.2837110168523,-78.607326394621));
#9244=CARTESIAN_POINT('Origin',(5.32492153587535,22.2837110168523,-85.307326394621));
#9245=CARTESIAN_POINT('',(7.42492153587535,22.2837110168523,-85.007326394621));
#9246=CARTESIAN_POINT('',(7.72492153587535,22.2837110168523,-85.307326394621));
#9247=CARTESIAN_POINT('Origin',(5.32492153587535,22.2837110168523,-85.007326394621));
#9248=CARTESIAN_POINT('Origin',(5.32492153587535,22.2837110168523,-85.607326394621));
#9249=CARTESIAN_POINT('',(7.42492153587535,22.2837110168523,-78.607326394621));
#9250=CARTESIAN_POINT('',(7.42492153587535,22.2837110168523,-85.607326394621));
#9251=CARTESIAN_POINT('Origin',(5.32492153587535,22.2837110168523,-78.607326394621));
#9252=CARTESIAN_POINT('Origin',(-5.32507846411648,22.2837110168523,-78.607326394621));
#9253=CARTESIAN_POINT('',(-3.72507846411648,22.2837110168523,-78.607326394621));
#9254=CARTESIAN_POINT('Origin',(-5.32507846411648,22.2837110168523,-78.607326394621));
#9255=CARTESIAN_POINT('Origin',(-5.32507846411648,-8.01626945250203,-78.607326394621));
#9256=CARTESIAN_POINT('',(-3.72507846411648,-8.01626945250203,-78.607326394621));
#9257=CARTESIAN_POINT('Origin',(-5.32507846411648,-8.01626945250203,-78.607326394621));
#9258=CARTESIAN_POINT('Origin',(5.32492153587535,22.2837110168523,-78.607326394621));
#9259=CARTESIAN_POINT('',(6.92492153587535,22.2837110168523,-78.607326394621));
#9260=CARTESIAN_POINT('Origin',(5.32492153587535,22.2837110168523,-78.607326394621));
#9261=CARTESIAN_POINT('Origin',(5.32492153588779,-8.01626945250203,-78.607326394621));
#9262=CARTESIAN_POINT('',(6.92492153588779,-8.01626945250203,-78.607326394621));
#9263=CARTESIAN_POINT('Origin',(5.32492153588779,-8.01626945250203,-78.607326394621));
#9264=CARTESIAN_POINT('Origin',(5.32492153587535,22.2837110168523,-85.607326394621));
#9265=CARTESIAN_POINT('',(6.92492153587535,22.2837110168523,-74.7091527943588));
#9266=CARTESIAN_POINT('',(6.92492153587535,22.2837110168523,-85.607326394621));
#9267=CARTESIAN_POINT('Origin',(5.32492153587535,22.2837110168523,-74.7091527943588));
#9268=CARTESIAN_POINT('Origin',(5.32492153588779,-8.01626945250202,-85.607326394621));
#9269=CARTESIAN_POINT('',(6.92492153588779,-8.01626945250203,-74.7091527943588));
#9270=CARTESIAN_POINT('',(6.92492153588779,-8.01626945250202,-85.607326394621));
#9271=CARTESIAN_POINT('Origin',(5.32492153588779,-8.01626945250203,-74.7091527943588));
#9272=CARTESIAN_POINT('Origin',(-5.32507846411648,22.2837110168523,-85.607326394621));
#9273=CARTESIAN_POINT('',(-3.72507846411648,22.2837110168523,-74.7091527943588));
#9274=CARTESIAN_POINT('',(-3.72507846411648,22.2837110168523,-85.607326394621));
#9275=CARTESIAN_POINT('Origin',(-5.32507846411648,22.2837110168523,-74.7091527943588));
#9276=CARTESIAN_POINT('Origin',(-5.32507846411648,-8.01626945250202,-85.607326394621));
#9277=CARTESIAN_POINT('',(-3.72507846411648,-8.01626945250203,-74.7091527943588));
#9278=CARTESIAN_POINT('',(-3.72507846411648,-8.01626945250202,-85.607326394621));
#9279=CARTESIAN_POINT('Origin',(-5.32507846411648,-8.01626945250203,-74.7091527943588));
#9280=CARTESIAN_POINT('Origin',(10.6500000000072,-29.3352594829509,-79.4434568279528));
#9281=CARTESIAN_POINT('',(10.6499999999855,-2.96627942201929,-69.7091527943588));
#9282=CARTESIAN_POINT('',(10.6499999999689,17.2337205779807,-69.7091527943588));
#9283=CARTESIAN_POINT('',(10.6500000000072,-29.3352594829509,-69.7091527943588));
#9284=CARTESIAN_POINT('',(10.6499999999855,-2.96627942201929,-74.7091527943588));
#9285=CARTESIAN_POINT('',(10.6499999999855,-2.96627942201929,-74.7091527943588));
#9286=CARTESIAN_POINT('',(10.6499999999938,-13.0662594829848,-74.7091527943588));
#9287=CARTESIAN_POINT('',(10.6499999999922,-11.100711354669,-74.7091527943588));
#9288=CARTESIAN_POINT('',(10.6499999999938,-13.0662594829848,-69.7091527943588));
#9289=CARTESIAN_POINT('',(10.6499999999938,-13.0662594829848,-74.7091527943588));
#9290=CARTESIAN_POINT('',(10.6500000000072,-29.3352594829509,-69.7091527943588));
#9291=CARTESIAN_POINT('',(10.6500000000072,-29.3352594829509,-69.7091527943588));
#9292=CARTESIAN_POINT('',(10.6500000000072,-29.3352594829509,-73.4246303538568));
#9293=CARTESIAN_POINT('',(10.6500000000072,-29.3352594829509,-74.7091527943588));
#9294=CARTESIAN_POINT('',(10.6500000000072,-29.3352594829509,-79.4434568279528));
#9295=CARTESIAN_POINT('',(10.6500000000072,-29.3352594829509,-78.3824667730524));
#9296=CARTESIAN_POINT('',(10.6499999999473,43.6029330301679,-79.4434568279528));
#9297=CARTESIAN_POINT('',(10.6499999999922,-11.1007113546642,-79.4434568279528));
#9298=CARTESIAN_POINT('',(10.6499999999473,43.6029330301679,-73.4246303538208));
#9299=CARTESIAN_POINT('',(10.6499999999473,43.6029330301659,-78.3824667730524));
#9300=CARTESIAN_POINT('',(10.6499999999473,43.6029330301679,-69.7091527943588));
#9301=CARTESIAN_POINT('',(10.6499999999473,43.6029330301679,-74.7091527943588));
#9302=CARTESIAN_POINT('',(10.6499999999606,27.3337014557239,-69.7091527943588));
#9303=CARTESIAN_POINT('',(10.649999999974,11.0742748344082,-69.7091527943588));
#9304=CARTESIAN_POINT('',(10.6499999999606,27.3337014557239,-74.7091527943588));
#9305=CARTESIAN_POINT('',(10.6499999999606,27.3337014557239,-74.7091527943588));
#9306=CARTESIAN_POINT('',(10.6499999999689,17.2337205779807,-74.7091527943588));
#9307=CARTESIAN_POINT('',(10.6499999999922,-11.100711354669,-74.7091527943588));
#9308=CARTESIAN_POINT('',(10.6499999999689,17.2337205779807,-74.7091527943588));
#9309=CARTESIAN_POINT('Origin',(-3.10795833513566E-11,35.4683172429361,
-70.2091527943588));
#9310=CARTESIAN_POINT('',(-6.10000000003108,35.4683172429361,-69.7091527943588));
#9311=CARTESIAN_POINT('Origin',(-3.10795833513566E-11,35.4683172429361,
-69.7091527943588));
#9312=CARTESIAN_POINT('',(-5.10000000003108,35.4683172429361,-70.7091527943588));
#9313=CARTESIAN_POINT('',(-5.60000000003108,35.4683172429361,-70.2091527943588));
#9314=CARTESIAN_POINT('Origin',(-3.10795833513566E-11,35.4683172429361,
-70.7091527943588));
#9315=CARTESIAN_POINT('Origin',(-3.10795833513566E-11,35.4683172429361,
-69.7091527943588));
#9316=CARTESIAN_POINT('',(-5.10000000003108,35.4683172429361,-77.7091527943588));
#9317=CARTESIAN_POINT('',(-5.10000000003108,35.4683172429361,-69.7091527943588));
#9318=CARTESIAN_POINT('Origin',(-3.10795833513566E-11,35.4683172429361,
-77.7091527943588));
#9319=CARTESIAN_POINT('Origin',(-3.10795833513566E-11,35.4683172429459,
-69.7091527943588));
#9320=CARTESIAN_POINT('',(5.19999999999765,43.6029330301629,-69.7091527943588));
#9321=CARTESIAN_POINT('',(10.6499999999473,43.6029330301679,-69.7091527943588));
#9322=CARTESIAN_POINT('',(-5.20000000000235,43.6029330301534,-69.7091527943588));
#9323=CARTESIAN_POINT('',(-2.01735011037719E-11,43.6029330301571,-69.7091527943588));
#9324=CARTESIAN_POINT('',(-10.6500000000228,43.6029330301484,-69.7091527943588));
#9325=CARTESIAN_POINT('',(10.6499999999473,43.6029330301679,-69.7091527943588));
#9326=CARTESIAN_POINT('',(-10.6500000000228,27.3337014557239,-69.7091527943588));
#9327=CARTESIAN_POINT('',(-10.6500000000228,43.6029330301484,-69.7091527943588));
#9328=CARTESIAN_POINT('',(31.9176861436024,27.3337014557239,-69.7091527943588));
#9329=CARTESIAN_POINT('Origin',(-7.80930875521335E-12,-21.2007594829678,
-70.2091527943588));
#9330=CARTESIAN_POINT('',(-6.10000000000781,-21.2007594829678,-69.7091527943588));
#9331=CARTESIAN_POINT('Origin',(-7.80930875521335E-12,-21.2007594829678,
-69.7091527943588));
#9332=CARTESIAN_POINT('',(-5.10000000000781,-21.2007594829678,-70.7091527943588));
#9333=CARTESIAN_POINT('',(-5.60000000000781,-21.2007594829678,-70.2091527943588));
#9334=CARTESIAN_POINT('Origin',(-7.80930875521335E-12,-21.2007594829678,
-70.7091527943588));
#9335=CARTESIAN_POINT('Origin',(-7.80930875521335E-12,-21.2007594829678,
-69.7091527943588));
#9336=CARTESIAN_POINT('',(-5.10000000000781,-21.2007594829678,-77.7091527943588));
#9337=CARTESIAN_POINT('',(-5.10000000000781,-21.2007594829678,-69.7091527943588));
#9338=CARTESIAN_POINT('Origin',(-7.80930875521335E-12,-21.2007594829678,
-77.7091527943588));
#9339=CARTESIAN_POINT('Origin',(-7.8115292012626E-12,-21.2007594829722,
-69.7091527943588));
#9340=CARTESIAN_POINT('',(-10.6500000000228,-13.0662594829848,-69.7091527943588));
#9341=CARTESIAN_POINT('',(31.9176861436024,-13.0662594829848,-69.7091527943588));
#9342=CARTESIAN_POINT('',(-10.6500000000228,-29.3352594829596,-69.7091527943588));
#9343=CARTESIAN_POINT('',(-10.6500000000228,3.19316632155387,-69.7091527943588));
#9344=CARTESIAN_POINT('',(-5.20000000000235,-29.3352594829574,-69.7091527943588));
#9345=CARTESIAN_POINT('',(-10.6500000000228,-29.3352594829596,-69.7091527943588));
#9346=CARTESIAN_POINT('',(5.19999999999765,-29.3352594829531,-69.7091527943588));
#9347=CARTESIAN_POINT('',(-5.19806420129498E-12,-29.3352594829509,-69.7091527943588));
#9348=CARTESIAN_POINT('',(-10.6500000000228,-29.3352594829596,-69.7091527943588));
#9349=CARTESIAN_POINT('Origin',(-7.80930875521335E-12,-21.2007594829678,
-77.7091527943588));
#9350=CARTESIAN_POINT('',(-3.15000000000781,-21.2007594829678,-77.7091527943588));
#9351=CARTESIAN_POINT('Origin',(-7.80930875521335E-12,-21.2007594829678,
-77.7091527943588));
#9352=CARTESIAN_POINT('Origin',(-3.10795833513566E-11,35.4683172429361,
-77.7091527943588));
#9353=CARTESIAN_POINT('',(-3.15000000003108,35.4683172429361,-77.7091527943588));
#9354=CARTESIAN_POINT('Origin',(-3.10795833513566E-11,35.4683172429361,
-77.7091527943588));
#9355=CARTESIAN_POINT('Origin',(-7.80930875521335E-12,-21.2007594829678,
-69.7091527943588));
#9356=CARTESIAN_POINT('',(-3.15000000000781,-21.2007594829678,-69.7091527943588));
#9357=CARTESIAN_POINT('Origin',(-3.10795833513566E-11,35.4683172429361,
-69.7091527943588));
#9358=CARTESIAN_POINT('',(-3.15000000003108,35.4683172429361,-69.7091527943588));
#9359=CARTESIAN_POINT('Origin',(-10.6500000000228,-29.3352594829596,-74.7091527943588));
#9360=CARTESIAN_POINT('',(-5.20000000000235,-29.3352594829509,-70.1499399801506));
#9361=CARTESIAN_POINT('',(-5.20000000000235,-29.3352594829509,-69.035627041683));
#9362=CARTESIAN_POINT('',(-10.6500000000228,-29.3352594829596,-73.4246303538631));
#9363=CARTESIAN_POINT('',(-10.6500000000228,-29.3352594829596,-74.7091527943588));
#9364=CARTESIAN_POINT('',(-10.2000000000023,-29.3352594829509,-73.1542430752884));
#9365=CARTESIAN_POINT('',(-10.2000000000023,-29.3352594829509,-73.1542430752884));
#9366=CARTESIAN_POINT('',(-10.2000000000023,-29.3352594829509,-70.9512444474016));
#9367=CARTESIAN_POINT('',(-10.2000000000023,-29.3352594829509,-70.9512444474016));
#9368=CARTESIAN_POINT('',(-6.53359458396399,-29.3352594829509,-70.9512444474016));
#9369=CARTESIAN_POINT('',(-6.53359458396399,-29.3352594829509,-70.9512444474016));
#9370=CARTESIAN_POINT('',(-5.20000000000235,-29.3352594829509,-70.1499399801506));
#9371=CARTESIAN_POINT('Origin',(-10.6500000000228,-29.3352594829596,-74.7091527943588));
#9372=CARTESIAN_POINT('',(5.19999999999765,-29.3352594829509,-70.1499399801509));
#9373=CARTESIAN_POINT('',(5.19999999999765,-29.3352594829509,-70.1499399801509));
#9374=CARTESIAN_POINT('',(6.53359458395884,-29.3352594829509,-70.9512444474016));
#9375=CARTESIAN_POINT('',(6.53359458395884,-29.3352594829509,-70.9512444474016));
#9376=CARTESIAN_POINT('',(10.1999999999977,-29.3352594829509,-70.9512444474016));
#9377=CARTESIAN_POINT('',(10.1999999999977,-29.3352594829509,-70.9512444474016));
#9378=CARTESIAN_POINT('',(10.1999999999977,-29.3352594829509,-73.1542430752887));
#9379=CARTESIAN_POINT('',(10.1999999999977,-29.3352594829509,-73.1542430752887));
#9380=CARTESIAN_POINT('',(11.5335945839589,-29.3352594829509,-73.9555475425394));
#9381=CARTESIAN_POINT('Origin',(10.6499999999938,-13.0662594829848,-74.7091527943588));
#9382=CARTESIAN_POINT('',(-10.6500000000228,-13.0662594829848,-74.7091527943588));
#9383=CARTESIAN_POINT('',(5.32499999999299,-13.0662594829848,-74.7091527943588));
#9384=CARTESIAN_POINT('',(-10.6500000000228,-13.0662594829848,-74.7091527943588));
#9385=CARTESIAN_POINT('Origin',(-2.58459920132736E-12,-29.3352594829509,
-77.321476718152));
#9386=CARTESIAN_POINT('',(-10.6500000000228,-29.3352594829596,-79.4434568279528));
#9387=CARTESIAN_POINT('',(-10.6500000000228,-29.3352594829509,-78.3824667730524));
#9388=CARTESIAN_POINT('',(-20.6670094086784,-29.3352594829509,-79.4434568279528));
#9389=CARTESIAN_POINT('',(-7.8464106174625E-5,-29.3352594829509,-79.4434568279528));
#9390=CARTESIAN_POINT('',(-20.2000000000023,-29.3352594829509,-79.162849265564));
#9391=CARTESIAN_POINT('',(-20.2000000000023,-29.3352594829509,-79.162849265564));
#9392=CARTESIAN_POINT('',(-20.2000000000023,-29.3352594829509,-76.9598506376772));
#9393=CARTESIAN_POINT('',(-20.2000000000023,-29.3352594829509,-76.9598506376772));
#9394=CARTESIAN_POINT('',(-16.533594583964,-29.3352594829509,-76.9598506376772));
#9395=CARTESIAN_POINT('',(-16.533594583964,-29.3352594829509,-76.9598506376772));
#9396=CARTESIAN_POINT('',(-15.2000000000023,-29.3352594829509,-76.1585461704262));
#9397=CARTESIAN_POINT('',(-15.2000000000023,-29.3352594829509,-76.1585461704262));
#9398=CARTESIAN_POINT('',(-15.2000000000023,-29.3352594829509,-73.9555475425394));
#9399=CARTESIAN_POINT('',(-15.2000000000023,-29.3352594829509,-73.9555475425394));
#9400=CARTESIAN_POINT('',(-11.533594583964,-29.3352594829509,-73.9555475425394));
#9401=CARTESIAN_POINT('',(-11.533594583964,-29.3352594829509,-73.9555475425394));
#9402=CARTESIAN_POINT('',(-10.2000000000023,-29.3352594829509,-73.1542430752884));
#9403=CARTESIAN_POINT('Origin',(-2.58459920132736E-12,-29.3352594829509,
-77.321476718152));
#9404=CARTESIAN_POINT('',(11.5335945839589,-29.3352594829509,-73.9555475425394));
#9405=CARTESIAN_POINT('',(11.5335945839589,-29.3352594829509,-73.9555475425394));
#9406=CARTESIAN_POINT('',(15.1999999999977,-29.3352594829509,-73.9555475425394));
#9407=CARTESIAN_POINT('',(15.1999999999977,-29.3352594829509,-73.9555475425394));
#9408=CARTESIAN_POINT('',(15.1999999999977,-29.3352594829509,-76.1585461704265));
#9409=CARTESIAN_POINT('',(15.1999999999977,-29.3352594829509,-76.1585461704265));
#9410=CARTESIAN_POINT('',(16.5335945839588,-29.3352594829509,-76.9598506376772));
#9411=CARTESIAN_POINT('',(16.5335945839588,-29.3352594829509,-76.9598506376772));
#9412=CARTESIAN_POINT('',(20.1999999999977,-29.3352594829509,-76.9598506376772));
#9413=CARTESIAN_POINT('',(20.1999999999977,-29.3352594829509,-76.9598506376772));
#9414=CARTESIAN_POINT('',(20.1999999999977,-29.3352594829509,-79.1628492655643));
#9415=CARTESIAN_POINT('',(20.1999999999977,-29.3352594829509,-79.1628492655643));
#9416=CARTESIAN_POINT('',(20.6670094086733,-29.3352594829509,-79.4434568279528));
#9417=CARTESIAN_POINT('',(21.5335945839589,-29.3352594829509,-79.964153732815));
#9418=CARTESIAN_POINT('',(-7.8464106174625E-5,-29.3352594829509,-79.4434568279528));
#9419=CARTESIAN_POINT('Origin',(-2.58459920132736E-12,-29.3352594829509,
-77.321476718152));
#9420=CARTESIAN_POINT('',(-5.20000000000235,-29.3352594829509,-69.035627041683));
#9421=CARTESIAN_POINT('',(-5.20000000000235,-29.3352594829509,-69.035627041683));
#9422=CARTESIAN_POINT('',(5.19999999999765,-29.3352594829509,-69.035627041683));
#9423=CARTESIAN_POINT('',(-2.70672373403961E-12,-29.3352594829509,-69.035627041683));
#9424=CARTESIAN_POINT('',(5.19999999999765,-29.3352594829509,-70.1499399801509));
#9425=CARTESIAN_POINT('Origin',(10.6499999999689,17.2337205779807,-74.7091527943588));
#9426=CARTESIAN_POINT('',(-10.6500000000228,17.2337205779807,-74.7091527943588));
#9427=CARTESIAN_POINT('',(5.32499999998056,17.2337205779807,-74.7091527943588));
#9428=CARTESIAN_POINT('',(-10.6500000000228,17.2337205779807,-69.7091527943588));
#9429=CARTESIAN_POINT('',(-10.6500000000228,17.2337205779807,-74.7091527943588));
#9430=CARTESIAN_POINT('',(31.9176861436024,17.2337205779807,-69.7091527943588));
#9431=CARTESIAN_POINT('Origin',(10.6499999999473,43.6029330301679,-74.7091527943588));
#9432=CARTESIAN_POINT('',(10.1999999999977,43.6029330301655,-73.1542430752887));
#9433=CARTESIAN_POINT('',(8.03950703533843,43.6029330301637,-71.8560879351389));
#9434=CARTESIAN_POINT('',(10.1999999999977,43.6029330301655,-70.9512444474016));
#9435=CARTESIAN_POINT('',(10.1999999999977,43.6029330301655,-75.2378598967203));
#9436=CARTESIAN_POINT('',(6.53359458395884,43.6029330301625,-70.9512444474016));
#9437=CARTESIAN_POINT('',(5.10000000000104,43.6029330301613,-70.9512444474016));
#9438=CARTESIAN_POINT('',(5.19999999999765,43.6029330301614,-70.1499399801509));
#9439=CARTESIAN_POINT('',(5.53950703533843,43.6029330301617,-70.3539363875699));
#9440=CARTESIAN_POINT('',(5.19999999999767,43.6029330301614,-73.7357083491514));
#9441=CARTESIAN_POINT('Origin',(-10.6500000000228,27.3337014557239,-74.7091527943588));
#9442=CARTESIAN_POINT('',(-10.6500000000228,27.3337014557239,-74.7091527943588));
#9443=CARTESIAN_POINT('',(-5.3250000000153,27.3337014557239,-74.7091527943588));
#9444=CARTESIAN_POINT('',(-10.6500000000228,27.3337014557239,-74.7091527943588));
#9445=CARTESIAN_POINT('Origin',(10.6499999999473,43.6029330301679,-74.7091527943588));
#9446=CARTESIAN_POINT('',(-10.6500000000228,43.6029330301484,-73.4246303538631));
#9447=CARTESIAN_POINT('',(-10.2000000000023,43.6029330301487,-73.1542430752884));
#9448=CARTESIAN_POINT('',(-7.37270974335761,43.6029330301511,-71.4554357015103));
#9449=CARTESIAN_POINT('',(-10.6500000000228,43.6029330301484,-74.7091527943588));
#9450=CARTESIAN_POINT('',(-5.20000000000235,43.6029330301528,-70.1499399801506));
#9451=CARTESIAN_POINT('',(-5.20000000000236,43.6029330301528,-73.1785518799175));
#9452=CARTESIAN_POINT('',(-6.53359458396399,43.6029330301518,-70.9512444474016));
#9453=CARTESIAN_POINT('',(-4.87270974335763,43.6029330301531,-69.9532841539414));
#9454=CARTESIAN_POINT('',(-10.2000000000023,43.6029330301487,-70.9512444474016));
#9455=CARTESIAN_POINT('',(-3.26679729197979,43.6029330301544,-70.9512444474016));
#9456=CARTESIAN_POINT('',(-10.2000000000023,43.6029330301487,-74.1363605827768));
#9457=CARTESIAN_POINT('Origin',(-2.58681964737661E-12,43.6029330301571,
-77.321476718152));
#9458=CARTESIAN_POINT('',(5.19999999999765,43.6029330301614,-69.035627041683));
#9459=CARTESIAN_POINT('',(5.19999999999767,43.6029330301614,-73.7357083491514));
#9460=CARTESIAN_POINT('',(-5.20000000000235,43.6029330301528,-69.035627041683));
#9461=CARTESIAN_POINT('',(2.60000000000103,43.6029330301592,-69.035627041683));
#9462=CARTESIAN_POINT('',(-5.20000000000236,43.6029330301528,-73.1785518799175));
#9463=CARTESIAN_POINT('Origin',(-2.58681964737661E-12,43.6029330301571,
-77.321476718152));
#9464=CARTESIAN_POINT('',(20.6670094086733,43.6029330301741,-79.4434568279528));
#9465=CARTESIAN_POINT('',(-7.84641211509609E-5,43.6029330301571,-79.4434568279528));
#9466=CARTESIAN_POINT('',(20.1999999999977,43.6029330301737,-79.1628492655643));
#9467=CARTESIAN_POINT('',(13.0395070353385,43.6029330301678,-74.8603910302767));
#9468=CARTESIAN_POINT('',(20.1999999999977,43.6029330301737,-76.9598506376772));
#9469=CARTESIAN_POINT('',(20.1999999999977,43.6029330301737,-78.2421629918581));
#9470=CARTESIAN_POINT('',(16.5335945839588,43.6029330301707,-76.9598506376772));
#9471=CARTESIAN_POINT('',(10.100000000001,43.6029330301654,-76.9598506376772));
#9472=CARTESIAN_POINT('',(15.1999999999977,43.6029330301696,-76.1585461704265));
#9473=CARTESIAN_POINT('',(10.5395070353385,43.6029330301658,-73.3582394827077));
#9474=CARTESIAN_POINT('',(15.1999999999977,43.6029330301696,-73.9555475425394));
#9475=CARTESIAN_POINT('',(15.1999999999977,43.6029330301696,-76.7400114442893));
#9476=CARTESIAN_POINT('',(11.5335945839589,43.6029330301666,-73.9555475425394));
#9477=CARTESIAN_POINT('',(7.60000000000105,43.6029330301634,-73.9555475425394));
#9478=CARTESIAN_POINT('',(8.03950703533843,43.6029330301637,-71.8560879351389));
#9479=CARTESIAN_POINT('Origin',(-2.58681964737661E-12,43.6029330301571,
-77.321476718152));
#9480=CARTESIAN_POINT('',(-10.6500000000228,43.6029330301484,-79.4434568279528));
#9481=CARTESIAN_POINT('',(-10.6500000000228,43.6029330301484,-78.3824667730524));
#9482=CARTESIAN_POINT('',(-11.533594583964,43.6029330301476,-73.9555475425394));
#9483=CARTESIAN_POINT('',(-7.37270974335761,43.6029330301511,-71.4554357015103));
#9484=CARTESIAN_POINT('',(-15.2000000000023,43.6029330301446,-73.9555475425394));
#9485=CARTESIAN_POINT('',(-5.7667972919798,43.6029330301524,-73.9555475425394));
#9486=CARTESIAN_POINT('',(-15.2000000000023,43.6029330301446,-76.1585461704262));
#9487=CARTESIAN_POINT('',(-15.2000000000023,43.6029330301446,-75.6385121303457));
#9488=CARTESIAN_POINT('',(-16.533594583964,43.6029330301435,-76.9598506376772));
#9489=CARTESIAN_POINT('',(-9.8727097433576,43.602933030149,-72.9575872490792));
#9490=CARTESIAN_POINT('',(-20.2000000000023,43.6029330301405,-76.9598506376772));
#9491=CARTESIAN_POINT('',(-8.2667972919798,43.6029330301503,-76.9598506376772));
#9492=CARTESIAN_POINT('',(-20.2000000000023,43.6029330301405,-79.162849265564));
#9493=CARTESIAN_POINT('',(-20.2000000000023,43.6029330301405,-77.1406636779146));
#9494=CARTESIAN_POINT('',(-20.6670094086784,43.6029330301401,-79.4434568279528));
#9495=CARTESIAN_POINT('',(-12.3727097433576,43.602933030147,-74.4597387966481));
#9496=CARTESIAN_POINT('',(-7.84641211509609E-5,43.6029330301571,-79.4434568279528));
#9497=CARTESIAN_POINT('Origin',(-10.6500000000228,-2.96627942201929,-74.7091527943588));
#9498=CARTESIAN_POINT('',(-10.6500000000228,-2.96627942201929,-74.7091527943588));
#9499=CARTESIAN_POINT('',(-5.3250000000153,-2.96627942201929,-74.7091527943588));
#9500=CARTESIAN_POINT('',(-10.6500000000228,-2.96627942201929,-69.7091527943588));
#9501=CARTESIAN_POINT('',(31.9176861436024,-2.96627942201929,-69.7091527943588));
#9502=CARTESIAN_POINT('',(-10.6500000000228,-2.96627942201929,-74.7091527943588));
#9503=CARTESIAN_POINT('Origin',(-1.86384241374071E-11,0.11344344976729,
-69.7091527943588));
#9504=CARTESIAN_POINT('',(-10.6500000000228,43.6029330301484,-69.7091527943588));
#9505=CARTESIAN_POINT('Origin',(-7.8115292012626E-12,7.13383677360415,-74.7091527943588));
#9506=CARTESIAN_POINT('',(-10.6500000000228,25.3683849018763,-74.7091527943588));
#9507=CARTESIAN_POINT('Origin',(-10.6500000000228,43.6029330301484,-79.4434568279528));
#9508=CARTESIAN_POINT('',(-10.6500000000228,25.3683849018811,-79.4434568279528));
#9509=CARTESIAN_POINT('',(-10.6500000000228,25.3683849018763,-74.7091527943588));
#9510=CARTESIAN_POINT('Origin',(-7.8115292012626E-12,7.13383677360415,-74.7091527943588));
#9511=CARTESIAN_POINT('Origin',(-0.000156928209764651,7.13383677361374,
-79.4434568279528));
#9512=CARTESIAN_POINT('',(25.8550612077112,-29.3352594829509,-79.4434568279528));
#9513=CARTESIAN_POINT('',(30.9254110603639,-29.3352594829509,-79.4434568279528));
#9514=CARTESIAN_POINT('',(25.9378635919047,-29.2089116217228,-79.4434568279528));
#9515=CARTESIAN_POINT('',(25.9378635919047,-29.2089116217228,-79.4434568279528));
#9516=CARTESIAN_POINT('',(31.9176861436033,-25.5719490260294,-79.4434568279528));
#9517=CARTESIAN_POINT('Origin',(31.6499999999415,-31.8662594829704,-79.4434568279528));
#9518=CARTESIAN_POINT('',(31.9176861436031,-18.0662794220189,-79.4434568279528));
#9519=CARTESIAN_POINT('',(31.9176861436033,-28.965833175525,-79.4434568279528));
#9520=CARTESIAN_POINT('',(31.9176861436018,32.3337205779811,-79.4434568279528));
#9521=CARTESIAN_POINT('',(31.9176861436024,7.13378676126488,-79.4434568279528));
#9522=CARTESIAN_POINT('',(31.9176861436016,39.8394300601225,-79.4434568279528));
#9523=CARTESIAN_POINT('',(31.9176861436033,-28.965833175525,-79.4434568279528));
#9524=CARTESIAN_POINT('',(25.9378635919345,43.4763926558335,-79.4434568279528));
#9525=CARTESIAN_POINT('Origin',(31.65,46.1337405170777,-79.4434568279528));
#9526=CARTESIAN_POINT('',(25.8549350437772,43.6029330301783,-79.4434568279528));
#9527=CARTESIAN_POINT('',(25.9378635919345,43.4763926558335,-79.4434568279528));
#9528=CARTESIAN_POINT('',(30.9254110603639,43.6029330301825,-79.4434568279528));
#9529=CARTESIAN_POINT('Origin',(-30.5000000000023,-29.3352594829509,-85.607326394621));
#9530=CARTESIAN_POINT('',(-30.2000000000023,-29.3352594829509,-85.1714554558396));
#9531=CARTESIAN_POINT('',(-30.5000000000023,-29.3352594829509,-85.3517136415479));
#9532=CARTESIAN_POINT('',(-30.2000000000023,-29.3352594829509,-85.1714554558396));
#9533=CARTESIAN_POINT('',(-30.2000000000023,-29.3352594829509,-82.9684568279528));
#9534=CARTESIAN_POINT('',(-30.2000000000023,-29.3352594829509,-82.9684568279528));
#9535=CARTESIAN_POINT('',(-26.533594583964,-29.3352594829509,-82.9684568279528));
#9536=CARTESIAN_POINT('',(-26.533594583964,-29.3352594829509,-82.9684568279528));
#9537=CARTESIAN_POINT('',(-26.533377506446,-29.3352594829509,-82.968326394621));
#9538=CARTESIAN_POINT('',(-25.2000000000023,-29.3352594829509,-82.1671523607018));
#9539=CARTESIAN_POINT('',(-30.5000000000023,-29.3352594829509,-82.968326394621));
#9540=CARTESIAN_POINT('',(-30.925411060369,-29.3352594829509,-82.968326394621));
#9541=CARTESIAN_POINT('',(-30.5000000000023,-29.3352594829509,-85.607326394621));
#9542=CARTESIAN_POINT('Origin',(30.4999999999977,43.6029330301822,-85.607326394621));
#9543=CARTESIAN_POINT('',(30.1999999999977,43.6029330301819,-85.1714554558399));
#9544=CARTESIAN_POINT('',(30.4999999999977,43.6029330301825,-85.3517136415482));
#9545=CARTESIAN_POINT('',(17.7354152735409,43.6029330301717,-77.6819773611797));
#9546=CARTESIAN_POINT('',(30.1999999999977,43.6029330301819,-82.9684568279528));
#9547=CARTESIAN_POINT('',(30.1999999999977,43.6029330301819,-81.246466086996));
#9548=CARTESIAN_POINT('',(26.5335945839588,43.6029330301789,-82.9684568279528));
#9549=CARTESIAN_POINT('',(15.1000000000011,43.6029330301695,-82.9684568279528));
#9550=CARTESIAN_POINT('',(26.5333775064408,43.6029330301789,-82.968326394621));
#9551=CARTESIAN_POINT('',(15.5395070353384,43.6029330301699,-76.3625425778456));
#9552=CARTESIAN_POINT('',(30.4999999999977,43.6029330301825,-82.968326394621));
#9553=CARTESIAN_POINT('',(30.9254110603639,43.6029330301825,-82.968326394621));
#9554=CARTESIAN_POINT('',(30.4999999999977,43.6029330301825,-85.607326394621));
#9555=CARTESIAN_POINT('Origin',(-0.000156928209729124,7.13383677361584,
-82.968326394621));
#9556=CARTESIAN_POINT('',(-25.9378635918979,43.4763926557917,-82.968326394621));
#9557=CARTESIAN_POINT('',(-31.9180000000228,39.8394434156844,-82.968326394621));
#9558=CARTESIAN_POINT('Origin',(-31.6499999999523,46.1337405170031,-82.968326394621));
#9559=CARTESIAN_POINT('',(-25.8549350437614,43.6029330301359,-82.968326394621));
#9560=CARTESIAN_POINT('',(-30.3306056886144,36.7735232361885,-82.968326394621));
#9561=CARTESIAN_POINT('',(-26.533377506446,43.6029330301353,-82.968326394621));
#9562=CARTESIAN_POINT('',(-7.84641211331974E-5,43.6029330301571,-82.968326394621));
#9563=CARTESIAN_POINT('',(-30.5000000000023,43.6029330301317,-82.968326394621));
#9564=CARTESIAN_POINT('',(30.9254110603639,43.6029330301825,-82.968326394621));
#9565=CARTESIAN_POINT('',(-30.5000000000023,42.6337205779811,-82.968326394621));
#9566=CARTESIAN_POINT('',(-30.5000000000023,43.6029330301317,-82.968326394621));
#9567=CARTESIAN_POINT('',(-31.9180000000228,42.6337205779811,-82.968326394621));
#9568=CARTESIAN_POINT('',(-30.5000000000023,42.6337205779811,-82.968326394621));
#9569=CARTESIAN_POINT('',(-31.9180000000228,43.2333066733554,-82.968326394621));
#9570=CARTESIAN_POINT('Origin',(-0.000156928209729124,7.13383677361584,
-82.968326394621));
#9571=CARTESIAN_POINT('',(31.9176861436016,39.8394300601225,-82.968326394621));
#9572=CARTESIAN_POINT('',(25.9378635919345,43.4763926558335,-82.968326394621));
#9573=CARTESIAN_POINT('Origin',(31.65,46.1337405170777,-82.968326394621));
#9574=CARTESIAN_POINT('',(31.9176861436015,42.6337205779811,-82.968326394621));
#9575=CARTESIAN_POINT('',(31.9176861436033,-28.965833175525,-82.968326394621));
#9576=CARTESIAN_POINT('',(30.4999999999977,42.6337205779811,-82.968326394621));
#9577=CARTESIAN_POINT('',(30.4999999999977,42.6337205779811,-82.968326394621));
#9578=CARTESIAN_POINT('',(30.4999999999977,43.6029330301825,-82.968326394621));
#9579=CARTESIAN_POINT('',(25.8549350437771,43.6029330301783,-82.968326394621));
#9580=CARTESIAN_POINT('',(-7.84641211331974E-5,43.6029330301571,-82.968326394621));
#9581=CARTESIAN_POINT('',(30.3720228133866,36.7103249957294,-82.968326394621));
#9582=CARTESIAN_POINT('Origin',(-0.000156928209729124,7.13383677361584,
-82.968326394621));
#9583=CARTESIAN_POINT('',(-25.9378635919232,-29.2089116217404,-82.968326394621));
#9584=CARTESIAN_POINT('',(-25.89174459009,-29.3352594829509,-82.968326394621));
#9585=CARTESIAN_POINT('',(-30.266099629753,-17.3512532931498,-82.968326394621));
#9586=CARTESIAN_POINT('',(-31.9180000000228,-25.5719623816022,-82.968326394621));
#9587=CARTESIAN_POINT('Origin',(-31.650000000021,-31.8662594829714,-82.968326394621));
#9588=CARTESIAN_POINT('',(-31.9180000000228,-28.3662794220189,-82.968326394621));
#9589=CARTESIAN_POINT('',(-31.9180000000228,43.2333066733554,-82.968326394621));
#9590=CARTESIAN_POINT('',(-30.5000000000023,-28.3662794220189,-82.968326394621));
#9591=CARTESIAN_POINT('',(-30.5000000000023,-28.3662794220189,-82.968326394621));
#9592=CARTESIAN_POINT('',(-30.5000000000023,-29.3352594829509,-82.968326394621));
#9593=CARTESIAN_POINT('',(-7.84641061568614E-5,-29.3352594829509,-82.968326394621));
#9594=CARTESIAN_POINT('Origin',(31.9176861436015,42.6337205779811,-85.607326394621));
#9595=CARTESIAN_POINT('',(30.4999999999977,42.6337205779811,-85.607326394621));
#9596=CARTESIAN_POINT('',(31.9176861436016,42.6337205779811,-85.2885208126174));
#9597=CARTESIAN_POINT('',(31.9176861436015,42.6337205779811,-85.607326394621));
#9598=CARTESIAN_POINT('',(31.9176861436016,42.6337205779811,-82.1911483154443));
#9599=CARTESIAN_POINT('Origin',(30.4999999999977,-28.3662794220189,-85.607326394621));
#9600=CARTESIAN_POINT('',(31.9176861436033,-28.3662794220189,-85.2885377317835));
#9601=CARTESIAN_POINT('',(31.9176861436033,-28.3662794220189,-82.1911483154443));
#9602=CARTESIAN_POINT('',(31.9176861436033,-28.3662794220189,-82.968326394621));
#9603=CARTESIAN_POINT('',(31.9176861436033,-28.3662794220189,-85.607326394621));
#9604=CARTESIAN_POINT('',(30.4999999999977,-28.3662794220189,-82.968326394621));
#9605=CARTESIAN_POINT('',(30.4999999999977,-28.3662794220189,-82.968326394621));
#9606=CARTESIAN_POINT('',(30.4999999999977,-28.3662794220189,-85.607326394621));
#9607=CARTESIAN_POINT('Origin',(30.4999999999977,-29.3352594829509,-85.607326394621));
#9608=CARTESIAN_POINT('',(30.4999999999977,-29.3352594829509,-82.968326394621));
#9609=CARTESIAN_POINT('',(30.4999999999977,-29.3352594829509,-82.968326394621));
#9610=CARTESIAN_POINT('',(30.4999999999977,-29.3352594829509,-85.3517136415482));
#9611=CARTESIAN_POINT('',(30.4999999999977,-29.3352594829509,-85.607326394621));
#9612=CARTESIAN_POINT('',(30.4999999999977,-29.3352594829509,-81.4644015563865));
#9613=CARTESIAN_POINT('Origin',(-30.5000000000023,-28.3662794220189,-85.607326394621));
#9614=CARTESIAN_POINT('',(-30.5000000000023,-29.3352594829509,-81.4644015563865));
#9615=CARTESIAN_POINT('',(-30.5000000000023,-28.3662794220189,-85.607326394621));
#9616=CARTESIAN_POINT('Origin',(-31.9180000000228,-28.3662794220189,-85.607326394621));
#9617=CARTESIAN_POINT('',(-31.9180000000228,-28.3662794220189,-85.2885377317835));
#9618=CARTESIAN_POINT('',(-31.9180000000228,-28.3662794220189,-85.607326394621));
#9619=CARTESIAN_POINT('',(-31.9180000000228,-28.3662794220189,-82.1911483154443));
#9620=CARTESIAN_POINT('Origin',(-30.5000000000023,42.6337205779811,-85.607326394621));
#9621=CARTESIAN_POINT('',(-31.9180000000228,42.6337205779811,-85.2885208126174));
#9622=CARTESIAN_POINT('',(-31.9180000000228,42.6337205779811,-82.1911483154443));
#9623=CARTESIAN_POINT('',(-31.9180000000228,42.6337205779811,-85.607326394621));
#9624=CARTESIAN_POINT('',(-30.5000000000023,42.6337205779811,-85.607326394621));
#9625=CARTESIAN_POINT('Origin',(-30.5000000000023,43.6029330301317,-85.607326394621));
#9626=CARTESIAN_POINT('',(-30.5000000000023,43.6029330301317,-85.3517136415479));
#9627=CARTESIAN_POINT('',(-30.5000000000023,43.6029330301317,-85.607326394621));
#9628=CARTESIAN_POINT('',(-30.5000000000023,43.6029330301321,-81.4644015563865));
#9629=CARTESIAN_POINT('Origin',(30.4999999999977,43.6029330301822,-85.607326394621));
#9630=CARTESIAN_POINT('',(-30.2000000000023,43.6029330301323,-85.1714554558396));
#9631=CARTESIAN_POINT('',(-17.3727097433575,43.6029330301429,-77.4640418917859));
#9632=CARTESIAN_POINT('',(-26.533594583964,43.6029330301353,-82.9684568279528));
#9633=CARTESIAN_POINT('',(-14.8727097433576,43.6029330301449,-75.961890344217));
#9634=CARTESIAN_POINT('',(-30.2000000000023,43.6029330301323,-82.9684568279528));
#9635=CARTESIAN_POINT('',(-13.2667972919798,43.6029330301462,-82.9684568279528));
#9636=CARTESIAN_POINT('',(-30.2000000000023,43.6029330301323,-80.1449667730524));
#9637=CARTESIAN_POINT('Origin',(30.4999999999977,42.6337205779811,-85.607326394621));
#9638=CARTESIAN_POINT('',(30.4999999999977,43.6029330301822,-81.4644015563865));
#9639=CARTESIAN_POINT('Origin',(-0.000156928209729124,7.13383677361584,
-82.968326394621));
#9640=CARTESIAN_POINT('',(26.6167919471699,-29.3352594829509,-82.968326394621));
#9641=CARTESIAN_POINT('',(26.61679194717,-28.6002501906954,-82.968326394621));
#9642=CARTESIAN_POINT('',(26.6167919471713,-11.1007113546685,-82.968326394621));
#9643=CARTESIAN_POINT('',(-30.925411060369,-29.3352594829509,-82.968326394621));
#9644=CARTESIAN_POINT('',(31.9176861436033,-25.5719490260428,-82.968326394621));
#9645=CARTESIAN_POINT('',(31.9176861436033,-28.965833175525,-82.968326394621));
#9646=CARTESIAN_POINT('',(25.9378635919047,-29.2089116217228,-82.968326394621));
#9647=CARTESIAN_POINT('Origin',(31.6499999999415,-31.8662594829704,-82.968326394621));
#9648=CARTESIAN_POINT('',(25.8550612077112,-29.3352594829509,-82.968326394621));
#9649=CARTESIAN_POINT('',(30.3306657507633,-22.5059505539275,-82.968326394621));
#9650=CARTESIAN_POINT('',(26.2099596508621,-29.3352594829509,-82.968326394621));
#9651=CARTESIAN_POINT('',(-7.84641061568614E-5,-29.3352594829509,-82.968326394621));
#9652=CARTESIAN_POINT('Origin',(31.6499999999415,-31.8662594829704,-82.968326394621));
#9653=CARTESIAN_POINT('Origin',(26.2099596508621,-29.3352594829509,-82.9684568279528));
#9654=CARTESIAN_POINT('',(26.6167919471699,-29.3352594829509,-79.4434568279528));
#9655=CARTESIAN_POINT('',(26.6167919471699,-29.3352594829509,-82.9684568279528));
#9656=CARTESIAN_POINT('',(26.2099596508621,-29.3352594829509,-79.4434568279528));
#9657=CARTESIAN_POINT('',(30.9254110603639,-29.3352594829509,-79.4434568279528));
#9658=CARTESIAN_POINT('',(26.2099596508621,-29.3352594829509,-82.7739973417134));
#9659=CARTESIAN_POINT('',(26.2099596508621,-29.3352594829509,-82.9684568279528));
#9660=CARTESIAN_POINT('',(26.5335945839588,-29.3352594829509,-82.9684568279528));
#9661=CARTESIAN_POINT('',(26.5335945839588,-29.3352594829509,-82.9684568279528));
#9662=CARTESIAN_POINT('',(30.1999999999977,-29.3352594829509,-82.9684568279528));
#9663=CARTESIAN_POINT('',(30.1999999999977,-29.3352594829509,-82.9684568279528));
#9664=CARTESIAN_POINT('',(30.1999999999977,-29.3352594829509,-85.1714554558399));
#9665=CARTESIAN_POINT('',(30.1999999999977,-29.3352594829509,-85.1714554558399));
#9666=CARTESIAN_POINT('',(31.424694905069,-29.3352594829509,-85.907326394621));
#9667=CARTESIAN_POINT('Origin',(26.6167919471699,-29.3352594829509,-82.9684568279528));
#9668=CARTESIAN_POINT('',(26.61679194717,-28.6002501906954,-79.4434568279528));
#9669=CARTESIAN_POINT('',(26.61679194717,-28.6002501906954,-82.9684568279528));
#9670=CARTESIAN_POINT('',(26.6167919471694,-35.8657864393005,-79.4434568279528));
#9671=CARTESIAN_POINT('Origin',(-31.9180000000228,7.13373674891521,-78.7749702362676));
#9672=CARTESIAN_POINT('',(-31.9180000000228,42.3337205779811,-85.1290079831189));
#9673=CARTESIAN_POINT('Origin',(-31.9180000000228,7.13373674891521,-78.7749702362676));
#9674=CARTESIAN_POINT('',(-31.9180000000228,-29.4640075182768,-85.8722106216933));
#9675=CARTESIAN_POINT('Origin',(31.6499999999415,-31.8662594829704,-82.9684568279528));
#9676=CARTESIAN_POINT('',(26.2099596508621,-29.3352594829509,-82.9684568279528));
#9677=CARTESIAN_POINT('Origin',(31.6499999999415,-31.8662594829704,-79.4434568279528));
#9678=CARTESIAN_POINT('Origin',(-2.58459920132736E-12,-29.3352594829509,
-77.321476718152));
#9679=CARTESIAN_POINT('',(25.8550612077112,-29.3352594829509,-82.5607528434698));
#9680=CARTESIAN_POINT('',(25.8550612077112,-29.3352594829509,-80.1449667730524));
#9681=CARTESIAN_POINT('',(26.5335945839588,-29.3352594829509,-82.9684568279528));
#9682=CARTESIAN_POINT('Origin',(-2.58459920132736E-12,-29.3352594829509,
-77.321476718152));
#9683=CARTESIAN_POINT('',(31.424694905069,-29.3352594829509,-85.907326394621));
#9684=CARTESIAN_POINT('Origin',(-2.58459920132736E-12,-29.3352594829509,
-77.321476718152));
#9685=CARTESIAN_POINT('',(-25.89174459009,-29.3352594829509,-82.5827944433108));
#9686=CARTESIAN_POINT('',(-25.2000000000023,-29.3352594829509,-82.1671523607018));
#9687=CARTESIAN_POINT('',(-25.89174459009,-29.3352594829509,-80.1449667730524));
#9688=CARTESIAN_POINT('Origin',(31.9176861436024,7.13373674891521,-78.7749702362676));
#9689=CARTESIAN_POINT('',(31.9176861436019,27.2958953234467,-77.1332544636059));
#9690=CARTESIAN_POINT('Origin',(25.8550612077112,-29.3352594829509,-82.9684568279528));
#9691=CARTESIAN_POINT('',(25.9378635919047,-29.2089116217228,-82.9684568279528));
#9692=CARTESIAN_POINT('',(25.8550612077112,-29.3352594829509,-82.9684568279528));
#9693=CARTESIAN_POINT('Origin',(31.6499999999415,-31.8662594829704,-82.9684568279528));
#9694=CARTESIAN_POINT('',(31.9176861436033,-25.5719490260294,-82.9684568279528));
#9695=CARTESIAN_POINT('Origin',(31.9176861436033,-25.5719490260294,-82.9684568279528));
#9696=CARTESIAN_POINT('',(31.9176861436032,-23.0662794220189,-82.4704752925805));
#9697=CARTESIAN_POINT('',(31.9176861436032,-24.0313440353726,-82.9836096960325));
#9698=CARTESIAN_POINT('',(31.9176861436029,-11.0109750101775,-76.0605506593414));
#9699=CARTESIAN_POINT('',(31.9176861436032,-23.0662794220189,-80.3250625377252));
#9700=CARTESIAN_POINT('',(31.9176861436032,-23.0662794220189,-80.6227227644241));
#9701=CARTESIAN_POINT('',(31.9176861436031,-19.0313483848099,-80.3250625377252));
#9702=CARTESIAN_POINT('',(31.9176861436028,-7.96627133655193,-80.3250625377252));
#9703=CARTESIAN_POINT('',(31.9176861436031,-18.0662794220189,-79.8119258216343));
#9704=CARTESIAN_POINT('',(31.9176861436028,-8.51097718489592,-74.7312770801879));
#9705=CARTESIAN_POINT('',(31.9176861436031,-18.066279422019,-79.293448028951));
#9706=CARTESIAN_POINT('',(31.9176861436033,-28.0662794220189,-85.1290247635267));
#9707=CARTESIAN_POINT('',(31.917686143603,-13.4782195802538,-77.3724090086354));
#9708=CARTESIAN_POINT('',(31.9176861436033,-28.0662794220189,-82.9836096960325));
#9709=CARTESIAN_POINT('',(31.9176861436033,-28.0662794220189,-81.9519974998972));
#9710=CARTESIAN_POINT('',(31.9176861436029,-10.4662713365519,-82.9836096960325));
#9711=CARTESIAN_POINT('Origin',(31.9176861436033,-25.5719490260294,-82.9684568279528));
#9712=CARTESIAN_POINT('',(31.9176861436016,39.8394300601225,-82.9684568279528));
#9713=CARTESIAN_POINT('',(31.9176861436018,32.3337205779811,-79.8119136665041));
#9714=CARTESIAN_POINT('',(31.9176861436018,32.3337205779811,-78.2207428078427));
#9715=CARTESIAN_POINT('',(31.9176861436018,33.298813240749,-80.3250625377251));
#9716=CARTESIAN_POINT('',(31.9176861436021,22.2958953234467,-74.4747073052985));
#9717=CARTESIAN_POINT('',(31.9176861436017,37.3337205779811,-80.3250625377251));
#9718=CARTESIAN_POINT('',(31.9176861436021,20.216274994832,-80.3250625377251));
#9719=CARTESIAN_POINT('',(31.9176861436017,37.3337205779811,-82.4704608248115));
#9720=CARTESIAN_POINT('',(31.9176861436017,37.3337205779811,-79.5500163869963));
#9721=CARTESIAN_POINT('',(31.9176861436017,38.2988132407491,-82.9836096960326));
#9722=CARTESIAN_POINT('',(31.917686143602,24.7958953234468,-75.8039808844521));
#9723=CARTESIAN_POINT('',(31.9176861436016,42.3337205779811,-82.9836096960326));
#9724=CARTESIAN_POINT('',(31.9176861436021,22.7162749948321,-82.9836096960325));
#9725=CARTESIAN_POINT('',(31.9176861436016,42.3337205779811,-85.1290079831189));
#9726=CARTESIAN_POINT('',(31.9176861436016,42.3337205779811,-80.8792899661501));
#9727=CARTESIAN_POINT('',(31.9176861436019,27.2958953234467,-77.1332544636059));
#9728=CARTESIAN_POINT('Origin',(31.65,46.1337405170777,-82.9684568279528));
#9729=CARTESIAN_POINT('',(25.9378635919345,43.4763926558335,-82.9684568279528));
#9730=CARTESIAN_POINT('Origin',(25.9378635919345,43.4763926558335,-82.9684568279528));
#9731=CARTESIAN_POINT('',(25.8549350437772,43.6029330301783,-82.5606770365303));
#9732=CARTESIAN_POINT('',(25.8549350437771,43.6029330301783,-80.1449667730524));
#9733=CARTESIAN_POINT('',(25.8549350437772,43.6029330301783,-82.9684568279528));
#9734=CARTESIAN_POINT('Origin',(-2.58681964737661E-12,43.6029330301571,
-77.321476718152));
#9735=CARTESIAN_POINT('',(15.5395070353384,43.6029330301699,-76.3625425778456));
#9736=CARTESIAN_POINT('Origin',(-2.58681964737661E-12,43.6029330301571,
-77.321476718152));
#9737=CARTESIAN_POINT('',(-25.8549350437614,43.6029330301359,-82.5606770365177));
#9738=CARTESIAN_POINT('',(-25.8549350437614,43.6029330301359,-80.1449667730524));
#9739=CARTESIAN_POINT('',(-14.8727097433576,43.6029330301449,-75.961890344217));
#9740=CARTESIAN_POINT('Origin',(-2.58681964737661E-12,43.6029330301571,
-77.321476718152));
#9741=CARTESIAN_POINT('',(17.7354152735409,43.6029330301717,-77.6819773611797));
#9742=CARTESIAN_POINT('Origin',(26.413375799016,-28.9677548368231,-79.4434568279528));
#9743=CARTESIAN_POINT('Origin',(25.8549350437772,43.6029330301783,-82.9684568279528));
#9744=CARTESIAN_POINT('',(25.1999999999977,43.6029330301778,-82.1671523607021));
#9745=CARTESIAN_POINT('',(15.5395070353384,43.6029330301699,-76.3625425778456));
#9746=CARTESIAN_POINT('',(25.1999999999977,43.6029330301778,-79.964153732815));
#9747=CARTESIAN_POINT('',(25.1999999999977,43.6029330301778,-79.7443145394271));
#9748=CARTESIAN_POINT('',(21.5335945839589,43.6029330301748,-79.964153732815));
#9749=CARTESIAN_POINT('',(12.6000000000011,43.6029330301675,-79.964153732815));
#9750=CARTESIAN_POINT('',(13.0395070353385,43.6029330301678,-74.8603910302767));
#9751=CARTESIAN_POINT('Origin',(-31.9180000000228,39.8394434156716,-82.9684568279528));
#9752=CARTESIAN_POINT('',(-31.9180000000228,37.3337205779811,-82.4704608248115));
#9753=CARTESIAN_POINT('',(-31.9180000000228,38.2988132407491,-82.9836096960326));
#9754=CARTESIAN_POINT('',(-31.9180000000228,37.3337205779811,-82.4704608248115));
#9755=CARTESIAN_POINT('',(-31.9180000000228,37.3337205779811,-80.3250625377251));
#9756=CARTESIAN_POINT('',(-31.9180000000228,37.3337205779811,-80.3250625377251));
#9757=CARTESIAN_POINT('',(-31.9180000000228,33.298813240749,-80.3250625377251));
#9758=CARTESIAN_POINT('',(-31.9180000000228,33.298813240749,-80.3250625377251));
#9759=CARTESIAN_POINT('',(-31.9180000000228,32.3337205779811,-79.8119136665041));
#9760=CARTESIAN_POINT('',(-31.9180000000228,32.3337205779811,-79.8119136665041));
#9761=CARTESIAN_POINT('',(-31.9180000000228,32.3337205779811,-79.4434568279528));
#9762=CARTESIAN_POINT('',(-31.9180000000228,32.3337205779811,-77.6665153794178));
#9763=CARTESIAN_POINT('',(-31.9180000000228,39.8394434156716,-79.4434568279528));
#9764=CARTESIAN_POINT('',(-31.9180000000228,-28.965833175525,-79.4434568279528));
#9765=CARTESIAN_POINT('',(-31.9180000000228,39.8394434156716,-82.9684568279528));
#9766=CARTESIAN_POINT('',(-31.9180000000228,42.3337205779811,-85.1290079831189));
#9767=CARTESIAN_POINT('',(-31.9180000000228,42.3337205779811,-85.1290079831189));
#9768=CARTESIAN_POINT('',(-31.9180000000228,42.3337205779811,-82.9836096960326));
#9769=CARTESIAN_POINT('',(-31.9180000000228,42.3337205779811,-82.9836096960326));
#9770=CARTESIAN_POINT('',(-31.9180000000228,38.2988132407491,-82.9836096960326));
#9771=CARTESIAN_POINT('Origin',(-31.9180000000228,39.8394434156716,-82.9684568279528));
#9772=CARTESIAN_POINT('',(-31.9180000000228,-25.5719623816157,-79.4434568279528));
#9773=CARTESIAN_POINT('',(-31.9180000000228,-25.5719623816157,-82.9684568279528));
#9774=CARTESIAN_POINT('',(-31.9180000000228,-18.0662794220189,-79.4434568279528));
#9775=CARTESIAN_POINT('',(-31.9180000000228,-28.965833175525,-79.4434568279528));
#9776=CARTESIAN_POINT('',(-31.9180000000228,-18.0662794220189,-79.8119258216343));
#9777=CARTESIAN_POINT('',(-31.9180000000228,-18.0662794220189,-79.8119258216343));
#9778=CARTESIAN_POINT('',(-31.9180000000228,-19.0313483848099,-80.3250625377252));
#9779=CARTESIAN_POINT('',(-31.9180000000228,-19.0313483848099,-80.3250625377252));
#9780=CARTESIAN_POINT('',(-31.9180000000228,-23.0662794220189,-80.3250625377252));
#9781=CARTESIAN_POINT('',(-31.9180000000228,-23.3662528904517,-80.3250625377252));
#9782=CARTESIAN_POINT('',(-31.9180000000228,-23.0662794220189,-82.4704752925805));
#9783=CARTESIAN_POINT('',(-31.9180000000228,-23.0662794220189,-82.4704752925805));
#9784=CARTESIAN_POINT('',(-31.9180000000228,-24.0313440353726,-82.9836096960325));
#9785=CARTESIAN_POINT('',(-31.9180000000228,-24.0313440353726,-82.9836096960325));
#9786=CARTESIAN_POINT('',(-31.9180000000228,-28.0662794220189,-82.9836096960325));
#9787=CARTESIAN_POINT('',(-31.9180000000228,-28.3662485410144,-82.9836096960325));
#9788=CARTESIAN_POINT('',(-31.9180000000228,-28.0662794220189,-85.1290247635267));
#9789=CARTESIAN_POINT('',(-31.9180000000228,-28.0662794220189,-85.1290247635267));
#9790=CARTESIAN_POINT('',(-31.9180000000228,-29.4640075182768,-85.8722106216933));
#9791=CARTESIAN_POINT('Origin',(-25.8917445900899,-29.3352594829509,-82.9684568279528));
#9792=CARTESIAN_POINT('',(-21.533594583964,-29.3352594829509,-79.964153732815));
#9793=CARTESIAN_POINT('',(-20.2000000000023,-29.3352594829509,-79.162849265564));
#9794=CARTESIAN_POINT('',(-25.89174459009,-29.3352594829509,-79.4434568279528));
#9795=CARTESIAN_POINT('',(30.9254110603639,-29.3352594829509,-79.4434568279528));
#9796=CARTESIAN_POINT('',(-25.89174459009,-29.3352594829509,-82.9684568279528));
#9797=CARTESIAN_POINT('',(-25.2000000000023,-29.3352594829509,-82.1671523607018));
#9798=CARTESIAN_POINT('',(-25.2000000000023,-29.3352594829509,-82.1671523607018));
#9799=CARTESIAN_POINT('',(-25.2000000000023,-29.3352594829509,-79.964153732815));
#9800=CARTESIAN_POINT('',(-25.2000000000023,-29.3352594829509,-79.964153732815));
#9801=CARTESIAN_POINT('',(-21.533594583964,-29.3352594829509,-79.964153732815));
#9802=CARTESIAN_POINT('Origin',(-25.8917445900899,-29.3352594829509,-82.9684568279528));
#9803=CARTESIAN_POINT('',(21.5335945839589,-29.3352594829509,-79.964153732815));
#9804=CARTESIAN_POINT('',(21.5335945839589,-29.3352594829509,-79.964153732815));
#9805=CARTESIAN_POINT('',(25.1999999999977,-29.3352594829509,-79.964153732815));
#9806=CARTESIAN_POINT('',(25.1999999999977,-29.3352594829509,-79.964153732815));
#9807=CARTESIAN_POINT('',(25.1999999999977,-29.3352594829509,-82.1671523607021));
#9808=CARTESIAN_POINT('',(25.1999999999977,-29.3352594829509,-82.1671523607021));
#9809=CARTESIAN_POINT('',(26.5335945839588,-29.3352594829509,-82.9684568279528));
#9810=CARTESIAN_POINT('Origin',(-31.6499999999523,46.1337405170031,-82.9684568279528));
#9811=CARTESIAN_POINT('',(-25.9378635918979,43.4763926557917,-79.4434568279528));
#9812=CARTESIAN_POINT('Origin',(-31.6499999999523,46.1337405170031,-79.4434568279528));
#9813=CARTESIAN_POINT('',(-25.9378635918979,43.4763926557917,-82.9684568279528));
#9814=CARTESIAN_POINT('Origin',(-25.8549350437614,43.6029330301359,-82.9684568279528));
#9815=CARTESIAN_POINT('',(-25.8549350437614,43.6029330301359,-79.4434568279528));
#9816=CARTESIAN_POINT('',(-25.9378635918979,43.4763926557917,-79.4434568279528));
#9817=CARTESIAN_POINT('',(-25.8549350437614,43.6029330301359,-82.9684568279528));
#9818=CARTESIAN_POINT('Origin',(25.8549350437772,43.6029330301783,-82.9684568279528));
#9819=CARTESIAN_POINT('',(-25.2000000000023,43.6029330301364,-82.1671523607018));
#9820=CARTESIAN_POINT('',(-14.8727097433576,43.6029330301449,-75.961890344217));
#9821=CARTESIAN_POINT('',(30.9254110603639,43.6029330301825,-79.4434568279528));
#9822=CARTESIAN_POINT('',(-21.533594583964,43.6029330301394,-79.964153732815));
#9823=CARTESIAN_POINT('',(-12.3727097433576,43.602933030147,-74.4597387966481));
#9824=CARTESIAN_POINT('',(-25.2000000000023,43.6029330301364,-79.964153732815));
#9825=CARTESIAN_POINT('',(-10.7667972919798,43.6029330301483,-79.964153732815));
#9826=CARTESIAN_POINT('',(-25.2000000000023,43.6029330301364,-78.6428152254835));
#9827=CARTESIAN_POINT('Origin',(-25.9378635919232,-29.2089116217404,-82.9684568279528));
#9828=CARTESIAN_POINT('',(-25.9378635919232,-29.2089116217404,-79.4434568279528));
#9829=CARTESIAN_POINT('',(-25.9378635919232,-29.2089116217404,-79.4434568279528));
#9830=CARTESIAN_POINT('',(-25.9378635919232,-29.2089116217404,-82.9684568279528));
#9831=CARTESIAN_POINT('Origin',(-31.650000000021,-31.8662594829714,-82.9684568279528));
#9832=CARTESIAN_POINT('Origin',(-31.650000000021,-31.8662594829714,-79.4434568279528));
#9833=CARTESIAN_POINT('Origin',(-0.000156928209764651,7.13383677361374,
-79.4434568279528));
#9834=CARTESIAN_POINT('',(-31.9180000000228,7.13378676126448,-79.4434568279528));
#9835=CARTESIAN_POINT('Origin',(-2.58459920132736E-12,-29.3352594829509,
-77.321476718152));
#9836=CARTESIAN_POINT('',(-30.2000000000023,-29.3352594829509,-85.1714554558396));
#9837=CARTESIAN_POINT('Origin',(5.19999999999765,-29.3352594829509,-70.1499399801509));
#9838=CARTESIAN_POINT('',(5.19999999999765,-37.8637736263297,-69.035627041683));
#9839=CARTESIAN_POINT('',(5.19999999999765,-37.8637736263297,-70.1499399801509));
#9840=CARTESIAN_POINT('',(5.19999999999767,-37.8637736263297,-73.7357083491514));
#9841=CARTESIAN_POINT('',(5.19999999999765,-29.3352594829509,-70.1499399801509));
#9842=CARTESIAN_POINT('',(5.19999999999765,-29.3352594829509,-69.035627041683));
#9843=CARTESIAN_POINT('Origin',(6.53359458395884,-29.3352594829509,-70.9512444474016));
#9844=CARTESIAN_POINT('',(6.53359458395884,-37.8638989618673,-70.9512444474016));
#9845=CARTESIAN_POINT('',(5.53921255716548,-37.8638055066243,-70.3537594472327));
#9846=CARTESIAN_POINT('',(6.53359458395884,-29.3352594829509,-70.9512444474016));
#9847=CARTESIAN_POINT('Origin',(10.1999999999977,-29.3352594829509,-70.9512444474016));
#9848=CARTESIAN_POINT('',(10.1999999999977,-37.8642435425211,-70.9512444474016));
#9849=CARTESIAN_POINT('',(5.09959920923053,-37.8637641903383,-70.9512444474016));
#9850=CARTESIAN_POINT('',(10.1999999999977,-29.3352594829509,-70.9512444474016));
#9851=CARTESIAN_POINT('Origin',(10.1999999999977,-29.3352594829509,-73.1542430752887));
#9852=CARTESIAN_POINT('',(10.1999999999977,-37.8642435425211,-73.1542430752887));
#9853=CARTESIAN_POINT('',(10.1999999999977,-37.8642435425211,-75.2378598967203));
#9854=CARTESIAN_POINT('',(10.1999999999977,-29.3352594829509,-73.1542430752887));
#9855=CARTESIAN_POINT('Origin',(11.5335945839589,-29.3352594829509,-73.9555475425394));
#9856=CARTESIAN_POINT('',(11.5335945839589,-37.8643688780586,-73.9555475425394));
#9857=CARTESIAN_POINT('',(8.03921254094095,-37.8640404647185,-71.8559109850529));
#9858=CARTESIAN_POINT('',(11.5335945839589,-29.3352594829509,-73.9555475425394));
#9859=CARTESIAN_POINT('Origin',(15.1999999999977,-29.3352594829509,-73.9555475425394));
#9860=CARTESIAN_POINT('',(15.1999999999977,-37.8647134587125,-73.9555475425394));
#9861=CARTESIAN_POINT('',(7.59959918714842,-37.8639991484319,-73.9555475425394));
#9862=CARTESIAN_POINT('',(15.1999999999977,-29.3352594829509,-73.9555475425394));
#9863=CARTESIAN_POINT('Origin',(15.1999999999977,-29.3352594829509,-76.1585461704265));
#9864=CARTESIAN_POINT('',(15.1999999999977,-37.8647134587125,-76.1585461704265));
#9865=CARTESIAN_POINT('',(15.1999999999977,-37.8647134587125,-76.7400114442893));
#9866=CARTESIAN_POINT('',(15.1999999999977,-29.3352594829509,-76.1585461704265));
#9867=CARTESIAN_POINT('Origin',(16.5335945839588,-29.3352594829509,-76.9598506376772));
#9868=CARTESIAN_POINT('',(16.5335945839588,-37.86483879425,-76.9598506376772));
#9869=CARTESIAN_POINT('',(10.5392125247165,-37.8642754228126,-73.3580625228731));
#9870=CARTESIAN_POINT('',(16.5335945839588,-29.3352594829509,-76.9598506376772));
#9871=CARTESIAN_POINT('Origin',(20.1999999999977,-29.3352594829509,-76.9598506376772));
#9872=CARTESIAN_POINT('',(20.1999999999977,-37.8651833749038,-76.9598506376772));
#9873=CARTESIAN_POINT('',(10.0995991650663,-37.8642341065255,-76.9598506376772));
#9874=CARTESIAN_POINT('',(20.1999999999977,-29.3352594829509,-76.9598506376772));
#9875=CARTESIAN_POINT('Origin',(20.1999999999977,-29.3352594829509,-79.1628492655643));
#9876=CARTESIAN_POINT('',(20.1999999999977,-37.8651833749038,-79.1628492655643));
#9877=CARTESIAN_POINT('',(20.1999999999977,-37.8651833749038,-78.2421629918581));
#9878=CARTESIAN_POINT('',(20.1999999999977,-29.3352594829509,-79.1628492655643));
#9879=CARTESIAN_POINT('Origin',(21.5335945839589,-29.3352594829509,-79.964153732815));
#9880=CARTESIAN_POINT('',(21.5335945839589,-37.8653087104414,-79.964153732815));
#9881=CARTESIAN_POINT('',(13.0392125084919,-37.8645103809068,-74.8602140606933));
#9882=CARTESIAN_POINT('',(21.5335945839589,-29.3352594829509,-79.964153732815));
#9883=CARTESIAN_POINT('Origin',(25.1999999999977,-29.3352594829509,-79.964153732815));
#9884=CARTESIAN_POINT('',(25.1999999999977,-37.8656532910952,-79.964153732815));
#9885=CARTESIAN_POINT('',(12.5995991429842,-37.8644690646191,-79.964153732815));
#9886=CARTESIAN_POINT('',(25.1999999999977,-29.3352594829509,-79.964153732815));
#9887=CARTESIAN_POINT('Origin',(25.1999999999977,-29.3352594829509,-82.1671523607021));
#9888=CARTESIAN_POINT('',(25.1999999999977,-37.8656532910952,-82.1671523607021));
#9889=CARTESIAN_POINT('',(25.1999999999977,-37.8656532910952,-79.7443145394271));
#9890=CARTESIAN_POINT('',(25.1999999999977,-29.3352594829509,-82.1671523607021));
#9891=CARTESIAN_POINT('Origin',(26.5335945839588,-29.3352594829509,-82.9684568279528));
#9892=CARTESIAN_POINT('',(26.5335945839588,-37.8657786266327,-82.9684568279528));
#9893=CARTESIAN_POINT('',(15.5392124922674,-37.8647453390009,-76.3623655985135));
#9894=CARTESIAN_POINT('',(26.5335945839588,-29.3352594829509,-82.9684568279528));
#9895=CARTESIAN_POINT('Origin',(30.1999999999977,-29.3352594829509,-82.9684568279528));
#9896=CARTESIAN_POINT('',(30.1999999999977,-37.8661232072865,-82.9684568279528));
#9897=CARTESIAN_POINT('',(15.0995991209021,-37.8647040227127,-82.9684568279528));
#9898=CARTESIAN_POINT('',(30.1999999999977,-29.3352594829509,-82.9684568279528));
#9899=CARTESIAN_POINT('Origin',(30.1999999999977,-29.3352594829509,-85.1714554558399));
#9900=CARTESIAN_POINT('',(30.1999999999977,-37.8661232072865,-85.1714554558399));
#9901=CARTESIAN_POINT('',(30.1999999999977,-37.8661232072865,-81.246466086996));
#9902=CARTESIAN_POINT('',(30.1999999999977,-29.3352594829509,-85.1714554558399));
#9903=CARTESIAN_POINT('Origin',(30.9254110603639,-29.3352594829509,-85.607326394621));
#9904=CARTESIAN_POINT('',(17.7351207162188,-37.8649517175668,-77.6818003732848));
#9905=CARTESIAN_POINT('Origin',(-30.2000000000023,-29.3352594829509,-85.1714554558396));
#9906=CARTESIAN_POINT('',(-30.2000000000023,-37.8604466196949,-85.1714554558396));
#9907=CARTESIAN_POINT('',(-17.3730040728345,-37.8616521423094,-77.4642187427777));
#9908=CARTESIAN_POINT('',(-30.2000000000023,-29.3352594829509,-85.1714554558396));
#9909=CARTESIAN_POINT('Origin',(-30.2000000000023,-29.3352594829509,-82.9684568279528));
#9910=CARTESIAN_POINT('',(-30.2000000000023,-37.8604466196949,-82.9684568279528));
#9911=CARTESIAN_POINT('',(-30.2000000000023,-37.8604466196949,-80.1449667730524));
#9912=CARTESIAN_POINT('',(-30.2000000000023,-29.3352594829509,-82.9684568279528));
#9913=CARTESIAN_POINT('Origin',(-26.533594583964,-29.3352594829509,-82.9684568279528));
#9914=CARTESIAN_POINT('',(-26.533594583964,-37.8607912003487,-82.9684568279528));
#9915=CARTESIAN_POINT('',(-13.2671979205192,-37.8620380192673,-82.9684568279528));
#9916=CARTESIAN_POINT('',(-26.533594583964,-29.3352594829509,-82.9684568279528));
#9917=CARTESIAN_POINT('Origin',(-25.2000000000023,-29.3352594829509,-82.1671523607018));
#9918=CARTESIAN_POINT('',(-25.2000000000023,-37.8609165358863,-82.1671523607018));
#9919=CARTESIAN_POINT('',(-14.8730040890591,-37.8618871004036,-75.9620672049574));
#9920=CARTESIAN_POINT('',(-25.2000000000023,-29.3352594829509,-82.1671523607018));
#9921=CARTESIAN_POINT('Origin',(-25.2000000000023,-29.3352594829509,-79.964153732815));
#9922=CARTESIAN_POINT('',(-25.2000000000023,-37.8609165358863,-79.964153732815));
#9923=CARTESIAN_POINT('',(-25.2000000000023,-37.8609165358863,-78.6428152254835));
#9924=CARTESIAN_POINT('',(-25.2000000000023,-29.3352594829509,-79.964153732815));
#9925=CARTESIAN_POINT('Origin',(-21.533594583964,-29.3352594829509,-79.964153732815));
#9926=CARTESIAN_POINT('',(-21.533594583964,-37.8612611165401,-79.964153732815));
#9927=CARTESIAN_POINT('',(-10.7671979426013,-37.862272977361,-79.964153732815));
#9928=CARTESIAN_POINT('',(-21.533594583964,-29.3352594829509,-79.964153732815));
#9929=CARTESIAN_POINT('Origin',(-20.2000000000023,-29.3352594829509,-79.162849265564));
#9930=CARTESIAN_POINT('',(-20.2000000000023,-37.8613864520776,-79.162849265564));
#9931=CARTESIAN_POINT('',(-12.3730041052837,-37.8621220584977,-74.4599156671372));
#9932=CARTESIAN_POINT('',(-20.2000000000023,-29.3352594829509,-79.162849265564));
#9933=CARTESIAN_POINT('Origin',(-20.2000000000023,-29.3352594829509,-76.9598506376772));
#9934=CARTESIAN_POINT('',(-20.2000000000023,-37.8613864520776,-76.9598506376772));
#9935=CARTESIAN_POINT('',(-20.2000000000023,-37.8613864520776,-77.1406636779146));
#9936=CARTESIAN_POINT('',(-20.2000000000023,-29.3352594829509,-76.9598506376772));
#9937=CARTESIAN_POINT('Origin',(-16.533594583964,-29.3352594829509,-76.9598506376772));
#9938=CARTESIAN_POINT('',(-16.533594583964,-37.8617310327314,-76.9598506376772));
#9939=CARTESIAN_POINT('',(-8.2671979646834,-37.8625079354546,-76.9598506376772));
#9940=CARTESIAN_POINT('',(-16.533594583964,-29.3352594829509,-76.9598506376772));
#9941=CARTESIAN_POINT('Origin',(-15.2000000000023,-29.3352594829509,-76.1585461704262));
#9942=CARTESIAN_POINT('',(-15.2000000000023,-37.861856368269,-76.1585461704262));
#9943=CARTESIAN_POINT('',(-9.87300412150819,-37.8623570165919,-72.957764129317));
#9944=CARTESIAN_POINT('',(-15.2000000000023,-29.3352594829509,-76.1585461704262));
#9945=CARTESIAN_POINT('Origin',(-15.2000000000023,-29.3352594829509,-73.9555475425394));
#9946=CARTESIAN_POINT('',(-15.2000000000023,-37.861856368269,-73.9555475425394));
#9947=CARTESIAN_POINT('',(-15.2000000000023,-37.861856368269,-75.6385121303457));
#9948=CARTESIAN_POINT('',(-15.2000000000023,-29.3352594829509,-73.9555475425394));
#9949=CARTESIAN_POINT('Origin',(-11.533594583964,-29.3352594829509,-73.9555475425394));
#9950=CARTESIAN_POINT('',(-11.533594583964,-37.8622009489228,-73.9555475425394));
#9951=CARTESIAN_POINT('',(-5.76719798676553,-37.8627428935482,-73.9555475425394));
#9952=CARTESIAN_POINT('',(-11.533594583964,-29.3352594829509,-73.9555475425394));
#9953=CARTESIAN_POINT('Origin',(-10.2000000000023,-29.3352594829509,-73.1542430752884));
#9954=CARTESIAN_POINT('',(-10.2000000000023,-37.8623262844603,-73.1542430752884));
#9955=CARTESIAN_POINT('',(-7.37300413773273,-37.8625919746861,-71.4556125914967));
#9956=CARTESIAN_POINT('',(-10.2000000000023,-29.3352594829509,-73.1542430752884));
#9957=CARTESIAN_POINT('Origin',(-10.2000000000023,-29.3352594829509,-70.9512444474016));
#9958=CARTESIAN_POINT('',(-10.2000000000023,-37.8623262844603,-70.9512444474016));
#9959=CARTESIAN_POINT('',(-10.2000000000023,-37.8623262844603,-74.1363605827768));
#9960=CARTESIAN_POINT('',(-10.2000000000023,-29.3352594829509,-70.9512444474016));
#9961=CARTESIAN_POINT('Origin',(-6.53359458396399,-29.3352594829509,-70.9512444474016));
#9962=CARTESIAN_POINT('',(-6.53359458396399,-37.8626708651142,-70.9512444474016));
#9963=CARTESIAN_POINT('',(-3.26719800884764,-37.8629778516418,-70.9512444474016));
#9964=CARTESIAN_POINT('',(-6.53359458396399,-29.3352594829509,-70.9512444474016));
#9965=CARTESIAN_POINT('Origin',(-5.20000000000235,-29.3352594829509,-70.1499399801506));
#9966=CARTESIAN_POINT('',(-5.20000000000235,-37.8627962006517,-70.1499399801506));
#9967=CARTESIAN_POINT('',(-4.87300415395727,-37.8628269327802,-69.9534610536765));
#9968=CARTESIAN_POINT('',(-5.20000000000235,-29.3352594829509,-70.1499399801506));
#9969=CARTESIAN_POINT('Origin',(-5.20000000000235,-29.3352594829509,-69.035627041683));
#9970=CARTESIAN_POINT('',(-5.20000000000235,-37.8627962006517,-69.035627041683));
#9971=CARTESIAN_POINT('',(-5.20000000000236,-37.8627962006517,-73.1785518799175));
#9972=CARTESIAN_POINT('',(-5.20000000000235,-29.3352594829509,-69.035627041683));
#9973=CARTESIAN_POINT('Origin',(5.19999999999765,-29.3352594829509,-69.035627041683));
#9974=CARTESIAN_POINT('',(2.59959923131265,-37.8635292322447,-69.035627041683));
#9975=CARTESIAN_POINT('Origin',(-2.58681964737661E-12,-37.8632849134907,
-77.321476718152));
#9976=CARTESIAN_POINT('Origin',(-31.9180000000228,7.13373674891521,-78.7749702362676));
#9977=CARTESIAN_POINT('',(-31.9180000000228,32.3337205779811,-77.6665153794178));
#9978=CARTESIAN_POINT('',(-31.9180000000228,32.3337205779811,-77.6665153794178));
#9979=CARTESIAN_POINT('',(-31.9180000000228,28.2988132407491,-77.6665153794178));
#9980=CARTESIAN_POINT('',(-31.9180000000228,28.2988132407491,-77.6665153794178));
#9981=CARTESIAN_POINT('',(-31.9180000000228,27.3337205779811,-77.1533665081968));
#9982=CARTESIAN_POINT('',(-31.9180000000228,27.3337205779811,-77.1533665081968));
#9983=CARTESIAN_POINT('',(-31.9180000000228,27.3337205779811,-75.0079682211104));
#9984=CARTESIAN_POINT('',(-31.9180000000228,27.3337205779811,-75.0079682211104));
#9985=CARTESIAN_POINT('',(-31.9180000000228,23.2988132407491,-75.0079682211104));
#9986=CARTESIAN_POINT('',(-31.9180000000228,23.2988132407491,-75.0079682211104));
#9987=CARTESIAN_POINT('',(-31.9180000000228,22.3337205779811,-74.4948193498893));
#9988=CARTESIAN_POINT('',(-31.9180000000228,22.3337205779811,-74.4948193498893));
#9989=CARTESIAN_POINT('',(-31.9180000000228,22.3337205779811,-72.349421062803));
#9990=CARTESIAN_POINT('',(-31.9180000000228,22.3337205779811,-72.349421062803));
#9991=CARTESIAN_POINT('',(-31.9180000000228,18.2988132407491,-72.349421062803));
#9992=CARTESIAN_POINT('',(-31.9180000000228,18.2988132407491,-72.349421062803));
#9993=CARTESIAN_POINT('',(-31.9180000000228,17.5337205779812,-71.9426140779143));
#9994=CARTESIAN_POINT('',(-31.9180000000228,17.3337205779812,-71.836272191582));
#9995=CARTESIAN_POINT('',(-31.9180000000228,17.5337205779812,-75.3091527943588));
#9996=CARTESIAN_POINT('',(-31.9180000000228,17.5337205779812,-75.3091527943588));
#9997=CARTESIAN_POINT('',(-31.9180000000228,-3.26627942201885,-75.3091527943588));
#9998=CARTESIAN_POINT('',(-31.9180000000228,-3.26627942201885,-75.3091527943588));
#9999=CARTESIAN_POINT('',(-31.9180000000228,-3.26627942201885,-71.9426193876334));
#10000=CARTESIAN_POINT('',(-31.9180000000228,-3.26627942201885,-69.7908739044956));
#10001=CARTESIAN_POINT('',(-31.9180000000228,-4.03136124856255,-72.3494209646711));
#10002=CARTESIAN_POINT('',(-31.9180000000228,-4.03136124856255,-72.3494209646711));
#10003=CARTESIAN_POINT('',(-31.9180000000228,-8.06627942201894,-72.3494262582872));
#10004=CARTESIAN_POINT('',(-31.9180000000228,-8.36627605667217,-72.3494266518682));
#10005=CARTESIAN_POINT('',(-31.9180000000228,-8.06627942201894,-74.4948268797419));
#10006=CARTESIAN_POINT('',(-31.9180000000228,-8.06627942201894,-74.4948268797419));
#10007=CARTESIAN_POINT('',(-31.9180000000228,-9.03135708368437,-75.0079682211104));
#10008=CARTESIAN_POINT('',(-31.9180000000228,-9.03135708368437,-75.0079682211104));
#10009=CARTESIAN_POINT('',(-31.9180000000228,-13.0662794220189,-75.0079682211104));
#10010=CARTESIAN_POINT('',(-31.9180000000228,-13.3662762014535,-75.0079682211104));
#10011=CARTESIAN_POINT('',(-31.9180000000228,-13.0662794220189,-77.1533763506881));
#10012=CARTESIAN_POINT('',(-31.9180000000228,-13.0662794220189,-77.1533763506881));
#10013=CARTESIAN_POINT('',(-31.9180000000228,-14.0313527342472,-77.6665153794178));
#10014=CARTESIAN_POINT('',(-31.9180000000228,-14.0313527342472,-77.6665153794178));
#10015=CARTESIAN_POINT('',(-31.9180000000228,-18.0662794220189,-77.6665153794178));
#10016=CARTESIAN_POINT('',(-31.9180000000228,-18.3662572398889,-77.6665153794178));
#10017=CARTESIAN_POINT('',(-31.9180000000228,-18.0662794220189,-79.8119258216343));
#10018=CARTESIAN_POINT('Origin',(-31.9180000000228,-3.26627942201885,-71.9426193876334));
#10019=CARTESIAN_POINT('',(-37.6499975087942,-3.26627942201885,-75.3091527943588));
#10020=CARTESIAN_POINT('',(-37.6499975087942,-3.26627942201885,-71.9426193876334));
#10021=CARTESIAN_POINT('',(-37.6499975087942,-3.26627942201885,-75.3587948119505));
#10022=CARTESIAN_POINT('',(-31.9180000000228,-3.26627942201885,-71.9426193876334));
#10023=CARTESIAN_POINT('',(-31.9180000000228,-3.26627942201885,-75.3091527943588));
#10024=CARTESIAN_POINT('Origin',(-31.9180000000228,-4.03136124856255,-72.3494209646711));
#10025=CARTESIAN_POINT('',(-37.6499975754368,-4.03136124856255,-72.3494209646711));
#10026=CARTESIAN_POINT('',(-37.6499973123462,-1.01098342215142,-70.7434561901786));
#10027=CARTESIAN_POINT('',(-31.9180000000228,-4.03136124856255,-72.3494209646711));
#10028=CARTESIAN_POINT('Origin',(-31.9180000000228,-8.06627942201894,-72.3494262582872));
#10029=CARTESIAN_POINT('',(-37.649997926899,-8.06627942201894,-72.3494262582872));
#10030=CARTESIAN_POINT('',(-37.6499972648993,-0.466275301921951,-72.349416287452));
#10031=CARTESIAN_POINT('',(-31.9180000000228,-8.06627942201894,-72.3494262582872));
#10032=CARTESIAN_POINT('Origin',(-31.9180000000228,-8.06627942201894,-74.4948268797419));
#10033=CARTESIAN_POINT('',(-37.649997926899,-8.06627942201894,-74.4948268797419));
#10034=CARTESIAN_POINT('',(-37.649997926899,-8.06627942201893,-76.6348985580048));
#10035=CARTESIAN_POINT('',(-31.9180000000228,-8.06627942201894,-74.4948268797419));
#10036=CARTESIAN_POINT('Origin',(-31.9180000000228,-9.03135708368437,-75.0079682211104));
#10037=CARTESIAN_POINT('',(-37.6499980109623,-9.03135708368437,-75.0079682211104));
#10038=CARTESIAN_POINT('',(-37.649997530109,-3.51098133971242,-72.0727298183982));
#10039=CARTESIAN_POINT('',(-31.9180000000228,-9.03135708368437,-75.0079682211104));
#10040=CARTESIAN_POINT('Origin',(-31.9180000000228,-13.0662794220189,-75.0079682211104));
#10041=CARTESIAN_POINT('',(-37.6499983624249,-13.0662794220189,-75.0079682211104));
#10042=CARTESIAN_POINT('',(-37.6499974826619,-2.96627108690849,-75.0079682211104));
#10043=CARTESIAN_POINT('',(-31.9180000000228,-13.0662794220189,-75.0079682211104));
#10044=CARTESIAN_POINT('Origin',(-31.9180000000228,-13.0662794220189,-77.1533763506881));
#10045=CARTESIAN_POINT('',(-37.6499983624249,-13.0662794220189,-77.1533763506881));
#10046=CARTESIAN_POINT('',(-37.6499983624249,-13.0662794220189,-77.9641732934778));
#10047=CARTESIAN_POINT('',(-31.9180000000228,-13.0662794220189,-77.1533763506881));
#10048=CARTESIAN_POINT('Origin',(-31.9180000000228,-14.0313527342472,-77.6665153794178));
#10049=CARTESIAN_POINT('',(-37.6499984464878,-14.0313527342472,-77.6665153794178));
#10050=CARTESIAN_POINT('',(-37.6499977478717,-6.01097916499357,-73.4020033975521));
#10051=CARTESIAN_POINT('',(-31.9180000000228,-14.0313527342472,-77.6665153794178));
#10052=CARTESIAN_POINT('Origin',(-31.9180000000228,-18.0662794220189,-77.6665153794178));
#10053=CARTESIAN_POINT('',(-37.6499987979508,-18.0662794220189,-77.6665153794178));
#10054=CARTESIAN_POINT('',(-37.6499977004248,-5.46627108690848,-77.6665153794178));
#10055=CARTESIAN_POINT('',(-31.9180000000228,-18.0662794220189,-77.6665153794178));
#10056=CARTESIAN_POINT('Origin',(-31.9180000000228,-18.0662794220189,-79.8119258216343));
#10057=CARTESIAN_POINT('',(-37.6499987979508,-18.0662794220189,-79.8119258216343));
#10058=CARTESIAN_POINT('',(-37.6499987979508,-18.066279422019,-79.293448028951));
#10059=CARTESIAN_POINT('',(-31.9180000000228,-18.0662794220189,-79.8119258216343));
#10060=CARTESIAN_POINT('Origin',(-31.9180000000228,-19.0313483848099,-80.3250625377252));
#10061=CARTESIAN_POINT('',(-37.6499988820133,-19.0313483848099,-80.3250625377252));
#10062=CARTESIAN_POINT('',(-37.6499979656345,-8.51097699027482,-74.7312769767059));
#10063=CARTESIAN_POINT('',(-31.9180000000228,-19.0313483848099,-80.3250625377252));
#10064=CARTESIAN_POINT('Origin',(-31.9180000000228,-23.0662794220189,-80.3250625377252));
#10065=CARTESIAN_POINT('',(-37.6499992334767,-23.0662794220189,-80.3250625377252));
#10066=CARTESIAN_POINT('',(-37.6499979181878,-7.96627108690845,-80.3250625377252));
#10067=CARTESIAN_POINT('',(-31.9180000000228,-23.0662794220189,-80.3250625377252));
#10068=CARTESIAN_POINT('Origin',(-31.9180000000228,-23.0662794220189,-82.4704752925805));
#10069=CARTESIAN_POINT('',(-37.6499992334767,-23.0662794220189,-82.4704752925805));
#10070=CARTESIAN_POINT('',(-37.6499992334767,-23.0662794220189,-80.6227227644241));
#10071=CARTESIAN_POINT('',(-31.9180000000228,-23.0662794220189,-82.4704752925805));
#10072=CARTESIAN_POINT('Origin',(-31.9180000000228,-24.0313440353726,-82.9836096960325));
#10073=CARTESIAN_POINT('',(-37.6499993175388,-24.0313440353726,-82.9836096960325));
#10074=CARTESIAN_POINT('',(-37.6499981833972,-11.0109748155564,-76.0605505558594));
#10075=CARTESIAN_POINT('',(-31.9180000000228,-24.0313440353726,-82.9836096960325));
#10076=CARTESIAN_POINT('Origin',(-31.9180000000228,-28.0662794220189,-82.9836096960325));
#10077=CARTESIAN_POINT('',(-37.6499996690026,-28.0662794220189,-82.9836096960325));
#10078=CARTESIAN_POINT('',(-37.6499981359507,-10.4662710869084,-82.9836096960325));
#10079=CARTESIAN_POINT('',(-31.9180000000228,-28.0662794220189,-82.9836096960325));
#10080=CARTESIAN_POINT('Origin',(-31.9180000000228,-28.0662794220189,-85.1290247635267));
#10081=CARTESIAN_POINT('',(-37.6499996690026,-28.0662794220189,-85.1290247635267));
#10082=CARTESIAN_POINT('',(-37.6499996690026,-28.0662794220189,-81.9519974998972));
#10083=CARTESIAN_POINT('',(-31.9180000000228,-28.0662794220189,-85.1290247635267));
#10084=CARTESIAN_POINT('Origin',(-31.9180000000228,-28.965833175525,-85.607326394621));
#10085=CARTESIAN_POINT('',(-37.649998398307,-13.4782193856327,-77.3724089051535));
#10086=CARTESIAN_POINT('Origin',(-31.9180000000228,42.3337205779811,-85.1290079831189));
#10087=CARTESIAN_POINT('',(-37.649993536798,42.3337205779811,-85.1290079831189));
#10088=CARTESIAN_POINT('',(-37.6499948466705,27.2958955180676,-77.1332545670877));
#10089=CARTESIAN_POINT('',(-31.9180000000228,42.3337205779811,-85.1290079831189));
#10090=CARTESIAN_POINT('Origin',(-31.9180000000228,42.3337205779811,-82.9836096960326));
#10091=CARTESIAN_POINT('',(-37.649993536798,42.3337205779811,-82.9836096960326));
#10092=CARTESIAN_POINT('',(-37.649993536798,42.3337205779811,-80.8792899661501));
#10093=CARTESIAN_POINT('',(-31.9180000000228,42.3337205779811,-82.9836096960326));
#10094=CARTESIAN_POINT('Origin',(-31.9180000000228,38.2988132407491,-82.9836096960326));
#10095=CARTESIAN_POINT('',(-37.6499938882593,38.2988132407491,-82.9836096960326));
#10096=CARTESIAN_POINT('',(-37.6499952455791,22.7162752444753,-82.9836096960325));
#10097=CARTESIAN_POINT('',(-31.9180000000228,38.2988132407491,-82.9836096960326));
#10098=CARTESIAN_POINT('Origin',(-31.9180000000228,37.3337205779811,-82.4704608248115));
#10099=CARTESIAN_POINT('',(-37.6499939723239,37.3337205779811,-82.4704608248115));
#10100=CARTESIAN_POINT('',(-37.6499950644334,24.7958955180677,-75.8039809879339));
#10101=CARTESIAN_POINT('',(-31.9180000000228,37.3337205779811,-82.4704608248115));
#10102=CARTESIAN_POINT('Origin',(-31.9180000000228,37.3337205779811,-80.3250625377251));
#10103=CARTESIAN_POINT('',(-37.6499939723239,37.3337205779811,-80.3250625377251));
#10104=CARTESIAN_POINT('',(-37.6499939723239,37.3337205779811,-79.5500163869963));
#10105=CARTESIAN_POINT('',(-31.9180000000228,37.3337205779811,-80.3250625377251));
#10106=CARTESIAN_POINT('Origin',(-31.9180000000228,33.298813240749,-80.3250625377251));
#10107=CARTESIAN_POINT('',(-37.6499943237852,33.298813240749,-80.3250625377251));
#10108=CARTESIAN_POINT('',(-37.649995463342,20.2162752444753,-80.3250625377251));
#10109=CARTESIAN_POINT('',(-31.9180000000228,33.298813240749,-80.3250625377251));
#10110=CARTESIAN_POINT('Origin',(-31.9180000000228,32.3337205779811,-79.8119136665041));
#10111=CARTESIAN_POINT('',(-37.6499944078498,32.3337205779811,-79.8119136665041));
#10112=CARTESIAN_POINT('',(-37.6499952821963,22.2958955180677,-74.4747074087803));
#10113=CARTESIAN_POINT('',(-31.9180000000228,32.3337205779811,-79.8119136665041));
#10114=CARTESIAN_POINT('Origin',(-31.9180000000228,32.3337205779811,-77.6665153794178));
#10115=CARTESIAN_POINT('',(-37.6499944078498,32.3337205779811,-77.6665153794178));
#10116=CARTESIAN_POINT('',(-37.6499944078498,32.3337205779811,-78.2207428078427));
#10117=CARTESIAN_POINT('',(-31.9180000000228,32.3337205779811,-77.6665153794178));
#10118=CARTESIAN_POINT('Origin',(-31.9180000000228,28.2988132407491,-77.6665153794178));
#10119=CARTESIAN_POINT('',(-37.6499947593111,28.2988132407491,-77.6665153794178));
#10120=CARTESIAN_POINT('',(-37.649995681105,17.7162752444754,-77.6665153794178));
#10121=CARTESIAN_POINT('',(-31.9180000000228,28.2988132407491,-77.6665153794178));
#10122=CARTESIAN_POINT('Origin',(-31.9180000000228,27.3337205779811,-77.1533665081968));
#10123=CARTESIAN_POINT('',(-37.6499948433757,27.3337205779811,-77.1533665081968));
#10124=CARTESIAN_POINT('',(-37.6499954999593,19.7958955180677,-73.1454338296266));
#10125=CARTESIAN_POINT('',(-31.9180000000228,27.3337205779811,-77.1533665081968));
#10126=CARTESIAN_POINT('Origin',(-31.9180000000228,27.3337205779811,-75.0079682211104));
#10127=CARTESIAN_POINT('',(-37.6499948433757,27.3337205779811,-75.0079682211104));
#10128=CARTESIAN_POINT('',(-37.6499948433757,27.3337205779811,-76.891469228689));
#10129=CARTESIAN_POINT('',(-31.9180000000228,27.3337205779811,-75.0079682211104));
#10130=CARTESIAN_POINT('Origin',(-31.9180000000228,23.2988132407491,-75.0079682211104));
#10131=CARTESIAN_POINT('',(-37.649995194837,23.2988132407491,-75.0079682211104));
#10132=CARTESIAN_POINT('',(-37.6499958988679,15.2162752444754,-75.0079682211104));
#10133=CARTESIAN_POINT('',(-31.9180000000228,23.2988132407491,-75.0079682211104));
#10134=CARTESIAN_POINT('Origin',(-31.9180000000228,22.3337205779811,-74.4948193498893));
#10135=CARTESIAN_POINT('',(-37.6499952789016,22.3337205779811,-74.4948193498893));
#10136=CARTESIAN_POINT('',(-37.6499957177222,17.2958955180677,-71.8161602504729));
#10137=CARTESIAN_POINT('',(-31.9180000000228,22.3337205779811,-74.4948193498893));
#10138=CARTESIAN_POINT('Origin',(-31.9180000000228,22.3337205779811,-72.349421062803));
#10139=CARTESIAN_POINT('',(-37.6499952789016,22.3337205779811,-72.349421062803));
#10140=CARTESIAN_POINT('',(-37.6499952789016,22.3337205779811,-75.5621956495353));
#10141=CARTESIAN_POINT('',(-31.9180000000228,22.3337205779811,-72.349421062803));
#10142=CARTESIAN_POINT('Origin',(-31.9180000000228,18.2988132407491,-72.349421062803));
#10143=CARTESIAN_POINT('',(-37.6499956303629,18.2988132407491,-72.349421062803));
#10144=CARTESIAN_POINT('',(-37.6499961166309,12.7162752444754,-72.349421062803));
#10145=CARTESIAN_POINT('',(-31.9180000000228,18.2988132407491,-72.349421062803));
#10146=CARTESIAN_POINT('Origin',(-31.9180000000228,17.5337205779812,-71.9426140779143));
#10147=CARTESIAN_POINT('',(-37.6499956970064,17.5337205779812,-71.9426140779143));
#10148=CARTESIAN_POINT('',(-37.6499959267747,14.8958955180678,-70.5400576144853));
#10149=CARTESIAN_POINT('',(-31.9180000000228,17.5337205779812,-71.9426140779143));
#10150=CARTESIAN_POINT('Origin',(-31.9180000000228,17.5337205779812,-75.3091527943588));
#10151=CARTESIAN_POINT('',(-37.6499956970064,17.5337205779812,-75.3091527943588));
#10152=CARTESIAN_POINT('',(-37.6499956970064,17.5337205779812,-77.0420615153132));
#10153=CARTESIAN_POINT('',(-31.9180000000228,17.5337205779812,-75.3091527943588));
#10154=CARTESIAN_POINT('Origin',(-31.9180000000228,-3.26627942201885,-75.3091527943588));
#10155=CARTESIAN_POINT('',(-37.6499970558465,1.93372891309151,-75.3091527943588));
#10156=CARTESIAN_POINT('Origin',(-37.6499966028989,7.13373674891521,-78.7749702362676));
#10157=CARTESIAN_POINT('Origin',(31.9176861436024,7.13373674891521,-78.7749702362676));
#10158=CARTESIAN_POINT('',(31.917686143603,-13.4782195802538,-77.3724090086354));
#10159=CARTESIAN_POINT('Origin',(37.6499999999772,-3.26627942201885,-71.9426193876334));
#10160=CARTESIAN_POINT('',(31.9176861436027,-3.26627942201885,-75.3091527943588));
#10161=CARTESIAN_POINT('',(31.9176861436027,-3.26627942201885,-71.9426193876334));
#10162=CARTESIAN_POINT('',(31.9176861436027,-3.26627942201885,-75.3587948119505));
#10163=CARTESIAN_POINT('',(37.6499999999772,-3.26627942201885,-71.9426193876334));
#10164=CARTESIAN_POINT('',(37.6499999999772,-3.26627942201885,-71.9426193876334));
#10165=CARTESIAN_POINT('',(37.6499999999772,-3.26627942201885,-75.3091527943588));
#10166=CARTESIAN_POINT('',(37.6499999999772,-3.26627942201885,-69.7908739044956));
#10167=CARTESIAN_POINT('',(37.6499999999772,-3.26627942201885,-75.3091527943588));
#10168=CARTESIAN_POINT('Origin',(37.6499999999772,-4.03136124856255,-72.3494209646711));
#10169=CARTESIAN_POINT('',(31.9176861436027,-4.03136124856255,-72.3494209646711));
#10170=CARTESIAN_POINT('',(31.9176861436026,-1.01098361677248,-70.7434562936605));
#10171=CARTESIAN_POINT('',(37.6499999999772,-4.03136124856255,-72.3494209646711));
#10172=CARTESIAN_POINT('',(37.6499999999772,-4.03136124856255,-72.3494209646711));
#10173=CARTESIAN_POINT('',(37.6499999999772,-4.03136124856255,-72.3494209646711));
#10174=CARTESIAN_POINT('Origin',(37.6499999999772,-8.06627942201894,-72.3494262582872));
#10175=CARTESIAN_POINT('',(31.9176861436028,-8.06627942201894,-72.3494262582872));
#10176=CARTESIAN_POINT('',(31.9176861436026,-0.466275551565374,-72.3494162874523));
#10177=CARTESIAN_POINT('',(37.6499999999772,-8.06627942201894,-72.3494262582872));
#10178=CARTESIAN_POINT('',(37.6499999999772,-8.06627942201894,-72.3494262582872));
#10179=CARTESIAN_POINT('',(37.6499999999772,-8.36627605667217,-72.3494266518682));
#10180=CARTESIAN_POINT('Origin',(37.6499999999772,-8.06627942201894,-74.4948268797419));
#10181=CARTESIAN_POINT('',(31.9176861436028,-8.06627942201894,-74.4948268797419));
#10182=CARTESIAN_POINT('',(31.9176861436028,-8.06627942201893,-76.6348985580048));
#10183=CARTESIAN_POINT('',(37.6499999999772,-8.06627942201894,-74.4948268797419));
#10184=CARTESIAN_POINT('',(37.6499999999772,-8.06627942201894,-74.4948268797419));
#10185=CARTESIAN_POINT('',(37.6499999999772,-8.06627942201894,-74.4948268797419));
#10186=CARTESIAN_POINT('Origin',(37.6499999999772,-9.03135708368437,-75.0079682211104));
#10187=CARTESIAN_POINT('',(31.9176861436028,-9.03135708368437,-75.0079682211104));
#10188=CARTESIAN_POINT('',(31.9176861436027,-3.51098153433349,-72.0727299218802));
#10189=CARTESIAN_POINT('',(37.6499999999772,-9.03135708368437,-75.0079682211104));
#10190=CARTESIAN_POINT('',(37.6499999999772,-9.03135708368437,-75.0079682211104));
#10191=CARTESIAN_POINT('',(37.6499999999772,-9.03135708368437,-75.0079682211104));
#10192=CARTESIAN_POINT('Origin',(37.6499999999772,-13.0662794220189,-75.0079682211104));
#10193=CARTESIAN_POINT('',(31.9176861436029,-13.0662794220189,-75.0079682211104));
#10194=CARTESIAN_POINT('',(31.9176861436027,-2.96627133655193,-75.0079682211104));
#10195=CARTESIAN_POINT('',(37.6499999999772,-13.0662794220189,-75.0079682211104));
#10196=CARTESIAN_POINT('',(37.6499999999772,-13.0662794220189,-75.0079682211104));
#10197=CARTESIAN_POINT('',(37.6499999999772,-13.3662762014535,-75.0079682211104));
#10198=CARTESIAN_POINT('Origin',(37.6499999999772,-13.0662794220189,-77.1533763506881));
#10199=CARTESIAN_POINT('',(31.9176861436029,-13.0662794220189,-77.1533763506881));
#10200=CARTESIAN_POINT('',(31.9176861436029,-13.0662794220189,-77.9641732934778));
#10201=CARTESIAN_POINT('',(37.6499999999772,-13.0662794220189,-77.1533763506881));
#10202=CARTESIAN_POINT('',(37.6499999999772,-13.0662794220189,-77.1533763506881));
#10203=CARTESIAN_POINT('',(37.6499999999772,-13.0662794220189,-77.1533763506881));
#10204=CARTESIAN_POINT('Origin',(37.6499999999772,-14.0313527342472,-77.6665153794178));
#10205=CARTESIAN_POINT('',(31.917686143603,-14.0313527342472,-77.6665153794178));
#10206=CARTESIAN_POINT('',(31.9176861436028,-6.01097935961465,-73.402003501034));
#10207=CARTESIAN_POINT('',(37.6499999999772,-14.0313527342472,-77.6665153794178));
#10208=CARTESIAN_POINT('',(37.6499999999772,-14.0313527342472,-77.6665153794178));
#10209=CARTESIAN_POINT('',(37.6499999999772,-14.0313527342472,-77.6665153794178));
#10210=CARTESIAN_POINT('Origin',(37.6499999999772,-18.0662794220189,-77.6665153794178));
#10211=CARTESIAN_POINT('',(31.9176861436031,-18.0662794220189,-77.6665153794178));
#10212=CARTESIAN_POINT('',(31.9176861436028,-5.46627133655194,-77.6665153794178));
#10213=CARTESIAN_POINT('',(37.6499999999772,-18.0662794220189,-77.6665153794178));
#10214=CARTESIAN_POINT('',(37.6499999999772,-18.0662794220189,-77.6665153794178));
#10215=CARTESIAN_POINT('',(37.6499999999772,-18.3662572398889,-77.6665153794178));
#10216=CARTESIAN_POINT('Origin',(37.6499999999772,-18.0662794220189,-79.8119258216343));
#10217=CARTESIAN_POINT('',(31.9176861436031,-18.066279422019,-79.293448028951));
#10218=CARTESIAN_POINT('',(37.6499999999772,-18.0662794220189,-79.8119258216343));
#10219=CARTESIAN_POINT('',(37.6499999999772,-18.0662794220189,-79.8119258216343));
#10220=CARTESIAN_POINT('',(37.6499999999772,-18.0662794220189,-79.8119258216343));
#10221=CARTESIAN_POINT('Origin',(37.6499999999772,-19.0313483848099,-80.3250625377252));
#10222=CARTESIAN_POINT('',(37.6499999999772,-19.0313483848099,-80.3250625377252));
#10223=CARTESIAN_POINT('',(37.6499999999772,-19.0313483848099,-80.3250625377252));
#10224=CARTESIAN_POINT('',(37.6499999999772,-19.0313483848099,-80.3250625377252));
#10225=CARTESIAN_POINT('Origin',(37.6499999999772,-23.0662794220189,-80.3250625377252));
#10226=CARTESIAN_POINT('',(37.6499999999772,-23.0662794220189,-80.3250625377252));
#10227=CARTESIAN_POINT('',(37.6499999999772,-23.0662794220189,-80.3250625377252));
#10228=CARTESIAN_POINT('',(37.6499999999772,-23.3662528904517,-80.3250625377252));
#10229=CARTESIAN_POINT('Origin',(37.6499999999772,-23.0662794220189,-82.4704752925805));
#10230=CARTESIAN_POINT('',(37.6499999999772,-23.0662794220189,-82.4704752925805));
#10231=CARTESIAN_POINT('',(37.6499999999772,-23.0662794220189,-82.4704752925805));
#10232=CARTESIAN_POINT('',(37.6499999999772,-23.0662794220189,-82.4704752925805));
#10233=CARTESIAN_POINT('Origin',(37.6499999999772,-24.0313440353726,-82.9836096960325));
#10234=CARTESIAN_POINT('',(37.6499999999772,-24.0313440353726,-82.9836096960325));
#10235=CARTESIAN_POINT('',(37.6499999999772,-24.0313440353726,-82.9836096960325));
#10236=CARTESIAN_POINT('',(37.6499999999772,-24.0313440353726,-82.9836096960325));
#10237=CARTESIAN_POINT('Origin',(37.6499999999772,-28.0662794220189,-82.9836096960325));
#10238=CARTESIAN_POINT('',(37.6499999999772,-28.0662794220189,-82.9836096960325));
#10239=CARTESIAN_POINT('',(37.6499999999772,-28.0662794220189,-82.9836096960325));
#10240=CARTESIAN_POINT('',(37.6499999999772,-28.3662485410144,-82.9836096960325));
#10241=CARTESIAN_POINT('Origin',(37.6499999999772,-28.0662794220189,-85.1290247635267));
#10242=CARTESIAN_POINT('',(37.6499999999772,-28.0662794220189,-85.1290247635267));
#10243=CARTESIAN_POINT('',(37.6499999999772,-28.0662794220189,-85.1290247635267));
#10244=CARTESIAN_POINT('',(37.6499999999772,-28.0662794220189,-85.1290247635267));
#10245=CARTESIAN_POINT('Origin',(37.6499999999772,-28.965833175525,-85.607326394621));
#10246=CARTESIAN_POINT('',(37.6499999999772,-29.4640075182768,-85.8722106216933));
#10247=CARTESIAN_POINT('Origin',(37.6499999999772,42.3337205779811,-85.1290079831189));
#10248=CARTESIAN_POINT('',(37.6499999999772,42.3337205779811,-85.1290079831189));
#10249=CARTESIAN_POINT('',(37.6499999999772,42.3337205779811,-85.1290079831189));
#10250=CARTESIAN_POINT('',(37.6499999999772,42.3337205779811,-85.1290079831189));
#10251=CARTESIAN_POINT('Origin',(37.6499999999772,42.3337205779811,-82.9836096960326));
#10252=CARTESIAN_POINT('',(37.6499999999772,42.3337205779811,-82.9836096960326));
#10253=CARTESIAN_POINT('',(37.6499999999772,42.3337205779811,-82.9836096960326));
#10254=CARTESIAN_POINT('',(37.6499999999772,42.3337205779811,-82.9836096960326));
#10255=CARTESIAN_POINT('Origin',(37.6499999999772,38.2988132407491,-82.9836096960326));
#10256=CARTESIAN_POINT('',(37.6499999999772,38.2988132407491,-82.9836096960326));
#10257=CARTESIAN_POINT('',(37.6499999999772,38.2988132407491,-82.9836096960326));
#10258=CARTESIAN_POINT('',(37.6499999999772,38.2988132407491,-82.9836096960326));
#10259=CARTESIAN_POINT('Origin',(37.6499999999772,37.3337205779811,-82.4704608248115));
#10260=CARTESIAN_POINT('',(37.6499999999772,37.3337205779811,-82.4704608248115));
#10261=CARTESIAN_POINT('',(37.6499999999772,37.3337205779811,-82.4704608248115));
#10262=CARTESIAN_POINT('',(37.6499999999772,37.3337205779811,-82.4704608248115));
#10263=CARTESIAN_POINT('Origin',(37.6499999999772,37.3337205779811,-80.3250625377251));
#10264=CARTESIAN_POINT('',(37.6499999999772,37.3337205779811,-80.3250625377251));
#10265=CARTESIAN_POINT('',(37.6499999999772,37.3337205779811,-80.3250625377251));
#10266=CARTESIAN_POINT('',(37.6499999999772,37.3337205779811,-80.3250625377251));
#10267=CARTESIAN_POINT('Origin',(37.6499999999772,33.298813240749,-80.3250625377251));
#10268=CARTESIAN_POINT('',(37.6499999999772,33.298813240749,-80.3250625377251));
#10269=CARTESIAN_POINT('',(37.6499999999772,33.298813240749,-80.3250625377251));
#10270=CARTESIAN_POINT('',(37.6499999999772,33.298813240749,-80.3250625377251));
#10271=CARTESIAN_POINT('Origin',(37.6499999999772,32.3337205779811,-79.8119136665041));
#10272=CARTESIAN_POINT('',(37.6499999999772,32.3337205779811,-79.8119136665041));
#10273=CARTESIAN_POINT('',(37.6499999999772,32.3337205779811,-79.8119136665041));
#10274=CARTESIAN_POINT('',(37.6499999999772,32.3337205779811,-79.8119136665041));
#10275=CARTESIAN_POINT('Origin',(37.6499999999772,32.3337205779811,-77.6665153794178));
#10276=CARTESIAN_POINT('',(31.9176861436018,32.3337205779811,-77.6665153794178));
#10277=CARTESIAN_POINT('',(31.9176861436018,32.3337205779811,-78.2207428078427));
#10278=CARTESIAN_POINT('',(37.6499999999772,32.3337205779811,-77.6665153794178));
#10279=CARTESIAN_POINT('',(37.6499999999772,32.3337205779811,-77.6665153794178));
#10280=CARTESIAN_POINT('',(37.6499999999772,32.3337205779811,-77.6665153794178));
#10281=CARTESIAN_POINT('Origin',(37.6499999999772,28.2988132407491,-77.6665153794178));
#10282=CARTESIAN_POINT('',(31.9176861436019,28.2988132407491,-77.6665153794178));
#10283=CARTESIAN_POINT('',(31.9176861436022,17.7162749948321,-77.6665153794178));
#10284=CARTESIAN_POINT('',(37.6499999999772,28.2988132407491,-77.6665153794178));
#10285=CARTESIAN_POINT('',(37.6499999999772,28.2988132407491,-77.6665153794178));
#10286=CARTESIAN_POINT('',(37.6499999999772,28.2988132407491,-77.6665153794178));
#10287=CARTESIAN_POINT('Origin',(37.6499999999772,27.3337205779811,-77.1533665081968));
#10288=CARTESIAN_POINT('',(31.9176861436019,27.3337205779811,-77.1533665081968));
#10289=CARTESIAN_POINT('',(31.9176861436021,19.7958953234467,-73.1454337261448));
#10290=CARTESIAN_POINT('',(37.6499999999772,27.3337205779811,-77.1533665081968));
#10291=CARTESIAN_POINT('',(37.6499999999772,27.3337205779811,-77.1533665081968));
#10292=CARTESIAN_POINT('',(37.6499999999772,27.3337205779811,-77.1533665081968));
#10293=CARTESIAN_POINT('Origin',(37.6499999999772,27.3337205779811,-75.0079682211104));
#10294=CARTESIAN_POINT('',(31.9176861436019,27.3337205779811,-75.0079682211104));
#10295=CARTESIAN_POINT('',(31.9176861436019,27.3337205779811,-76.891469228689));
#10296=CARTESIAN_POINT('',(37.6499999999772,27.3337205779811,-75.0079682211104));
#10297=CARTESIAN_POINT('',(37.6499999999772,27.3337205779811,-75.0079682211104));
#10298=CARTESIAN_POINT('',(37.6499999999772,27.3337205779811,-75.0079682211104));
#10299=CARTESIAN_POINT('Origin',(37.6499999999772,23.2988132407491,-75.0079682211104));
#10300=CARTESIAN_POINT('',(31.917686143602,23.2988132407491,-75.0079682211104));
#10301=CARTESIAN_POINT('',(31.9176861436022,15.2162749948321,-75.0079682211104));
#10302=CARTESIAN_POINT('',(37.6499999999772,23.2988132407491,-75.0079682211104));
#10303=CARTESIAN_POINT('',(37.6499999999772,23.2988132407491,-75.0079682211104));
#10304=CARTESIAN_POINT('',(37.6499999999772,23.2988132407491,-75.0079682211104));
#10305=CARTESIAN_POINT('Origin',(37.6499999999772,22.3337205779811,-74.4948193498893));
#10306=CARTESIAN_POINT('',(31.9176861436021,22.3337205779811,-74.4948193498893));
#10307=CARTESIAN_POINT('',(31.9176861436022,17.2958953234467,-71.816160146991));
#10308=CARTESIAN_POINT('',(37.6499999999772,22.3337205779811,-74.4948193498893));
#10309=CARTESIAN_POINT('',(37.6499999999772,22.3337205779811,-74.4948193498893));
#10310=CARTESIAN_POINT('',(37.6499999999772,22.3337205779811,-74.4948193498893));
#10311=CARTESIAN_POINT('Origin',(37.6499999999772,22.3337205779811,-72.349421062803));
#10312=CARTESIAN_POINT('',(31.9176861436021,22.3337205779811,-72.349421062803));
#10313=CARTESIAN_POINT('',(31.9176861436021,22.3337205779811,-75.5621956495353));
#10314=CARTESIAN_POINT('',(37.6499999999772,22.3337205779811,-72.349421062803));
#10315=CARTESIAN_POINT('',(37.6499999999772,22.3337205779811,-72.349421062803));
#10316=CARTESIAN_POINT('',(37.6499999999772,22.3337205779811,-72.349421062803));
#10317=CARTESIAN_POINT('Origin',(37.6499999999772,18.2988132407491,-72.349421062803));
#10318=CARTESIAN_POINT('',(31.9176861436022,18.2988132407491,-72.349421062803));
#10319=CARTESIAN_POINT('',(31.9176861436023,12.7162749948321,-72.349421062803));
#10320=CARTESIAN_POINT('',(37.6499999999772,18.2988132407491,-72.349421062803));
#10321=CARTESIAN_POINT('',(37.6499999999772,18.2988132407491,-72.349421062803));
#10322=CARTESIAN_POINT('',(37.6499999999772,18.2988132407491,-72.349421062803));
#10323=CARTESIAN_POINT('Origin',(37.6499999999772,17.5337205779812,-71.9426140779143));
#10324=CARTESIAN_POINT('',(31.9176861436022,17.5337205779812,-71.9426140779143));
#10325=CARTESIAN_POINT('',(31.9176861436022,14.8958953234468,-70.5400575110035));
#10326=CARTESIAN_POINT('',(37.6499999999772,17.5337205779812,-71.9426140779143));
#10327=CARTESIAN_POINT('',(37.6499999999772,17.5337205779812,-71.9426140779143));
#10328=CARTESIAN_POINT('',(37.6499999999772,17.3337205779812,-71.836272191582));
#10329=CARTESIAN_POINT('Origin',(37.6499999999772,17.5337205779812,-75.3091527943588));
#10330=CARTESIAN_POINT('',(31.9176861436022,17.5337205779812,-75.3091527943588));
#10331=CARTESIAN_POINT('',(31.9176861436022,17.5337205779812,-77.0420615153132));
#10332=CARTESIAN_POINT('',(37.6499999999772,17.5337205779812,-75.3091527943588));
#10333=CARTESIAN_POINT('',(37.6499999999772,17.5337205779812,-75.3091527943588));
#10334=CARTESIAN_POINT('',(37.6499999999772,17.5337205779812,-75.3091527943588));
#10335=CARTESIAN_POINT('Origin',(37.6499999999772,-3.26627942201885,-75.3091527943588));
#10336=CARTESIAN_POINT('',(31.9176861436026,1.93372866344811,-75.3091527943588));
#10337=CARTESIAN_POINT('',(37.6499999999772,-3.26627942201885,-75.3091527943588));
#10338=CARTESIAN_POINT('Origin',(37.6499999999772,7.13373674891521,-78.7749702362676));
#10339=CARTESIAN_POINT('Origin',(31.9176861436024,7.13373674891521,-78.7749702362676));
#10340=CARTESIAN_POINT('Origin',(5.19999999999765,52.1337405170491,-70.1499399801509));
#10341=CARTESIAN_POINT('',(5.19999999999765,52.1337405170491,-70.1499399801509));
#10342=CARTESIAN_POINT('',(5.19999999999765,52.1337405170491,-70.1499399801509));
#10343=CARTESIAN_POINT('',(5.19999999999765,52.1337405170491,-69.035627041683));
#10344=CARTESIAN_POINT('',(5.19999999999765,52.1337405170491,-70.1499399801509));
#10345=CARTESIAN_POINT('',(5.19999999999765,52.1337405170491,-69.035627041683));
#10346=CARTESIAN_POINT('Origin',(6.53359458395884,52.1337405170491,-70.9512444474016));
#10347=CARTESIAN_POINT('',(6.53359458395884,52.1337405170491,-70.9512444474016));
#10348=CARTESIAN_POINT('',(6.53359458395884,52.1337405170491,-70.9512444474016));
#10349=CARTESIAN_POINT('',(6.53359458395884,52.1337405170491,-70.9512444474016));
#10350=CARTESIAN_POINT('Origin',(10.1999999999977,52.1337405170491,-70.9512444474016));
#10351=CARTESIAN_POINT('',(10.1999999999977,52.1337405170491,-70.9512444474016));
#10352=CARTESIAN_POINT('',(10.1999999999977,52.1337405170491,-70.9512444474016));
#10353=CARTESIAN_POINT('',(10.1999999999977,52.1337405170491,-70.9512444474016));
#10354=CARTESIAN_POINT('Origin',(10.1999999999977,52.1337405170491,-73.1542430752887));
#10355=CARTESIAN_POINT('',(10.1999999999977,52.1337405170491,-73.1542430752887));
#10356=CARTESIAN_POINT('',(10.1999999999977,52.1337405170491,-73.1542430752887));
#10357=CARTESIAN_POINT('',(10.1999999999977,52.1337405170491,-73.1542430752887));
#10358=CARTESIAN_POINT('Origin',(11.5335945839589,52.1337405170491,-73.9555475425394));
#10359=CARTESIAN_POINT('',(11.5335945839589,52.1337405170491,-73.9555475425394));
#10360=CARTESIAN_POINT('',(11.5335945839589,52.1337405170491,-73.9555475425394));
#10361=CARTESIAN_POINT('',(11.5335945839589,52.1337405170491,-73.9555475425394));
#10362=CARTESIAN_POINT('Origin',(15.1999999999977,52.1337405170491,-73.9555475425394));
#10363=CARTESIAN_POINT('',(15.1999999999977,52.1337405170491,-73.9555475425394));
#10364=CARTESIAN_POINT('',(15.1999999999977,52.1337405170491,-73.9555475425394));
#10365=CARTESIAN_POINT('',(15.1999999999977,52.1337405170491,-73.9555475425394));
#10366=CARTESIAN_POINT('Origin',(15.1999999999977,52.1337405170491,-76.1585461704265));
#10367=CARTESIAN_POINT('',(15.1999999999977,52.1337405170491,-76.1585461704265));
#10368=CARTESIAN_POINT('',(15.1999999999977,52.1337405170491,-76.1585461704265));
#10369=CARTESIAN_POINT('',(15.1999999999977,52.1337405170491,-76.1585461704265));
#10370=CARTESIAN_POINT('Origin',(16.5335945839588,52.1337405170491,-76.9598506376772));
#10371=CARTESIAN_POINT('',(16.5335945839588,52.1337405170491,-76.9598506376772));
#10372=CARTESIAN_POINT('',(16.5335945839588,52.1337405170491,-76.9598506376772));
#10373=CARTESIAN_POINT('',(16.5335945839588,52.1337405170491,-76.9598506376772));
#10374=CARTESIAN_POINT('Origin',(20.1999999999977,52.1337405170491,-76.9598506376772));
#10375=CARTESIAN_POINT('',(20.1999999999977,52.1337405170491,-76.9598506376772));
#10376=CARTESIAN_POINT('',(20.1999999999977,52.1337405170491,-76.9598506376772));
#10377=CARTESIAN_POINT('',(20.1999999999977,52.1337405170491,-76.9598506376772));
#10378=CARTESIAN_POINT('Origin',(20.1999999999977,52.1337405170491,-79.1628492655643));
#10379=CARTESIAN_POINT('',(20.1999999999977,52.1337405170491,-79.1628492655643));
#10380=CARTESIAN_POINT('',(20.1999999999977,52.1337405170491,-79.1628492655643));
#10381=CARTESIAN_POINT('',(20.1999999999977,52.1337405170491,-79.1628492655643));
#10382=CARTESIAN_POINT('Origin',(21.5335945839589,52.1337405170491,-79.964153732815));
#10383=CARTESIAN_POINT('',(21.5335945839589,52.1337405170491,-79.964153732815));
#10384=CARTESIAN_POINT('',(21.5335945839589,52.1337405170491,-79.964153732815));
#10385=CARTESIAN_POINT('',(21.5335945839589,52.1337405170491,-79.964153732815));
#10386=CARTESIAN_POINT('Origin',(25.1999999999977,52.1337405170491,-79.964153732815));
#10387=CARTESIAN_POINT('',(25.1999999999977,52.1337405170491,-79.964153732815));
#10388=CARTESIAN_POINT('',(25.1999999999977,52.1337405170491,-79.964153732815));
#10389=CARTESIAN_POINT('',(25.1999999999977,52.1337405170491,-79.964153732815));
#10390=CARTESIAN_POINT('Origin',(25.1999999999977,52.1337405170491,-82.1671523607021));
#10391=CARTESIAN_POINT('',(25.1999999999977,52.1337405170491,-82.1671523607021));
#10392=CARTESIAN_POINT('',(25.1999999999977,52.1337405170491,-82.1671523607021));
#10393=CARTESIAN_POINT('',(25.1999999999977,52.1337405170491,-82.1671523607021));
#10394=CARTESIAN_POINT('Origin',(26.5335945839588,52.1337405170491,-82.9684568279528));
#10395=CARTESIAN_POINT('',(26.5335945839588,52.1337405170491,-82.9684568279528));
#10396=CARTESIAN_POINT('',(26.5335945839588,52.1337405170491,-82.9684568279528));
#10397=CARTESIAN_POINT('',(26.5335945839588,52.1337405170491,-82.9684568279528));
#10398=CARTESIAN_POINT('Origin',(30.1999999999977,52.1337405170491,-82.9684568279528));
#10399=CARTESIAN_POINT('',(30.1999999999977,52.1337405170491,-82.9684568279528));
#10400=CARTESIAN_POINT('',(30.1999999999977,52.1337405170491,-82.9684568279528));
#10401=CARTESIAN_POINT('',(30.1999999999977,52.1337405170491,-82.9684568279528));
#10402=CARTESIAN_POINT('Origin',(30.1999999999977,52.1337405170491,-85.1714554558399));
#10403=CARTESIAN_POINT('',(30.1999999999977,52.1337405170491,-85.1714554558399));
#10404=CARTESIAN_POINT('',(30.1999999999977,52.1337405170491,-85.1714554558399));
#10405=CARTESIAN_POINT('',(30.1999999999977,52.1337405170491,-85.1714554558399));
#10406=CARTESIAN_POINT('Origin',(30.9254110603639,52.1337405170491,-85.607326394621));
#10407=CARTESIAN_POINT('',(31.424694905069,52.1337405170491,-85.907326394621));
#10408=CARTESIAN_POINT('Origin',(-30.2000000000023,52.1337405170491,-85.1714554558396));
#10409=CARTESIAN_POINT('',(-17.3727097433575,43.6029330301429,-77.4640418917859));
#10410=CARTESIAN_POINT('',(-30.2000000000023,52.1337405170491,-85.1714554558396));
#10411=CARTESIAN_POINT('',(-30.2000000000023,52.1337405170491,-85.1714554558396));
#10412=CARTESIAN_POINT('',(-30.2000000000023,52.1337405170491,-85.1714554558396));
#10413=CARTESIAN_POINT('Origin',(-30.2000000000023,52.1337405170491,-82.9684568279528));
#10414=CARTESIAN_POINT('',(-30.2000000000023,52.1337405170491,-82.9684568279528));
#10415=CARTESIAN_POINT('',(-30.2000000000023,52.1337405170491,-82.9684568279528));
#10416=CARTESIAN_POINT('',(-30.2000000000023,52.1337405170491,-82.9684568279528));
#10417=CARTESIAN_POINT('Origin',(-26.533594583964,52.1337405170491,-82.9684568279528));
#10418=CARTESIAN_POINT('',(-26.533594583964,52.1337405170491,-82.9684568279528));
#10419=CARTESIAN_POINT('',(-26.533594583964,52.1337405170491,-82.9684568279528));
#10420=CARTESIAN_POINT('',(-26.533594583964,52.1337405170491,-82.9684568279528));
#10421=CARTESIAN_POINT('Origin',(-25.2000000000023,52.1337405170491,-82.1671523607018));
#10422=CARTESIAN_POINT('',(-25.2000000000023,52.1337405170491,-82.1671523607018));
#10423=CARTESIAN_POINT('',(-25.2000000000023,52.1337405170491,-82.1671523607018));
#10424=CARTESIAN_POINT('',(-25.2000000000023,52.1337405170491,-82.1671523607018));
#10425=CARTESIAN_POINT('Origin',(-25.2000000000023,52.1337405170491,-79.964153732815));
#10426=CARTESIAN_POINT('',(-25.2000000000023,52.1337405170491,-79.964153732815));
#10427=CARTESIAN_POINT('',(-25.2000000000023,52.1337405170491,-79.964153732815));
#10428=CARTESIAN_POINT('',(-25.2000000000023,52.1337405170491,-79.964153732815));
#10429=CARTESIAN_POINT('Origin',(-21.533594583964,52.1337405170491,-79.964153732815));
#10430=CARTESIAN_POINT('',(-21.533594583964,52.1337405170491,-79.964153732815));
#10431=CARTESIAN_POINT('',(-21.533594583964,52.1337405170491,-79.964153732815));
#10432=CARTESIAN_POINT('',(-21.533594583964,52.1337405170491,-79.964153732815));
#10433=CARTESIAN_POINT('Origin',(-20.2000000000023,52.1337405170491,-79.162849265564));
#10434=CARTESIAN_POINT('',(-20.2000000000023,52.1337405170491,-79.162849265564));
#10435=CARTESIAN_POINT('',(-20.2000000000023,52.1337405170491,-79.162849265564));
#10436=CARTESIAN_POINT('',(-20.2000000000023,52.1337405170491,-79.162849265564));
#10437=CARTESIAN_POINT('Origin',(-20.2000000000023,52.1337405170491,-76.9598506376772));
#10438=CARTESIAN_POINT('',(-20.2000000000023,52.1337405170491,-76.9598506376772));
#10439=CARTESIAN_POINT('',(-20.2000000000023,52.1337405170491,-76.9598506376772));
#10440=CARTESIAN_POINT('',(-20.2000000000023,52.1337405170491,-76.9598506376772));
#10441=CARTESIAN_POINT('Origin',(-16.533594583964,52.1337405170491,-76.9598506376772));
#10442=CARTESIAN_POINT('',(-16.533594583964,52.1337405170491,-76.9598506376772));
#10443=CARTESIAN_POINT('',(-16.533594583964,52.1337405170491,-76.9598506376772));
#10444=CARTESIAN_POINT('',(-16.533594583964,52.1337405170491,-76.9598506376772));
#10445=CARTESIAN_POINT('Origin',(-15.2000000000023,52.1337405170491,-76.1585461704262));
#10446=CARTESIAN_POINT('',(-15.2000000000023,52.1337405170491,-76.1585461704262));
#10447=CARTESIAN_POINT('',(-15.2000000000023,52.1337405170491,-76.1585461704262));
#10448=CARTESIAN_POINT('',(-15.2000000000023,52.1337405170491,-76.1585461704262));
#10449=CARTESIAN_POINT('Origin',(-15.2000000000023,52.1337405170491,-73.9555475425394));
#10450=CARTESIAN_POINT('',(-15.2000000000023,52.1337405170491,-73.9555475425394));
#10451=CARTESIAN_POINT('',(-15.2000000000023,52.1337405170491,-73.9555475425394));
#10452=CARTESIAN_POINT('',(-15.2000000000023,52.1337405170491,-73.9555475425394));
#10453=CARTESIAN_POINT('Origin',(-11.533594583964,52.1337405170491,-73.9555475425394));
#10454=CARTESIAN_POINT('',(-11.533594583964,52.1337405170491,-73.9555475425394));
#10455=CARTESIAN_POINT('',(-11.533594583964,52.1337405170491,-73.9555475425394));
#10456=CARTESIAN_POINT('',(-11.533594583964,52.1337405170491,-73.9555475425394));
#10457=CARTESIAN_POINT('Origin',(-10.2000000000023,52.1337405170491,-73.1542430752884));
#10458=CARTESIAN_POINT('',(-10.2000000000023,52.1337405170491,-73.1542430752884));
#10459=CARTESIAN_POINT('',(-10.2000000000023,52.1337405170491,-73.1542430752884));
#10460=CARTESIAN_POINT('',(-10.2000000000023,52.1337405170491,-73.1542430752884));
#10461=CARTESIAN_POINT('Origin',(-10.2000000000023,52.1337405170491,-70.9512444474016));
#10462=CARTESIAN_POINT('',(-10.2000000000023,52.1337405170491,-70.9512444474016));
#10463=CARTESIAN_POINT('',(-10.2000000000023,52.1337405170491,-70.9512444474016));
#10464=CARTESIAN_POINT('',(-10.2000000000023,52.1337405170491,-70.9512444474016));
#10465=CARTESIAN_POINT('Origin',(-6.53359458396399,52.1337405170491,-70.9512444474016));
#10466=CARTESIAN_POINT('',(-6.53359458396399,52.1337405170491,-70.9512444474016));
#10467=CARTESIAN_POINT('',(-6.53359458396399,52.1337405170491,-70.9512444474016));
#10468=CARTESIAN_POINT('',(-6.53359458396399,52.1337405170491,-70.9512444474016));
#10469=CARTESIAN_POINT('Origin',(-5.20000000000235,52.1337405170491,-70.1499399801506));
#10470=CARTESIAN_POINT('',(-5.20000000000235,52.1337405170491,-70.1499399801506));
#10471=CARTESIAN_POINT('',(-5.20000000000235,52.1337405170491,-70.1499399801506));
#10472=CARTESIAN_POINT('',(-5.20000000000235,52.1337405170491,-70.1499399801506));
#10473=CARTESIAN_POINT('Origin',(-5.20000000000235,52.1337405170491,-69.035627041683));
#10474=CARTESIAN_POINT('',(-5.20000000000235,52.1337405170491,-69.035627041683));
#10475=CARTESIAN_POINT('',(-5.20000000000235,52.1337405170491,-69.035627041683));
#10476=CARTESIAN_POINT('',(-5.20000000000235,52.1337405170491,-69.035627041683));
#10477=CARTESIAN_POINT('Origin',(5.19999999999765,52.1337405170491,-69.035627041683));
#10478=CARTESIAN_POINT('',(-2.70672373403961E-12,52.1337405170491,-69.035627041683));
#10479=CARTESIAN_POINT('Origin',(-2.58459920132736E-12,52.1337405170491,
-77.321476718152));
#10480=CARTESIAN_POINT('Origin',(-2.58681964737661E-12,43.6029330301571,
-77.321476718152));
#10481=CARTESIAN_POINT('',(0.,0.,0.));
#10482=CARTESIAN_POINT('Origin',(15.0499999999772,7.13372057798106,-74.0221068336301));
#10483=CARTESIAN_POINT('',(14.6499999999772,7.13372057798106,-69.2221068336301));
#10484=CARTESIAN_POINT('Origin',(14.6499999999772,7.13372057798106,-74.0221068336301));
#10485=CARTESIAN_POINT('',(15.4499999999772,7.13372057798106,-70.0221068336301));
#10486=CARTESIAN_POINT('',(15.0499999999772,7.13372057798106,-69.6221068336301));
#10487=CARTESIAN_POINT('Origin',(15.4499999999772,7.13372057798106,-74.0221068336301));
#10488=CARTESIAN_POINT('Origin',(-3.,7.13372057798106,-74.0221068336301));
#10489=CARTESIAN_POINT('',(22.,7.13372057798106,-70.0221068336301));
#10490=CARTESIAN_POINT('',(-3.,7.13372057798106,-70.0221068336301));
#10491=CARTESIAN_POINT('Origin',(22.,7.13372057798106,-74.0221068336301));
#10492=CARTESIAN_POINT('Origin',(14.6499999999772,-19.3662594829843,-61.8430876261431));
#10493=CARTESIAN_POINT('',(14.6499999999772,-25.6662594829843,-59.5430876261431));
#10494=CARTESIAN_POINT('',(14.6499999999772,-13.0662594829843,-59.5430876261431));
#10495=CARTESIAN_POINT('',(14.6499999999772,-25.6662594829843,-59.5430876261431));
#10496=CARTESIAN_POINT('',(14.6499999999772,-13.0662594829843,-75.0091527943588));
#10497=CARTESIAN_POINT('',(14.6499999999772,-13.0662594829843,-59.5430876261431));
#10498=CARTESIAN_POINT('',(14.6499999999772,-2.96627942201885,-75.0091527943588));
#10499=CARTESIAN_POINT('',(14.6499999999772,27.3337014557243,-75.0091527943588));
#10500=CARTESIAN_POINT('',(14.6499999999772,-2.96627942201885,-69.7908739044956));
#10501=CARTESIAN_POINT('',(14.6499999999772,-2.96627942201885,-75.0091527943588));
#10502=CARTESIAN_POINT('',(14.6499999999772,1.19795742914893,-69.7908739044956));
#10503=CARTESIAN_POINT('',(14.6499999999772,-2.96627942201885,-69.7908739044956));
#10504=CARTESIAN_POINT('',(14.6499999999772,2.03372057798104,-69.3464903690628));
#10505=CARTESIAN_POINT('',(14.6499999999772,2.03372057798104,-69.3464903690628));
#10506=CARTESIAN_POINT('',(14.6499999999772,2.03372057798104,-68.9021068336301));
#10507=CARTESIAN_POINT('',(14.6499999999772,2.03372057798104,-68.9021068336301));
#10508=CARTESIAN_POINT('',(14.6499999999772,12.2337205779811,-68.9021068336301));
#10509=CARTESIAN_POINT('',(14.6499999999772,12.2337205779811,-68.9021068336301));
#10510=CARTESIAN_POINT('',(14.6499999999772,12.2337205779811,-69.3464903690628));
#10511=CARTESIAN_POINT('',(14.6499999999772,12.2337205779811,-69.3464903690628));
#10512=CARTESIAN_POINT('',(14.6499999999772,13.0694844538336,-69.7908739044956));
#10513=CARTESIAN_POINT('',(14.6499999999772,12.2337205779811,-69.3464903690628));
#10514=CARTESIAN_POINT('',(14.6499999999772,17.2337205779812,-69.7908739044956));
#10515=CARTESIAN_POINT('',(14.6499999999772,13.0694844538336,-69.7908739044956));
#10516=CARTESIAN_POINT('',(14.6499999999772,17.2337205779812,-75.0091527943588));
#10517=CARTESIAN_POINT('',(14.6499999999772,17.2337205779812,-69.7908739044956));
#10518=CARTESIAN_POINT('',(14.6499999999772,27.3337014557243,-75.0091527943588));
#10519=CARTESIAN_POINT('',(14.6499999999772,27.3337014557243,-75.0091527943588));
#10520=CARTESIAN_POINT('',(14.6499999999772,27.3337014557243,-59.5430876261431));
#10521=CARTESIAN_POINT('',(14.6499999999772,27.3337014557243,-64.1430876261431));
#10522=CARTESIAN_POINT('',(14.6499999999772,39.9337014557243,-59.5430876261431));
#10523=CARTESIAN_POINT('',(14.6499999999772,27.3337014557243,-59.5430876261431));
#10524=CARTESIAN_POINT('',(14.6499999999772,39.9337014557243,-79.1430876261431));
#10525=CARTESIAN_POINT('',(14.6499999999772,39.9337014557243,-59.5430876261431));
#10526=CARTESIAN_POINT('',(14.6499999999772,-25.6662594829843,-79.1430876261431));
#10527=CARTESIAN_POINT('',(14.6499999999772,-25.6662594829843,-79.1430876261431));
#10528=CARTESIAN_POINT('',(14.6499999999772,-25.6662594829843,-64.1430876261431));
#10529=CARTESIAN_POINT('Origin',(40.6499999999772,-1.96627942201885,-70.873251859245));
#10530=CARTESIAN_POINT('',(41.6499999999772,-1.96627942201885,-74.0091527943588));
#10531=CARTESIAN_POINT('',(41.6499999999772,-1.96627942201885,-70.7908739044956));
#10532=CARTESIAN_POINT('',(41.6499999999772,-1.96627942201885,-70.873251859245));
#10533=CARTESIAN_POINT('',(40.6499999999772,-2.96627942201885,-69.7908739044956));
#10534=CARTESIAN_POINT('Origin',(40.6499999999772,-1.96627942201885,-70.7908739044956));
#10535=CARTESIAN_POINT('',(40.6499999999772,-2.96627942201885,-75.0091527943588));
#10536=CARTESIAN_POINT('',(40.6499999999772,-2.96627942201885,-70.873251859245));
#10537=CARTESIAN_POINT('Origin',(40.6499999999772,-1.96627942201885,-74.0091527943588));
#10538=CARTESIAN_POINT('Origin',(40.6499999999772,4.16583900356504,-70.7908739044956));
#10539=CARTESIAN_POINT('',(41.6499999999772,1.44728562349236,-70.7908739044956));
#10540=CARTESIAN_POINT('',(41.6499999999772,4.16583900356504,-70.7908739044956));
#10541=CARTESIAN_POINT('',(40.6499999999772,1.19795742914893,-69.7908739044956));
#10542=CARTESIAN_POINT('Origin',(40.6499999999772,1.44728562349236,-70.7908739044956));
#10543=CARTESIAN_POINT('',(40.6499999999772,4.16583900356504,-69.7908739044956));
#10544=CARTESIAN_POINT('Origin',(40.6499999999772,3.95039372775683,-69.459946559233));
#10545=CARTESIAN_POINT('',(41.6499999999772,3.03372057798104,-69.9473507427064));
#10546=CARTESIAN_POINT('',(41.6499999999772,3.95039372775683,-69.459946559233));
#10547=CARTESIAN_POINT('',(40.6499999999772,2.03372057798104,-69.3464903690628));
#10548=CARTESIAN_POINT('Origin',(40.6499999999772,3.03372057798104,-69.9473507427064));
#10549=CARTESIAN_POINT('',(40.6499999999772,3.48092184659339,-68.5769991356585));
#10550=CARTESIAN_POINT('Origin',(40.6499999999772,3.03372057798104,-70.4288683238123));
#10551=CARTESIAN_POINT('',(41.6499999999772,3.03372057798104,-69.9021068336301));
#10552=CARTESIAN_POINT('',(41.6499999999772,3.03372057798104,-70.4288683238123));
#10553=CARTESIAN_POINT('',(40.6499999999772,2.03372057798104,-68.9021068336301));
#10554=CARTESIAN_POINT('Origin',(40.6499999999772,3.03372057798104,-69.9021068336301));
#10555=CARTESIAN_POINT('',(40.6499999999772,2.03372057798104,-70.4288683238123));
#10556=CARTESIAN_POINT('Origin',(40.6499999999772,9.6837205779811,-69.9021068336301));
#10557=CARTESIAN_POINT('',(41.6499999999772,11.2337205779811,-69.9021068336301));
#10558=CARTESIAN_POINT('',(41.6499999999772,9.6837205779811,-69.9021068336301));
#10559=CARTESIAN_POINT('',(40.6499999999772,12.2337205779811,-68.9021068336301));
#10560=CARTESIAN_POINT('Origin',(40.6499999999772,11.2337205779811,-69.9021068336301));
#10561=CARTESIAN_POINT('',(40.6499999999772,9.6837205779811,-68.9021068336301));
#10562=CARTESIAN_POINT('Origin',(40.6499999999772,11.2337205779811,-70.6510600915286));
#10563=CARTESIAN_POINT('',(41.6499999999772,11.2337205779811,-69.9473509880904));
#10564=CARTESIAN_POINT('',(41.6499999999772,11.2337205779811,-70.6510600915286));
#10565=CARTESIAN_POINT('',(40.6499999999772,12.2337205779811,-69.3464903690628));
#10566=CARTESIAN_POINT('Origin',(40.6499999999772,11.2337205779811,-69.9473509880904));
#10567=CARTESIAN_POINT('',(40.6499999999772,12.2337205779811,-70.6510600915286));
#10568=CARTESIAN_POINT('Origin',(40.6499999999772,10.7349286591672,-69.6821386204206));
#10569=CARTESIAN_POINT('',(40.6499999999772,13.0694844538336,-69.7908739044956));
#10570=CARTESIAN_POINT('',(40.6499999999772,11.2044002219531,-68.7991910275616));
#10571=CARTESIAN_POINT('',(41.6499999999772,12.8201564509904,-70.7908739044956));
#10572=CARTESIAN_POINT('',(41.6499999999772,10.7349286591672,-69.6821386204206));
#10573=CARTESIAN_POINT('Origin',(40.6499999999772,12.8201564509904,-70.7908739044956));
#10574=CARTESIAN_POINT('Origin',(40.6499999999772,12.1837205779812,-70.7908739044956));
#10575=CARTESIAN_POINT('',(40.6499999999772,17.2337205779812,-69.7908739044956));
#10576=CARTESIAN_POINT('',(40.6499999999772,12.1837205779812,-69.7908739044956));
#10577=CARTESIAN_POINT('',(41.6499999999772,16.2337205779812,-70.7908739044956));
#10578=CARTESIAN_POINT('',(41.6499999999772,12.1837205779812,-70.7908739044956));
#10579=CARTESIAN_POINT('Origin',(40.6499999999772,16.2337205779812,-70.7908739044956));
#10580=CARTESIAN_POINT('Origin',(40.6499999999772,16.2337205779812,-73.4823913041766));
#10581=CARTESIAN_POINT('',(40.6499999999772,17.2337205779812,-75.0091527943588));
#10582=CARTESIAN_POINT('',(40.6499999999772,17.2337205779812,-73.4823913041766));
#10583=CARTESIAN_POINT('',(41.6499999999772,16.2337205779812,-74.0091527943588));
#10584=CARTESIAN_POINT('',(41.6499999999772,16.2337205779812,-73.4823913041766));
#10585=CARTESIAN_POINT('Origin',(40.6499999999772,16.2337205779812,-74.0091527943588));
#10586=CARTESIAN_POINT('Origin',(40.6499999999772,2.08372057798115,-74.0091527943588));
#10587=CARTESIAN_POINT('',(40.6499999999772,2.08372057798115,-75.0091527943588));
#10588=CARTESIAN_POINT('',(41.6499999999772,2.08372057798115,-74.0091527943588));
#10589=CARTESIAN_POINT('Origin',(34.6499999999772,13.0694844538336,-69.7908739044956));
#10590=CARTESIAN_POINT('',(34.6499999999772,13.0694844538336,-69.7908739044956));
#10591=CARTESIAN_POINT('',(34.6499999999772,12.2337205779811,-69.3464903690628));
#10592=CARTESIAN_POINT('Origin',(34.6499999999772,17.2337205779812,-69.7908739044956));
#10593=CARTESIAN_POINT('',(34.6499999999772,17.2337205779812,-69.7908739044956));
#10594=CARTESIAN_POINT('Origin',(34.6499999999772,17.2337205779812,-75.0091527943588));
#10595=CARTESIAN_POINT('',(28.6499999999772,17.2337205779812,-75.0091527943588));
#10596=CARTESIAN_POINT('',(34.6499999999772,17.2337205779812,-75.0091527943588));
#10597=CARTESIAN_POINT('',(34.6499999999772,17.2337205779812,-75.0091527943588));
#10598=CARTESIAN_POINT('Origin',(34.6499999999772,-2.96627942201885,-75.0091527943588));
#10599=CARTESIAN_POINT('',(28.6499999999772,-2.96627942201886,-75.0091527943588));
#10600=CARTESIAN_POINT('',(34.6499999999772,-2.96627942201885,-75.0091527943588));
#10601=CARTESIAN_POINT('',(28.6499999999772,2.08372078217558,-75.0091527943588));
#10602=CARTESIAN_POINT('Origin',(34.6499999999772,-2.96627942201885,-69.7908739044956));
#10603=CARTESIAN_POINT('',(34.6499999999772,-2.96627942201885,-69.7908739044956));
#10604=CARTESIAN_POINT('',(34.6499999999772,-2.96627942201885,-75.0091527943588));
#10605=CARTESIAN_POINT('Origin',(41.6499999999772,7.13372057798115,-71.9556298139944));
#10606=CARTESIAN_POINT('Origin',(34.1499999999772,-16.2162594829843,-63.6430876261431));
#10607=CARTESIAN_POINT('',(33.6499999999772,-25.6662594829843,-64.1430876261431));
#10608=CARTESIAN_POINT('',(33.6499999999772,-13.0662594829843,-64.1430876261431));
#10609=CARTESIAN_POINT('',(33.6499999999772,-16.2162594829843,-64.1430876261431));
#10610=CARTESIAN_POINT('',(34.6499999999772,-14.0662594829843,-63.1430876261432));
#10611=CARTESIAN_POINT('',(33.6499999999772,-13.0662594829843,-64.1430876261431));
#10612=CARTESIAN_POINT('',(34.6499999999772,-24.6662594829843,-63.1430876261432));
#10613=CARTESIAN_POINT('',(34.6499999999772,-16.2162594829843,-63.1430876261432));
#10614=CARTESIAN_POINT('',(33.6499999999772,-25.6662594829843,-64.1430876261431));
#10615=CARTESIAN_POINT('Origin',(34.1499999999772,-22.5162594829843,-60.0430876261431));
#10616=CARTESIAN_POINT('',(33.6499999999772,-13.0662594829843,-59.5430876261431));
#10617=CARTESIAN_POINT('',(33.6499999999772,-25.6662594829843,-59.5430876261431));
#10618=CARTESIAN_POINT('',(33.6499999999772,-22.5162594829843,-59.5430876261431));
#10619=CARTESIAN_POINT('',(34.6499999999772,-24.6662594829843,-60.5430876261431));
#10620=CARTESIAN_POINT('',(33.6499999999772,-25.6662594829843,-59.5430876261431));
#10621=CARTESIAN_POINT('',(34.6499999999772,-14.0662594829843,-60.5430876261431));
#10622=CARTESIAN_POINT('',(34.6499999999772,-22.5162594829843,-60.5430876261431));
#10623=CARTESIAN_POINT('',(34.6499999999772,-14.0662594829843,-60.5430876261431));
#10624=CARTESIAN_POINT('Origin',(34.1499999999772,-25.1662594829843,-62.9930876261431));
#10625=CARTESIAN_POINT('',(34.6499999999772,-24.6662594829843,-62.9930876261431));
#10626=CARTESIAN_POINT('',(33.6499999999772,-25.6662594829843,-62.9930876261431));
#10627=CARTESIAN_POINT('Origin',(34.1499999999772,-13.5662594829843,-60.6930876261431));
#10628=CARTESIAN_POINT('',(33.6499999999772,-13.0662594829843,-60.6930876261431));
#10629=CARTESIAN_POINT('',(34.6499999999772,-14.0662594829843,-60.6930876261431));
#10630=CARTESIAN_POINT('Origin',(34.6499999999772,-25.6662594829843,-64.1430876261431));
#10631=CARTESIAN_POINT('',(34.6499999999772,-25.6662594829843,-59.5430876261431));
#10632=CARTESIAN_POINT('',(28.6499999999772,-25.6662594829843,-79.1430876261431));
#10633=CARTESIAN_POINT('',(28.6499999999772,-25.6662594829843,-79.1430876261431));
#10634=CARTESIAN_POINT('',(28.6499999999772,-25.6662594829843,-64.1430876261431));
#10635=CARTESIAN_POINT('',(28.6499999999772,-25.6662594829843,-64.1430876261431));
#10636=CARTESIAN_POINT('',(34.6499999999772,-25.6662594829843,-64.1430876261431));
#10637=CARTESIAN_POINT('Origin',(34.6499999999772,-25.6662594829843,-59.5430876261431));
#10638=CARTESIAN_POINT('',(34.6499999999772,-13.0662594829843,-59.5430876261431));
#10639=CARTESIAN_POINT('Origin',(34.6499999999772,-19.3662594829843,-61.8430876261431));
#10640=CARTESIAN_POINT('Origin',(34.1499999999772,36.7837014557244,-63.6430876261431));
#10641=CARTESIAN_POINT('',(33.6499999999772,27.3337014557243,-64.1430876261431));
#10642=CARTESIAN_POINT('',(33.6499999999772,39.9337014557243,-64.1430876261431));
#10643=CARTESIAN_POINT('',(33.6499999999772,36.7837014557244,-64.1430876261431));
#10644=CARTESIAN_POINT('',(34.6499999999772,38.9337014557243,-63.1430876261431));
#10645=CARTESIAN_POINT('',(33.6499999999772,39.9337014557243,-64.1430876261431));
#10646=CARTESIAN_POINT('',(34.6499999999772,28.3337014557243,-63.1430876261431));
#10647=CARTESIAN_POINT('',(34.6499999999772,36.7837014557244,-63.1430876261431));
#10648=CARTESIAN_POINT('',(33.6499999999772,27.3337014557243,-64.1430876261431));
#10649=CARTESIAN_POINT('Origin',(34.1499999999772,30.4837014557244,-60.0430876261431));
#10650=CARTESIAN_POINT('',(33.6499999999772,39.9337014557243,-59.5430876261431));
#10651=CARTESIAN_POINT('',(33.6499999999772,27.3337014557243,-59.5430876261431));
#10652=CARTESIAN_POINT('',(33.6499999999772,30.4837014557244,-59.5430876261431));
#10653=CARTESIAN_POINT('',(34.6499999999772,28.3337014557243,-60.5430876261431));
#10654=CARTESIAN_POINT('',(33.6499999999772,27.3337014557243,-59.5430876261431));
#10655=CARTESIAN_POINT('',(34.6499999999772,38.9337014557243,-60.5430876261431));
#10656=CARTESIAN_POINT('',(34.6499999999772,30.4837014557244,-60.5430876261431));
#10657=CARTESIAN_POINT('',(34.6499999999772,38.9337014557243,-60.5430876261431));
#10658=CARTESIAN_POINT('Origin',(34.1499999999772,27.8337014557243,-62.9930876261431));
#10659=CARTESIAN_POINT('',(34.6499999999772,28.3337014557243,-62.9930876261431));
#10660=CARTESIAN_POINT('',(33.6499999999772,27.3337014557243,-62.9930876261431));
#10661=CARTESIAN_POINT('Origin',(34.1499999999772,39.4337014557243,-60.6930876261431));
#10662=CARTESIAN_POINT('',(33.6499999999772,39.9337014557243,-60.6930876261431));
#10663=CARTESIAN_POINT('',(34.6499999999772,38.9337014557243,-60.6930876261431));
#10664=CARTESIAN_POINT('Origin',(34.6499999999772,27.3337014557243,-64.1430876261431));
#10665=CARTESIAN_POINT('',(34.6499999999772,27.3337014557243,-59.5430876261431));
#10666=CARTESIAN_POINT('',(28.6499999999772,27.3337014557243,-75.0091527943588));
#10667=CARTESIAN_POINT('',(28.6499999999772,27.3337014557243,-75.0091527943588));
#10668=CARTESIAN_POINT('',(28.6499999999772,27.3337014557243,-64.1430876261431));
#10669=CARTESIAN_POINT('',(28.6499999999772,27.3337014557243,-64.1430876261431));
#10670=CARTESIAN_POINT('',(34.6499999999772,27.3337014557243,-64.1430876261431));
#10671=CARTESIAN_POINT('Origin',(34.6499999999772,27.3337014557243,-59.5430876261431));
#10672=CARTESIAN_POINT('',(34.6499999999772,39.9337014557243,-59.5430876261431));
#10673=CARTESIAN_POINT('Origin',(34.6499999999772,33.6337014557243,-61.8430876261431));
#10674=CARTESIAN_POINT('Origin',(22.,7.13372057798106,-74.0221068336301));
#10675=CARTESIAN_POINT('Origin',(28.6499999999772,-13.0662594829843,-75.0091527943588));
#10676=CARTESIAN_POINT('',(28.6499999999772,-13.0662594829843,-75.0091527943588));
#10677=CARTESIAN_POINT('',(28.6499999999772,-13.0662594829843,-75.0091527943588));
#10678=CARTESIAN_POINT('',(28.6499999999772,27.3337014557243,-75.0091527943588));
#10679=CARTESIAN_POINT('Origin',(28.6499999999772,39.9337014557243,-79.1430876261431));
#10680=CARTESIAN_POINT('',(28.6499999999772,39.9337014557243,-79.1430876261431));
#10681=CARTESIAN_POINT('',(28.6499999999772,-25.6662594829843,-79.1430876261431));
#10682=CARTESIAN_POINT('',(28.6499999999772,39.9337014557243,-79.1430876261431));
#10683=CARTESIAN_POINT('Origin',(28.6499999999772,-13.0662594829843,-75.0091527943588));
#10684=CARTESIAN_POINT('',(28.6499999999772,27.3337014557243,-75.0091527943588));
#10685=CARTESIAN_POINT('Origin',(28.6499999999772,7.13372098637001,-71.6430876261431));
#10686=CARTESIAN_POINT('',(28.6499999999772,-13.0662594829843,-64.1430876261431));
#10687=CARTESIAN_POINT('',(28.6499999999772,-2.96626924830716,-64.1430876261431));
#10688=CARTESIAN_POINT('',(28.6499999999772,39.9337014557243,-64.1430876261431));
#10689=CARTESIAN_POINT('',(28.6499999999772,39.9337014557243,-64.1430876261431));
#10690=CARTESIAN_POINT('',(28.6499999999772,23.5337112210472,-64.1430876261431));
#10691=CARTESIAN_POINT('',(28.6499999999772,-13.0662594829843,-64.1430876261431));
#10692=CARTESIAN_POINT('Origin',(34.6499999999772,1.19795742914893,-69.7908739044956));
#10693=CARTESIAN_POINT('',(34.6499999999772,1.19795742914893,-69.7908739044956));
#10694=CARTESIAN_POINT('Origin',(34.6499999999772,2.03372057798104,-69.3464903690628));
#10695=CARTESIAN_POINT('',(34.6499999999772,2.03372057798104,-69.3464903690628));
#10696=CARTESIAN_POINT('Origin',(34.6499999999772,2.03372057798104,-68.9021068336301));
#10697=CARTESIAN_POINT('',(34.6499999999772,2.03372057798104,-68.9021068336301));
#10698=CARTESIAN_POINT('Origin',(34.6499999999772,12.2337205779811,-68.9021068336301));
#10699=CARTESIAN_POINT('',(34.6499999999772,12.2337205779811,-68.9021068336301));
#10700=CARTESIAN_POINT('Origin',(34.6499999999772,12.2337205779811,-69.3464903690628));
#10701=CARTESIAN_POINT('Origin',(34.6499999999772,39.9337014557243,-64.1430876261431));
#10702=CARTESIAN_POINT('',(34.6499999999772,39.9337014557243,-64.1430876261431));
#10703=CARTESIAN_POINT('Origin',(34.6499999999772,39.9337014557243,-59.5430876261431));
#10704=CARTESIAN_POINT('Origin',(34.6499999999772,-13.0662594829843,-64.1430876261431));
#10705=CARTESIAN_POINT('',(34.6499999999772,-13.0662594829843,-64.1430876261431));
#10706=CARTESIAN_POINT('Origin',(34.6499999999772,-13.0662594829843,-59.5430876261431));
#10707=CARTESIAN_POINT('',(0.,0.,0.));
#10708=CARTESIAN_POINT('Origin',(-18.0500000000228,7.13372057798106,-74.0221068336301));
#10709=CARTESIAN_POINT('',(-17.6500000000228,7.13372057798106,-69.2221068336301));
#10710=CARTESIAN_POINT('Origin',(-17.6500000000228,7.13372057798106,-74.0221068336301));
#10711=CARTESIAN_POINT('',(-18.4500000000228,7.13372057798106,-70.0221068336301));
#10712=CARTESIAN_POINT('',(-18.0500000000228,7.13372057798106,-69.6221068336301));
#10713=CARTESIAN_POINT('Origin',(-18.4500000000228,7.13372057798106,-74.0221068336301));
#10714=CARTESIAN_POINT('Origin',(0.,7.13372057798106,-74.0221068336301));
#10715=CARTESIAN_POINT('',(-25.,7.13372057798106,-70.0221068336301));
#10716=CARTESIAN_POINT('Origin',(-25.,7.13372057798106,-74.0221068336301));
#10717=CARTESIAN_POINT('',(0.,7.13372057798106,-70.0221068336301));
#10718=CARTESIAN_POINT('Origin',(-17.6500000000228,33.6337014557243,-61.8430876261431));
#10719=CARTESIAN_POINT('',(-17.6500000000228,27.3337014557244,-59.5430876261431));
#10720=CARTESIAN_POINT('',(-17.6500000000228,39.9337014557244,-59.5430876261431));
#10721=CARTESIAN_POINT('',(-17.6500000000228,27.3337014557244,-59.5430876261431));
#10722=CARTESIAN_POINT('',(-17.6500000000228,27.3337014557243,-75.0091527943588));
#10723=CARTESIAN_POINT('',(-17.6500000000228,27.3337014557243,-68.1430876261431));
#10724=CARTESIAN_POINT('',(-17.6500000000228,17.2337205779812,-75.0091527943588));
#10725=CARTESIAN_POINT('',(-17.6500000000228,27.3337014557243,-75.0091527943588));
#10726=CARTESIAN_POINT('',(-17.6500000000228,17.2337205779812,-69.7908739044956));
#10727=CARTESIAN_POINT('',(-17.6500000000228,17.2337205779812,-69.7908739044956));
#10728=CARTESIAN_POINT('',(-17.6500000000228,13.0694844538336,-69.7908739044956));
#10729=CARTESIAN_POINT('',(-17.6500000000228,13.0694844538336,-69.7908739044956));
#10730=CARTESIAN_POINT('',(-17.6500000000228,12.2337205779811,-69.3464903690629));
#10731=CARTESIAN_POINT('',(-17.6500000000228,12.2337205779811,-69.3464903690629));
#10732=CARTESIAN_POINT('',(-17.6500000000228,12.2337205779811,-68.9021068336301));
#10733=CARTESIAN_POINT('',(-17.6500000000228,12.2337205779811,-69.3464903690629));
#10734=CARTESIAN_POINT('',(-17.6500000000228,2.03372057798105,-68.9021068336301));
#10735=CARTESIAN_POINT('',(-17.6500000000228,12.2337205779811,-68.9021068336301));
#10736=CARTESIAN_POINT('',(-17.6500000000228,2.03372057798105,-69.3464903690629));
#10737=CARTESIAN_POINT('',(-17.6500000000228,2.03372057798105,-68.9021068336301));
#10738=CARTESIAN_POINT('',(-17.6500000000228,1.19795742914893,-69.7908739044956));
#10739=CARTESIAN_POINT('',(-17.6500000000228,2.03372057798105,-69.3464903690629));
#10740=CARTESIAN_POINT('',(-17.6500000000228,-2.96627942201885,-69.7908739044956));
#10741=CARTESIAN_POINT('',(-17.6500000000228,-2.96627942201885,-69.7908739044956));
#10742=CARTESIAN_POINT('',(-17.6500000000228,-2.96627942201885,-75.0091527943588));
#10743=CARTESIAN_POINT('',(-17.6500000000228,-2.96627942201885,-75.0091527943588));
#10744=CARTESIAN_POINT('',(-17.6500000000228,-13.0662594829843,-75.0091527943588));
#10745=CARTESIAN_POINT('',(-17.6500000000228,27.3337014557243,-75.0091527943588));
#10746=CARTESIAN_POINT('',(-17.6500000000228,-13.0662594829843,-59.5430876261431));
#10747=CARTESIAN_POINT('',(-17.6500000000228,-13.0662594829843,-59.5430876261431));
#10748=CARTESIAN_POINT('',(-17.6500000000228,-25.6662594829843,-59.5430876261431));
#10749=CARTESIAN_POINT('',(-17.6500000000228,-25.6662594829843,-59.5430876261431));
#10750=CARTESIAN_POINT('',(-17.6500000000228,-25.6662594829843,-79.1430876261432));
#10751=CARTESIAN_POINT('',(-17.6500000000228,-25.6662594829843,-68.1430876261432));
#10752=CARTESIAN_POINT('',(-17.6500000000228,39.9337014557244,-79.1430876261431));
#10753=CARTESIAN_POINT('',(-17.6500000000228,-25.6662594829843,-79.1430876261432));
#10754=CARTESIAN_POINT('',(-17.6500000000228,39.9337014557244,-59.5430876261431));
#10755=CARTESIAN_POINT('Origin',(-43.6500000000228,-1.96627942201885,-73.4823913041766));
#10756=CARTESIAN_POINT('',(-44.6500000000228,-1.96627942201885,-70.7908739044956));
#10757=CARTESIAN_POINT('',(-44.6500000000228,-1.96627942201885,-74.0091527943588));
#10758=CARTESIAN_POINT('',(-44.6500000000228,-1.96627942201885,-73.4823913041766));
#10759=CARTESIAN_POINT('',(-43.6500000000228,-2.96627942201885,-75.0091527943588));
#10760=CARTESIAN_POINT('Origin',(-43.6500000000228,-1.96627942201885,-74.0091527943588));
#10761=CARTESIAN_POINT('',(-43.6500000000228,-2.96627942201885,-69.7908739044956));
#10762=CARTESIAN_POINT('',(-43.6500000000228,-2.96627942201885,-73.4823913041766));
#10763=CARTESIAN_POINT('Origin',(-43.6500000000228,-1.96627942201885,-70.7908739044956));
#10764=CARTESIAN_POINT('Origin',(-43.6500000000228,12.1837205779812,-74.0091527943588));
#10765=CARTESIAN_POINT('',(-44.6500000000228,16.2337205779812,-74.0091527943588));
#10766=CARTESIAN_POINT('',(-44.6500000000228,12.1837205779812,-74.0091527943588));
#10767=CARTESIAN_POINT('',(-43.6500000000228,17.2337205779812,-75.0091527943588));
#10768=CARTESIAN_POINT('Origin',(-43.6500000000228,16.2337205779812,-74.0091527943588));
#10769=CARTESIAN_POINT('',(-43.6500000000228,12.1837205779812,-75.0091527943588));
#10770=CARTESIAN_POINT('Origin',(-43.6500000000228,16.2337205779812,-70.873251859245));
#10771=CARTESIAN_POINT('',(-44.6500000000228,16.2337205779812,-70.7908739044956));
#10772=CARTESIAN_POINT('',(-44.6500000000228,16.2337205779812,-70.873251859245));
#10773=CARTESIAN_POINT('',(-43.6500000000228,17.2337205779812,-69.7908739044956));
#10774=CARTESIAN_POINT('Origin',(-43.6500000000228,16.2337205779812,-70.7908739044956));
#10775=CARTESIAN_POINT('',(-43.6500000000228,17.2337205779812,-70.873251859245));
#10776=CARTESIAN_POINT('Origin',(-43.6500000000228,10.1016025159074,-70.7908739044956));
#10777=CARTESIAN_POINT('',(-44.6500000000228,12.8201564509904,-70.7908739044956));
#10778=CARTESIAN_POINT('',(-44.6500000000228,10.1016025159074,-70.7908739044956));
#10779=CARTESIAN_POINT('',(-43.6500000000228,13.0694844538336,-69.7908739044956));
#10780=CARTESIAN_POINT('Origin',(-43.6500000000228,12.8201564509904,-70.7908739044956));
#10781=CARTESIAN_POINT('',(-43.6500000000228,10.1016025159074,-69.7908739044956));
#10782=CARTESIAN_POINT('Origin',(-43.6500000000228,10.3170467212409,-69.4599468527042));
#10783=CARTESIAN_POINT('',(-44.6500000000228,11.2337205779811,-69.9473509880904));
#10784=CARTESIAN_POINT('',(-44.6500000000228,10.3170467212409,-69.4599468527042));
#10785=CARTESIAN_POINT('',(-43.6500000000228,12.2337205779811,-69.3464903690629));
#10786=CARTESIAN_POINT('Origin',(-43.6500000000228,11.2337205779811,-69.9473509880904));
#10787=CARTESIAN_POINT('',(-43.6500000000228,10.7865182840268,-68.5769992598453));
#10788=CARTESIAN_POINT('Origin',(-43.6500000000228,11.2337205779811,-70.4288683238123));
#10789=CARTESIAN_POINT('',(-44.6500000000228,11.2337205779811,-69.9021068336301));
#10790=CARTESIAN_POINT('',(-44.6500000000228,11.2337205779811,-70.4288683238123));
#10791=CARTESIAN_POINT('',(-43.6500000000228,12.2337205779811,-68.9021068336301));
#10792=CARTESIAN_POINT('Origin',(-43.6500000000228,11.2337205779811,-69.9021068336301));
#10793=CARTESIAN_POINT('',(-43.6500000000228,12.2337205779811,-70.4288683238123));
#10794=CARTESIAN_POINT('Origin',(-43.6500000000228,4.5837205779811,-69.9021068336301));
#10795=CARTESIAN_POINT('',(-43.6500000000228,2.03372057798105,-68.9021068336301));
#10796=CARTESIAN_POINT('',(-43.6500000000228,4.5837205779811,-68.9021068336301));
#10797=CARTESIAN_POINT('',(-44.6500000000228,3.03372057798105,-69.9021068336301));
#10798=CARTESIAN_POINT('',(-44.6500000000228,4.5837205779811,-69.9021068336301));
#10799=CARTESIAN_POINT('Origin',(-43.6500000000228,3.03372057798105,-69.9021068336301));
#10800=CARTESIAN_POINT('Origin',(-43.6500000000228,3.03372057798105,-70.6510600915286));
#10801=CARTESIAN_POINT('',(-43.6500000000228,2.03372057798105,-69.3464903690629));
#10802=CARTESIAN_POINT('',(-43.6500000000228,2.03372057798105,-70.6510600915286));
#10803=CARTESIAN_POINT('',(-44.6500000000228,3.03372057798104,-69.9473507427064));
#10804=CARTESIAN_POINT('',(-44.6500000000228,3.03372057798105,-70.6510600915286));
#10805=CARTESIAN_POINT('Origin',(-43.6500000000228,3.03372057798105,-69.9473507427064));
#10806=CARTESIAN_POINT('Origin',(-43.6500000000228,3.53251215334078,-69.6821383269494));
#10807=CARTESIAN_POINT('',(-43.6500000000228,1.19795742914893,-69.7908739044956));
#10808=CARTESIAN_POINT('',(-43.6500000000228,3.06304027217734,-68.7991909033749));
#10809=CARTESIAN_POINT('',(-44.6500000000228,1.44728562349236,-70.7908739044956));
#10810=CARTESIAN_POINT('',(-44.6500000000228,3.53251215334078,-69.6821383269494));
#10811=CARTESIAN_POINT('Origin',(-43.6500000000228,1.44728562349236,-70.7908739044956));
#10812=CARTESIAN_POINT('Origin',(-43.6500000000228,2.08372057798115,-70.7908739044956));
#10813=CARTESIAN_POINT('',(-43.6500000000228,2.08372057798115,-69.7908739044956));
#10814=CARTESIAN_POINT('',(-44.6500000000228,2.08372057798115,-70.7908739044956));
#10815=CARTESIAN_POINT('Origin',(-17.6500000000228,2.03372057798105,-68.9021068336301));
#10816=CARTESIAN_POINT('',(-17.6500000000228,2.03372057798105,-68.9021068336301));
#10817=CARTESIAN_POINT('',(-17.6500000000228,12.2337205779811,-68.9021068336301));
#10818=CARTESIAN_POINT('Origin',(-17.6500000000228,2.03372057798105,-69.3464903690629));
#10819=CARTESIAN_POINT('',(-17.6500000000228,2.03372057798105,-69.3464903690629));
#10820=CARTESIAN_POINT('Origin',(-17.6500000000228,1.19795742914893,-69.7908739044956));
#10821=CARTESIAN_POINT('',(-17.6500000000228,1.19795742914893,-69.7908739044956));
#10822=CARTESIAN_POINT('Origin',(-17.6500000000228,-2.96627942201885,-69.7908739044956));
#10823=CARTESIAN_POINT('',(-17.6500000000228,-2.96627942201885,-69.7908739044956));
#10824=CARTESIAN_POINT('Origin',(-17.6500000000228,-2.96627942201885,-75.0091527943588));
#10825=CARTESIAN_POINT('',(-31.6500000000228,-2.96627942201885,-75.0091527943588));
#10826=CARTESIAN_POINT('',(-17.6500000000228,-2.96627942201885,-75.0091527943588));
#10827=CARTESIAN_POINT('',(-17.6500000000228,-2.96627942201885,-75.0091527943588));
#10828=CARTESIAN_POINT('Origin',(-44.6500000000228,7.13372057798115,-71.9556298139944));
#10829=CARTESIAN_POINT('Origin',(-37.1499994163958,-25.1662594829843,-62.9930876261432));
#10830=CARTESIAN_POINT('',(-36.6499994599484,-25.6662594829843,-64.1430876261432));
#10831=CARTESIAN_POINT('',(-36.6499994599484,-25.6662594829843,-59.5430876261431));
#10832=CARTESIAN_POINT('',(-36.6499994599484,-25.6662594829843,-62.9930876261432));
#10833=CARTESIAN_POINT('',(-37.6499993728433,-24.6662594829843,-60.5430876261431));
#10834=CARTESIAN_POINT('',(-36.6499994599484,-25.6662594829843,-59.5430876261431));
#10835=CARTESIAN_POINT('',(-37.6499993728433,-24.6662594829843,-63.1430876261432));
#10836=CARTESIAN_POINT('',(-37.6499993728433,-24.6662594829843,-62.9930876261432));
#10837=CARTESIAN_POINT('',(-37.6499993728433,-24.6662594829843,-63.1430876261432));
#10838=CARTESIAN_POINT('Origin',(-37.1499980314243,-9.26626842080799,-60.0430876261431));
#10839=CARTESIAN_POINT('',(-37.6499984495284,-14.0662594829843,-60.5430876261431));
#10840=CARTESIAN_POINT('',(-37.6499980314243,-9.2662683772554,-60.5430876261431));
#10841=CARTESIAN_POINT('',(-36.6499983624232,-13.0662594829843,-59.5430876261431));
#10842=CARTESIAN_POINT('',(-36.6499980314243,-9.26626846436058,-59.5430876261431));
#10843=CARTESIAN_POINT('',(-37.6499984495284,-14.0662594829843,-60.5430876261431));
#10844=CARTESIAN_POINT('Origin',(-37.1499974826617,-2.96626842080803,-63.6430876261432));
#10845=CARTESIAN_POINT('',(-36.6499983624232,-13.0662594829843,-64.1430876261432));
#10846=CARTESIAN_POINT('',(-36.6499974826617,-2.96626846436062,-64.1430876261432));
#10847=CARTESIAN_POINT('',(-37.6499984495284,-14.0662594829843,-63.1430876261432));
#10848=CARTESIAN_POINT('',(-37.6499974826616,-2.96626837725544,-63.1430876261432));
#10849=CARTESIAN_POINT('',(-37.6499984495284,-14.0662594829843,-63.1430876261432));
#10850=CARTESIAN_POINT('Origin',(-37.1499984059758,-13.5662594829843,-60.6930876261431));
#10851=CARTESIAN_POINT('',(-36.6499983624232,-13.0662594829843,-60.6930876261431));
#10852=CARTESIAN_POINT('',(-37.6499984495284,-14.0662594829843,-60.6930876261431));
#10853=CARTESIAN_POINT('Origin',(-17.6500000000228,-25.6662594829843,-59.5430876261431));
#10854=CARTESIAN_POINT('',(-17.6500000000228,-25.6662594829843,-59.5430876261431));
#10855=CARTESIAN_POINT('',(-17.6500000000228,-13.0662594829843,-59.5430876261431));
#10856=CARTESIAN_POINT('Origin',(-17.6500000000228,-25.6662594829843,-64.1430876261432));
#10857=CARTESIAN_POINT('',(-31.6500000000228,-25.6662594829843,-64.1430876261432));
#10858=CARTESIAN_POINT('',(-17.6500000000228,-25.6662594829843,-64.1430876261432));
#10859=CARTESIAN_POINT('',(-31.6500000000228,-25.6662594829843,-79.1430876261432));
#10860=CARTESIAN_POINT('',(-31.6500000000228,-25.6662594829843,-64.1430876261432));
#10861=CARTESIAN_POINT('',(-17.6500000000228,-25.6662594829843,-79.1430876261432));
#10862=CARTESIAN_POINT('Origin',(-37.6499966029003,7.13372098637001,-61.8430876261431));
#10863=CARTESIAN_POINT('Origin',(-37.1499947998248,27.8337014557243,-62.9930876261432));
#10864=CARTESIAN_POINT('',(-36.6499948433774,27.3337014557243,-64.1430876261431));
#10865=CARTESIAN_POINT('',(-36.6499948433774,27.3337014557244,-59.5430876261431));
#10866=CARTESIAN_POINT('',(-36.6499948433774,27.3337014557243,-62.9930876261432));
#10867=CARTESIAN_POINT('',(-37.6499947562722,28.3337014557243,-60.5430876261431));
#10868=CARTESIAN_POINT('',(-36.6499948433774,27.3337014557244,-59.5430876261431));
#10869=CARTESIAN_POINT('',(-37.6499947562722,28.3337014557243,-63.1430876261431));
#10870=CARTESIAN_POINT('',(-37.6499947562722,28.3337014557243,-62.9930876261432));
#10871=CARTESIAN_POINT('',(-37.6499947562722,28.3337014557243,-63.1430876261431));
#10872=CARTESIAN_POINT('Origin',(-37.1499957231387,17.2337120485462,-60.0430876261431));
#10873=CARTESIAN_POINT('',(-37.6499938329573,38.9337014557244,-60.5430876261431));
#10874=CARTESIAN_POINT('',(-37.6499957231387,17.2337120920987,-60.5430876261431));
#10875=CARTESIAN_POINT('',(-36.6499937458521,39.9337014557244,-59.5430876261431));
#10876=CARTESIAN_POINT('',(-36.6499957231387,17.2337120049936,-59.5430876261431));
#10877=CARTESIAN_POINT('',(-37.6499938329573,38.9337014557244,-60.5430876261431));
#10878=CARTESIAN_POINT('Origin',(-37.1499951743761,23.5337120485461,-63.6430876261431));
#10879=CARTESIAN_POINT('',(-36.6499937458521,39.9337014557244,-64.1430876261431));
#10880=CARTESIAN_POINT('',(-36.6499951743761,23.5337120049935,-64.1430876261431));
#10881=CARTESIAN_POINT('',(-37.6499938329573,38.9337014557244,-63.1430876261431));
#10882=CARTESIAN_POINT('',(-37.6499951743761,23.5337120920987,-63.1430876261431));
#10883=CARTESIAN_POINT('',(-37.6499938329573,38.9337014557244,-63.1430876261431));
#10884=CARTESIAN_POINT('Origin',(-37.1499937894047,39.4337014557244,-60.6930876261431));
#10885=CARTESIAN_POINT('',(-36.6499937458521,39.9337014557244,-60.6930876261431));
#10886=CARTESIAN_POINT('',(-37.6499938329573,38.9337014557244,-60.6930876261431));
#10887=CARTESIAN_POINT('Origin',(-17.6500000000228,27.3337014557244,-59.5430876261431));
#10888=CARTESIAN_POINT('',(-17.6500000000228,27.3337014557244,-59.5430876261431));
#10889=CARTESIAN_POINT('',(-17.6500000000228,39.9337014557244,-59.5430876261431));
#10890=CARTESIAN_POINT('Origin',(-17.6500000000228,27.3337014557243,-64.1430876261431));
#10891=CARTESIAN_POINT('',(-31.6500000000228,27.3337014557243,-64.1430876261431));
#10892=CARTESIAN_POINT('',(-17.6500000000228,27.3337014557243,-64.1430876261431));
#10893=CARTESIAN_POINT('',(-31.6500000000228,27.3337014557243,-75.0091527943588));
#10894=CARTESIAN_POINT('',(-31.6500000000228,27.3337014557243,-64.1430876261431));
#10895=CARTESIAN_POINT('',(-17.6500000000228,27.3337014557243,-75.0091527943588));
#10896=CARTESIAN_POINT('Origin',(-37.6499966029003,7.13372098637001,-61.8430876261431));
#10897=CARTESIAN_POINT('Origin',(-25.,7.13372057798106,-74.0221068336301));
#10898=CARTESIAN_POINT('Origin',(-17.6500000000228,-13.0662594829843,-75.0091527943588));
#10899=CARTESIAN_POINT('',(-31.6500000000228,17.2337205779812,-75.0091527943588));
#10900=CARTESIAN_POINT('',(-17.6500000000228,17.2337205779812,-75.0091527943588));
#10901=CARTESIAN_POINT('',(-31.6500000000228,27.3337014557243,-75.0091527943588));
#10902=CARTESIAN_POINT('Origin',(-17.6500000000228,39.9337014557244,-79.1430876261431));
#10903=CARTESIAN_POINT('',(-31.6500000000228,39.9337014557243,-79.1430876261431));
#10904=CARTESIAN_POINT('',(-31.6500000000228,-25.6662594829843,-79.1430876261432));
#10905=CARTESIAN_POINT('',(-17.6500000000228,39.9337014557244,-79.1430876261431));
#10906=CARTESIAN_POINT('Origin',(-17.6500000000228,-13.0662594829843,-75.0091527943588));
#10907=CARTESIAN_POINT('',(-31.6500000000228,-13.0662594829843,-75.0091527943588));
#10908=CARTESIAN_POINT('',(-31.6500000000228,27.3337014557243,-75.0091527943588));
#10909=CARTESIAN_POINT('',(-17.6500000000228,-13.0662594829843,-75.0091527943588));
#10910=CARTESIAN_POINT('Origin',(-31.6500000000228,7.13372098637001,-71.6430876261431));
#10911=CARTESIAN_POINT('',(-31.6500000000228,-13.0662594829843,-64.1430876261432));
#10912=CARTESIAN_POINT('',(-31.6500000000228,-2.96626924830716,-64.1430876261432));
#10913=CARTESIAN_POINT('',(-31.6500000000228,-13.0662594829843,-64.1430876261432));
#10914=CARTESIAN_POINT('',(-31.6500000000228,12.1837207821756,-75.0091527943588));
#10915=CARTESIAN_POINT('',(-31.6500000000228,39.9337014557243,-64.1430876261431));
#10916=CARTESIAN_POINT('',(-31.6500000000228,23.5337112210472,-64.1430876261431));
#10917=CARTESIAN_POINT('',(-31.6500000000228,39.9337014557244,-64.1430876261431));
#10918=CARTESIAN_POINT('Origin',(-17.6500000000228,17.2337205779812,-75.0091527943588));
#10919=CARTESIAN_POINT('',(-17.6500000000228,17.2337205779812,-75.0091527943588));
#10920=CARTESIAN_POINT('Origin',(-17.6500000000228,17.2337205779812,-69.7908739044956));
#10921=CARTESIAN_POINT('',(-17.6500000000228,17.2337205779812,-69.7908739044956));
#10922=CARTESIAN_POINT('Origin',(-17.6500000000228,13.0694844538336,-69.7908739044956));
#10923=CARTESIAN_POINT('',(-17.6500000000228,13.0694844538336,-69.7908739044956));
#10924=CARTESIAN_POINT('Origin',(-17.6500000000228,12.2337205779811,-69.3464903690629));
#10925=CARTESIAN_POINT('',(-17.6500000000228,12.2337205779811,-69.3464903690629));
#10926=CARTESIAN_POINT('Origin',(-17.6500000000228,12.2337205779811,-68.9021068336301));
#10927=CARTESIAN_POINT('Origin',(-17.6500000000228,-13.0662594829843,-59.5430876261431));
#10928=CARTESIAN_POINT('',(-17.6500000000228,-13.0662594829843,-64.1430876261432));
#10929=CARTESIAN_POINT('Origin',(-17.6500000000228,-13.0662594829843,-64.1430876261432));
#10930=CARTESIAN_POINT('Origin',(-17.6500000000228,39.9337014557244,-64.1430876261431));
#10931=CARTESIAN_POINT('',(-17.6500000000228,39.9337014557244,-64.1430876261431));
#10932=CARTESIAN_POINT('Origin',(-17.6500000000228,39.9337014557244,-59.5430876261431));
#10933=CARTESIAN_POINT('Origin',(5.32492153588779,-8.01626945250202,-69.035627041683));
#10934=CARTESIAN_POINT('',(2.32492153588779,-8.01626945250202,-69.035627041683));
#10935=CARTESIAN_POINT('Origin',(5.32492153588779,-8.01626945250202,-69.035627041683));
#10936=CARTESIAN_POINT('',(2.32492153588779,-8.01626945250202,-72.035627041683));
#10937=CARTESIAN_POINT('',(2.32492153588779,-8.01626945250202,-69.035627041683));
#10938=CARTESIAN_POINT('Origin',(5.32492153588779,-8.01626945250202,-72.035627041683));
#10939=CARTESIAN_POINT('Origin',(5.32492153588779,-8.01626945250202,-72.035627041683));
#10940=CARTESIAN_POINT('',(3.72492153588779,-8.01626945250202,-72.035627041683));
#10941=CARTESIAN_POINT('Origin',(5.32492153588779,-8.01626945250202,-72.035627041683));
#10942=CARTESIAN_POINT('Origin',(-5.32507846411648,-8.01626945250202,-69.035627041683));
#10943=CARTESIAN_POINT('',(-8.32507846411648,-8.01626945250202,-69.035627041683));
#10944=CARTESIAN_POINT('Origin',(-5.32507846411648,-8.01626945250202,-69.035627041683));
#10945=CARTESIAN_POINT('',(-8.32507846411648,-8.01626945250202,-72.035627041683));
#10946=CARTESIAN_POINT('',(-8.32507846411648,-8.01626945250202,-69.035627041683));
#10947=CARTESIAN_POINT('Origin',(-5.32507846411648,-8.01626945250202,-72.035627041683));
#10948=CARTESIAN_POINT('Origin',(-5.32507846411648,-8.01626945250202,-72.035627041683));
#10949=CARTESIAN_POINT('',(-6.92507846411648,-8.01626945250202,-72.035627041683));
#10950=CARTESIAN_POINT('Origin',(-5.32507846411648,-8.01626945250202,-72.035627041683));
#10951=CARTESIAN_POINT('Origin',(5.32492153588779,-8.01626945250202,-69.035627041683));
#10952=CARTESIAN_POINT('',(3.72492153588779,-8.01626945250202,-74.7091527943588));
#10953=CARTESIAN_POINT('',(3.72492153588779,-8.01626945250202,-69.035627041683));
#10954=CARTESIAN_POINT('Origin',(5.32492153588779,-8.01626945250202,-74.7091527943588));
#10955=CARTESIAN_POINT('Origin',(-5.32507846411648,-8.01626945250202,-69.035627041683));
#10956=CARTESIAN_POINT('',(-6.92507846411648,-8.01626945250202,-74.7091527943588));
#10957=CARTESIAN_POINT('',(-6.92507846411648,-8.01626945250202,-69.035627041683));
#10958=CARTESIAN_POINT('Origin',(-5.32507846411648,-8.01626945250202,-74.7091527943588));
#10959=CARTESIAN_POINT('Origin',(31.9176861436024,-12.7662594829848,-69.035627041683));
#10960=CARTESIAN_POINT('',(-31.7180000000228,-12.7662594829848,-69.035627041683));
#10961=CARTESIAN_POINT('',(-31.7180000000228,-3.26627942201928,-69.035627041683));
#10962=CARTESIAN_POINT('',(-31.7180000000228,-2.81626924830759,-69.035627041683));
#10963=CARTESIAN_POINT('',(31.7176861436024,-12.7662594829848,-69.035627041683));
#10964=CARTESIAN_POINT('',(31.9176861436024,-12.7662594829848,-69.035627041683));
#10965=CARTESIAN_POINT('',(31.7176861436024,-3.26627942201929,-69.035627041683));
#10966=CARTESIAN_POINT('',(31.7176861436024,-3.26627942201929,-69.035627041683));
#10967=CARTESIAN_POINT('',(31.9176861436024,-3.26627942201929,-69.035627041683));
#10968=CARTESIAN_POINT('Origin',(31.9176861436024,-12.7662594829848,-74.7091527943588));
#10969=CARTESIAN_POINT('',(-31.7180000000228,-12.7662594829848,-74.7091527943588));
#10970=CARTESIAN_POINT('',(-31.7180000000228,-12.7662594829848,-73.2907713561899));
#10971=CARTESIAN_POINT('',(31.7176861436024,-12.7662594829848,-74.7091527943588));
#10972=CARTESIAN_POINT('',(31.9176861436024,-12.7662594829848,-74.7091527943588));
#10973=CARTESIAN_POINT('',(31.7176861436024,-12.7662594829848,-69.035627041683));
#10974=CARTESIAN_POINT('Origin',(31.9176861436024,-3.26627942201929,-74.7091527943588));
#10975=CARTESIAN_POINT('',(-31.7180000000228,-3.26627942201928,-74.7091527943588));
#10976=CARTESIAN_POINT('',(-31.7180000000228,1.93372078217514,-74.7091527943588));
#10977=CARTESIAN_POINT('',(31.7176861436024,-3.26627942201929,-74.7091527943588));
#10978=CARTESIAN_POINT('',(31.9176861436024,-3.26627942201929,-74.7091527943588));
#10979=CARTESIAN_POINT('',(31.7176861436024,-12.7662594829848,-74.7091527943588));
#10980=CARTESIAN_POINT('Origin',(31.9176861436024,-3.26627942201929,-69.035627041683));
#10981=CARTESIAN_POINT('',(-31.7180000000228,-3.26627942201928,-70.454008479852));
#10982=CARTESIAN_POINT('',(31.7176861436024,-3.26627942201929,-74.7091527943588));
#10983=CARTESIAN_POINT('Origin',(31.7176861436024,-8.01626945250203,-71.8723899180209));
#10984=CARTESIAN_POINT('Origin',(-31.7180000000228,7.13372098636958,-71.8723899180209));
#10985=CARTESIAN_POINT('Origin',(5.32492153587535,22.2837110168523,-69.035627041683));
#10986=CARTESIAN_POINT('',(2.32492153587535,22.2837110168523,-69.035627041683));
#10987=CARTESIAN_POINT('Origin',(5.32492153587535,22.2837110168523,-69.035627041683));
#10988=CARTESIAN_POINT('',(2.32492153587535,22.2837110168523,-72.035627041683));
#10989=CARTESIAN_POINT('',(2.32492153587535,22.2837110168523,-69.035627041683));
#10990=CARTESIAN_POINT('Origin',(5.32492153587535,22.2837110168523,-72.035627041683));
#10991=CARTESIAN_POINT('Origin',(5.32492153587535,22.2837110168523,-72.035627041683));
#10992=CARTESIAN_POINT('',(3.72492153587535,22.2837110168523,-72.035627041683));
#10993=CARTESIAN_POINT('Origin',(5.32492153587535,22.2837110168523,-72.035627041683));
#10994=CARTESIAN_POINT('Origin',(-5.32507846411648,22.2837110168523,-69.035627041683));
#10995=CARTESIAN_POINT('',(-8.32507846411648,22.2837110168523,-69.035627041683));
#10996=CARTESIAN_POINT('Origin',(-5.32507846411648,22.2837110168523,-69.035627041683));
#10997=CARTESIAN_POINT('',(-8.32507846411648,22.2837110168523,-72.035627041683));
#10998=CARTESIAN_POINT('',(-8.32507846411648,22.2837110168523,-69.035627041683));
#10999=CARTESIAN_POINT('Origin',(-5.32507846411648,22.2837110168523,-72.035627041683));
#11000=CARTESIAN_POINT('Origin',(-5.32507846411648,22.2837110168523,-72.035627041683));
#11001=CARTESIAN_POINT('',(-6.92507846411648,22.2837110168523,-72.035627041683));
#11002=CARTESIAN_POINT('Origin',(-5.32507846411648,22.2837110168523,-72.035627041683));
#11003=CARTESIAN_POINT('Origin',(5.32492153587535,22.2837110168523,-69.035627041683));
#11004=CARTESIAN_POINT('',(3.72492153587535,22.2837110168523,-74.7091527943588));
#11005=CARTESIAN_POINT('',(3.72492153587535,22.2837110168523,-69.035627041683));
#11006=CARTESIAN_POINT('Origin',(5.32492153587535,22.2837110168523,-74.7091527943588));
#11007=CARTESIAN_POINT('Origin',(-5.32507846411648,22.2837110168523,-69.035627041683));
#11008=CARTESIAN_POINT('',(-6.92507846411648,22.2837110168523,-74.7091527943588));
#11009=CARTESIAN_POINT('',(-6.92507846411648,22.2837110168523,-69.035627041683));
#11010=CARTESIAN_POINT('Origin',(-5.32507846411648,22.2837110168523,-74.7091527943588));
#11011=CARTESIAN_POINT('Origin',(31.9176861436024,27.0337014557239,-74.7091527943588));
#11012=CARTESIAN_POINT('',(-31.7180000000228,27.0337014557239,-74.7091527943588));
#11013=CARTESIAN_POINT('',(-31.7180000000228,17.5337205779807,-74.7091527943588));
#11014=CARTESIAN_POINT('',(-31.7180000000228,17.0837112210467,-74.7091527943588));
#11015=CARTESIAN_POINT('',(31.7176861436024,27.0337014557239,-74.7091527943588));
#11016=CARTESIAN_POINT('',(31.9176861436024,27.0337014557239,-74.7091527943588));
#11017=CARTESIAN_POINT('',(31.7176861436024,17.5337205779807,-74.7091527943588));
#11018=CARTESIAN_POINT('',(31.7176861436024,27.0337014557239,-74.7091527943588));
#11019=CARTESIAN_POINT('',(31.9176861436024,17.5337205779807,-74.7091527943588));
#11020=CARTESIAN_POINT('Origin',(31.9176861436024,27.0337014557239,-69.035627041683));
#11021=CARTESIAN_POINT('',(-31.7180000000228,27.0337014557239,-69.035627041683));
#11022=CARTESIAN_POINT('',(-31.7180000000228,27.0337014557239,-70.454008479852));
#11023=CARTESIAN_POINT('',(31.7176861436024,27.0337014557239,-69.035627041683));
#11024=CARTESIAN_POINT('',(31.9176861436024,27.0337014557239,-69.035627041683));
#11025=CARTESIAN_POINT('',(31.7176861436024,27.0337014557239,-69.035627041683));
#11026=CARTESIAN_POINT('Origin',(31.9176861436024,17.5337205779807,-69.035627041683));
#11027=CARTESIAN_POINT('',(-31.7180000000228,17.5337205779807,-69.035627041683));
#11028=CARTESIAN_POINT('',(-31.7180000000228,12.3337207821751,-69.035627041683));
#11029=CARTESIAN_POINT('',(31.7176861436024,17.5337205779807,-69.035627041683));
#11030=CARTESIAN_POINT('',(31.9176861436024,17.5337205779807,-69.035627041683));
#11031=CARTESIAN_POINT('',(31.7176861436024,17.5337205779807,-69.035627041683));
#11032=CARTESIAN_POINT('Origin',(31.9176861436024,17.5337205779807,-74.7091527943588));
#11033=CARTESIAN_POINT('',(-31.7180000000228,17.5337205779807,-73.2907713561899));
#11034=CARTESIAN_POINT('',(31.7176861436024,17.5337205779807,-74.7091527943588));
#11035=CARTESIAN_POINT('Origin',(31.7176861436024,22.2837110168523,-71.8723899180209));
#11036=CARTESIAN_POINT('Origin',(-31.7180000000228,7.13372098636958,-71.8723899180209));
#11037=CARTESIAN_POINT('',(9.0854605333249E-17,0.,0.));
#11038=CARTESIAN_POINT('',(0.873515942345338,2.43138842392909E-13,-0.000369201810110908));
#11039=CARTESIAN_POINT('',(-0.0608677878669022,-4.21884749357559E-14,-0.000369201809533592));
#11040=CARTESIAN_POINT('',(1.51061569542287E-11,-7.22297000081958,25.7066801080162));
#11041=UNCERTAINTY_MEASURE_WITH_UNIT(LENGTH_MEASURE(0.01),#11053,
'DISTANCE_ACCURACY_VALUE',
'Maximum model space distance between geometric entities at asserted c
onnectivities');
#11042=UNCERTAINTY_MEASURE_WITH_UNIT(LENGTH_MEASURE(0.01),#11053,
'DISTANCE_ACCURACY_VALUE',
'Maximum model space distance between geometric entities at asserted c
onnectivities');
#11043=UNCERTAINTY_MEASURE_WITH_UNIT(LENGTH_MEASURE(0.01),#11053,
'DISTANCE_ACCURACY_VALUE',
'Maximum model space distance between geometric entities at asserted c
onnectivities');
#11044=UNCERTAINTY_MEASURE_WITH_UNIT(LENGTH_MEASURE(0.01),#11053,
'DISTANCE_ACCURACY_VALUE',
'Maximum model space distance between geometric entities at asserted c
onnectivities');
#11045=UNCERTAINTY_MEASURE_WITH_UNIT(LENGTH_MEASURE(0.01),#11053,
'DISTANCE_ACCURACY_VALUE',
'Maximum model space distance between geometric entities at asserted c
onnectivities');
#11046=UNCERTAINTY_MEASURE_WITH_UNIT(LENGTH_MEASURE(0.01),#11053,
'DISTANCE_ACCURACY_VALUE',
'Maximum model space distance between geometric entities at asserted c
onnectivities');
#11047=(
GEOMETRIC_REPRESENTATION_CONTEXT(3)
GLOBAL_UNCERTAINTY_ASSIGNED_CONTEXT((#11041))
GLOBAL_UNIT_ASSIGNED_CONTEXT((#11053,#11055,#11056))
REPRESENTATION_CONTEXT('','3D')
);
#11048=(
GEOMETRIC_REPRESENTATION_CONTEXT(3)
GLOBAL_UNCERTAINTY_ASSIGNED_CONTEXT((#11042))
GLOBAL_UNIT_ASSIGNED_CONTEXT((#11053,#11055,#11056))
REPRESENTATION_CONTEXT('','3D')
);
#11049=(
GEOMETRIC_REPRESENTATION_CONTEXT(3)
GLOBAL_UNCERTAINTY_ASSIGNED_CONTEXT((#11043))
GLOBAL_UNIT_ASSIGNED_CONTEXT((#11053,#11055,#11056))
REPRESENTATION_CONTEXT('','3D')
);
#11050=(
GEOMETRIC_REPRESENTATION_CONTEXT(3)
GLOBAL_UNCERTAINTY_ASSIGNED_CONTEXT((#11044))
GLOBAL_UNIT_ASSIGNED_CONTEXT((#11053,#11055,#11056))
REPRESENTATION_CONTEXT('','3D')
);
#11051=(
GEOMETRIC_REPRESENTATION_CONTEXT(3)
GLOBAL_UNCERTAINTY_ASSIGNED_CONTEXT((#11045))
GLOBAL_UNIT_ASSIGNED_CONTEXT((#11053,#11055,#11056))
REPRESENTATION_CONTEXT('','3D')
);
#11052=(
GEOMETRIC_REPRESENTATION_CONTEXT(3)
GLOBAL_UNCERTAINTY_ASSIGNED_CONTEXT((#11046))
GLOBAL_UNIT_ASSIGNED_CONTEXT((#11053,#11055,#11056))
REPRESENTATION_CONTEXT('','3D')
);
#11053=(
LENGTH_UNIT()
NAMED_UNIT(*)
SI_UNIT(.MILLI.,.METRE.)
);
#11054=(
LENGTH_UNIT()
NAMED_UNIT(*)
SI_UNIT($,.METRE.)
);
#11055=(
NAMED_UNIT(*)
PLANE_ANGLE_UNIT()
SI_UNIT($,.RADIAN.)
);
#11056=(
NAMED_UNIT(*)
SI_UNIT($,.STERADIAN.)
SOLID_ANGLE_UNIT()
);
#11057=SHAPE_DEFINITION_REPRESENTATION(#11062,#11071);
#11058=SHAPE_DEFINITION_REPRESENTATION(#11063,#11072);
#11059=SHAPE_DEFINITION_REPRESENTATION(#11064,#11073);
#11060=SHAPE_DEFINITION_REPRESENTATION(#11065,#11074);
#11061=SHAPE_DEFINITION_REPRESENTATION(#11066,#11075);
#11062=PRODUCT_DEFINITION_SHAPE('',$,#11077);
#11063=PRODUCT_DEFINITION_SHAPE('',$,#11078);
#11064=PRODUCT_DEFINITION_SHAPE('',$,#11079);
#11065=PRODUCT_DEFINITION_SHAPE('',$,#11080);
#11066=PRODUCT_DEFINITION_SHAPE('',$,#11081);
#11067=PRODUCT_DEFINITION_SHAPE($,$,#23);
#11068=PRODUCT_DEFINITION_SHAPE($,$,#24);
#11069=PRODUCT_DEFINITION_SHAPE($,$,#25);
#11070=PRODUCT_DEFINITION_SHAPE($,$,#26);
#11071=SHAPE_REPRESENTATION('',(#6832,#7294),#11047);
#11072=SHAPE_REPRESENTATION('',(#6833,#7291,#7292,#7293),#11048);
#11073=SHAPE_REPRESENTATION('',(#6834),#11049);
#11074=SHAPE_REPRESENTATION('',(#7129),#11050);
#11075=SHAPE_REPRESENTATION('',(#7190),#11051);
#11076=PRODUCT_DEFINITION_CONTEXT('part definition',#11093,'design');
#11077=PRODUCT_DEFINITION('Universal adapter','Universal adapter v3',#11082,
#11076);
#11078=PRODUCT_DEFINITION('Magnet halterung','Magnet halterung',#11083,
#11076);
#11079=PRODUCT_DEFINITION('Komponente8','Komponente8',#11084,#11076);
#11080=PRODUCT_DEFINITION('Komponente9','Komponente9',#11085,#11076);
#11081=PRODUCT_DEFINITION('Komponente10','Komponente10',#11086,#11076);
#11082=PRODUCT_DEFINITION_FORMATION('',$,#11095);
#11083=PRODUCT_DEFINITION_FORMATION('',$,#11096);
#11084=PRODUCT_DEFINITION_FORMATION('',$,#11097);
#11085=PRODUCT_DEFINITION_FORMATION('',$,#11098);
#11086=PRODUCT_DEFINITION_FORMATION('',$,#11099);
#11087=PRODUCT_RELATED_PRODUCT_CATEGORY('Universal adapter v3',
'Universal adapter v3',(#11095));
#11088=PRODUCT_RELATED_PRODUCT_CATEGORY('Magnet halterung',
'Magnet halterung',(#11096));
#11089=PRODUCT_RELATED_PRODUCT_CATEGORY('Komponente8','Komponente8',(#11097));
#11090=PRODUCT_RELATED_PRODUCT_CATEGORY('Komponente9','Komponente9',(#11098));
#11091=PRODUCT_RELATED_PRODUCT_CATEGORY('Komponente10','Komponente10',(#11099));
#11092=APPLICATION_PROTOCOL_DEFINITION('international standard',
'automotive_design',2009,#11093);
#11093=APPLICATION_CONTEXT(
'Core Data for Automotive Mechanical Design Process');
#11094=PRODUCT_CONTEXT('part definition',#11093,'mechanical');
#11095=PRODUCT('Universal adapter','Universal adapter v3',$,(#11094));
#11096=PRODUCT('Magnet halterung','Magnet halterung',$,(#11094));
#11097=PRODUCT('Komponente8','Komponente8',$,(#11094));
#11098=PRODUCT('Komponente9','Komponente9',$,(#11094));
#11099=PRODUCT('Komponente10','Komponente10',$,(#11094));
#11100=PRESENTATION_STYLE_ASSIGNMENT((#11106));
#11101=PRESENTATION_STYLE_ASSIGNMENT((#11107));
#11102=PRESENTATION_STYLE_ASSIGNMENT((#11108));
#11103=PRESENTATION_STYLE_ASSIGNMENT((#11109));
#11104=PRESENTATION_STYLE_ASSIGNMENT((#11110));
#11105=PRESENTATION_STYLE_ASSIGNMENT((#11111));
#11106=SURFACE_STYLE_USAGE(.BOTH.,#11112);
#11107=SURFACE_STYLE_USAGE(.BOTH.,#11113);
#11108=SURFACE_STYLE_USAGE(.BOTH.,#11114);
#11109=SURFACE_STYLE_USAGE(.BOTH.,#11115);
#11110=SURFACE_STYLE_USAGE(.BOTH.,#11116);
#11111=SURFACE_STYLE_USAGE(.BOTH.,#11117);
#11112=SURFACE_SIDE_STYLE('',(#11118));
#11113=SURFACE_SIDE_STYLE('',(#11119));
#11114=SURFACE_SIDE_STYLE('',(#11120));
#11115=SURFACE_SIDE_STYLE('',(#11121));
#11116=SURFACE_SIDE_STYLE('',(#11122));
#11117=SURFACE_SIDE_STYLE('',(#11123));
#11118=SURFACE_STYLE_FILL_AREA(#11124);
#11119=SURFACE_STYLE_FILL_AREA(#11125);
#11120=SURFACE_STYLE_FILL_AREA(#11126);
#11121=SURFACE_STYLE_FILL_AREA(#11127);
#11122=SURFACE_STYLE_FILL_AREA(#11128);
#11123=SURFACE_STYLE_FILL_AREA(#11129);
#11124=FILL_AREA_STYLE('Opaque(210,209,199)',(#11130));
#11125=FILL_AREA_STYLE('ABS (Wei\X\DF)',(#11131));
#11126=FILL_AREA_STYLE('Farbe - Emaille gl\X\E4nzend (Schwarz)',(#11132));
#11127=FILL_AREA_STYLE('Farbe - Emaille gl\X\E4nzend (Gelb)',(#11133));
#11128=FILL_AREA_STYLE('Opaque(21,22,24)',(#11134));
#11129=FILL_AREA_STYLE('Nylon 12 (mit 3D-Drucker Formlabs Fuse 1)',(#11135));
#11130=FILL_AREA_STYLE_COLOUR('Opaque(210,209,199)',#11136);
#11131=FILL_AREA_STYLE_COLOUR('ABS (Wei\X\DF)',#11137);
#11132=FILL_AREA_STYLE_COLOUR('Farbe - Emaille gl\X\E4nzend (Schwarz)',
#11138);
#11133=FILL_AREA_STYLE_COLOUR('Farbe - Emaille gl\X\E4nzend (Gelb)',#11139);
#11134=FILL_AREA_STYLE_COLOUR('Opaque(21,22,24)',#11140);
#11135=FILL_AREA_STYLE_COLOUR(
'Nylon 12 (mit 3D-Drucker Formlabs Fuse 1)',#11141);
#11136=COLOUR_RGB('Opaque(210,209,199)',0.823529411764706,0.819607843137255,
0.780392156862745);
#11137=COLOUR_RGB('ABS (Wei\X\DF)',0.964705882352941,0.964705882352941,
0.952941176470588);
#11138=COLOUR_RGB('Farbe - Emaille gl\X\E4nzend (Schwarz)',0.0980392156862745,
0.0980392156862745,0.0980392156862745);
#11139=COLOUR_RGB('Farbe - Emaille gl\X\E4nzend (Gelb)',0.909803921568627,
0.67843137254902,0.137254901960784);
#11140=COLOUR_RGB('Opaque(21,22,24)',0.0823529411764706,0.0862745098039216,
0.0941176470588235);
#11141=COLOUR_RGB('Nylon 12 (mit 3D-Drucker Formlabs Fuse 1)',0.247058823529412,
0.247058823529412,0.247058823529412);
ENDSEC;
END-ISO-10303-21;
