ISO-10303-21;
HEADER;
/* Generated by software containing ST-Developer
 * from STEP Tools, Inc. (www.steptools.com) 
 */

FILE_DESCRIPTION(
/* description */ (''),
/* implementation_level */ '2;1');

FILE_NAME(
/* name */ 'case.step',
/* time_stamp */ '2025-12-30T21:18:10+01:00',
/* author */ (''),
/* organization */ (''),
/* preprocessor_version */ 'ST-DEVELOPER v20.1',
/* originating_system */ 'Autodesk Translation Framework v14.21.0.0',
/* authorisation */ '');

FILE_SCHEMA (('AUTOMOTIVE_DESIGN { 1 0 10303 214 3 1 1 }'));
ENDSEC;

DATA;
#10=MECHANICAL_DESIGN_GEOMETRIC_PRESENTATION_REPRESENTATION('',(#20,#21),
#15415);
#11=CONTEXT_DEPENDENT_OVER_RIDING_STYLED_ITEM('',(#15442),#15425,#21,(#15));
#12=MAPPED_ITEM('',#13,#9453);
#13=REPRESENTATION_MAP(#9453,#15424);
#14=ITEM_DEFINED_TRANSFORMATION($,$,#8460,#9452);
#15=(
REPRESENTATION_RELATIONSHIP($,$,#15425,#15424)
REPRESENTATION_RELATIONSHIP_WITH_TRANSFORMATION(#14)
SHAPE_REPRESENTATION_RELATIONSHIP()
);
#16=CONTEXT_DEPENDENT_SHAPE_REPRESENTATION(#15,#15423);
#17=NEXT_ASSEMBLY_USAGE_OCCURRENCE('Case:1','Case:1','Case:1',#15427,#15428,
'Case:1');
#18=SHAPE_REPRESENTATION_RELATIONSHIP('SRR','None',#15425,#19);
#19=ADVANCED_BREP_SHAPE_REPRESENTATION('',(#8458),#15414);
#20=STYLED_ITEM('',(#15442),#8458);
#21=STYLED_ITEM('',(#15448),#12);
#22=ORIENTED_CLOSED_SHELL('',*,#8445,.F.);
#23=ORIENTED_CLOSED_SHELL('',*,#8446,.F.);
#24=ORIENTED_CLOSED_SHELL('',*,#8447,.F.);
#25=ORIENTED_CLOSED_SHELL('',*,#8448,.F.);
#26=ORIENTED_CLOSED_SHELL('',*,#8449,.F.);
#27=ORIENTED_CLOSED_SHELL('',*,#8450,.F.);
#28=ORIENTED_CLOSED_SHELL('',*,#8451,.F.);
#29=ORIENTED_CLOSED_SHELL('',*,#8452,.F.);
#30=ORIENTED_CLOSED_SHELL('',*,#8453,.F.);
#31=ORIENTED_CLOSED_SHELL('',*,#8454,.F.);
#32=ORIENTED_CLOSED_SHELL('',*,#8455,.F.);
#33=ORIENTED_CLOSED_SHELL('',*,#8456,.F.);
#34=ORIENTED_CLOSED_SHELL('',*,#8457,.F.);
#35=TOROIDAL_SURFACE('',#9277,2.10000000000004,2.);
#36=TOROIDAL_SURFACE('',#9281,2.09999999999999,2.);
#37=TOROIDAL_SURFACE('',#9300,2.09999999999999,2.);
#38=TOROIDAL_SURFACE('',#9304,2.10000000000004,2.);
#39=TOROIDAL_SURFACE('',#9316,12.05,0.4);
#40=TOROIDAL_SURFACE('',#9331,15.1756753630404,4.);
#41=TOROIDAL_SURFACE('',#9334,15.1756753630404,4.);
#42=TOROIDAL_SURFACE('',#9355,15.1756753630404,4.);
#43=TOROIDAL_SURFACE('',#9377,15.1756753630404,4.);
#44=TOROIDAL_SURFACE('',#9404,15.1756753630404,4.);
#45=TOROIDAL_SURFACE('',#9405,15.1756753630404,4.);
#46=TOROIDAL_SURFACE('',#9437,15.1756753630404,4.);
#47=B_SPLINE_SURFACE_WITH_KNOTS('',3,3,((#13140,#13141,#13142,#13143,#13144,
#13145),(#13146,#13147,#13148,#13149,#13150,#13151),(#13152,#13153,#13154,
#13155,#13156,#13157),(#13158,#13159,#13160,#13161,#13162,#13163)),
 .UNSPECIFIED.,.F.,.F.,.F.,(4,4),(4,1,1,4),(0.,1.),(1.5707963267949,2.24399475256414,
2.69279370307697,3.1415926535898),.UNSPECIFIED.);
#48=B_SPLINE_SURFACE_WITH_KNOTS('',3,3,((#13210,#13211,#13212,#13213,#13214,
#13215),(#13216,#13217,#13218,#13219,#13220,#13221),(#13222,#13223,#13224,
#13225,#13226,#13227),(#13228,#13229,#13230,#13231,#13232,#13233)),
 .UNSPECIFIED.,.F.,.F.,.F.,(4,4),(4,1,1,4),(0.,1.),(-1.94289029309403E-16,
0.673198425769243,1.12199737628207,1.5707963267949),.UNSPECIFIED.);
#49=B_SPLINE_SURFACE_WITH_KNOTS('',3,3,((#13487,#13488,#13489,#13490),(#13491,
#13492,#13493,#13494),(#13495,#13496,#13497,#13498),(#13499,#13500,#13501,
#13502)),.UNSPECIFIED.,.F.,.F.,.F.,(4,4),(4,4),(0.,1.),(-2.82233260174436,
-2.68835800552879),.UNSPECIFIED.);
#50=B_SPLINE_SURFACE_WITH_KNOTS('',3,3,((#13507,#13508,#13509,#13510),(#13511,
#13512,#13513,#13514),(#13515,#13516,#13517,#13518),(#13519,#13520,#13521,
#13522)),.UNSPECIFIED.,.F.,.F.,.F.,(4,4),(4,4),(0.,1.),(1.67413588792527,
1.80811048414084),.UNSPECIFIED.);
#51=B_SPLINE_SURFACE_WITH_KNOTS('',3,3,((#14195,#14196,#14197,#14198,#14199),
(#14200,#14201,#14202,#14203,#14204),(#14205,#14206,#14207,#14208,#14209),
(#14210,#14211,#14212,#14213,#14214),(#14215,#14216,#14217,#14218,#14219)),
 .UNSPECIFIED.,.F.,.F.,.F.,(4,1,4),(4,1,4),(0.,0.571428571428571,1.),(2.6489227478173E-16,
0.370398399846784,0.864262932975829),.UNSPECIFIED.);
#52=B_SPLINE_SURFACE_WITH_KNOTS('',3,3,((#14260,#14261,#14262,#14263,#14264),
(#14265,#14266,#14267,#14268,#14269),(#14270,#14271,#14272,#14273,#14274),
(#14275,#14276,#14277,#14278,#14279),(#14280,#14281,#14282,#14283,#14284)),
 .UNSPECIFIED.,.F.,.F.,.F.,(4,1,4),(4,1,4),(0.,0.571428571428571,1.),(6.86083134748822E-16,
0.370401011898851,0.864269027763985),.UNSPECIFIED.);
#53=B_SPLINE_SURFACE_WITH_KNOTS('',3,3,((#14852,#14853,#14854,#14855,#14856,
#14857),(#14858,#14859,#14860,#14861,#14862,#14863),(#14864,#14865,#14866,
#14867,#14868,#14869),(#14870,#14871,#14872,#14873,#14874,#14875),(#14876,
#14877,#14878,#14879,#14880,#14881)),.UNSPECIFIED.,.F.,.F.,.F.,(4,1,4),
(4,1,1,4),(0.,0.571428571428571,1.),(1.38777878078145E-16,0.448798950512828,
0.897597901025657,1.5707963267949),.UNSPECIFIED.);
#54=B_SPLINE_SURFACE_WITH_KNOTS('',3,3,((#14882,#14883,#14884,#14885,#14886,
#14887),(#14888,#14889,#14890,#14891,#14892,#14893),(#14894,#14895,#14896,
#14897,#14898,#14899),(#14900,#14901,#14902,#14903,#14904,#14905),(#14906,
#14907,#14908,#14909,#14910,#14911)),.UNSPECIFIED.,.F.,.F.,.F.,(4,1,4),
(4,1,1,4),(0.,0.571428571428571,1.),(-1.5707963267949,-0.897597901025655,
-0.448798950512827,-6.93889390390723E-17),.UNSPECIFIED.);
#55=B_SPLINE_SURFACE_WITH_KNOTS('',3,3,((#14912,#14913,#14914,#14915,#14916,
#14917),(#14918,#14919,#14920,#14921,#14922,#14923),(#14924,#14925,#14926,
#14927,#14928,#14929),(#14930,#14931,#14932,#14933,#14934,#14935),(#14936,
#14937,#14938,#14939,#14940,#14941)),.UNSPECIFIED.,.F.,.F.,.F.,(4,1,4),
(4,1,1,4),(0.,0.571428571428571,1.),(-1.57079632679489,-0.897597901025654,
-0.448798950512827,-1.51965886876016E-16),.UNSPECIFIED.);
#56=B_SPLINE_SURFACE_WITH_KNOTS('',3,3,((#14942,#14943,#14944,#14945,#14946,
#14947),(#14948,#14949,#14950,#14951,#14952,#14953),(#14954,#14955,#14956,
#14957,#14958,#14959),(#14960,#14961,#14962,#14963,#14964,#14965),(#14966,
#14967,#14968,#14969,#14970,#14971)),.UNSPECIFIED.,.F.,.F.,.F.,(4,1,4),
(4,1,1,4),(0.,0.571428571428571,1.),(1.51965886876016E-16,0.448798950512828,
0.897597901025656,1.5707963267949),.UNSPECIFIED.);
#57=B_SPLINE_CURVE_WITH_KNOTS('',3,(#12419,#12420,#12421,#12422,#12423,
#12424),.UNSPECIFIED.,.F.,.F.,(4,2,4),(0.115288284943248,0.123974231212666,
0.154714924955582),.UNSPECIFIED.);
#58=B_SPLINE_CURVE_WITH_KNOTS('',3,(#12428,#12429,#12430,#12431,#12432,
#12433),.UNSPECIFIED.,.F.,.F.,(4,2,4),(0.154714924955581,0.185455618698496,
0.194141564967918),.UNSPECIFIED.);
#59=B_SPLINE_CURVE_WITH_KNOTS('',3,(#12447,#12448,#12449,#12450,#12451,
#12452),.UNSPECIFIED.,.F.,.F.,(4,2,4),(0.11528828494325,0.123974231212667,
0.154714924955583),.UNSPECIFIED.);
#60=B_SPLINE_CURVE_WITH_KNOTS('',3,(#12456,#12457,#12458,#12459,#12460,
#12461),.UNSPECIFIED.,.F.,.F.,(4,2,4),(0.154714924955584,0.1854556186985,
0.194141564967914),.UNSPECIFIED.);
#61=B_SPLINE_CURVE_WITH_KNOTS('',3,(#12475,#12476,#12477,#12478,#12479,
#12480),.UNSPECIFIED.,.F.,.F.,(4,2,4),(0.115288284943238,0.123974231212666,
0.154714924955582),.UNSPECIFIED.);
#62=B_SPLINE_CURVE_WITH_KNOTS('',3,(#12484,#12485,#12486,#12487,#12488,
#12489),.UNSPECIFIED.,.F.,.F.,(4,2,4),(0.154714924955583,0.185455618698499,
0.194141564967915),.UNSPECIFIED.);
#63=B_SPLINE_CURVE_WITH_KNOTS('',3,(#12503,#12504,#12505,#12506,#12507,
#12508),.UNSPECIFIED.,.F.,.F.,(4,2,4),(0.115288284943246,0.123974231212666,
0.15471492495558),.UNSPECIFIED.);
#64=B_SPLINE_CURVE_WITH_KNOTS('',3,(#12512,#12513,#12514,#12515,#12516,
#12517),.UNSPECIFIED.,.F.,.F.,(4,2,4),(0.154714924955584,0.185455618698501,
0.194141564967922),.UNSPECIFIED.);
#65=B_SPLINE_CURVE_WITH_KNOTS('',3,(#12531,#12532,#12533,#12534,#12535,
#12536),.UNSPECIFIED.,.F.,.F.,(4,2,4),(0.115288284943247,0.123974231212665,
0.154714924955581),.UNSPECIFIED.);
#66=B_SPLINE_CURVE_WITH_KNOTS('',3,(#12540,#12541,#12542,#12543,#12544,
#12545),.UNSPECIFIED.,.F.,.F.,(4,2,4),(0.154714924955581,0.185455618698497,
0.194141564967923),.UNSPECIFIED.);
#67=B_SPLINE_CURVE_WITH_KNOTS('',3,(#12559,#12560,#12561,#12562,#12563,
#12564),.UNSPECIFIED.,.F.,.F.,(4,2,4),(0.115288284943254,0.123974231212667,
0.154714924955583),.UNSPECIFIED.);
#68=B_SPLINE_CURVE_WITH_KNOTS('',3,(#12568,#12569,#12570,#12571,#12572,
#12573),.UNSPECIFIED.,.F.,.F.,(4,2,4),(0.154714924955586,0.185455618698501,
0.194141564967923),.UNSPECIFIED.);
#69=B_SPLINE_CURVE_WITH_KNOTS('',3,(#12587,#12588,#12589,#12590,#12591,
#12592),.UNSPECIFIED.,.F.,.F.,(4,2,4),(0.115288284943249,0.123974231212667,
0.154714924955582),.UNSPECIFIED.);
#70=B_SPLINE_CURVE_WITH_KNOTS('',3,(#12596,#12597,#12598,#12599,#12600,
#12601),.UNSPECIFIED.,.F.,.F.,(4,2,4),(0.154714924955581,0.185455618698497,
0.19414156496792),.UNSPECIFIED.);
#71=B_SPLINE_CURVE_WITH_KNOTS('',3,(#12615,#12616,#12617,#12618,#12619,
#12620),.UNSPECIFIED.,.F.,.F.,(4,2,4),(0.115288284943251,0.123974231212667,
0.154714924955584),.UNSPECIFIED.);
#72=B_SPLINE_CURVE_WITH_KNOTS('',3,(#12624,#12625,#12626,#12627,#12628,
#12629),.UNSPECIFIED.,.F.,.F.,(4,2,4),(0.154714924955582,0.185455618698498,
0.194141564967915),.UNSPECIFIED.);
#73=B_SPLINE_CURVE_WITH_KNOTS('',3,(#12643,#12644,#12645,#12646,#12647,
#12648),.UNSPECIFIED.,.F.,.F.,(4,2,4),(0.115288284943252,0.123974231212666,
0.154714924955581),.UNSPECIFIED.);
#74=B_SPLINE_CURVE_WITH_KNOTS('',3,(#12652,#12653,#12654,#12655,#12656,
#12657),.UNSPECIFIED.,.F.,.F.,(4,2,4),(0.154714924955583,0.185455618698499,
0.194141564967914),.UNSPECIFIED.);
#75=B_SPLINE_CURVE_WITH_KNOTS('',3,(#12671,#12672,#12673,#12674,#12675,
#12676),.UNSPECIFIED.,.F.,.F.,(4,2,4),(0.115288284943252,0.123974231212666,
0.154714924955582),.UNSPECIFIED.);
#76=B_SPLINE_CURVE_WITH_KNOTS('',3,(#12680,#12681,#12682,#12683,#12684,
#12685),.UNSPECIFIED.,.F.,.F.,(4,2,4),(0.154714924955582,0.185455618698498,
0.194141564967916),.UNSPECIFIED.);
#77=B_SPLINE_CURVE_WITH_KNOTS('',3,(#12699,#12700,#12701,#12702,#12703,
#12704),.UNSPECIFIED.,.F.,.F.,(4,2,4),(0.115288284943249,0.123974231212665,
0.154714924955582),.UNSPECIFIED.);
#78=B_SPLINE_CURVE_WITH_KNOTS('',3,(#12708,#12709,#12710,#12711,#12712,
#12713),.UNSPECIFIED.,.F.,.F.,(4,2,4),(0.154714924955582,0.185455618698497,
0.194141564967911),.UNSPECIFIED.);
#79=B_SPLINE_CURVE_WITH_KNOTS('',3,(#12727,#12728,#12729,#12730,#12731,
#12732),.UNSPECIFIED.,.F.,.F.,(4,2,4),(0.115288284943252,0.123974231212666,
0.154714924955582),.UNSPECIFIED.);
#80=B_SPLINE_CURVE_WITH_KNOTS('',3,(#12736,#12737,#12738,#12739,#12740,
#12741),.UNSPECIFIED.,.F.,.F.,(4,2,4),(0.154714924955581,0.185455618698496,
0.194141564967911),.UNSPECIFIED.);
#81=B_SPLINE_CURVE_WITH_KNOTS('',3,(#12755,#12756,#12757,#12758,#12759,
#12760),.UNSPECIFIED.,.F.,.F.,(4,2,4),(0.11528828494325,0.123974231212664,
0.154714924955579),.UNSPECIFIED.);
#82=B_SPLINE_CURVE_WITH_KNOTS('',3,(#12769,#12770,#12771,#12772,#12773,
#12774),.UNSPECIFIED.,.F.,.F.,(4,2,4),(0.154714924955583,0.185455618698498,
0.194141564967912),.UNSPECIFIED.);
#83=B_SPLINE_CURVE_WITH_KNOTS('',3,(#12783,#12784,#12785,#12786,#12787,
#12788),.UNSPECIFIED.,.F.,.F.,(4,2,4),(0.115288284943275,0.123974231212668,
0.154714924955583),.UNSPECIFIED.);
#84=B_SPLINE_CURVE_WITH_KNOTS('',3,(#12797,#12798,#12799,#12800,#12801,
#12802),.UNSPECIFIED.,.F.,.F.,(4,2,4),(0.154714924955582,0.185455618698498,
0.194141564967911),.UNSPECIFIED.);
#85=B_SPLINE_CURVE_WITH_KNOTS('',3,(#12811,#12812,#12813,#12814,#12815,
#12816),.UNSPECIFIED.,.F.,.F.,(4,2,4),(0.115288284943252,0.123974231212667,
0.154714924955583),.UNSPECIFIED.);
#86=B_SPLINE_CURVE_WITH_KNOTS('',3,(#12825,#12826,#12827,#12828,#12829,
#12830),.UNSPECIFIED.,.F.,.F.,(4,2,4),(0.154714924955582,0.185455618698498,
0.194141564967911),.UNSPECIFIED.);
#87=B_SPLINE_CURVE_WITH_KNOTS('',3,(#12839,#12840,#12841,#12842,#12843,
#12844),.UNSPECIFIED.,.F.,.F.,(4,2,4),(0.115288284943248,0.123974231212667,
0.154714924955583),.UNSPECIFIED.);
#88=B_SPLINE_CURVE_WITH_KNOTS('',3,(#12853,#12854,#12855,#12856,#12857,
#12858),.UNSPECIFIED.,.F.,.F.,(4,2,4),(0.15471492495558,0.185455618698497,
0.194141564967912),.UNSPECIFIED.);
#89=B_SPLINE_CURVE_WITH_KNOTS('',3,(#13014,#13015,#13016,#13017),
 .UNSPECIFIED.,.F.,.F.,(4,4),(2.68835800552879,2.82233260174436),
 .UNSPECIFIED.);
#90=B_SPLINE_CURVE_WITH_KNOTS('',3,(#13025,#13026,#13027,#13028),
 .UNSPECIFIED.,.F.,.F.,(4,4),(-1.80811048414084,-1.67413588792527),
 .UNSPECIFIED.);
#91=B_SPLINE_CURVE_WITH_KNOTS('',3,(#13120,#13121,#13122,#13123,#13124,
#13125,#13126,#13127,#13128,#13129,#13130,#13131,#13132,#13133,#13134,#13135,
#13136,#13137,#13138,#13139),.UNSPECIFIED.,.F.,.F.,(4,2,2,2,2,2,2,2,2,4),
(-1.25578266019034,-1.07270331318125,-0.934177999938134,-0.83831019750664,
-0.747188123673625,-0.627131673746286,-0.259093022077961,-0.128414078230225,
-0.046124135755567,0.),.UNSPECIFIED.);
#92=B_SPLINE_CURVE_WITH_KNOTS('',3,(#13167,#13168,#13169,#13170,#13171,
#13172),.UNSPECIFIED.,.F.,.F.,(4,1,1,4),(1.5707963267949,2.24399475256414,
2.69279370307697,3.1415926535898),.UNSPECIFIED.);
#93=B_SPLINE_CURVE_WITH_KNOTS('',3,(#13175,#13176,#13177,#13178),
 .UNSPECIFIED.,.F.,.F.,(4,4),(-3.1415926535898,-2.80349287430808),
 .UNSPECIFIED.);
#94=B_SPLINE_CURVE_WITH_KNOTS('',3,(#13188,#13189,#13190,#13191,#13192,
#13193,#13194,#13195,#13196,#13197,#13198,#13199,#13200,#13201,#13202,#13203,
#13204,#13205,#13206,#13207,#13208,#13209),.UNSPECIFIED.,.F.,.F.,(4,2,2,
2,2,2,2,2,2,2,4),(-1.60660009162642,-1.57449187457029,-1.53939796953562,
-1.43445373761767,-1.1023584897993,-0.881679731829205,-0.702285194521511,
-0.57824790573886,-0.458192004008111,-0.296748925639137,0.),
 .UNSPECIFIED.);
#95=B_SPLINE_CURVE_WITH_KNOTS('',3,(#13235,#13236,#13237,#13238),
 .UNSPECIFIED.,.F.,.F.,(4,4),(-0.338015870065358,1.94289029309403E-16),
 .UNSPECIFIED.);
#96=B_SPLINE_CURVE_WITH_KNOTS('',3,(#13242,#13243,#13244,#13245,#13246,
#13247),.UNSPECIFIED.,.F.,.F.,(4,1,1,4),(-1.94289029309403E-16,0.673198425769243,
1.12199737628207,1.5707963267949),.UNSPECIFIED.);
#97=B_SPLINE_CURVE_WITH_KNOTS('',3,(#13425,#13426,#13427,#13428,#13429,
#13430,#13431,#13432,#13433,#13434,#13435,#13436,#13437,#13438,#13439,#13440,
#13441,#13442,#13443,#13444,#13445,#13446),.UNSPECIFIED.,.F.,.F.,(4,2,2,
2,2,2,2,2,2,2,4),(4.63421379411028,4.65364653221055,4.67307927031082,4.71194474651137,
4.80317536124829,4.89440597598522,5.07686720545906,5.60081225330425,6.12475730114943,
7.1726473968398,8.16586091338684),.UNSPECIFIED.);
#98=B_SPLINE_CURVE_WITH_KNOTS('',3,(#13450,#13451,#13452,#13453,#13454,
#13455,#13456,#13457,#13458,#13459,#13460,#13461,#13462,#13463,#13464,#13465,
#13466,#13467,#13468,#13469,#13470,#13471),.UNSPECIFIED.,.F.,.F.,(4,2,2,
2,2,2,2,2,2,2,4),(4.64563259373551,4.66509502391363,4.68455745409175,4.72348231444799,
4.81493302779692,4.90638374114585,5.0892851678437,5.61453267029712,6.13978017275053,
7.19027517765736,8.17732812852446),.UNSPECIFIED.);
#99=B_SPLINE_CURVE_WITH_KNOTS('',3,(#13503,#13504,#13505,#13506),
 .UNSPECIFIED.,.F.,.F.,(4,4),(-2.82233260174436,-2.68835800552879),
 .UNSPECIFIED.);
#100=B_SPLINE_CURVE_WITH_KNOTS('',3,(#13523,#13524,#13525,#13526),
 .UNSPECIFIED.,.F.,.F.,(4,4),(1.67413588792527,1.80811048414084),
 .UNSPECIFIED.);
#101=B_SPLINE_CURVE_WITH_KNOTS('',3,(#13648,#13649,#13650,#13651,#13652),
 .UNSPECIFIED.,.F.,.F.,(4,1,4),(-0.864262932975829,-0.370398399846784,-2.6489227478173E-16),
 .UNSPECIFIED.);
#102=B_SPLINE_CURVE_WITH_KNOTS('',3,(#14065,#14066,#14067,#14068,#14069),
 .UNSPECIFIED.,.F.,.F.,(4,1,4),(6.86083134748822E-16,0.370401011898851,
0.864269027763985),.UNSPECIFIED.);
#103=B_SPLINE_CURVE_WITH_KNOTS('',3,(#14169,#14170,#14171,#14172,#14173,
#14174,#14175,#14176,#14177,#14178,#14179,#14180),.UNSPECIFIED.,.F.,.F.,
(4,2,2,2,2,4),(0.,0.0327571490999714,0.0681702464510315,0.110889754170644,
0.141650044100791,0.173278794256729),.UNSPECIFIED.);
#104=B_SPLINE_CURVE_WITH_KNOTS('',3,(#14182,#14183,#14184,#14185,#14186,
#14187,#14188,#14189,#14190,#14191,#14192,#14193),.UNSPECIFIED.,.F.,.F.,
(4,2,2,2,2,4),(0.,0.0529826585290728,0.100913544289988,0.138508123628102,
0.156420792879498,0.174114646919305),.UNSPECIFIED.);
#105=B_SPLINE_CURVE_WITH_KNOTS('',3,(#14222,#14223,#14224,#14225,#14226),
 .UNSPECIFIED.,.F.,.F.,(4,1,4),(2.6489227478173E-16,0.370398399846784,0.79482145561964),
 .UNSPECIFIED.);
#106=B_SPLINE_CURVE_WITH_KNOTS('',3,(#14231,#14232,#14233,#14234,#14235),
 .UNSPECIFIED.,.F.,.F.,(4,1,4),(-0.794823126648801,-0.370401011898851,-6.86083134748822E-16),
 .UNSPECIFIED.);
#107=B_SPLINE_CURVE_WITH_KNOTS('',3,(#14237,#14238,#14239,#14240,#14241,
#14242,#14243,#14244,#14245,#14246),.UNSPECIFIED.,.F.,.F.,(4,2,2,2,4),(0.220475102282219,
0.262804951437927,0.291038328237148,0.305177267610972,0.311667104986374),
 .UNSPECIFIED.);
#108=B_SPLINE_CURVE_WITH_KNOTS('',3,(#14247,#14248,#14249,#14250,#14251,
#14252,#14253,#14254,#14255,#14256),.UNSPECIFIED.,.F.,.F.,(4,2,2,2,4),(0.311667104986374,
0.316711861717925,0.330219996760095,0.355104464062303,0.399478782256208),
 .UNSPECIFIED.);
#109=B_SPLINE_CURVE_WITH_KNOTS('',3,(#14295,#14296,#14297,#14298,#14299,
#14300,#14301,#14302,#14303,#14304,#14305,#14306,#14307,#14308,#14309,#14310,
#14311,#14312,#14313,#14314,#14315,#14316),.UNSPECIFIED.,.F.,.F.,(4,2,2,
2,2,2,2,2,2,2,4),(1.55268946129434,2.10099000981366,3.15148501472049,3.67673251717391,
4.20198001962732,4.38488144632517,4.47633215967409,4.56778287302302,4.60670773337926,
4.62617016355738,4.64563259373551),.UNSPECIFIED.);
#110=B_SPLINE_CURVE_WITH_KNOTS('',3,(#14319,#14320,#14321,#14322,#14323,
#14324,#14325,#14326,#14327,#14328,#14329,#14330,#14331,#14332,#14333,#14334,
#14335,#14336),.UNSPECIFIED.,.F.,.F.,(4,2,2,2,2,2,2,2,4),(1.70271574510472,
1.70540582785053,1.70809591059634,1.72299236236908,1.75942989274555,1.79586742312202,
1.86874248387496,2.06082860966677,2.16770087395326),.UNSPECIFIED.);
#111=B_SPLINE_CURVE_WITH_KNOTS('',3,(#14388,#14389,#14390,#14391,#14392,
#14393,#14394,#14395,#14396,#14397,#14398,#14399,#14400,#14401,#14402,#14403,
#14404,#14405,#14406,#14407,#14408,#14409),.UNSPECIFIED.,.F.,.F.,(4,2,2,
2,2,2,2,2,2,2,4),(1.10256667483371,2.09578019138075,3.14367028707112,3.66761533491631,
4.19156038276149,4.37402161223533,4.46525222697225,4.55648284170917,4.59534831790972,
4.61478105601,4.63421379411028),.UNSPECIFIED.);
#112=B_SPLINE_CURVE_WITH_KNOTS('',3,(#14418,#14419,#14420,#14421,#14422,
#14423,#14424,#14425,#14426,#14427,#14428,#14429,#14430,#14431,#14432,#14433,
#14434,#14435,#14436,#14437,#14438,#14439),.UNSPECIFIED.,.F.,.F.,(4,2,2,
2,2,2,2,2,2,2,4),(1.1220754366151,2.1047197122117,3.15707956831755,3.68325949637048,
4.2094394244234,4.39265607730924,4.48426440375216,4.57587273019507,4.61484010098289,
4.63432378637679,4.6538074717707),.UNSPECIFIED.);
#113=B_SPLINE_CURVE_WITH_KNOTS('',3,(#14441,#14442,#14443,#14444,#14445,
#14446,#14447,#14448,#14449,#14450,#14451,#14452,#14453,#14454,#14455,#14456,
#14457,#14458,#14459,#14460,#14461,#14462),.UNSPECIFIED.,.F.,.F.,(4,2,2,
2,2,2,2,2,2,2,4),(4.6538074717707,4.67329115716461,4.69277484255852,4.73174221334634,
4.82335053978925,4.91495886623217,5.09817551911799,5.62435544717092,6.15053537522385,
7.2028952313297,8.1855395069263),.UNSPECIFIED.);
#114=B_SPLINE_CURVE_WITH_KNOTS('',3,(#14535,#14536,#14537,#14538,#14539,
#14540,#14541,#14542,#14543,#14544,#14545,#14546,#14547,#14548,#14549,#14550,
#14551,#14552,#14553,#14554,#14555,#14556),.UNSPECIFIED.,.F.,.F.,(4,2,2,
2,2,2,2,2,2,2,4),(1.10256667483369,2.09578019138038,3.14367028707057,3.66761533491566,
4.19156038276076,4.37402161223459,4.46525222697151,4.55648284170842,4.59534831790895,
4.61478105600922,4.63421379410949),.UNSPECIFIED.);
#115=B_SPLINE_CURVE_WITH_KNOTS('',3,(#14560,#14561,#14562,#14563,#14564,
#14565,#14566,#14567,#14568,#14569,#14570,#14571,#14572,#14573,#14574,#14575,
#14576,#14577,#14578,#14579,#14580,#14581),.UNSPECIFIED.,.F.,.F.,(4,2,2,
2,2,2,2,2,2,2,4),(4.63421379410949,4.65364653220975,4.67307927031001,4.71194474651054,
4.80317536124746,4.89440597598437,5.0768672054582,5.6008122533033,6.12475730114839,
7.17264739683859,8.16586091338529),.UNSPECIFIED.);
#116=B_SPLINE_CURVE_WITH_KNOTS('',3,(#15006,#15007,#15008,#15009),
 .UNSPECIFIED.,.F.,.F.,(4,4),(-0.486835423915514,-0.440619150648338),
 .UNSPECIFIED.);
#117=B_SPLINE_CURVE_WITH_KNOTS('',3,(#15019,#15020,#15021,#15022),
 .UNSPECIFIED.,.F.,.F.,(4,4),(1.91764600461471,1.97638050982158),
 .UNSPECIFIED.);
#118=B_SPLINE_CURVE_WITH_KNOTS('',3,(#15029,#15030,#15031,#15032),
 .UNSPECIFIED.,.F.,.F.,(4,4),(0.630482174181646,0.689216679388508),
 .UNSPECIFIED.);
#119=B_SPLINE_CURVE_WITH_KNOTS('',3,(#15041,#15042,#15043,#15044,#15045,
#15046),.UNSPECIFIED.,.F.,.F.,(4,2,4),(-0.70350739790028,-0.689444765916649,
-0.641425904130608),.UNSPECIFIED.);
#120=B_SPLINE_CURVE_WITH_KNOTS('',3,(#15076,#15077,#15078,#15079),
 .UNSPECIFIED.,.F.,.F.,(4,4),(0.630515736488652,0.689287291957936),
 .UNSPECIFIED.);
#121=B_SPLINE_CURVE_WITH_KNOTS('',3,(#15082,#15083,#15084,#15085),
 .UNSPECIFIED.,.F.,.F.,(4,4),(1.91757539204533,1.97634694751461),
 .UNSPECIFIED.);
#122=B_SPLINE_CURVE_WITH_KNOTS('',3,(#15101,#15102,#15103,#15104,#15105,
#15106),.UNSPECIFIED.,.F.,.F.,(4,2,4),(-0.703507397900466,-0.689444765916834,
-0.641425904130771),.UNSPECIFIED.);
#123=B_SPLINE_CURVE_WITH_KNOTS('',3,(#15113,#15114,#15115,#15116),
 .UNSPECIFIED.,.F.,.F.,(4,4),(0.630482174181646,0.68921667938849),
 .UNSPECIFIED.);
#124=B_SPLINE_CURVE_WITH_KNOTS('',3,(#15140,#15141,#15142,#15143),
 .UNSPECIFIED.,.F.,.F.,(4,4),(0.630515736488654,0.68928729195793),
 .UNSPECIFIED.);
#125=B_SPLINE_CURVE_WITH_KNOTS('',3,(#15149,#15150,#15151,#15152),
 .UNSPECIFIED.,.F.,.F.,(4,4),(1.91764600461476,1.9763805098216),
 .UNSPECIFIED.);
#126=B_SPLINE_CURVE_WITH_KNOTS('',3,(#15157,#15158,#15159,#15160),
 .UNSPECIFIED.,.F.,.F.,(4,4),(0.630482174181652,0.689216679388521),
 .UNSPECIFIED.);
#127=B_SPLINE_CURVE_WITH_KNOTS('',3,(#15177,#15178,#15179,#15180,#15181,
#15182),.UNSPECIFIED.,.F.,.F.,(4,2,4),(-0.594837932693114,-0.563458208186236,
-0.533052351571353),.UNSPECIFIED.);
#128=B_SPLINE_CURVE_WITH_KNOTS('',3,(#15208,#15209,#15210,#15211),
 .UNSPECIFIED.,.F.,.F.,(4,4),(1.91757539204532,1.9763469475146),
 .UNSPECIFIED.);
#129=B_SPLINE_CURVE_WITH_KNOTS('',3,(#15213,#15214,#15215,#15216),
 .UNSPECIFIED.,.F.,.F.,(4,4),(0.630515736488653,0.689287291957929),
 .UNSPECIFIED.);
#130=B_SPLINE_CURVE_WITH_KNOTS('',3,(#15238,#15239,#15240,#15241,#15242,
#15243),.UNSPECIFIED.,.F.,.F.,(4,2,4),(-0.635048434950248,-0.591721959953284,
-0.584029363405733),.UNSPECIFIED.);
#131=B_SPLINE_CURVE_WITH_KNOTS('',3,(#15249,#15250,#15251,#15252),
 .UNSPECIFIED.,.F.,.F.,(4,4),(1.91737984732702,1.97615140279631),
 .UNSPECIFIED.);
#132=B_SPLINE_CURVE_WITH_KNOTS('',3,(#15259,#15260,#15261,#15262),
 .UNSPECIFIED.,.F.,.F.,(4,4),(-0.486835423915186,-0.440619150648054),
 .UNSPECIFIED.);
#133=B_SPLINE_CURVE_WITH_KNOTS('',3,(#15282,#15283,#15284,#15285),
 .UNSPECIFIED.,.F.,.F.,(4,4),(1.91757539204533,1.9763469475146),
 .UNSPECIFIED.);
#134=B_SPLINE_CURVE_WITH_KNOTS('',3,(#15298,#15299,#15300,#15301),
 .UNSPECIFIED.,.F.,.F.,(4,4),(0.630482174181647,0.689216679388496),
 .UNSPECIFIED.);
#135=B_SPLINE_CURVE_WITH_KNOTS('',3,(#15306,#15307,#15308,#15309),
 .UNSPECIFIED.,.F.,.F.,(4,4),(1.91764600461476,1.97638050982161),
 .UNSPECIFIED.);
#136=B_SPLINE_CURVE_WITH_KNOTS('',3,(#15330,#15331,#15332,#15333),
 .UNSPECIFIED.,.F.,.F.,(4,4),(0.630482174181646,0.689216679388495),
 .UNSPECIFIED.);
#137=B_SPLINE_CURVE_WITH_KNOTS('',3,(#15339,#15340,#15341,#15342),
 .UNSPECIFIED.,.F.,.F.,(4,4),(1.91737984732704,1.97615140279632),
 .UNSPECIFIED.);
#138=B_SPLINE_CURVE_WITH_KNOTS('',3,(#15347,#15348,#15349,#15350),
 .UNSPECIFIED.,.F.,.F.,(4,4),(0.630515736488651,0.689287291957933),
 .UNSPECIFIED.);
#139=B_SPLINE_CURVE_WITH_KNOTS('',3,(#15367,#15368,#15369,#15370,#15371,
#15372),.UNSPECIFIED.,.F.,.F.,(4,2,4),(-0.594837932693248,-0.563458208186351,
-0.533052351571463),.UNSPECIFIED.);
#140=B_SPLINE_CURVE_WITH_KNOTS('',3,(#15394,#15395,#15396,#15397),
 .UNSPECIFIED.,.F.,.F.,(4,4),(0.630515736488653,0.689287291957929),
 .UNSPECIFIED.);
#141=B_SPLINE_CURVE_WITH_KNOTS('',3,(#15403,#15404,#15405,#15406),
 .UNSPECIFIED.,.F.,.F.,(4,4),(1.91760895435233,1.97638050982161),
 .UNSPECIFIED.);
#142=ELLIPSE('',#8529,5.65685424949237,3.99999999999999);
#143=ELLIPSE('',#8530,5.6568542494924,4.);
#144=ELLIPSE('',#8531,5.6568542494924,4.);
#145=ELLIPSE('',#8532,5.65685424949239,4.00000000000001);
#146=ELLIPSE('',#8781,92.635036568246,5.);
#147=ELLIPSE('',#8858,92.635036568246,5.);
#148=ELLIPSE('',#8906,19.3185165257805,5.);
#149=ELLIPSE('',#9089,19.3185165257805,5.);
#150=ELLIPSE('',#9150,92.635036568246,5.);
#151=ELLIPSE('',#9152,92.635036568246,5.);
#152=ELLIPSE('',#9154,92.635036568246,5.);
#153=ELLIPSE('',#9158,92.635036568246,5.);
#154=ELLIPSE('',#9160,92.635036568246,5.);
#155=ELLIPSE('',#9163,92.6350365682455,5.);
#156=ELLIPSE('',#9165,92.6350365682455,5.);
#157=ELLIPSE('',#9167,92.635036568246,5.);
#158=ELLIPSE('',#9169,92.6350365682455,5.);
#159=ELLIPSE('',#9171,92.6350365682455,5.);
#160=ELLIPSE('',#9179,92.6350365682459,5.);
#161=ELLIPSE('',#9181,92.6350365682459,5.);
#162=ELLIPSE('',#9183,92.6350365682459,5.);
#163=ELLIPSE('',#9185,92.6350365682459,5.);
#164=ELLIPSE('',#9187,92.6350365682459,5.);
#165=ELLIPSE('',#9189,92.6350365682459,5.);
#166=ELLIPSE('',#9191,92.6350365682459,5.);
#167=ELLIPSE('',#9193,92.6350365682459,5.);
#168=ELLIPSE('',#9275,4.47213595499958,2.);
#169=ELLIPSE('',#9284,4.4721359549996,2.);
#170=ELLIPSE('',#9298,4.4721359549996,2.);
#171=ELLIPSE('',#9307,4.47213595499957,2.);
#172=FACE_BOUND('',#1465,.T.);
#173=FACE_BOUND('',#1467,.T.);
#174=FACE_BOUND('',#1468,.T.);
#175=FACE_BOUND('',#1469,.T.);
#176=FACE_BOUND('',#1470,.T.);
#177=FACE_BOUND('',#1471,.T.);
#178=FACE_BOUND('',#1472,.T.);
#179=FACE_BOUND('',#1473,.T.);
#180=FACE_BOUND('',#1474,.T.);
#181=FACE_BOUND('',#1475,.T.);
#182=FACE_BOUND('',#1482,.T.);
#183=FACE_BOUND('',#1498,.T.);
#184=FACE_BOUND('',#1502,.T.);
#185=FACE_BOUND('',#1506,.T.);
#186=FACE_BOUND('',#1510,.T.);
#187=FACE_BOUND('',#1515,.T.);
#188=FACE_BOUND('',#1519,.T.);
#189=FACE_BOUND('',#1563,.T.);
#190=FACE_BOUND('',#1564,.T.);
#191=FACE_BOUND('',#1565,.T.);
#192=FACE_BOUND('',#1566,.T.);
#193=FACE_BOUND('',#1570,.T.);
#194=FACE_BOUND('',#1605,.T.);
#195=FACE_BOUND('',#1623,.T.);
#196=FACE_BOUND('',#1628,.T.);
#197=FACE_BOUND('',#1629,.T.);
#198=FACE_BOUND('',#1635,.T.);
#199=FACE_BOUND('',#1636,.T.);
#200=FACE_BOUND('',#1716,.T.);
#201=FACE_BOUND('',#1788,.T.);
#202=FACE_BOUND('',#1789,.T.);
#203=FACE_BOUND('',#1790,.T.);
#204=FACE_BOUND('',#1801,.T.);
#205=FACE_BOUND('',#1802,.T.);
#206=FACE_BOUND('',#1803,.T.);
#207=FACE_BOUND('',#1804,.T.);
#208=FACE_BOUND('',#1909,.T.);
#209=CONICAL_SURFACE('',#8466,5.5,0.785398163397447);
#210=CONICAL_SURFACE('',#8538,2.6,0.785398163397446);
#211=CONICAL_SURFACE('',#8542,2.6,0.785398163397446);
#212=CONICAL_SURFACE('',#8548,5.5,0.785398163397442);
#213=CONICAL_SURFACE('',#8549,4.,0.785398163397476);
#214=CONICAL_SURFACE('',#8553,4.,0.785398163397473);
#215=CONICAL_SURFACE('',#8557,4.,0.785398163397447);
#216=CONICAL_SURFACE('',#8561,4.,0.78539816339745);
#217=CONICAL_SURFACE('',#8565,4.,0.785398163397447);
#218=CONICAL_SURFACE('',#8569,4.,0.785398163397449);
#219=CONICAL_SURFACE('',#8604,2.6,0.78539816339745);
#220=CONICAL_SURFACE('',#8611,2.6,0.785398163397445);
#221=CONICAL_SURFACE('',#8618,2.60000000000001,0.785398163397446);
#222=CONICAL_SURFACE('',#8625,2.60000000000001,0.785398163397446);
#223=CONICAL_SURFACE('',#8632,2.60000000000001,0.785398163397446);
#224=CONICAL_SURFACE('',#8639,2.60000000000001,0.785398163397446);
#225=CONICAL_SURFACE('',#8646,2.6,0.785398163397443);
#226=CONICAL_SURFACE('',#8653,2.6,0.785398163397447);
#227=CONICAL_SURFACE('',#8660,2.6,0.785398163397449);
#228=CONICAL_SURFACE('',#8667,2.6,0.785398163397449);
#229=CONICAL_SURFACE('',#8674,2.6,0.785398163397461);
#230=CONICAL_SURFACE('',#8681,2.6,0.785398163397449);
#231=CONICAL_SURFACE('',#8688,2.60000000000001,0.785398163397455);
#232=CONICAL_SURFACE('',#8695,2.60000000000001,0.785398163397446);
#233=CONICAL_SURFACE('',#8702,2.60000000000001,0.785398163397446);
#234=CONICAL_SURFACE('',#8709,2.60000000000001,0.785398163397458);
#235=CONICAL_SURFACE('',#8717,17.6616492814811,0.78539816339741);
#236=CONICAL_SURFACE('',#8721,17.6616492814812,0.785398163397423);
#237=CONICAL_SURFACE('',#8725,17.6616492814813,0.78539816339747);
#238=CONICAL_SURFACE('',#8729,17.6616492814812,0.785398163397389);
#239=CONICAL_SURFACE('',#9200,18.7616492814812,0.0540015003759674);
#240=CONICAL_SURFACE('',#9203,18.7616492814811,0.0540015003759674);
#241=CONICAL_SURFACE('',#9204,18.7616492814813,0.0540015003759673);
#242=CONICAL_SURFACE('',#9209,18.7616492814814,0.0540015003759677);
#243=CIRCLE('',#8464,5.);
#244=CIRCLE('',#8465,5.);
#245=CIRCLE('',#8467,6.);
#246=CIRCLE('',#8469,5.);
#247=CIRCLE('',#8470,3.1);
#248=CIRCLE('',#8472,1.);
#249=CIRCLE('',#8473,5.);
#250=CIRCLE('',#8474,5.);
#251=CIRCLE('',#8475,1.);
#252=CIRCLE('',#8476,12.7616492814812);
#253=CIRCLE('',#8477,1.);
#254=CIRCLE('',#8478,5.);
#255=CIRCLE('',#8479,1.);
#256=CIRCLE('',#8480,12.7616492814812);
#257=CIRCLE('',#8481,1.);
#258=CIRCLE('',#8482,5.);
#259=CIRCLE('',#8483,1.);
#260=CIRCLE('',#8484,1.);
#261=CIRCLE('',#8485,5.);
#262=CIRCLE('',#8486,1.);
#263=CIRCLE('',#8487,1.);
#264=CIRCLE('',#8488,5.);
#265=CIRCLE('',#8489,1.);
#266=CIRCLE('',#8490,1.);
#267=CIRCLE('',#8491,5.);
#268=CIRCLE('',#8492,1.);
#269=CIRCLE('',#8493,12.7616492814811);
#270=CIRCLE('',#8494,1.);
#271=CIRCLE('',#8495,5.);
#272=CIRCLE('',#8496,1.);
#273=CIRCLE('',#8497,12.7616492814811);
#274=CIRCLE('',#8498,1.);
#275=CIRCLE('',#8499,5.);
#276=CIRCLE('',#8500,1.);
#277=CIRCLE('',#8501,1.);
#278=CIRCLE('',#8502,5.);
#279=CIRCLE('',#8503,1.);
#280=CIRCLE('',#8504,12.7616492814812);
#281=CIRCLE('',#8505,1.);
#282=CIRCLE('',#8506,5.);
#283=CIRCLE('',#8507,12.7616492814812);
#284=CIRCLE('',#8508,1.);
#285=CIRCLE('',#8509,5.);
#286=CIRCLE('',#8510,1.);
#287=CIRCLE('',#8511,1.);
#288=CIRCLE('',#8512,5.);
#289=CIRCLE('',#8513,1.);
#290=CIRCLE('',#8514,1.);
#291=CIRCLE('',#8515,5.);
#292=CIRCLE('',#8516,1.);
#293=CIRCLE('',#8517,1.);
#294=CIRCLE('',#8518,5.);
#295=CIRCLE('',#8519,1.);
#296=CIRCLE('',#8520,12.7616492814811);
#297=CIRCLE('',#8521,1.);
#298=CIRCLE('',#8522,5.);
#299=CIRCLE('',#8523,1.);
#300=CIRCLE('',#8524,12.7616492814811);
#301=CIRCLE('',#8525,6.);
#302=CIRCLE('',#8526,5.);
#303=CIRCLE('',#8527,5.);
#304=CIRCLE('',#8528,5.);
#305=CIRCLE('',#8533,5.);
#306=CIRCLE('',#8534,5.);
#307=CIRCLE('',#8535,5.);
#308=CIRCLE('',#8537,5.);
#309=CIRCLE('',#8539,2.1);
#310=CIRCLE('',#8541,2.1);
#311=CIRCLE('',#8543,3.1);
#312=CIRCLE('',#8544,2.1);
#313=CIRCLE('',#8546,2.1);
#314=CIRCLE('',#8550,3.);
#315=CIRCLE('',#8552,3.);
#316=CIRCLE('',#8554,3.);
#317=CIRCLE('',#8556,3.);
#318=CIRCLE('',#8558,3.);
#319=CIRCLE('',#8560,3.);
#320=CIRCLE('',#8562,3.);
#321=CIRCLE('',#8564,3.);
#322=CIRCLE('',#8566,3.);
#323=CIRCLE('',#8568,3.);
#324=CIRCLE('',#8570,3.);
#325=CIRCLE('',#8572,3.);
#326=CIRCLE('',#8574,0.999999999999996);
#327=CIRCLE('',#8575,0.999999999999996);
#328=CIRCLE('',#8579,0.999999999999996);
#329=CIRCLE('',#8580,0.999999999999996);
#330=CIRCLE('',#8584,0.999999999999996);
#331=CIRCLE('',#8585,0.999999999999996);
#332=CIRCLE('',#8589,0.999999999999996);
#333=CIRCLE('',#8590,0.999999999999996);
#334=CIRCLE('',#8595,0.999999999999996);
#335=CIRCLE('',#8596,0.999999999999996);
#336=CIRCLE('',#8600,0.999999999999996);
#337=CIRCLE('',#8601,0.999999999999996);
#338=CIRCLE('',#8605,2.99999999999999);
#339=CIRCLE('',#8606,3.1);
#340=CIRCLE('',#8607,2.1);
#341=CIRCLE('',#8608,3.1);
#342=CIRCLE('',#8610,2.1);
#343=CIRCLE('',#8612,3.00000000000001);
#344=CIRCLE('',#8613,3.1);
#345=CIRCLE('',#8614,2.1);
#346=CIRCLE('',#8615,3.1);
#347=CIRCLE('',#8617,2.1);
#348=CIRCLE('',#8619,2.99999999999998);
#349=CIRCLE('',#8620,3.1);
#350=CIRCLE('',#8621,2.10000000000001);
#351=CIRCLE('',#8622,3.1);
#352=CIRCLE('',#8624,2.10000000000001);
#353=CIRCLE('',#8626,2.99999999999999);
#354=CIRCLE('',#8627,3.1);
#355=CIRCLE('',#8628,2.10000000000001);
#356=CIRCLE('',#8629,3.1);
#357=CIRCLE('',#8631,2.10000000000001);
#358=CIRCLE('',#8633,2.99999999999999);
#359=CIRCLE('',#8634,3.1);
#360=CIRCLE('',#8635,2.10000000000001);
#361=CIRCLE('',#8636,3.1);
#362=CIRCLE('',#8638,2.10000000000001);
#363=CIRCLE('',#8640,3.00000000000002);
#364=CIRCLE('',#8641,3.1);
#365=CIRCLE('',#8642,2.10000000000001);
#366=CIRCLE('',#8643,3.1);
#367=CIRCLE('',#8645,2.10000000000001);
#368=CIRCLE('',#8647,2.99999999999999);
#369=CIRCLE('',#8648,3.1);
#370=CIRCLE('',#8649,2.1);
#371=CIRCLE('',#8650,3.1);
#372=CIRCLE('',#8652,2.1);
#373=CIRCLE('',#8654,3.);
#374=CIRCLE('',#8655,3.1);
#375=CIRCLE('',#8656,2.1);
#376=CIRCLE('',#8657,3.1);
#377=CIRCLE('',#8659,2.1);
#378=CIRCLE('',#8661,3.);
#379=CIRCLE('',#8662,3.1);
#380=CIRCLE('',#8663,2.1);
#381=CIRCLE('',#8664,3.1);
#382=CIRCLE('',#8666,2.1);
#383=CIRCLE('',#8668,3.);
#384=CIRCLE('',#8669,3.1);
#385=CIRCLE('',#8670,2.1);
#386=CIRCLE('',#8671,3.1);
#387=CIRCLE('',#8673,2.1);
#388=CIRCLE('',#8675,3.);
#389=CIRCLE('',#8676,3.1);
#390=CIRCLE('',#8677,2.1);
#391=CIRCLE('',#8678,3.1);
#392=CIRCLE('',#8680,2.1);
#393=CIRCLE('',#8682,3.);
#394=CIRCLE('',#8683,3.1);
#395=CIRCLE('',#8684,2.1);
#396=CIRCLE('',#8685,3.1);
#397=CIRCLE('',#8687,2.1);
#398=CIRCLE('',#8689,2.99999999999999);
#399=CIRCLE('',#8690,2.10000000000001);
#400=CIRCLE('',#8691,2.99999999999999);
#401=CIRCLE('',#8692,3.1);
#402=CIRCLE('',#8694,2.10000000000001);
#403=CIRCLE('',#8696,3.00000000000006);
#404=CIRCLE('',#8697,2.10000000000001);
#405=CIRCLE('',#8698,3.00000000000006);
#406=CIRCLE('',#8699,3.1);
#407=CIRCLE('',#8701,2.10000000000001);
#408=CIRCLE('',#8703,3.);
#409=CIRCLE('',#8704,2.10000000000001);
#410=CIRCLE('',#8705,3.);
#411=CIRCLE('',#8706,3.1);
#412=CIRCLE('',#8708,2.10000000000001);
#413=CIRCLE('',#8710,2.99999999999999);
#414=CIRCLE('',#8711,2.10000000000001);
#415=CIRCLE('',#8712,2.99999999999999);
#416=CIRCLE('',#8713,3.1);
#417=CIRCLE('',#8715,2.10000000000001);
#418=CIRCLE('',#8718,17.5616492814811);
#419=CIRCLE('',#8719,17.7616492814811);
#420=CIRCLE('',#8722,17.5616492814812);
#421=CIRCLE('',#8723,17.7616492814812);
#422=CIRCLE('',#8726,17.5616492814813);
#423=CIRCLE('',#8727,17.7616492814813);
#424=CIRCLE('',#8730,17.5616492814812);
#425=CIRCLE('',#8731,17.7616492814812);
#426=CIRCLE('',#8733,17.7616492814812);
#427=CIRCLE('',#8734,17.7616492814812);
#428=CIRCLE('',#8735,17.7616492814812);
#429=CIRCLE('',#8738,17.7616492814811);
#430=CIRCLE('',#8739,17.7616492814811);
#431=CIRCLE('',#8740,17.7616492814811);
#432=CIRCLE('',#8744,12.7616492814812);
#433=CIRCLE('',#8746,5.00000000000002);
#434=CIRCLE('',#8749,12.7616492814812);
#435=CIRCLE('',#8752,12.7616492814812);
#436=CIRCLE('',#8757,12.7616492814811);
#437=CIRCLE('',#8776,5.);
#438=CIRCLE('',#8779,5.);
#439=CIRCLE('',#8782,5.);
#440=CIRCLE('',#8784,17.7616492814812);
#441=CIRCLE('',#8785,5.);
#442=CIRCLE('',#8786,5.);
#443=CIRCLE('',#8787,17.7616492814812);
#444=CIRCLE('',#8788,5.);
#445=CIRCLE('',#8789,5.);
#446=CIRCLE('',#8790,5.);
#447=CIRCLE('',#8791,5.);
#448=CIRCLE('',#8792,5.);
#449=CIRCLE('',#8793,5.);
#450=CIRCLE('',#8794,5.);
#451=CIRCLE('',#8795,5.);
#452=CIRCLE('',#8796,17.7616492814813);
#453=CIRCLE('',#8797,5.);
#454=CIRCLE('',#8798,5.);
#455=CIRCLE('',#8799,17.7616492814813);
#456=CIRCLE('',#8800,5.);
#457=CIRCLE('',#8801,5.);
#458=CIRCLE('',#8802,5.);
#459=CIRCLE('',#8803,5.);
#460=CIRCLE('',#8804,5.);
#461=CIRCLE('',#8805,5.);
#462=CIRCLE('',#8806,1.);
#463=CIRCLE('',#8807,5.);
#464=CIRCLE('',#8808,5.);
#465=CIRCLE('',#8809,5.);
#466=CIRCLE('',#8810,5.);
#467=CIRCLE('',#8811,5.);
#468=CIRCLE('',#8812,5.);
#469=CIRCLE('',#8813,5.);
#470=CIRCLE('',#8814,5.);
#471=CIRCLE('',#8815,5.);
#472=CIRCLE('',#8816,1.);
#473=CIRCLE('',#8817,1.);
#474=CIRCLE('',#8818,1.);
#475=CIRCLE('',#8819,1.);
#476=CIRCLE('',#8820,1.);
#477=CIRCLE('',#8821,14.7616492814812);
#478=CIRCLE('',#8822,1.);
#479=CIRCLE('',#8823,1.);
#480=CIRCLE('',#8824,14.7616492814812);
#481=CIRCLE('',#8825,1.);
#482=CIRCLE('',#8826,1.);
#483=CIRCLE('',#8827,1.);
#484=CIRCLE('',#8828,1.);
#485=CIRCLE('',#8829,14.7616492814812);
#486=CIRCLE('',#8830,1.);
#487=CIRCLE('',#8831,1.);
#488=CIRCLE('',#8832,14.7616492814811);
#489=CIRCLE('',#8833,1.);
#490=CIRCLE('',#8834,1.);
#491=CIRCLE('',#8835,1.);
#492=CIRCLE('',#8836,1.);
#493=CIRCLE('',#8837,1.);
#494=CIRCLE('',#8838,1.);
#495=CIRCLE('',#8839,1.);
#496=CIRCLE('',#8840,1.);
#497=CIRCLE('',#8841,14.7616492814812);
#498=CIRCLE('',#8842,1.);
#499=CIRCLE('',#8843,1.);
#500=CIRCLE('',#8844,14.7616492814812);
#501=CIRCLE('',#8845,1.);
#502=CIRCLE('',#8846,1.);
#503=CIRCLE('',#8847,1.);
#504=CIRCLE('',#8848,1.);
#505=CIRCLE('',#8849,14.7616492814811);
#506=CIRCLE('',#8850,1.);
#507=CIRCLE('',#8851,1.);
#508=CIRCLE('',#8852,14.7616492814811);
#509=CIRCLE('',#8853,1.);
#510=CIRCLE('',#8854,1.);
#511=CIRCLE('',#8855,1.);
#512=CIRCLE('',#8866,8.225);
#513=CIRCLE('',#8867,8.225);
#514=CIRCLE('',#8869,9.99999999999998);
#515=CIRCLE('',#8872,9.99999999999998);
#516=CIRCLE('',#8876,8.22499999999999);
#517=CIRCLE('',#8878,8.10000000000002);
#518=CIRCLE('',#8879,8.10000000000002);
#519=CIRCLE('',#8881,3.75000000000001);
#520=CIRCLE('',#8882,3.75000000000001);
#521=CIRCLE('',#8884,4.09999999999999);
#522=CIRCLE('',#8885,4.09999999999999);
#523=CIRCLE('',#8888,4.10000000000004);
#524=CIRCLE('',#8889,4.10000000000004);
#525=CIRCLE('',#8893,2.09999999999999);
#526=CIRCLE('',#8894,2.09999999999999);
#527=CIRCLE('',#8897,2.10000000000004);
#528=CIRCLE('',#8898,2.10000000000004);
#529=CIRCLE('',#8904,12.7616492814812);
#530=CIRCLE('',#8907,5.);
#531=CIRCLE('',#8910,14.7616492814811);
#532=CIRCLE('',#8912,14.7616492814811);
#533=CIRCLE('',#8917,14.7616492814812);
#534=CIRCLE('',#8919,14.7616492814812);
#535=CIRCLE('',#8921,2.99999999999999);
#536=CIRCLE('',#8923,3.);
#537=CIRCLE('',#8925,3.);
#538=CIRCLE('',#8928,14.7616492814811);
#539=CIRCLE('',#8930,14.7616492814812);
#540=CIRCLE('',#8933,14.7616492814812);
#541=CIRCLE('',#8935,14.7616492814812);
#542=CIRCLE('',#8941,1.);
#543=CIRCLE('',#8943,2.99999999999999);
#544=CIRCLE('',#8945,1.);
#545=CIRCLE('',#8947,3.);
#546=CIRCLE('',#8949,1.);
#547=CIRCLE('',#8951,3.00000000000006);
#548=CIRCLE('',#8953,1.);
#549=CIRCLE('',#8955,1.);
#550=CIRCLE('',#8957,2.99999999999999);
#551=CIRCLE('',#8959,1.);
#552=CIRCLE('',#8961,3.);
#553=CIRCLE('',#8963,1.);
#554=CIRCLE('',#8966,1.);
#555=CIRCLE('',#8969,1.);
#556=CIRCLE('',#8971,1.);
#557=CIRCLE('',#8974,1.);
#558=CIRCLE('',#8976,1.);
#559=CIRCLE('',#8979,1.);
#560=CIRCLE('',#8981,1.);
#561=CIRCLE('',#8984,1.);
#562=CIRCLE('',#8987,1.);
#563=CIRCLE('',#8989,1.);
#564=CIRCLE('',#8991,3.00000000000002);
#565=CIRCLE('',#8993,1.);
#566=CIRCLE('',#8995,1.);
#567=CIRCLE('',#8997,2.99999999999999);
#568=CIRCLE('',#8999,1.);
#569=CIRCLE('',#9001,1.);
#570=CIRCLE('',#9003,2.99999999999999);
#571=CIRCLE('',#9005,1.);
#572=CIRCLE('',#9007,1.);
#573=CIRCLE('',#9009,2.99999999999998);
#574=CIRCLE('',#9011,1.);
#575=CIRCLE('',#9013,1.);
#576=CIRCLE('',#9015,3.00000000000001);
#577=CIRCLE('',#9017,1.);
#578=CIRCLE('',#9019,1.);
#579=CIRCLE('',#9021,2.99999999999999);
#580=CIRCLE('',#9023,1.);
#581=CIRCLE('',#9025,1.);
#582=CIRCLE('',#9027,3.);
#583=CIRCLE('',#9029,1.);
#584=CIRCLE('',#9031,1.);
#585=CIRCLE('',#9033,3.);
#586=CIRCLE('',#9035,1.);
#587=CIRCLE('',#9036,1.);
#588=CIRCLE('',#9037,5.);
#589=CIRCLE('',#9038,1.);
#590=CIRCLE('',#9039,1.);
#591=CIRCLE('',#9040,1.);
#592=CIRCLE('',#9041,1.);
#593=CIRCLE('',#9042,4.99999999999999);
#594=CIRCLE('',#9043,1.);
#595=CIRCLE('',#9044,12.7616492814811);
#596=CIRCLE('',#9045,1.);
#597=CIRCLE('',#9046,5.);
#598=CIRCLE('',#9047,1.);
#599=CIRCLE('',#9048,1.);
#600=CIRCLE('',#9049,5.);
#601=CIRCLE('',#9050,1.);
#602=CIRCLE('',#9051,1.);
#603=CIRCLE('',#9052,5.);
#604=CIRCLE('',#9053,1.);
#605=CIRCLE('',#9054,1.);
#606=CIRCLE('',#9055,4.99999999999999);
#607=CIRCLE('',#9056,1.);
#608=CIRCLE('',#9057,1.);
#609=CIRCLE('',#9058,12.7616492814813);
#610=CIRCLE('',#9059,1.);
#611=CIRCLE('',#9060,5.);
#612=CIRCLE('',#9061,1.);
#613=CIRCLE('',#9062,1.);
#614=CIRCLE('',#9063,4.99999999999999);
#615=CIRCLE('',#9064,1.);
#616=CIRCLE('',#9065,1.);
#617=CIRCLE('',#9066,4.99999999999999);
#618=CIRCLE('',#9067,1.);
#619=CIRCLE('',#9068,12.7616492814811);
#620=CIRCLE('',#9069,1.);
#621=CIRCLE('',#9070,5.00000000000001);
#622=CIRCLE('',#9071,1.);
#623=CIRCLE('',#9072,1.);
#624=CIRCLE('',#9073,5.);
#625=CIRCLE('',#9074,1.);
#626=CIRCLE('',#9075,1.);
#627=CIRCLE('',#9076,5.);
#628=CIRCLE('',#9077,1.);
#629=CIRCLE('',#9078,1.);
#630=CIRCLE('',#9079,5.00000000000001);
#631=CIRCLE('',#9080,1.);
#632=CIRCLE('',#9081,1.);
#633=CIRCLE('',#9082,5.00000000000001);
#634=CIRCLE('',#9083,1.);
#635=CIRCLE('',#9142,12.05);
#636=CIRCLE('',#9143,0.999999999999998);
#637=CIRCLE('',#9147,0.999999999999996);
#638=CIRCLE('',#9174,17.7616492814813);
#639=CIRCLE('',#9210,17.7616492814812);
#640=CIRCLE('',#9267,2.09999999999999);
#641=CIRCLE('',#9268,2.10000000000004);
#642=CIRCLE('',#9270,2.10000000000004);
#643=CIRCLE('',#9271,2.09999999999999);
#644=CIRCLE('',#9276,2.);
#645=CIRCLE('',#9278,1.99999999999994);
#646=CIRCLE('',#9280,2.);
#647=CIRCLE('',#9282,2.00000000000001);
#648=CIRCLE('',#9286,2.00000000000001);
#649=CIRCLE('',#9287,2.);
#650=CIRCLE('',#9289,2.);
#651=CIRCLE('',#9290,2.);
#652=CIRCLE('',#9292,2.);
#653=CIRCLE('',#9293,2.);
#654=CIRCLE('',#9295,2.);
#655=CIRCLE('',#9296,2.);
#656=CIRCLE('',#9299,2.00000000000001);
#657=CIRCLE('',#9301,2.);
#658=CIRCLE('',#9303,2.00000000000001);
#659=CIRCLE('',#9305,2.);
#660=CIRCLE('',#9310,8.22499999999999);
#661=CIRCLE('',#9312,11.65);
#662=CIRCLE('',#9314,11.65);
#663=CIRCLE('',#9315,11.65);
#664=CIRCLE('',#9317,0.4);
#665=CIRCLE('',#9320,15.1756753630404);
#666=CIRCLE('',#9321,5.);
#667=CIRCLE('',#9322,15.7616492814813);
#668=CIRCLE('',#9323,5.);
#669=CIRCLE('',#9326,15.7616492814813);
#670=CIRCLE('',#9330,4.);
#671=CIRCLE('',#9333,4.);
#672=CIRCLE('',#9335,15.1756753630404);
#673=CIRCLE('',#9336,15.7616492814812);
#674=CIRCLE('',#9338,15.7616492814812);
#675=CIRCLE('',#9341,5.);
#676=CIRCLE('',#9343,5.);
#677=CIRCLE('',#9346,5.);
#678=CIRCLE('',#9347,5.);
#679=CIRCLE('',#9353,15.7616492814811);
#680=CIRCLE('',#9354,15.7616492814811);
#681=CIRCLE('',#9356,15.1756753630404);
#682=CIRCLE('',#9357,4.);
#683=CIRCLE('',#9361,5.);
#684=CIRCLE('',#9363,5.);
#685=CIRCLE('',#9366,5.);
#686=CIRCLE('',#9367,5.);
#687=CIRCLE('',#9373,4.);
#688=CIRCLE('',#9376,5.);
#689=CIRCLE('',#9378,15.1756753630404);
#690=CIRCLE('',#9379,15.7616492814812);
#691=CIRCLE('',#9381,15.7616492814812);
#692=CIRCLE('',#9383,5.);
#693=CIRCLE('',#9386,5.);
#694=CIRCLE('',#9387,5.);
#695=CIRCLE('',#9393,15.1756753630404);
#696=CIRCLE('',#9394,5.);
#697=CIRCLE('',#9395,15.7616492814811);
#698=CIRCLE('',#9396,5.);
#699=CIRCLE('',#9398,15.7616492814811);
#700=CIRCLE('',#9403,4.);
#701=CIRCLE('',#9406,15.7616492814812);
#702=CIRCLE('',#9407,4.);
#703=CIRCLE('',#9408,15.1756753630404);
#704=CIRCLE('',#9410,15.7616492814812);
#705=CIRCLE('',#9414,5.);
#706=CIRCLE('',#9416,5.);
#707=CIRCLE('',#9419,5.);
#708=CIRCLE('',#9423,5.);
#709=CIRCLE('',#9426,5.);
#710=CIRCLE('',#9427,5.);
#711=CIRCLE('',#9433,4.);
#712=CIRCLE('',#9436,5.);
#713=CIRCLE('',#9438,15.1756753630404);
#714=CIRCLE('',#9439,15.7616492814813);
#715=CIRCLE('',#9441,15.7616492814813);
#716=CIRCLE('',#9443,5.);
#717=CIRCLE('',#9446,5.);
#718=CIRCLE('',#9447,5.);
#719=CYLINDRICAL_SURFACE('',#8463,5.);
#720=CYLINDRICAL_SURFACE('',#8536,5.);
#721=CYLINDRICAL_SURFACE('',#8540,2.1);
#722=CYLINDRICAL_SURFACE('',#8545,2.1);
#723=CYLINDRICAL_SURFACE('',#8551,3.);
#724=CYLINDRICAL_SURFACE('',#8555,3.);
#725=CYLINDRICAL_SURFACE('',#8559,3.);
#726=CYLINDRICAL_SURFACE('',#8563,3.);
#727=CYLINDRICAL_SURFACE('',#8567,3.);
#728=CYLINDRICAL_SURFACE('',#8571,3.);
#729=CYLINDRICAL_SURFACE('',#8573,0.999999999999996);
#730=CYLINDRICAL_SURFACE('',#8578,0.999999999999996);
#731=CYLINDRICAL_SURFACE('',#8583,0.999999999999996);
#732=CYLINDRICAL_SURFACE('',#8588,0.999999999999996);
#733=CYLINDRICAL_SURFACE('',#8594,0.999999999999996);
#734=CYLINDRICAL_SURFACE('',#8599,0.999999999999996);
#735=CYLINDRICAL_SURFACE('',#8609,2.1);
#736=CYLINDRICAL_SURFACE('',#8616,2.1);
#737=CYLINDRICAL_SURFACE('',#8623,2.10000000000001);
#738=CYLINDRICAL_SURFACE('',#8630,2.10000000000001);
#739=CYLINDRICAL_SURFACE('',#8637,2.10000000000001);
#740=CYLINDRICAL_SURFACE('',#8644,2.10000000000001);
#741=CYLINDRICAL_SURFACE('',#8651,2.1);
#742=CYLINDRICAL_SURFACE('',#8658,2.1);
#743=CYLINDRICAL_SURFACE('',#8665,2.1);
#744=CYLINDRICAL_SURFACE('',#8672,2.1);
#745=CYLINDRICAL_SURFACE('',#8679,2.1);
#746=CYLINDRICAL_SURFACE('',#8686,2.1);
#747=CYLINDRICAL_SURFACE('',#8693,2.10000000000001);
#748=CYLINDRICAL_SURFACE('',#8700,2.10000000000001);
#749=CYLINDRICAL_SURFACE('',#8707,2.10000000000001);
#750=CYLINDRICAL_SURFACE('',#8714,2.10000000000001);
#751=CYLINDRICAL_SURFACE('',#8732,17.7616492814812);
#752=CYLINDRICAL_SURFACE('',#8737,17.7616492814811);
#753=CYLINDRICAL_SURFACE('',#8743,12.7616492814812);
#754=CYLINDRICAL_SURFACE('',#8745,5.);
#755=CYLINDRICAL_SURFACE('',#8748,12.7616492814811);
#756=CYLINDRICAL_SURFACE('',#8751,12.7616492814812);
#757=CYLINDRICAL_SURFACE('',#8756,12.7616492814811);
#758=CYLINDRICAL_SURFACE('',#8775,5.);
#759=CYLINDRICAL_SURFACE('',#8778,5.);
#760=CYLINDRICAL_SURFACE('',#8780,5.);
#761=CYLINDRICAL_SURFACE('',#8856,5.);
#762=CYLINDRICAL_SURFACE('',#8857,5.);
#763=CYLINDRICAL_SURFACE('',#8859,5.);
#764=CYLINDRICAL_SURFACE('',#8865,8.225);
#765=CYLINDRICAL_SURFACE('',#8868,9.99999999999998);
#766=CYLINDRICAL_SURFACE('',#8871,9.99999999999998);
#767=CYLINDRICAL_SURFACE('',#8877,8.10000000000002);
#768=CYLINDRICAL_SURFACE('',#8880,3.75000000000001);
#769=CYLINDRICAL_SURFACE('',#8883,4.09999999999999);
#770=CYLINDRICAL_SURFACE('',#8887,4.10000000000004);
#771=CYLINDRICAL_SURFACE('',#8892,2.09999999999999);
#772=CYLINDRICAL_SURFACE('',#8896,2.10000000000004);
#773=CYLINDRICAL_SURFACE('',#8903,12.7616492814812);
#774=CYLINDRICAL_SURFACE('',#8905,5.);
#775=CYLINDRICAL_SURFACE('',#8909,14.7616492814811);
#776=CYLINDRICAL_SURFACE('',#8911,14.7616492814811);
#777=CYLINDRICAL_SURFACE('',#8916,14.7616492814812);
#778=CYLINDRICAL_SURFACE('',#8918,14.7616492814812);
#779=CYLINDRICAL_SURFACE('',#8920,2.99999999999999);
#780=CYLINDRICAL_SURFACE('',#8922,3.);
#781=CYLINDRICAL_SURFACE('',#8924,3.);
#782=CYLINDRICAL_SURFACE('',#8927,14.7616492814811);
#783=CYLINDRICAL_SURFACE('',#8929,14.7616492814812);
#784=CYLINDRICAL_SURFACE('',#8932,14.7616492814812);
#785=CYLINDRICAL_SURFACE('',#8934,14.7616492814812);
#786=CYLINDRICAL_SURFACE('',#8940,1.);
#787=CYLINDRICAL_SURFACE('',#8942,2.99999999999999);
#788=CYLINDRICAL_SURFACE('',#8944,1.);
#789=CYLINDRICAL_SURFACE('',#8946,3.);
#790=CYLINDRICAL_SURFACE('',#8948,1.);
#791=CYLINDRICAL_SURFACE('',#8950,3.00000000000006);
#792=CYLINDRICAL_SURFACE('',#8952,1.);
#793=CYLINDRICAL_SURFACE('',#8954,1.);
#794=CYLINDRICAL_SURFACE('',#8956,2.99999999999999);
#795=CYLINDRICAL_SURFACE('',#8958,1.);
#796=CYLINDRICAL_SURFACE('',#8960,3.);
#797=CYLINDRICAL_SURFACE('',#8962,1.);
#798=CYLINDRICAL_SURFACE('',#8965,1.);
#799=CYLINDRICAL_SURFACE('',#8968,1.);
#800=CYLINDRICAL_SURFACE('',#8970,1.);
#801=CYLINDRICAL_SURFACE('',#8973,1.);
#802=CYLINDRICAL_SURFACE('',#8975,1.);
#803=CYLINDRICAL_SURFACE('',#8978,1.);
#804=CYLINDRICAL_SURFACE('',#8980,1.);
#805=CYLINDRICAL_SURFACE('',#8983,1.);
#806=CYLINDRICAL_SURFACE('',#8986,1.);
#807=CYLINDRICAL_SURFACE('',#8988,1.);
#808=CYLINDRICAL_SURFACE('',#8990,3.00000000000002);
#809=CYLINDRICAL_SURFACE('',#8992,1.);
#810=CYLINDRICAL_SURFACE('',#8994,1.);
#811=CYLINDRICAL_SURFACE('',#8996,2.99999999999999);
#812=CYLINDRICAL_SURFACE('',#8998,1.);
#813=CYLINDRICAL_SURFACE('',#9000,1.);
#814=CYLINDRICAL_SURFACE('',#9002,2.99999999999999);
#815=CYLINDRICAL_SURFACE('',#9004,1.);
#816=CYLINDRICAL_SURFACE('',#9006,1.);
#817=CYLINDRICAL_SURFACE('',#9008,2.99999999999998);
#818=CYLINDRICAL_SURFACE('',#9010,1.);
#819=CYLINDRICAL_SURFACE('',#9012,1.);
#820=CYLINDRICAL_SURFACE('',#9014,3.00000000000001);
#821=CYLINDRICAL_SURFACE('',#9016,1.);
#822=CYLINDRICAL_SURFACE('',#9018,1.);
#823=CYLINDRICAL_SURFACE('',#9020,2.99999999999999);
#824=CYLINDRICAL_SURFACE('',#9022,1.);
#825=CYLINDRICAL_SURFACE('',#9024,1.);
#826=CYLINDRICAL_SURFACE('',#9026,3.);
#827=CYLINDRICAL_SURFACE('',#9028,1.);
#828=CYLINDRICAL_SURFACE('',#9030,1.);
#829=CYLINDRICAL_SURFACE('',#9032,3.);
#830=CYLINDRICAL_SURFACE('',#9084,1.);
#831=CYLINDRICAL_SURFACE('',#9085,1.);
#832=CYLINDRICAL_SURFACE('',#9086,5.);
#833=CYLINDRICAL_SURFACE('',#9087,1.);
#834=CYLINDRICAL_SURFACE('',#9088,5.);
#835=CYLINDRICAL_SURFACE('',#9090,1.);
#836=CYLINDRICAL_SURFACE('',#9092,1.);
#837=CYLINDRICAL_SURFACE('',#9093,5.);
#838=CYLINDRICAL_SURFACE('',#9094,1.);
#839=CYLINDRICAL_SURFACE('',#9095,1.);
#840=CYLINDRICAL_SURFACE('',#9096,5.);
#841=CYLINDRICAL_SURFACE('',#9097,1.);
#842=CYLINDRICAL_SURFACE('',#9099,1.);
#843=CYLINDRICAL_SURFACE('',#9100,5.);
#844=CYLINDRICAL_SURFACE('',#9101,1.);
#845=CYLINDRICAL_SURFACE('',#9103,1.);
#846=CYLINDRICAL_SURFACE('',#9104,5.);
#847=CYLINDRICAL_SURFACE('',#9105,1.);
#848=CYLINDRICAL_SURFACE('',#9106,12.7616492814811);
#849=CYLINDRICAL_SURFACE('',#9107,1.);
#850=CYLINDRICAL_SURFACE('',#9108,5.);
#851=CYLINDRICAL_SURFACE('',#9109,1.);
#852=CYLINDRICAL_SURFACE('',#9110,1.);
#853=CYLINDRICAL_SURFACE('',#9111,5.);
#854=CYLINDRICAL_SURFACE('',#9112,1.);
#855=CYLINDRICAL_SURFACE('',#9114,1.);
#856=CYLINDRICAL_SURFACE('',#9115,5.);
#857=CYLINDRICAL_SURFACE('',#9116,1.);
#858=CYLINDRICAL_SURFACE('',#9117,12.7616492814812);
#859=CYLINDRICAL_SURFACE('',#9118,1.);
#860=CYLINDRICAL_SURFACE('',#9120,1.);
#861=CYLINDRICAL_SURFACE('',#9121,5.);
#862=CYLINDRICAL_SURFACE('',#9122,1.);
#863=CYLINDRICAL_SURFACE('',#9124,1.);
#864=CYLINDRICAL_SURFACE('',#9125,5.);
#865=CYLINDRICAL_SURFACE('',#9126,1.);
#866=CYLINDRICAL_SURFACE('',#9128,1.);
#867=CYLINDRICAL_SURFACE('',#9129,5.);
#868=CYLINDRICAL_SURFACE('',#9130,1.);
#869=CYLINDRICAL_SURFACE('',#9132,1.);
#870=CYLINDRICAL_SURFACE('',#9133,5.);
#871=CYLINDRICAL_SURFACE('',#9134,1.);
#872=CYLINDRICAL_SURFACE('',#9135,12.7616492814811);
#873=CYLINDRICAL_SURFACE('',#9136,1.);
#874=CYLINDRICAL_SURFACE('',#9137,5.);
#875=CYLINDRICAL_SURFACE('',#9138,1.);
#876=CYLINDRICAL_SURFACE('',#9140,1.);
#877=CYLINDRICAL_SURFACE('',#9144,1.);
#878=CYLINDRICAL_SURFACE('',#9145,10.);
#879=CYLINDRICAL_SURFACE('',#9148,1.);
#880=CYLINDRICAL_SURFACE('',#9149,5.);
#881=CYLINDRICAL_SURFACE('',#9151,5.);
#882=CYLINDRICAL_SURFACE('',#9153,5.);
#883=CYLINDRICAL_SURFACE('',#9155,5.);
#884=CYLINDRICAL_SURFACE('',#9156,1.);
#885=CYLINDRICAL_SURFACE('',#9157,5.);
#886=CYLINDRICAL_SURFACE('',#9159,5.);
#887=CYLINDRICAL_SURFACE('',#9162,5.);
#888=CYLINDRICAL_SURFACE('',#9164,5.);
#889=CYLINDRICAL_SURFACE('',#9166,5.);
#890=CYLINDRICAL_SURFACE('',#9168,5.);
#891=CYLINDRICAL_SURFACE('',#9170,5.);
#892=CYLINDRICAL_SURFACE('',#9172,5.);
#893=CYLINDRICAL_SURFACE('',#9173,17.7616492814813);
#894=CYLINDRICAL_SURFACE('',#9175,5.);
#895=CYLINDRICAL_SURFACE('',#9176,5.);
#896=CYLINDRICAL_SURFACE('',#9178,5.);
#897=CYLINDRICAL_SURFACE('',#9180,5.);
#898=CYLINDRICAL_SURFACE('',#9182,5.);
#899=CYLINDRICAL_SURFACE('',#9184,5.);
#900=CYLINDRICAL_SURFACE('',#9186,5.);
#901=CYLINDRICAL_SURFACE('',#9188,5.);
#902=CYLINDRICAL_SURFACE('',#9190,5.);
#903=CYLINDRICAL_SURFACE('',#9192,5.);
#904=CYLINDRICAL_SURFACE('',#9194,5.);
#905=CYLINDRICAL_SURFACE('',#9195,5.);
#906=CYLINDRICAL_SURFACE('',#9274,2.);
#907=CYLINDRICAL_SURFACE('',#9279,2.);
#908=CYLINDRICAL_SURFACE('',#9283,2.);
#909=CYLINDRICAL_SURFACE('',#9285,2.);
#910=CYLINDRICAL_SURFACE('',#9288,2.);
#911=CYLINDRICAL_SURFACE('',#9291,2.);
#912=CYLINDRICAL_SURFACE('',#9294,2.);
#913=CYLINDRICAL_SURFACE('',#9297,2.);
#914=CYLINDRICAL_SURFACE('',#9302,2.);
#915=CYLINDRICAL_SURFACE('',#9306,2.);
#916=CYLINDRICAL_SURFACE('',#9309,8.22499999999999);
#917=CYLINDRICAL_SURFACE('',#9313,11.65);
#918=CYLINDRICAL_SURFACE('',#9318,17.7616492814812);
#919=CYLINDRICAL_SURFACE('',#9324,5.);
#920=CYLINDRICAL_SURFACE('',#9325,15.7616492814813);
#921=CYLINDRICAL_SURFACE('',#9328,5.);
#922=CYLINDRICAL_SURFACE('',#9329,4.);
#923=CYLINDRICAL_SURFACE('',#9332,4.);
#924=CYLINDRICAL_SURFACE('',#9337,15.7616492814812);
#925=CYLINDRICAL_SURFACE('',#9340,5.);
#926=CYLINDRICAL_SURFACE('',#9342,5.);
#927=CYLINDRICAL_SURFACE('',#9348,5.);
#928=CYLINDRICAL_SURFACE('',#9349,5.);
#929=CYLINDRICAL_SURFACE('',#9351,4.);
#930=CYLINDRICAL_SURFACE('',#9352,15.7616492814811);
#931=CYLINDRICAL_SURFACE('',#9358,4.);
#932=CYLINDRICAL_SURFACE('',#9360,5.);
#933=CYLINDRICAL_SURFACE('',#9362,5.);
#934=CYLINDRICAL_SURFACE('',#9368,5.);
#935=CYLINDRICAL_SURFACE('',#9370,5.);
#936=CYLINDRICAL_SURFACE('',#9371,4.);
#937=CYLINDRICAL_SURFACE('',#9372,4.);
#938=CYLINDRICAL_SURFACE('',#9375,5.);
#939=CYLINDRICAL_SURFACE('',#9380,15.7616492814812);
#940=CYLINDRICAL_SURFACE('',#9382,5.);
#941=CYLINDRICAL_SURFACE('',#9389,5.);
#942=CYLINDRICAL_SURFACE('',#9390,5.);
#943=CYLINDRICAL_SURFACE('',#9391,4.);
#944=CYLINDRICAL_SURFACE('',#9397,15.7616492814811);
#945=CYLINDRICAL_SURFACE('',#9399,5.);
#946=CYLINDRICAL_SURFACE('',#9401,5.);
#947=CYLINDRICAL_SURFACE('',#9402,4.);
#948=CYLINDRICAL_SURFACE('',#9409,15.7616492814812);
#949=CYLINDRICAL_SURFACE('',#9412,4.);
#950=CYLINDRICAL_SURFACE('',#9413,5.);
#951=CYLINDRICAL_SURFACE('',#9415,5.);
#952=CYLINDRICAL_SURFACE('',#9418,5.);
#953=CYLINDRICAL_SURFACE('',#9420,4.);
#954=CYLINDRICAL_SURFACE('',#9422,5.);
#955=CYLINDRICAL_SURFACE('',#9428,5.);
#956=CYLINDRICAL_SURFACE('',#9430,5.);
#957=CYLINDRICAL_SURFACE('',#9431,4.);
#958=CYLINDRICAL_SURFACE('',#9432,4.);
#959=CYLINDRICAL_SURFACE('',#9435,5.);
#960=CYLINDRICAL_SURFACE('',#9440,15.7616492814813);
#961=CYLINDRICAL_SURFACE('',#9442,5.);
#962=CYLINDRICAL_SURFACE('',#9448,5.);
#963=CYLINDRICAL_SURFACE('',#9450,5.);
#964=CYLINDRICAL_SURFACE('',#9451,4.);
#965=FACE_OUTER_BOUND('',#1460,.T.);
#966=FACE_OUTER_BOUND('',#1461,.T.);
#967=FACE_OUTER_BOUND('',#1462,.T.);
#968=FACE_OUTER_BOUND('',#1463,.T.);
#969=FACE_OUTER_BOUND('',#1464,.T.);
#970=FACE_OUTER_BOUND('',#1466,.T.);
#971=FACE_OUTER_BOUND('',#1476,.T.);
#972=FACE_OUTER_BOUND('',#1477,.T.);
#973=FACE_OUTER_BOUND('',#1478,.T.);
#974=FACE_OUTER_BOUND('',#1479,.T.);
#975=FACE_OUTER_BOUND('',#1480,.T.);
#976=FACE_OUTER_BOUND('',#1481,.T.);
#977=FACE_OUTER_BOUND('',#1483,.T.);
#978=FACE_OUTER_BOUND('',#1484,.T.);
#979=FACE_OUTER_BOUND('',#1485,.T.);
#980=FACE_OUTER_BOUND('',#1486,.T.);
#981=FACE_OUTER_BOUND('',#1487,.T.);
#982=FACE_OUTER_BOUND('',#1488,.T.);
#983=FACE_OUTER_BOUND('',#1489,.T.);
#984=FACE_OUTER_BOUND('',#1490,.T.);
#985=FACE_OUTER_BOUND('',#1491,.T.);
#986=FACE_OUTER_BOUND('',#1492,.T.);
#987=FACE_OUTER_BOUND('',#1493,.T.);
#988=FACE_OUTER_BOUND('',#1494,.T.);
#989=FACE_OUTER_BOUND('',#1495,.T.);
#990=FACE_OUTER_BOUND('',#1496,.T.);
#991=FACE_OUTER_BOUND('',#1497,.T.);
#992=FACE_OUTER_BOUND('',#1499,.T.);
#993=FACE_OUTER_BOUND('',#1500,.T.);
#994=FACE_OUTER_BOUND('',#1501,.T.);
#995=FACE_OUTER_BOUND('',#1503,.T.);
#996=FACE_OUTER_BOUND('',#1504,.T.);
#997=FACE_OUTER_BOUND('',#1505,.T.);
#998=FACE_OUTER_BOUND('',#1507,.T.);
#999=FACE_OUTER_BOUND('',#1508,.T.);
#1000=FACE_OUTER_BOUND('',#1509,.T.);
#1001=FACE_OUTER_BOUND('',#1511,.T.);
#1002=FACE_OUTER_BOUND('',#1512,.T.);
#1003=FACE_OUTER_BOUND('',#1513,.T.);
#1004=FACE_OUTER_BOUND('',#1514,.T.);
#1005=FACE_OUTER_BOUND('',#1516,.T.);
#1006=FACE_OUTER_BOUND('',#1517,.T.);
#1007=FACE_OUTER_BOUND('',#1518,.T.);
#1008=FACE_OUTER_BOUND('',#1520,.T.);
#1009=FACE_OUTER_BOUND('',#1521,.T.);
#1010=FACE_OUTER_BOUND('',#1522,.T.);
#1011=FACE_OUTER_BOUND('',#1523,.T.);
#1012=FACE_OUTER_BOUND('',#1524,.T.);
#1013=FACE_OUTER_BOUND('',#1525,.T.);
#1014=FACE_OUTER_BOUND('',#1526,.T.);
#1015=FACE_OUTER_BOUND('',#1527,.T.);
#1016=FACE_OUTER_BOUND('',#1528,.T.);
#1017=FACE_OUTER_BOUND('',#1529,.T.);
#1018=FACE_OUTER_BOUND('',#1530,.T.);
#1019=FACE_OUTER_BOUND('',#1531,.T.);
#1020=FACE_OUTER_BOUND('',#1532,.T.);
#1021=FACE_OUTER_BOUND('',#1533,.T.);
#1022=FACE_OUTER_BOUND('',#1534,.T.);
#1023=FACE_OUTER_BOUND('',#1535,.T.);
#1024=FACE_OUTER_BOUND('',#1536,.T.);
#1025=FACE_OUTER_BOUND('',#1537,.T.);
#1026=FACE_OUTER_BOUND('',#1538,.T.);
#1027=FACE_OUTER_BOUND('',#1539,.T.);
#1028=FACE_OUTER_BOUND('',#1540,.T.);
#1029=FACE_OUTER_BOUND('',#1541,.T.);
#1030=FACE_OUTER_BOUND('',#1542,.T.);
#1031=FACE_OUTER_BOUND('',#1543,.T.);
#1032=FACE_OUTER_BOUND('',#1544,.T.);
#1033=FACE_OUTER_BOUND('',#1545,.T.);
#1034=FACE_OUTER_BOUND('',#1546,.T.);
#1035=FACE_OUTER_BOUND('',#1547,.T.);
#1036=FACE_OUTER_BOUND('',#1548,.T.);
#1037=FACE_OUTER_BOUND('',#1549,.T.);
#1038=FACE_OUTER_BOUND('',#1550,.T.);
#1039=FACE_OUTER_BOUND('',#1551,.T.);
#1040=FACE_OUTER_BOUND('',#1552,.T.);
#1041=FACE_OUTER_BOUND('',#1553,.T.);
#1042=FACE_OUTER_BOUND('',#1554,.T.);
#1043=FACE_OUTER_BOUND('',#1555,.T.);
#1044=FACE_OUTER_BOUND('',#1556,.T.);
#1045=FACE_OUTER_BOUND('',#1557,.T.);
#1046=FACE_OUTER_BOUND('',#1558,.T.);
#1047=FACE_OUTER_BOUND('',#1559,.T.);
#1048=FACE_OUTER_BOUND('',#1560,.T.);
#1049=FACE_OUTER_BOUND('',#1561,.T.);
#1050=FACE_OUTER_BOUND('',#1562,.T.);
#1051=FACE_OUTER_BOUND('',#1567,.T.);
#1052=FACE_OUTER_BOUND('',#1568,.T.);
#1053=FACE_OUTER_BOUND('',#1569,.T.);
#1054=FACE_OUTER_BOUND('',#1571,.T.);
#1055=FACE_OUTER_BOUND('',#1572,.T.);
#1056=FACE_OUTER_BOUND('',#1573,.T.);
#1057=FACE_OUTER_BOUND('',#1574,.T.);
#1058=FACE_OUTER_BOUND('',#1575,.T.);
#1059=FACE_OUTER_BOUND('',#1576,.T.);
#1060=FACE_OUTER_BOUND('',#1577,.T.);
#1061=FACE_OUTER_BOUND('',#1578,.T.);
#1062=FACE_OUTER_BOUND('',#1579,.T.);
#1063=FACE_OUTER_BOUND('',#1580,.T.);
#1064=FACE_OUTER_BOUND('',#1581,.T.);
#1065=FACE_OUTER_BOUND('',#1582,.T.);
#1066=FACE_OUTER_BOUND('',#1583,.T.);
#1067=FACE_OUTER_BOUND('',#1584,.T.);
#1068=FACE_OUTER_BOUND('',#1585,.T.);
#1069=FACE_OUTER_BOUND('',#1586,.T.);
#1070=FACE_OUTER_BOUND('',#1587,.T.);
#1071=FACE_OUTER_BOUND('',#1588,.T.);
#1072=FACE_OUTER_BOUND('',#1589,.T.);
#1073=FACE_OUTER_BOUND('',#1590,.T.);
#1074=FACE_OUTER_BOUND('',#1591,.T.);
#1075=FACE_OUTER_BOUND('',#1592,.T.);
#1076=FACE_OUTER_BOUND('',#1593,.T.);
#1077=FACE_OUTER_BOUND('',#1594,.T.);
#1078=FACE_OUTER_BOUND('',#1595,.T.);
#1079=FACE_OUTER_BOUND('',#1596,.T.);
#1080=FACE_OUTER_BOUND('',#1597,.T.);
#1081=FACE_OUTER_BOUND('',#1598,.T.);
#1082=FACE_OUTER_BOUND('',#1599,.T.);
#1083=FACE_OUTER_BOUND('',#1600,.T.);
#1084=FACE_OUTER_BOUND('',#1601,.T.);
#1085=FACE_OUTER_BOUND('',#1602,.T.);
#1086=FACE_OUTER_BOUND('',#1603,.T.);
#1087=FACE_OUTER_BOUND('',#1604,.T.);
#1088=FACE_OUTER_BOUND('',#1606,.T.);
#1089=FACE_OUTER_BOUND('',#1607,.T.);
#1090=FACE_OUTER_BOUND('',#1608,.T.);
#1091=FACE_OUTER_BOUND('',#1609,.T.);
#1092=FACE_OUTER_BOUND('',#1610,.T.);
#1093=FACE_OUTER_BOUND('',#1611,.T.);
#1094=FACE_OUTER_BOUND('',#1612,.T.);
#1095=FACE_OUTER_BOUND('',#1613,.T.);
#1096=FACE_OUTER_BOUND('',#1614,.T.);
#1097=FACE_OUTER_BOUND('',#1615,.T.);
#1098=FACE_OUTER_BOUND('',#1616,.T.);
#1099=FACE_OUTER_BOUND('',#1617,.T.);
#1100=FACE_OUTER_BOUND('',#1618,.T.);
#1101=FACE_OUTER_BOUND('',#1619,.T.);
#1102=FACE_OUTER_BOUND('',#1620,.T.);
#1103=FACE_OUTER_BOUND('',#1621,.T.);
#1104=FACE_OUTER_BOUND('',#1622,.T.);
#1105=FACE_OUTER_BOUND('',#1624,.T.);
#1106=FACE_OUTER_BOUND('',#1625,.T.);
#1107=FACE_OUTER_BOUND('',#1626,.T.);
#1108=FACE_OUTER_BOUND('',#1627,.T.);
#1109=FACE_OUTER_BOUND('',#1630,.T.);
#1110=FACE_OUTER_BOUND('',#1631,.T.);
#1111=FACE_OUTER_BOUND('',#1632,.T.);
#1112=FACE_OUTER_BOUND('',#1633,.T.);
#1113=FACE_OUTER_BOUND('',#1634,.T.);
#1114=FACE_OUTER_BOUND('',#1637,.T.);
#1115=FACE_OUTER_BOUND('',#1638,.T.);
#1116=FACE_OUTER_BOUND('',#1639,.T.);
#1117=FACE_OUTER_BOUND('',#1640,.T.);
#1118=FACE_OUTER_BOUND('',#1641,.T.);
#1119=FACE_OUTER_BOUND('',#1642,.T.);
#1120=FACE_OUTER_BOUND('',#1643,.T.);
#1121=FACE_OUTER_BOUND('',#1644,.T.);
#1122=FACE_OUTER_BOUND('',#1645,.T.);
#1123=FACE_OUTER_BOUND('',#1646,.T.);
#1124=FACE_OUTER_BOUND('',#1647,.T.);
#1125=FACE_OUTER_BOUND('',#1648,.T.);
#1126=FACE_OUTER_BOUND('',#1649,.T.);
#1127=FACE_OUTER_BOUND('',#1650,.T.);
#1128=FACE_OUTER_BOUND('',#1651,.T.);
#1129=FACE_OUTER_BOUND('',#1652,.T.);
#1130=FACE_OUTER_BOUND('',#1653,.T.);
#1131=FACE_OUTER_BOUND('',#1654,.T.);
#1132=FACE_OUTER_BOUND('',#1655,.T.);
#1133=FACE_OUTER_BOUND('',#1656,.T.);
#1134=FACE_OUTER_BOUND('',#1657,.T.);
#1135=FACE_OUTER_BOUND('',#1658,.T.);
#1136=FACE_OUTER_BOUND('',#1659,.T.);
#1137=FACE_OUTER_BOUND('',#1660,.T.);
#1138=FACE_OUTER_BOUND('',#1661,.T.);
#1139=FACE_OUTER_BOUND('',#1662,.T.);
#1140=FACE_OUTER_BOUND('',#1663,.T.);
#1141=FACE_OUTER_BOUND('',#1664,.T.);
#1142=FACE_OUTER_BOUND('',#1665,.T.);
#1143=FACE_OUTER_BOUND('',#1666,.T.);
#1144=FACE_OUTER_BOUND('',#1667,.T.);
#1145=FACE_OUTER_BOUND('',#1668,.T.);
#1146=FACE_OUTER_BOUND('',#1669,.T.);
#1147=FACE_OUTER_BOUND('',#1670,.T.);
#1148=FACE_OUTER_BOUND('',#1671,.T.);
#1149=FACE_OUTER_BOUND('',#1672,.T.);
#1150=FACE_OUTER_BOUND('',#1673,.T.);
#1151=FACE_OUTER_BOUND('',#1674,.T.);
#1152=FACE_OUTER_BOUND('',#1675,.T.);
#1153=FACE_OUTER_BOUND('',#1676,.T.);
#1154=FACE_OUTER_BOUND('',#1677,.T.);
#1155=FACE_OUTER_BOUND('',#1678,.T.);
#1156=FACE_OUTER_BOUND('',#1679,.T.);
#1157=FACE_OUTER_BOUND('',#1680,.T.);
#1158=FACE_OUTER_BOUND('',#1681,.T.);
#1159=FACE_OUTER_BOUND('',#1682,.T.);
#1160=FACE_OUTER_BOUND('',#1683,.T.);
#1161=FACE_OUTER_BOUND('',#1684,.T.);
#1162=FACE_OUTER_BOUND('',#1685,.T.);
#1163=FACE_OUTER_BOUND('',#1686,.T.);
#1164=FACE_OUTER_BOUND('',#1687,.T.);
#1165=FACE_OUTER_BOUND('',#1688,.T.);
#1166=FACE_OUTER_BOUND('',#1689,.T.);
#1167=FACE_OUTER_BOUND('',#1690,.T.);
#1168=FACE_OUTER_BOUND('',#1691,.T.);
#1169=FACE_OUTER_BOUND('',#1692,.T.);
#1170=FACE_OUTER_BOUND('',#1693,.T.);
#1171=FACE_OUTER_BOUND('',#1694,.T.);
#1172=FACE_OUTER_BOUND('',#1695,.T.);
#1173=FACE_OUTER_BOUND('',#1696,.T.);
#1174=FACE_OUTER_BOUND('',#1697,.T.);
#1175=FACE_OUTER_BOUND('',#1698,.T.);
#1176=FACE_OUTER_BOUND('',#1699,.T.);
#1177=FACE_OUTER_BOUND('',#1700,.T.);
#1178=FACE_OUTER_BOUND('',#1701,.T.);
#1179=FACE_OUTER_BOUND('',#1702,.T.);
#1180=FACE_OUTER_BOUND('',#1703,.T.);
#1181=FACE_OUTER_BOUND('',#1704,.T.);
#1182=FACE_OUTER_BOUND('',#1705,.T.);
#1183=FACE_OUTER_BOUND('',#1706,.T.);
#1184=FACE_OUTER_BOUND('',#1707,.T.);
#1185=FACE_OUTER_BOUND('',#1708,.T.);
#1186=FACE_OUTER_BOUND('',#1709,.T.);
#1187=FACE_OUTER_BOUND('',#1710,.T.);
#1188=FACE_OUTER_BOUND('',#1711,.T.);
#1189=FACE_OUTER_BOUND('',#1712,.T.);
#1190=FACE_OUTER_BOUND('',#1713,.T.);
#1191=FACE_OUTER_BOUND('',#1714,.T.);
#1192=FACE_OUTER_BOUND('',#1715,.T.);
#1193=FACE_OUTER_BOUND('',#1717,.T.);
#1194=FACE_OUTER_BOUND('',#1718,.T.);
#1195=FACE_OUTER_BOUND('',#1719,.T.);
#1196=FACE_OUTER_BOUND('',#1720,.T.);
#1197=FACE_OUTER_BOUND('',#1721,.T.);
#1198=FACE_OUTER_BOUND('',#1722,.T.);
#1199=FACE_OUTER_BOUND('',#1723,.T.);
#1200=FACE_OUTER_BOUND('',#1724,.T.);
#1201=FACE_OUTER_BOUND('',#1725,.T.);
#1202=FACE_OUTER_BOUND('',#1726,.T.);
#1203=FACE_OUTER_BOUND('',#1727,.T.);
#1204=FACE_OUTER_BOUND('',#1728,.T.);
#1205=FACE_OUTER_BOUND('',#1729,.T.);
#1206=FACE_OUTER_BOUND('',#1730,.T.);
#1207=FACE_OUTER_BOUND('',#1731,.T.);
#1208=FACE_OUTER_BOUND('',#1732,.T.);
#1209=FACE_OUTER_BOUND('',#1733,.T.);
#1210=FACE_OUTER_BOUND('',#1734,.T.);
#1211=FACE_OUTER_BOUND('',#1735,.T.);
#1212=FACE_OUTER_BOUND('',#1736,.T.);
#1213=FACE_OUTER_BOUND('',#1737,.T.);
#1214=FACE_OUTER_BOUND('',#1738,.T.);
#1215=FACE_OUTER_BOUND('',#1739,.T.);
#1216=FACE_OUTER_BOUND('',#1740,.T.);
#1217=FACE_OUTER_BOUND('',#1741,.T.);
#1218=FACE_OUTER_BOUND('',#1742,.T.);
#1219=FACE_OUTER_BOUND('',#1743,.T.);
#1220=FACE_OUTER_BOUND('',#1744,.T.);
#1221=FACE_OUTER_BOUND('',#1745,.T.);
#1222=FACE_OUTER_BOUND('',#1746,.T.);
#1223=FACE_OUTER_BOUND('',#1747,.T.);
#1224=FACE_OUTER_BOUND('',#1748,.T.);
#1225=FACE_OUTER_BOUND('',#1749,.T.);
#1226=FACE_OUTER_BOUND('',#1750,.T.);
#1227=FACE_OUTER_BOUND('',#1751,.T.);
#1228=FACE_OUTER_BOUND('',#1752,.T.);
#1229=FACE_OUTER_BOUND('',#1753,.T.);
#1230=FACE_OUTER_BOUND('',#1754,.T.);
#1231=FACE_OUTER_BOUND('',#1755,.T.);
#1232=FACE_OUTER_BOUND('',#1756,.T.);
#1233=FACE_OUTER_BOUND('',#1757,.T.);
#1234=FACE_OUTER_BOUND('',#1758,.T.);
#1235=FACE_OUTER_BOUND('',#1759,.T.);
#1236=FACE_OUTER_BOUND('',#1760,.T.);
#1237=FACE_OUTER_BOUND('',#1761,.T.);
#1238=FACE_OUTER_BOUND('',#1762,.T.);
#1239=FACE_OUTER_BOUND('',#1763,.T.);
#1240=FACE_OUTER_BOUND('',#1764,.T.);
#1241=FACE_OUTER_BOUND('',#1765,.T.);
#1242=FACE_OUTER_BOUND('',#1766,.T.);
#1243=FACE_OUTER_BOUND('',#1767,.T.);
#1244=FACE_OUTER_BOUND('',#1768,.T.);
#1245=FACE_OUTER_BOUND('',#1769,.T.);
#1246=FACE_OUTER_BOUND('',#1770,.T.);
#1247=FACE_OUTER_BOUND('',#1771,.T.);
#1248=FACE_OUTER_BOUND('',#1772,.T.);
#1249=FACE_OUTER_BOUND('',#1773,.T.);
#1250=FACE_OUTER_BOUND('',#1774,.T.);
#1251=FACE_OUTER_BOUND('',#1775,.T.);
#1252=FACE_OUTER_BOUND('',#1776,.T.);
#1253=FACE_OUTER_BOUND('',#1777,.T.);
#1254=FACE_OUTER_BOUND('',#1778,.T.);
#1255=FACE_OUTER_BOUND('',#1779,.T.);
#1256=FACE_OUTER_BOUND('',#1780,.T.);
#1257=FACE_OUTER_BOUND('',#1781,.T.);
#1258=FACE_OUTER_BOUND('',#1782,.T.);
#1259=FACE_OUTER_BOUND('',#1783,.T.);
#1260=FACE_OUTER_BOUND('',#1784,.T.);
#1261=FACE_OUTER_BOUND('',#1785,.T.);
#1262=FACE_OUTER_BOUND('',#1786,.T.);
#1263=FACE_OUTER_BOUND('',#1787,.T.);
#1264=FACE_OUTER_BOUND('',#1791,.T.);
#1265=FACE_OUTER_BOUND('',#1792,.T.);
#1266=FACE_OUTER_BOUND('',#1793,.T.);
#1267=FACE_OUTER_BOUND('',#1794,.T.);
#1268=FACE_OUTER_BOUND('',#1795,.T.);
#1269=FACE_OUTER_BOUND('',#1796,.T.);
#1270=FACE_OUTER_BOUND('',#1797,.T.);
#1271=FACE_OUTER_BOUND('',#1798,.T.);
#1272=FACE_OUTER_BOUND('',#1799,.T.);
#1273=FACE_OUTER_BOUND('',#1800,.T.);
#1274=FACE_OUTER_BOUND('',#1805,.T.);
#1275=FACE_OUTER_BOUND('',#1806,.T.);
#1276=FACE_OUTER_BOUND('',#1807,.T.);
#1277=FACE_OUTER_BOUND('',#1808,.T.);
#1278=FACE_OUTER_BOUND('',#1809,.T.);
#1279=FACE_OUTER_BOUND('',#1810,.T.);
#1280=FACE_OUTER_BOUND('',#1811,.T.);
#1281=FACE_OUTER_BOUND('',#1812,.T.);
#1282=FACE_OUTER_BOUND('',#1813,.T.);
#1283=FACE_OUTER_BOUND('',#1814,.T.);
#1284=FACE_OUTER_BOUND('',#1815,.T.);
#1285=FACE_OUTER_BOUND('',#1816,.T.);
#1286=FACE_OUTER_BOUND('',#1817,.T.);
#1287=FACE_OUTER_BOUND('',#1818,.T.);
#1288=FACE_OUTER_BOUND('',#1819,.T.);
#1289=FACE_OUTER_BOUND('',#1820,.T.);
#1290=FACE_OUTER_BOUND('',#1821,.T.);
#1291=FACE_OUTER_BOUND('',#1822,.T.);
#1292=FACE_OUTER_BOUND('',#1823,.T.);
#1293=FACE_OUTER_BOUND('',#1824,.T.);
#1294=FACE_OUTER_BOUND('',#1825,.T.);
#1295=FACE_OUTER_BOUND('',#1826,.T.);
#1296=FACE_OUTER_BOUND('',#1827,.T.);
#1297=FACE_OUTER_BOUND('',#1828,.T.);
#1298=FACE_OUTER_BOUND('',#1829,.T.);
#1299=FACE_OUTER_BOUND('',#1830,.T.);
#1300=FACE_OUTER_BOUND('',#1831,.T.);
#1301=FACE_OUTER_BOUND('',#1832,.T.);
#1302=FACE_OUTER_BOUND('',#1833,.T.);
#1303=FACE_OUTER_BOUND('',#1834,.T.);
#1304=FACE_OUTER_BOUND('',#1835,.T.);
#1305=FACE_OUTER_BOUND('',#1836,.T.);
#1306=FACE_OUTER_BOUND('',#1837,.T.);
#1307=FACE_OUTER_BOUND('',#1838,.T.);
#1308=FACE_OUTER_BOUND('',#1839,.T.);
#1309=FACE_OUTER_BOUND('',#1840,.T.);
#1310=FACE_OUTER_BOUND('',#1841,.T.);
#1311=FACE_OUTER_BOUND('',#1842,.T.);
#1312=FACE_OUTER_BOUND('',#1843,.T.);
#1313=FACE_OUTER_BOUND('',#1844,.T.);
#1314=FACE_OUTER_BOUND('',#1845,.T.);
#1315=FACE_OUTER_BOUND('',#1846,.T.);
#1316=FACE_OUTER_BOUND('',#1847,.T.);
#1317=FACE_OUTER_BOUND('',#1848,.T.);
#1318=FACE_OUTER_BOUND('',#1849,.T.);
#1319=FACE_OUTER_BOUND('',#1850,.T.);
#1320=FACE_OUTER_BOUND('',#1851,.T.);
#1321=FACE_OUTER_BOUND('',#1852,.T.);
#1322=FACE_OUTER_BOUND('',#1853,.T.);
#1323=FACE_OUTER_BOUND('',#1854,.T.);
#1324=FACE_OUTER_BOUND('',#1855,.T.);
#1325=FACE_OUTER_BOUND('',#1856,.T.);
#1326=FACE_OUTER_BOUND('',#1857,.T.);
#1327=FACE_OUTER_BOUND('',#1858,.T.);
#1328=FACE_OUTER_BOUND('',#1859,.T.);
#1329=FACE_OUTER_BOUND('',#1860,.T.);
#1330=FACE_OUTER_BOUND('',#1861,.T.);
#1331=FACE_OUTER_BOUND('',#1862,.T.);
#1332=FACE_OUTER_BOUND('',#1863,.T.);
#1333=FACE_OUTER_BOUND('',#1864,.T.);
#1334=FACE_OUTER_BOUND('',#1865,.T.);
#1335=FACE_OUTER_BOUND('',#1866,.T.);
#1336=FACE_OUTER_BOUND('',#1867,.T.);
#1337=FACE_OUTER_BOUND('',#1868,.T.);
#1338=FACE_OUTER_BOUND('',#1869,.T.);
#1339=FACE_OUTER_BOUND('',#1870,.T.);
#1340=FACE_OUTER_BOUND('',#1871,.T.);
#1341=FACE_OUTER_BOUND('',#1872,.T.);
#1342=FACE_OUTER_BOUND('',#1873,.T.);
#1343=FACE_OUTER_BOUND('',#1874,.T.);
#1344=FACE_OUTER_BOUND('',#1875,.T.);
#1345=FACE_OUTER_BOUND('',#1876,.T.);
#1346=FACE_OUTER_BOUND('',#1877,.T.);
#1347=FACE_OUTER_BOUND('',#1878,.T.);
#1348=FACE_OUTER_BOUND('',#1879,.T.);
#1349=FACE_OUTER_BOUND('',#1880,.T.);
#1350=FACE_OUTER_BOUND('',#1881,.T.);
#1351=FACE_OUTER_BOUND('',#1882,.T.);
#1352=FACE_OUTER_BOUND('',#1883,.T.);
#1353=FACE_OUTER_BOUND('',#1884,.T.);
#1354=FACE_OUTER_BOUND('',#1885,.T.);
#1355=FACE_OUTER_BOUND('',#1886,.T.);
#1356=FACE_OUTER_BOUND('',#1887,.T.);
#1357=FACE_OUTER_BOUND('',#1888,.T.);
#1358=FACE_OUTER_BOUND('',#1889,.T.);
#1359=FACE_OUTER_BOUND('',#1890,.T.);
#1360=FACE_OUTER_BOUND('',#1891,.T.);
#1361=FACE_OUTER_BOUND('',#1892,.T.);
#1362=FACE_OUTER_BOUND('',#1893,.T.);
#1363=FACE_OUTER_BOUND('',#1894,.T.);
#1364=FACE_OUTER_BOUND('',#1895,.T.);
#1365=FACE_OUTER_BOUND('',#1896,.T.);
#1366=FACE_OUTER_BOUND('',#1897,.T.);
#1367=FACE_OUTER_BOUND('',#1898,.T.);
#1368=FACE_OUTER_BOUND('',#1899,.T.);
#1369=FACE_OUTER_BOUND('',#1900,.T.);
#1370=FACE_OUTER_BOUND('',#1901,.T.);
#1371=FACE_OUTER_BOUND('',#1902,.T.);
#1372=FACE_OUTER_BOUND('',#1903,.T.);
#1373=FACE_OUTER_BOUND('',#1904,.T.);
#1374=FACE_OUTER_BOUND('',#1905,.T.);
#1375=FACE_OUTER_BOUND('',#1906,.T.);
#1376=FACE_OUTER_BOUND('',#1907,.T.);
#1377=FACE_OUTER_BOUND('',#1908,.T.);
#1378=FACE_OUTER_BOUND('',#1910,.T.);
#1379=FACE_OUTER_BOUND('',#1911,.T.);
#1380=FACE_OUTER_BOUND('',#1912,.T.);
#1381=FACE_OUTER_BOUND('',#1913,.T.);
#1382=FACE_OUTER_BOUND('',#1914,.T.);
#1383=FACE_OUTER_BOUND('',#1915,.T.);
#1384=FACE_OUTER_BOUND('',#1916,.T.);
#1385=FACE_OUTER_BOUND('',#1917,.T.);
#1386=FACE_OUTER_BOUND('',#1918,.T.);
#1387=FACE_OUTER_BOUND('',#1919,.T.);
#1388=FACE_OUTER_BOUND('',#1920,.T.);
#1389=FACE_OUTER_BOUND('',#1921,.T.);
#1390=FACE_OUTER_BOUND('',#1922,.T.);
#1391=FACE_OUTER_BOUND('',#1923,.T.);
#1392=FACE_OUTER_BOUND('',#1924,.T.);
#1393=FACE_OUTER_BOUND('',#1925,.T.);
#1394=FACE_OUTER_BOUND('',#1926,.T.);
#1395=FACE_OUTER_BOUND('',#1927,.T.);
#1396=FACE_OUTER_BOUND('',#1928,.T.);
#1397=FACE_OUTER_BOUND('',#1929,.T.);
#1398=FACE_OUTER_BOUND('',#1930,.T.);
#1399=FACE_OUTER_BOUND('',#1931,.T.);
#1400=FACE_OUTER_BOUND('',#1932,.T.);
#1401=FACE_OUTER_BOUND('',#1933,.T.);
#1402=FACE_OUTER_BOUND('',#1934,.T.);
#1403=FACE_OUTER_BOUND('',#1935,.T.);
#1404=FACE_OUTER_BOUND('',#1936,.T.);
#1405=FACE_OUTER_BOUND('',#1937,.T.);
#1406=FACE_OUTER_BOUND('',#1938,.T.);
#1407=FACE_OUTER_BOUND('',#1939,.T.);
#1408=FACE_OUTER_BOUND('',#1940,.T.);
#1409=FACE_OUTER_BOUND('',#1941,.T.);
#1410=FACE_OUTER_BOUND('',#1942,.T.);
#1411=FACE_OUTER_BOUND('',#1943,.T.);
#1412=FACE_OUTER_BOUND('',#1944,.T.);
#1413=FACE_OUTER_BOUND('',#1945,.T.);
#1414=FACE_OUTER_BOUND('',#1946,.T.);
#1415=FACE_OUTER_BOUND('',#1947,.T.);
#1416=FACE_OUTER_BOUND('',#1948,.T.);
#1417=FACE_OUTER_BOUND('',#1949,.T.);
#1418=FACE_OUTER_BOUND('',#1950,.T.);
#1419=FACE_OUTER_BOUND('',#1951,.T.);
#1420=FACE_OUTER_BOUND('',#1952,.T.);
#1421=FACE_OUTER_BOUND('',#1953,.T.);
#1422=FACE_OUTER_BOUND('',#1954,.T.);
#1423=FACE_OUTER_BOUND('',#1955,.T.);
#1424=FACE_OUTER_BOUND('',#1956,.T.);
#1425=FACE_OUTER_BOUND('',#1957,.T.);
#1426=FACE_OUTER_BOUND('',#1958,.T.);
#1427=FACE_OUTER_BOUND('',#1959,.T.);
#1428=FACE_OUTER_BOUND('',#1960,.T.);
#1429=FACE_OUTER_BOUND('',#1961,.T.);
#1430=FACE_OUTER_BOUND('',#1962,.T.);
#1431=FACE_OUTER_BOUND('',#1963,.T.);
#1432=FACE_OUTER_BOUND('',#1964,.T.);
#1433=FACE_OUTER_BOUND('',#1965,.T.);
#1434=FACE_OUTER_BOUND('',#1966,.T.);
#1435=FACE_OUTER_BOUND('',#1967,.T.);
#1436=FACE_OUTER_BOUND('',#1968,.T.);
#1437=FACE_OUTER_BOUND('',#1969,.T.);
#1438=FACE_OUTER_BOUND('',#1970,.T.);
#1439=FACE_OUTER_BOUND('',#1971,.T.);
#1440=FACE_OUTER_BOUND('',#1972,.T.);
#1441=FACE_OUTER_BOUND('',#1973,.T.);
#1442=FACE_OUTER_BOUND('',#1974,.T.);
#1443=FACE_OUTER_BOUND('',#1975,.T.);
#1444=FACE_OUTER_BOUND('',#1976,.T.);
#1445=FACE_OUTER_BOUND('',#1977,.T.);
#1446=FACE_OUTER_BOUND('',#1978,.T.);
#1447=FACE_OUTER_BOUND('',#1979,.T.);
#1448=FACE_OUTER_BOUND('',#1980,.T.);
#1449=FACE_OUTER_BOUND('',#1981,.T.);
#1450=FACE_OUTER_BOUND('',#1982,.T.);
#1451=FACE_OUTER_BOUND('',#1983,.T.);
#1452=FACE_OUTER_BOUND('',#1984,.T.);
#1453=FACE_OUTER_BOUND('',#1985,.T.);
#1454=FACE_OUTER_BOUND('',#1986,.T.);
#1455=FACE_OUTER_BOUND('',#1987,.T.);
#1456=FACE_OUTER_BOUND('',#1988,.T.);
#1457=FACE_OUTER_BOUND('',#1989,.T.);
#1458=FACE_OUTER_BOUND('',#1990,.T.);
#1459=FACE_OUTER_BOUND('',#1991,.T.);
#1460=EDGE_LOOP('',(#5294,#5295,#5296,#5297,#5298,#5299));
#1461=EDGE_LOOP('',(#5300,#5301,#5302,#5303,#5304,#5305));
#1462=EDGE_LOOP('',(#5306,#5307,#5308,#5309));
#1463=EDGE_LOOP('',(#5310,#5311,#5312,#5313));
#1464=EDGE_LOOP('',(#5314,#5315));
#1465=EDGE_LOOP('',(#5316));
#1466=EDGE_LOOP('',(#5317,#5318,#5319,#5320,#5321,#5322,#5323,#5324,#5325,
#5326,#5327,#5328,#5329,#5330,#5331,#5332,#5333,#5334,#5335,#5336,#5337,
#5338,#5339,#5340,#5341,#5342,#5343,#5344,#5345,#5346,#5347,#5348,#5349,
#5350,#5351,#5352,#5353,#5354,#5355,#5356,#5357,#5358,#5359,#5360,#5361,
#5362,#5363,#5364,#5365,#5366,#5367,#5368,#5369,#5370,#5371,#5372,#5373,
#5374,#5375,#5376,#5377,#5378,#5379,#5380,#5381,#5382,#5383,#5384,#5385,
#5386,#5387));
#1467=EDGE_LOOP('',(#5388,#5389));
#1468=EDGE_LOOP('',(#5390));
#1469=EDGE_LOOP('',(#5391));
#1470=EDGE_LOOP('',(#5392));
#1471=EDGE_LOOP('',(#5393,#5394,#5395,#5396,#5397,#5398,#5399,#5400));
#1472=EDGE_LOOP('',(#5401));
#1473=EDGE_LOOP('',(#5402));
#1474=EDGE_LOOP('',(#5403));
#1475=EDGE_LOOP('',(#5404,#5405));
#1476=EDGE_LOOP('',(#5406,#5407,#5408,#5409));
#1477=EDGE_LOOP('',(#5410,#5411,#5412,#5413));
#1478=EDGE_LOOP('',(#5414,#5415,#5416,#5417));
#1479=EDGE_LOOP('',(#5418,#5419,#5420,#5421));
#1480=EDGE_LOOP('',(#5422,#5423,#5424,#5425));
#1481=EDGE_LOOP('',(#5426,#5427));
#1482=EDGE_LOOP('',(#5428));
#1483=EDGE_LOOP('',(#5429,#5430,#5431,#5432));
#1484=EDGE_LOOP('',(#5433,#5434,#5435,#5436));
#1485=EDGE_LOOP('',(#5437,#5438,#5439,#5440));
#1486=EDGE_LOOP('',(#5441,#5442,#5443,#5444));
#1487=EDGE_LOOP('',(#5445,#5446,#5447,#5448));
#1488=EDGE_LOOP('',(#5449,#5450,#5451,#5452));
#1489=EDGE_LOOP('',(#5453,#5454,#5455,#5456));
#1490=EDGE_LOOP('',(#5457,#5458,#5459,#5460));
#1491=EDGE_LOOP('',(#5461,#5462,#5463,#5464));
#1492=EDGE_LOOP('',(#5465,#5466,#5467,#5468));
#1493=EDGE_LOOP('',(#5469,#5470,#5471,#5472));
#1494=EDGE_LOOP('',(#5473,#5474,#5475,#5476));
#1495=EDGE_LOOP('',(#5477,#5478,#5479,#5480));
#1496=EDGE_LOOP('',(#5481,#5482,#5483,#5484));
#1497=EDGE_LOOP('',(#5485));
#1498=EDGE_LOOP('',(#5486));
#1499=EDGE_LOOP('',(#5487));
#1500=EDGE_LOOP('',(#5488,#5489,#5490,#5491));
#1501=EDGE_LOOP('',(#5492));
#1502=EDGE_LOOP('',(#5493));
#1503=EDGE_LOOP('',(#5494));
#1504=EDGE_LOOP('',(#5495,#5496,#5497,#5498));
#1505=EDGE_LOOP('',(#5499));
#1506=EDGE_LOOP('',(#5500));
#1507=EDGE_LOOP('',(#5501));
#1508=EDGE_LOOP('',(#5502,#5503,#5504,#5505));
#1509=EDGE_LOOP('',(#5506));
#1510=EDGE_LOOP('',(#5507));
#1511=EDGE_LOOP('',(#5508));
#1512=EDGE_LOOP('',(#5509));
#1513=EDGE_LOOP('',(#5510,#5511,#5512,#5513));
#1514=EDGE_LOOP('',(#5514));
#1515=EDGE_LOOP('',(#5515));
#1516=EDGE_LOOP('',(#5516));
#1517=EDGE_LOOP('',(#5517,#5518,#5519,#5520));
#1518=EDGE_LOOP('',(#5521));
#1519=EDGE_LOOP('',(#5522));
#1520=EDGE_LOOP('',(#5523));
#1521=EDGE_LOOP('',(#5524,#5525,#5526,#5527,#5528,#5529,#5530,#5531));
#1522=EDGE_LOOP('',(#5532,#5533,#5534,#5535));
#1523=EDGE_LOOP('',(#5536,#5537,#5538,#5539,#5540,#5541,#5542,#5543));
#1524=EDGE_LOOP('',(#5544,#5545,#5546,#5547));
#1525=EDGE_LOOP('',(#5548,#5549,#5550,#5551,#5552,#5553,#5554,#5555));
#1526=EDGE_LOOP('',(#5556,#5557,#5558,#5559));
#1527=EDGE_LOOP('',(#5560,#5561,#5562,#5563,#5564,#5565,#5566,#5567));
#1528=EDGE_LOOP('',(#5568,#5569,#5570,#5571));
#1529=EDGE_LOOP('',(#5572,#5573,#5574,#5575,#5576,#5577,#5578,#5579));
#1530=EDGE_LOOP('',(#5580,#5581,#5582,#5583));
#1531=EDGE_LOOP('',(#5584,#5585,#5586,#5587,#5588,#5589,#5590,#5591));
#1532=EDGE_LOOP('',(#5592,#5593,#5594,#5595));
#1533=EDGE_LOOP('',(#5596,#5597,#5598,#5599,#5600,#5601,#5602,#5603));
#1534=EDGE_LOOP('',(#5604,#5605,#5606,#5607));
#1535=EDGE_LOOP('',(#5608,#5609,#5610,#5611,#5612,#5613,#5614,#5615));
#1536=EDGE_LOOP('',(#5616,#5617,#5618,#5619));
#1537=EDGE_LOOP('',(#5620,#5621,#5622,#5623,#5624,#5625,#5626,#5627));
#1538=EDGE_LOOP('',(#5628,#5629,#5630,#5631));
#1539=EDGE_LOOP('',(#5632,#5633,#5634,#5635,#5636,#5637,#5638,#5639));
#1540=EDGE_LOOP('',(#5640,#5641,#5642,#5643));
#1541=EDGE_LOOP('',(#5644,#5645,#5646,#5647,#5648,#5649,#5650,#5651));
#1542=EDGE_LOOP('',(#5652,#5653,#5654,#5655));
#1543=EDGE_LOOP('',(#5656,#5657,#5658,#5659,#5660,#5661,#5662,#5663));
#1544=EDGE_LOOP('',(#5664,#5665,#5666,#5667));
#1545=EDGE_LOOP('',(#5668,#5669,#5670,#5671,#5672,#5673,#5674,#5675));
#1546=EDGE_LOOP('',(#5676,#5677,#5678,#5679));
#1547=EDGE_LOOP('',(#5680,#5681,#5682,#5683,#5684,#5685,#5686,#5687));
#1548=EDGE_LOOP('',(#5688,#5689,#5690,#5691));
#1549=EDGE_LOOP('',(#5692,#5693,#5694,#5695,#5696,#5697,#5698,#5699));
#1550=EDGE_LOOP('',(#5700,#5701,#5702,#5703));
#1551=EDGE_LOOP('',(#5704,#5705,#5706,#5707,#5708,#5709,#5710,#5711));
#1552=EDGE_LOOP('',(#5712,#5713,#5714,#5715));
#1553=EDGE_LOOP('',(#5716,#5717,#5718,#5719));
#1554=EDGE_LOOP('',(#5720,#5721,#5722,#5723));
#1555=EDGE_LOOP('',(#5724,#5725,#5726,#5727));
#1556=EDGE_LOOP('',(#5728,#5729,#5730,#5731));
#1557=EDGE_LOOP('',(#5732,#5733,#5734,#5735));
#1558=EDGE_LOOP('',(#5736,#5737,#5738,#5739));
#1559=EDGE_LOOP('',(#5740,#5741,#5742,#5743));
#1560=EDGE_LOOP('',(#5744,#5745,#5746,#5747));
#1561=EDGE_LOOP('',(#5748,#5749,#5750,#5751,#5752,#5753,#5754,#5755));
#1562=EDGE_LOOP('',(#5756,#5757,#5758,#5759,#5760,#5761,#5762,#5763,#5764,
#5765,#5766,#5767,#5768,#5769,#5770,#5771,#5772,#5773,#5774,#5775));
#1563=EDGE_LOOP('',(#5776,#5777,#5778,#5779));
#1564=EDGE_LOOP('',(#5780,#5781,#5782,#5783));
#1565=EDGE_LOOP('',(#5784,#5785,#5786,#5787));
#1566=EDGE_LOOP('',(#5788,#5789,#5790,#5791));
#1567=EDGE_LOOP('',(#5792,#5793,#5794,#5795,#5796,#5797,#5798,#5799));
#1568=EDGE_LOOP('',(#5800,#5801,#5802,#5803,#5804,#5805,#5806,#5807,#5808,
#5809,#5810,#5811));
#1569=EDGE_LOOP('',(#5812,#5813,#5814,#5815,#5816,#5817,#5818,#5819));
#1570=EDGE_LOOP('',(#5820,#5821,#5822,#5823));
#1571=EDGE_LOOP('',(#5824,#5825,#5826,#5827));
#1572=EDGE_LOOP('',(#5828,#5829,#5830,#5831));
#1573=EDGE_LOOP('',(#5832,#5833,#5834,#5835));
#1574=EDGE_LOOP('',(#5836,#5837,#5838,#5839));
#1575=EDGE_LOOP('',(#5840,#5841,#5842,#5843));
#1576=EDGE_LOOP('',(#5844,#5845,#5846,#5847));
#1577=EDGE_LOOP('',(#5848,#5849,#5850,#5851));
#1578=EDGE_LOOP('',(#5852,#5853,#5854,#5855));
#1579=EDGE_LOOP('',(#5856,#5857,#5858,#5859));
#1580=EDGE_LOOP('',(#5860,#5861,#5862,#5863));
#1581=EDGE_LOOP('',(#5864));
#1582=EDGE_LOOP('',(#5865));
#1583=EDGE_LOOP('',(#5866));
#1584=EDGE_LOOP('',(#5867));
#1585=EDGE_LOOP('',(#5868));
#1586=EDGE_LOOP('',(#5869));
#1587=EDGE_LOOP('',(#5870));
#1588=EDGE_LOOP('',(#5871));
#1589=EDGE_LOOP('',(#5872));
#1590=EDGE_LOOP('',(#5873));
#1591=EDGE_LOOP('',(#5874));
#1592=EDGE_LOOP('',(#5875));
#1593=EDGE_LOOP('',(#5876));
#1594=EDGE_LOOP('',(#5877));
#1595=EDGE_LOOP('',(#5878));
#1596=EDGE_LOOP('',(#5879));
#1597=EDGE_LOOP('',(#5880,#5881,#5882));
#1598=EDGE_LOOP('',(#5883,#5884,#5885,#5886));
#1599=EDGE_LOOP('',(#5887,#5888,#5889,#5890,#5891));
#1600=EDGE_LOOP('',(#5892,#5893,#5894));
#1601=EDGE_LOOP('',(#5895,#5896,#5897,#5898));
#1602=EDGE_LOOP('',(#5899,#5900,#5901,#5902,#5903));
#1603=EDGE_LOOP('',(#5904,#5905,#5906));
#1604=EDGE_LOOP('',(#5907,#5908,#5909,#5910,#5911,#5912,#5913,#5914,#5915,
#5916,#5917,#5918,#5919,#5920,#5921,#5922,#5923,#5924,#5925,#5926,#5927,
#5928,#5929,#5930,#5931,#5932,#5933,#5934,#5935,#5936,#5937,#5938,#5939,
#5940,#5941,#5942,#5943,#5944,#5945,#5946,#5947,#5948,#5949,#5950,#5951,
#5952,#5953,#5954,#5955,#5956,#5957,#5958,#5959,#5960,#5961));
#1605=EDGE_LOOP('',(#5962,#5963,#5964,#5965,#5966,#5967,#5968,#5969,#5970,
#5971,#5972,#5973,#5974,#5975,#5976,#5977,#5978,#5979,#5980,#5981,#5982,
#5983,#5984,#5985,#5986,#5987,#5988,#5989,#5990,#5991,#5992,#5993,#5994,
#5995,#5996,#5997,#5998,#5999,#6000,#6001,#6002,#6003,#6004,#6005,#6006,
#6007,#6008,#6009,#6010,#6011,#6012,#6013,#6014,#6015,#6016,#6017,#6018,
#6019,#6020,#6021,#6022,#6023,#6024,#6025,#6026,#6027,#6028,#6029,#6030,
#6031,#6032,#6033,#6034,#6035,#6036,#6037,#6038,#6039,#6040,#6041,#6042,
#6043,#6044,#6045));
#1606=EDGE_LOOP('',(#6046,#6047,#6048));
#1607=EDGE_LOOP('',(#6049,#6050,#6051));
#1608=EDGE_LOOP('',(#6052,#6053,#6054));
#1609=EDGE_LOOP('',(#6055,#6056,#6057,#6058));
#1610=EDGE_LOOP('',(#6059,#6060,#6061,#6062));
#1611=EDGE_LOOP('',(#6063,#6064,#6065,#6066));
#1612=EDGE_LOOP('',(#6067,#6068,#6069,#6070));
#1613=EDGE_LOOP('',(#6071,#6072,#6073,#6074));
#1614=EDGE_LOOP('',(#6075,#6076,#6077,#6078,#6079,#6080));
#1615=EDGE_LOOP('',(#6081,#6082,#6083,#6084));
#1616=EDGE_LOOP('',(#6085,#6086,#6087,#6088));
#1617=EDGE_LOOP('',(#6089,#6090,#6091,#6092,#6093));
#1618=EDGE_LOOP('',(#6094,#6095,#6096,#6097));
#1619=EDGE_LOOP('',(#6098,#6099,#6100,#6101,#6102));
#1620=EDGE_LOOP('',(#6103,#6104,#6105));
#1621=EDGE_LOOP('',(#6106,#6107,#6108));
#1622=EDGE_LOOP('',(#6109,#6110,#6111,#6112,#6113,#6114,#6115,#6116));
#1623=EDGE_LOOP('',(#6117,#6118,#6119,#6120));
#1624=EDGE_LOOP('',(#6121,#6122,#6123,#6124));
#1625=EDGE_LOOP('',(#6125,#6126,#6127,#6128));
#1626=EDGE_LOOP('',(#6129,#6130,#6131,#6132));
#1627=EDGE_LOOP('',(#6133,#6134,#6135,#6136));
#1628=EDGE_LOOP('',(#6137));
#1629=EDGE_LOOP('',(#6138));
#1630=EDGE_LOOP('',(#6139,#6140,#6141,#6142));
#1631=EDGE_LOOP('',(#6143,#6144,#6145,#6146));
#1632=EDGE_LOOP('',(#6147,#6148,#6149,#6150));
#1633=EDGE_LOOP('',(#6151,#6152,#6153,#6154));
#1634=EDGE_LOOP('',(#6155,#6156,#6157,#6158));
#1635=EDGE_LOOP('',(#6159));
#1636=EDGE_LOOP('',(#6160));
#1637=EDGE_LOOP('',(#6161,#6162,#6163,#6164));
#1638=EDGE_LOOP('',(#6165,#6166,#6167,#6168));
#1639=EDGE_LOOP('',(#6169,#6170,#6171,#6172,#6173,#6174));
#1640=EDGE_LOOP('',(#6175,#6176,#6177,#6178,#6179,#6180));
#1641=EDGE_LOOP('',(#6181,#6182,#6183,#6184));
#1642=EDGE_LOOP('',(#6185,#6186,#6187,#6188));
#1643=EDGE_LOOP('',(#6189,#6190,#6191,#6192,#6193,#6194,#6195));
#1644=EDGE_LOOP('',(#6196,#6197,#6198,#6199));
#1645=EDGE_LOOP('',(#6200,#6201,#6202,#6203));
#1646=EDGE_LOOP('',(#6204,#6205,#6206,#6207));
#1647=EDGE_LOOP('',(#6208,#6209,#6210,#6211));
#1648=EDGE_LOOP('',(#6212,#6213,#6214,#6215));
#1649=EDGE_LOOP('',(#6216,#6217,#6218,#6219));
#1650=EDGE_LOOP('',(#6220,#6221,#6222,#6223));
#1651=EDGE_LOOP('',(#6224,#6225,#6226,#6227));
#1652=EDGE_LOOP('',(#6228,#6229,#6230,#6231));
#1653=EDGE_LOOP('',(#6232,#6233,#6234,#6235));
#1654=EDGE_LOOP('',(#6236,#6237,#6238,#6239));
#1655=EDGE_LOOP('',(#6240,#6241,#6242,#6243));
#1656=EDGE_LOOP('',(#6244,#6245,#6246,#6247));
#1657=EDGE_LOOP('',(#6248,#6249,#6250,#6251));
#1658=EDGE_LOOP('',(#6252,#6253,#6254,#6255));
#1659=EDGE_LOOP('',(#6256,#6257,#6258,#6259));
#1660=EDGE_LOOP('',(#6260,#6261,#6262,#6263));
#1661=EDGE_LOOP('',(#6264,#6265,#6266,#6267));
#1662=EDGE_LOOP('',(#6268,#6269,#6270,#6271));
#1663=EDGE_LOOP('',(#6272,#6273,#6274,#6275));
#1664=EDGE_LOOP('',(#6276,#6277,#6278,#6279));
#1665=EDGE_LOOP('',(#6280,#6281,#6282,#6283,#6284));
#1666=EDGE_LOOP('',(#6285,#6286,#6287,#6288,#6289));
#1667=EDGE_LOOP('',(#6290,#6291,#6292,#6293,#6294));
#1668=EDGE_LOOP('',(#6295,#6296,#6297,#6298,#6299));
#1669=EDGE_LOOP('',(#6300,#6301,#6302,#6303,#6304));
#1670=EDGE_LOOP('',(#6305,#6306,#6307,#6308,#6309));
#1671=EDGE_LOOP('',(#6310,#6311,#6312,#6313,#6314));
#1672=EDGE_LOOP('',(#6315,#6316,#6317,#6318,#6319));
#1673=EDGE_LOOP('',(#6320,#6321,#6322,#6323,#6324));
#1674=EDGE_LOOP('',(#6325,#6326,#6327,#6328,#6329));
#1675=EDGE_LOOP('',(#6330,#6331,#6332,#6333));
#1676=EDGE_LOOP('',(#6334,#6335,#6336,#6337,#6338));
#1677=EDGE_LOOP('',(#6339,#6340,#6341,#6342));
#1678=EDGE_LOOP('',(#6343,#6344,#6345,#6346,#6347));
#1679=EDGE_LOOP('',(#6348,#6349,#6350,#6351));
#1680=EDGE_LOOP('',(#6352,#6353,#6354,#6355,#6356));
#1681=EDGE_LOOP('',(#6357,#6358,#6359,#6360,#6361));
#1682=EDGE_LOOP('',(#6362,#6363,#6364,#6365));
#1683=EDGE_LOOP('',(#6366,#6367,#6368,#6369,#6370));
#1684=EDGE_LOOP('',(#6371,#6372,#6373,#6374,#6375));
#1685=EDGE_LOOP('',(#6376,#6377,#6378,#6379));
#1686=EDGE_LOOP('',(#6380,#6381,#6382,#6383,#6384));
#1687=EDGE_LOOP('',(#6385,#6386,#6387,#6388,#6389));
#1688=EDGE_LOOP('',(#6390,#6391,#6392,#6393));
#1689=EDGE_LOOP('',(#6394,#6395,#6396,#6397,#6398));
#1690=EDGE_LOOP('',(#6399,#6400,#6401,#6402));
#1691=EDGE_LOOP('',(#6403,#6404,#6405,#6406,#6407));
#1692=EDGE_LOOP('',(#6408,#6409,#6410,#6411,#6412));
#1693=EDGE_LOOP('',(#6413,#6414,#6415,#6416));
#1694=EDGE_LOOP('',(#6417,#6418,#6419,#6420,#6421));
#1695=EDGE_LOOP('',(#6422,#6423,#6424,#6425,#6426));
#1696=EDGE_LOOP('',(#6427,#6428,#6429,#6430));
#1697=EDGE_LOOP('',(#6431,#6432,#6433,#6434,#6435));
#1698=EDGE_LOOP('',(#6436,#6437,#6438,#6439,#6440));
#1699=EDGE_LOOP('',(#6441,#6442,#6443,#6444));
#1700=EDGE_LOOP('',(#6445,#6446,#6447,#6448,#6449));
#1701=EDGE_LOOP('',(#6450,#6451,#6452,#6453,#6454));
#1702=EDGE_LOOP('',(#6455,#6456,#6457,#6458));
#1703=EDGE_LOOP('',(#6459,#6460,#6461,#6462,#6463));
#1704=EDGE_LOOP('',(#6464,#6465,#6466,#6467,#6468));
#1705=EDGE_LOOP('',(#6469,#6470,#6471,#6472));
#1706=EDGE_LOOP('',(#6473,#6474,#6475,#6476,#6477));
#1707=EDGE_LOOP('',(#6478,#6479,#6480,#6481,#6482));
#1708=EDGE_LOOP('',(#6483,#6484,#6485,#6486));
#1709=EDGE_LOOP('',(#6487,#6488,#6489,#6490,#6491));
#1710=EDGE_LOOP('',(#6492,#6493,#6494,#6495,#6496));
#1711=EDGE_LOOP('',(#6497,#6498,#6499,#6500));
#1712=EDGE_LOOP('',(#6501,#6502,#6503,#6504,#6505));
#1713=EDGE_LOOP('',(#6506,#6507,#6508,#6509,#6510));
#1714=EDGE_LOOP('',(#6511,#6512,#6513,#6514));
#1715=EDGE_LOOP('',(#6515,#6516,#6517,#6518,#6519,#6520,#6521,#6522,#6523,
#6524,#6525,#6526,#6527,#6528,#6529,#6530,#6531,#6532,#6533,#6534,#6535,
#6536,#6537,#6538,#6539,#6540,#6541,#6542,#6543,#6544,#6545,#6546,#6547,
#6548,#6549,#6550,#6551,#6552,#6553,#6554,#6555,#6556,#6557,#6558,#6559,
#6560,#6561,#6562,#6563,#6564,#6565,#6566,#6567,#6568,#6569,#6570,#6571,
#6572,#6573,#6574,#6575,#6576,#6577,#6578,#6579,#6580,#6581,#6582,#6583,
#6584,#6585,#6586));
#1716=EDGE_LOOP('',(#6587,#6588,#6589,#6590,#6591,#6592,#6593,#6594,#6595,
#6596,#6597,#6598,#6599,#6600,#6601,#6602,#6603,#6604,#6605,#6606,#6607,
#6608,#6609,#6610,#6611,#6612,#6613,#6614,#6615,#6616,#6617,#6618,#6619,
#6620,#6621,#6622,#6623,#6624,#6625,#6626,#6627,#6628,#6629,#6630,#6631,
#6632,#6633,#6634,#6635,#6636,#6637,#6638,#6639,#6640,#6641,#6642,#6643,
#6644,#6645,#6646,#6647,#6648,#6649,#6650,#6651,#6652,#6653,#6654,#6655,
#6656,#6657));
#1717=EDGE_LOOP('',(#6658,#6659,#6660,#6661,#6662));
#1718=EDGE_LOOP('',(#6663,#6664,#6665,#6666));
#1719=EDGE_LOOP('',(#6667,#6668,#6669,#6670));
#1720=EDGE_LOOP('',(#6671,#6672,#6673,#6674));
#1721=EDGE_LOOP('',(#6675,#6676,#6677,#6678,#6679,#6680,#6681));
#1722=EDGE_LOOP('',(#6682,#6683,#6684,#6685));
#1723=EDGE_LOOP('',(#6686,#6687,#6688,#6689));
#1724=EDGE_LOOP('',(#6690,#6691,#6692,#6693));
#1725=EDGE_LOOP('',(#6694,#6695,#6696,#6697));
#1726=EDGE_LOOP('',(#6698,#6699,#6700,#6701));
#1727=EDGE_LOOP('',(#6702,#6703,#6704,#6705));
#1728=EDGE_LOOP('',(#6706,#6707,#6708,#6709));
#1729=EDGE_LOOP('',(#6710,#6711,#6712,#6713));
#1730=EDGE_LOOP('',(#6714,#6715,#6716,#6717));
#1731=EDGE_LOOP('',(#6718,#6719,#6720,#6721));
#1732=EDGE_LOOP('',(#6722,#6723,#6724,#6725));
#1733=EDGE_LOOP('',(#6726,#6727,#6728,#6729));
#1734=EDGE_LOOP('',(#6730,#6731,#6732,#6733));
#1735=EDGE_LOOP('',(#6734,#6735,#6736,#6737));
#1736=EDGE_LOOP('',(#6738,#6739,#6740,#6741));
#1737=EDGE_LOOP('',(#6742,#6743,#6744,#6745));
#1738=EDGE_LOOP('',(#6746,#6747,#6748,#6749));
#1739=EDGE_LOOP('',(#6750,#6751,#6752,#6753));
#1740=EDGE_LOOP('',(#6754,#6755,#6756,#6757));
#1741=EDGE_LOOP('',(#6758,#6759,#6760,#6761));
#1742=EDGE_LOOP('',(#6762,#6763,#6764,#6765));
#1743=EDGE_LOOP('',(#6766,#6767,#6768,#6769));
#1744=EDGE_LOOP('',(#6770,#6771,#6772,#6773));
#1745=EDGE_LOOP('',(#6774,#6775,#6776,#6777));
#1746=EDGE_LOOP('',(#6778,#6779,#6780,#6781));
#1747=EDGE_LOOP('',(#6782,#6783,#6784,#6785));
#1748=EDGE_LOOP('',(#6786,#6787,#6788,#6789));
#1749=EDGE_LOOP('',(#6790,#6791,#6792,#6793));
#1750=EDGE_LOOP('',(#6794,#6795,#6796,#6797));
#1751=EDGE_LOOP('',(#6798,#6799,#6800,#6801));
#1752=EDGE_LOOP('',(#6802,#6803,#6804,#6805));
#1753=EDGE_LOOP('',(#6806,#6807,#6808,#6809));
#1754=EDGE_LOOP('',(#6810,#6811,#6812,#6813));
#1755=EDGE_LOOP('',(#6814,#6815,#6816,#6817));
#1756=EDGE_LOOP('',(#6818,#6819,#6820,#6821));
#1757=EDGE_LOOP('',(#6822,#6823,#6824,#6825));
#1758=EDGE_LOOP('',(#6826,#6827,#6828,#6829));
#1759=EDGE_LOOP('',(#6830,#6831,#6832,#6833));
#1760=EDGE_LOOP('',(#6834,#6835,#6836,#6837));
#1761=EDGE_LOOP('',(#6838,#6839,#6840,#6841));
#1762=EDGE_LOOP('',(#6842,#6843,#6844,#6845));
#1763=EDGE_LOOP('',(#6846,#6847,#6848,#6849));
#1764=EDGE_LOOP('',(#6850,#6851,#6852,#6853));
#1765=EDGE_LOOP('',(#6854,#6855,#6856,#6857));
#1766=EDGE_LOOP('',(#6858,#6859,#6860,#6861));
#1767=EDGE_LOOP('',(#6862,#6863,#6864,#6865));
#1768=EDGE_LOOP('',(#6866,#6867,#6868,#6869));
#1769=EDGE_LOOP('',(#6870,#6871,#6872,#6873));
#1770=EDGE_LOOP('',(#6874,#6875,#6876,#6877));
#1771=EDGE_LOOP('',(#6878,#6879,#6880,#6881));
#1772=EDGE_LOOP('',(#6882,#6883,#6884,#6885));
#1773=EDGE_LOOP('',(#6886,#6887,#6888,#6889,#6890,#6891,#6892,#6893,#6894,
#6895));
#1774=EDGE_LOOP('',(#6896,#6897,#6898,#6899));
#1775=EDGE_LOOP('',(#6900,#6901,#6902,#6903));
#1776=EDGE_LOOP('',(#6904,#6905,#6906,#6907,#6908,#6909,#6910));
#1777=EDGE_LOOP('',(#6911,#6912,#6913,#6914));
#1778=EDGE_LOOP('',(#6915,#6916,#6917,#6918));
#1779=EDGE_LOOP('',(#6919,#6920,#6921,#6922));
#1780=EDGE_LOOP('',(#6923,#6924,#6925));
#1781=EDGE_LOOP('',(#6926,#6927,#6928));
#1782=EDGE_LOOP('',(#6929,#6930,#6931));
#1783=EDGE_LOOP('',(#6932,#6933,#6934));
#1784=EDGE_LOOP('',(#6935,#6936,#6937,#6938));
#1785=EDGE_LOOP('',(#6939,#6940,#6941));
#1786=EDGE_LOOP('',(#6942,#6943,#6944));
#1787=EDGE_LOOP('',(#6945,#6946,#6947,#6948,#6949,#6950,#6951,#6952,#6953,
#6954,#6955,#6956));
#1788=EDGE_LOOP('',(#6957,#6958,#6959,#6960));
#1789=EDGE_LOOP('',(#6961,#6962,#6963,#6964));
#1790=EDGE_LOOP('',(#6965,#6966,#6967,#6968));
#1791=EDGE_LOOP('',(#6969,#6970,#6971));
#1792=EDGE_LOOP('',(#6972,#6973,#6974));
#1793=EDGE_LOOP('',(#6975,#6976,#6977));
#1794=EDGE_LOOP('',(#6978,#6979,#6980));
#1795=EDGE_LOOP('',(#6981,#6982,#6983));
#1796=EDGE_LOOP('',(#6984,#6985,#6986));
#1797=EDGE_LOOP('',(#6987,#6988,#6989,#6990,#6991,#6992,#6993,#6994));
#1798=EDGE_LOOP('',(#6995,#6996,#6997));
#1799=EDGE_LOOP('',(#6998,#6999,#7000));
#1800=EDGE_LOOP('',(#7001,#7002,#7003,#7004,#7005,#7006,#7007,#7008,#7009,
#7010,#7011,#7012,#7013,#7014,#7015,#7016,#7017,#7018,#7019,#7020));
#1801=EDGE_LOOP('',(#7021,#7022,#7023,#7024));
#1802=EDGE_LOOP('',(#7025,#7026,#7027,#7028));
#1803=EDGE_LOOP('',(#7029,#7030,#7031,#7032));
#1804=EDGE_LOOP('',(#7033,#7034,#7035,#7036));
#1805=EDGE_LOOP('',(#7037,#7038,#7039));
#1806=EDGE_LOOP('',(#7040,#7041,#7042));
#1807=EDGE_LOOP('',(#7043,#7044,#7045));
#1808=EDGE_LOOP('',(#7046,#7047,#7048));
#1809=EDGE_LOOP('',(#7049,#7050,#7051));
#1810=EDGE_LOOP('',(#7052,#7053,#7054));
#1811=EDGE_LOOP('',(#7055,#7056,#7057));
#1812=EDGE_LOOP('',(#7058,#7059,#7060));
#1813=EDGE_LOOP('',(#7061,#7062,#7063));
#1814=EDGE_LOOP('',(#7064,#7065,#7066));
#1815=EDGE_LOOP('',(#7067,#7068,#7069));
#1816=EDGE_LOOP('',(#7070,#7071,#7072));
#1817=EDGE_LOOP('',(#7073,#7074,#7075));
#1818=EDGE_LOOP('',(#7076,#7077,#7078));
#1819=EDGE_LOOP('',(#7079,#7080,#7081,#7082));
#1820=EDGE_LOOP('',(#7083,#7084,#7085));
#1821=EDGE_LOOP('',(#7086,#7087,#7088));
#1822=EDGE_LOOP('',(#7089,#7090,#7091));
#1823=EDGE_LOOP('',(#7092,#7093,#7094));
#1824=EDGE_LOOP('',(#7095,#7096,#7097));
#1825=EDGE_LOOP('',(#7098,#7099,#7100));
#1826=EDGE_LOOP('',(#7101,#7102,#7103));
#1827=EDGE_LOOP('',(#7104,#7105,#7106));
#1828=EDGE_LOOP('',(#7107,#7108,#7109));
#1829=EDGE_LOOP('',(#7110,#7111,#7112,#7113));
#1830=EDGE_LOOP('',(#7114,#7115,#7116,#7117));
#1831=EDGE_LOOP('',(#7118,#7119,#7120,#7121));
#1832=EDGE_LOOP('',(#7122,#7123,#7124,#7125));
#1833=EDGE_LOOP('',(#7126,#7127,#7128,#7129));
#1834=EDGE_LOOP('',(#7130,#7131,#7132,#7133));
#1835=EDGE_LOOP('',(#7134,#7135,#7136,#7137));
#1836=EDGE_LOOP('',(#7138,#7139,#7140,#7141));
#1837=EDGE_LOOP('',(#7142,#7143,#7144,#7145));
#1838=EDGE_LOOP('',(#7146,#7147,#7148,#7149));
#1839=EDGE_LOOP('',(#7150,#7151,#7152,#7153));
#1840=EDGE_LOOP('',(#7154,#7155,#7156,#7157));
#1841=EDGE_LOOP('',(#7158,#7159,#7160,#7161));
#1842=EDGE_LOOP('',(#7162,#7163,#7164,#7165));
#1843=EDGE_LOOP('',(#7166,#7167,#7168,#7169));
#1844=EDGE_LOOP('',(#7170,#7171,#7172,#7173));
#1845=EDGE_LOOP('',(#7174,#7175,#7176,#7177));
#1846=EDGE_LOOP('',(#7178,#7179,#7180,#7181));
#1847=EDGE_LOOP('',(#7182,#7183,#7184,#7185));
#1848=EDGE_LOOP('',(#7186,#7187,#7188,#7189));
#1849=EDGE_LOOP('',(#7190,#7191,#7192,#7193));
#1850=EDGE_LOOP('',(#7194,#7195,#7196,#7197));
#1851=EDGE_LOOP('',(#7198,#7199,#7200,#7201));
#1852=EDGE_LOOP('',(#7202,#7203,#7204,#7205));
#1853=EDGE_LOOP('',(#7206,#7207,#7208,#7209));
#1854=EDGE_LOOP('',(#7210,#7211,#7212,#7213));
#1855=EDGE_LOOP('',(#7214,#7215,#7216,#7217));
#1856=EDGE_LOOP('',(#7218,#7219,#7220,#7221));
#1857=EDGE_LOOP('',(#7222,#7223,#7224,#7225));
#1858=EDGE_LOOP('',(#7226,#7227,#7228,#7229));
#1859=EDGE_LOOP('',(#7230,#7231,#7232,#7233));
#1860=EDGE_LOOP('',(#7234,#7235,#7236,#7237));
#1861=EDGE_LOOP('',(#7238,#7239,#7240,#7241));
#1862=EDGE_LOOP('',(#7242,#7243,#7244,#7245));
#1863=EDGE_LOOP('',(#7246,#7247,#7248,#7249));
#1864=EDGE_LOOP('',(#7250,#7251,#7252,#7253));
#1865=EDGE_LOOP('',(#7254,#7255,#7256,#7257));
#1866=EDGE_LOOP('',(#7258,#7259,#7260,#7261));
#1867=EDGE_LOOP('',(#7262,#7263,#7264,#7265));
#1868=EDGE_LOOP('',(#7266,#7267,#7268,#7269));
#1869=EDGE_LOOP('',(#7270,#7271,#7272,#7273));
#1870=EDGE_LOOP('',(#7274,#7275,#7276,#7277));
#1871=EDGE_LOOP('',(#7278,#7279,#7280,#7281));
#1872=EDGE_LOOP('',(#7282,#7283,#7284,#7285));
#1873=EDGE_LOOP('',(#7286,#7287,#7288,#7289));
#1874=EDGE_LOOP('',(#7290,#7291,#7292,#7293));
#1875=EDGE_LOOP('',(#7294,#7295,#7296,#7297));
#1876=EDGE_LOOP('',(#7298,#7299,#7300,#7301));
#1877=EDGE_LOOP('',(#7302,#7303,#7304,#7305));
#1878=EDGE_LOOP('',(#7306,#7307,#7308,#7309));
#1879=EDGE_LOOP('',(#7310,#7311,#7312,#7313));
#1880=EDGE_LOOP('',(#7314,#7315,#7316,#7317));
#1881=EDGE_LOOP('',(#7318,#7319,#7320,#7321));
#1882=EDGE_LOOP('',(#7322,#7323,#7324,#7325));
#1883=EDGE_LOOP('',(#7326,#7327,#7328,#7329));
#1884=EDGE_LOOP('',(#7330,#7331,#7332,#7333,#7334,#7335));
#1885=EDGE_LOOP('',(#7336,#7337,#7338,#7339,#7340,#7341));
#1886=EDGE_LOOP('',(#7342));
#1887=EDGE_LOOP('',(#7343,#7344,#7345,#7346));
#1888=EDGE_LOOP('',(#7347,#7348,#7349,#7350));
#1889=EDGE_LOOP('',(#7351,#7352,#7353,#7354));
#1890=EDGE_LOOP('',(#7355,#7356,#7357,#7358));
#1891=EDGE_LOOP('',(#7359,#7360,#7361,#7362));
#1892=EDGE_LOOP('',(#7363,#7364,#7365,#7366));
#1893=EDGE_LOOP('',(#7367,#7368,#7369,#7370));
#1894=EDGE_LOOP('',(#7371,#7372,#7373,#7374));
#1895=EDGE_LOOP('',(#7375,#7376,#7377,#7378));
#1896=EDGE_LOOP('',(#7379,#7380,#7381,#7382));
#1897=EDGE_LOOP('',(#7383,#7384,#7385,#7386));
#1898=EDGE_LOOP('',(#7387,#7388,#7389,#7390));
#1899=EDGE_LOOP('',(#7391,#7392,#7393,#7394));
#1900=EDGE_LOOP('',(#7395,#7396,#7397,#7398));
#1901=EDGE_LOOP('',(#7399,#7400,#7401,#7402));
#1902=EDGE_LOOP('',(#7403,#7404,#7405,#7406));
#1903=EDGE_LOOP('',(#7407,#7408,#7409,#7410));
#1904=EDGE_LOOP('',(#7411,#7412,#7413,#7414));
#1905=EDGE_LOOP('',(#7415,#7416,#7417,#7418));
#1906=EDGE_LOOP('',(#7419,#7420,#7421,#7422));
#1907=EDGE_LOOP('',(#7423,#7424,#7425,#7426));
#1908=EDGE_LOOP('',(#7427));
#1909=EDGE_LOOP('',(#7428,#7429,#7430,#7431));
#1910=EDGE_LOOP('',(#7432,#7433,#7434,#7435,#7436));
#1911=EDGE_LOOP('',(#7437,#7438,#7439,#7440,#7441,#7442,#7443));
#1912=EDGE_LOOP('',(#7444,#7445,#7446,#7447,#7448,#7449,#7450,#7451));
#1913=EDGE_LOOP('',(#7452,#7453,#7454,#7455,#7456,#7457));
#1914=EDGE_LOOP('',(#7458,#7459,#7460));
#1915=EDGE_LOOP('',(#7461,#7462,#7463,#7464));
#1916=EDGE_LOOP('',(#7465,#7466,#7467,#7468));
#1917=EDGE_LOOP('',(#7469,#7470,#7471));
#1918=EDGE_LOOP('',(#7472,#7473,#7474,#7475));
#1919=EDGE_LOOP('',(#7476,#7477,#7478,#7479));
#1920=EDGE_LOOP('',(#7480,#7481,#7482,#7483));
#1921=EDGE_LOOP('',(#7484,#7485,#7486,#7487));
#1922=EDGE_LOOP('',(#7488,#7489,#7490,#7491));
#1923=EDGE_LOOP('',(#7492,#7493,#7494,#7495));
#1924=EDGE_LOOP('',(#7496,#7497,#7498));
#1925=EDGE_LOOP('',(#7499,#7500,#7501));
#1926=EDGE_LOOP('',(#7502,#7503,#7504,#7505,#7506,#7507));
#1927=EDGE_LOOP('',(#7508,#7509,#7510,#7511));
#1928=EDGE_LOOP('',(#7512,#7513,#7514));
#1929=EDGE_LOOP('',(#7515,#7516,#7517));
#1930=EDGE_LOOP('',(#7518,#7519,#7520,#7521));
#1931=EDGE_LOOP('',(#7522,#7523,#7524,#7525));
#1932=EDGE_LOOP('',(#7526,#7527,#7528,#7529));
#1933=EDGE_LOOP('',(#7530,#7531,#7532,#7533));
#1934=EDGE_LOOP('',(#7534,#7535,#7536,#7537));
#1935=EDGE_LOOP('',(#7538,#7539,#7540,#7541));
#1936=EDGE_LOOP('',(#7542,#7543,#7544));
#1937=EDGE_LOOP('',(#7545,#7546,#7547));
#1938=EDGE_LOOP('',(#7548,#7549,#7550,#7551,#7552,#7553));
#1939=EDGE_LOOP('',(#7554,#7555,#7556,#7557));
#1940=EDGE_LOOP('',(#7558,#7559,#7560));
#1941=EDGE_LOOP('',(#7561,#7562,#7563,#7564));
#1942=EDGE_LOOP('',(#7565,#7566,#7567));
#1943=EDGE_LOOP('',(#7568,#7569,#7570,#7571));
#1944=EDGE_LOOP('',(#7572,#7573,#7574,#7575));
#1945=EDGE_LOOP('',(#7576,#7577,#7578,#7579));
#1946=EDGE_LOOP('',(#7580,#7581,#7582));
#1947=EDGE_LOOP('',(#7583,#7584,#7585,#7586));
#1948=EDGE_LOOP('',(#7587,#7588,#7589,#7590));
#1949=EDGE_LOOP('',(#7591,#7592,#7593));
#1950=EDGE_LOOP('',(#7594,#7595,#7596,#7597,#7598,#7599));
#1951=EDGE_LOOP('',(#7600,#7601,#7602,#7603));
#1952=EDGE_LOOP('',(#7604,#7605,#7606,#7607));
#1953=EDGE_LOOP('',(#7608,#7609,#7610));
#1954=EDGE_LOOP('',(#7611,#7612,#7613));
#1955=EDGE_LOOP('',(#7614,#7615,#7616,#7617));
#1956=EDGE_LOOP('',(#7618,#7619,#7620,#7621,#7622,#7623));
#1957=EDGE_LOOP('',(#7624,#7625,#7626,#7627));
#1958=EDGE_LOOP('',(#7628,#7629,#7630));
#1959=EDGE_LOOP('',(#7631,#7632,#7633,#7634));
#1960=EDGE_LOOP('',(#7635,#7636,#7637));
#1961=EDGE_LOOP('',(#7638,#7639,#7640,#7641));
#1962=EDGE_LOOP('',(#7642,#7643,#7644,#7645));
#1963=EDGE_LOOP('',(#7646,#7647,#7648,#7649));
#1964=EDGE_LOOP('',(#7650,#7651,#7652,#7653));
#1965=EDGE_LOOP('',(#7654,#7655,#7656,#7657));
#1966=EDGE_LOOP('',(#7658,#7659,#7660,#7661));
#1967=EDGE_LOOP('',(#7662,#7663,#7664));
#1968=EDGE_LOOP('',(#7665,#7666,#7667));
#1969=EDGE_LOOP('',(#7668,#7669,#7670,#7671,#7672,#7673));
#1970=EDGE_LOOP('',(#7674,#7675,#7676));
#1971=EDGE_LOOP('',(#7677,#7678,#7679,#7680));
#1972=EDGE_LOOP('',(#7681,#7682,#7683,#7684));
#1973=EDGE_LOOP('',(#7685,#7686,#7687));
#1974=EDGE_LOOP('',(#7688,#7689,#7690,#7691));
#1975=EDGE_LOOP('',(#7692,#7693,#7694,#7695));
#1976=EDGE_LOOP('',(#7696,#7697,#7698));
#1977=EDGE_LOOP('',(#7699,#7700,#7701,#7702));
#1978=EDGE_LOOP('',(#7703,#7704,#7705));
#1979=EDGE_LOOP('',(#7706,#7707,#7708,#7709));
#1980=EDGE_LOOP('',(#7710,#7711,#7712,#7713));
#1981=EDGE_LOOP('',(#7714,#7715,#7716,#7717));
#1982=EDGE_LOOP('',(#7718,#7719,#7720));
#1983=EDGE_LOOP('',(#7721,#7722,#7723,#7724));
#1984=EDGE_LOOP('',(#7725,#7726,#7727,#7728));
#1985=EDGE_LOOP('',(#7729,#7730,#7731));
#1986=EDGE_LOOP('',(#7732,#7733,#7734,#7735,#7736,#7737));
#1987=EDGE_LOOP('',(#7738,#7739,#7740,#7741));
#1988=EDGE_LOOP('',(#7742,#7743,#7744));
#1989=EDGE_LOOP('',(#7745,#7746,#7747,#7748));
#1990=EDGE_LOOP('',(#7749,#7750,#7751));
#1991=EDGE_LOOP('',(#7752,#7753,#7754,#7755));
#1992=LINE('',#12089,#2628);
#1993=LINE('',#12095,#2629);
#1994=LINE('',#12097,#2630);
#1995=LINE('',#12098,#2631);
#1996=LINE('',#12106,#2632);
#1997=LINE('',#12108,#2633);
#1998=LINE('',#12110,#2634);
#1999=LINE('',#12115,#2635);
#2000=LINE('',#12132,#2636);
#2001=LINE('',#12134,#2637);
#2002=LINE('',#12136,#2638);
#2003=LINE('',#12142,#2639);
#2004=LINE('',#12154,#2640);
#2005=LINE('',#12162,#2641);
#2006=LINE('',#12170,#2642);
#2007=LINE('',#12178,#2643);
#2008=LINE('',#12186,#2644);
#2009=LINE('',#12198,#2645);
#2010=LINE('',#12206,#2646);
#2011=LINE('',#12214,#2647);
#2012=LINE('',#12224,#2648);
#2013=LINE('',#12232,#2649);
#2014=LINE('',#12240,#2650);
#2015=LINE('',#12248,#2651);
#2016=LINE('',#12256,#2652);
#2017=LINE('',#12267,#2653);
#2018=LINE('',#12279,#2654);
#2019=LINE('',#12283,#2655);
#2020=LINE('',#12287,#2656);
#2021=LINE('',#12290,#2657);
#2022=LINE('',#12301,#2658);
#2023=LINE('',#12305,#2659);
#2024=LINE('',#12311,#2660);
#2025=LINE('',#12315,#2661);
#2026=LINE('',#12321,#2662);
#2027=LINE('',#12326,#2663);
#2028=LINE('',#12329,#2664);
#2029=LINE('',#12334,#2665);
#2030=LINE('',#12337,#2666);
#2031=LINE('',#12342,#2667);
#2032=LINE('',#12345,#2668);
#2033=LINE('',#12350,#2669);
#2034=LINE('',#12353,#2670);
#2035=LINE('',#12358,#2671);
#2036=LINE('',#12361,#2672);
#2037=LINE('',#12366,#2673);
#2038=LINE('',#12371,#2674);
#2039=LINE('',#12379,#2675);
#2040=LINE('',#12387,#2676);
#2041=LINE('',#12395,#2677);
#2042=LINE('',#12404,#2678);
#2043=LINE('',#12412,#2679);
#2044=LINE('',#12437,#2680);
#2045=LINE('',#12442,#2681);
#2046=LINE('',#12465,#2682);
#2047=LINE('',#12470,#2683);
#2048=LINE('',#12493,#2684);
#2049=LINE('',#12498,#2685);
#2050=LINE('',#12521,#2686);
#2051=LINE('',#12526,#2687);
#2052=LINE('',#12549,#2688);
#2053=LINE('',#12554,#2689);
#2054=LINE('',#12577,#2690);
#2055=LINE('',#12582,#2691);
#2056=LINE('',#12605,#2692);
#2057=LINE('',#12610,#2693);
#2058=LINE('',#12633,#2694);
#2059=LINE('',#12638,#2695);
#2060=LINE('',#12661,#2696);
#2061=LINE('',#12666,#2697);
#2062=LINE('',#12689,#2698);
#2063=LINE('',#12694,#2699);
#2064=LINE('',#12717,#2700);
#2065=LINE('',#12722,#2701);
#2066=LINE('',#12745,#2702);
#2067=LINE('',#12750,#2703);
#2068=LINE('',#12764,#2704);
#2069=LINE('',#12779,#2705);
#2070=LINE('',#12792,#2706);
#2071=LINE('',#12806,#2707);
#2072=LINE('',#12820,#2708);
#2073=LINE('',#12834,#2709);
#2074=LINE('',#12848,#2710);
#2075=LINE('',#12862,#2711);
#2076=LINE('',#12867,#2712);
#2077=LINE('',#12869,#2713);
#2078=LINE('',#12871,#2714);
#2079=LINE('',#12872,#2715);
#2080=LINE('',#12876,#2716);
#2081=LINE('',#12882,#2717);
#2082=LINE('',#12883,#2718);
#2083=LINE('',#12884,#2719);
#2084=LINE('',#12888,#2720);
#2085=LINE('',#12894,#2721);
#2086=LINE('',#12895,#2722);
#2087=LINE('',#12896,#2723);
#2088=LINE('',#12900,#2724);
#2089=LINE('',#12906,#2725);
#2090=LINE('',#12907,#2726);
#2091=LINE('',#12908,#2727);
#2092=LINE('',#12914,#2728);
#2093=LINE('',#12918,#2729);
#2094=LINE('',#12922,#2730);
#2095=LINE('',#12925,#2731);
#2096=LINE('',#12928,#2732);
#2097=LINE('',#12930,#2733);
#2098=LINE('',#12932,#2734);
#2099=LINE('',#12934,#2735);
#2100=LINE('',#12936,#2736);
#2101=LINE('',#12938,#2737);
#2102=LINE('',#12940,#2738);
#2103=LINE('',#12942,#2739);
#2104=LINE('',#12944,#2740);
#2105=LINE('',#12946,#2741);
#2106=LINE('',#12948,#2742);
#2107=LINE('',#12950,#2743);
#2108=LINE('',#12952,#2744);
#2109=LINE('',#12954,#2745);
#2110=LINE('',#12956,#2746);
#2111=LINE('',#12958,#2747);
#2112=LINE('',#12960,#2748);
#2113=LINE('',#12961,#2749);
#2114=LINE('',#12964,#2750);
#2115=LINE('',#12966,#2751);
#2116=LINE('',#12968,#2752);
#2117=LINE('',#12969,#2753);
#2118=LINE('',#12972,#2754);
#2119=LINE('',#12974,#2755);
#2120=LINE('',#12976,#2756);
#2121=LINE('',#12977,#2757);
#2122=LINE('',#12980,#2758);
#2123=LINE('',#12982,#2759);
#2124=LINE('',#12984,#2760);
#2125=LINE('',#12985,#2761);
#2126=LINE('',#12988,#2762);
#2127=LINE('',#12990,#2763);
#2128=LINE('',#12992,#2764);
#2129=LINE('',#12993,#2765);
#2130=LINE('',#12996,#2766);
#2131=LINE('',#13000,#2767);
#2132=LINE('',#13004,#2768);
#2133=LINE('',#13008,#2769);
#2134=LINE('',#13010,#2770);
#2135=LINE('',#13012,#2771);
#2136=LINE('',#13019,#2772);
#2137=LINE('',#13021,#2773);
#2138=LINE('',#13023,#2774);
#2139=LINE('',#13030,#2775);
#2140=LINE('',#13031,#2776);
#2141=LINE('',#13035,#2777);
#2142=LINE('',#13037,#2778);
#2143=LINE('',#13039,#2779);
#2144=LINE('',#13040,#2780);
#2145=LINE('',#13043,#2781);
#2146=LINE('',#13046,#2782);
#2147=LINE('',#13049,#2783);
#2148=LINE('',#13053,#2784);
#2149=LINE('',#13055,#2785);
#2150=LINE('',#13056,#2786);
#2151=LINE('',#13059,#2787);
#2152=LINE('',#13062,#2788);
#2153=LINE('',#13065,#2789);
#2154=LINE('',#13067,#2790);
#2155=LINE('',#13068,#2791);
#2156=LINE('',#13071,#2792);
#2157=LINE('',#13073,#2793);
#2158=LINE('',#13077,#2794);
#2159=LINE('',#13078,#2795);
#2160=LINE('',#13081,#2796);
#2161=LINE('',#13083,#2797);
#2162=LINE('',#13084,#2798);
#2163=LINE('',#13087,#2799);
#2164=LINE('',#13089,#2800);
#2165=LINE('',#13090,#2801);
#2166=LINE('',#13093,#2802);
#2167=LINE('',#13113,#2803);
#2168=LINE('',#13114,#2804);
#2169=LINE('',#13118,#2805);
#2170=LINE('',#13165,#2806);
#2171=LINE('',#13174,#2807);
#2172=LINE('',#13181,#2808);
#2173=LINE('',#13182,#2809);
#2174=LINE('',#13187,#2810);
#2175=LINE('',#13240,#2811);
#2176=LINE('',#13248,#2812);
#2177=LINE('',#13254,#2813);
#2178=LINE('',#13264,#2814);
#2179=LINE('',#13270,#2815);
#2180=LINE('',#13276,#2816);
#2181=LINE('',#13282,#2817);
#2182=LINE('',#13288,#2818);
#2183=LINE('',#13298,#2819);
#2184=LINE('',#13304,#2820);
#2185=LINE('',#13309,#2821);
#2186=LINE('',#13331,#2822);
#2187=LINE('',#13336,#2823);
#2188=LINE('',#13341,#2824);
#2189=LINE('',#13350,#2825);
#2190=LINE('',#13355,#2826);
#2191=LINE('',#13360,#2827);
#2192=LINE('',#13369,#2828);
#2193=LINE('',#13374,#2829);
#2194=LINE('',#13379,#2830);
#2195=LINE('',#13384,#2831);
#2196=LINE('',#13389,#2832);
#2197=LINE('',#13398,#2833);
#2198=LINE('',#13403,#2834);
#2199=LINE('',#13408,#2835);
#2200=LINE('',#13417,#2836);
#2201=LINE('',#13422,#2837);
#2202=LINE('',#13474,#2838);
#2203=LINE('',#13476,#2839);
#2204=LINE('',#13477,#2840);
#2205=LINE('',#13479,#2841);
#2206=LINE('',#13480,#2842);
#2207=LINE('',#13483,#2843);
#2208=LINE('',#13485,#2844);
#2209=LINE('',#13486,#2845);
#2210=LINE('',#13531,#2846);
#2211=LINE('',#13533,#2847);
#2212=LINE('',#13535,#2848);
#2213=LINE('',#13536,#2849);
#2214=LINE('',#13542,#2850);
#2215=LINE('',#13545,#2851);
#2216=LINE('',#13548,#2852);
#2217=LINE('',#13551,#2853);
#2218=LINE('',#13552,#2854);
#2219=LINE('',#13555,#2855);
#2220=LINE('',#13558,#2856);
#2221=LINE('',#13560,#2857);
#2222=LINE('',#13564,#2858);
#2223=LINE('',#13569,#2859);
#2224=LINE('',#13575,#2860);
#2225=LINE('',#13582,#2861);
#2226=LINE('',#13585,#2862);
#2227=LINE('',#13588,#2863);
#2228=LINE('',#13590,#2864);
#2229=LINE('',#13591,#2865);
#2230=LINE('',#13597,#2866);
#2231=LINE('',#13600,#2867);
#2232=LINE('',#13602,#2868);
#2233=LINE('',#13603,#2869);
#2234=LINE('',#13606,#2870);
#2235=LINE('',#13608,#2871);
#2236=LINE('',#13609,#2872);
#2237=LINE('',#13614,#2873);
#2238=LINE('',#13618,#2874);
#2239=LINE('',#13620,#2875);
#2240=LINE('',#13621,#2876);
#2241=LINE('',#13626,#2877);
#2242=LINE('',#13629,#2878);
#2243=LINE('',#13630,#2879);
#2244=LINE('',#13635,#2880);
#2245=LINE('',#13637,#2881);
#2246=LINE('',#13638,#2882);
#2247=LINE('',#13641,#2883);
#2248=LINE('',#13644,#2884);
#2249=LINE('',#13655,#2885);
#2250=LINE('',#13658,#2886);
#2251=LINE('',#13661,#2887);
#2252=LINE('',#13663,#2888);
#2253=LINE('',#13664,#2889);
#2254=LINE('',#13667,#2890);
#2255=LINE('',#13671,#2891);
#2256=LINE('',#13673,#2892);
#2257=LINE('',#13677,#2893);
#2258=LINE('',#13678,#2894);
#2259=LINE('',#13681,#2895);
#2260=LINE('',#13683,#2896);
#2261=LINE('',#13684,#2897);
#2262=LINE('',#13687,#2898);
#2263=LINE('',#13689,#2899);
#2264=LINE('',#13690,#2900);
#2265=LINE('',#13693,#2901);
#2266=LINE('',#13697,#2902);
#2267=LINE('',#13699,#2903);
#2268=LINE('',#13703,#2904);
#2269=LINE('',#13705,#2905);
#2270=LINE('',#13709,#2906);
#2271=LINE('',#13711,#2907);
#2272=LINE('',#13715,#2908);
#2273=LINE('',#13717,#2909);
#2274=LINE('',#13721,#2910);
#2275=LINE('',#13723,#2911);
#2276=LINE('',#13724,#2912);
#2277=LINE('',#13727,#2913);
#2278=LINE('',#13731,#2914);
#2279=LINE('',#13733,#2915);
#2280=LINE('',#13737,#2916);
#2281=LINE('',#13739,#2917);
#2282=LINE('',#13740,#2918);
#2283=LINE('',#13743,#2919);
#2284=LINE('',#13747,#2920);
#2285=LINE('',#13749,#2921);
#2286=LINE('',#13753,#2922);
#2287=LINE('',#13754,#2923);
#2288=LINE('',#13757,#2924);
#2289=LINE('',#13759,#2925);
#2290=LINE('',#13760,#2926);
#2291=LINE('',#13763,#2927);
#2292=LINE('',#13765,#2928);
#2293=LINE('',#13766,#2929);
#2294=LINE('',#13769,#2930);
#2295=LINE('',#13771,#2931);
#2296=LINE('',#13772,#2932);
#2297=LINE('',#13776,#2933);
#2298=LINE('',#13779,#2934);
#2299=LINE('',#13785,#2935);
#2300=LINE('',#13787,#2936);
#2301=LINE('',#13793,#2937);
#2302=LINE('',#13795,#2938);
#2303=LINE('',#13800,#2939);
#2304=LINE('',#13804,#2940);
#2305=LINE('',#13807,#2941);
#2306=LINE('',#13813,#2942);
#2307=LINE('',#13815,#2943);
#2308=LINE('',#13821,#2944);
#2309=LINE('',#13822,#2945);
#2310=LINE('',#13827,#2946);
#2311=LINE('',#13828,#2947);
#2312=LINE('',#13834,#2948);
#2313=LINE('',#13837,#2949);
#2314=LINE('',#13838,#2950);
#2315=LINE('',#13844,#2951);
#2316=LINE('',#13847,#2952);
#2317=LINE('',#13848,#2953);
#2318=LINE('',#13854,#2954);
#2319=LINE('',#13857,#2955);
#2320=LINE('',#13858,#2956);
#2321=LINE('',#13863,#2957);
#2322=LINE('',#13864,#2958);
#2323=LINE('',#13870,#2959);
#2324=LINE('',#13873,#2960);
#2325=LINE('',#13880,#2961);
#2326=LINE('',#13883,#2962);
#2327=LINE('',#13890,#2963);
#2328=LINE('',#13893,#2964);
#2329=LINE('',#13900,#2965);
#2330=LINE('',#13903,#2966);
#2331=LINE('',#13910,#2967);
#2332=LINE('',#13913,#2968);
#2333=LINE('',#13920,#2969);
#2334=LINE('',#13923,#2970);
#2335=LINE('',#13930,#2971);
#2336=LINE('',#13933,#2972);
#2337=LINE('',#13940,#2973);
#2338=LINE('',#13943,#2974);
#2339=LINE('',#13954,#2975);
#2340=LINE('',#13958,#2976);
#2341=LINE('',#13973,#2977);
#2342=LINE('',#13981,#2978);
#2343=LINE('',#13989,#2979);
#2344=LINE('',#13996,#2980);
#2345=LINE('',#14007,#2981);
#2346=LINE('',#14027,#2982);
#2347=LINE('',#14035,#2983);
#2348=LINE('',#14047,#2984);
#2349=LINE('',#14055,#2985);
#2350=LINE('',#14057,#2986);
#2351=LINE('',#14061,#2987);
#2352=LINE('',#14062,#2988);
#2353=LINE('',#14072,#2989);
#2354=LINE('',#14074,#2990);
#2355=LINE('',#14076,#2991);
#2356=LINE('',#14079,#2992);
#2357=LINE('',#14080,#2993);
#2358=LINE('',#14082,#2994);
#2359=LINE('',#14085,#2995);
#2360=LINE('',#14087,#2996);
#2361=LINE('',#14089,#2997);
#2362=LINE('',#14091,#2998);
#2363=LINE('',#14093,#2999);
#2364=LINE('',#14095,#3000);
#2365=LINE('',#14097,#3001);
#2366=LINE('',#14100,#3002);
#2367=LINE('',#14102,#3003);
#2368=LINE('',#14104,#3004);
#2369=LINE('',#14107,#3005);
#2370=LINE('',#14108,#3006);
#2371=LINE('',#14110,#3007);
#2372=LINE('',#14113,#3008);
#2373=LINE('',#14115,#3009);
#2374=LINE('',#14117,#3010);
#2375=LINE('',#14120,#3011);
#2376=LINE('',#14123,#3012);
#2377=LINE('',#14125,#3013);
#2378=LINE('',#14127,#3014);
#2379=LINE('',#14129,#3015);
#2380=LINE('',#14131,#3016);
#2381=LINE('',#14133,#3017);
#2382=LINE('',#14135,#3018);
#2383=LINE('',#14137,#3019);
#2384=LINE('',#14139,#3020);
#2385=LINE('',#14141,#3021);
#2386=LINE('',#14143,#3022);
#2387=LINE('',#14145,#3023);
#2388=LINE('',#14147,#3024);
#2389=LINE('',#14149,#3025);
#2390=LINE('',#14151,#3026);
#2391=LINE('',#14154,#3027);
#2392=LINE('',#14156,#3028);
#2393=LINE('',#14158,#3029);
#2394=LINE('',#14161,#3030);
#2395=LINE('',#14168,#3031);
#2396=LINE('',#14194,#3032);
#2397=LINE('',#14228,#3033);
#2398=LINE('',#14257,#3034);
#2399=LINE('',#14259,#3035);
#2400=LINE('',#14317,#3036);
#2401=LINE('',#14343,#3037);
#2402=LINE('',#14345,#3038);
#2403=LINE('',#14346,#3039);
#2404=LINE('',#14348,#3040);
#2405=LINE('',#14350,#3041);
#2406=LINE('',#14351,#3042);
#2407=LINE('',#14352,#3043);
#2408=LINE('',#14355,#3044);
#2409=LINE('',#14357,#3045);
#2410=LINE('',#14359,#3046);
#2411=LINE('',#14360,#3047);
#2412=LINE('',#14363,#3048);
#2413=LINE('',#14365,#3049);
#2414=LINE('',#14367,#3050);
#2415=LINE('',#14368,#3051);
#2416=LINE('',#14371,#3052);
#2417=LINE('',#14373,#3053);
#2418=LINE('',#14375,#3054);
#2419=LINE('',#14376,#3055);
#2420=LINE('',#14412,#3056);
#2421=LINE('',#14415,#3057);
#2422=LINE('',#14416,#3058);
#2423=LINE('',#14465,#3059);
#2424=LINE('',#14467,#3060);
#2425=LINE('',#14468,#3061);
#2426=LINE('',#14470,#3062);
#2427=LINE('',#14472,#3063);
#2428=LINE('',#14473,#3064);
#2429=LINE('',#14475,#3065);
#2430=LINE('',#14477,#3066);
#2431=LINE('',#14478,#3067);
#2432=LINE('',#14480,#3068);
#2433=LINE('',#14482,#3069);
#2434=LINE('',#14483,#3070);
#2435=LINE('',#14484,#3071);
#2436=LINE('',#14487,#3072);
#2437=LINE('',#14489,#3073);
#2438=LINE('',#14491,#3074);
#2439=LINE('',#14492,#3075);
#2440=LINE('',#14495,#3076);
#2441=LINE('',#14497,#3077);
#2442=LINE('',#14499,#3078);
#2443=LINE('',#14500,#3079);
#2444=LINE('',#14503,#3080);
#2445=LINE('',#14505,#3081);
#2446=LINE('',#14507,#3082);
#2447=LINE('',#14508,#3083);
#2448=LINE('',#14511,#3084);
#2449=LINE('',#14513,#3085);
#2450=LINE('',#14515,#3086);
#2451=LINE('',#14516,#3087);
#2452=LINE('',#14557,#3088);
#2453=LINE('',#14582,#3089);
#2454=LINE('',#14601,#3090);
#2455=LINE('',#14603,#3091);
#2456=LINE('',#14605,#3092);
#2457=LINE('',#14606,#3093);
#2458=LINE('',#14608,#3094);
#2459=LINE('',#14609,#3095);
#2460=LINE('',#14611,#3096);
#2461=LINE('',#14613,#3097);
#2462=LINE('',#14618,#3098);
#2463=LINE('',#14620,#3099);
#2464=LINE('',#14622,#3100);
#2465=LINE('',#14623,#3101);
#2466=LINE('',#14625,#3102);
#2467=LINE('',#14626,#3103);
#2468=LINE('',#14628,#3104);
#2469=LINE('',#14630,#3105);
#2470=LINE('',#14635,#3106);
#2471=LINE('',#14637,#3107);
#2472=LINE('',#14639,#3108);
#2473=LINE('',#14640,#3109);
#2474=LINE('',#14642,#3110);
#2475=LINE('',#14643,#3111);
#2476=LINE('',#14645,#3112);
#2477=LINE('',#14647,#3113);
#2478=LINE('',#14652,#3114);
#2479=LINE('',#14654,#3115);
#2480=LINE('',#14656,#3116);
#2481=LINE('',#14657,#3117);
#2482=LINE('',#14659,#3118);
#2483=LINE('',#14660,#3119);
#2484=LINE('',#14662,#3120);
#2485=LINE('',#14664,#3121);
#2486=LINE('',#14669,#3122);
#2487=LINE('',#14671,#3123);
#2488=LINE('',#14673,#3124);
#2489=LINE('',#14674,#3125);
#2490=LINE('',#14676,#3126);
#2491=LINE('',#14677,#3127);
#2492=LINE('',#14679,#3128);
#2493=LINE('',#14681,#3129);
#2494=LINE('',#14686,#3130);
#2495=LINE('',#14688,#3131);
#2496=LINE('',#14690,#3132);
#2497=LINE('',#14691,#3133);
#2498=LINE('',#14693,#3134);
#2499=LINE('',#14694,#3135);
#2500=LINE('',#14696,#3136);
#2501=LINE('',#14698,#3137);
#2502=LINE('',#14703,#3138);
#2503=LINE('',#14705,#3139);
#2504=LINE('',#14707,#3140);
#2505=LINE('',#14708,#3141);
#2506=LINE('',#14710,#3142);
#2507=LINE('',#14711,#3143);
#2508=LINE('',#14713,#3144);
#2509=LINE('',#14715,#3145);
#2510=LINE('',#14720,#3146);
#2511=LINE('',#14722,#3147);
#2512=LINE('',#14724,#3148);
#2513=LINE('',#14725,#3149);
#2514=LINE('',#14727,#3150);
#2515=LINE('',#14728,#3151);
#2516=LINE('',#14730,#3152);
#2517=LINE('',#14732,#3153);
#2518=LINE('',#14737,#3154);
#2519=LINE('',#14739,#3155);
#2520=LINE('',#14741,#3156);
#2521=LINE('',#14742,#3157);
#2522=LINE('',#14744,#3158);
#2523=LINE('',#14745,#3159);
#2524=LINE('',#14747,#3160);
#2525=LINE('',#14749,#3161);
#2526=LINE('',#14754,#3162);
#2527=LINE('',#14756,#3163);
#2528=LINE('',#14758,#3164);
#2529=LINE('',#14759,#3165);
#2530=LINE('',#14761,#3166);
#2531=LINE('',#14762,#3167);
#2532=LINE('',#14764,#3168);
#2533=LINE('',#14766,#3169);
#2534=LINE('',#14771,#3170);
#2535=LINE('',#14773,#3171);
#2536=LINE('',#14775,#3172);
#2537=LINE('',#14776,#3173);
#2538=LINE('',#14778,#3174);
#2539=LINE('',#14779,#3175);
#2540=LINE('',#14781,#3176);
#2541=LINE('',#14783,#3177);
#2542=LINE('',#14788,#3178);
#2543=LINE('',#14790,#3179);
#2544=LINE('',#14794,#3180);
#2545=LINE('',#14797,#3181);
#2546=LINE('',#14801,#3182);
#2547=LINE('',#14805,#3183);
#2548=LINE('',#14809,#3184);
#2549=LINE('',#14810,#3185);
#2550=LINE('',#14814,#3186);
#2551=LINE('',#14816,#3187);
#2552=LINE('',#14817,#3188);
#2553=LINE('',#14974,#3189);
#2554=LINE('',#14975,#3190);
#2555=LINE('',#14985,#3191);
#2556=LINE('',#14995,#3192);
#2557=LINE('',#14999,#3193);
#2558=LINE('',#15005,#3194);
#2559=LINE('',#15012,#3195);
#2560=LINE('',#15016,#3196);
#2561=LINE('',#15017,#3197);
#2562=LINE('',#15034,#3198);
#2563=LINE('',#15037,#3199);
#2564=LINE('',#15053,#3200);
#2565=LINE('',#15054,#3201);
#2566=LINE('',#15057,#3202);
#2567=LINE('',#15058,#3203);
#2568=LINE('',#15067,#3204);
#2569=LINE('',#15071,#3205);
#2570=LINE('',#15075,#3206);
#2571=LINE('',#15086,#3207);
#2572=LINE('',#15088,#3208);
#2573=LINE('',#15095,#3209);
#2574=LINE('',#15098,#3210);
#2575=LINE('',#15117,#3211);
#2576=LINE('',#15118,#3212);
#2577=LINE('',#15121,#3213);
#2578=LINE('',#15122,#3214);
#2579=LINE('',#15131,#3215);
#2580=LINE('',#15135,#3216);
#2581=LINE('',#15139,#3217);
#2582=LINE('',#15146,#3218);
#2583=LINE('',#15147,#3219);
#2584=LINE('',#15162,#3220);
#2585=LINE('',#15165,#3221);
#2586=LINE('',#15169,#3222);
#2587=LINE('',#15170,#3223);
#2588=LINE('',#15171,#3224);
#2589=LINE('',#15188,#3225);
#2590=LINE('',#15195,#3226);
#2591=LINE('',#15199,#3227);
#2592=LINE('',#15203,#3228);
#2593=LINE('',#15205,#3229);
#2594=LINE('',#15206,#3230);
#2595=LINE('',#15223,#3231);
#2596=LINE('',#15227,#3232);
#2597=LINE('',#15233,#3233);
#2598=LINE('',#15236,#3234);
#2599=LINE('',#15246,#3235);
#2600=LINE('',#15247,#3236);
#2601=LINE('',#15272,#3237);
#2602=LINE('',#15273,#3238);
#2603=LINE('',#15276,#3239);
#2604=LINE('',#15278,#3240);
#2605=LINE('',#15279,#3241);
#2606=LINE('',#15286,#3242);
#2607=LINE('',#15297,#3243);
#2608=LINE('',#15304,#3244);
#2609=LINE('',#15310,#3245);
#2610=LINE('',#15313,#3246);
#2611=LINE('',#15314,#3247);
#2612=LINE('',#15321,#3248);
#2613=LINE('',#15325,#3249);
#2614=LINE('',#15329,#3250);
#2615=LINE('',#15336,#3251);
#2616=LINE('',#15337,#3252);
#2617=LINE('',#15352,#3253);
#2618=LINE('',#15355,#3254);
#2619=LINE('',#15359,#3255);
#2620=LINE('',#15360,#3256);
#2621=LINE('',#15361,#3257);
#2622=LINE('',#15378,#3258);
#2623=LINE('',#15385,#3259);
#2624=LINE('',#15389,#3260);
#2625=LINE('',#15393,#3261);
#2626=LINE('',#15400,#3262);
#2627=LINE('',#15401,#3263);
#2628=VECTOR('',#9460,10.);
#2629=VECTOR('',#9461,10.);
#2630=VECTOR('',#9462,10.);
#2631=VECTOR('',#9463,10.);
#2632=VECTOR('',#9466,10.);
#2633=VECTOR('',#9467,10.);
#2634=VECTOR('',#9468,10.);
#2635=VECTOR('',#9469,10.);
#2636=VECTOR('',#9492,10.);
#2637=VECTOR('',#9493,10.);
#2638=VECTOR('',#9494,10.);
#2639=VECTOR('',#9499,10.);
#2640=VECTOR('',#9510,10.);
#2641=VECTOR('',#9517,10.);
#2642=VECTOR('',#9524,10.);
#2643=VECTOR('',#9531,10.);
#2644=VECTOR('',#9538,10.);
#2645=VECTOR('',#9549,10.);
#2646=VECTOR('',#9556,10.);
#2647=VECTOR('',#9563,10.);
#2648=VECTOR('',#9572,10.);
#2649=VECTOR('',#9579,10.);
#2650=VECTOR('',#9586,10.);
#2651=VECTOR('',#9593,10.);
#2652=VECTOR('',#9600,10.);
#2653=VECTOR('',#9611,10.);
#2654=VECTOR('',#9622,10.);
#2655=VECTOR('',#9625,10.);
#2656=VECTOR('',#9628,10.);
#2657=VECTOR('',#9631,10.);
#2658=VECTOR('',#9644,2.6);
#2659=VECTOR('',#9649,2.1);
#2660=VECTOR('',#9656,2.6);
#2661=VECTOR('',#9661,2.1);
#2662=VECTOR('',#9670,4.);
#2663=VECTOR('',#9677,3.);
#2664=VECTOR('',#9680,4.);
#2665=VECTOR('',#9687,3.);
#2666=VECTOR('',#9690,4.);
#2667=VECTOR('',#9697,3.);
#2668=VECTOR('',#9700,4.);
#2669=VECTOR('',#9707,3.);
#2670=VECTOR('',#9710,4.);
#2671=VECTOR('',#9717,3.);
#2672=VECTOR('',#9720,4.);
#2673=VECTOR('',#9727,3.);
#2674=VECTOR('',#9732,0.999999999999996);
#2675=VECTOR('',#9743,0.999999999999996);
#2676=VECTOR('',#9754,0.999999999999996);
#2677=VECTOR('',#9765,0.999999999999996);
#2678=VECTOR('',#9778,0.999999999999996);
#2679=VECTOR('',#9789,0.999999999999996);
#2680=VECTOR('',#9802,2.6);
#2681=VECTOR('',#9809,2.1);
#2682=VECTOR('',#9818,2.6);
#2683=VECTOR('',#9825,2.1);
#2684=VECTOR('',#9834,2.6);
#2685=VECTOR('',#9841,2.10000000000001);
#2686=VECTOR('',#9850,2.6);
#2687=VECTOR('',#9857,2.10000000000001);
#2688=VECTOR('',#9866,2.6);
#2689=VECTOR('',#9873,2.10000000000001);
#2690=VECTOR('',#9882,2.6);
#2691=VECTOR('',#9889,2.10000000000001);
#2692=VECTOR('',#9898,2.6);
#2693=VECTOR('',#9905,2.1);
#2694=VECTOR('',#9914,2.6);
#2695=VECTOR('',#9921,2.1);
#2696=VECTOR('',#9930,2.6);
#2697=VECTOR('',#9937,2.1);
#2698=VECTOR('',#9946,2.6);
#2699=VECTOR('',#9953,2.1);
#2700=VECTOR('',#9962,2.6);
#2701=VECTOR('',#9969,2.1);
#2702=VECTOR('',#9978,2.6);
#2703=VECTOR('',#9985,2.1);
#2704=VECTOR('',#9992,2.60000000000001);
#2705=VECTOR('',#10003,2.10000000000001);
#2706=VECTOR('',#10008,2.60000000000001);
#2707=VECTOR('',#10017,2.10000000000001);
#2708=VECTOR('',#10024,2.60000000000001);
#2709=VECTOR('',#10033,2.10000000000001);
#2710=VECTOR('',#10040,2.60000000000001);
#2711=VECTOR('',#10049,2.10000000000001);
#2712=VECTOR('',#10054,10.);
#2713=VECTOR('',#10055,10.);
#2714=VECTOR('',#10056,10.);
#2715=VECTOR('',#10057,10.);
#2716=VECTOR('',#10060,10.);
#2717=VECTOR('',#10067,10.);
#2718=VECTOR('',#10068,10.);
#2719=VECTOR('',#10069,10.);
#2720=VECTOR('',#10072,10.);
#2721=VECTOR('',#10079,10.);
#2722=VECTOR('',#10080,10.);
#2723=VECTOR('',#10081,10.);
#2724=VECTOR('',#10084,10.);
#2725=VECTOR('',#10091,10.);
#2726=VECTOR('',#10092,10.);
#2727=VECTOR('',#10093,10.);
#2728=VECTOR('',#10102,10.);
#2729=VECTOR('',#10105,10.);
#2730=VECTOR('',#10108,10.);
#2731=VECTOR('',#10111,10.);
#2732=VECTOR('',#10114,10.);
#2733=VECTOR('',#10115,10.);
#2734=VECTOR('',#10116,10.);
#2735=VECTOR('',#10117,10.);
#2736=VECTOR('',#10118,10.);
#2737=VECTOR('',#10119,10.);
#2738=VECTOR('',#10120,10.);
#2739=VECTOR('',#10121,10.);
#2740=VECTOR('',#10122,10.);
#2741=VECTOR('',#10123,10.);
#2742=VECTOR('',#10124,10.);
#2743=VECTOR('',#10125,10.);
#2744=VECTOR('',#10126,10.);
#2745=VECTOR('',#10127,10.);
#2746=VECTOR('',#10128,10.);
#2747=VECTOR('',#10129,10.);
#2748=VECTOR('',#10130,10.);
#2749=VECTOR('',#10131,10.);
#2750=VECTOR('',#10132,10.);
#2751=VECTOR('',#10133,10.);
#2752=VECTOR('',#10134,10.);
#2753=VECTOR('',#10135,10.);
#2754=VECTOR('',#10136,10.);
#2755=VECTOR('',#10137,10.);
#2756=VECTOR('',#10138,10.);
#2757=VECTOR('',#10139,10.);
#2758=VECTOR('',#10140,10.);
#2759=VECTOR('',#10141,10.);
#2760=VECTOR('',#10142,10.);
#2761=VECTOR('',#10143,10.);
#2762=VECTOR('',#10144,10.);
#2763=VECTOR('',#10145,10.);
#2764=VECTOR('',#10146,10.);
#2765=VECTOR('',#10147,10.);
#2766=VECTOR('',#10150,10.);
#2767=VECTOR('',#10153,10.);
#2768=VECTOR('',#10156,10.);
#2769=VECTOR('',#10161,10.);
#2770=VECTOR('',#10162,10.);
#2771=VECTOR('',#10163,10.);
#2772=VECTOR('',#10164,10.);
#2773=VECTOR('',#10165,10.);
#2774=VECTOR('',#10166,10.);
#2775=VECTOR('',#10167,10.);
#2776=VECTOR('',#10168,10.);
#2777=VECTOR('',#10171,10.);
#2778=VECTOR('',#10172,10.);
#2779=VECTOR('',#10173,10.);
#2780=VECTOR('',#10174,10.);
#2781=VECTOR('',#10177,10.);
#2782=VECTOR('',#10180,10.);
#2783=VECTOR('',#10183,10.);
#2784=VECTOR('',#10188,10.);
#2785=VECTOR('',#10189,10.);
#2786=VECTOR('',#10190,10.);
#2787=VECTOR('',#10193,10.);
#2788=VECTOR('',#10196,10.);
#2789=VECTOR('',#10199,10.);
#2790=VECTOR('',#10200,10.);
#2791=VECTOR('',#10201,10.);
#2792=VECTOR('',#10204,10.);
#2793=VECTOR('',#10205,10.);
#2794=VECTOR('',#10210,10.);
#2795=VECTOR('',#10211,10.);
#2796=VECTOR('',#10214,10.);
#2797=VECTOR('',#10215,10.);
#2798=VECTOR('',#10216,10.);
#2799=VECTOR('',#10219,10.);
#2800=VECTOR('',#10220,10.);
#2801=VECTOR('',#10221,10.);
#2802=VECTOR('',#10224,10.);
#2803=VECTOR('',#10261,10.);
#2804=VECTOR('',#10262,10.);
#2805=VECTOR('',#10265,10.);
#2806=VECTOR('',#10268,10.);
#2807=VECTOR('',#10269,10.);
#2808=VECTOR('',#10272,10.);
#2809=VECTOR('',#10273,10.);
#2810=VECTOR('',#10278,10.);
#2811=VECTOR('',#10279,10.);
#2812=VECTOR('',#10280,10.);
#2813=VECTOR('',#10289,10.);
#2814=VECTOR('',#10298,10.);
#2815=VECTOR('',#10303,10.);
#2816=VECTOR('',#10308,10.);
#2817=VECTOR('',#10313,10.);
#2818=VECTOR('',#10318,10.);
#2819=VECTOR('',#10327,10.);
#2820=VECTOR('',#10332,10.);
#2821=VECTOR('',#10337,10.);
#2822=VECTOR('',#10364,10.);
#2823=VECTOR('',#10369,10.);
#2824=VECTOR('',#10374,10.);
#2825=VECTOR('',#10383,10.);
#2826=VECTOR('',#10388,10.);
#2827=VECTOR('',#10393,10.);
#2828=VECTOR('',#10402,10.);
#2829=VECTOR('',#10407,10.);
#2830=VECTOR('',#10412,10.);
#2831=VECTOR('',#10417,10.);
#2832=VECTOR('',#10422,10.);
#2833=VECTOR('',#10431,10.);
#2834=VECTOR('',#10436,10.);
#2835=VECTOR('',#10441,10.);
#2836=VECTOR('',#10450,10.);
#2837=VECTOR('',#10455,10.);
#2838=VECTOR('',#10468,10.);
#2839=VECTOR('',#10469,10.);
#2840=VECTOR('',#10470,10.);
#2841=VECTOR('',#10473,10.);
#2842=VECTOR('',#10474,10.);
#2843=VECTOR('',#10477,10.);
#2844=VECTOR('',#10478,10.);
#2845=VECTOR('',#10479,10.);
#2846=VECTOR('',#10484,10.);
#2847=VECTOR('',#10485,10.);
#2848=VECTOR('',#10486,10.);
#2849=VECTOR('',#10487,10.);
#2850=VECTOR('',#10494,10.);
#2851=VECTOR('',#10497,10.);
#2852=VECTOR('',#10500,10.);
#2853=VECTOR('',#10503,10.);
#2854=VECTOR('',#10504,10.);
#2855=VECTOR('',#10507,10.);
#2856=VECTOR('',#10512,10.);
#2857=VECTOR('',#10515,10.);
#2858=VECTOR('',#10520,10.);
#2859=VECTOR('',#10525,8.10000000000002);
#2860=VECTOR('',#10532,3.75000000000001);
#2861=VECTOR('',#10539,10.);
#2862=VECTOR('',#10542,10.);
#2863=VECTOR('',#10545,10.);
#2864=VECTOR('',#10546,10.);
#2865=VECTOR('',#10547,10.);
#2866=VECTOR('',#10554,10.);
#2867=VECTOR('',#10557,10.);
#2868=VECTOR('',#10558,10.);
#2869=VECTOR('',#10559,10.);
#2870=VECTOR('',#10562,10.);
#2871=VECTOR('',#10563,10.);
#2872=VECTOR('',#10564,10.);
#2873=VECTOR('',#10569,10.);
#2874=VECTOR('',#10574,10.);
#2875=VECTOR('',#10575,10.);
#2876=VECTOR('',#10576,10.);
#2877=VECTOR('',#10581,10.);
#2878=VECTOR('',#10586,10.);
#2879=VECTOR('',#10587,10.);
#2880=VECTOR('',#10594,10.);
#2881=VECTOR('',#10595,10.);
#2882=VECTOR('',#10596,10.);
#2883=VECTOR('',#10599,10.);
#2884=VECTOR('',#10602,10.);
#2885=VECTOR('',#10607,10.);
#2886=VECTOR('',#10610,10.);
#2887=VECTOR('',#10613,10.);
#2888=VECTOR('',#10614,10.);
#2889=VECTOR('',#10615,10.);
#2890=VECTOR('',#10618,10.);
#2891=VECTOR('',#10623,10.);
#2892=VECTOR('',#10624,10.);
#2893=VECTOR('',#10629,10.);
#2894=VECTOR('',#10630,10.);
#2895=VECTOR('',#10633,10.);
#2896=VECTOR('',#10634,10.);
#2897=VECTOR('',#10635,10.);
#2898=VECTOR('',#10638,10.);
#2899=VECTOR('',#10639,10.);
#2900=VECTOR('',#10640,10.);
#2901=VECTOR('',#10643,10.);
#2902=VECTOR('',#10648,10.);
#2903=VECTOR('',#10649,10.);
#2904=VECTOR('',#10654,10.);
#2905=VECTOR('',#10655,10.);
#2906=VECTOR('',#10660,10.);
#2907=VECTOR('',#10661,10.);
#2908=VECTOR('',#10666,10.);
#2909=VECTOR('',#10667,10.);
#2910=VECTOR('',#10672,10.);
#2911=VECTOR('',#10673,10.);
#2912=VECTOR('',#10674,10.);
#2913=VECTOR('',#10677,10.);
#2914=VECTOR('',#10682,10.);
#2915=VECTOR('',#10683,10.);
#2916=VECTOR('',#10688,10.);
#2917=VECTOR('',#10689,10.);
#2918=VECTOR('',#10690,10.);
#2919=VECTOR('',#10693,10.);
#2920=VECTOR('',#10698,10.);
#2921=VECTOR('',#10699,10.);
#2922=VECTOR('',#10704,10.);
#2923=VECTOR('',#10705,10.);
#2924=VECTOR('',#10708,10.);
#2925=VECTOR('',#10709,10.);
#2926=VECTOR('',#10710,10.);
#2927=VECTOR('',#10713,10.);
#2928=VECTOR('',#10714,10.);
#2929=VECTOR('',#10715,10.);
#2930=VECTOR('',#10718,10.);
#2931=VECTOR('',#10719,10.);
#2932=VECTOR('',#10720,10.);
#2933=VECTOR('',#10725,10.);
#2934=VECTOR('',#10728,10.);
#2935=VECTOR('',#10737,10.);
#2936=VECTOR('',#10738,10.);
#2937=VECTOR('',#10747,10.);
#2938=VECTOR('',#10748,10.);
#2939=VECTOR('',#10755,10.);
#2940=VECTOR('',#10760,10.);
#2941=VECTOR('',#10763,10.);
#2942=VECTOR('',#10772,10.);
#2943=VECTOR('',#10773,10.);
#2944=VECTOR('',#10782,10.);
#2945=VECTOR('',#10783,10.);
#2946=VECTOR('',#10790,10.);
#2947=VECTOR('',#10791,10.);
#2948=VECTOR('',#10800,10.);
#2949=VECTOR('',#10803,10.);
#2950=VECTOR('',#10804,10.);
#2951=VECTOR('',#10813,10.);
#2952=VECTOR('',#10816,10.);
#2953=VECTOR('',#10817,10.);
#2954=VECTOR('',#10826,10.);
#2955=VECTOR('',#10829,10.);
#2956=VECTOR('',#10830,10.);
#2957=VECTOR('',#10837,10.);
#2958=VECTOR('',#10838,10.);
#2959=VECTOR('',#10847,10.);
#2960=VECTOR('',#10850,10.);
#2961=VECTOR('',#10861,10.);
#2962=VECTOR('',#10864,10.);
#2963=VECTOR('',#10875,10.);
#2964=VECTOR('',#10878,10.);
#2965=VECTOR('',#10889,10.);
#2966=VECTOR('',#10892,10.);
#2967=VECTOR('',#10903,10.);
#2968=VECTOR('',#10906,10.);
#2969=VECTOR('',#10917,10.);
#2970=VECTOR('',#10920,10.);
#2971=VECTOR('',#10931,10.);
#2972=VECTOR('',#10934,10.);
#2973=VECTOR('',#10945,10.);
#2974=VECTOR('',#10948,10.);
#2975=VECTOR('',#10961,10.);
#2976=VECTOR('',#10966,10.);
#2977=VECTOR('',#10981,10.);
#2978=VECTOR('',#10988,10.);
#2979=VECTOR('',#10995,10.);
#2980=VECTOR('',#11002,10.);
#2981=VECTOR('',#11013,10.);
#2982=VECTOR('',#11034,10.);
#2983=VECTOR('',#11041,10.);
#2984=VECTOR('',#11054,10.);
#2985=VECTOR('',#11065,10.);
#2986=VECTOR('',#11068,10.);
#2987=VECTOR('',#11073,10.);
#2988=VECTOR('',#11074,10.);
#2989=VECTOR('',#11081,10.);
#2990=VECTOR('',#11084,10.);
#2991=VECTOR('',#11087,10.);
#2992=VECTOR('',#11092,10.);
#2993=VECTOR('',#11093,10.);
#2994=VECTOR('',#11096,10.);
#2995=VECTOR('',#11101,10.);
#2996=VECTOR('',#11104,10.);
#2997=VECTOR('',#11107,10.);
#2998=VECTOR('',#11110,10.);
#2999=VECTOR('',#11113,10.);
#3000=VECTOR('',#11116,10.);
#3001=VECTOR('',#11119,10.);
#3002=VECTOR('',#11124,10.);
#3003=VECTOR('',#11127,10.);
#3004=VECTOR('',#11130,10.);
#3005=VECTOR('',#11135,10.);
#3006=VECTOR('',#11136,10.);
#3007=VECTOR('',#11139,10.);
#3008=VECTOR('',#11144,10.);
#3009=VECTOR('',#11147,10.);
#3010=VECTOR('',#11150,10.);
#3011=VECTOR('',#11155,10.);
#3012=VECTOR('',#11160,10.);
#3013=VECTOR('',#11163,10.);
#3014=VECTOR('',#11166,10.);
#3015=VECTOR('',#11169,10.);
#3016=VECTOR('',#11172,10.);
#3017=VECTOR('',#11175,10.);
#3018=VECTOR('',#11178,10.);
#3019=VECTOR('',#11181,10.);
#3020=VECTOR('',#11184,10.);
#3021=VECTOR('',#11187,10.);
#3022=VECTOR('',#11190,10.);
#3023=VECTOR('',#11193,10.);
#3024=VECTOR('',#11196,10.);
#3025=VECTOR('',#11199,10.);
#3026=VECTOR('',#11202,10.);
#3027=VECTOR('',#11207,10.);
#3028=VECTOR('',#11210,10.);
#3029=VECTOR('',#11213,10.);
#3030=VECTOR('',#11218,10.);
#3031=VECTOR('',#11225,10.);
#3032=VECTOR('',#11226,10.);
#3033=VECTOR('',#11231,10.);
#3034=VECTOR('',#11234,10.);
#3035=VECTOR('',#11237,10.);
#3036=VECTOR('',#11256,10.);
#3037=VECTOR('',#11269,10.);
#3038=VECTOR('',#11270,10.);
#3039=VECTOR('',#11271,10.);
#3040=VECTOR('',#11272,10.);
#3041=VECTOR('',#11273,10.);
#3042=VECTOR('',#11274,10.);
#3043=VECTOR('',#11275,10.);
#3044=VECTOR('',#11276,10.);
#3045=VECTOR('',#11277,10.);
#3046=VECTOR('',#11278,10.);
#3047=VECTOR('',#11279,10.);
#3048=VECTOR('',#11280,10.);
#3049=VECTOR('',#11281,10.);
#3050=VECTOR('',#11282,10.);
#3051=VECTOR('',#11283,10.);
#3052=VECTOR('',#11284,10.);
#3053=VECTOR('',#11285,10.);
#3054=VECTOR('',#11286,10.);
#3055=VECTOR('',#11287,10.);
#3056=VECTOR('',#11312,10.);
#3057=VECTOR('',#11315,10.);
#3058=VECTOR('',#11316,10.);
#3059=VECTOR('',#11323,10.);
#3060=VECTOR('',#11324,10.);
#3061=VECTOR('',#11325,10.);
#3062=VECTOR('',#11326,10.);
#3063=VECTOR('',#11327,10.);
#3064=VECTOR('',#11328,10.);
#3065=VECTOR('',#11329,10.);
#3066=VECTOR('',#11330,10.);
#3067=VECTOR('',#11331,10.);
#3068=VECTOR('',#11332,10.);
#3069=VECTOR('',#11333,10.);
#3070=VECTOR('',#11334,10.);
#3071=VECTOR('',#11335,10.);
#3072=VECTOR('',#11336,10.);
#3073=VECTOR('',#11337,10.);
#3074=VECTOR('',#11338,10.);
#3075=VECTOR('',#11339,10.);
#3076=VECTOR('',#11340,10.);
#3077=VECTOR('',#11341,10.);
#3078=VECTOR('',#11342,10.);
#3079=VECTOR('',#11343,10.);
#3080=VECTOR('',#11344,10.);
#3081=VECTOR('',#11345,10.);
#3082=VECTOR('',#11346,10.);
#3083=VECTOR('',#11347,10.);
#3084=VECTOR('',#11348,10.);
#3085=VECTOR('',#11349,10.);
#3086=VECTOR('',#11350,10.);
#3087=VECTOR('',#11351,10.);
#3088=VECTOR('',#11386,10.);
#3089=VECTOR('',#11389,10.);
#3090=VECTOR('',#11422,10.);
#3091=VECTOR('',#11423,10.);
#3092=VECTOR('',#11424,10.);
#3093=VECTOR('',#11425,10.);
#3094=VECTOR('',#11428,10.);
#3095=VECTOR('',#11429,10.);
#3096=VECTOR('',#11432,10.);
#3097=VECTOR('',#11435,10.);
#3098=VECTOR('',#11440,10.);
#3099=VECTOR('',#11441,10.);
#3100=VECTOR('',#11442,10.);
#3101=VECTOR('',#11443,10.);
#3102=VECTOR('',#11446,10.);
#3103=VECTOR('',#11447,10.);
#3104=VECTOR('',#11450,10.);
#3105=VECTOR('',#11453,10.);
#3106=VECTOR('',#11458,10.);
#3107=VECTOR('',#11459,10.);
#3108=VECTOR('',#11460,10.);
#3109=VECTOR('',#11461,10.);
#3110=VECTOR('',#11464,10.);
#3111=VECTOR('',#11465,10.);
#3112=VECTOR('',#11468,10.);
#3113=VECTOR('',#11471,10.);
#3114=VECTOR('',#11476,10.);
#3115=VECTOR('',#11477,10.);
#3116=VECTOR('',#11478,10.);
#3117=VECTOR('',#11479,10.);
#3118=VECTOR('',#11482,10.);
#3119=VECTOR('',#11483,10.);
#3120=VECTOR('',#11486,10.);
#3121=VECTOR('',#11489,10.);
#3122=VECTOR('',#11494,10.);
#3123=VECTOR('',#11495,10.);
#3124=VECTOR('',#11496,10.);
#3125=VECTOR('',#11497,10.);
#3126=VECTOR('',#11500,10.);
#3127=VECTOR('',#11501,10.);
#3128=VECTOR('',#11504,10.);
#3129=VECTOR('',#11507,10.);
#3130=VECTOR('',#11512,10.);
#3131=VECTOR('',#11513,10.);
#3132=VECTOR('',#11514,10.);
#3133=VECTOR('',#11515,10.);
#3134=VECTOR('',#11518,10.);
#3135=VECTOR('',#11519,10.);
#3136=VECTOR('',#11522,10.);
#3137=VECTOR('',#11525,10.);
#3138=VECTOR('',#11530,10.);
#3139=VECTOR('',#11531,10.);
#3140=VECTOR('',#11532,10.);
#3141=VECTOR('',#11533,10.);
#3142=VECTOR('',#11536,10.);
#3143=VECTOR('',#11537,10.);
#3144=VECTOR('',#11540,10.);
#3145=VECTOR('',#11543,10.);
#3146=VECTOR('',#11548,10.);
#3147=VECTOR('',#11549,10.);
#3148=VECTOR('',#11550,10.);
#3149=VECTOR('',#11551,10.);
#3150=VECTOR('',#11554,10.);
#3151=VECTOR('',#11555,10.);
#3152=VECTOR('',#11558,10.);
#3153=VECTOR('',#11561,10.);
#3154=VECTOR('',#11566,10.);
#3155=VECTOR('',#11567,10.);
#3156=VECTOR('',#11568,10.);
#3157=VECTOR('',#11569,10.);
#3158=VECTOR('',#11572,10.);
#3159=VECTOR('',#11573,10.);
#3160=VECTOR('',#11576,10.);
#3161=VECTOR('',#11579,10.);
#3162=VECTOR('',#11584,10.);
#3163=VECTOR('',#11585,10.);
#3164=VECTOR('',#11586,10.);
#3165=VECTOR('',#11587,10.);
#3166=VECTOR('',#11590,10.);
#3167=VECTOR('',#11591,10.);
#3168=VECTOR('',#11594,10.);
#3169=VECTOR('',#11597,10.);
#3170=VECTOR('',#11602,10.);
#3171=VECTOR('',#11603,10.);
#3172=VECTOR('',#11604,10.);
#3173=VECTOR('',#11605,10.);
#3174=VECTOR('',#11608,10.);
#3175=VECTOR('',#11609,10.);
#3176=VECTOR('',#11612,10.);
#3177=VECTOR('',#11615,10.);
#3178=VECTOR('',#11620,10.);
#3179=VECTOR('',#11621,10.);
#3180=VECTOR('',#11624,10.);
#3181=VECTOR('',#11627,10.);
#3182=VECTOR('',#11630,10.);
#3183=VECTOR('',#11633,10.);
#3184=VECTOR('',#11636,10.);
#3185=VECTOR('',#11637,10.);
#3186=VECTOR('',#11642,10.);
#3187=VECTOR('',#11643,10.);
#3188=VECTOR('',#11644,10.);
#3189=VECTOR('',#11715,10.);
#3190=VECTOR('',#11716,10.);
#3191=VECTOR('',#11729,11.65);
#3192=VECTOR('',#11742,84.);
#3193=VECTOR('',#11745,10.);
#3194=VECTOR('',#11752,10.);
#3195=VECTOR('',#11755,10.);
#3196=VECTOR('',#11760,10.);
#3197=VECTOR('',#11761,10.);
#3198=VECTOR('',#11772,10.);
#3199=VECTOR('',#11775,10.);
#3200=VECTOR('',#11786,10.);
#3201=VECTOR('',#11787,10.);
#3202=VECTOR('',#11790,10.);
#3203=VECTOR('',#11791,10.);
#3204=VECTOR('',#11804,149.);
#3205=VECTOR('',#11807,10.);
#3206=VECTOR('',#11812,10.);
#3207=VECTOR('',#11815,10.);
#3208=VECTOR('',#11818,10.);
#3209=VECTOR('',#11825,10.);
#3210=VECTOR('',#11828,10.);
#3211=VECTOR('',#11837,10.);
#3212=VECTOR('',#11838,149.);
#3213=VECTOR('',#11841,10.);
#3214=VECTOR('',#11842,10.);
#3215=VECTOR('',#11855,149.);
#3216=VECTOR('',#11858,10.);
#3217=VECTOR('',#11863,10.);
#3218=VECTOR('',#11866,10.);
#3219=VECTOR('',#11867,10.);
#3220=VECTOR('',#11874,10.);
#3221=VECTOR('',#11877,84.);
#3222=VECTOR('',#11880,10.);
#3223=VECTOR('',#11881,10.);
#3224=VECTOR('',#11882,10.);
#3225=VECTOR('',#11897,10.);
#3226=VECTOR('',#11906,149.);
#3227=VECTOR('',#11909,10.);
#3228=VECTOR('',#11914,10.);
#3229=VECTOR('',#11915,10.);
#3230=VECTOR('',#11916,10.);
#3231=VECTOR('',#11927,10.);
#3232=VECTOR('',#11930,10.);
#3233=VECTOR('',#11937,10.);
#3234=VECTOR('',#11940,10.);
#3235=VECTOR('',#11945,10.);
#3236=VECTOR('',#11946,10.);
#3237=VECTOR('',#11967,10.);
#3238=VECTOR('',#11968,10.);
#3239=VECTOR('',#11971,10.);
#3240=VECTOR('',#11972,10.);
#3241=VECTOR('',#11973,10.);
#3242=VECTOR('',#11976,149.);
#3243=VECTOR('',#11991,10.);
#3244=VECTOR('',#11994,10.);
#3245=VECTOR('',#11995,149.);
#3246=VECTOR('',#11998,10.);
#3247=VECTOR('',#11999,10.);
#3248=VECTOR('',#12008,149.);
#3249=VECTOR('',#12011,10.);
#3250=VECTOR('',#12016,10.);
#3251=VECTOR('',#12019,10.);
#3252=VECTOR('',#12020,10.);
#3253=VECTOR('',#12027,10.);
#3254=VECTOR('',#12030,149.);
#3255=VECTOR('',#12033,10.);
#3256=VECTOR('',#12034,10.);
#3257=VECTOR('',#12035,10.);
#3258=VECTOR('',#12050,10.);
#3259=VECTOR('',#12059,149.);
#3260=VECTOR('',#12062,10.);
#3261=VECTOR('',#12067,10.);
#3262=VECTOR('',#12070,10.);
#3263=VECTOR('',#12071,10.);
#3264=(
BOUNDED_CURVE()
B_SPLINE_CURVE(2,(#12085,#12086,#12087),.UNSPECIFIED.,.F.,.F.)
B_SPLINE_CURVE_WITH_KNOTS((3,3),(0.205989218491951,0.330489810832681),
 .UNSPECIFIED.)
CURVE()
GEOMETRIC_REPRESENTATION_ITEM()
RATIONAL_B_SPLINE_CURVE((1.32518956721018,1.41241904905741,1.48629923560305))
REPRESENTATION_ITEM('')
);
#3265=(
BOUNDED_CURVE()
B_SPLINE_CURVE(2,(#12091,#12092,#12093),.UNSPECIFIED.,.F.,.F.)
B_SPLINE_CURVE_WITH_KNOTS((3,3),(1.70855910653302,1.83305969886963),
 .UNSPECIFIED.)
CURVE()
GEOMETRIC_REPRESENTATION_ITEM()
RATIONAL_B_SPLINE_CURVE((1.48629923560305,1.41241904905985,1.32518956721596))
REPRESENTATION_ITEM('')
);
#3266=(
BOUNDED_CURVE()
B_SPLINE_CURVE(2,(#12102,#12103,#12104),.UNSPECIFIED.,.F.,.F.)
B_SPLINE_CURVE_WITH_KNOTS((3,3),(1.70855910653302,1.83305969886964),
 .UNSPECIFIED.)
CURVE()
GEOMETRIC_REPRESENTATION_ITEM()
RATIONAL_B_SPLINE_CURVE((1.48629923560306,1.41241904905986,1.32518956721596))
REPRESENTATION_ITEM('')
);
#3267=(
BOUNDED_CURVE()
B_SPLINE_CURVE(2,(#12112,#12113,#12114),.UNSPECIFIED.,.F.,.F.)
B_SPLINE_CURVE_WITH_KNOTS((3,3),(0.205989218491955,0.330489810832686),
 .UNSPECIFIED.)
CURVE()
GEOMETRIC_REPRESENTATION_ITEM()
RATIONAL_B_SPLINE_CURVE((1.32518956721019,1.41241904905741,1.48629923560306))
REPRESENTATION_ITEM('')
);
#3268=VERTEX_POINT('',#12083);
#3269=VERTEX_POINT('',#12084);
#3270=VERTEX_POINT('',#12088);
#3271=VERTEX_POINT('',#12090);
#3272=VERTEX_POINT('',#12094);
#3273=VERTEX_POINT('',#12096);
#3274=VERTEX_POINT('',#12100);
#3275=VERTEX_POINT('',#12101);
#3276=VERTEX_POINT('',#12105);
#3277=VERTEX_POINT('',#12107);
#3278=VERTEX_POINT('',#12109);
#3279=VERTEX_POINT('',#12111);
#3280=VERTEX_POINT('',#12123);
#3281=VERTEX_POINT('',#12126);
#3282=VERTEX_POINT('',#12127);
#3283=VERTEX_POINT('',#12129);
#3284=VERTEX_POINT('',#12131);
#3285=VERTEX_POINT('',#12133);
#3286=VERTEX_POINT('',#12135);
#3287=VERTEX_POINT('',#12137);
#3288=VERTEX_POINT('',#12139);
#3289=VERTEX_POINT('',#12141);
#3290=VERTEX_POINT('',#12143);
#3291=VERTEX_POINT('',#12145);
#3292=VERTEX_POINT('',#12147);
#3293=VERTEX_POINT('',#12149);
#3294=VERTEX_POINT('',#12151);
#3295=VERTEX_POINT('',#12153);
#3296=VERTEX_POINT('',#12155);
#3297=VERTEX_POINT('',#12157);
#3298=VERTEX_POINT('',#12159);
#3299=VERTEX_POINT('',#12161);
#3300=VERTEX_POINT('',#12163);
#3301=VERTEX_POINT('',#12165);
#3302=VERTEX_POINT('',#12167);
#3303=VERTEX_POINT('',#12169);
#3304=VERTEX_POINT('',#12171);
#3305=VERTEX_POINT('',#12173);
#3306=VERTEX_POINT('',#12175);
#3307=VERTEX_POINT('',#12177);
#3308=VERTEX_POINT('',#12179);
#3309=VERTEX_POINT('',#12181);
#3310=VERTEX_POINT('',#12183);
#3311=VERTEX_POINT('',#12185);
#3312=VERTEX_POINT('',#12187);
#3313=VERTEX_POINT('',#12189);
#3314=VERTEX_POINT('',#12191);
#3315=VERTEX_POINT('',#12193);
#3316=VERTEX_POINT('',#12195);
#3317=VERTEX_POINT('',#12197);
#3318=VERTEX_POINT('',#12199);
#3319=VERTEX_POINT('',#12201);
#3320=VERTEX_POINT('',#12203);
#3321=VERTEX_POINT('',#12205);
#3322=VERTEX_POINT('',#12207);
#3323=VERTEX_POINT('',#12209);
#3324=VERTEX_POINT('',#12211);
#3325=VERTEX_POINT('',#12213);
#3326=VERTEX_POINT('',#12215);
#3327=VERTEX_POINT('',#12217);
#3328=VERTEX_POINT('',#12219);
#3329=VERTEX_POINT('',#12221);
#3330=VERTEX_POINT('',#12223);
#3331=VERTEX_POINT('',#12225);
#3332=VERTEX_POINT('',#12227);
#3333=VERTEX_POINT('',#12229);
#3334=VERTEX_POINT('',#12231);
#3335=VERTEX_POINT('',#12233);
#3336=VERTEX_POINT('',#12235);
#3337=VERTEX_POINT('',#12237);
#3338=VERTEX_POINT('',#12239);
#3339=VERTEX_POINT('',#12241);
#3340=VERTEX_POINT('',#12243);
#3341=VERTEX_POINT('',#12245);
#3342=VERTEX_POINT('',#12247);
#3343=VERTEX_POINT('',#12249);
#3344=VERTEX_POINT('',#12251);
#3345=VERTEX_POINT('',#12253);
#3346=VERTEX_POINT('',#12255);
#3347=VERTEX_POINT('',#12257);
#3348=VERTEX_POINT('',#12259);
#3349=VERTEX_POINT('',#12261);
#3350=VERTEX_POINT('',#12263);
#3351=VERTEX_POINT('',#12265);
#3352=VERTEX_POINT('',#12269);
#3353=VERTEX_POINT('',#12271);
#3354=VERTEX_POINT('',#12273);
#3355=VERTEX_POINT('',#12275);
#3356=VERTEX_POINT('',#12276);
#3357=VERTEX_POINT('',#12278);
#3358=VERTEX_POINT('',#12280);
#3359=VERTEX_POINT('',#12282);
#3360=VERTEX_POINT('',#12284);
#3361=VERTEX_POINT('',#12286);
#3362=VERTEX_POINT('',#12288);
#3363=VERTEX_POINT('',#12291);
#3364=VERTEX_POINT('',#12293);
#3365=VERTEX_POINT('',#12295);
#3366=VERTEX_POINT('',#12300);
#3367=VERTEX_POINT('',#12304);
#3368=VERTEX_POINT('',#12308);
#3369=VERTEX_POINT('',#12310);
#3370=VERTEX_POINT('',#12314);
#3371=VERTEX_POINT('',#12320);
#3372=VERTEX_POINT('',#12324);
#3373=VERTEX_POINT('',#12328);
#3374=VERTEX_POINT('',#12332);
#3375=VERTEX_POINT('',#12336);
#3376=VERTEX_POINT('',#12340);
#3377=VERTEX_POINT('',#12344);
#3378=VERTEX_POINT('',#12348);
#3379=VERTEX_POINT('',#12352);
#3380=VERTEX_POINT('',#12356);
#3381=VERTEX_POINT('',#12360);
#3382=VERTEX_POINT('',#12364);
#3383=VERTEX_POINT('',#12368);
#3384=VERTEX_POINT('',#12370);
#3385=VERTEX_POINT('',#12376);
#3386=VERTEX_POINT('',#12378);
#3387=VERTEX_POINT('',#12384);
#3388=VERTEX_POINT('',#12386);
#3389=VERTEX_POINT('',#12392);
#3390=VERTEX_POINT('',#12394);
#3391=VERTEX_POINT('',#12401);
#3392=VERTEX_POINT('',#12403);
#3393=VERTEX_POINT('',#12409);
#3394=VERTEX_POINT('',#12411);
#3395=VERTEX_POINT('',#12417);
#3396=VERTEX_POINT('',#12418);
#3397=VERTEX_POINT('',#12425);
#3398=VERTEX_POINT('',#12427);
#3399=VERTEX_POINT('',#12434);
#3400=VERTEX_POINT('',#12436);
#3401=VERTEX_POINT('',#12441);
#3402=VERTEX_POINT('',#12445);
#3403=VERTEX_POINT('',#12446);
#3404=VERTEX_POINT('',#12453);
#3405=VERTEX_POINT('',#12455);
#3406=VERTEX_POINT('',#12462);
#3407=VERTEX_POINT('',#12464);
#3408=VERTEX_POINT('',#12469);
#3409=VERTEX_POINT('',#12473);
#3410=VERTEX_POINT('',#12474);
#3411=VERTEX_POINT('',#12481);
#3412=VERTEX_POINT('',#12483);
#3413=VERTEX_POINT('',#12490);
#3414=VERTEX_POINT('',#12492);
#3415=VERTEX_POINT('',#12497);
#3416=VERTEX_POINT('',#12501);
#3417=VERTEX_POINT('',#12502);
#3418=VERTEX_POINT('',#12509);
#3419=VERTEX_POINT('',#12511);
#3420=VERTEX_POINT('',#12518);
#3421=VERTEX_POINT('',#12520);
#3422=VERTEX_POINT('',#12525);
#3423=VERTEX_POINT('',#12529);
#3424=VERTEX_POINT('',#12530);
#3425=VERTEX_POINT('',#12537);
#3426=VERTEX_POINT('',#12539);
#3427=VERTEX_POINT('',#12546);
#3428=VERTEX_POINT('',#12548);
#3429=VERTEX_POINT('',#12553);
#3430=VERTEX_POINT('',#12557);
#3431=VERTEX_POINT('',#12558);
#3432=VERTEX_POINT('',#12565);
#3433=VERTEX_POINT('',#12567);
#3434=VERTEX_POINT('',#12574);
#3435=VERTEX_POINT('',#12576);
#3436=VERTEX_POINT('',#12581);
#3437=VERTEX_POINT('',#12585);
#3438=VERTEX_POINT('',#12586);
#3439=VERTEX_POINT('',#12593);
#3440=VERTEX_POINT('',#12595);
#3441=VERTEX_POINT('',#12602);
#3442=VERTEX_POINT('',#12604);
#3443=VERTEX_POINT('',#12609);
#3444=VERTEX_POINT('',#12613);
#3445=VERTEX_POINT('',#12614);
#3446=VERTEX_POINT('',#12621);
#3447=VERTEX_POINT('',#12623);
#3448=VERTEX_POINT('',#12630);
#3449=VERTEX_POINT('',#12632);
#3450=VERTEX_POINT('',#12637);
#3451=VERTEX_POINT('',#12641);
#3452=VERTEX_POINT('',#12642);
#3453=VERTEX_POINT('',#12649);
#3454=VERTEX_POINT('',#12651);
#3455=VERTEX_POINT('',#12658);
#3456=VERTEX_POINT('',#12660);
#3457=VERTEX_POINT('',#12665);
#3458=VERTEX_POINT('',#12669);
#3459=VERTEX_POINT('',#12670);
#3460=VERTEX_POINT('',#12677);
#3461=VERTEX_POINT('',#12679);
#3462=VERTEX_POINT('',#12686);
#3463=VERTEX_POINT('',#12688);
#3464=VERTEX_POINT('',#12693);
#3465=VERTEX_POINT('',#12697);
#3466=VERTEX_POINT('',#12698);
#3467=VERTEX_POINT('',#12705);
#3468=VERTEX_POINT('',#12707);
#3469=VERTEX_POINT('',#12714);
#3470=VERTEX_POINT('',#12716);
#3471=VERTEX_POINT('',#12721);
#3472=VERTEX_POINT('',#12725);
#3473=VERTEX_POINT('',#12726);
#3474=VERTEX_POINT('',#12733);
#3475=VERTEX_POINT('',#12735);
#3476=VERTEX_POINT('',#12742);
#3477=VERTEX_POINT('',#12744);
#3478=VERTEX_POINT('',#12749);
#3479=VERTEX_POINT('',#12753);
#3480=VERTEX_POINT('',#12754);
#3481=VERTEX_POINT('',#12761);
#3482=VERTEX_POINT('',#12763);
#3483=VERTEX_POINT('',#12766);
#3484=VERTEX_POINT('',#12768);
#3485=VERTEX_POINT('',#12777);
#3486=VERTEX_POINT('',#12781);
#3487=VERTEX_POINT('',#12782);
#3488=VERTEX_POINT('',#12789);
#3489=VERTEX_POINT('',#12791);
#3490=VERTEX_POINT('',#12794);
#3491=VERTEX_POINT('',#12796);
#3492=VERTEX_POINT('',#12805);
#3493=VERTEX_POINT('',#12809);
#3494=VERTEX_POINT('',#12810);
#3495=VERTEX_POINT('',#12817);
#3496=VERTEX_POINT('',#12819);
#3497=VERTEX_POINT('',#12822);
#3498=VERTEX_POINT('',#12824);
#3499=VERTEX_POINT('',#12833);
#3500=VERTEX_POINT('',#12837);
#3501=VERTEX_POINT('',#12838);
#3502=VERTEX_POINT('',#12845);
#3503=VERTEX_POINT('',#12847);
#3504=VERTEX_POINT('',#12850);
#3505=VERTEX_POINT('',#12852);
#3506=VERTEX_POINT('',#12861);
#3507=VERTEX_POINT('',#12865);
#3508=VERTEX_POINT('',#12866);
#3509=VERTEX_POINT('',#12868);
#3510=VERTEX_POINT('',#12870);
#3511=VERTEX_POINT('',#12874);
#3512=VERTEX_POINT('',#12875);
#3513=VERTEX_POINT('',#12880);
#3514=VERTEX_POINT('',#12881);
#3515=VERTEX_POINT('',#12886);
#3516=VERTEX_POINT('',#12887);
#3517=VERTEX_POINT('',#12892);
#3518=VERTEX_POINT('',#12893);
#3519=VERTEX_POINT('',#12898);
#3520=VERTEX_POINT('',#12899);
#3521=VERTEX_POINT('',#12904);
#3522=VERTEX_POINT('',#12905);
#3523=VERTEX_POINT('',#12913);
#3524=VERTEX_POINT('',#12915);
#3525=VERTEX_POINT('',#12917);
#3526=VERTEX_POINT('',#12919);
#3527=VERTEX_POINT('',#12921);
#3528=VERTEX_POINT('',#12923);
#3529=VERTEX_POINT('',#12927);
#3530=VERTEX_POINT('',#12929);
#3531=VERTEX_POINT('',#12931);
#3532=VERTEX_POINT('',#12933);
#3533=VERTEX_POINT('',#12935);
#3534=VERTEX_POINT('',#12937);
#3535=VERTEX_POINT('',#12939);
#3536=VERTEX_POINT('',#12941);
#3537=VERTEX_POINT('',#12943);
#3538=VERTEX_POINT('',#12945);
#3539=VERTEX_POINT('',#12947);
#3540=VERTEX_POINT('',#12949);
#3541=VERTEX_POINT('',#12951);
#3542=VERTEX_POINT('',#12953);
#3543=VERTEX_POINT('',#12955);
#3544=VERTEX_POINT('',#12957);
#3545=VERTEX_POINT('',#12959);
#3546=VERTEX_POINT('',#12962);
#3547=VERTEX_POINT('',#12963);
#3548=VERTEX_POINT('',#12965);
#3549=VERTEX_POINT('',#12967);
#3550=VERTEX_POINT('',#12970);
#3551=VERTEX_POINT('',#12971);
#3552=VERTEX_POINT('',#12973);
#3553=VERTEX_POINT('',#12975);
#3554=VERTEX_POINT('',#12978);
#3555=VERTEX_POINT('',#12979);
#3556=VERTEX_POINT('',#12981);
#3557=VERTEX_POINT('',#12983);
#3558=VERTEX_POINT('',#12986);
#3559=VERTEX_POINT('',#12987);
#3560=VERTEX_POINT('',#12989);
#3561=VERTEX_POINT('',#12991);
#3562=VERTEX_POINT('',#12995);
#3563=VERTEX_POINT('',#12997);
#3564=VERTEX_POINT('',#12999);
#3565=VERTEX_POINT('',#13001);
#3566=VERTEX_POINT('',#13003);
#3567=VERTEX_POINT('',#13007);
#3568=VERTEX_POINT('',#13009);
#3569=VERTEX_POINT('',#13011);
#3570=VERTEX_POINT('',#13013);
#3571=VERTEX_POINT('',#13018);
#3572=VERTEX_POINT('',#13020);
#3573=VERTEX_POINT('',#13022);
#3574=VERTEX_POINT('',#13024);
#3575=VERTEX_POINT('',#13029);
#3576=VERTEX_POINT('',#13033);
#3577=VERTEX_POINT('',#13034);
#3578=VERTEX_POINT('',#13036);
#3579=VERTEX_POINT('',#13038);
#3580=VERTEX_POINT('',#13042);
#3581=VERTEX_POINT('',#13044);
#3582=VERTEX_POINT('',#13048);
#3583=VERTEX_POINT('',#13052);
#3584=VERTEX_POINT('',#13054);
#3585=VERTEX_POINT('',#13058);
#3586=VERTEX_POINT('',#13060);
#3587=VERTEX_POINT('',#13064);
#3588=VERTEX_POINT('',#13066);
#3589=VERTEX_POINT('',#13070);
#3590=VERTEX_POINT('',#13072);
#3591=VERTEX_POINT('',#13076);
#3592=VERTEX_POINT('',#13080);
#3593=VERTEX_POINT('',#13082);
#3594=VERTEX_POINT('',#13086);
#3595=VERTEX_POINT('',#13088);
#3596=VERTEX_POINT('',#13092);
#3597=VERTEX_POINT('',#13112);
#3598=VERTEX_POINT('',#13116);
#3599=VERTEX_POINT('',#13117);
#3600=VERTEX_POINT('',#13164);
#3601=VERTEX_POINT('',#13166);
#3602=VERTEX_POINT('',#13173);
#3603=VERTEX_POINT('',#13180);
#3604=VERTEX_POINT('',#13184);
#3605=VERTEX_POINT('',#13186);
#3606=VERTEX_POINT('',#13234);
#3607=VERTEX_POINT('',#13239);
#3608=VERTEX_POINT('',#13241);
#3609=VERTEX_POINT('',#13250);
#3610=VERTEX_POINT('',#13255);
#3611=VERTEX_POINT('',#13257);
#3612=VERTEX_POINT('',#13259);
#3613=VERTEX_POINT('',#13261);
#3614=VERTEX_POINT('',#13263);
#3615=VERTEX_POINT('',#13265);
#3616=VERTEX_POINT('',#13267);
#3617=VERTEX_POINT('',#13269);
#3618=VERTEX_POINT('',#13271);
#3619=VERTEX_POINT('',#13273);
#3620=VERTEX_POINT('',#13275);
#3621=VERTEX_POINT('',#13277);
#3622=VERTEX_POINT('',#13279);
#3623=VERTEX_POINT('',#13281);
#3624=VERTEX_POINT('',#13283);
#3625=VERTEX_POINT('',#13285);
#3626=VERTEX_POINT('',#13287);
#3627=VERTEX_POINT('',#13289);
#3628=VERTEX_POINT('',#13291);
#3629=VERTEX_POINT('',#13293);
#3630=VERTEX_POINT('',#13295);
#3631=VERTEX_POINT('',#13297);
#3632=VERTEX_POINT('',#13299);
#3633=VERTEX_POINT('',#13301);
#3634=VERTEX_POINT('',#13303);
#3635=VERTEX_POINT('',#13305);
#3636=VERTEX_POINT('',#13307);
#3637=VERTEX_POINT('',#13310);
#3638=VERTEX_POINT('',#13312);
#3639=VERTEX_POINT('',#13316);
#3640=VERTEX_POINT('',#13319);
#3641=VERTEX_POINT('',#13322);
#3642=VERTEX_POINT('',#13325);
#3643=VERTEX_POINT('',#13328);
#3644=VERTEX_POINT('',#13330);
#3645=VERTEX_POINT('',#13333);
#3646=VERTEX_POINT('',#13335);
#3647=VERTEX_POINT('',#13338);
#3648=VERTEX_POINT('',#13340);
#3649=VERTEX_POINT('',#13342);
#3650=VERTEX_POINT('',#13345);
#3651=VERTEX_POINT('',#13347);
#3652=VERTEX_POINT('',#13349);
#3653=VERTEX_POINT('',#13352);
#3654=VERTEX_POINT('',#13354);
#3655=VERTEX_POINT('',#13357);
#3656=VERTEX_POINT('',#13359);
#3657=VERTEX_POINT('',#13361);
#3658=VERTEX_POINT('',#13364);
#3659=VERTEX_POINT('',#13366);
#3660=VERTEX_POINT('',#13368);
#3661=VERTEX_POINT('',#13371);
#3662=VERTEX_POINT('',#13373);
#3663=VERTEX_POINT('',#13376);
#3664=VERTEX_POINT('',#13378);
#3665=VERTEX_POINT('',#13381);
#3666=VERTEX_POINT('',#13383);
#3667=VERTEX_POINT('',#13386);
#3668=VERTEX_POINT('',#13388);
#3669=VERTEX_POINT('',#13390);
#3670=VERTEX_POINT('',#13393);
#3671=VERTEX_POINT('',#13395);
#3672=VERTEX_POINT('',#13397);
#3673=VERTEX_POINT('',#13400);
#3674=VERTEX_POINT('',#13402);
#3675=VERTEX_POINT('',#13405);
#3676=VERTEX_POINT('',#13407);
#3677=VERTEX_POINT('',#13409);
#3678=VERTEX_POINT('',#13412);
#3679=VERTEX_POINT('',#13414);
#3680=VERTEX_POINT('',#13416);
#3681=VERTEX_POINT('',#13419);
#3682=VERTEX_POINT('',#13421);
#3683=VERTEX_POINT('',#13473);
#3684=VERTEX_POINT('',#13475);
#3685=VERTEX_POINT('',#13482);
#3686=VERTEX_POINT('',#13484);
#3687=VERTEX_POINT('',#13529);
#3688=VERTEX_POINT('',#13530);
#3689=VERTEX_POINT('',#13532);
#3690=VERTEX_POINT('',#13534);
#3691=VERTEX_POINT('',#13538);
#3692=VERTEX_POINT('',#13540);
#3693=VERTEX_POINT('',#13544);
#3694=VERTEX_POINT('',#13546);
#3695=VERTEX_POINT('',#13550);
#3696=VERTEX_POINT('',#13554);
#3697=VERTEX_POINT('',#13562);
#3698=VERTEX_POINT('',#13566);
#3699=VERTEX_POINT('',#13568);
#3700=VERTEX_POINT('',#13572);
#3701=VERTEX_POINT('',#13574);
#3702=VERTEX_POINT('',#13578);
#3703=VERTEX_POINT('',#13579);
#3704=VERTEX_POINT('',#13581);
#3705=VERTEX_POINT('',#13583);
#3706=VERTEX_POINT('',#13587);
#3707=VERTEX_POINT('',#13589);
#3708=VERTEX_POINT('',#13593);
#3709=VERTEX_POINT('',#13595);
#3710=VERTEX_POINT('',#13599);
#3711=VERTEX_POINT('',#13601);
#3712=VERTEX_POINT('',#13605);
#3713=VERTEX_POINT('',#13607);
#3714=VERTEX_POINT('',#13611);
#3715=VERTEX_POINT('',#13613);
#3716=VERTEX_POINT('',#13617);
#3717=VERTEX_POINT('',#13619);
#3718=VERTEX_POINT('',#13623);
#3719=VERTEX_POINT('',#13625);
#3720=VERTEX_POINT('',#13634);
#3721=VERTEX_POINT('',#13636);
#3722=VERTEX_POINT('',#13640);
#3723=VERTEX_POINT('',#13642);
#3724=VERTEX_POINT('',#13646);
#3725=VERTEX_POINT('',#13647);
#3726=VERTEX_POINT('',#13654);
#3727=VERTEX_POINT('',#13656);
#3728=VERTEX_POINT('',#13660);
#3729=VERTEX_POINT('',#13662);
#3730=VERTEX_POINT('',#13666);
#3731=VERTEX_POINT('',#13670);
#3732=VERTEX_POINT('',#13672);
#3733=VERTEX_POINT('',#13676);
#3734=VERTEX_POINT('',#13680);
#3735=VERTEX_POINT('',#13682);
#3736=VERTEX_POINT('',#13686);
#3737=VERTEX_POINT('',#13688);
#3738=VERTEX_POINT('',#13692);
#3739=VERTEX_POINT('',#13696);
#3740=VERTEX_POINT('',#13698);
#3741=VERTEX_POINT('',#13702);
#3742=VERTEX_POINT('',#13704);
#3743=VERTEX_POINT('',#13708);
#3744=VERTEX_POINT('',#13710);
#3745=VERTEX_POINT('',#13714);
#3746=VERTEX_POINT('',#13716);
#3747=VERTEX_POINT('',#13720);
#3748=VERTEX_POINT('',#13722);
#3749=VERTEX_POINT('',#13726);
#3750=VERTEX_POINT('',#13730);
#3751=VERTEX_POINT('',#13732);
#3752=VERTEX_POINT('',#13736);
#3753=VERTEX_POINT('',#13738);
#3754=VERTEX_POINT('',#13742);
#3755=VERTEX_POINT('',#13746);
#3756=VERTEX_POINT('',#13748);
#3757=VERTEX_POINT('',#13752);
#3758=VERTEX_POINT('',#13756);
#3759=VERTEX_POINT('',#13758);
#3760=VERTEX_POINT('',#13762);
#3761=VERTEX_POINT('',#13764);
#3762=VERTEX_POINT('',#13768);
#3763=VERTEX_POINT('',#13770);
#3764=VERTEX_POINT('',#13774);
#3765=VERTEX_POINT('',#13778);
#3766=VERTEX_POINT('',#13784);
#3767=VERTEX_POINT('',#13786);
#3768=VERTEX_POINT('',#13792);
#3769=VERTEX_POINT('',#13794);
#3770=VERTEX_POINT('',#13798);
#3771=VERTEX_POINT('',#13802);
#3772=VERTEX_POINT('',#13806);
#3773=VERTEX_POINT('',#13812);
#3774=VERTEX_POINT('',#13814);
#3775=VERTEX_POINT('',#13820);
#3776=VERTEX_POINT('',#13826);
#3777=VERTEX_POINT('',#13832);
#3778=VERTEX_POINT('',#13836);
#3779=VERTEX_POINT('',#13842);
#3780=VERTEX_POINT('',#13846);
#3781=VERTEX_POINT('',#13852);
#3782=VERTEX_POINT('',#13856);
#3783=VERTEX_POINT('',#13862);
#3784=VERTEX_POINT('',#13868);
#3785=VERTEX_POINT('',#13872);
#3786=VERTEX_POINT('',#13878);
#3787=VERTEX_POINT('',#13882);
#3788=VERTEX_POINT('',#13888);
#3789=VERTEX_POINT('',#13892);
#3790=VERTEX_POINT('',#13898);
#3791=VERTEX_POINT('',#13902);
#3792=VERTEX_POINT('',#13908);
#3793=VERTEX_POINT('',#13912);
#3794=VERTEX_POINT('',#13918);
#3795=VERTEX_POINT('',#13922);
#3796=VERTEX_POINT('',#13928);
#3797=VERTEX_POINT('',#13932);
#3798=VERTEX_POINT('',#13938);
#3799=VERTEX_POINT('',#13942);
#3800=VERTEX_POINT('',#13947);
#3801=VERTEX_POINT('',#13949);
#3802=VERTEX_POINT('',#13951);
#3803=VERTEX_POINT('',#13953);
#3804=VERTEX_POINT('',#13956);
#3805=VERTEX_POINT('',#13959);
#3806=VERTEX_POINT('',#13961);
#3807=VERTEX_POINT('',#13963);
#3808=VERTEX_POINT('',#13966);
#3809=VERTEX_POINT('',#13968);
#3810=VERTEX_POINT('',#13970);
#3811=VERTEX_POINT('',#13972);
#3812=VERTEX_POINT('',#13974);
#3813=VERTEX_POINT('',#13976);
#3814=VERTEX_POINT('',#13978);
#3815=VERTEX_POINT('',#13980);
#3816=VERTEX_POINT('',#13982);
#3817=VERTEX_POINT('',#13984);
#3818=VERTEX_POINT('',#13986);
#3819=VERTEX_POINT('',#13988);
#3820=VERTEX_POINT('',#13990);
#3821=VERTEX_POINT('',#13992);
#3822=VERTEX_POINT('',#13994);
#3823=VERTEX_POINT('',#13997);
#3824=VERTEX_POINT('',#14000);
#3825=VERTEX_POINT('',#14002);
#3826=VERTEX_POINT('',#14004);
#3827=VERTEX_POINT('',#14006);
#3828=VERTEX_POINT('',#14008);
#3829=VERTEX_POINT('',#14010);
#3830=VERTEX_POINT('',#14013);
#3831=VERTEX_POINT('',#14015);
#3832=VERTEX_POINT('',#14017);
#3833=VERTEX_POINT('',#14020);
#3834=VERTEX_POINT('',#14022);
#3835=VERTEX_POINT('',#14024);
#3836=VERTEX_POINT('',#14026);
#3837=VERTEX_POINT('',#14028);
#3838=VERTEX_POINT('',#14030);
#3839=VERTEX_POINT('',#14032);
#3840=VERTEX_POINT('',#14034);
#3841=VERTEX_POINT('',#14036);
#3842=VERTEX_POINT('',#14038);
#3843=VERTEX_POINT('',#14041);
#3844=VERTEX_POINT('',#14043);
#3845=VERTEX_POINT('',#14045);
#3846=VERTEX_POINT('',#14048);
#3847=VERTEX_POINT('',#14050);
#3848=VERTEX_POINT('',#14060);
#3849=VERTEX_POINT('',#14063);
#3850=VERTEX_POINT('',#14164);
#3851=VERTEX_POINT('',#14165);
#3852=VERTEX_POINT('',#14167);
#3853=VERTEX_POINT('',#14181);
#3854=VERTEX_POINT('',#14220);
#3855=VERTEX_POINT('',#14230);
#3856=VERTEX_POINT('',#14236);
#3857=VERTEX_POINT('',#14294);
#3858=VERTEX_POINT('',#14342);
#3859=VERTEX_POINT('',#14344);
#3860=VERTEX_POINT('',#14347);
#3861=VERTEX_POINT('',#14349);
#3862=VERTEX_POINT('',#14353);
#3863=VERTEX_POINT('',#14354);
#3864=VERTEX_POINT('',#14356);
#3865=VERTEX_POINT('',#14358);
#3866=VERTEX_POINT('',#14361);
#3867=VERTEX_POINT('',#14362);
#3868=VERTEX_POINT('',#14364);
#3869=VERTEX_POINT('',#14366);
#3870=VERTEX_POINT('',#14369);
#3871=VERTEX_POINT('',#14370);
#3872=VERTEX_POINT('',#14372);
#3873=VERTEX_POINT('',#14374);
#3874=VERTEX_POINT('',#14411);
#3875=VERTEX_POINT('',#14413);
#3876=VERTEX_POINT('',#14464);
#3877=VERTEX_POINT('',#14466);
#3878=VERTEX_POINT('',#14469);
#3879=VERTEX_POINT('',#14471);
#3880=VERTEX_POINT('',#14474);
#3881=VERTEX_POINT('',#14476);
#3882=VERTEX_POINT('',#14479);
#3883=VERTEX_POINT('',#14481);
#3884=VERTEX_POINT('',#14485);
#3885=VERTEX_POINT('',#14486);
#3886=VERTEX_POINT('',#14488);
#3887=VERTEX_POINT('',#14490);
#3888=VERTEX_POINT('',#14493);
#3889=VERTEX_POINT('',#14494);
#3890=VERTEX_POINT('',#14496);
#3891=VERTEX_POINT('',#14498);
#3892=VERTEX_POINT('',#14501);
#3893=VERTEX_POINT('',#14502);
#3894=VERTEX_POINT('',#14504);
#3895=VERTEX_POINT('',#14506);
#3896=VERTEX_POINT('',#14509);
#3897=VERTEX_POINT('',#14510);
#3898=VERTEX_POINT('',#14512);
#3899=VERTEX_POINT('',#14514);
#3900=VERTEX_POINT('',#14534);
#3901=VERTEX_POINT('',#14559);
#3902=VERTEX_POINT('',#14599);
#3903=VERTEX_POINT('',#14600);
#3904=VERTEX_POINT('',#14602);
#3905=VERTEX_POINT('',#14604);
#3906=VERTEX_POINT('',#14616);
#3907=VERTEX_POINT('',#14617);
#3908=VERTEX_POINT('',#14619);
#3909=VERTEX_POINT('',#14621);
#3910=VERTEX_POINT('',#14633);
#3911=VERTEX_POINT('',#14634);
#3912=VERTEX_POINT('',#14636);
#3913=VERTEX_POINT('',#14638);
#3914=VERTEX_POINT('',#14650);
#3915=VERTEX_POINT('',#14651);
#3916=VERTEX_POINT('',#14653);
#3917=VERTEX_POINT('',#14655);
#3918=VERTEX_POINT('',#14667);
#3919=VERTEX_POINT('',#14668);
#3920=VERTEX_POINT('',#14670);
#3921=VERTEX_POINT('',#14672);
#3922=VERTEX_POINT('',#14684);
#3923=VERTEX_POINT('',#14685);
#3924=VERTEX_POINT('',#14687);
#3925=VERTEX_POINT('',#14689);
#3926=VERTEX_POINT('',#14701);
#3927=VERTEX_POINT('',#14702);
#3928=VERTEX_POINT('',#14704);
#3929=VERTEX_POINT('',#14706);
#3930=VERTEX_POINT('',#14718);
#3931=VERTEX_POINT('',#14719);
#3932=VERTEX_POINT('',#14721);
#3933=VERTEX_POINT('',#14723);
#3934=VERTEX_POINT('',#14735);
#3935=VERTEX_POINT('',#14736);
#3936=VERTEX_POINT('',#14738);
#3937=VERTEX_POINT('',#14740);
#3938=VERTEX_POINT('',#14752);
#3939=VERTEX_POINT('',#14753);
#3940=VERTEX_POINT('',#14755);
#3941=VERTEX_POINT('',#14757);
#3942=VERTEX_POINT('',#14769);
#3943=VERTEX_POINT('',#14770);
#3944=VERTEX_POINT('',#14772);
#3945=VERTEX_POINT('',#14774);
#3946=VERTEX_POINT('',#14786);
#3947=VERTEX_POINT('',#14787);
#3948=VERTEX_POINT('',#14789);
#3949=VERTEX_POINT('',#14791);
#3950=VERTEX_POINT('',#14793);
#3951=VERTEX_POINT('',#14795);
#3952=VERTEX_POINT('',#14799);
#3953=VERTEX_POINT('',#14800);
#3954=VERTEX_POINT('',#14802);
#3955=VERTEX_POINT('',#14804);
#3956=VERTEX_POINT('',#14806);
#3957=VERTEX_POINT('',#14808);
#3958=VERTEX_POINT('',#14813);
#3959=VERTEX_POINT('',#14815);
#3960=VERTEX_POINT('',#14973);
#3961=VERTEX_POINT('',#14979);
#3962=VERTEX_POINT('',#14982);
#3963=VERTEX_POINT('',#14983);
#3964=VERTEX_POINT('',#14991);
#3965=VERTEX_POINT('',#14992);
#3966=VERTEX_POINT('',#14994);
#3967=VERTEX_POINT('',#14996);
#3968=VERTEX_POINT('',#14998);
#3969=VERTEX_POINT('',#15000);
#3970=VERTEX_POINT('',#15004);
#3971=VERTEX_POINT('',#15011);
#3972=VERTEX_POINT('',#15015);
#3973=VERTEX_POINT('',#15027);
#3974=VERTEX_POINT('',#15028);
#3975=VERTEX_POINT('',#15033);
#3976=VERTEX_POINT('',#15035);
#3977=VERTEX_POINT('',#15039);
#3978=VERTEX_POINT('',#15040);
#3979=VERTEX_POINT('',#15050);
#3980=VERTEX_POINT('',#15051);
#3981=VERTEX_POINT('',#15056);
#3982=VERTEX_POINT('',#15065);
#3983=VERTEX_POINT('',#15066);
#3984=VERTEX_POINT('',#15068);
#3985=VERTEX_POINT('',#15070);
#3986=VERTEX_POINT('',#15074);
#3987=VERTEX_POINT('',#15081);
#3988=VERTEX_POINT('',#15091);
#3989=VERTEX_POINT('',#15092);
#3990=VERTEX_POINT('',#15094);
#3991=VERTEX_POINT('',#15096);
#3992=VERTEX_POINT('',#15100);
#3993=VERTEX_POINT('',#15107);
#3994=VERTEX_POINT('',#15111);
#3995=VERTEX_POINT('',#15112);
#3996=VERTEX_POINT('',#15120);
#3997=VERTEX_POINT('',#15129);
#3998=VERTEX_POINT('',#15130);
#3999=VERTEX_POINT('',#15132);
#4000=VERTEX_POINT('',#15134);
#4001=VERTEX_POINT('',#15138);
#4002=VERTEX_POINT('',#15145);
#4003=VERTEX_POINT('',#15155);
#4004=VERTEX_POINT('',#15156);
#4005=VERTEX_POINT('',#15161);
#4006=VERTEX_POINT('',#15163);
#4007=VERTEX_POINT('',#15167);
#4008=VERTEX_POINT('',#15168);
#4009=VERTEX_POINT('',#15175);
#4010=VERTEX_POINT('',#15176);
#4011=VERTEX_POINT('',#15186);
#4012=VERTEX_POINT('',#15193);
#4013=VERTEX_POINT('',#15194);
#4014=VERTEX_POINT('',#15196);
#4015=VERTEX_POINT('',#15198);
#4016=VERTEX_POINT('',#15202);
#4017=VERTEX_POINT('',#15204);
#4018=VERTEX_POINT('',#15219);
#4019=VERTEX_POINT('',#15220);
#4020=VERTEX_POINT('',#15222);
#4021=VERTEX_POINT('',#15224);
#4022=VERTEX_POINT('',#15226);
#4023=VERTEX_POINT('',#15228);
#4024=VERTEX_POINT('',#15232);
#4025=VERTEX_POINT('',#15234);
#4026=VERTEX_POINT('',#15245);
#4027=VERTEX_POINT('',#15257);
#4028=VERTEX_POINT('',#15258);
#4029=VERTEX_POINT('',#15263);
#4030=VERTEX_POINT('',#15265);
#4031=VERTEX_POINT('',#15269);
#4032=VERTEX_POINT('',#15270);
#4033=VERTEX_POINT('',#15275);
#4034=VERTEX_POINT('',#15277);
#4035=VERTEX_POINT('',#15281);
#4036=VERTEX_POINT('',#15293);
#4037=VERTEX_POINT('',#15294);
#4038=VERTEX_POINT('',#15296);
#4039=VERTEX_POINT('',#15303);
#4040=VERTEX_POINT('',#15305);
#4041=VERTEX_POINT('',#15312);
#4042=VERTEX_POINT('',#15319);
#4043=VERTEX_POINT('',#15320);
#4044=VERTEX_POINT('',#15322);
#4045=VERTEX_POINT('',#15324);
#4046=VERTEX_POINT('',#15328);
#4047=VERTEX_POINT('',#15335);
#4048=VERTEX_POINT('',#15345);
#4049=VERTEX_POINT('',#15346);
#4050=VERTEX_POINT('',#15351);
#4051=VERTEX_POINT('',#15353);
#4052=VERTEX_POINT('',#15357);
#4053=VERTEX_POINT('',#15358);
#4054=VERTEX_POINT('',#15365);
#4055=VERTEX_POINT('',#15366);
#4056=VERTEX_POINT('',#15376);
#4057=VERTEX_POINT('',#15383);
#4058=VERTEX_POINT('',#15384);
#4059=VERTEX_POINT('',#15386);
#4060=VERTEX_POINT('',#15388);
#4061=VERTEX_POINT('',#15392);
#4062=VERTEX_POINT('',#15399);
#4063=EDGE_CURVE('',#3268,#3269,#3264,.T.);
#4064=EDGE_CURVE('',#3268,#3270,#1992,.T.);
#4065=EDGE_CURVE('',#3271,#3270,#3265,.T.);
#4066=EDGE_CURVE('',#3272,#3271,#1993,.T.);
#4067=EDGE_CURVE('',#3273,#3272,#1994,.T.);
#4068=EDGE_CURVE('',#3269,#3273,#1995,.T.);
#4069=EDGE_CURVE('',#3274,#3275,#3266,.T.);
#4070=EDGE_CURVE('',#3276,#3274,#1996,.T.);
#4071=EDGE_CURVE('',#3277,#3276,#1997,.T.);
#4072=EDGE_CURVE('',#3278,#3277,#1998,.T.);
#4073=EDGE_CURVE('',#3279,#3278,#3267,.T.);
#4074=EDGE_CURVE('',#3279,#3275,#1999,.T.);
#4075=EDGE_CURVE('',#3278,#3274,#243,.T.);
#4076=EDGE_CURVE('',#3276,#3277,#244,.T.);
#4077=EDGE_CURVE('',#3275,#3279,#245,.T.);
#4078=EDGE_CURVE('',#3272,#3273,#246,.T.);
#4079=EDGE_CURVE('',#3280,#3280,#247,.T.);
#4080=EDGE_CURVE('',#3281,#3282,#248,.T.);
#4081=EDGE_CURVE('',#3282,#3283,#249,.T.);
#4082=EDGE_CURVE('',#3283,#3284,#2000,.T.);
#4083=EDGE_CURVE('',#3284,#3285,#2001,.T.);
#4084=EDGE_CURVE('',#3285,#3286,#2002,.T.);
#4085=EDGE_CURVE('',#3286,#3287,#250,.T.);
#4086=EDGE_CURVE('',#3287,#3288,#251,.T.);
#4087=EDGE_CURVE('',#3288,#3289,#2003,.T.);
#4088=EDGE_CURVE('',#3289,#3290,#252,.T.);
#4089=EDGE_CURVE('',#3290,#3291,#253,.T.);
#4090=EDGE_CURVE('',#3291,#3292,#254,.T.);
#4091=EDGE_CURVE('',#3292,#3293,#255,.T.);
#4092=EDGE_CURVE('',#3293,#3294,#256,.T.);
#4093=EDGE_CURVE('',#3294,#3295,#2004,.T.);
#4094=EDGE_CURVE('',#3295,#3296,#257,.T.);
#4095=EDGE_CURVE('',#3296,#3297,#258,.T.);
#4096=EDGE_CURVE('',#3297,#3298,#259,.T.);
#4097=EDGE_CURVE('',#3298,#3299,#2005,.T.);
#4098=EDGE_CURVE('',#3299,#3300,#260,.T.);
#4099=EDGE_CURVE('',#3300,#3301,#261,.T.);
#4100=EDGE_CURVE('',#3301,#3302,#262,.T.);
#4101=EDGE_CURVE('',#3302,#3303,#2006,.T.);
#4102=EDGE_CURVE('',#3303,#3304,#263,.T.);
#4103=EDGE_CURVE('',#3304,#3305,#264,.T.);
#4104=EDGE_CURVE('',#3305,#3306,#265,.T.);
#4105=EDGE_CURVE('',#3306,#3307,#2007,.T.);
#4106=EDGE_CURVE('',#3307,#3308,#266,.T.);
#4107=EDGE_CURVE('',#3308,#3309,#267,.T.);
#4108=EDGE_CURVE('',#3309,#3310,#268,.T.);
#4109=EDGE_CURVE('',#3310,#3311,#2008,.T.);
#4110=EDGE_CURVE('',#3311,#3312,#269,.T.);
#4111=EDGE_CURVE('',#3312,#3313,#270,.T.);
#4112=EDGE_CURVE('',#3313,#3314,#271,.T.);
#4113=EDGE_CURVE('',#3314,#3315,#272,.T.);
#4114=EDGE_CURVE('',#3315,#3316,#273,.T.);
#4115=EDGE_CURVE('',#3316,#3317,#2009,.T.);
#4116=EDGE_CURVE('',#3317,#3318,#274,.T.);
#4117=EDGE_CURVE('',#3318,#3319,#275,.T.);
#4118=EDGE_CURVE('',#3319,#3320,#276,.T.);
#4119=EDGE_CURVE('',#3320,#3321,#2010,.T.);
#4120=EDGE_CURVE('',#3321,#3322,#277,.T.);
#4121=EDGE_CURVE('',#3322,#3323,#278,.T.);
#4122=EDGE_CURVE('',#3323,#3324,#279,.T.);
#4123=EDGE_CURVE('',#3324,#3325,#2011,.T.);
#4124=EDGE_CURVE('',#3325,#3326,#280,.T.);
#4125=EDGE_CURVE('',#3326,#3327,#281,.T.);
#4126=EDGE_CURVE('',#3327,#3328,#282,.T.);
#4127=EDGE_CURVE('',#3328,#3329,#283,.T.);
#4128=EDGE_CURVE('',#3329,#3330,#2012,.T.);
#4129=EDGE_CURVE('',#3330,#3331,#284,.T.);
#4130=EDGE_CURVE('',#3331,#3332,#285,.T.);
#4131=EDGE_CURVE('',#3332,#3333,#286,.T.);
#4132=EDGE_CURVE('',#3333,#3334,#2013,.T.);
#4133=EDGE_CURVE('',#3334,#3335,#287,.T.);
#4134=EDGE_CURVE('',#3335,#3336,#288,.T.);
#4135=EDGE_CURVE('',#3336,#3337,#289,.T.);
#4136=EDGE_CURVE('',#3337,#3338,#2014,.T.);
#4137=EDGE_CURVE('',#3338,#3339,#290,.T.);
#4138=EDGE_CURVE('',#3339,#3340,#291,.T.);
#4139=EDGE_CURVE('',#3340,#3341,#292,.T.);
#4140=EDGE_CURVE('',#3341,#3342,#2015,.T.);
#4141=EDGE_CURVE('',#3342,#3343,#293,.T.);
#4142=EDGE_CURVE('',#3343,#3344,#294,.T.);
#4143=EDGE_CURVE('',#3344,#3345,#295,.T.);
#4144=EDGE_CURVE('',#3345,#3346,#2016,.T.);
#4145=EDGE_CURVE('',#3346,#3347,#296,.T.);
#4146=EDGE_CURVE('',#3347,#3348,#297,.T.);
#4147=EDGE_CURVE('',#3348,#3349,#298,.T.);
#4148=EDGE_CURVE('',#3349,#3350,#299,.T.);
#4149=EDGE_CURVE('',#3350,#3351,#300,.T.);
#4150=EDGE_CURVE('',#3351,#3281,#2017,.T.);
#4151=EDGE_CURVE('',#3270,#3268,#301,.T.);
#4152=EDGE_CURVE('',#3352,#3352,#302,.T.);
#4153=EDGE_CURVE('',#3353,#3353,#303,.T.);
#4154=EDGE_CURVE('',#3354,#3354,#304,.T.);
#4155=EDGE_CURVE('',#3355,#3356,#142,.T.);
#4156=EDGE_CURVE('',#3357,#3355,#2018,.T.);
#4157=EDGE_CURVE('',#3358,#3357,#143,.T.);
#4158=EDGE_CURVE('',#3359,#3358,#2019,.T.);
#4159=EDGE_CURVE('',#3360,#3359,#144,.T.);
#4160=EDGE_CURVE('',#3361,#3360,#2020,.T.);
#4161=EDGE_CURVE('',#3362,#3361,#145,.T.);
#4162=EDGE_CURVE('',#3356,#3362,#2021,.T.);
#4163=EDGE_CURVE('',#3363,#3363,#305,.T.);
#4164=EDGE_CURVE('',#3364,#3364,#306,.T.);
#4165=EDGE_CURVE('',#3365,#3365,#307,.T.);
#4166=EDGE_CURVE('',#3269,#3271,#308,.T.);
#4167=EDGE_CURVE('',#3280,#3366,#2022,.T.);
#4168=EDGE_CURVE('',#3366,#3366,#309,.T.);
#4169=EDGE_CURVE('',#3366,#3367,#2023,.T.);
#4170=EDGE_CURVE('',#3367,#3367,#310,.T.);
#4171=EDGE_CURVE('',#3368,#3368,#311,.T.);
#4172=EDGE_CURVE('',#3368,#3369,#2024,.T.);
#4173=EDGE_CURVE('',#3369,#3369,#312,.T.);
#4174=EDGE_CURVE('',#3369,#3370,#2025,.T.);
#4175=EDGE_CURVE('',#3370,#3370,#313,.T.);
#4176=EDGE_CURVE('',#3352,#3371,#2026,.T.);
#4177=EDGE_CURVE('',#3371,#3371,#314,.T.);
#4178=EDGE_CURVE('',#3372,#3372,#315,.T.);
#4179=EDGE_CURVE('',#3372,#3371,#2027,.T.);
#4180=EDGE_CURVE('',#3365,#3373,#2028,.T.);
#4181=EDGE_CURVE('',#3373,#3373,#316,.T.);
#4182=EDGE_CURVE('',#3374,#3374,#317,.T.);
#4183=EDGE_CURVE('',#3374,#3373,#2029,.T.);
#4184=EDGE_CURVE('',#3353,#3375,#2030,.T.);
#4185=EDGE_CURVE('',#3375,#3375,#318,.T.);
#4186=EDGE_CURVE('',#3376,#3376,#319,.T.);
#4187=EDGE_CURVE('',#3376,#3375,#2031,.T.);
#4188=EDGE_CURVE('',#3364,#3377,#2032,.T.);
#4189=EDGE_CURVE('',#3377,#3377,#320,.T.);
#4190=EDGE_CURVE('',#3378,#3378,#321,.T.);
#4191=EDGE_CURVE('',#3378,#3377,#2033,.T.);
#4192=EDGE_CURVE('',#3354,#3379,#2034,.T.);
#4193=EDGE_CURVE('',#3379,#3379,#322,.T.);
#4194=EDGE_CURVE('',#3380,#3380,#323,.T.);
#4195=EDGE_CURVE('',#3380,#3379,#2035,.T.);
#4196=EDGE_CURVE('',#3363,#3381,#2036,.T.);
#4197=EDGE_CURVE('',#3381,#3381,#324,.T.);
#4198=EDGE_CURVE('',#3382,#3382,#325,.T.);
#4199=EDGE_CURVE('',#3382,#3381,#2037,.T.);
#4200=EDGE_CURVE('',#3383,#3383,#326,.T.);
#4201=EDGE_CURVE('',#3383,#3384,#2038,.T.);
#4202=EDGE_CURVE('',#3384,#3384,#327,.T.);
#4203=EDGE_CURVE('',#3385,#3385,#328,.T.);
#4204=EDGE_CURVE('',#3385,#3386,#2039,.T.);
#4205=EDGE_CURVE('',#3386,#3386,#329,.T.);
#4206=EDGE_CURVE('',#3387,#3387,#330,.T.);
#4207=EDGE_CURVE('',#3387,#3388,#2040,.T.);
#4208=EDGE_CURVE('',#3388,#3388,#331,.T.);
#4209=EDGE_CURVE('',#3389,#3389,#332,.T.);
#4210=EDGE_CURVE('',#3389,#3390,#2041,.T.);
#4211=EDGE_CURVE('',#3390,#3390,#333,.T.);
#4212=EDGE_CURVE('',#3391,#3391,#334,.T.);
#4213=EDGE_CURVE('',#3391,#3392,#2042,.T.);
#4214=EDGE_CURVE('',#3392,#3392,#335,.T.);
#4215=EDGE_CURVE('',#3393,#3393,#336,.T.);
#4216=EDGE_CURVE('',#3393,#3394,#2043,.T.);
#4217=EDGE_CURVE('',#3394,#3394,#337,.T.);
#4218=EDGE_CURVE('',#3395,#3396,#57,.T.);
#4219=EDGE_CURVE('',#3396,#3397,#338,.F.);
#4220=EDGE_CURVE('',#3398,#3397,#58,.F.);
#4221=EDGE_CURVE('',#3398,#3399,#339,.T.);
#4222=EDGE_CURVE('',#3399,#3400,#2044,.T.);
#4223=EDGE_CURVE('',#3400,#3400,#340,.T.);
#4224=EDGE_CURVE('',#3399,#3395,#341,.T.);
#4225=EDGE_CURVE('',#3400,#3401,#2045,.T.);
#4226=EDGE_CURVE('',#3401,#3401,#342,.T.);
#4227=EDGE_CURVE('',#3402,#3403,#59,.T.);
#4228=EDGE_CURVE('',#3403,#3404,#343,.F.);
#4229=EDGE_CURVE('',#3405,#3404,#60,.F.);
#4230=EDGE_CURVE('',#3405,#3406,#344,.T.);
#4231=EDGE_CURVE('',#3406,#3407,#2046,.T.);
#4232=EDGE_CURVE('',#3407,#3407,#345,.T.);
#4233=EDGE_CURVE('',#3406,#3402,#346,.T.);
#4234=EDGE_CURVE('',#3407,#3408,#2047,.T.);
#4235=EDGE_CURVE('',#3408,#3408,#347,.T.);
#4236=EDGE_CURVE('',#3409,#3410,#61,.T.);
#4237=EDGE_CURVE('',#3410,#3411,#348,.F.);
#4238=EDGE_CURVE('',#3412,#3411,#62,.F.);
#4239=EDGE_CURVE('',#3412,#3413,#349,.T.);
#4240=EDGE_CURVE('',#3413,#3414,#2048,.T.);
#4241=EDGE_CURVE('',#3414,#3414,#350,.T.);
#4242=EDGE_CURVE('',#3413,#3409,#351,.T.);
#4243=EDGE_CURVE('',#3414,#3415,#2049,.T.);
#4244=EDGE_CURVE('',#3415,#3415,#352,.T.);
#4245=EDGE_CURVE('',#3416,#3417,#63,.T.);
#4246=EDGE_CURVE('',#3417,#3418,#353,.F.);
#4247=EDGE_CURVE('',#3419,#3418,#64,.F.);
#4248=EDGE_CURVE('',#3419,#3420,#354,.T.);
#4249=EDGE_CURVE('',#3420,#3421,#2050,.T.);
#4250=EDGE_CURVE('',#3421,#3421,#355,.T.);
#4251=EDGE_CURVE('',#3420,#3416,#356,.T.);
#4252=EDGE_CURVE('',#3421,#3422,#2051,.T.);
#4253=EDGE_CURVE('',#3422,#3422,#357,.T.);
#4254=EDGE_CURVE('',#3423,#3424,#65,.T.);
#4255=EDGE_CURVE('',#3424,#3425,#358,.F.);
#4256=EDGE_CURVE('',#3426,#3425,#66,.F.);
#4257=EDGE_CURVE('',#3426,#3427,#359,.T.);
#4258=EDGE_CURVE('',#3427,#3428,#2052,.T.);
#4259=EDGE_CURVE('',#3428,#3428,#360,.T.);
#4260=EDGE_CURVE('',#3427,#3423,#361,.T.);
#4261=EDGE_CURVE('',#3428,#3429,#2053,.T.);
#4262=EDGE_CURVE('',#3429,#3429,#362,.T.);
#4263=EDGE_CURVE('',#3430,#3431,#67,.T.);
#4264=EDGE_CURVE('',#3431,#3432,#363,.F.);
#4265=EDGE_CURVE('',#3433,#3432,#68,.F.);
#4266=EDGE_CURVE('',#3433,#3434,#364,.T.);
#4267=EDGE_CURVE('',#3434,#3435,#2054,.T.);
#4268=EDGE_CURVE('',#3435,#3435,#365,.T.);
#4269=EDGE_CURVE('',#3434,#3430,#366,.T.);
#4270=EDGE_CURVE('',#3435,#3436,#2055,.T.);
#4271=EDGE_CURVE('',#3436,#3436,#367,.T.);
#4272=EDGE_CURVE('',#3437,#3438,#69,.T.);
#4273=EDGE_CURVE('',#3438,#3439,#368,.F.);
#4274=EDGE_CURVE('',#3440,#3439,#70,.F.);
#4275=EDGE_CURVE('',#3440,#3441,#369,.T.);
#4276=EDGE_CURVE('',#3441,#3442,#2056,.T.);
#4277=EDGE_CURVE('',#3442,#3442,#370,.T.);
#4278=EDGE_CURVE('',#3441,#3437,#371,.T.);
#4279=EDGE_CURVE('',#3442,#3443,#2057,.T.);
#4280=EDGE_CURVE('',#3443,#3443,#372,.T.);
#4281=EDGE_CURVE('',#3444,#3445,#71,.T.);
#4282=EDGE_CURVE('',#3445,#3446,#373,.F.);
#4283=EDGE_CURVE('',#3447,#3446,#72,.F.);
#4284=EDGE_CURVE('',#3447,#3448,#374,.T.);
#4285=EDGE_CURVE('',#3448,#3449,#2058,.T.);
#4286=EDGE_CURVE('',#3449,#3449,#375,.T.);
#4287=EDGE_CURVE('',#3448,#3444,#376,.T.);
#4288=EDGE_CURVE('',#3449,#3450,#2059,.T.);
#4289=EDGE_CURVE('',#3450,#3450,#377,.T.);
#4290=EDGE_CURVE('',#3451,#3452,#73,.T.);
#4291=EDGE_CURVE('',#3452,#3453,#378,.F.);
#4292=EDGE_CURVE('',#3454,#3453,#74,.F.);
#4293=EDGE_CURVE('',#3454,#3455,#379,.T.);
#4294=EDGE_CURVE('',#3455,#3456,#2060,.T.);
#4295=EDGE_CURVE('',#3456,#3456,#380,.T.);
#4296=EDGE_CURVE('',#3455,#3451,#381,.T.);
#4297=EDGE_CURVE('',#3456,#3457,#2061,.T.);
#4298=EDGE_CURVE('',#3457,#3457,#382,.T.);
#4299=EDGE_CURVE('',#3458,#3459,#75,.T.);
#4300=EDGE_CURVE('',#3459,#3460,#383,.F.);
#4301=EDGE_CURVE('',#3461,#3460,#76,.F.);
#4302=EDGE_CURVE('',#3461,#3462,#384,.T.);
#4303=EDGE_CURVE('',#3462,#3463,#2062,.T.);
#4304=EDGE_CURVE('',#3463,#3463,#385,.T.);
#4305=EDGE_CURVE('',#3462,#3458,#386,.T.);
#4306=EDGE_CURVE('',#3463,#3464,#2063,.T.);
#4307=EDGE_CURVE('',#3464,#3464,#387,.T.);
#4308=EDGE_CURVE('',#3465,#3466,#77,.T.);
#4309=EDGE_CURVE('',#3466,#3467,#388,.F.);
#4310=EDGE_CURVE('',#3468,#3467,#78,.F.);
#4311=EDGE_CURVE('',#3468,#3469,#389,.T.);
#4312=EDGE_CURVE('',#3469,#3470,#2064,.T.);
#4313=EDGE_CURVE('',#3470,#3470,#390,.T.);
#4314=EDGE_CURVE('',#3469,#3465,#391,.T.);
#4315=EDGE_CURVE('',#3470,#3471,#2065,.T.);
#4316=EDGE_CURVE('',#3471,#3471,#392,.T.);
#4317=EDGE_CURVE('',#3472,#3473,#79,.T.);
#4318=EDGE_CURVE('',#3473,#3474,#393,.F.);
#4319=EDGE_CURVE('',#3475,#3474,#80,.F.);
#4320=EDGE_CURVE('',#3475,#3476,#394,.T.);
#4321=EDGE_CURVE('',#3476,#3477,#2066,.T.);
#4322=EDGE_CURVE('',#3477,#3477,#395,.T.);
#4323=EDGE_CURVE('',#3476,#3472,#396,.T.);
#4324=EDGE_CURVE('',#3477,#3478,#2067,.T.);
#4325=EDGE_CURVE('',#3478,#3478,#397,.T.);
#4326=EDGE_CURVE('',#3479,#3480,#81,.T.);
#4327=EDGE_CURVE('',#3480,#3481,#398,.F.);
#4328=EDGE_CURVE('',#3481,#3482,#2068,.T.);
#4329=EDGE_CURVE('',#3482,#3482,#399,.T.);
#4330=EDGE_CURVE('',#3481,#3483,#400,.F.);
#4331=EDGE_CURVE('',#3484,#3483,#82,.F.);
#4332=EDGE_CURVE('',#3484,#3479,#401,.T.);
#4333=EDGE_CURVE('',#3485,#3485,#402,.T.);
#4334=EDGE_CURVE('',#3485,#3482,#2069,.T.);
#4335=EDGE_CURVE('',#3486,#3487,#83,.T.);
#4336=EDGE_CURVE('',#3487,#3488,#403,.F.);
#4337=EDGE_CURVE('',#3488,#3489,#2070,.T.);
#4338=EDGE_CURVE('',#3489,#3489,#404,.T.);
#4339=EDGE_CURVE('',#3488,#3490,#405,.F.);
#4340=EDGE_CURVE('',#3491,#3490,#84,.F.);
#4341=EDGE_CURVE('',#3491,#3486,#406,.T.);
#4342=EDGE_CURVE('',#3489,#3492,#2071,.T.);
#4343=EDGE_CURVE('',#3492,#3492,#407,.T.);
#4344=EDGE_CURVE('',#3493,#3494,#85,.T.);
#4345=EDGE_CURVE('',#3494,#3495,#408,.F.);
#4346=EDGE_CURVE('',#3495,#3496,#2072,.T.);
#4347=EDGE_CURVE('',#3496,#3496,#409,.T.);
#4348=EDGE_CURVE('',#3495,#3497,#410,.F.);
#4349=EDGE_CURVE('',#3498,#3497,#86,.F.);
#4350=EDGE_CURVE('',#3498,#3493,#411,.T.);
#4351=EDGE_CURVE('',#3496,#3499,#2073,.T.);
#4352=EDGE_CURVE('',#3499,#3499,#412,.T.);
#4353=EDGE_CURVE('',#3500,#3501,#87,.T.);
#4354=EDGE_CURVE('',#3501,#3502,#413,.F.);
#4355=EDGE_CURVE('',#3502,#3503,#2074,.T.);
#4356=EDGE_CURVE('',#3503,#3503,#414,.T.);
#4357=EDGE_CURVE('',#3502,#3504,#415,.F.);
#4358=EDGE_CURVE('',#3505,#3504,#88,.F.);
#4359=EDGE_CURVE('',#3505,#3500,#416,.T.);
#4360=EDGE_CURVE('',#3503,#3506,#2075,.T.);
#4361=EDGE_CURVE('',#3506,#3506,#417,.T.);
#4362=EDGE_CURVE('',#3507,#3508,#2076,.T.);
#4363=EDGE_CURVE('',#3508,#3509,#2077,.T.);
#4364=EDGE_CURVE('',#3509,#3510,#2078,.T.);
#4365=EDGE_CURVE('',#3510,#3507,#2079,.T.);
#4366=EDGE_CURVE('',#3511,#3512,#2080,.T.);
#4367=EDGE_CURVE('',#3512,#3508,#418,.T.);
#4368=EDGE_CURVE('',#3507,#3511,#419,.T.);
#4369=EDGE_CURVE('',#3513,#3514,#2081,.T.);
#4370=EDGE_CURVE('',#3514,#3512,#2082,.T.);
#4371=EDGE_CURVE('',#3511,#3513,#2083,.T.);
#4372=EDGE_CURVE('',#3515,#3516,#2084,.T.);
#4373=EDGE_CURVE('',#3516,#3514,#420,.T.);
#4374=EDGE_CURVE('',#3513,#3515,#421,.T.);
#4375=EDGE_CURVE('',#3517,#3518,#2085,.T.);
#4376=EDGE_CURVE('',#3518,#3516,#2086,.T.);
#4377=EDGE_CURVE('',#3515,#3517,#2087,.T.);
#4378=EDGE_CURVE('',#3519,#3520,#2088,.T.);
#4379=EDGE_CURVE('',#3520,#3518,#422,.T.);
#4380=EDGE_CURVE('',#3517,#3519,#423,.T.);
#4381=EDGE_CURVE('',#3521,#3522,#2089,.T.);
#4382=EDGE_CURVE('',#3522,#3520,#2090,.T.);
#4383=EDGE_CURVE('',#3519,#3521,#2091,.T.);
#4384=EDGE_CURVE('',#3509,#3522,#424,.T.);
#4385=EDGE_CURVE('',#3521,#3510,#425,.T.);
#4386=EDGE_CURVE('',#3513,#3523,#2092,.T.);
#4387=EDGE_CURVE('',#3524,#3523,#426,.T.);
#4388=EDGE_CURVE('',#3525,#3524,#2093,.T.);
#4389=EDGE_CURVE('',#3525,#3526,#427,.T.);
#4390=EDGE_CURVE('',#3526,#3527,#2094,.T.);
#4391=EDGE_CURVE('',#3528,#3527,#428,.T.);
#4392=EDGE_CURVE('',#3515,#3528,#2095,.T.);
#4393=EDGE_CURVE('',#3511,#3529,#2096,.T.);
#4394=EDGE_CURVE('',#3530,#3529,#2097,.T.);
#4395=EDGE_CURVE('',#3530,#3531,#2098,.T.);
#4396=EDGE_CURVE('',#3531,#3532,#2099,.T.);
#4397=EDGE_CURVE('',#3532,#3533,#2100,.T.);
#4398=EDGE_CURVE('',#3534,#3533,#2101,.T.);
#4399=EDGE_CURVE('',#3534,#3535,#2102,.T.);
#4400=EDGE_CURVE('',#3535,#3536,#2103,.T.);
#4401=EDGE_CURVE('',#3536,#3537,#2104,.T.);
#4402=EDGE_CURVE('',#3538,#3537,#2105,.T.);
#4403=EDGE_CURVE('',#3538,#3539,#2106,.T.);
#4404=EDGE_CURVE('',#3539,#3540,#2107,.T.);
#4405=EDGE_CURVE('',#3540,#3541,#2108,.T.);
#4406=EDGE_CURVE('',#3542,#3541,#2109,.T.);
#4407=EDGE_CURVE('',#3542,#3543,#2110,.T.);
#4408=EDGE_CURVE('',#3543,#3544,#2111,.T.);
#4409=EDGE_CURVE('',#3544,#3545,#2112,.T.);
#4410=EDGE_CURVE('',#3523,#3545,#2113,.T.);
#4411=EDGE_CURVE('',#3546,#3547,#2114,.T.);
#4412=EDGE_CURVE('',#3547,#3548,#2115,.T.);
#4413=EDGE_CURVE('',#3548,#3549,#2116,.T.);
#4414=EDGE_CURVE('',#3549,#3546,#2117,.T.);
#4415=EDGE_CURVE('',#3550,#3551,#2118,.T.);
#4416=EDGE_CURVE('',#3551,#3552,#2119,.T.);
#4417=EDGE_CURVE('',#3552,#3553,#2120,.T.);
#4418=EDGE_CURVE('',#3553,#3550,#2121,.T.);
#4419=EDGE_CURVE('',#3554,#3555,#2122,.T.);
#4420=EDGE_CURVE('',#3555,#3556,#2123,.T.);
#4421=EDGE_CURVE('',#3556,#3557,#2124,.T.);
#4422=EDGE_CURVE('',#3557,#3554,#2125,.T.);
#4423=EDGE_CURVE('',#3558,#3559,#2126,.T.);
#4424=EDGE_CURVE('',#3559,#3560,#2127,.T.);
#4425=EDGE_CURVE('',#3560,#3561,#2128,.T.);
#4426=EDGE_CURVE('',#3561,#3558,#2129,.T.);
#4427=EDGE_CURVE('',#3507,#3562,#2130,.T.);
#4428=EDGE_CURVE('',#3563,#3562,#429,.T.);
#4429=EDGE_CURVE('',#3563,#3564,#2131,.T.);
#4430=EDGE_CURVE('',#3564,#3565,#430,.T.);
#4431=EDGE_CURVE('',#3565,#3566,#2132,.T.);
#4432=EDGE_CURVE('',#3529,#3566,#431,.T.);
#4433=EDGE_CURVE('',#3510,#3567,#2133,.T.);
#4434=EDGE_CURVE('',#3568,#3567,#2134,.T.);
#4435=EDGE_CURVE('',#3568,#3569,#2135,.T.);
#4436=EDGE_CURVE('',#3570,#3569,#89,.T.);
#4437=EDGE_CURVE('',#3571,#3570,#2136,.T.);
#4438=EDGE_CURVE('',#3571,#3572,#2137,.T.);
#4439=EDGE_CURVE('',#3573,#3572,#2138,.T.);
#4440=EDGE_CURVE('',#3574,#3573,#90,.T.);
#4441=EDGE_CURVE('',#3574,#3575,#2139,.T.);
#4442=EDGE_CURVE('',#3562,#3575,#2140,.T.);
#4443=EDGE_CURVE('',#3576,#3577,#2141,.T.);
#4444=EDGE_CURVE('',#3576,#3578,#2142,.T.);
#4445=EDGE_CURVE('',#3579,#3578,#2143,.T.);
#4446=EDGE_CURVE('',#3577,#3579,#2144,.T.);
#4447=EDGE_CURVE('',#3580,#3328,#2145,.T.);
#4448=EDGE_CURVE('',#3581,#3580,#432,.T.);
#4449=EDGE_CURVE('',#3329,#3581,#2146,.T.);
#4450=EDGE_CURVE('',#3582,#3327,#2147,.T.);
#4451=EDGE_CURVE('',#3580,#3582,#433,.T.);
#4452=EDGE_CURVE('',#3299,#3583,#2148,.T.);
#4453=EDGE_CURVE('',#3584,#3298,#2149,.T.);
#4454=EDGE_CURVE('',#3583,#3584,#2150,.T.);
#4455=EDGE_CURVE('',#3585,#3350,#2151,.T.);
#4456=EDGE_CURVE('',#3586,#3585,#434,.T.);
#4457=EDGE_CURVE('',#3351,#3586,#2152,.T.);
#4458=EDGE_CURVE('',#3587,#3324,#2153,.T.);
#4459=EDGE_CURVE('',#3588,#3587,#2154,.T.);
#4460=EDGE_CURVE('',#3325,#3588,#2155,.T.);
#4461=EDGE_CURVE('',#3290,#3589,#2156,.T.);
#4462=EDGE_CURVE('',#3289,#3590,#2157,.T.);
#4463=EDGE_CURVE('',#3589,#3590,#435,.T.);
#4464=EDGE_CURVE('',#3591,#3288,#2158,.T.);
#4465=EDGE_CURVE('',#3590,#3591,#2159,.T.);
#4466=EDGE_CURVE('',#3592,#3310,#2160,.T.);
#4467=EDGE_CURVE('',#3593,#3592,#2161,.T.);
#4468=EDGE_CURVE('',#3311,#3593,#2162,.T.);
#4469=EDGE_CURVE('',#3317,#3594,#2163,.T.);
#4470=EDGE_CURVE('',#3316,#3595,#2164,.T.);
#4471=EDGE_CURVE('',#3594,#3595,#2165,.T.);
#4472=EDGE_CURVE('',#3596,#3315,#2166,.T.);
#4473=EDGE_CURVE('',#3595,#3596,#436,.T.);
#4474=EDGE_CURVE('',#3597,#3286,#2167,.T.);
#4475=EDGE_CURVE('',#3285,#3597,#2168,.T.);
#4476=EDGE_CURVE('',#3598,#3599,#2169,.T.);
#4477=EDGE_CURVE('',#3575,#3598,#437,.T.);
#4478=EDGE_CURVE('',#3599,#3574,#91,.T.);
#4479=EDGE_CURVE('',#3574,#3600,#2170,.T.);
#4480=EDGE_CURVE('',#3600,#3601,#92,.T.);
#4481=EDGE_CURVE('',#3602,#3601,#2171,.T.);
#4482=EDGE_CURVE('',#3602,#3599,#93,.T.);
#4483=EDGE_CURVE('',#3283,#3603,#2172,.T.);
#4484=EDGE_CURVE('',#3603,#3284,#2173,.T.);
#4485=EDGE_CURVE('',#3604,#3568,#438,.T.);
#4486=EDGE_CURVE('',#3605,#3604,#2174,.T.);
#4487=EDGE_CURVE('',#3569,#3605,#94,.T.);
#4488=EDGE_CURVE('',#3605,#3606,#95,.T.);
#4489=EDGE_CURVE('',#3606,#3607,#2175,.T.);
#4490=EDGE_CURVE('',#3607,#3608,#96,.T.);
#4491=EDGE_CURVE('',#3608,#3569,#2176,.T.);
#4492=EDGE_CURVE('',#3609,#3543,#146,.T.);
#4493=EDGE_CURVE('',#3609,#3542,#439,.T.);
#4494=EDGE_CURVE('',#3598,#3604,#2177,.T.);
#4495=EDGE_CURVE('',#3567,#3610,#440,.T.);
#4496=EDGE_CURVE('',#3610,#3611,#441,.T.);
#4497=EDGE_CURVE('',#3611,#3612,#442,.T.);
#4498=EDGE_CURVE('',#3612,#3613,#443,.T.);
#4499=EDGE_CURVE('',#3613,#3614,#2178,.T.);
#4500=EDGE_CURVE('',#3614,#3615,#444,.T.);
#4501=EDGE_CURVE('',#3615,#3616,#445,.T.);
#4502=EDGE_CURVE('',#3616,#3617,#2179,.T.);
#4503=EDGE_CURVE('',#3617,#3618,#446,.T.);
#4504=EDGE_CURVE('',#3618,#3619,#447,.T.);
#4505=EDGE_CURVE('',#3619,#3620,#2180,.T.);
#4506=EDGE_CURVE('',#3620,#3621,#448,.T.);
#4507=EDGE_CURVE('',#3621,#3622,#449,.T.);
#4508=EDGE_CURVE('',#3622,#3623,#2181,.T.);
#4509=EDGE_CURVE('',#3623,#3624,#450,.T.);
#4510=EDGE_CURVE('',#3624,#3625,#451,.T.);
#4511=EDGE_CURVE('',#3625,#3626,#2182,.T.);
#4512=EDGE_CURVE('',#3626,#3627,#452,.T.);
#4513=EDGE_CURVE('',#3627,#3628,#453,.T.);
#4514=EDGE_CURVE('',#3628,#3629,#454,.T.);
#4515=EDGE_CURVE('',#3629,#3630,#455,.T.);
#4516=EDGE_CURVE('',#3630,#3631,#2183,.T.);
#4517=EDGE_CURVE('',#3631,#3632,#456,.T.);
#4518=EDGE_CURVE('',#3632,#3633,#457,.T.);
#4519=EDGE_CURVE('',#3633,#3634,#2184,.T.);
#4520=EDGE_CURVE('',#3634,#3635,#458,.T.);
#4521=EDGE_CURVE('',#3635,#3636,#459,.T.);
#4522=EDGE_CURVE('',#3636,#3528,#2185,.T.);
#4523=EDGE_CURVE('',#3527,#3637,#460,.T.);
#4524=EDGE_CURVE('',#3637,#3638,#461,.T.);
#4525=EDGE_CURVE('',#3524,#3638,#462,.T.);
#4526=EDGE_CURVE('',#3545,#3609,#463,.T.);
#4527=EDGE_CURVE('',#3541,#3639,#464,.T.);
#4528=EDGE_CURVE('',#3639,#3538,#465,.T.);
#4529=EDGE_CURVE('',#3537,#3640,#466,.T.);
#4530=EDGE_CURVE('',#3640,#3534,#467,.T.);
#4531=EDGE_CURVE('',#3533,#3641,#468,.T.);
#4532=EDGE_CURVE('',#3641,#3530,#469,.T.);
#4533=EDGE_CURVE('',#3566,#3642,#470,.T.);
#4534=EDGE_CURVE('',#3642,#3563,#471,.T.);
#4535=EDGE_CURVE('',#3643,#3398,#472,.F.);
#4536=EDGE_CURVE('',#3643,#3644,#2186,.T.);
#4537=EDGE_CURVE('',#3458,#3644,#473,.F.);
#4538=EDGE_CURVE('',#3645,#3461,#474,.F.);
#4539=EDGE_CURVE('',#3645,#3646,#2187,.T.);
#4540=EDGE_CURVE('',#3465,#3646,#475,.F.);
#4541=EDGE_CURVE('',#3647,#3468,#476,.F.);
#4542=EDGE_CURVE('',#3647,#3648,#2188,.T.);
#4543=EDGE_CURVE('',#3648,#3649,#477,.T.);
#4544=EDGE_CURVE('',#3500,#3649,#478,.F.);
#4545=EDGE_CURVE('',#3650,#3505,#479,.F.);
#4546=EDGE_CURVE('',#3650,#3651,#480,.T.);
#4547=EDGE_CURVE('',#3651,#3652,#2189,.T.);
#4548=EDGE_CURVE('',#3493,#3652,#481,.F.);
#4549=EDGE_CURVE('',#3653,#3498,#482,.F.);
#4550=EDGE_CURVE('',#3653,#3654,#2190,.T.);
#4551=EDGE_CURVE('',#3486,#3654,#483,.F.);
#4552=EDGE_CURVE('',#3655,#3491,#484,.F.);
#4553=EDGE_CURVE('',#3655,#3656,#2191,.T.);
#4554=EDGE_CURVE('',#3656,#3657,#485,.T.);
#4555=EDGE_CURVE('',#3479,#3657,#486,.F.);
#4556=EDGE_CURVE('',#3658,#3484,#487,.F.);
#4557=EDGE_CURVE('',#3658,#3659,#488,.T.);
#4558=EDGE_CURVE('',#3659,#3660,#2192,.T.);
#4559=EDGE_CURVE('',#3472,#3660,#489,.F.);
#4560=EDGE_CURVE('',#3661,#3475,#490,.F.);
#4561=EDGE_CURVE('',#3661,#3662,#2193,.T.);
#4562=EDGE_CURVE('',#3451,#3662,#491,.F.);
#4563=EDGE_CURVE('',#3663,#3454,#492,.F.);
#4564=EDGE_CURVE('',#3663,#3664,#2194,.T.);
#4565=EDGE_CURVE('',#3444,#3664,#493,.F.);
#4566=EDGE_CURVE('',#3665,#3447,#494,.F.);
#4567=EDGE_CURVE('',#3665,#3666,#2195,.T.);
#4568=EDGE_CURVE('',#3437,#3666,#495,.F.);
#4569=EDGE_CURVE('',#3667,#3440,#496,.F.);
#4570=EDGE_CURVE('',#3667,#3668,#2196,.T.);
#4571=EDGE_CURVE('',#3668,#3669,#497,.T.);
#4572=EDGE_CURVE('',#3430,#3669,#498,.F.);
#4573=EDGE_CURVE('',#3670,#3433,#499,.F.);
#4574=EDGE_CURVE('',#3670,#3671,#500,.T.);
#4575=EDGE_CURVE('',#3671,#3672,#2197,.T.);
#4576=EDGE_CURVE('',#3423,#3672,#501,.F.);
#4577=EDGE_CURVE('',#3673,#3426,#502,.F.);
#4578=EDGE_CURVE('',#3673,#3674,#2198,.T.);
#4579=EDGE_CURVE('',#3416,#3674,#503,.F.);
#4580=EDGE_CURVE('',#3675,#3419,#504,.F.);
#4581=EDGE_CURVE('',#3675,#3676,#2199,.T.);
#4582=EDGE_CURVE('',#3676,#3677,#505,.T.);
#4583=EDGE_CURVE('',#3409,#3677,#506,.F.);
#4584=EDGE_CURVE('',#3678,#3412,#507,.F.);
#4585=EDGE_CURVE('',#3678,#3679,#508,.T.);
#4586=EDGE_CURVE('',#3679,#3680,#2200,.T.);
#4587=EDGE_CURVE('',#3402,#3680,#509,.F.);
#4588=EDGE_CURVE('',#3681,#3405,#510,.F.);
#4589=EDGE_CURVE('',#3681,#3682,#2201,.T.);
#4590=EDGE_CURVE('',#3395,#3682,#511,.F.);
#4591=EDGE_CURVE('',#3642,#3565,#97,.T.);
#4592=EDGE_CURVE('',#3532,#3641,#147,.T.);
#4593=EDGE_CURVE('',#3637,#3526,#98,.T.);
#4594=EDGE_CURVE('',#3683,#3573,#2202,.T.);
#4595=EDGE_CURVE('',#3572,#3684,#2203,.T.);
#4596=EDGE_CURVE('',#3684,#3683,#2204,.T.);
#4597=EDGE_CURVE('',#3606,#3602,#2205,.T.);
#4598=EDGE_CURVE('',#3601,#3607,#2206,.T.);
#4599=EDGE_CURVE('',#3570,#3685,#2207,.T.);
#4600=EDGE_CURVE('',#3685,#3686,#2208,.T.);
#4601=EDGE_CURVE('',#3686,#3571,#2209,.T.);
#4602=EDGE_CURVE('',#3608,#3685,#99,.T.);
#4603=EDGE_CURVE('',#3683,#3600,#100,.T.);
#4604=EDGE_CURVE('',#3687,#3688,#2210,.T.);
#4605=EDGE_CURVE('',#3688,#3689,#2211,.T.);
#4606=EDGE_CURVE('',#3690,#3689,#2212,.T.);
#4607=EDGE_CURVE('',#3687,#3690,#2213,.T.);
#4608=EDGE_CURVE('',#3691,#3687,#512,.T.);
#4609=EDGE_CURVE('',#3692,#3690,#513,.T.);
#4610=EDGE_CURVE('',#3691,#3692,#2214,.T.);
#4611=EDGE_CURVE('',#3607,#3693,#2215,.T.);
#4612=EDGE_CURVE('',#3694,#3693,#514,.T.);
#4613=EDGE_CURVE('',#3685,#3694,#2216,.T.);
#4614=EDGE_CURVE('',#3601,#3695,#2217,.T.);
#4615=EDGE_CURVE('',#3693,#3695,#2218,.T.);
#4616=EDGE_CURVE('',#3683,#3696,#2219,.T.);
#4617=EDGE_CURVE('',#3695,#3696,#515,.T.);
#4618=EDGE_CURVE('',#3686,#3694,#2220,.T.);
#4619=EDGE_CURVE('',#3696,#3684,#2221,.T.);
#4620=EDGE_CURVE('',#3689,#3697,#516,.T.);
#4621=EDGE_CURVE('',#3697,#3692,#2222,.T.);
#4622=EDGE_CURVE('',#3698,#3698,#517,.T.);
#4623=EDGE_CURVE('',#3698,#3699,#2223,.T.);
#4624=EDGE_CURVE('',#3699,#3699,#518,.T.);
#4625=EDGE_CURVE('',#3700,#3700,#519,.T.);
#4626=EDGE_CURVE('',#3700,#3701,#2224,.T.);
#4627=EDGE_CURVE('',#3701,#3701,#520,.T.);
#4628=EDGE_CURVE('',#3702,#3703,#521,.T.);
#4629=EDGE_CURVE('',#3702,#3704,#2225,.T.);
#4630=EDGE_CURVE('',#3705,#3704,#522,.T.);
#4631=EDGE_CURVE('',#3703,#3705,#2226,.T.);
#4632=EDGE_CURVE('',#3703,#3706,#2227,.T.);
#4633=EDGE_CURVE('',#3707,#3705,#2228,.T.);
#4634=EDGE_CURVE('',#3706,#3707,#2229,.T.);
#4635=EDGE_CURVE('',#3706,#3708,#523,.T.);
#4636=EDGE_CURVE('',#3709,#3707,#524,.T.);
#4637=EDGE_CURVE('',#3709,#3708,#2230,.T.);
#4638=EDGE_CURVE('',#3708,#3710,#2231,.T.);
#4639=EDGE_CURVE('',#3711,#3709,#2232,.T.);
#4640=EDGE_CURVE('',#3710,#3711,#2233,.T.);
#4641=EDGE_CURVE('',#3576,#3712,#2234,.T.);
#4642=EDGE_CURVE('',#3712,#3713,#2235,.T.);
#4643=EDGE_CURVE('',#3713,#3578,#2236,.T.);
#4644=EDGE_CURVE('',#3712,#3714,#525,.T.);
#4645=EDGE_CURVE('',#3714,#3715,#2237,.T.);
#4646=EDGE_CURVE('',#3715,#3713,#526,.T.);
#4647=EDGE_CURVE('',#3714,#3716,#2238,.T.);
#4648=EDGE_CURVE('',#3716,#3717,#2239,.T.);
#4649=EDGE_CURVE('',#3717,#3715,#2240,.T.);
#4650=EDGE_CURVE('',#3716,#3718,#527,.T.);
#4651=EDGE_CURVE('',#3719,#3718,#2241,.T.);
#4652=EDGE_CURVE('',#3719,#3717,#528,.T.);
#4653=EDGE_CURVE('',#3718,#3577,#2242,.T.);
#4654=EDGE_CURVE('',#3579,#3719,#2243,.T.);
#4655=EDGE_CURVE('',#3720,#3345,#2244,.T.);
#4656=EDGE_CURVE('',#3721,#3720,#2245,.T.);
#4657=EDGE_CURVE('',#3346,#3721,#2246,.T.);
#4658=EDGE_CURVE('',#3722,#3293,#2247,.T.);
#4659=EDGE_CURVE('',#3723,#3722,#529,.T.);
#4660=EDGE_CURVE('',#3294,#3723,#2248,.T.);
#4661=EDGE_CURVE('',#3724,#3725,#101,.T.);
#4662=EDGE_CURVE('',#3603,#3724,#148,.T.);
#4663=EDGE_CURVE('',#3726,#3282,#2249,.T.);
#4664=EDGE_CURVE('',#3727,#3726,#530,.T.);
#4665=EDGE_CURVE('',#3725,#3727,#2250,.T.);
#4666=EDGE_CURVE('',#3680,#3728,#2251,.T.);
#4667=EDGE_CURVE('',#3679,#3729,#2252,.T.);
#4668=EDGE_CURVE('',#3728,#3729,#2253,.T.);
#4669=EDGE_CURVE('',#3730,#3678,#2254,.T.);
#4670=EDGE_CURVE('',#3729,#3730,#531,.T.);
#4671=EDGE_CURVE('',#3677,#3731,#2255,.T.);
#4672=EDGE_CURVE('',#3676,#3732,#2256,.T.);
#4673=EDGE_CURVE('',#3731,#3732,#532,.T.);
#4674=EDGE_CURVE('',#3733,#3675,#2257,.T.);
#4675=EDGE_CURVE('',#3732,#3733,#2258,.T.);
#4676=EDGE_CURVE('',#3674,#3734,#2259,.T.);
#4677=EDGE_CURVE('',#3735,#3673,#2260,.T.);
#4678=EDGE_CURVE('',#3734,#3735,#2261,.T.);
#4679=EDGE_CURVE('',#3672,#3736,#2262,.T.);
#4680=EDGE_CURVE('',#3671,#3737,#2263,.T.);
#4681=EDGE_CURVE('',#3736,#3737,#2264,.T.);
#4682=EDGE_CURVE('',#3738,#3670,#2265,.T.);
#4683=EDGE_CURVE('',#3737,#3738,#533,.T.);
#4684=EDGE_CURVE('',#3669,#3739,#2266,.T.);
#4685=EDGE_CURVE('',#3668,#3740,#2267,.T.);
#4686=EDGE_CURVE('',#3739,#3740,#534,.T.);
#4687=EDGE_CURVE('',#3439,#3741,#2268,.T.);
#4688=EDGE_CURVE('',#3742,#3438,#2269,.T.);
#4689=EDGE_CURVE('',#3741,#3742,#535,.T.);
#4690=EDGE_CURVE('',#3446,#3743,#2270,.T.);
#4691=EDGE_CURVE('',#3744,#3445,#2271,.T.);
#4692=EDGE_CURVE('',#3743,#3744,#536,.T.);
#4693=EDGE_CURVE('',#3453,#3745,#2272,.T.);
#4694=EDGE_CURVE('',#3746,#3452,#2273,.T.);
#4695=EDGE_CURVE('',#3745,#3746,#537,.T.);
#4696=EDGE_CURVE('',#3660,#3747,#2274,.T.);
#4697=EDGE_CURVE('',#3659,#3748,#2275,.T.);
#4698=EDGE_CURVE('',#3747,#3748,#2276,.T.);
#4699=EDGE_CURVE('',#3749,#3658,#2277,.T.);
#4700=EDGE_CURVE('',#3748,#3749,#538,.T.);
#4701=EDGE_CURVE('',#3657,#3750,#2278,.T.);
#4702=EDGE_CURVE('',#3656,#3751,#2279,.T.);
#4703=EDGE_CURVE('',#3750,#3751,#539,.T.);
#4704=EDGE_CURVE('',#3652,#3752,#2280,.T.);
#4705=EDGE_CURVE('',#3651,#3753,#2281,.T.);
#4706=EDGE_CURVE('',#3752,#3753,#2282,.T.);
#4707=EDGE_CURVE('',#3754,#3650,#2283,.T.);
#4708=EDGE_CURVE('',#3753,#3754,#540,.T.);
#4709=EDGE_CURVE('',#3649,#3755,#2284,.T.);
#4710=EDGE_CURVE('',#3648,#3756,#2285,.T.);
#4711=EDGE_CURVE('',#3755,#3756,#541,.T.);
#4712=EDGE_CURVE('',#3757,#3647,#2286,.T.);
#4713=EDGE_CURVE('',#3756,#3757,#2287,.T.);
#4714=EDGE_CURVE('',#3646,#3758,#2288,.T.);
#4715=EDGE_CURVE('',#3759,#3645,#2289,.T.);
#4716=EDGE_CURVE('',#3758,#3759,#2290,.T.);
#4717=EDGE_CURVE('',#3644,#3760,#2291,.T.);
#4718=EDGE_CURVE('',#3761,#3643,#2292,.T.);
#4719=EDGE_CURVE('',#3760,#3761,#2293,.T.);
#4720=EDGE_CURVE('',#3682,#3762,#2294,.T.);
#4721=EDGE_CURVE('',#3763,#3681,#2295,.T.);
#4722=EDGE_CURVE('',#3762,#3763,#2296,.T.);
#4723=EDGE_CURVE('',#3764,#3754,#542,.T.);
#4724=EDGE_CURVE('',#3504,#3764,#2297,.T.);
#4725=EDGE_CURVE('',#3765,#3501,#2298,.T.);
#4726=EDGE_CURVE('',#3764,#3765,#543,.T.);
#4727=EDGE_CURVE('',#3755,#3765,#544,.T.);
#4728=EDGE_CURVE('',#3497,#3766,#2299,.T.);
#4729=EDGE_CURVE('',#3767,#3494,#2300,.T.);
#4730=EDGE_CURVE('',#3766,#3767,#545,.T.);
#4731=EDGE_CURVE('',#3752,#3767,#546,.T.);
#4732=EDGE_CURVE('',#3490,#3768,#2301,.T.);
#4733=EDGE_CURVE('',#3769,#3487,#2302,.T.);
#4734=EDGE_CURVE('',#3768,#3769,#547,.T.);
#4735=EDGE_CURVE('',#3770,#3769,#548,.T.);
#4736=EDGE_CURVE('',#3654,#3770,#2303,.T.);
#4737=EDGE_CURVE('',#3750,#3771,#549,.T.);
#4738=EDGE_CURVE('',#3771,#3480,#2304,.T.);
#4739=EDGE_CURVE('',#3483,#3772,#2305,.T.);
#4740=EDGE_CURVE('',#3772,#3771,#550,.T.);
#4741=EDGE_CURVE('',#3772,#3749,#551,.T.);
#4742=EDGE_CURVE('',#3474,#3773,#2306,.T.);
#4743=EDGE_CURVE('',#3774,#3473,#2307,.T.);
#4744=EDGE_CURVE('',#3773,#3774,#552,.T.);
#4745=EDGE_CURVE('',#3747,#3774,#553,.T.);
#4746=EDGE_CURVE('',#3775,#3655,#2308,.T.);
#4747=EDGE_CURVE('',#3751,#3775,#2309,.T.);
#4748=EDGE_CURVE('',#3768,#3775,#554,.T.);
#4749=EDGE_CURVE('',#3776,#3653,#2310,.T.);
#4750=EDGE_CURVE('',#3770,#3776,#2311,.T.);
#4751=EDGE_CURVE('',#3766,#3776,#555,.T.);
#4752=EDGE_CURVE('',#3773,#3777,#556,.T.);
#4753=EDGE_CURVE('',#3777,#3661,#2312,.T.);
#4754=EDGE_CURVE('',#3662,#3778,#2313,.T.);
#4755=EDGE_CURVE('',#3778,#3777,#2314,.T.);
#4756=EDGE_CURVE('',#3778,#3746,#557,.T.);
#4757=EDGE_CURVE('',#3745,#3779,#558,.T.);
#4758=EDGE_CURVE('',#3779,#3663,#2315,.T.);
#4759=EDGE_CURVE('',#3664,#3780,#2316,.T.);
#4760=EDGE_CURVE('',#3780,#3779,#2317,.T.);
#4761=EDGE_CURVE('',#3780,#3744,#559,.T.);
#4762=EDGE_CURVE('',#3743,#3781,#560,.T.);
#4763=EDGE_CURVE('',#3781,#3665,#2318,.T.);
#4764=EDGE_CURVE('',#3666,#3782,#2319,.T.);
#4765=EDGE_CURVE('',#3782,#3781,#2320,.T.);
#4766=EDGE_CURVE('',#3782,#3742,#561,.T.);
#4767=EDGE_CURVE('',#3783,#3667,#2321,.T.);
#4768=EDGE_CURVE('',#3740,#3783,#2322,.T.);
#4769=EDGE_CURVE('',#3741,#3783,#562,.T.);
#4770=EDGE_CURVE('',#3739,#3784,#563,.T.);
#4771=EDGE_CURVE('',#3784,#3431,#2323,.T.);
#4772=EDGE_CURVE('',#3432,#3785,#2324,.T.);
#4773=EDGE_CURVE('',#3785,#3784,#564,.T.);
#4774=EDGE_CURVE('',#3785,#3738,#565,.T.);
#4775=EDGE_CURVE('',#3736,#3786,#566,.T.);
#4776=EDGE_CURVE('',#3786,#3424,#2325,.T.);
#4777=EDGE_CURVE('',#3425,#3787,#2326,.T.);
#4778=EDGE_CURVE('',#3787,#3786,#567,.T.);
#4779=EDGE_CURVE('',#3787,#3735,#568,.T.);
#4780=EDGE_CURVE('',#3734,#3788,#569,.T.);
#4781=EDGE_CURVE('',#3788,#3417,#2327,.T.);
#4782=EDGE_CURVE('',#3418,#3789,#2328,.T.);
#4783=EDGE_CURVE('',#3789,#3788,#570,.T.);
#4784=EDGE_CURVE('',#3789,#3733,#571,.T.);
#4785=EDGE_CURVE('',#3731,#3790,#572,.T.);
#4786=EDGE_CURVE('',#3790,#3410,#2329,.T.);
#4787=EDGE_CURVE('',#3411,#3791,#2330,.T.);
#4788=EDGE_CURVE('',#3791,#3790,#573,.T.);
#4789=EDGE_CURVE('',#3791,#3730,#574,.T.);
#4790=EDGE_CURVE('',#3728,#3792,#575,.T.);
#4791=EDGE_CURVE('',#3792,#3403,#2331,.T.);
#4792=EDGE_CURVE('',#3404,#3793,#2332,.T.);
#4793=EDGE_CURVE('',#3793,#3792,#576,.T.);
#4794=EDGE_CURVE('',#3793,#3763,#577,.T.);
#4795=EDGE_CURVE('',#3762,#3794,#578,.T.);
#4796=EDGE_CURVE('',#3794,#3396,#2333,.T.);
#4797=EDGE_CURVE('',#3397,#3795,#2334,.T.);
#4798=EDGE_CURVE('',#3795,#3794,#579,.T.);
#4799=EDGE_CURVE('',#3795,#3761,#580,.T.);
#4800=EDGE_CURVE('',#3760,#3796,#581,.T.);
#4801=EDGE_CURVE('',#3796,#3459,#2335,.T.);
#4802=EDGE_CURVE('',#3460,#3797,#2336,.T.);
#4803=EDGE_CURVE('',#3797,#3796,#582,.T.);
#4804=EDGE_CURVE('',#3797,#3759,#583,.T.);
#4805=EDGE_CURVE('',#3758,#3798,#584,.T.);
#4806=EDGE_CURVE('',#3798,#3466,#2337,.T.);
#4807=EDGE_CURVE('',#3467,#3799,#2338,.T.);
#4808=EDGE_CURVE('',#3799,#3798,#585,.T.);
#4809=EDGE_CURVE('',#3799,#3757,#586,.T.);
#4810=EDGE_CURVE('',#3800,#3591,#587,.T.);
#4811=EDGE_CURVE('',#3800,#3801,#588,.T.);
#4812=EDGE_CURVE('',#3802,#3801,#589,.T.);
#4813=EDGE_CURVE('',#3802,#3803,#2339,.T.);
#4814=EDGE_CURVE('',#3727,#3803,#590,.T.);
#4815=EDGE_CURVE('',#3804,#3726,#591,.T.);
#4816=EDGE_CURVE('',#3804,#3586,#2340,.T.);
#4817=EDGE_CURVE('',#3805,#3585,#592,.T.);
#4818=EDGE_CURVE('',#3805,#3806,#593,.T.);
#4819=EDGE_CURVE('',#3807,#3806,#594,.T.);
#4820=EDGE_CURVE('',#3807,#3721,#595,.T.);
#4821=EDGE_CURVE('',#3808,#3720,#596,.T.);
#4822=EDGE_CURVE('',#3808,#3809,#597,.T.);
#4823=EDGE_CURVE('',#3810,#3809,#598,.T.);
#4824=EDGE_CURVE('',#3810,#3811,#2341,.T.);
#4825=EDGE_CURVE('',#3812,#3811,#599,.T.);
#4826=EDGE_CURVE('',#3812,#3813,#600,.T.);
#4827=EDGE_CURVE('',#3814,#3813,#601,.T.);
#4828=EDGE_CURVE('',#3814,#3815,#2342,.T.);
#4829=EDGE_CURVE('',#3816,#3815,#602,.T.);
#4830=EDGE_CURVE('',#3816,#3817,#603,.T.);
#4831=EDGE_CURVE('',#3818,#3817,#604,.T.);
#4832=EDGE_CURVE('',#3818,#3819,#2343,.T.);
#4833=EDGE_CURVE('',#3820,#3819,#605,.T.);
#4834=EDGE_CURVE('',#3820,#3821,#606,.T.);
#4835=EDGE_CURVE('',#3822,#3821,#607,.T.);
#4836=EDGE_CURVE('',#3822,#3581,#2344,.T.);
#4837=EDGE_CURVE('',#3823,#3582,#608,.T.);
#4838=EDGE_CURVE('',#3823,#3588,#609,.T.);
#4839=EDGE_CURVE('',#3824,#3587,#610,.T.);
#4840=EDGE_CURVE('',#3824,#3825,#611,.T.);
#4841=EDGE_CURVE('',#3826,#3825,#612,.T.);
#4842=EDGE_CURVE('',#3826,#3827,#2345,.T.);
#4843=EDGE_CURVE('',#3828,#3827,#613,.T.);
#4844=EDGE_CURVE('',#3828,#3829,#614,.T.);
#4845=EDGE_CURVE('',#3594,#3829,#615,.T.);
#4846=EDGE_CURVE('',#3830,#3596,#616,.T.);
#4847=EDGE_CURVE('',#3830,#3831,#617,.T.);
#4848=EDGE_CURVE('',#3832,#3831,#618,.T.);
#4849=EDGE_CURVE('',#3832,#3593,#619,.T.);
#4850=EDGE_CURVE('',#3833,#3592,#620,.T.);
#4851=EDGE_CURVE('',#3833,#3834,#621,.T.);
#4852=EDGE_CURVE('',#3835,#3834,#622,.T.);
#4853=EDGE_CURVE('',#3835,#3836,#2346,.T.);
#4854=EDGE_CURVE('',#3837,#3836,#623,.T.);
#4855=EDGE_CURVE('',#3837,#3838,#624,.T.);
#4856=EDGE_CURVE('',#3839,#3838,#625,.T.);
#4857=EDGE_CURVE('',#3839,#3840,#2347,.T.);
#4858=EDGE_CURVE('',#3841,#3840,#626,.T.);
#4859=EDGE_CURVE('',#3841,#3842,#627,.T.);
#4860=EDGE_CURVE('',#3583,#3842,#628,.T.);
#4861=EDGE_CURVE('',#3843,#3584,#629,.T.);
#4862=EDGE_CURVE('',#3843,#3844,#630,.T.);
#4863=EDGE_CURVE('',#3845,#3844,#631,.T.);
#4864=EDGE_CURVE('',#3845,#3723,#2348,.T.);
#4865=EDGE_CURVE('',#3846,#3722,#632,.T.);
#4866=EDGE_CURVE('',#3846,#3847,#633,.T.);
#4867=EDGE_CURVE('',#3589,#3847,#634,.T.);
#4868=EDGE_CURVE('',#3292,#3846,#2349,.T.);
#4869=EDGE_CURVE('',#3847,#3291,#2350,.T.);
#4870=EDGE_CURVE('',#3801,#3848,#2351,.T.);
#4871=EDGE_CURVE('',#3287,#3800,#2352,.T.);
#4872=EDGE_CURVE('',#3849,#3597,#149,.T.);
#4873=EDGE_CURVE('',#3848,#3849,#102,.T.);
#4874=EDGE_CURVE('',#3295,#3845,#2353,.T.);
#4875=EDGE_CURVE('',#3844,#3296,#2354,.T.);
#4876=EDGE_CURVE('',#3297,#3843,#2355,.T.);
#4877=EDGE_CURVE('',#3301,#3841,#2356,.T.);
#4878=EDGE_CURVE('',#3840,#3302,#2357,.T.);
#4879=EDGE_CURVE('',#3842,#3300,#2358,.T.);
#4880=EDGE_CURVE('',#3303,#3839,#2359,.T.);
#4881=EDGE_CURVE('',#3838,#3304,#2360,.T.);
#4882=EDGE_CURVE('',#3305,#3837,#2361,.T.);
#4883=EDGE_CURVE('',#3836,#3306,#2362,.T.);
#4884=EDGE_CURVE('',#3307,#3835,#2363,.T.);
#4885=EDGE_CURVE('',#3834,#3308,#2364,.T.);
#4886=EDGE_CURVE('',#3309,#3833,#2365,.T.);
#4887=EDGE_CURVE('',#3312,#3832,#2366,.T.);
#4888=EDGE_CURVE('',#3831,#3313,#2367,.T.);
#4889=EDGE_CURVE('',#3314,#3830,#2368,.T.);
#4890=EDGE_CURVE('',#3319,#3828,#2369,.T.);
#4891=EDGE_CURVE('',#3827,#3320,#2370,.T.);
#4892=EDGE_CURVE('',#3829,#3318,#2371,.T.);
#4893=EDGE_CURVE('',#3321,#3826,#2372,.T.);
#4894=EDGE_CURVE('',#3825,#3322,#2373,.T.);
#4895=EDGE_CURVE('',#3323,#3824,#2374,.T.);
#4896=EDGE_CURVE('',#3326,#3823,#2375,.T.);
#4897=EDGE_CURVE('',#3330,#3822,#2376,.T.);
#4898=EDGE_CURVE('',#3821,#3331,#2377,.T.);
#4899=EDGE_CURVE('',#3332,#3820,#2378,.T.);
#4900=EDGE_CURVE('',#3819,#3333,#2379,.T.);
#4901=EDGE_CURVE('',#3334,#3818,#2380,.T.);
#4902=EDGE_CURVE('',#3817,#3335,#2381,.T.);
#4903=EDGE_CURVE('',#3336,#3816,#2382,.T.);
#4904=EDGE_CURVE('',#3815,#3337,#2383,.T.);
#4905=EDGE_CURVE('',#3338,#3814,#2384,.T.);
#4906=EDGE_CURVE('',#3813,#3339,#2385,.T.);
#4907=EDGE_CURVE('',#3340,#3812,#2386,.T.);
#4908=EDGE_CURVE('',#3811,#3341,#2387,.T.);
#4909=EDGE_CURVE('',#3342,#3810,#2388,.T.);
#4910=EDGE_CURVE('',#3809,#3343,#2389,.T.);
#4911=EDGE_CURVE('',#3344,#3808,#2390,.T.);
#4912=EDGE_CURVE('',#3347,#3807,#2391,.T.);
#4913=EDGE_CURVE('',#3806,#3348,#2392,.T.);
#4914=EDGE_CURVE('',#3349,#3805,#2393,.T.);
#4915=EDGE_CURVE('',#3281,#3804,#2394,.T.);
#4916=EDGE_CURVE('',#3850,#3851,#635,.T.);
#4917=EDGE_CURVE('',#3850,#3852,#2395,.T.);
#4918=EDGE_CURVE('',#3852,#3849,#103,.T.);
#4919=EDGE_CURVE('',#3724,#3853,#104,.T.);
#4920=EDGE_CURVE('',#3853,#3851,#2396,.T.);
#4921=EDGE_CURVE('',#3854,#3725,#636,.T.);
#4922=EDGE_CURVE('',#3854,#3853,#105,.T.);
#4923=EDGE_CURVE('',#3803,#3854,#2397,.T.);
#4924=EDGE_CURVE('',#3852,#3855,#106,.T.);
#4925=EDGE_CURVE('',#3850,#3856,#107,.T.);
#4926=EDGE_CURVE('',#3856,#3851,#108,.T.);
#4927=EDGE_CURVE('',#3854,#3855,#2398,.T.);
#4928=EDGE_CURVE('',#3855,#3802,#2399,.T.);
#4929=EDGE_CURVE('',#3848,#3855,#637,.T.);
#4930=EDGE_CURVE('',#3544,#3609,#150,.T.);
#4931=EDGE_CURVE('',#3639,#3539,#151,.T.);
#4932=EDGE_CURVE('',#3540,#3639,#152,.T.);
#4933=EDGE_CURVE('',#3857,#3637,#109,.T.);
#4934=EDGE_CURVE('',#3638,#3857,#2400,.T.);
#4935=EDGE_CURVE('',#3525,#3857,#110,.T.);
#4936=EDGE_CURVE('',#3640,#3535,#153,.T.);
#4937=EDGE_CURVE('',#3536,#3640,#154,.T.);
#4938=EDGE_CURVE('',#3636,#3858,#2401,.T.);
#4939=EDGE_CURVE('',#3858,#3859,#2402,.T.);
#4940=EDGE_CURVE('',#3859,#3634,#2403,.T.);
#4941=EDGE_CURVE('',#3633,#3860,#2404,.T.);
#4942=EDGE_CURVE('',#3860,#3861,#2405,.T.);
#4943=EDGE_CURVE('',#3861,#3631,#2406,.T.);
#4944=EDGE_CURVE('',#3517,#3630,#2407,.T.);
#4945=EDGE_CURVE('',#3862,#3863,#2408,.T.);
#4946=EDGE_CURVE('',#3863,#3864,#2409,.T.);
#4947=EDGE_CURVE('',#3864,#3865,#2410,.T.);
#4948=EDGE_CURVE('',#3865,#3862,#2411,.T.);
#4949=EDGE_CURVE('',#3866,#3867,#2412,.T.);
#4950=EDGE_CURVE('',#3867,#3868,#2413,.T.);
#4951=EDGE_CURVE('',#3868,#3869,#2414,.T.);
#4952=EDGE_CURVE('',#3869,#3866,#2415,.T.);
#4953=EDGE_CURVE('',#3870,#3871,#2416,.T.);
#4954=EDGE_CURVE('',#3871,#3872,#2417,.T.);
#4955=EDGE_CURVE('',#3872,#3873,#2418,.T.);
#4956=EDGE_CURVE('',#3873,#3870,#2419,.T.);
#4957=EDGE_CURVE('',#3859,#3635,#155,.T.);
#4958=EDGE_CURVE('',#3635,#3858,#156,.T.);
#4959=EDGE_CURVE('',#3641,#3531,#157,.T.);
#4960=EDGE_CURVE('',#3632,#3860,#158,.T.);
#4961=EDGE_CURVE('',#3861,#3632,#159,.T.);
#4962=EDGE_CURVE('',#3564,#3642,#111,.T.);
#4963=EDGE_CURVE('',#3629,#3874,#2420,.T.);
#4964=EDGE_CURVE('',#3874,#3875,#638,.T.);
#4965=EDGE_CURVE('',#3875,#3627,#2421,.T.);
#4966=EDGE_CURVE('',#3519,#3626,#2422,.T.);
#4967=EDGE_CURVE('',#3874,#3628,#112,.T.);
#4968=EDGE_CURVE('',#3628,#3875,#113,.T.);
#4969=EDGE_CURVE('',#3625,#3876,#2423,.T.);
#4970=EDGE_CURVE('',#3876,#3877,#2424,.T.);
#4971=EDGE_CURVE('',#3877,#3623,#2425,.T.);
#4972=EDGE_CURVE('',#3622,#3878,#2426,.T.);
#4973=EDGE_CURVE('',#3878,#3879,#2427,.T.);
#4974=EDGE_CURVE('',#3879,#3620,#2428,.T.);
#4975=EDGE_CURVE('',#3619,#3880,#2429,.T.);
#4976=EDGE_CURVE('',#3880,#3881,#2430,.T.);
#4977=EDGE_CURVE('',#3881,#3617,#2431,.T.);
#4978=EDGE_CURVE('',#3616,#3882,#2432,.T.);
#4979=EDGE_CURVE('',#3882,#3883,#2433,.T.);
#4980=EDGE_CURVE('',#3883,#3614,#2434,.T.);
#4981=EDGE_CURVE('',#3521,#3613,#2435,.T.);
#4982=EDGE_CURVE('',#3884,#3885,#2436,.T.);
#4983=EDGE_CURVE('',#3885,#3886,#2437,.T.);
#4984=EDGE_CURVE('',#3886,#3887,#2438,.T.);
#4985=EDGE_CURVE('',#3887,#3884,#2439,.T.);
#4986=EDGE_CURVE('',#3888,#3889,#2440,.T.);
#4987=EDGE_CURVE('',#3889,#3890,#2441,.T.);
#4988=EDGE_CURVE('',#3890,#3891,#2442,.T.);
#4989=EDGE_CURVE('',#3891,#3888,#2443,.T.);
#4990=EDGE_CURVE('',#3892,#3893,#2444,.T.);
#4991=EDGE_CURVE('',#3893,#3894,#2445,.T.);
#4992=EDGE_CURVE('',#3894,#3895,#2446,.T.);
#4993=EDGE_CURVE('',#3895,#3892,#2447,.T.);
#4994=EDGE_CURVE('',#3896,#3897,#2448,.T.);
#4995=EDGE_CURVE('',#3897,#3898,#2449,.T.);
#4996=EDGE_CURVE('',#3898,#3899,#2450,.T.);
#4997=EDGE_CURVE('',#3899,#3896,#2451,.T.);
#4998=EDGE_CURVE('',#3877,#3624,#160,.T.);
#4999=EDGE_CURVE('',#3624,#3876,#161,.T.);
#5000=EDGE_CURVE('',#3879,#3621,#162,.T.);
#5001=EDGE_CURVE('',#3621,#3878,#163,.T.);
#5002=EDGE_CURVE('',#3881,#3618,#164,.T.);
#5003=EDGE_CURVE('',#3618,#3880,#165,.T.);
#5004=EDGE_CURVE('',#3615,#3882,#166,.T.);
#5005=EDGE_CURVE('',#3883,#3615,#167,.T.);
#5006=EDGE_CURVE('',#3900,#3611,#114,.T.);
#5007=EDGE_CURVE('',#3612,#3900,#2452,.T.);
#5008=EDGE_CURVE('',#3611,#3901,#115,.T.);
#5009=EDGE_CURVE('',#3901,#3610,#2453,.T.);
#5010=EDGE_CURVE('',#3900,#3901,#639,.T.);
#5011=EDGE_CURVE('',#3902,#3903,#2454,.T.);
#5012=EDGE_CURVE('',#3904,#3902,#2455,.T.);
#5013=EDGE_CURVE('',#3905,#3904,#2456,.T.);
#5014=EDGE_CURVE('',#3903,#3905,#2457,.T.);
#5015=EDGE_CURVE('',#3904,#3561,#2458,.T.);
#5016=EDGE_CURVE('',#3902,#3558,#2459,.T.);
#5017=EDGE_CURVE('',#3905,#3560,#2460,.T.);
#5018=EDGE_CURVE('',#3903,#3559,#2461,.T.);
#5019=EDGE_CURVE('',#3906,#3907,#2462,.T.);
#5020=EDGE_CURVE('',#3908,#3906,#2463,.T.);
#5021=EDGE_CURVE('',#3909,#3908,#2464,.T.);
#5022=EDGE_CURVE('',#3907,#3909,#2465,.T.);
#5023=EDGE_CURVE('',#3908,#3553,#2466,.T.);
#5024=EDGE_CURVE('',#3906,#3550,#2467,.T.);
#5025=EDGE_CURVE('',#3909,#3552,#2468,.T.);
#5026=EDGE_CURVE('',#3907,#3551,#2469,.T.);
#5027=EDGE_CURVE('',#3910,#3911,#2470,.T.);
#5028=EDGE_CURVE('',#3912,#3910,#2471,.T.);
#5029=EDGE_CURVE('',#3913,#3912,#2472,.T.);
#5030=EDGE_CURVE('',#3911,#3913,#2473,.T.);
#5031=EDGE_CURVE('',#3912,#3549,#2474,.T.);
#5032=EDGE_CURVE('',#3910,#3546,#2475,.T.);
#5033=EDGE_CURVE('',#3913,#3548,#2476,.T.);
#5034=EDGE_CURVE('',#3911,#3547,#2477,.T.);
#5035=EDGE_CURVE('',#3914,#3915,#2478,.T.);
#5036=EDGE_CURVE('',#3916,#3914,#2479,.T.);
#5037=EDGE_CURVE('',#3917,#3916,#2480,.T.);
#5038=EDGE_CURVE('',#3915,#3917,#2481,.T.);
#5039=EDGE_CURVE('',#3916,#3557,#2482,.T.);
#5040=EDGE_CURVE('',#3914,#3554,#2483,.T.);
#5041=EDGE_CURVE('',#3917,#3556,#2484,.T.);
#5042=EDGE_CURVE('',#3915,#3555,#2485,.T.);
#5043=EDGE_CURVE('',#3918,#3919,#2486,.T.);
#5044=EDGE_CURVE('',#3920,#3918,#2487,.T.);
#5045=EDGE_CURVE('',#3921,#3920,#2488,.T.);
#5046=EDGE_CURVE('',#3919,#3921,#2489,.T.);
#5047=EDGE_CURVE('',#3920,#3899,#2490,.T.);
#5048=EDGE_CURVE('',#3918,#3896,#2491,.T.);
#5049=EDGE_CURVE('',#3921,#3898,#2492,.T.);
#5050=EDGE_CURVE('',#3919,#3897,#2493,.T.);
#5051=EDGE_CURVE('',#3922,#3923,#2494,.T.);
#5052=EDGE_CURVE('',#3924,#3922,#2495,.T.);
#5053=EDGE_CURVE('',#3925,#3924,#2496,.T.);
#5054=EDGE_CURVE('',#3923,#3925,#2497,.T.);
#5055=EDGE_CURVE('',#3924,#3891,#2498,.T.);
#5056=EDGE_CURVE('',#3922,#3888,#2499,.T.);
#5057=EDGE_CURVE('',#3925,#3890,#2500,.T.);
#5058=EDGE_CURVE('',#3923,#3889,#2501,.T.);
#5059=EDGE_CURVE('',#3926,#3927,#2502,.T.);
#5060=EDGE_CURVE('',#3928,#3926,#2503,.T.);
#5061=EDGE_CURVE('',#3929,#3928,#2504,.T.);
#5062=EDGE_CURVE('',#3927,#3929,#2505,.T.);
#5063=EDGE_CURVE('',#3928,#3887,#2506,.T.);
#5064=EDGE_CURVE('',#3926,#3884,#2507,.T.);
#5065=EDGE_CURVE('',#3929,#3886,#2508,.T.);
#5066=EDGE_CURVE('',#3927,#3885,#2509,.T.);
#5067=EDGE_CURVE('',#3930,#3931,#2510,.T.);
#5068=EDGE_CURVE('',#3932,#3930,#2511,.T.);
#5069=EDGE_CURVE('',#3933,#3932,#2512,.T.);
#5070=EDGE_CURVE('',#3931,#3933,#2513,.T.);
#5071=EDGE_CURVE('',#3932,#3895,#2514,.T.);
#5072=EDGE_CURVE('',#3930,#3892,#2515,.T.);
#5073=EDGE_CURVE('',#3933,#3894,#2516,.T.);
#5074=EDGE_CURVE('',#3931,#3893,#2517,.T.);
#5075=EDGE_CURVE('',#3934,#3935,#2518,.T.);
#5076=EDGE_CURVE('',#3936,#3934,#2519,.T.);
#5077=EDGE_CURVE('',#3937,#3936,#2520,.T.);
#5078=EDGE_CURVE('',#3935,#3937,#2521,.T.);
#5079=EDGE_CURVE('',#3936,#3865,#2522,.T.);
#5080=EDGE_CURVE('',#3934,#3862,#2523,.T.);
#5081=EDGE_CURVE('',#3937,#3864,#2524,.T.);
#5082=EDGE_CURVE('',#3935,#3863,#2525,.T.);
#5083=EDGE_CURVE('',#3938,#3939,#2526,.T.);
#5084=EDGE_CURVE('',#3940,#3938,#2527,.T.);
#5085=EDGE_CURVE('',#3941,#3940,#2528,.T.);
#5086=EDGE_CURVE('',#3939,#3941,#2529,.T.);
#5087=EDGE_CURVE('',#3940,#3869,#2530,.T.);
#5088=EDGE_CURVE('',#3938,#3866,#2531,.T.);
#5089=EDGE_CURVE('',#3941,#3868,#2532,.T.);
#5090=EDGE_CURVE('',#3939,#3867,#2533,.T.);
#5091=EDGE_CURVE('',#3942,#3943,#2534,.T.);
#5092=EDGE_CURVE('',#3944,#3942,#2535,.T.);
#5093=EDGE_CURVE('',#3945,#3944,#2536,.T.);
#5094=EDGE_CURVE('',#3943,#3945,#2537,.T.);
#5095=EDGE_CURVE('',#3944,#3873,#2538,.T.);
#5096=EDGE_CURVE('',#3942,#3870,#2539,.T.);
#5097=EDGE_CURVE('',#3945,#3872,#2540,.T.);
#5098=EDGE_CURVE('',#3943,#3871,#2541,.T.);
#5099=EDGE_CURVE('',#3946,#3947,#2542,.T.);
#5100=EDGE_CURVE('',#3948,#3946,#2543,.T.);
#5101=EDGE_CURVE('',#3949,#3948,#640,.T.);
#5102=EDGE_CURVE('',#3950,#3949,#2544,.T.);
#5103=EDGE_CURVE('',#3951,#3950,#641,.T.);
#5104=EDGE_CURVE('',#3947,#3951,#2545,.T.);
#5105=EDGE_CURVE('',#3952,#3953,#2546,.T.);
#5106=EDGE_CURVE('',#3954,#3952,#642,.T.);
#5107=EDGE_CURVE('',#3955,#3954,#2547,.T.);
#5108=EDGE_CURVE('',#3956,#3955,#643,.T.);
#5109=EDGE_CURVE('',#3957,#3956,#2548,.T.);
#5110=EDGE_CURVE('',#3953,#3957,#2549,.T.);
#5111=EDGE_CURVE('',#3958,#3702,#2550,.T.);
#5112=EDGE_CURVE('',#3959,#3958,#2551,.T.);
#5113=EDGE_CURVE('',#3704,#3959,#2552,.T.);
#5114=EDGE_CURVE('',#3710,#3947,#168,.F.);
#5115=EDGE_CURVE('',#3708,#3951,#644,.T.);
#5116=EDGE_CURVE('',#3706,#3950,#645,.T.);
#5117=EDGE_CURVE('',#3703,#3949,#646,.T.);
#5118=EDGE_CURVE('',#3702,#3948,#647,.T.);
#5119=EDGE_CURVE('',#3946,#3958,#169,.F.);
#5120=EDGE_CURVE('',#3947,#3361,#648,.T.);
#5121=EDGE_CURVE('',#3360,#3946,#649,.T.);
#5122=EDGE_CURVE('',#3358,#3959,#650,.T.);
#5123=EDGE_CURVE('',#3958,#3359,#651,.T.);
#5124=EDGE_CURVE('',#3711,#3356,#652,.T.);
#5125=EDGE_CURVE('',#3362,#3710,#653,.T.);
#5126=EDGE_CURVE('',#3957,#3357,#654,.T.);
#5127=EDGE_CURVE('',#3355,#3953,#655,.T.);
#5128=EDGE_CURVE('',#3959,#3957,#170,.F.);
#5129=EDGE_CURVE('',#3704,#3956,#656,.T.);
#5130=EDGE_CURVE('',#3705,#3955,#657,.T.);
#5131=EDGE_CURVE('',#3707,#3954,#658,.T.);
#5132=EDGE_CURVE('',#3709,#3952,#659,.T.);
#5133=EDGE_CURVE('',#3953,#3711,#171,.F.);
#5134=EDGE_CURVE('',#3960,#3691,#2553,.T.);
#5135=EDGE_CURVE('',#3960,#3697,#2554,.T.);
#5136=EDGE_CURVE('',#3688,#3960,#660,.T.);
#5137=EDGE_CURVE('',#3961,#3961,#661,.T.);
#5138=EDGE_CURVE('',#3962,#3963,#662,.T.);
#5139=EDGE_CURVE('',#3962,#3961,#2555,.T.);
#5140=EDGE_CURVE('',#3963,#3962,#663,.T.);
#5141=EDGE_CURVE('',#3856,#3963,#664,.T.);
#5142=EDGE_CURVE('',#3964,#3965,#665,.T.);
#5143=EDGE_CURVE('',#3965,#3966,#2556,.F.);
#5144=EDGE_CURVE('',#3967,#3966,#666,.T.);
#5145=EDGE_CURVE('',#3968,#3967,#2557,.T.);
#5146=EDGE_CURVE('',#3969,#3968,#667,.T.);
#5147=EDGE_CURVE('',#3964,#3969,#668,.T.);
#5148=EDGE_CURVE('',#3970,#3969,#2558,.T.);
#5149=EDGE_CURVE('',#3964,#3970,#116,.T.);
#5150=EDGE_CURVE('',#3971,#3968,#2559,.T.);
#5151=EDGE_CURVE('',#3971,#3970,#669,.T.);
#5152=EDGE_CURVE('',#3967,#3972,#2560,.T.);
#5153=EDGE_CURVE('',#3972,#3971,#2561,.T.);
#5154=EDGE_CURVE('',#3972,#3966,#117,.T.);
#5155=EDGE_CURVE('',#3965,#3971,#670,.T.);
#5156=EDGE_CURVE('',#3973,#3974,#118,.T.);
#5157=EDGE_CURVE('',#3974,#3975,#2562,.T.);
#5158=EDGE_CURVE('',#3975,#3976,#671,.T.);
#5159=EDGE_CURVE('',#3973,#3976,#2563,.T.);
#5160=EDGE_CURVE('',#3977,#3978,#119,.T.);
#5161=EDGE_CURVE('',#3976,#3978,#672,.T.);
#5162=EDGE_CURVE('',#3975,#3977,#673,.T.);
#5163=EDGE_CURVE('',#3979,#3980,#674,.T.);
#5164=EDGE_CURVE('',#3980,#3977,#2564,.T.);
#5165=EDGE_CURVE('',#3975,#3979,#2565,.T.);
#5166=EDGE_CURVE('',#3981,#3979,#2566,.T.);
#5167=EDGE_CURVE('',#3974,#3981,#2567,.T.);
#5168=EDGE_CURVE('',#3973,#3981,#675,.T.);
#5169=EDGE_CURVE('',#3980,#3978,#676,.T.);
#5170=EDGE_CURVE('',#3982,#3983,#2568,.F.);
#5171=EDGE_CURVE('',#3984,#3983,#677,.T.);
#5172=EDGE_CURVE('',#3985,#3984,#2569,.T.);
#5173=EDGE_CURVE('',#3982,#3985,#678,.T.);
#5174=EDGE_CURVE('',#3986,#3985,#2570,.T.);
#5175=EDGE_CURVE('',#3982,#3986,#120,.T.);
#5176=EDGE_CURVE('',#3987,#3983,#121,.T.);
#5177=EDGE_CURVE('',#3984,#3987,#2571,.T.);
#5178=EDGE_CURVE('',#3987,#3986,#2572,.T.);
#5179=EDGE_CURVE('',#3988,#3989,#679,.T.);
#5180=EDGE_CURVE('',#3989,#3990,#2573,.T.);
#5181=EDGE_CURVE('',#3991,#3990,#680,.T.);
#5182=EDGE_CURVE('',#3991,#3988,#2574,.T.);
#5183=EDGE_CURVE('',#3990,#3992,#122,.T.);
#5184=EDGE_CURVE('',#3993,#3992,#681,.T.);
#5185=EDGE_CURVE('',#3991,#3993,#682,.T.);
#5186=EDGE_CURVE('',#3994,#3995,#123,.T.);
#5187=EDGE_CURVE('',#3995,#3991,#2575,.T.);
#5188=EDGE_CURVE('',#3994,#3993,#2576,.F.);
#5189=EDGE_CURVE('',#3996,#3988,#2577,.T.);
#5190=EDGE_CURVE('',#3995,#3996,#2578,.T.);
#5191=EDGE_CURVE('',#3994,#3996,#683,.T.);
#5192=EDGE_CURVE('',#3989,#3992,#684,.T.);
#5193=EDGE_CURVE('',#3997,#3998,#2579,.F.);
#5194=EDGE_CURVE('',#3999,#3998,#685,.T.);
#5195=EDGE_CURVE('',#4000,#3999,#2580,.T.);
#5196=EDGE_CURVE('',#3997,#4000,#686,.T.);
#5197=EDGE_CURVE('',#4001,#4000,#2581,.T.);
#5198=EDGE_CURVE('',#3997,#4001,#124,.T.);
#5199=EDGE_CURVE('',#3999,#4002,#2582,.T.);
#5200=EDGE_CURVE('',#4001,#4002,#2583,.T.);
#5201=EDGE_CURVE('',#4002,#3998,#125,.T.);
#5202=EDGE_CURVE('',#4003,#4004,#126,.T.);
#5203=EDGE_CURVE('',#4005,#4004,#2584,.T.);
#5204=EDGE_CURVE('',#4006,#4005,#687,.T.);
#5205=EDGE_CURVE('',#4003,#4006,#2585,.F.);
#5206=EDGE_CURVE('',#4007,#4008,#2586,.T.);
#5207=EDGE_CURVE('',#4005,#4008,#2587,.T.);
#5208=EDGE_CURVE('',#4004,#4007,#2588,.T.);
#5209=EDGE_CURVE('',#4003,#4007,#688,.T.);
#5210=EDGE_CURVE('',#4009,#4010,#127,.T.);
#5211=EDGE_CURVE('',#4006,#4010,#689,.T.);
#5212=EDGE_CURVE('',#4009,#4005,#690,.T.);
#5213=EDGE_CURVE('',#4008,#4011,#691,.T.);
#5214=EDGE_CURVE('',#4011,#4009,#2589,.T.);
#5215=EDGE_CURVE('',#4011,#4010,#692,.T.);
#5216=EDGE_CURVE('',#4012,#4013,#2590,.F.);
#5217=EDGE_CURVE('',#4014,#4013,#693,.T.);
#5218=EDGE_CURVE('',#4015,#4014,#2591,.T.);
#5219=EDGE_CURVE('',#4012,#4015,#694,.T.);
#5220=EDGE_CURVE('',#4014,#4016,#2592,.T.);
#5221=EDGE_CURVE('',#4017,#4016,#2593,.T.);
#5222=EDGE_CURVE('',#4017,#4015,#2594,.T.);
#5223=EDGE_CURVE('',#4016,#4013,#128,.T.);
#5224=EDGE_CURVE('',#4012,#4017,#129,.T.);
#5225=EDGE_CURVE('',#4018,#4019,#695,.T.);
#5226=EDGE_CURVE('',#4020,#4019,#2595,.F.);
#5227=EDGE_CURVE('',#4021,#4020,#696,.T.);
#5228=EDGE_CURVE('',#4022,#4021,#2596,.T.);
#5229=EDGE_CURVE('',#4023,#4022,#697,.T.);
#5230=EDGE_CURVE('',#4018,#4023,#698,.T.);
#5231=EDGE_CURVE('',#4024,#4022,#2597,.T.);
#5232=EDGE_CURVE('',#4025,#4024,#699,.T.);
#5233=EDGE_CURVE('',#4025,#4023,#2598,.T.);
#5234=EDGE_CURVE('',#4018,#4025,#130,.T.);
#5235=EDGE_CURVE('',#4021,#4026,#2599,.T.);
#5236=EDGE_CURVE('',#4024,#4026,#2600,.T.);
#5237=EDGE_CURVE('',#4026,#4020,#131,.T.);
#5238=EDGE_CURVE('',#4024,#4019,#700,.T.);
#5239=EDGE_CURVE('',#4027,#4028,#132,.T.);
#5240=EDGE_CURVE('',#4029,#4028,#701,.T.);
#5241=EDGE_CURVE('',#4029,#4030,#702,.T.);
#5242=EDGE_CURVE('',#4027,#4030,#703,.T.);
#5243=EDGE_CURVE('',#4031,#4032,#704,.T.);
#5244=EDGE_CURVE('',#4029,#4032,#2601,.T.);
#5245=EDGE_CURVE('',#4028,#4031,#2602,.T.);
#5246=EDGE_CURVE('',#4032,#4033,#2603,.T.);
#5247=EDGE_CURVE('',#4033,#4034,#2604,.T.);
#5248=EDGE_CURVE('',#4029,#4034,#2605,.T.);
#5249=EDGE_CURVE('',#4034,#4035,#133,.T.);
#5250=EDGE_CURVE('',#4030,#4035,#2606,.F.);
#5251=EDGE_CURVE('',#4027,#4031,#705,.T.);
#5252=EDGE_CURVE('',#4033,#4035,#706,.T.);
#5253=EDGE_CURVE('',#4036,#4037,#707,.T.);
#5254=EDGE_CURVE('',#4038,#4037,#2607,.T.);
#5255=EDGE_CURVE('',#4036,#4038,#134,.T.);
#5256=EDGE_CURVE('',#4039,#4038,#2608,.T.);
#5257=EDGE_CURVE('',#4039,#4040,#135,.T.);
#5258=EDGE_CURVE('',#4036,#4040,#2609,.F.);
#5259=EDGE_CURVE('',#4037,#4041,#2610,.T.);
#5260=EDGE_CURVE('',#4041,#4039,#2611,.T.);
#5261=EDGE_CURVE('',#4041,#4040,#708,.T.);
#5262=EDGE_CURVE('',#4042,#4043,#2612,.F.);
#5263=EDGE_CURVE('',#4044,#4043,#709,.T.);
#5264=EDGE_CURVE('',#4045,#4044,#2613,.T.);
#5265=EDGE_CURVE('',#4042,#4045,#710,.T.);
#5266=EDGE_CURVE('',#4046,#4045,#2614,.T.);
#5267=EDGE_CURVE('',#4042,#4046,#136,.T.);
#5268=EDGE_CURVE('',#4044,#4047,#2615,.T.);
#5269=EDGE_CURVE('',#4047,#4046,#2616,.T.);
#5270=EDGE_CURVE('',#4047,#4043,#137,.T.);
#5271=EDGE_CURVE('',#4048,#4049,#138,.T.);
#5272=EDGE_CURVE('',#4050,#4049,#2617,.T.);
#5273=EDGE_CURVE('',#4051,#4050,#711,.T.);
#5274=EDGE_CURVE('',#4048,#4051,#2618,.F.);
#5275=EDGE_CURVE('',#4052,#4053,#2619,.T.);
#5276=EDGE_CURVE('',#4050,#4053,#2620,.T.);
#5277=EDGE_CURVE('',#4049,#4052,#2621,.T.);
#5278=EDGE_CURVE('',#4048,#4052,#712,.T.);
#5279=EDGE_CURVE('',#4054,#4055,#139,.T.);
#5280=EDGE_CURVE('',#4051,#4055,#713,.T.);
#5281=EDGE_CURVE('',#4054,#4050,#714,.T.);
#5282=EDGE_CURVE('',#4053,#4056,#715,.T.);
#5283=EDGE_CURVE('',#4056,#4054,#2622,.T.);
#5284=EDGE_CURVE('',#4056,#4055,#716,.T.);
#5285=EDGE_CURVE('',#4057,#4058,#2623,.F.);
#5286=EDGE_CURVE('',#4059,#4058,#717,.T.);
#5287=EDGE_CURVE('',#4060,#4059,#2624,.T.);
#5288=EDGE_CURVE('',#4057,#4060,#718,.T.);
#5289=EDGE_CURVE('',#4061,#4060,#2625,.T.);
#5290=EDGE_CURVE('',#4057,#4061,#140,.T.);
#5291=EDGE_CURVE('',#4059,#4062,#2626,.T.);
#5292=EDGE_CURVE('',#4061,#4062,#2627,.T.);
#5293=EDGE_CURVE('',#4062,#4058,#141,.T.);
#5294=ORIENTED_EDGE('',*,*,#4063,.F.);
#5295=ORIENTED_EDGE('',*,*,#4064,.T.);
#5296=ORIENTED_EDGE('',*,*,#4065,.F.);
#5297=ORIENTED_EDGE('',*,*,#4066,.F.);
#5298=ORIENTED_EDGE('',*,*,#4067,.F.);
#5299=ORIENTED_EDGE('',*,*,#4068,.F.);
#5300=ORIENTED_EDGE('',*,*,#4069,.F.);
#5301=ORIENTED_EDGE('',*,*,#4070,.F.);
#5302=ORIENTED_EDGE('',*,*,#4071,.F.);
#5303=ORIENTED_EDGE('',*,*,#4072,.F.);
#5304=ORIENTED_EDGE('',*,*,#4073,.F.);
#5305=ORIENTED_EDGE('',*,*,#4074,.T.);
#5306=ORIENTED_EDGE('',*,*,#4070,.T.);
#5307=ORIENTED_EDGE('',*,*,#4075,.F.);
#5308=ORIENTED_EDGE('',*,*,#4072,.T.);
#5309=ORIENTED_EDGE('',*,*,#4076,.F.);
#5310=ORIENTED_EDGE('',*,*,#4069,.T.);
#5311=ORIENTED_EDGE('',*,*,#4077,.T.);
#5312=ORIENTED_EDGE('',*,*,#4073,.T.);
#5313=ORIENTED_EDGE('',*,*,#4075,.T.);
#5314=ORIENTED_EDGE('',*,*,#4067,.T.);
#5315=ORIENTED_EDGE('',*,*,#4078,.T.);
#5316=ORIENTED_EDGE('',*,*,#4079,.F.);
#5317=ORIENTED_EDGE('',*,*,#4080,.T.);
#5318=ORIENTED_EDGE('',*,*,#4081,.T.);
#5319=ORIENTED_EDGE('',*,*,#4082,.T.);
#5320=ORIENTED_EDGE('',*,*,#4083,.T.);
#5321=ORIENTED_EDGE('',*,*,#4084,.T.);
#5322=ORIENTED_EDGE('',*,*,#4085,.T.);
#5323=ORIENTED_EDGE('',*,*,#4086,.T.);
#5324=ORIENTED_EDGE('',*,*,#4087,.T.);
#5325=ORIENTED_EDGE('',*,*,#4088,.T.);
#5326=ORIENTED_EDGE('',*,*,#4089,.T.);
#5327=ORIENTED_EDGE('',*,*,#4090,.T.);
#5328=ORIENTED_EDGE('',*,*,#4091,.T.);
#5329=ORIENTED_EDGE('',*,*,#4092,.T.);
#5330=ORIENTED_EDGE('',*,*,#4093,.T.);
#5331=ORIENTED_EDGE('',*,*,#4094,.T.);
#5332=ORIENTED_EDGE('',*,*,#4095,.T.);
#5333=ORIENTED_EDGE('',*,*,#4096,.T.);
#5334=ORIENTED_EDGE('',*,*,#4097,.T.);
#5335=ORIENTED_EDGE('',*,*,#4098,.T.);
#5336=ORIENTED_EDGE('',*,*,#4099,.T.);
#5337=ORIENTED_EDGE('',*,*,#4100,.T.);
#5338=ORIENTED_EDGE('',*,*,#4101,.T.);
#5339=ORIENTED_EDGE('',*,*,#4102,.T.);
#5340=ORIENTED_EDGE('',*,*,#4103,.T.);
#5341=ORIENTED_EDGE('',*,*,#4104,.T.);
#5342=ORIENTED_EDGE('',*,*,#4105,.T.);
#5343=ORIENTED_EDGE('',*,*,#4106,.T.);
#5344=ORIENTED_EDGE('',*,*,#4107,.T.);
#5345=ORIENTED_EDGE('',*,*,#4108,.T.);
#5346=ORIENTED_EDGE('',*,*,#4109,.T.);
#5347=ORIENTED_EDGE('',*,*,#4110,.T.);
#5348=ORIENTED_EDGE('',*,*,#4111,.T.);
#5349=ORIENTED_EDGE('',*,*,#4112,.T.);
#5350=ORIENTED_EDGE('',*,*,#4113,.T.);
#5351=ORIENTED_EDGE('',*,*,#4114,.T.);
#5352=ORIENTED_EDGE('',*,*,#4115,.T.);
#5353=ORIENTED_EDGE('',*,*,#4116,.T.);
#5354=ORIENTED_EDGE('',*,*,#4117,.T.);
#5355=ORIENTED_EDGE('',*,*,#4118,.T.);
#5356=ORIENTED_EDGE('',*,*,#4119,.T.);
#5357=ORIENTED_EDGE('',*,*,#4120,.T.);
#5358=ORIENTED_EDGE('',*,*,#4121,.T.);
#5359=ORIENTED_EDGE('',*,*,#4122,.T.);
#5360=ORIENTED_EDGE('',*,*,#4123,.T.);
#5361=ORIENTED_EDGE('',*,*,#4124,.T.);
#5362=ORIENTED_EDGE('',*,*,#4125,.T.);
#5363=ORIENTED_EDGE('',*,*,#4126,.T.);
#5364=ORIENTED_EDGE('',*,*,#4127,.T.);
#5365=ORIENTED_EDGE('',*,*,#4128,.T.);
#5366=ORIENTED_EDGE('',*,*,#4129,.T.);
#5367=ORIENTED_EDGE('',*,*,#4130,.T.);
#5368=ORIENTED_EDGE('',*,*,#4131,.T.);
#5369=ORIENTED_EDGE('',*,*,#4132,.T.);
#5370=ORIENTED_EDGE('',*,*,#4133,.T.);
#5371=ORIENTED_EDGE('',*,*,#4134,.T.);
#5372=ORIENTED_EDGE('',*,*,#4135,.T.);
#5373=ORIENTED_EDGE('',*,*,#4136,.T.);
#5374=ORIENTED_EDGE('',*,*,#4137,.T.);
#5375=ORIENTED_EDGE('',*,*,#4138,.T.);
#5376=ORIENTED_EDGE('',*,*,#4139,.T.);
#5377=ORIENTED_EDGE('',*,*,#4140,.T.);
#5378=ORIENTED_EDGE('',*,*,#4141,.T.);
#5379=ORIENTED_EDGE('',*,*,#4142,.T.);
#5380=ORIENTED_EDGE('',*,*,#4143,.T.);
#5381=ORIENTED_EDGE('',*,*,#4144,.T.);
#5382=ORIENTED_EDGE('',*,*,#4145,.T.);
#5383=ORIENTED_EDGE('',*,*,#4146,.T.);
#5384=ORIENTED_EDGE('',*,*,#4147,.T.);
#5385=ORIENTED_EDGE('',*,*,#4148,.T.);
#5386=ORIENTED_EDGE('',*,*,#4149,.T.);
#5387=ORIENTED_EDGE('',*,*,#4150,.T.);
#5388=ORIENTED_EDGE('',*,*,#4151,.F.);
#5389=ORIENTED_EDGE('',*,*,#4064,.F.);
#5390=ORIENTED_EDGE('',*,*,#4152,.F.);
#5391=ORIENTED_EDGE('',*,*,#4153,.F.);
#5392=ORIENTED_EDGE('',*,*,#4154,.F.);
#5393=ORIENTED_EDGE('',*,*,#4155,.F.);
#5394=ORIENTED_EDGE('',*,*,#4156,.F.);
#5395=ORIENTED_EDGE('',*,*,#4157,.F.);
#5396=ORIENTED_EDGE('',*,*,#4158,.F.);
#5397=ORIENTED_EDGE('',*,*,#4159,.F.);
#5398=ORIENTED_EDGE('',*,*,#4160,.F.);
#5399=ORIENTED_EDGE('',*,*,#4161,.F.);
#5400=ORIENTED_EDGE('',*,*,#4162,.F.);
#5401=ORIENTED_EDGE('',*,*,#4163,.F.);
#5402=ORIENTED_EDGE('',*,*,#4164,.F.);
#5403=ORIENTED_EDGE('',*,*,#4165,.F.);
#5404=ORIENTED_EDGE('',*,*,#4077,.F.);
#5405=ORIENTED_EDGE('',*,*,#4074,.F.);
#5406=ORIENTED_EDGE('',*,*,#4068,.T.);
#5407=ORIENTED_EDGE('',*,*,#4078,.F.);
#5408=ORIENTED_EDGE('',*,*,#4066,.T.);
#5409=ORIENTED_EDGE('',*,*,#4166,.F.);
#5410=ORIENTED_EDGE('',*,*,#4079,.T.);
#5411=ORIENTED_EDGE('',*,*,#4167,.T.);
#5412=ORIENTED_EDGE('',*,*,#4168,.T.);
#5413=ORIENTED_EDGE('',*,*,#4167,.F.);
#5414=ORIENTED_EDGE('',*,*,#4168,.F.);
#5415=ORIENTED_EDGE('',*,*,#4169,.T.);
#5416=ORIENTED_EDGE('',*,*,#4170,.F.);
#5417=ORIENTED_EDGE('',*,*,#4169,.F.);
#5418=ORIENTED_EDGE('',*,*,#4171,.T.);
#5419=ORIENTED_EDGE('',*,*,#4172,.T.);
#5420=ORIENTED_EDGE('',*,*,#4173,.T.);
#5421=ORIENTED_EDGE('',*,*,#4172,.F.);
#5422=ORIENTED_EDGE('',*,*,#4173,.F.);
#5423=ORIENTED_EDGE('',*,*,#4174,.T.);
#5424=ORIENTED_EDGE('',*,*,#4175,.F.);
#5425=ORIENTED_EDGE('',*,*,#4174,.F.);
#5426=ORIENTED_EDGE('',*,*,#4071,.T.);
#5427=ORIENTED_EDGE('',*,*,#4076,.T.);
#5428=ORIENTED_EDGE('',*,*,#4171,.F.);
#5429=ORIENTED_EDGE('',*,*,#4063,.T.);
#5430=ORIENTED_EDGE('',*,*,#4166,.T.);
#5431=ORIENTED_EDGE('',*,*,#4065,.T.);
#5432=ORIENTED_EDGE('',*,*,#4151,.T.);
#5433=ORIENTED_EDGE('',*,*,#4152,.T.);
#5434=ORIENTED_EDGE('',*,*,#4176,.T.);
#5435=ORIENTED_EDGE('',*,*,#4177,.T.);
#5436=ORIENTED_EDGE('',*,*,#4176,.F.);
#5437=ORIENTED_EDGE('',*,*,#4178,.F.);
#5438=ORIENTED_EDGE('',*,*,#4179,.T.);
#5439=ORIENTED_EDGE('',*,*,#4177,.F.);
#5440=ORIENTED_EDGE('',*,*,#4179,.F.);
#5441=ORIENTED_EDGE('',*,*,#4165,.T.);
#5442=ORIENTED_EDGE('',*,*,#4180,.T.);
#5443=ORIENTED_EDGE('',*,*,#4181,.T.);
#5444=ORIENTED_EDGE('',*,*,#4180,.F.);
#5445=ORIENTED_EDGE('',*,*,#4182,.F.);
#5446=ORIENTED_EDGE('',*,*,#4183,.T.);
#5447=ORIENTED_EDGE('',*,*,#4181,.F.);
#5448=ORIENTED_EDGE('',*,*,#4183,.F.);
#5449=ORIENTED_EDGE('',*,*,#4153,.T.);
#5450=ORIENTED_EDGE('',*,*,#4184,.T.);
#5451=ORIENTED_EDGE('',*,*,#4185,.T.);
#5452=ORIENTED_EDGE('',*,*,#4184,.F.);
#5453=ORIENTED_EDGE('',*,*,#4186,.F.);
#5454=ORIENTED_EDGE('',*,*,#4187,.T.);
#5455=ORIENTED_EDGE('',*,*,#4185,.F.);
#5456=ORIENTED_EDGE('',*,*,#4187,.F.);
#5457=ORIENTED_EDGE('',*,*,#4164,.T.);
#5458=ORIENTED_EDGE('',*,*,#4188,.T.);
#5459=ORIENTED_EDGE('',*,*,#4189,.T.);
#5460=ORIENTED_EDGE('',*,*,#4188,.F.);
#5461=ORIENTED_EDGE('',*,*,#4190,.F.);
#5462=ORIENTED_EDGE('',*,*,#4191,.T.);
#5463=ORIENTED_EDGE('',*,*,#4189,.F.);
#5464=ORIENTED_EDGE('',*,*,#4191,.F.);
#5465=ORIENTED_EDGE('',*,*,#4154,.T.);
#5466=ORIENTED_EDGE('',*,*,#4192,.T.);
#5467=ORIENTED_EDGE('',*,*,#4193,.T.);
#5468=ORIENTED_EDGE('',*,*,#4192,.F.);
#5469=ORIENTED_EDGE('',*,*,#4194,.F.);
#5470=ORIENTED_EDGE('',*,*,#4195,.T.);
#5471=ORIENTED_EDGE('',*,*,#4193,.F.);
#5472=ORIENTED_EDGE('',*,*,#4195,.F.);
#5473=ORIENTED_EDGE('',*,*,#4163,.T.);
#5474=ORIENTED_EDGE('',*,*,#4196,.T.);
#5475=ORIENTED_EDGE('',*,*,#4197,.T.);
#5476=ORIENTED_EDGE('',*,*,#4196,.F.);
#5477=ORIENTED_EDGE('',*,*,#4198,.F.);
#5478=ORIENTED_EDGE('',*,*,#4199,.T.);
#5479=ORIENTED_EDGE('',*,*,#4197,.F.);
#5480=ORIENTED_EDGE('',*,*,#4199,.F.);
#5481=ORIENTED_EDGE('',*,*,#4200,.F.);
#5482=ORIENTED_EDGE('',*,*,#4201,.T.);
#5483=ORIENTED_EDGE('',*,*,#4202,.F.);
#5484=ORIENTED_EDGE('',*,*,#4201,.F.);
#5485=ORIENTED_EDGE('',*,*,#4182,.T.);
#5486=ORIENTED_EDGE('',*,*,#4200,.T.);
#5487=ORIENTED_EDGE('',*,*,#4202,.T.);
#5488=ORIENTED_EDGE('',*,*,#4203,.F.);
#5489=ORIENTED_EDGE('',*,*,#4204,.T.);
#5490=ORIENTED_EDGE('',*,*,#4205,.F.);
#5491=ORIENTED_EDGE('',*,*,#4204,.F.);
#5492=ORIENTED_EDGE('',*,*,#4198,.T.);
#5493=ORIENTED_EDGE('',*,*,#4203,.T.);
#5494=ORIENTED_EDGE('',*,*,#4175,.T.);
#5495=ORIENTED_EDGE('',*,*,#4206,.F.);
#5496=ORIENTED_EDGE('',*,*,#4207,.T.);
#5497=ORIENTED_EDGE('',*,*,#4208,.F.);
#5498=ORIENTED_EDGE('',*,*,#4207,.F.);
#5499=ORIENTED_EDGE('',*,*,#4190,.T.);
#5500=ORIENTED_EDGE('',*,*,#4206,.T.);
#5501=ORIENTED_EDGE('',*,*,#4205,.T.);
#5502=ORIENTED_EDGE('',*,*,#4209,.F.);
#5503=ORIENTED_EDGE('',*,*,#4210,.T.);
#5504=ORIENTED_EDGE('',*,*,#4211,.F.);
#5505=ORIENTED_EDGE('',*,*,#4210,.F.);
#5506=ORIENTED_EDGE('',*,*,#4178,.T.);
#5507=ORIENTED_EDGE('',*,*,#4209,.T.);
#5508=ORIENTED_EDGE('',*,*,#4208,.T.);
#5509=ORIENTED_EDGE('',*,*,#4211,.T.);
#5510=ORIENTED_EDGE('',*,*,#4212,.F.);
#5511=ORIENTED_EDGE('',*,*,#4213,.T.);
#5512=ORIENTED_EDGE('',*,*,#4214,.F.);
#5513=ORIENTED_EDGE('',*,*,#4213,.F.);
#5514=ORIENTED_EDGE('',*,*,#4194,.T.);
#5515=ORIENTED_EDGE('',*,*,#4212,.T.);
#5516=ORIENTED_EDGE('',*,*,#4170,.T.);
#5517=ORIENTED_EDGE('',*,*,#4215,.F.);
#5518=ORIENTED_EDGE('',*,*,#4216,.T.);
#5519=ORIENTED_EDGE('',*,*,#4217,.F.);
#5520=ORIENTED_EDGE('',*,*,#4216,.F.);
#5521=ORIENTED_EDGE('',*,*,#4186,.T.);
#5522=ORIENTED_EDGE('',*,*,#4215,.T.);
#5523=ORIENTED_EDGE('',*,*,#4214,.T.);
#5524=ORIENTED_EDGE('',*,*,#4218,.T.);
#5525=ORIENTED_EDGE('',*,*,#4219,.T.);
#5526=ORIENTED_EDGE('',*,*,#4220,.F.);
#5527=ORIENTED_EDGE('',*,*,#4221,.T.);
#5528=ORIENTED_EDGE('',*,*,#4222,.T.);
#5529=ORIENTED_EDGE('',*,*,#4223,.T.);
#5530=ORIENTED_EDGE('',*,*,#4222,.F.);
#5531=ORIENTED_EDGE('',*,*,#4224,.T.);
#5532=ORIENTED_EDGE('',*,*,#4223,.F.);
#5533=ORIENTED_EDGE('',*,*,#4225,.T.);
#5534=ORIENTED_EDGE('',*,*,#4226,.T.);
#5535=ORIENTED_EDGE('',*,*,#4225,.F.);
#5536=ORIENTED_EDGE('',*,*,#4227,.T.);
#5537=ORIENTED_EDGE('',*,*,#4228,.T.);
#5538=ORIENTED_EDGE('',*,*,#4229,.F.);
#5539=ORIENTED_EDGE('',*,*,#4230,.T.);
#5540=ORIENTED_EDGE('',*,*,#4231,.T.);
#5541=ORIENTED_EDGE('',*,*,#4232,.T.);
#5542=ORIENTED_EDGE('',*,*,#4231,.F.);
#5543=ORIENTED_EDGE('',*,*,#4233,.T.);
#5544=ORIENTED_EDGE('',*,*,#4232,.F.);
#5545=ORIENTED_EDGE('',*,*,#4234,.T.);
#5546=ORIENTED_EDGE('',*,*,#4235,.T.);
#5547=ORIENTED_EDGE('',*,*,#4234,.F.);
#5548=ORIENTED_EDGE('',*,*,#4236,.T.);
#5549=ORIENTED_EDGE('',*,*,#4237,.T.);
#5550=ORIENTED_EDGE('',*,*,#4238,.F.);
#5551=ORIENTED_EDGE('',*,*,#4239,.T.);
#5552=ORIENTED_EDGE('',*,*,#4240,.T.);
#5553=ORIENTED_EDGE('',*,*,#4241,.T.);
#5554=ORIENTED_EDGE('',*,*,#4240,.F.);
#5555=ORIENTED_EDGE('',*,*,#4242,.T.);
#5556=ORIENTED_EDGE('',*,*,#4241,.F.);
#5557=ORIENTED_EDGE('',*,*,#4243,.T.);
#5558=ORIENTED_EDGE('',*,*,#4244,.T.);
#5559=ORIENTED_EDGE('',*,*,#4243,.F.);
#5560=ORIENTED_EDGE('',*,*,#4245,.T.);
#5561=ORIENTED_EDGE('',*,*,#4246,.T.);
#5562=ORIENTED_EDGE('',*,*,#4247,.F.);
#5563=ORIENTED_EDGE('',*,*,#4248,.T.);
#5564=ORIENTED_EDGE('',*,*,#4249,.T.);
#5565=ORIENTED_EDGE('',*,*,#4250,.T.);
#5566=ORIENTED_EDGE('',*,*,#4249,.F.);
#5567=ORIENTED_EDGE('',*,*,#4251,.T.);
#5568=ORIENTED_EDGE('',*,*,#4250,.F.);
#5569=ORIENTED_EDGE('',*,*,#4252,.T.);
#5570=ORIENTED_EDGE('',*,*,#4253,.T.);
#5571=ORIENTED_EDGE('',*,*,#4252,.F.);
#5572=ORIENTED_EDGE('',*,*,#4254,.T.);
#5573=ORIENTED_EDGE('',*,*,#4255,.T.);
#5574=ORIENTED_EDGE('',*,*,#4256,.F.);
#5575=ORIENTED_EDGE('',*,*,#4257,.T.);
#5576=ORIENTED_EDGE('',*,*,#4258,.T.);
#5577=ORIENTED_EDGE('',*,*,#4259,.T.);
#5578=ORIENTED_EDGE('',*,*,#4258,.F.);
#5579=ORIENTED_EDGE('',*,*,#4260,.T.);
#5580=ORIENTED_EDGE('',*,*,#4259,.F.);
#5581=ORIENTED_EDGE('',*,*,#4261,.T.);
#5582=ORIENTED_EDGE('',*,*,#4262,.T.);
#5583=ORIENTED_EDGE('',*,*,#4261,.F.);
#5584=ORIENTED_EDGE('',*,*,#4263,.T.);
#5585=ORIENTED_EDGE('',*,*,#4264,.T.);
#5586=ORIENTED_EDGE('',*,*,#4265,.F.);
#5587=ORIENTED_EDGE('',*,*,#4266,.T.);
#5588=ORIENTED_EDGE('',*,*,#4267,.T.);
#5589=ORIENTED_EDGE('',*,*,#4268,.T.);
#5590=ORIENTED_EDGE('',*,*,#4267,.F.);
#5591=ORIENTED_EDGE('',*,*,#4269,.T.);
#5592=ORIENTED_EDGE('',*,*,#4268,.F.);
#5593=ORIENTED_EDGE('',*,*,#4270,.T.);
#5594=ORIENTED_EDGE('',*,*,#4271,.T.);
#5595=ORIENTED_EDGE('',*,*,#4270,.F.);
#5596=ORIENTED_EDGE('',*,*,#4272,.T.);
#5597=ORIENTED_EDGE('',*,*,#4273,.T.);
#5598=ORIENTED_EDGE('',*,*,#4274,.F.);
#5599=ORIENTED_EDGE('',*,*,#4275,.T.);
#5600=ORIENTED_EDGE('',*,*,#4276,.T.);
#5601=ORIENTED_EDGE('',*,*,#4277,.T.);
#5602=ORIENTED_EDGE('',*,*,#4276,.F.);
#5603=ORIENTED_EDGE('',*,*,#4278,.T.);
#5604=ORIENTED_EDGE('',*,*,#4277,.F.);
#5605=ORIENTED_EDGE('',*,*,#4279,.T.);
#5606=ORIENTED_EDGE('',*,*,#4280,.T.);
#5607=ORIENTED_EDGE('',*,*,#4279,.F.);
#5608=ORIENTED_EDGE('',*,*,#4281,.T.);
#5609=ORIENTED_EDGE('',*,*,#4282,.T.);
#5610=ORIENTED_EDGE('',*,*,#4283,.F.);
#5611=ORIENTED_EDGE('',*,*,#4284,.T.);
#5612=ORIENTED_EDGE('',*,*,#4285,.T.);
#5613=ORIENTED_EDGE('',*,*,#4286,.T.);
#5614=ORIENTED_EDGE('',*,*,#4285,.F.);
#5615=ORIENTED_EDGE('',*,*,#4287,.T.);
#5616=ORIENTED_EDGE('',*,*,#4286,.F.);
#5617=ORIENTED_EDGE('',*,*,#4288,.T.);
#5618=ORIENTED_EDGE('',*,*,#4289,.T.);
#5619=ORIENTED_EDGE('',*,*,#4288,.F.);
#5620=ORIENTED_EDGE('',*,*,#4290,.T.);
#5621=ORIENTED_EDGE('',*,*,#4291,.T.);
#5622=ORIENTED_EDGE('',*,*,#4292,.F.);
#5623=ORIENTED_EDGE('',*,*,#4293,.T.);
#5624=ORIENTED_EDGE('',*,*,#4294,.T.);
#5625=ORIENTED_EDGE('',*,*,#4295,.T.);
#5626=ORIENTED_EDGE('',*,*,#4294,.F.);
#5627=ORIENTED_EDGE('',*,*,#4296,.T.);
#5628=ORIENTED_EDGE('',*,*,#4295,.F.);
#5629=ORIENTED_EDGE('',*,*,#4297,.T.);
#5630=ORIENTED_EDGE('',*,*,#4298,.T.);
#5631=ORIENTED_EDGE('',*,*,#4297,.F.);
#5632=ORIENTED_EDGE('',*,*,#4299,.T.);
#5633=ORIENTED_EDGE('',*,*,#4300,.T.);
#5634=ORIENTED_EDGE('',*,*,#4301,.F.);
#5635=ORIENTED_EDGE('',*,*,#4302,.T.);
#5636=ORIENTED_EDGE('',*,*,#4303,.T.);
#5637=ORIENTED_EDGE('',*,*,#4304,.T.);
#5638=ORIENTED_EDGE('',*,*,#4303,.F.);
#5639=ORIENTED_EDGE('',*,*,#4305,.T.);
#5640=ORIENTED_EDGE('',*,*,#4304,.F.);
#5641=ORIENTED_EDGE('',*,*,#4306,.T.);
#5642=ORIENTED_EDGE('',*,*,#4307,.T.);
#5643=ORIENTED_EDGE('',*,*,#4306,.F.);
#5644=ORIENTED_EDGE('',*,*,#4308,.T.);
#5645=ORIENTED_EDGE('',*,*,#4309,.T.);
#5646=ORIENTED_EDGE('',*,*,#4310,.F.);
#5647=ORIENTED_EDGE('',*,*,#4311,.T.);
#5648=ORIENTED_EDGE('',*,*,#4312,.T.);
#5649=ORIENTED_EDGE('',*,*,#4313,.T.);
#5650=ORIENTED_EDGE('',*,*,#4312,.F.);
#5651=ORIENTED_EDGE('',*,*,#4314,.T.);
#5652=ORIENTED_EDGE('',*,*,#4313,.F.);
#5653=ORIENTED_EDGE('',*,*,#4315,.T.);
#5654=ORIENTED_EDGE('',*,*,#4316,.T.);
#5655=ORIENTED_EDGE('',*,*,#4315,.F.);
#5656=ORIENTED_EDGE('',*,*,#4317,.T.);
#5657=ORIENTED_EDGE('',*,*,#4318,.T.);
#5658=ORIENTED_EDGE('',*,*,#4319,.F.);
#5659=ORIENTED_EDGE('',*,*,#4320,.T.);
#5660=ORIENTED_EDGE('',*,*,#4321,.T.);
#5661=ORIENTED_EDGE('',*,*,#4322,.T.);
#5662=ORIENTED_EDGE('',*,*,#4321,.F.);
#5663=ORIENTED_EDGE('',*,*,#4323,.T.);
#5664=ORIENTED_EDGE('',*,*,#4322,.F.);
#5665=ORIENTED_EDGE('',*,*,#4324,.T.);
#5666=ORIENTED_EDGE('',*,*,#4325,.T.);
#5667=ORIENTED_EDGE('',*,*,#4324,.F.);
#5668=ORIENTED_EDGE('',*,*,#4326,.T.);
#5669=ORIENTED_EDGE('',*,*,#4327,.T.);
#5670=ORIENTED_EDGE('',*,*,#4328,.T.);
#5671=ORIENTED_EDGE('',*,*,#4329,.T.);
#5672=ORIENTED_EDGE('',*,*,#4328,.F.);
#5673=ORIENTED_EDGE('',*,*,#4330,.T.);
#5674=ORIENTED_EDGE('',*,*,#4331,.F.);
#5675=ORIENTED_EDGE('',*,*,#4332,.T.);
#5676=ORIENTED_EDGE('',*,*,#4333,.T.);
#5677=ORIENTED_EDGE('',*,*,#4334,.T.);
#5678=ORIENTED_EDGE('',*,*,#4329,.F.);
#5679=ORIENTED_EDGE('',*,*,#4334,.F.);
#5680=ORIENTED_EDGE('',*,*,#4335,.T.);
#5681=ORIENTED_EDGE('',*,*,#4336,.T.);
#5682=ORIENTED_EDGE('',*,*,#4337,.T.);
#5683=ORIENTED_EDGE('',*,*,#4338,.T.);
#5684=ORIENTED_EDGE('',*,*,#4337,.F.);
#5685=ORIENTED_EDGE('',*,*,#4339,.T.);
#5686=ORIENTED_EDGE('',*,*,#4340,.F.);
#5687=ORIENTED_EDGE('',*,*,#4341,.T.);
#5688=ORIENTED_EDGE('',*,*,#4338,.F.);
#5689=ORIENTED_EDGE('',*,*,#4342,.T.);
#5690=ORIENTED_EDGE('',*,*,#4343,.T.);
#5691=ORIENTED_EDGE('',*,*,#4342,.F.);
#5692=ORIENTED_EDGE('',*,*,#4344,.T.);
#5693=ORIENTED_EDGE('',*,*,#4345,.T.);
#5694=ORIENTED_EDGE('',*,*,#4346,.T.);
#5695=ORIENTED_EDGE('',*,*,#4347,.T.);
#5696=ORIENTED_EDGE('',*,*,#4346,.F.);
#5697=ORIENTED_EDGE('',*,*,#4348,.T.);
#5698=ORIENTED_EDGE('',*,*,#4349,.F.);
#5699=ORIENTED_EDGE('',*,*,#4350,.T.);
#5700=ORIENTED_EDGE('',*,*,#4347,.F.);
#5701=ORIENTED_EDGE('',*,*,#4351,.T.);
#5702=ORIENTED_EDGE('',*,*,#4352,.T.);
#5703=ORIENTED_EDGE('',*,*,#4351,.F.);
#5704=ORIENTED_EDGE('',*,*,#4353,.T.);
#5705=ORIENTED_EDGE('',*,*,#4354,.T.);
#5706=ORIENTED_EDGE('',*,*,#4355,.T.);
#5707=ORIENTED_EDGE('',*,*,#4356,.T.);
#5708=ORIENTED_EDGE('',*,*,#4355,.F.);
#5709=ORIENTED_EDGE('',*,*,#4357,.T.);
#5710=ORIENTED_EDGE('',*,*,#4358,.F.);
#5711=ORIENTED_EDGE('',*,*,#4359,.T.);
#5712=ORIENTED_EDGE('',*,*,#4356,.F.);
#5713=ORIENTED_EDGE('',*,*,#4360,.T.);
#5714=ORIENTED_EDGE('',*,*,#4361,.T.);
#5715=ORIENTED_EDGE('',*,*,#4360,.F.);
#5716=ORIENTED_EDGE('',*,*,#4362,.T.);
#5717=ORIENTED_EDGE('',*,*,#4363,.T.);
#5718=ORIENTED_EDGE('',*,*,#4364,.T.);
#5719=ORIENTED_EDGE('',*,*,#4365,.T.);
#5720=ORIENTED_EDGE('',*,*,#4366,.T.);
#5721=ORIENTED_EDGE('',*,*,#4367,.T.);
#5722=ORIENTED_EDGE('',*,*,#4362,.F.);
#5723=ORIENTED_EDGE('',*,*,#4368,.T.);
#5724=ORIENTED_EDGE('',*,*,#4369,.T.);
#5725=ORIENTED_EDGE('',*,*,#4370,.T.);
#5726=ORIENTED_EDGE('',*,*,#4366,.F.);
#5727=ORIENTED_EDGE('',*,*,#4371,.T.);
#5728=ORIENTED_EDGE('',*,*,#4372,.T.);
#5729=ORIENTED_EDGE('',*,*,#4373,.T.);
#5730=ORIENTED_EDGE('',*,*,#4369,.F.);
#5731=ORIENTED_EDGE('',*,*,#4374,.T.);
#5732=ORIENTED_EDGE('',*,*,#4375,.T.);
#5733=ORIENTED_EDGE('',*,*,#4376,.T.);
#5734=ORIENTED_EDGE('',*,*,#4372,.F.);
#5735=ORIENTED_EDGE('',*,*,#4377,.T.);
#5736=ORIENTED_EDGE('',*,*,#4378,.T.);
#5737=ORIENTED_EDGE('',*,*,#4379,.T.);
#5738=ORIENTED_EDGE('',*,*,#4375,.F.);
#5739=ORIENTED_EDGE('',*,*,#4380,.T.);
#5740=ORIENTED_EDGE('',*,*,#4381,.T.);
#5741=ORIENTED_EDGE('',*,*,#4382,.T.);
#5742=ORIENTED_EDGE('',*,*,#4378,.F.);
#5743=ORIENTED_EDGE('',*,*,#4383,.T.);
#5744=ORIENTED_EDGE('',*,*,#4364,.F.);
#5745=ORIENTED_EDGE('',*,*,#4384,.T.);
#5746=ORIENTED_EDGE('',*,*,#4381,.F.);
#5747=ORIENTED_EDGE('',*,*,#4385,.T.);
#5748=ORIENTED_EDGE('',*,*,#4374,.F.);
#5749=ORIENTED_EDGE('',*,*,#4386,.T.);
#5750=ORIENTED_EDGE('',*,*,#4387,.F.);
#5751=ORIENTED_EDGE('',*,*,#4388,.F.);
#5752=ORIENTED_EDGE('',*,*,#4389,.T.);
#5753=ORIENTED_EDGE('',*,*,#4390,.T.);
#5754=ORIENTED_EDGE('',*,*,#4391,.F.);
#5755=ORIENTED_EDGE('',*,*,#4392,.F.);
#5756=ORIENTED_EDGE('',*,*,#4371,.F.);
#5757=ORIENTED_EDGE('',*,*,#4393,.T.);
#5758=ORIENTED_EDGE('',*,*,#4394,.F.);
#5759=ORIENTED_EDGE('',*,*,#4395,.T.);
#5760=ORIENTED_EDGE('',*,*,#4396,.T.);
#5761=ORIENTED_EDGE('',*,*,#4397,.T.);
#5762=ORIENTED_EDGE('',*,*,#4398,.F.);
#5763=ORIENTED_EDGE('',*,*,#4399,.T.);
#5764=ORIENTED_EDGE('',*,*,#4400,.T.);
#5765=ORIENTED_EDGE('',*,*,#4401,.T.);
#5766=ORIENTED_EDGE('',*,*,#4402,.F.);
#5767=ORIENTED_EDGE('',*,*,#4403,.T.);
#5768=ORIENTED_EDGE('',*,*,#4404,.T.);
#5769=ORIENTED_EDGE('',*,*,#4405,.T.);
#5770=ORIENTED_EDGE('',*,*,#4406,.F.);
#5771=ORIENTED_EDGE('',*,*,#4407,.T.);
#5772=ORIENTED_EDGE('',*,*,#4408,.T.);
#5773=ORIENTED_EDGE('',*,*,#4409,.T.);
#5774=ORIENTED_EDGE('',*,*,#4410,.F.);
#5775=ORIENTED_EDGE('',*,*,#4386,.F.);
#5776=ORIENTED_EDGE('',*,*,#4411,.T.);
#5777=ORIENTED_EDGE('',*,*,#4412,.T.);
#5778=ORIENTED_EDGE('',*,*,#4413,.T.);
#5779=ORIENTED_EDGE('',*,*,#4414,.T.);
#5780=ORIENTED_EDGE('',*,*,#4415,.T.);
#5781=ORIENTED_EDGE('',*,*,#4416,.T.);
#5782=ORIENTED_EDGE('',*,*,#4417,.T.);
#5783=ORIENTED_EDGE('',*,*,#4418,.T.);
#5784=ORIENTED_EDGE('',*,*,#4419,.T.);
#5785=ORIENTED_EDGE('',*,*,#4420,.T.);
#5786=ORIENTED_EDGE('',*,*,#4421,.T.);
#5787=ORIENTED_EDGE('',*,*,#4422,.T.);
#5788=ORIENTED_EDGE('',*,*,#4423,.T.);
#5789=ORIENTED_EDGE('',*,*,#4424,.T.);
#5790=ORIENTED_EDGE('',*,*,#4425,.T.);
#5791=ORIENTED_EDGE('',*,*,#4426,.T.);
#5792=ORIENTED_EDGE('',*,*,#4368,.F.);
#5793=ORIENTED_EDGE('',*,*,#4427,.T.);
#5794=ORIENTED_EDGE('',*,*,#4428,.F.);
#5795=ORIENTED_EDGE('',*,*,#4429,.T.);
#5796=ORIENTED_EDGE('',*,*,#4430,.T.);
#5797=ORIENTED_EDGE('',*,*,#4431,.T.);
#5798=ORIENTED_EDGE('',*,*,#4432,.F.);
#5799=ORIENTED_EDGE('',*,*,#4393,.F.);
#5800=ORIENTED_EDGE('',*,*,#4365,.F.);
#5801=ORIENTED_EDGE('',*,*,#4433,.T.);
#5802=ORIENTED_EDGE('',*,*,#4434,.F.);
#5803=ORIENTED_EDGE('',*,*,#4435,.T.);
#5804=ORIENTED_EDGE('',*,*,#4436,.F.);
#5805=ORIENTED_EDGE('',*,*,#4437,.F.);
#5806=ORIENTED_EDGE('',*,*,#4438,.T.);
#5807=ORIENTED_EDGE('',*,*,#4439,.F.);
#5808=ORIENTED_EDGE('',*,*,#4440,.F.);
#5809=ORIENTED_EDGE('',*,*,#4441,.T.);
#5810=ORIENTED_EDGE('',*,*,#4442,.F.);
#5811=ORIENTED_EDGE('',*,*,#4427,.F.);
#5812=ORIENTED_EDGE('',*,*,#4363,.F.);
#5813=ORIENTED_EDGE('',*,*,#4367,.F.);
#5814=ORIENTED_EDGE('',*,*,#4370,.F.);
#5815=ORIENTED_EDGE('',*,*,#4373,.F.);
#5816=ORIENTED_EDGE('',*,*,#4376,.F.);
#5817=ORIENTED_EDGE('',*,*,#4379,.F.);
#5818=ORIENTED_EDGE('',*,*,#4382,.F.);
#5819=ORIENTED_EDGE('',*,*,#4384,.F.);
#5820=ORIENTED_EDGE('',*,*,#4443,.F.);
#5821=ORIENTED_EDGE('',*,*,#4444,.T.);
#5822=ORIENTED_EDGE('',*,*,#4445,.F.);
#5823=ORIENTED_EDGE('',*,*,#4446,.F.);
#5824=ORIENTED_EDGE('',*,*,#4127,.F.);
#5825=ORIENTED_EDGE('',*,*,#4447,.F.);
#5826=ORIENTED_EDGE('',*,*,#4448,.F.);
#5827=ORIENTED_EDGE('',*,*,#4449,.F.);
#5828=ORIENTED_EDGE('',*,*,#4450,.F.);
#5829=ORIENTED_EDGE('',*,*,#4451,.F.);
#5830=ORIENTED_EDGE('',*,*,#4447,.T.);
#5831=ORIENTED_EDGE('',*,*,#4126,.F.);
#5832=ORIENTED_EDGE('',*,*,#4452,.F.);
#5833=ORIENTED_EDGE('',*,*,#4097,.F.);
#5834=ORIENTED_EDGE('',*,*,#4453,.F.);
#5835=ORIENTED_EDGE('',*,*,#4454,.F.);
#5836=ORIENTED_EDGE('',*,*,#4455,.F.);
#5837=ORIENTED_EDGE('',*,*,#4456,.F.);
#5838=ORIENTED_EDGE('',*,*,#4457,.F.);
#5839=ORIENTED_EDGE('',*,*,#4149,.F.);
#5840=ORIENTED_EDGE('',*,*,#4458,.F.);
#5841=ORIENTED_EDGE('',*,*,#4459,.F.);
#5842=ORIENTED_EDGE('',*,*,#4460,.F.);
#5843=ORIENTED_EDGE('',*,*,#4123,.F.);
#5844=ORIENTED_EDGE('',*,*,#4461,.F.);
#5845=ORIENTED_EDGE('',*,*,#4088,.F.);
#5846=ORIENTED_EDGE('',*,*,#4462,.T.);
#5847=ORIENTED_EDGE('',*,*,#4463,.F.);
#5848=ORIENTED_EDGE('',*,*,#4464,.F.);
#5849=ORIENTED_EDGE('',*,*,#4465,.F.);
#5850=ORIENTED_EDGE('',*,*,#4462,.F.);
#5851=ORIENTED_EDGE('',*,*,#4087,.F.);
#5852=ORIENTED_EDGE('',*,*,#4466,.F.);
#5853=ORIENTED_EDGE('',*,*,#4467,.F.);
#5854=ORIENTED_EDGE('',*,*,#4468,.F.);
#5855=ORIENTED_EDGE('',*,*,#4109,.F.);
#5856=ORIENTED_EDGE('',*,*,#4469,.F.);
#5857=ORIENTED_EDGE('',*,*,#4115,.F.);
#5858=ORIENTED_EDGE('',*,*,#4470,.T.);
#5859=ORIENTED_EDGE('',*,*,#4471,.F.);
#5860=ORIENTED_EDGE('',*,*,#4472,.F.);
#5861=ORIENTED_EDGE('',*,*,#4473,.F.);
#5862=ORIENTED_EDGE('',*,*,#4470,.F.);
#5863=ORIENTED_EDGE('',*,*,#4114,.F.);
#5864=ORIENTED_EDGE('',*,*,#4244,.F.);
#5865=ORIENTED_EDGE('',*,*,#4262,.F.);
#5866=ORIENTED_EDGE('',*,*,#4226,.F.);
#5867=ORIENTED_EDGE('',*,*,#4280,.F.);
#5868=ORIENTED_EDGE('',*,*,#4307,.F.);
#5869=ORIENTED_EDGE('',*,*,#4325,.F.);
#5870=ORIENTED_EDGE('',*,*,#4316,.F.);
#5871=ORIENTED_EDGE('',*,*,#4361,.F.);
#5872=ORIENTED_EDGE('',*,*,#4352,.F.);
#5873=ORIENTED_EDGE('',*,*,#4343,.F.);
#5874=ORIENTED_EDGE('',*,*,#4333,.F.);
#5875=ORIENTED_EDGE('',*,*,#4298,.F.);
#5876=ORIENTED_EDGE('',*,*,#4289,.F.);
#5877=ORIENTED_EDGE('',*,*,#4235,.F.);
#5878=ORIENTED_EDGE('',*,*,#4271,.F.);
#5879=ORIENTED_EDGE('',*,*,#4253,.F.);
#5880=ORIENTED_EDGE('',*,*,#4474,.T.);
#5881=ORIENTED_EDGE('',*,*,#4084,.F.);
#5882=ORIENTED_EDGE('',*,*,#4475,.T.);
#5883=ORIENTED_EDGE('',*,*,#4476,.F.);
#5884=ORIENTED_EDGE('',*,*,#4477,.F.);
#5885=ORIENTED_EDGE('',*,*,#4441,.F.);
#5886=ORIENTED_EDGE('',*,*,#4478,.F.);
#5887=ORIENTED_EDGE('',*,*,#4478,.T.);
#5888=ORIENTED_EDGE('',*,*,#4479,.T.);
#5889=ORIENTED_EDGE('',*,*,#4480,.T.);
#5890=ORIENTED_EDGE('',*,*,#4481,.F.);
#5891=ORIENTED_EDGE('',*,*,#4482,.T.);
#5892=ORIENTED_EDGE('',*,*,#4483,.T.);
#5893=ORIENTED_EDGE('',*,*,#4484,.T.);
#5894=ORIENTED_EDGE('',*,*,#4082,.F.);
#5895=ORIENTED_EDGE('',*,*,#4435,.F.);
#5896=ORIENTED_EDGE('',*,*,#4485,.F.);
#5897=ORIENTED_EDGE('',*,*,#4486,.F.);
#5898=ORIENTED_EDGE('',*,*,#4487,.F.);
#5899=ORIENTED_EDGE('',*,*,#4487,.T.);
#5900=ORIENTED_EDGE('',*,*,#4488,.T.);
#5901=ORIENTED_EDGE('',*,*,#4489,.T.);
#5902=ORIENTED_EDGE('',*,*,#4490,.T.);
#5903=ORIENTED_EDGE('',*,*,#4491,.T.);
#5904=ORIENTED_EDGE('',*,*,#4492,.T.);
#5905=ORIENTED_EDGE('',*,*,#4407,.F.);
#5906=ORIENTED_EDGE('',*,*,#4493,.F.);
#5907=ORIENTED_EDGE('',*,*,#4494,.T.);
#5908=ORIENTED_EDGE('',*,*,#4485,.T.);
#5909=ORIENTED_EDGE('',*,*,#4434,.T.);
#5910=ORIENTED_EDGE('',*,*,#4495,.T.);
#5911=ORIENTED_EDGE('',*,*,#4496,.T.);
#5912=ORIENTED_EDGE('',*,*,#4497,.T.);
#5913=ORIENTED_EDGE('',*,*,#4498,.T.);
#5914=ORIENTED_EDGE('',*,*,#4499,.T.);
#5915=ORIENTED_EDGE('',*,*,#4500,.T.);
#5916=ORIENTED_EDGE('',*,*,#4501,.T.);
#5917=ORIENTED_EDGE('',*,*,#4502,.T.);
#5918=ORIENTED_EDGE('',*,*,#4503,.T.);
#5919=ORIENTED_EDGE('',*,*,#4504,.T.);
#5920=ORIENTED_EDGE('',*,*,#4505,.T.);
#5921=ORIENTED_EDGE('',*,*,#4506,.T.);
#5922=ORIENTED_EDGE('',*,*,#4507,.T.);
#5923=ORIENTED_EDGE('',*,*,#4508,.T.);
#5924=ORIENTED_EDGE('',*,*,#4509,.T.);
#5925=ORIENTED_EDGE('',*,*,#4510,.T.);
#5926=ORIENTED_EDGE('',*,*,#4511,.T.);
#5927=ORIENTED_EDGE('',*,*,#4512,.T.);
#5928=ORIENTED_EDGE('',*,*,#4513,.T.);
#5929=ORIENTED_EDGE('',*,*,#4514,.T.);
#5930=ORIENTED_EDGE('',*,*,#4515,.T.);
#5931=ORIENTED_EDGE('',*,*,#4516,.T.);
#5932=ORIENTED_EDGE('',*,*,#4517,.T.);
#5933=ORIENTED_EDGE('',*,*,#4518,.T.);
#5934=ORIENTED_EDGE('',*,*,#4519,.T.);
#5935=ORIENTED_EDGE('',*,*,#4520,.T.);
#5936=ORIENTED_EDGE('',*,*,#4521,.T.);
#5937=ORIENTED_EDGE('',*,*,#4522,.T.);
#5938=ORIENTED_EDGE('',*,*,#4391,.T.);
#5939=ORIENTED_EDGE('',*,*,#4523,.T.);
#5940=ORIENTED_EDGE('',*,*,#4524,.T.);
#5941=ORIENTED_EDGE('',*,*,#4525,.F.);
#5942=ORIENTED_EDGE('',*,*,#4387,.T.);
#5943=ORIENTED_EDGE('',*,*,#4410,.T.);
#5944=ORIENTED_EDGE('',*,*,#4526,.T.);
#5945=ORIENTED_EDGE('',*,*,#4493,.T.);
#5946=ORIENTED_EDGE('',*,*,#4406,.T.);
#5947=ORIENTED_EDGE('',*,*,#4527,.T.);
#5948=ORIENTED_EDGE('',*,*,#4528,.T.);
#5949=ORIENTED_EDGE('',*,*,#4402,.T.);
#5950=ORIENTED_EDGE('',*,*,#4529,.T.);
#5951=ORIENTED_EDGE('',*,*,#4530,.T.);
#5952=ORIENTED_EDGE('',*,*,#4398,.T.);
#5953=ORIENTED_EDGE('',*,*,#4531,.T.);
#5954=ORIENTED_EDGE('',*,*,#4532,.T.);
#5955=ORIENTED_EDGE('',*,*,#4394,.T.);
#5956=ORIENTED_EDGE('',*,*,#4432,.T.);
#5957=ORIENTED_EDGE('',*,*,#4533,.T.);
#5958=ORIENTED_EDGE('',*,*,#4534,.T.);
#5959=ORIENTED_EDGE('',*,*,#4428,.T.);
#5960=ORIENTED_EDGE('',*,*,#4442,.T.);
#5961=ORIENTED_EDGE('',*,*,#4477,.T.);
#5962=ORIENTED_EDGE('',*,*,#4221,.F.);
#5963=ORIENTED_EDGE('',*,*,#4535,.F.);
#5964=ORIENTED_EDGE('',*,*,#4536,.T.);
#5965=ORIENTED_EDGE('',*,*,#4537,.F.);
#5966=ORIENTED_EDGE('',*,*,#4305,.F.);
#5967=ORIENTED_EDGE('',*,*,#4302,.F.);
#5968=ORIENTED_EDGE('',*,*,#4538,.F.);
#5969=ORIENTED_EDGE('',*,*,#4539,.T.);
#5970=ORIENTED_EDGE('',*,*,#4540,.F.);
#5971=ORIENTED_EDGE('',*,*,#4314,.F.);
#5972=ORIENTED_EDGE('',*,*,#4311,.F.);
#5973=ORIENTED_EDGE('',*,*,#4541,.F.);
#5974=ORIENTED_EDGE('',*,*,#4542,.T.);
#5975=ORIENTED_EDGE('',*,*,#4543,.T.);
#5976=ORIENTED_EDGE('',*,*,#4544,.F.);
#5977=ORIENTED_EDGE('',*,*,#4359,.F.);
#5978=ORIENTED_EDGE('',*,*,#4545,.F.);
#5979=ORIENTED_EDGE('',*,*,#4546,.T.);
#5980=ORIENTED_EDGE('',*,*,#4547,.T.);
#5981=ORIENTED_EDGE('',*,*,#4548,.F.);
#5982=ORIENTED_EDGE('',*,*,#4350,.F.);
#5983=ORIENTED_EDGE('',*,*,#4549,.F.);
#5984=ORIENTED_EDGE('',*,*,#4550,.T.);
#5985=ORIENTED_EDGE('',*,*,#4551,.F.);
#5986=ORIENTED_EDGE('',*,*,#4341,.F.);
#5987=ORIENTED_EDGE('',*,*,#4552,.F.);
#5988=ORIENTED_EDGE('',*,*,#4553,.T.);
#5989=ORIENTED_EDGE('',*,*,#4554,.T.);
#5990=ORIENTED_EDGE('',*,*,#4555,.F.);
#5991=ORIENTED_EDGE('',*,*,#4332,.F.);
#5992=ORIENTED_EDGE('',*,*,#4556,.F.);
#5993=ORIENTED_EDGE('',*,*,#4557,.T.);
#5994=ORIENTED_EDGE('',*,*,#4558,.T.);
#5995=ORIENTED_EDGE('',*,*,#4559,.F.);
#5996=ORIENTED_EDGE('',*,*,#4323,.F.);
#5997=ORIENTED_EDGE('',*,*,#4320,.F.);
#5998=ORIENTED_EDGE('',*,*,#4560,.F.);
#5999=ORIENTED_EDGE('',*,*,#4561,.T.);
#6000=ORIENTED_EDGE('',*,*,#4562,.F.);
#6001=ORIENTED_EDGE('',*,*,#4296,.F.);
#6002=ORIENTED_EDGE('',*,*,#4293,.F.);
#6003=ORIENTED_EDGE('',*,*,#4563,.F.);
#6004=ORIENTED_EDGE('',*,*,#4564,.T.);
#6005=ORIENTED_EDGE('',*,*,#4565,.F.);
#6006=ORIENTED_EDGE('',*,*,#4287,.F.);
#6007=ORIENTED_EDGE('',*,*,#4284,.F.);
#6008=ORIENTED_EDGE('',*,*,#4566,.F.);
#6009=ORIENTED_EDGE('',*,*,#4567,.T.);
#6010=ORIENTED_EDGE('',*,*,#4568,.F.);
#6011=ORIENTED_EDGE('',*,*,#4278,.F.);
#6012=ORIENTED_EDGE('',*,*,#4275,.F.);
#6013=ORIENTED_EDGE('',*,*,#4569,.F.);
#6014=ORIENTED_EDGE('',*,*,#4570,.T.);
#6015=ORIENTED_EDGE('',*,*,#4571,.T.);
#6016=ORIENTED_EDGE('',*,*,#4572,.F.);
#6017=ORIENTED_EDGE('',*,*,#4269,.F.);
#6018=ORIENTED_EDGE('',*,*,#4266,.F.);
#6019=ORIENTED_EDGE('',*,*,#4573,.F.);
#6020=ORIENTED_EDGE('',*,*,#4574,.T.);
#6021=ORIENTED_EDGE('',*,*,#4575,.T.);
#6022=ORIENTED_EDGE('',*,*,#4576,.F.);
#6023=ORIENTED_EDGE('',*,*,#4260,.F.);
#6024=ORIENTED_EDGE('',*,*,#4257,.F.);
#6025=ORIENTED_EDGE('',*,*,#4577,.F.);
#6026=ORIENTED_EDGE('',*,*,#4578,.T.);
#6027=ORIENTED_EDGE('',*,*,#4579,.F.);
#6028=ORIENTED_EDGE('',*,*,#4251,.F.);
#6029=ORIENTED_EDGE('',*,*,#4248,.F.);
#6030=ORIENTED_EDGE('',*,*,#4580,.F.);
#6031=ORIENTED_EDGE('',*,*,#4581,.T.);
#6032=ORIENTED_EDGE('',*,*,#4582,.T.);
#6033=ORIENTED_EDGE('',*,*,#4583,.F.);
#6034=ORIENTED_EDGE('',*,*,#4242,.F.);
#6035=ORIENTED_EDGE('',*,*,#4239,.F.);
#6036=ORIENTED_EDGE('',*,*,#4584,.F.);
#6037=ORIENTED_EDGE('',*,*,#4585,.T.);
#6038=ORIENTED_EDGE('',*,*,#4586,.T.);
#6039=ORIENTED_EDGE('',*,*,#4587,.F.);
#6040=ORIENTED_EDGE('',*,*,#4233,.F.);
#6041=ORIENTED_EDGE('',*,*,#4230,.F.);
#6042=ORIENTED_EDGE('',*,*,#4588,.F.);
#6043=ORIENTED_EDGE('',*,*,#4589,.T.);
#6044=ORIENTED_EDGE('',*,*,#4590,.F.);
#6045=ORIENTED_EDGE('',*,*,#4224,.F.);
#6046=ORIENTED_EDGE('',*,*,#4591,.F.);
#6047=ORIENTED_EDGE('',*,*,#4533,.F.);
#6048=ORIENTED_EDGE('',*,*,#4431,.F.);
#6049=ORIENTED_EDGE('',*,*,#4592,.T.);
#6050=ORIENTED_EDGE('',*,*,#4531,.F.);
#6051=ORIENTED_EDGE('',*,*,#4397,.F.);
#6052=ORIENTED_EDGE('',*,*,#4593,.F.);
#6053=ORIENTED_EDGE('',*,*,#4523,.F.);
#6054=ORIENTED_EDGE('',*,*,#4390,.F.);
#6055=ORIENTED_EDGE('',*,*,#4594,.T.);
#6056=ORIENTED_EDGE('',*,*,#4439,.T.);
#6057=ORIENTED_EDGE('',*,*,#4595,.T.);
#6058=ORIENTED_EDGE('',*,*,#4596,.T.);
#6059=ORIENTED_EDGE('',*,*,#4489,.F.);
#6060=ORIENTED_EDGE('',*,*,#4597,.T.);
#6061=ORIENTED_EDGE('',*,*,#4481,.T.);
#6062=ORIENTED_EDGE('',*,*,#4598,.T.);
#6063=ORIENTED_EDGE('',*,*,#4599,.T.);
#6064=ORIENTED_EDGE('',*,*,#4600,.T.);
#6065=ORIENTED_EDGE('',*,*,#4601,.T.);
#6066=ORIENTED_EDGE('',*,*,#4437,.T.);
#6067=ORIENTED_EDGE('',*,*,#4599,.F.);
#6068=ORIENTED_EDGE('',*,*,#4436,.T.);
#6069=ORIENTED_EDGE('',*,*,#4491,.F.);
#6070=ORIENTED_EDGE('',*,*,#4602,.T.);
#6071=ORIENTED_EDGE('',*,*,#4479,.F.);
#6072=ORIENTED_EDGE('',*,*,#4440,.T.);
#6073=ORIENTED_EDGE('',*,*,#4594,.F.);
#6074=ORIENTED_EDGE('',*,*,#4603,.T.);
#6075=ORIENTED_EDGE('',*,*,#4476,.T.);
#6076=ORIENTED_EDGE('',*,*,#4482,.F.);
#6077=ORIENTED_EDGE('',*,*,#4597,.F.);
#6078=ORIENTED_EDGE('',*,*,#4488,.F.);
#6079=ORIENTED_EDGE('',*,*,#4486,.T.);
#6080=ORIENTED_EDGE('',*,*,#4494,.F.);
#6081=ORIENTED_EDGE('',*,*,#4604,.T.);
#6082=ORIENTED_EDGE('',*,*,#4605,.T.);
#6083=ORIENTED_EDGE('',*,*,#4606,.F.);
#6084=ORIENTED_EDGE('',*,*,#4607,.F.);
#6085=ORIENTED_EDGE('',*,*,#4608,.T.);
#6086=ORIENTED_EDGE('',*,*,#4607,.T.);
#6087=ORIENTED_EDGE('',*,*,#4609,.F.);
#6088=ORIENTED_EDGE('',*,*,#4610,.F.);
#6089=ORIENTED_EDGE('',*,*,#4490,.F.);
#6090=ORIENTED_EDGE('',*,*,#4611,.T.);
#6091=ORIENTED_EDGE('',*,*,#4612,.F.);
#6092=ORIENTED_EDGE('',*,*,#4613,.F.);
#6093=ORIENTED_EDGE('',*,*,#4602,.F.);
#6094=ORIENTED_EDGE('',*,*,#4598,.F.);
#6095=ORIENTED_EDGE('',*,*,#4614,.T.);
#6096=ORIENTED_EDGE('',*,*,#4615,.F.);
#6097=ORIENTED_EDGE('',*,*,#4611,.F.);
#6098=ORIENTED_EDGE('',*,*,#4603,.F.);
#6099=ORIENTED_EDGE('',*,*,#4616,.T.);
#6100=ORIENTED_EDGE('',*,*,#4617,.F.);
#6101=ORIENTED_EDGE('',*,*,#4614,.F.);
#6102=ORIENTED_EDGE('',*,*,#4480,.F.);
#6103=ORIENTED_EDGE('',*,*,#4600,.F.);
#6104=ORIENTED_EDGE('',*,*,#4613,.T.);
#6105=ORIENTED_EDGE('',*,*,#4618,.F.);
#6106=ORIENTED_EDGE('',*,*,#4596,.F.);
#6107=ORIENTED_EDGE('',*,*,#4619,.F.);
#6108=ORIENTED_EDGE('',*,*,#4616,.F.);
#6109=ORIENTED_EDGE('',*,*,#4438,.F.);
#6110=ORIENTED_EDGE('',*,*,#4601,.F.);
#6111=ORIENTED_EDGE('',*,*,#4618,.T.);
#6112=ORIENTED_EDGE('',*,*,#4612,.T.);
#6113=ORIENTED_EDGE('',*,*,#4615,.T.);
#6114=ORIENTED_EDGE('',*,*,#4617,.T.);
#6115=ORIENTED_EDGE('',*,*,#4619,.T.);
#6116=ORIENTED_EDGE('',*,*,#4595,.F.);
#6117=ORIENTED_EDGE('',*,*,#4609,.T.);
#6118=ORIENTED_EDGE('',*,*,#4606,.T.);
#6119=ORIENTED_EDGE('',*,*,#4620,.T.);
#6120=ORIENTED_EDGE('',*,*,#4621,.T.);
#6121=ORIENTED_EDGE('',*,*,#4622,.F.);
#6122=ORIENTED_EDGE('',*,*,#4623,.T.);
#6123=ORIENTED_EDGE('',*,*,#4624,.F.);
#6124=ORIENTED_EDGE('',*,*,#4623,.F.);
#6125=ORIENTED_EDGE('',*,*,#4625,.F.);
#6126=ORIENTED_EDGE('',*,*,#4626,.T.);
#6127=ORIENTED_EDGE('',*,*,#4627,.F.);
#6128=ORIENTED_EDGE('',*,*,#4626,.F.);
#6129=ORIENTED_EDGE('',*,*,#4628,.F.);
#6130=ORIENTED_EDGE('',*,*,#4629,.T.);
#6131=ORIENTED_EDGE('',*,*,#4630,.F.);
#6132=ORIENTED_EDGE('',*,*,#4631,.F.);
#6133=ORIENTED_EDGE('',*,*,#4632,.F.);
#6134=ORIENTED_EDGE('',*,*,#4631,.T.);
#6135=ORIENTED_EDGE('',*,*,#4633,.F.);
#6136=ORIENTED_EDGE('',*,*,#4634,.F.);
#6137=ORIENTED_EDGE('',*,*,#4622,.T.);
#6138=ORIENTED_EDGE('',*,*,#4625,.T.);
#6139=ORIENTED_EDGE('',*,*,#4635,.F.);
#6140=ORIENTED_EDGE('',*,*,#4634,.T.);
#6141=ORIENTED_EDGE('',*,*,#4636,.F.);
#6142=ORIENTED_EDGE('',*,*,#4637,.T.);
#6143=ORIENTED_EDGE('',*,*,#4638,.F.);
#6144=ORIENTED_EDGE('',*,*,#4637,.F.);
#6145=ORIENTED_EDGE('',*,*,#4639,.F.);
#6146=ORIENTED_EDGE('',*,*,#4640,.F.);
#6147=ORIENTED_EDGE('',*,*,#4641,.T.);
#6148=ORIENTED_EDGE('',*,*,#4642,.T.);
#6149=ORIENTED_EDGE('',*,*,#4643,.T.);
#6150=ORIENTED_EDGE('',*,*,#4444,.F.);
#6151=ORIENTED_EDGE('',*,*,#4644,.T.);
#6152=ORIENTED_EDGE('',*,*,#4645,.T.);
#6153=ORIENTED_EDGE('',*,*,#4646,.T.);
#6154=ORIENTED_EDGE('',*,*,#4642,.F.);
#6155=ORIENTED_EDGE('',*,*,#4647,.T.);
#6156=ORIENTED_EDGE('',*,*,#4648,.T.);
#6157=ORIENTED_EDGE('',*,*,#4649,.T.);
#6158=ORIENTED_EDGE('',*,*,#4645,.F.);
#6159=ORIENTED_EDGE('',*,*,#4624,.T.);
#6160=ORIENTED_EDGE('',*,*,#4627,.T.);
#6161=ORIENTED_EDGE('',*,*,#4650,.T.);
#6162=ORIENTED_EDGE('',*,*,#4651,.F.);
#6163=ORIENTED_EDGE('',*,*,#4652,.T.);
#6164=ORIENTED_EDGE('',*,*,#4648,.F.);
#6165=ORIENTED_EDGE('',*,*,#4653,.T.);
#6166=ORIENTED_EDGE('',*,*,#4446,.T.);
#6167=ORIENTED_EDGE('',*,*,#4654,.T.);
#6168=ORIENTED_EDGE('',*,*,#4651,.T.);
#6169=ORIENTED_EDGE('',*,*,#4443,.T.);
#6170=ORIENTED_EDGE('',*,*,#4653,.F.);
#6171=ORIENTED_EDGE('',*,*,#4650,.F.);
#6172=ORIENTED_EDGE('',*,*,#4647,.F.);
#6173=ORIENTED_EDGE('',*,*,#4644,.F.);
#6174=ORIENTED_EDGE('',*,*,#4641,.F.);
#6175=ORIENTED_EDGE('',*,*,#4445,.T.);
#6176=ORIENTED_EDGE('',*,*,#4643,.F.);
#6177=ORIENTED_EDGE('',*,*,#4646,.F.);
#6178=ORIENTED_EDGE('',*,*,#4649,.F.);
#6179=ORIENTED_EDGE('',*,*,#4652,.F.);
#6180=ORIENTED_EDGE('',*,*,#4654,.F.);
#6181=ORIENTED_EDGE('',*,*,#4655,.F.);
#6182=ORIENTED_EDGE('',*,*,#4656,.F.);
#6183=ORIENTED_EDGE('',*,*,#4657,.F.);
#6184=ORIENTED_EDGE('',*,*,#4144,.F.);
#6185=ORIENTED_EDGE('',*,*,#4658,.F.);
#6186=ORIENTED_EDGE('',*,*,#4659,.F.);
#6187=ORIENTED_EDGE('',*,*,#4660,.F.);
#6188=ORIENTED_EDGE('',*,*,#4092,.F.);
#6189=ORIENTED_EDGE('',*,*,#4661,.F.);
#6190=ORIENTED_EDGE('',*,*,#4662,.F.);
#6191=ORIENTED_EDGE('',*,*,#4483,.F.);
#6192=ORIENTED_EDGE('',*,*,#4081,.F.);
#6193=ORIENTED_EDGE('',*,*,#4663,.F.);
#6194=ORIENTED_EDGE('',*,*,#4664,.F.);
#6195=ORIENTED_EDGE('',*,*,#4665,.F.);
#6196=ORIENTED_EDGE('',*,*,#4666,.F.);
#6197=ORIENTED_EDGE('',*,*,#4586,.F.);
#6198=ORIENTED_EDGE('',*,*,#4667,.T.);
#6199=ORIENTED_EDGE('',*,*,#4668,.F.);
#6200=ORIENTED_EDGE('',*,*,#4669,.F.);
#6201=ORIENTED_EDGE('',*,*,#4670,.F.);
#6202=ORIENTED_EDGE('',*,*,#4667,.F.);
#6203=ORIENTED_EDGE('',*,*,#4585,.F.);
#6204=ORIENTED_EDGE('',*,*,#4671,.F.);
#6205=ORIENTED_EDGE('',*,*,#4582,.F.);
#6206=ORIENTED_EDGE('',*,*,#4672,.T.);
#6207=ORIENTED_EDGE('',*,*,#4673,.F.);
#6208=ORIENTED_EDGE('',*,*,#4674,.F.);
#6209=ORIENTED_EDGE('',*,*,#4675,.F.);
#6210=ORIENTED_EDGE('',*,*,#4672,.F.);
#6211=ORIENTED_EDGE('',*,*,#4581,.F.);
#6212=ORIENTED_EDGE('',*,*,#4676,.F.);
#6213=ORIENTED_EDGE('',*,*,#4578,.F.);
#6214=ORIENTED_EDGE('',*,*,#4677,.F.);
#6215=ORIENTED_EDGE('',*,*,#4678,.F.);
#6216=ORIENTED_EDGE('',*,*,#4679,.F.);
#6217=ORIENTED_EDGE('',*,*,#4575,.F.);
#6218=ORIENTED_EDGE('',*,*,#4680,.T.);
#6219=ORIENTED_EDGE('',*,*,#4681,.F.);
#6220=ORIENTED_EDGE('',*,*,#4682,.F.);
#6221=ORIENTED_EDGE('',*,*,#4683,.F.);
#6222=ORIENTED_EDGE('',*,*,#4680,.F.);
#6223=ORIENTED_EDGE('',*,*,#4574,.F.);
#6224=ORIENTED_EDGE('',*,*,#4684,.F.);
#6225=ORIENTED_EDGE('',*,*,#4571,.F.);
#6226=ORIENTED_EDGE('',*,*,#4685,.T.);
#6227=ORIENTED_EDGE('',*,*,#4686,.F.);
#6228=ORIENTED_EDGE('',*,*,#4687,.F.);
#6229=ORIENTED_EDGE('',*,*,#4273,.F.);
#6230=ORIENTED_EDGE('',*,*,#4688,.F.);
#6231=ORIENTED_EDGE('',*,*,#4689,.F.);
#6232=ORIENTED_EDGE('',*,*,#4690,.F.);
#6233=ORIENTED_EDGE('',*,*,#4282,.F.);
#6234=ORIENTED_EDGE('',*,*,#4691,.F.);
#6235=ORIENTED_EDGE('',*,*,#4692,.F.);
#6236=ORIENTED_EDGE('',*,*,#4693,.F.);
#6237=ORIENTED_EDGE('',*,*,#4291,.F.);
#6238=ORIENTED_EDGE('',*,*,#4694,.F.);
#6239=ORIENTED_EDGE('',*,*,#4695,.F.);
#6240=ORIENTED_EDGE('',*,*,#4696,.F.);
#6241=ORIENTED_EDGE('',*,*,#4558,.F.);
#6242=ORIENTED_EDGE('',*,*,#4697,.T.);
#6243=ORIENTED_EDGE('',*,*,#4698,.F.);
#6244=ORIENTED_EDGE('',*,*,#4699,.F.);
#6245=ORIENTED_EDGE('',*,*,#4700,.F.);
#6246=ORIENTED_EDGE('',*,*,#4697,.F.);
#6247=ORIENTED_EDGE('',*,*,#4557,.F.);
#6248=ORIENTED_EDGE('',*,*,#4701,.F.);
#6249=ORIENTED_EDGE('',*,*,#4554,.F.);
#6250=ORIENTED_EDGE('',*,*,#4702,.T.);
#6251=ORIENTED_EDGE('',*,*,#4703,.F.);
#6252=ORIENTED_EDGE('',*,*,#4704,.F.);
#6253=ORIENTED_EDGE('',*,*,#4547,.F.);
#6254=ORIENTED_EDGE('',*,*,#4705,.T.);
#6255=ORIENTED_EDGE('',*,*,#4706,.F.);
#6256=ORIENTED_EDGE('',*,*,#4707,.F.);
#6257=ORIENTED_EDGE('',*,*,#4708,.F.);
#6258=ORIENTED_EDGE('',*,*,#4705,.F.);
#6259=ORIENTED_EDGE('',*,*,#4546,.F.);
#6260=ORIENTED_EDGE('',*,*,#4709,.F.);
#6261=ORIENTED_EDGE('',*,*,#4543,.F.);
#6262=ORIENTED_EDGE('',*,*,#4710,.T.);
#6263=ORIENTED_EDGE('',*,*,#4711,.F.);
#6264=ORIENTED_EDGE('',*,*,#4712,.F.);
#6265=ORIENTED_EDGE('',*,*,#4713,.F.);
#6266=ORIENTED_EDGE('',*,*,#4710,.F.);
#6267=ORIENTED_EDGE('',*,*,#4542,.F.);
#6268=ORIENTED_EDGE('',*,*,#4714,.F.);
#6269=ORIENTED_EDGE('',*,*,#4539,.F.);
#6270=ORIENTED_EDGE('',*,*,#4715,.F.);
#6271=ORIENTED_EDGE('',*,*,#4716,.F.);
#6272=ORIENTED_EDGE('',*,*,#4717,.F.);
#6273=ORIENTED_EDGE('',*,*,#4536,.F.);
#6274=ORIENTED_EDGE('',*,*,#4718,.F.);
#6275=ORIENTED_EDGE('',*,*,#4719,.F.);
#6276=ORIENTED_EDGE('',*,*,#4720,.F.);
#6277=ORIENTED_EDGE('',*,*,#4589,.F.);
#6278=ORIENTED_EDGE('',*,*,#4721,.F.);
#6279=ORIENTED_EDGE('',*,*,#4722,.F.);
#6280=ORIENTED_EDGE('',*,*,#4723,.T.);
#6281=ORIENTED_EDGE('',*,*,#4707,.T.);
#6282=ORIENTED_EDGE('',*,*,#4545,.T.);
#6283=ORIENTED_EDGE('',*,*,#4358,.T.);
#6284=ORIENTED_EDGE('',*,*,#4724,.T.);
#6285=ORIENTED_EDGE('',*,*,#4725,.F.);
#6286=ORIENTED_EDGE('',*,*,#4726,.F.);
#6287=ORIENTED_EDGE('',*,*,#4724,.F.);
#6288=ORIENTED_EDGE('',*,*,#4357,.F.);
#6289=ORIENTED_EDGE('',*,*,#4354,.F.);
#6290=ORIENTED_EDGE('',*,*,#4727,.T.);
#6291=ORIENTED_EDGE('',*,*,#4725,.T.);
#6292=ORIENTED_EDGE('',*,*,#4353,.F.);
#6293=ORIENTED_EDGE('',*,*,#4544,.T.);
#6294=ORIENTED_EDGE('',*,*,#4709,.T.);
#6295=ORIENTED_EDGE('',*,*,#4728,.F.);
#6296=ORIENTED_EDGE('',*,*,#4348,.F.);
#6297=ORIENTED_EDGE('',*,*,#4345,.F.);
#6298=ORIENTED_EDGE('',*,*,#4729,.F.);
#6299=ORIENTED_EDGE('',*,*,#4730,.F.);
#6300=ORIENTED_EDGE('',*,*,#4731,.T.);
#6301=ORIENTED_EDGE('',*,*,#4729,.T.);
#6302=ORIENTED_EDGE('',*,*,#4344,.F.);
#6303=ORIENTED_EDGE('',*,*,#4548,.T.);
#6304=ORIENTED_EDGE('',*,*,#4704,.T.);
#6305=ORIENTED_EDGE('',*,*,#4732,.F.);
#6306=ORIENTED_EDGE('',*,*,#4339,.F.);
#6307=ORIENTED_EDGE('',*,*,#4336,.F.);
#6308=ORIENTED_EDGE('',*,*,#4733,.F.);
#6309=ORIENTED_EDGE('',*,*,#4734,.F.);
#6310=ORIENTED_EDGE('',*,*,#4735,.T.);
#6311=ORIENTED_EDGE('',*,*,#4733,.T.);
#6312=ORIENTED_EDGE('',*,*,#4335,.F.);
#6313=ORIENTED_EDGE('',*,*,#4551,.T.);
#6314=ORIENTED_EDGE('',*,*,#4736,.T.);
#6315=ORIENTED_EDGE('',*,*,#4737,.T.);
#6316=ORIENTED_EDGE('',*,*,#4738,.T.);
#6317=ORIENTED_EDGE('',*,*,#4326,.F.);
#6318=ORIENTED_EDGE('',*,*,#4555,.T.);
#6319=ORIENTED_EDGE('',*,*,#4701,.T.);
#6320=ORIENTED_EDGE('',*,*,#4739,.F.);
#6321=ORIENTED_EDGE('',*,*,#4330,.F.);
#6322=ORIENTED_EDGE('',*,*,#4327,.F.);
#6323=ORIENTED_EDGE('',*,*,#4738,.F.);
#6324=ORIENTED_EDGE('',*,*,#4740,.F.);
#6325=ORIENTED_EDGE('',*,*,#4741,.T.);
#6326=ORIENTED_EDGE('',*,*,#4699,.T.);
#6327=ORIENTED_EDGE('',*,*,#4556,.T.);
#6328=ORIENTED_EDGE('',*,*,#4331,.T.);
#6329=ORIENTED_EDGE('',*,*,#4739,.T.);
#6330=ORIENTED_EDGE('',*,*,#4742,.F.);
#6331=ORIENTED_EDGE('',*,*,#4318,.F.);
#6332=ORIENTED_EDGE('',*,*,#4743,.F.);
#6333=ORIENTED_EDGE('',*,*,#4744,.F.);
#6334=ORIENTED_EDGE('',*,*,#4745,.T.);
#6335=ORIENTED_EDGE('',*,*,#4743,.T.);
#6336=ORIENTED_EDGE('',*,*,#4317,.F.);
#6337=ORIENTED_EDGE('',*,*,#4559,.T.);
#6338=ORIENTED_EDGE('',*,*,#4696,.T.);
#6339=ORIENTED_EDGE('',*,*,#4746,.F.);
#6340=ORIENTED_EDGE('',*,*,#4747,.F.);
#6341=ORIENTED_EDGE('',*,*,#4702,.F.);
#6342=ORIENTED_EDGE('',*,*,#4553,.F.);
#6343=ORIENTED_EDGE('',*,*,#4748,.T.);
#6344=ORIENTED_EDGE('',*,*,#4746,.T.);
#6345=ORIENTED_EDGE('',*,*,#4552,.T.);
#6346=ORIENTED_EDGE('',*,*,#4340,.T.);
#6347=ORIENTED_EDGE('',*,*,#4732,.T.);
#6348=ORIENTED_EDGE('',*,*,#4749,.F.);
#6349=ORIENTED_EDGE('',*,*,#4750,.F.);
#6350=ORIENTED_EDGE('',*,*,#4736,.F.);
#6351=ORIENTED_EDGE('',*,*,#4550,.F.);
#6352=ORIENTED_EDGE('',*,*,#4751,.T.);
#6353=ORIENTED_EDGE('',*,*,#4749,.T.);
#6354=ORIENTED_EDGE('',*,*,#4549,.T.);
#6355=ORIENTED_EDGE('',*,*,#4349,.T.);
#6356=ORIENTED_EDGE('',*,*,#4728,.T.);
#6357=ORIENTED_EDGE('',*,*,#4752,.T.);
#6358=ORIENTED_EDGE('',*,*,#4753,.T.);
#6359=ORIENTED_EDGE('',*,*,#4560,.T.);
#6360=ORIENTED_EDGE('',*,*,#4319,.T.);
#6361=ORIENTED_EDGE('',*,*,#4742,.T.);
#6362=ORIENTED_EDGE('',*,*,#4754,.F.);
#6363=ORIENTED_EDGE('',*,*,#4561,.F.);
#6364=ORIENTED_EDGE('',*,*,#4753,.F.);
#6365=ORIENTED_EDGE('',*,*,#4755,.F.);
#6366=ORIENTED_EDGE('',*,*,#4756,.T.);
#6367=ORIENTED_EDGE('',*,*,#4694,.T.);
#6368=ORIENTED_EDGE('',*,*,#4290,.F.);
#6369=ORIENTED_EDGE('',*,*,#4562,.T.);
#6370=ORIENTED_EDGE('',*,*,#4754,.T.);
#6371=ORIENTED_EDGE('',*,*,#4757,.T.);
#6372=ORIENTED_EDGE('',*,*,#4758,.T.);
#6373=ORIENTED_EDGE('',*,*,#4563,.T.);
#6374=ORIENTED_EDGE('',*,*,#4292,.T.);
#6375=ORIENTED_EDGE('',*,*,#4693,.T.);
#6376=ORIENTED_EDGE('',*,*,#4759,.F.);
#6377=ORIENTED_EDGE('',*,*,#4564,.F.);
#6378=ORIENTED_EDGE('',*,*,#4758,.F.);
#6379=ORIENTED_EDGE('',*,*,#4760,.F.);
#6380=ORIENTED_EDGE('',*,*,#4761,.T.);
#6381=ORIENTED_EDGE('',*,*,#4691,.T.);
#6382=ORIENTED_EDGE('',*,*,#4281,.F.);
#6383=ORIENTED_EDGE('',*,*,#4565,.T.);
#6384=ORIENTED_EDGE('',*,*,#4759,.T.);
#6385=ORIENTED_EDGE('',*,*,#4762,.T.);
#6386=ORIENTED_EDGE('',*,*,#4763,.T.);
#6387=ORIENTED_EDGE('',*,*,#4566,.T.);
#6388=ORIENTED_EDGE('',*,*,#4283,.T.);
#6389=ORIENTED_EDGE('',*,*,#4690,.T.);
#6390=ORIENTED_EDGE('',*,*,#4764,.F.);
#6391=ORIENTED_EDGE('',*,*,#4567,.F.);
#6392=ORIENTED_EDGE('',*,*,#4763,.F.);
#6393=ORIENTED_EDGE('',*,*,#4765,.F.);
#6394=ORIENTED_EDGE('',*,*,#4766,.T.);
#6395=ORIENTED_EDGE('',*,*,#4688,.T.);
#6396=ORIENTED_EDGE('',*,*,#4272,.F.);
#6397=ORIENTED_EDGE('',*,*,#4568,.T.);
#6398=ORIENTED_EDGE('',*,*,#4764,.T.);
#6399=ORIENTED_EDGE('',*,*,#4767,.F.);
#6400=ORIENTED_EDGE('',*,*,#4768,.F.);
#6401=ORIENTED_EDGE('',*,*,#4685,.F.);
#6402=ORIENTED_EDGE('',*,*,#4570,.F.);
#6403=ORIENTED_EDGE('',*,*,#4769,.T.);
#6404=ORIENTED_EDGE('',*,*,#4767,.T.);
#6405=ORIENTED_EDGE('',*,*,#4569,.T.);
#6406=ORIENTED_EDGE('',*,*,#4274,.T.);
#6407=ORIENTED_EDGE('',*,*,#4687,.T.);
#6408=ORIENTED_EDGE('',*,*,#4770,.T.);
#6409=ORIENTED_EDGE('',*,*,#4771,.T.);
#6410=ORIENTED_EDGE('',*,*,#4263,.F.);
#6411=ORIENTED_EDGE('',*,*,#4572,.T.);
#6412=ORIENTED_EDGE('',*,*,#4684,.T.);
#6413=ORIENTED_EDGE('',*,*,#4772,.F.);
#6414=ORIENTED_EDGE('',*,*,#4264,.F.);
#6415=ORIENTED_EDGE('',*,*,#4771,.F.);
#6416=ORIENTED_EDGE('',*,*,#4773,.F.);
#6417=ORIENTED_EDGE('',*,*,#4774,.T.);
#6418=ORIENTED_EDGE('',*,*,#4682,.T.);
#6419=ORIENTED_EDGE('',*,*,#4573,.T.);
#6420=ORIENTED_EDGE('',*,*,#4265,.T.);
#6421=ORIENTED_EDGE('',*,*,#4772,.T.);
#6422=ORIENTED_EDGE('',*,*,#4775,.T.);
#6423=ORIENTED_EDGE('',*,*,#4776,.T.);
#6424=ORIENTED_EDGE('',*,*,#4254,.F.);
#6425=ORIENTED_EDGE('',*,*,#4576,.T.);
#6426=ORIENTED_EDGE('',*,*,#4679,.T.);
#6427=ORIENTED_EDGE('',*,*,#4777,.F.);
#6428=ORIENTED_EDGE('',*,*,#4255,.F.);
#6429=ORIENTED_EDGE('',*,*,#4776,.F.);
#6430=ORIENTED_EDGE('',*,*,#4778,.F.);
#6431=ORIENTED_EDGE('',*,*,#4779,.T.);
#6432=ORIENTED_EDGE('',*,*,#4677,.T.);
#6433=ORIENTED_EDGE('',*,*,#4577,.T.);
#6434=ORIENTED_EDGE('',*,*,#4256,.T.);
#6435=ORIENTED_EDGE('',*,*,#4777,.T.);
#6436=ORIENTED_EDGE('',*,*,#4780,.T.);
#6437=ORIENTED_EDGE('',*,*,#4781,.T.);
#6438=ORIENTED_EDGE('',*,*,#4245,.F.);
#6439=ORIENTED_EDGE('',*,*,#4579,.T.);
#6440=ORIENTED_EDGE('',*,*,#4676,.T.);
#6441=ORIENTED_EDGE('',*,*,#4782,.F.);
#6442=ORIENTED_EDGE('',*,*,#4246,.F.);
#6443=ORIENTED_EDGE('',*,*,#4781,.F.);
#6444=ORIENTED_EDGE('',*,*,#4783,.F.);
#6445=ORIENTED_EDGE('',*,*,#4784,.T.);
#6446=ORIENTED_EDGE('',*,*,#4674,.T.);
#6447=ORIENTED_EDGE('',*,*,#4580,.T.);
#6448=ORIENTED_EDGE('',*,*,#4247,.T.);
#6449=ORIENTED_EDGE('',*,*,#4782,.T.);
#6450=ORIENTED_EDGE('',*,*,#4785,.T.);
#6451=ORIENTED_EDGE('',*,*,#4786,.T.);
#6452=ORIENTED_EDGE('',*,*,#4236,.F.);
#6453=ORIENTED_EDGE('',*,*,#4583,.T.);
#6454=ORIENTED_EDGE('',*,*,#4671,.T.);
#6455=ORIENTED_EDGE('',*,*,#4787,.F.);
#6456=ORIENTED_EDGE('',*,*,#4237,.F.);
#6457=ORIENTED_EDGE('',*,*,#4786,.F.);
#6458=ORIENTED_EDGE('',*,*,#4788,.F.);
#6459=ORIENTED_EDGE('',*,*,#4789,.T.);
#6460=ORIENTED_EDGE('',*,*,#4669,.T.);
#6461=ORIENTED_EDGE('',*,*,#4584,.T.);
#6462=ORIENTED_EDGE('',*,*,#4238,.T.);
#6463=ORIENTED_EDGE('',*,*,#4787,.T.);
#6464=ORIENTED_EDGE('',*,*,#4790,.T.);
#6465=ORIENTED_EDGE('',*,*,#4791,.T.);
#6466=ORIENTED_EDGE('',*,*,#4227,.F.);
#6467=ORIENTED_EDGE('',*,*,#4587,.T.);
#6468=ORIENTED_EDGE('',*,*,#4666,.T.);
#6469=ORIENTED_EDGE('',*,*,#4792,.F.);
#6470=ORIENTED_EDGE('',*,*,#4228,.F.);
#6471=ORIENTED_EDGE('',*,*,#4791,.F.);
#6472=ORIENTED_EDGE('',*,*,#4793,.F.);
#6473=ORIENTED_EDGE('',*,*,#4794,.T.);
#6474=ORIENTED_EDGE('',*,*,#4721,.T.);
#6475=ORIENTED_EDGE('',*,*,#4588,.T.);
#6476=ORIENTED_EDGE('',*,*,#4229,.T.);
#6477=ORIENTED_EDGE('',*,*,#4792,.T.);
#6478=ORIENTED_EDGE('',*,*,#4795,.T.);
#6479=ORIENTED_EDGE('',*,*,#4796,.T.);
#6480=ORIENTED_EDGE('',*,*,#4218,.F.);
#6481=ORIENTED_EDGE('',*,*,#4590,.T.);
#6482=ORIENTED_EDGE('',*,*,#4720,.T.);
#6483=ORIENTED_EDGE('',*,*,#4797,.F.);
#6484=ORIENTED_EDGE('',*,*,#4219,.F.);
#6485=ORIENTED_EDGE('',*,*,#4796,.F.);
#6486=ORIENTED_EDGE('',*,*,#4798,.F.);
#6487=ORIENTED_EDGE('',*,*,#4799,.T.);
#6488=ORIENTED_EDGE('',*,*,#4718,.T.);
#6489=ORIENTED_EDGE('',*,*,#4535,.T.);
#6490=ORIENTED_EDGE('',*,*,#4220,.T.);
#6491=ORIENTED_EDGE('',*,*,#4797,.T.);
#6492=ORIENTED_EDGE('',*,*,#4800,.T.);
#6493=ORIENTED_EDGE('',*,*,#4801,.T.);
#6494=ORIENTED_EDGE('',*,*,#4299,.F.);
#6495=ORIENTED_EDGE('',*,*,#4537,.T.);
#6496=ORIENTED_EDGE('',*,*,#4717,.T.);
#6497=ORIENTED_EDGE('',*,*,#4802,.F.);
#6498=ORIENTED_EDGE('',*,*,#4300,.F.);
#6499=ORIENTED_EDGE('',*,*,#4801,.F.);
#6500=ORIENTED_EDGE('',*,*,#4803,.F.);
#6501=ORIENTED_EDGE('',*,*,#4804,.T.);
#6502=ORIENTED_EDGE('',*,*,#4715,.T.);
#6503=ORIENTED_EDGE('',*,*,#4538,.T.);
#6504=ORIENTED_EDGE('',*,*,#4301,.T.);
#6505=ORIENTED_EDGE('',*,*,#4802,.T.);
#6506=ORIENTED_EDGE('',*,*,#4805,.T.);
#6507=ORIENTED_EDGE('',*,*,#4806,.T.);
#6508=ORIENTED_EDGE('',*,*,#4308,.F.);
#6509=ORIENTED_EDGE('',*,*,#4540,.T.);
#6510=ORIENTED_EDGE('',*,*,#4714,.T.);
#6511=ORIENTED_EDGE('',*,*,#4807,.F.);
#6512=ORIENTED_EDGE('',*,*,#4309,.F.);
#6513=ORIENTED_EDGE('',*,*,#4806,.F.);
#6514=ORIENTED_EDGE('',*,*,#4808,.F.);
#6515=ORIENTED_EDGE('',*,*,#4809,.F.);
#6516=ORIENTED_EDGE('',*,*,#4808,.T.);
#6517=ORIENTED_EDGE('',*,*,#4805,.F.);
#6518=ORIENTED_EDGE('',*,*,#4716,.T.);
#6519=ORIENTED_EDGE('',*,*,#4804,.F.);
#6520=ORIENTED_EDGE('',*,*,#4803,.T.);
#6521=ORIENTED_EDGE('',*,*,#4800,.F.);
#6522=ORIENTED_EDGE('',*,*,#4719,.T.);
#6523=ORIENTED_EDGE('',*,*,#4799,.F.);
#6524=ORIENTED_EDGE('',*,*,#4798,.T.);
#6525=ORIENTED_EDGE('',*,*,#4795,.F.);
#6526=ORIENTED_EDGE('',*,*,#4722,.T.);
#6527=ORIENTED_EDGE('',*,*,#4794,.F.);
#6528=ORIENTED_EDGE('',*,*,#4793,.T.);
#6529=ORIENTED_EDGE('',*,*,#4790,.F.);
#6530=ORIENTED_EDGE('',*,*,#4668,.T.);
#6531=ORIENTED_EDGE('',*,*,#4670,.T.);
#6532=ORIENTED_EDGE('',*,*,#4789,.F.);
#6533=ORIENTED_EDGE('',*,*,#4788,.T.);
#6534=ORIENTED_EDGE('',*,*,#4785,.F.);
#6535=ORIENTED_EDGE('',*,*,#4673,.T.);
#6536=ORIENTED_EDGE('',*,*,#4675,.T.);
#6537=ORIENTED_EDGE('',*,*,#4784,.F.);
#6538=ORIENTED_EDGE('',*,*,#4783,.T.);
#6539=ORIENTED_EDGE('',*,*,#4780,.F.);
#6540=ORIENTED_EDGE('',*,*,#4678,.T.);
#6541=ORIENTED_EDGE('',*,*,#4779,.F.);
#6542=ORIENTED_EDGE('',*,*,#4778,.T.);
#6543=ORIENTED_EDGE('',*,*,#4775,.F.);
#6544=ORIENTED_EDGE('',*,*,#4681,.T.);
#6545=ORIENTED_EDGE('',*,*,#4683,.T.);
#6546=ORIENTED_EDGE('',*,*,#4774,.F.);
#6547=ORIENTED_EDGE('',*,*,#4773,.T.);
#6548=ORIENTED_EDGE('',*,*,#4770,.F.);
#6549=ORIENTED_EDGE('',*,*,#4686,.T.);
#6550=ORIENTED_EDGE('',*,*,#4768,.T.);
#6551=ORIENTED_EDGE('',*,*,#4769,.F.);
#6552=ORIENTED_EDGE('',*,*,#4689,.T.);
#6553=ORIENTED_EDGE('',*,*,#4766,.F.);
#6554=ORIENTED_EDGE('',*,*,#4765,.T.);
#6555=ORIENTED_EDGE('',*,*,#4762,.F.);
#6556=ORIENTED_EDGE('',*,*,#4692,.T.);
#6557=ORIENTED_EDGE('',*,*,#4761,.F.);
#6558=ORIENTED_EDGE('',*,*,#4760,.T.);
#6559=ORIENTED_EDGE('',*,*,#4757,.F.);
#6560=ORIENTED_EDGE('',*,*,#4695,.T.);
#6561=ORIENTED_EDGE('',*,*,#4756,.F.);
#6562=ORIENTED_EDGE('',*,*,#4755,.T.);
#6563=ORIENTED_EDGE('',*,*,#4752,.F.);
#6564=ORIENTED_EDGE('',*,*,#4744,.T.);
#6565=ORIENTED_EDGE('',*,*,#4745,.F.);
#6566=ORIENTED_EDGE('',*,*,#4698,.T.);
#6567=ORIENTED_EDGE('',*,*,#4700,.T.);
#6568=ORIENTED_EDGE('',*,*,#4741,.F.);
#6569=ORIENTED_EDGE('',*,*,#4740,.T.);
#6570=ORIENTED_EDGE('',*,*,#4737,.F.);
#6571=ORIENTED_EDGE('',*,*,#4703,.T.);
#6572=ORIENTED_EDGE('',*,*,#4747,.T.);
#6573=ORIENTED_EDGE('',*,*,#4748,.F.);
#6574=ORIENTED_EDGE('',*,*,#4734,.T.);
#6575=ORIENTED_EDGE('',*,*,#4735,.F.);
#6576=ORIENTED_EDGE('',*,*,#4750,.T.);
#6577=ORIENTED_EDGE('',*,*,#4751,.F.);
#6578=ORIENTED_EDGE('',*,*,#4730,.T.);
#6579=ORIENTED_EDGE('',*,*,#4731,.F.);
#6580=ORIENTED_EDGE('',*,*,#4706,.T.);
#6581=ORIENTED_EDGE('',*,*,#4708,.T.);
#6582=ORIENTED_EDGE('',*,*,#4723,.F.);
#6583=ORIENTED_EDGE('',*,*,#4726,.T.);
#6584=ORIENTED_EDGE('',*,*,#4727,.F.);
#6585=ORIENTED_EDGE('',*,*,#4711,.T.);
#6586=ORIENTED_EDGE('',*,*,#4713,.T.);
#6587=ORIENTED_EDGE('',*,*,#4465,.T.);
#6588=ORIENTED_EDGE('',*,*,#4810,.F.);
#6589=ORIENTED_EDGE('',*,*,#4811,.T.);
#6590=ORIENTED_EDGE('',*,*,#4812,.F.);
#6591=ORIENTED_EDGE('',*,*,#4813,.T.);
#6592=ORIENTED_EDGE('',*,*,#4814,.F.);
#6593=ORIENTED_EDGE('',*,*,#4664,.T.);
#6594=ORIENTED_EDGE('',*,*,#4815,.F.);
#6595=ORIENTED_EDGE('',*,*,#4816,.T.);
#6596=ORIENTED_EDGE('',*,*,#4456,.T.);
#6597=ORIENTED_EDGE('',*,*,#4817,.F.);
#6598=ORIENTED_EDGE('',*,*,#4818,.T.);
#6599=ORIENTED_EDGE('',*,*,#4819,.F.);
#6600=ORIENTED_EDGE('',*,*,#4820,.T.);
#6601=ORIENTED_EDGE('',*,*,#4656,.T.);
#6602=ORIENTED_EDGE('',*,*,#4821,.F.);
#6603=ORIENTED_EDGE('',*,*,#4822,.T.);
#6604=ORIENTED_EDGE('',*,*,#4823,.F.);
#6605=ORIENTED_EDGE('',*,*,#4824,.T.);
#6606=ORIENTED_EDGE('',*,*,#4825,.F.);
#6607=ORIENTED_EDGE('',*,*,#4826,.T.);
#6608=ORIENTED_EDGE('',*,*,#4827,.F.);
#6609=ORIENTED_EDGE('',*,*,#4828,.T.);
#6610=ORIENTED_EDGE('',*,*,#4829,.F.);
#6611=ORIENTED_EDGE('',*,*,#4830,.T.);
#6612=ORIENTED_EDGE('',*,*,#4831,.F.);
#6613=ORIENTED_EDGE('',*,*,#4832,.T.);
#6614=ORIENTED_EDGE('',*,*,#4833,.F.);
#6615=ORIENTED_EDGE('',*,*,#4834,.T.);
#6616=ORIENTED_EDGE('',*,*,#4835,.F.);
#6617=ORIENTED_EDGE('',*,*,#4836,.T.);
#6618=ORIENTED_EDGE('',*,*,#4448,.T.);
#6619=ORIENTED_EDGE('',*,*,#4451,.T.);
#6620=ORIENTED_EDGE('',*,*,#4837,.F.);
#6621=ORIENTED_EDGE('',*,*,#4838,.T.);
#6622=ORIENTED_EDGE('',*,*,#4459,.T.);
#6623=ORIENTED_EDGE('',*,*,#4839,.F.);
#6624=ORIENTED_EDGE('',*,*,#4840,.T.);
#6625=ORIENTED_EDGE('',*,*,#4841,.F.);
#6626=ORIENTED_EDGE('',*,*,#4842,.T.);
#6627=ORIENTED_EDGE('',*,*,#4843,.F.);
#6628=ORIENTED_EDGE('',*,*,#4844,.T.);
#6629=ORIENTED_EDGE('',*,*,#4845,.F.);
#6630=ORIENTED_EDGE('',*,*,#4471,.T.);
#6631=ORIENTED_EDGE('',*,*,#4473,.T.);
#6632=ORIENTED_EDGE('',*,*,#4846,.F.);
#6633=ORIENTED_EDGE('',*,*,#4847,.T.);
#6634=ORIENTED_EDGE('',*,*,#4848,.F.);
#6635=ORIENTED_EDGE('',*,*,#4849,.T.);
#6636=ORIENTED_EDGE('',*,*,#4467,.T.);
#6637=ORIENTED_EDGE('',*,*,#4850,.F.);
#6638=ORIENTED_EDGE('',*,*,#4851,.T.);
#6639=ORIENTED_EDGE('',*,*,#4852,.F.);
#6640=ORIENTED_EDGE('',*,*,#4853,.T.);
#6641=ORIENTED_EDGE('',*,*,#4854,.F.);
#6642=ORIENTED_EDGE('',*,*,#4855,.T.);
#6643=ORIENTED_EDGE('',*,*,#4856,.F.);
#6644=ORIENTED_EDGE('',*,*,#4857,.T.);
#6645=ORIENTED_EDGE('',*,*,#4858,.F.);
#6646=ORIENTED_EDGE('',*,*,#4859,.T.);
#6647=ORIENTED_EDGE('',*,*,#4860,.F.);
#6648=ORIENTED_EDGE('',*,*,#4454,.T.);
#6649=ORIENTED_EDGE('',*,*,#4861,.F.);
#6650=ORIENTED_EDGE('',*,*,#4862,.T.);
#6651=ORIENTED_EDGE('',*,*,#4863,.F.);
#6652=ORIENTED_EDGE('',*,*,#4864,.T.);
#6653=ORIENTED_EDGE('',*,*,#4659,.T.);
#6654=ORIENTED_EDGE('',*,*,#4865,.F.);
#6655=ORIENTED_EDGE('',*,*,#4866,.T.);
#6656=ORIENTED_EDGE('',*,*,#4867,.F.);
#6657=ORIENTED_EDGE('',*,*,#4463,.T.);
#6658=ORIENTED_EDGE('',*,*,#4809,.T.);
#6659=ORIENTED_EDGE('',*,*,#4712,.T.);
#6660=ORIENTED_EDGE('',*,*,#4541,.T.);
#6661=ORIENTED_EDGE('',*,*,#4310,.T.);
#6662=ORIENTED_EDGE('',*,*,#4807,.T.);
#6663=ORIENTED_EDGE('',*,*,#4091,.F.);
#6664=ORIENTED_EDGE('',*,*,#4868,.T.);
#6665=ORIENTED_EDGE('',*,*,#4865,.T.);
#6666=ORIENTED_EDGE('',*,*,#4658,.T.);
#6667=ORIENTED_EDGE('',*,*,#4869,.F.);
#6668=ORIENTED_EDGE('',*,*,#4866,.F.);
#6669=ORIENTED_EDGE('',*,*,#4868,.F.);
#6670=ORIENTED_EDGE('',*,*,#4090,.F.);
#6671=ORIENTED_EDGE('',*,*,#4089,.F.);
#6672=ORIENTED_EDGE('',*,*,#4461,.T.);
#6673=ORIENTED_EDGE('',*,*,#4867,.T.);
#6674=ORIENTED_EDGE('',*,*,#4869,.T.);
#6675=ORIENTED_EDGE('',*,*,#4870,.F.);
#6676=ORIENTED_EDGE('',*,*,#4811,.F.);
#6677=ORIENTED_EDGE('',*,*,#4871,.F.);
#6678=ORIENTED_EDGE('',*,*,#4085,.F.);
#6679=ORIENTED_EDGE('',*,*,#4474,.F.);
#6680=ORIENTED_EDGE('',*,*,#4872,.F.);
#6681=ORIENTED_EDGE('',*,*,#4873,.F.);
#6682=ORIENTED_EDGE('',*,*,#4086,.F.);
#6683=ORIENTED_EDGE('',*,*,#4871,.T.);
#6684=ORIENTED_EDGE('',*,*,#4810,.T.);
#6685=ORIENTED_EDGE('',*,*,#4464,.T.);
#6686=ORIENTED_EDGE('',*,*,#4874,.F.);
#6687=ORIENTED_EDGE('',*,*,#4093,.F.);
#6688=ORIENTED_EDGE('',*,*,#4660,.T.);
#6689=ORIENTED_EDGE('',*,*,#4864,.F.);
#6690=ORIENTED_EDGE('',*,*,#4094,.F.);
#6691=ORIENTED_EDGE('',*,*,#4874,.T.);
#6692=ORIENTED_EDGE('',*,*,#4863,.T.);
#6693=ORIENTED_EDGE('',*,*,#4875,.T.);
#6694=ORIENTED_EDGE('',*,*,#4876,.F.);
#6695=ORIENTED_EDGE('',*,*,#4095,.F.);
#6696=ORIENTED_EDGE('',*,*,#4875,.F.);
#6697=ORIENTED_EDGE('',*,*,#4862,.F.);
#6698=ORIENTED_EDGE('',*,*,#4096,.F.);
#6699=ORIENTED_EDGE('',*,*,#4876,.T.);
#6700=ORIENTED_EDGE('',*,*,#4861,.T.);
#6701=ORIENTED_EDGE('',*,*,#4453,.T.);
#6702=ORIENTED_EDGE('',*,*,#4100,.F.);
#6703=ORIENTED_EDGE('',*,*,#4877,.T.);
#6704=ORIENTED_EDGE('',*,*,#4858,.T.);
#6705=ORIENTED_EDGE('',*,*,#4878,.T.);
#6706=ORIENTED_EDGE('',*,*,#4879,.F.);
#6707=ORIENTED_EDGE('',*,*,#4859,.F.);
#6708=ORIENTED_EDGE('',*,*,#4877,.F.);
#6709=ORIENTED_EDGE('',*,*,#4099,.F.);
#6710=ORIENTED_EDGE('',*,*,#4098,.F.);
#6711=ORIENTED_EDGE('',*,*,#4452,.T.);
#6712=ORIENTED_EDGE('',*,*,#4860,.T.);
#6713=ORIENTED_EDGE('',*,*,#4879,.T.);
#6714=ORIENTED_EDGE('',*,*,#4880,.F.);
#6715=ORIENTED_EDGE('',*,*,#4101,.F.);
#6716=ORIENTED_EDGE('',*,*,#4878,.F.);
#6717=ORIENTED_EDGE('',*,*,#4857,.F.);
#6718=ORIENTED_EDGE('',*,*,#4102,.F.);
#6719=ORIENTED_EDGE('',*,*,#4880,.T.);
#6720=ORIENTED_EDGE('',*,*,#4856,.T.);
#6721=ORIENTED_EDGE('',*,*,#4881,.T.);
#6722=ORIENTED_EDGE('',*,*,#4882,.F.);
#6723=ORIENTED_EDGE('',*,*,#4103,.F.);
#6724=ORIENTED_EDGE('',*,*,#4881,.F.);
#6725=ORIENTED_EDGE('',*,*,#4855,.F.);
#6726=ORIENTED_EDGE('',*,*,#4104,.F.);
#6727=ORIENTED_EDGE('',*,*,#4882,.T.);
#6728=ORIENTED_EDGE('',*,*,#4854,.T.);
#6729=ORIENTED_EDGE('',*,*,#4883,.T.);
#6730=ORIENTED_EDGE('',*,*,#4884,.F.);
#6731=ORIENTED_EDGE('',*,*,#4105,.F.);
#6732=ORIENTED_EDGE('',*,*,#4883,.F.);
#6733=ORIENTED_EDGE('',*,*,#4853,.F.);
#6734=ORIENTED_EDGE('',*,*,#4106,.F.);
#6735=ORIENTED_EDGE('',*,*,#4884,.T.);
#6736=ORIENTED_EDGE('',*,*,#4852,.T.);
#6737=ORIENTED_EDGE('',*,*,#4885,.T.);
#6738=ORIENTED_EDGE('',*,*,#4886,.F.);
#6739=ORIENTED_EDGE('',*,*,#4107,.F.);
#6740=ORIENTED_EDGE('',*,*,#4885,.F.);
#6741=ORIENTED_EDGE('',*,*,#4851,.F.);
#6742=ORIENTED_EDGE('',*,*,#4108,.F.);
#6743=ORIENTED_EDGE('',*,*,#4886,.T.);
#6744=ORIENTED_EDGE('',*,*,#4850,.T.);
#6745=ORIENTED_EDGE('',*,*,#4466,.T.);
#6746=ORIENTED_EDGE('',*,*,#4887,.F.);
#6747=ORIENTED_EDGE('',*,*,#4110,.F.);
#6748=ORIENTED_EDGE('',*,*,#4468,.T.);
#6749=ORIENTED_EDGE('',*,*,#4849,.F.);
#6750=ORIENTED_EDGE('',*,*,#4111,.F.);
#6751=ORIENTED_EDGE('',*,*,#4887,.T.);
#6752=ORIENTED_EDGE('',*,*,#4848,.T.);
#6753=ORIENTED_EDGE('',*,*,#4888,.T.);
#6754=ORIENTED_EDGE('',*,*,#4889,.F.);
#6755=ORIENTED_EDGE('',*,*,#4112,.F.);
#6756=ORIENTED_EDGE('',*,*,#4888,.F.);
#6757=ORIENTED_EDGE('',*,*,#4847,.F.);
#6758=ORIENTED_EDGE('',*,*,#4113,.F.);
#6759=ORIENTED_EDGE('',*,*,#4889,.T.);
#6760=ORIENTED_EDGE('',*,*,#4846,.T.);
#6761=ORIENTED_EDGE('',*,*,#4472,.T.);
#6762=ORIENTED_EDGE('',*,*,#4118,.F.);
#6763=ORIENTED_EDGE('',*,*,#4890,.T.);
#6764=ORIENTED_EDGE('',*,*,#4843,.T.);
#6765=ORIENTED_EDGE('',*,*,#4891,.T.);
#6766=ORIENTED_EDGE('',*,*,#4892,.F.);
#6767=ORIENTED_EDGE('',*,*,#4844,.F.);
#6768=ORIENTED_EDGE('',*,*,#4890,.F.);
#6769=ORIENTED_EDGE('',*,*,#4117,.F.);
#6770=ORIENTED_EDGE('',*,*,#4116,.F.);
#6771=ORIENTED_EDGE('',*,*,#4469,.T.);
#6772=ORIENTED_EDGE('',*,*,#4845,.T.);
#6773=ORIENTED_EDGE('',*,*,#4892,.T.);
#6774=ORIENTED_EDGE('',*,*,#4893,.F.);
#6775=ORIENTED_EDGE('',*,*,#4119,.F.);
#6776=ORIENTED_EDGE('',*,*,#4891,.F.);
#6777=ORIENTED_EDGE('',*,*,#4842,.F.);
#6778=ORIENTED_EDGE('',*,*,#4120,.F.);
#6779=ORIENTED_EDGE('',*,*,#4893,.T.);
#6780=ORIENTED_EDGE('',*,*,#4841,.T.);
#6781=ORIENTED_EDGE('',*,*,#4894,.T.);
#6782=ORIENTED_EDGE('',*,*,#4895,.F.);
#6783=ORIENTED_EDGE('',*,*,#4121,.F.);
#6784=ORIENTED_EDGE('',*,*,#4894,.F.);
#6785=ORIENTED_EDGE('',*,*,#4840,.F.);
#6786=ORIENTED_EDGE('',*,*,#4122,.F.);
#6787=ORIENTED_EDGE('',*,*,#4895,.T.);
#6788=ORIENTED_EDGE('',*,*,#4839,.T.);
#6789=ORIENTED_EDGE('',*,*,#4458,.T.);
#6790=ORIENTED_EDGE('',*,*,#4896,.F.);
#6791=ORIENTED_EDGE('',*,*,#4124,.F.);
#6792=ORIENTED_EDGE('',*,*,#4460,.T.);
#6793=ORIENTED_EDGE('',*,*,#4838,.F.);
#6794=ORIENTED_EDGE('',*,*,#4125,.F.);
#6795=ORIENTED_EDGE('',*,*,#4896,.T.);
#6796=ORIENTED_EDGE('',*,*,#4837,.T.);
#6797=ORIENTED_EDGE('',*,*,#4450,.T.);
#6798=ORIENTED_EDGE('',*,*,#4897,.F.);
#6799=ORIENTED_EDGE('',*,*,#4128,.F.);
#6800=ORIENTED_EDGE('',*,*,#4449,.T.);
#6801=ORIENTED_EDGE('',*,*,#4836,.F.);
#6802=ORIENTED_EDGE('',*,*,#4129,.F.);
#6803=ORIENTED_EDGE('',*,*,#4897,.T.);
#6804=ORIENTED_EDGE('',*,*,#4835,.T.);
#6805=ORIENTED_EDGE('',*,*,#4898,.T.);
#6806=ORIENTED_EDGE('',*,*,#4899,.F.);
#6807=ORIENTED_EDGE('',*,*,#4130,.F.);
#6808=ORIENTED_EDGE('',*,*,#4898,.F.);
#6809=ORIENTED_EDGE('',*,*,#4834,.F.);
#6810=ORIENTED_EDGE('',*,*,#4131,.F.);
#6811=ORIENTED_EDGE('',*,*,#4899,.T.);
#6812=ORIENTED_EDGE('',*,*,#4833,.T.);
#6813=ORIENTED_EDGE('',*,*,#4900,.T.);
#6814=ORIENTED_EDGE('',*,*,#4901,.F.);
#6815=ORIENTED_EDGE('',*,*,#4132,.F.);
#6816=ORIENTED_EDGE('',*,*,#4900,.F.);
#6817=ORIENTED_EDGE('',*,*,#4832,.F.);
#6818=ORIENTED_EDGE('',*,*,#4133,.F.);
#6819=ORIENTED_EDGE('',*,*,#4901,.T.);
#6820=ORIENTED_EDGE('',*,*,#4831,.T.);
#6821=ORIENTED_EDGE('',*,*,#4902,.T.);
#6822=ORIENTED_EDGE('',*,*,#4903,.F.);
#6823=ORIENTED_EDGE('',*,*,#4134,.F.);
#6824=ORIENTED_EDGE('',*,*,#4902,.F.);
#6825=ORIENTED_EDGE('',*,*,#4830,.F.);
#6826=ORIENTED_EDGE('',*,*,#4135,.F.);
#6827=ORIENTED_EDGE('',*,*,#4903,.T.);
#6828=ORIENTED_EDGE('',*,*,#4829,.T.);
#6829=ORIENTED_EDGE('',*,*,#4904,.T.);
#6830=ORIENTED_EDGE('',*,*,#4905,.F.);
#6831=ORIENTED_EDGE('',*,*,#4136,.F.);
#6832=ORIENTED_EDGE('',*,*,#4904,.F.);
#6833=ORIENTED_EDGE('',*,*,#4828,.F.);
#6834=ORIENTED_EDGE('',*,*,#4137,.F.);
#6835=ORIENTED_EDGE('',*,*,#4905,.T.);
#6836=ORIENTED_EDGE('',*,*,#4827,.T.);
#6837=ORIENTED_EDGE('',*,*,#4906,.T.);
#6838=ORIENTED_EDGE('',*,*,#4907,.F.);
#6839=ORIENTED_EDGE('',*,*,#4138,.F.);
#6840=ORIENTED_EDGE('',*,*,#4906,.F.);
#6841=ORIENTED_EDGE('',*,*,#4826,.F.);
#6842=ORIENTED_EDGE('',*,*,#4139,.F.);
#6843=ORIENTED_EDGE('',*,*,#4907,.T.);
#6844=ORIENTED_EDGE('',*,*,#4825,.T.);
#6845=ORIENTED_EDGE('',*,*,#4908,.T.);
#6846=ORIENTED_EDGE('',*,*,#4909,.F.);
#6847=ORIENTED_EDGE('',*,*,#4140,.F.);
#6848=ORIENTED_EDGE('',*,*,#4908,.F.);
#6849=ORIENTED_EDGE('',*,*,#4824,.F.);
#6850=ORIENTED_EDGE('',*,*,#4141,.F.);
#6851=ORIENTED_EDGE('',*,*,#4909,.T.);
#6852=ORIENTED_EDGE('',*,*,#4823,.T.);
#6853=ORIENTED_EDGE('',*,*,#4910,.T.);
#6854=ORIENTED_EDGE('',*,*,#4911,.F.);
#6855=ORIENTED_EDGE('',*,*,#4142,.F.);
#6856=ORIENTED_EDGE('',*,*,#4910,.F.);
#6857=ORIENTED_EDGE('',*,*,#4822,.F.);
#6858=ORIENTED_EDGE('',*,*,#4143,.F.);
#6859=ORIENTED_EDGE('',*,*,#4911,.T.);
#6860=ORIENTED_EDGE('',*,*,#4821,.T.);
#6861=ORIENTED_EDGE('',*,*,#4655,.T.);
#6862=ORIENTED_EDGE('',*,*,#4912,.F.);
#6863=ORIENTED_EDGE('',*,*,#4145,.F.);
#6864=ORIENTED_EDGE('',*,*,#4657,.T.);
#6865=ORIENTED_EDGE('',*,*,#4820,.F.);
#6866=ORIENTED_EDGE('',*,*,#4146,.F.);
#6867=ORIENTED_EDGE('',*,*,#4912,.T.);
#6868=ORIENTED_EDGE('',*,*,#4819,.T.);
#6869=ORIENTED_EDGE('',*,*,#4913,.T.);
#6870=ORIENTED_EDGE('',*,*,#4914,.F.);
#6871=ORIENTED_EDGE('',*,*,#4147,.F.);
#6872=ORIENTED_EDGE('',*,*,#4913,.F.);
#6873=ORIENTED_EDGE('',*,*,#4818,.F.);
#6874=ORIENTED_EDGE('',*,*,#4148,.F.);
#6875=ORIENTED_EDGE('',*,*,#4914,.T.);
#6876=ORIENTED_EDGE('',*,*,#4817,.T.);
#6877=ORIENTED_EDGE('',*,*,#4455,.T.);
#6878=ORIENTED_EDGE('',*,*,#4915,.F.);
#6879=ORIENTED_EDGE('',*,*,#4150,.F.);
#6880=ORIENTED_EDGE('',*,*,#4457,.T.);
#6881=ORIENTED_EDGE('',*,*,#4816,.F.);
#6882=ORIENTED_EDGE('',*,*,#4080,.F.);
#6883=ORIENTED_EDGE('',*,*,#4915,.T.);
#6884=ORIENTED_EDGE('',*,*,#4815,.T.);
#6885=ORIENTED_EDGE('',*,*,#4663,.T.);
#6886=ORIENTED_EDGE('',*,*,#4916,.F.);
#6887=ORIENTED_EDGE('',*,*,#4917,.T.);
#6888=ORIENTED_EDGE('',*,*,#4918,.T.);
#6889=ORIENTED_EDGE('',*,*,#4872,.T.);
#6890=ORIENTED_EDGE('',*,*,#4475,.F.);
#6891=ORIENTED_EDGE('',*,*,#4083,.F.);
#6892=ORIENTED_EDGE('',*,*,#4484,.F.);
#6893=ORIENTED_EDGE('',*,*,#4662,.T.);
#6894=ORIENTED_EDGE('',*,*,#4919,.T.);
#6895=ORIENTED_EDGE('',*,*,#4920,.T.);
#6896=ORIENTED_EDGE('',*,*,#4919,.F.);
#6897=ORIENTED_EDGE('',*,*,#4661,.T.);
#6898=ORIENTED_EDGE('',*,*,#4921,.F.);
#6899=ORIENTED_EDGE('',*,*,#4922,.T.);
#6900=ORIENTED_EDGE('',*,*,#4921,.T.);
#6901=ORIENTED_EDGE('',*,*,#4665,.T.);
#6902=ORIENTED_EDGE('',*,*,#4814,.T.);
#6903=ORIENTED_EDGE('',*,*,#4923,.T.);
#6904=ORIENTED_EDGE('',*,*,#4924,.F.);
#6905=ORIENTED_EDGE('',*,*,#4917,.F.);
#6906=ORIENTED_EDGE('',*,*,#4925,.T.);
#6907=ORIENTED_EDGE('',*,*,#4926,.T.);
#6908=ORIENTED_EDGE('',*,*,#4920,.F.);
#6909=ORIENTED_EDGE('',*,*,#4922,.F.);
#6910=ORIENTED_EDGE('',*,*,#4927,.T.);
#6911=ORIENTED_EDGE('',*,*,#4928,.F.);
#6912=ORIENTED_EDGE('',*,*,#4927,.F.);
#6913=ORIENTED_EDGE('',*,*,#4923,.F.);
#6914=ORIENTED_EDGE('',*,*,#4813,.F.);
#6915=ORIENTED_EDGE('',*,*,#4918,.F.);
#6916=ORIENTED_EDGE('',*,*,#4924,.T.);
#6917=ORIENTED_EDGE('',*,*,#4929,.F.);
#6918=ORIENTED_EDGE('',*,*,#4873,.T.);
#6919=ORIENTED_EDGE('',*,*,#4929,.T.);
#6920=ORIENTED_EDGE('',*,*,#4928,.T.);
#6921=ORIENTED_EDGE('',*,*,#4812,.T.);
#6922=ORIENTED_EDGE('',*,*,#4870,.T.);
#6923=ORIENTED_EDGE('',*,*,#4930,.T.);
#6924=ORIENTED_EDGE('',*,*,#4526,.F.);
#6925=ORIENTED_EDGE('',*,*,#4409,.F.);
#6926=ORIENTED_EDGE('',*,*,#4931,.T.);
#6927=ORIENTED_EDGE('',*,*,#4403,.F.);
#6928=ORIENTED_EDGE('',*,*,#4528,.F.);
#6929=ORIENTED_EDGE('',*,*,#4932,.T.);
#6930=ORIENTED_EDGE('',*,*,#4527,.F.);
#6931=ORIENTED_EDGE('',*,*,#4405,.F.);
#6932=ORIENTED_EDGE('',*,*,#4933,.F.);
#6933=ORIENTED_EDGE('',*,*,#4934,.F.);
#6934=ORIENTED_EDGE('',*,*,#4524,.F.);
#6935=ORIENTED_EDGE('',*,*,#4935,.F.);
#6936=ORIENTED_EDGE('',*,*,#4388,.T.);
#6937=ORIENTED_EDGE('',*,*,#4525,.T.);
#6938=ORIENTED_EDGE('',*,*,#4934,.T.);
#6939=ORIENTED_EDGE('',*,*,#4936,.T.);
#6940=ORIENTED_EDGE('',*,*,#4399,.F.);
#6941=ORIENTED_EDGE('',*,*,#4530,.F.);
#6942=ORIENTED_EDGE('',*,*,#4937,.T.);
#6943=ORIENTED_EDGE('',*,*,#4529,.F.);
#6944=ORIENTED_EDGE('',*,*,#4401,.F.);
#6945=ORIENTED_EDGE('',*,*,#4377,.F.);
#6946=ORIENTED_EDGE('',*,*,#4392,.T.);
#6947=ORIENTED_EDGE('',*,*,#4522,.F.);
#6948=ORIENTED_EDGE('',*,*,#4938,.T.);
#6949=ORIENTED_EDGE('',*,*,#4939,.T.);
#6950=ORIENTED_EDGE('',*,*,#4940,.T.);
#6951=ORIENTED_EDGE('',*,*,#4519,.F.);
#6952=ORIENTED_EDGE('',*,*,#4941,.T.);
#6953=ORIENTED_EDGE('',*,*,#4942,.T.);
#6954=ORIENTED_EDGE('',*,*,#4943,.T.);
#6955=ORIENTED_EDGE('',*,*,#4516,.F.);
#6956=ORIENTED_EDGE('',*,*,#4944,.F.);
#6957=ORIENTED_EDGE('',*,*,#4945,.T.);
#6958=ORIENTED_EDGE('',*,*,#4946,.T.);
#6959=ORIENTED_EDGE('',*,*,#4947,.T.);
#6960=ORIENTED_EDGE('',*,*,#4948,.T.);
#6961=ORIENTED_EDGE('',*,*,#4949,.T.);
#6962=ORIENTED_EDGE('',*,*,#4950,.T.);
#6963=ORIENTED_EDGE('',*,*,#4951,.T.);
#6964=ORIENTED_EDGE('',*,*,#4952,.T.);
#6965=ORIENTED_EDGE('',*,*,#4953,.T.);
#6966=ORIENTED_EDGE('',*,*,#4954,.T.);
#6967=ORIENTED_EDGE('',*,*,#4955,.T.);
#6968=ORIENTED_EDGE('',*,*,#4956,.T.);
#6969=ORIENTED_EDGE('',*,*,#4957,.T.);
#6970=ORIENTED_EDGE('',*,*,#4520,.F.);
#6971=ORIENTED_EDGE('',*,*,#4940,.F.);
#6972=ORIENTED_EDGE('',*,*,#4958,.T.);
#6973=ORIENTED_EDGE('',*,*,#4938,.F.);
#6974=ORIENTED_EDGE('',*,*,#4521,.F.);
#6975=ORIENTED_EDGE('',*,*,#4959,.T.);
#6976=ORIENTED_EDGE('',*,*,#4395,.F.);
#6977=ORIENTED_EDGE('',*,*,#4532,.F.);
#6978=ORIENTED_EDGE('',*,*,#4960,.T.);
#6979=ORIENTED_EDGE('',*,*,#4941,.F.);
#6980=ORIENTED_EDGE('',*,*,#4518,.F.);
#6981=ORIENTED_EDGE('',*,*,#4961,.T.);
#6982=ORIENTED_EDGE('',*,*,#4517,.F.);
#6983=ORIENTED_EDGE('',*,*,#4943,.F.);
#6984=ORIENTED_EDGE('',*,*,#4962,.F.);
#6985=ORIENTED_EDGE('',*,*,#4429,.F.);
#6986=ORIENTED_EDGE('',*,*,#4534,.F.);
#6987=ORIENTED_EDGE('',*,*,#4380,.F.);
#6988=ORIENTED_EDGE('',*,*,#4944,.T.);
#6989=ORIENTED_EDGE('',*,*,#4515,.F.);
#6990=ORIENTED_EDGE('',*,*,#4963,.T.);
#6991=ORIENTED_EDGE('',*,*,#4964,.T.);
#6992=ORIENTED_EDGE('',*,*,#4965,.T.);
#6993=ORIENTED_EDGE('',*,*,#4512,.F.);
#6994=ORIENTED_EDGE('',*,*,#4966,.F.);
#6995=ORIENTED_EDGE('',*,*,#4967,.F.);
#6996=ORIENTED_EDGE('',*,*,#4963,.F.);
#6997=ORIENTED_EDGE('',*,*,#4514,.F.);
#6998=ORIENTED_EDGE('',*,*,#4968,.F.);
#6999=ORIENTED_EDGE('',*,*,#4513,.F.);
#7000=ORIENTED_EDGE('',*,*,#4965,.F.);
#7001=ORIENTED_EDGE('',*,*,#4383,.F.);
#7002=ORIENTED_EDGE('',*,*,#4966,.T.);
#7003=ORIENTED_EDGE('',*,*,#4511,.F.);
#7004=ORIENTED_EDGE('',*,*,#4969,.T.);
#7005=ORIENTED_EDGE('',*,*,#4970,.T.);
#7006=ORIENTED_EDGE('',*,*,#4971,.T.);
#7007=ORIENTED_EDGE('',*,*,#4508,.F.);
#7008=ORIENTED_EDGE('',*,*,#4972,.T.);
#7009=ORIENTED_EDGE('',*,*,#4973,.T.);
#7010=ORIENTED_EDGE('',*,*,#4974,.T.);
#7011=ORIENTED_EDGE('',*,*,#4505,.F.);
#7012=ORIENTED_EDGE('',*,*,#4975,.T.);
#7013=ORIENTED_EDGE('',*,*,#4976,.T.);
#7014=ORIENTED_EDGE('',*,*,#4977,.T.);
#7015=ORIENTED_EDGE('',*,*,#4502,.F.);
#7016=ORIENTED_EDGE('',*,*,#4978,.T.);
#7017=ORIENTED_EDGE('',*,*,#4979,.T.);
#7018=ORIENTED_EDGE('',*,*,#4980,.T.);
#7019=ORIENTED_EDGE('',*,*,#4499,.F.);
#7020=ORIENTED_EDGE('',*,*,#4981,.F.);
#7021=ORIENTED_EDGE('',*,*,#4982,.T.);
#7022=ORIENTED_EDGE('',*,*,#4983,.T.);
#7023=ORIENTED_EDGE('',*,*,#4984,.T.);
#7024=ORIENTED_EDGE('',*,*,#4985,.T.);
#7025=ORIENTED_EDGE('',*,*,#4986,.T.);
#7026=ORIENTED_EDGE('',*,*,#4987,.T.);
#7027=ORIENTED_EDGE('',*,*,#4988,.T.);
#7028=ORIENTED_EDGE('',*,*,#4989,.T.);
#7029=ORIENTED_EDGE('',*,*,#4990,.T.);
#7030=ORIENTED_EDGE('',*,*,#4991,.T.);
#7031=ORIENTED_EDGE('',*,*,#4992,.T.);
#7032=ORIENTED_EDGE('',*,*,#4993,.T.);
#7033=ORIENTED_EDGE('',*,*,#4994,.T.);
#7034=ORIENTED_EDGE('',*,*,#4995,.T.);
#7035=ORIENTED_EDGE('',*,*,#4996,.T.);
#7036=ORIENTED_EDGE('',*,*,#4997,.T.);
#7037=ORIENTED_EDGE('',*,*,#4998,.T.);
#7038=ORIENTED_EDGE('',*,*,#4509,.F.);
#7039=ORIENTED_EDGE('',*,*,#4971,.F.);
#7040=ORIENTED_EDGE('',*,*,#4999,.T.);
#7041=ORIENTED_EDGE('',*,*,#4969,.F.);
#7042=ORIENTED_EDGE('',*,*,#4510,.F.);
#7043=ORIENTED_EDGE('',*,*,#5000,.T.);
#7044=ORIENTED_EDGE('',*,*,#4506,.F.);
#7045=ORIENTED_EDGE('',*,*,#4974,.F.);
#7046=ORIENTED_EDGE('',*,*,#5001,.T.);
#7047=ORIENTED_EDGE('',*,*,#4972,.F.);
#7048=ORIENTED_EDGE('',*,*,#4507,.F.);
#7049=ORIENTED_EDGE('',*,*,#5002,.T.);
#7050=ORIENTED_EDGE('',*,*,#4503,.F.);
#7051=ORIENTED_EDGE('',*,*,#4977,.F.);
#7052=ORIENTED_EDGE('',*,*,#5003,.T.);
#7053=ORIENTED_EDGE('',*,*,#4975,.F.);
#7054=ORIENTED_EDGE('',*,*,#4504,.F.);
#7055=ORIENTED_EDGE('',*,*,#5004,.T.);
#7056=ORIENTED_EDGE('',*,*,#4978,.F.);
#7057=ORIENTED_EDGE('',*,*,#4501,.F.);
#7058=ORIENTED_EDGE('',*,*,#5005,.T.);
#7059=ORIENTED_EDGE('',*,*,#4500,.F.);
#7060=ORIENTED_EDGE('',*,*,#4980,.F.);
#7061=ORIENTED_EDGE('',*,*,#5006,.F.);
#7062=ORIENTED_EDGE('',*,*,#5007,.F.);
#7063=ORIENTED_EDGE('',*,*,#4497,.F.);
#7064=ORIENTED_EDGE('',*,*,#5008,.F.);
#7065=ORIENTED_EDGE('',*,*,#4496,.F.);
#7066=ORIENTED_EDGE('',*,*,#5009,.F.);
#7067=ORIENTED_EDGE('',*,*,#4959,.F.);
#7068=ORIENTED_EDGE('',*,*,#4592,.F.);
#7069=ORIENTED_EDGE('',*,*,#4396,.F.);
#7070=ORIENTED_EDGE('',*,*,#4936,.F.);
#7071=ORIENTED_EDGE('',*,*,#4937,.F.);
#7072=ORIENTED_EDGE('',*,*,#4400,.F.);
#7073=ORIENTED_EDGE('',*,*,#4931,.F.);
#7074=ORIENTED_EDGE('',*,*,#4932,.F.);
#7075=ORIENTED_EDGE('',*,*,#4404,.F.);
#7076=ORIENTED_EDGE('',*,*,#4492,.F.);
#7077=ORIENTED_EDGE('',*,*,#4930,.F.);
#7078=ORIENTED_EDGE('',*,*,#4408,.F.);
#7079=ORIENTED_EDGE('',*,*,#4593,.T.);
#7080=ORIENTED_EDGE('',*,*,#4389,.F.);
#7081=ORIENTED_EDGE('',*,*,#4935,.T.);
#7082=ORIENTED_EDGE('',*,*,#4933,.T.);
#7083=ORIENTED_EDGE('',*,*,#4961,.F.);
#7084=ORIENTED_EDGE('',*,*,#4942,.F.);
#7085=ORIENTED_EDGE('',*,*,#4960,.F.);
#7086=ORIENTED_EDGE('',*,*,#4957,.F.);
#7087=ORIENTED_EDGE('',*,*,#4939,.F.);
#7088=ORIENTED_EDGE('',*,*,#4958,.F.);
#7089=ORIENTED_EDGE('',*,*,#4962,.T.);
#7090=ORIENTED_EDGE('',*,*,#4591,.T.);
#7091=ORIENTED_EDGE('',*,*,#4430,.F.);
#7092=ORIENTED_EDGE('',*,*,#4968,.T.);
#7093=ORIENTED_EDGE('',*,*,#4964,.F.);
#7094=ORIENTED_EDGE('',*,*,#4967,.T.);
#7095=ORIENTED_EDGE('',*,*,#5005,.F.);
#7096=ORIENTED_EDGE('',*,*,#4979,.F.);
#7097=ORIENTED_EDGE('',*,*,#5004,.F.);
#7098=ORIENTED_EDGE('',*,*,#5002,.F.);
#7099=ORIENTED_EDGE('',*,*,#4976,.F.);
#7100=ORIENTED_EDGE('',*,*,#5003,.F.);
#7101=ORIENTED_EDGE('',*,*,#5000,.F.);
#7102=ORIENTED_EDGE('',*,*,#4973,.F.);
#7103=ORIENTED_EDGE('',*,*,#5001,.F.);
#7104=ORIENTED_EDGE('',*,*,#4998,.F.);
#7105=ORIENTED_EDGE('',*,*,#4970,.F.);
#7106=ORIENTED_EDGE('',*,*,#4999,.F.);
#7107=ORIENTED_EDGE('',*,*,#5008,.T.);
#7108=ORIENTED_EDGE('',*,*,#5010,.F.);
#7109=ORIENTED_EDGE('',*,*,#5006,.T.);
#7110=ORIENTED_EDGE('',*,*,#5011,.F.);
#7111=ORIENTED_EDGE('',*,*,#5012,.F.);
#7112=ORIENTED_EDGE('',*,*,#5013,.F.);
#7113=ORIENTED_EDGE('',*,*,#5014,.F.);
#7114=ORIENTED_EDGE('',*,*,#4426,.F.);
#7115=ORIENTED_EDGE('',*,*,#5015,.F.);
#7116=ORIENTED_EDGE('',*,*,#5012,.T.);
#7117=ORIENTED_EDGE('',*,*,#5016,.T.);
#7118=ORIENTED_EDGE('',*,*,#4425,.F.);
#7119=ORIENTED_EDGE('',*,*,#5017,.F.);
#7120=ORIENTED_EDGE('',*,*,#5013,.T.);
#7121=ORIENTED_EDGE('',*,*,#5015,.T.);
#7122=ORIENTED_EDGE('',*,*,#4424,.F.);
#7123=ORIENTED_EDGE('',*,*,#5018,.F.);
#7124=ORIENTED_EDGE('',*,*,#5014,.T.);
#7125=ORIENTED_EDGE('',*,*,#5017,.T.);
#7126=ORIENTED_EDGE('',*,*,#5011,.T.);
#7127=ORIENTED_EDGE('',*,*,#5018,.T.);
#7128=ORIENTED_EDGE('',*,*,#4423,.F.);
#7129=ORIENTED_EDGE('',*,*,#5016,.F.);
#7130=ORIENTED_EDGE('',*,*,#5019,.F.);
#7131=ORIENTED_EDGE('',*,*,#5020,.F.);
#7132=ORIENTED_EDGE('',*,*,#5021,.F.);
#7133=ORIENTED_EDGE('',*,*,#5022,.F.);
#7134=ORIENTED_EDGE('',*,*,#4418,.F.);
#7135=ORIENTED_EDGE('',*,*,#5023,.F.);
#7136=ORIENTED_EDGE('',*,*,#5020,.T.);
#7137=ORIENTED_EDGE('',*,*,#5024,.T.);
#7138=ORIENTED_EDGE('',*,*,#4417,.F.);
#7139=ORIENTED_EDGE('',*,*,#5025,.F.);
#7140=ORIENTED_EDGE('',*,*,#5021,.T.);
#7141=ORIENTED_EDGE('',*,*,#5023,.T.);
#7142=ORIENTED_EDGE('',*,*,#4416,.F.);
#7143=ORIENTED_EDGE('',*,*,#5026,.F.);
#7144=ORIENTED_EDGE('',*,*,#5022,.T.);
#7145=ORIENTED_EDGE('',*,*,#5025,.T.);
#7146=ORIENTED_EDGE('',*,*,#5019,.T.);
#7147=ORIENTED_EDGE('',*,*,#5026,.T.);
#7148=ORIENTED_EDGE('',*,*,#4415,.F.);
#7149=ORIENTED_EDGE('',*,*,#5024,.F.);
#7150=ORIENTED_EDGE('',*,*,#5027,.F.);
#7151=ORIENTED_EDGE('',*,*,#5028,.F.);
#7152=ORIENTED_EDGE('',*,*,#5029,.F.);
#7153=ORIENTED_EDGE('',*,*,#5030,.F.);
#7154=ORIENTED_EDGE('',*,*,#4414,.F.);
#7155=ORIENTED_EDGE('',*,*,#5031,.F.);
#7156=ORIENTED_EDGE('',*,*,#5028,.T.);
#7157=ORIENTED_EDGE('',*,*,#5032,.T.);
#7158=ORIENTED_EDGE('',*,*,#4413,.F.);
#7159=ORIENTED_EDGE('',*,*,#5033,.F.);
#7160=ORIENTED_EDGE('',*,*,#5029,.T.);
#7161=ORIENTED_EDGE('',*,*,#5031,.T.);
#7162=ORIENTED_EDGE('',*,*,#4412,.F.);
#7163=ORIENTED_EDGE('',*,*,#5034,.F.);
#7164=ORIENTED_EDGE('',*,*,#5030,.T.);
#7165=ORIENTED_EDGE('',*,*,#5033,.T.);
#7166=ORIENTED_EDGE('',*,*,#5027,.T.);
#7167=ORIENTED_EDGE('',*,*,#5034,.T.);
#7168=ORIENTED_EDGE('',*,*,#4411,.F.);
#7169=ORIENTED_EDGE('',*,*,#5032,.F.);
#7170=ORIENTED_EDGE('',*,*,#5035,.F.);
#7171=ORIENTED_EDGE('',*,*,#5036,.F.);
#7172=ORIENTED_EDGE('',*,*,#5037,.F.);
#7173=ORIENTED_EDGE('',*,*,#5038,.F.);
#7174=ORIENTED_EDGE('',*,*,#4422,.F.);
#7175=ORIENTED_EDGE('',*,*,#5039,.F.);
#7176=ORIENTED_EDGE('',*,*,#5036,.T.);
#7177=ORIENTED_EDGE('',*,*,#5040,.T.);
#7178=ORIENTED_EDGE('',*,*,#4421,.F.);
#7179=ORIENTED_EDGE('',*,*,#5041,.F.);
#7180=ORIENTED_EDGE('',*,*,#5037,.T.);
#7181=ORIENTED_EDGE('',*,*,#5039,.T.);
#7182=ORIENTED_EDGE('',*,*,#4420,.F.);
#7183=ORIENTED_EDGE('',*,*,#5042,.F.);
#7184=ORIENTED_EDGE('',*,*,#5038,.T.);
#7185=ORIENTED_EDGE('',*,*,#5041,.T.);
#7186=ORIENTED_EDGE('',*,*,#5035,.T.);
#7187=ORIENTED_EDGE('',*,*,#5042,.T.);
#7188=ORIENTED_EDGE('',*,*,#4419,.F.);
#7189=ORIENTED_EDGE('',*,*,#5040,.F.);
#7190=ORIENTED_EDGE('',*,*,#5043,.F.);
#7191=ORIENTED_EDGE('',*,*,#5044,.F.);
#7192=ORIENTED_EDGE('',*,*,#5045,.F.);
#7193=ORIENTED_EDGE('',*,*,#5046,.F.);
#7194=ORIENTED_EDGE('',*,*,#4997,.F.);
#7195=ORIENTED_EDGE('',*,*,#5047,.F.);
#7196=ORIENTED_EDGE('',*,*,#5044,.T.);
#7197=ORIENTED_EDGE('',*,*,#5048,.T.);
#7198=ORIENTED_EDGE('',*,*,#4996,.F.);
#7199=ORIENTED_EDGE('',*,*,#5049,.F.);
#7200=ORIENTED_EDGE('',*,*,#5045,.T.);
#7201=ORIENTED_EDGE('',*,*,#5047,.T.);
#7202=ORIENTED_EDGE('',*,*,#4995,.F.);
#7203=ORIENTED_EDGE('',*,*,#5050,.F.);
#7204=ORIENTED_EDGE('',*,*,#5046,.T.);
#7205=ORIENTED_EDGE('',*,*,#5049,.T.);
#7206=ORIENTED_EDGE('',*,*,#5043,.T.);
#7207=ORIENTED_EDGE('',*,*,#5050,.T.);
#7208=ORIENTED_EDGE('',*,*,#4994,.F.);
#7209=ORIENTED_EDGE('',*,*,#5048,.F.);
#7210=ORIENTED_EDGE('',*,*,#5051,.F.);
#7211=ORIENTED_EDGE('',*,*,#5052,.F.);
#7212=ORIENTED_EDGE('',*,*,#5053,.F.);
#7213=ORIENTED_EDGE('',*,*,#5054,.F.);
#7214=ORIENTED_EDGE('',*,*,#4989,.F.);
#7215=ORIENTED_EDGE('',*,*,#5055,.F.);
#7216=ORIENTED_EDGE('',*,*,#5052,.T.);
#7217=ORIENTED_EDGE('',*,*,#5056,.T.);
#7218=ORIENTED_EDGE('',*,*,#4988,.F.);
#7219=ORIENTED_EDGE('',*,*,#5057,.F.);
#7220=ORIENTED_EDGE('',*,*,#5053,.T.);
#7221=ORIENTED_EDGE('',*,*,#5055,.T.);
#7222=ORIENTED_EDGE('',*,*,#4987,.F.);
#7223=ORIENTED_EDGE('',*,*,#5058,.F.);
#7224=ORIENTED_EDGE('',*,*,#5054,.T.);
#7225=ORIENTED_EDGE('',*,*,#5057,.T.);
#7226=ORIENTED_EDGE('',*,*,#5051,.T.);
#7227=ORIENTED_EDGE('',*,*,#5058,.T.);
#7228=ORIENTED_EDGE('',*,*,#4986,.F.);
#7229=ORIENTED_EDGE('',*,*,#5056,.F.);
#7230=ORIENTED_EDGE('',*,*,#5059,.F.);
#7231=ORIENTED_EDGE('',*,*,#5060,.F.);
#7232=ORIENTED_EDGE('',*,*,#5061,.F.);
#7233=ORIENTED_EDGE('',*,*,#5062,.F.);
#7234=ORIENTED_EDGE('',*,*,#4985,.F.);
#7235=ORIENTED_EDGE('',*,*,#5063,.F.);
#7236=ORIENTED_EDGE('',*,*,#5060,.T.);
#7237=ORIENTED_EDGE('',*,*,#5064,.T.);
#7238=ORIENTED_EDGE('',*,*,#4984,.F.);
#7239=ORIENTED_EDGE('',*,*,#5065,.F.);
#7240=ORIENTED_EDGE('',*,*,#5061,.T.);
#7241=ORIENTED_EDGE('',*,*,#5063,.T.);
#7242=ORIENTED_EDGE('',*,*,#4983,.F.);
#7243=ORIENTED_EDGE('',*,*,#5066,.F.);
#7244=ORIENTED_EDGE('',*,*,#5062,.T.);
#7245=ORIENTED_EDGE('',*,*,#5065,.T.);
#7246=ORIENTED_EDGE('',*,*,#5059,.T.);
#7247=ORIENTED_EDGE('',*,*,#5066,.T.);
#7248=ORIENTED_EDGE('',*,*,#4982,.F.);
#7249=ORIENTED_EDGE('',*,*,#5064,.F.);
#7250=ORIENTED_EDGE('',*,*,#5067,.F.);
#7251=ORIENTED_EDGE('',*,*,#5068,.F.);
#7252=ORIENTED_EDGE('',*,*,#5069,.F.);
#7253=ORIENTED_EDGE('',*,*,#5070,.F.);
#7254=ORIENTED_EDGE('',*,*,#4993,.F.);
#7255=ORIENTED_EDGE('',*,*,#5071,.F.);
#7256=ORIENTED_EDGE('',*,*,#5068,.T.);
#7257=ORIENTED_EDGE('',*,*,#5072,.T.);
#7258=ORIENTED_EDGE('',*,*,#4992,.F.);
#7259=ORIENTED_EDGE('',*,*,#5073,.F.);
#7260=ORIENTED_EDGE('',*,*,#5069,.T.);
#7261=ORIENTED_EDGE('',*,*,#5071,.T.);
#7262=ORIENTED_EDGE('',*,*,#4991,.F.);
#7263=ORIENTED_EDGE('',*,*,#5074,.F.);
#7264=ORIENTED_EDGE('',*,*,#5070,.T.);
#7265=ORIENTED_EDGE('',*,*,#5073,.T.);
#7266=ORIENTED_EDGE('',*,*,#5067,.T.);
#7267=ORIENTED_EDGE('',*,*,#5074,.T.);
#7268=ORIENTED_EDGE('',*,*,#4990,.F.);
#7269=ORIENTED_EDGE('',*,*,#5072,.F.);
#7270=ORIENTED_EDGE('',*,*,#5075,.F.);
#7271=ORIENTED_EDGE('',*,*,#5076,.F.);
#7272=ORIENTED_EDGE('',*,*,#5077,.F.);
#7273=ORIENTED_EDGE('',*,*,#5078,.F.);
#7274=ORIENTED_EDGE('',*,*,#4948,.F.);
#7275=ORIENTED_EDGE('',*,*,#5079,.F.);
#7276=ORIENTED_EDGE('',*,*,#5076,.T.);
#7277=ORIENTED_EDGE('',*,*,#5080,.T.);
#7278=ORIENTED_EDGE('',*,*,#4947,.F.);
#7279=ORIENTED_EDGE('',*,*,#5081,.F.);
#7280=ORIENTED_EDGE('',*,*,#5077,.T.);
#7281=ORIENTED_EDGE('',*,*,#5079,.T.);
#7282=ORIENTED_EDGE('',*,*,#4946,.F.);
#7283=ORIENTED_EDGE('',*,*,#5082,.F.);
#7284=ORIENTED_EDGE('',*,*,#5078,.T.);
#7285=ORIENTED_EDGE('',*,*,#5081,.T.);
#7286=ORIENTED_EDGE('',*,*,#5075,.T.);
#7287=ORIENTED_EDGE('',*,*,#5082,.T.);
#7288=ORIENTED_EDGE('',*,*,#4945,.F.);
#7289=ORIENTED_EDGE('',*,*,#5080,.F.);
#7290=ORIENTED_EDGE('',*,*,#5083,.F.);
#7291=ORIENTED_EDGE('',*,*,#5084,.F.);
#7292=ORIENTED_EDGE('',*,*,#5085,.F.);
#7293=ORIENTED_EDGE('',*,*,#5086,.F.);
#7294=ORIENTED_EDGE('',*,*,#4952,.F.);
#7295=ORIENTED_EDGE('',*,*,#5087,.F.);
#7296=ORIENTED_EDGE('',*,*,#5084,.T.);
#7297=ORIENTED_EDGE('',*,*,#5088,.T.);
#7298=ORIENTED_EDGE('',*,*,#4951,.F.);
#7299=ORIENTED_EDGE('',*,*,#5089,.F.);
#7300=ORIENTED_EDGE('',*,*,#5085,.T.);
#7301=ORIENTED_EDGE('',*,*,#5087,.T.);
#7302=ORIENTED_EDGE('',*,*,#4950,.F.);
#7303=ORIENTED_EDGE('',*,*,#5090,.F.);
#7304=ORIENTED_EDGE('',*,*,#5086,.T.);
#7305=ORIENTED_EDGE('',*,*,#5089,.T.);
#7306=ORIENTED_EDGE('',*,*,#5083,.T.);
#7307=ORIENTED_EDGE('',*,*,#5090,.T.);
#7308=ORIENTED_EDGE('',*,*,#4949,.F.);
#7309=ORIENTED_EDGE('',*,*,#5088,.F.);
#7310=ORIENTED_EDGE('',*,*,#5091,.F.);
#7311=ORIENTED_EDGE('',*,*,#5092,.F.);
#7312=ORIENTED_EDGE('',*,*,#5093,.F.);
#7313=ORIENTED_EDGE('',*,*,#5094,.F.);
#7314=ORIENTED_EDGE('',*,*,#4956,.F.);
#7315=ORIENTED_EDGE('',*,*,#5095,.F.);
#7316=ORIENTED_EDGE('',*,*,#5092,.T.);
#7317=ORIENTED_EDGE('',*,*,#5096,.T.);
#7318=ORIENTED_EDGE('',*,*,#4955,.F.);
#7319=ORIENTED_EDGE('',*,*,#5097,.F.);
#7320=ORIENTED_EDGE('',*,*,#5093,.T.);
#7321=ORIENTED_EDGE('',*,*,#5095,.T.);
#7322=ORIENTED_EDGE('',*,*,#4954,.F.);
#7323=ORIENTED_EDGE('',*,*,#5098,.F.);
#7324=ORIENTED_EDGE('',*,*,#5094,.T.);
#7325=ORIENTED_EDGE('',*,*,#5097,.T.);
#7326=ORIENTED_EDGE('',*,*,#5091,.T.);
#7327=ORIENTED_EDGE('',*,*,#5098,.T.);
#7328=ORIENTED_EDGE('',*,*,#4953,.F.);
#7329=ORIENTED_EDGE('',*,*,#5096,.F.);
#7330=ORIENTED_EDGE('',*,*,#5099,.F.);
#7331=ORIENTED_EDGE('',*,*,#5100,.F.);
#7332=ORIENTED_EDGE('',*,*,#5101,.F.);
#7333=ORIENTED_EDGE('',*,*,#5102,.F.);
#7334=ORIENTED_EDGE('',*,*,#5103,.F.);
#7335=ORIENTED_EDGE('',*,*,#5104,.F.);
#7336=ORIENTED_EDGE('',*,*,#5105,.F.);
#7337=ORIENTED_EDGE('',*,*,#5106,.F.);
#7338=ORIENTED_EDGE('',*,*,#5107,.F.);
#7339=ORIENTED_EDGE('',*,*,#5108,.F.);
#7340=ORIENTED_EDGE('',*,*,#5109,.F.);
#7341=ORIENTED_EDGE('',*,*,#5110,.F.);
#7342=ORIENTED_EDGE('',*,*,#4217,.T.);
#7343=ORIENTED_EDGE('',*,*,#5111,.F.);
#7344=ORIENTED_EDGE('',*,*,#5112,.F.);
#7345=ORIENTED_EDGE('',*,*,#5113,.F.);
#7346=ORIENTED_EDGE('',*,*,#4629,.F.);
#7347=ORIENTED_EDGE('',*,*,#5114,.T.);
#7348=ORIENTED_EDGE('',*,*,#5104,.T.);
#7349=ORIENTED_EDGE('',*,*,#5115,.F.);
#7350=ORIENTED_EDGE('',*,*,#4638,.T.);
#7351=ORIENTED_EDGE('',*,*,#5115,.T.);
#7352=ORIENTED_EDGE('',*,*,#5103,.T.);
#7353=ORIENTED_EDGE('',*,*,#5116,.F.);
#7354=ORIENTED_EDGE('',*,*,#4635,.T.);
#7355=ORIENTED_EDGE('',*,*,#5116,.T.);
#7356=ORIENTED_EDGE('',*,*,#5102,.T.);
#7357=ORIENTED_EDGE('',*,*,#5117,.F.);
#7358=ORIENTED_EDGE('',*,*,#4632,.T.);
#7359=ORIENTED_EDGE('',*,*,#5117,.T.);
#7360=ORIENTED_EDGE('',*,*,#5101,.T.);
#7361=ORIENTED_EDGE('',*,*,#5118,.F.);
#7362=ORIENTED_EDGE('',*,*,#4628,.T.);
#7363=ORIENTED_EDGE('',*,*,#5118,.T.);
#7364=ORIENTED_EDGE('',*,*,#5100,.T.);
#7365=ORIENTED_EDGE('',*,*,#5119,.T.);
#7366=ORIENTED_EDGE('',*,*,#5111,.T.);
#7367=ORIENTED_EDGE('',*,*,#5120,.T.);
#7368=ORIENTED_EDGE('',*,*,#4160,.T.);
#7369=ORIENTED_EDGE('',*,*,#5121,.T.);
#7370=ORIENTED_EDGE('',*,*,#5099,.T.);
#7371=ORIENTED_EDGE('',*,*,#5122,.T.);
#7372=ORIENTED_EDGE('',*,*,#5112,.T.);
#7373=ORIENTED_EDGE('',*,*,#5123,.T.);
#7374=ORIENTED_EDGE('',*,*,#4158,.T.);
#7375=ORIENTED_EDGE('',*,*,#5124,.T.);
#7376=ORIENTED_EDGE('',*,*,#4162,.T.);
#7377=ORIENTED_EDGE('',*,*,#5125,.T.);
#7378=ORIENTED_EDGE('',*,*,#4640,.T.);
#7379=ORIENTED_EDGE('',*,*,#5126,.T.);
#7380=ORIENTED_EDGE('',*,*,#4156,.T.);
#7381=ORIENTED_EDGE('',*,*,#5127,.T.);
#7382=ORIENTED_EDGE('',*,*,#5110,.T.);
#7383=ORIENTED_EDGE('',*,*,#5128,.T.);
#7384=ORIENTED_EDGE('',*,*,#5109,.T.);
#7385=ORIENTED_EDGE('',*,*,#5129,.F.);
#7386=ORIENTED_EDGE('',*,*,#5113,.T.);
#7387=ORIENTED_EDGE('',*,*,#5129,.T.);
#7388=ORIENTED_EDGE('',*,*,#5108,.T.);
#7389=ORIENTED_EDGE('',*,*,#5130,.F.);
#7390=ORIENTED_EDGE('',*,*,#4630,.T.);
#7391=ORIENTED_EDGE('',*,*,#5130,.T.);
#7392=ORIENTED_EDGE('',*,*,#5107,.T.);
#7393=ORIENTED_EDGE('',*,*,#5131,.F.);
#7394=ORIENTED_EDGE('',*,*,#4633,.T.);
#7395=ORIENTED_EDGE('',*,*,#5131,.T.);
#7396=ORIENTED_EDGE('',*,*,#5106,.T.);
#7397=ORIENTED_EDGE('',*,*,#5132,.F.);
#7398=ORIENTED_EDGE('',*,*,#4636,.T.);
#7399=ORIENTED_EDGE('',*,*,#5132,.T.);
#7400=ORIENTED_EDGE('',*,*,#5105,.T.);
#7401=ORIENTED_EDGE('',*,*,#5133,.T.);
#7402=ORIENTED_EDGE('',*,*,#4639,.T.);
#7403=ORIENTED_EDGE('',*,*,#5124,.F.);
#7404=ORIENTED_EDGE('',*,*,#5133,.F.);
#7405=ORIENTED_EDGE('',*,*,#5127,.F.);
#7406=ORIENTED_EDGE('',*,*,#4155,.T.);
#7407=ORIENTED_EDGE('',*,*,#4157,.T.);
#7408=ORIENTED_EDGE('',*,*,#5126,.F.);
#7409=ORIENTED_EDGE('',*,*,#5128,.F.);
#7410=ORIENTED_EDGE('',*,*,#5122,.F.);
#7411=ORIENTED_EDGE('',*,*,#5114,.F.);
#7412=ORIENTED_EDGE('',*,*,#5125,.F.);
#7413=ORIENTED_EDGE('',*,*,#4161,.T.);
#7414=ORIENTED_EDGE('',*,*,#5120,.F.);
#7415=ORIENTED_EDGE('',*,*,#4159,.T.);
#7416=ORIENTED_EDGE('',*,*,#5123,.F.);
#7417=ORIENTED_EDGE('',*,*,#5119,.F.);
#7418=ORIENTED_EDGE('',*,*,#5121,.F.);
#7419=ORIENTED_EDGE('',*,*,#5134,.T.);
#7420=ORIENTED_EDGE('',*,*,#4610,.T.);
#7421=ORIENTED_EDGE('',*,*,#4621,.F.);
#7422=ORIENTED_EDGE('',*,*,#5135,.F.);
#7423=ORIENTED_EDGE('',*,*,#5136,.T.);
#7424=ORIENTED_EDGE('',*,*,#5135,.T.);
#7425=ORIENTED_EDGE('',*,*,#4620,.F.);
#7426=ORIENTED_EDGE('',*,*,#4605,.F.);
#7427=ORIENTED_EDGE('',*,*,#5137,.F.);
#7428=ORIENTED_EDGE('',*,*,#4608,.F.);
#7429=ORIENTED_EDGE('',*,*,#5134,.F.);
#7430=ORIENTED_EDGE('',*,*,#5136,.F.);
#7431=ORIENTED_EDGE('',*,*,#4604,.F.);
#7432=ORIENTED_EDGE('',*,*,#5138,.F.);
#7433=ORIENTED_EDGE('',*,*,#5139,.T.);
#7434=ORIENTED_EDGE('',*,*,#5137,.T.);
#7435=ORIENTED_EDGE('',*,*,#5139,.F.);
#7436=ORIENTED_EDGE('',*,*,#5140,.F.);
#7437=ORIENTED_EDGE('',*,*,#4925,.F.);
#7438=ORIENTED_EDGE('',*,*,#4916,.T.);
#7439=ORIENTED_EDGE('',*,*,#4926,.F.);
#7440=ORIENTED_EDGE('',*,*,#5141,.T.);
#7441=ORIENTED_EDGE('',*,*,#5140,.T.);
#7442=ORIENTED_EDGE('',*,*,#5138,.T.);
#7443=ORIENTED_EDGE('',*,*,#5141,.F.);
#7444=ORIENTED_EDGE('',*,*,#4385,.F.);
#7445=ORIENTED_EDGE('',*,*,#4981,.T.);
#7446=ORIENTED_EDGE('',*,*,#4498,.F.);
#7447=ORIENTED_EDGE('',*,*,#5007,.T.);
#7448=ORIENTED_EDGE('',*,*,#5010,.T.);
#7449=ORIENTED_EDGE('',*,*,#5009,.T.);
#7450=ORIENTED_EDGE('',*,*,#4495,.F.);
#7451=ORIENTED_EDGE('',*,*,#4433,.F.);
#7452=ORIENTED_EDGE('',*,*,#5142,.T.);
#7453=ORIENTED_EDGE('',*,*,#5143,.T.);
#7454=ORIENTED_EDGE('',*,*,#5144,.F.);
#7455=ORIENTED_EDGE('',*,*,#5145,.F.);
#7456=ORIENTED_EDGE('',*,*,#5146,.F.);
#7457=ORIENTED_EDGE('',*,*,#5147,.F.);
#7458=ORIENTED_EDGE('',*,*,#5147,.T.);
#7459=ORIENTED_EDGE('',*,*,#5148,.F.);
#7460=ORIENTED_EDGE('',*,*,#5149,.F.);
#7461=ORIENTED_EDGE('',*,*,#5146,.T.);
#7462=ORIENTED_EDGE('',*,*,#5150,.F.);
#7463=ORIENTED_EDGE('',*,*,#5151,.T.);
#7464=ORIENTED_EDGE('',*,*,#5148,.T.);
#7465=ORIENTED_EDGE('',*,*,#5145,.T.);
#7466=ORIENTED_EDGE('',*,*,#5152,.T.);
#7467=ORIENTED_EDGE('',*,*,#5153,.T.);
#7468=ORIENTED_EDGE('',*,*,#5150,.T.);
#7469=ORIENTED_EDGE('',*,*,#5144,.T.);
#7470=ORIENTED_EDGE('',*,*,#5154,.F.);
#7471=ORIENTED_EDGE('',*,*,#5152,.F.);
#7472=ORIENTED_EDGE('',*,*,#5154,.T.);
#7473=ORIENTED_EDGE('',*,*,#5143,.F.);
#7474=ORIENTED_EDGE('',*,*,#5155,.T.);
#7475=ORIENTED_EDGE('',*,*,#5153,.F.);
#7476=ORIENTED_EDGE('',*,*,#5149,.T.);
#7477=ORIENTED_EDGE('',*,*,#5151,.F.);
#7478=ORIENTED_EDGE('',*,*,#5155,.F.);
#7479=ORIENTED_EDGE('',*,*,#5142,.F.);
#7480=ORIENTED_EDGE('',*,*,#5156,.T.);
#7481=ORIENTED_EDGE('',*,*,#5157,.T.);
#7482=ORIENTED_EDGE('',*,*,#5158,.T.);
#7483=ORIENTED_EDGE('',*,*,#5159,.F.);
#7484=ORIENTED_EDGE('',*,*,#5160,.T.);
#7485=ORIENTED_EDGE('',*,*,#5161,.F.);
#7486=ORIENTED_EDGE('',*,*,#5158,.F.);
#7487=ORIENTED_EDGE('',*,*,#5162,.T.);
#7488=ORIENTED_EDGE('',*,*,#5163,.T.);
#7489=ORIENTED_EDGE('',*,*,#5164,.T.);
#7490=ORIENTED_EDGE('',*,*,#5162,.F.);
#7491=ORIENTED_EDGE('',*,*,#5165,.T.);
#7492=ORIENTED_EDGE('',*,*,#5166,.T.);
#7493=ORIENTED_EDGE('',*,*,#5165,.F.);
#7494=ORIENTED_EDGE('',*,*,#5157,.F.);
#7495=ORIENTED_EDGE('',*,*,#5167,.T.);
#7496=ORIENTED_EDGE('',*,*,#5168,.T.);
#7497=ORIENTED_EDGE('',*,*,#5167,.F.);
#7498=ORIENTED_EDGE('',*,*,#5156,.F.);
#7499=ORIENTED_EDGE('',*,*,#5169,.T.);
#7500=ORIENTED_EDGE('',*,*,#5160,.F.);
#7501=ORIENTED_EDGE('',*,*,#5164,.F.);
#7502=ORIENTED_EDGE('',*,*,#5161,.T.);
#7503=ORIENTED_EDGE('',*,*,#5169,.F.);
#7504=ORIENTED_EDGE('',*,*,#5163,.F.);
#7505=ORIENTED_EDGE('',*,*,#5166,.F.);
#7506=ORIENTED_EDGE('',*,*,#5168,.F.);
#7507=ORIENTED_EDGE('',*,*,#5159,.T.);
#7508=ORIENTED_EDGE('',*,*,#5170,.T.);
#7509=ORIENTED_EDGE('',*,*,#5171,.F.);
#7510=ORIENTED_EDGE('',*,*,#5172,.F.);
#7511=ORIENTED_EDGE('',*,*,#5173,.F.);
#7512=ORIENTED_EDGE('',*,*,#5173,.T.);
#7513=ORIENTED_EDGE('',*,*,#5174,.F.);
#7514=ORIENTED_EDGE('',*,*,#5175,.F.);
#7515=ORIENTED_EDGE('',*,*,#5171,.T.);
#7516=ORIENTED_EDGE('',*,*,#5176,.F.);
#7517=ORIENTED_EDGE('',*,*,#5177,.F.);
#7518=ORIENTED_EDGE('',*,*,#5172,.T.);
#7519=ORIENTED_EDGE('',*,*,#5177,.T.);
#7520=ORIENTED_EDGE('',*,*,#5178,.T.);
#7521=ORIENTED_EDGE('',*,*,#5174,.T.);
#7522=ORIENTED_EDGE('',*,*,#5176,.T.);
#7523=ORIENTED_EDGE('',*,*,#5170,.F.);
#7524=ORIENTED_EDGE('',*,*,#5175,.T.);
#7525=ORIENTED_EDGE('',*,*,#5178,.F.);
#7526=ORIENTED_EDGE('',*,*,#5179,.T.);
#7527=ORIENTED_EDGE('',*,*,#5180,.T.);
#7528=ORIENTED_EDGE('',*,*,#5181,.F.);
#7529=ORIENTED_EDGE('',*,*,#5182,.T.);
#7530=ORIENTED_EDGE('',*,*,#5183,.T.);
#7531=ORIENTED_EDGE('',*,*,#5184,.F.);
#7532=ORIENTED_EDGE('',*,*,#5185,.F.);
#7533=ORIENTED_EDGE('',*,*,#5181,.T.);
#7534=ORIENTED_EDGE('',*,*,#5186,.T.);
#7535=ORIENTED_EDGE('',*,*,#5187,.T.);
#7536=ORIENTED_EDGE('',*,*,#5185,.T.);
#7537=ORIENTED_EDGE('',*,*,#5188,.F.);
#7538=ORIENTED_EDGE('',*,*,#5189,.T.);
#7539=ORIENTED_EDGE('',*,*,#5182,.F.);
#7540=ORIENTED_EDGE('',*,*,#5187,.F.);
#7541=ORIENTED_EDGE('',*,*,#5190,.T.);
#7542=ORIENTED_EDGE('',*,*,#5191,.T.);
#7543=ORIENTED_EDGE('',*,*,#5190,.F.);
#7544=ORIENTED_EDGE('',*,*,#5186,.F.);
#7545=ORIENTED_EDGE('',*,*,#5192,.T.);
#7546=ORIENTED_EDGE('',*,*,#5183,.F.);
#7547=ORIENTED_EDGE('',*,*,#5180,.F.);
#7548=ORIENTED_EDGE('',*,*,#5184,.T.);
#7549=ORIENTED_EDGE('',*,*,#5192,.F.);
#7550=ORIENTED_EDGE('',*,*,#5179,.F.);
#7551=ORIENTED_EDGE('',*,*,#5189,.F.);
#7552=ORIENTED_EDGE('',*,*,#5191,.F.);
#7553=ORIENTED_EDGE('',*,*,#5188,.T.);
#7554=ORIENTED_EDGE('',*,*,#5193,.T.);
#7555=ORIENTED_EDGE('',*,*,#5194,.F.);
#7556=ORIENTED_EDGE('',*,*,#5195,.F.);
#7557=ORIENTED_EDGE('',*,*,#5196,.F.);
#7558=ORIENTED_EDGE('',*,*,#5196,.T.);
#7559=ORIENTED_EDGE('',*,*,#5197,.F.);
#7560=ORIENTED_EDGE('',*,*,#5198,.F.);
#7561=ORIENTED_EDGE('',*,*,#5195,.T.);
#7562=ORIENTED_EDGE('',*,*,#5199,.T.);
#7563=ORIENTED_EDGE('',*,*,#5200,.F.);
#7564=ORIENTED_EDGE('',*,*,#5197,.T.);
#7565=ORIENTED_EDGE('',*,*,#5194,.T.);
#7566=ORIENTED_EDGE('',*,*,#5201,.F.);
#7567=ORIENTED_EDGE('',*,*,#5199,.F.);
#7568=ORIENTED_EDGE('',*,*,#5201,.T.);
#7569=ORIENTED_EDGE('',*,*,#5193,.F.);
#7570=ORIENTED_EDGE('',*,*,#5198,.T.);
#7571=ORIENTED_EDGE('',*,*,#5200,.T.);
#7572=ORIENTED_EDGE('',*,*,#5202,.T.);
#7573=ORIENTED_EDGE('',*,*,#5203,.F.);
#7574=ORIENTED_EDGE('',*,*,#5204,.F.);
#7575=ORIENTED_EDGE('',*,*,#5205,.F.);
#7576=ORIENTED_EDGE('',*,*,#5206,.T.);
#7577=ORIENTED_EDGE('',*,*,#5207,.F.);
#7578=ORIENTED_EDGE('',*,*,#5203,.T.);
#7579=ORIENTED_EDGE('',*,*,#5208,.T.);
#7580=ORIENTED_EDGE('',*,*,#5209,.T.);
#7581=ORIENTED_EDGE('',*,*,#5208,.F.);
#7582=ORIENTED_EDGE('',*,*,#5202,.F.);
#7583=ORIENTED_EDGE('',*,*,#5210,.T.);
#7584=ORIENTED_EDGE('',*,*,#5211,.F.);
#7585=ORIENTED_EDGE('',*,*,#5204,.T.);
#7586=ORIENTED_EDGE('',*,*,#5212,.F.);
#7587=ORIENTED_EDGE('',*,*,#5213,.T.);
#7588=ORIENTED_EDGE('',*,*,#5214,.T.);
#7589=ORIENTED_EDGE('',*,*,#5212,.T.);
#7590=ORIENTED_EDGE('',*,*,#5207,.T.);
#7591=ORIENTED_EDGE('',*,*,#5215,.T.);
#7592=ORIENTED_EDGE('',*,*,#5210,.F.);
#7593=ORIENTED_EDGE('',*,*,#5214,.F.);
#7594=ORIENTED_EDGE('',*,*,#5211,.T.);
#7595=ORIENTED_EDGE('',*,*,#5215,.F.);
#7596=ORIENTED_EDGE('',*,*,#5213,.F.);
#7597=ORIENTED_EDGE('',*,*,#5206,.F.);
#7598=ORIENTED_EDGE('',*,*,#5209,.F.);
#7599=ORIENTED_EDGE('',*,*,#5205,.T.);
#7600=ORIENTED_EDGE('',*,*,#5216,.T.);
#7601=ORIENTED_EDGE('',*,*,#5217,.F.);
#7602=ORIENTED_EDGE('',*,*,#5218,.F.);
#7603=ORIENTED_EDGE('',*,*,#5219,.F.);
#7604=ORIENTED_EDGE('',*,*,#5218,.T.);
#7605=ORIENTED_EDGE('',*,*,#5220,.T.);
#7606=ORIENTED_EDGE('',*,*,#5221,.F.);
#7607=ORIENTED_EDGE('',*,*,#5222,.T.);
#7608=ORIENTED_EDGE('',*,*,#5217,.T.);
#7609=ORIENTED_EDGE('',*,*,#5223,.F.);
#7610=ORIENTED_EDGE('',*,*,#5220,.F.);
#7611=ORIENTED_EDGE('',*,*,#5219,.T.);
#7612=ORIENTED_EDGE('',*,*,#5222,.F.);
#7613=ORIENTED_EDGE('',*,*,#5224,.F.);
#7614=ORIENTED_EDGE('',*,*,#5224,.T.);
#7615=ORIENTED_EDGE('',*,*,#5221,.T.);
#7616=ORIENTED_EDGE('',*,*,#5223,.T.);
#7617=ORIENTED_EDGE('',*,*,#5216,.F.);
#7618=ORIENTED_EDGE('',*,*,#5225,.T.);
#7619=ORIENTED_EDGE('',*,*,#5226,.F.);
#7620=ORIENTED_EDGE('',*,*,#5227,.F.);
#7621=ORIENTED_EDGE('',*,*,#5228,.F.);
#7622=ORIENTED_EDGE('',*,*,#5229,.F.);
#7623=ORIENTED_EDGE('',*,*,#5230,.F.);
#7624=ORIENTED_EDGE('',*,*,#5229,.T.);
#7625=ORIENTED_EDGE('',*,*,#5231,.F.);
#7626=ORIENTED_EDGE('',*,*,#5232,.F.);
#7627=ORIENTED_EDGE('',*,*,#5233,.T.);
#7628=ORIENTED_EDGE('',*,*,#5230,.T.);
#7629=ORIENTED_EDGE('',*,*,#5233,.F.);
#7630=ORIENTED_EDGE('',*,*,#5234,.F.);
#7631=ORIENTED_EDGE('',*,*,#5228,.T.);
#7632=ORIENTED_EDGE('',*,*,#5235,.T.);
#7633=ORIENTED_EDGE('',*,*,#5236,.F.);
#7634=ORIENTED_EDGE('',*,*,#5231,.T.);
#7635=ORIENTED_EDGE('',*,*,#5227,.T.);
#7636=ORIENTED_EDGE('',*,*,#5237,.F.);
#7637=ORIENTED_EDGE('',*,*,#5235,.F.);
#7638=ORIENTED_EDGE('',*,*,#5237,.T.);
#7639=ORIENTED_EDGE('',*,*,#5226,.T.);
#7640=ORIENTED_EDGE('',*,*,#5238,.F.);
#7641=ORIENTED_EDGE('',*,*,#5236,.T.);
#7642=ORIENTED_EDGE('',*,*,#5234,.T.);
#7643=ORIENTED_EDGE('',*,*,#5232,.T.);
#7644=ORIENTED_EDGE('',*,*,#5238,.T.);
#7645=ORIENTED_EDGE('',*,*,#5225,.F.);
#7646=ORIENTED_EDGE('',*,*,#5239,.T.);
#7647=ORIENTED_EDGE('',*,*,#5240,.F.);
#7648=ORIENTED_EDGE('',*,*,#5241,.T.);
#7649=ORIENTED_EDGE('',*,*,#5242,.F.);
#7650=ORIENTED_EDGE('',*,*,#5243,.T.);
#7651=ORIENTED_EDGE('',*,*,#5244,.F.);
#7652=ORIENTED_EDGE('',*,*,#5240,.T.);
#7653=ORIENTED_EDGE('',*,*,#5245,.T.);
#7654=ORIENTED_EDGE('',*,*,#5246,.T.);
#7655=ORIENTED_EDGE('',*,*,#5247,.T.);
#7656=ORIENTED_EDGE('',*,*,#5248,.F.);
#7657=ORIENTED_EDGE('',*,*,#5244,.T.);
#7658=ORIENTED_EDGE('',*,*,#5249,.T.);
#7659=ORIENTED_EDGE('',*,*,#5250,.F.);
#7660=ORIENTED_EDGE('',*,*,#5241,.F.);
#7661=ORIENTED_EDGE('',*,*,#5248,.T.);
#7662=ORIENTED_EDGE('',*,*,#5251,.T.);
#7663=ORIENTED_EDGE('',*,*,#5245,.F.);
#7664=ORIENTED_EDGE('',*,*,#5239,.F.);
#7665=ORIENTED_EDGE('',*,*,#5252,.T.);
#7666=ORIENTED_EDGE('',*,*,#5249,.F.);
#7667=ORIENTED_EDGE('',*,*,#5247,.F.);
#7668=ORIENTED_EDGE('',*,*,#5250,.T.);
#7669=ORIENTED_EDGE('',*,*,#5252,.F.);
#7670=ORIENTED_EDGE('',*,*,#5246,.F.);
#7671=ORIENTED_EDGE('',*,*,#5243,.F.);
#7672=ORIENTED_EDGE('',*,*,#5251,.F.);
#7673=ORIENTED_EDGE('',*,*,#5242,.T.);
#7674=ORIENTED_EDGE('',*,*,#5253,.T.);
#7675=ORIENTED_EDGE('',*,*,#5254,.F.);
#7676=ORIENTED_EDGE('',*,*,#5255,.F.);
#7677=ORIENTED_EDGE('',*,*,#5255,.T.);
#7678=ORIENTED_EDGE('',*,*,#5256,.F.);
#7679=ORIENTED_EDGE('',*,*,#5257,.T.);
#7680=ORIENTED_EDGE('',*,*,#5258,.F.);
#7681=ORIENTED_EDGE('',*,*,#5259,.T.);
#7682=ORIENTED_EDGE('',*,*,#5260,.T.);
#7683=ORIENTED_EDGE('',*,*,#5256,.T.);
#7684=ORIENTED_EDGE('',*,*,#5254,.T.);
#7685=ORIENTED_EDGE('',*,*,#5261,.T.);
#7686=ORIENTED_EDGE('',*,*,#5257,.F.);
#7687=ORIENTED_EDGE('',*,*,#5260,.F.);
#7688=ORIENTED_EDGE('',*,*,#5258,.T.);
#7689=ORIENTED_EDGE('',*,*,#5261,.F.);
#7690=ORIENTED_EDGE('',*,*,#5259,.F.);
#7691=ORIENTED_EDGE('',*,*,#5253,.F.);
#7692=ORIENTED_EDGE('',*,*,#5262,.T.);
#7693=ORIENTED_EDGE('',*,*,#5263,.F.);
#7694=ORIENTED_EDGE('',*,*,#5264,.F.);
#7695=ORIENTED_EDGE('',*,*,#5265,.F.);
#7696=ORIENTED_EDGE('',*,*,#5265,.T.);
#7697=ORIENTED_EDGE('',*,*,#5266,.F.);
#7698=ORIENTED_EDGE('',*,*,#5267,.F.);
#7699=ORIENTED_EDGE('',*,*,#5264,.T.);
#7700=ORIENTED_EDGE('',*,*,#5268,.T.);
#7701=ORIENTED_EDGE('',*,*,#5269,.T.);
#7702=ORIENTED_EDGE('',*,*,#5266,.T.);
#7703=ORIENTED_EDGE('',*,*,#5263,.T.);
#7704=ORIENTED_EDGE('',*,*,#5270,.F.);
#7705=ORIENTED_EDGE('',*,*,#5268,.F.);
#7706=ORIENTED_EDGE('',*,*,#5267,.T.);
#7707=ORIENTED_EDGE('',*,*,#5269,.F.);
#7708=ORIENTED_EDGE('',*,*,#5270,.T.);
#7709=ORIENTED_EDGE('',*,*,#5262,.F.);
#7710=ORIENTED_EDGE('',*,*,#5271,.T.);
#7711=ORIENTED_EDGE('',*,*,#5272,.F.);
#7712=ORIENTED_EDGE('',*,*,#5273,.F.);
#7713=ORIENTED_EDGE('',*,*,#5274,.F.);
#7714=ORIENTED_EDGE('',*,*,#5275,.T.);
#7715=ORIENTED_EDGE('',*,*,#5276,.F.);
#7716=ORIENTED_EDGE('',*,*,#5272,.T.);
#7717=ORIENTED_EDGE('',*,*,#5277,.T.);
#7718=ORIENTED_EDGE('',*,*,#5278,.T.);
#7719=ORIENTED_EDGE('',*,*,#5277,.F.);
#7720=ORIENTED_EDGE('',*,*,#5271,.F.);
#7721=ORIENTED_EDGE('',*,*,#5279,.T.);
#7722=ORIENTED_EDGE('',*,*,#5280,.F.);
#7723=ORIENTED_EDGE('',*,*,#5273,.T.);
#7724=ORIENTED_EDGE('',*,*,#5281,.F.);
#7725=ORIENTED_EDGE('',*,*,#5282,.T.);
#7726=ORIENTED_EDGE('',*,*,#5283,.T.);
#7727=ORIENTED_EDGE('',*,*,#5281,.T.);
#7728=ORIENTED_EDGE('',*,*,#5276,.T.);
#7729=ORIENTED_EDGE('',*,*,#5284,.T.);
#7730=ORIENTED_EDGE('',*,*,#5279,.F.);
#7731=ORIENTED_EDGE('',*,*,#5283,.F.);
#7732=ORIENTED_EDGE('',*,*,#5280,.T.);
#7733=ORIENTED_EDGE('',*,*,#5284,.F.);
#7734=ORIENTED_EDGE('',*,*,#5282,.F.);
#7735=ORIENTED_EDGE('',*,*,#5275,.F.);
#7736=ORIENTED_EDGE('',*,*,#5278,.F.);
#7737=ORIENTED_EDGE('',*,*,#5274,.T.);
#7738=ORIENTED_EDGE('',*,*,#5285,.T.);
#7739=ORIENTED_EDGE('',*,*,#5286,.F.);
#7740=ORIENTED_EDGE('',*,*,#5287,.F.);
#7741=ORIENTED_EDGE('',*,*,#5288,.F.);
#7742=ORIENTED_EDGE('',*,*,#5288,.T.);
#7743=ORIENTED_EDGE('',*,*,#5289,.F.);
#7744=ORIENTED_EDGE('',*,*,#5290,.F.);
#7745=ORIENTED_EDGE('',*,*,#5287,.T.);
#7746=ORIENTED_EDGE('',*,*,#5291,.T.);
#7747=ORIENTED_EDGE('',*,*,#5292,.F.);
#7748=ORIENTED_EDGE('',*,*,#5289,.T.);
#7749=ORIENTED_EDGE('',*,*,#5286,.T.);
#7750=ORIENTED_EDGE('',*,*,#5293,.F.);
#7751=ORIENTED_EDGE('',*,*,#5291,.F.);
#7752=ORIENTED_EDGE('',*,*,#5290,.T.);
#7753=ORIENTED_EDGE('',*,*,#5292,.T.);
#7754=ORIENTED_EDGE('',*,*,#5293,.T.);
#7755=ORIENTED_EDGE('',*,*,#5285,.F.);
#7756=PLANE('',#8461);
#7757=PLANE('',#8462);
#7758=PLANE('',#8468);
#7759=PLANE('',#8471);
#7760=PLANE('',#8547);
#7761=PLANE('',#8576);
#7762=PLANE('',#8577);
#7763=PLANE('',#8581);
#7764=PLANE('',#8582);
#7765=PLANE('',#8586);
#7766=PLANE('',#8587);
#7767=PLANE('',#8591);
#7768=PLANE('',#8592);
#7769=PLANE('',#8593);
#7770=PLANE('',#8597);
#7771=PLANE('',#8598);
#7772=PLANE('',#8602);
#7773=PLANE('',#8603);
#7774=PLANE('',#8716);
#7775=PLANE('',#8720);
#7776=PLANE('',#8724);
#7777=PLANE('',#8728);
#7778=PLANE('',#8736);
#7779=PLANE('',#8741);
#7780=PLANE('',#8742);
#7781=PLANE('',#8747);
#7782=PLANE('',#8750);
#7783=PLANE('',#8753);
#7784=PLANE('',#8754);
#7785=PLANE('',#8755);
#7786=PLANE('',#8758);
#7787=PLANE('',#8759);
#7788=PLANE('',#8760);
#7789=PLANE('',#8761);
#7790=PLANE('',#8762);
#7791=PLANE('',#8763);
#7792=PLANE('',#8764);
#7793=PLANE('',#8765);
#7794=PLANE('',#8766);
#7795=PLANE('',#8767);
#7796=PLANE('',#8768);
#7797=PLANE('',#8769);
#7798=PLANE('',#8770);
#7799=PLANE('',#8771);
#7800=PLANE('',#8772);
#7801=PLANE('',#8773);
#7802=PLANE('',#8774);
#7803=PLANE('',#8777);
#7804=PLANE('',#8783);
#7805=PLANE('',#8860);
#7806=PLANE('',#8861);
#7807=PLANE('',#8862);
#7808=PLANE('',#8863);
#7809=PLANE('',#8864);
#7810=PLANE('',#8870);
#7811=PLANE('',#8873);
#7812=PLANE('',#8874);
#7813=PLANE('',#8875);
#7814=PLANE('',#8886);
#7815=PLANE('',#8890);
#7816=PLANE('',#8891);
#7817=PLANE('',#8895);
#7818=PLANE('',#8899);
#7819=PLANE('',#8900);
#7820=PLANE('',#8901);
#7821=PLANE('',#8902);
#7822=PLANE('',#8908);
#7823=PLANE('',#8913);
#7824=PLANE('',#8914);
#7825=PLANE('',#8915);
#7826=PLANE('',#8926);
#7827=PLANE('',#8931);
#7828=PLANE('',#8936);
#7829=PLANE('',#8937);
#7830=PLANE('',#8938);
#7831=PLANE('',#8939);
#7832=PLANE('',#8964);
#7833=PLANE('',#8967);
#7834=PLANE('',#8972);
#7835=PLANE('',#8977);
#7836=PLANE('',#8982);
#7837=PLANE('',#8985);
#7838=PLANE('',#9034);
#7839=PLANE('',#9091);
#7840=PLANE('',#9098);
#7841=PLANE('',#9102);
#7842=PLANE('',#9113);
#7843=PLANE('',#9119);
#7844=PLANE('',#9123);
#7845=PLANE('',#9127);
#7846=PLANE('',#9131);
#7847=PLANE('',#9139);
#7848=PLANE('',#9141);
#7849=PLANE('',#9146);
#7850=PLANE('',#9161);
#7851=PLANE('',#9177);
#7852=PLANE('',#9196);
#7853=PLANE('',#9197);
#7854=PLANE('',#9198);
#7855=PLANE('',#9199);
#7856=PLANE('',#9201);
#7857=PLANE('',#9202);
#7858=PLANE('',#9205);
#7859=PLANE('',#9206);
#7860=PLANE('',#9207);
#7861=PLANE('',#9208);
#7862=PLANE('',#9211);
#7863=PLANE('',#9212);
#7864=PLANE('',#9213);
#7865=PLANE('',#9214);
#7866=PLANE('',#9215);
#7867=PLANE('',#9216);
#7868=PLANE('',#9217);
#7869=PLANE('',#9218);
#7870=PLANE('',#9219);
#7871=PLANE('',#9220);
#7872=PLANE('',#9221);
#7873=PLANE('',#9222);
#7874=PLANE('',#9223);
#7875=PLANE('',#9224);
#7876=PLANE('',#9225);
#7877=PLANE('',#9226);
#7878=PLANE('',#9227);
#7879=PLANE('',#9228);
#7880=PLANE('',#9229);
#7881=PLANE('',#9230);
#7882=PLANE('',#9231);
#7883=PLANE('',#9232);
#7884=PLANE('',#9233);
#7885=PLANE('',#9234);
#7886=PLANE('',#9235);
#7887=PLANE('',#9236);
#7888=PLANE('',#9237);
#7889=PLANE('',#9238);
#7890=PLANE('',#9239);
#7891=PLANE('',#9240);
#7892=PLANE('',#9241);
#7893=PLANE('',#9242);
#7894=PLANE('',#9243);
#7895=PLANE('',#9244);
#7896=PLANE('',#9245);
#7897=PLANE('',#9246);
#7898=PLANE('',#9247);
#7899=PLANE('',#9248);
#7900=PLANE('',#9249);
#7901=PLANE('',#9250);
#7902=PLANE('',#9251);
#7903=PLANE('',#9252);
#7904=PLANE('',#9253);
#7905=PLANE('',#9254);
#7906=PLANE('',#9255);
#7907=PLANE('',#9256);
#7908=PLANE('',#9257);
#7909=PLANE('',#9258);
#7910=PLANE('',#9259);
#7911=PLANE('',#9260);
#7912=PLANE('',#9261);
#7913=PLANE('',#9262);
#7914=PLANE('',#9263);
#7915=PLANE('',#9264);
#7916=PLANE('',#9265);
#7917=PLANE('',#9266);
#7918=PLANE('',#9269);
#7919=PLANE('',#9272);
#7920=PLANE('',#9273);
#7921=PLANE('',#9308);
#7922=PLANE('',#9311);
#7923=PLANE('',#9319);
#7924=PLANE('',#9327);
#7925=PLANE('',#9339);
#7926=PLANE('',#9344);
#7927=PLANE('',#9345);
#7928=PLANE('',#9350);
#7929=PLANE('',#9359);
#7930=PLANE('',#9364);
#7931=PLANE('',#9365);
#7932=PLANE('',#9369);
#7933=PLANE('',#9374);
#7934=PLANE('',#9384);
#7935=PLANE('',#9385);
#7936=PLANE('',#9388);
#7937=PLANE('',#9392);
#7938=PLANE('',#9400);
#7939=PLANE('',#9411);
#7940=PLANE('',#9417);
#7941=PLANE('',#9421);
#7942=PLANE('',#9424);
#7943=PLANE('',#9425);
#7944=PLANE('',#9429);
#7945=PLANE('',#9434);
#7946=PLANE('',#9444);
#7947=PLANE('',#9445);
#7948=PLANE('',#9449);
#7949=ADVANCED_FACE('',(#965),#7756,.F.);
#7950=ADVANCED_FACE('',(#966),#7757,.F.);
#7951=ADVANCED_FACE('',(#967),#719,.T.);
#7952=ADVANCED_FACE('',(#968),#209,.T.);
#7953=ADVANCED_FACE('',(#969,#172),#7758,.T.);
#7954=ADVANCED_FACE('',(#970,#173,#174,#175,#176,#177,#178,#179,#180,#181),
#7759,.T.);
#7955=ADVANCED_FACE('',(#971),#720,.T.);
#7956=ADVANCED_FACE('',(#972),#210,.F.);
#7957=ADVANCED_FACE('',(#973),#721,.F.);
#7958=ADVANCED_FACE('',(#974),#211,.F.);
#7959=ADVANCED_FACE('',(#975),#722,.F.);
#7960=ADVANCED_FACE('',(#976,#182),#7760,.T.);
#7961=ADVANCED_FACE('',(#977),#212,.T.);
#7962=ADVANCED_FACE('',(#978),#213,.T.);
#7963=ADVANCED_FACE('',(#979),#723,.T.);
#7964=ADVANCED_FACE('',(#980),#214,.T.);
#7965=ADVANCED_FACE('',(#981),#724,.T.);
#7966=ADVANCED_FACE('',(#982),#215,.T.);
#7967=ADVANCED_FACE('',(#983),#725,.T.);
#7968=ADVANCED_FACE('',(#984),#216,.T.);
#7969=ADVANCED_FACE('',(#985),#726,.T.);
#7970=ADVANCED_FACE('',(#986),#217,.T.);
#7971=ADVANCED_FACE('',(#987),#727,.T.);
#7972=ADVANCED_FACE('',(#988),#218,.T.);
#7973=ADVANCED_FACE('',(#989),#728,.T.);
#7974=ADVANCED_FACE('',(#990),#729,.F.);
#7975=ADVANCED_FACE('',(#991,#183),#7761,.T.);
#7976=ADVANCED_FACE('',(#992),#7762,.T.);
#7977=ADVANCED_FACE('',(#993),#730,.F.);
#7978=ADVANCED_FACE('',(#994,#184),#7763,.T.);
#7979=ADVANCED_FACE('',(#995),#7764,.T.);
#7980=ADVANCED_FACE('',(#996),#731,.F.);
#7981=ADVANCED_FACE('',(#997,#185),#7765,.T.);
#7982=ADVANCED_FACE('',(#998),#7766,.T.);
#7983=ADVANCED_FACE('',(#999),#732,.F.);
#7984=ADVANCED_FACE('',(#1000,#186),#7767,.T.);
#7985=ADVANCED_FACE('',(#1001),#7768,.T.);
#7986=ADVANCED_FACE('',(#1002),#7769,.T.);
#7987=ADVANCED_FACE('',(#1003),#733,.F.);
#7988=ADVANCED_FACE('',(#1004,#187),#7770,.T.);
#7989=ADVANCED_FACE('',(#1005),#7771,.T.);
#7990=ADVANCED_FACE('',(#1006),#734,.F.);
#7991=ADVANCED_FACE('',(#1007,#188),#7772,.T.);
#7992=ADVANCED_FACE('',(#1008),#7773,.T.);
#7993=ADVANCED_FACE('',(#1009),#219,.F.);
#7994=ADVANCED_FACE('',(#1010),#735,.F.);
#7995=ADVANCED_FACE('',(#1011),#220,.F.);
#7996=ADVANCED_FACE('',(#1012),#736,.F.);
#7997=ADVANCED_FACE('',(#1013),#221,.F.);
#7998=ADVANCED_FACE('',(#1014),#737,.F.);
#7999=ADVANCED_FACE('',(#1015),#222,.F.);
#8000=ADVANCED_FACE('',(#1016),#738,.F.);
#8001=ADVANCED_FACE('',(#1017),#223,.F.);
#8002=ADVANCED_FACE('',(#1018),#739,.F.);
#8003=ADVANCED_FACE('',(#1019),#224,.F.);
#8004=ADVANCED_FACE('',(#1020),#740,.F.);
#8005=ADVANCED_FACE('',(#1021),#225,.F.);
#8006=ADVANCED_FACE('',(#1022),#741,.F.);
#8007=ADVANCED_FACE('',(#1023),#226,.F.);
#8008=ADVANCED_FACE('',(#1024),#742,.F.);
#8009=ADVANCED_FACE('',(#1025),#227,.F.);
#8010=ADVANCED_FACE('',(#1026),#743,.F.);
#8011=ADVANCED_FACE('',(#1027),#228,.F.);
#8012=ADVANCED_FACE('',(#1028),#744,.F.);
#8013=ADVANCED_FACE('',(#1029),#229,.F.);
#8014=ADVANCED_FACE('',(#1030),#745,.F.);
#8015=ADVANCED_FACE('',(#1031),#230,.F.);
#8016=ADVANCED_FACE('',(#1032),#746,.F.);
#8017=ADVANCED_FACE('',(#1033),#231,.F.);
#8018=ADVANCED_FACE('',(#1034),#747,.F.);
#8019=ADVANCED_FACE('',(#1035),#232,.F.);
#8020=ADVANCED_FACE('',(#1036),#748,.F.);
#8021=ADVANCED_FACE('',(#1037),#233,.F.);
#8022=ADVANCED_FACE('',(#1038),#749,.F.);
#8023=ADVANCED_FACE('',(#1039),#234,.F.);
#8024=ADVANCED_FACE('',(#1040),#750,.F.);
#8025=ADVANCED_FACE('',(#1041),#7774,.T.);
#8026=ADVANCED_FACE('',(#1042),#235,.T.);
#8027=ADVANCED_FACE('',(#1043),#7775,.T.);
#8028=ADVANCED_FACE('',(#1044),#236,.T.);
#8029=ADVANCED_FACE('',(#1045),#7776,.T.);
#8030=ADVANCED_FACE('',(#1046),#237,.T.);
#8031=ADVANCED_FACE('',(#1047),#7777,.T.);
#8032=ADVANCED_FACE('',(#1048),#238,.T.);
#8033=ADVANCED_FACE('',(#1049),#751,.T.);
#8034=ADVANCED_FACE('',(#1050,#189,#190,#191,#192),#7778,.F.);
#8035=ADVANCED_FACE('',(#1051),#752,.T.);
#8036=ADVANCED_FACE('',(#1052),#7779,.F.);
#8037=ADVANCED_FACE('',(#1053,#193),#7780,.F.);
#8038=ADVANCED_FACE('',(#1054),#753,.F.);
#8039=ADVANCED_FACE('',(#1055),#754,.T.);
#8040=ADVANCED_FACE('',(#1056),#7781,.T.);
#8041=ADVANCED_FACE('',(#1057),#755,.F.);
#8042=ADVANCED_FACE('',(#1058),#7782,.T.);
#8043=ADVANCED_FACE('',(#1059),#756,.F.);
#8044=ADVANCED_FACE('',(#1060),#7783,.T.);
#8045=ADVANCED_FACE('',(#1061),#7784,.T.);
#8046=ADVANCED_FACE('',(#1062),#7785,.T.);
#8047=ADVANCED_FACE('',(#1063),#757,.F.);
#8048=ADVANCED_FACE('',(#1064),#7786,.T.);
#8049=ADVANCED_FACE('',(#1065),#7787,.T.);
#8050=ADVANCED_FACE('',(#1066),#7788,.T.);
#8051=ADVANCED_FACE('',(#1067),#7789,.T.);
#8052=ADVANCED_FACE('',(#1068),#7790,.T.);
#8053=ADVANCED_FACE('',(#1069),#7791,.T.);
#8054=ADVANCED_FACE('',(#1070),#7792,.T.);
#8055=ADVANCED_FACE('',(#1071),#7793,.T.);
#8056=ADVANCED_FACE('',(#1072),#7794,.T.);
#8057=ADVANCED_FACE('',(#1073),#7795,.T.);
#8058=ADVANCED_FACE('',(#1074),#7796,.T.);
#8059=ADVANCED_FACE('',(#1075),#7797,.T.);
#8060=ADVANCED_FACE('',(#1076),#7798,.T.);
#8061=ADVANCED_FACE('',(#1077),#7799,.T.);
#8062=ADVANCED_FACE('',(#1078),#7800,.T.);
#8063=ADVANCED_FACE('',(#1079),#7801,.T.);
#8064=ADVANCED_FACE('',(#1080),#7802,.T.);
#8065=ADVANCED_FACE('',(#1081),#758,.T.);
#8066=ADVANCED_FACE('',(#1082),#47,.T.);
#8067=ADVANCED_FACE('',(#1083),#7803,.T.);
#8068=ADVANCED_FACE('',(#1084),#759,.T.);
#8069=ADVANCED_FACE('',(#1085),#48,.T.);
#8070=ADVANCED_FACE('',(#1086),#760,.T.);
#8071=ADVANCED_FACE('',(#1087,#194),#7804,.T.);
#8072=ADVANCED_FACE('',(#1088),#761,.T.);
#8073=ADVANCED_FACE('',(#1089),#762,.T.);
#8074=ADVANCED_FACE('',(#1090),#763,.T.);
#8075=ADVANCED_FACE('',(#1091),#7805,.T.);
#8076=ADVANCED_FACE('',(#1092),#7806,.T.);
#8077=ADVANCED_FACE('',(#1093),#7807,.T.);
#8078=ADVANCED_FACE('',(#1094),#49,.T.);
#8079=ADVANCED_FACE('',(#1095),#50,.T.);
#8080=ADVANCED_FACE('',(#1096),#7808,.F.);
#8081=ADVANCED_FACE('',(#1097),#7809,.T.);
#8082=ADVANCED_FACE('',(#1098),#764,.F.);
#8083=ADVANCED_FACE('',(#1099),#765,.T.);
#8084=ADVANCED_FACE('',(#1100),#7810,.T.);
#8085=ADVANCED_FACE('',(#1101),#766,.T.);
#8086=ADVANCED_FACE('',(#1102),#7811,.T.);
#8087=ADVANCED_FACE('',(#1103),#7812,.T.);
#8088=ADVANCED_FACE('',(#1104,#195),#7813,.F.);
#8089=ADVANCED_FACE('',(#1105),#767,.F.);
#8090=ADVANCED_FACE('',(#1106),#768,.F.);
#8091=ADVANCED_FACE('',(#1107),#769,.T.);
#8092=ADVANCED_FACE('',(#1108,#196,#197),#7814,.F.);
#8093=ADVANCED_FACE('',(#1109),#770,.T.);
#8094=ADVANCED_FACE('',(#1110),#7815,.F.);
#8095=ADVANCED_FACE('',(#1111),#7816,.T.);
#8096=ADVANCED_FACE('',(#1112),#771,.F.);
#8097=ADVANCED_FACE('',(#1113,#198,#199),#7817,.T.);
#8098=ADVANCED_FACE('',(#1114),#772,.F.);
#8099=ADVANCED_FACE('',(#1115),#7818,.T.);
#8100=ADVANCED_FACE('',(#1116),#7819,.T.);
#8101=ADVANCED_FACE('',(#1117),#7820,.F.);
#8102=ADVANCED_FACE('',(#1118),#7821,.T.);
#8103=ADVANCED_FACE('',(#1119),#773,.F.);
#8104=ADVANCED_FACE('',(#1120),#774,.T.);
#8105=ADVANCED_FACE('',(#1121),#7822,.T.);
#8106=ADVANCED_FACE('',(#1122),#775,.T.);
#8107=ADVANCED_FACE('',(#1123),#776,.T.);
#8108=ADVANCED_FACE('',(#1124),#7823,.T.);
#8109=ADVANCED_FACE('',(#1125),#7824,.T.);
#8110=ADVANCED_FACE('',(#1126),#7825,.T.);
#8111=ADVANCED_FACE('',(#1127),#777,.T.);
#8112=ADVANCED_FACE('',(#1128),#778,.T.);
#8113=ADVANCED_FACE('',(#1129),#779,.F.);
#8114=ADVANCED_FACE('',(#1130),#780,.F.);
#8115=ADVANCED_FACE('',(#1131),#781,.F.);
#8116=ADVANCED_FACE('',(#1132),#7826,.T.);
#8117=ADVANCED_FACE('',(#1133),#782,.T.);
#8118=ADVANCED_FACE('',(#1134),#783,.T.);
#8119=ADVANCED_FACE('',(#1135),#7827,.T.);
#8120=ADVANCED_FACE('',(#1136),#784,.T.);
#8121=ADVANCED_FACE('',(#1137),#785,.T.);
#8122=ADVANCED_FACE('',(#1138),#7828,.T.);
#8123=ADVANCED_FACE('',(#1139),#7829,.T.);
#8124=ADVANCED_FACE('',(#1140),#7830,.T.);
#8125=ADVANCED_FACE('',(#1141),#7831,.T.);
#8126=ADVANCED_FACE('',(#1142),#786,.T.);
#8127=ADVANCED_FACE('',(#1143),#787,.F.);
#8128=ADVANCED_FACE('',(#1144),#788,.T.);
#8129=ADVANCED_FACE('',(#1145),#789,.F.);
#8130=ADVANCED_FACE('',(#1146),#790,.T.);
#8131=ADVANCED_FACE('',(#1147),#791,.F.);
#8132=ADVANCED_FACE('',(#1148),#792,.T.);
#8133=ADVANCED_FACE('',(#1149),#793,.T.);
#8134=ADVANCED_FACE('',(#1150),#794,.F.);
#8135=ADVANCED_FACE('',(#1151),#795,.T.);
#8136=ADVANCED_FACE('',(#1152),#796,.F.);
#8137=ADVANCED_FACE('',(#1153),#797,.T.);
#8138=ADVANCED_FACE('',(#1154),#7832,.T.);
#8139=ADVANCED_FACE('',(#1155),#798,.T.);
#8140=ADVANCED_FACE('',(#1156),#7833,.T.);
#8141=ADVANCED_FACE('',(#1157),#799,.T.);
#8142=ADVANCED_FACE('',(#1158),#800,.T.);
#8143=ADVANCED_FACE('',(#1159),#7834,.T.);
#8144=ADVANCED_FACE('',(#1160),#801,.T.);
#8145=ADVANCED_FACE('',(#1161),#802,.T.);
#8146=ADVANCED_FACE('',(#1162),#7835,.T.);
#8147=ADVANCED_FACE('',(#1163),#803,.T.);
#8148=ADVANCED_FACE('',(#1164),#804,.T.);
#8149=ADVANCED_FACE('',(#1165),#7836,.T.);
#8150=ADVANCED_FACE('',(#1166),#805,.T.);
#8151=ADVANCED_FACE('',(#1167),#7837,.T.);
#8152=ADVANCED_FACE('',(#1168),#806,.T.);
#8153=ADVANCED_FACE('',(#1169),#807,.T.);
#8154=ADVANCED_FACE('',(#1170),#808,.F.);
#8155=ADVANCED_FACE('',(#1171),#809,.T.);
#8156=ADVANCED_FACE('',(#1172),#810,.T.);
#8157=ADVANCED_FACE('',(#1173),#811,.F.);
#8158=ADVANCED_FACE('',(#1174),#812,.T.);
#8159=ADVANCED_FACE('',(#1175),#813,.T.);
#8160=ADVANCED_FACE('',(#1176),#814,.F.);
#8161=ADVANCED_FACE('',(#1177),#815,.T.);
#8162=ADVANCED_FACE('',(#1178),#816,.T.);
#8163=ADVANCED_FACE('',(#1179),#817,.F.);
#8164=ADVANCED_FACE('',(#1180),#818,.T.);
#8165=ADVANCED_FACE('',(#1181),#819,.T.);
#8166=ADVANCED_FACE('',(#1182),#820,.F.);
#8167=ADVANCED_FACE('',(#1183),#821,.T.);
#8168=ADVANCED_FACE('',(#1184),#822,.T.);
#8169=ADVANCED_FACE('',(#1185),#823,.F.);
#8170=ADVANCED_FACE('',(#1186),#824,.T.);
#8171=ADVANCED_FACE('',(#1187),#825,.T.);
#8172=ADVANCED_FACE('',(#1188),#826,.F.);
#8173=ADVANCED_FACE('',(#1189),#827,.T.);
#8174=ADVANCED_FACE('',(#1190),#828,.T.);
#8175=ADVANCED_FACE('',(#1191),#829,.F.);
#8176=ADVANCED_FACE('',(#1192,#200),#7838,.T.);
#8177=ADVANCED_FACE('',(#1193),#830,.T.);
#8178=ADVANCED_FACE('',(#1194),#831,.F.);
#8179=ADVANCED_FACE('',(#1195),#832,.T.);
#8180=ADVANCED_FACE('',(#1196),#833,.F.);
#8181=ADVANCED_FACE('',(#1197),#834,.T.);
#8182=ADVANCED_FACE('',(#1198),#835,.F.);
#8183=ADVANCED_FACE('',(#1199),#7839,.T.);
#8184=ADVANCED_FACE('',(#1200),#836,.F.);
#8185=ADVANCED_FACE('',(#1201),#837,.T.);
#8186=ADVANCED_FACE('',(#1202),#838,.F.);
#8187=ADVANCED_FACE('',(#1203),#839,.F.);
#8188=ADVANCED_FACE('',(#1204),#840,.T.);
#8189=ADVANCED_FACE('',(#1205),#841,.F.);
#8190=ADVANCED_FACE('',(#1206),#7840,.T.);
#8191=ADVANCED_FACE('',(#1207),#842,.F.);
#8192=ADVANCED_FACE('',(#1208),#843,.T.);
#8193=ADVANCED_FACE('',(#1209),#844,.F.);
#8194=ADVANCED_FACE('',(#1210),#7841,.T.);
#8195=ADVANCED_FACE('',(#1211),#845,.F.);
#8196=ADVANCED_FACE('',(#1212),#846,.T.);
#8197=ADVANCED_FACE('',(#1213),#847,.F.);
#8198=ADVANCED_FACE('',(#1214),#848,.F.);
#8199=ADVANCED_FACE('',(#1215),#849,.F.);
#8200=ADVANCED_FACE('',(#1216),#850,.T.);
#8201=ADVANCED_FACE('',(#1217),#851,.F.);
#8202=ADVANCED_FACE('',(#1218),#852,.F.);
#8203=ADVANCED_FACE('',(#1219),#853,.T.);
#8204=ADVANCED_FACE('',(#1220),#854,.F.);
#8205=ADVANCED_FACE('',(#1221),#7842,.T.);
#8206=ADVANCED_FACE('',(#1222),#855,.F.);
#8207=ADVANCED_FACE('',(#1223),#856,.T.);
#8208=ADVANCED_FACE('',(#1224),#857,.F.);
#8209=ADVANCED_FACE('',(#1225),#858,.F.);
#8210=ADVANCED_FACE('',(#1226),#859,.F.);
#8211=ADVANCED_FACE('',(#1227),#7843,.T.);
#8212=ADVANCED_FACE('',(#1228),#860,.F.);
#8213=ADVANCED_FACE('',(#1229),#861,.T.);
#8214=ADVANCED_FACE('',(#1230),#862,.F.);
#8215=ADVANCED_FACE('',(#1231),#7844,.T.);
#8216=ADVANCED_FACE('',(#1232),#863,.F.);
#8217=ADVANCED_FACE('',(#1233),#864,.T.);
#8218=ADVANCED_FACE('',(#1234),#865,.F.);
#8219=ADVANCED_FACE('',(#1235),#7845,.T.);
#8220=ADVANCED_FACE('',(#1236),#866,.F.);
#8221=ADVANCED_FACE('',(#1237),#867,.T.);
#8222=ADVANCED_FACE('',(#1238),#868,.F.);
#8223=ADVANCED_FACE('',(#1239),#7846,.T.);
#8224=ADVANCED_FACE('',(#1240),#869,.F.);
#8225=ADVANCED_FACE('',(#1241),#870,.T.);
#8226=ADVANCED_FACE('',(#1242),#871,.F.);
#8227=ADVANCED_FACE('',(#1243),#872,.F.);
#8228=ADVANCED_FACE('',(#1244),#873,.F.);
#8229=ADVANCED_FACE('',(#1245),#874,.T.);
#8230=ADVANCED_FACE('',(#1246),#875,.F.);
#8231=ADVANCED_FACE('',(#1247),#7847,.T.);
#8232=ADVANCED_FACE('',(#1248),#876,.F.);
#8233=ADVANCED_FACE('',(#1249),#7848,.T.);
#8234=ADVANCED_FACE('',(#1250),#51,.T.);
#8235=ADVANCED_FACE('',(#1251),#877,.F.);
#8236=ADVANCED_FACE('',(#1252),#878,.T.);
#8237=ADVANCED_FACE('',(#1253),#7849,.T.);
#8238=ADVANCED_FACE('',(#1254),#52,.T.);
#8239=ADVANCED_FACE('',(#1255),#879,.F.);
#8240=ADVANCED_FACE('',(#1256),#880,.T.);
#8241=ADVANCED_FACE('',(#1257),#881,.T.);
#8242=ADVANCED_FACE('',(#1258),#882,.T.);
#8243=ADVANCED_FACE('',(#1259),#883,.T.);
#8244=ADVANCED_FACE('',(#1260),#884,.F.);
#8245=ADVANCED_FACE('',(#1261),#885,.T.);
#8246=ADVANCED_FACE('',(#1262),#886,.T.);
#8247=ADVANCED_FACE('',(#1263,#201,#202,#203),#7850,.F.);
#8248=ADVANCED_FACE('',(#1264),#887,.T.);
#8249=ADVANCED_FACE('',(#1265),#888,.T.);
#8250=ADVANCED_FACE('',(#1266),#889,.T.);
#8251=ADVANCED_FACE('',(#1267),#890,.T.);
#8252=ADVANCED_FACE('',(#1268),#891,.T.);
#8253=ADVANCED_FACE('',(#1269),#892,.T.);
#8254=ADVANCED_FACE('',(#1270),#893,.T.);
#8255=ADVANCED_FACE('',(#1271),#894,.T.);
#8256=ADVANCED_FACE('',(#1272),#895,.T.);
#8257=ADVANCED_FACE('',(#1273,#204,#205,#206,#207),#7851,.F.);
#8258=ADVANCED_FACE('',(#1274),#896,.T.);
#8259=ADVANCED_FACE('',(#1275),#897,.T.);
#8260=ADVANCED_FACE('',(#1276),#898,.T.);
#8261=ADVANCED_FACE('',(#1277),#899,.T.);
#8262=ADVANCED_FACE('',(#1278),#900,.T.);
#8263=ADVANCED_FACE('',(#1279),#901,.T.);
#8264=ADVANCED_FACE('',(#1280),#902,.T.);
#8265=ADVANCED_FACE('',(#1281),#903,.T.);
#8266=ADVANCED_FACE('',(#1282),#904,.T.);
#8267=ADVANCED_FACE('',(#1283),#905,.T.);
#8268=ADVANCED_FACE('',(#1284),#7852,.F.);
#8269=ADVANCED_FACE('',(#1285),#7853,.F.);
#8270=ADVANCED_FACE('',(#1286),#7854,.F.);
#8271=ADVANCED_FACE('',(#1287),#7855,.F.);
#8272=ADVANCED_FACE('',(#1288),#239,.T.);
#8273=ADVANCED_FACE('',(#1289),#7856,.F.);
#8274=ADVANCED_FACE('',(#1290),#7857,.F.);
#8275=ADVANCED_FACE('',(#1291),#240,.T.);
#8276=ADVANCED_FACE('',(#1292),#241,.T.);
#8277=ADVANCED_FACE('',(#1293),#7858,.F.);
#8278=ADVANCED_FACE('',(#1294),#7859,.F.);
#8279=ADVANCED_FACE('',(#1295),#7860,.F.);
#8280=ADVANCED_FACE('',(#1296),#7861,.F.);
#8281=ADVANCED_FACE('',(#1297),#242,.T.);
#8282=ADVANCED_FACE('',(#1298),#7862,.F.);
#8283=ADVANCED_FACE('',(#1299),#7863,.T.);
#8284=ADVANCED_FACE('',(#1300),#7864,.T.);
#8285=ADVANCED_FACE('',(#1301),#7865,.T.);
#8286=ADVANCED_FACE('',(#1302),#7866,.T.);
#8287=ADVANCED_FACE('',(#1303),#7867,.F.);
#8288=ADVANCED_FACE('',(#1304),#7868,.T.);
#8289=ADVANCED_FACE('',(#1305),#7869,.T.);
#8290=ADVANCED_FACE('',(#1306),#7870,.T.);
#8291=ADVANCED_FACE('',(#1307),#7871,.T.);
#8292=ADVANCED_FACE('',(#1308),#7872,.F.);
#8293=ADVANCED_FACE('',(#1309),#7873,.T.);
#8294=ADVANCED_FACE('',(#1310),#7874,.T.);
#8295=ADVANCED_FACE('',(#1311),#7875,.T.);
#8296=ADVANCED_FACE('',(#1312),#7876,.T.);
#8297=ADVANCED_FACE('',(#1313),#7877,.F.);
#8298=ADVANCED_FACE('',(#1314),#7878,.T.);
#8299=ADVANCED_FACE('',(#1315),#7879,.T.);
#8300=ADVANCED_FACE('',(#1316),#7880,.T.);
#8301=ADVANCED_FACE('',(#1317),#7881,.T.);
#8302=ADVANCED_FACE('',(#1318),#7882,.F.);
#8303=ADVANCED_FACE('',(#1319),#7883,.T.);
#8304=ADVANCED_FACE('',(#1320),#7884,.T.);
#8305=ADVANCED_FACE('',(#1321),#7885,.T.);
#8306=ADVANCED_FACE('',(#1322),#7886,.T.);
#8307=ADVANCED_FACE('',(#1323),#7887,.F.);
#8308=ADVANCED_FACE('',(#1324),#7888,.T.);
#8309=ADVANCED_FACE('',(#1325),#7889,.T.);
#8310=ADVANCED_FACE('',(#1326),#7890,.T.);
#8311=ADVANCED_FACE('',(#1327),#7891,.T.);
#8312=ADVANCED_FACE('',(#1328),#7892,.F.);
#8313=ADVANCED_FACE('',(#1329),#7893,.T.);
#8314=ADVANCED_FACE('',(#1330),#7894,.T.);
#8315=ADVANCED_FACE('',(#1331),#7895,.T.);
#8316=ADVANCED_FACE('',(#1332),#7896,.T.);
#8317=ADVANCED_FACE('',(#1333),#7897,.F.);
#8318=ADVANCED_FACE('',(#1334),#7898,.T.);
#8319=ADVANCED_FACE('',(#1335),#7899,.T.);
#8320=ADVANCED_FACE('',(#1336),#7900,.T.);
#8321=ADVANCED_FACE('',(#1337),#7901,.T.);
#8322=ADVANCED_FACE('',(#1338),#7902,.F.);
#8323=ADVANCED_FACE('',(#1339),#7903,.T.);
#8324=ADVANCED_FACE('',(#1340),#7904,.T.);
#8325=ADVANCED_FACE('',(#1341),#7905,.T.);
#8326=ADVANCED_FACE('',(#1342),#7906,.T.);
#8327=ADVANCED_FACE('',(#1343),#7907,.F.);
#8328=ADVANCED_FACE('',(#1344),#7908,.T.);
#8329=ADVANCED_FACE('',(#1345),#7909,.T.);
#8330=ADVANCED_FACE('',(#1346),#7910,.T.);
#8331=ADVANCED_FACE('',(#1347),#7911,.T.);
#8332=ADVANCED_FACE('',(#1348),#7912,.F.);
#8333=ADVANCED_FACE('',(#1349),#7913,.T.);
#8334=ADVANCED_FACE('',(#1350),#7914,.T.);
#8335=ADVANCED_FACE('',(#1351),#7915,.T.);
#8336=ADVANCED_FACE('',(#1352),#7916,.T.);
#8337=ADVANCED_FACE('',(#1353),#7917,.F.);
#8338=ADVANCED_FACE('',(#1354),#7918,.T.);
#8339=ADVANCED_FACE('',(#1355),#7919,.T.);
#8340=ADVANCED_FACE('',(#1356),#7920,.F.);
#8341=ADVANCED_FACE('',(#1357),#906,.T.);
#8342=ADVANCED_FACE('',(#1358),#35,.T.);
#8343=ADVANCED_FACE('',(#1359),#907,.T.);
#8344=ADVANCED_FACE('',(#1360),#36,.T.);
#8345=ADVANCED_FACE('',(#1361),#908,.T.);
#8346=ADVANCED_FACE('',(#1362),#909,.F.);
#8347=ADVANCED_FACE('',(#1363),#910,.F.);
#8348=ADVANCED_FACE('',(#1364),#911,.F.);
#8349=ADVANCED_FACE('',(#1365),#912,.F.);
#8350=ADVANCED_FACE('',(#1366),#913,.T.);
#8351=ADVANCED_FACE('',(#1367),#37,.T.);
#8352=ADVANCED_FACE('',(#1368),#914,.T.);
#8353=ADVANCED_FACE('',(#1369),#38,.T.);
#8354=ADVANCED_FACE('',(#1370),#915,.T.);
#8355=ADVANCED_FACE('',(#1371),#53,.T.);
#8356=ADVANCED_FACE('',(#1372),#54,.T.);
#8357=ADVANCED_FACE('',(#1373),#55,.T.);
#8358=ADVANCED_FACE('',(#1374),#56,.T.);
#8359=ADVANCED_FACE('',(#1375),#7921,.T.);
#8360=ADVANCED_FACE('',(#1376),#916,.F.);
#8361=ADVANCED_FACE('',(#1377,#208),#7922,.T.);
#8362=ADVANCED_FACE('',(#1378),#917,.F.);
#8363=ADVANCED_FACE('',(#1379),#39,.T.);
#8364=ADVANCED_FACE('',(#1380),#918,.T.);
#8365=ADVANCED_FACE('',(#1381),#7923,.F.);
#8366=ADVANCED_FACE('',(#1382),#919,.T.);
#8367=ADVANCED_FACE('',(#1383),#920,.F.);
#8368=ADVANCED_FACE('',(#1384),#7924,.T.);
#8369=ADVANCED_FACE('',(#1385),#921,.T.);
#8370=ADVANCED_FACE('',(#1386),#922,.T.);
#8371=ADVANCED_FACE('',(#1387),#40,.T.);
#8372=ADVANCED_FACE('',(#1388),#923,.T.);
#8373=ADVANCED_FACE('',(#1389),#41,.T.);
#8374=ADVANCED_FACE('',(#1390),#924,.F.);
#8375=ADVANCED_FACE('',(#1391),#7925,.T.);
#8376=ADVANCED_FACE('',(#1392),#925,.T.);
#8377=ADVANCED_FACE('',(#1393),#926,.T.);
#8378=ADVANCED_FACE('',(#1394),#7926,.F.);
#8379=ADVANCED_FACE('',(#1395),#7927,.F.);
#8380=ADVANCED_FACE('',(#1396),#927,.T.);
#8381=ADVANCED_FACE('',(#1397),#928,.T.);
#8382=ADVANCED_FACE('',(#1398),#7928,.T.);
#8383=ADVANCED_FACE('',(#1399),#929,.T.);
#8384=ADVANCED_FACE('',(#1400),#930,.F.);
#8385=ADVANCED_FACE('',(#1401),#42,.T.);
#8386=ADVANCED_FACE('',(#1402),#931,.T.);
#8387=ADVANCED_FACE('',(#1403),#7929,.T.);
#8388=ADVANCED_FACE('',(#1404),#932,.T.);
#8389=ADVANCED_FACE('',(#1405),#933,.T.);
#8390=ADVANCED_FACE('',(#1406),#7930,.F.);
#8391=ADVANCED_FACE('',(#1407),#7931,.F.);
#8392=ADVANCED_FACE('',(#1408),#934,.T.);
#8393=ADVANCED_FACE('',(#1409),#7932,.T.);
#8394=ADVANCED_FACE('',(#1410),#935,.T.);
#8395=ADVANCED_FACE('',(#1411),#936,.T.);
#8396=ADVANCED_FACE('',(#1412),#937,.T.);
#8397=ADVANCED_FACE('',(#1413),#7933,.T.);
#8398=ADVANCED_FACE('',(#1414),#938,.T.);
#8399=ADVANCED_FACE('',(#1415),#43,.T.);
#8400=ADVANCED_FACE('',(#1416),#939,.F.);
#8401=ADVANCED_FACE('',(#1417),#940,.T.);
#8402=ADVANCED_FACE('',(#1418),#7934,.F.);
#8403=ADVANCED_FACE('',(#1419),#7935,.F.);
#8404=ADVANCED_FACE('',(#1420),#7936,.T.);
#8405=ADVANCED_FACE('',(#1421),#941,.T.);
#8406=ADVANCED_FACE('',(#1422),#942,.T.);
#8407=ADVANCED_FACE('',(#1423),#943,.T.);
#8408=ADVANCED_FACE('',(#1424),#7937,.F.);
#8409=ADVANCED_FACE('',(#1425),#944,.F.);
#8410=ADVANCED_FACE('',(#1426),#945,.T.);
#8411=ADVANCED_FACE('',(#1427),#7938,.T.);
#8412=ADVANCED_FACE('',(#1428),#946,.T.);
#8413=ADVANCED_FACE('',(#1429),#947,.T.);
#8414=ADVANCED_FACE('',(#1430),#44,.T.);
#8415=ADVANCED_FACE('',(#1431),#45,.T.);
#8416=ADVANCED_FACE('',(#1432),#948,.F.);
#8417=ADVANCED_FACE('',(#1433),#7939,.T.);
#8418=ADVANCED_FACE('',(#1434),#949,.T.);
#8419=ADVANCED_FACE('',(#1435),#950,.T.);
#8420=ADVANCED_FACE('',(#1436),#951,.T.);
#8421=ADVANCED_FACE('',(#1437),#7940,.F.);
#8422=ADVANCED_FACE('',(#1438),#952,.T.);
#8423=ADVANCED_FACE('',(#1439),#953,.T.);
#8424=ADVANCED_FACE('',(#1440),#7941,.T.);
#8425=ADVANCED_FACE('',(#1441),#954,.T.);
#8426=ADVANCED_FACE('',(#1442),#7942,.F.);
#8427=ADVANCED_FACE('',(#1443),#7943,.F.);
#8428=ADVANCED_FACE('',(#1444),#955,.T.);
#8429=ADVANCED_FACE('',(#1445),#7944,.T.);
#8430=ADVANCED_FACE('',(#1446),#956,.T.);
#8431=ADVANCED_FACE('',(#1447),#957,.T.);
#8432=ADVANCED_FACE('',(#1448),#958,.T.);
#8433=ADVANCED_FACE('',(#1449),#7945,.T.);
#8434=ADVANCED_FACE('',(#1450),#959,.T.);
#8435=ADVANCED_FACE('',(#1451),#46,.T.);
#8436=ADVANCED_FACE('',(#1452),#960,.F.);
#8437=ADVANCED_FACE('',(#1453),#961,.T.);
#8438=ADVANCED_FACE('',(#1454),#7946,.F.);
#8439=ADVANCED_FACE('',(#1455),#7947,.F.);
#8440=ADVANCED_FACE('',(#1456),#962,.T.);
#8441=ADVANCED_FACE('',(#1457),#7948,.T.);
#8442=ADVANCED_FACE('',(#1458),#963,.T.);
#8443=ADVANCED_FACE('',(#1459),#964,.T.);
#8444=CLOSED_SHELL('',(#7949,#7950,#7951,#7952,#7953,#7954,#7955,#7956,
#7957,#7958,#7959,#7960,#7961,#7962,#7963,#7964,#7965,#7966,#7967,#7968,
#7969,#7970,#7971,#7972,#7973,#7974,#7975,#7976,#7977,#7978,#7979,#7980,
#7981,#7982,#7983,#7984,#7985,#7986,#7987,#7988,#7989,#7990,#7991,#7992,
#7993,#7994,#7995,#7996,#7997,#7998,#7999,#8000,#8001,#8002,#8003,#8004,
#8005,#8006,#8007,#8008,#8009,#8010,#8011,#8012,#8013,#8014,#8015,#8016,
#8017,#8018,#8019,#8020,#8021,#8022,#8023,#8024,#8025,#8026,#8027,#8028,
#8029,#8030,#8031,#8032,#8033,#8034,#8035,#8036,#8037,#8038,#8039,#8040,
#8041,#8042,#8043,#8044,#8045,#8046,#8047,#8048,#8049,#8050,#8051,#8052,
#8053,#8054,#8055,#8056,#8057,#8058,#8059,#8060,#8061,#8062,#8063,#8064,
#8065,#8066,#8067,#8068,#8069,#8070,#8071,#8072,#8073,#8074,#8075,#8076,
#8077,#8078,#8079,#8080,#8081,#8082,#8083,#8084,#8085,#8086,#8087,#8088,
#8089,#8090,#8091,#8092,#8093,#8094,#8095,#8096,#8097,#8098,#8099,#8100,
#8101,#8102,#8103,#8104,#8105,#8106,#8107,#8108,#8109,#8110,#8111,#8112,
#8113,#8114,#8115,#8116,#8117,#8118,#8119,#8120,#8121,#8122,#8123,#8124,
#8125,#8126,#8127,#8128,#8129,#8130,#8131,#8132,#8133,#8134,#8135,#8136,
#8137,#8138,#8139,#8140,#8141,#8142,#8143,#8144,#8145,#8146,#8147,#8148,
#8149,#8150,#8151,#8152,#8153,#8154,#8155,#8156,#8157,#8158,#8159,#8160,
#8161,#8162,#8163,#8164,#8165,#8166,#8167,#8168,#8169,#8170,#8171,#8172,
#8173,#8174,#8175,#8176,#8177,#8178,#8179,#8180,#8181,#8182,#8183,#8184,
#8185,#8186,#8187,#8188,#8189,#8190,#8191,#8192,#8193,#8194,#8195,#8196,
#8197,#8198,#8199,#8200,#8201,#8202,#8203,#8204,#8205,#8206,#8207,#8208,
#8209,#8210,#8211,#8212,#8213,#8214,#8215,#8216,#8217,#8218,#8219,#8220,
#8221,#8222,#8223,#8224,#8225,#8226,#8227,#8228,#8229,#8230,#8231,#8232,
#8233,#8234,#8235,#8236,#8237,#8238,#8239,#8240,#8241,#8242,#8243,#8244,
#8245,#8246,#8247,#8248,#8249,#8250,#8251,#8252,#8253,#8254,#8255,#8256,
#8257,#8258,#8259,#8260,#8261,#8262,#8263,#8264,#8265,#8266,#8267,#8268,
#8269,#8270,#8271,#8272,#8273,#8274,#8275,#8276,#8277,#8278,#8279,#8280,
#8281,#8282,#8283,#8284,#8285,#8286,#8287,#8288,#8289,#8290,#8291,#8292,
#8293,#8294,#8295,#8296,#8297,#8298,#8299,#8300,#8301,#8302,#8303,#8304,
#8305,#8306,#8307,#8308,#8309,#8310,#8311,#8312,#8313,#8314,#8315,#8316,
#8317,#8318,#8319,#8320,#8321,#8322,#8323,#8324,#8325,#8326,#8327,#8328,
#8329,#8330,#8331,#8332,#8333,#8334,#8335,#8336,#8337,#8338,#8339,#8340,
#8341,#8342,#8343,#8344,#8345,#8346,#8347,#8348,#8349,#8350,#8351,#8352,
#8353,#8354,#8355,#8356,#8357,#8358,#8359,#8360,#8361,#8362,#8363,#8364));
#8445=CLOSED_SHELL('',(#8365,#8366,#8367,#8368,#8369,#8370,#8371));
#8446=CLOSED_SHELL('',(#8372,#8373,#8374,#8375,#8376,#8377,#8378));
#8447=CLOSED_SHELL('',(#8379,#8380,#8381,#8382,#8383));
#8448=CLOSED_SHELL('',(#8384,#8385,#8386,#8387,#8388,#8389,#8390));
#8449=CLOSED_SHELL('',(#8391,#8392,#8393,#8394,#8395));
#8450=CLOSED_SHELL('',(#8396,#8397,#8398,#8399,#8400,#8401,#8402));
#8451=CLOSED_SHELL('',(#8403,#8404,#8405,#8406,#8407));
#8452=CLOSED_SHELL('',(#8408,#8409,#8410,#8411,#8412,#8413,#8414));
#8453=CLOSED_SHELL('',(#8415,#8416,#8417,#8418,#8419,#8420,#8421));
#8454=CLOSED_SHELL('',(#8422,#8423,#8424,#8425,#8426));
#8455=CLOSED_SHELL('',(#8427,#8428,#8429,#8430,#8431));
#8456=CLOSED_SHELL('',(#8432,#8433,#8434,#8435,#8436,#8437,#8438));
#8457=CLOSED_SHELL('',(#8439,#8440,#8441,#8442,#8443));
#8458=BREP_WITH_VOIDS('Case V3 voll inclouse',#8444,(#22,#23,#24,#25,#26,
#27,#28,#29,#30,#31,#32,#33,#34));
#8459=AXIS2_PLACEMENT_3D('',#12080,#9454,#9455);
#8460=AXIS2_PLACEMENT_3D('',#12081,#9456,#9457);
#8461=AXIS2_PLACEMENT_3D('',#12082,#9458,#9459);
#8462=AXIS2_PLACEMENT_3D('',#12099,#9464,#9465);
#8463=AXIS2_PLACEMENT_3D('',#12116,#9470,#9471);
#8464=AXIS2_PLACEMENT_3D('',#12117,#9472,#9473);
#8465=AXIS2_PLACEMENT_3D('',#12118,#9474,#9475);
#8466=AXIS2_PLACEMENT_3D('',#12119,#9476,#9477);
#8467=AXIS2_PLACEMENT_3D('',#12120,#9478,#9479);
#8468=AXIS2_PLACEMENT_3D('',#12121,#9480,#9481);
#8469=AXIS2_PLACEMENT_3D('',#12122,#9482,#9483);
#8470=AXIS2_PLACEMENT_3D('',#12124,#9484,#9485);
#8471=AXIS2_PLACEMENT_3D('',#12125,#9486,#9487);
#8472=AXIS2_PLACEMENT_3D('',#12128,#9488,#9489);
#8473=AXIS2_PLACEMENT_3D('',#12130,#9490,#9491);
#8474=AXIS2_PLACEMENT_3D('',#12138,#9495,#9496);
#8475=AXIS2_PLACEMENT_3D('',#12140,#9497,#9498);
#8476=AXIS2_PLACEMENT_3D('',#12144,#9500,#9501);
#8477=AXIS2_PLACEMENT_3D('',#12146,#9502,#9503);
#8478=AXIS2_PLACEMENT_3D('',#12148,#9504,#9505);
#8479=AXIS2_PLACEMENT_3D('',#12150,#9506,#9507);
#8480=AXIS2_PLACEMENT_3D('',#12152,#9508,#9509);
#8481=AXIS2_PLACEMENT_3D('',#12156,#9511,#9512);
#8482=AXIS2_PLACEMENT_3D('',#12158,#9513,#9514);
#8483=AXIS2_PLACEMENT_3D('',#12160,#9515,#9516);
#8484=AXIS2_PLACEMENT_3D('',#12164,#9518,#9519);
#8485=AXIS2_PLACEMENT_3D('',#12166,#9520,#9521);
#8486=AXIS2_PLACEMENT_3D('',#12168,#9522,#9523);
#8487=AXIS2_PLACEMENT_3D('',#12172,#9525,#9526);
#8488=AXIS2_PLACEMENT_3D('',#12174,#9527,#9528);
#8489=AXIS2_PLACEMENT_3D('',#12176,#9529,#9530);
#8490=AXIS2_PLACEMENT_3D('',#12180,#9532,#9533);
#8491=AXIS2_PLACEMENT_3D('',#12182,#9534,#9535);
#8492=AXIS2_PLACEMENT_3D('',#12184,#9536,#9537);
#8493=AXIS2_PLACEMENT_3D('',#12188,#9539,#9540);
#8494=AXIS2_PLACEMENT_3D('',#12190,#9541,#9542);
#8495=AXIS2_PLACEMENT_3D('',#12192,#9543,#9544);
#8496=AXIS2_PLACEMENT_3D('',#12194,#9545,#9546);
#8497=AXIS2_PLACEMENT_3D('',#12196,#9547,#9548);
#8498=AXIS2_PLACEMENT_3D('',#12200,#9550,#9551);
#8499=AXIS2_PLACEMENT_3D('',#12202,#9552,#9553);
#8500=AXIS2_PLACEMENT_3D('',#12204,#9554,#9555);
#8501=AXIS2_PLACEMENT_3D('',#12208,#9557,#9558);
#8502=AXIS2_PLACEMENT_3D('',#12210,#9559,#9560);
#8503=AXIS2_PLACEMENT_3D('',#12212,#9561,#9562);
#8504=AXIS2_PLACEMENT_3D('',#12216,#9564,#9565);
#8505=AXIS2_PLACEMENT_3D('',#12218,#9566,#9567);
#8506=AXIS2_PLACEMENT_3D('',#12220,#9568,#9569);
#8507=AXIS2_PLACEMENT_3D('',#12222,#9570,#9571);
#8508=AXIS2_PLACEMENT_3D('',#12226,#9573,#9574);
#8509=AXIS2_PLACEMENT_3D('',#12228,#9575,#9576);
#8510=AXIS2_PLACEMENT_3D('',#12230,#9577,#9578);
#8511=AXIS2_PLACEMENT_3D('',#12234,#9580,#9581);
#8512=AXIS2_PLACEMENT_3D('',#12236,#9582,#9583);
#8513=AXIS2_PLACEMENT_3D('',#12238,#9584,#9585);
#8514=AXIS2_PLACEMENT_3D('',#12242,#9587,#9588);
#8515=AXIS2_PLACEMENT_3D('',#12244,#9589,#9590);
#8516=AXIS2_PLACEMENT_3D('',#12246,#9591,#9592);
#8517=AXIS2_PLACEMENT_3D('',#12250,#9594,#9595);
#8518=AXIS2_PLACEMENT_3D('',#12252,#9596,#9597);
#8519=AXIS2_PLACEMENT_3D('',#12254,#9598,#9599);
#8520=AXIS2_PLACEMENT_3D('',#12258,#9601,#9602);
#8521=AXIS2_PLACEMENT_3D('',#12260,#9603,#9604);
#8522=AXIS2_PLACEMENT_3D('',#12262,#9605,#9606);
#8523=AXIS2_PLACEMENT_3D('',#12264,#9607,#9608);
#8524=AXIS2_PLACEMENT_3D('',#12266,#9609,#9610);
#8525=AXIS2_PLACEMENT_3D('',#12268,#9612,#9613);
#8526=AXIS2_PLACEMENT_3D('',#12270,#9614,#9615);
#8527=AXIS2_PLACEMENT_3D('',#12272,#9616,#9617);
#8528=AXIS2_PLACEMENT_3D('',#12274,#9618,#9619);
#8529=AXIS2_PLACEMENT_3D('',#12277,#9620,#9621);
#8530=AXIS2_PLACEMENT_3D('',#12281,#9623,#9624);
#8531=AXIS2_PLACEMENT_3D('',#12285,#9626,#9627);
#8532=AXIS2_PLACEMENT_3D('',#12289,#9629,#9630);
#8533=AXIS2_PLACEMENT_3D('',#12292,#9632,#9633);
#8534=AXIS2_PLACEMENT_3D('',#12294,#9634,#9635);
#8535=AXIS2_PLACEMENT_3D('',#12296,#9636,#9637);
#8536=AXIS2_PLACEMENT_3D('',#12297,#9638,#9639);
#8537=AXIS2_PLACEMENT_3D('',#12298,#9640,#9641);
#8538=AXIS2_PLACEMENT_3D('',#12299,#9642,#9643);
#8539=AXIS2_PLACEMENT_3D('',#12302,#9645,#9646);
#8540=AXIS2_PLACEMENT_3D('',#12303,#9647,#9648);
#8541=AXIS2_PLACEMENT_3D('',#12306,#9650,#9651);
#8542=AXIS2_PLACEMENT_3D('',#12307,#9652,#9653);
#8543=AXIS2_PLACEMENT_3D('',#12309,#9654,#9655);
#8544=AXIS2_PLACEMENT_3D('',#12312,#9657,#9658);
#8545=AXIS2_PLACEMENT_3D('',#12313,#9659,#9660);
#8546=AXIS2_PLACEMENT_3D('',#12316,#9662,#9663);
#8547=AXIS2_PLACEMENT_3D('',#12317,#9664,#9665);
#8548=AXIS2_PLACEMENT_3D('',#12318,#9666,#9667);
#8549=AXIS2_PLACEMENT_3D('',#12319,#9668,#9669);
#8550=AXIS2_PLACEMENT_3D('',#12322,#9671,#9672);
#8551=AXIS2_PLACEMENT_3D('',#12323,#9673,#9674);
#8552=AXIS2_PLACEMENT_3D('',#12325,#9675,#9676);
#8553=AXIS2_PLACEMENT_3D('',#12327,#9678,#9679);
#8554=AXIS2_PLACEMENT_3D('',#12330,#9681,#9682);
#8555=AXIS2_PLACEMENT_3D('',#12331,#9683,#9684);
#8556=AXIS2_PLACEMENT_3D('',#12333,#9685,#9686);
#8557=AXIS2_PLACEMENT_3D('',#12335,#9688,#9689);
#8558=AXIS2_PLACEMENT_3D('',#12338,#9691,#9692);
#8559=AXIS2_PLACEMENT_3D('',#12339,#9693,#9694);
#8560=AXIS2_PLACEMENT_3D('',#12341,#9695,#9696);
#8561=AXIS2_PLACEMENT_3D('',#12343,#9698,#9699);
#8562=AXIS2_PLACEMENT_3D('',#12346,#9701,#9702);
#8563=AXIS2_PLACEMENT_3D('',#12347,#9703,#9704);
#8564=AXIS2_PLACEMENT_3D('',#12349,#9705,#9706);
#8565=AXIS2_PLACEMENT_3D('',#12351,#9708,#9709);
#8566=AXIS2_PLACEMENT_3D('',#12354,#9711,#9712);
#8567=AXIS2_PLACEMENT_3D('',#12355,#9713,#9714);
#8568=AXIS2_PLACEMENT_3D('',#12357,#9715,#9716);
#8569=AXIS2_PLACEMENT_3D('',#12359,#9718,#9719);
#8570=AXIS2_PLACEMENT_3D('',#12362,#9721,#9722);
#8571=AXIS2_PLACEMENT_3D('',#12363,#9723,#9724);
#8572=AXIS2_PLACEMENT_3D('',#12365,#9725,#9726);
#8573=AXIS2_PLACEMENT_3D('',#12367,#9728,#9729);
#8574=AXIS2_PLACEMENT_3D('',#12369,#9730,#9731);
#8575=AXIS2_PLACEMENT_3D('',#12372,#9733,#9734);
#8576=AXIS2_PLACEMENT_3D('',#12373,#9735,#9736);
#8577=AXIS2_PLACEMENT_3D('',#12374,#9737,#9738);
#8578=AXIS2_PLACEMENT_3D('',#12375,#9739,#9740);
#8579=AXIS2_PLACEMENT_3D('',#12377,#9741,#9742);
#8580=AXIS2_PLACEMENT_3D('',#12380,#9744,#9745);
#8581=AXIS2_PLACEMENT_3D('',#12381,#9746,#9747);
#8582=AXIS2_PLACEMENT_3D('',#12382,#9748,#9749);
#8583=AXIS2_PLACEMENT_3D('',#12383,#9750,#9751);
#8584=AXIS2_PLACEMENT_3D('',#12385,#9752,#9753);
#8585=AXIS2_PLACEMENT_3D('',#12388,#9755,#9756);
#8586=AXIS2_PLACEMENT_3D('',#12389,#9757,#9758);
#8587=AXIS2_PLACEMENT_3D('',#12390,#9759,#9760);
#8588=AXIS2_PLACEMENT_3D('',#12391,#9761,#9762);
#8589=AXIS2_PLACEMENT_3D('',#12393,#9763,#9764);
#8590=AXIS2_PLACEMENT_3D('',#12396,#9766,#9767);
#8591=AXIS2_PLACEMENT_3D('',#12397,#9768,#9769);
#8592=AXIS2_PLACEMENT_3D('',#12398,#9770,#9771);
#8593=AXIS2_PLACEMENT_3D('',#12399,#9772,#9773);
#8594=AXIS2_PLACEMENT_3D('',#12400,#9774,#9775);
#8595=AXIS2_PLACEMENT_3D('',#12402,#9776,#9777);
#8596=AXIS2_PLACEMENT_3D('',#12405,#9779,#9780);
#8597=AXIS2_PLACEMENT_3D('',#12406,#9781,#9782);
#8598=AXIS2_PLACEMENT_3D('',#12407,#9783,#9784);
#8599=AXIS2_PLACEMENT_3D('',#12408,#9785,#9786);
#8600=AXIS2_PLACEMENT_3D('',#12410,#9787,#9788);
#8601=AXIS2_PLACEMENT_3D('',#12413,#9790,#9791);
#8602=AXIS2_PLACEMENT_3D('',#12414,#9792,#9793);
#8603=AXIS2_PLACEMENT_3D('',#12415,#9794,#9795);
#8604=AXIS2_PLACEMENT_3D('',#12416,#9796,#9797);
#8605=AXIS2_PLACEMENT_3D('',#12426,#9798,#9799);
#8606=AXIS2_PLACEMENT_3D('',#12435,#9800,#9801);
#8607=AXIS2_PLACEMENT_3D('',#12438,#9803,#9804);
#8608=AXIS2_PLACEMENT_3D('',#12439,#9805,#9806);
#8609=AXIS2_PLACEMENT_3D('',#12440,#9807,#9808);
#8610=AXIS2_PLACEMENT_3D('',#12443,#9810,#9811);
#8611=AXIS2_PLACEMENT_3D('',#12444,#9812,#9813);
#8612=AXIS2_PLACEMENT_3D('',#12454,#9814,#9815);
#8613=AXIS2_PLACEMENT_3D('',#12463,#9816,#9817);
#8614=AXIS2_PLACEMENT_3D('',#12466,#9819,#9820);
#8615=AXIS2_PLACEMENT_3D('',#12467,#9821,#9822);
#8616=AXIS2_PLACEMENT_3D('',#12468,#9823,#9824);
#8617=AXIS2_PLACEMENT_3D('',#12471,#9826,#9827);
#8618=AXIS2_PLACEMENT_3D('',#12472,#9828,#9829);
#8619=AXIS2_PLACEMENT_3D('',#12482,#9830,#9831);
#8620=AXIS2_PLACEMENT_3D('',#12491,#9832,#9833);
#8621=AXIS2_PLACEMENT_3D('',#12494,#9835,#9836);
#8622=AXIS2_PLACEMENT_3D('',#12495,#9837,#9838);
#8623=AXIS2_PLACEMENT_3D('',#12496,#9839,#9840);
#8624=AXIS2_PLACEMENT_3D('',#12499,#9842,#9843);
#8625=AXIS2_PLACEMENT_3D('',#12500,#9844,#9845);
#8626=AXIS2_PLACEMENT_3D('',#12510,#9846,#9847);
#8627=AXIS2_PLACEMENT_3D('',#12519,#9848,#9849);
#8628=AXIS2_PLACEMENT_3D('',#12522,#9851,#9852);
#8629=AXIS2_PLACEMENT_3D('',#12523,#9853,#9854);
#8630=AXIS2_PLACEMENT_3D('',#12524,#9855,#9856);
#8631=AXIS2_PLACEMENT_3D('',#12527,#9858,#9859);
#8632=AXIS2_PLACEMENT_3D('',#12528,#9860,#9861);
#8633=AXIS2_PLACEMENT_3D('',#12538,#9862,#9863);
#8634=AXIS2_PLACEMENT_3D('',#12547,#9864,#9865);
#8635=AXIS2_PLACEMENT_3D('',#12550,#9867,#9868);
#8636=AXIS2_PLACEMENT_3D('',#12551,#9869,#9870);
#8637=AXIS2_PLACEMENT_3D('',#12552,#9871,#9872);
#8638=AXIS2_PLACEMENT_3D('',#12555,#9874,#9875);
#8639=AXIS2_PLACEMENT_3D('',#12556,#9876,#9877);
#8640=AXIS2_PLACEMENT_3D('',#12566,#9878,#9879);
#8641=AXIS2_PLACEMENT_3D('',#12575,#9880,#9881);
#8642=AXIS2_PLACEMENT_3D('',#12578,#9883,#9884);
#8643=AXIS2_PLACEMENT_3D('',#12579,#9885,#9886);
#8644=AXIS2_PLACEMENT_3D('',#12580,#9887,#9888);
#8645=AXIS2_PLACEMENT_3D('',#12583,#9890,#9891);
#8646=AXIS2_PLACEMENT_3D('',#12584,#9892,#9893);
#8647=AXIS2_PLACEMENT_3D('',#12594,#9894,#9895);
#8648=AXIS2_PLACEMENT_3D('',#12603,#9896,#9897);
#8649=AXIS2_PLACEMENT_3D('',#12606,#9899,#9900);
#8650=AXIS2_PLACEMENT_3D('',#12607,#9901,#9902);
#8651=AXIS2_PLACEMENT_3D('',#12608,#9903,#9904);
#8652=AXIS2_PLACEMENT_3D('',#12611,#9906,#9907);
#8653=AXIS2_PLACEMENT_3D('',#12612,#9908,#9909);
#8654=AXIS2_PLACEMENT_3D('',#12622,#9910,#9911);
#8655=AXIS2_PLACEMENT_3D('',#12631,#9912,#9913);
#8656=AXIS2_PLACEMENT_3D('',#12634,#9915,#9916);
#8657=AXIS2_PLACEMENT_3D('',#12635,#9917,#9918);
#8658=AXIS2_PLACEMENT_3D('',#12636,#9919,#9920);
#8659=AXIS2_PLACEMENT_3D('',#12639,#9922,#9923);
#8660=AXIS2_PLACEMENT_3D('',#12640,#9924,#9925);
#8661=AXIS2_PLACEMENT_3D('',#12650,#9926,#9927);
#8662=AXIS2_PLACEMENT_3D('',#12659,#9928,#9929);
#8663=AXIS2_PLACEMENT_3D('',#12662,#9931,#9932);
#8664=AXIS2_PLACEMENT_3D('',#12663,#9933,#9934);
#8665=AXIS2_PLACEMENT_3D('',#12664,#9935,#9936);
#8666=AXIS2_PLACEMENT_3D('',#12667,#9938,#9939);
#8667=AXIS2_PLACEMENT_3D('',#12668,#9940,#9941);
#8668=AXIS2_PLACEMENT_3D('',#12678,#9942,#9943);
#8669=AXIS2_PLACEMENT_3D('',#12687,#9944,#9945);
#8670=AXIS2_PLACEMENT_3D('',#12690,#9947,#9948);
#8671=AXIS2_PLACEMENT_3D('',#12691,#9949,#9950);
#8672=AXIS2_PLACEMENT_3D('',#12692,#9951,#9952);
#8673=AXIS2_PLACEMENT_3D('',#12695,#9954,#9955);
#8674=AXIS2_PLACEMENT_3D('',#12696,#9956,#9957);
#8675=AXIS2_PLACEMENT_3D('',#12706,#9958,#9959);
#8676=AXIS2_PLACEMENT_3D('',#12715,#9960,#9961);
#8677=AXIS2_PLACEMENT_3D('',#12718,#9963,#9964);
#8678=AXIS2_PLACEMENT_3D('',#12719,#9965,#9966);
#8679=AXIS2_PLACEMENT_3D('',#12720,#9967,#9968);
#8680=AXIS2_PLACEMENT_3D('',#12723,#9970,#9971);
#8681=AXIS2_PLACEMENT_3D('',#12724,#9972,#9973);
#8682=AXIS2_PLACEMENT_3D('',#12734,#9974,#9975);
#8683=AXIS2_PLACEMENT_3D('',#12743,#9976,#9977);
#8684=AXIS2_PLACEMENT_3D('',#12746,#9979,#9980);
#8685=AXIS2_PLACEMENT_3D('',#12747,#9981,#9982);
#8686=AXIS2_PLACEMENT_3D('',#12748,#9983,#9984);
#8687=AXIS2_PLACEMENT_3D('',#12751,#9986,#9987);
#8688=AXIS2_PLACEMENT_3D('',#12752,#9988,#9989);
#8689=AXIS2_PLACEMENT_3D('',#12762,#9990,#9991);
#8690=AXIS2_PLACEMENT_3D('',#12765,#9993,#9994);
#8691=AXIS2_PLACEMENT_3D('',#12767,#9995,#9996);
#8692=AXIS2_PLACEMENT_3D('',#12775,#9997,#9998);
#8693=AXIS2_PLACEMENT_3D('',#12776,#9999,#10000);
#8694=AXIS2_PLACEMENT_3D('',#12778,#10001,#10002);
#8695=AXIS2_PLACEMENT_3D('',#12780,#10004,#10005);
#8696=AXIS2_PLACEMENT_3D('',#12790,#10006,#10007);
#8697=AXIS2_PLACEMENT_3D('',#12793,#10009,#10010);
#8698=AXIS2_PLACEMENT_3D('',#12795,#10011,#10012);
#8699=AXIS2_PLACEMENT_3D('',#12803,#10013,#10014);
#8700=AXIS2_PLACEMENT_3D('',#12804,#10015,#10016);
#8701=AXIS2_PLACEMENT_3D('',#12807,#10018,#10019);
#8702=AXIS2_PLACEMENT_3D('',#12808,#10020,#10021);
#8703=AXIS2_PLACEMENT_3D('',#12818,#10022,#10023);
#8704=AXIS2_PLACEMENT_3D('',#12821,#10025,#10026);
#8705=AXIS2_PLACEMENT_3D('',#12823,#10027,#10028);
#8706=AXIS2_PLACEMENT_3D('',#12831,#10029,#10030);
#8707=AXIS2_PLACEMENT_3D('',#12832,#10031,#10032);
#8708=AXIS2_PLACEMENT_3D('',#12835,#10034,#10035);
#8709=AXIS2_PLACEMENT_3D('',#12836,#10036,#10037);
#8710=AXIS2_PLACEMENT_3D('',#12846,#10038,#10039);
#8711=AXIS2_PLACEMENT_3D('',#12849,#10041,#10042);
#8712=AXIS2_PLACEMENT_3D('',#12851,#10043,#10044);
#8713=AXIS2_PLACEMENT_3D('',#12859,#10045,#10046);
#8714=AXIS2_PLACEMENT_3D('',#12860,#10047,#10048);
#8715=AXIS2_PLACEMENT_3D('',#12863,#10050,#10051);
#8716=AXIS2_PLACEMENT_3D('',#12864,#10052,#10053);
#8717=AXIS2_PLACEMENT_3D('',#12873,#10058,#10059);
#8718=AXIS2_PLACEMENT_3D('',#12877,#10061,#10062);
#8719=AXIS2_PLACEMENT_3D('',#12878,#10063,#10064);
#8720=AXIS2_PLACEMENT_3D('',#12879,#10065,#10066);
#8721=AXIS2_PLACEMENT_3D('',#12885,#10070,#10071);
#8722=AXIS2_PLACEMENT_3D('',#12889,#10073,#10074);
#8723=AXIS2_PLACEMENT_3D('',#12890,#10075,#10076);
#8724=AXIS2_PLACEMENT_3D('',#12891,#10077,#10078);
#8725=AXIS2_PLACEMENT_3D('',#12897,#10082,#10083);
#8726=AXIS2_PLACEMENT_3D('',#12901,#10085,#10086);
#8727=AXIS2_PLACEMENT_3D('',#12902,#10087,#10088);
#8728=AXIS2_PLACEMENT_3D('',#12903,#10089,#10090);
#8729=AXIS2_PLACEMENT_3D('',#12909,#10094,#10095);
#8730=AXIS2_PLACEMENT_3D('',#12910,#10096,#10097);
#8731=AXIS2_PLACEMENT_3D('',#12911,#10098,#10099);
#8732=AXIS2_PLACEMENT_3D('',#12912,#10100,#10101);
#8733=AXIS2_PLACEMENT_3D('',#12916,#10103,#10104);
#8734=AXIS2_PLACEMENT_3D('',#12920,#10106,#10107);
#8735=AXIS2_PLACEMENT_3D('',#12924,#10109,#10110);
#8736=AXIS2_PLACEMENT_3D('',#12926,#10112,#10113);
#8737=AXIS2_PLACEMENT_3D('',#12994,#10148,#10149);
#8738=AXIS2_PLACEMENT_3D('',#12998,#10151,#10152);
#8739=AXIS2_PLACEMENT_3D('',#13002,#10154,#10155);
#8740=AXIS2_PLACEMENT_3D('',#13005,#10157,#10158);
#8741=AXIS2_PLACEMENT_3D('',#13006,#10159,#10160);
#8742=AXIS2_PLACEMENT_3D('',#13032,#10169,#10170);
#8743=AXIS2_PLACEMENT_3D('',#13041,#10175,#10176);
#8744=AXIS2_PLACEMENT_3D('',#13045,#10178,#10179);
#8745=AXIS2_PLACEMENT_3D('',#13047,#10181,#10182);
#8746=AXIS2_PLACEMENT_3D('',#13050,#10184,#10185);
#8747=AXIS2_PLACEMENT_3D('',#13051,#10186,#10187);
#8748=AXIS2_PLACEMENT_3D('',#13057,#10191,#10192);
#8749=AXIS2_PLACEMENT_3D('',#13061,#10194,#10195);
#8750=AXIS2_PLACEMENT_3D('',#13063,#10197,#10198);
#8751=AXIS2_PLACEMENT_3D('',#13069,#10202,#10203);
#8752=AXIS2_PLACEMENT_3D('',#13074,#10206,#10207);
#8753=AXIS2_PLACEMENT_3D('',#13075,#10208,#10209);
#8754=AXIS2_PLACEMENT_3D('',#13079,#10212,#10213);
#8755=AXIS2_PLACEMENT_3D('',#13085,#10217,#10218);
#8756=AXIS2_PLACEMENT_3D('',#13091,#10222,#10223);
#8757=AXIS2_PLACEMENT_3D('',#13094,#10225,#10226);
#8758=AXIS2_PLACEMENT_3D('',#13095,#10227,#10228);
#8759=AXIS2_PLACEMENT_3D('',#13096,#10229,#10230);
#8760=AXIS2_PLACEMENT_3D('',#13097,#10231,#10232);
#8761=AXIS2_PLACEMENT_3D('',#13098,#10233,#10234);
#8762=AXIS2_PLACEMENT_3D('',#13099,#10235,#10236);
#8763=AXIS2_PLACEMENT_3D('',#13100,#10237,#10238);
#8764=AXIS2_PLACEMENT_3D('',#13101,#10239,#10240);
#8765=AXIS2_PLACEMENT_3D('',#13102,#10241,#10242);
#8766=AXIS2_PLACEMENT_3D('',#13103,#10243,#10244);
#8767=AXIS2_PLACEMENT_3D('',#13104,#10245,#10246);
#8768=AXIS2_PLACEMENT_3D('',#13105,#10247,#10248);
#8769=AXIS2_PLACEMENT_3D('',#13106,#10249,#10250);
#8770=AXIS2_PLACEMENT_3D('',#13107,#10251,#10252);
#8771=AXIS2_PLACEMENT_3D('',#13108,#10253,#10254);
#8772=AXIS2_PLACEMENT_3D('',#13109,#10255,#10256);
#8773=AXIS2_PLACEMENT_3D('',#13110,#10257,#10258);
#8774=AXIS2_PLACEMENT_3D('',#13111,#10259,#10260);
#8775=AXIS2_PLACEMENT_3D('',#13115,#10263,#10264);
#8776=AXIS2_PLACEMENT_3D('',#13119,#10266,#10267);
#8777=AXIS2_PLACEMENT_3D('',#13179,#10270,#10271);
#8778=AXIS2_PLACEMENT_3D('',#13183,#10274,#10275);
#8779=AXIS2_PLACEMENT_3D('',#13185,#10276,#10277);
#8780=AXIS2_PLACEMENT_3D('',#13249,#10281,#10282);
#8781=AXIS2_PLACEMENT_3D('',#13251,#10283,#10284);
#8782=AXIS2_PLACEMENT_3D('',#13252,#10285,#10286);
#8783=AXIS2_PLACEMENT_3D('',#13253,#10287,#10288);
#8784=AXIS2_PLACEMENT_3D('',#13256,#10290,#10291);
#8785=AXIS2_PLACEMENT_3D('',#13258,#10292,#10293);
#8786=AXIS2_PLACEMENT_3D('',#13260,#10294,#10295);
#8787=AXIS2_PLACEMENT_3D('',#13262,#10296,#10297);
#8788=AXIS2_PLACEMENT_3D('',#13266,#10299,#10300);
#8789=AXIS2_PLACEMENT_3D('',#13268,#10301,#10302);
#8790=AXIS2_PLACEMENT_3D('',#13272,#10304,#10305);
#8791=AXIS2_PLACEMENT_3D('',#13274,#10306,#10307);
#8792=AXIS2_PLACEMENT_3D('',#13278,#10309,#10310);
#8793=AXIS2_PLACEMENT_3D('',#13280,#10311,#10312);
#8794=AXIS2_PLACEMENT_3D('',#13284,#10314,#10315);
#8795=AXIS2_PLACEMENT_3D('',#13286,#10316,#10317);
#8796=AXIS2_PLACEMENT_3D('',#13290,#10319,#10320);
#8797=AXIS2_PLACEMENT_3D('',#13292,#10321,#10322);
#8798=AXIS2_PLACEMENT_3D('',#13294,#10323,#10324);
#8799=AXIS2_PLACEMENT_3D('',#13296,#10325,#10326);
#8800=AXIS2_PLACEMENT_3D('',#13300,#10328,#10329);
#8801=AXIS2_PLACEMENT_3D('',#13302,#10330,#10331);
#8802=AXIS2_PLACEMENT_3D('',#13306,#10333,#10334);
#8803=AXIS2_PLACEMENT_3D('',#13308,#10335,#10336);
#8804=AXIS2_PLACEMENT_3D('',#13311,#10338,#10339);
#8805=AXIS2_PLACEMENT_3D('',#13313,#10340,#10341);
#8806=AXIS2_PLACEMENT_3D('',#13314,#10342,#10343);
#8807=AXIS2_PLACEMENT_3D('',#13315,#10344,#10345);
#8808=AXIS2_PLACEMENT_3D('',#13317,#10346,#10347);
#8809=AXIS2_PLACEMENT_3D('',#13318,#10348,#10349);
#8810=AXIS2_PLACEMENT_3D('',#13320,#10350,#10351);
#8811=AXIS2_PLACEMENT_3D('',#13321,#10352,#10353);
#8812=AXIS2_PLACEMENT_3D('',#13323,#10354,#10355);
#8813=AXIS2_PLACEMENT_3D('',#13324,#10356,#10357);
#8814=AXIS2_PLACEMENT_3D('',#13326,#10358,#10359);
#8815=AXIS2_PLACEMENT_3D('',#13327,#10360,#10361);
#8816=AXIS2_PLACEMENT_3D('',#13329,#10362,#10363);
#8817=AXIS2_PLACEMENT_3D('',#13332,#10365,#10366);
#8818=AXIS2_PLACEMENT_3D('',#13334,#10367,#10368);
#8819=AXIS2_PLACEMENT_3D('',#13337,#10370,#10371);
#8820=AXIS2_PLACEMENT_3D('',#13339,#10372,#10373);
#8821=AXIS2_PLACEMENT_3D('',#13343,#10375,#10376);
#8822=AXIS2_PLACEMENT_3D('',#13344,#10377,#10378);
#8823=AXIS2_PLACEMENT_3D('',#13346,#10379,#10380);
#8824=AXIS2_PLACEMENT_3D('',#13348,#10381,#10382);
#8825=AXIS2_PLACEMENT_3D('',#13351,#10384,#10385);
#8826=AXIS2_PLACEMENT_3D('',#13353,#10386,#10387);
#8827=AXIS2_PLACEMENT_3D('',#13356,#10389,#10390);
#8828=AXIS2_PLACEMENT_3D('',#13358,#10391,#10392);
#8829=AXIS2_PLACEMENT_3D('',#13362,#10394,#10395);
#8830=AXIS2_PLACEMENT_3D('',#13363,#10396,#10397);
#8831=AXIS2_PLACEMENT_3D('',#13365,#10398,#10399);
#8832=AXIS2_PLACEMENT_3D('',#13367,#10400,#10401);
#8833=AXIS2_PLACEMENT_3D('',#13370,#10403,#10404);
#8834=AXIS2_PLACEMENT_3D('',#13372,#10405,#10406);
#8835=AXIS2_PLACEMENT_3D('',#13375,#10408,#10409);
#8836=AXIS2_PLACEMENT_3D('',#13377,#10410,#10411);
#8837=AXIS2_PLACEMENT_3D('',#13380,#10413,#10414);
#8838=AXIS2_PLACEMENT_3D('',#13382,#10415,#10416);
#8839=AXIS2_PLACEMENT_3D('',#13385,#10418,#10419);
#8840=AXIS2_PLACEMENT_3D('',#13387,#10420,#10421);
#8841=AXIS2_PLACEMENT_3D('',#13391,#10423,#10424);
#8842=AXIS2_PLACEMENT_3D('',#13392,#10425,#10426);
#8843=AXIS2_PLACEMENT_3D('',#13394,#10427,#10428);
#8844=AXIS2_PLACEMENT_3D('',#13396,#10429,#10430);
#8845=AXIS2_PLACEMENT_3D('',#13399,#10432,#10433);
#8846=AXIS2_PLACEMENT_3D('',#13401,#10434,#10435);
#8847=AXIS2_PLACEMENT_3D('',#13404,#10437,#10438);
#8848=AXIS2_PLACEMENT_3D('',#13406,#10439,#10440);
#8849=AXIS2_PLACEMENT_3D('',#13410,#10442,#10443);
#8850=AXIS2_PLACEMENT_3D('',#13411,#10444,#10445);
#8851=AXIS2_PLACEMENT_3D('',#13413,#10446,#10447);
#8852=AXIS2_PLACEMENT_3D('',#13415,#10448,#10449);
#8853=AXIS2_PLACEMENT_3D('',#13418,#10451,#10452);
#8854=AXIS2_PLACEMENT_3D('',#13420,#10453,#10454);
#8855=AXIS2_PLACEMENT_3D('',#13423,#10456,#10457);
#8856=AXIS2_PLACEMENT_3D('',#13424,#10458,#10459);
#8857=AXIS2_PLACEMENT_3D('',#13447,#10460,#10461);
#8858=AXIS2_PLACEMENT_3D('',#13448,#10462,#10463);
#8859=AXIS2_PLACEMENT_3D('',#13449,#10464,#10465);
#8860=AXIS2_PLACEMENT_3D('',#13472,#10466,#10467);
#8861=AXIS2_PLACEMENT_3D('',#13478,#10471,#10472);
#8862=AXIS2_PLACEMENT_3D('',#13481,#10475,#10476);
#8863=AXIS2_PLACEMENT_3D('',#13527,#10480,#10481);
#8864=AXIS2_PLACEMENT_3D('',#13528,#10482,#10483);
#8865=AXIS2_PLACEMENT_3D('',#13537,#10488,#10489);
#8866=AXIS2_PLACEMENT_3D('',#13539,#10490,#10491);
#8867=AXIS2_PLACEMENT_3D('',#13541,#10492,#10493);
#8868=AXIS2_PLACEMENT_3D('',#13543,#10495,#10496);
#8869=AXIS2_PLACEMENT_3D('',#13547,#10498,#10499);
#8870=AXIS2_PLACEMENT_3D('',#13549,#10501,#10502);
#8871=AXIS2_PLACEMENT_3D('',#13553,#10505,#10506);
#8872=AXIS2_PLACEMENT_3D('',#13556,#10508,#10509);
#8873=AXIS2_PLACEMENT_3D('',#13557,#10510,#10511);
#8874=AXIS2_PLACEMENT_3D('',#13559,#10513,#10514);
#8875=AXIS2_PLACEMENT_3D('',#13561,#10516,#10517);
#8876=AXIS2_PLACEMENT_3D('',#13563,#10518,#10519);
#8877=AXIS2_PLACEMENT_3D('',#13565,#10521,#10522);
#8878=AXIS2_PLACEMENT_3D('',#13567,#10523,#10524);
#8879=AXIS2_PLACEMENT_3D('',#13570,#10526,#10527);
#8880=AXIS2_PLACEMENT_3D('',#13571,#10528,#10529);
#8881=AXIS2_PLACEMENT_3D('',#13573,#10530,#10531);
#8882=AXIS2_PLACEMENT_3D('',#13576,#10533,#10534);
#8883=AXIS2_PLACEMENT_3D('',#13577,#10535,#10536);
#8884=AXIS2_PLACEMENT_3D('',#13580,#10537,#10538);
#8885=AXIS2_PLACEMENT_3D('',#13584,#10540,#10541);
#8886=AXIS2_PLACEMENT_3D('',#13586,#10543,#10544);
#8887=AXIS2_PLACEMENT_3D('',#13592,#10548,#10549);
#8888=AXIS2_PLACEMENT_3D('',#13594,#10550,#10551);
#8889=AXIS2_PLACEMENT_3D('',#13596,#10552,#10553);
#8890=AXIS2_PLACEMENT_3D('',#13598,#10555,#10556);
#8891=AXIS2_PLACEMENT_3D('',#13604,#10560,#10561);
#8892=AXIS2_PLACEMENT_3D('',#13610,#10565,#10566);
#8893=AXIS2_PLACEMENT_3D('',#13612,#10567,#10568);
#8894=AXIS2_PLACEMENT_3D('',#13615,#10570,#10571);
#8895=AXIS2_PLACEMENT_3D('',#13616,#10572,#10573);
#8896=AXIS2_PLACEMENT_3D('',#13622,#10577,#10578);
#8897=AXIS2_PLACEMENT_3D('',#13624,#10579,#10580);
#8898=AXIS2_PLACEMENT_3D('',#13627,#10582,#10583);
#8899=AXIS2_PLACEMENT_3D('',#13628,#10584,#10585);
#8900=AXIS2_PLACEMENT_3D('',#13631,#10588,#10589);
#8901=AXIS2_PLACEMENT_3D('',#13632,#10590,#10591);
#8902=AXIS2_PLACEMENT_3D('',#13633,#10592,#10593);
#8903=AXIS2_PLACEMENT_3D('',#13639,#10597,#10598);
#8904=AXIS2_PLACEMENT_3D('',#13643,#10600,#10601);
#8905=AXIS2_PLACEMENT_3D('',#13645,#10603,#10604);
#8906=AXIS2_PLACEMENT_3D('',#13653,#10605,#10606);
#8907=AXIS2_PLACEMENT_3D('',#13657,#10608,#10609);
#8908=AXIS2_PLACEMENT_3D('',#13659,#10611,#10612);
#8909=AXIS2_PLACEMENT_3D('',#13665,#10616,#10617);
#8910=AXIS2_PLACEMENT_3D('',#13668,#10619,#10620);
#8911=AXIS2_PLACEMENT_3D('',#13669,#10621,#10622);
#8912=AXIS2_PLACEMENT_3D('',#13674,#10625,#10626);
#8913=AXIS2_PLACEMENT_3D('',#13675,#10627,#10628);
#8914=AXIS2_PLACEMENT_3D('',#13679,#10631,#10632);
#8915=AXIS2_PLACEMENT_3D('',#13685,#10636,#10637);
#8916=AXIS2_PLACEMENT_3D('',#13691,#10641,#10642);
#8917=AXIS2_PLACEMENT_3D('',#13694,#10644,#10645);
#8918=AXIS2_PLACEMENT_3D('',#13695,#10646,#10647);
#8919=AXIS2_PLACEMENT_3D('',#13700,#10650,#10651);
#8920=AXIS2_PLACEMENT_3D('',#13701,#10652,#10653);
#8921=AXIS2_PLACEMENT_3D('',#13706,#10656,#10657);
#8922=AXIS2_PLACEMENT_3D('',#13707,#10658,#10659);
#8923=AXIS2_PLACEMENT_3D('',#13712,#10662,#10663);
#8924=AXIS2_PLACEMENT_3D('',#13713,#10664,#10665);
#8925=AXIS2_PLACEMENT_3D('',#13718,#10668,#10669);
#8926=AXIS2_PLACEMENT_3D('',#13719,#10670,#10671);
#8927=AXIS2_PLACEMENT_3D('',#13725,#10675,#10676);
#8928=AXIS2_PLACEMENT_3D('',#13728,#10678,#10679);
#8929=AXIS2_PLACEMENT_3D('',#13729,#10680,#10681);
#8930=AXIS2_PLACEMENT_3D('',#13734,#10684,#10685);
#8931=AXIS2_PLACEMENT_3D('',#13735,#10686,#10687);
#8932=AXIS2_PLACEMENT_3D('',#13741,#10691,#10692);
#8933=AXIS2_PLACEMENT_3D('',#13744,#10694,#10695);
#8934=AXIS2_PLACEMENT_3D('',#13745,#10696,#10697);
#8935=AXIS2_PLACEMENT_3D('',#13750,#10700,#10701);
#8936=AXIS2_PLACEMENT_3D('',#13751,#10702,#10703);
#8937=AXIS2_PLACEMENT_3D('',#13755,#10706,#10707);
#8938=AXIS2_PLACEMENT_3D('',#13761,#10711,#10712);
#8939=AXIS2_PLACEMENT_3D('',#13767,#10716,#10717);
#8940=AXIS2_PLACEMENT_3D('',#13773,#10721,#10722);
#8941=AXIS2_PLACEMENT_3D('',#13775,#10723,#10724);
#8942=AXIS2_PLACEMENT_3D('',#13777,#10726,#10727);
#8943=AXIS2_PLACEMENT_3D('',#13780,#10729,#10730);
#8944=AXIS2_PLACEMENT_3D('',#13781,#10731,#10732);
#8945=AXIS2_PLACEMENT_3D('',#13782,#10733,#10734);
#8946=AXIS2_PLACEMENT_3D('',#13783,#10735,#10736);
#8947=AXIS2_PLACEMENT_3D('',#13788,#10739,#10740);
#8948=AXIS2_PLACEMENT_3D('',#13789,#10741,#10742);
#8949=AXIS2_PLACEMENT_3D('',#13790,#10743,#10744);
#8950=AXIS2_PLACEMENT_3D('',#13791,#10745,#10746);
#8951=AXIS2_PLACEMENT_3D('',#13796,#10749,#10750);
#8952=AXIS2_PLACEMENT_3D('',#13797,#10751,#10752);
#8953=AXIS2_PLACEMENT_3D('',#13799,#10753,#10754);
#8954=AXIS2_PLACEMENT_3D('',#13801,#10756,#10757);
#8955=AXIS2_PLACEMENT_3D('',#13803,#10758,#10759);
#8956=AXIS2_PLACEMENT_3D('',#13805,#10761,#10762);
#8957=AXIS2_PLACEMENT_3D('',#13808,#10764,#10765);
#8958=AXIS2_PLACEMENT_3D('',#13809,#10766,#10767);
#8959=AXIS2_PLACEMENT_3D('',#13810,#10768,#10769);
#8960=AXIS2_PLACEMENT_3D('',#13811,#10770,#10771);
#8961=AXIS2_PLACEMENT_3D('',#13816,#10774,#10775);
#8962=AXIS2_PLACEMENT_3D('',#13817,#10776,#10777);
#8963=AXIS2_PLACEMENT_3D('',#13818,#10778,#10779);
#8964=AXIS2_PLACEMENT_3D('',#13819,#10780,#10781);
#8965=AXIS2_PLACEMENT_3D('',#13823,#10784,#10785);
#8966=AXIS2_PLACEMENT_3D('',#13824,#10786,#10787);
#8967=AXIS2_PLACEMENT_3D('',#13825,#10788,#10789);
#8968=AXIS2_PLACEMENT_3D('',#13829,#10792,#10793);
#8969=AXIS2_PLACEMENT_3D('',#13830,#10794,#10795);
#8970=AXIS2_PLACEMENT_3D('',#13831,#10796,#10797);
#8971=AXIS2_PLACEMENT_3D('',#13833,#10798,#10799);
#8972=AXIS2_PLACEMENT_3D('',#13835,#10801,#10802);
#8973=AXIS2_PLACEMENT_3D('',#13839,#10805,#10806);
#8974=AXIS2_PLACEMENT_3D('',#13840,#10807,#10808);
#8975=AXIS2_PLACEMENT_3D('',#13841,#10809,#10810);
#8976=AXIS2_PLACEMENT_3D('',#13843,#10811,#10812);
#8977=AXIS2_PLACEMENT_3D('',#13845,#10814,#10815);
#8978=AXIS2_PLACEMENT_3D('',#13849,#10818,#10819);
#8979=AXIS2_PLACEMENT_3D('',#13850,#10820,#10821);
#8980=AXIS2_PLACEMENT_3D('',#13851,#10822,#10823);
#8981=AXIS2_PLACEMENT_3D('',#13853,#10824,#10825);
#8982=AXIS2_PLACEMENT_3D('',#13855,#10827,#10828);
#8983=AXIS2_PLACEMENT_3D('',#13859,#10831,#10832);
#8984=AXIS2_PLACEMENT_3D('',#13860,#10833,#10834);
#8985=AXIS2_PLACEMENT_3D('',#13861,#10835,#10836);
#8986=AXIS2_PLACEMENT_3D('',#13865,#10839,#10840);
#8987=AXIS2_PLACEMENT_3D('',#13866,#10841,#10842);
#8988=AXIS2_PLACEMENT_3D('',#13867,#10843,#10844);
#8989=AXIS2_PLACEMENT_3D('',#13869,#10845,#10846);
#8990=AXIS2_PLACEMENT_3D('',#13871,#10848,#10849);
#8991=AXIS2_PLACEMENT_3D('',#13874,#10851,#10852);
#8992=AXIS2_PLACEMENT_3D('',#13875,#10853,#10854);
#8993=AXIS2_PLACEMENT_3D('',#13876,#10855,#10856);
#8994=AXIS2_PLACEMENT_3D('',#13877,#10857,#10858);
#8995=AXIS2_PLACEMENT_3D('',#13879,#10859,#10860);
#8996=AXIS2_PLACEMENT_3D('',#13881,#10862,#10863);
#8997=AXIS2_PLACEMENT_3D('',#13884,#10865,#10866);
#8998=AXIS2_PLACEMENT_3D('',#13885,#10867,#10868);
#8999=AXIS2_PLACEMENT_3D('',#13886,#10869,#10870);
#9000=AXIS2_PLACEMENT_3D('',#13887,#10871,#10872);
#9001=AXIS2_PLACEMENT_3D('',#13889,#10873,#10874);
#9002=AXIS2_PLACEMENT_3D('',#13891,#10876,#10877);
#9003=AXIS2_PLACEMENT_3D('',#13894,#10879,#10880);
#9004=AXIS2_PLACEMENT_3D('',#13895,#10881,#10882);
#9005=AXIS2_PLACEMENT_3D('',#13896,#10883,#10884);
#9006=AXIS2_PLACEMENT_3D('',#13897,#10885,#10886);
#9007=AXIS2_PLACEMENT_3D('',#13899,#10887,#10888);
#9008=AXIS2_PLACEMENT_3D('',#13901,#10890,#10891);
#9009=AXIS2_PLACEMENT_3D('',#13904,#10893,#10894);
#9010=AXIS2_PLACEMENT_3D('',#13905,#10895,#10896);
#9011=AXIS2_PLACEMENT_3D('',#13906,#10897,#10898);
#9012=AXIS2_PLACEMENT_3D('',#13907,#10899,#10900);
#9013=AXIS2_PLACEMENT_3D('',#13909,#10901,#10902);
#9014=AXIS2_PLACEMENT_3D('',#13911,#10904,#10905);
#9015=AXIS2_PLACEMENT_3D('',#13914,#10907,#10908);
#9016=AXIS2_PLACEMENT_3D('',#13915,#10909,#10910);
#9017=AXIS2_PLACEMENT_3D('',#13916,#10911,#10912);
#9018=AXIS2_PLACEMENT_3D('',#13917,#10913,#10914);
#9019=AXIS2_PLACEMENT_3D('',#13919,#10915,#10916);
#9020=AXIS2_PLACEMENT_3D('',#13921,#10918,#10919);
#9021=AXIS2_PLACEMENT_3D('',#13924,#10921,#10922);
#9022=AXIS2_PLACEMENT_3D('',#13925,#10923,#10924);
#9023=AXIS2_PLACEMENT_3D('',#13926,#10925,#10926);
#9024=AXIS2_PLACEMENT_3D('',#13927,#10927,#10928);
#9025=AXIS2_PLACEMENT_3D('',#13929,#10929,#10930);
#9026=AXIS2_PLACEMENT_3D('',#13931,#10932,#10933);
#9027=AXIS2_PLACEMENT_3D('',#13934,#10935,#10936);
#9028=AXIS2_PLACEMENT_3D('',#13935,#10937,#10938);
#9029=AXIS2_PLACEMENT_3D('',#13936,#10939,#10940);
#9030=AXIS2_PLACEMENT_3D('',#13937,#10941,#10942);
#9031=AXIS2_PLACEMENT_3D('',#13939,#10943,#10944);
#9032=AXIS2_PLACEMENT_3D('',#13941,#10946,#10947);
#9033=AXIS2_PLACEMENT_3D('',#13944,#10949,#10950);
#9034=AXIS2_PLACEMENT_3D('',#13945,#10951,#10952);
#9035=AXIS2_PLACEMENT_3D('',#13946,#10953,#10954);
#9036=AXIS2_PLACEMENT_3D('',#13948,#10955,#10956);
#9037=AXIS2_PLACEMENT_3D('',#13950,#10957,#10958);
#9038=AXIS2_PLACEMENT_3D('',#13952,#10959,#10960);
#9039=AXIS2_PLACEMENT_3D('',#13955,#10962,#10963);
#9040=AXIS2_PLACEMENT_3D('',#13957,#10964,#10965);
#9041=AXIS2_PLACEMENT_3D('',#13960,#10967,#10968);
#9042=AXIS2_PLACEMENT_3D('',#13962,#10969,#10970);
#9043=AXIS2_PLACEMENT_3D('',#13964,#10971,#10972);
#9044=AXIS2_PLACEMENT_3D('',#13965,#10973,#10974);
#9045=AXIS2_PLACEMENT_3D('',#13967,#10975,#10976);
#9046=AXIS2_PLACEMENT_3D('',#13969,#10977,#10978);
#9047=AXIS2_PLACEMENT_3D('',#13971,#10979,#10980);
#9048=AXIS2_PLACEMENT_3D('',#13975,#10982,#10983);
#9049=AXIS2_PLACEMENT_3D('',#13977,#10984,#10985);
#9050=AXIS2_PLACEMENT_3D('',#13979,#10986,#10987);
#9051=AXIS2_PLACEMENT_3D('',#13983,#10989,#10990);
#9052=AXIS2_PLACEMENT_3D('',#13985,#10991,#10992);
#9053=AXIS2_PLACEMENT_3D('',#13987,#10993,#10994);
#9054=AXIS2_PLACEMENT_3D('',#13991,#10996,#10997);
#9055=AXIS2_PLACEMENT_3D('',#13993,#10998,#10999);
#9056=AXIS2_PLACEMENT_3D('',#13995,#11000,#11001);
#9057=AXIS2_PLACEMENT_3D('',#13998,#11003,#11004);
#9058=AXIS2_PLACEMENT_3D('',#13999,#11005,#11006);
#9059=AXIS2_PLACEMENT_3D('',#14001,#11007,#11008);
#9060=AXIS2_PLACEMENT_3D('',#14003,#11009,#11010);
#9061=AXIS2_PLACEMENT_3D('',#14005,#11011,#11012);
#9062=AXIS2_PLACEMENT_3D('',#14009,#11014,#11015);
#9063=AXIS2_PLACEMENT_3D('',#14011,#11016,#11017);
#9064=AXIS2_PLACEMENT_3D('',#14012,#11018,#11019);
#9065=AXIS2_PLACEMENT_3D('',#14014,#11020,#11021);
#9066=AXIS2_PLACEMENT_3D('',#14016,#11022,#11023);
#9067=AXIS2_PLACEMENT_3D('',#14018,#11024,#11025);
#9068=AXIS2_PLACEMENT_3D('',#14019,#11026,#11027);
#9069=AXIS2_PLACEMENT_3D('',#14021,#11028,#11029);
#9070=AXIS2_PLACEMENT_3D('',#14023,#11030,#11031);
#9071=AXIS2_PLACEMENT_3D('',#14025,#11032,#11033);
#9072=AXIS2_PLACEMENT_3D('',#14029,#11035,#11036);
#9073=AXIS2_PLACEMENT_3D('',#14031,#11037,#11038);
#9074=AXIS2_PLACEMENT_3D('',#14033,#11039,#11040);
#9075=AXIS2_PLACEMENT_3D('',#14037,#11042,#11043);
#9076=AXIS2_PLACEMENT_3D('',#14039,#11044,#11045);
#9077=AXIS2_PLACEMENT_3D('',#14040,#11046,#11047);
#9078=AXIS2_PLACEMENT_3D('',#14042,#11048,#11049);
#9079=AXIS2_PLACEMENT_3D('',#14044,#11050,#11051);
#9080=AXIS2_PLACEMENT_3D('',#14046,#11052,#11053);
#9081=AXIS2_PLACEMENT_3D('',#14049,#11055,#11056);
#9082=AXIS2_PLACEMENT_3D('',#14051,#11057,#11058);
#9083=AXIS2_PLACEMENT_3D('',#14052,#11059,#11060);
#9084=AXIS2_PLACEMENT_3D('',#14053,#11061,#11062);
#9085=AXIS2_PLACEMENT_3D('',#14054,#11063,#11064);
#9086=AXIS2_PLACEMENT_3D('',#14056,#11066,#11067);
#9087=AXIS2_PLACEMENT_3D('',#14058,#11069,#11070);
#9088=AXIS2_PLACEMENT_3D('',#14059,#11071,#11072);
#9089=AXIS2_PLACEMENT_3D('',#14064,#11075,#11076);
#9090=AXIS2_PLACEMENT_3D('',#14070,#11077,#11078);
#9091=AXIS2_PLACEMENT_3D('',#14071,#11079,#11080);
#9092=AXIS2_PLACEMENT_3D('',#14073,#11082,#11083);
#9093=AXIS2_PLACEMENT_3D('',#14075,#11085,#11086);
#9094=AXIS2_PLACEMENT_3D('',#14077,#11088,#11089);
#9095=AXIS2_PLACEMENT_3D('',#14078,#11090,#11091);
#9096=AXIS2_PLACEMENT_3D('',#14081,#11094,#11095);
#9097=AXIS2_PLACEMENT_3D('',#14083,#11097,#11098);
#9098=AXIS2_PLACEMENT_3D('',#14084,#11099,#11100);
#9099=AXIS2_PLACEMENT_3D('',#14086,#11102,#11103);
#9100=AXIS2_PLACEMENT_3D('',#14088,#11105,#11106);
#9101=AXIS2_PLACEMENT_3D('',#14090,#11108,#11109);
#9102=AXIS2_PLACEMENT_3D('',#14092,#11111,#11112);
#9103=AXIS2_PLACEMENT_3D('',#14094,#11114,#11115);
#9104=AXIS2_PLACEMENT_3D('',#14096,#11117,#11118);
#9105=AXIS2_PLACEMENT_3D('',#14098,#11120,#11121);
#9106=AXIS2_PLACEMENT_3D('',#14099,#11122,#11123);
#9107=AXIS2_PLACEMENT_3D('',#14101,#11125,#11126);
#9108=AXIS2_PLACEMENT_3D('',#14103,#11128,#11129);
#9109=AXIS2_PLACEMENT_3D('',#14105,#11131,#11132);
#9110=AXIS2_PLACEMENT_3D('',#14106,#11133,#11134);
#9111=AXIS2_PLACEMENT_3D('',#14109,#11137,#11138);
#9112=AXIS2_PLACEMENT_3D('',#14111,#11140,#11141);
#9113=AXIS2_PLACEMENT_3D('',#14112,#11142,#11143);
#9114=AXIS2_PLACEMENT_3D('',#14114,#11145,#11146);
#9115=AXIS2_PLACEMENT_3D('',#14116,#11148,#11149);
#9116=AXIS2_PLACEMENT_3D('',#14118,#11151,#11152);
#9117=AXIS2_PLACEMENT_3D('',#14119,#11153,#11154);
#9118=AXIS2_PLACEMENT_3D('',#14121,#11156,#11157);
#9119=AXIS2_PLACEMENT_3D('',#14122,#11158,#11159);
#9120=AXIS2_PLACEMENT_3D('',#14124,#11161,#11162);
#9121=AXIS2_PLACEMENT_3D('',#14126,#11164,#11165);
#9122=AXIS2_PLACEMENT_3D('',#14128,#11167,#11168);
#9123=AXIS2_PLACEMENT_3D('',#14130,#11170,#11171);
#9124=AXIS2_PLACEMENT_3D('',#14132,#11173,#11174);
#9125=AXIS2_PLACEMENT_3D('',#14134,#11176,#11177);
#9126=AXIS2_PLACEMENT_3D('',#14136,#11179,#11180);
#9127=AXIS2_PLACEMENT_3D('',#14138,#11182,#11183);
#9128=AXIS2_PLACEMENT_3D('',#14140,#11185,#11186);
#9129=AXIS2_PLACEMENT_3D('',#14142,#11188,#11189);
#9130=AXIS2_PLACEMENT_3D('',#14144,#11191,#11192);
#9131=AXIS2_PLACEMENT_3D('',#14146,#11194,#11195);
#9132=AXIS2_PLACEMENT_3D('',#14148,#11197,#11198);
#9133=AXIS2_PLACEMENT_3D('',#14150,#11200,#11201);
#9134=AXIS2_PLACEMENT_3D('',#14152,#11203,#11204);
#9135=AXIS2_PLACEMENT_3D('',#14153,#11205,#11206);
#9136=AXIS2_PLACEMENT_3D('',#14155,#11208,#11209);
#9137=AXIS2_PLACEMENT_3D('',#14157,#11211,#11212);
#9138=AXIS2_PLACEMENT_3D('',#14159,#11214,#11215);
#9139=AXIS2_PLACEMENT_3D('',#14160,#11216,#11217);
#9140=AXIS2_PLACEMENT_3D('',#14162,#11219,#11220);
#9141=AXIS2_PLACEMENT_3D('',#14163,#11221,#11222);
#9142=AXIS2_PLACEMENT_3D('',#14166,#11223,#11224);
#9143=AXIS2_PLACEMENT_3D('',#14221,#11227,#11228);
#9144=AXIS2_PLACEMENT_3D('',#14227,#11229,#11230);
#9145=AXIS2_PLACEMENT_3D('',#14229,#11232,#11233);
#9146=AXIS2_PLACEMENT_3D('',#14258,#11235,#11236);
#9147=AXIS2_PLACEMENT_3D('',#14285,#11238,#11239);
#9148=AXIS2_PLACEMENT_3D('',#14286,#11240,#11241);
#9149=AXIS2_PLACEMENT_3D('',#14287,#11242,#11243);
#9150=AXIS2_PLACEMENT_3D('',#14288,#11244,#11245);
#9151=AXIS2_PLACEMENT_3D('',#14289,#11246,#11247);
#9152=AXIS2_PLACEMENT_3D('',#14290,#11248,#11249);
#9153=AXIS2_PLACEMENT_3D('',#14291,#11250,#11251);
#9154=AXIS2_PLACEMENT_3D('',#14292,#11252,#11253);
#9155=AXIS2_PLACEMENT_3D('',#14293,#11254,#11255);
#9156=AXIS2_PLACEMENT_3D('',#14318,#11257,#11258);
#9157=AXIS2_PLACEMENT_3D('',#14337,#11259,#11260);
#9158=AXIS2_PLACEMENT_3D('',#14338,#11261,#11262);
#9159=AXIS2_PLACEMENT_3D('',#14339,#11263,#11264);
#9160=AXIS2_PLACEMENT_3D('',#14340,#11265,#11266);
#9161=AXIS2_PLACEMENT_3D('',#14341,#11267,#11268);
#9162=AXIS2_PLACEMENT_3D('',#14377,#11288,#11289);
#9163=AXIS2_PLACEMENT_3D('',#14378,#11290,#11291);
#9164=AXIS2_PLACEMENT_3D('',#14379,#11292,#11293);
#9165=AXIS2_PLACEMENT_3D('',#14380,#11294,#11295);
#9166=AXIS2_PLACEMENT_3D('',#14381,#11296,#11297);
#9167=AXIS2_PLACEMENT_3D('',#14382,#11298,#11299);
#9168=AXIS2_PLACEMENT_3D('',#14383,#11300,#11301);
#9169=AXIS2_PLACEMENT_3D('',#14384,#11302,#11303);
#9170=AXIS2_PLACEMENT_3D('',#14385,#11304,#11305);
#9171=AXIS2_PLACEMENT_3D('',#14386,#11306,#11307);
#9172=AXIS2_PLACEMENT_3D('',#14387,#11308,#11309);
#9173=AXIS2_PLACEMENT_3D('',#14410,#11310,#11311);
#9174=AXIS2_PLACEMENT_3D('',#14414,#11313,#11314);
#9175=AXIS2_PLACEMENT_3D('',#14417,#11317,#11318);
#9176=AXIS2_PLACEMENT_3D('',#14440,#11319,#11320);
#9177=AXIS2_PLACEMENT_3D('',#14463,#11321,#11322);
#9178=AXIS2_PLACEMENT_3D('',#14517,#11352,#11353);
#9179=AXIS2_PLACEMENT_3D('',#14518,#11354,#11355);
#9180=AXIS2_PLACEMENT_3D('',#14519,#11356,#11357);
#9181=AXIS2_PLACEMENT_3D('',#14520,#11358,#11359);
#9182=AXIS2_PLACEMENT_3D('',#14521,#11360,#11361);
#9183=AXIS2_PLACEMENT_3D('',#14522,#11362,#11363);
#9184=AXIS2_PLACEMENT_3D('',#14523,#11364,#11365);
#9185=AXIS2_PLACEMENT_3D('',#14524,#11366,#11367);
#9186=AXIS2_PLACEMENT_3D('',#14525,#11368,#11369);
#9187=AXIS2_PLACEMENT_3D('',#14526,#11370,#11371);
#9188=AXIS2_PLACEMENT_3D('',#14527,#11372,#11373);
#9189=AXIS2_PLACEMENT_3D('',#14528,#11374,#11375);
#9190=AXIS2_PLACEMENT_3D('',#14529,#11376,#11377);
#9191=AXIS2_PLACEMENT_3D('',#14530,#11378,#11379);
#9192=AXIS2_PLACEMENT_3D('',#14531,#11380,#11381);
#9193=AXIS2_PLACEMENT_3D('',#14532,#11382,#11383);
#9194=AXIS2_PLACEMENT_3D('',#14533,#11384,#11385);
#9195=AXIS2_PLACEMENT_3D('',#14558,#11387,#11388);
#9196=AXIS2_PLACEMENT_3D('',#14583,#11390,#11391);
#9197=AXIS2_PLACEMENT_3D('',#14584,#11392,#11393);
#9198=AXIS2_PLACEMENT_3D('',#14585,#11394,#11395);
#9199=AXIS2_PLACEMENT_3D('',#14586,#11396,#11397);
#9200=AXIS2_PLACEMENT_3D('',#14587,#11398,#11399);
#9201=AXIS2_PLACEMENT_3D('',#14588,#11400,#11401);
#9202=AXIS2_PLACEMENT_3D('',#14589,#11402,#11403);
#9203=AXIS2_PLACEMENT_3D('',#14590,#11404,#11405);
#9204=AXIS2_PLACEMENT_3D('',#14591,#11406,#11407);
#9205=AXIS2_PLACEMENT_3D('',#14592,#11408,#11409);
#9206=AXIS2_PLACEMENT_3D('',#14593,#11410,#11411);
#9207=AXIS2_PLACEMENT_3D('',#14594,#11412,#11413);
#9208=AXIS2_PLACEMENT_3D('',#14595,#11414,#11415);
#9209=AXIS2_PLACEMENT_3D('',#14596,#11416,#11417);
#9210=AXIS2_PLACEMENT_3D('',#14597,#11418,#11419);
#9211=AXIS2_PLACEMENT_3D('',#14598,#11420,#11421);
#9212=AXIS2_PLACEMENT_3D('',#14607,#11426,#11427);
#9213=AXIS2_PLACEMENT_3D('',#14610,#11430,#11431);
#9214=AXIS2_PLACEMENT_3D('',#14612,#11433,#11434);
#9215=AXIS2_PLACEMENT_3D('',#14614,#11436,#11437);
#9216=AXIS2_PLACEMENT_3D('',#14615,#11438,#11439);
#9217=AXIS2_PLACEMENT_3D('',#14624,#11444,#11445);
#9218=AXIS2_PLACEMENT_3D('',#14627,#11448,#11449);
#9219=AXIS2_PLACEMENT_3D('',#14629,#11451,#11452);
#9220=AXIS2_PLACEMENT_3D('',#14631,#11454,#11455);
#9221=AXIS2_PLACEMENT_3D('',#14632,#11456,#11457);
#9222=AXIS2_PLACEMENT_3D('',#14641,#11462,#11463);
#9223=AXIS2_PLACEMENT_3D('',#14644,#11466,#11467);
#9224=AXIS2_PLACEMENT_3D('',#14646,#11469,#11470);
#9225=AXIS2_PLACEMENT_3D('',#14648,#11472,#11473);
#9226=AXIS2_PLACEMENT_3D('',#14649,#11474,#11475);
#9227=AXIS2_PLACEMENT_3D('',#14658,#11480,#11481);
#9228=AXIS2_PLACEMENT_3D('',#14661,#11484,#11485);
#9229=AXIS2_PLACEMENT_3D('',#14663,#11487,#11488);
#9230=AXIS2_PLACEMENT_3D('',#14665,#11490,#11491);
#9231=AXIS2_PLACEMENT_3D('',#14666,#11492,#11493);
#9232=AXIS2_PLACEMENT_3D('',#14675,#11498,#11499);
#9233=AXIS2_PLACEMENT_3D('',#14678,#11502,#11503);
#9234=AXIS2_PLACEMENT_3D('',#14680,#11505,#11506);
#9235=AXIS2_PLACEMENT_3D('',#14682,#11508,#11509);
#9236=AXIS2_PLACEMENT_3D('',#14683,#11510,#11511);
#9237=AXIS2_PLACEMENT_3D('',#14692,#11516,#11517);
#9238=AXIS2_PLACEMENT_3D('',#14695,#11520,#11521);
#9239=AXIS2_PLACEMENT_3D('',#14697,#11523,#11524);
#9240=AXIS2_PLACEMENT_3D('',#14699,#11526,#11527);
#9241=AXIS2_PLACEMENT_3D('',#14700,#11528,#11529);
#9242=AXIS2_PLACEMENT_3D('',#14709,#11534,#11535);
#9243=AXIS2_PLACEMENT_3D('',#14712,#11538,#11539);
#9244=AXIS2_PLACEMENT_3D('',#14714,#11541,#11542);
#9245=AXIS2_PLACEMENT_3D('',#14716,#11544,#11545);
#9246=AXIS2_PLACEMENT_3D('',#14717,#11546,#11547);
#9247=AXIS2_PLACEMENT_3D('',#14726,#11552,#11553);
#9248=AXIS2_PLACEMENT_3D('',#14729,#11556,#11557);
#9249=AXIS2_PLACEMENT_3D('',#14731,#11559,#11560);
#9250=AXIS2_PLACEMENT_3D('',#14733,#11562,#11563);
#9251=AXIS2_PLACEMENT_3D('',#14734,#11564,#11565);
#9252=AXIS2_PLACEMENT_3D('',#14743,#11570,#11571);
#9253=AXIS2_PLACEMENT_3D('',#14746,#11574,#11575);
#9254=AXIS2_PLACEMENT_3D('',#14748,#11577,#11578);
#9255=AXIS2_PLACEMENT_3D('',#14750,#11580,#11581);
#9256=AXIS2_PLACEMENT_3D('',#14751,#11582,#11583);
#9257=AXIS2_PLACEMENT_3D('',#14760,#11588,#11589);
#9258=AXIS2_PLACEMENT_3D('',#14763,#11592,#11593);
#9259=AXIS2_PLACEMENT_3D('',#14765,#11595,#11596);
#9260=AXIS2_PLACEMENT_3D('',#14767,#11598,#11599);
#9261=AXIS2_PLACEMENT_3D('',#14768,#11600,#11601);
#9262=AXIS2_PLACEMENT_3D('',#14777,#11606,#11607);
#9263=AXIS2_PLACEMENT_3D('',#14780,#11610,#11611);
#9264=AXIS2_PLACEMENT_3D('',#14782,#11613,#11614);
#9265=AXIS2_PLACEMENT_3D('',#14784,#11616,#11617);
#9266=AXIS2_PLACEMENT_3D('',#14785,#11618,#11619);
#9267=AXIS2_PLACEMENT_3D('',#14792,#11622,#11623);
#9268=AXIS2_PLACEMENT_3D('',#14796,#11625,#11626);
#9269=AXIS2_PLACEMENT_3D('',#14798,#11628,#11629);
#9270=AXIS2_PLACEMENT_3D('',#14803,#11631,#11632);
#9271=AXIS2_PLACEMENT_3D('',#14807,#11634,#11635);
#9272=AXIS2_PLACEMENT_3D('',#14811,#11638,#11639);
#9273=AXIS2_PLACEMENT_3D('',#14812,#11640,#11641);
#9274=AXIS2_PLACEMENT_3D('',#14818,#11645,#11646);
#9275=AXIS2_PLACEMENT_3D('',#14819,#11647,#11648);
#9276=AXIS2_PLACEMENT_3D('',#14820,#11649,#11650);
#9277=AXIS2_PLACEMENT_3D('',#14821,#11651,#11652);
#9278=AXIS2_PLACEMENT_3D('',#14822,#11653,#11654);
#9279=AXIS2_PLACEMENT_3D('',#14823,#11655,#11656);
#9280=AXIS2_PLACEMENT_3D('',#14824,#11657,#11658);
#9281=AXIS2_PLACEMENT_3D('',#14825,#11659,#11660);
#9282=AXIS2_PLACEMENT_3D('',#14826,#11661,#11662);
#9283=AXIS2_PLACEMENT_3D('',#14827,#11663,#11664);
#9284=AXIS2_PLACEMENT_3D('',#14828,#11665,#11666);
#9285=AXIS2_PLACEMENT_3D('',#14829,#11667,#11668);
#9286=AXIS2_PLACEMENT_3D('',#14830,#11669,#11670);
#9287=AXIS2_PLACEMENT_3D('',#14831,#11671,#11672);
#9288=AXIS2_PLACEMENT_3D('',#14832,#11673,#11674);
#9289=AXIS2_PLACEMENT_3D('',#14833,#11675,#11676);
#9290=AXIS2_PLACEMENT_3D('',#14834,#11677,#11678);
#9291=AXIS2_PLACEMENT_3D('',#14835,#11679,#11680);
#9292=AXIS2_PLACEMENT_3D('',#14836,#11681,#11682);
#9293=AXIS2_PLACEMENT_3D('',#14837,#11683,#11684);
#9294=AXIS2_PLACEMENT_3D('',#14838,#11685,#11686);
#9295=AXIS2_PLACEMENT_3D('',#14839,#11687,#11688);
#9296=AXIS2_PLACEMENT_3D('',#14840,#11689,#11690);
#9297=AXIS2_PLACEMENT_3D('',#14841,#11691,#11692);
#9298=AXIS2_PLACEMENT_3D('',#14842,#11693,#11694);
#9299=AXIS2_PLACEMENT_3D('',#14843,#11695,#11696);
#9300=AXIS2_PLACEMENT_3D('',#14844,#11697,#11698);
#9301=AXIS2_PLACEMENT_3D('',#14845,#11699,#11700);
#9302=AXIS2_PLACEMENT_3D('',#14846,#11701,#11702);
#9303=AXIS2_PLACEMENT_3D('',#14847,#11703,#11704);
#9304=AXIS2_PLACEMENT_3D('',#14848,#11705,#11706);
#9305=AXIS2_PLACEMENT_3D('',#14849,#11707,#11708);
#9306=AXIS2_PLACEMENT_3D('',#14850,#11709,#11710);
#9307=AXIS2_PLACEMENT_3D('',#14851,#11711,#11712);
#9308=AXIS2_PLACEMENT_3D('',#14972,#11713,#11714);
#9309=AXIS2_PLACEMENT_3D('',#14976,#11717,#11718);
#9310=AXIS2_PLACEMENT_3D('',#14977,#11719,#11720);
#9311=AXIS2_PLACEMENT_3D('',#14978,#11721,#11722);
#9312=AXIS2_PLACEMENT_3D('',#14980,#11723,#11724);
#9313=AXIS2_PLACEMENT_3D('',#14981,#11725,#11726);
#9314=AXIS2_PLACEMENT_3D('',#14984,#11727,#11728);
#9315=AXIS2_PLACEMENT_3D('',#14986,#11730,#11731);
#9316=AXIS2_PLACEMENT_3D('',#14987,#11732,#11733);
#9317=AXIS2_PLACEMENT_3D('',#14988,#11734,#11735);
#9318=AXIS2_PLACEMENT_3D('',#14989,#11736,#11737);
#9319=AXIS2_PLACEMENT_3D('',#14990,#11738,#11739);
#9320=AXIS2_PLACEMENT_3D('',#14993,#11740,#11741);
#9321=AXIS2_PLACEMENT_3D('',#14997,#11743,#11744);
#9322=AXIS2_PLACEMENT_3D('',#15001,#11746,#11747);
#9323=AXIS2_PLACEMENT_3D('',#15002,#11748,#11749);
#9324=AXIS2_PLACEMENT_3D('',#15003,#11750,#11751);
#9325=AXIS2_PLACEMENT_3D('',#15010,#11753,#11754);
#9326=AXIS2_PLACEMENT_3D('',#15013,#11756,#11757);
#9327=AXIS2_PLACEMENT_3D('',#15014,#11758,#11759);
#9328=AXIS2_PLACEMENT_3D('',#15018,#11762,#11763);
#9329=AXIS2_PLACEMENT_3D('',#15023,#11764,#11765);
#9330=AXIS2_PLACEMENT_3D('',#15024,#11766,#11767);
#9331=AXIS2_PLACEMENT_3D('',#15025,#11768,#11769);
#9332=AXIS2_PLACEMENT_3D('',#15026,#11770,#11771);
#9333=AXIS2_PLACEMENT_3D('',#15036,#11773,#11774);
#9334=AXIS2_PLACEMENT_3D('',#15038,#11776,#11777);
#9335=AXIS2_PLACEMENT_3D('',#15047,#11778,#11779);
#9336=AXIS2_PLACEMENT_3D('',#15048,#11780,#11781);
#9337=AXIS2_PLACEMENT_3D('',#15049,#11782,#11783);
#9338=AXIS2_PLACEMENT_3D('',#15052,#11784,#11785);
#9339=AXIS2_PLACEMENT_3D('',#15055,#11788,#11789);
#9340=AXIS2_PLACEMENT_3D('',#15059,#11792,#11793);
#9341=AXIS2_PLACEMENT_3D('',#15060,#11794,#11795);
#9342=AXIS2_PLACEMENT_3D('',#15061,#11796,#11797);
#9343=AXIS2_PLACEMENT_3D('',#15062,#11798,#11799);
#9344=AXIS2_PLACEMENT_3D('',#15063,#11800,#11801);
#9345=AXIS2_PLACEMENT_3D('',#15064,#11802,#11803);
#9346=AXIS2_PLACEMENT_3D('',#15069,#11805,#11806);
#9347=AXIS2_PLACEMENT_3D('',#15072,#11808,#11809);
#9348=AXIS2_PLACEMENT_3D('',#15073,#11810,#11811);
#9349=AXIS2_PLACEMENT_3D('',#15080,#11813,#11814);
#9350=AXIS2_PLACEMENT_3D('',#15087,#11816,#11817);
#9351=AXIS2_PLACEMENT_3D('',#15089,#11819,#11820);
#9352=AXIS2_PLACEMENT_3D('',#15090,#11821,#11822);
#9353=AXIS2_PLACEMENT_3D('',#15093,#11823,#11824);
#9354=AXIS2_PLACEMENT_3D('',#15097,#11826,#11827);
#9355=AXIS2_PLACEMENT_3D('',#15099,#11829,#11830);
#9356=AXIS2_PLACEMENT_3D('',#15108,#11831,#11832);
#9357=AXIS2_PLACEMENT_3D('',#15109,#11833,#11834);
#9358=AXIS2_PLACEMENT_3D('',#15110,#11835,#11836);
#9359=AXIS2_PLACEMENT_3D('',#15119,#11839,#11840);
#9360=AXIS2_PLACEMENT_3D('',#15123,#11843,#11844);
#9361=AXIS2_PLACEMENT_3D('',#15124,#11845,#11846);
#9362=AXIS2_PLACEMENT_3D('',#15125,#11847,#11848);
#9363=AXIS2_PLACEMENT_3D('',#15126,#11849,#11850);
#9364=AXIS2_PLACEMENT_3D('',#15127,#11851,#11852);
#9365=AXIS2_PLACEMENT_3D('',#15128,#11853,#11854);
#9366=AXIS2_PLACEMENT_3D('',#15133,#11856,#11857);
#9367=AXIS2_PLACEMENT_3D('',#15136,#11859,#11860);
#9368=AXIS2_PLACEMENT_3D('',#15137,#11861,#11862);
#9369=AXIS2_PLACEMENT_3D('',#15144,#11864,#11865);
#9370=AXIS2_PLACEMENT_3D('',#15148,#11868,#11869);
#9371=AXIS2_PLACEMENT_3D('',#15153,#11870,#11871);
#9372=AXIS2_PLACEMENT_3D('',#15154,#11872,#11873);
#9373=AXIS2_PLACEMENT_3D('',#15164,#11875,#11876);
#9374=AXIS2_PLACEMENT_3D('',#15166,#11878,#11879);
#9375=AXIS2_PLACEMENT_3D('',#15172,#11883,#11884);
#9376=AXIS2_PLACEMENT_3D('',#15173,#11885,#11886);
#9377=AXIS2_PLACEMENT_3D('',#15174,#11887,#11888);
#9378=AXIS2_PLACEMENT_3D('',#15183,#11889,#11890);
#9379=AXIS2_PLACEMENT_3D('',#15184,#11891,#11892);
#9380=AXIS2_PLACEMENT_3D('',#15185,#11893,#11894);
#9381=AXIS2_PLACEMENT_3D('',#15187,#11895,#11896);
#9382=AXIS2_PLACEMENT_3D('',#15189,#11898,#11899);
#9383=AXIS2_PLACEMENT_3D('',#15190,#11900,#11901);
#9384=AXIS2_PLACEMENT_3D('',#15191,#11902,#11903);
#9385=AXIS2_PLACEMENT_3D('',#15192,#11904,#11905);
#9386=AXIS2_PLACEMENT_3D('',#15197,#11907,#11908);
#9387=AXIS2_PLACEMENT_3D('',#15200,#11910,#11911);
#9388=AXIS2_PLACEMENT_3D('',#15201,#11912,#11913);
#9389=AXIS2_PLACEMENT_3D('',#15207,#11917,#11918);
#9390=AXIS2_PLACEMENT_3D('',#15212,#11919,#11920);
#9391=AXIS2_PLACEMENT_3D('',#15217,#11921,#11922);
#9392=AXIS2_PLACEMENT_3D('',#15218,#11923,#11924);
#9393=AXIS2_PLACEMENT_3D('',#15221,#11925,#11926);
#9394=AXIS2_PLACEMENT_3D('',#15225,#11928,#11929);
#9395=AXIS2_PLACEMENT_3D('',#15229,#11931,#11932);
#9396=AXIS2_PLACEMENT_3D('',#15230,#11933,#11934);
#9397=AXIS2_PLACEMENT_3D('',#15231,#11935,#11936);
#9398=AXIS2_PLACEMENT_3D('',#15235,#11938,#11939);
#9399=AXIS2_PLACEMENT_3D('',#15237,#11941,#11942);
#9400=AXIS2_PLACEMENT_3D('',#15244,#11943,#11944);
#9401=AXIS2_PLACEMENT_3D('',#15248,#11947,#11948);
#9402=AXIS2_PLACEMENT_3D('',#15253,#11949,#11950);
#9403=AXIS2_PLACEMENT_3D('',#15254,#11951,#11952);
#9404=AXIS2_PLACEMENT_3D('',#15255,#11953,#11954);
#9405=AXIS2_PLACEMENT_3D('',#15256,#11955,#11956);
#9406=AXIS2_PLACEMENT_3D('',#15264,#11957,#11958);
#9407=AXIS2_PLACEMENT_3D('',#15266,#11959,#11960);
#9408=AXIS2_PLACEMENT_3D('',#15267,#11961,#11962);
#9409=AXIS2_PLACEMENT_3D('',#15268,#11963,#11964);
#9410=AXIS2_PLACEMENT_3D('',#15271,#11965,#11966);
#9411=AXIS2_PLACEMENT_3D('',#15274,#11969,#11970);
#9412=AXIS2_PLACEMENT_3D('',#15280,#11974,#11975);
#9413=AXIS2_PLACEMENT_3D('',#15287,#11977,#11978);
#9414=AXIS2_PLACEMENT_3D('',#15288,#11979,#11980);
#9415=AXIS2_PLACEMENT_3D('',#15289,#11981,#11982);
#9416=AXIS2_PLACEMENT_3D('',#15290,#11983,#11984);
#9417=AXIS2_PLACEMENT_3D('',#15291,#11985,#11986);
#9418=AXIS2_PLACEMENT_3D('',#15292,#11987,#11988);
#9419=AXIS2_PLACEMENT_3D('',#15295,#11989,#11990);
#9420=AXIS2_PLACEMENT_3D('',#15302,#11992,#11993);
#9421=AXIS2_PLACEMENT_3D('',#15311,#11996,#11997);
#9422=AXIS2_PLACEMENT_3D('',#15315,#12000,#12001);
#9423=AXIS2_PLACEMENT_3D('',#15316,#12002,#12003);
#9424=AXIS2_PLACEMENT_3D('',#15317,#12004,#12005);
#9425=AXIS2_PLACEMENT_3D('',#15318,#12006,#12007);
#9426=AXIS2_PLACEMENT_3D('',#15323,#12009,#12010);
#9427=AXIS2_PLACEMENT_3D('',#15326,#12012,#12013);
#9428=AXIS2_PLACEMENT_3D('',#15327,#12014,#12015);
#9429=AXIS2_PLACEMENT_3D('',#15334,#12017,#12018);
#9430=AXIS2_PLACEMENT_3D('',#15338,#12021,#12022);
#9431=AXIS2_PLACEMENT_3D('',#15343,#12023,#12024);
#9432=AXIS2_PLACEMENT_3D('',#15344,#12025,#12026);
#9433=AXIS2_PLACEMENT_3D('',#15354,#12028,#12029);
#9434=AXIS2_PLACEMENT_3D('',#15356,#12031,#12032);
#9435=AXIS2_PLACEMENT_3D('',#15362,#12036,#12037);
#9436=AXIS2_PLACEMENT_3D('',#15363,#12038,#12039);
#9437=AXIS2_PLACEMENT_3D('',#15364,#12040,#12041);
#9438=AXIS2_PLACEMENT_3D('',#15373,#12042,#12043);
#9439=AXIS2_PLACEMENT_3D('',#15374,#12044,#12045);
#9440=AXIS2_PLACEMENT_3D('',#15375,#12046,#12047);
#9441=AXIS2_PLACEMENT_3D('',#15377,#12048,#12049);
#9442=AXIS2_PLACEMENT_3D('',#15379,#12051,#12052);
#9443=AXIS2_PLACEMENT_3D('',#15380,#12053,#12054);
#9444=AXIS2_PLACEMENT_3D('',#15381,#12055,#12056);
#9445=AXIS2_PLACEMENT_3D('',#15382,#12057,#12058);
#9446=AXIS2_PLACEMENT_3D('',#15387,#12060,#12061);
#9447=AXIS2_PLACEMENT_3D('',#15390,#12063,#12064);
#9448=AXIS2_PLACEMENT_3D('',#15391,#12065,#12066);
#9449=AXIS2_PLACEMENT_3D('',#15398,#12068,#12069);
#9450=AXIS2_PLACEMENT_3D('',#15402,#12072,#12073);
#9451=AXIS2_PLACEMENT_3D('',#15407,#12074,#12075);
#9452=AXIS2_PLACEMENT_3D('',#15408,#12076,#12077);
#9453=AXIS2_PLACEMENT_3D('',#15409,#12078,#12079);
#9454=DIRECTION('axis',(0.,0.,1.));
#9455=DIRECTION('refdir',(1.,0.,0.));
#9456=DIRECTION('axis',(0.,0.,1.));
#9457=DIRECTION('refdir',(1.,0.,0.));
#9458=DIRECTION('center_axis',(-1.,2.21856500801215E-20,-5.94462702252833E-21));
#9459=DIRECTION('ref_axis',(2.2968275074863E-20,0.965925826289065,-0.258819045102533));
#9460=DIRECTION('',(-2.2968275074863E-20,-0.965925826289065,0.258819045102533));
#9461=DIRECTION('',(0.,0.258819045102533,0.965925826289065));
#9462=DIRECTION('',(-2.2968275074863E-20,-0.965925826289065,0.258819045102533));
#9463=DIRECTION('',(0.,-0.258819045102533,-0.965925826289065));
#9464=DIRECTION('center_axis',(1.,-2.21856500801215E-20,5.94462702252833E-21));
#9465=DIRECTION('ref_axis',(-2.2968275074863E-20,-0.965925826289065,0.258819045102533));
#9466=DIRECTION('',(0.,0.258819045102533,0.965925826289065));
#9467=DIRECTION('',(2.2968275074863E-20,0.965925826289065,-0.258819045102533));
#9468=DIRECTION('',(0.,-0.258819045102533,-0.965925826289065));
#9469=DIRECTION('',(2.2968275074863E-20,0.965925826289065,-0.258819045102533));
#9470=DIRECTION('center_axis',(0.,-0.258819045102533,-0.965925826289065));
#9471=DIRECTION('ref_axis',(1.,1.18291797137867E-16,-3.16961915143191E-17));
#9472=DIRECTION('center_axis',(2.63760175957427E-17,0.258819045102533,0.965925826289065));
#9473=DIRECTION('ref_axis',(-1.,3.42113882891801E-49,0.));
#9474=DIRECTION('center_axis',(-6.16297582203915E-33,-0.258819045102533,
-0.965925826289065));
#9475=DIRECTION('ref_axis',(-1.,1.59509551725017E-33,5.9529775133027E-33));
#9476=DIRECTION('center_axis',(0.,0.258819045102533,0.965925826289065));
#9477=DIRECTION('ref_axis',(1.,1.22015405694814E-16,-1.77994951922922E-17));
#9478=DIRECTION('center_axis',(-2.63760175957427E-17,-0.258819045102533,
-0.965925826289065));
#9479=DIRECTION('ref_axis',(-1.,6.82661568773774E-18,2.54772765903827E-17));
#9480=DIRECTION('center_axis',(0.,-0.258819045102533,-0.965925826289065));
#9481=DIRECTION('ref_axis',(-1.,0.,0.));
#9482=DIRECTION('center_axis',(-6.16297582203915E-33,-0.258819045102533,
-0.965925826289065));
#9483=DIRECTION('ref_axis',(-1.,0.,0.));
#9484=DIRECTION('center_axis',(0.,-0.258819045102533,-0.965925826289065));
#9485=DIRECTION('ref_axis',(-1.,0.,0.));
#9486=DIRECTION('center_axis',(-2.63760175957427E-17,-0.258819045102533,
-0.965925826289065));
#9487=DIRECTION('ref_axis',(9.84366377686367E-17,0.965925826289065,-0.258819045102533));
#9488=DIRECTION('center_axis',(-2.63760175957427E-17,-0.258819045102533,
-0.965925826289065));
#9489=DIRECTION('ref_axis',(0.499999999999997,0.836516303737807,-0.224143868042025));
#9490=DIRECTION('center_axis',(2.63760175957427E-17,0.258819045102533,0.965925826289065));
#9491=DIRECTION('ref_axis',(0.,0.965925826289065,-0.258819045102532));
#9492=DIRECTION('',(0.,-0.965925826289065,0.258819045102533));
#9493=DIRECTION('',(1.,1.23259516440783E-32,-2.73064627509498E-17));
#9494=DIRECTION('',(-5.47327358255864E-17,0.965925826289065,-0.258819045102533));
#9495=DIRECTION('center_axis',(2.63760175957427E-17,0.258819045102533,0.965925826289065));
#9496=DIRECTION('ref_axis',(0.,0.965925826289065,-0.258819045102532));
#9497=DIRECTION('center_axis',(-2.63760175957427E-17,-0.258819045102533,
-0.965925826289065));
#9498=DIRECTION('ref_axis',(-0.499999999999997,0.836516303737807,-0.224143868042025));
#9499=DIRECTION('',(1.,6.05969437127233E-16,-1.89675484067142E-16));
#9500=DIRECTION('center_axis',(-2.63760175957427E-17,-0.258819045102533,
-0.965925826289065));
#9501=DIRECTION('ref_axis',(6.95974634711977E-16,0.965925826289065,-0.258819045102533));
#9502=DIRECTION('center_axis',(-2.63760175957427E-17,-0.258819045102533,
-0.965925826289065));
#9503=DIRECTION('ref_axis',(0.796150037447384,0.584481005432076,-0.156611213396865));
#9504=DIRECTION('center_axis',(2.63760175957427E-17,0.258819045102533,0.965925826289065));
#9505=DIRECTION('ref_axis',(0.,0.965925826289065,-0.258819045102533));
#9506=DIRECTION('center_axis',(-2.63760175957427E-17,-0.258819045102533,
-0.965925826289065));
#9507=DIRECTION('ref_axis',(0.442007099941113,0.866446624115044,-0.232163673216313));
#9508=DIRECTION('center_axis',(-2.63760175957427E-17,-0.258819045102533,
-0.965925826289065));
#9509=DIRECTION('ref_axis',(6.95974634711977E-16,0.965925826289065,-0.258819045102533));
#9510=DIRECTION('',(-4.7687431930208E-16,-0.965925826289065,0.258819045102533));
#9511=DIRECTION('center_axis',(-2.63760175957427E-17,-0.258819045102533,
-0.965925826289065));
#9512=DIRECTION('ref_axis',(0.866025403784442,-0.482962913144527,0.129409522551267));
#9513=DIRECTION('center_axis',(2.63760175957427E-17,0.258819045102533,0.965925826289065));
#9514=DIRECTION('ref_axis',(0.,0.965925826289065,-0.258819045102533));
#9515=DIRECTION('center_axis',(-2.63760175957427E-17,-0.258819045102533,
-0.965925826289065));
#9516=DIRECTION('ref_axis',(0.866025403784442,0.482962913144527,-0.129409522551267));
#9517=DIRECTION('',(-4.7687431930208E-16,-0.965925826289065,0.258819045102533));
#9518=DIRECTION('center_axis',(-2.63760175957427E-17,-0.258819045102533,
-0.965925826289065));
#9519=DIRECTION('ref_axis',(0.866025403784439,-0.482962913144531,0.129409522551266));
#9520=DIRECTION('center_axis',(2.63760175957427E-17,0.258819045102533,0.965925826289065));
#9521=DIRECTION('ref_axis',(0.,0.965925826289065,-0.258819045102533));
#9522=DIRECTION('center_axis',(-2.63760175957427E-17,-0.258819045102533,
-0.965925826289065));
#9523=DIRECTION('ref_axis',(0.866025403784437,0.482962913144536,-0.129409522551267));
#9524=DIRECTION('',(-4.7687431930208E-16,-0.965925826289065,0.258819045102533));
#9525=DIRECTION('center_axis',(-2.63760175957427E-17,-0.258819045102533,
-0.965925826289065));
#9526=DIRECTION('ref_axis',(0.866025403784439,-0.482962913144531,0.129409522551266));
#9527=DIRECTION('center_axis',(2.63760175957427E-17,0.258819045102533,0.965925826289065));
#9528=DIRECTION('ref_axis',(0.,0.965925826289065,-0.258819045102533));
#9529=DIRECTION('center_axis',(-2.63760175957427E-17,-0.258819045102533,
-0.965925826289065));
#9530=DIRECTION('ref_axis',(0.866025403784442,0.482962913144527,-0.129409522551267));
#9531=DIRECTION('',(-4.7687431930208E-16,-0.965925826289065,0.258819045102533));
#9532=DIRECTION('center_axis',(-2.63760175957427E-17,-0.258819045102533,
-0.965925826289065));
#9533=DIRECTION('ref_axis',(0.866025403784437,-0.482962913144535,0.129409522551266));
#9534=DIRECTION('center_axis',(2.63760175957427E-17,0.258819045102533,0.965925826289065));
#9535=DIRECTION('ref_axis',(0.,0.965925826289065,-0.258819045102533));
#9536=DIRECTION('center_axis',(-2.63760175957427E-17,-0.258819045102533,
-0.965925826289065));
#9537=DIRECTION('ref_axis',(0.866025403784437,0.482962913144535,-0.129409522551266));
#9538=DIRECTION('',(-4.7687431930208E-16,-0.965925826289065,0.258819045102533));
#9539=DIRECTION('center_axis',(-2.63760175957427E-17,-0.258819045102533,
-0.965925826289065));
#9540=DIRECTION('ref_axis',(1.,6.72259874110401E-16,-1.80131490371739E-16));
#9541=DIRECTION('center_axis',(-2.63760175957427E-17,-0.258819045102533,
-0.965925826289065));
#9542=DIRECTION('ref_axis',(0.589370652259584,-0.780335501147638,0.209090267357853));
#9543=DIRECTION('center_axis',(2.63760175957427E-17,0.258819045102533,0.965925826289065));
#9544=DIRECTION('ref_axis',(0.,0.965925826289065,-0.258819045102533));
#9545=DIRECTION('center_axis',(-2.63760175957427E-17,-0.258819045102533,
-0.965925826289065));
#9546=DIRECTION('ref_axis',(0.888171443493958,-0.443854727764438,0.118930515861222));
#9547=DIRECTION('center_axis',(-2.63760175957427E-17,-0.258819045102533,
-0.965925826289065));
#9548=DIRECTION('ref_axis',(1.,6.72259874110401E-16,-1.80131490371739E-16));
#9549=DIRECTION('',(-1.,8.23888019441033E-16,-1.93453666711963E-16));
#9550=DIRECTION('center_axis',(-2.63760175957427E-17,-0.258819045102533,
-0.965925826289065));
#9551=DIRECTION('ref_axis',(-0.500000000000005,-0.836516303737802,0.224143868042024));
#9552=DIRECTION('center_axis',(2.63760175957427E-17,0.258819045102533,0.965925826289065));
#9553=DIRECTION('ref_axis',(0.,0.965925826289065,-0.258819045102533));
#9554=DIRECTION('center_axis',(-2.63760175957427E-17,-0.258819045102533,
-0.965925826289065));
#9555=DIRECTION('ref_axis',(0.500000000000004,-0.836516303737804,0.224143868042021));
#9556=DIRECTION('',(-1.,8.23888019441033E-16,-1.93453666711963E-16));
#9557=DIRECTION('center_axis',(-2.63760175957427E-17,-0.258819045102533,
-0.965925826289065));
#9558=DIRECTION('ref_axis',(-0.499999999999992,-0.83651630373781,0.224143868042025));
#9559=DIRECTION('center_axis',(2.63760175957427E-17,0.258819045102533,0.965925826289065));
#9560=DIRECTION('ref_axis',(0.,0.965925826289065,-0.258819045102533));
#9561=DIRECTION('center_axis',(-2.63760175957427E-17,-0.258819045102533,
-0.965925826289065));
#9562=DIRECTION('ref_axis',(0.499999999999992,-0.83651630373781,0.224143868042023));
#9563=DIRECTION('',(-1.,8.23888019441033E-16,-1.93453666711963E-16));
#9564=DIRECTION('center_axis',(-2.63760175957427E-17,-0.258819045102533,
-0.965925826289065));
#9565=DIRECTION('ref_axis',(-2.08792390413593E-15,-0.965925826289065,0.258819045102532));
#9566=DIRECTION('center_axis',(-2.63760175957427E-17,-0.258819045102533,
-0.965925826289065));
#9567=DIRECTION('ref_axis',(-0.88817144349396,-0.443854727764434,0.118930515861218));
#9568=DIRECTION('center_axis',(2.63760175957427E-17,0.258819045102533,0.965925826289065));
#9569=DIRECTION('ref_axis',(0.,0.965925826289065,-0.258819045102533));
#9570=DIRECTION('center_axis',(-2.63760175957427E-17,-0.258819045102533,
-0.965925826289065));
#9571=DIRECTION('ref_axis',(-2.08792390413593E-15,-0.965925826289065,0.258819045102533));
#9572=DIRECTION('',(4.1726502938932E-16,0.965925826289065,-0.258819045102533));
#9573=DIRECTION('center_axis',(-2.63760175957427E-17,-0.258819045102533,
-0.965925826289065));
#9574=DIRECTION('ref_axis',(-0.866025403784437,0.482962913144535,-0.129409522551266));
#9575=DIRECTION('center_axis',(2.63760175957427E-17,0.258819045102533,0.965925826289065));
#9576=DIRECTION('ref_axis',(0.,0.965925826289065,-0.258819045102533));
#9577=DIRECTION('center_axis',(-2.63760175957427E-17,-0.258819045102533,
-0.965925826289065));
#9578=DIRECTION('ref_axis',(-0.866025403784437,-0.482962913144535,0.129409522551266));
#9579=DIRECTION('',(4.1726502938932E-16,0.965925826289065,-0.258819045102533));
#9580=DIRECTION('center_axis',(-2.63760175957427E-17,-0.258819045102533,
-0.965925826289065));
#9581=DIRECTION('ref_axis',(-0.866025403784435,0.48296291314454,-0.129409522551267));
#9582=DIRECTION('center_axis',(2.63760175957427E-17,0.258819045102533,0.965925826289065));
#9583=DIRECTION('ref_axis',(0.,0.965925826289065,-0.258819045102532));
#9584=DIRECTION('center_axis',(-2.63760175957427E-17,-0.258819045102533,
-0.965925826289065));
#9585=DIRECTION('ref_axis',(-0.866025403784439,-0.482962913144531,0.129409522551266));
#9586=DIRECTION('',(4.1726502938932E-16,0.965925826289065,-0.258819045102533));
#9587=DIRECTION('center_axis',(-2.63760175957427E-17,-0.258819045102533,
-0.965925826289065));
#9588=DIRECTION('ref_axis',(-0.866025403784439,0.482962913144532,-0.129409522551266));
#9589=DIRECTION('center_axis',(2.63760175957427E-17,0.258819045102533,0.965925826289065));
#9590=DIRECTION('ref_axis',(0.,0.965925826289065,-0.258819045102533));
#9591=DIRECTION('center_axis',(-2.63760175957427E-17,-0.258819045102533,
-0.965925826289065));
#9592=DIRECTION('ref_axis',(-0.86602540378444,-0.482962913144529,0.129409522551266));
#9593=DIRECTION('',(4.1726502938932E-16,0.965925826289065,-0.258819045102533));
#9594=DIRECTION('center_axis',(-2.63760175957427E-17,-0.258819045102533,
-0.965925826289065));
#9595=DIRECTION('ref_axis',(-0.866025403784442,0.482962913144527,-0.129409522551267));
#9596=DIRECTION('center_axis',(2.63760175957427E-17,0.258819045102533,0.965925826289065));
#9597=DIRECTION('ref_axis',(0.,0.965925826289065,-0.258819045102533));
#9598=DIRECTION('center_axis',(-2.63760175957427E-17,-0.258819045102533,
-0.965925826289065));
#9599=DIRECTION('ref_axis',(-0.866025403784442,-0.482962913144527,0.129409522551267));
#9600=DIRECTION('',(4.1726502938932E-16,0.965925826289065,-0.258819045102533));
#9601=DIRECTION('center_axis',(-2.63760175957427E-17,-0.258819045102533,
-0.965925826289065));
#9602=DIRECTION('ref_axis',(-1.,-6.722598741104E-16,1.80131490371739E-16));
#9603=DIRECTION('center_axis',(-2.63760175957427E-17,-0.258819045102533,
-0.965925826289065));
#9604=DIRECTION('ref_axis',(-0.442007099941126,0.866446624115037,-0.232163673216314));
#9605=DIRECTION('center_axis',(2.63760175957427E-17,0.258819045102533,0.965925826289065));
#9606=DIRECTION('ref_axis',(0.,0.965925826289065,-0.258819045102533));
#9607=DIRECTION('center_axis',(-2.63760175957427E-17,-0.258819045102533,
-0.965925826289065));
#9608=DIRECTION('ref_axis',(-0.796150037447384,0.584481005432076,-0.156611213396865));
#9609=DIRECTION('center_axis',(-2.63760175957427E-17,-0.258819045102533,
-0.965925826289065));
#9610=DIRECTION('ref_axis',(-1.,-6.722598741104E-16,1.80131490371739E-16));
#9611=DIRECTION('',(1.,6.05969437127233E-16,-1.89675484067142E-16));
#9612=DIRECTION('center_axis',(-2.63760175957427E-17,-0.258819045102533,
-0.965925826289065));
#9613=DIRECTION('ref_axis',(-1.,6.82661568773774E-18,2.54772765903827E-17));
#9614=DIRECTION('center_axis',(-2.63760175957427E-17,-0.258819045102533,
-0.965925826289065));
#9615=DIRECTION('ref_axis',(-1.,6.82661568773773E-18,2.54772765903827E-17));
#9616=DIRECTION('center_axis',(-2.63760175957427E-17,-0.258819045102533,
-0.965925826289065));
#9617=DIRECTION('ref_axis',(-1.,6.82661568773773E-18,2.54772765903827E-17));
#9618=DIRECTION('center_axis',(-2.63760175957427E-17,-0.258819045102533,
-0.965925826289065));
#9619=DIRECTION('ref_axis',(-1.,6.82661568773773E-18,2.54772765903827E-17));
#9620=DIRECTION('center_axis',(-2.63760175957427E-17,-0.258819045102533,
-0.965925826289065));
#9621=DIRECTION('ref_axis',(-9.81307786677361E-17,-0.965925826289065,0.258819045102533));
#9622=DIRECTION('',(0.,-0.965925826289065,0.258819045102533));
#9623=DIRECTION('center_axis',(-2.63760175957427E-17,-0.258819045102533,
-0.965925826289065));
#9624=DIRECTION('ref_axis',(-4.90653893338678E-17,0.965925826289065,-0.258819045102533));
#9625=DIRECTION('',(1.,-3.23038922781206E-17,-1.86506609026449E-17));
#9626=DIRECTION('center_axis',(-2.63760175957427E-17,-0.258819045102533,
-0.965925826289065));
#9627=DIRECTION('ref_axis',(9.81307786677357E-17,0.965925826289065,-0.258819045102533));
#9628=DIRECTION('',(0.,0.965925826289065,-0.258819045102533));
#9629=DIRECTION('center_axis',(-2.63760175957427E-17,-0.258819045102533,
-0.965925826289065));
#9630=DIRECTION('ref_axis',(9.81307786677358E-17,-0.965925826289065,0.258819045102533));
#9631=DIRECTION('',(-1.,-1.8650660902645E-17,3.23038922781204E-17));
#9632=DIRECTION('center_axis',(-2.63760175957427E-17,-0.258819045102533,
-0.965925826289065));
#9633=DIRECTION('ref_axis',(-1.,6.82661568773773E-18,2.54772765903827E-17));
#9634=DIRECTION('center_axis',(-2.63760175957427E-17,-0.258819045102533,
-0.965925826289065));
#9635=DIRECTION('ref_axis',(-1.,6.82661568773773E-18,2.54772765903827E-17));
#9636=DIRECTION('center_axis',(-2.63760175957427E-17,-0.258819045102533,
-0.965925826289065));
#9637=DIRECTION('ref_axis',(-1.,6.82661568773773E-18,2.54772765903827E-17));
#9638=DIRECTION('center_axis',(0.,-0.258819045102533,-0.965925826289065));
#9639=DIRECTION('ref_axis',(-1.,0.,0.));
#9640=DIRECTION('center_axis',(2.63760175957427E-17,0.258819045102533,0.965925826289065));
#9641=DIRECTION('ref_axis',(-1.,0.,0.));
#9642=DIRECTION('center_axis',(0.,-0.258819045102534,-0.965925826289065));
#9643=DIRECTION('ref_axis',(-1.,0.,0.));
#9644=DIRECTION('',(-0.707106781186546,0.183012701892229,0.683012701892219));
#9645=DIRECTION('center_axis',(0.,0.258819045102533,0.965925826289065));
#9646=DIRECTION('ref_axis',(-1.,0.,0.));
#9647=DIRECTION('center_axis',(0.,-0.258819045102533,-0.965925826289065));
#9648=DIRECTION('ref_axis',(-1.,0.,0.));
#9649=DIRECTION('',(0.,0.258819045102533,0.965925826289065));
#9650=DIRECTION('center_axis',(-2.63760175957427E-17,-0.258819045102533,
-0.965925826289065));
#9651=DIRECTION('ref_axis',(-1.,0.,0.));
#9652=DIRECTION('center_axis',(0.,-0.258819045102534,-0.965925826289065));
#9653=DIRECTION('ref_axis',(-1.,9.50922327591448E-34,3.54889044062276E-33));
#9654=DIRECTION('center_axis',(-6.16297582203915E-33,-0.258819045102533,
-0.965925826289065));
#9655=DIRECTION('ref_axis',(-1.,1.59509551725017E-33,5.9529775133027E-33));
#9656=DIRECTION('',(-0.707106781186546,0.183012701892229,0.683012701892219));
#9657=DIRECTION('center_axis',(6.16297582203915E-33,0.258819045102533,0.965925826289065));
#9658=DIRECTION('ref_axis',(-1.,1.01819608003512E-49,0.));
#9659=DIRECTION('center_axis',(0.,-0.258819045102533,-0.965925826289065));
#9660=DIRECTION('ref_axis',(-1.,1.01819608003512E-49,0.));
#9661=DIRECTION('',(0.,0.258819045102533,0.965925826289065));
#9662=DIRECTION('center_axis',(-2.63760175957427E-17,-0.258819045102533,
-0.965925826289065));
#9663=DIRECTION('ref_axis',(-1.,1.01819608003512E-49,0.));
#9664=DIRECTION('center_axis',(-6.16297582203915E-33,-0.258819045102533,
-0.965925826289065));
#9665=DIRECTION('ref_axis',(-1.,1.59509551725017E-33,5.9529775133027E-33));
#9666=DIRECTION('center_axis',(0.,0.258819045102532,0.965925826289065));
#9667=DIRECTION('ref_axis',(-1.,3.72360855694785E-18,1.38966963220269E-17));
#9668=DIRECTION('center_axis',(0.,0.258819045102535,0.965925826289065));
#9669=DIRECTION('ref_axis',(-1.,4.26663480483609E-18,1.59232978689892E-17));
#9670=DIRECTION('',(-0.707106781186567,-0.183012701892224,-0.683012701892198));
#9671=DIRECTION('center_axis',(2.63760175957427E-17,0.258819045102533,0.965925826289065));
#9672=DIRECTION('ref_axis',(-1.,0.,0.));
#9673=DIRECTION('center_axis',(0.,-0.258819045102533,-0.965925826289065));
#9674=DIRECTION('ref_axis',(-1.,0.,0.));
#9675=DIRECTION('center_axis',(-3.08148791101958E-33,-0.258819045102533,
-0.965925826289065));
#9676=DIRECTION('ref_axis',(-1.,0.,0.));
#9677=DIRECTION('',(0.,0.258819045102533,0.965925826289065));
#9678=DIRECTION('center_axis',(0.,0.258819045102533,0.965925826289065));
#9679=DIRECTION('ref_axis',(-1.,4.26663480483609E-18,1.59232978689892E-17));
#9680=DIRECTION('',(-0.707106781186565,-0.183012701892224,-0.683012701892201));
#9681=DIRECTION('center_axis',(2.63760175957427E-17,0.258819045102533,0.965925826289065));
#9682=DIRECTION('ref_axis',(-1.,0.,0.));
#9683=DIRECTION('center_axis',(0.,-0.258819045102533,-0.965925826289065));
#9684=DIRECTION('ref_axis',(-1.,0.,0.));
#9685=DIRECTION('center_axis',(-3.08148791101958E-33,-0.258819045102533,
-0.965925826289065));
#9686=DIRECTION('ref_axis',(-1.,0.,0.));
#9687=DIRECTION('',(0.,0.258819045102533,0.965925826289065));
#9688=DIRECTION('center_axis',(0.,0.258819045102533,0.965925826289065));
#9689=DIRECTION('ref_axis',(-1.,4.26663480483609E-18,1.59232978689892E-17));
#9690=DIRECTION('',(-0.707106781186546,-0.183012701892228,-0.683012701892218));
#9691=DIRECTION('center_axis',(2.63760175957427E-17,0.258819045102533,0.965925826289065));
#9692=DIRECTION('ref_axis',(-1.,0.,0.));
#9693=DIRECTION('center_axis',(0.,-0.258819045102533,-0.965925826289065));
#9694=DIRECTION('ref_axis',(-1.,0.,0.));
#9695=DIRECTION('center_axis',(-3.08148791101958E-33,-0.258819045102533,
-0.965925826289065));
#9696=DIRECTION('ref_axis',(-1.,0.,0.));
#9697=DIRECTION('',(0.,0.258819045102533,0.965925826289065));
#9698=DIRECTION('center_axis',(0.,0.258819045102533,0.965925826289065));
#9699=DIRECTION('ref_axis',(-1.,4.26663480483609E-18,1.59232978689892E-17));
#9700=DIRECTION('',(-0.707106781186548,-0.183012701892228,-0.683012701892216));
#9701=DIRECTION('center_axis',(2.63760175957427E-17,0.258819045102533,0.965925826289065));
#9702=DIRECTION('ref_axis',(-1.,0.,0.));
#9703=DIRECTION('center_axis',(0.,-0.258819045102533,-0.965925826289065));
#9704=DIRECTION('ref_axis',(-1.,0.,0.));
#9705=DIRECTION('center_axis',(-3.08148791101958E-33,-0.258819045102533,
-0.965925826289065));
#9706=DIRECTION('ref_axis',(-1.,0.,0.));
#9707=DIRECTION('',(0.,0.258819045102533,0.965925826289065));
#9708=DIRECTION('center_axis',(0.,0.258819045102533,0.965925826289065));
#9709=DIRECTION('ref_axis',(-1.,4.26663480483609E-18,1.59232978689892E-17));
#9710=DIRECTION('',(-0.707106781186546,-0.183012701892228,-0.683012701892218));
#9711=DIRECTION('center_axis',(2.63760175957427E-17,0.258819045102533,0.965925826289065));
#9712=DIRECTION('ref_axis',(-1.,0.,0.));
#9713=DIRECTION('center_axis',(0.,-0.258819045102533,-0.965925826289065));
#9714=DIRECTION('ref_axis',(-1.,0.,0.));
#9715=DIRECTION('center_axis',(-3.08148791101958E-33,-0.258819045102533,
-0.965925826289065));
#9716=DIRECTION('ref_axis',(-1.,0.,0.));
#9717=DIRECTION('',(0.,0.258819045102533,0.965925826289065));
#9718=DIRECTION('center_axis',(0.,0.258819045102534,0.965925826289065));
#9719=DIRECTION('ref_axis',(-1.,4.26663480483609E-18,1.59232978689892E-17));
#9720=DIRECTION('',(-0.707106781186548,-0.183012701892229,-0.683012701892216));
#9721=DIRECTION('center_axis',(2.63760175957427E-17,0.258819045102533,0.965925826289065));
#9722=DIRECTION('ref_axis',(-1.,0.,0.));
#9723=DIRECTION('center_axis',(0.,-0.258819045102533,-0.965925826289065));
#9724=DIRECTION('ref_axis',(-1.,0.,0.));
#9725=DIRECTION('center_axis',(-3.08148791101958E-33,-0.258819045102533,
-0.965925826289065));
#9726=DIRECTION('ref_axis',(-1.,0.,0.));
#9727=DIRECTION('',(0.,0.258819045102533,0.965925826289065));
#9728=DIRECTION('center_axis',(0.,-0.258819045102533,-0.965925826289065));
#9729=DIRECTION('ref_axis',(-1.,0.,0.));
#9730=DIRECTION('center_axis',(6.16297582203915E-33,0.258819045102533,0.965925826289065));
#9731=DIRECTION('ref_axis',(-1.,0.,0.));
#9732=DIRECTION('',(0.,0.258819045102533,0.965925826289065));
#9733=DIRECTION('center_axis',(-2.63760175957427E-17,-0.258819045102533,
-0.965925826289065));
#9734=DIRECTION('ref_axis',(-1.,0.,0.));
#9735=DIRECTION('center_axis',(0.,-0.258819045102533,-0.965925826289065));
#9736=DIRECTION('ref_axis',(-1.,0.,0.));
#9737=DIRECTION('center_axis',(-2.63760175957427E-17,-0.258819045102533,
-0.965925826289065));
#9738=DIRECTION('ref_axis',(9.84366377686367E-17,0.965925826289065,-0.258819045102533));
#9739=DIRECTION('center_axis',(0.,-0.258819045102533,-0.965925826289065));
#9740=DIRECTION('ref_axis',(-1.,0.,0.));
#9741=DIRECTION('center_axis',(6.16297582203915E-33,0.258819045102533,0.965925826289065));
#9742=DIRECTION('ref_axis',(-1.,0.,0.));
#9743=DIRECTION('',(0.,0.258819045102533,0.965925826289065));
#9744=DIRECTION('center_axis',(-2.63760175957427E-17,-0.258819045102533,
-0.965925826289065));
#9745=DIRECTION('ref_axis',(-1.,0.,0.));
#9746=DIRECTION('center_axis',(0.,-0.258819045102533,-0.965925826289065));
#9747=DIRECTION('ref_axis',(-1.,0.,0.));
#9748=DIRECTION('center_axis',(-2.63760175957427E-17,-0.258819045102533,
-0.965925826289065));
#9749=DIRECTION('ref_axis',(9.84366377686367E-17,0.965925826289065,-0.258819045102533));
#9750=DIRECTION('center_axis',(0.,-0.258819045102533,-0.965925826289065));
#9751=DIRECTION('ref_axis',(-1.,0.,0.));
#9752=DIRECTION('center_axis',(6.16297582203915E-33,0.258819045102533,0.965925826289065));
#9753=DIRECTION('ref_axis',(-1.,0.,0.));
#9754=DIRECTION('',(0.,0.258819045102533,0.965925826289065));
#9755=DIRECTION('center_axis',(-2.63760175957427E-17,-0.258819045102533,
-0.965925826289065));
#9756=DIRECTION('ref_axis',(-1.,0.,0.));
#9757=DIRECTION('center_axis',(0.,-0.258819045102533,-0.965925826289065));
#9758=DIRECTION('ref_axis',(-1.,0.,0.));
#9759=DIRECTION('center_axis',(-2.63760175957427E-17,-0.258819045102533,
-0.965925826289065));
#9760=DIRECTION('ref_axis',(9.84366377686367E-17,0.965925826289065,-0.258819045102533));
#9761=DIRECTION('center_axis',(0.,-0.258819045102533,-0.965925826289065));
#9762=DIRECTION('ref_axis',(-1.,0.,0.));
#9763=DIRECTION('center_axis',(6.16297582203915E-33,0.258819045102533,0.965925826289065));
#9764=DIRECTION('ref_axis',(-1.,0.,0.));
#9765=DIRECTION('',(0.,0.258819045102533,0.965925826289065));
#9766=DIRECTION('center_axis',(-2.63760175957427E-17,-0.258819045102533,
-0.965925826289065));
#9767=DIRECTION('ref_axis',(-1.,0.,0.));
#9768=DIRECTION('center_axis',(0.,-0.258819045102533,-0.965925826289065));
#9769=DIRECTION('ref_axis',(-1.,0.,0.));
#9770=DIRECTION('center_axis',(-2.63760175957427E-17,-0.258819045102533,
-0.965925826289065));
#9771=DIRECTION('ref_axis',(9.84366377686367E-17,0.965925826289065,-0.258819045102533));
#9772=DIRECTION('center_axis',(-2.63760175957427E-17,-0.258819045102533,
-0.965925826289065));
#9773=DIRECTION('ref_axis',(9.84366377686367E-17,0.965925826289065,-0.258819045102533));
#9774=DIRECTION('center_axis',(0.,-0.258819045102533,-0.965925826289065));
#9775=DIRECTION('ref_axis',(-1.,0.,0.));
#9776=DIRECTION('center_axis',(6.16297582203915E-33,0.258819045102533,0.965925826289065));
#9777=DIRECTION('ref_axis',(-1.,0.,0.));
#9778=DIRECTION('',(0.,0.258819045102533,0.965925826289065));
#9779=DIRECTION('center_axis',(-2.63760175957427E-17,-0.258819045102533,
-0.965925826289065));
#9780=DIRECTION('ref_axis',(-1.,0.,0.));
#9781=DIRECTION('center_axis',(0.,-0.258819045102533,-0.965925826289065));
#9782=DIRECTION('ref_axis',(-1.,0.,0.));
#9783=DIRECTION('center_axis',(-2.63760175957427E-17,-0.258819045102533,
-0.965925826289065));
#9784=DIRECTION('ref_axis',(9.84366377686367E-17,0.965925826289065,-0.258819045102533));
#9785=DIRECTION('center_axis',(0.,-0.258819045102533,-0.965925826289065));
#9786=DIRECTION('ref_axis',(-1.,0.,0.));
#9787=DIRECTION('center_axis',(6.16297582203915E-33,0.258819045102533,0.965925826289065));
#9788=DIRECTION('ref_axis',(-1.,0.,0.));
#9789=DIRECTION('',(0.,0.258819045102533,0.965925826289065));
#9790=DIRECTION('center_axis',(-2.63760175957427E-17,-0.258819045102533,
-0.965925826289065));
#9791=DIRECTION('ref_axis',(-1.,0.,0.));
#9792=DIRECTION('center_axis',(0.,-0.258819045102533,-0.965925826289065));
#9793=DIRECTION('ref_axis',(-1.,0.,0.));
#9794=DIRECTION('center_axis',(-2.63760175957427E-17,-0.258819045102533,
-0.965925826289065));
#9795=DIRECTION('ref_axis',(9.84366377686367E-17,0.965925826289065,-0.258819045102533));
#9796=DIRECTION('center_axis',(0.,-0.258819045102531,-0.965925826289066));
#9797=DIRECTION('ref_axis',(0.,0.965925826289065,-0.258819045102533));
#9798=DIRECTION('center_axis',(0.,0.258819045102532,0.965925826289065));
#9799=DIRECTION('ref_axis',(-1.1842378929335E-14,-0.965925826289065,0.258819045102532));
#9800=DIRECTION('center_axis',(0.,-0.258819045102533,-0.965925826289065));
#9801=DIRECTION('ref_axis',(0.,0.965925826289065,-0.258819045102533));
#9802=DIRECTION('',(8.65956056235495E-17,0.866025403784445,0.499999999999989));
#9803=DIRECTION('center_axis',(0.,0.258819045102533,0.965925826289065));
#9804=DIRECTION('ref_axis',(0.,0.965925826289065,-0.258819045102533));
#9805=DIRECTION('center_axis',(0.,-0.258819045102533,-0.965925826289065));
#9806=DIRECTION('ref_axis',(0.,0.965925826289065,-0.258819045102533));
#9807=DIRECTION('center_axis',(0.,0.258819045102533,0.965925826289065));
#9808=DIRECTION('ref_axis',(0.,0.965925826289065,-0.258819045102533));
#9809=DIRECTION('',(0.,0.258819045102533,0.965925826289065));
#9810=DIRECTION('center_axis',(0.,0.258819045102533,0.965925826289065));
#9811=DIRECTION('ref_axis',(0.,0.965925826289065,-0.258819045102533));
#9812=DIRECTION('center_axis',(0.,-0.258819045102534,-0.965925826289065));
#9813=DIRECTION('ref_axis',(0.,0.965925826289065,-0.258819045102533));
#9814=DIRECTION('center_axis',(0.,0.258819045102532,0.965925826289065));
#9815=DIRECTION('ref_axis',(-5.92118946466749E-15,-0.965925826289065,0.258819045102532));
#9816=DIRECTION('center_axis',(0.,-0.258819045102533,-0.965925826289065));
#9817=DIRECTION('ref_axis',(0.,0.965925826289065,-0.258819045102533));
#9818=DIRECTION('',(8.6595605623549E-17,0.866025403784443,0.499999999999992));
#9819=DIRECTION('center_axis',(0.,0.258819045102533,0.965925826289065));
#9820=DIRECTION('ref_axis',(0.,0.965925826289065,-0.258819045102533));
#9821=DIRECTION('center_axis',(0.,-0.258819045102533,-0.965925826289065));
#9822=DIRECTION('ref_axis',(0.,0.965925826289065,-0.258819045102533));
#9823=DIRECTION('center_axis',(0.,0.258819045102533,0.965925826289065));
#9824=DIRECTION('ref_axis',(0.,0.965925826289065,-0.258819045102533));
#9825=DIRECTION('',(0.,0.258819045102533,0.965925826289065));
#9826=DIRECTION('center_axis',(0.,0.258819045102533,0.965925826289065));
#9827=DIRECTION('ref_axis',(0.,0.965925826289065,-0.258819045102533));
#9828=DIRECTION('center_axis',(0.,-0.258819045102535,-0.965925826289064));
#9829=DIRECTION('ref_axis',(0.,0.965925826289065,-0.258819045102533));
#9830=DIRECTION('center_axis',(0.,0.258819045102532,0.965925826289065));
#9831=DIRECTION('ref_axis',(-0.724819034030747,-0.665464268800115,0.178310613416766));
#9832=DIRECTION('center_axis',(0.,-0.258819045102533,-0.965925826289065));
#9833=DIRECTION('ref_axis',(0.,0.965925826289065,-0.258819045102533));
#9834=DIRECTION('',(8.65956056235491E-17,0.866025403784445,0.499999999999989));
#9835=DIRECTION('center_axis',(0.,0.258819045102533,0.965925826289065));
#9836=DIRECTION('ref_axis',(0.,0.965925826289065,-0.258819045102533));
#9837=DIRECTION('center_axis',(0.,-0.258819045102533,-0.965925826289065));
#9838=DIRECTION('ref_axis',(0.,0.965925826289065,-0.258819045102533));
#9839=DIRECTION('center_axis',(0.,0.258819045102533,0.965925826289065));
#9840=DIRECTION('ref_axis',(0.,0.965925826289065,-0.258819045102533));
#9841=DIRECTION('',(0.,0.258819045102533,0.965925826289065));
#9842=DIRECTION('center_axis',(0.,0.258819045102533,0.965925826289065));
#9843=DIRECTION('ref_axis',(0.,0.965925826289065,-0.258819045102533));
#9844=DIRECTION('center_axis',(0.,-0.258819045102535,-0.965925826289064));
#9845=DIRECTION('ref_axis',(0.,0.965925826289065,-0.258819045102533));
#9846=DIRECTION('center_axis',(0.,0.258819045102532,0.965925826289065));
#9847=DIRECTION('ref_axis',(-1.,-2.24691826845178E-33,9.6296497219362E-34));
#9848=DIRECTION('center_axis',(0.,-0.258819045102533,-0.965925826289065));
#9849=DIRECTION('ref_axis',(0.,0.965925826289065,-0.258819045102533));
#9850=DIRECTION('',(8.65956056235491E-17,0.866025403784445,0.499999999999989));
#9851=DIRECTION('center_axis',(0.,0.258819045102533,0.965925826289065));
#9852=DIRECTION('ref_axis',(0.,0.965925826289065,-0.258819045102533));
#9853=DIRECTION('center_axis',(0.,-0.258819045102533,-0.965925826289065));
#9854=DIRECTION('ref_axis',(0.,0.965925826289065,-0.258819045102533));
#9855=DIRECTION('center_axis',(0.,0.258819045102533,0.965925826289065));
#9856=DIRECTION('ref_axis',(0.,0.965925826289065,-0.258819045102533));
#9857=DIRECTION('',(0.,0.258819045102533,0.965925826289065));
#9858=DIRECTION('center_axis',(0.,0.258819045102533,0.965925826289065));
#9859=DIRECTION('ref_axis',(0.,0.965925826289065,-0.258819045102533));
#9860=DIRECTION('center_axis',(0.,-0.258819045102535,-0.965925826289064));
#9861=DIRECTION('ref_axis',(0.,0.965925826289065,-0.258819045102533));
#9862=DIRECTION('center_axis',(0.,0.258819045102532,0.965925826289065));
#9863=DIRECTION('ref_axis',(-1.,1.14388596525462E-14,-3.06503320623283E-15));
#9864=DIRECTION('center_axis',(0.,-0.258819045102533,-0.965925826289065));
#9865=DIRECTION('ref_axis',(0.,0.965925826289065,-0.258819045102533));
#9866=DIRECTION('',(8.65956056235491E-17,0.866025403784445,0.499999999999989));
#9867=DIRECTION('center_axis',(0.,0.258819045102533,0.965925826289065));
#9868=DIRECTION('ref_axis',(0.,0.965925826289065,-0.258819045102533));
#9869=DIRECTION('center_axis',(0.,-0.258819045102533,-0.965925826289065));
#9870=DIRECTION('ref_axis',(0.,0.965925826289065,-0.258819045102533));
#9871=DIRECTION('center_axis',(0.,0.258819045102533,0.965925826289065));
#9872=DIRECTION('ref_axis',(0.,0.965925826289065,-0.258819045102533));
#9873=DIRECTION('',(0.,0.258819045102533,0.965925826289065));
#9874=DIRECTION('center_axis',(0.,0.258819045102533,0.965925826289065));
#9875=DIRECTION('ref_axis',(0.,0.965925826289065,-0.258819045102533));
#9876=DIRECTION('center_axis',(0.,-0.258819045102535,-0.965925826289064));
#9877=DIRECTION('ref_axis',(0.,0.965925826289065,-0.258819045102533));
#9878=DIRECTION('center_axis',(0.,0.258819045102532,0.965925826289065));
#9879=DIRECTION('ref_axis',(-0.570562798420646,0.793270425338982,-0.212556169849083));
#9880=DIRECTION('center_axis',(0.,-0.258819045102533,-0.965925826289065));
#9881=DIRECTION('ref_axis',(0.,0.965925826289065,-0.258819045102533));
#9882=DIRECTION('',(8.65956056235491E-17,0.866025403784445,0.499999999999989));
#9883=DIRECTION('center_axis',(0.,0.258819045102533,0.965925826289065));
#9884=DIRECTION('ref_axis',(0.,0.965925826289065,-0.258819045102533));
#9885=DIRECTION('center_axis',(0.,-0.258819045102533,-0.965925826289065));
#9886=DIRECTION('ref_axis',(0.,0.965925826289065,-0.258819045102533));
#9887=DIRECTION('center_axis',(0.,0.258819045102533,0.965925826289065));
#9888=DIRECTION('ref_axis',(0.,0.965925826289065,-0.258819045102533));
#9889=DIRECTION('',(0.,0.258819045102533,0.965925826289065));
#9890=DIRECTION('center_axis',(0.,0.258819045102533,0.965925826289065));
#9891=DIRECTION('ref_axis',(0.,0.965925826289065,-0.258819045102533));
#9892=DIRECTION('center_axis',(0.,-0.258819045102532,-0.965925826289065));
#9893=DIRECTION('ref_axis',(0.,0.965925826289065,-0.258819045102533));
#9894=DIRECTION('center_axis',(0.,0.258819045102532,0.965925826289065));
#9895=DIRECTION('ref_axis',(-1.48029736616688E-14,0.965925826289065,-0.258819045102532));
#9896=DIRECTION('center_axis',(0.,-0.258819045102533,-0.965925826289065));
#9897=DIRECTION('ref_axis',(0.,0.965925826289065,-0.258819045102533));
#9898=DIRECTION('',(8.65956056235489E-17,0.866025403784442,0.499999999999994));
#9899=DIRECTION('center_axis',(0.,0.258819045102533,0.965925826289065));
#9900=DIRECTION('ref_axis',(0.,0.965925826289065,-0.258819045102533));
#9901=DIRECTION('center_axis',(0.,-0.258819045102533,-0.965925826289065));
#9902=DIRECTION('ref_axis',(0.,0.965925826289065,-0.258819045102533));
#9903=DIRECTION('center_axis',(0.,0.258819045102533,0.965925826289065));
#9904=DIRECTION('ref_axis',(0.,0.965925826289065,-0.258819045102533));
#9905=DIRECTION('',(0.,0.258819045102533,0.965925826289065));
#9906=DIRECTION('center_axis',(0.,0.258819045102533,0.965925826289065));
#9907=DIRECTION('ref_axis',(0.,0.965925826289065,-0.258819045102533));
#9908=DIRECTION('center_axis',(0.,-0.258819045102534,-0.965925826289065));
#9909=DIRECTION('ref_axis',(0.,0.965925826289065,-0.258819045102533));
#9910=DIRECTION('center_axis',(0.,0.258819045102532,0.965925826289065));
#9911=DIRECTION('ref_axis',(5.9211894646675E-15,0.965925826289065,-0.258819045102532));
#9912=DIRECTION('center_axis',(0.,-0.258819045102533,-0.965925826289065));
#9913=DIRECTION('ref_axis',(0.,0.965925826289065,-0.258819045102533));
#9914=DIRECTION('',(8.65956056235493E-17,0.866025403784445,0.499999999999989));
#9915=DIRECTION('center_axis',(0.,0.258819045102533,0.965925826289065));
#9916=DIRECTION('ref_axis',(0.,0.965925826289065,-0.258819045102533));
#9917=DIRECTION('center_axis',(0.,-0.258819045102533,-0.965925826289065));
#9918=DIRECTION('ref_axis',(0.,0.965925826289065,-0.258819045102533));
#9919=DIRECTION('center_axis',(0.,0.258819045102533,0.965925826289065));
#9920=DIRECTION('ref_axis',(0.,0.965925826289065,-0.258819045102533));
#9921=DIRECTION('',(0.,0.258819045102533,0.965925826289065));
#9922=DIRECTION('center_axis',(0.,0.258819045102533,0.965925826289065));
#9923=DIRECTION('ref_axis',(0.,0.965925826289065,-0.258819045102533));
#9924=DIRECTION('center_axis',(0.,-0.258819045102533,-0.965925826289065));
#9925=DIRECTION('ref_axis',(0.,0.965925826289065,-0.258819045102533));
#9926=DIRECTION('center_axis',(0.,0.258819045102532,0.965925826289065));
#9927=DIRECTION('ref_axis',(1.1842378929335E-14,0.965925826289065,-0.258819045102532));
#9928=DIRECTION('center_axis',(0.,-0.258819045102533,-0.965925826289065));
#9929=DIRECTION('ref_axis',(0.,0.965925826289065,-0.258819045102533));
#9930=DIRECTION('',(8.65956056235494E-17,0.866025403784445,0.499999999999989));
#9931=DIRECTION('center_axis',(0.,0.258819045102533,0.965925826289065));
#9932=DIRECTION('ref_axis',(0.,0.965925826289065,-0.258819045102533));
#9933=DIRECTION('center_axis',(0.,-0.258819045102533,-0.965925826289065));
#9934=DIRECTION('ref_axis',(0.,0.965925826289065,-0.258819045102533));
#9935=DIRECTION('center_axis',(0.,0.258819045102533,0.965925826289065));
#9936=DIRECTION('ref_axis',(0.,0.965925826289065,-0.258819045102533));
#9937=DIRECTION('',(0.,0.258819045102533,0.965925826289065));
#9938=DIRECTION('center_axis',(0.,0.258819045102533,0.965925826289065));
#9939=DIRECTION('ref_axis',(0.,0.965925826289065,-0.258819045102533));
#9940=DIRECTION('center_axis',(0.,-0.258819045102533,-0.965925826289065));
#9941=DIRECTION('ref_axis',(0.,0.965925826289065,-0.258819045102533));
#9942=DIRECTION('center_axis',(0.,0.258819045102532,0.965925826289065));
#9943=DIRECTION('ref_axis',(-8.88178419700126E-15,-0.965925826289065,0.258819045102532));
#9944=DIRECTION('center_axis',(0.,-0.258819045102533,-0.965925826289065));
#9945=DIRECTION('ref_axis',(0.,0.965925826289065,-0.258819045102533));
#9946=DIRECTION('',(8.65956056235493E-17,0.866025403784445,0.499999999999989));
#9947=DIRECTION('center_axis',(0.,0.258819045102533,0.965925826289065));
#9948=DIRECTION('ref_axis',(0.,0.965925826289065,-0.258819045102533));
#9949=DIRECTION('center_axis',(0.,-0.258819045102533,-0.965925826289065));
#9950=DIRECTION('ref_axis',(0.,0.965925826289065,-0.258819045102533));
#9951=DIRECTION('center_axis',(0.,0.258819045102533,0.965925826289065));
#9952=DIRECTION('ref_axis',(0.,0.965925826289065,-0.258819045102533));
#9953=DIRECTION('',(0.,0.258819045102533,0.965925826289065));
#9954=DIRECTION('center_axis',(0.,0.258819045102533,0.965925826289065));
#9955=DIRECTION('ref_axis',(0.,0.965925826289065,-0.258819045102533));
#9956=DIRECTION('center_axis',(0.,-0.258819045102531,-0.965925826289066));
#9957=DIRECTION('ref_axis',(0.,0.965925826289065,-0.258819045102533));
#9958=DIRECTION('center_axis',(0.,0.258819045102532,0.965925826289065));
#9959=DIRECTION('ref_axis',(-8.88178419700126E-15,-0.965925826289065,0.258819045102532));
#9960=DIRECTION('center_axis',(0.,-0.258819045102533,-0.965925826289065));
#9961=DIRECTION('ref_axis',(0.,0.965925826289065,-0.258819045102533));
#9962=DIRECTION('',(8.65956056235504E-17,0.86602540378445,0.49999999999998));
#9963=DIRECTION('center_axis',(0.,0.258819045102533,0.965925826289065));
#9964=DIRECTION('ref_axis',(0.,0.965925826289065,-0.258819045102533));
#9965=DIRECTION('center_axis',(0.,-0.258819045102533,-0.965925826289065));
#9966=DIRECTION('ref_axis',(0.,0.965925826289065,-0.258819045102533));
#9967=DIRECTION('center_axis',(0.,0.258819045102533,0.965925826289065));
#9968=DIRECTION('ref_axis',(0.,0.965925826289065,-0.258819045102533));
#9969=DIRECTION('',(0.,0.258819045102533,0.965925826289065));
#9970=DIRECTION('center_axis',(0.,0.258819045102533,0.965925826289065));
#9971=DIRECTION('ref_axis',(0.,0.965925826289065,-0.258819045102533));
#9972=DIRECTION('center_axis',(0.,-0.258819045102537,-0.965925826289064));
#9973=DIRECTION('ref_axis',(0.,0.965925826289065,-0.258819045102533));
#9974=DIRECTION('center_axis',(0.,0.258819045102532,0.965925826289065));
#9975=DIRECTION('ref_axis',(1.77635683940025E-14,0.965925826289065,-0.258819045102532));
#9976=DIRECTION('center_axis',(0.,-0.258819045102533,-0.965925826289065));
#9977=DIRECTION('ref_axis',(0.,0.965925826289065,-0.258819045102533));
#9978=DIRECTION('',(8.65956056235494E-17,0.866025403784447,0.499999999999985));
#9979=DIRECTION('center_axis',(0.,0.258819045102533,0.965925826289065));
#9980=DIRECTION('ref_axis',(0.,0.965925826289065,-0.258819045102533));
#9981=DIRECTION('center_axis',(0.,-0.258819045102533,-0.965925826289065));
#9982=DIRECTION('ref_axis',(0.,0.965925826289065,-0.258819045102533));
#9983=DIRECTION('center_axis',(0.,0.258819045102533,0.965925826289065));
#9984=DIRECTION('ref_axis',(0.,0.965925826289065,-0.258819045102533));
#9985=DIRECTION('',(0.,0.258819045102533,0.965925826289065));
#9986=DIRECTION('center_axis',(0.,0.258819045102533,0.965925826289065));
#9987=DIRECTION('ref_axis',(0.,0.965925826289065,-0.258819045102533));
#9988=DIRECTION('center_axis',(0.,-0.258819045102529,-0.965925826289066));
#9989=DIRECTION('ref_axis',(0.,0.965925826289065,-0.258819045102533));
#9990=DIRECTION('center_axis',(0.,0.258819045102532,0.965925826289065));
#9991=DIRECTION('ref_axis',(0.83228461897016,0.535459579589189,-0.143475961930438));
#9992=DIRECTION('',(8.65956056235499E-17,0.866025403784446,0.499999999999988));
#9993=DIRECTION('center_axis',(0.,0.258819045102533,0.965925826289065));
#9994=DIRECTION('ref_axis',(0.,0.965925826289065,-0.258819045102533));
#9995=DIRECTION('center_axis',(0.,0.258819045102532,0.965925826289065));
#9996=DIRECTION('ref_axis',(0.83228461897016,0.535459579589189,-0.143475961930438));
#9997=DIRECTION('center_axis',(0.,-0.258819045102533,-0.965925826289065));
#9998=DIRECTION('ref_axis',(0.,0.965925826289065,-0.258819045102533));
#9999=DIRECTION('center_axis',(0.,0.258819045102533,0.965925826289065));
#10000=DIRECTION('ref_axis',(0.,0.965925826289065,-0.258819045102533));
#10001=DIRECTION('center_axis',(0.,0.258819045102533,0.965925826289065));
#10002=DIRECTION('ref_axis',(0.,0.965925826289065,-0.258819045102533));
#10003=DIRECTION('',(0.,-0.258819045102533,-0.965925826289065));
#10004=DIRECTION('center_axis',(0.,-0.258819045102535,-0.965925826289065));
#10005=DIRECTION('ref_axis',(0.,0.965925826289065,-0.258819045102533));
#10006=DIRECTION('center_axis',(0.,0.258819045102532,0.965925826289065));
#10007=DIRECTION('ref_axis',(-1.48029736616685E-14,-0.965925826289065,0.258819045102532));
#10008=DIRECTION('',(8.65956056235491E-17,0.866025403784445,0.49999999999999));
#10009=DIRECTION('center_axis',(0.,0.258819045102533,0.965925826289065));
#10010=DIRECTION('ref_axis',(0.,0.965925826289065,-0.258819045102533));
#10011=DIRECTION('center_axis',(0.,0.258819045102532,0.965925826289065));
#10012=DIRECTION('ref_axis',(-1.48029736616685E-14,-0.965925826289065,0.258819045102532));
#10013=DIRECTION('center_axis',(0.,-0.258819045102533,-0.965925826289065));
#10014=DIRECTION('ref_axis',(0.,0.965925826289065,-0.258819045102533));
#10015=DIRECTION('center_axis',(0.,0.258819045102533,0.965925826289065));
#10016=DIRECTION('ref_axis',(0.,0.965925826289065,-0.258819045102533));
#10017=DIRECTION('',(0.,0.258819045102533,0.965925826289065));
#10018=DIRECTION('center_axis',(0.,0.258819045102533,0.965925826289065));
#10019=DIRECTION('ref_axis',(0.,0.965925826289065,-0.258819045102533));
#10020=DIRECTION('center_axis',(0.,-0.258819045102535,-0.965925826289065));
#10021=DIRECTION('ref_axis',(0.,0.965925826289065,-0.258819045102533));
#10022=DIRECTION('center_axis',(0.,0.258819045102532,0.965925826289065));
#10023=DIRECTION('ref_axis',(0.916515138991167,-0.386370330515629,0.103527618041013));
#10024=DIRECTION('',(8.65956056235491E-17,0.866025403784445,0.49999999999999));
#10025=DIRECTION('center_axis',(0.,0.258819045102533,0.965925826289065));
#10026=DIRECTION('ref_axis',(0.,0.965925826289065,-0.258819045102533));
#10027=DIRECTION('center_axis',(0.,0.258819045102532,0.965925826289065));
#10028=DIRECTION('ref_axis',(0.916515138991167,-0.386370330515629,0.103527618041013));
#10029=DIRECTION('center_axis',(0.,-0.258819045102533,-0.965925826289065));
#10030=DIRECTION('ref_axis',(0.,0.965925826289065,-0.258819045102533));
#10031=DIRECTION('center_axis',(0.,0.258819045102533,0.965925826289065));
#10032=DIRECTION('ref_axis',(0.,0.965925826289065,-0.258819045102533));
#10033=DIRECTION('',(0.,0.258819045102533,0.965925826289065));
#10034=DIRECTION('center_axis',(0.,0.258819045102533,0.965925826289065));
#10035=DIRECTION('ref_axis',(0.,0.965925826289065,-0.258819045102533));
#10036=DIRECTION('center_axis',(0.,-0.258819045102531,-0.965925826289066));
#10037=DIRECTION('ref_axis',(0.,0.965925826289065,-0.258819045102533));
#10038=DIRECTION('center_axis',(0.,0.258819045102532,0.965925826289065));
#10039=DIRECTION('ref_axis',(0.703020309242008,-0.686937249777723,0.184064281328806));
#10040=DIRECTION('',(8.65956056235501E-17,0.866025403784449,0.499999999999983));
#10041=DIRECTION('center_axis',(0.,0.258819045102533,0.965925826289065));
#10042=DIRECTION('ref_axis',(0.,0.965925826289065,-0.258819045102533));
#10043=DIRECTION('center_axis',(0.,0.258819045102532,0.965925826289065));
#10044=DIRECTION('ref_axis',(0.703020309242008,-0.686937249777723,0.184064281328806));
#10045=DIRECTION('center_axis',(0.,-0.258819045102533,-0.965925826289065));
#10046=DIRECTION('ref_axis',(0.,0.965925826289065,-0.258819045102533));
#10047=DIRECTION('center_axis',(0.,0.258819045102533,0.965925826289065));
#10048=DIRECTION('ref_axis',(0.,0.965925826289065,-0.258819045102533));
#10049=DIRECTION('',(0.,0.258819045102533,0.965925826289065));
#10050=DIRECTION('center_axis',(0.,0.258819045102533,0.965925826289065));
#10051=DIRECTION('ref_axis',(0.,0.965925826289065,-0.258819045102533));
#10052=DIRECTION('center_axis',(1.86506609026455E-17,0.866025403784441,
0.499999999999996));
#10053=DIRECTION('ref_axis',(0.,-0.499999999999996,0.866025403784441));
#10054=DIRECTION('',(0.,-0.500000000000009,0.866025403784433));
#10055=DIRECTION('',(1.,-6.82661568773774E-18,-2.54772765903827E-17));
#10056=DIRECTION('',(0.,0.500000000000076,-0.866025403784395));
#10057=DIRECTION('',(-1.,6.82661568773774E-18,2.54772765903827E-17));
#10058=DIRECTION('center_axis',(0.,-0.258819045102554,-0.965925826289059));
#10059=DIRECTION('ref_axis',(8.29007007386801E-34,0.965925826289065,-0.258819045102533));
#10060=DIRECTION('',(0.707106781186534,0.183012701892251,0.683012701892225));
#10061=DIRECTION('center_axis',(-2.63760175957427E-17,-0.258819045102533,
-0.965925826289065));
#10062=DIRECTION('ref_axis',(1.66745512129041E-33,0.965925826289065,-0.258819045102533));
#10063=DIRECTION('center_axis',(2.63760175957427E-17,0.258819045102533,
0.965925826289065));
#10064=DIRECTION('ref_axis',(0.,0.965925826289065,-0.258819045102533));
#10065=DIRECTION('center_axis',(-0.707106781186581,0.18301270189222,0.683012701892185));
#10066=DIRECTION('ref_axis',(0.694746590606831,0.,0.719254596676438));
#10067=DIRECTION('',(0.707106781186511,0.183012701892198,0.683012701892263));
#10068=DIRECTION('',(4.7687431930208E-16,0.965925826289065,-0.258819045102533));
#10069=DIRECTION('',(-4.7687431930208E-16,-0.965925826289065,0.258819045102533));
#10070=DIRECTION('center_axis',(0.,-0.258819045102546,-0.965925826289062));
#10071=DIRECTION('ref_axis',(-1.,3.39398174476302E-18,1.26665123114162E-17));
#10072=DIRECTION('',(0.,0.866025403784414,0.500000000000042));
#10073=DIRECTION('center_axis',(-2.63760175957427E-17,-0.258819045102533,
-0.965925826289065));
#10074=DIRECTION('ref_axis',(-1.,6.82661568773774E-18,2.54772765903827E-17));
#10075=DIRECTION('center_axis',(2.63760175957427E-17,0.258819045102533,
0.965925826289065));
#10076=DIRECTION('ref_axis',(-1.,1.3879287276469E-32,2.77585745529379E-32));
#10077=DIRECTION('center_axis',(-7.29012414660953E-16,-0.499999999999871,
0.866025403784513));
#10078=DIRECTION('ref_axis',(1.,0.,8.41791027694088E-16));
#10079=DIRECTION('',(0.,0.866025403784517,0.499999999999865));
#10080=DIRECTION('',(-1.,1.02815337037936E-15,-2.48186402537549E-16));
#10081=DIRECTION('',(1.,-1.02815337037936E-15,2.48186402537549E-16));
#10082=DIRECTION('center_axis',(0.,-0.258819045102521,-0.965925826289068));
#10083=DIRECTION('ref_axis',(-1.65801401477359E-33,-0.965925826289065,0.258819045102533));
#10084=DIRECTION('',(-0.707106781186324,0.18301270189228,0.683012701892435));
#10085=DIRECTION('center_axis',(-2.63760175957427E-17,-0.258819045102533,
-0.965925826289065));
#10086=DIRECTION('ref_axis',(-3.3349102425808E-33,-0.965925826289065,0.258819045102533));
#10087=DIRECTION('center_axis',(2.63760175957427E-17,0.258819045102533,
0.965925826289065));
#10088=DIRECTION('ref_axis',(0.,-0.965925826289065,0.258819045102533));
#10089=DIRECTION('center_axis',(0.707106781186579,0.183012701892219,0.683012701892187));
#10090=DIRECTION('ref_axis',(0.694746590606833,0.,-0.719254596676435));
#10091=DIRECTION('',(-0.707106781186514,0.18301270189223,0.683012701892251));
#10092=DIRECTION('',(-4.7687431930208E-16,-0.965925826289065,0.258819045102533));
#10093=DIRECTION('',(4.7687431930208E-16,0.965925826289065,-0.258819045102533));
#10094=DIRECTION('center_axis',(0.,-0.258819045102519,-0.965925826289069));
#10095=DIRECTION('ref_axis',(1.,-3.39398174476302E-18,-1.26665123114162E-17));
#10096=DIRECTION('center_axis',(-2.63760175957427E-17,-0.258819045102533,
-0.965925826289065));
#10097=DIRECTION('ref_axis',(1.,-6.82661568773774E-18,-2.54772765903827E-17));
#10098=DIRECTION('center_axis',(2.63760175957427E-17,0.258819045102533,
0.965925826289065));
#10099=DIRECTION('ref_axis',(1.,-1.3879287276469E-32,-2.77585745529379E-32));
#10100=DIRECTION('center_axis',(0.,-0.258819045102533,-0.965925826289065));
#10101=DIRECTION('ref_axis',(-1.,1.3879287276469E-32,2.77585745529379E-32));
#10102=DIRECTION('',(0.,-0.258819045102533,-0.965925826289065));
#10103=DIRECTION('center_axis',(0.,-0.258819045102533,-0.965925826289065));
#10104=DIRECTION('ref_axis',(-1.,1.3879287276469E-32,2.77585745529379E-32));
#10105=DIRECTION('',(0.,-0.258819045102533,-0.965925826289065));
#10106=DIRECTION('center_axis',(0.,0.258819045102533,0.965925826289065));
#10107=DIRECTION('ref_axis',(-1.,1.3879287276469E-32,2.77585745529379E-32));
#10108=DIRECTION('',(0.,-0.258819045102533,-0.965925826289065));
#10109=DIRECTION('center_axis',(0.,-0.258819045102533,-0.965925826289065));
#10110=DIRECTION('ref_axis',(-1.,1.3879287276469E-32,2.77585745529379E-32));
#10111=DIRECTION('',(0.,-0.258819045102533,-0.965925826289065));
#10112=DIRECTION('center_axis',(1.,-4.60625220907897E-16,1.23424155955685E-16));
#10113=DIRECTION('ref_axis',(-4.7687431930208E-16,-0.965925826289065,0.258819045102533));
#10114=DIRECTION('',(0.,-0.258819045102533,-0.965925826289065));
#10115=DIRECTION('',(4.7687431930208E-16,0.965925826289065,-0.258819045102533));
#10116=DIRECTION('',(0.,0.258819045102533,0.965925826289065));
#10117=DIRECTION('',(-4.7687431930208E-16,-0.965925826289065,0.258819045102533));
#10118=DIRECTION('',(0.,-0.258819045102533,-0.965925826289065));
#10119=DIRECTION('',(4.7687431930208E-16,0.965925826289065,-0.258819045102533));
#10120=DIRECTION('',(0.,0.258819045102533,0.965925826289065));
#10121=DIRECTION('',(-4.7687431930208E-16,-0.965925826289065,0.258819045102533));
#10122=DIRECTION('',(0.,-0.258819045102533,-0.965925826289065));
#10123=DIRECTION('',(4.7687431930208E-16,0.965925826289065,-0.258819045102533));
#10124=DIRECTION('',(0.,0.258819045102532,0.965925826289065));
#10125=DIRECTION('',(-4.7687431930208E-16,-0.965925826289065,0.258819045102533));
#10126=DIRECTION('',(0.,-0.258819045102532,-0.965925826289065));
#10127=DIRECTION('',(4.7687431930208E-16,0.965925826289065,-0.258819045102533));
#10128=DIRECTION('',(0.,0.258819045102533,0.965925826289065));
#10129=DIRECTION('',(-4.7687431930208E-16,-0.965925826289065,0.258819045102533));
#10130=DIRECTION('',(0.,-0.258819045102533,-0.965925826289065));
#10131=DIRECTION('',(4.7687431930208E-16,0.965925826289065,-0.258819045102533));
#10132=DIRECTION('',(4.7687431930208E-16,0.965925826289065,-0.258819045102533));
#10133=DIRECTION('',(-2.2186712959341E-31,0.258819045102532,0.965925826289065));
#10134=DIRECTION('',(-4.7687431930208E-16,-0.965925826289065,0.258819045102532));
#10135=DIRECTION('',(6.65601388780229E-31,-0.258819045102532,-0.965925826289065));
#10136=DIRECTION('',(4.7687431930208E-16,0.965925826289065,-0.258819045102532));
#10137=DIRECTION('',(-1.97215226305253E-31,0.258819045102532,0.965925826289065));
#10138=DIRECTION('',(-4.7687431930208E-16,-0.965925826289065,0.258819045102533));
#10139=DIRECTION('',(1.97215226305253E-31,-0.258819045102532,-0.965925826289065));
#10140=DIRECTION('',(2.71170936169723E-31,-0.258819045102532,-0.965925826289065));
#10141=DIRECTION('',(4.7687431930208E-16,0.965925826289065,-0.258819045102533));
#10142=DIRECTION('',(-1.97215226305253E-31,0.258819045102532,0.965925826289065));
#10143=DIRECTION('',(-4.7687431930208E-16,-0.965925826289065,0.258819045102532));
#10144=DIRECTION('',(4.7687431930208E-16,0.965925826289065,-0.258819045102533));
#10145=DIRECTION('',(-3.45126646034193E-31,0.258819045102532,0.965925826289065));
#10146=DIRECTION('',(-4.7687431930208E-16,-0.965925826289065,0.258819045102533));
#10147=DIRECTION('',(-2.46519032881566E-32,-0.258819045102533,-0.965925826289065));
#10148=DIRECTION('center_axis',(0.,-0.258819045102533,-0.965925826289065));
#10149=DIRECTION('ref_axis',(0.,0.965925826289065,-0.258819045102533));
#10150=DIRECTION('',(0.,-0.258819045102533,-0.965925826289065));
#10151=DIRECTION('center_axis',(0.,-0.258819045102533,-0.965925826289065));
#10152=DIRECTION('ref_axis',(0.,0.965925826289065,-0.258819045102533));
#10153=DIRECTION('',(0.,0.258819045102533,0.965925826289065));
#10154=DIRECTION('center_axis',(0.,0.258819045102533,0.965925826289065));
#10155=DIRECTION('ref_axis',(0.,0.965925826289065,-0.258819045102533));
#10156=DIRECTION('',(0.,-0.258819045102533,-0.965925826289065));
#10157=DIRECTION('center_axis',(0.,-0.258819045102533,-0.965925826289065));
#10158=DIRECTION('ref_axis',(0.,0.965925826289065,-0.258819045102533));
#10159=DIRECTION('center_axis',(0.,-0.965925826289065,0.258819045102533));
#10160=DIRECTION('ref_axis',(-1.,0.,0.));
#10161=DIRECTION('',(0.,-0.258819045102533,-0.965925826289065));
#10162=DIRECTION('',(1.,0.,0.));
#10163=DIRECTION('',(0.,0.258819045102532,0.965925826289065));
#10164=DIRECTION('',(-2.04265350938324E-16,-0.258819045102533,-0.965925826289065));
#10165=DIRECTION('',(-1.,-1.23259516440783E-32,-4.6001077787335E-32));
#10166=DIRECTION('',(-2.04265350938324E-16,0.258819045102533,0.965925826289065));
#10167=DIRECTION('',(0.,-0.258819045102532,-0.965925826289065));
#10168=DIRECTION('',(1.,0.,0.));
#10169=DIRECTION('center_axis',(-2.63760175957427E-17,-0.258819045102533,
-0.965925826289065));
#10170=DIRECTION('ref_axis',(9.84366377686367E-17,0.965925826289065,-0.258819045102533));
#10171=DIRECTION('',(0.,-0.965925826289065,0.258819045102533));
#10172=DIRECTION('',(1.,0.,0.));
#10173=DIRECTION('',(0.,0.965925826289065,-0.258819045102533));
#10174=DIRECTION('',(1.,0.,0.));
#10175=DIRECTION('center_axis',(0.,0.258819045102533,0.965925826289065));
#10176=DIRECTION('ref_axis',(-2.08792390413593E-15,-0.965925826289065,0.258819045102533));
#10177=DIRECTION('',(0.,0.258819045102533,0.965925826289065));
#10178=DIRECTION('center_axis',(9.22592309097171E-18,0.258819045102533,
0.965925826289065));
#10179=DIRECTION('ref_axis',(-0.931044310715881,-0.35247226542466,0.0944446588749106));
#10180=DIRECTION('',(0.,-0.258819045102532,-0.965925826289065));
#10181=DIRECTION('center_axis',(0.,0.258819045102533,0.965925826289065));
#10182=DIRECTION('ref_axis',(0.,0.965925826289065,-0.258819045102533));
#10183=DIRECTION('',(0.,0.258819045102533,0.965925826289065));
#10184=DIRECTION('center_axis',(7.9019144597083E-18,-0.258819045102533,
-0.965925826289065));
#10185=DIRECTION('ref_axis',(-0.135438596138341,0.957025536577991,-0.256434219662047));
#10186=DIRECTION('center_axis',(-1.,4.60625220907897E-16,-1.23424155955685E-16));
#10187=DIRECTION('ref_axis',(-4.7687431930208E-16,-0.965925826289065,0.258819045102533));
#10188=DIRECTION('',(4.93038065763132E-32,-0.258819045102533,-0.965925826289065));
#10189=DIRECTION('',(-2.46519032881566E-32,0.258819045102533,0.965925826289065));
#10190=DIRECTION('',(0.,0.965925826289065,-0.258819045102533));
#10191=DIRECTION('center_axis',(0.,0.258819045102533,0.965925826289065));
#10192=DIRECTION('ref_axis',(-1.,-6.722598741104E-16,1.80131490371739E-16));
#10193=DIRECTION('',(0.,0.258819045102532,0.965925826289065));
#10194=DIRECTION('center_axis',(2.42926993178743E-16,0.258819045102532,
0.965925826289065));
#10195=DIRECTION('ref_axis',(-0.34657848131859,0.906058688827181,-0.242777693966456));
#10196=DIRECTION('',(0.,-0.258819045102532,-0.965925826289065));
#10197=DIRECTION('center_axis',(8.45884209238215E-16,0.965925826289065,
-0.258819045102533));
#10198=DIRECTION('ref_axis',(-1.,7.91706745974866E-16,-3.1355581433996E-16));
#10199=DIRECTION('',(-9.3912012526311E-32,0.258819045102532,0.965925826289065));
#10200=DIRECTION('',(1.,9.86634128724664E-16,-2.58319673456565E-16));
#10201=DIRECTION('',(0.,-0.258819045102532,-0.965925826289065));
#10202=DIRECTION('center_axis',(0.,0.258819045102533,0.965925826289065));
#10203=DIRECTION('ref_axis',(6.95974634711977E-16,0.965925826289065,-0.258819045102533));
#10204=DIRECTION('',(0.,-0.258819045102532,-0.965925826289065));
#10205=DIRECTION('',(0.,-0.258819045102532,-0.965925826289065));
#10206=DIRECTION('center_axis',(0.,0.258819045102533,0.965925826289065));
#10207=DIRECTION('ref_axis',(6.95974634711978E-16,0.965925826289065,-0.258819045102533));
#10208=DIRECTION('center_axis',(6.34413156928661E-16,-0.965925826289065,
0.258819045102533));
#10209=DIRECTION('ref_axis',(1.,5.83417974767814E-16,-2.73838687377469E-16));
#10210=DIRECTION('',(-3.52170046973666E-32,0.258819045102532,0.965925826289065));
#10211=DIRECTION('',(-1.,1.38065395240784E-15,-3.74494697056293E-16));
#10212=DIRECTION('center_axis',(-1.,4.60625220907897E-16,-1.23424155955684E-16));
#10213=DIRECTION('ref_axis',(-4.7687431930208E-16,-0.965925826289065,0.258819045102533));
#10214=DIRECTION('',(2.46519032881566E-32,0.258819045102533,0.965925826289065));
#10215=DIRECTION('',(5.61900271742563E-16,0.965925826289065,-0.258819045102532));
#10216=DIRECTION('',(0.,-0.258819045102532,-0.965925826289065));
#10217=DIRECTION('center_axis',(8.45884209238215E-16,0.965925826289065,
-0.258819045102533));
#10218=DIRECTION('ref_axis',(-1.,7.91706745974866E-16,-3.1355581433996E-16));
#10219=DIRECTION('',(9.3912012526311E-32,-0.258819045102532,-0.965925826289065));
#10220=DIRECTION('',(0.,-0.258819045102532,-0.965925826289065));
#10221=DIRECTION('',(1.,6.17205090462508E-15,-6.08522659068582E-16));
#10222=DIRECTION('center_axis',(0.,0.258819045102533,0.965925826289065));
#10223=DIRECTION('ref_axis',(1.,6.72259874110401E-16,-1.80131490371739E-16));
#10224=DIRECTION('',(0.,0.258819045102532,0.965925826289065));
#10225=DIRECTION('center_axis',(3.25655121773527E-16,0.258819045102532,
0.965925826289065));
#10226=DIRECTION('ref_axis',(0.502394265362506,-0.83517680638458,0.223784950807963));
#10227=DIRECTION('center_axis',(0.,-0.258819045102533,-0.965925826289065));
#10228=DIRECTION('ref_axis',(0.,0.965925826289065,-0.258819045102533));
#10229=DIRECTION('center_axis',(0.,-0.258819045102533,-0.965925826289065));
#10230=DIRECTION('ref_axis',(0.,0.965925826289065,-0.258819045102533));
#10231=DIRECTION('center_axis',(0.,-0.258819045102533,-0.965925826289065));
#10232=DIRECTION('ref_axis',(0.,0.965925826289065,-0.258819045102533));
#10233=DIRECTION('center_axis',(0.,-0.258819045102533,-0.965925826289065));
#10234=DIRECTION('ref_axis',(0.,0.965925826289065,-0.258819045102533));
#10235=DIRECTION('center_axis',(0.,-0.258819045102533,-0.965925826289065));
#10236=DIRECTION('ref_axis',(0.,0.965925826289065,-0.258819045102533));
#10237=DIRECTION('center_axis',(0.,-0.258819045102533,-0.965925826289065));
#10238=DIRECTION('ref_axis',(0.,0.965925826289065,-0.258819045102533));
#10239=DIRECTION('center_axis',(0.,-0.258819045102533,-0.965925826289065));
#10240=DIRECTION('ref_axis',(0.,0.965925826289065,-0.258819045102533));
#10241=DIRECTION('center_axis',(0.,-0.258819045102533,-0.965925826289065));
#10242=DIRECTION('ref_axis',(0.,0.965925826289065,-0.258819045102533));
#10243=DIRECTION('center_axis',(0.,-0.258819045102533,-0.965925826289065));
#10244=DIRECTION('ref_axis',(0.,0.965925826289065,-0.258819045102533));
#10245=DIRECTION('center_axis',(0.,-0.258819045102533,-0.965925826289065));
#10246=DIRECTION('ref_axis',(0.,0.965925826289065,-0.258819045102533));
#10247=DIRECTION('center_axis',(0.,-0.258819045102533,-0.965925826289065));
#10248=DIRECTION('ref_axis',(0.,0.965925826289065,-0.258819045102533));
#10249=DIRECTION('center_axis',(0.,-0.258819045102533,-0.965925826289065));
#10250=DIRECTION('ref_axis',(0.,0.965925826289065,-0.258819045102533));
#10251=DIRECTION('center_axis',(0.,-0.258819045102533,-0.965925826289065));
#10252=DIRECTION('ref_axis',(0.,0.965925826289065,-0.258819045102533));
#10253=DIRECTION('center_axis',(0.,-0.258819045102533,-0.965925826289065));
#10254=DIRECTION('ref_axis',(0.,0.965925826289065,-0.258819045102533));
#10255=DIRECTION('center_axis',(0.,-0.258819045102533,-0.965925826289065));
#10256=DIRECTION('ref_axis',(0.,0.965925826289065,-0.258819045102533));
#10257=DIRECTION('center_axis',(0.,-0.258819045102533,-0.965925826289065));
#10258=DIRECTION('ref_axis',(0.,0.965925826289065,-0.258819045102533));
#10259=DIRECTION('center_axis',(1.,0.,-2.11471052309554E-16));
#10260=DIRECTION('ref_axis',(-2.11471052309554E-16,1.60080215489556E-28,
-1.));
#10261=DIRECTION('',(0.,0.258819045102532,0.965925826289065));
#10262=DIRECTION('',(-2.11471052309554E-16,1.60080215489556E-28,-1.));
#10263=DIRECTION('center_axis',(0.,0.258819045102532,0.965925826289065));
#10264=DIRECTION('ref_axis',(0.,0.965925826289065,-0.258819045102532));
#10265=DIRECTION('',(0.,0.258819045102532,0.965925826289065));
#10266=DIRECTION('center_axis',(0.,-0.258819045102533,-0.965925826289065));
#10267=DIRECTION('ref_axis',(0.,0.965925826289065,-0.258819045102533));
#10268=DIRECTION('',(0.384776615869517,0.891558933091047,-0.238892496126513));
#10269=DIRECTION('',(0.,0.943822171925122,0.330453790691748));
#10270=DIRECTION('center_axis',(-1.,0.,-2.11471052309554E-16));
#10271=DIRECTION('ref_axis',(-2.11471052309554E-16,-1.60080215489556E-28,
1.));
#10272=DIRECTION('',(0.,-0.258819045102532,-0.965925826289065));
#10273=DIRECTION('',(-2.11471052309554E-16,-1.60080215489556E-28,1.));
#10274=DIRECTION('center_axis',(0.,0.258819045102532,0.965925826289065));
#10275=DIRECTION('ref_axis',(0.,0.965925826289065,-0.258819045102532));
#10276=DIRECTION('center_axis',(0.,-0.258819045102533,-0.965925826289065));
#10277=DIRECTION('ref_axis',(0.,0.965925826289065,-0.258819045102533));
#10278=DIRECTION('',(0.,-0.258819045102532,-0.965925826289065));
#10279=DIRECTION('',(7.59638881196754E-16,0.943822171925123,0.330453790691746));
#10280=DIRECTION('',(0.384776615869517,-0.891558933091047,0.238892496126513));
#10281=DIRECTION('center_axis',(0.,0.258819045102533,0.965925826289065));
#10282=DIRECTION('ref_axis',(0.,0.965925826289065,-0.258819045102533));
#10283=DIRECTION('center_axis',(0.998542273277508,-0.0139698247386051,-0.052136095697304));
#10284=DIRECTION('ref_axis',(-0.0539752580149996,-0.258441757664197,-0.964517770400139));
#10285=DIRECTION('center_axis',(0.,-0.258819045102533,-0.965925826289065));
#10286=DIRECTION('ref_axis',(0.,0.965925826289065,-0.258819045102533));
#10287=DIRECTION('center_axis',(0.,-0.258819045102533,-0.965925826289065));
#10288=DIRECTION('ref_axis',(0.,0.965925826289065,-0.258819045102533));
#10289=DIRECTION('',(1.,0.,0.));
#10290=DIRECTION('center_axis',(0.,-0.258819045102533,-0.965925826289065));
#10291=DIRECTION('ref_axis',(1.,-1.3879287276469E-32,-2.77585745529379E-32));
#10292=DIRECTION('center_axis',(0.,-0.258819045102533,-0.965925826289065));
#10293=DIRECTION('ref_axis',(0.,0.965925826289065,-0.258819045102533));
#10294=DIRECTION('center_axis',(0.,-0.258819045102533,-0.965925826289065));
#10295=DIRECTION('ref_axis',(0.,0.965925826289065,-0.258819045102533));
#10296=DIRECTION('center_axis',(0.,-0.258819045102533,-0.965925826289065));
#10297=DIRECTION('ref_axis',(1.,-1.3879287276469E-32,-2.77585745529379E-32));
#10298=DIRECTION('',(-4.7687431930208E-16,-0.965925826289065,0.258819045102533));
#10299=DIRECTION('center_axis',(0.,-0.258819045102533,-0.965925826289065));
#10300=DIRECTION('ref_axis',(0.,0.965925826289065,-0.258819045102533));
#10301=DIRECTION('center_axis',(0.,-0.258819045102533,-0.965925826289065));
#10302=DIRECTION('ref_axis',(0.,0.965925826289065,-0.258819045102533));
#10303=DIRECTION('',(-4.7687431930208E-16,-0.965925826289065,0.258819045102533));
#10304=DIRECTION('center_axis',(0.,-0.258819045102533,-0.965925826289065));
#10305=DIRECTION('ref_axis',(0.,0.965925826289065,-0.258819045102533));
#10306=DIRECTION('center_axis',(0.,-0.258819045102533,-0.965925826289065));
#10307=DIRECTION('ref_axis',(0.,0.965925826289065,-0.258819045102533));
#10308=DIRECTION('',(-4.7687431930208E-16,-0.965925826289065,0.258819045102533));
#10309=DIRECTION('center_axis',(0.,-0.258819045102533,-0.965925826289065));
#10310=DIRECTION('ref_axis',(0.,0.965925826289065,-0.258819045102533));
#10311=DIRECTION('center_axis',(0.,-0.258819045102533,-0.965925826289065));
#10312=DIRECTION('ref_axis',(0.,0.965925826289065,-0.258819045102533));
#10313=DIRECTION('',(-4.7687431930208E-16,-0.965925826289065,0.258819045102533));
#10314=DIRECTION('center_axis',(0.,-0.258819045102533,-0.965925826289065));
#10315=DIRECTION('ref_axis',(0.,0.965925826289065,-0.258819045102533));
#10316=DIRECTION('center_axis',(0.,-0.258819045102533,-0.965925826289065));
#10317=DIRECTION('ref_axis',(0.,0.965925826289065,-0.258819045102533));
#10318=DIRECTION('',(-4.7687431930208E-16,-0.965925826289065,0.258819045102533));
#10319=DIRECTION('center_axis',(0.,-0.258819045102533,-0.965925826289065));
#10320=DIRECTION('ref_axis',(0.,-0.965925826289065,0.258819045102533));
#10321=DIRECTION('center_axis',(0.,-0.258819045102533,-0.965925826289065));
#10322=DIRECTION('ref_axis',(0.,0.965925826289065,-0.258819045102533));
#10323=DIRECTION('center_axis',(0.,-0.258819045102533,-0.965925826289065));
#10324=DIRECTION('ref_axis',(0.,0.965925826289065,-0.258819045102533));
#10325=DIRECTION('center_axis',(0.,-0.258819045102533,-0.965925826289065));
#10326=DIRECTION('ref_axis',(0.,-0.965925826289065,0.258819045102533));
#10327=DIRECTION('',(-1.,1.02132675469162E-15,-2.73663679127932E-16));
#10328=DIRECTION('center_axis',(0.,-0.258819045102533,-0.965925826289065));
#10329=DIRECTION('ref_axis',(0.,0.965925826289065,-0.258819045102533));
#10330=DIRECTION('center_axis',(0.,-0.258819045102533,-0.965925826289065));
#10331=DIRECTION('ref_axis',(0.,0.965925826289065,-0.258819045102533));
#10332=DIRECTION('',(-1.,1.02132675469162E-15,-2.73663679127932E-16));
#10333=DIRECTION('center_axis',(0.,-0.258819045102533,-0.965925826289065));
#10334=DIRECTION('ref_axis',(0.,0.965925826289065,-0.258819045102533));
#10335=DIRECTION('center_axis',(0.,-0.258819045102533,-0.965925826289065));
#10336=DIRECTION('ref_axis',(0.,0.965925826289065,-0.258819045102533));
#10337=DIRECTION('',(-1.,1.02132675469162E-15,-2.73663679127932E-16));
#10338=DIRECTION('center_axis',(0.,-0.258819045102533,-0.965925826289065));
#10339=DIRECTION('ref_axis',(0.,0.965925826289065,-0.258819045102533));
#10340=DIRECTION('center_axis',(0.,-0.258819045102533,-0.965925826289065));
#10341=DIRECTION('ref_axis',(0.,0.965925826289065,-0.258819045102533));
#10342=DIRECTION('center_axis',(0.,-0.258819045102533,-0.965925826289065));
#10343=DIRECTION('ref_axis',(0.996619437063904,0.079357127321423,-0.021263678179431));
#10344=DIRECTION('center_axis',(0.,-0.258819045102533,-0.965925826289065));
#10345=DIRECTION('ref_axis',(0.,0.965925826289065,-0.258819045102533));
#10346=DIRECTION('center_axis',(0.,-0.258819045102533,-0.965925826289065));
#10347=DIRECTION('ref_axis',(0.,0.965925826289065,-0.258819045102533));
#10348=DIRECTION('center_axis',(0.,-0.258819045102533,-0.965925826289065));
#10349=DIRECTION('ref_axis',(0.,0.965925826289065,-0.258819045102533));
#10350=DIRECTION('center_axis',(0.,-0.258819045102533,-0.965925826289065));
#10351=DIRECTION('ref_axis',(0.,0.965925826289065,-0.258819045102533));
#10352=DIRECTION('center_axis',(0.,-0.258819045102533,-0.965925826289065));
#10353=DIRECTION('ref_axis',(0.,0.965925826289065,-0.258819045102533));
#10354=DIRECTION('center_axis',(0.,-0.258819045102533,-0.965925826289065));
#10355=DIRECTION('ref_axis',(0.,0.965925826289065,-0.258819045102533));
#10356=DIRECTION('center_axis',(0.,-0.258819045102533,-0.965925826289065));
#10357=DIRECTION('ref_axis',(0.,0.965925826289065,-0.258819045102533));
#10358=DIRECTION('center_axis',(0.,-0.258819045102533,-0.965925826289065));
#10359=DIRECTION('ref_axis',(0.,0.965925826289065,-0.258819045102533));
#10360=DIRECTION('center_axis',(0.,-0.258819045102533,-0.965925826289065));
#10361=DIRECTION('ref_axis',(0.,0.965925826289065,-0.258819045102533));
#10362=DIRECTION('center_axis',(0.,0.258819045102533,0.965925826289065));
#10363=DIRECTION('ref_axis',(0.790569415042094,-0.591506350946109,0.1584936490539));
#10364=DIRECTION('',(2.0185180503615E-16,0.965925826289065,-0.258819045102533));
#10365=DIRECTION('center_axis',(0.,0.258819045102533,0.965925826289065));
#10366=DIRECTION('ref_axis',(0.790569415042094,0.591506350946109,-0.1584936490539));
#10367=DIRECTION('center_axis',(0.,0.258819045102533,0.965925826289065));
#10368=DIRECTION('ref_axis',(0.790569415042094,-0.591506350946109,0.1584936490539));
#10369=DIRECTION('',(0.,0.965925826289065,-0.258819045102533));
#10370=DIRECTION('center_axis',(0.,0.258819045102533,0.965925826289065));
#10371=DIRECTION('ref_axis',(0.790569415042099,0.591506350946101,-0.158493649053901));
#10372=DIRECTION('center_axis',(0.,0.258819045102533,0.965925826289065));
#10373=DIRECTION('ref_axis',(0.790569415042094,-0.591506350946109,0.1584936490539));
#10374=DIRECTION('',(8.37175747565266E-16,0.965925826289065,-0.258819045102533));
#10375=DIRECTION('center_axis',(0.,0.258819045102533,0.965925826289065));
#10376=DIRECTION('ref_axis',(0.778925810259654,0.605747621077652,-0.162309585884838));
#10377=DIRECTION('center_axis',(0.,0.258819045102533,0.965925826289065));
#10378=DIRECTION('ref_axis',(0.231430544944344,0.939702320393178,-0.251792477875015));
#10379=DIRECTION('center_axis',(0.,0.258819045102533,0.965925826289065));
#10380=DIRECTION('ref_axis',(0.910789752756797,0.398802251376786,-0.10685874119612));
#10381=DIRECTION('center_axis',(0.,0.258819045102533,0.965925826289065));
#10382=DIRECTION('ref_axis',(6.01679665167472E-16,0.965925826289065,-0.258819045102532));
#10383=DIRECTION('',(-1.,1.22559210562994E-15,-3.28396414953518E-16));
#10384=DIRECTION('center_axis',(0.,0.258819045102533,0.965925826289065));
#10385=DIRECTION('ref_axis',(-0.612372435695794,0.7636314154634,-0.204614421088458));
#10386=DIRECTION('center_axis',(0.,0.258819045102533,0.965925826289065));
#10387=DIRECTION('ref_axis',(0.612372435695796,0.763631415463395,-0.204614421088469));
#10388=DIRECTION('',(-1.,-3.89961124518618E-16,1.04489768394301E-16));
#10389=DIRECTION('center_axis',(0.,0.258819045102533,0.965925826289065));
#10390=DIRECTION('ref_axis',(-0.612372435695793,0.763631415463398,-0.204614421088469));
#10391=DIRECTION('center_axis',(0.,0.258819045102533,0.965925826289065));
#10392=DIRECTION('ref_axis',(0.612372435695784,0.763631415463405,-0.204614421088468));
#10393=DIRECTION('',(-1.,3.67677631688983E-15,-9.85189244860556E-16));
#10394=DIRECTION('center_axis',(0.,0.258819045102533,0.965925826289065));
#10395=DIRECTION('ref_axis',(-0.46690682804371,0.85417450198867,-0.228875368003131));
#10396=DIRECTION('center_axis',(0.,0.258819045102533,0.965925826289065));
#10397=DIRECTION('ref_axis',(-0.910789752756789,0.3988022513768,-0.106858741196133));
#10398=DIRECTION('center_axis',(0.,0.258819045102533,0.965925826289065));
#10399=DIRECTION('ref_axis',(-0.231430544944342,0.93970232039318,-0.251792477875012));
#10400=DIRECTION('center_axis',(0.,0.258819045102533,0.965925826289065));
#10401=DIRECTION('ref_axis',(-1.,-5.81177927738221E-16,1.55726156396257E-16));
#10402=DIRECTION('',(8.37175747565266E-16,-0.965925826289065,0.258819045102533));
#10403=DIRECTION('center_axis',(0.,0.258819045102533,0.965925826289065));
#10404=DIRECTION('ref_axis',(-0.790569415042099,-0.591506350946101,0.158493649053901));
#10405=DIRECTION('center_axis',(0.,0.258819045102533,0.965925826289065));
#10406=DIRECTION('ref_axis',(-0.790569415042098,0.591506350946103,-0.158493649053898));
#10407=DIRECTION('',(-3.0626842058625E-16,-0.965925826289065,0.258819045102533));
#10408=DIRECTION('center_axis',(0.,0.258819045102533,0.965925826289065));
#10409=DIRECTION('ref_axis',(-0.790569415042098,-0.591506350946103,0.158493649053898));
#10410=DIRECTION('center_axis',(0.,0.258819045102533,0.965925826289065));
#10411=DIRECTION('ref_axis',(-0.790569415042098,0.591506350946103,-0.158493649053898));
#10412=DIRECTION('',(-2.0185180503615E-16,-0.965925826289065,0.258819045102533));
#10413=DIRECTION('center_axis',(0.,0.258819045102533,0.965925826289065));
#10414=DIRECTION('ref_axis',(-0.790569415042095,-0.591506350946109,0.158493649053894));
#10415=DIRECTION('center_axis',(0.,0.258819045102533,0.965925826289065));
#10416=DIRECTION('ref_axis',(-0.790569415042099,0.591506350946104,-0.158493649053893));
#10417=DIRECTION('',(-3.70074341541719E-16,-0.965925826289065,0.258819045102533));
#10418=DIRECTION('center_axis',(0.,0.258819045102533,0.965925826289065));
#10419=DIRECTION('ref_axis',(-0.79056941504209,-0.591506350946114,0.158493649053901));
#10420=DIRECTION('center_axis',(0.,0.258819045102533,0.965925826289065));
#10421=DIRECTION('ref_axis',(-0.79056941504209,0.591506350946114,-0.158493649053901));
#10422=DIRECTION('',(-5.10762422871194E-16,-0.965925826289065,0.258819045102533));
#10423=DIRECTION('center_axis',(0.,0.258819045102533,0.965925826289065));
#10424=DIRECTION('ref_axis',(-0.874980574809369,-0.467660740885654,0.125309317852057));
#10425=DIRECTION('center_axis',(0.,0.258819045102533,0.965925826289065));
#10426=DIRECTION('ref_axis',(-0.394930774866908,-0.887406566953311,0.237779872973226));
#10427=DIRECTION('center_axis',(0.,0.258819045102533,0.965925826289065));
#10428=DIRECTION('ref_axis',(-0.968126079158764,-0.241929028252741,0.0648246877459714));
#10429=DIRECTION('center_axis',(0.,0.258819045102533,0.965925826289065));
#10430=DIRECTION('ref_axis',(-1.80503899550241E-15,-0.965925826289065,0.258819045102532));
#10431=DIRECTION('',(1.,9.03067867306274E-16,-2.41976305755224E-16));
#10432=DIRECTION('center_axis',(0.,0.258819045102533,0.965925826289065));
#10433=DIRECTION('ref_axis',(0.612372435695794,-0.763631415463399,0.204614421088464));
#10434=DIRECTION('center_axis',(0.,0.258819045102533,0.965925826289065));
#10435=DIRECTION('ref_axis',(-0.612372435695794,-0.763631415463399,0.204614421088464));
#10436=DIRECTION('',(1.,-1.00931114581289E-15,2.70444106432309E-16));
#10437=DIRECTION('center_axis',(0.,0.258819045102533,0.965925826289065));
#10438=DIRECTION('ref_axis',(0.612372435695794,-0.763631415463399,0.204614421088461));
#10439=DIRECTION('center_axis',(0.,0.258819045102533,0.965925826289065));
#10440=DIRECTION('ref_axis',(-0.61237243569579,-0.763631415463401,0.204614421088465));
#10441=DIRECTION('',(1.,6.3214750711439E-15,-1.69383414028656E-15));
#10442=DIRECTION('center_axis',(0.,0.258819045102533,0.965925826289065));
#10443=DIRECTION('ref_axis',(0.6117210010821,-0.764118406216273,0.204744909867416));
#10444=DIRECTION('center_axis',(0.,0.258819045102533,0.965925826289065));
#10445=DIRECTION('ref_axis',(0.968126079158758,-0.241929028252764,0.064824687745974));
#10446=DIRECTION('center_axis',(0.,0.258819045102533,0.965925826289065));
#10447=DIRECTION('ref_axis',(0.394930774866898,-0.887406566953315,0.237779872973227));
#10448=DIRECTION('center_axis',(0.,0.258819045102533,0.965925826289065));
#10449=DIRECTION('ref_axis',(1.,-1.13559765012006E-30,5.34398894174148E-31));
#10450=DIRECTION('',(0.,0.965925826289065,-0.258819045102533));
#10451=DIRECTION('center_axis',(0.,0.258819045102533,0.965925826289065));
#10452=DIRECTION('ref_axis',(0.7905694150421,0.591506350946102,-0.158493649053895));
#10453=DIRECTION('center_axis',(0.,0.258819045102533,0.965925826289065));
#10454=DIRECTION('ref_axis',(0.790569415042095,-0.591506350946109,0.158493649053894));
#10455=DIRECTION('',(3.70074341541719E-16,0.965925826289065,-0.258819045102533));
#10456=DIRECTION('center_axis',(0.,0.258819045102533,0.965925826289065));
#10457=DIRECTION('ref_axis',(0.790569415042094,0.591506350946109,-0.1584936490539));
#10458=DIRECTION('center_axis',(0.,0.258819045102533,0.965925826289065));
#10459=DIRECTION('ref_axis',(0.,0.965925826289065,-0.258819045102533));
#10460=DIRECTION('center_axis',(0.,0.258819045102533,0.965925826289065));
#10461=DIRECTION('ref_axis',(0.,0.965925826289065,-0.258819045102533));
#10462=DIRECTION('center_axis',(0.998542273277508,-0.0139698247386051,-0.052136095697304));
#10463=DIRECTION('ref_axis',(-0.0539752580149996,-0.258441757664197,-0.964517770400139));
#10464=DIRECTION('center_axis',(0.,0.258819045102533,0.965925826289065));
#10465=DIRECTION('ref_axis',(-0.327244686127052,-0.912741598552352,0.244568374230407));
#10466=DIRECTION('center_axis',(-0.928476690885259,0.358735845933392,-0.0961229802139532));
#10467=DIRECTION('ref_axis',(-0.10297723551412,0.,0.994683713029358));
#10468=DIRECTION('',(-0.371390676354104,-0.896839614833481,0.240307450534882));
#10469=DIRECTION('',(0.10297723551412,1.59230452418117E-28,-0.994683713029358));
#10470=DIRECTION('',(2.04265350938324E-16,-0.258819045102533,-0.965925826289065));
#10471=DIRECTION('center_axis',(0.,0.330453790691748,-0.943822171925122));
#10472=DIRECTION('ref_axis',(-1.,0.,0.));
#10473=DIRECTION('',(-1.,0.,0.));
#10474=DIRECTION('',(1.,0.,0.));
#10475=DIRECTION('center_axis',(0.928476690885259,0.358735845933392,-0.0961229802139532));
#10476=DIRECTION('ref_axis',(-0.10297723551412,0.,-0.994683713029358));
#10477=DIRECTION('',(-0.371390676354104,0.896839614833481,-0.240307450534882));
#10478=DIRECTION('',(2.04265350938324E-16,0.258819045102533,0.965925826289065));
#10479=DIRECTION('',(0.10297723551412,-1.59227913833266E-28,0.994683713029358));
#10480=DIRECTION('center_axis',(0.,-0.965925826289065,0.258819045102533));
#10481=DIRECTION('ref_axis',(-1.,0.,0.));
#10482=DIRECTION('center_axis',(-4.37340977103284E-15,0.,1.));
#10483=DIRECTION('ref_axis',(1.,7.22141825593113E-32,4.37340977103284E-15));
#10484=DIRECTION('',(1.,1.18388459717874E-58,4.37340977103284E-15));
#10485=DIRECTION('',(0.,1.,0.));
#10486=DIRECTION('',(1.,7.22141825593113E-32,4.37340977103284E-15));
#10487=DIRECTION('',(0.,1.,0.));
#10488=DIRECTION('center_axis',(0.,1.,0.));
#10489=DIRECTION('ref_axis',(-0.513050101174864,0.,0.858358662613981));
#10490=DIRECTION('center_axis',(1.18388459717874E-58,-1.,9.92290292195613E-89));
#10491=DIRECTION('ref_axis',(-0.513050101174864,0.,0.858358662613981));
#10492=DIRECTION('center_axis',(-8.13794098206441E-32,-1.,-1.59923441699701E-28));
#10493=DIRECTION('ref_axis',(-0.513050101174864,-1.37229919823538E-28,0.858358662613981));
#10494=DIRECTION('',(0.,1.,0.));
#10495=DIRECTION('center_axis',(0.,1.,0.));
#10496=DIRECTION('ref_axis',(-1.33226762955019E-15,0.,-1.));
#10497=DIRECTION('',(0.,1.,0.));
#10498=DIRECTION('center_axis',(-1.23259516440783E-32,1.,1.60080215489556E-28));
#10499=DIRECTION('ref_axis',(-1.33226762955019E-15,1.60080215489556E-28,
-1.));
#10500=DIRECTION('',(0.,1.,0.));
#10501=DIRECTION('center_axis',(0.,0.,-1.));
#10502=DIRECTION('ref_axis',(-1.,-1.23259516440783E-32,0.));
#10503=DIRECTION('',(0.,1.,0.));
#10504=DIRECTION('',(-1.,-1.23259516440783E-32,0.));
#10505=DIRECTION('center_axis',(0.,1.,0.));
#10506=DIRECTION('ref_axis',(-1.,0.,1.77635683940025E-15));
#10507=DIRECTION('',(0.,1.,0.));
#10508=DIRECTION('center_axis',(-1.23259516440783E-32,1.,1.60080215489556E-28));
#10509=DIRECTION('ref_axis',(-1.,-1.23259516443626E-32,1.77635683940025E-15));
#10510=DIRECTION('center_axis',(1.,0.,-2.11471052309554E-16));
#10511=DIRECTION('ref_axis',(-2.11471052309554E-16,1.60080215489556E-28,
-1.));
#10512=DIRECTION('',(-2.11471052309554E-16,1.60080215489556E-28,-1.));
#10513=DIRECTION('center_axis',(-1.,0.,-2.11471052309554E-16));
#10514=DIRECTION('ref_axis',(-2.11471052309554E-16,-1.60080215489556E-28,
1.));
#10515=DIRECTION('',(-2.11471052309554E-16,-1.60080215489556E-28,1.));
#10516=DIRECTION('center_axis',(1.23259516440783E-32,-1.,-1.60080215489556E-28));
#10517=DIRECTION('ref_axis',(-1.,-1.23259516440783E-32,0.));
#10518=DIRECTION('center_axis',(3.02901412175258E-32,-1.,-1.60109333317433E-28));
#10519=DIRECTION('ref_axis',(0.525062241670342,1.36279166607263E-28,-0.851063829787235));
#10520=DIRECTION('',(-1.,4.54176064220788E-31,-2.09876542898774E-15));
#10521=DIRECTION('center_axis',(0.,0.258819045102532,0.965925826289065));
#10522=DIRECTION('ref_axis',(-1.,0.,0.));
#10523=DIRECTION('center_axis',(0.,0.258819045102531,0.965925826289066));
#10524=DIRECTION('ref_axis',(-1.,0.,0.));
#10525=DIRECTION('',(0.,0.258819045102532,0.965925826289065));
#10526=DIRECTION('center_axis',(0.,-0.258819045102531,-0.965925826289066));
#10527=DIRECTION('ref_axis',(-1.,0.,0.));
#10528=DIRECTION('center_axis',(0.,0.258819045102532,0.965925826289065));
#10529=DIRECTION('ref_axis',(-1.,1.3684555315672E-48,-1.82460737542293E-48));
#10530=DIRECTION('center_axis',(0.,0.258819045102531,0.965925826289066));
#10531=DIRECTION('ref_axis',(-1.,1.3684555315672E-48,-1.82460737542293E-48));
#10532=DIRECTION('',(0.,0.258819045102532,0.965925826289065));
#10533=DIRECTION('center_axis',(0.,-0.258819045102531,-0.965925826289066));
#10534=DIRECTION('ref_axis',(-1.,1.3684555315672E-48,-1.82460737542293E-48));
#10535=DIRECTION('center_axis',(1.,0.,0.));
#10536=DIRECTION('ref_axis',(0.,-0.258819045102533,-0.965925826289065));
#10537=DIRECTION('center_axis',(-1.,0.,0.));
#10538=DIRECTION('ref_axis',(0.,0.130526192220041,-0.991444861373812));
#10539=DIRECTION('',(1.,0.,0.));
#10540=DIRECTION('center_axis',(1.,0.,0.));
#10541=DIRECTION('ref_axis',(0.,0.130526192220041,-0.991444861373812));
#10542=DIRECTION('',(1.,0.,0.));
#10543=DIRECTION('center_axis',(0.,0.258819045102531,0.965925826289066));
#10544=DIRECTION('ref_axis',(0.,-0.965925826289065,0.258819045102531));
#10545=DIRECTION('',(0.,-0.965925826289065,0.258819045102531));
#10546=DIRECTION('',(0.,0.965925826289065,-0.258819045102531));
#10547=DIRECTION('',(1.,0.,0.));
#10548=DIRECTION('center_axis',(1.,0.,0.));
#10549=DIRECTION('ref_axis',(0.,-0.866025403784438,-0.500000000000001));
#10550=DIRECTION('center_axis',(-1.,0.,0.));
#10551=DIRECTION('ref_axis',(0.,-0.608761429008727,-0.79335334029123));
#10552=DIRECTION('center_axis',(1.,0.,0.));
#10553=DIRECTION('ref_axis',(0.,-0.608761429008729,-0.793353340291228));
#10554=DIRECTION('',(-1.,0.,0.));
#10555=DIRECTION('center_axis',(0.,0.866025403784445,0.499999999999989));
#10556=DIRECTION('ref_axis',(0.,-0.499999999999989,0.866025403784445));
#10557=DIRECTION('',(0.,-0.499999999999989,0.866025403784445));
#10558=DIRECTION('',(0.,0.499999999999989,-0.866025403784445));
#10559=DIRECTION('',(1.,1.8650660902645E-17,-3.23038922781204E-17));
#10560=DIRECTION('center_axis',(0.,-0.499999999999987,0.866025403784446));
#10561=DIRECTION('ref_axis',(0.,-0.866025403784446,-0.499999999999987));
#10562=DIRECTION('',(0.,-0.866025403784446,-0.499999999999987));
#10563=DIRECTION('',(1.,0.,0.));
#10564=DIRECTION('',(0.,0.866025403784446,0.499999999999987));
#10565=DIRECTION('center_axis',(1.,0.,0.));
#10566=DIRECTION('ref_axis',(0.,-0.258819045102533,-0.965925826289065));
#10567=DIRECTION('center_axis',(-1.,0.,0.));
#10568=DIRECTION('ref_axis',(0.,-0.258819045102533,-0.965925826289065));
#10569=DIRECTION('',(1.,0.,0.));
#10570=DIRECTION('center_axis',(1.,0.,0.));
#10571=DIRECTION('ref_axis',(0.,-0.258819045102533,-0.965925826289065));
#10572=DIRECTION('center_axis',(0.,0.258819045102531,0.965925826289066));
#10573=DIRECTION('ref_axis',(0.,-0.965925826289065,0.258819045102531));
#10574=DIRECTION('',(0.,-0.965925826289065,0.258819045102531));
#10575=DIRECTION('',(1.,0.,0.));
#10576=DIRECTION('',(0.,0.965925826289065,-0.258819045102531));
#10577=DIRECTION('center_axis',(1.,0.,0.));
#10578=DIRECTION('ref_axis',(0.,-0.866025403784438,-0.500000000000001));
#10579=DIRECTION('center_axis',(-1.,0.,0.));
#10580=DIRECTION('ref_axis',(0.,-0.866025403784438,-0.500000000000001));
#10581=DIRECTION('',(-1.,0.,0.));
#10582=DIRECTION('center_axis',(1.,0.,0.));
#10583=DIRECTION('ref_axis',(0.,-0.866025403784438,-0.500000000000001));
#10584=DIRECTION('center_axis',(0.,0.866025403784445,0.499999999999989));
#10585=DIRECTION('ref_axis',(0.,-0.499999999999989,0.866025403784445));
#10586=DIRECTION('',(0.,-0.499999999999989,0.866025403784445));
#10587=DIRECTION('',(0.,0.499999999999989,-0.866025403784445));
#10588=DIRECTION('center_axis',(1.,0.,0.));
#10589=DIRECTION('ref_axis',(0.,0.,-1.));
#10590=DIRECTION('center_axis',(1.,0.,0.));
#10591=DIRECTION('ref_axis',(0.,0.,-1.));
#10592=DIRECTION('center_axis',(1.,-4.0304706829441E-16,1.07996136461224E-16));
#10593=DIRECTION('ref_axis',(4.1726502938932E-16,0.965925826289065,-0.258819045102533));
#10594=DIRECTION('',(2.46519032881566E-32,0.258819045102533,0.965925826289065));
#10595=DIRECTION('',(9.83951615235085E-16,-0.965925826289065,0.258819045102535));
#10596=DIRECTION('',(0.,-0.258819045102532,-0.965925826289065));
#10597=DIRECTION('center_axis',(0.,0.258819045102533,0.965925826289065));
#10598=DIRECTION('ref_axis',(6.95974634711977E-16,0.965925826289065,-0.258819045102533));
#10599=DIRECTION('',(0.,0.258819045102532,0.965925826289065));
#10600=DIRECTION('center_axis',(1.44121647487133E-17,0.258819045102533,
0.965925826289065));
#10601=DIRECTION('ref_axis',(0.85462059725944,0.501559842833026,-0.134392554842997));
#10602=DIRECTION('',(0.,-0.258819045102532,-0.965925826289065));
#10603=DIRECTION('center_axis',(0.,0.258819045102532,0.965925826289065));
#10604=DIRECTION('ref_axis',(0.274152478149316,-0.928917573250369,0.248902713587527));
#10605=DIRECTION('center_axis',(-1.23259516440783E-32,1.,1.60080215489556E-28));
#10606=DIRECTION('ref_axis',(0.,0.,-1.));
#10607=DIRECTION('',(0.,0.258819045102532,0.965925826289065));
#10608=DIRECTION('center_axis',(0.,-0.258819045102533,-0.965925826289065));
#10609=DIRECTION('ref_axis',(0.916515138991165,-0.386370330515632,0.103527618041015));
#10610=DIRECTION('',(0.,-0.258819045102532,-0.965925826289065));
#10611=DIRECTION('center_axis',(1.,0.,0.));
#10612=DIRECTION('ref_axis',(0.,-0.965925826289065,0.258819045102532));
#10613=DIRECTION('',(0.,-0.258819045102532,-0.965925826289065));
#10614=DIRECTION('',(0.,-0.258819045102532,-0.965925826289065));
#10615=DIRECTION('',(0.,-0.965925826289065,0.258819045102532));
#10616=DIRECTION('center_axis',(0.,-0.258819045102532,-0.965925826289065));
#10617=DIRECTION('ref_axis',(1.,-1.13559765012006E-30,5.34398894174148E-31));
#10618=DIRECTION('',(0.,0.258819045102532,0.965925826289065));
#10619=DIRECTION('center_axis',(-1.43544768409346E-15,-0.258819045102533,
-0.965925826289065));
#10620=DIRECTION('ref_axis',(1.,-3.71521198891712E-16,-1.3865359903527E-15));
#10621=DIRECTION('center_axis',(0.,-0.258819045102532,-0.965925826289065));
#10622=DIRECTION('ref_axis',(0.6117210010821,-0.764118406216273,0.204744909867416));
#10623=DIRECTION('',(0.,-0.258819045102532,-0.965925826289065));
#10624=DIRECTION('',(0.,-0.258819045102532,-0.965925826289065));
#10625=DIRECTION('center_axis',(-3.68060087106991E-16,-0.258819045102532,
-0.965925826289065));
#10626=DIRECTION('ref_axis',(0.6117210010821,-0.764118406216273,0.204744909867416));
#10627=DIRECTION('center_axis',(6.54447256621143E-15,-0.965925826289065,
0.258819045102532));
#10628=DIRECTION('ref_axis',(-1.,-6.43992103633682E-15,1.25178778023506E-15));
#10629=DIRECTION('',(0.,0.258819045102532,0.965925826289065));
#10630=DIRECTION('',(-1.,-6.43992103633682E-15,1.25178778023506E-15));
#10631=DIRECTION('center_axis',(-1.0449157878825E-15,-0.965925826289065,
0.258819045102532));
#10632=DIRECTION('ref_axis',(-1.,1.00899883799851E-15,-2.7160965506317E-16));
#10633=DIRECTION('',(0.,-0.258819045102532,-0.965925826289065));
#10634=DIRECTION('',(0.,0.258819045102532,0.965925826289065));
#10635=DIRECTION('',(-1.,1.00899883799851E-15,-2.7160965506317E-16));
#10636=DIRECTION('center_axis',(9.34924652315922E-16,-0.965925826289065,
0.258819045102532));
#10637=DIRECTION('ref_axis',(-1.,-9.03744856128387E-16,2.39449749074943E-16));
#10638=DIRECTION('',(0.,-0.258819045102532,-0.965925826289065));
#10639=DIRECTION('',(0.,-0.258819045102532,-0.965925826289065));
#10640=DIRECTION('',(-1.,-9.03744856128387E-16,2.39449749074943E-16));
#10641=DIRECTION('center_axis',(0.,-0.258819045102532,-0.965925826289065));
#10642=DIRECTION('ref_axis',(-1.80503899550241E-15,-0.965925826289065,0.258819045102532));
#10643=DIRECTION('',(0.,0.258819045102532,0.965925826289065));
#10644=DIRECTION('center_axis',(0.,-0.258819045102533,-0.965925826289065));
#10645=DIRECTION('ref_axis',(-1.80503899550241E-15,-0.965925826289065,0.258819045102533));
#10646=DIRECTION('center_axis',(0.,-0.258819045102532,-0.965925826289065));
#10647=DIRECTION('ref_axis',(-0.874980574809369,-0.467660740885654,0.125309317852057));
#10648=DIRECTION('',(0.,-0.258819045102532,-0.965925826289065));
#10649=DIRECTION('',(0.,-0.258819045102532,-0.965925826289065));
#10650=DIRECTION('center_axis',(-8.63265549443691E-18,-0.258819045102533,
-0.965925826289065));
#10651=DIRECTION('ref_axis',(-0.874980574809369,-0.467660740885653,0.125309317852058));
#10652=DIRECTION('center_axis',(0.,-0.258819045102532,-0.965925826289065));
#10653=DIRECTION('ref_axis',(-1.48029736616688E-14,0.965925826289065,-0.258819045102532));
#10654=DIRECTION('',(0.,-0.258819045102532,-0.965925826289065));
#10655=DIRECTION('',(0.,0.258819045102532,0.965925826289065));
#10656=DIRECTION('center_axis',(-3.13246952263738E-31,0.258819045102533,
0.965925826289065));
#10657=DIRECTION('ref_axis',(-1.48029736616688E-14,0.965925826289065,-0.258819045102533));
#10658=DIRECTION('center_axis',(0.,-0.258819045102532,-0.965925826289065));
#10659=DIRECTION('ref_axis',(5.9211894646675E-15,0.965925826289065,-0.258819045102532));
#10660=DIRECTION('',(0.,-0.258819045102532,-0.965925826289065));
#10661=DIRECTION('',(0.,0.258819045102532,0.965925826289065));
#10662=DIRECTION('center_axis',(1.25298780905494E-31,0.258819045102533,
0.965925826289065));
#10663=DIRECTION('ref_axis',(5.9211894646675E-15,0.965925826289065,-0.258819045102533));
#10664=DIRECTION('center_axis',(0.,-0.258819045102532,-0.965925826289065));
#10665=DIRECTION('ref_axis',(1.1842378929335E-14,0.965925826289065,-0.258819045102532));
#10666=DIRECTION('',(0.,-0.258819045102532,-0.965925826289065));
#10667=DIRECTION('',(0.,0.258819045102532,0.965925826289065));
#10668=DIRECTION('center_axis',(5.4416732041207E-32,0.258819045102533,0.965925826289065));
#10669=DIRECTION('ref_axis',(1.1842378929335E-14,0.965925826289065,-0.258819045102533));
#10670=DIRECTION('center_axis',(-1.,-8.08649675716146E-16,2.1667702756784E-16));
#10671=DIRECTION('ref_axis',(-8.37175747565267E-16,0.965925826289065,-0.258819045102534));
#10672=DIRECTION('',(-2.46519032881566E-32,-0.258819045102532,-0.965925826289065));
#10673=DIRECTION('',(0.,-0.258819045102532,-0.965925826289065));
#10674=DIRECTION('',(-8.37175747565267E-16,0.965925826289065,-0.258819045102534));
#10675=DIRECTION('center_axis',(0.,-0.258819045102532,-0.965925826289065));
#10676=DIRECTION('ref_axis',(-1.,-5.81177927738221E-16,1.55726156396257E-16));
#10677=DIRECTION('',(0.,0.258819045102532,0.965925826289065));
#10678=DIRECTION('center_axis',(2.17492073347494E-17,-0.258819045102533,
-0.965925826289065));
#10679=DIRECTION('ref_axis',(-1.,-5.86807036812337E-16,1.34718035330307E-16));
#10680=DIRECTION('center_axis',(0.,-0.258819045102532,-0.965925826289065));
#10681=DIRECTION('ref_axis',(-0.46690682804371,0.85417450198867,-0.228875368003131));
#10682=DIRECTION('',(0.,-0.258819045102532,-0.965925826289065));
#10683=DIRECTION('',(0.,-0.258819045102532,-0.965925826289065));
#10684=DIRECTION('center_axis',(-3.25844897369704E-16,-0.258819045102532,
-0.965925826289065));
#10685=DIRECTION('ref_axis',(-0.46690682804371,0.85417450198867,-0.228875368003131));
#10686=DIRECTION('center_axis',(1.26882631385732E-15,0.965925826289065,
-0.258819045102532));
#10687=DIRECTION('ref_axis',(1.,-1.22526014486348E-15,3.2963530940008E-16));
#10688=DIRECTION('',(0.,-0.258819045102532,-0.965925826289065));
#10689=DIRECTION('',(0.,-0.258819045102532,-0.965925826289065));
#10690=DIRECTION('',(1.,-1.22526014486348E-15,3.2963530940008E-16));
#10691=DIRECTION('center_axis',(0.,-0.258819045102532,-0.965925826289065));
#10692=DIRECTION('ref_axis',(6.01679665167472E-16,0.965925826289065,-0.258819045102532));
#10693=DIRECTION('',(0.,0.258819045102532,0.965925826289065));
#10694=DIRECTION('center_axis',(0.,-0.258819045102533,-0.965925826289065));
#10695=DIRECTION('ref_axis',(6.01679665167472E-16,0.965925826289065,-0.258819045102533));
#10696=DIRECTION('center_axis',(0.,-0.258819045102532,-0.965925826289065));
#10697=DIRECTION('ref_axis',(0.778925810259654,0.605747621077652,-0.162309585884838));
#10698=DIRECTION('',(0.,-0.258819045102532,-0.965925826289065));
#10699=DIRECTION('',(0.,-0.258819045102532,-0.965925826289065));
#10700=DIRECTION('center_axis',(1.35515654101532E-18,-0.258819045102533,
-0.965925826289065));
#10701=DIRECTION('ref_axis',(0.778925810259654,0.605747621077652,-0.162309585884838));
#10702=DIRECTION('center_axis',(1.,-8.08649675716145E-16,2.1667702756784E-16));
#10703=DIRECTION('ref_axis',(-8.37175747565266E-16,-0.965925826289065,0.258819045102533));
#10704=DIRECTION('',(0.,0.258819045102532,0.965925826289065));
#10705=DIRECTION('',(-8.37175747565266E-16,-0.965925826289065,0.258819045102533));
#10706=DIRECTION('center_axis',(1.,0.,0.));
#10707=DIRECTION('ref_axis',(0.,-0.965925826289065,0.258819045102532));
#10708=DIRECTION('',(0.,-0.258819045102532,-0.965925826289065));
#10709=DIRECTION('',(0.,0.258819045102532,0.965925826289065));
#10710=DIRECTION('',(0.,-0.965925826289065,0.258819045102532));
#10711=DIRECTION('center_axis',(1.,-1.94973871567482E-16,5.22430914316787E-17));
#10712=DIRECTION('ref_axis',(-2.0185180503615E-16,-0.965925826289065,0.258819045102533));
#10713=DIRECTION('',(0.,-0.258819045102532,-0.965925826289065));
#10714=DIRECTION('',(0.,0.258819045102532,0.965925826289065));
#10715=DIRECTION('',(-2.0185180503615E-16,-0.965925826289065,0.258819045102533));
#10716=DIRECTION('center_axis',(1.,-3.57464364142067E-16,9.57822876947759E-17));
#10717=DIRECTION('ref_axis',(-3.70074341541719E-16,-0.965925826289065,0.258819045102533));
#10718=DIRECTION('',(1.23259516440783E-32,-0.258819045102532,-0.965925826289065));
#10719=DIRECTION('',(-1.23259516440783E-32,0.258819045102532,0.965925826289065));
#10720=DIRECTION('',(-3.70074341541719E-16,-0.965925826289065,0.258819045102533));
#10721=DIRECTION('center_axis',(-1.39684542616749E-17,-0.258819045102532,
-0.965925826289065));
#10722=DIRECTION('ref_axis',(0.910789752756797,0.398802251376786,-0.10685874119612));
#10723=DIRECTION('center_axis',(0.,0.258819045102533,0.965925826289065));
#10724=DIRECTION('ref_axis',(0.910789752756797,0.398802251376786,-0.10685874119612));
#10725=DIRECTION('',(0.,-0.258819045102532,-0.965925826289065));
#10726=DIRECTION('center_axis',(0.,-0.258819045102532,-0.965925826289065));
#10727=DIRECTION('ref_axis',(0.703020309242008,-0.686937249777723,0.184064281328806));
#10728=DIRECTION('',(0.,0.258819045102532,0.965925826289065));
#10729=DIRECTION('center_axis',(-6.01831438055651E-18,0.258819045102533,
0.965925826289065));
#10730=DIRECTION('ref_axis',(0.703020309242008,-0.686937249777723,0.184064281328806));
#10731=DIRECTION('center_axis',(-2.79369085233497E-17,-0.258819045102532,
-0.965925826289065));
#10732=DIRECTION('ref_axis',(0.231430544944344,0.939702320393178,-0.251792477875015));
#10733=DIRECTION('center_axis',(0.,0.258819045102533,0.965925826289065));
#10734=DIRECTION('ref_axis',(0.231430544944344,0.939702320393178,-0.251792477875015));
#10735=DIRECTION('center_axis',(0.,-0.258819045102532,-0.965925826289065));
#10736=DIRECTION('ref_axis',(0.916515138991167,-0.386370330515629,0.103527618041013));
#10737=DIRECTION('',(0.,-0.258819045102532,-0.965925826289065));
#10738=DIRECTION('',(0.,0.258819045102532,0.965925826289065));
#10739=DIRECTION('center_axis',(0.,0.258819045102533,0.965925826289065));
#10740=DIRECTION('ref_axis',(0.916515138991167,-0.386370330515629,0.103527618041014));
#10741=DIRECTION('center_axis',(0.,-0.258819045102532,-0.965925826289065));
#10742=DIRECTION('ref_axis',(-0.612372435695794,0.7636314154634,-0.204614421088458));
#10743=DIRECTION('center_axis',(0.,0.258819045102533,0.965925826289065));
#10744=DIRECTION('ref_axis',(-0.612372435695794,0.7636314154634,-0.204614421088458));
#10745=DIRECTION('center_axis',(0.,-0.258819045102532,-0.965925826289065));
#10746=DIRECTION('ref_axis',(-1.48029736616685E-14,-0.965925826289065,0.258819045102532));
#10747=DIRECTION('',(0.,-0.258819045102532,-0.965925826289065));
#10748=DIRECTION('',(0.,0.258819045102532,0.965925826289065));
#10749=DIRECTION('center_axis',(-3.13246952263742E-31,0.258819045102533,
0.965925826289065));
#10750=DIRECTION('ref_axis',(-1.48029736616685E-14,-0.965925826289065,0.258819045102533));
#10751=DIRECTION('center_axis',(0.,-0.258819045102532,-0.965925826289065));
#10752=DIRECTION('ref_axis',(-0.612372435695793,0.763631415463398,-0.204614421088469));
#10753=DIRECTION('center_axis',(0.,0.258819045102533,0.965925826289065));
#10754=DIRECTION('ref_axis',(-0.612372435695793,0.763631415463398,-0.204614421088469));
#10755=DIRECTION('',(0.,-0.258819045102532,-0.965925826289065));
#10756=DIRECTION('center_axis',(0.,-0.258819045102532,-0.965925826289065));
#10757=DIRECTION('ref_axis',(-0.910789752756789,0.3988022513768,-0.106858741196133));
#10758=DIRECTION('center_axis',(0.,0.258819045102533,0.965925826289065));
#10759=DIRECTION('ref_axis',(-0.910789752756789,0.3988022513768,-0.106858741196133));
#10760=DIRECTION('',(0.,0.258819045102532,0.965925826289065));
#10761=DIRECTION('center_axis',(0.,-0.258819045102532,-0.965925826289065));
#10762=DIRECTION('ref_axis',(0.83228461897016,0.535459579589189,-0.143475961930438));
#10763=DIRECTION('',(0.,-0.258819045102532,-0.965925826289065));
#10764=DIRECTION('center_axis',(-3.93968678575886E-16,0.258819045102532,
0.965925826289065));
#10765=DIRECTION('ref_axis',(0.83228461897016,0.535459579589189,-0.143475961930438));
#10766=DIRECTION('center_axis',(-2.79369085233498E-17,-0.258819045102532,
-0.965925826289065));
#10767=DIRECTION('ref_axis',(-0.231430544944342,0.93970232039318,-0.251792477875012));
#10768=DIRECTION('center_axis',(0.,0.258819045102533,0.965925826289065));
#10769=DIRECTION('ref_axis',(-0.231430544944342,0.93970232039318,-0.251792477875012));
#10770=DIRECTION('center_axis',(0.,-0.258819045102532,-0.965925826289065));
#10771=DIRECTION('ref_axis',(1.77635683940025E-14,0.965925826289065,-0.258819045102532));
#10772=DIRECTION('',(0.,-0.258819045102532,-0.965925826289065));
#10773=DIRECTION('',(0.,0.258819045102532,0.965925826289065));
#10774=DIRECTION('center_axis',(8.16250980617988E-32,0.258819045102533,
0.965925826289065));
#10775=DIRECTION('ref_axis',(1.77635683940025E-14,0.965925826289065,-0.258819045102533));
#10776=DIRECTION('center_axis',(0.,-0.258819045102532,-0.965925826289065));
#10777=DIRECTION('ref_axis',(-0.790569415042099,-0.591506350946101,0.158493649053901));
#10778=DIRECTION('center_axis',(0.,0.258819045102533,0.965925826289065));
#10779=DIRECTION('ref_axis',(-0.790569415042099,-0.591506350946101,0.158493649053901));
#10780=DIRECTION('center_axis',(3.80647894157197E-15,0.965925826289065,
-0.258819045102532));
#10781=DIRECTION('ref_axis',(1.,-3.51288113667933E-15,1.59685438452177E-15));
#10782=DIRECTION('',(0.,0.258819045102532,0.965925826289065));
#10783=DIRECTION('',(1.,-3.51288113667933E-15,1.59685438452177E-15));
#10784=DIRECTION('center_axis',(0.,-0.258819045102532,-0.965925826289065));
#10785=DIRECTION('ref_axis',(0.612372435695784,0.763631415463405,-0.204614421088468));
#10786=DIRECTION('center_axis',(0.,0.258819045102533,0.965925826289065));
#10787=DIRECTION('ref_axis',(0.612372435695784,0.763631415463405,-0.204614421088468));
#10788=DIRECTION('center_axis',(-4.03717463500057E-16,0.965925826289065,
-0.258819045102532));
#10789=DIRECTION('ref_axis',(1.,3.89961124518618E-16,-1.04489768394301E-16));
#10790=DIRECTION('',(0.,0.258819045102532,0.965925826289065));
#10791=DIRECTION('',(1.,3.89961124518618E-16,-1.04489768394301E-16));
#10792=DIRECTION('center_axis',(0.,-0.258819045102532,-0.965925826289065));
#10793=DIRECTION('ref_axis',(0.612372435695796,0.763631415463395,-0.204614421088469));
#10794=DIRECTION('center_axis',(0.,0.258819045102533,0.965925826289065));
#10795=DIRECTION('ref_axis',(0.612372435695796,0.763631415463395,-0.204614421088469));
#10796=DIRECTION('center_axis',(0.,-0.258819045102532,-0.965925826289065));
#10797=DIRECTION('ref_axis',(-0.790569415042098,0.591506350946103,-0.158493649053898));
#10798=DIRECTION('center_axis',(0.,0.258819045102533,0.965925826289065));
#10799=DIRECTION('ref_axis',(-0.790569415042098,0.591506350946103,-0.158493649053898));
#10800=DIRECTION('',(0.,0.258819045102532,0.965925826289065));
#10801=DIRECTION('center_axis',(-1.,2.9583257722102E-16,-7.92681001611938E-17));
#10802=DIRECTION('ref_axis',(3.0626842058625E-16,0.965925826289065,-0.258819045102532));
#10803=DIRECTION('',(0.,-0.258819045102532,-0.965925826289065));
#10804=DIRECTION('',(3.0626842058625E-16,0.965925826289065,-0.258819045102532));
#10805=DIRECTION('center_axis',(0.,-0.258819045102532,-0.965925826289065));
#10806=DIRECTION('ref_axis',(-0.790569415042098,-0.591506350946103,0.158493649053898));
#10807=DIRECTION('center_axis',(0.,0.258819045102533,0.965925826289065));
#10808=DIRECTION('ref_axis',(-0.790569415042098,-0.591506350946103,0.158493649053898));
#10809=DIRECTION('center_axis',(0.,-0.258819045102532,-0.965925826289065));
#10810=DIRECTION('ref_axis',(-0.790569415042098,0.591506350946103,-0.158493649053898));
#10811=DIRECTION('center_axis',(0.,0.258819045102533,0.965925826289065));
#10812=DIRECTION('ref_axis',(-0.790569415042098,0.591506350946103,-0.158493649053898));
#10813=DIRECTION('',(-6.16297582203915E-33,0.258819045102532,0.965925826289065));
#10814=DIRECTION('center_axis',(-1.,1.94973871567482E-16,-5.22430914316787E-17));
#10815=DIRECTION('ref_axis',(2.0185180503615E-16,0.965925826289065,-0.258819045102533));
#10816=DIRECTION('',(6.16297582203915E-33,-0.258819045102532,-0.965925826289065));
#10817=DIRECTION('',(2.0185180503615E-16,0.965925826289065,-0.258819045102533));
#10818=DIRECTION('center_axis',(0.,-0.258819045102532,-0.965925826289065));
#10819=DIRECTION('ref_axis',(-0.790569415042095,-0.591506350946109,0.158493649053894));
#10820=DIRECTION('center_axis',(0.,0.258819045102533,0.965925826289065));
#10821=DIRECTION('ref_axis',(-0.790569415042095,-0.591506350946109,0.158493649053894));
#10822=DIRECTION('center_axis',(0.,-0.258819045102532,-0.965925826289065));
#10823=DIRECTION('ref_axis',(-0.790569415042099,0.591506350946104,-0.158493649053893));
#10824=DIRECTION('center_axis',(0.,0.258819045102533,0.965925826289065));
#10825=DIRECTION('ref_axis',(-0.790569415042099,0.591506350946104,-0.158493649053893));
#10826=DIRECTION('',(-1.23259516440783E-32,0.258819045102532,0.965925826289065));
#10827=DIRECTION('center_axis',(-1.,3.57464364142066E-16,-9.57822876947758E-17));
#10828=DIRECTION('ref_axis',(3.70074341541719E-16,0.965925826289065,-0.258819045102533));
#10829=DIRECTION('',(1.23259516440783E-32,-0.258819045102532,-0.965925826289065));
#10830=DIRECTION('',(3.70074341541719E-16,0.965925826289065,-0.258819045102533));
#10831=DIRECTION('center_axis',(0.,-0.258819045102532,-0.965925826289065));
#10832=DIRECTION('ref_axis',(-0.79056941504209,-0.591506350946114,0.158493649053901));
#10833=DIRECTION('center_axis',(0.,0.258819045102533,0.965925826289065));
#10834=DIRECTION('ref_axis',(-0.79056941504209,-0.591506350946114,0.158493649053901));
#10835=DIRECTION('center_axis',(-1.,4.93358615349263E-16,-1.32195042561778E-16));
#10836=DIRECTION('ref_axis',(5.10762422871194E-16,0.965925826289065,-0.258819045102532));
#10837=DIRECTION('',(0.,0.258819045102532,0.965925826289065));
#10838=DIRECTION('',(5.10762422871194E-16,0.965925826289065,-0.258819045102532));
#10839=DIRECTION('center_axis',(0.,-0.258819045102532,-0.965925826289065));
#10840=DIRECTION('ref_axis',(-0.79056941504209,0.591506350946114,-0.158493649053901));
#10841=DIRECTION('center_axis',(0.,0.258819045102533,0.965925826289065));
#10842=DIRECTION('ref_axis',(-0.79056941504209,0.591506350946114,-0.158493649053901));
#10843=DIRECTION('center_axis',(-1.39684542616787E-17,-0.258819045102532,
-0.965925826289065));
#10844=DIRECTION('ref_axis',(-0.394930774866908,-0.887406566953311,0.237779872973226));
#10845=DIRECTION('center_axis',(0.,0.258819045102533,0.965925826289065));
#10846=DIRECTION('ref_axis',(-0.394930774866908,-0.887406566953311,0.237779872973226));
#10847=DIRECTION('',(0.,0.258819045102532,0.965925826289065));
#10848=DIRECTION('center_axis',(0.,-0.258819045102532,-0.965925826289065));
#10849=DIRECTION('ref_axis',(-0.570562798420646,0.793270425338982,-0.212556169849083));
#10850=DIRECTION('',(0.,-0.258819045102532,-0.965925826289065));
#10851=DIRECTION('center_axis',(2.76989354336705E-17,0.258819045102533,
0.965925826289065));
#10852=DIRECTION('ref_axis',(-0.570562798420646,0.793270425338982,-0.212556169849084));
#10853=DIRECTION('center_axis',(0.,-0.258819045102532,-0.965925826289065));
#10854=DIRECTION('ref_axis',(-0.968126079158764,-0.241929028252741,0.0648246877459714));
#10855=DIRECTION('center_axis',(0.,0.258819045102533,0.965925826289065));
#10856=DIRECTION('ref_axis',(-0.968126079158764,-0.241929028252741,0.0648246877459714));
#10857=DIRECTION('center_axis',(0.,-0.258819045102532,-0.965925826289065));
#10858=DIRECTION('ref_axis',(0.612372435695794,-0.763631415463399,0.204614421088464));
#10859=DIRECTION('center_axis',(0.,0.258819045102533,0.965925826289065));
#10860=DIRECTION('ref_axis',(0.612372435695794,-0.763631415463399,0.204614421088464));
#10861=DIRECTION('',(0.,0.258819045102532,0.965925826289065));
#10862=DIRECTION('center_axis',(0.,-0.258819045102532,-0.965925826289065));
#10863=DIRECTION('ref_axis',(-1.,1.14388596525462E-14,-3.06503320623283E-15));
#10864=DIRECTION('',(0.,-0.258819045102532,-0.965925826289065));
#10865=DIRECTION('center_axis',(1.65659983471579E-17,0.258819045102533,
0.965925826289065));
#10866=DIRECTION('ref_axis',(-1.,1.14431472484195E-14,-3.04903168059106E-15));
#10867=DIRECTION('center_axis',(0.,-0.258819045102532,-0.965925826289065));
#10868=DIRECTION('ref_axis',(-0.612372435695794,-0.763631415463399,0.204614421088464));
#10869=DIRECTION('center_axis',(0.,0.258819045102533,0.965925826289065));
#10870=DIRECTION('ref_axis',(-0.612372435695794,-0.763631415463399,0.204614421088464));
#10871=DIRECTION('center_axis',(0.,-0.258819045102532,-0.965925826289065));
#10872=DIRECTION('ref_axis',(0.612372435695794,-0.763631415463399,0.204614421088461));
#10873=DIRECTION('center_axis',(0.,0.258819045102533,0.965925826289065));
#10874=DIRECTION('ref_axis',(0.612372435695794,-0.763631415463399,0.204614421088461));
#10875=DIRECTION('',(0.,0.258819045102532,0.965925826289065));
#10876=DIRECTION('center_axis',(0.,-0.258819045102532,-0.965925826289065));
#10877=DIRECTION('ref_axis',(-1.,-2.24691826845178E-33,9.6296497219362E-34));
#10878=DIRECTION('',(0.,-0.258819045102532,-0.965925826289065));
#10879=DIRECTION('center_axis',(-2.89046468790334E-18,0.258819045102533,
0.965925826289065));
#10880=DIRECTION('ref_axis',(-1.,-7.48107310425733E-19,-2.7919744920224E-18));
#10881=DIRECTION('center_axis',(0.,-0.258819045102532,-0.965925826289065));
#10882=DIRECTION('ref_axis',(-0.61237243569579,-0.763631415463401,0.204614421088465));
#10883=DIRECTION('center_axis',(0.,0.258819045102533,0.965925826289065));
#10884=DIRECTION('ref_axis',(-0.61237243569579,-0.763631415463401,0.204614421088465));
#10885=DIRECTION('center_axis',(0.,-0.258819045102532,-0.965925826289065));
#10886=DIRECTION('ref_axis',(0.968126079158758,-0.241929028252764,0.064824687745974));
#10887=DIRECTION('center_axis',(0.,0.258819045102533,0.965925826289065));
#10888=DIRECTION('ref_axis',(0.968126079158758,-0.241929028252764,0.064824687745974));
#10889=DIRECTION('',(0.,0.258819045102532,0.965925826289065));
#10890=DIRECTION('center_axis',(0.,-0.258819045102532,-0.965925826289065));
#10891=DIRECTION('ref_axis',(-0.724819034030747,-0.665464268800115,0.178310613416766));
#10892=DIRECTION('',(0.,-0.258819045102532,-0.965925826289065));
#10893=DIRECTION('center_axis',(0.,0.258819045102533,0.965925826289065));
#10894=DIRECTION('ref_axis',(-0.724819034030747,-0.665464268800115,0.178310613416767));
#10895=DIRECTION('center_axis',(-1.39684542616787E-17,-0.258819045102532,
-0.965925826289065));
#10896=DIRECTION('ref_axis',(0.394930774866898,-0.887406566953315,0.237779872973227));
#10897=DIRECTION('center_axis',(0.,0.258819045102533,0.965925826289065));
#10898=DIRECTION('ref_axis',(0.394930774866898,-0.887406566953315,0.237779872973227));
#10899=DIRECTION('center_axis',(0.,-0.258819045102532,-0.965925826289065));
#10900=DIRECTION('ref_axis',(0.7905694150421,0.591506350946102,-0.158493649053895));
#10901=DIRECTION('center_axis',(0.,0.258819045102533,0.965925826289065));
#10902=DIRECTION('ref_axis',(0.7905694150421,0.591506350946102,-0.158493649053895));
#10903=DIRECTION('',(0.,0.258819045102532,0.965925826289065));
#10904=DIRECTION('center_axis',(0.,-0.258819045102532,-0.965925826289065));
#10905=DIRECTION('ref_axis',(-5.92118946466749E-15,-0.965925826289065,0.258819045102532));
#10906=DIRECTION('',(0.,-0.258819045102532,-0.965925826289065));
#10907=DIRECTION('center_axis',(-4.90452074424441E-32,0.258819045102533,
0.965925826289065));
#10908=DIRECTION('ref_axis',(-5.92118946466749E-15,-0.965925826289065,0.258819045102533));
#10909=DIRECTION('center_axis',(0.,-0.258819045102532,-0.965925826289065));
#10910=DIRECTION('ref_axis',(0.790569415042095,-0.591506350946109,0.158493649053894));
#10911=DIRECTION('center_axis',(0.,0.258819045102533,0.965925826289065));
#10912=DIRECTION('ref_axis',(0.790569415042095,-0.591506350946109,0.158493649053894));
#10913=DIRECTION('center_axis',(0.,-0.258819045102532,-0.965925826289065));
#10914=DIRECTION('ref_axis',(0.790569415042094,0.591506350946109,-0.1584936490539));
#10915=DIRECTION('center_axis',(0.,0.258819045102533,0.965925826289065));
#10916=DIRECTION('ref_axis',(0.790569415042094,0.591506350946109,-0.1584936490539));
#10917=DIRECTION('',(0.,0.258819045102532,0.965925826289065));
#10918=DIRECTION('center_axis',(0.,-0.258819045102532,-0.965925826289065));
#10919=DIRECTION('ref_axis',(-1.1842378929335E-14,-0.965925826289065,0.258819045102532));
#10920=DIRECTION('',(0.,-0.258819045102532,-0.965925826289065));
#10921=DIRECTION('center_axis',(-9.80904148848891E-32,0.258819045102533,
0.965925826289065));
#10922=DIRECTION('ref_axis',(-1.1842378929335E-14,-0.965925826289065,0.258819045102533));
#10923=DIRECTION('center_axis',(0.,-0.258819045102532,-0.965925826289065));
#10924=DIRECTION('ref_axis',(0.790569415042094,-0.591506350946109,0.1584936490539));
#10925=DIRECTION('center_axis',(0.,0.258819045102533,0.965925826289065));
#10926=DIRECTION('ref_axis',(0.790569415042094,-0.591506350946109,0.1584936490539));
#10927=DIRECTION('center_axis',(0.,-0.258819045102532,-0.965925826289065));
#10928=DIRECTION('ref_axis',(0.790569415042094,0.591506350946109,-0.1584936490539));
#10929=DIRECTION('center_axis',(0.,0.258819045102533,0.965925826289065));
#10930=DIRECTION('ref_axis',(0.790569415042094,0.591506350946109,-0.1584936490539));
#10931=DIRECTION('',(0.,0.258819045102532,0.965925826289065));
#10932=DIRECTION('center_axis',(0.,-0.258819045102532,-0.965925826289065));
#10933=DIRECTION('ref_axis',(-8.88178419700126E-15,-0.965925826289065,0.258819045102532));
#10934=DIRECTION('',(0.,-0.258819045102532,-0.965925826289065));
#10935=DIRECTION('center_axis',(-7.35678111636677E-32,0.258819045102533,
0.965925826289065));
#10936=DIRECTION('ref_axis',(-8.88178419700126E-15,-0.965925826289065,0.258819045102533));
#10937=DIRECTION('center_axis',(0.,-0.258819045102532,-0.965925826289065));
#10938=DIRECTION('ref_axis',(0.790569415042094,-0.591506350946109,0.1584936490539));
#10939=DIRECTION('center_axis',(0.,0.258819045102533,0.965925826289065));
#10940=DIRECTION('ref_axis',(0.790569415042094,-0.591506350946109,0.1584936490539));
#10941=DIRECTION('center_axis',(0.,-0.258819045102532,-0.965925826289065));
#10942=DIRECTION('ref_axis',(0.790569415042099,0.591506350946101,-0.158493649053901));
#10943=DIRECTION('center_axis',(0.,0.258819045102533,0.965925826289065));
#10944=DIRECTION('ref_axis',(0.790569415042099,0.591506350946101,-0.158493649053901));
#10945=DIRECTION('',(0.,0.258819045102532,0.965925826289065));
#10946=DIRECTION('center_axis',(0.,-0.258819045102532,-0.965925826289065));
#10947=DIRECTION('ref_axis',(-8.88178419700126E-15,-0.965925826289065,0.258819045102532));
#10948=DIRECTION('',(0.,-0.258819045102532,-0.965925826289065));
#10949=DIRECTION('center_axis',(-7.35678111636666E-32,0.258819045102533,
0.965925826289065));
#10950=DIRECTION('ref_axis',(-8.88178419700126E-15,-0.965925826289065,0.258819045102533));
#10951=DIRECTION('center_axis',(0.,-0.258819045102533,-0.965925826289065));
#10952=DIRECTION('ref_axis',(0.,0.965925826289065,-0.258819045102533));
#10953=DIRECTION('center_axis',(0.,0.258819045102533,0.965925826289065));
#10954=DIRECTION('ref_axis',(0.790569415042094,-0.591506350946109,0.1584936490539));
#10955=DIRECTION('center_axis',(0.,-0.258819045102533,-0.965925826289065));
#10956=DIRECTION('ref_axis',(-0.499999999999997,0.836516303737807,-0.224143868042025));
#10957=DIRECTION('center_axis',(0.,-0.258819045102533,-0.965925826289065));
#10958=DIRECTION('ref_axis',(0.916515138991169,-0.386370330515624,0.103527618041013));
#10959=DIRECTION('center_axis',(0.,-0.258819045102533,-0.965925826289065));
#10960=DIRECTION('ref_axis',(0.499999999999999,0.836516303737806,-0.224143868042024));
#10961=DIRECTION('',(-1.,-4.20187414986037E-16,1.12588878515235E-16));
#10962=DIRECTION('center_axis',(0.,-0.258819045102533,-0.965925826289065));
#10963=DIRECTION('ref_axis',(-0.5,0.836516303737805,-0.224143868042024));
#10964=DIRECTION('center_axis',(0.,-0.258819045102533,-0.965925826289065));
#10965=DIRECTION('ref_axis',(0.499999999999997,0.836516303737807,-0.224143868042025));
#10966=DIRECTION('',(-1.,2.76358269755656E-15,-7.4049975202694E-16));
#10967=DIRECTION('center_axis',(0.,-0.258819045102533,-0.965925826289065));
#10968=DIRECTION('ref_axis',(-0.796150037447384,0.584481005432076,-0.156611213396865));
#10969=DIRECTION('center_axis',(1.32234580404764E-17,-0.258819045102533,
-0.965925826289065));
#10970=DIRECTION('ref_axis',(0.993251134504871,0.112031506095626,-0.0300187515851669));
#10971=DIRECTION('center_axis',(0.,-0.258819045102533,-0.965925826289065));
#10972=DIRECTION('ref_axis',(-0.442007099941126,0.866446624115037,-0.232163673216314));
#10973=DIRECTION('center_axis',(-2.17492073347494E-17,0.258819045102533,
0.965925826289065));
#10974=DIRECTION('ref_axis',(-1.,-6.77888983184517E-16,1.59123369305789E-16));
#10975=DIRECTION('center_axis',(0.,-0.258819045102533,-0.965925826289065));
#10976=DIRECTION('ref_axis',(-0.866025403784442,-0.482962913144527,0.129409522551267));
#10977=DIRECTION('center_axis',(3.65406354893896E-17,-0.258819045102533,
-0.965925826289065));
#10978=DIRECTION('ref_axis',(0.400000000000009,0.885285642936477,-0.237211573095708));
#10979=DIRECTION('center_axis',(0.,-0.258819045102533,-0.965925826289065));
#10980=DIRECTION('ref_axis',(-0.866025403784442,0.482962913144527,-0.129409522551267));
#10981=DIRECTION('',(-3.4379083582216E-16,-0.965925826289065,0.258819045102533));
#10982=DIRECTION('center_axis',(0.,-0.258819045102533,-0.965925826289065));
#10983=DIRECTION('ref_axis',(-0.86602540378444,-0.482962913144529,0.129409522551266));
#10984=DIRECTION('center_axis',(3.65406354893893E-17,-0.258819045102533,
-0.965925826289065));
#10985=DIRECTION('ref_axis',(0.400000000000006,0.885285642936479,-0.237211573095708));
#10986=DIRECTION('center_axis',(0.,-0.258819045102533,-0.965925826289065));
#10987=DIRECTION('ref_axis',(-0.866025403784439,0.482962913144532,-0.129409522551266));
#10988=DIRECTION('',(-2.17496968920127E-16,-0.965925826289065,0.258819045102533));
#10989=DIRECTION('center_axis',(0.,-0.258819045102533,-0.965925826289065));
#10990=DIRECTION('ref_axis',(-0.866025403784439,-0.482962913144531,0.129409522551266));
#10991=DIRECTION('center_axis',(1.11022302462518E-17,-0.258819045102533,
-0.965925826289065));
#10992=DIRECTION('ref_axis',(0.400000000000002,0.88528564293648,-0.237211573095709));
#10993=DIRECTION('center_axis',(0.,-0.258819045102533,-0.965925826289065));
#10994=DIRECTION('ref_axis',(-0.866025403784435,0.48296291314454,-0.129409522551267));
#10995=DIRECTION('',(-4.26294635647156E-16,-0.965925826289065,0.258819045102533));
#10996=DIRECTION('center_axis',(0.,-0.258819045102533,-0.965925826289065));
#10997=DIRECTION('ref_axis',(-0.866025403784437,-0.482962913144535,0.129409522551266));
#10998=DIRECTION('center_axis',(1.11022302462514E-17,-0.258819045102533,
-0.965925826289065));
#10999=DIRECTION('ref_axis',(0.39999999999999,0.885285642936485,-0.23721157309571));
#11000=DIRECTION('center_axis',(0.,-0.258819045102533,-0.965925826289065));
#11001=DIRECTION('ref_axis',(-0.866025403784437,0.482962913144535,-0.129409522551266));
#11002=DIRECTION('',(-5.61900271742562E-16,-0.965925826289065,0.258819045102532));
#11003=DIRECTION('center_axis',(0.,-0.258819045102533,-0.965925826289065));
#11004=DIRECTION('ref_axis',(-0.88817144349396,-0.443854727764434,0.118930515861218));
#11005=DIRECTION('center_axis',(-9.86076131526265E-32,0.258819045102533,
0.965925826289065));
#11006=DIRECTION('ref_axis',(-2.08792390413592E-15,-0.965925826289065,0.258819045102533));
#11007=DIRECTION('center_axis',(0.,-0.258819045102533,-0.965925826289065));
#11008=DIRECTION('ref_axis',(0.499999999999992,-0.83651630373781,0.224143868042023));
#11009=DIRECTION('center_axis',(-1.11022302462519E-17,-0.258819045102533,
-0.965925826289065));
#11010=DIRECTION('ref_axis',(-0.916515138991165,0.386370330515632,-0.103527618041015));
#11011=DIRECTION('center_axis',(0.,-0.258819045102533,-0.965925826289065));
#11012=DIRECTION('ref_axis',(-0.499999999999992,-0.83651630373781,0.224143868042025));
#11013=DIRECTION('',(1.,-1.11291543511619E-15,2.9820479208353E-16));
#11014=DIRECTION('center_axis',(0.,-0.258819045102533,-0.965925826289065));
#11015=DIRECTION('ref_axis',(0.500000000000004,-0.836516303737804,0.224143868042021));
#11016=DIRECTION('center_axis',(7.54951656745088E-18,-0.258819045102533,
-0.965925826289065));
#11017=DIRECTION('ref_axis',(-0.916515138991168,0.386370330515625,-0.103527618041013));
#11018=DIRECTION('center_axis',(0.,-0.258819045102533,-0.965925826289065));
#11019=DIRECTION('ref_axis',(-0.500000000000005,-0.836516303737802,0.224143868042024));
#11020=DIRECTION('center_axis',(0.,-0.258819045102533,-0.965925826289065));
#11021=DIRECTION('ref_axis',(0.888171443493958,-0.443854727764438,0.118930515861222));
#11022=DIRECTION('center_axis',(0.,-0.258819045102533,-0.965925826289065));
#11023=DIRECTION('ref_axis',(-0.958617712519813,-0.274995675083774,0.0736848690607524));
#11024=DIRECTION('center_axis',(0.,-0.258819045102533,-0.965925826289065));
#11025=DIRECTION('ref_axis',(0.589370652259584,-0.780335501147638,0.209090267357853));
#11026=DIRECTION('center_axis',(1.43544768409346E-15,0.258819045102533,
0.965925826289065));
#11027=DIRECTION('ref_axis',(1.,-3.71521198891712E-16,-1.3865359903527E-15));
#11028=DIRECTION('center_axis',(0.,-0.258819045102533,-0.965925826289065));
#11029=DIRECTION('ref_axis',(0.866025403784437,0.482962913144535,-0.129409522551266));
#11030=DIRECTION('center_axis',(1.27192026215691E-17,-0.258819045102533,
-0.965925826289065));
#11031=DIRECTION('ref_axis',(-0.4,-0.885285642936481,0.237211573095709));
#11032=DIRECTION('center_axis',(0.,-0.258819045102533,-0.965925826289065));
#11033=DIRECTION('ref_axis',(0.866025403784437,-0.482962913144535,0.129409522551266));
#11034=DIRECTION('',(4.26294635647156E-16,0.965925826289065,-0.258819045102533));
#11035=DIRECTION('center_axis',(0.,-0.258819045102533,-0.965925826289065));
#11036=DIRECTION('ref_axis',(0.866025403784442,0.482962913144527,-0.129409522551267));
#11037=DIRECTION('center_axis',(1.27192026215691E-17,-0.258819045102533,
-0.965925826289065));
#11038=DIRECTION('ref_axis',(-0.400000000000006,-0.885285642936479,0.237211573095708));
#11039=DIRECTION('center_axis',(0.,-0.258819045102533,-0.965925826289065));
#11040=DIRECTION('ref_axis',(0.866025403784439,-0.482962913144531,0.129409522551266));
#11041=DIRECTION('',(2.17496968920127E-16,0.965925826289065,-0.258819045102533));
#11042=DIRECTION('center_axis',(0.,-0.258819045102533,-0.965925826289065));
#11043=DIRECTION('ref_axis',(0.866025403784437,0.482962913144536,-0.129409522551267));
#11044=DIRECTION('center_axis',(1.2719202621569E-17,-0.258819045102533,
-0.965925826289065));
#11045=DIRECTION('ref_axis',(-0.400000000000004,-0.88528564293648,0.237211573095709));
#11046=DIRECTION('center_axis',(0.,-0.258819045102533,-0.965925826289065));
#11047=DIRECTION('ref_axis',(0.866025403784439,-0.482962913144531,0.129409522551266));
#11048=DIRECTION('center_axis',(0.,-0.258819045102533,-0.965925826289065));
#11049=DIRECTION('ref_axis',(0.866025403784442,0.482962913144527,-0.129409522551267));
#11050=DIRECTION('center_axis',(1.2719202621569E-17,-0.258819045102533,
-0.965925826289065));
#11051=DIRECTION('ref_axis',(-0.400000000000003,-0.88528564293648,0.237211573095709));
#11052=DIRECTION('center_axis',(0.,-0.258819045102533,-0.965925826289065));
#11053=DIRECTION('ref_axis',(0.866025403784442,-0.482962913144527,0.129409522551267));
#11054=DIRECTION('',(9.83951615235085E-16,0.965925826289065,-0.258819045102533));
#11055=DIRECTION('center_axis',(0.,-0.258819045102533,-0.965925826289065));
#11056=DIRECTION('ref_axis',(0.442007099941113,0.866446624115044,-0.232163673216313));
#11057=DIRECTION('center_axis',(0.,-0.258819045102533,-0.965925826289065));
#11058=DIRECTION('ref_axis',(0.303439926266881,-0.920382975372621,0.24661587497846));
#11059=DIRECTION('center_axis',(0.,-0.258819045102533,-0.965925826289065));
#11060=DIRECTION('ref_axis',(0.796150037447384,0.584481005432076,-0.156611213396865));
#11061=DIRECTION('center_axis',(0.,-0.258819045102532,-0.965925826289065));
#11062=DIRECTION('ref_axis',(0.790569415042094,-0.591506350946109,0.1584936490539));
#11063=DIRECTION('center_axis',(-2.91807838067534E-17,0.258819045102533,
0.965925826289065));
#11064=DIRECTION('ref_axis',(0.442007099941113,0.866446624115044,-0.232163673216313));
#11065=DIRECTION('',(0.,-0.258819045102533,-0.965925826289065));
#11066=DIRECTION('center_axis',(0.,0.258819045102533,0.965925826289065));
#11067=DIRECTION('ref_axis',(-0.636051468273229,-0.745353413766311,0.199716845294473));
#11068=DIRECTION('',(0.,0.258819045102533,0.965925826289065));
#11069=DIRECTION('center_axis',(-1.82379898792209E-18,-0.258819045102532,
-0.965925826289065));
#11070=DIRECTION('ref_axis',(0.796150037447384,0.584481005432076,-0.156611213396865));
#11071=DIRECTION('center_axis',(0.,0.258819045102532,0.965925826289065));
#11072=DIRECTION('ref_axis',(-0.274152478149315,-0.928917573250369,0.248902713587527));
#11073=DIRECTION('',(0.,0.258819045102532,0.965925826289065));
#11074=DIRECTION('',(0.,-0.258819045102532,-0.965925826289065));
#11075=DIRECTION('center_axis',(-1.23259516440783E-32,1.,1.60080215489556E-28));
#11076=DIRECTION('ref_axis',(0.,0.,-1.));
#11077=DIRECTION('center_axis',(0.,0.258819045102532,0.965925826289065));
#11078=DIRECTION('ref_axis',(-0.499999999999997,0.836516303737807,-0.224143868042025));
#11079=DIRECTION('center_axis',(-1.,4.60625220907897E-16,-1.23424155955684E-16));
#11080=DIRECTION('ref_axis',(-4.7687431930208E-16,-0.965925826289065,0.258819045102533));
#11081=DIRECTION('',(-2.46519032881566E-32,-0.258819045102533,-0.965925826289065));
#11082=DIRECTION('center_axis',(0.,-0.258819045102533,-0.965925826289065));
#11083=DIRECTION('ref_axis',(0.866025403784442,-0.482962913144527,0.129409522551267));
#11084=DIRECTION('',(0.,0.258819045102533,0.965925826289065));
#11085=DIRECTION('center_axis',(0.,0.258819045102533,0.965925826289065));
#11086=DIRECTION('ref_axis',(0.,0.965925826289065,-0.258819045102533));
#11087=DIRECTION('',(0.,-0.258819045102533,-0.965925826289065));
#11088=DIRECTION('center_axis',(0.,0.258819045102533,0.965925826289065));
#11089=DIRECTION('ref_axis',(0.866025403784442,0.482962913144527,-0.129409522551267));
#11090=DIRECTION('center_axis',(0.,0.258819045102533,0.965925826289065));
#11091=DIRECTION('ref_axis',(0.866025403784437,0.482962913144536,-0.129409522551267));
#11092=DIRECTION('',(0.,-0.258819045102533,-0.965925826289065));
#11093=DIRECTION('',(-4.93038065763132E-32,0.258819045102533,0.965925826289065));
#11094=DIRECTION('center_axis',(0.,0.258819045102533,0.965925826289065));
#11095=DIRECTION('ref_axis',(0.,0.965925826289065,-0.258819045102533));
#11096=DIRECTION('',(0.,0.258819045102533,0.965925826289065));
#11097=DIRECTION('center_axis',(0.,-0.258819045102533,-0.965925826289065));
#11098=DIRECTION('ref_axis',(0.866025403784439,-0.482962913144531,0.129409522551266));
#11099=DIRECTION('center_axis',(-1.,4.60625220907897E-16,-1.23424155955685E-16));
#11100=DIRECTION('ref_axis',(-4.7687431930208E-16,-0.965925826289065,0.258819045102533));
#11101=DIRECTION('',(2.46519032881566E-32,-0.258819045102533,-0.965925826289065));
#11102=DIRECTION('center_axis',(0.,-0.258819045102533,-0.965925826289065));
#11103=DIRECTION('ref_axis',(0.866025403784439,-0.482962913144531,0.129409522551266));
#11104=DIRECTION('',(0.,0.258819045102533,0.965925826289065));
#11105=DIRECTION('center_axis',(0.,0.258819045102533,0.965925826289065));
#11106=DIRECTION('ref_axis',(0.,0.965925826289065,-0.258819045102533));
#11107=DIRECTION('',(0.,-0.258819045102533,-0.965925826289065));
#11108=DIRECTION('center_axis',(0.,0.258819045102533,0.965925826289065));
#11109=DIRECTION('ref_axis',(0.866025403784442,0.482962913144527,-0.129409522551267));
#11110=DIRECTION('',(-7.39557098644699E-32,0.258819045102533,0.965925826289065));
#11111=DIRECTION('center_axis',(-1.,4.60625220907897E-16,-1.23424155955685E-16));
#11112=DIRECTION('ref_axis',(-4.7687431930208E-16,-0.965925826289065,0.258819045102533));
#11113=DIRECTION('',(7.39557098644699E-32,-0.258819045102533,-0.965925826289065));
#11114=DIRECTION('center_axis',(0.,-0.258819045102533,-0.965925826289065));
#11115=DIRECTION('ref_axis',(0.866025403784437,-0.482962913144535,0.129409522551266));
#11116=DIRECTION('',(0.,0.258819045102533,0.965925826289065));
#11117=DIRECTION('center_axis',(0.,0.258819045102533,0.965925826289065));
#11118=DIRECTION('ref_axis',(0.,0.965925826289065,-0.258819045102533));
#11119=DIRECTION('',(0.,-0.258819045102533,-0.965925826289065));
#11120=DIRECTION('center_axis',(0.,0.258819045102533,0.965925826289065));
#11121=DIRECTION('ref_axis',(0.866025403784437,0.482962913144535,-0.129409522551266));
#11122=DIRECTION('center_axis',(0.,0.258819045102533,0.965925826289065));
#11123=DIRECTION('ref_axis',(1.,6.72259874110401E-16,-1.80131490371739E-16));
#11124=DIRECTION('',(0.,-0.258819045102532,-0.965925826289065));
#11125=DIRECTION('center_axis',(-2.9180783806772E-17,-0.258819045102533,
-0.965925826289065));
#11126=DIRECTION('ref_axis',(0.589370652259584,-0.780335501147638,0.209090267357853));
#11127=DIRECTION('',(0.,0.258819045102533,0.965925826289065));
#11128=DIRECTION('center_axis',(0.,0.258819045102533,0.965925826289065));
#11129=DIRECTION('ref_axis',(0.,0.965925826289065,-0.258819045102533));
#11130=DIRECTION('',(0.,-0.258819045102533,-0.965925826289065));
#11131=DIRECTION('center_axis',(1.4590391903386E-17,0.258819045102532,0.965925826289065));
#11132=DIRECTION('ref_axis',(0.888171443493958,-0.443854727764438,0.118930515861222));
#11133=DIRECTION('center_axis',(0.,0.258819045102533,0.965925826289065));
#11134=DIRECTION('ref_axis',(0.500000000000004,-0.836516303737804,0.224143868042021));
#11135=DIRECTION('',(0.,-0.258819045102533,-0.965925826289065));
#11136=DIRECTION('',(-9.3912012526311E-32,0.258819045102532,0.965925826289065));
#11137=DIRECTION('center_axis',(0.,0.258819045102533,0.965925826289065));
#11138=DIRECTION('ref_axis',(0.,0.965925826289065,-0.258819045102533));
#11139=DIRECTION('',(0.,0.258819045102533,0.965925826289065));
#11140=DIRECTION('center_axis',(0.,-0.258819045102533,-0.965925826289065));
#11141=DIRECTION('ref_axis',(-0.500000000000005,-0.836516303737802,0.224143868042024));
#11142=DIRECTION('center_axis',(8.45884209238215E-16,0.965925826289065,
-0.258819045102533));
#11143=DIRECTION('ref_axis',(-1.,7.91706745974866E-16,-3.1355581433996E-16));
#11144=DIRECTION('',(9.3912012526311E-32,-0.258819045102532,-0.965925826289065));
#11145=DIRECTION('center_axis',(0.,-0.258819045102533,-0.965925826289065));
#11146=DIRECTION('ref_axis',(-0.499999999999992,-0.83651630373781,0.224143868042025));
#11147=DIRECTION('',(0.,0.258819045102533,0.965925826289065));
#11148=DIRECTION('center_axis',(0.,0.258819045102533,0.965925826289065));
#11149=DIRECTION('ref_axis',(0.,0.965925826289065,-0.258819045102533));
#11150=DIRECTION('',(0.,-0.258819045102533,-0.965925826289065));
#11151=DIRECTION('center_axis',(0.,0.258819045102533,0.965925826289065));
#11152=DIRECTION('ref_axis',(0.499999999999992,-0.83651630373781,0.224143868042023));
#11153=DIRECTION('center_axis',(0.,0.258819045102533,0.965925826289065));
#11154=DIRECTION('ref_axis',(-2.08792390413593E-15,-0.965925826289065,0.258819045102532));
#11155=DIRECTION('',(0.,-0.258819045102532,-0.965925826289065));
#11156=DIRECTION('center_axis',(0.,-0.258819045102533,-0.965925826289065));
#11157=DIRECTION('ref_axis',(-0.88817144349396,-0.443854727764434,0.118930515861218));
#11158=DIRECTION('center_axis',(1.,-4.0304706829441E-16,1.07996136461224E-16));
#11159=DIRECTION('ref_axis',(4.1726502938932E-16,0.965925826289065,-0.258819045102533));
#11160=DIRECTION('',(6.16297582203915E-32,-0.258819045102533,-0.965925826289065));
#11161=DIRECTION('center_axis',(0.,-0.258819045102533,-0.965925826289065));
#11162=DIRECTION('ref_axis',(-0.866025403784437,0.482962913144535,-0.129409522551266));
#11163=DIRECTION('',(0.,0.258819045102533,0.965925826289065));
#11164=DIRECTION('center_axis',(0.,0.258819045102533,0.965925826289065));
#11165=DIRECTION('ref_axis',(0.,0.965925826289065,-0.258819045102533));
#11166=DIRECTION('',(0.,-0.258819045102533,-0.965925826289065));
#11167=DIRECTION('center_axis',(0.,0.258819045102533,0.965925826289065));
#11168=DIRECTION('ref_axis',(-0.866025403784437,-0.482962913144535,0.129409522551266));
#11169=DIRECTION('',(0.,0.258819045102533,0.965925826289065));
#11170=DIRECTION('center_axis',(1.,-4.0304706829441E-16,1.07996136461224E-16));
#11171=DIRECTION('ref_axis',(4.1726502938932E-16,0.965925826289065,-0.258819045102533));
#11172=DIRECTION('',(3.69778549322349E-32,-0.258819045102532,-0.965925826289065));
#11173=DIRECTION('center_axis',(0.,-0.258819045102533,-0.965925826289065));
#11174=DIRECTION('ref_axis',(-0.866025403784435,0.48296291314454,-0.129409522551267));
#11175=DIRECTION('',(0.,0.258819045102532,0.965925826289065));
#11176=DIRECTION('center_axis',(0.,0.258819045102533,0.965925826289065));
#11177=DIRECTION('ref_axis',(0.,0.965925826289065,-0.258819045102532));
#11178=DIRECTION('',(0.,-0.258819045102532,-0.965925826289065));
#11179=DIRECTION('center_axis',(0.,0.258819045102533,0.965925826289065));
#11180=DIRECTION('ref_axis',(-0.866025403784439,-0.482962913144531,0.129409522551266));
#11181=DIRECTION('',(-3.69778549322349E-32,0.258819045102532,0.965925826289065));
#11182=DIRECTION('center_axis',(1.,-4.0304706829441E-16,1.07996136461224E-16));
#11183=DIRECTION('ref_axis',(4.1726502938932E-16,0.965925826289065,-0.258819045102533));
#11184=DIRECTION('',(2.46519032881566E-32,-0.258819045102533,-0.965925826289065));
#11185=DIRECTION('center_axis',(0.,-0.258819045102533,-0.965925826289065));
#11186=DIRECTION('ref_axis',(-0.866025403784439,0.482962913144532,-0.129409522551266));
#11187=DIRECTION('',(0.,0.258819045102533,0.965925826289065));
#11188=DIRECTION('center_axis',(0.,0.258819045102533,0.965925826289065));
#11189=DIRECTION('ref_axis',(0.,0.965925826289065,-0.258819045102533));
#11190=DIRECTION('',(0.,-0.258819045102533,-0.965925826289065));
#11191=DIRECTION('center_axis',(0.,0.258819045102533,0.965925826289065));
#11192=DIRECTION('ref_axis',(-0.86602540378444,-0.482962913144529,0.129409522551266));
#11193=DIRECTION('',(0.,0.258819045102533,0.965925826289065));
#11194=DIRECTION('center_axis',(1.,-4.0304706829441E-16,1.07996136461224E-16));
#11195=DIRECTION('ref_axis',(4.1726502938932E-16,0.965925826289065,-0.258819045102533));
#11196=DIRECTION('',(-2.46519032881566E-32,-0.258819045102533,-0.965925826289065));
#11197=DIRECTION('center_axis',(0.,-0.258819045102533,-0.965925826289065));
#11198=DIRECTION('ref_axis',(-0.866025403784442,0.482962913144527,-0.129409522551267));
#11199=DIRECTION('',(0.,0.258819045102533,0.965925826289065));
#11200=DIRECTION('center_axis',(0.,0.258819045102533,0.965925826289065));
#11201=DIRECTION('ref_axis',(0.,0.965925826289065,-0.258819045102533));
#11202=DIRECTION('',(0.,-0.258819045102533,-0.965925826289065));
#11203=DIRECTION('center_axis',(0.,0.258819045102533,0.965925826289065));
#11204=DIRECTION('ref_axis',(-0.866025403784442,-0.482962913144527,0.129409522551267));
#11205=DIRECTION('center_axis',(0.,0.258819045102533,0.965925826289065));
#11206=DIRECTION('ref_axis',(-1.,-6.722598741104E-16,1.80131490371739E-16));
#11207=DIRECTION('',(0.,-0.258819045102532,-0.965925826289065));
#11208=DIRECTION('center_axis',(-5.83615676135071E-17,-0.258819045102533,
-0.965925826289065));
#11209=DIRECTION('ref_axis',(-0.442007099941126,0.866446624115037,-0.232163673216314));
#11210=DIRECTION('',(0.,0.258819045102533,0.965925826289065));
#11211=DIRECTION('center_axis',(0.,0.258819045102533,0.965925826289065));
#11212=DIRECTION('ref_axis',(0.636051468273228,-0.745353413766312,0.199716845294473));
#11213=DIRECTION('',(0.,-0.258819045102533,-0.965925826289065));
#11214=DIRECTION('center_axis',(-2.73569848188314E-18,0.258819045102533,
0.965925826289065));
#11215=DIRECTION('ref_axis',(-0.796150037447384,0.584481005432076,-0.156611213396865));
#11216=DIRECTION('center_axis',(6.34413156928661E-16,-0.965925826289065,
0.258819045102533));
#11217=DIRECTION('ref_axis',(1.,5.83417974767814E-16,-2.73838687377469E-16));
#11218=DIRECTION('',(3.52170046973666E-32,-0.258819045102532,-0.965925826289065));
#11219=DIRECTION('center_axis',(0.,-0.258819045102532,-0.965925826289065));
#11220=DIRECTION('ref_axis',(0.499999999999997,0.836516303737807,-0.224143868042025));
#11221=DIRECTION('center_axis',(1.23259516440783E-32,-1.,-1.60080215489556E-28));
#11222=DIRECTION('ref_axis',(-1.,-1.23259516440783E-32,0.));
#11223=DIRECTION('center_axis',(1.23259516440783E-32,-1.,-1.60080215489556E-28));
#11224=DIRECTION('ref_axis',(1.,1.23259516440783E-32,5.49631641165858E-30));
#11225=DIRECTION('',(1.,1.23259516440783E-32,-3.30272878897601E-33));
#11226=DIRECTION('',(1.,1.23259516440783E-32,-3.30272878897601E-33));
#11227=DIRECTION('center_axis',(2.65408912443566E-15,0.258819045102535,
0.965925826289065));
#11228=DIRECTION('ref_axis',(0.,0.965925826289065,-0.258819045102535));
#11229=DIRECTION('center_axis',(0.,0.258819045102532,0.965925826289065));
#11230=DIRECTION('ref_axis',(-0.5,0.836516303737805,-0.224143868042024));
#11231=DIRECTION('',(-2.46519032881566E-31,0.258819045102533,0.965925826289065));
#11232=DIRECTION('center_axis',(1.,6.12796052814971E-16,-1.64198207476759E-16));
#11233=DIRECTION('ref_axis',(4.7762905992305E-16,-0.556866709654868,0.830601870740826));
#11234=DIRECTION('',(1.,6.12796052814971E-16,-1.64198207476759E-16));
#11235=DIRECTION('center_axis',(6.34413156928661E-16,-0.965925826289065,
0.258819045102533));
#11236=DIRECTION('ref_axis',(1.,5.83417974767814E-16,-2.73838687377469E-16));
#11237=DIRECTION('',(2.46519032881566E-31,-0.258819045102533,-0.965925826289065));
#11238=DIRECTION('center_axis',(-1.12423209138832E-14,0.258819045102537,
0.965925826289064));
#11239=DIRECTION('ref_axis',(0.866025403784439,0.482962913144533,-0.129409522551259));
#11240=DIRECTION('center_axis',(0.,-0.258819045102532,-0.965925826289065));
#11241=DIRECTION('ref_axis',(0.499999999999999,0.836516303737806,-0.224143868042024));
#11242=DIRECTION('center_axis',(0.,0.258819045102533,0.965925826289065));
#11243=DIRECTION('ref_axis',(0.,0.965925826289065,-0.258819045102533));
#11244=DIRECTION('center_axis',(0.998542273277508,-0.0139698247386051,-0.052136095697304));
#11245=DIRECTION('ref_axis',(-0.0539752580149996,-0.258441757664197,-0.964517770400139));
#11246=DIRECTION('center_axis',(0.,0.258819045102533,0.965925826289065));
#11247=DIRECTION('ref_axis',(0.,0.965925826289065,-0.258819045102532));
#11248=DIRECTION('center_axis',(0.998542273277508,-0.0139698247386051,-0.052136095697304));
#11249=DIRECTION('ref_axis',(-0.0539752580149996,-0.258441757664197,-0.964517770400139));
#11250=DIRECTION('center_axis',(0.,0.258819045102533,0.965925826289065));
#11251=DIRECTION('ref_axis',(0.,0.965925826289065,-0.258819045102532));
#11252=DIRECTION('center_axis',(0.998542273277508,-0.0139698247386051,-0.052136095697304));
#11253=DIRECTION('ref_axis',(-0.0539752580149996,-0.258441757664197,-0.964517770400139));
#11254=DIRECTION('center_axis',(0.,0.258819045102533,0.965925826289065));
#11255=DIRECTION('ref_axis',(0.,0.965925826289065,-0.258819045102533));
#11256=DIRECTION('',(0.,0.258819045102533,0.965925826289065));
#11257=DIRECTION('center_axis',(0.,0.258819045102533,0.965925826289065));
#11258=DIRECTION('ref_axis',(0.996619437063904,0.079357127321423,-0.021263678179431));
#11259=DIRECTION('center_axis',(0.,0.258819045102533,0.965925826289065));
#11260=DIRECTION('ref_axis',(0.,0.965925826289065,-0.258819045102533));
#11261=DIRECTION('center_axis',(0.998542273277508,-0.0139698247386051,-0.052136095697304));
#11262=DIRECTION('ref_axis',(-0.0539752580149996,-0.258441757664197,-0.964517770400139));
#11263=DIRECTION('center_axis',(0.,0.258819045102533,0.965925826289065));
#11264=DIRECTION('ref_axis',(0.,0.965925826289065,-0.258819045102533));
#11265=DIRECTION('center_axis',(0.998542273277508,-0.0139698247386051,-0.052136095697304));
#11266=DIRECTION('ref_axis',(-0.0539752580149996,-0.258441757664197,-0.964517770400139));
#11267=DIRECTION('center_axis',(1.05735526154777E-15,0.965925826289065,
-0.258819045102533));
#11268=DIRECTION('ref_axis',(1.,-1.03197198971692E-15,2.33935121154992E-16));
#11269=DIRECTION('',(0.,0.258819045102533,0.965925826289065));
#11270=DIRECTION('',(1.,-1.02132675469162E-15,2.73663679127932E-16));
#11271=DIRECTION('',(0.,-0.258819045102533,-0.965925826289065));
#11272=DIRECTION('',(0.,0.258819045102533,0.965925826289065));
#11273=DIRECTION('',(1.,-1.02132675469162E-15,2.73663679127932E-16));
#11274=DIRECTION('',(0.,-0.258819045102533,-0.965925826289065));
#11275=DIRECTION('',(0.,-0.258819045102533,-0.965925826289065));
#11276=DIRECTION('',(-1.,2.00651599955218E-15,3.4031126377619E-15));
#11277=DIRECTION('',(3.72461917938762E-15,0.258819045102533,0.965925826289065));
#11278=DIRECTION('',(1.,-1.98599122361758E-15,-3.32651313116003E-15));
#11279=DIRECTION('',(-3.29485542791982E-15,-0.258819045102533,-0.965925826289065));
#11280=DIRECTION('',(-1.,2.00651599955217E-15,3.40311263776189E-15));
#11281=DIRECTION('',(4.51251939041193E-15,0.258819045102533,0.965925826289065));
#11282=DIRECTION('',(1.,-2.02704077548677E-15,-3.47971214436377E-15));
#11283=DIRECTION('',(-3.22322813600852E-15,-0.258819045102533,-0.965925826289065));
#11284=DIRECTION('',(-1.,2.17071420702893E-15,4.01590869057686E-15));
#11285=DIRECTION('',(4.72740126614583E-15,0.258819045102533,0.965925826289065));
#11286=DIRECTION('',(1.,-2.00651599955218E-15,-3.4031126377619E-15));
#11287=DIRECTION('',(-3.72461917938762E-15,-0.258819045102533,-0.965925826289065));
#11288=DIRECTION('center_axis',(0.,0.258819045102533,0.965925826289065));
#11289=DIRECTION('ref_axis',(0.,0.965925826289065,-0.258819045102533));
#11290=DIRECTION('center_axis',(1.11056864523911E-15,0.950547945661534,
-0.310577853361501));
#11291=DIRECTION('ref_axis',(0.,0.310577853361501,0.950547945661534));
#11292=DIRECTION('center_axis',(0.,0.258819045102533,0.965925826289065));
#11293=DIRECTION('ref_axis',(0.,0.965925826289065,-0.258819045102533));
#11294=DIRECTION('center_axis',(1.11056864523911E-15,0.950547945661534,
-0.310577853361501));
#11295=DIRECTION('ref_axis',(0.,0.310577853361501,0.950547945661534));
#11296=DIRECTION('center_axis',(0.,0.258819045102533,0.965925826289065));
#11297=DIRECTION('ref_axis',(0.,0.965925826289065,-0.258819045102533));
#11298=DIRECTION('center_axis',(0.998542273277508,-0.0139698247386051,-0.052136095697304));
#11299=DIRECTION('ref_axis',(-0.0539752580149996,-0.258441757664197,-0.964517770400139));
#11300=DIRECTION('center_axis',(0.,0.258819045102533,0.965925826289065));
#11301=DIRECTION('ref_axis',(0.,0.965925826289065,-0.258819045102533));
#11302=DIRECTION('center_axis',(1.11056864523911E-15,0.950547945661534,
-0.310577853361501));
#11303=DIRECTION('ref_axis',(0.,0.310577853361501,0.950547945661534));
#11304=DIRECTION('center_axis',(0.,0.258819045102533,0.965925826289065));
#11305=DIRECTION('ref_axis',(0.,0.965925826289065,-0.258819045102533));
#11306=DIRECTION('center_axis',(1.11056864523911E-15,0.950547945661534,
-0.310577853361501));
#11307=DIRECTION('ref_axis',(0.,0.310577853361501,0.950547945661534));
#11308=DIRECTION('center_axis',(0.,0.258819045102533,0.965925826289065));
#11309=DIRECTION('ref_axis',(0.,0.965925826289065,-0.258819045102533));
#11310=DIRECTION('center_axis',(0.,-0.258819045102533,-0.965925826289065));
#11311=DIRECTION('ref_axis',(0.,-0.965925826289065,0.258819045102533));
#11312=DIRECTION('',(0.,0.258819045102533,0.965925826289065));
#11313=DIRECTION('center_axis',(0.,0.258819045102533,0.965925826289065));
#11314=DIRECTION('ref_axis',(0.,-0.965925826289065,0.258819045102533));
#11315=DIRECTION('',(0.,-0.258819045102533,-0.965925826289065));
#11316=DIRECTION('',(0.,-0.258819045102533,-0.965925826289065));
#11317=DIRECTION('center_axis',(0.,0.258819045102533,0.965925826289065));
#11318=DIRECTION('ref_axis',(0.327244686127059,-0.91274159855235,0.244568374230406));
#11319=DIRECTION('center_axis',(0.,0.258819045102533,0.965925826289065));
#11320=DIRECTION('ref_axis',(0.,0.965925826289065,-0.258819045102533));
#11321=DIRECTION('center_axis',(-1.,4.60625220907897E-16,-1.23424155955685E-16));
#11322=DIRECTION('ref_axis',(4.7687431930208E-16,0.965925826289065,-0.258819045102533));
#11323=DIRECTION('',(0.,0.258819045102533,0.965925826289065));
#11324=DIRECTION('',(4.7687431930208E-16,0.965925826289065,-0.258819045102533));
#11325=DIRECTION('',(0.,-0.258819045102533,-0.965925826289065));
#11326=DIRECTION('',(0.,0.258819045102533,0.965925826289065));
#11327=DIRECTION('',(4.7687431930208E-16,0.965925826289065,-0.258819045102533));
#11328=DIRECTION('',(0.,-0.258819045102533,-0.965925826289065));
#11329=DIRECTION('',(0.,0.258819045102533,0.965925826289065));
#11330=DIRECTION('',(4.7687431930208E-16,0.965925826289065,-0.258819045102533));
#11331=DIRECTION('',(0.,-0.258819045102533,-0.965925826289065));
#11332=DIRECTION('',(0.,0.258819045102533,0.965925826289065));
#11333=DIRECTION('',(4.7687431930208E-16,0.965925826289065,-0.258819045102533));
#11334=DIRECTION('',(0.,-0.258819045102533,-0.965925826289065));
#11335=DIRECTION('',(0.,-0.258819045102533,-0.965925826289065));
#11336=DIRECTION('',(-4.7687431930208E-16,-0.965925826289065,0.258819045102533));
#11337=DIRECTION('',(-5.91645678915759E-31,0.258819045102532,0.965925826289065));
#11338=DIRECTION('',(4.7687431930208E-16,0.965925826289065,-0.258819045102532));
#11339=DIRECTION('',(2.2186712959341E-31,-0.258819045102532,-0.965925826289065));
#11340=DIRECTION('',(-4.7687431930208E-16,-0.965925826289065,0.258819045102532));
#11341=DIRECTION('',(-1.97215226305253E-31,0.258819045102532,0.965925826289065));
#11342=DIRECTION('',(4.7687431930208E-16,0.965925826289065,-0.258819045102533));
#11343=DIRECTION('',(1.97215226305253E-31,-0.258819045102532,-0.965925826289065));
#11344=DIRECTION('',(-2.71170936169723E-31,0.258819045102532,0.965925826289065));
#11345=DIRECTION('',(4.7687431930208E-16,0.965925826289065,-0.258819045102532));
#11346=DIRECTION('',(1.72563323017096E-31,-0.258819045102532,-0.965925826289065));
#11347=DIRECTION('',(-4.7687431930208E-16,-0.965925826289065,0.258819045102533));
#11348=DIRECTION('',(-4.7687431930208E-16,-0.965925826289065,0.258819045102533));
#11349=DIRECTION('',(2.46519032881566E-32,0.258819045102533,0.965925826289065));
#11350=DIRECTION('',(4.7687431930208E-16,0.965925826289065,-0.258819045102533));
#11351=DIRECTION('',(3.45126646034193E-31,-0.258819045102532,-0.965925826289065));
#11352=DIRECTION('center_axis',(0.,0.258819045102533,0.965925826289065));
#11353=DIRECTION('ref_axis',(0.,0.965925826289065,-0.258819045102533));
#11354=DIRECTION('center_axis',(-0.998542273277508,-0.0139698247386046,
-0.0521360956973041));
#11355=DIRECTION('ref_axis',(-0.0539752580149996,0.258441757664197,0.964517770400139));
#11356=DIRECTION('center_axis',(0.,0.258819045102533,0.965925826289065));
#11357=DIRECTION('ref_axis',(0.,0.965925826289065,-0.258819045102533));
#11358=DIRECTION('center_axis',(-0.998542273277508,-0.0139698247386046,
-0.0521360956973041));
#11359=DIRECTION('ref_axis',(-0.0539752580149996,0.258441757664197,0.964517770400139));
#11360=DIRECTION('center_axis',(0.,0.258819045102533,0.965925826289065));
#11361=DIRECTION('ref_axis',(0.,0.965925826289065,-0.258819045102533));
#11362=DIRECTION('center_axis',(-0.998542273277508,-0.0139698247386046,
-0.0521360956973041));
#11363=DIRECTION('ref_axis',(-0.0539752580149996,0.258441757664197,0.964517770400139));
#11364=DIRECTION('center_axis',(0.,0.258819045102533,0.965925826289065));
#11365=DIRECTION('ref_axis',(0.,0.965925826289065,-0.258819045102533));
#11366=DIRECTION('center_axis',(-0.998542273277508,-0.0139698247386046,
-0.0521360956973041));
#11367=DIRECTION('ref_axis',(-0.0539752580149996,0.258441757664197,0.964517770400139));
#11368=DIRECTION('center_axis',(0.,0.258819045102533,0.965925826289065));
#11369=DIRECTION('ref_axis',(0.,0.965925826289065,-0.258819045102533));
#11370=DIRECTION('center_axis',(-0.998542273277508,-0.0139698247386046,
-0.0521360956973041));
#11371=DIRECTION('ref_axis',(-0.0539752580149996,0.258441757664197,0.964517770400139));
#11372=DIRECTION('center_axis',(0.,0.258819045102533,0.965925826289065));
#11373=DIRECTION('ref_axis',(0.,0.965925826289065,-0.258819045102533));
#11374=DIRECTION('center_axis',(-0.998542273277508,-0.0139698247386046,
-0.0521360956973041));
#11375=DIRECTION('ref_axis',(-0.0539752580149996,0.258441757664197,0.964517770400139));
#11376=DIRECTION('center_axis',(0.,0.258819045102533,0.965925826289065));
#11377=DIRECTION('ref_axis',(0.,0.965925826289065,-0.258819045102533));
#11378=DIRECTION('center_axis',(-0.998542273277508,-0.0139698247386046,
-0.0521360956973041));
#11379=DIRECTION('ref_axis',(-0.0539752580149996,0.258441757664197,0.964517770400139));
#11380=DIRECTION('center_axis',(0.,0.258819045102533,0.965925826289065));
#11381=DIRECTION('ref_axis',(0.,0.965925826289065,-0.258819045102533));
#11382=DIRECTION('center_axis',(-0.998542273277508,-0.0139698247386046,
-0.0521360956973041));
#11383=DIRECTION('ref_axis',(-0.0539752580149996,0.258441757664197,0.964517770400139));
#11384=DIRECTION('center_axis',(0.,0.258819045102533,0.965925826289065));
#11385=DIRECTION('ref_axis',(0.,0.965925826289065,-0.258819045102533));
#11386=DIRECTION('',(0.,0.258819045102533,0.965925826289065));
#11387=DIRECTION('center_axis',(0.,0.258819045102533,0.965925826289065));
#11388=DIRECTION('ref_axis',(0.,0.965925826289065,-0.258819045102533));
#11389=DIRECTION('',(0.,-0.258819045102533,-0.965925826289065));
#11390=DIRECTION('center_axis',(0.998542273277508,-0.0139698247386051,-0.052136095697304));
#11391=DIRECTION('ref_axis',(0.0539752580149996,0.258441757664197,0.964517770400139));
#11392=DIRECTION('center_axis',(0.998542273277508,-0.0139698247386051,-0.052136095697304));
#11393=DIRECTION('ref_axis',(0.0539752580149996,0.258441757664197,0.964517770400139));
#11394=DIRECTION('center_axis',(0.998542273277508,-0.0139698247386051,-0.052136095697304));
#11395=DIRECTION('ref_axis',(0.0539752580149996,0.258441757664197,0.964517770400139));
#11396=DIRECTION('center_axis',(0.998542273277508,-0.0139698247386051,-0.052136095697304));
#11397=DIRECTION('ref_axis',(0.0539752580149996,0.258441757664197,0.964517770400139));
#11398=DIRECTION('center_axis',(-2.77333911991762E-32,-0.258819045102533,
-0.965925826289065));
#11399=DIRECTION('ref_axis',(-1.,7.17792982762577E-33,2.67883988098622E-32));
#11400=DIRECTION('center_axis',(1.11056864523911E-15,0.950547945661534,
-0.310577853361501));
#11401=DIRECTION('ref_axis',(-5.55111512312578E-17,0.310577853361501,0.950547945661534));
#11402=DIRECTION('center_axis',(1.11056864523911E-15,0.950547945661534,
-0.310577853361501));
#11403=DIRECTION('ref_axis',(-5.55111512312578E-17,0.310577853361501,0.950547945661534));
#11404=DIRECTION('center_axis',(-2.63760175957427E-17,-0.258819045102533,
-0.965925826289065));
#11405=DIRECTION('ref_axis',(-1.,-4.59730140384898E-16,1.50490782603336E-16));
#11406=DIRECTION('center_axis',(-5.55111512312578E-17,-0.258819045102533,
-0.965925826289065));
#11407=DIRECTION('ref_axis',(7.23351615185455E-18,-0.965925826289065,0.258819045102533));
#11408=DIRECTION('center_axis',(-0.998542273277508,-0.0139698247386046,
-0.0521360956973041));
#11409=DIRECTION('ref_axis',(-0.0539752580149996,0.258441757664197,0.964517770400139));
#11410=DIRECTION('center_axis',(-0.998542273277508,-0.0139698247386046,
-0.0521360956973041));
#11411=DIRECTION('ref_axis',(-0.0539752580149996,0.258441757664197,0.964517770400139));
#11412=DIRECTION('center_axis',(-0.998542273277508,-0.0139698247386046,
-0.0521360956973041));
#11413=DIRECTION('ref_axis',(-0.0539752580149996,0.258441757664197,0.964517770400139));
#11414=DIRECTION('center_axis',(-0.998542273277508,-0.0139698247386046,
-0.0521360956973041));
#11415=DIRECTION('ref_axis',(-0.0539752580149996,0.258441757664197,0.964517770400139));
#11416=DIRECTION('center_axis',(-2.29601093150992E-17,-0.258819045102533,
-0.965925826289065));
#11417=DIRECTION('ref_axis',(1.,9.16286543645422E-18,2.13148718794808E-17));
#11418=DIRECTION('center_axis',(0.,0.258819045102533,0.965925826289065));
#11419=DIRECTION('ref_axis',(1.,-1.3879287276469E-32,-2.77585745529379E-32));
#11420=DIRECTION('center_axis',(1.,0.,0.));
#11421=DIRECTION('ref_axis',(0.,0.,-1.));
#11422=DIRECTION('',(0.,0.965925826289065,-0.258819045102533));
#11423=DIRECTION('',(0.,-0.258819045102533,-0.965925826289065));
#11424=DIRECTION('',(0.,-0.965925826289065,0.258819045102533));
#11425=DIRECTION('',(0.,0.258819045102532,0.965925826289065));
#11426=DIRECTION('center_axis',(-0.707106781186548,0.683012701892217,-0.183012701892228));
#11427=DIRECTION('ref_axis',(-0.250562807085742,0.,0.968100345886372));
#11428=DIRECTION('',(-0.577350269189625,-0.408248290463854,0.707106781186553));
#11429=DIRECTION('',(-0.577350269189625,-0.707106781186553,-0.408248290463853));
#11430=DIRECTION('center_axis',(-0.707106781186548,-0.183012701892228,-0.683012701892217));
#11431=DIRECTION('ref_axis',(-0.694746590606864,0.,0.719254596676405));
#11432=DIRECTION('',(-0.577350269189626,0.707106781186552,0.408248290463855));
#11433=DIRECTION('center_axis',(-0.707106781186546,-0.683012701892219,0.183012701892228));
#11434=DIRECTION('ref_axis',(0.250562807085743,0.,0.968100345886372));
#11435=DIRECTION('',(-0.577350269189626,0.408248290463854,-0.707106781186553));
#11436=DIRECTION('center_axis',(-0.707106781186548,0.183012701892228,0.683012701892217));
#11437=DIRECTION('ref_axis',(0.694746590606865,0.,0.719254596676405));
#11438=DIRECTION('center_axis',(1.,0.,2.08166817117217E-16));
#11439=DIRECTION('ref_axis',(2.08166817117217E-16,0.,-1.));
#11440=DIRECTION('',(5.38775368283114E-17,0.965925826289065,-0.258819045102532));
#11441=DIRECTION('',(2.01073704829912E-16,-0.258819045102532,-0.965925826289065));
#11442=DIRECTION('',(-5.38775368283116E-17,-0.965925826289065,0.258819045102533));
#11443=DIRECTION('',(-2.01073704829912E-16,0.258819045102532,0.965925826289065));
#11444=DIRECTION('center_axis',(-0.707106781186549,0.683012701892215,-0.183012701892227));
#11445=DIRECTION('ref_axis',(-0.250562807085741,0.,0.968100345886372));
#11446=DIRECTION('',(-0.577350269189626,-0.408248290463857,0.707106781186551));
#11447=DIRECTION('',(-0.577350269189624,-0.707106781186555,-0.408248290463853));
#11448=DIRECTION('center_axis',(-0.707106781186547,-0.183012701892228,-0.683012701892218));
#11449=DIRECTION('ref_axis',(-0.694746590606865,0.,0.719254596676404));
#11450=DIRECTION('',(-0.577350269189626,0.707106781186554,0.408248290463853));
#11451=DIRECTION('center_axis',(-0.707106781186549,-0.683012701892216,0.183012701892227));
#11452=DIRECTION('ref_axis',(0.250562807085741,0.,0.968100345886372));
#11453=DIRECTION('',(-0.577350269189626,0.408248290463857,-0.707106781186551));
#11454=DIRECTION('center_axis',(-0.707106781186546,0.183012701892228,0.683012701892219));
#11455=DIRECTION('ref_axis',(0.694746590606866,0.,0.719254596676403));
#11456=DIRECTION('center_axis',(1.,0.,0.));
#11457=DIRECTION('ref_axis',(0.,0.,-1.));
#11458=DIRECTION('',(0.,0.965925826289065,-0.258819045102533));
#11459=DIRECTION('',(0.,-0.258819045102532,-0.965925826289065));
#11460=DIRECTION('',(0.,-0.965925826289065,0.258819045102532));
#11461=DIRECTION('',(0.,0.258819045102532,0.965925826289065));
#11462=DIRECTION('center_axis',(-0.707106781186545,0.683012701892219,-0.183012701892227));
#11463=DIRECTION('ref_axis',(-0.250562807085743,0.,0.968100345886372));
#11464=DIRECTION('',(-0.577350269189626,-0.408248290463854,0.707106781186552));
#11465=DIRECTION('',(-0.57735026918963,-0.70710678118655,-0.408248290463853));
#11466=DIRECTION('center_axis',(-0.707106781186547,-0.183012701892227,-0.683012701892217));
#11467=DIRECTION('ref_axis',(-0.694746590606865,0.,0.719254596676405));
#11468=DIRECTION('',(-0.577350269189626,0.707106781186552,0.408248290463855));
#11469=DIRECTION('center_axis',(-0.707106781186545,-0.683012701892219,0.183012701892228));
#11470=DIRECTION('ref_axis',(0.250562807085744,0.,0.968100345886372));
#11471=DIRECTION('',(-0.577350269189628,0.408248290463853,-0.707106781186551));
#11472=DIRECTION('center_axis',(-0.707106781186546,0.183012701892228,0.683012701892219));
#11473=DIRECTION('ref_axis',(0.694746590606867,0.,0.719254596676403));
#11474=DIRECTION('center_axis',(1.,0.,0.));
#11475=DIRECTION('ref_axis',(0.,0.,-1.));
#11476=DIRECTION('',(0.,-0.258819045102532,-0.965925826289065));
#11477=DIRECTION('',(0.,-0.965925826289065,0.258819045102532));
#11478=DIRECTION('',(0.,0.258819045102532,0.965925826289065));
#11479=DIRECTION('',(0.,0.965925826289065,-0.258819045102533));
#11480=DIRECTION('center_axis',(-0.70710678118655,-0.183012701892227,-0.683012701892215));
#11481=DIRECTION('ref_axis',(-0.694746590606863,0.,0.719254596676407));
#11482=DIRECTION('',(-0.577350269189624,0.707106781186554,0.408248290463854));
#11483=DIRECTION('',(-0.577350269189626,-0.408248290463853,0.707106781186553));
#11484=DIRECTION('center_axis',(-0.707106781186551,-0.683012701892214,0.183012701892227));
#11485=DIRECTION('ref_axis',(0.25056280708574,0.,0.968100345886373));
#11486=DIRECTION('',(-0.577350269189625,0.408248290463856,-0.707106781186552));
#11487=DIRECTION('center_axis',(-0.707106781186548,0.183012701892228,0.683012701892217));
#11488=DIRECTION('ref_axis',(0.694746590606864,0.,0.719254596676405));
#11489=DIRECTION('',(-0.577350269189626,-0.707106781186552,-0.408248290463855));
#11490=DIRECTION('center_axis',(-0.707106781186546,0.683012701892218,-0.183012701892228));
#11491=DIRECTION('ref_axis',(-0.250562807085743,0.,0.968100345886372));
#11492=DIRECTION('center_axis',(-1.,0.,0.));
#11493=DIRECTION('ref_axis',(0.,0.,1.));
#11494=DIRECTION('',(0.,-0.965925826289065,0.258819045102533));
#11495=DIRECTION('',(0.,-0.258819045102532,-0.965925826289065));
#11496=DIRECTION('',(0.,0.965925826289065,-0.258819045102533));
#11497=DIRECTION('',(0.,0.258819045102533,0.965925826289065));
#11498=DIRECTION('center_axis',(0.707106781186548,-0.683012701892217,0.183012701892227));
#11499=DIRECTION('ref_axis',(0.250562807085742,0.,-0.968100345886372));
#11500=DIRECTION('',(0.577350269189627,0.707106781186552,0.408248290463854));
#11501=DIRECTION('',(0.577350269189626,0.408248290463854,-0.707106781186553));
#11502=DIRECTION('center_axis',(0.707106781186547,-0.183012701892228,-0.683012701892217));
#11503=DIRECTION('ref_axis',(-0.694746590606865,0.,-0.719254596676405));
#11504=DIRECTION('',(0.577350269189627,-0.408248290463853,0.707106781186552));
#11505=DIRECTION('center_axis',(0.707106781186548,0.683012701892217,-0.183012701892228));
#11506=DIRECTION('ref_axis',(-0.250562807085742,0.,-0.968100345886372));
#11507=DIRECTION('',(0.577350269189625,-0.707106781186553,-0.408248290463853));
#11508=DIRECTION('center_axis',(0.707106781186547,0.183012701892228,0.683012701892217));
#11509=DIRECTION('ref_axis',(0.694746590606865,0.,-0.719254596676404));
#11510=DIRECTION('center_axis',(-1.,0.,0.));
#11511=DIRECTION('ref_axis',(0.,0.,1.));
#11512=DIRECTION('',(0.,-0.965925826289065,0.258819045102532));
#11513=DIRECTION('',(0.,-0.258819045102532,-0.965925826289065));
#11514=DIRECTION('',(0.,0.965925826289065,-0.258819045102533));
#11515=DIRECTION('',(0.,0.258819045102532,0.965925826289065));
#11516=DIRECTION('center_axis',(0.707106781186547,-0.683012701892218,0.183012701892228));
#11517=DIRECTION('ref_axis',(0.250562807085743,0.,-0.968100345886372));
#11518=DIRECTION('',(0.577350269189626,0.707106781186553,0.408248290463854));
#11519=DIRECTION('',(0.577350269189627,0.408248290463855,-0.707106781186551));
#11520=DIRECTION('center_axis',(0.707106781186549,-0.183012701892227,-0.683012701892216));
#11521=DIRECTION('ref_axis',(-0.694746590606863,0.,-0.719254596676406));
#11522=DIRECTION('',(0.577350269189625,-0.408248290463855,0.707106781186553));
#11523=DIRECTION('center_axis',(0.707106781186549,0.683012701892216,-0.183012701892227));
#11524=DIRECTION('ref_axis',(-0.250562807085741,0.,-0.968100345886372));
#11525=DIRECTION('',(0.577350269189627,-0.707106781186552,-0.408248290463853));
#11526=DIRECTION('center_axis',(0.707106781186546,0.183012701892228,0.683012701892219));
#11527=DIRECTION('ref_axis',(0.694746590606866,0.,-0.719254596676403));
#11528=DIRECTION('center_axis',(-1.,0.,0.));
#11529=DIRECTION('ref_axis',(0.,0.,1.));
#11530=DIRECTION('',(0.,-0.965925826289065,0.258819045102533));
#11531=DIRECTION('',(0.,-0.258819045102532,-0.965925826289065));
#11532=DIRECTION('',(0.,0.965925826289065,-0.258819045102532));
#11533=DIRECTION('',(0.,0.258819045102532,0.965925826289065));
#11534=DIRECTION('center_axis',(0.707106781186549,-0.683012701892216,0.183012701892227));
#11535=DIRECTION('ref_axis',(0.250562807085742,0.,-0.968100345886372));
#11536=DIRECTION('',(0.577350269189625,0.707106781186553,0.408248290463854));
#11537=DIRECTION('',(0.577350269189625,0.408248290463855,-0.707106781186553));
#11538=DIRECTION('center_axis',(0.707106781186549,-0.183012701892227,-0.683012701892216));
#11539=DIRECTION('ref_axis',(-0.694746590606864,0.,-0.719254596676406));
#11540=DIRECTION('',(0.577350269189624,-0.408248290463856,0.707106781186553));
#11541=DIRECTION('center_axis',(0.707106781186547,0.683012701892218,-0.183012701892227));
#11542=DIRECTION('ref_axis',(-0.250562807085742,0.,-0.968100345886372));
#11543=DIRECTION('',(0.577350269189627,-0.707106781186553,-0.408248290463852));
#11544=DIRECTION('center_axis',(0.707106781186548,0.183012701892228,0.683012701892217));
#11545=DIRECTION('ref_axis',(0.694746590606864,0.,-0.719254596676405));
#11546=DIRECTION('center_axis',(-1.,0.,0.));
#11547=DIRECTION('ref_axis',(0.,0.,1.));
#11548=DIRECTION('',(0.,0.258819045102532,0.965925826289065));
#11549=DIRECTION('',(0.,-0.965925826289065,0.258819045102533));
#11550=DIRECTION('',(0.,-0.258819045102532,-0.965925826289065));
#11551=DIRECTION('',(0.,0.965925826289065,-0.258819045102532));
#11552=DIRECTION('center_axis',(0.707106781186548,0.183012701892228,0.683012701892217));
#11553=DIRECTION('ref_axis',(0.694746590606864,0.,-0.719254596676405));
#11554=DIRECTION('',(0.577350269189625,0.408248290463856,-0.707106781186552));
#11555=DIRECTION('',(0.577350269189626,-0.707106781186552,-0.408248290463855));
#11556=DIRECTION('center_axis',(0.707106781186548,-0.683012701892217,0.183012701892228));
#11557=DIRECTION('ref_axis',(0.250562807085742,0.,-0.968100345886372));
#11558=DIRECTION('',(0.577350269189629,0.707106781186551,0.408248290463853));
#11559=DIRECTION('center_axis',(0.707106781186545,-0.183012701892228,-0.683012701892219));
#11560=DIRECTION('ref_axis',(-0.694746590606867,0.,-0.719254596676403));
#11561=DIRECTION('',(0.577350269189627,-0.408248290463853,0.707106781186552));
#11562=DIRECTION('center_axis',(0.707106781186547,0.683012701892218,-0.183012701892228));
#11563=DIRECTION('ref_axis',(-0.250562807085742,0.,-0.968100345886372));
#11564=DIRECTION('center_axis',(0.,0.965925826289065,-0.258819045102534));
#11565=DIRECTION('ref_axis',(0.,0.258819045102534,0.965925826289065));
#11566=DIRECTION('',(-1.,9.85189244860561E-16,3.67677631688983E-15));
#11567=DIRECTION('',(-3.29485542791982E-15,-0.258819045102534,-0.965925826289065));
#11568=DIRECTION('',(1.,-9.64664468925966E-16,-3.60017681028796E-15));
#11569=DIRECTION('',(3.72461917938762E-15,0.258819045102534,0.965925826289065));
#11570=DIRECTION('center_axis',(-0.707106781186542,-0.683012701892222,0.183012701892232));
#11571=DIRECTION('ref_axis',(0.25056280708575,0.,0.96810034588637));
#11572=DIRECTION('',(0.577350269189631,-0.408248290463852,0.707106781186549));
#11573=DIRECTION('',(0.577350269189626,-0.707106781186551,-0.408248290463857));
#11574=DIRECTION('center_axis',(-2.63551234136204E-15,-0.866025403784448,
-0.499999999999984));
#11575=DIRECTION('ref_axis',(0.,0.499999999999984,-0.866025403784448));
#11576=DIRECTION('',(-0.577350269189624,-0.408248290463852,0.707106781186555));
#11577=DIRECTION('center_axis',(0.707106781186543,-0.683012701892222,0.183012701892227));
#11578=DIRECTION('ref_axis',(0.250562807085743,0.,-0.968100345886372));
#11579=DIRECTION('',(-0.577350269189628,-0.707106781186552,-0.408248290463852));
#11580=DIRECTION('center_axis',(2.69158707202931E-15,-0.499999999999994,
0.866025403784442));
#11581=DIRECTION('ref_axis',(1.,0.,-3.10797704116687E-15));
#11582=DIRECTION('center_axis',(0.,0.965925826289065,-0.258819045102534));
#11583=DIRECTION('ref_axis',(0.,0.258819045102534,0.965925826289065));
#11584=DIRECTION('',(-1.,9.85189244860559E-16,3.67677631688983E-15));
#11585=DIRECTION('',(-3.22322813600852E-15,-0.258819045102534,-0.965925826289065));
#11586=DIRECTION('',(1.,-1.00571402079516E-15,-3.7533758234917E-15));
#11587=DIRECTION('',(4.51251939041193E-15,0.258819045102534,0.965925826289065));
#11588=DIRECTION('center_axis',(-0.707106781186546,-0.683012701892218,0.183012701892231));
#11589=DIRECTION('ref_axis',(0.250562807085747,0.,0.968100345886371));
#11590=DIRECTION('',(0.577350269189627,-0.408248290463856,0.70710678118655));
#11591=DIRECTION('',(0.577350269189624,-0.707106781186552,-0.408248290463857));
#11592=DIRECTION('center_axis',(-2.74766180269662E-15,-0.866025403784444,
-0.499999999999991));
#11593=DIRECTION('ref_axis',(0.,0.499999999999991,-0.866025403784444));
#11594=DIRECTION('',(-0.577350269189623,-0.408248290463852,0.707106781186556));
#11595=DIRECTION('center_axis',(0.707106781186548,-0.683012701892218,0.183012701892225));
#11596=DIRECTION('ref_axis',(0.250562807085739,0.,-0.968100345886373));
#11597=DIRECTION('',(-0.577350269189627,-0.707106781186552,-0.408248290463853));
#11598=DIRECTION('center_axis',(2.69158707202931E-15,-0.499999999999994,
0.866025403784442));
#11599=DIRECTION('ref_axis',(1.,0.,-3.10797704116687E-15));
#11600=DIRECTION('center_axis',(0.,0.965925826289065,-0.258819045102534));
#11601=DIRECTION('ref_axis',(0.,0.258819045102534,0.965925826289065));
#11602=DIRECTION('',(-1.,1.14938745233732E-15,4.2895723697048E-15));
#11603=DIRECTION('',(-3.72461917938762E-15,-0.258819045102534,-0.965925826289065));
#11604=DIRECTION('',(1.,-9.85189244860561E-16,-3.67677631688983E-15));
#11605=DIRECTION('',(4.72740126614583E-15,0.258819045102534,0.965925826289065));
#11606=DIRECTION('center_axis',(-0.707106781186548,-0.683012701892216,0.183012701892231));
#11607=DIRECTION('ref_axis',(0.250562807085746,0.,0.968100345886371));
#11608=DIRECTION('',(0.577350269189629,-0.408248290463856,0.707106781186549));
#11609=DIRECTION('',(0.577350269189626,-0.707106781186551,-0.408248290463857));
#11610=DIRECTION('center_axis',(-2.69158707202934E-15,-0.866025403784444,
-0.499999999999991));
#11611=DIRECTION('ref_axis',(0.,0.499999999999991,-0.866025403784444));
#11612=DIRECTION('',(-0.577350269189625,-0.408248290463852,0.707106781186555));
#11613=DIRECTION('center_axis',(0.707106781186543,-0.683012701892222,0.183012701892226));
#11614=DIRECTION('ref_axis',(0.250562807085742,0.,-0.968100345886372));
#11615=DIRECTION('',(-0.577350269189629,-0.707106781186551,-0.408248290463853));
#11616=DIRECTION('center_axis',(3.14018491736753E-15,-0.499999999999994,
0.866025403784442));
#11617=DIRECTION('ref_axis',(1.,0.,-3.62597321469468E-15));
#11618=DIRECTION('center_axis',(1.,0.,0.));
#11619=DIRECTION('ref_axis',(0.,0.,-1.));
#11620=DIRECTION('',(0.,-0.965925826289065,0.258819045102533));
#11621=DIRECTION('',(0.,0.866025403784446,0.499999999999987));
#11622=DIRECTION('center_axis',(1.,0.,0.));
#11623=DIRECTION('ref_axis',(0.,0.130526192220041,-0.991444861373812));
#11624=DIRECTION('',(0.,0.965925826289065,-0.258819045102531));
#11625=DIRECTION('center_axis',(1.,0.,0.));
#11626=DIRECTION('ref_axis',(0.,-0.608761429008727,-0.79335334029123));
#11627=DIRECTION('',(0.,0.499999999999989,-0.866025403784445));
#11628=DIRECTION('center_axis',(1.,0.,0.));
#11629=DIRECTION('ref_axis',(0.,0.,-1.));
#11630=DIRECTION('',(0.,-0.499999999999989,0.866025403784445));
#11631=DIRECTION('center_axis',(-1.,0.,0.));
#11632=DIRECTION('ref_axis',(0.,-0.608761429008729,-0.793353340291228));
#11633=DIRECTION('',(0.,-0.965925826289065,0.258819045102531));
#11634=DIRECTION('center_axis',(-1.,0.,0.));
#11635=DIRECTION('ref_axis',(0.,0.130526192220041,-0.991444861373812));
#11636=DIRECTION('',(0.,-0.866025403784446,-0.499999999999987));
#11637=DIRECTION('',(0.,0.965925826289065,-0.258819045102533));
#11638=DIRECTION('center_axis',(-2.63760175957427E-17,-0.258819045102533,
-0.965925826289065));
#11639=DIRECTION('ref_axis',(9.84366377686367E-17,0.965925826289065,-0.258819045102533));
#11640=DIRECTION('center_axis',(0.,-0.499999999999987,0.866025403784446));
#11641=DIRECTION('ref_axis',(0.,-0.866025403784446,-0.499999999999987));
#11642=DIRECTION('',(0.,-0.866025403784446,-0.499999999999987));
#11643=DIRECTION('',(-1.,3.23038922781206E-17,1.86506609026449E-17));
#11644=DIRECTION('',(0.,0.866025403784446,0.499999999999987));
#11645=DIRECTION('center_axis',(0.,-0.499999999999989,0.866025403784445));
#11646=DIRECTION('ref_axis',(-0.707106781186549,-0.612372435695798,-0.353553390593266));
#11647=DIRECTION('center_axis',(0.,0.550989871491516,0.834511930120692));
#11648=DIRECTION('ref_axis',(0.,-0.834511930120692,0.550989871491516));
#11649=DIRECTION('center_axis',(0.,0.499999999999995,-0.866025403784442));
#11650=DIRECTION('ref_axis',(0.,-0.866025403784442,-0.499999999999995));
#11651=DIRECTION('center_axis',(-1.,0.,0.));
#11652=DIRECTION('ref_axis',(0.,0.,1.));
#11653=DIRECTION('center_axis',(0.,0.965925826289066,-0.258819045102528));
#11654=DIRECTION('ref_axis',(0.,-0.258819045102528,-0.965925826289066));
#11655=DIRECTION('center_axis',(0.,-0.965925826289066,0.258819045102531));
#11656=DIRECTION('ref_axis',(-0.707106781186548,-0.183012701892227,-0.683012701892217));
#11657=DIRECTION('center_axis',(0.,0.965925826289065,-0.258819045102532));
#11658=DIRECTION('ref_axis',(0.,-0.258819045102532,-0.965925826289065));
#11659=DIRECTION('center_axis',(-1.,0.,0.));
#11660=DIRECTION('ref_axis',(0.,0.130526192220043,-0.991444861373812));
#11661=DIRECTION('center_axis',(0.,0.866025403784446,0.499999999999987));
#11662=DIRECTION('ref_axis',(0.,0.499999999999987,-0.866025403784446));
#11663=DIRECTION('center_axis',(0.,-0.866025403784446,-0.499999999999987));
#11664=DIRECTION('ref_axis',(-0.707106781186548,0.353553390593264,-0.612372435695799));
#11665=DIRECTION('center_axis',(1.66298255386286E-17,-0.0599152608792033,
0.998203466991463));
#11666=DIRECTION('ref_axis',(0.,0.998203466991463,0.0599152608792033));
#11667=DIRECTION('center_axis',(0.,-0.965925826289065,0.258819045102533));
#11668=DIRECTION('ref_axis',(0.707106781186547,0.183012701892228,0.683012701892217));
#11669=DIRECTION('center_axis',(0.,-0.965925826289065,0.258819045102534));
#11670=DIRECTION('ref_axis',(1.,0.,0.));
#11671=DIRECTION('center_axis',(-4.57691923278911E-15,0.965925826289065,
-0.258819045102534));
#11672=DIRECTION('ref_axis',(0.,0.258819045102534,0.965925826289065));
#11673=DIRECTION('center_axis',(1.,-3.23038922781206E-17,-1.86506609026449E-17));
#11674=DIRECTION('ref_axis',(0.,-0.130526192220037,0.991444861373812));
#11675=DIRECTION('center_axis',(1.,0.,0.));
#11676=DIRECTION('ref_axis',(0.,0.258819045102533,0.965925826289065));
#11677=DIRECTION('center_axis',(-1.,0.,0.));
#11678=DIRECTION('ref_axis',(0.,-0.499999999999986,0.866025403784446));
#11679=DIRECTION('center_axis',(1.,1.8650660902645E-17,-3.23038922781204E-17));
#11680=DIRECTION('ref_axis',(0.,0.60876142900873,0.793353340291228));
#11681=DIRECTION('center_axis',(1.,0.,0.));
#11682=DIRECTION('ref_axis',(0.,0.866025403784445,0.499999999999989));
#11683=DIRECTION('center_axis',(-1.,0.,0.));
#11684=DIRECTION('ref_axis',(0.,0.258819045102534,0.965925826289065));
#11685=DIRECTION('center_axis',(0.,0.965925826289065,-0.258819045102533));
#11686=DIRECTION('ref_axis',(-0.707106781186548,0.183012701892229,0.683012701892217));
#11687=DIRECTION('center_axis',(0.,0.965925826289066,-0.258819045102528));
#11688=DIRECTION('ref_axis',(-1.,0.,0.));
#11689=DIRECTION('center_axis',(4.57691923278912E-15,-0.965925826289066,
0.25881904510253));
#11690=DIRECTION('ref_axis',(0.,0.25881904510253,0.965925826289066));
#11691=DIRECTION('center_axis',(0.,0.866025403784446,0.499999999999987));
#11692=DIRECTION('ref_axis',(0.707106781186548,0.353553390593264,-0.612372435695799));
#11693=DIRECTION('center_axis',(1.66298255386286E-17,-0.0599152608792033,
0.998203466991463));
#11694=DIRECTION('ref_axis',(0.,0.998203466991463,0.0599152608792033));
#11695=DIRECTION('center_axis',(0.,-0.866025403784443,-0.499999999999992));
#11696=DIRECTION('ref_axis',(0.,0.499999999999992,-0.866025403784443));
#11697=DIRECTION('center_axis',(1.,0.,0.));
#11698=DIRECTION('ref_axis',(0.,0.,-1.));
#11699=DIRECTION('center_axis',(0.,-0.965925826289065,0.258819045102531));
#11700=DIRECTION('ref_axis',(0.,-0.258819045102532,-0.965925826289066));
#11701=DIRECTION('center_axis',(0.,0.965925826289066,-0.258819045102531));
#11702=DIRECTION('ref_axis',(0.707106781186548,-0.183012701892227,-0.683012701892217));
#11703=DIRECTION('center_axis',(0.,-0.965925826289064,0.258819045102537));
#11704=DIRECTION('ref_axis',(0.,-0.258819045102537,-0.965925826289064));
#11705=DIRECTION('center_axis',(1.,0.,0.));
#11706=DIRECTION('ref_axis',(0.,0.,-1.));
#11707=DIRECTION('center_axis',(0.,-0.49999999999999,0.866025403784444));
#11708=DIRECTION('ref_axis',(0.,-0.866025403784444,-0.49999999999999));
#11709=DIRECTION('center_axis',(0.,0.499999999999989,-0.866025403784445));
#11710=DIRECTION('ref_axis',(0.707106781186549,-0.612372435695798,-0.353553390593266));
#11711=DIRECTION('center_axis',(2.44688656666054E-15,0.550989871491515,
0.834511930120693));
#11712=DIRECTION('ref_axis',(0.,-0.834511930120693,0.550989871491515));
#11713=DIRECTION('center_axis',(2.09876542898774E-15,0.,-1.));
#11714=DIRECTION('ref_axis',(-1.,4.54176064220788E-31,-2.09876542898774E-15));
#11715=DIRECTION('',(-1.,-1.18388459717874E-58,-2.09876542898774E-15));
#11716=DIRECTION('',(0.,1.,0.));
#11717=DIRECTION('center_axis',(0.,1.,0.));
#11718=DIRECTION('ref_axis',(0.525062241670342,0.,-0.851063829787235));
#11719=DIRECTION('center_axis',(1.18388459717874E-58,-1.,9.92290292195613E-89));
#11720=DIRECTION('ref_axis',(0.525062241670342,0.,-0.851063829787235));
#11721=DIRECTION('center_axis',(1.18388459717874E-58,-1.,9.92290292195613E-89));
#11722=DIRECTION('ref_axis',(1.,1.18388459717874E-58,0.));
#11723=DIRECTION('center_axis',(-1.18388459717874E-58,1.,-9.92290292195613E-89));
#11724=DIRECTION('ref_axis',(1.,1.18388459717874E-58,0.));
#11725=DIRECTION('center_axis',(0.,1.,0.));
#11726=DIRECTION('ref_axis',(1.,0.,0.));
#11727=DIRECTION('center_axis',(-1.23259516440783E-32,1.,1.60080215489556E-28));
#11728=DIRECTION('ref_axis',(1.,0.,5.49631641165858E-30));
#11729=DIRECTION('',(0.,1.,0.));
#11730=DIRECTION('center_axis',(-1.23259516440783E-32,1.,1.60080215489556E-28));
#11731=DIRECTION('ref_axis',(1.,0.,5.49631641165858E-30));
#11732=DIRECTION('center_axis',(-1.23259516440783E-32,1.,1.60080215489556E-28));
#11733=DIRECTION('ref_axis',(0.,0.,1.));
#11734=DIRECTION('center_axis',(-1.,-1.23259516440979E-32,1.22464679914737E-16));
#11735=DIRECTION('ref_axis',(-1.22464679914737E-16,0.,-1.));
#11736=DIRECTION('center_axis',(0.,-0.258819045102533,-0.965925826289065));
#11737=DIRECTION('ref_axis',(1.,-1.3879287276469E-32,-2.77585745529379E-32));
#11738=DIRECTION('center_axis',(-2.63760175957427E-17,-0.258819045102533,
-0.965925826289065));
#11739=DIRECTION('ref_axis',(-1.,0.,2.73064627509498E-17));
#11740=DIRECTION('center_axis',(-2.63760175957427E-17,-0.258819045102533,
-0.965925826289065));
#11741=DIRECTION('ref_axis',(9.84366377686367E-17,0.965925826289065,-0.258819045102533));
#11742=DIRECTION('',(1.,-3.06174457299849E-16,5.47327358255862E-17));
#11743=DIRECTION('center_axis',(2.63760175957427E-17,0.258819045102533,
0.965925826289065));
#11744=DIRECTION('ref_axis',(0.,0.965925826289065,-0.258819045102533));
#11745=DIRECTION('',(-1.,1.02815337037936E-15,-2.48186402537549E-16));
#11746=DIRECTION('center_axis',(-2.63760175957427E-17,-0.258819045102533,
-0.965925826289065));
#11747=DIRECTION('ref_axis',(0.,-0.965925826289065,0.258819045102533));
#11748=DIRECTION('center_axis',(2.63760175957427E-17,0.258819045102533,
0.965925826289065));
#11749=DIRECTION('ref_axis',(0.,0.965925826289065,-0.258819045102533));
#11750=DIRECTION('center_axis',(0.,0.258819045102533,0.965925826289065));
#11751=DIRECTION('ref_axis',(0.,0.965925826289065,-0.258819045102533));
#11752=DIRECTION('',(0.,-0.258819045102533,-0.965925826289065));
#11753=DIRECTION('center_axis',(0.,-0.258819045102533,-0.965925826289065));
#11754=DIRECTION('ref_axis',(0.,-0.965925826289065,0.258819045102533));
#11755=DIRECTION('',(0.,-0.258819045102533,-0.965925826289065));
#11756=DIRECTION('center_axis',(0.,0.258819045102533,0.965925826289065));
#11757=DIRECTION('ref_axis',(0.,-0.965925826289065,0.258819045102533));
#11758=DIRECTION('center_axis',(1.05735526154777E-15,0.965925826289065,
-0.258819045102533));
#11759=DIRECTION('ref_axis',(1.,-1.03197198971692E-15,2.33935121154992E-16));
#11760=DIRECTION('',(0.,0.258819045102533,0.965925826289065));
#11761=DIRECTION('',(1.,-2.61491411782092E-16,4.27599498637393E-17));
#11762=DIRECTION('center_axis',(0.,0.258819045102533,0.965925826289065));
#11763=DIRECTION('ref_axis',(0.,0.965925826289065,-0.258819045102533));
#11764=DIRECTION('center_axis',(1.,-2.61491411782092E-16,4.27599498637393E-17));
#11765=DIRECTION('ref_axis',(2.63648397385476E-16,0.965925826289065,-0.258819045102533));
#11766=DIRECTION('center_axis',(-1.,6.90776213418662E-15,-1.82362282261074E-15));
#11767=DIRECTION('ref_axis',(-7.14437416484783E-15,-0.965925826289065,0.258819045102533));
#11768=DIRECTION('center_axis',(-2.63760175957427E-17,-0.258819045102533,
-0.965925826289065));
#11769=DIRECTION('ref_axis',(0.,0.965925826289065,-0.258819045102533));
#11770=DIRECTION('center_axis',(-1.,1.01909106361526E-16,2.49395180678234E-31));
#11771=DIRECTION('ref_axis',(-9.84366377686367E-17,-0.965925826289065,0.258819045102533));
#11772=DIRECTION('',(1.,-1.01909106361526E-16,-2.49395180678234E-31));
#11773=DIRECTION('center_axis',(-1.,-3.72620205143573E-15,8.20941087037631E-15));
#11774=DIRECTION('ref_axis',(-6.96526992150297E-15,-0.258819045102533,-0.965925826289065));
#11775=DIRECTION('',(1.,-1.01909106361526E-16,-2.49395180678234E-31));
#11776=DIRECTION('center_axis',(-2.63760175957427E-17,-0.258819045102533,
-0.965925826289065));
#11777=DIRECTION('ref_axis',(0.,0.965925826289065,-0.258819045102533));
#11778=DIRECTION('center_axis',(-2.63760175957427E-17,-0.258819045102533,
-0.965925826289065));
#11779=DIRECTION('ref_axis',(9.84366377686367E-17,0.965925826289065,-0.258819045102533));
#11780=DIRECTION('center_axis',(0.,-0.258819045102533,-0.965925826289065));
#11781=DIRECTION('ref_axis',(1.,-1.3879287276469E-32,-2.77585745529379E-32));
#11782=DIRECTION('center_axis',(0.,-0.258819045102533,-0.965925826289065));
#11783=DIRECTION('ref_axis',(1.,-1.3879287276469E-32,-2.77585745529379E-32));
#11784=DIRECTION('center_axis',(-2.63760175957427E-17,-0.258819045102533,
-0.965925826289065));
#11785=DIRECTION('ref_axis',(1.,-1.3879287276469E-32,-2.77585745529379E-32));
#11786=DIRECTION('',(0.,0.258819045102533,0.965925826289065));
#11787=DIRECTION('',(0.,-0.258819045102533,-0.965925826289065));
#11788=DIRECTION('center_axis',(0.,-0.965925826289065,0.258819045102533));
#11789=DIRECTION('ref_axis',(-1.,0.,0.));
#11790=DIRECTION('',(1.,-6.82661568773774E-18,-2.54772765903827E-17));
#11791=DIRECTION('',(0.,-0.258819045102532,-0.965925826289065));
#11792=DIRECTION('center_axis',(0.,0.258819045102532,0.965925826289065));
#11793=DIRECTION('ref_axis',(0.,0.965925826289065,-0.258819045102532));
#11794=DIRECTION('center_axis',(2.63760175957427E-17,0.258819045102533,
0.965925826289065));
#11795=DIRECTION('ref_axis',(0.,0.965925826289065,-0.258819045102532));
#11796=DIRECTION('center_axis',(0.,0.258819045102533,0.965925826289065));
#11797=DIRECTION('ref_axis',(0.,0.965925826289065,-0.258819045102533));
#11798=DIRECTION('center_axis',(2.63760175957427E-17,0.258819045102533,
0.965925826289065));
#11799=DIRECTION('ref_axis',(0.,0.965925826289065,-0.258819045102533));
#11800=DIRECTION('center_axis',(-2.63760175957427E-17,-0.258819045102533,
-0.965925826289065));
#11801=DIRECTION('ref_axis',(-1.,0.,2.73064627509498E-17));
#11802=DIRECTION('center_axis',(-2.63760175957427E-17,-0.258819045102533,
-0.965925826289065));
#11803=DIRECTION('ref_axis',(-1.,0.,2.73064627509498E-17));
#11804=DIRECTION('',(-8.03912319696436E-17,0.965925826289065,-0.258819045102533));
#11805=DIRECTION('center_axis',(2.63760175957427E-17,0.258819045102533,
0.965925826289065));
#11806=DIRECTION('ref_axis',(0.,0.965925826289065,-0.258819045102533));
#11807=DIRECTION('',(-4.7687431930208E-16,-0.965925826289065,0.258819045102533));
#11808=DIRECTION('center_axis',(2.63760175957427E-17,0.258819045102533,
0.965925826289065));
#11809=DIRECTION('ref_axis',(0.,0.965925826289065,-0.258819045102533));
#11810=DIRECTION('center_axis',(0.,0.258819045102533,0.965925826289065));
#11811=DIRECTION('ref_axis',(0.,0.965925826289065,-0.258819045102533));
#11812=DIRECTION('',(0.,-0.258819045102533,-0.965925826289065));
#11813=DIRECTION('center_axis',(0.,0.258819045102533,0.965925826289065));
#11814=DIRECTION('ref_axis',(0.,0.965925826289065,-0.258819045102533));
#11815=DIRECTION('',(0.,0.258819045102533,0.965925826289065));
#11816=DIRECTION('center_axis',(-1.,4.60625220907897E-16,-1.23424155955685E-16));
#11817=DIRECTION('ref_axis',(4.7687431930208E-16,0.965925826289065,-0.258819045102533));
#11818=DIRECTION('',(-8.78423932087388E-17,0.965925826289065,-0.258819045102533));
#11819=DIRECTION('center_axis',(-8.78423932087388E-17,0.965925826289065,
-0.258819045102533));
#11820=DIRECTION('ref_axis',(-1.,-7.80226205556222E-17,4.82125609201897E-17));
#11821=DIRECTION('center_axis',(0.,-0.258819045102533,-0.965925826289065));
#11822=DIRECTION('ref_axis',(0.,0.965925826289065,-0.258819045102533));
#11823=DIRECTION('center_axis',(-2.63760175957427E-17,-0.258819045102533,
-0.965925826289065));
#11824=DIRECTION('ref_axis',(0.,0.965925826289065,-0.258819045102533));
#11825=DIRECTION('',(0.,0.258819045102533,0.965925826289065));
#11826=DIRECTION('center_axis',(0.,-0.258819045102533,-0.965925826289065));
#11827=DIRECTION('ref_axis',(0.,0.965925826289065,-0.258819045102533));
#11828=DIRECTION('',(0.,-0.258819045102533,-0.965925826289065));
#11829=DIRECTION('center_axis',(-2.63760175957427E-17,-0.258819045102533,
-0.965925826289065));
#11830=DIRECTION('ref_axis',(0.,0.965925826289065,-0.258819045102533));
#11831=DIRECTION('center_axis',(-2.63760175957427E-17,-0.258819045102533,
-0.965925826289065));
#11832=DIRECTION('ref_axis',(9.84366377686367E-17,0.965925826289065,-0.258819045102533));
#11833=DIRECTION('center_axis',(5.72398667777819E-15,-0.965925826289063,
0.25881904510254));
#11834=DIRECTION('ref_axis',(-2.63760175957434E-17,-0.258819045102539,-0.965925826289063));
#11835=DIRECTION('center_axis',(-9.84366377686367E-17,-0.965925826289065,
0.258819045102533));
#11836=DIRECTION('ref_axis',(1.,-1.01909106361526E-16,-2.49395180678234E-31));
#11837=DIRECTION('',(9.84366377686367E-17,0.965925826289065,-0.258819045102533));
#11838=DIRECTION('',(-9.84366377686367E-17,-0.965925826289065,0.258819045102533));
#11839=DIRECTION('center_axis',(1.,-4.60625220907897E-16,1.23424155955685E-16));
#11840=DIRECTION('ref_axis',(-4.7687431930208E-16,-0.965925826289065,0.258819045102533));
#11841=DIRECTION('',(4.7687431930208E-16,0.965925826289065,-0.258819045102533));
#11842=DIRECTION('',(0.,-0.258819045102533,-0.965925826289065));
#11843=DIRECTION('center_axis',(0.,0.258819045102533,0.965925826289065));
#11844=DIRECTION('ref_axis',(0.,0.965925826289065,-0.258819045102533));
#11845=DIRECTION('center_axis',(2.63760175957427E-17,0.258819045102533,
0.965925826289065));
#11846=DIRECTION('ref_axis',(0.,0.965925826289065,-0.258819045102533));
#11847=DIRECTION('center_axis',(0.,0.258819045102533,0.965925826289065));
#11848=DIRECTION('ref_axis',(0.,0.965925826289065,-0.258819045102533));
#11849=DIRECTION('center_axis',(2.63760175957427E-17,0.258819045102533,
0.965925826289065));
#11850=DIRECTION('ref_axis',(0.,0.965925826289065,-0.258819045102533));
#11851=DIRECTION('center_axis',(-2.63760175957427E-17,-0.258819045102533,
-0.965925826289065));
#11852=DIRECTION('ref_axis',(-1.,0.,2.73064627509498E-17));
#11853=DIRECTION('center_axis',(-2.63760175957427E-17,-0.258819045102533,
-0.965925826289065));
#11854=DIRECTION('ref_axis',(-1.,0.,2.73064627509498E-17));
#11855=DIRECTION('',(-9.84366377686367E-17,-0.965925826289065,0.258819045102533));
#11856=DIRECTION('center_axis',(2.63760175957427E-17,0.258819045102533,
0.965925826289065));
#11857=DIRECTION('ref_axis',(0.,0.965925826289065,-0.258819045102533));
#11858=DIRECTION('',(4.7687431930208E-16,0.965925826289065,-0.258819045102533));
#11859=DIRECTION('center_axis',(2.63760175957427E-17,0.258819045102533,
0.965925826289065));
#11860=DIRECTION('ref_axis',(0.,0.965925826289065,-0.258819045102533));
#11861=DIRECTION('center_axis',(0.,0.258819045102533,0.965925826289065));
#11862=DIRECTION('ref_axis',(0.,0.965925826289065,-0.258819045102533));
#11863=DIRECTION('',(0.,-0.258819045102533,-0.965925826289065));
#11864=DIRECTION('center_axis',(1.,-4.60625220907897E-16,1.23424155955685E-16));
#11865=DIRECTION('ref_axis',(-4.7687431930208E-16,-0.965925826289065,0.258819045102533));
#11866=DIRECTION('',(0.,0.258819045102533,0.965925826289065));
#11867=DIRECTION('',(9.84366377686367E-17,0.965925826289065,-0.258819045102533));
#11868=DIRECTION('center_axis',(0.,0.258819045102533,0.965925826289065));
#11869=DIRECTION('ref_axis',(0.,0.965925826289065,-0.258819045102533));
#11870=DIRECTION('center_axis',(-9.84366377686367E-17,-0.965925826289065,
0.258819045102533));
#11871=DIRECTION('ref_axis',(1.,-1.01909106361526E-16,-2.49395180678234E-31));
#11872=DIRECTION('center_axis',(1.,-2.61491411782092E-16,4.27599498637393E-17));
#11873=DIRECTION('ref_axis',(2.63648397385476E-16,0.965925826289065,-0.258819045102533));
#11874=DIRECTION('',(1.,-2.61491411782092E-16,4.27599498637393E-17));
#11875=DIRECTION('center_axis',(-1.,1.01909106361526E-16,2.49395180678234E-31));
#11876=DIRECTION('ref_axis',(-9.84366377686367E-17,-0.965925826289065,0.258819045102533));
#11877=DIRECTION('',(1.,-3.06174457299849E-16,5.47327358255862E-17));
#11878=DIRECTION('center_axis',(1.05735526154777E-15,0.965925826289065,
-0.258819045102533));
#11879=DIRECTION('ref_axis',(1.,-1.03197198971692E-15,2.33935121154992E-16));
#11880=DIRECTION('',(-1.,1.02815337037936E-15,-2.48186402537549E-16));
#11881=DIRECTION('',(0.,-0.258819045102533,-0.965925826289065));
#11882=DIRECTION('',(0.,-0.258819045102533,-0.965925826289065));
#11883=DIRECTION('center_axis',(0.,0.258819045102533,0.965925826289065));
#11884=DIRECTION('ref_axis',(0.,0.965925826289065,-0.258819045102533));
#11885=DIRECTION('center_axis',(2.63760175957427E-17,0.258819045102533,
0.965925826289065));
#11886=DIRECTION('ref_axis',(0.,0.965925826289065,-0.258819045102533));
#11887=DIRECTION('center_axis',(-2.63760175957427E-17,-0.258819045102533,
-0.965925826289065));
#11888=DIRECTION('ref_axis',(0.,0.965925826289065,-0.258819045102533));
#11889=DIRECTION('center_axis',(-2.63760175957427E-17,-0.258819045102533,
-0.965925826289065));
#11890=DIRECTION('ref_axis',(9.84366377686367E-17,0.965925826289065,-0.258819045102533));
#11891=DIRECTION('center_axis',(0.,0.258819045102533,0.965925826289065));
#11892=DIRECTION('ref_axis',(-1.,1.3879287276469E-32,2.77585745529379E-32));
#11893=DIRECTION('center_axis',(0.,-0.258819045102533,-0.965925826289065));
#11894=DIRECTION('ref_axis',(-1.,1.3879287276469E-32,2.77585745529379E-32));
#11895=DIRECTION('center_axis',(-2.63760175957427E-17,-0.258819045102533,
-0.965925826289065));
#11896=DIRECTION('ref_axis',(-1.,1.3879287276469E-32,2.77585745529379E-32));
#11897=DIRECTION('',(0.,0.258819045102533,0.965925826289065));
#11898=DIRECTION('center_axis',(0.,0.258819045102533,0.965925826289065));
#11899=DIRECTION('ref_axis',(0.,0.965925826289065,-0.258819045102533));
#11900=DIRECTION('center_axis',(2.63760175957427E-17,0.258819045102533,
0.965925826289065));
#11901=DIRECTION('ref_axis',(0.,0.965925826289065,-0.258819045102533));
#11902=DIRECTION('center_axis',(-2.63760175957427E-17,-0.258819045102533,
-0.965925826289065));
#11903=DIRECTION('ref_axis',(-1.,0.,2.73064627509498E-17));
#11904=DIRECTION('center_axis',(-2.63760175957427E-17,-0.258819045102533,
-0.965925826289065));
#11905=DIRECTION('ref_axis',(-1.,0.,2.73064627509498E-17));
#11906=DIRECTION('',(-9.84366377686367E-17,-0.965925826289065,0.258819045102533));
#11907=DIRECTION('center_axis',(2.63760175957427E-17,0.258819045102533,
0.965925826289065));
#11908=DIRECTION('ref_axis',(0.,0.965925826289065,-0.258819045102532));
#11909=DIRECTION('',(4.7687431930208E-16,0.965925826289065,-0.258819045102533));
#11910=DIRECTION('center_axis',(2.63760175957427E-17,0.258819045102533,
0.965925826289065));
#11911=DIRECTION('ref_axis',(0.,0.965925826289065,-0.258819045102533));
#11912=DIRECTION('center_axis',(1.,-4.60625220907897E-16,1.23424155955685E-16));
#11913=DIRECTION('ref_axis',(-4.7687431930208E-16,-0.965925826289065,0.258819045102533));
#11914=DIRECTION('',(0.,0.258819045102532,0.965925826289065));
#11915=DIRECTION('',(9.84366377686367E-17,0.965925826289065,-0.258819045102533));
#11916=DIRECTION('',(0.,-0.258819045102533,-0.965925826289065));
#11917=DIRECTION('center_axis',(0.,0.258819045102533,0.965925826289065));
#11918=DIRECTION('ref_axis',(0.,0.965925826289065,-0.258819045102532));
#11919=DIRECTION('center_axis',(0.,0.258819045102533,0.965925826289065));
#11920=DIRECTION('ref_axis',(0.,0.965925826289065,-0.258819045102533));
#11921=DIRECTION('center_axis',(-9.84366377686367E-17,-0.965925826289065,
0.258819045102533));
#11922=DIRECTION('ref_axis',(1.,-1.01909106361526E-16,-2.49395180678234E-31));
#11923=DIRECTION('center_axis',(-2.63760175957427E-17,-0.258819045102533,
-0.965925826289065));
#11924=DIRECTION('ref_axis',(-1.,0.,2.73064627509498E-17));
#11925=DIRECTION('center_axis',(-2.63760175957427E-17,-0.258819045102533,
-0.965925826289065));
#11926=DIRECTION('ref_axis',(9.84366377686367E-17,0.965925826289065,-0.258819045102533));
#11927=DIRECTION('',(1.,-1.01909106361526E-16,-2.49395180678234E-31));
#11928=DIRECTION('center_axis',(2.63760175957427E-17,0.258819045102533,
0.965925826289065));
#11929=DIRECTION('ref_axis',(0.,0.965925826289065,-0.258819045102532));
#11930=DIRECTION('',(1.,-6.82661568773774E-18,-2.54772765903827E-17));
#11931=DIRECTION('center_axis',(-2.63760175957427E-17,-0.258819045102533,
-0.965925826289065));
#11932=DIRECTION('ref_axis',(0.,0.965925826289065,-0.258819045102533));
#11933=DIRECTION('center_axis',(2.63760175957427E-17,0.258819045102533,
0.965925826289065));
#11934=DIRECTION('ref_axis',(0.,0.965925826289065,-0.258819045102533));
#11935=DIRECTION('center_axis',(0.,-0.258819045102533,-0.965925826289065));
#11936=DIRECTION('ref_axis',(0.,0.965925826289065,-0.258819045102533));
#11937=DIRECTION('',(0.,-0.258819045102533,-0.965925826289065));
#11938=DIRECTION('center_axis',(0.,-0.258819045102533,-0.965925826289065));
#11939=DIRECTION('ref_axis',(0.,0.965925826289065,-0.258819045102533));
#11940=DIRECTION('',(0.,-0.258819045102533,-0.965925826289065));
#11941=DIRECTION('center_axis',(0.,0.258819045102533,0.965925826289065));
#11942=DIRECTION('ref_axis',(0.,0.965925826289065,-0.258819045102533));
#11943=DIRECTION('center_axis',(0.,-0.965925826289065,0.258819045102533));
#11944=DIRECTION('ref_axis',(-1.,0.,0.));
#11945=DIRECTION('',(0.,0.258819045102532,0.965925826289065));
#11946=DIRECTION('',(1.,-1.01909106361526E-16,-2.49395180678234E-31));
#11947=DIRECTION('center_axis',(0.,0.258819045102532,0.965925826289065));
#11948=DIRECTION('ref_axis',(0.,0.965925826289065,-0.258819045102532));
#11949=DIRECTION('center_axis',(-1.,1.01909106361526E-16,2.49395180678234E-31));
#11950=DIRECTION('ref_axis',(-9.84366377686367E-17,-0.965925826289065,0.258819045102533));
#11951=DIRECTION('center_axis',(-1.,3.07965097638937E-15,6.38578804776557E-15));
#11952=DIRECTION('ref_axis',(-6.96526992150297E-15,-0.258819045102533,-0.965925826289065));
#11953=DIRECTION('center_axis',(-2.63760175957427E-17,-0.258819045102533,
-0.965925826289065));
#11954=DIRECTION('ref_axis',(0.,0.965925826289065,-0.258819045102533));
#11955=DIRECTION('center_axis',(-2.63760175957427E-17,-0.258819045102533,
-0.965925826289065));
#11956=DIRECTION('ref_axis',(0.,0.965925826289065,-0.258819045102533));
#11957=DIRECTION('center_axis',(0.,0.258819045102533,0.965925826289065));
#11958=DIRECTION('ref_axis',(-1.,1.3879287276469E-32,2.77585745529379E-32));
#11959=DIRECTION('center_axis',(-1.32195084930097E-15,-0.965925826289063,
0.25881904510254));
#11960=DIRECTION('ref_axis',(-2.63760175957434E-17,-0.258819045102539,-0.965925826289063));
#11961=DIRECTION('center_axis',(-2.63760175957427E-17,-0.258819045102533,
-0.965925826289065));
#11962=DIRECTION('ref_axis',(9.84366377686367E-17,0.965925826289065,-0.258819045102533));
#11963=DIRECTION('center_axis',(0.,-0.258819045102533,-0.965925826289065));
#11964=DIRECTION('ref_axis',(-1.,1.3879287276469E-32,2.77585745529379E-32));
#11965=DIRECTION('center_axis',(-2.63760175957427E-17,-0.258819045102533,
-0.965925826289065));
#11966=DIRECTION('ref_axis',(-1.,1.3879287276469E-32,2.77585745529379E-32));
#11967=DIRECTION('',(0.,-0.258819045102533,-0.965925826289065));
#11968=DIRECTION('',(0.,-0.258819045102533,-0.965925826289065));
#11969=DIRECTION('center_axis',(1.,-4.60625220907897E-16,1.23424155955685E-16));
#11970=DIRECTION('ref_axis',(-4.7687431930208E-16,-0.965925826289065,0.258819045102533));
#11971=DIRECTION('',(4.7687431930208E-16,0.965925826289065,-0.258819045102533));
#11972=DIRECTION('',(0.,0.258819045102533,0.965925826289065));
#11973=DIRECTION('',(9.84366377686367E-17,0.965925826289065,-0.258819045102533));
#11974=DIRECTION('center_axis',(-9.84366377686367E-17,-0.965925826289065,
0.258819045102533));
#11975=DIRECTION('ref_axis',(1.,-1.01909106361526E-16,-2.49395180678234E-31));
#11976=DIRECTION('',(-9.84366377686367E-17,-0.965925826289065,0.258819045102533));
#11977=DIRECTION('center_axis',(0.,0.258819045102533,0.965925826289065));
#11978=DIRECTION('ref_axis',(0.,0.965925826289065,-0.258819045102533));
#11979=DIRECTION('center_axis',(2.63760175957427E-17,0.258819045102533,
0.965925826289065));
#11980=DIRECTION('ref_axis',(0.,0.965925826289065,-0.258819045102533));
#11981=DIRECTION('center_axis',(0.,0.258819045102533,0.965925826289065));
#11982=DIRECTION('ref_axis',(0.,0.965925826289065,-0.258819045102533));
#11983=DIRECTION('center_axis',(2.63760175957427E-17,0.258819045102533,
0.965925826289065));
#11984=DIRECTION('ref_axis',(0.,0.965925826289065,-0.258819045102533));
#11985=DIRECTION('center_axis',(-2.63760175957427E-17,-0.258819045102533,
-0.965925826289065));
#11986=DIRECTION('ref_axis',(-1.,0.,2.73064627509498E-17));
#11987=DIRECTION('center_axis',(0.,0.258819045102533,0.965925826289065));
#11988=DIRECTION('ref_axis',(0.,0.965925826289065,-0.258819045102533));
#11989=DIRECTION('center_axis',(2.63760175957427E-17,0.258819045102533,
0.965925826289065));
#11990=DIRECTION('ref_axis',(0.,0.965925826289065,-0.258819045102533));
#11991=DIRECTION('',(0.,-0.258819045102533,-0.965925826289065));
#11992=DIRECTION('center_axis',(-8.78423932087388E-17,0.965925826289065,
-0.258819045102533));
#11993=DIRECTION('ref_axis',(-1.,-7.80226205556222E-17,4.82125609201897E-17));
#11994=DIRECTION('',(-8.78423932087388E-17,0.965925826289065,-0.258819045102533));
#11995=DIRECTION('',(-8.03912319696436E-17,0.965925826289065,-0.258819045102533));
#11996=DIRECTION('center_axis',(-1.,4.60625220907897E-16,-1.23424155955685E-16));
#11997=DIRECTION('ref_axis',(4.7687431930208E-16,0.965925826289065,-0.258819045102533));
#11998=DIRECTION('',(-4.7687431930208E-16,-0.965925826289065,0.258819045102533));
#11999=DIRECTION('',(0.,0.258819045102533,0.965925826289065));
#12000=DIRECTION('center_axis',(0.,0.258819045102533,0.965925826289065));
#12001=DIRECTION('ref_axis',(0.,0.965925826289065,-0.258819045102533));
#12002=DIRECTION('center_axis',(2.63760175957427E-17,0.258819045102533,
0.965925826289065));
#12003=DIRECTION('ref_axis',(0.,0.965925826289065,-0.258819045102533));
#12004=DIRECTION('center_axis',(-2.63760175957427E-17,-0.258819045102533,
-0.965925826289065));
#12005=DIRECTION('ref_axis',(-1.,0.,2.73064627509498E-17));
#12006=DIRECTION('center_axis',(-2.63760175957427E-17,-0.258819045102533,
-0.965925826289065));
#12007=DIRECTION('ref_axis',(-1.,0.,2.73064627509498E-17));
#12008=DIRECTION('',(-8.03912319696436E-17,0.965925826289065,-0.258819045102533));
#12009=DIRECTION('center_axis',(2.63760175957427E-17,0.258819045102533,
0.965925826289065));
#12010=DIRECTION('ref_axis',(0.,0.965925826289065,-0.258819045102533));
#12011=DIRECTION('',(-4.7687431930208E-16,-0.965925826289065,0.258819045102533));
#12012=DIRECTION('center_axis',(2.63760175957427E-17,0.258819045102533,
0.965925826289065));
#12013=DIRECTION('ref_axis',(0.,0.965925826289065,-0.258819045102533));
#12014=DIRECTION('center_axis',(0.,0.258819045102533,0.965925826289065));
#12015=DIRECTION('ref_axis',(0.,0.965925826289065,-0.258819045102533));
#12016=DIRECTION('',(0.,-0.258819045102533,-0.965925826289065));
#12017=DIRECTION('center_axis',(-1.,4.60625220907897E-16,-1.23424155955685E-16));
#12018=DIRECTION('ref_axis',(4.7687431930208E-16,0.965925826289065,-0.258819045102533));
#12019=DIRECTION('',(0.,0.258819045102533,0.965925826289065));
#12020=DIRECTION('',(-8.78423932087388E-17,0.965925826289065,-0.258819045102533));
#12021=DIRECTION('center_axis',(0.,0.258819045102533,0.965925826289065));
#12022=DIRECTION('ref_axis',(0.,0.965925826289065,-0.258819045102533));
#12023=DIRECTION('center_axis',(-8.78423932087388E-17,0.965925826289065,
-0.258819045102533));
#12024=DIRECTION('ref_axis',(-1.,-7.80226205556222E-17,4.82125609201897E-17));
#12025=DIRECTION('center_axis',(-8.78423932087388E-17,0.965925826289065,
-0.258819045102533));
#12026=DIRECTION('ref_axis',(-1.,-7.80226205556222E-17,4.82125609201897E-17));
#12027=DIRECTION('',(-8.78423932087388E-17,0.965925826289065,-0.258819045102533));
#12028=DIRECTION('center_axis',(-9.84366377686367E-17,-0.965925826289065,
0.258819045102533));
#12029=DIRECTION('ref_axis',(1.,-1.01909106361526E-16,-2.49395180678234E-31));
#12030=DIRECTION('',(-8.03912319696436E-17,0.965925826289065,-0.258819045102533));
#12031=DIRECTION('center_axis',(-1.,4.60625220907897E-16,-1.23424155955685E-16));
#12032=DIRECTION('ref_axis',(4.7687431930208E-16,0.965925826289065,-0.258819045102533));
#12033=DIRECTION('',(-4.7687431930208E-16,-0.965925826289065,0.258819045102533));
#12034=DIRECTION('',(0.,-0.258819045102533,-0.965925826289065));
#12035=DIRECTION('',(0.,-0.258819045102533,-0.965925826289065));
#12036=DIRECTION('center_axis',(0.,0.258819045102533,0.965925826289065));
#12037=DIRECTION('ref_axis',(0.,0.965925826289065,-0.258819045102533));
#12038=DIRECTION('center_axis',(2.63760175957427E-17,0.258819045102533,
0.965925826289065));
#12039=DIRECTION('ref_axis',(0.,0.965925826289065,-0.258819045102533));
#12040=DIRECTION('center_axis',(-2.63760175957427E-17,-0.258819045102533,
-0.965925826289065));
#12041=DIRECTION('ref_axis',(0.,0.965925826289065,-0.258819045102533));
#12042=DIRECTION('center_axis',(-2.63760175957427E-17,-0.258819045102533,
-0.965925826289065));
#12043=DIRECTION('ref_axis',(9.84366377686367E-17,0.965925826289065,-0.258819045102533));
#12044=DIRECTION('center_axis',(0.,0.258819045102533,0.965925826289065));
#12045=DIRECTION('ref_axis',(0.,-0.965925826289065,0.258819045102533));
#12046=DIRECTION('center_axis',(0.,-0.258819045102533,-0.965925826289065));
#12047=DIRECTION('ref_axis',(0.,-0.965925826289065,0.258819045102533));
#12048=DIRECTION('center_axis',(-2.63760175957427E-17,-0.258819045102533,
-0.965925826289065));
#12049=DIRECTION('ref_axis',(0.,-0.965925826289065,0.258819045102533));
#12050=DIRECTION('',(0.,0.258819045102533,0.965925826289065));
#12051=DIRECTION('center_axis',(0.,0.258819045102533,0.965925826289065));
#12052=DIRECTION('ref_axis',(0.,0.965925826289065,-0.258819045102533));
#12053=DIRECTION('center_axis',(2.63760175957427E-17,0.258819045102533,
0.965925826289065));
#12054=DIRECTION('ref_axis',(0.,0.965925826289065,-0.258819045102533));
#12055=DIRECTION('center_axis',(-2.63760175957427E-17,-0.258819045102533,
-0.965925826289065));
#12056=DIRECTION('ref_axis',(-1.,0.,2.73064627509498E-17));
#12057=DIRECTION('center_axis',(-2.63760175957427E-17,-0.258819045102533,
-0.965925826289065));
#12058=DIRECTION('ref_axis',(-1.,0.,2.73064627509498E-17));
#12059=DIRECTION('',(-9.84366377686367E-17,-0.965925826289065,0.258819045102533));
#12060=DIRECTION('center_axis',(2.63760175957427E-17,0.258819045102533,
0.965925826289065));
#12061=DIRECTION('ref_axis',(0.,0.965925826289065,-0.258819045102533));
#12062=DIRECTION('',(4.7687431930208E-16,0.965925826289065,-0.258819045102533));
#12063=DIRECTION('center_axis',(2.63760175957427E-17,0.258819045102533,
0.965925826289065));
#12064=DIRECTION('ref_axis',(0.,0.965925826289065,-0.258819045102532));
#12065=DIRECTION('center_axis',(0.,0.258819045102533,0.965925826289065));
#12066=DIRECTION('ref_axis',(0.,0.965925826289065,-0.258819045102532));
#12067=DIRECTION('',(0.,-0.258819045102532,-0.965925826289065));
#12068=DIRECTION('center_axis',(1.,-4.60625220907897E-16,1.23424155955685E-16));
#12069=DIRECTION('ref_axis',(-4.7687431930208E-16,-0.965925826289065,0.258819045102533));
#12070=DIRECTION('',(0.,0.258819045102533,0.965925826289065));
#12071=DIRECTION('',(9.84366377686367E-17,0.965925826289065,-0.258819045102533));
#12072=DIRECTION('center_axis',(0.,0.258819045102533,0.965925826289065));
#12073=DIRECTION('ref_axis',(0.,0.965925826289065,-0.258819045102533));
#12074=DIRECTION('center_axis',(-9.84366377686367E-17,-0.965925826289065,
0.258819045102533));
#12075=DIRECTION('ref_axis',(1.,-1.01909106361526E-16,-2.49395180678234E-31));
#12076=DIRECTION('',(4.2010039172026E-5,3.29324240686242E-9,0.999999999117578));
#12077=DIRECTION('',(0.99999998682703,0.00015678360061803,-4.20100391720504E-5));
#12078=DIRECTION('center_axis',(0.,0.,1.));
#12079=DIRECTION('ref_axis',(1.,0.,0.));
#12080=CARTESIAN_POINT('',(0.,0.,0.));
#12081=CARTESIAN_POINT('',(0.,0.,0.));
#12082=CARTESIAN_POINT('Origin',(-41.,24.2030497447057,-13.3921961208));
#12083=CARTESIAN_POINT('',(-41.,43.4609550506593,-18.5523362954456));
#12084=CARTESIAN_POINT('',(-41.,42.0055955094427,-19.1976500620897));
#12085=CARTESIAN_POINT('Ctrl Pts',(-41.,43.4609550506593,-18.5523362954456));
#12086=CARTESIAN_POINT('Ctrl Pts',(-41.,42.6608344325685,-18.9277932846638));
#12087=CARTESIAN_POINT('Ctrl Pts',(-41.,42.0055955094427,-19.1976500620897));
#12088=CARTESIAN_POINT('',(-41.,33.6870703241202,-15.9334317760544));
#12089=CARTESIAN_POINT('',(-41.,49.656496733875,-20.2124266861367));
#12090=CARTESIAN_POINT('',(-41.,34.6247917751318,-17.2199696619884));
#12091=CARTESIAN_POINT('Ctrl Pts',(-41.,34.6247917751318,-17.2199696619884));
#12092=CARTESIAN_POINT('Ctrl Pts',(-41.,34.19226661086,-16.6586473757754));
#12093=CARTESIAN_POINT('Ctrl Pts',(-41.,33.6870703241202,-15.9334317760544));
#12094=CARTESIAN_POINT('',(-41.,32.295420369209,-25.91330209859));
#12095=CARTESIAN_POINT('',(-41.,34.8836108202344,-16.2540438356994));
#12096=CARTESIAN_POINT('',(-41.,39.6762241035199,-27.8909824986913));
#12097=CARTESIAN_POINT('',(-41.,28.8003407650224,-24.9767983411657));
#12098=CARTESIAN_POINT('',(-41.,42.2644145545452,-18.2317242358007));
#12099=CARTESIAN_POINT('Origin',(41.,49.656496733875,-20.2124266861367));
#12100=CARTESIAN_POINT('',(41.,42.0055955094427,-19.1976500620897));
#12101=CARTESIAN_POINT('',(41.,43.4609550506594,-18.5523362954456));
#12102=CARTESIAN_POINT('Ctrl Pts',(41.,42.0055955094427,-19.1976500620897));
#12103=CARTESIAN_POINT('Ctrl Pts',(41.,42.6608344325847,-18.9277932846549));
#12104=CARTESIAN_POINT('Ctrl Pts',(41.,43.4609550506594,-18.5523362954456));
#12105=CARTESIAN_POINT('',(41.,39.6762241035199,-27.8909824986913));
#12106=CARTESIAN_POINT('',(41.,42.2644145545452,-18.2317242358007));
#12107=CARTESIAN_POINT('',(41.,32.295420369209,-25.91330209859));
#12108=CARTESIAN_POINT('',(41.,41.5270642596071,-28.386913623834));
#12109=CARTESIAN_POINT('',(41.,34.6247917751318,-17.2199696619884));
#12110=CARTESIAN_POINT('',(41.,34.8836108202344,-16.2540438356993));
#12111=CARTESIAN_POINT('',(41.,33.6870703241202,-15.9334317760544));
#12112=CARTESIAN_POINT('Ctrl Pts',(41.,33.6870703241202,-15.9334317760544));
#12113=CARTESIAN_POINT('Ctrl Pts',(41.,34.1922666108695,-16.6586473757912));
#12114=CARTESIAN_POINT('Ctrl Pts',(41.,34.6247917751318,-17.2199696619884));
#12115=CARTESIAN_POINT('',(41.,24.2030497447057,-13.3921961208));
#12116=CARTESIAN_POINT('Origin',(44.2253882119304,38.5740126873898,-17.24288403575));
#12117=CARTESIAN_POINT('Origin',(44.2253882119304,38.3151936422873,-18.2088098620391));
#12118=CARTESIAN_POINT('Origin',(44.2253882119304,35.9858222363645,-26.9021422986407));
#12119=CARTESIAN_POINT('Origin',(44.2253882119304,38.4446031648385,-17.7258469488945));
#12120=CARTESIAN_POINT('Origin',(44.2253882119304,38.5740126873898,-17.24288403575));
#12121=CARTESIAN_POINT('Origin',(-44.2253882119304,35.9858222363645,-26.9021422986407));
#12122=CARTESIAN_POINT('Origin',(-44.2253882119304,35.9858222363645,-26.9021422986407));
#12123=CARTESIAN_POINT('',(-41.1253882119304,35.9858222363645,-26.9021422986407));
#12124=CARTESIAN_POINT('Origin',(-44.2253882119304,35.9858222363645,-26.9021422986407));
#12125=CARTESIAN_POINT('Origin',(42.,70.5851342216624,-25.8202381996733));
#12126=CARTESIAN_POINT('',(-30.1961524227066,82.9119408486885,-29.1231960806397));
#12127=CARTESIAN_POINT('',(-29.3301270189221,82.428977935544,-28.9937865580884));
#12128=CARTESIAN_POINT('Origin',(-30.1961524227066,81.9460150223994,-28.8643770355372));
#12129=CARTESIAN_POINT('',(-27.,80.4173642865842,-28.4547763053662));
#12130=CARTESIAN_POINT('Origin',(-25.,84.8437925012666,-29.6408341708448));
#12131=CARTESIAN_POINT('',(-27.,78.0000000000006,-27.8070454969643));
#12132=CARTESIAN_POINT('',(-27.,74.4689833876915,-26.8609124472351));
#12133=CARTESIAN_POINT('',(27.,78.0000000000006,-27.8070454969643));
#12134=CARTESIAN_POINT('',(7.50000000000004,78.0000000000006,-27.8070454969643));
#12135=CARTESIAN_POINT('',(27.,80.4173642865842,-28.4547763053662));
#12136=CARTESIAN_POINT('',(27.,74.3043847605606,-26.8168083780201));
#12137=CARTESIAN_POINT('',(29.3301270189222,82.428977935544,-28.9937865580884));
#12138=CARTESIAN_POINT('Origin',(25.,84.8437925012666,-29.6408341708448));
#12139=CARTESIAN_POINT('',(30.1961524227067,82.9119408486885,-29.1231960806397));
#12140=CARTESIAN_POINT('Origin',(30.1961524227067,81.9460150223995,-28.8643770355372));
#12141=CARTESIAN_POINT('',(42.,82.9119408486885,-29.1231960806397));
#12142=CARTESIAN_POINT('',(35.791287847478,82.9119408486885,-29.1231960806397));
#12143=CARTESIAN_POINT('',(45.6788143072554,82.3886536635466,-28.9829817019714));
#12144=CARTESIAN_POINT('Origin',(42.,70.5851342216625,-25.8202381996733));
#12145=CARTESIAN_POINT('',(46.3903141467408,81.4844070716779,-28.7406895579216));
#12146=CARTESIAN_POINT('Origin',(45.3905432361648,81.4637325047264,-28.735149824403));
#12147=CARTESIAN_POINT('',(52.2382835881732,76.8283031459477,-27.4930902711467));
#12148=CARTESIAN_POINT('Origin',(51.3891686996206,81.5877799064356,-28.7683882255142));
#12149=CARTESIAN_POINT('',(53.2930255357319,76.3262829300284,-27.358574359707));
#12150=CARTESIAN_POINT('Origin',(52.4081065658837,75.8764077938501,-27.2380306802732));
#12151=CARTESIAN_POINT('',(54.7616492814812,70.5851342216625,-25.8202381996733));
#12152=CARTESIAN_POINT('Origin',(42.,70.5851342216625,-25.8202381996733));
#12153=CARTESIAN_POINT('',(54.7616492814812,62.4587320716358,-23.642775306203));
#12154=CARTESIAN_POINT('',(54.7616492814812,70.5851342216625,-25.8202381996733));
#12155=CARTESIAN_POINT('',(54.2616492814812,61.622215767898,-23.418631438161));
#12156=CARTESIAN_POINT('Origin',(53.7616492814812,62.4587320716358,-23.642775306203));
#12157=CARTESIAN_POINT('',(54.2616492814812,53.2570527305199,-21.1771927577407));
#12158=CARTESIAN_POINT('Origin',(56.7616492814812,57.4396342492089,-22.2979120979509));
#12159=CARTESIAN_POINT('',(54.7616492814812,52.4205364267821,-20.9530488896987));
#12160=CARTESIAN_POINT('Origin',(53.7616492814812,52.4205364267821,-20.9530488896987));
#12161=CARTESIAN_POINT('',(54.7616492814812,28.6513281515185,-14.5841087276144));
#12162=CARTESIAN_POINT('',(54.7616492814812,61.7991701280945,-23.4660462160728));
#12163=CARTESIAN_POINT('',(54.2616492814812,27.8148118477807,-14.3599648595724));
#12164=CARTESIAN_POINT('Origin',(53.7616492814812,28.6513281515185,-14.5841087276144));
#12165=CARTESIAN_POINT('',(54.2616492814812,19.4496488104026,-12.1185261791521));
#12166=CARTESIAN_POINT('Origin',(56.7616492814812,23.6322303290916,-13.2392455193622));
#12167=CARTESIAN_POINT('',(54.7616492814812,18.6131325066648,-11.8943823111101));
#12168=CARTESIAN_POINT('Origin',(53.7616492814812,18.6131325066648,-11.8943823111101));
#12169=CARTESIAN_POINT('',(54.7616492814812,-19.6464216113263,-1.64276568241901));
#12170=CARTESIAN_POINT('',(54.7616492814812,44.8954681680358,-18.9367129267785));
#12171=CARTESIAN_POINT('',(54.2616492814812,-20.4829379150641,-1.41862181437701));
#12172=CARTESIAN_POINT('Origin',(53.7616492814812,-19.6464216113263,-1.64276568241903));
#12173=CARTESIAN_POINT('',(54.2616492814812,-28.8481009524421,0.822816866043219));
#12174=CARTESIAN_POINT('Origin',(56.7616492814812,-24.6655194337531,-0.297902474166896));
#12175=CARTESIAN_POINT('',(54.7616492814812,-29.6846172561799,1.04696073408527));
#12176=CARTESIAN_POINT('Origin',(53.7616492814812,-29.6846172561799,1.04696073408524));
#12177=CARTESIAN_POINT('',(54.7616492814812,-48.6241963999982,6.12180567065697));
#12178=CARTESIAN_POINT('',(54.7616492814812,20.7465932866135,-12.4660414041808));
#12179=CARTESIAN_POINT('',(54.2616492814812,-49.460712703736,6.34594953869896));
#12180=CARTESIAN_POINT('Origin',(53.7616492814812,-48.6241963999982,6.12180567065694));
#12181=CARTESIAN_POINT('',(54.2616492814812,-57.8258757411141,8.5873882191192));
#12182=CARTESIAN_POINT('Origin',(56.7616492814812,-53.6432942224251,7.46666887890908));
#12183=CARTESIAN_POINT('',(54.7616492814812,-58.6623920448519,8.81153208716126));
#12184=CARTESIAN_POINT('Origin',(53.7616492814812,-58.6623920448519,8.81153208716123));
#12185=CARTESIAN_POINT('',(54.7616492814812,-73.3378138954084,12.7437995206041));
#12186=CARTESIAN_POINT('',(54.7616492814812,6.25770589227746,-8.58375572764282));
#12187=CARTESIAN_POINT('',(54.1454123613957,-77.1220557346805,13.7577840654012));
#12188=CARTESIAN_POINT('Origin',(42.,-73.3378138954084,12.7437995206041));
#12189=CARTESIAN_POINT('',(53.1954951208858,-77.7914476565362,13.9371470902823));
#12190=CARTESIAN_POINT('Origin',(53.1937005494264,-76.8255233856241,13.6783284619418));
#12191=CARTESIAN_POINT('',(48.2613916526081,-83.3477614269926,15.4259568779701));
#12192=CARTESIAN_POINT('Origin',(53.2044679781828,-82.621069011097,15.2312402319851));
#12193=CARTESIAN_POINT('',(47.7210788543756,-84.3565235484494,15.6962538737696));
#12194=CARTESIAN_POINT('Origin',(47.2727763874932,-83.4930999101717,15.4649002071671));
#12195=CARTESIAN_POINT('',(42.,-85.6646205224343,16.0467574015705));
#12196=CARTESIAN_POINT('Origin',(42.,-73.3378138954084,12.7437995206041));
#12197=CARTESIAN_POINT('',(25.1961524227067,-85.6646205224344,16.0467574015705));
#12198=CARTESIAN_POINT('',(42.,-85.6646205224345,16.0467574015705));
#12199=CARTESIAN_POINT('',(24.3301270189222,-85.1816576092899,15.9173478790192));
#12200=CARTESIAN_POINT('Origin',(25.1961524227067,-84.6986946961454,15.787938356468));
#12201=CARTESIAN_POINT('',(15.6698729810778,-85.1816576092899,15.9173478790192));
#12202=CARTESIAN_POINT('Origin',(20.,-87.5964721750126,16.5643954917755));
#12203=CARTESIAN_POINT('',(14.8038475772934,-85.6646205224345,16.0467574015705));
#12204=CARTESIAN_POINT('Origin',(14.8038475772934,-84.6986946961454,15.787938356468));
#12205=CARTESIAN_POINT('',(-14.8038475772933,-85.6646205224344,16.0467574015705));
#12206=CARTESIAN_POINT('',(28.708712152522,-85.6646205224345,16.0467574015705));
#12207=CARTESIAN_POINT('',(-15.6698729810778,-85.1816576092899,15.9173478790192));
#12208=CARTESIAN_POINT('Origin',(-14.8038475772933,-84.6986946961454,15.7879383564679));
#12209=CARTESIAN_POINT('',(-24.3301270189222,-85.1816576092899,15.9173478790192));
#12210=CARTESIAN_POINT('Origin',(-20.,-87.5964721750126,16.5643954917755));
#12211=CARTESIAN_POINT('',(-25.1961524227066,-85.6646205224344,16.0467574015705));
#12212=CARTESIAN_POINT('Origin',(-25.1961524227066,-84.6986946961454,15.7879383564679));
#12213=CARTESIAN_POINT('',(-42.,-85.6646205224344,16.0467574015705));
#12214=CARTESIAN_POINT('',(8.70871215252205,-85.6646205224345,16.0467574015705));
#12215=CARTESIAN_POINT('',(-47.7210788543755,-84.3565235484495,15.6962538737696));
#12216=CARTESIAN_POINT('Origin',(-41.9999999999999,-73.3378138954084,12.7437995206041));
#12217=CARTESIAN_POINT('',(-48.2613916526081,-83.3477614269926,15.4259568779701));
#12218=CARTESIAN_POINT('Origin',(-47.2727763874932,-83.4930999101717,15.4649002071671));
#12219=CARTESIAN_POINT('',(-53.8816609588744,-77.8359413282071,13.9490691336749));
#12220=CARTESIAN_POINT('Origin',(-53.2044679781827,-82.621069011097,15.2312402319851));
#12221=CARTESIAN_POINT('',(-54.7616492814812,-73.3378138954084,12.7437995206041));
#12222=CARTESIAN_POINT('Origin',(-41.9999999999999,-73.3378138954084,12.7437995206041));
#12223=CARTESIAN_POINT('',(-54.7616492814812,-58.6623920448519,8.81153208716126));
#12224=CARTESIAN_POINT('',(-54.7616492814811,-1.37633983687298,-6.53821933953459));
#12225=CARTESIAN_POINT('',(-54.2616492814812,-57.8258757411141,8.5873882191192));
#12226=CARTESIAN_POINT('Origin',(-53.7616492814812,-58.6623920448519,8.81153208716123));
#12227=CARTESIAN_POINT('',(-54.2616492814812,-49.460712703736,6.34594953869895));
#12228=CARTESIAN_POINT('Origin',(-56.7616492814811,-53.6432942224251,7.46666887890908));
#12229=CARTESIAN_POINT('',(-54.7616492814812,-48.6241963999982,6.12180567065696));
#12230=CARTESIAN_POINT('Origin',(-53.7616492814812,-48.6241963999982,6.12180567065693));
#12231=CARTESIAN_POINT('',(-54.7616492814812,-29.6846172561799,1.04696073408527));
#12232=CARTESIAN_POINT('',(-54.7616492814811,10.6841341069599,-9.76981359312138));
#12233=CARTESIAN_POINT('',(-54.2616492814812,-28.8481009524421,0.82281686604322));
#12234=CARTESIAN_POINT('Origin',(-53.7616492814812,-29.6846172561799,1.04696073408524));
#12235=CARTESIAN_POINT('',(-54.2616492814811,-20.4829379150641,-1.41862181437702));
#12236=CARTESIAN_POINT('Origin',(-56.7616492814811,-24.6655194337531,-0.2979024741669));
#12237=CARTESIAN_POINT('',(-54.7616492814811,-19.6464216113263,-1.64276568241902));
#12238=CARTESIAN_POINT('Origin',(-53.7616492814811,-19.6464216113263,-1.64276568241904));
#12239=CARTESIAN_POINT('',(-54.7616492814811,18.6131325066648,-11.8943823111101));
#12240=CARTESIAN_POINT('',(-54.7616492814811,25.1730215012959,-13.6520992696594));
#12241=CARTESIAN_POINT('',(-54.2616492814811,19.4496488104026,-12.1185261791521));
#12242=CARTESIAN_POINT('Origin',(-53.7616492814811,18.6131325066648,-11.8943823111101));
#12243=CARTESIAN_POINT('',(-54.2616492814811,27.8148118477807,-14.3599648595724));
#12244=CARTESIAN_POINT('Origin',(-56.7616492814812,23.6322303290916,-13.2392455193622));
#12245=CARTESIAN_POINT('',(-54.7616492814811,28.6513281515185,-14.5841087276144));
#12246=CARTESIAN_POINT('Origin',(-53.7616492814811,28.6513281515185,-14.5841087276144));
#12247=CARTESIAN_POINT('',(-54.7616492814811,52.4205364267821,-20.9530488896987));
#12248=CARTESIAN_POINT('',(-54.7616492814811,49.3218963827183,-20.122770792257));
#12249=CARTESIAN_POINT('',(-54.2616492814811,53.2570527305199,-21.1771927577408));
#12250=CARTESIAN_POINT('Origin',(-53.7616492814811,52.4205364267821,-20.9530488896987));
#12251=CARTESIAN_POINT('',(-54.2616492814811,61.622215767898,-23.418631438161));
#12252=CARTESIAN_POINT('Origin',(-56.7616492814811,57.4396342492089,-22.2979120979509));
#12253=CARTESIAN_POINT('',(-54.7616492814811,62.4587320716358,-23.642775306203));
#12254=CARTESIAN_POINT('Origin',(-53.7616492814811,62.4587320716358,-23.642775306203));
#12255=CARTESIAN_POINT('',(-54.7616492814811,70.5851342216625,-25.8202381996733));
#12256=CARTESIAN_POINT('',(-54.7616492814811,66.2255983427769,-24.6521040815514));
#12257=CARTESIAN_POINT('',(-53.2930255357318,76.3262829300284,-27.358574359707));
#12258=CARTESIAN_POINT('Origin',(-42.,70.5851342216626,-25.8202381996733));
#12259=CARTESIAN_POINT('',(-52.2382835881731,76.8283031459477,-27.4930902711467));
#12260=CARTESIAN_POINT('Origin',(-52.4081065658836,75.8764077938501,-27.2380306802732));
#12261=CARTESIAN_POINT('',(-46.3903141467407,81.4844070716779,-28.7406895579216));
#12262=CARTESIAN_POINT('Origin',(-51.3891686996205,81.5877799064356,-28.7683882255142));
#12263=CARTESIAN_POINT('',(-45.6788143072553,82.3886536635465,-28.9829817019714));
#12264=CARTESIAN_POINT('Origin',(-45.3905432361647,81.4637325047264,-28.735149824403));
#12265=CARTESIAN_POINT('',(-42.,82.9119408486885,-29.1231960806397));
#12266=CARTESIAN_POINT('Origin',(-42.,70.5851342216626,-25.8202381996733));
#12267=CARTESIAN_POINT('',(4.0825078145866E-14,82.9119408486885,-29.1231960806397));
#12268=CARTESIAN_POINT('Origin',(-44.2253882119304,38.5740126873898,-17.24288403575));
#12269=CARTESIAN_POINT('',(52.7616492814812,-72.1416589543874,12.423290770135));
#12270=CARTESIAN_POINT('Origin',(47.7616492814812,-72.1416589543874,12.423290770135));
#12271=CARTESIAN_POINT('',(-42.2187921386241,4.16648132244876,-8.02341379296506));
#12272=CARTESIAN_POINT('Origin',(-47.2187921386241,4.16648132244876,-8.02341379296506));
#12273=CARTESIAN_POINT('',(-36.7531059640096,71.984272433173,-26.1951361535471));
#12274=CARTESIAN_POINT('Origin',(-41.7531059640096,71.984272433173,-26.1951361535471));
#12275=CARTESIAN_POINT('',(29.,-45.139675482788,5.18813110488109));
#12276=CARTESIAN_POINT('',(25.,-50.6037770979257,6.65223272001891));
#12277=CARTESIAN_POINT('Origin',(25.,-45.139675482788,5.18813110488109));
#12278=CARTESIAN_POINT('',(29.,2.86399466362854,-7.67441354458186));
#12279=CARTESIAN_POINT('',(29.,25.0057298540034,-13.6072736078669));
#12280=CARTESIAN_POINT('',(25.,8.32809627876631,-9.13851515971969));
#12281=CARTESIAN_POINT('Origin',(25.,2.86399466362855,-7.67441354458186));
#12282=CARTESIAN_POINT('',(-24.,8.32809627876631,-9.13851515971969));
#12283=CARTESIAN_POINT('',(21.,8.32809627876631,-9.13851515971969));
#12284=CARTESIAN_POINT('',(-28.,2.86399466362855,-7.67441354458186));
#12285=CARTESIAN_POINT('Origin',(-24.,2.86399466362856,-7.67441354458186));
#12286=CARTESIAN_POINT('',(-28.,-45.139675482788,5.18813110488109));
#12287=CARTESIAN_POINT('',(-28.,25.0057298540034,-13.6072736078669));
#12288=CARTESIAN_POINT('',(-24.,-50.6037770979257,6.65223272001891));
#12289=CARTESIAN_POINT('Origin',(-24.,-45.139675482788,5.18813110488109));
#12290=CARTESIAN_POINT('',(21.,-50.6037770979257,6.65223272001891));
#12291=CARTESIAN_POINT('',(46.7531059640097,71.9842724331729,-26.1951361535471));
#12292=CARTESIAN_POINT('Origin',(41.7531059640097,71.9842724331729,-26.1951361535471));
#12293=CARTESIAN_POINT('',(51.7616492814812,4.16648132244875,-8.02341379296506));
#12294=CARTESIAN_POINT('Origin',(46.7616492814812,4.16648132244875,-8.02341379296506));
#12295=CARTESIAN_POINT('',(-43.2187921386241,-72.1416589543874,12.423290770135));
#12296=CARTESIAN_POINT('Origin',(-48.2187921386241,-72.1416589543874,12.423290770135));
#12297=CARTESIAN_POINT('Origin',(-44.2253882119304,38.5740126873898,-17.24288403575));
#12298=CARTESIAN_POINT('Origin',(-44.2253882119304,38.3151936422873,-18.2088098620391));
#12299=CARTESIAN_POINT('Origin',(-44.2253882119304,36.1152317589157,-26.4191793854961));
#12300=CARTESIAN_POINT('',(-42.1253882119304,36.244641281467,-25.9362164723516));
#12301=CARTESIAN_POINT('',(-41.6253882119304,36.1152317589157,-26.4191793854961));
#12302=CARTESIAN_POINT('Origin',(-44.2253882119304,36.244641281467,-25.9362164723516));
#12303=CARTESIAN_POINT('Origin',(-44.2253882119304,38.5740126873898,-17.24288403575));
#12304=CARTESIAN_POINT('',(-42.1253882119304,38.5740126873898,-17.24288403575));
#12305=CARTESIAN_POINT('',(-42.1253882119304,38.5740126873898,-17.24288403575));
#12306=CARTESIAN_POINT('Origin',(-44.2253882119304,38.5740126873898,-17.24288403575));
#12307=CARTESIAN_POINT('Origin',(44.2253882119304,36.1152317589157,-26.4191793854961));
#12308=CARTESIAN_POINT('',(47.3253882119304,35.9858222363645,-26.9021422986407));
#12309=CARTESIAN_POINT('Origin',(44.2253882119304,35.9858222363645,-26.9021422986407));
#12310=CARTESIAN_POINT('',(46.3253882119304,36.244641281467,-25.9362164723516));
#12311=CARTESIAN_POINT('',(46.8253882119304,36.1152317589157,-26.4191793854961));
#12312=CARTESIAN_POINT('Origin',(44.2253882119304,36.244641281467,-25.9362164723516));
#12313=CARTESIAN_POINT('Origin',(44.2253882119304,38.5740126873898,-17.24288403575));
#12314=CARTESIAN_POINT('',(46.3253882119304,38.5740126873898,-17.24288403575));
#12315=CARTESIAN_POINT('',(46.3253882119304,38.5740126873898,-17.24288403575));
#12316=CARTESIAN_POINT('Origin',(44.2253882119304,38.5740126873898,-17.24288403575));
#12317=CARTESIAN_POINT('Origin',(44.2253882119304,35.9858222363645,-26.9021422986407));
#12318=CARTESIAN_POINT('Origin',(-44.2253882119304,38.4446031648385,-17.7258469488945));
#12319=CARTESIAN_POINT('Origin',(47.7616492814812,-72.4004779994899,11.457364943846));
#12320=CARTESIAN_POINT('',(50.7616492814812,-72.6592970445924,10.491439117557));
#12321=CARTESIAN_POINT('',(51.7616492814812,-72.4004779994899,11.457364943846));
#12322=CARTESIAN_POINT('Origin',(47.7616492814812,-72.6592970445924,10.491439117557));
#12323=CARTESIAN_POINT('Origin',(47.7616492814812,-72.1416589543874,12.423290770135));
#12324=CARTESIAN_POINT('',(50.7616492814812,-74.7298494054127,2.76403250724437));
#12325=CARTESIAN_POINT('Origin',(47.7616492814812,-74.7298494054127,2.76403250724437));
#12326=CARTESIAN_POINT('',(50.7616492814812,-72.1416589543874,12.423290770135));
#12327=CARTESIAN_POINT('Origin',(-48.2187921386241,-72.4004779994899,11.457364943846));
#12328=CARTESIAN_POINT('',(-45.2187921386241,-72.6592970445924,10.491439117557));
#12329=CARTESIAN_POINT('',(-44.2187921386241,-72.4004779994899,11.457364943846));
#12330=CARTESIAN_POINT('Origin',(-48.2187921386241,-72.6592970445924,10.491439117557));
#12331=CARTESIAN_POINT('Origin',(-48.2187921386241,-72.1416589543874,12.423290770135));
#12332=CARTESIAN_POINT('',(-45.2187921386241,-74.7298494054127,2.76403250724437));
#12333=CARTESIAN_POINT('Origin',(-48.2187921386241,-74.7298494054127,2.76403250724437));
#12334=CARTESIAN_POINT('',(-45.2187921386241,-72.1416589543874,12.423290770135));
#12335=CARTESIAN_POINT('Origin',(-47.2187921386241,3.90766227734622,-8.98933961925413));
#12336=CARTESIAN_POINT('',(-44.2187921386241,3.64884323224369,-9.9552654455432));
#12337=CARTESIAN_POINT('',(-43.2187921386241,3.90766227734622,-8.98933961925413));
#12338=CARTESIAN_POINT('Origin',(-47.2187921386241,3.64884323224369,-9.9552654455432));
#12339=CARTESIAN_POINT('Origin',(-47.2187921386241,4.16648132244876,-8.02341379296506));
#12340=CARTESIAN_POINT('',(-44.2187921386241,1.57829087142343,-17.6826720558557));
#12341=CARTESIAN_POINT('Origin',(-47.2187921386241,1.57829087142343,-17.6826720558557));
#12342=CARTESIAN_POINT('',(-44.2187921386241,4.16648132244876,-8.02341379296506));
#12343=CARTESIAN_POINT('Origin',(46.7616492814812,3.90766227734621,-8.98933961925413));
#12344=CARTESIAN_POINT('',(49.7616492814812,3.64884323224368,-9.95526544554319));
#12345=CARTESIAN_POINT('',(50.7616492814812,3.90766227734621,-8.98933961925413));
#12346=CARTESIAN_POINT('Origin',(46.7616492814812,3.64884323224368,-9.95526544554319));
#12347=CARTESIAN_POINT('Origin',(46.7616492814812,4.16648132244875,-8.02341379296507));
#12348=CARTESIAN_POINT('',(49.7616492814812,1.57829087142342,-17.6826720558557));
#12349=CARTESIAN_POINT('Origin',(46.7616492814812,1.57829087142342,-17.6826720558557));
#12350=CARTESIAN_POINT('',(49.7616492814812,4.16648132244874,-8.02341379296507));
#12351=CARTESIAN_POINT('Origin',(-41.7531059640096,71.7254533880704,-27.1610619798362));
#12352=CARTESIAN_POINT('',(-38.7531059640096,71.4666343429679,-28.1269878061252));
#12353=CARTESIAN_POINT('',(-37.7531059640096,71.7254533880704,-27.1610619798362));
#12354=CARTESIAN_POINT('Origin',(-41.7531059640096,71.4666343429679,-28.1269878061252));
#12355=CARTESIAN_POINT('Origin',(-41.7531059640096,71.984272433173,-26.1951361535471));
#12356=CARTESIAN_POINT('',(-38.7531059640096,69.3960819821476,-35.8543944164377));
#12357=CARTESIAN_POINT('Origin',(-41.7531059640096,69.3960819821476,-35.8543944164377));
#12358=CARTESIAN_POINT('',(-38.7531059640096,71.984272433173,-26.1951361535471));
#12359=CARTESIAN_POINT('Origin',(41.7531059640097,71.7254533880704,-27.1610619798362));
#12360=CARTESIAN_POINT('',(44.7531059640097,71.4666343429679,-28.1269878061252));
#12361=CARTESIAN_POINT('',(45.7531059640097,71.7254533880704,-27.1610619798362));
#12362=CARTESIAN_POINT('Origin',(41.7531059640097,71.4666343429679,-28.1269878061252));
#12363=CARTESIAN_POINT('Origin',(41.7531059640097,71.9842724331729,-26.1951361535471));
#12364=CARTESIAN_POINT('',(44.7531059640097,69.3960819821476,-35.8543944164377));
#12365=CARTESIAN_POINT('Origin',(41.7531059640097,69.3960819821476,-35.8543944164377));
#12366=CARTESIAN_POINT('',(44.7531059640097,71.9842724331729,-26.1951361535471));
#12367=CARTESIAN_POINT('Origin',(-48.2187921386241,-72.1416589543874,12.423290770135));
#12368=CARTESIAN_POINT('',(-47.2187921386241,-74.7298494054127,2.76403250724437));
#12369=CARTESIAN_POINT('Origin',(-48.2187921386241,-74.7298494054127,2.76403250724437));
#12370=CARTESIAN_POINT('',(-47.2187921386241,-72.1416589543874,12.423290770135));
#12371=CARTESIAN_POINT('',(-47.2187921386241,-72.1416589543874,12.423290770135));
#12372=CARTESIAN_POINT('Origin',(-48.2187921386241,-72.1416589543874,12.4232907701351));
#12373=CARTESIAN_POINT('Origin',(-48.2187921386241,-74.7298494054127,2.76403250724437));
#12374=CARTESIAN_POINT('Origin',(42.,70.5851342216624,-25.8202381996733));
#12375=CARTESIAN_POINT('Origin',(41.7531059640097,71.9842724331729,-26.1951361535471));
#12376=CARTESIAN_POINT('',(42.7531059640096,69.3960819821476,-35.8543944164377));
#12377=CARTESIAN_POINT('Origin',(41.7531059640097,69.3960819821476,-35.8543944164377));
#12378=CARTESIAN_POINT('',(42.7531059640096,71.9842724331729,-26.1951361535471));
#12379=CARTESIAN_POINT('',(42.7531059640096,71.9842724331729,-26.1951361535471));
#12380=CARTESIAN_POINT('Origin',(41.7531059640097,71.9842724331729,-26.1951361535471));
#12381=CARTESIAN_POINT('Origin',(41.7531059640097,69.3960819821476,-35.8543944164377));
#12382=CARTESIAN_POINT('Origin',(42.,70.5851342216624,-25.8202381996733));
#12383=CARTESIAN_POINT('Origin',(46.7616492814812,4.16648132244875,-8.02341379296507));
#12384=CARTESIAN_POINT('',(47.7616492814812,1.57829087142342,-17.6826720558557));
#12385=CARTESIAN_POINT('Origin',(46.7616492814812,1.57829087142342,-17.6826720558557));
#12386=CARTESIAN_POINT('',(47.7616492814812,4.16648132244875,-8.02341379296507));
#12387=CARTESIAN_POINT('',(47.7616492814812,4.16648132244875,-8.02341379296507));
#12388=CARTESIAN_POINT('Origin',(46.7616492814812,4.16648132244875,-8.02341379296506));
#12389=CARTESIAN_POINT('Origin',(46.7616492814812,1.57829087142342,-17.6826720558557));
#12390=CARTESIAN_POINT('Origin',(42.,70.5851342216624,-25.8202381996733));
#12391=CARTESIAN_POINT('Origin',(47.7616492814812,-72.1416589543874,12.423290770135));
#12392=CARTESIAN_POINT('',(48.7616492814812,-74.7298494054127,2.76403250724437));
#12393=CARTESIAN_POINT('Origin',(47.7616492814812,-74.7298494054127,2.76403250724437));
#12394=CARTESIAN_POINT('',(48.7616492814812,-72.1416589543874,12.423290770135));
#12395=CARTESIAN_POINT('',(48.7616492814812,-72.1416589543874,12.423290770135));
#12396=CARTESIAN_POINT('Origin',(47.7616492814812,-72.1416589543874,12.4232907701351));
#12397=CARTESIAN_POINT('Origin',(47.7616492814812,-74.7298494054127,2.76403250724437));
#12398=CARTESIAN_POINT('Origin',(42.,70.5851342216624,-25.8202381996733));
#12399=CARTESIAN_POINT('Origin',(42.,70.5851342216624,-25.8202381996733));
#12400=CARTESIAN_POINT('Origin',(-41.7531059640096,71.984272433173,-26.1951361535471));
#12401=CARTESIAN_POINT('',(-40.7531059640096,69.3960819821476,-35.8543944164377));
#12402=CARTESIAN_POINT('Origin',(-41.7531059640096,69.3960819821476,-35.8543944164377));
#12403=CARTESIAN_POINT('',(-40.7531059640096,71.984272433173,-26.1951361535471));
#12404=CARTESIAN_POINT('',(-40.7531059640096,71.984272433173,-26.1951361535471));
#12405=CARTESIAN_POINT('Origin',(-41.7531059640096,71.984272433173,-26.1951361535471));
#12406=CARTESIAN_POINT('Origin',(-41.7531059640096,69.3960819821476,-35.8543944164377));
#12407=CARTESIAN_POINT('Origin',(42.,70.5851342216624,-25.8202381996733));
#12408=CARTESIAN_POINT('Origin',(-47.2187921386241,4.16648132244876,-8.02341379296506));
#12409=CARTESIAN_POINT('',(-46.2187921386241,1.57829087142343,-17.6826720558557));
#12410=CARTESIAN_POINT('Origin',(-47.2187921386241,1.57829087142343,-17.6826720558557));
#12411=CARTESIAN_POINT('',(-46.2187921386241,4.16648132244876,-8.02341379296506));
#12412=CARTESIAN_POINT('',(-46.2187921386241,4.16648132244876,-8.02341379296506));
#12413=CARTESIAN_POINT('Origin',(-47.2187921386241,4.16648132244876,-8.02341379296507));
#12414=CARTESIAN_POINT('Origin',(-47.2187921386241,1.57829087142343,-17.6826720558557));
#12415=CARTESIAN_POINT('Origin',(42.,70.5851342216624,-25.8202381996733));
#12416=CARTESIAN_POINT('Origin',(56.7616492814812,-33.6469005279568,-33.816873039872));
#12417=CARTESIAN_POINT('',(56.3634210657731,-36.745870553638,-33.5041446143274));
#12418=CARTESIAN_POINT('',(56.0116492814812,-36.5561891251647,-33.4514419818651));
#12419=CARTESIAN_POINT('Ctrl Pts',(56.363421065773,-36.745870553638,-33.5041446143275));
#12420=CARTESIAN_POINT('Ctrl Pts',(56.3414393398352,-36.7263520192574,-33.4952932423835));
#12421=CARTESIAN_POINT('Ctrl Pts',(56.3183467439319,-36.7076655888345,-33.4872617366984));
#12422=CARTESIAN_POINT('Ctrl Pts',(56.209128783938,-36.6280050251914,-33.4555360344858));
#12423=CARTESIAN_POINT('Ctrl Pts',(56.1108644439122,-36.5809334835017,-33.4448117510315));
#12424=CARTESIAN_POINT('Ctrl Pts',(56.0116492814812,-36.5561891251647,-33.4514419818651));
#12425=CARTESIAN_POINT('',(56.0116492814812,-30.944667166831,-34.9550447589102));
#12426=CARTESIAN_POINT('Origin',(56.7616492814812,-33.7504281459978,-34.2032433703876));
#12427=CARTESIAN_POINT('',(56.3634210657731,-30.8067495473782,-35.0955272917055));
#12428=CARTESIAN_POINT('Ctrl Pts',(56.0116492814812,-30.944667166831,-34.9550447589102));
#12429=CARTESIAN_POINT('Ctrl Pts',(56.1108644439122,-30.919922808494,-34.9616749897438));
#12430=CARTESIAN_POINT('Ctrl Pts',(56.209128783938,-30.8845197993225,-34.9944982624975));
#12431=CARTESIAN_POINT('Ctrl Pts',(56.3183467439319,-30.8313945786342,-35.0618038083881));
#12432=CARTESIAN_POINT('Ctrl Pts',(56.3414393398352,-30.8192274080244,-35.0781025115535));
#12433=CARTESIAN_POINT('Ctrl Pts',(56.3634210657731,-30.8067495473782,-35.0955272917056));
#12434=CARTESIAN_POINT('',(56.7616492814812,-36.7706801120042,-33.4974969131987));
#12435=CARTESIAN_POINT('Origin',(56.7616492814812,-33.7763100505081,-34.2998359530165));
#12436=CARTESIAN_POINT('',(56.7616492814812,-35.5459352406126,-32.7903901320122));
#12437=CARTESIAN_POINT('',(56.7616492814812,-36.1583076763084,-33.1439435226054));
#12438=CARTESIAN_POINT('Origin',(56.7616492814812,-33.5174910054056,-33.3339101267275));
#12439=CARTESIAN_POINT('Origin',(56.7616492814812,-33.7763100505081,-34.2998359530165));
#12440=CARTESIAN_POINT('Origin',(56.7616492814812,-33.7763100505081,-34.2998359530165));
#12441=CARTESIAN_POINT('',(56.7616492814812,-29.3342781581518,-9.6081703010746));
#12442=CARTESIAN_POINT('',(56.7616492814812,-35.8047542857151,-33.7563159583012));
#12443=CARTESIAN_POINT('Origin',(56.7616492814812,-27.3058339229448,-10.1516902957899));
#12444=CARTESIAN_POINT('Origin',(56.7616492814812,-62.6246753166288,-26.052301686796));
#12445=CARTESIAN_POINT('',(56.363421065773,-65.7236453423099,-25.7395732612515));
#12446=CARTESIAN_POINT('',(56.0116492814812,-65.5339639138367,-25.6868706287891));
#12447=CARTESIAN_POINT('Ctrl Pts',(56.363421065773,-65.7236453423099,-25.7395732612515));
#12448=CARTESIAN_POINT('Ctrl Pts',(56.3414393398351,-65.7041268079294,-25.7307218893075));
#12449=CARTESIAN_POINT('Ctrl Pts',(56.3183467439319,-65.6854403775064,-25.7226903836224));
#12450=CARTESIAN_POINT('Ctrl Pts',(56.209128783938,-65.6057798138634,-25.6909646814098));
#12451=CARTESIAN_POINT('Ctrl Pts',(56.1108644439122,-65.5587082721736,-25.6802403979555));
#12452=CARTESIAN_POINT('Ctrl Pts',(56.0116492814812,-65.5339639138367,-25.6868706287891));
#12453=CARTESIAN_POINT('',(56.0116492814812,-59.9224419555029,-27.1904734058342));
#12454=CARTESIAN_POINT('Origin',(56.7616492814812,-62.7282029346698,-26.4386720173117));
#12455=CARTESIAN_POINT('',(56.363421065773,-59.7845243360501,-27.3309559386296));
#12456=CARTESIAN_POINT('Ctrl Pts',(56.0116492814812,-59.9224419555029,-27.1904734058342));
#12457=CARTESIAN_POINT('Ctrl Pts',(56.1108644439122,-59.897697597166,-27.1971036366678));
#12458=CARTESIAN_POINT('Ctrl Pts',(56.209128783938,-59.8622945879945,-27.2299269094216));
#12459=CARTESIAN_POINT('Ctrl Pts',(56.3183467439319,-59.8091693673061,-27.2972324553121));
#12460=CARTESIAN_POINT('Ctrl Pts',(56.3414393398351,-59.7970021966964,-27.3135311584775));
#12461=CARTESIAN_POINT('Ctrl Pts',(56.363421065773,-59.7845243360502,-27.3309559386296));
#12462=CARTESIAN_POINT('',(56.7616492814812,-65.7484549006762,-25.7329255601227));
#12463=CARTESIAN_POINT('Origin',(56.7616492814812,-62.7540848391801,-26.5352645999406));
#12464=CARTESIAN_POINT('',(56.7616492814812,-64.5237100292846,-25.0258187789362));
#12465=CARTESIAN_POINT('',(56.7616492814812,-65.1360824649803,-25.3793721695294));
#12466=CARTESIAN_POINT('Origin',(56.7616492814812,-62.4952657940775,-25.5693387736515));
#12467=CARTESIAN_POINT('Origin',(56.7616492814812,-62.7540848391801,-26.5352645999406));
#12468=CARTESIAN_POINT('Origin',(56.7616492814812,-62.7540848391801,-26.5352645999406));
#12469=CARTESIAN_POINT('',(56.7616492814812,-58.3120529468238,-1.84359894799862));
#12470=CARTESIAN_POINT('',(56.7616492814812,-64.7825290743871,-25.9917446052253));
#12471=CARTESIAN_POINT('Origin',(56.7616492814812,-56.2836087116167,-2.38711894271395));
#12472=CARTESIAN_POINT('Origin',(53.2044679781828,-91.6024501053007,-18.2877303337201));
#12473=CARTESIAN_POINT('',(50.6443595921814,-93.420392200372,-18.3182523076642));
#12474=CARTESIAN_POINT('',(50.5369192385625,-93.0318613325216,-18.3188312218983));
#12475=CARTESIAN_POINT('Ctrl Pts',(50.6443595921814,-93.420392200372,-18.3182523076642));
#12476=CARTESIAN_POINT('Ctrl Pts',(50.6420996782912,-93.3903764772383,-18.3122136489694));
#12477=CARTESIAN_POINT('Ctrl Pts',(50.6386590519706,-93.3602005500696,-18.3072607446587));
#12478=CARTESIAN_POINT('Ctrl Pts',(50.6173090917381,-93.2240010677129,-18.2906846000564));
#12479=CARTESIAN_POINT('Ctrl Pts',(50.5838041152951,-93.1198703750475,-18.2952492700268));
#12480=CARTESIAN_POINT('Ctrl Pts',(50.5369192385625,-93.0318613325216,-18.3188312218983));
#12481=CARTESIAN_POINT('',(54.1550176095263,-88.957506197754,-19.4105513899369));
#12482=CARTESIAN_POINT('Origin',(53.2044679781827,-91.7059777233417,-18.6741006642357));
#12483=CARTESIAN_POINT('',(54.542439814071,-89.03074837663,-19.4944538252962));
#12484=CARTESIAN_POINT('Ctrl Pts',(54.1550176095264,-88.957506197754,-19.4105513899369));
#12485=CARTESIAN_POINT('Ctrl Pts',(54.252206946349,-88.9888671853473,-19.4021482386375));
#12486=CARTESIAN_POINT('Ctrl Pts',(54.3578854756864,-89.011722949672,-19.4193611200808));
#12487=CARTESIAN_POINT('Ctrl Pts',(54.4869206713065,-89.0266576551335,-19.4684300637226));
#12488=CARTESIAN_POINT('Ctrl Pts',(54.5149854580298,-89.029104216185,-19.480813029291));
#12489=CARTESIAN_POINT('Ctrl Pts',(54.542439814071,-89.03074837663,-19.4944538252962));
#12490=CARTESIAN_POINT('',(53.2044679781828,-94.7262296893481,-17.9683542070467));
#12491=CARTESIAN_POINT('Origin',(53.2044679781828,-91.731859627852,-18.7706932468646));
#12492=CARTESIAN_POINT('',(53.2044679781828,-93.5014848179565,-17.2612474258602));
#12493=CARTESIAN_POINT('',(53.2044679781828,-94.1138572536523,-17.6148008164535));
#12494=CARTESIAN_POINT('Origin',(53.2044679781828,-91.4730405827495,-17.8047674205755));
#12495=CARTESIAN_POINT('Origin',(53.2044679781828,-91.731859627852,-18.7706932468646));
#12496=CARTESIAN_POINT('Origin',(53.2044679781828,-91.731859627852,-18.7706932468646));
#12497=CARTESIAN_POINT('',(53.2044679781828,-87.2898277354957,5.92097240507736));
#12498=CARTESIAN_POINT('',(53.2044679781828,-93.7603038630591,-18.2271732521493));
#12499=CARTESIAN_POINT('Origin',(53.2044679781828,-85.2613835002887,5.37745241036203));
#12500=CARTESIAN_POINT('Origin',(20.,-96.5778532692163,-16.9545750739296));
#12501=CARTESIAN_POINT('',(16.925684744823,-96.322603873458,-17.5406070335966));
#12502=CARTESIAN_POINT('',(17.0952624903445,-95.9569365175405,-17.5350596882721));
#12503=CARTESIAN_POINT('Ctrl Pts',(16.925684744823,-96.322603873458,-17.5406070335966));
#12504=CARTESIAN_POINT('Ctrl Pts',(16.9422472976382,-96.2978508198011,-17.5331582468655));
#12505=CARTESIAN_POINT('Ctrl Pts',(16.9582182967527,-96.2722854551155,-17.5269699460608));
#12506=CARTESIAN_POINT('Ctrl Pts',(17.0269532765604,-96.1535213353854,-17.5057220101229));
#12507=CARTESIAN_POINT('Ctrl Pts',(17.0696452455587,-96.052771005292,-17.509380914672));
#12508=CARTESIAN_POINT('Ctrl Pts',(17.0952624903445,-95.9569365175405,-17.5350596882721));
#12509=CARTESIAN_POINT('',(22.9047375096556,-95.9569365175405,-17.5350596882721));
#12510=CARTESIAN_POINT('Origin',(20.,-96.6813808872573,-17.3409454044452));
#12511=CARTESIAN_POINT('',(23.074315255177,-96.3226038734581,-17.5406070335966));
#12512=CARTESIAN_POINT('Ctrl Pts',(22.9047375096556,-95.9569365175405,-17.5350596882721));
#12513=CARTESIAN_POINT('Ctrl Pts',(22.9303547544413,-96.0527710052921,-17.509380914672));
#12514=CARTESIAN_POINT('Ctrl Pts',(22.9730467234397,-96.1535213353854,-17.5057220101229));
#12515=CARTESIAN_POINT('Ctrl Pts',(23.0417817032474,-96.2722854551155,-17.5269699460608));
#12516=CARTESIAN_POINT('Ctrl Pts',(23.0577527023619,-96.2978508198011,-17.5331582468655));
#12517=CARTESIAN_POINT('Ctrl Pts',(23.074315255177,-96.3226038734581,-17.5406070335966));
#12518=CARTESIAN_POINT('',(20.,-99.7016328532637,-16.6351989472563));
#12519=CARTESIAN_POINT('Origin',(20.,-96.7072627917675,-17.4375379870741));
#12520=CARTESIAN_POINT('',(20.,-98.4768879818721,-15.9280921660697));
#12521=CARTESIAN_POINT('',(20.,-99.0892604175679,-16.281645556663));
#12522=CARTESIAN_POINT('Origin',(20.,-96.448443746665,-16.471612160785));
#12523=CARTESIAN_POINT('Origin',(20.,-96.7072627917675,-17.4375379870741));
#12524=CARTESIAN_POINT('Origin',(20.,-96.7072627917675,-17.4375379870741));
#12525=CARTESIAN_POINT('',(20.,-92.2652308994113,7.25412766486785));
#12526=CARTESIAN_POINT('',(20.,-98.7357070269746,-16.8940179923588));
#12527=CARTESIAN_POINT('Origin',(20.,-90.2367866642042,6.71060767015252));
#12528=CARTESIAN_POINT('Origin',(-20.,-96.5778532692163,-16.9545750739296));
#12529=CARTESIAN_POINT('',(-23.074315255177,-96.322603873458,-17.5406070335966));
#12530=CARTESIAN_POINT('',(-22.9047375096555,-95.9569365175405,-17.5350596882721));
#12531=CARTESIAN_POINT('Ctrl Pts',(-23.074315255177,-96.322603873458,-17.5406070335966));
#12532=CARTESIAN_POINT('Ctrl Pts',(-23.0577527023618,-96.297850819801,-17.5331582468655));
#12533=CARTESIAN_POINT('Ctrl Pts',(-23.0417817032473,-96.2722854551154,
-17.5269699460609));
#12534=CARTESIAN_POINT('Ctrl Pts',(-22.9730467234396,-96.1535213353853,
-17.5057220101229));
#12535=CARTESIAN_POINT('Ctrl Pts',(-22.9303547544413,-96.052771005292,-17.509380914672));
#12536=CARTESIAN_POINT('Ctrl Pts',(-22.9047375096555,-95.9569365175405,
-17.5350596882721));
#12537=CARTESIAN_POINT('',(-17.0952624903444,-95.9569365175405,-17.5350596882721));
#12538=CARTESIAN_POINT('Origin',(-20.,-96.6813808872573,-17.3409454044452));
#12539=CARTESIAN_POINT('',(-16.925684744823,-96.322603873458,-17.5406070335966));
#12540=CARTESIAN_POINT('Ctrl Pts',(-17.0952624903444,-95.9569365175405,
-17.5350596882721));
#12541=CARTESIAN_POINT('Ctrl Pts',(-17.0696452455587,-96.052771005292,-17.509380914672));
#12542=CARTESIAN_POINT('Ctrl Pts',(-17.0269532765603,-96.1535213353853,
-17.5057220101229));
#12543=CARTESIAN_POINT('Ctrl Pts',(-16.9582182967526,-96.2722854551154,
-17.5269699460608));
#12544=CARTESIAN_POINT('Ctrl Pts',(-16.9422472976381,-96.297850819801,-17.5331582468655));
#12545=CARTESIAN_POINT('Ctrl Pts',(-16.925684744823,-96.322603873458,-17.5406070335966));
#12546=CARTESIAN_POINT('',(-20.,-99.7016328532636,-16.6351989472563));
#12547=CARTESIAN_POINT('Origin',(-20.,-96.7072627917675,-17.4375379870741));
#12548=CARTESIAN_POINT('',(-20.,-98.476887981872,-15.9280921660697));
#12549=CARTESIAN_POINT('',(-20.,-99.0892604175678,-16.281645556663));
#12550=CARTESIAN_POINT('Origin',(-20.,-96.448443746665,-16.471612160785));
#12551=CARTESIAN_POINT('Origin',(-20.,-96.7072627917675,-17.4375379870741));
#12552=CARTESIAN_POINT('Origin',(-20.,-96.7072627917675,-17.4375379870741));
#12553=CARTESIAN_POINT('',(-20.,-92.2652308994113,7.25412766486784));
#12554=CARTESIAN_POINT('',(-20.,-98.7357070269746,-16.8940179923588));
#12555=CARTESIAN_POINT('Origin',(-20.,-90.2367866642042,6.71060767015251));
#12556=CARTESIAN_POINT('Origin',(-53.2044679781827,-91.6024501053007,-18.2877303337201));
#12557=CARTESIAN_POINT('',(-54.542439814071,-89.03074837663,-19.4944538252962));
#12558=CARTESIAN_POINT('',(-54.1550176095263,-88.957506197754,-19.4105513899369));
#12559=CARTESIAN_POINT('Ctrl Pts',(-54.542439814071,-89.03074837663,-19.4944538252962));
#12560=CARTESIAN_POINT('Ctrl Pts',(-54.5149854580298,-89.0291042161849,
-19.480813029291));
#12561=CARTESIAN_POINT('Ctrl Pts',(-54.4869206713064,-89.0266576551335,
-19.4684300637226));
#12562=CARTESIAN_POINT('Ctrl Pts',(-54.3578854756864,-89.011722949672,-19.4193611200809));
#12563=CARTESIAN_POINT('Ctrl Pts',(-54.252206946349,-88.9888671853473,-19.4021482386374));
#12564=CARTESIAN_POINT('Ctrl Pts',(-54.1550176095263,-88.957506197754,-19.4105513899369));
#12565=CARTESIAN_POINT('',(-50.5369192385625,-93.0318613325217,-18.3188312218983));
#12566=CARTESIAN_POINT('Origin',(-53.2044679781827,-91.7059777233417,-18.6741006642357));
#12567=CARTESIAN_POINT('',(-50.6443595921814,-93.420392200372,-18.3182523076642));
#12568=CARTESIAN_POINT('Ctrl Pts',(-50.5369192385625,-93.0318613325217,
-18.3188312218982));
#12569=CARTESIAN_POINT('Ctrl Pts',(-50.5838041152951,-93.1198703750475,
-18.2952492700268));
#12570=CARTESIAN_POINT('Ctrl Pts',(-50.617309091738,-93.224001067713,-18.2906846000564));
#12571=CARTESIAN_POINT('Ctrl Pts',(-50.6386590519706,-93.3602005500697,
-18.3072607446587));
#12572=CARTESIAN_POINT('Ctrl Pts',(-50.6420996782912,-93.3903764772383,
-18.3122136489694));
#12573=CARTESIAN_POINT('Ctrl Pts',(-50.6443595921814,-93.420392200372,-18.3182523076642));
#12574=CARTESIAN_POINT('',(-53.2044679781827,-94.7262296893481,-17.9683542070467));
#12575=CARTESIAN_POINT('Origin',(-53.2044679781827,-91.731859627852,-18.7706932468646));
#12576=CARTESIAN_POINT('',(-53.2044679781827,-93.5014848179565,-17.2612474258602));
#12577=CARTESIAN_POINT('',(-53.2044679781827,-94.1138572536523,-17.6148008164535));
#12578=CARTESIAN_POINT('Origin',(-53.2044679781827,-91.4730405827495,-17.8047674205755));
#12579=CARTESIAN_POINT('Origin',(-53.2044679781827,-91.731859627852,-18.7706932468646));
#12580=CARTESIAN_POINT('Origin',(-53.2044679781827,-91.731859627852,-18.7706932468646));
#12581=CARTESIAN_POINT('',(-53.2044679781827,-87.2898277354957,5.92097240507736));
#12582=CARTESIAN_POINT('',(-53.2044679781827,-93.760303863059,-18.2271732521493));
#12583=CARTESIAN_POINT('Origin',(-53.2044679781827,-85.2613835002887,5.37745241036202));
#12584=CARTESIAN_POINT('Origin',(-56.7616492814811,-62.6246753166288,-26.052301686796));
#12585=CARTESIAN_POINT('',(-56.363421065773,-59.7845243360501,-27.3309559386296));
#12586=CARTESIAN_POINT('',(-56.0116492814812,-59.9224419555029,-27.1904734058342));
#12587=CARTESIAN_POINT('Ctrl Pts',(-56.363421065773,-59.7845243360501,-27.3309559386296));
#12588=CARTESIAN_POINT('Ctrl Pts',(-56.3414393398351,-59.7970021966963,
-27.3135311584775));
#12589=CARTESIAN_POINT('Ctrl Pts',(-56.3183467439319,-59.8091693673061,
-27.2972324553121));
#12590=CARTESIAN_POINT('Ctrl Pts',(-56.209128783938,-59.8622945879944,-27.2299269094216));
#12591=CARTESIAN_POINT('Ctrl Pts',(-56.1108644439121,-59.8976975971659,
-27.1971036366678));
#12592=CARTESIAN_POINT('Ctrl Pts',(-56.0116492814812,-59.9224419555029,
-27.1904734058342));
#12593=CARTESIAN_POINT('',(-56.0116492814811,-65.5339639138367,-25.6868706287891));
#12594=CARTESIAN_POINT('Origin',(-56.7616492814811,-62.7282029346698,-26.4386720173117));
#12595=CARTESIAN_POINT('',(-56.363421065773,-65.7236453423099,-25.7395732612515));
#12596=CARTESIAN_POINT('Ctrl Pts',(-56.0116492814811,-65.5339639138366,
-25.6868706287891));
#12597=CARTESIAN_POINT('Ctrl Pts',(-56.1108644439121,-65.5587082721736,
-25.6802403979555));
#12598=CARTESIAN_POINT('Ctrl Pts',(-56.2091287839379,-65.6057798138633,
-25.6909646814098));
#12599=CARTESIAN_POINT('Ctrl Pts',(-56.3183467439319,-65.6854403775064,
-25.7226903836224));
#12600=CARTESIAN_POINT('Ctrl Pts',(-56.3414393398351,-65.7041268079293,
-25.7307218893075));
#12601=CARTESIAN_POINT('Ctrl Pts',(-56.363421065773,-65.7236453423099,-25.7395732612515));
#12602=CARTESIAN_POINT('',(-56.7616492814811,-65.7484549006761,-25.7329255601227));
#12603=CARTESIAN_POINT('Origin',(-56.7616492814811,-62.75408483918,-26.5352645999406));
#12604=CARTESIAN_POINT('',(-56.7616492814811,-64.5237100292845,-25.0258187789362));
#12605=CARTESIAN_POINT('',(-56.7616492814811,-65.1360824649803,-25.3793721695295));
#12606=CARTESIAN_POINT('Origin',(-56.7616492814811,-62.4952657940775,-25.5693387736515));
#12607=CARTESIAN_POINT('Origin',(-56.7616492814811,-62.75408483918,-26.5352645999406));
#12608=CARTESIAN_POINT('Origin',(-56.7616492814811,-62.75408483918,-26.5352645999406));
#12609=CARTESIAN_POINT('',(-56.7616492814811,-58.3120529468237,-1.84359894799862));
#12610=CARTESIAN_POINT('',(-56.7616492814811,-64.7825290743871,-25.9917446052253));
#12611=CARTESIAN_POINT('Origin',(-56.7616492814811,-56.2836087116167,-2.38711894271395));
#12612=CARTESIAN_POINT('Origin',(-56.7616492814811,-33.6469005279568,-33.816873039872));
#12613=CARTESIAN_POINT('',(-56.363421065773,-30.8067495473782,-35.0955272917056));
#12614=CARTESIAN_POINT('',(-56.0116492814811,-30.9446671668309,-34.9550447589102));
#12615=CARTESIAN_POINT('Ctrl Pts',(-56.363421065773,-30.8067495473782,-35.0955272917056));
#12616=CARTESIAN_POINT('Ctrl Pts',(-56.3414393398351,-30.8192274080244,
-35.0781025115535));
#12617=CARTESIAN_POINT('Ctrl Pts',(-56.3183467439318,-30.8313945786342,
-35.0618038083881));
#12618=CARTESIAN_POINT('Ctrl Pts',(-56.2091287839379,-30.8845197993225,
-34.9944982624975));
#12619=CARTESIAN_POINT('Ctrl Pts',(-56.1108644439121,-30.919922808494,-34.9616749897438));
#12620=CARTESIAN_POINT('Ctrl Pts',(-56.0116492814811,-30.9446671668309,
-34.9550447589102));
#12621=CARTESIAN_POINT('',(-56.0116492814811,-36.5561891251647,-33.4514419818651));
#12622=CARTESIAN_POINT('Origin',(-56.7616492814811,-33.7504281459978,-34.2032433703876));
#12623=CARTESIAN_POINT('',(-56.363421065773,-36.745870553638,-33.5041446143274));
#12624=CARTESIAN_POINT('Ctrl Pts',(-56.0116492814811,-36.5561891251647,
-33.4514419818651));
#12625=CARTESIAN_POINT('Ctrl Pts',(-56.1108644439121,-36.5809334835016,
-33.4448117510315));
#12626=CARTESIAN_POINT('Ctrl Pts',(-56.2091287839379,-36.6280050251914,
-33.4555360344858));
#12627=CARTESIAN_POINT('Ctrl Pts',(-56.3183467439319,-36.7076655888345,
-33.4872617366984));
#12628=CARTESIAN_POINT('Ctrl Pts',(-56.3414393398351,-36.7263520192574,
-33.4952932423835));
#12629=CARTESIAN_POINT('Ctrl Pts',(-56.363421065773,-36.745870553638,-33.5041446143275));
#12630=CARTESIAN_POINT('',(-56.7616492814811,-36.7706801120042,-33.4974969131987));
#12631=CARTESIAN_POINT('Origin',(-56.7616492814811,-33.7763100505081,-34.2998359530166));
#12632=CARTESIAN_POINT('',(-56.7616492814811,-35.5459352406126,-32.7903901320122));
#12633=CARTESIAN_POINT('',(-56.7616492814811,-36.1583076763084,-33.1439435226054));
#12634=CARTESIAN_POINT('Origin',(-56.7616492814811,-33.5174910054055,-33.3339101267275));
#12635=CARTESIAN_POINT('Origin',(-56.7616492814811,-33.7763100505081,-34.2998359530166));
#12636=CARTESIAN_POINT('Origin',(-56.7616492814811,-33.7763100505081,-34.2998359530166));
#12637=CARTESIAN_POINT('',(-56.7616492814811,-29.3342781581518,-9.6081703010746));
#12638=CARTESIAN_POINT('',(-56.7616492814811,-35.8047542857151,-33.7563159583012));
#12639=CARTESIAN_POINT('Origin',(-56.7616492814811,-27.3058339229448,-10.1516902957899));
#12640=CARTESIAN_POINT('Origin',(-56.7616492814812,14.650849234888,-46.7582160850674));
#12641=CARTESIAN_POINT('',(-56.363421065773,17.4910002154666,-48.0368703369008));
#12642=CARTESIAN_POINT('',(-56.0116492814811,17.3530825960138,-47.8963878041055));
#12643=CARTESIAN_POINT('Ctrl Pts',(-56.363421065773,17.4910002154666,-48.0368703369009));
#12644=CARTESIAN_POINT('Ctrl Pts',(-56.3414393398351,17.4785223548203,-48.0194455567488));
#12645=CARTESIAN_POINT('Ctrl Pts',(-56.3183467439318,17.4663551842106,-48.0031468535834));
#12646=CARTESIAN_POINT('Ctrl Pts',(-56.2091287839379,17.4132299635222,-47.9358413076929));
#12647=CARTESIAN_POINT('Ctrl Pts',(-56.1108644439121,17.3778269543508,-47.9030180349392));
#12648=CARTESIAN_POINT('Ctrl Pts',(-56.0116492814811,17.3530825960138,-47.8963878041056));
#12649=CARTESIAN_POINT('',(-56.0116492814811,11.7415606376801,-46.3927850270604));
#12650=CARTESIAN_POINT('Origin',(-56.7616492814812,14.5473216168469,-47.144586415583));
#12651=CARTESIAN_POINT('',(-56.363421065773,11.5518792092068,-46.4454876595227));
#12652=CARTESIAN_POINT('Ctrl Pts',(-56.0116492814811,11.7415606376801,-46.3927850270604));
#12653=CARTESIAN_POINT('Ctrl Pts',(-56.1108644439121,11.7168162793431,-46.3861547962268));
#12654=CARTESIAN_POINT('Ctrl Pts',(-56.2091287839379,11.6697447376533,-46.3968790796811));
#12655=CARTESIAN_POINT('Ctrl Pts',(-56.3183467439318,11.5900841740103,-46.4286047818938));
#12656=CARTESIAN_POINT('Ctrl Pts',(-56.3414393398351,11.5713977435874,-46.4366362875788));
#12657=CARTESIAN_POINT('Ctrl Pts',(-56.363421065773,11.5518792092068,-46.4454876595228));
#12658=CARTESIAN_POINT('',(-56.7616492814812,11.5270696508406,-46.438839958394));
#12659=CARTESIAN_POINT('Origin',(-56.7616492814812,14.5214397123367,-47.2411789982119));
#12660=CARTESIAN_POINT('',(-56.7616492814812,12.7518145222322,-45.7317331772075));
#12661=CARTESIAN_POINT('',(-56.7616492814812,12.1394420865364,-46.0852865678008));
#12662=CARTESIAN_POINT('Origin',(-56.7616492814812,14.7802587574392,-46.2752531719228));
#12663=CARTESIAN_POINT('Origin',(-56.7616492814812,14.5214397123367,-47.2411789982119));
#12664=CARTESIAN_POINT('Origin',(-56.7616492814812,14.5214397123367,-47.2411789982119));
#12665=CARTESIAN_POINT('',(-56.7616492814812,18.963471604693,-22.5495133462699));
#12666=CARTESIAN_POINT('',(-56.7616492814812,12.4929954771297,-46.6976590034966));
#12667=CARTESIAN_POINT('Origin',(-56.7616492814812,20.9919158399,-23.0930333409853));
#12668=CARTESIAN_POINT('Origin',(56.7616492814812,14.6508492348879,-46.7582160850673));
#12669=CARTESIAN_POINT('',(56.3634210657731,11.5518792092068,-46.4454876595227));
#12670=CARTESIAN_POINT('',(56.0116492814812,11.74156063768,-46.3927850270604));
#12671=CARTESIAN_POINT('Ctrl Pts',(56.363421065773,11.5518792092068,-46.4454876595228));
#12672=CARTESIAN_POINT('Ctrl Pts',(56.3414393398352,11.5713977435874,-46.4366362875788));
#12673=CARTESIAN_POINT('Ctrl Pts',(56.3183467439319,11.5900841740103,-46.4286047818937));
#12674=CARTESIAN_POINT('Ctrl Pts',(56.209128783938,11.6697447376533,-46.3968790796811));
#12675=CARTESIAN_POINT('Ctrl Pts',(56.1108644439122,11.7168162793431,-46.3861547962268));
#12676=CARTESIAN_POINT('Ctrl Pts',(56.0116492814812,11.74156063768,-46.3927850270604));
#12677=CARTESIAN_POINT('',(56.0116492814812,17.3530825960138,-47.8963878041055));
#12678=CARTESIAN_POINT('Origin',(56.7616492814812,14.5473216168469,-47.144586415583));
#12679=CARTESIAN_POINT('',(56.3634210657731,17.4910002154666,-48.0368703369008));
#12680=CARTESIAN_POINT('Ctrl Pts',(56.0116492814812,17.3530825960138,-47.8963878041055));
#12681=CARTESIAN_POINT('Ctrl Pts',(56.1108644439122,17.3778269543507,-47.9030180349391));
#12682=CARTESIAN_POINT('Ctrl Pts',(56.209128783938,17.4132299635222,-47.9358413076928));
#12683=CARTESIAN_POINT('Ctrl Pts',(56.3183467439319,17.4663551842106,-48.0031468535834));
#12684=CARTESIAN_POINT('Ctrl Pts',(56.3414393398352,17.4785223548203,-48.0194455567488));
#12685=CARTESIAN_POINT('Ctrl Pts',(56.3634210657731,17.4910002154666,-48.0368703369009));
#12686=CARTESIAN_POINT('',(56.7616492814812,11.5270696508406,-46.438839958394));
#12687=CARTESIAN_POINT('Origin',(56.7616492814812,14.5214397123367,-47.2411789982119));
#12688=CARTESIAN_POINT('',(56.7616492814812,12.7518145222322,-45.7317331772075));
#12689=CARTESIAN_POINT('',(56.7616492814812,12.1394420865364,-46.0852865678008));
#12690=CARTESIAN_POINT('Origin',(56.7616492814812,14.7802587574392,-46.2752531719228));
#12691=CARTESIAN_POINT('Origin',(56.7616492814812,14.5214397123367,-47.2411789982119));
#12692=CARTESIAN_POINT('Origin',(56.7616492814812,14.5214397123367,-47.2411789982119));
#12693=CARTESIAN_POINT('',(56.7616492814812,18.9634716046929,-22.5495133462699));
#12694=CARTESIAN_POINT('',(56.7616492814812,12.4929954771296,-46.6976590034966));
#12695=CARTESIAN_POINT('Origin',(56.7616492814812,20.9919158399,-23.0930333409853));
#12696=CARTESIAN_POINT('Origin',(56.7616492814812,48.4582531550052,-55.816882663656));
#12697=CARTESIAN_POINT('',(56.3634210657731,45.3592831293241,-55.5041542381113));
#12698=CARTESIAN_POINT('',(56.0116492814812,45.5489645577973,-55.4514516056491));
#12699=CARTESIAN_POINT('Ctrl Pts',(56.3634210657731,45.3592831293241,-55.5041542381114));
#12700=CARTESIAN_POINT('Ctrl Pts',(56.3414393398352,45.3788016637046,-55.4953028661675));
#12701=CARTESIAN_POINT('Ctrl Pts',(56.3183467439319,45.3974880941276,-55.4872713604824));
#12702=CARTESIAN_POINT('Ctrl Pts',(56.209128783938,45.4771486577706,-55.4555456582698));
#12703=CARTESIAN_POINT('Ctrl Pts',(56.1108644439122,45.5242201994604,-55.4448213748154));
#12704=CARTESIAN_POINT('Ctrl Pts',(56.0116492814812,45.5489645577973,-55.4514516056491));
#12705=CARTESIAN_POINT('',(56.0116492814812,51.1604865161311,-56.9550543826942));
#12706=CARTESIAN_POINT('Origin',(56.7616492814812,48.3547255369642,-56.2032529941716));
#12707=CARTESIAN_POINT('',(56.3634210657731,51.2984041355839,-57.0955369154894));
#12708=CARTESIAN_POINT('Ctrl Pts',(56.0116492814812,51.1604865161311,-56.9550543826942));
#12709=CARTESIAN_POINT('Ctrl Pts',(56.1108644439122,51.185230874468,-56.9616846135278));
#12710=CARTESIAN_POINT('Ctrl Pts',(56.209128783938,51.2206338836395,-56.9945078862815));
#12711=CARTESIAN_POINT('Ctrl Pts',(56.3183467439319,51.2737591043279,-57.061813432172));
#12712=CARTESIAN_POINT('Ctrl Pts',(56.3414393398352,51.2859262749376,-57.0781121353374));
#12713=CARTESIAN_POINT('Ctrl Pts',(56.3634210657731,51.2984041355838,-57.0955369154895));
#12714=CARTESIAN_POINT('',(56.7616492814812,45.3344735709578,-55.4975065369827));
#12715=CARTESIAN_POINT('Origin',(56.7616492814812,48.328843632454,-56.2998455768005));
#12716=CARTESIAN_POINT('',(56.7616492814812,46.5592184423494,-54.7903997557962));
#12717=CARTESIAN_POINT('',(56.7616492814812,45.9468460066536,-55.1439531463894));
#12718=CARTESIAN_POINT('Origin',(56.7616492814812,48.5876626775565,-55.3339197505115));
#12719=CARTESIAN_POINT('Origin',(56.7616492814812,48.328843632454,-56.2998455768005));
#12720=CARTESIAN_POINT('Origin',(56.7616492814812,48.328843632454,-56.2998455768005));
#12721=CARTESIAN_POINT('',(56.7616492814812,52.7708755248102,-31.6081799248586));
#12722=CARTESIAN_POINT('',(56.7616492814812,46.3003993972469,-55.7563255820852));
#12723=CARTESIAN_POINT('Origin',(56.7616492814812,54.7993197600173,-32.1516999195739));
#12724=CARTESIAN_POINT('Origin',(-56.7616492814811,48.4582531550052,-55.816882663656));
#12725=CARTESIAN_POINT('',(-56.363421065773,51.2984041355839,-57.0955369154894));
#12726=CARTESIAN_POINT('',(-56.0116492814811,51.1604865161311,-56.9550543826942));
#12727=CARTESIAN_POINT('Ctrl Pts',(-56.3634210657729,51.2984041355838,-57.0955369154895));
#12728=CARTESIAN_POINT('Ctrl Pts',(-56.3414393398351,51.2859262749376,-57.0781121353374));
#12729=CARTESIAN_POINT('Ctrl Pts',(-56.3183467439318,51.2737591043279,-57.061813432172));
#12730=CARTESIAN_POINT('Ctrl Pts',(-56.2091287839379,51.2206338836395,-56.9945078862815));
#12731=CARTESIAN_POINT('Ctrl Pts',(-56.1108644439121,51.185230874468,-56.9616846135278));
#12732=CARTESIAN_POINT('Ctrl Pts',(-56.0116492814811,51.1604865161311,-56.9550543826942));
#12733=CARTESIAN_POINT('',(-56.0116492814811,45.5489645577973,-55.4514516056491));
#12734=CARTESIAN_POINT('Origin',(-56.7616492814811,48.3547255369642,-56.2032529941716));
#12735=CARTESIAN_POINT('',(-56.363421065773,45.3592831293241,-55.5041542381114));
#12736=CARTESIAN_POINT('Ctrl Pts',(-56.0116492814811,45.5489645577973,-55.4514516056491));
#12737=CARTESIAN_POINT('Ctrl Pts',(-56.1108644439121,45.5242201994604,-55.4448213748154));
#12738=CARTESIAN_POINT('Ctrl Pts',(-56.2091287839379,45.4771486577706,-55.4555456582698));
#12739=CARTESIAN_POINT('Ctrl Pts',(-56.3183467439318,45.3974880941276,-55.4872713604824));
#12740=CARTESIAN_POINT('Ctrl Pts',(-56.3414393398351,45.3788016637047,-55.4953028661675));
#12741=CARTESIAN_POINT('Ctrl Pts',(-56.3634210657729,45.3592831293241,-55.5041542381115));
#12742=CARTESIAN_POINT('',(-56.7616492814811,45.3344735709579,-55.4975065369827));
#12743=CARTESIAN_POINT('Origin',(-56.7616492814811,48.328843632454,-56.2998455768005));
#12744=CARTESIAN_POINT('',(-56.7616492814811,46.5592184423495,-54.7903997557961));
#12745=CARTESIAN_POINT('',(-56.7616492814811,45.9468460066537,-55.1439531463894));
#12746=CARTESIAN_POINT('Origin',(-56.7616492814811,48.5876626775565,-55.3339197505115));
#12747=CARTESIAN_POINT('Origin',(-56.7616492814811,48.328843632454,-56.2998455768005));
#12748=CARTESIAN_POINT('Origin',(-56.7616492814811,48.328843632454,-56.2998455768005));
#12749=CARTESIAN_POINT('',(-56.7616492814811,52.7708755248103,-31.6081799248586));
#12750=CARTESIAN_POINT('',(-56.7616492814811,46.3003993972469,-55.7563255820852));
#12751=CARTESIAN_POINT('Origin',(-56.7616492814811,54.7993197600173,-32.1516999195739));
#12752=CARTESIAN_POINT('Origin',(-51.3891686996205,72.6063988122319,-62.2873587912193));
#12753=CARTESIAN_POINT('',(-48.5670730599308,73.7161543712925,-63.1023549872705));
#12754=CARTESIAN_POINT('',(-48.5256487541377,73.3669584007815,-62.905260590931));
#12755=CARTESIAN_POINT('Ctrl Pts',(-48.5670730599308,73.7161543712924,-63.1023549872706));
#12756=CARTESIAN_POINT('Ctrl Pts',(-48.5695534186604,73.6931977271308,-63.0821224255378));
#12757=CARTESIAN_POINT('Ctrl Pts',(-48.5709453494409,73.6693700114148,-63.0626992887279));
#12758=CARTESIAN_POINT('Ctrl Pts',(-48.5717501811545,73.5579905314555,-62.9797845611101));
#12759=CARTESIAN_POINT('Ctrl Pts',(-48.5562039415513,73.4614330189629,-62.9305749885779));
#12760=CARTESIAN_POINT('Ctrl Pts',(-48.5256487541377,73.3669584007815,-62.905260590931));
#12761=CARTESIAN_POINT('',(-51.3891686996205,69.6050937153237,-61.8972719864273));
#12762=CARTESIAN_POINT('Origin',(-51.3891686996205,72.5028711941909,-62.6737291217349));
#12763=CARTESIAN_POINT('',(-51.3891686996205,70.7073640995761,-61.2608758833595));
#12764=CARTESIAN_POINT('',(-51.3891686996205,70.0949916638803,-61.6144292739527));
#12765=CARTESIAN_POINT('Origin',(-51.3891686996205,72.7358083347831,-61.8043958780748));
#12766=CARTESIAN_POINT('',(-52.8138702812129,69.9527126037437,-61.9904161868533));
#12767=CARTESIAN_POINT('Origin',(-51.3891686996205,72.5028711941909,-62.6737291217349));
#12768=CARTESIAN_POINT('',(-53.1871330494318,70.0377015904319,-62.1167165352428));
#12769=CARTESIAN_POINT('Ctrl Pts',(-52.813870281213,69.9527126037437,-61.9904161868533));
#12770=CARTESIAN_POINT('Ctrl Pts',(-52.9040470285035,69.9997170390212,-62.0030109873266));
#12771=CARTESIAN_POINT('Ctrl Pts',(-53.0051343870795,70.0281674343598,-62.0339713128185));
#12772=CARTESIAN_POINT('Ctrl Pts',(-53.1319596243108,70.0379289303322,-62.0896575836906));
#12773=CARTESIAN_POINT('Ctrl Pts',(-53.1597525978359,70.0385198714941,-62.102854445524));
#12774=CARTESIAN_POINT('Ctrl Pts',(-53.1871330494317,70.0377015904319,-62.1167165352429));
#12775=CARTESIAN_POINT('Origin',(-51.3891686996205,72.4769892896806,-62.7703217043638));
#12776=CARTESIAN_POINT('Origin',(-51.3891686996205,72.4769892896806,-62.7703217043638));
#12777=CARTESIAN_POINT('',(-51.3891686996205,76.9190211820369,-38.0786560524219));
#12778=CARTESIAN_POINT('Origin',(-51.3891686996205,78.9474654172439,-38.6221760471372));
#12779=CARTESIAN_POINT('',(-51.3891686996205,70.4485450544736,-62.2268017096485));
#12780=CARTESIAN_POINT('Origin',(-25.,75.8624114070629,-63.1598047365499));
#12781=CARTESIAN_POINT('',(-21.925684744823,75.348342966202,-63.5396986031718));
#12782=CARTESIAN_POINT('',(-22.0952624903443,75.0344394193051,-63.3520607832387));
#12783=CARTESIAN_POINT('Ctrl Pts',(-21.925684744823,75.3483429662019,-63.5396986031719));
#12784=CARTESIAN_POINT('Ctrl Pts',(-21.9422472976381,75.3306305862794,-63.520871237807));
#12785=CARTESIAN_POINT('Ctrl Pts',(-21.9582182967526,75.311584481407,-63.5027293297611));
#12786=CARTESIAN_POINT('Ctrl Pts',(-22.0269532765602,75.2193557046317,-63.4249460175959));
#12787=CARTESIAN_POINT('Ctrl Pts',(-22.0696452455585,75.1302739070566,-63.3777395568388));
#12788=CARTESIAN_POINT('Ctrl Pts',(-22.0952624903443,75.0344394193051,-63.3520607832387));
#12789=CARTESIAN_POINT('',(-25.,72.8611063101547,-62.769717931758));
#12790=CARTESIAN_POINT('Origin',(-24.9999999999999,75.7588837890219,-63.5461750670656));
#12791=CARTESIAN_POINT('',(-25.,73.9633766944071,-62.1333218286901));
#12792=CARTESIAN_POINT('',(-25.,73.3510042587114,-62.4868752192833));
#12793=CARTESIAN_POINT('Origin',(-25.,75.9918209296142,-62.6768418234054));
#12794=CARTESIAN_POINT('',(-27.9047375096555,75.034439419305,-63.3520607832387));
#12795=CARTESIAN_POINT('Origin',(-24.9999999999999,75.7588837890219,-63.5461750670656));
#12796=CARTESIAN_POINT('',(-28.0743152551769,75.3483429662021,-63.5396986031718));
#12797=CARTESIAN_POINT('Ctrl Pts',(-27.9047375096555,75.0344394193051,-63.3520607832386));
#12798=CARTESIAN_POINT('Ctrl Pts',(-27.9303547544413,75.1302739070566,-63.3777395568387));
#12799=CARTESIAN_POINT('Ctrl Pts',(-27.9730467234396,75.2193557046317,-63.4249460175958));
#12800=CARTESIAN_POINT('Ctrl Pts',(-28.0417817032473,75.311584481407,-63.5027293297611));
#12801=CARTESIAN_POINT('Ctrl Pts',(-28.0577527023618,75.3306305862794,-63.5208712378069));
#12802=CARTESIAN_POINT('Ctrl Pts',(-28.0743152551769,75.3483429662021,-63.5396986031719));
#12803=CARTESIAN_POINT('Origin',(-25.,75.7330018845117,-63.6427676496944));
#12804=CARTESIAN_POINT('Origin',(-25.,75.7330018845117,-63.6427676496944));
#12805=CARTESIAN_POINT('',(-25.,80.1750337768679,-38.9511019977525));
#12806=CARTESIAN_POINT('',(-25.,73.7045576493046,-63.0992476549791));
#12807=CARTESIAN_POINT('Origin',(-25.,82.203478012075,-39.4946219924678));
#12808=CARTESIAN_POINT('Origin',(25.,75.8624114070629,-63.1598047365499));
#12809=CARTESIAN_POINT('',(28.074315255177,75.3483429662022,-63.5396986031718));
#12810=CARTESIAN_POINT('',(27.9047375096556,75.0344394193051,-63.3520607832386));
#12811=CARTESIAN_POINT('Ctrl Pts',(28.074315255177,75.3483429662021,-63.5396986031719));
#12812=CARTESIAN_POINT('Ctrl Pts',(28.0577527023619,75.3306305862795,-63.520871237807));
#12813=CARTESIAN_POINT('Ctrl Pts',(28.0417817032474,75.3115844814071,-63.5027293297611));
#12814=CARTESIAN_POINT('Ctrl Pts',(27.9730467234397,75.2193557046317,-63.4249460175958));
#12815=CARTESIAN_POINT('Ctrl Pts',(27.9303547544414,75.1302739070567,-63.3777395568387));
#12816=CARTESIAN_POINT('Ctrl Pts',(27.9047375096556,75.0344394193051,-63.3520607832386));
#12817=CARTESIAN_POINT('',(25.,72.8611063101547,-62.7697179317579));
#12818=CARTESIAN_POINT('Origin',(25.,75.7588837890219,-63.5461750670655));
#12819=CARTESIAN_POINT('',(25.,73.9633766944071,-62.1333218286901));
#12820=CARTESIAN_POINT('',(25.,73.3510042587114,-62.4868752192833));
#12821=CARTESIAN_POINT('Origin',(25.,75.9918209296142,-62.6768418234054));
#12822=CARTESIAN_POINT('',(22.0952624903445,75.0344394193051,-63.3520607832386));
#12823=CARTESIAN_POINT('Origin',(25.,75.7588837890219,-63.5461750670655));
#12824=CARTESIAN_POINT('',(21.9256847448231,75.3483429662022,-63.5396986031718));
#12825=CARTESIAN_POINT('Ctrl Pts',(22.0952624903445,75.0344394193051,-63.3520607832386));
#12826=CARTESIAN_POINT('Ctrl Pts',(22.0696452455587,75.1302739070567,-63.3777395568387));
#12827=CARTESIAN_POINT('Ctrl Pts',(22.0269532765604,75.2193557046317,-63.4249460175958));
#12828=CARTESIAN_POINT('Ctrl Pts',(21.9582182967527,75.3115844814071,-63.5027293297611));
#12829=CARTESIAN_POINT('Ctrl Pts',(21.9422472976382,75.3306305862795,-63.520871237807));
#12830=CARTESIAN_POINT('Ctrl Pts',(21.9256847448231,75.3483429662021,-63.5396986031719));
#12831=CARTESIAN_POINT('Origin',(25.,75.7330018845117,-63.6427676496944));
#12832=CARTESIAN_POINT('Origin',(25.,75.7330018845117,-63.6427676496944));
#12833=CARTESIAN_POINT('',(25.,80.1750337768679,-38.9511019977525));
#12834=CARTESIAN_POINT('',(25.,73.7045576493046,-63.0992476549791));
#12835=CARTESIAN_POINT('Origin',(25.,82.203478012075,-39.4946219924678));
#12836=CARTESIAN_POINT('Origin',(51.3891686996206,72.6063988122319,-62.2873587912193));
#12837=CARTESIAN_POINT('',(53.1871330494319,70.0377015904319,-62.1167165352428));
#12838=CARTESIAN_POINT('',(52.8138702812131,69.9527126037437,-61.9904161868533));
#12839=CARTESIAN_POINT('Ctrl Pts',(53.1871330494319,70.0377015904319,-62.1167165352429));
#12840=CARTESIAN_POINT('Ctrl Pts',(53.1597525978361,70.0385198714942,-62.1028544455241));
#12841=CARTESIAN_POINT('Ctrl Pts',(53.131959624311,70.0379289303322,-62.0896575836906));
#12842=CARTESIAN_POINT('Ctrl Pts',(53.0051343870797,70.0281674343598,-62.0339713128185));
#12843=CARTESIAN_POINT('Ctrl Pts',(52.9040470285036,69.9997170390212,-62.0030109873266));
#12844=CARTESIAN_POINT('Ctrl Pts',(52.8138702812131,69.9527126037437,-61.9904161868533));
#12845=CARTESIAN_POINT('',(51.3891686996206,69.6050937153237,-61.8972719864273));
#12846=CARTESIAN_POINT('Origin',(51.3891686996206,72.5028711941909,-62.6737291217349));
#12847=CARTESIAN_POINT('',(51.3891686996206,70.7073640995761,-61.2608758833595));
#12848=CARTESIAN_POINT('',(51.3891686996206,70.0949916638803,-61.6144292739527));
#12849=CARTESIAN_POINT('Origin',(51.3891686996206,72.7358083347831,-61.8043958780748));
#12850=CARTESIAN_POINT('',(48.5256487541378,73.3669584007815,-62.905260590931));
#12851=CARTESIAN_POINT('Origin',(51.3891686996206,72.5028711941909,-62.6737291217349));
#12852=CARTESIAN_POINT('',(48.5670730599309,73.7161543712925,-63.1023549872705));
#12853=CARTESIAN_POINT('Ctrl Pts',(48.5256487541378,73.3669584007815,-62.905260590931));
#12854=CARTESIAN_POINT('Ctrl Pts',(48.5562039415514,73.4614330189629,-62.9305749885779));
#12855=CARTESIAN_POINT('Ctrl Pts',(48.5717501811546,73.5579905314555,-62.9797845611101));
#12856=CARTESIAN_POINT('Ctrl Pts',(48.570945349441,73.6693700114148,-63.0626992887279));
#12857=CARTESIAN_POINT('Ctrl Pts',(48.5695534186605,73.6931977271308,-63.0821224255378));
#12858=CARTESIAN_POINT('Ctrl Pts',(48.5670730599309,73.7161543712924,-63.1023549872706));
#12859=CARTESIAN_POINT('Origin',(51.3891686996206,72.4769892896806,-62.7703217043638));
#12860=CARTESIAN_POINT('Origin',(51.3891686996206,72.4769892896806,-62.7703217043638));
#12861=CARTESIAN_POINT('',(51.3891686996206,76.9190211820369,-38.0786560524219));
#12862=CARTESIAN_POINT('',(51.3891686996206,70.4485450544736,-62.2268017096485));
#12863=CARTESIAN_POINT('Origin',(51.3891686996206,78.9474654172439,-38.6221760471372));
#12864=CARTESIAN_POINT('Origin',(42.,88.1367335831997,-28.5561503316929));
#12865=CARTESIAN_POINT('',(-42.,88.2074442613184,-28.678624818832));
#12866=CARTESIAN_POINT('',(-42.,88.0660229050811,-28.4336758445537));
#12867=CARTESIAN_POINT('',(-42.,88.2074442613184,-28.678624818832));
#12868=CARTESIAN_POINT('',(42.,88.0660229050811,-28.4336758445537));
#12869=CARTESIAN_POINT('',(42.,88.0660229050811,-28.4336758445537));
#12870=CARTESIAN_POINT('',(42.,88.2074442613184,-28.6786248188321));
#12871=CARTESIAN_POINT('',(42.,88.0660229050811,-28.4336758445537));
#12872=CARTESIAN_POINT('',(42.,88.2074442613184,-28.6786248188321));
#12873=CARTESIAN_POINT('Origin',(-42.,71.0768904073574,-23.9849791297241));
#12874=CARTESIAN_POINT('',(-59.7616492814811,71.0510085028471,-24.081571712353));
#12875=CARTESIAN_POINT('',(-59.5616492814811,71.1027723118676,-23.8883865470952));
#12876=CARTESIAN_POINT('',(-59.7616492814811,71.0510085028471,-24.081571712353));
#12877=CARTESIAN_POINT('Origin',(-42.,71.1027723118676,-23.8883865470952));
#12878=CARTESIAN_POINT('Origin',(-42.,71.0510085028471,-24.081571712353));
#12879=CARTESIAN_POINT('Origin',(-59.6616492814811,71.0768904073573,-23.9849791297241));
#12880=CARTESIAN_POINT('',(-59.7616492814812,-72.8719396142239,14.4824660079244));
#12881=CARTESIAN_POINT('',(-59.5616492814812,-72.8201758052033,14.6756511731823));
#12882=CARTESIAN_POINT('',(-59.7616492814812,-72.8719396142239,14.4824660079244));
#12883=CARTESIAN_POINT('',(-59.5616492814811,71.1027723118676,-23.8883865470952));
#12884=CARTESIAN_POINT('',(-59.7616492814811,71.0510085028471,-24.081571712353));
#12885=CARTESIAN_POINT('Origin',(-42.,-72.8460577097136,14.5790585905533));
#12886=CARTESIAN_POINT('',(-42.,-90.0283753726951,19.0795191144035));
#12887=CARTESIAN_POINT('',(-42.,-89.7834263984169,19.2209404706408));
#12888=CARTESIAN_POINT('',(-42.,-90.0283753726951,19.0795191144035));
#12889=CARTESIAN_POINT('Origin',(-42.,-72.8201758052033,14.6756511731823));
#12890=CARTESIAN_POINT('Origin',(-42.,-72.8719396142239,14.4824660079244));
#12891=CARTESIAN_POINT('Origin',(-5.28505233867403E-14,-89.905900885556,
19.1502297925221));
#12892=CARTESIAN_POINT('',(42.,-90.0283753726952,19.0795191144035));
#12893=CARTESIAN_POINT('',(42.,-89.7834263984169,19.2209404706408));
#12894=CARTESIAN_POINT('',(42.,-90.0283753726952,19.0795191144035));
#12895=CARTESIAN_POINT('',(-5.27421502588259E-14,-89.7834263984168,19.2209404706408));
#12896=CARTESIAN_POINT('',(-5.29588965146547E-14,-90.0283753726952,19.0795191144035));
#12897=CARTESIAN_POINT('Origin',(42.,-72.8460577097136,14.5790585905534));
#12898=CARTESIAN_POINT('',(59.7616492814812,-72.8719396142238,14.4824660079245));
#12899=CARTESIAN_POINT('',(59.5616492814813,-72.8201758052033,14.6756511731822));
#12900=CARTESIAN_POINT('',(59.7616492814812,-72.8719396142238,14.4824660079245));
#12901=CARTESIAN_POINT('Origin',(42.,-72.8201758052033,14.6756511731822));
#12902=CARTESIAN_POINT('Origin',(42.,-72.8719396142238,14.4824660079245));
#12903=CARTESIAN_POINT('Origin',(59.6616492814812,-0.884583651178187,-4.70296026958537));
#12904=CARTESIAN_POINT('',(59.7616492814812,71.0510085028471,-24.081571712353));
#12905=CARTESIAN_POINT('',(59.5616492814813,71.1027723118676,-23.8883865470952));
#12906=CARTESIAN_POINT('',(59.7616492814812,71.0510085028471,-24.081571712353));
#12907=CARTESIAN_POINT('',(59.5616492814812,-0.858701746667932,-4.60636768695646));
#12908=CARTESIAN_POINT('',(59.7616492814812,-0.910465555688442,-4.79955285221429));
#12909=CARTESIAN_POINT('Origin',(42.,71.0768904073574,-23.9849791297241));
#12910=CARTESIAN_POINT('Origin',(42.,71.1027723118676,-23.8883865470952));
#12911=CARTESIAN_POINT('Origin',(42.,71.0510085028471,-24.081571712353));
#12912=CARTESIAN_POINT('Origin',(-42.,-68.6104140611376,30.3866958897947));
#12913=CARTESIAN_POINT('',(-59.7616492814812,-82.4486045121634,-21.2581339582456));
#12914=CARTESIAN_POINT('',(-59.7616492814812,-68.6104140611376,30.3866958897947));
#12915=CARTESIAN_POINT('',(-58.0741260378765,-89.7474929575067,-19.3024026936709));
#12916=CARTESIAN_POINT('Origin',(-42.,-82.4486045121634,-21.2581339582456));
#12917=CARTESIAN_POINT('',(-58.0741260378765,-80.171188288713,16.4368528790245));
#12918=CARTESIAN_POINT('',(-58.0741260378765,-75.9093025064809,32.3424271543694));
#12919=CARTESIAN_POINT('',(-52.2354267207911,-86.8936115654532,18.2381207672073));
#12920=CARTESIAN_POINT('Origin',(-42.,-72.8722998433697,14.4811216144498));
#12921=CARTESIAN_POINT('',(-52.2354267207911,-96.4699162342469,-17.5011348054881));
#12922=CARTESIAN_POINT('',(-52.2354267207911,-96.4699162342469,-17.5011348054881));
#12923=CARTESIAN_POINT('',(-42.,-99.6050402706347,-16.6610808517665));
#12924=CARTESIAN_POINT('Origin',(-42.,-82.4486045121634,-21.2581339582456));
#12925=CARTESIAN_POINT('',(-42.,-85.7668498196089,34.9837489962738));
#12926=CARTESIAN_POINT('Origin',(-59.7616492814811,75.3125340559334,-8.17734183048276));
#12927=CARTESIAN_POINT('',(-59.7616492814811,61.4743436049076,-59.822171678523));
#12928=CARTESIAN_POINT('',(-59.7616492814811,75.3125340559334,-8.17734183048276));
#12929=CARTESIAN_POINT('',(-59.7616492814811,52.1925469376103,-57.3351217572107));
#12930=CARTESIAN_POINT('',(-59.7616492814811,-19.16047345712,-38.2161375649203));
#12931=CARTESIAN_POINT('',(-59.7616492814811,61.768851606404,-21.5958661845153));
#12932=CARTESIAN_POINT('',(-59.7616492814811,52.1925469376103,-57.3351217572107));
#12933=CARTESIAN_POINT('',(-59.7616492814811,54.0414449960914,-19.525313823695));
#12934=CARTESIAN_POINT('',(-59.7616492814811,64.4778982874745,-22.3217530549664));
#12935=CARTESIAN_POINT('',(-59.7616492814811,44.4651403272977,-55.2645693963904));
#12936=CARTESIAN_POINT('',(-59.7616492814811,44.4651403272977,-55.2645693963904));
#12937=CARTESIAN_POINT('',(-59.7616492814811,18.385143017493,-48.276455178622));
#12938=CARTESIAN_POINT('',(-59.7616492814811,-19.16047345712,-38.2161375649203));
#12939=CARTESIAN_POINT('',(-59.7616492814811,27.9614476862867,-12.5371996059266));
#12940=CARTESIAN_POINT('',(-59.7616492814811,18.385143017493,-48.276455178622));
#12941=CARTESIAN_POINT('',(-59.7616492814811,20.2340410759741,-10.4666472451063));
#12942=CARTESIAN_POINT('',(-59.7616492814811,47.5741963274158,-17.792419765672));
#12943=CARTESIAN_POINT('',(-59.7616492814811,10.6577364071804,-46.2059028178017));
#12944=CARTESIAN_POINT('',(-59.7616492814811,10.6577364071804,-46.2059028178017));
#12945=CARTESIAN_POINT('',(-59.7616492814811,-29.9126067453518,-35.3351121334267));
#12946=CARTESIAN_POINT('',(-59.7616492814811,-19.16047345712,-38.2161375649203));
#12947=CARTESIAN_POINT('',(-59.7616492814812,-20.3363020765581,0.404143439268725));
#12948=CARTESIAN_POINT('',(-59.7616492814812,-29.9126067453518,-35.3351121334267));
#12949=CARTESIAN_POINT('',(-59.7616492814812,-28.0637086868706,2.47469580008898));
#12950=CARTESIAN_POINT('',(-59.7616492814811,23.4253214459935,-11.3217482430744));
#12951=CARTESIAN_POINT('',(-59.7616492814811,-37.6400133556643,-33.2645597726064));
#12952=CARTESIAN_POINT('',(-59.7616492814812,-37.6400133556643,-33.2645597726064));
#12953=CARTESIAN_POINT('',(-59.7616492814812,-58.8903815340238,-27.5705407803507));
#12954=CARTESIAN_POINT('',(-59.7616492814811,-19.16047345712,-38.2161375649203));
#12955=CARTESIAN_POINT('',(-59.7616492814812,-49.3140768652301,8.16871479234471));
#12956=CARTESIAN_POINT('',(-59.7616492814812,-58.8903815340238,-27.5705407803507));
#12957=CARTESIAN_POINT('',(-59.7616492814812,-57.0414834755426,10.239267153165));
#12958=CARTESIAN_POINT('',(-59.7616492814811,8.93643405165749,-7.43946256653638));
#12959=CARTESIAN_POINT('',(-59.7616492814812,-66.6177881443363,-25.4999884195305));
#12960=CARTESIAN_POINT('',(-59.7616492814812,-66.6177881443362,-25.4999884195304));
#12961=CARTESIAN_POINT('',(-59.7616492814811,-19.16047345712,-38.2161375649203));
#12962=CARTESIAN_POINT('',(-59.7616492814811,-27.4631170025686,-33.9208985710536));
#12963=CARTESIAN_POINT('',(-59.7616492814811,9.24352284480731,-43.7564130750185));
#12964=CARTESIAN_POINT('',(-59.7616492814811,17.264432346272,-45.9056092984992));
#12965=CARTESIAN_POINT('',(-59.7616492814811,17.7845513331909,-11.8808608074794));
#12966=CARTESIAN_POINT('',(-59.7616492814811,15.9037990252177,-18.8999239772875));
#12967=CARTESIAN_POINT('',(-59.7616492814811,-18.9220885141851,-2.04534630351448));
#12968=CARTESIAN_POINT('',(-59.7616492814811,44.1587807583436,-18.9478142829426));
#12969=CARTESIAN_POINT('',(-59.7616492814811,-16.5323265779665,6.87336666044696));
#12970=CARTESIAN_POINT('',(-59.7616492814811,-56.4408917912406,-26.1563272179776));
#12971=CARTESIAN_POINT('',(-59.7616492814811,-39.0542269180374,-30.8150700298232));
#12972=CARTESIAN_POINT('',(-59.7616492814811,2.77554495193605,-42.0233236219612));
#12973=CARTESIAN_POINT('',(-59.7616492814811,-30.5131984296539,1.06048223771593));
#12974=CARTESIAN_POINT('',(-59.7616492814812,-32.3939507376271,-5.95858093209217));
#12975=CARTESIAN_POINT('',(-59.7616492814811,-47.8998633028571,5.71922504956152));
#12976=CARTESIAN_POINT('',(-59.7616492814811,20.0099058769212,-12.4771427603449));
#12977=CARTESIAN_POINT('',(-59.7616492814812,-45.5101013666385,14.637938013523));
#12978=CARTESIAN_POINT('',(-59.7616492814811,29.3756612486597,-14.9866893487098));
#12979=CARTESIAN_POINT('',(-59.7616492814811,20.8346327602761,-46.8622416162489));
#12980=CARTESIAN_POINT('',(-59.7616492814811,31.7654231848783,-6.06797638474833));
#12981=CARTESIAN_POINT('',(-59.7616492814811,43.0509267649246,-52.8150796536072));
#12982=CARTESIAN_POINT('',(-59.7616492814811,41.4133072276944,-52.3762808210969));
#12983=CARTESIAN_POINT('',(-59.7616492814811,51.5919552533082,-20.939527386068));
#12984=CARTESIAN_POINT('',(-59.7616492814811,49.7112029453349,-27.9585905558761));
#12985=CARTESIAN_POINT('',(-59.7616492814811,61.0624827184022,-23.4771475722369));
#12986=CARTESIAN_POINT('',(-59.7616492814811,-79.9991147693802,-19.8439203958725));
#12987=CARTESIAN_POINT('',(-59.7616492814811,-68.0320017067094,-23.0504986767473));
#12988=CARTESIAN_POINT('',(-59.7616492814811,-9.00356653713381,-38.8671202109087));
#12989=CARTESIAN_POINT('',(-59.7616492814811,-59.4909732183258,8.8250535907919));
#12990=CARTESIAN_POINT('',(-59.7616492814812,-61.371725526299,1.80599042098378));
#12991=CARTESIAN_POINT('',(-59.7616492814811,-71.4580862809967,12.0316318716667));
#12992=CARTESIAN_POINT('',(-59.7616492814811,5.52101848258521,-8.59485708380695));
#12993=CARTESIAN_POINT('',(-59.7616492814812,-69.0683243447781,20.9503448356282));
#12994=CARTESIAN_POINT('Origin',(-42.,75.3125340559334,-8.17734183048276));
#12995=CARTESIAN_POINT('',(-42.,78.6307793633788,-64.419224785002));
#12996=CARTESIAN_POINT('',(-42.,92.4689698144047,-12.7743949369618));
#12997=CARTESIAN_POINT('',(-49.592811323824,76.9841590253394,-63.9780141951837));
#12998=CARTESIAN_POINT('Origin',(-42.,61.4743436049076,-59.822171678523));
#12999=CARTESIAN_POINT('',(-49.592811323824,86.5604636941331,-28.2387586224882));
#13000=CARTESIAN_POINT('',(-49.592811323824,76.9841590253394,-63.9780141951837));
#13001=CARTESIAN_POINT('',(-56.3124252331729,81.2103637977411,-26.8052036758241));
#13002=CARTESIAN_POINT('Origin',(-42.,71.0506482737013,-24.0829161058276));
#13003=CARTESIAN_POINT('',(-56.3124252331729,71.6340591289474,-62.5444592485196));
#13004=CARTESIAN_POINT('',(-56.3124252331729,71.6340591289474,-62.5444592485195));
#13005=CARTESIAN_POINT('Origin',(-42.,61.4743436049076,-59.822171678523));
#13006=CARTESIAN_POINT('Origin',(42.,92.4689698144047,-12.7743949369618));
#13007=CARTESIAN_POINT('',(42.,78.6307793633789,-64.419224785002));
#13008=CARTESIAN_POINT('',(42.,92.4689698144047,-12.7743949369618));
#13009=CARTESIAN_POINT('',(29.0000000000001,78.6307793633788,-64.419224785002));
#13010=CARTESIAN_POINT('',(21.,78.6307793633788,-64.419224785002));
#13011=CARTESIAN_POINT('',(29.,82.7887179580879,-48.901586694797));
#13012=CARTESIAN_POINT('',(29.0000000000001,78.6307793633788,-64.419224785002));
#13013=CARTESIAN_POINT('',(29.,83.135469728693,-47.6074914692843));
#13014=CARTESIAN_POINT('Ctrl Pts',(29.,83.135469728693,-47.6074914692843));
#13015=CARTESIAN_POINT('Ctrl Pts',(29.,83.019885805158,-48.0388565444552));
#13016=CARTESIAN_POINT('Ctrl Pts',(29.,82.904301881623,-48.4702216196261));
#13017=CARTESIAN_POINT('Ctrl Pts',(29.,82.7887179580879,-48.901586694797));
#13018=CARTESIAN_POINT('',(29.,88.0000000000006,-29.4528173418085));
#13019=CARTESIAN_POINT('',(29.,90.0934522475402,-21.6399471907721));
#13020=CARTESIAN_POINT('',(-29.,88.0000000000006,-29.4528173418085));
#13021=CARTESIAN_POINT('',(21.,88.0000000000006,-29.4528173418085));
#13022=CARTESIAN_POINT('',(-29.,83.135469728693,-47.6074914692843));
#13023=CARTESIAN_POINT('',(-29.,87.46845224754,-31.4365805606403));
#13024=CARTESIAN_POINT('',(-29.,82.7887179580879,-48.901586694797));
#13025=CARTESIAN_POINT('Ctrl Pts',(-29.,82.7887179580879,-48.901586694797));
#13026=CARTESIAN_POINT('Ctrl Pts',(-29.,82.904301881623,-48.4702216196261));
#13027=CARTESIAN_POINT('Ctrl Pts',(-29.,83.019885805158,-48.0388565444552));
#13028=CARTESIAN_POINT('Ctrl Pts',(-29.,83.135469728693,-47.6074914692843));
#13029=CARTESIAN_POINT('',(-29.,78.6307793633788,-64.419224785002));
#13030=CARTESIAN_POINT('',(-29.,78.6307793633788,-64.419224785002));
#13031=CARTESIAN_POINT('',(21.,78.6307793633788,-64.419224785002));
#13032=CARTESIAN_POINT('Origin',(42.,71.1027723118675,-23.8883865470952));
#13033=CARTESIAN_POINT('',(-24.,7.24533605898989,-6.77783807241388));
#13034=CARTESIAN_POINT('',(-24.,-48.4857406977392,8.15525893786933));
#13035=CARTESIAN_POINT('',(-24.,25.5233679442084,-11.6754219552887));
#13036=CARTESIAN_POINT('',(25.,7.24533605898989,-6.77783807241388));
#13037=CARTESIAN_POINT('',(0.,7.24533605898989,-6.77783807241388));
#13038=CARTESIAN_POINT('',(25.,-48.4857406977392,8.15525893786933));
#13039=CARTESIAN_POINT('',(25.,25.5233679442084,-11.6754219552887));
#13040=CARTESIAN_POINT('',(0.,-48.4857406977392,8.15525893786933));
#13041=CARTESIAN_POINT('Origin',(-41.9999999999999,-82.4486045121634,-21.2581339582456));
#13042=CARTESIAN_POINT('',(-53.8816609588744,-87.3608424171261,-21.5983456672373));
#13043=CARTESIAN_POINT('',(-53.8816609588744,-86.946731944962,-20.0528643451748));
#13044=CARTESIAN_POINT('',(-54.7616492814812,-82.8627149843275,-22.8036152803081));
#13045=CARTESIAN_POINT('Origin',(-41.9999999999999,-82.8627149843274,-22.8036152803081));
#13046=CARTESIAN_POINT('',(-54.7616492814812,-82.4486045121634,-21.2581339582456));
#13047=CARTESIAN_POINT('Origin',(-53.2044679781827,-91.731859627852,-18.7706932468646));
#13048=CARTESIAN_POINT('',(-48.2613916526081,-92.8726625159116,-20.121457922942));
#13049=CARTESIAN_POINT('',(-48.2613916526081,-92.4585520437476,-18.5759766008795));
#13050=CARTESIAN_POINT('Origin',(-53.2044679781827,-92.1459701000161,-20.3161745689271));
#13051=CARTESIAN_POINT('Origin',(54.7616492814812,43.9024154177715,-55.113787711322));
#13052=CARTESIAN_POINT('',(54.7616492814812,19.1264270625995,-50.1315235285265));
#13053=CARTESIAN_POINT('',(54.7616492814812,19.5405375347635,-48.586042206464));
#13054=CARTESIAN_POINT('',(54.7616492814812,42.8956353378631,-56.5004636906109));
#13055=CARTESIAN_POINT('',(54.7616492814812,43.3097458100271,-54.9549823685484));
#13056=CARTESIAN_POINT('',(54.7616492814812,43.4883049456075,-56.6592690333845));
#13057=CARTESIAN_POINT('Origin',(-42.,61.4743436049076,-59.822171678523));
#13058=CARTESIAN_POINT('',(-45.6788143072553,72.8637525746275,-64.5303965028835));
#13059=CARTESIAN_POINT('',(-45.6788143072553,73.2778630467916,-62.984915180821));
#13060=CARTESIAN_POINT('',(-42.,73.3870397597695,-64.6706108815519));
#13061=CARTESIAN_POINT('Origin',(-42.,61.0602331327435,-61.3676530005855));
#13062=CARTESIAN_POINT('',(-42.,73.8011502319335,-63.1251295594894));
#13063=CARTESIAN_POINT('Origin',(-24.5825756949558,-94.7754111391894,-17.9551760772792));
#13064=CARTESIAN_POINT('',(-25.1961524227066,-95.1895216113534,-19.5006573993417));
#13065=CARTESIAN_POINT('',(-25.1961524227066,-94.7754111391894,-17.9551760772792));
#13066=CARTESIAN_POINT('',(-42.,-95.1895216113535,-19.5006573993417));
#13067=CARTESIAN_POINT('',(-24.5825756949558,-95.1895216113534,-19.5006573993417));
#13068=CARTESIAN_POINT('',(-42.,-94.7754111391894,-17.9551760772792));
#13069=CARTESIAN_POINT('Origin',(42.,61.4743436049076,-59.822171678523));
#13070=CARTESIAN_POINT('',(45.6788143072554,72.8637525746275,-64.5303965028835));
#13071=CARTESIAN_POINT('',(45.6788143072554,73.2778630467916,-62.984915180821));
#13072=CARTESIAN_POINT('',(42.,73.3870397597695,-64.6706108815519));
#13073=CARTESIAN_POINT('',(42.,73.8011502319335,-63.1251295594894));
#13074=CARTESIAN_POINT('Origin',(42.,61.0602331327435,-61.3676530005855));
#13075=CARTESIAN_POINT('Origin',(29.5825756949559,73.8011502319335,-63.1251295594894));
#13076=CARTESIAN_POINT('',(30.1961524227067,73.3870397597695,-64.6706108815519));
#13077=CARTESIAN_POINT('',(30.1961524227067,73.8011502319335,-63.1251295594894));
#13078=CARTESIAN_POINT('',(29.5825756949559,73.3870397597695,-64.6706108815519));
#13079=CARTESIAN_POINT('Origin',(54.7616492814812,-67.1805130538625,-25.349206734462));
#13080=CARTESIAN_POINT('',(54.7616492814812,-68.1872931337709,-26.7358827137509));
#13081=CARTESIAN_POINT('',(54.7616492814812,-67.7731826616069,-25.1904013916884));
#13082=CARTESIAN_POINT('',(54.7616492814812,-82.8627149843275,-22.8036152803081));
#13083=CARTESIAN_POINT('',(54.7616492814812,-67.5946235260265,-26.8946880565245));
#13084=CARTESIAN_POINT('',(54.7616492814812,-82.4486045121634,-21.2581339582456));
#13085=CARTESIAN_POINT('Origin',(42.,-94.7754111391894,-17.9551760772792));
#13086=CARTESIAN_POINT('',(25.1961524227067,-95.1895216113535,-19.5006573993417));
#13087=CARTESIAN_POINT('',(25.1961524227067,-94.7754111391894,-17.9551760772792));
#13088=CARTESIAN_POINT('',(42.,-95.1895216113534,-19.5006573993417));
#13089=CARTESIAN_POINT('',(42.,-94.7754111391893,-17.9551760772792));
#13090=CARTESIAN_POINT('',(42.,-95.1895216113534,-19.5006573993417));
#13091=CARTESIAN_POINT('Origin',(42.,-82.4486045121634,-21.2581339582456));
#13092=CARTESIAN_POINT('',(47.7210788543756,-93.8814246373684,-19.8511609271426));
#13093=CARTESIAN_POINT('',(47.7210788543756,-93.4673141652044,-18.3056796050801));
#13094=CARTESIAN_POINT('Origin',(42.,-82.8627149843275,-22.803615280308));
#13095=CARTESIAN_POINT('Origin',(53.2044679781828,-85.2613835002887,5.37745241036203));
#13096=CARTESIAN_POINT('Origin',(-20.,-90.2367866642042,6.71060767015252));
#13097=CARTESIAN_POINT('Origin',(56.7616492814812,-27.3058339229448,-10.1516902957899));
#13098=CARTESIAN_POINT('Origin',(-56.7616492814811,-56.2836087116167,-2.38711894271395));
#13099=CARTESIAN_POINT('Origin',(56.7616492814812,20.9919158399,-23.0930333409853));
#13100=CARTESIAN_POINT('Origin',(-56.7616492814811,54.7993197600173,-32.1516999195739));
#13101=CARTESIAN_POINT('Origin',(56.7616492814812,54.7993197600173,-32.1516999195739));
#13102=CARTESIAN_POINT('Origin',(51.3891686996206,78.9474654172439,-38.6221760471372));
#13103=CARTESIAN_POINT('Origin',(25.,82.203478012075,-39.4946219924678));
#13104=CARTESIAN_POINT('Origin',(-25.,82.203478012075,-39.4946219924678));
#13105=CARTESIAN_POINT('Origin',(-51.3891686996205,78.947465417244,-38.6221760471372));
#13106=CARTESIAN_POINT('Origin',(-56.7616492814812,20.9919158399,-23.0930333409853));
#13107=CARTESIAN_POINT('Origin',(-56.7616492814811,-27.3058339229447,-10.1516902957899));
#13108=CARTESIAN_POINT('Origin',(56.7616492814812,-56.2836087116167,-2.38711894271394));
#13109=CARTESIAN_POINT('Origin',(-53.2044679781827,-85.2613835002887,5.37745241036202));
#13110=CARTESIAN_POINT('Origin',(20.,-90.2367866642042,6.71060767015252));
#13111=CARTESIAN_POINT('Origin',(27.,78.0000000000006,-27.901586694797));
#13112=CARTESIAN_POINT('',(27.,78.0000000000006,-37.4765026432983));
#13113=CARTESIAN_POINT('',(27.,71.3065736698293,-62.4567097842159));
#13114=CARTESIAN_POINT('',(27.,78.0000000000006,-27.901586694797));
#13115=CARTESIAN_POINT('Origin',(-25.,75.7330018845117,-63.6427676496944));
#13116=CARTESIAN_POINT('',(-20.9999999999999,78.6307793633788,-64.419224785002));
#13117=CARTESIAN_POINT('',(-20.9999999905885,79.7744069892033,-60.151148367652));
#13118=CARTESIAN_POINT('',(-20.9999999999999,78.6307793633788,-64.419224785002));
#13119=CARTESIAN_POINT('Origin',(-25.,75.7330018845117,-63.6427676496944));
#13120=CARTESIAN_POINT('Ctrl Pts',(-20.9999999999999,79.7744069937153,-60.1511483636468));
#13121=CARTESIAN_POINT('Ctrl Pts',(-21.3796278139965,80.3920118491887,-59.8019079835762));
#13122=CARTESIAN_POINT('Ctrl Pts',(-21.845586258617,80.9282572547282,-59.4286472383951));
#13123=CARTESIAN_POINT('Ctrl Pts',(-22.7610974126169,81.7137249296797,-58.6886678897792));
#13124=CARTESIAN_POINT('Ctrl Pts',(-23.1791931749867,81.9945939025654,-58.3483781689561));
#13125=CARTESIAN_POINT('Ctrl Pts',(-23.9032246273371,82.3800241786186,-57.7213712569876));
#13126=CARTESIAN_POINT('Ctrl Pts',(-24.2011522878625,82.5106993361702,-57.4529723067755));
#13127=CARTESIAN_POINT('Ctrl Pts',(-24.7780519461943,82.7185612809947,-56.9026335303203));
#13128=CARTESIAN_POINT('Ctrl Pts',(-25.0554409981859,82.7974369690104,-56.6237401020227));
#13129=CARTESIAN_POINT('Ctrl Pts',(-25.6834549355168,82.9352515488808,-55.9506591695441));
#13130=CARTESIAN_POINT('Ctrl Pts',(-26.0266249888673,82.9793508467821,-55.5509029219625));
#13131=CARTESIAN_POINT('Ctrl Pts',(-27.348385699473,83.0499669303906,-53.8533252380174));
#13132=CARTESIAN_POINT('Ctrl Pts',(-28.0519455401686,82.8499798507133,-52.5569529284394));
#13133=CARTESIAN_POINT('Ctrl Pts',(-28.6327468093298,82.6819494186898,-51.0082144114887));
#13134=CARTESIAN_POINT('Ctrl Pts',(-28.7661860887355,82.6416296951428,-50.5783932154788));
#13135=CARTESIAN_POINT('Ctrl Pts',(-28.9158731710076,82.63853047018,-49.8884088398965));
#13136=CARTESIAN_POINT('Ctrl Pts',(-28.9583557879405,82.6530134007471,-49.6204200507082));
#13137=CARTESIAN_POINT('Ctrl Pts',(-28.9937491960847,82.7177625118188,-49.1988115115633));
#13138=CARTESIAN_POINT('Ctrl Pts',(-28.9999999999999,82.7489252755132,-49.0500950079355));
#13139=CARTESIAN_POINT('Ctrl Pts',(-28.9999999999999,82.788717958088,-48.901586694797));
#13140=CARTESIAN_POINT('Ctrl Pts',(-29.,82.7887179580879,-48.901586694797));
#13141=CARTESIAN_POINT('Ctrl Pts',(-29.,82.0752416386905,-51.5643165687855));
#13142=CARTESIAN_POINT('Ctrl Pts',(-27.4486861330674,80.8893047761509,-55.9902931943517));
#13143=CARTESIAN_POINT('Ctrl Pts',(-22.4106914615311,79.8132531812289,-60.006172418166));
#13144=CARTESIAN_POINT('Ctrl Pts',(-18.8057504105487,79.5915879435715,-60.8334383473751));
#13145=CARTESIAN_POINT('Ctrl Pts',(-17.,79.5915879435715,-60.8334383473751));
#13146=CARTESIAN_POINT('Ctrl Pts',(-28.3053120701184,84.3983667882198,-49.3328907989285));
#13147=CARTESIAN_POINT('Ctrl Pts',(-28.2085276554753,83.722290381365,-51.8497543423474));
#13148=CARTESIAN_POINT('Ctrl Pts',(-26.5951951887862,82.6144228037619,-55.9140038941103));
#13149=CARTESIAN_POINT('Ctrl Pts',(-21.9025074061914,81.6311399220829,-59.468776806547));
#13150=CARTESIAN_POINT('Ctrl Pts',(-18.6356905985168,81.4308006403065,-60.1894877965157));
#13151=CARTESIAN_POINT('Ctrl Pts',(-17.,81.4308006403065,-60.1894877965157));
#13152=CARTESIAN_POINT('Ctrl Pts',(-27.6106241402368,86.0080156183517,-49.7641949030601));
#13153=CARTESIAN_POINT('Ctrl Pts',(-27.4170553109506,85.3693391240397,-52.1351921159094));
#13154=CARTESIAN_POINT('Ctrl Pts',(-25.741704244505,84.3395408313729,-55.837714593869));
#13155=CARTESIAN_POINT('Ctrl Pts',(-21.3943233508517,83.449026662937,-58.9313811949281));
#13156=CARTESIAN_POINT('Ctrl Pts',(-18.4656307864849,83.2700133370415,-59.5455372456563));
#13157=CARTESIAN_POINT('Ctrl Pts',(-17.,83.2700133370415,-59.5455372456563));
#13158=CARTESIAN_POINT('Ctrl Pts',(-26.9159362103552,87.6176644484835,-50.1954990071916));
#13159=CARTESIAN_POINT('Ctrl Pts',(-26.625582966426,87.0163878667143,-52.4206298894714));
#13160=CARTESIAN_POINT('Ctrl Pts',(-24.8882133002239,86.0646588589838,-55.7614252936276));
#13161=CARTESIAN_POINT('Ctrl Pts',(-20.886139295512,85.266913403791,-58.3939855833091));
#13162=CARTESIAN_POINT('Ctrl Pts',(-18.295570974453,85.1092260337766,-58.901586694797));
#13163=CARTESIAN_POINT('Ctrl Pts',(-17.,85.1092260337766,-58.901586694797));
#13164=CARTESIAN_POINT('',(-26.9159362103552,87.6176644484835,-50.1954990071916));
#13165=CARTESIAN_POINT('',(-29.,82.7887179580879,-48.901586694797));
#13166=CARTESIAN_POINT('',(-17.,85.1092260337766,-58.901586694797));
#13167=CARTESIAN_POINT('Ctrl Pts',(-26.9159362103552,87.6176644484835,-50.1954990071916));
#13168=CARTESIAN_POINT('Ctrl Pts',(-26.625582966426,87.0163878667143,-52.4206298894714));
#13169=CARTESIAN_POINT('Ctrl Pts',(-24.8882133002239,86.0646588589838,-55.7614252936276));
#13170=CARTESIAN_POINT('Ctrl Pts',(-20.886139295512,85.266913403791,-58.3939855833091));
#13171=CARTESIAN_POINT('Ctrl Pts',(-18.295570974453,85.1092260337766,-58.901586694797));
#13172=CARTESIAN_POINT('Ctrl Pts',(-17.,85.1092260337766,-58.901586694797));
#13173=CARTESIAN_POINT('',(-17.,79.5915879435715,-60.8334383473751));
#13174=CARTESIAN_POINT('',(-17.,79.5915879435715,-60.8334383473751));
#13175=CARTESIAN_POINT('Ctrl Pts',(-17.,79.5915879435715,-60.8334383473751));
#13176=CARTESIAN_POINT('Ctrl Pts',(-18.3603503630005,79.5915879435715,-60.8334383473751));
#13177=CARTESIAN_POINT('Ctrl Pts',(-19.7188393044686,79.6544883865952,-60.5986906981919));
#13178=CARTESIAN_POINT('Ctrl Pts',(-20.99926087947,79.7749333331152,-60.1491840382645));
#13179=CARTESIAN_POINT('Origin',(-27.,78.0000000000006,-48.901586694797));
#13180=CARTESIAN_POINT('',(-27.,78.0000000000006,-37.4765026432983));
#13181=CARTESIAN_POINT('',(-27.,71.3065736698293,-62.4567097842159));
#13182=CARTESIAN_POINT('',(-27.,78.0000000000006,-48.901586694797));
#13183=CARTESIAN_POINT('Origin',(25.,75.7330018845117,-63.6427676496944));
#13184=CARTESIAN_POINT('',(21.,78.6307793633788,-64.419224785002));
#13185=CARTESIAN_POINT('Origin',(25.,75.7330018845117,-63.6427676496944));
#13186=CARTESIAN_POINT('',(20.9999999905886,79.7744069892033,-60.151148367652));
#13187=CARTESIAN_POINT('',(21.,78.6307793633788,-64.419224785002));
#13188=CARTESIAN_POINT('Ctrl Pts',(29.,82.788717958088,-48.901586694797));
#13189=CARTESIAN_POINT('Ctrl Pts',(29.,82.7682540131494,-48.9779591770309));
#13190=CARTESIAN_POINT('Ctrl Pts',(28.998341892405,82.7500002827505,-49.0546402170433));
#13191=CARTESIAN_POINT('Ctrl Pts',(28.9912918177516,82.7163242940017,-49.2165135592631));
#13192=CARTESIAN_POINT('Ctrl Pts',(28.9855962349196,82.7014626846917,-49.3011651424066));
#13193=CARTESIAN_POINT('Ctrl Pts',(28.9548358595061,82.6522034825311,-49.641070137884));
#13194=CARTESIAN_POINT('Ctrl Pts',(28.9143119597927,82.6389187683834,-49.8939314171737));
#13195=CARTESIAN_POINT('Ctrl Pts',(28.688608321455,82.6421372252288,-50.9411549674911));
#13196=CARTESIAN_POINT('Ctrl Pts',(28.3492078182589,82.7856649925355,-51.8660510960814));
#13197=CARTESIAN_POINT('Ctrl Pts',(27.4962678358256,82.9586483419624,-53.4910050477393));
#13198=CARTESIAN_POINT('Ctrl Pts',(27.103626351186,83.0060026998085,-54.1155694005001));
#13199=CARTESIAN_POINT('Ctrl Pts',(26.3148958050503,83.004949651648,-55.1983069127682));
#13200=CARTESIAN_POINT('Ctrl Pts',(25.935827988826,82.9733464276713,-55.6618160004917));
#13201=CARTESIAN_POINT('Ctrl Pts',(25.2608798699434,82.8483649212713,-56.4098468857229));
#13202=CARTESIAN_POINT('Ctrl Pts',(24.9771278380278,82.7773423837252,-56.7035832853018));
#13203=CARTESIAN_POINT('Ctrl Pts',(24.4086795032402,82.5916452931191,-57.2594148448595));
#13204=CARTESIAN_POINT('Ctrl Pts',(24.1259936574434,82.478985060837,-57.5205707236484));
#13205=CARTESIAN_POINT('Ctrl Pts',(23.4634769484546,82.158661197605,-58.1074239083964));
#13206=CARTESIAN_POINT('Ctrl Pts',(23.0879549288793,81.9336729646513,-58.4205545864597));
#13207=CARTESIAN_POINT('Ctrl Pts',(22.0614548224002,81.16661842943,-59.2581771355484));
#13208=CARTESIAN_POINT('Ctrl Pts',(21.4666579850489,80.5335985671078,-59.7218441713493));
#13209=CARTESIAN_POINT('Ctrl Pts',(21.,79.7744069937153,-60.1511483636468));
#13210=CARTESIAN_POINT('Ctrl Pts',(17.,79.5915879435715,-60.8334383473751));
#13211=CARTESIAN_POINT('Ctrl Pts',(19.7086256158232,79.5915879435715,-60.8334383473751));
#13212=CARTESIAN_POINT('Ctrl Pts',(24.2006814322784,80.0168866701722,-59.2462018913071));
#13213=CARTESIAN_POINT('Ctrl Pts',(28.188944154387,81.3634780361768,-54.2206544963448));
#13214=CARTESIAN_POINT('Ctrl Pts',(29.,82.3130670784896,-50.6767399441226));
#13215=CARTESIAN_POINT('Ctrl Pts',(29.,82.7887179580879,-48.901586694797));
#13216=CARTESIAN_POINT('Ctrl Pts',(17.,81.4308006403065,-60.1894877965157));
#13217=CARTESIAN_POINT('Ctrl Pts',(19.4535358977753,81.4308006403065,-60.1894877965157));
#13218=CARTESIAN_POINT('Ctrl Pts',(23.5324165829023,81.8140109683235,-58.8143458727702));
#13219=CARTESIAN_POINT('Ctrl Pts',(27.3502692854728,83.0553626621618,-54.3024973752045));
#13220=CARTESIAN_POINT('Ctrl Pts',(28.2407891270231,83.94764918365,-51.0107998278745));
#13221=CARTESIAN_POINT('Ctrl Pts',(28.3053120701184,84.3983667882198,-49.3328907989285));
#13222=CARTESIAN_POINT('Ctrl Pts',(17.,83.2700133370415,-59.5455372456563));
#13223=CARTESIAN_POINT('Ctrl Pts',(19.1984461797274,83.2700133370415,-59.5455372456563));
#13224=CARTESIAN_POINT('Ctrl Pts',(22.8641517335261,83.6111352664748,-58.3824898542332));
#13225=CARTESIAN_POINT('Ctrl Pts',(26.5115944165587,84.7472472881469,-54.3843402540644));
#13226=CARTESIAN_POINT('Ctrl Pts',(27.4815782540461,85.5822312888103,-51.3448597116263));
#13227=CARTESIAN_POINT('Ctrl Pts',(27.6106241402368,86.0080156183517,-49.7641949030601));
#13228=CARTESIAN_POINT('Ctrl Pts',(17.,85.1092260337766,-58.901586694797));
#13229=CARTESIAN_POINT('Ctrl Pts',(18.9433564616795,85.1092260337766,-58.901586694797));
#13230=CARTESIAN_POINT('Ctrl Pts',(22.1958868841499,85.4082595646261,-57.9506338356963));
#13231=CARTESIAN_POINT('Ctrl Pts',(25.6729195476446,86.4391319141319,-54.4661831329241));
#13232=CARTESIAN_POINT('Ctrl Pts',(26.7223673810691,87.2168133939707,-51.6789195953782));
#13233=CARTESIAN_POINT('Ctrl Pts',(26.9159362103552,87.6176644484835,-50.1954990071916));
#13234=CARTESIAN_POINT('',(17.,79.5915879435715,-60.8334383473751));
#13235=CARTESIAN_POINT('Ctrl Pts',(20.9967187062231,79.7767358824433,-60.142456832589));
#13236=CARTESIAN_POINT('Ctrl Pts',(19.716649232855,79.6559208735899,-60.5933445839465));
#13237=CARTESIAN_POINT('Ctrl Pts',(18.3600127528041,79.5915879435715,-60.8334383473751));
#13238=CARTESIAN_POINT('Ctrl Pts',(17.,79.5915879435715,-60.8334383473751));
#13239=CARTESIAN_POINT('',(17.,85.1092260337766,-58.901586694797));
#13240=CARTESIAN_POINT('',(17.,79.5915879435715,-60.8334383473751));
#13241=CARTESIAN_POINT('',(26.9159362103552,87.6176644484835,-50.1954990071916));
#13242=CARTESIAN_POINT('Ctrl Pts',(17.,85.1092260337766,-58.901586694797));
#13243=CARTESIAN_POINT('Ctrl Pts',(18.9433564616795,85.1092260337766,-58.901586694797));
#13244=CARTESIAN_POINT('Ctrl Pts',(22.1958868841499,85.4082595646261,-57.9506338356963));
#13245=CARTESIAN_POINT('Ctrl Pts',(25.6729195476446,86.4391319141319,-54.4661831329241));
#13246=CARTESIAN_POINT('Ctrl Pts',(26.7223673810691,87.2168133939707,-51.6789195953782));
#13247=CARTESIAN_POINT('Ctrl Pts',(26.9159362103552,87.6176644484835,-50.1954990071916));
#13248=CARTESIAN_POINT('',(26.9159362103552,87.6176644484835,-50.1954990071916));
#13249=CARTESIAN_POINT('Origin',(-56.7616492814811,-62.75408483918,-26.5352645999406));
#13250=CARTESIAN_POINT('',(-61.7616492814811,-62.75408483918,-26.5352645999406));
#13251=CARTESIAN_POINT('Origin',(-56.7616492814811,-38.8133231671953,62.8128743317998));
#13252=CARTESIAN_POINT('Origin',(-56.7616492814811,-62.75408483918,-26.5352645999406));
#13253=CARTESIAN_POINT('Origin',(0.,-99.7952905191477,-16.6101034513176));
#13254=CARTESIAN_POINT('',(21.,78.6307793633788,-64.419224785002));
#13255=CARTESIAN_POINT('',(49.5928113238242,76.9841590253394,-63.9780141951837));
#13256=CARTESIAN_POINT('Origin',(42.,61.4743436049076,-59.822171678523));
#13257=CARTESIAN_POINT('',(54.569426040987,76.2037563585124,-63.7689059308363));
#13258=CARTESIAN_POINT('Origin',(51.3891686996206,72.4769892896806,-62.7703217043638));
#13259=CARTESIAN_POINT('',(56.312425233173,71.6340591289475,-62.5444592485196));
#13260=CARTESIAN_POINT('Origin',(51.3891686996206,72.4769892896806,-62.7703217043638));
#13261=CARTESIAN_POINT('',(59.7616492814812,61.4743436049076,-59.822171678523));
#13262=CARTESIAN_POINT('Origin',(42.,61.4743436049076,-59.822171678523));
#13263=CARTESIAN_POINT('',(59.7616492814812,52.1925469376102,-57.3351217572107));
#13264=CARTESIAN_POINT('',(59.7616492814812,-91.1219475156555,-18.9341187047816));
#13265=CARTESIAN_POINT('',(61.7616492814815,48.328843632454,-56.2998455768005));
#13266=CARTESIAN_POINT('Origin',(56.7616492814812,48.328843632454,-56.2998455768005));
#13267=CARTESIAN_POINT('',(59.7616492814812,44.4651403272977,-55.2645693963904));
#13268=CARTESIAN_POINT('Origin',(56.7616492814812,48.328843632454,-56.2998455768005));
#13269=CARTESIAN_POINT('',(59.7616492814812,18.3851430174929,-48.276455178622));
#13270=CARTESIAN_POINT('',(59.7616492814812,-91.1219475156555,-18.9341187047816));
#13271=CARTESIAN_POINT('',(61.7616492814815,14.5214397123367,-47.2411789982119));
#13272=CARTESIAN_POINT('Origin',(56.7616492814812,14.5214397123367,-47.2411789982119));
#13273=CARTESIAN_POINT('',(59.7616492814812,10.6577364071804,-46.2059028178017));
#13274=CARTESIAN_POINT('Origin',(56.7616492814812,14.5214397123367,-47.2411789982119));
#13275=CARTESIAN_POINT('',(59.7616492814812,-29.9126067453518,-35.3351121334267));
#13276=CARTESIAN_POINT('',(59.7616492814812,-91.1219475156555,-18.9341187047816));
#13277=CARTESIAN_POINT('',(61.7616492814814,-33.7763100505081,-34.2998359530166));
#13278=CARTESIAN_POINT('Origin',(56.7616492814812,-33.7763100505081,-34.2998359530165));
#13279=CARTESIAN_POINT('',(59.7616492814812,-37.6400133556644,-33.2645597726064));
#13280=CARTESIAN_POINT('Origin',(56.7616492814812,-33.7763100505081,-34.2998359530165));
#13281=CARTESIAN_POINT('',(59.7616492814812,-58.8903815340238,-27.5705407803507));
#13282=CARTESIAN_POINT('',(59.7616492814812,-91.1219475156555,-18.9341187047816));
#13283=CARTESIAN_POINT('',(61.7616492814814,-62.7540848391801,-26.5352645999406));
#13284=CARTESIAN_POINT('Origin',(56.7616492814812,-62.7540848391801,-26.5352645999406));
#13285=CARTESIAN_POINT('',(59.7616492814812,-66.6177881443363,-25.4999884195304));
#13286=CARTESIAN_POINT('Origin',(56.7616492814812,-62.7540848391801,-26.5352645999406));
#13287=CARTESIAN_POINT('',(59.7616492814812,-82.4486045121634,-21.2581339582456));
#13288=CARTESIAN_POINT('',(59.7616492814812,-91.1219475156555,-18.9341187047816));
#13289=CARTESIAN_POINT('',(57.9049622113134,-90.0854295041631,-19.2118528689013));
#13290=CARTESIAN_POINT('Origin',(42.,-82.4486045121634,-21.2581339582456));
#13291=CARTESIAN_POINT('',(56.9995953940035,-94.8762423924964,-17.9281584243837));
#13292=CARTESIAN_POINT('Origin',(53.2044679781828,-91.731859627852,-18.7706932468646));
#13293=CARTESIAN_POINT('',(52.2354267207912,-96.469916234247,-17.5011348054881));
#13294=CARTESIAN_POINT('Origin',(53.2044679781828,-91.731859627852,-18.7706932468646));
#13295=CARTESIAN_POINT('',(42.,-99.6050402706348,-16.6610808517665));
#13296=CARTESIAN_POINT('Origin',(42.,-82.4486045121634,-21.2581339582456));
#13297=CARTESIAN_POINT('',(24.,-99.6050402706348,-16.6610808517665));
#13298=CARTESIAN_POINT('',(-21.,-99.6050402706347,-16.6610808517665));
#13299=CARTESIAN_POINT('',(20.,-101.536891923213,-16.1434427615614));
#13300=CARTESIAN_POINT('Origin',(20.,-96.7072627917675,-17.4375379870741));
#13301=CARTESIAN_POINT('',(16.,-99.6050402706348,-16.6610808517665));
#13302=CARTESIAN_POINT('Origin',(20.,-96.7072627917675,-17.4375379870741));
#13303=CARTESIAN_POINT('',(-16.,-99.6050402706347,-16.6610808517665));
#13304=CARTESIAN_POINT('',(-21.,-99.6050402706347,-16.6610808517665));
#13305=CARTESIAN_POINT('',(-20.,-101.536891923213,-16.1434427615614));
#13306=CARTESIAN_POINT('Origin',(-20.,-96.7072627917675,-17.4375379870741));
#13307=CARTESIAN_POINT('',(-24.,-99.6050402706347,-16.6610808517665));
#13308=CARTESIAN_POINT('Origin',(-20.,-96.7072627917675,-17.4375379870741));
#13309=CARTESIAN_POINT('',(-21.,-99.6050402706347,-16.6610808517665));
#13310=CARTESIAN_POINT('',(-56.9995953939967,-94.8762423924908,-17.9281584243852));
#13311=CARTESIAN_POINT('Origin',(-53.2044679781827,-91.731859627852,-18.7706932468646));
#13312=CARTESIAN_POINT('',(-58.0166752132505,-90.42066680841,-19.1220263039556));
#13313=CARTESIAN_POINT('Origin',(-53.2044679781827,-91.731859627852,-18.7706932468646));
#13314=CARTESIAN_POINT('Origin',(-58.9791166602641,-90.1584282445216,-19.1922929153738));
#13315=CARTESIAN_POINT('Origin',(-56.7616492814811,-62.75408483918,-26.5352645999406));
#13316=CARTESIAN_POINT('',(-61.7616492814811,-33.7763100505081,-34.2998359530166));
#13317=CARTESIAN_POINT('Origin',(-56.7616492814811,-33.7763100505081,-34.2998359530166));
#13318=CARTESIAN_POINT('Origin',(-56.7616492814811,-33.7763100505081,-34.2998359530166));
#13319=CARTESIAN_POINT('',(-61.7616492814811,14.5214397123367,-47.2411789982119));
#13320=CARTESIAN_POINT('Origin',(-56.7616492814812,14.5214397123367,-47.2411789982119));
#13321=CARTESIAN_POINT('Origin',(-56.7616492814812,14.5214397123367,-47.2411789982119));
#13322=CARTESIAN_POINT('',(-61.7616492814811,48.328843632454,-56.2998455768005));
#13323=CARTESIAN_POINT('Origin',(-56.7616492814811,48.328843632454,-56.2998455768005));
#13324=CARTESIAN_POINT('Origin',(-56.7616492814811,48.328843632454,-56.2998455768005));
#13325=CARTESIAN_POINT('',(-54.5694260409866,76.2037563585121,-63.7689059308362));
#13326=CARTESIAN_POINT('Origin',(-51.3891686996205,72.4769892896806,-62.7703217043638));
#13327=CARTESIAN_POINT('Origin',(-51.3891686996205,72.4769892896806,-62.7703217043638));
#13328=CARTESIAN_POINT('',(56.7616492814812,-30.0352954116189,-35.30223780438));
#13329=CARTESIAN_POINT('Origin',(55.7616492814812,-30.0352954116189,-35.3022378043799));
#13330=CARTESIAN_POINT('',(56.7616492814812,10.7804250734475,-46.2387771468485));
#13331=CARTESIAN_POINT('',(56.7616492814812,-44.0858141428391,-31.537412657111));
#13332=CARTESIAN_POINT('Origin',(55.7616492814812,10.7804250734475,-46.2387771468484));
#13333=CARTESIAN_POINT('',(56.7616492814812,18.2624543512258,-48.2435808495753));
#13334=CARTESIAN_POINT('Origin',(55.7616492814812,18.2624543512259,-48.2435808495752));
#13335=CARTESIAN_POINT('',(56.7616492814812,44.5878289935648,-55.2974437254371));
#13336=CARTESIAN_POINT('',(56.7616492814812,-27.1821121827804,-36.0667459464053));
#13337=CARTESIAN_POINT('Origin',(55.7616492814812,44.5878289935648,-55.297443725437));
#13338=CARTESIAN_POINT('',(56.7616492814812,52.0698582713431,-57.3022474281639));
#13339=CARTESIAN_POINT('Origin',(55.7616492814812,52.0698582713432,-57.3022474281638));
#13340=CARTESIAN_POINT('',(56.7616492814813,61.4743436049076,-59.822171678523));
#13341=CARTESIAN_POINT('',(56.7616492814812,-19.1604734571201,-38.2161375649203));
#13342=CARTESIAN_POINT('',(54.1090773412621,69.6292141081297,-62.0072626442417));
#13343=CARTESIAN_POINT('Origin',(42.,61.4743436049076,-59.8221716785228));
#13344=CARTESIAN_POINT('Origin',(53.2887708084106,69.0767778357511,-61.8592377911882));
#13345=CARTESIAN_POINT('',(47.9759730958606,74.512339958892,-63.3156922724931));
#13346=CARTESIAN_POINT('Origin',(47.5711421056435,73.6291055651349,-63.0790303299584));
#13347=CARTESIAN_POINT('',(42.,75.7330018845117,-63.6427676496944));
#13348=CARTESIAN_POINT('Origin',(42.,61.4743436049076,-59.8221716785228));
#13349=CARTESIAN_POINT('',(28.8729833462075,75.7330018845117,-63.6427676496944));
#13350=CARTESIAN_POINT('',(14.0000000000001,75.7330018845117,-63.6427676496944));
#13351=CARTESIAN_POINT('Origin',(28.8729833462075,74.7670760582226,-63.3839486045918));
#13352=CARTESIAN_POINT('',(21.1270166537926,75.7330018845117,-63.6427676496944));
#13353=CARTESIAN_POINT('Origin',(21.1270166537926,74.7670760582226,-63.3839486045917));
#13354=CARTESIAN_POINT('',(-21.1270166537924,75.7330018845117,-63.6427676496944));
#13355=CARTESIAN_POINT('',(-11.,75.7330018845117,-63.6427676496944));
#13356=CARTESIAN_POINT('Origin',(-21.1270166537924,74.7670760582226,-63.3839486045917));
#13357=CARTESIAN_POINT('',(-28.8729833462074,75.7330018845116,-63.6427676496944));
#13358=CARTESIAN_POINT('Origin',(-28.8729833462074,74.7670760582226,-63.3839486045917));
#13359=CARTESIAN_POINT('',(-42.,75.7330018845117,-63.6427676496944));
#13360=CARTESIAN_POINT('',(-20.9999999999996,75.7330018845116,-63.6427676496944));
#13361=CARTESIAN_POINT('',(-47.9759730958605,74.512339958892,-63.3156922724931));
#13362=CARTESIAN_POINT('Origin',(-42.,61.4743436049076,-59.8221716785228));
#13363=CARTESIAN_POINT('Origin',(-47.5711421056434,73.6291055651349,-63.0790303299584));
#13364=CARTESIAN_POINT('',(-54.1090773412619,69.6292141081297,-62.0072626442417));
#13365=CARTESIAN_POINT('Origin',(-53.2887708084104,69.0767778357511,-61.8592377911882));
#13366=CARTESIAN_POINT('',(-56.7616492814811,61.4743436049076,-59.822171678523));
#13367=CARTESIAN_POINT('Origin',(-42.,61.4743436049076,-59.8221716785228));
#13368=CARTESIAN_POINT('',(-56.7616492814811,52.0698582713431,-57.3022474281639));
#13369=CARTESIAN_POINT('',(-56.761649281481,-24.2843347039133,-36.8432030817129));
#13370=CARTESIAN_POINT('Origin',(-55.7616492814811,52.0698582713432,-57.3022474281638));
#13371=CARTESIAN_POINT('',(-56.7616492814811,44.5878289935648,-55.2974437254371));
#13372=CARTESIAN_POINT('Origin',(-55.7616492814811,44.5878289935648,-55.297443725437));
#13373=CARTESIAN_POINT('',(-56.7616492814811,18.2624543512259,-48.2435808495753));
#13374=CARTESIAN_POINT('',(-56.7616492814811,-41.1880366639719,-32.3138697924186));
#13375=CARTESIAN_POINT('Origin',(-55.7616492814811,18.2624543512259,-48.2435808495752));
#13376=CARTESIAN_POINT('',(-56.7616492814811,10.7804250734475,-46.2387771468485));
#13377=CARTESIAN_POINT('Origin',(-55.7616492814811,10.7804250734475,-46.2387771468484));
#13378=CARTESIAN_POINT('',(-56.7616492814811,-30.0352954116189,-35.30223780438));
#13379=CARTESIAN_POINT('',(-56.7616492814811,-65.3369115453942,-25.8431982698209));
#13380=CARTESIAN_POINT('Origin',(-55.7616492814811,-30.0352954116189,-35.3022378043799));
#13381=CARTESIAN_POINT('',(-56.7616492814811,-37.5173246893973,-33.2974341016531));
#13382=CARTESIAN_POINT('Origin',(-55.7616492814811,-37.5173246893972,-33.2974341016531));
#13383=CARTESIAN_POINT('',(-56.7616492814812,-59.0130702002908,-27.537666451304));
#13384=CARTESIAN_POINT('',(-56.7616492814812,-79.8257989397302,-21.9609125932829));
#13385=CARTESIAN_POINT('Origin',(-55.7616492814812,-59.0130702002908,-27.537666451304));
#13386=CARTESIAN_POINT('',(-56.7616492814812,-66.4950994780692,-25.5328627485772));
#13387=CARTESIAN_POINT('Origin',(-55.7616492814812,-66.4950994780692,-25.5328627485771));
#13388=CARTESIAN_POINT('',(-56.7616492814812,-82.4486045121634,-21.2581339582456));
#13389=CARTESIAN_POINT('',(-56.7616492814812,-91.1219475156555,-18.9341187047816));
#13390=CARTESIAN_POINT('',(-55.3781445782555,-88.4755123982772,-19.6432288573045));
#13391=CARTESIAN_POINT('Origin',(-41.9999999999999,-82.4486045121634,-21.2581339582456));
#13392=CARTESIAN_POINT('Origin',(-54.4718674866409,-88.0672309270683,-19.7526275477995));
#13393=CARTESIAN_POINT('',(-50.2034645065446,-94.3027404499399,-18.0818278067494));
#13394=CARTESIAN_POINT('Origin',(-49.6477363253558,-93.4997044400919,-18.2970006570813));
#13395=CARTESIAN_POINT('',(-42.,-96.7072627917675,-17.4375379870741));
#13396=CARTESIAN_POINT('Origin',(-41.9999999999999,-82.4486045121634,-21.2581339582456));
#13397=CARTESIAN_POINT('',(-23.8729833462074,-96.7072627917675,-17.4375379870741));
#13398=CARTESIAN_POINT('',(-11.5,-96.7072627917675,-17.4375379870741));
#13399=CARTESIAN_POINT('Origin',(-23.8729833462074,-95.7413369654784,-17.6963570321766));
#13400=CARTESIAN_POINT('',(-16.1270166537926,-96.7072627917675,-17.4375379870741));
#13401=CARTESIAN_POINT('Origin',(-16.1270166537926,-95.7413369654785,-17.6963570321766));
#13402=CARTESIAN_POINT('',(16.1270166537926,-96.7072627917675,-17.4375379870741));
#13403=CARTESIAN_POINT('',(8.50000000000001,-96.7072627917675,-17.4375379870741));
#13404=CARTESIAN_POINT('Origin',(16.1270166537926,-95.7413369654785,-17.6963570321766));
#13405=CARTESIAN_POINT('',(23.8729833462074,-96.7072627917675,-17.4375379870741));
#13406=CARTESIAN_POINT('Origin',(23.8729833462074,-95.7413369654785,-17.6963570321766));
#13407=CARTESIAN_POINT('',(42.0000000000001,-96.7072627917674,-17.4375379870741));
#13408=CARTESIAN_POINT('',(21.,-96.7072627917676,-17.4375379870741));
#13409=CARTESIAN_POINT('',(50.2034645065446,-94.3027404499398,-18.0818278067495));
#13410=CARTESIAN_POINT('Origin',(42.,-82.4486045121634,-21.2581339582455));
#13411=CARTESIAN_POINT('Origin',(49.6477363253558,-93.4997044400918,-18.2970006570814));
#13412=CARTESIAN_POINT('',(55.3781445782555,-88.4755123982773,-19.6432288573045));
#13413=CARTESIAN_POINT('Origin',(54.4718674866409,-88.0672309270683,-19.7526275477995));
#13414=CARTESIAN_POINT('',(56.7616492814812,-82.4486045121634,-21.2581339582456));
#13415=CARTESIAN_POINT('Origin',(42.,-82.4486045121634,-21.2581339582455));
#13416=CARTESIAN_POINT('',(56.7616492814812,-66.4950994780692,-25.5328627485772));
#13417=CARTESIAN_POINT('',(56.7616492814812,-82.7235764185974,-21.1844554579753));
#13418=CARTESIAN_POINT('Origin',(55.7616492814812,-66.4950994780692,-25.5328627485771));
#13419=CARTESIAN_POINT('',(56.7616492814812,-59.0130702002909,-27.537666451304));
#13420=CARTESIAN_POINT('Origin',(55.7616492814812,-59.0130702002908,-27.5376664513039));
#13421=CARTESIAN_POINT('',(56.7616492814812,-37.5173246893973,-33.2974341016531));
#13422=CARTESIAN_POINT('',(56.7616492814812,-68.2346890242615,-25.0667411345133));
#13423=CARTESIAN_POINT('Origin',(55.7616492814812,-37.5173246893973,-33.2974341016531));
#13424=CARTESIAN_POINT('Origin',(-51.3891686996205,72.4769892896806,-62.7703217043638));
#13425=CARTESIAN_POINT('Ctrl Pts',(-54.5694260409867,76.2037563585117,-63.7689059308379));
#13426=CARTESIAN_POINT('Ctrl Pts',(-54.6194100642165,76.1639595009674,-63.7582423949976));
#13427=CARTESIAN_POINT('Ctrl Pts',(-54.6642742881781,76.1310899114975,-63.7318910152805));
#13428=CARTESIAN_POINT('Ctrl Pts',(-54.7471042605685,76.0743835354191,-63.6598270505646));
#13429=CARTESIAN_POINT('Ctrl Pts',(-54.7850504038966,76.0505700833295,-63.6140735788921));
#13430=CARTESIAN_POINT('Ctrl Pts',(-54.8903655643992,75.9892283427452,-63.459153682755));
#13431=CARTESIAN_POINT('Ctrl Pts',(-54.9488815113352,75.9619593109508,-63.3330021301266));
#13432=CARTESIAN_POINT('Ctrl Pts',(-55.1074687645771,75.8976902600881,-62.9345362612948));
#13433=CARTESIAN_POINT('Ctrl Pts',(-55.1867742598204,75.8830631919148,-62.632434093651));
#13434=CARTESIAN_POINT('Ctrl Pts',(-55.3281551104645,75.8716938019091,-62.0078587036699));
#13435=CARTESIAN_POINT('Ctrl Pts',(-55.3876507111463,75.8772043017967,-61.6847653601927));
#13436=CARTESIAN_POINT('Ctrl Pts',(-55.5466852675143,75.9114658975139,-60.7071843254336));
#13437=CARTESIAN_POINT('Ctrl Pts',(-55.6264863714044,75.9578940561587,-60.0461540920838));
#13438=CARTESIAN_POINT('Ctrl Pts',(-55.8740522711517,76.1507724608482,-57.712474015939));
#13439=CARTESIAN_POINT('Ctrl Pts',(-55.9847225419204,76.3617924873106,-55.9460401937185));
#13440=CARTESIAN_POINT('Ctrl Pts',(-56.1617355690785,76.833379612818,-52.3545603156638));
#13441=CARTESIAN_POINT('Ctrl Pts',(-56.2229413312338,77.0981718047937,-50.5298189441953));
#13442=CARTESIAN_POINT('Ctrl Pts',(-56.3601738059128,77.9458982323908,-44.9941918388043));
#13443=CARTESIAN_POINT('Ctrl Pts',(-56.389910848479,78.5819278604296,-41.2233385289585));
#13444=CARTESIAN_POINT('Ctrl Pts',(-56.3884400128958,79.881689142035,-33.8774842172831));
#13445=CARTESIAN_POINT('Ctrl Pts',(-56.3587349193544,80.5432496961077,-30.3043468115107));
#13446=CARTESIAN_POINT('Ctrl Pts',(-56.3124252331729,81.2103637977411,-26.8052036758241));
#13447=CARTESIAN_POINT('Origin',(-56.7616492814811,48.328843632454,-56.2998455768005));
#13448=CARTESIAN_POINT('Origin',(-56.7616492814811,72.2696053044386,33.0482933549393));
#13449=CARTESIAN_POINT('Origin',(-53.2044679781827,-91.731859627852,-18.7706932468646));
#13450=CARTESIAN_POINT('Ctrl Pts',(-56.9995953940035,-94.876242392539,-17.9281584245426));
#13451=CARTESIAN_POINT('Ctrl Pts',(-56.9573579686273,-94.9238061272184,
-17.9154137602462));
#13452=CARTESIAN_POINT('Ctrl Pts',(-56.9178693879293,-94.9620515494962,
-17.8875726314387));
#13453=CARTESIAN_POINT('Ctrl Pts',(-56.8427522740554,-95.0264808777531,
-17.8133085319807));
#13454=CARTESIAN_POINT('Ctrl Pts',(-56.8071362743015,-95.0526338369902,
-17.7668460444816));
#13455=CARTESIAN_POINT('Ctrl Pts',(-56.705643521131,-95.1178512065388,-17.6106094458607));
#13456=CARTESIAN_POINT('Ctrl Pts',(-56.6454620654347,-95.1435175924029,
-17.4846660984738));
#13457=CARTESIAN_POINT('Ctrl Pts',(-56.47691567031,-95.1981953890196,-17.0878452484498));
#13458=CARTESIAN_POINT('Ctrl Pts',(-56.3829154153383,-95.1983770890405,
-16.7888351390334));
#13459=CARTESIAN_POINT('Ctrl Pts',(-56.2072686244701,-95.1760062455259,
-16.1717029778113));
#13460=CARTESIAN_POINT('Ctrl Pts',(-56.1276962945751,-95.1506838453765,
-15.8530959226276));
#13461=CARTESIAN_POINT('Ctrl Pts',(-55.9043606343602,-95.0529192407561,
-14.8900505458386));
#13462=CARTESIAN_POINT('Ctrl Pts',(-55.776388884593,-94.9588553393259,-14.2401181331134));
#13463=CARTESIAN_POINT('Ctrl Pts',(-55.3532679165801,-94.5923105504561,
-11.9469637635596));
#13464=CARTESIAN_POINT('Ctrl Pts',(-55.0973922380666,-94.2374837898039,
-10.2144632409191));
#13465=CARTESIAN_POINT('Ctrl Pts',(-54.6192520666494,-93.4675579470324,
-6.69355698357396));
#13466=CARTESIAN_POINT('Ctrl Pts',(-54.4012544522292,-93.0473619670335,
-4.90568951539369));
#13467=CARTESIAN_POINT('Ctrl Pts',(-53.783876540462,-91.7236117218655,0.516856395911929));
#13468=CARTESIAN_POINT('Ctrl Pts',(-53.4212355331893,-90.757365441429,4.20909988242173));
#13469=CARTESIAN_POINT('Ctrl Pts',(-52.7774733402213,-88.8228352983118,
11.3715739202261));
#13470=CARTESIAN_POINT('Ctrl Pts',(-52.4942060556181,-87.8570815941952,
14.8399253457669));
#13471=CARTESIAN_POINT('Ctrl Pts',(-52.2354267207911,-86.8936115654532,
18.2381207672073));
#13472=CARTESIAN_POINT('Origin',(-28.,89.8832668132627,-32.0836281733967));
#13473=CARTESIAN_POINT('',(-27.,87.9650988601384,-48.901586694797));
#13474=CARTESIAN_POINT('',(-27.,87.9650988601384,-48.901586694797));
#13475=CARTESIAN_POINT('',(-27.,88.0000000000006,-48.771333867589));
#13476=CARTESIAN_POINT('',(-27.9918139675552,88.0000000000006,-39.1911466062308));
#13477=CARTESIAN_POINT('',(-27.,92.2980813789854,-32.730675786153));
#13478=CARTESIAN_POINT('Origin',(29.5,82.350406988674,-59.867512521086));
#13479=CARTESIAN_POINT('',(29.5,79.5915879435715,-60.8334383473751));
#13480=CARTESIAN_POINT('',(29.5,85.1092260337766,-58.901586694797));
#13481=CARTESIAN_POINT('Origin',(28.,92.5082668132628,-22.2869948035284));
#13482=CARTESIAN_POINT('',(27.,87.9650988601384,-48.901586694797));
#13483=CARTESIAN_POINT('',(29.,83.135469728693,-47.6074914692843));
#13484=CARTESIAN_POINT('',(27.,88.0000000000006,-48.771333867589));
#13485=CARTESIAN_POINT('',(27.,94.9230813789855,-22.9340424162847));
#13486=CARTESIAN_POINT('',(28.4935474629607,88.0000000000006,-34.3447731949674));
#13487=CARTESIAN_POINT('Ctrl Pts',(29.,82.7887179580879,-48.901586694797));
#13488=CARTESIAN_POINT('Ctrl Pts',(29.,82.904301881623,-48.4702216196261));
#13489=CARTESIAN_POINT('Ctrl Pts',(29.,83.019885805158,-48.0388565444552));
#13490=CARTESIAN_POINT('Ctrl Pts',(29.,83.135469728693,-47.6074914692843));
#13491=CARTESIAN_POINT('Ctrl Pts',(28.3053120701184,84.3983667882198,-49.3328907989285));
#13492=CARTESIAN_POINT('Ctrl Pts',(28.3240640998623,84.5142552854629,-48.9016073340368));
#13493=CARTESIAN_POINT('Ctrl Pts',(28.3333333333334,84.6297621823065,-48.4702216196261));
#13494=CARTESIAN_POINT('Ctrl Pts',(28.3333333333334,84.7453461058415,-48.0388565444552));
#13495=CARTESIAN_POINT('Ctrl Pts',(27.6106241402368,86.0080156183517,-49.7641949030601));
#13496=CARTESIAN_POINT('Ctrl Pts',(27.6481281997247,86.1242086893029,-49.3329930484474));
#13497=CARTESIAN_POINT('Ctrl Pts',(27.6666666666667,86.2396385594549,-48.901586694797));
#13498=CARTESIAN_POINT('Ctrl Pts',(27.6666666666667,86.3552224829899,-48.4702216196261));
#13499=CARTESIAN_POINT('Ctrl Pts',(26.9159362103552,87.6176644484835,-50.1954990071916));
#13500=CARTESIAN_POINT('Ctrl Pts',(26.972192299587,87.7341620931429,-49.7643787628581));
#13501=CARTESIAN_POINT('Ctrl Pts',(27.,87.8495149366033,-49.3329517699679));
#13502=CARTESIAN_POINT('Ctrl Pts',(27.,87.9650988601384,-48.901586694797));
#13503=CARTESIAN_POINT('Ctrl Pts',(26.9159362103552,87.6176644484835,-50.1954990071916));
#13504=CARTESIAN_POINT('Ctrl Pts',(26.972192299587,87.7341620931429,-49.7643787628581));
#13505=CARTESIAN_POINT('Ctrl Pts',(27.,87.8495149366033,-49.3329517699679));
#13506=CARTESIAN_POINT('Ctrl Pts',(27.,87.9650988601384,-48.901586694797));
#13507=CARTESIAN_POINT('Ctrl Pts',(-29.,83.135469728693,-47.6074914692843));
#13508=CARTESIAN_POINT('Ctrl Pts',(-29.,83.019885805158,-48.0388565444552));
#13509=CARTESIAN_POINT('Ctrl Pts',(-29.,82.904301881623,-48.4702216196261));
#13510=CARTESIAN_POINT('Ctrl Pts',(-29.,82.7887179580879,-48.901586694797));
#13511=CARTESIAN_POINT('Ctrl Pts',(-28.3333333333333,84.7453461058415,-48.0388565444552));
#13512=CARTESIAN_POINT('Ctrl Pts',(-28.3333333333333,84.6297621823065,-48.4702216196261));
#13513=CARTESIAN_POINT('Ctrl Pts',(-28.3240640998623,84.5142552854629,-48.9016073340368));
#13514=CARTESIAN_POINT('Ctrl Pts',(-28.3053120701184,84.3983667882198,-49.3328907989285));
#13515=CARTESIAN_POINT('Ctrl Pts',(-27.6666666666666,86.3552224829899,-48.4702216196261));
#13516=CARTESIAN_POINT('Ctrl Pts',(-27.6666666666666,86.2396385594549,-48.901586694797));
#13517=CARTESIAN_POINT('Ctrl Pts',(-27.6481281997246,86.1242086893029,-49.3329930484474));
#13518=CARTESIAN_POINT('Ctrl Pts',(-27.6106241402368,86.0080156183517,-49.7641949030601));
#13519=CARTESIAN_POINT('Ctrl Pts',(-27.,87.9650988601384,-48.901586694797));
#13520=CARTESIAN_POINT('Ctrl Pts',(-27.,87.8495149366033,-49.3329517699679));
#13521=CARTESIAN_POINT('Ctrl Pts',(-26.9721922995869,87.7341620931429,-49.7643787628581));
#13522=CARTESIAN_POINT('Ctrl Pts',(-26.9159362103552,87.6176644484835,-50.1954990071916));
#13523=CARTESIAN_POINT('Ctrl Pts',(-27.,87.9650988601384,-48.901586694797));
#13524=CARTESIAN_POINT('Ctrl Pts',(-27.,87.8495149366033,-49.3329517699679));
#13525=CARTESIAN_POINT('Ctrl Pts',(-26.9721922995869,87.7341620931429,-49.7643787628581));
#13526=CARTESIAN_POINT('Ctrl Pts',(-26.9159362103552,87.6176644484835,-50.1954990071916));
#13527=CARTESIAN_POINT('Origin',(42.,92.4689698144047,-12.7743949369618));
#13528=CARTESIAN_POINT('Origin',(-4.31863693773879,78.0000000000006,-52.0000000000004));
#13529=CARTESIAN_POINT('',(-4.3186369377388,83.0000000000006,-52.0000000000004));
#13530=CARTESIAN_POINT('',(4.31863693773832,83.0000000000006,-52.0000000000004));
#13531=CARTESIAN_POINT('',(-2.1593184688696,83.0000000000006,-52.0000000000004));
#13532=CARTESIAN_POINT('',(4.31863693773832,88.0000000000006,-52.0000000000004));
#13533=CARTESIAN_POINT('',(4.31863693773832,78.0000000000006,-52.0000000000004));
#13534=CARTESIAN_POINT('',(-4.31863693773879,88.0000000000006,-52.0000000000004));
#13535=CARTESIAN_POINT('',(-2.28777665663056,88.0000000000006,-52.0000000000004));
#13536=CARTESIAN_POINT('',(-4.31863693773879,78.0000000000006,-52.0000000000004));
#13537=CARTESIAN_POINT('Origin',(-2.36825663614078E-13,78.0000000000006,
-45.0000000000004));
#13538=CARTESIAN_POINT('',(-4.21983708216349,83.0000000000006,-37.9400000000004));
#13539=CARTESIAN_POINT('Origin',(-2.36825663614078E-13,83.0000000000006,
-45.0000000000004));
#13540=CARTESIAN_POINT('',(-4.21983708216349,88.0000000000006,-37.9400000000004));
#13541=CARTESIAN_POINT('Origin',(-2.36825663614078E-13,88.0000000000006,
-45.0000000000004));
#13542=CARTESIAN_POINT('',(-4.21983708216349,78.0000000000006,-37.9400000000004));
#13543=CARTESIAN_POINT('Origin',(17.0000000000001,78.0000000000006,-48.901586694797));
#13544=CARTESIAN_POINT('',(17.,88.0000000000006,-58.901586694797));
#13545=CARTESIAN_POINT('',(17.,78.0000000000006,-58.901586694797));
#13546=CARTESIAN_POINT('',(27.,88.0000000000006,-48.901586694797));
#13547=CARTESIAN_POINT('Origin',(17.0000000000001,88.0000000000006,-48.901586694797));
#13548=CARTESIAN_POINT('',(27.,78.0000000000006,-48.901586694797));
#13549=CARTESIAN_POINT('Origin',(17.,78.0000000000006,-58.901586694797));
#13550=CARTESIAN_POINT('',(-17.,88.0000000000006,-58.901586694797));
#13551=CARTESIAN_POINT('',(-17.,78.0000000000006,-58.901586694797));
#13552=CARTESIAN_POINT('',(17.,88.0000000000006,-58.901586694797));
#13553=CARTESIAN_POINT('Origin',(-17.,78.0000000000006,-48.901586694797));
#13554=CARTESIAN_POINT('',(-27.,88.0000000000006,-48.901586694797));
#13555=CARTESIAN_POINT('',(-27.,78.0000000000006,-48.901586694797));
#13556=CARTESIAN_POINT('Origin',(-17.,88.0000000000006,-48.901586694797));
#13557=CARTESIAN_POINT('Origin',(27.,78.0000000000006,-27.901586694797));
#13558=CARTESIAN_POINT('',(27.,88.0000000000006,-27.901586694797));
#13559=CARTESIAN_POINT('Origin',(-27.,78.0000000000006,-48.901586694797));
#13560=CARTESIAN_POINT('',(-27.,88.0000000000006,-48.901586694797));
#13561=CARTESIAN_POINT('Origin',(4.44089209850063E-14,88.0000000000006,
-43.401586694797));
#13562=CARTESIAN_POINT('',(4.219837082163,88.0000000000006,-37.9400000000004));
#13563=CARTESIAN_POINT('Origin',(-2.36825663614078E-13,88.0000000000006,
-45.0000000000004));
#13564=CARTESIAN_POINT('',(2.10388260856443,88.0000000000006,-37.9400000000004));
#13565=CARTESIAN_POINT('Origin',(-2.48095443829624E-15,-17.0504911495221,
-9.17116594397345));
#13566=CARTESIAN_POINT('',(8.10000000000002,-17.0504911495221,-9.17116594397345));
#13567=CARTESIAN_POINT('Origin',(-2.48095443829624E-15,-17.0504911495221,
-9.17116594397345));
#13568=CARTESIAN_POINT('',(8.10000000000002,-16.532853059317,-7.23931429139532));
#13569=CARTESIAN_POINT('',(8.10000000000002,-17.0504911495221,-9.17116594397345));
#13570=CARTESIAN_POINT('Origin',(-2.48095443829624E-15,-16.532853059317,
-7.23931429139532));
#13571=CARTESIAN_POINT('Origin',(3.27934037844633E-14,-34.4371560227253,
-4.51242313212787));
#13572=CARTESIAN_POINT('',(3.75000000000004,-34.4371560227253,-4.51242313212787));
#13573=CARTESIAN_POINT('Origin',(3.27934037844633E-14,-34.4371560227253,
-4.51242313212786));
#13574=CARTESIAN_POINT('',(3.75000000000004,-33.9195179325202,-2.58057147954973));
#13575=CARTESIAN_POINT('',(3.75000000000004,-34.4371560227253,-4.51242313212787));
#13576=CARTESIAN_POINT('Origin',(3.27934037844633E-14,-33.9195179325202,
-2.58057147954973));
#13577=CARTESIAN_POINT('Origin',(0.,-1.13466921021965,-9.19116523980593));
#13578=CARTESIAN_POINT('',(-24.,0.915330789780311,-12.7418693953221));
#13579=CARTESIAN_POINT('',(-24.,-2.19582729514003,-13.1514611275911));
#13580=CARTESIAN_POINT('Origin',(-24.,-1.13466921021965,-9.19116523980593));
#13581=CARTESIAN_POINT('',(25.,0.915330789780311,-12.7418693953221));
#13582=CARTESIAN_POINT('',(0.,0.915330789780311,-12.7418693953221));
#13583=CARTESIAN_POINT('',(25.,-2.19582729514003,-13.1514611275911));
#13584=CARTESIAN_POINT('Origin',(25.,-1.13466921021965,-9.19116523980593));
#13585=CARTESIAN_POINT('',(0.,-2.19582729514003,-13.1514611275911));
#13586=CARTESIAN_POINT('Origin',(0.,-2.19582729514003,-13.1514611275911));
#13587=CARTESIAN_POINT('',(-24.,-43.4962649193729,-2.0850422191254));
#13588=CARTESIAN_POINT('',(-24.,-12.2388537532362,-10.4604402985797));
#13589=CARTESIAN_POINT('',(25.,-43.4962649193729,-2.0850422191254));
#13590=CARTESIAN_POINT('',(25.,-12.2388537532362,-10.4604402985797));
#13591=CARTESIAN_POINT('',(0.,-43.4962649193729,-2.0850422191254));
#13592=CARTESIAN_POINT('Origin',(0.,-42.4351068344525,1.87525366865981));
#13593=CARTESIAN_POINT('',(-24.,-45.9858109899687,-0.17474633134019));
#13594=CARTESIAN_POINT('Origin',(-24.,-42.4351068344525,1.87525366865981));
#13595=CARTESIAN_POINT('',(25.,-45.9858109899687,-0.17474633134019));
#13596=CARTESIAN_POINT('Origin',(25.,-42.4351068344525,1.87525366865981));
#13597=CARTESIAN_POINT('',(0.,-45.9858109899687,-0.17474633134019));
#13598=CARTESIAN_POINT('Origin',(0.,-45.9858109899687,-0.17474633134019));
#13599=CARTESIAN_POINT('',(-24.,-49.3893643805619,5.72038106744075));
#13600=CARTESIAN_POINT('',(-24.,-43.0672486765988,-5.22984454315269));
#13601=CARTESIAN_POINT('',(25.,-49.3893643805619,5.72038106744075));
#13602=CARTESIAN_POINT('',(25.,-43.0672486765988,-5.22984454315269));
#13603=CARTESIAN_POINT('',(21.,-49.3893643805619,5.72038106744075));
#13604=CARTESIAN_POINT('Origin',(0.,7.24533605898989,-6.77783807241388));
#13605=CARTESIAN_POINT('',(-24.,-0.0846692102196628,-11.0098185877533));
#13606=CARTESIAN_POINT('',(-24.,-1.11709794136039,-11.6058915935964));
#13607=CARTESIAN_POINT('',(25.,-0.0846692102196628,-11.0098185877533));
#13608=CARTESIAN_POINT('',(0.,-0.0846692102196628,-11.0098185877533));
#13609=CARTESIAN_POINT('',(25.,-1.11709794136039,-11.6058915935964));
#13610=CARTESIAN_POINT('Origin',(0.,-1.13466921021965,-9.19116523980593));
#13611=CARTESIAN_POINT('',(-24.,-1.67818920493497,-11.219609475013));
#13612=CARTESIAN_POINT('Origin',(-24.,-1.13466921021965,-9.19116523980593));
#13613=CARTESIAN_POINT('',(25.,-1.67818920493497,-11.219609475013));
#13614=CARTESIAN_POINT('',(0.,-1.67818920493497,-11.219609475013));
#13615=CARTESIAN_POINT('Origin',(25.,-1.13466921021965,-9.19116523980593));
#13616=CARTESIAN_POINT('Origin',(0.,-1.67818920493497,-11.219609475013));
#13617=CARTESIAN_POINT('',(-24.,-42.9786268291678,-0.153190566547268));
#13618=CARTESIAN_POINT('',(-24.,-11.7212156630312,-8.52858864600156));
#13619=CARTESIAN_POINT('',(25.,-42.9786268291678,-0.153190566547268));
#13620=CARTESIAN_POINT('',(0.,-42.9786268291678,-0.153190566547268));
#13621=CARTESIAN_POINT('',(25.,-11.7212156630312,-8.52858864600156));
#13622=CARTESIAN_POINT('Origin',(0.,-42.4351068344525,1.87525366865981));
#13623=CARTESIAN_POINT('',(-24.,-44.2537601823998,0.825253668659789));
#13624=CARTESIAN_POINT('Origin',(-24.,-42.4351068344525,1.87525366865981));
#13625=CARTESIAN_POINT('',(25.,-44.2537601823998,0.825253668659789));
#13626=CARTESIAN_POINT('',(0.,-44.2537601823998,0.825253668659789));
#13627=CARTESIAN_POINT('Origin',(25.,-42.4351068344525,1.87525366865981));
#13628=CARTESIAN_POINT('Origin',(0.,-44.2537601823998,0.825253668659789));
#13629=CARTESIAN_POINT('',(-24.,-41.3351978690299,-4.22984454315271));
#13630=CARTESIAN_POINT('',(25.,-41.3351978690299,-4.22984454315271));
#13631=CARTESIAN_POINT('Origin',(-24.,-19.8094166728544,1.45794007589262));
#13632=CARTESIAN_POINT('Origin',(25.,-19.8094166728544,1.45794007589262));
#13633=CARTESIAN_POINT('Origin',(-54.7616492814811,52.7552718471364,-57.4859034422791));
#13634=CARTESIAN_POINT('',(-54.7616492814811,52.9338309827167,-59.1901901071151));
#13635=CARTESIAN_POINT('',(-54.7616492814811,53.3479414548808,-57.6447087850527));
#13636=CARTESIAN_POINT('',(-54.7616492814811,61.0602331327435,-61.3676530005855));
#13637=CARTESIAN_POINT('',(-54.7616492814811,52.3411613749723,-59.0313847643415));
#13638=CARTESIAN_POINT('',(-54.7616492814811,61.4743436049076,-59.822171678523));
#13639=CARTESIAN_POINT('Origin',(42.,61.4743436049076,-59.822171678523));
#13640=CARTESIAN_POINT('',(53.2930255357319,66.8013818411093,-62.9059891606192));
#13641=CARTESIAN_POINT('',(53.2930255357319,67.2154923132734,-61.3605078385567));
#13642=CARTESIAN_POINT('',(54.7616492814813,61.0602331327435,-61.3676530005855));
#13643=CARTESIAN_POINT('Origin',(42.,61.0602331327435,-61.3676530005855));
#13644=CARTESIAN_POINT('',(54.7616492814813,61.4743436049076,-59.822171678523));
#13645=CARTESIAN_POINT('Origin',(-25.,75.7330018845117,-63.6427676496944));
#13646=CARTESIAN_POINT('',(-20.0025307227164,78.0000000000006,-55.7967851252357));
#13647=CARTESIAN_POINT('',(-20.6698729810778,73.4264459205141,-62.5916934349437));
#13648=CARTESIAN_POINT('Ctrl Pts',(-20.0025307227164,78.0000000000006,-55.7967851252357));
#13649=CARTESIAN_POINT('Ctrl Pts',(-19.9717867547995,76.7645884165406,-56.6753621192965));
#13650=CARTESIAN_POINT('Ctrl Pts',(-20.404910151377,74.880053753787,-58.7397709791099));
#13651=CARTESIAN_POINT('Ctrl Pts',(-20.6698729810778,73.7459997877003,-61.3991021668498));
#13652=CARTESIAN_POINT('Ctrl Pts',(-20.6698729810778,73.4264459205141,-62.5916934349437));
#13653=CARTESIAN_POINT('Origin',(-25.,78.0000000000006,-55.1822155020273));
#13654=CARTESIAN_POINT('',(-29.3301270189221,72.9040768466249,-64.5412013590006));
#13655=CARTESIAN_POINT('',(-29.3301270189221,73.318187318789,-62.9957200369381));
#13656=CARTESIAN_POINT('',(-20.6698729810778,72.9040768466249,-64.5412013590006));
#13657=CARTESIAN_POINT('Origin',(-25.,75.3188914123476,-65.1882489717569));
#13658=CARTESIAN_POINT('',(-20.6698729810778,73.318187318789,-62.9957200369381));
#13659=CARTESIAN_POINT('Origin',(56.7616492814812,-65.6518623180473,-25.758807464633));
#13660=CARTESIAN_POINT('',(56.7616492814812,-66.9092099502333,-27.0783440706396));
#13661=CARTESIAN_POINT('',(56.7616492814812,-66.4950994780692,-25.5328627485771));
#13662=CARTESIAN_POINT('',(56.7616492814812,-82.8627149843275,-22.8036152803081));
#13663=CARTESIAN_POINT('',(56.7616492814812,-82.4486045121634,-21.2581339582456));
#13664=CARTESIAN_POINT('',(56.7616492814812,-66.0659727902113,-27.3042887866955));
#13665=CARTESIAN_POINT('Origin',(42.,-82.4486045121634,-21.2581339582455));
#13666=CARTESIAN_POINT('',(55.3781445782555,-88.8896228704413,-21.188710179367));
#13667=CARTESIAN_POINT('',(55.3781445782555,-88.4755123982773,-19.6432288573045));
#13668=CARTESIAN_POINT('Origin',(42.,-82.8627149843275,-22.803615280308));
#13669=CARTESIAN_POINT('Origin',(42.,-82.4486045121634,-21.2581339582455));
#13670=CARTESIAN_POINT('',(50.2034645065446,-94.7168509221039,-19.6273091288119));
#13671=CARTESIAN_POINT('',(50.2034645065446,-94.3027404499398,-18.0818278067495));
#13672=CARTESIAN_POINT('',(42.0000000000001,-97.1213732639315,-18.9830193091366));
#13673=CARTESIAN_POINT('',(42.0000000000001,-96.7072627917674,-17.4375379870741));
#13674=CARTESIAN_POINT('Origin',(42.,-82.8627149843275,-22.803615280308));
#13675=CARTESIAN_POINT('Origin',(42.0000000000001,-96.7072627917674,-17.4375379870741));
#13676=CARTESIAN_POINT('',(23.8729833462074,-97.1213732639316,-18.9830193091366));
#13677=CARTESIAN_POINT('',(23.8729833462074,-96.7072627917675,-17.4375379870741));
#13678=CARTESIAN_POINT('',(42.0000000000001,-97.1213732639315,-18.9830193091366));
#13679=CARTESIAN_POINT('Origin',(17.,-96.7072627917675,-17.4375379870741));
#13680=CARTESIAN_POINT('',(16.1270166537926,-97.1213732639316,-18.9830193091366));
#13681=CARTESIAN_POINT('',(16.1270166537926,-96.7072627917675,-17.4375379870741));
#13682=CARTESIAN_POINT('',(-16.1270166537926,-97.1213732639316,-18.9830193091366));
#13683=CARTESIAN_POINT('',(-16.1270166537926,-96.7072627917675,-17.4375379870741));
#13684=CARTESIAN_POINT('',(17.,-97.1213732639316,-18.9830193091366));
#13685=CARTESIAN_POINT('Origin',(-23.,-96.7072627917675,-17.4375379870741));
#13686=CARTESIAN_POINT('',(-23.8729833462074,-97.1213732639316,-18.9830193091366));
#13687=CARTESIAN_POINT('',(-23.8729833462074,-96.7072627917675,-17.4375379870741));
#13688=CARTESIAN_POINT('',(-42.,-97.1213732639316,-18.9830193091366));
#13689=CARTESIAN_POINT('',(-42.,-96.7072627917675,-17.4375379870741));
#13690=CARTESIAN_POINT('',(-23.,-97.1213732639316,-18.9830193091366));
#13691=CARTESIAN_POINT('Origin',(-41.9999999999999,-82.4486045121634,-21.2581339582456));
#13692=CARTESIAN_POINT('',(-50.2034645065446,-94.716850922104,-19.6273091288119));
#13693=CARTESIAN_POINT('',(-50.2034645065446,-94.3027404499399,-18.0818278067494));
#13694=CARTESIAN_POINT('Origin',(-41.9999999999999,-82.8627149843274,-22.8036152803081));
#13695=CARTESIAN_POINT('Origin',(-41.9999999999999,-82.4486045121634,-21.2581339582456));
#13696=CARTESIAN_POINT('',(-55.3781445782555,-88.8896228704413,-21.188710179367));
#13697=CARTESIAN_POINT('',(-55.3781445782555,-88.4755123982772,-19.6432288573045));
#13698=CARTESIAN_POINT('',(-56.7616492814812,-82.8627149843275,-22.8036152803081));
#13699=CARTESIAN_POINT('',(-56.7616492814812,-82.4486045121634,-21.2581339582456));
#13700=CARTESIAN_POINT('Origin',(-41.9999999999999,-82.8627149843274,-22.8036152803081));
#13701=CARTESIAN_POINT('Origin',(-56.7616492814811,-62.75408483918,-26.5352645999406));
#13702=CARTESIAN_POINT('',(-56.0116492814811,-65.973956290511,-27.3289445334805));
#13703=CARTESIAN_POINT('',(-56.0116492814811,-65.5598458183469,-25.783463211418));
#13704=CARTESIAN_POINT('',(-56.0116492814812,-60.3624343321772,-28.8325473105256));
#13705=CARTESIAN_POINT('',(-56.0116492814811,-59.9483238600131,-27.2870659884631));
#13706=CARTESIAN_POINT('Origin',(-56.7616492814811,-63.1681953113441,-28.0807459220031));
#13707=CARTESIAN_POINT('Origin',(-56.7616492814811,-33.7763100505081,-34.2998359530165));
#13708=CARTESIAN_POINT('',(-56.0116492814811,-36.996181501839,-35.0935158865565));
#13709=CARTESIAN_POINT('',(-56.0116492814811,-36.582071029675,-33.548034564494));
#13710=CARTESIAN_POINT('',(-56.0116492814811,-31.3846595435052,-36.5971186636016));
#13711=CARTESIAN_POINT('',(-56.0116492814811,-30.9705490713412,-35.0516373415391));
#13712=CARTESIAN_POINT('Origin',(-56.7616492814811,-34.1904205226721,-35.845317275079));
#13713=CARTESIAN_POINT('Origin',(-56.7616492814812,14.5214397123367,-47.2411789982119));
#13714=CARTESIAN_POINT('',(-56.0116492814811,11.3015682610057,-48.0348589317518));
#13715=CARTESIAN_POINT('',(-56.0116492814811,11.7156787331698,-46.4893776096893));
#13716=CARTESIAN_POINT('',(-56.0116492814811,16.9130902193395,-49.5384617087969));
#13717=CARTESIAN_POINT('',(-56.0116492814811,17.3272006915036,-47.9929803867344));
#13718=CARTESIAN_POINT('Origin',(-56.7616492814812,14.1073292401726,-48.7866603202744));
#13719=CARTESIAN_POINT('Origin',(-56.7616492814811,51.2266211113212,-57.0763027121081));
#13720=CARTESIAN_POINT('',(-56.7616492814811,51.6557477991791,-58.8477287502264));
#13721=CARTESIAN_POINT('',(-56.7616492814811,52.0698582713432,-57.3022474281639));
#13722=CARTESIAN_POINT('',(-56.7616492814811,61.0602331327435,-61.3676530005855));
#13723=CARTESIAN_POINT('',(-56.7616492814811,61.4743436049076,-59.822171678523));
#13724=CARTESIAN_POINT('',(-56.7616492814811,50.8125106391571,-58.6217840341706));
#13725=CARTESIAN_POINT('Origin',(-42.,61.4743436049076,-59.822171678523));
#13726=CARTESIAN_POINT('',(-54.1090773412619,69.2151036359656,-63.5527439663043));
#13727=CARTESIAN_POINT('',(-54.1090773412619,69.6292141081297,-62.0072626442418));
#13728=CARTESIAN_POINT('Origin',(-42.,61.0602331327435,-61.3676530005855));
#13729=CARTESIAN_POINT('Origin',(-42.,61.4743436049076,-59.822171678523));
#13730=CARTESIAN_POINT('',(-47.9759730958605,74.0982294867279,-64.8611735945557));
#13731=CARTESIAN_POINT('',(-47.9759730958605,74.512339958892,-63.3156922724932));
#13732=CARTESIAN_POINT('',(-42.,75.3188914123476,-65.1882489717569));
#13733=CARTESIAN_POINT('',(-42.,75.7330018845117,-63.6427676496944));
#13734=CARTESIAN_POINT('Origin',(-42.,61.0602331327435,-61.3676530005855));
#13735=CARTESIAN_POINT('Origin',(28.,75.7330018845117,-63.6427676496944));
#13736=CARTESIAN_POINT('',(28.8729833462075,75.3188914123476,-65.1882489717569));
#13737=CARTESIAN_POINT('',(28.8729833462075,75.7330018845117,-63.6427676496944));
#13738=CARTESIAN_POINT('',(42.,75.3188914123476,-65.1882489717569));
#13739=CARTESIAN_POINT('',(42.,75.7330018845117,-63.6427676496944));
#13740=CARTESIAN_POINT('',(28.,75.3188914123476,-65.1882489717569));
#13741=CARTESIAN_POINT('Origin',(42.,61.4743436049076,-59.822171678523));
#13742=CARTESIAN_POINT('',(47.9759730958606,74.0982294867279,-64.8611735945557));
#13743=CARTESIAN_POINT('',(47.9759730958606,74.512339958892,-63.3156922724932));
#13744=CARTESIAN_POINT('Origin',(42.,61.0602331327435,-61.3676530005855));
#13745=CARTESIAN_POINT('Origin',(42.,61.4743436049076,-59.822171678523));
#13746=CARTESIAN_POINT('',(54.1090773412621,69.2151036359656,-63.5527439663043));
#13747=CARTESIAN_POINT('',(54.1090773412621,69.6292141081297,-62.0072626442418));
#13748=CARTESIAN_POINT('',(56.7616492814813,61.0602331327435,-61.3676530005855));
#13749=CARTESIAN_POINT('',(56.7616492814813,61.4743436049076,-59.822171678523));
#13750=CARTESIAN_POINT('Origin',(42.,61.0602331327435,-61.3676530005855));
#13751=CARTESIAN_POINT('Origin',(56.7616492814812,61.4743436049076,-59.822171678523));
#13752=CARTESIAN_POINT('',(56.7616492814812,51.6557477991791,-58.8477287502264));
#13753=CARTESIAN_POINT('',(56.7616492814812,52.0698582713431,-57.3022474281639));
#13754=CARTESIAN_POINT('',(56.7616492814812,61.0602331327435,-61.3676530005855));
#13755=CARTESIAN_POINT('Origin',(56.7616492814812,45.4310661535868,-55.5233884414929));
#13756=CARTESIAN_POINT('',(56.7616492814812,44.1737185214007,-56.8429250474996));
#13757=CARTESIAN_POINT('',(56.7616492814812,44.5878289935648,-55.2974437254371));
#13758=CARTESIAN_POINT('',(56.7616492814812,17.8483438790618,-49.7890621716378));
#13759=CARTESIAN_POINT('',(56.7616492814812,18.2624543512258,-48.2435808495753));
#13760=CARTESIAN_POINT('',(56.7616492814812,45.0169556814227,-57.0688697635554));
#13761=CARTESIAN_POINT('Origin',(56.7616492814812,11.6236622334695,-46.4647218629043));
#13762=CARTESIAN_POINT('',(56.7616492814812,10.3663146012834,-47.784258468911));
#13763=CARTESIAN_POINT('',(56.7616492814812,10.7804250734475,-46.2387771468485));
#13764=CARTESIAN_POINT('',(56.7616492814812,-30.449405883783,-36.8477191264424));
#13765=CARTESIAN_POINT('',(56.7616492814812,-30.0352954116189,-35.3022378043799));
#13766=CARTESIAN_POINT('',(56.7616492814812,11.2095517613054,-48.0102031849668));
#13767=CARTESIAN_POINT('Origin',(56.7616492814812,-36.6740875293753,-33.5233788177089));
#13768=CARTESIAN_POINT('',(56.7616492814812,-37.9314351615613,-34.8429154237156));
#13769=CARTESIAN_POINT('',(56.7616492814812,-37.5173246893973,-33.2974341016531));
#13770=CARTESIAN_POINT('',(56.7616492814812,-59.4271806724549,-29.0831477733665));
#13771=CARTESIAN_POINT('',(56.7616492814812,-59.0130702002909,-27.537666451304));
#13772=CARTESIAN_POINT('',(56.7616492814812,-37.0881980015394,-35.0688601397714));
#13773=CARTESIAN_POINT('Origin',(47.5711421056435,73.6291055651348,-63.0790303299586));
#13774=CARTESIAN_POINT('',(48.5256487541378,72.9269660241072,-64.5473344956224));
#13775=CARTESIAN_POINT('Origin',(47.5711421056435,73.2149950929708,-64.624511652021));
#13776=CARTESIAN_POINT('',(48.5256487541378,73.3410764962713,-63.0018531735599));
#13777=CARTESIAN_POINT('Origin',(51.3891686996206,72.4769892896806,-62.7703217043638));
#13778=CARTESIAN_POINT('',(52.8138702812131,69.5127202270694,-63.6324900915447));
#13779=CARTESIAN_POINT('',(52.8138702812131,69.9268306992335,-62.0870087694822));
#13780=CARTESIAN_POINT('Origin',(51.3891686996206,72.0628788175165,-64.3158030264263));
#13781=CARTESIAN_POINT('Origin',(53.2887708084106,69.0767778357511,-61.8592377911883));
#13782=CARTESIAN_POINT('Origin',(53.2887708084106,68.662667363587,-63.4047191132508));
#13783=CARTESIAN_POINT('Origin',(25.,75.7330018845117,-63.6427676496944));
#13784=CARTESIAN_POINT('',(22.0952624903445,74.5944470426308,-64.99413468793));
#13785=CARTESIAN_POINT('',(22.0952624903445,75.0085575147949,-63.4486533658675));
#13786=CARTESIAN_POINT('',(27.9047375096556,74.5944470426308,-64.99413468793));
#13787=CARTESIAN_POINT('',(27.9047375096556,75.0085575147949,-63.4486533658675));
#13788=CARTESIAN_POINT('Origin',(25.,75.3188914123476,-65.1882489717569));
#13789=CARTESIAN_POINT('Origin',(28.8729833462075,74.7670760582226,-63.3839486045919));
#13790=CARTESIAN_POINT('Origin',(28.8729833462075,74.3529655860586,-64.9294299266543));
#13791=CARTESIAN_POINT('Origin',(-24.9999999999999,75.7330018845117,-63.6427676496944));
#13792=CARTESIAN_POINT('',(-27.9047375096555,74.5944470426308,-64.99413468793));
#13793=CARTESIAN_POINT('',(-27.9047375096555,75.0085575147948,-63.4486533658675));
#13794=CARTESIAN_POINT('',(-22.0952624903443,74.5944470426308,-64.99413468793));
#13795=CARTESIAN_POINT('',(-22.0952624903443,75.0085575147949,-63.4486533658675));
#13796=CARTESIAN_POINT('Origin',(-24.9999999999999,75.3188914123476,-65.1882489717569));
#13797=CARTESIAN_POINT('Origin',(-21.1270166537924,74.7670760582226,-63.3839486045919));
#13798=CARTESIAN_POINT('',(-21.1270166537924,75.3188914123476,-65.1882489717569));
#13799=CARTESIAN_POINT('Origin',(-21.1270166537924,74.3529655860585,-64.9294299266543));
#13800=CARTESIAN_POINT('',(-21.1270166537924,75.7330018845116,-63.6427676496944));
#13801=CARTESIAN_POINT('Origin',(-47.5711421056434,73.6291055651348,-63.0790303299586));
#13802=CARTESIAN_POINT('',(-48.5256487541377,72.9269660241072,-64.5473344956224));
#13803=CARTESIAN_POINT('Origin',(-47.5711421056434,73.2149950929708,-64.624511652021));
#13804=CARTESIAN_POINT('',(-48.5256487541377,73.3410764962713,-63.0018531735599));
#13805=CARTESIAN_POINT('Origin',(-51.3891686996205,72.4769892896806,-62.7703217043638));
#13806=CARTESIAN_POINT('',(-52.813870281213,69.5127202270694,-63.6324900915447));
#13807=CARTESIAN_POINT('',(-52.8138702812129,69.9268306992334,-62.0870087694822));
#13808=CARTESIAN_POINT('Origin',(-51.3891686996205,72.0628788175165,-64.3158030264263));
#13809=CARTESIAN_POINT('Origin',(-53.2887708084104,69.0767778357511,-61.8592377911883));
#13810=CARTESIAN_POINT('Origin',(-53.2887708084104,68.662667363587,-63.4047191132507));
#13811=CARTESIAN_POINT('Origin',(-56.7616492814811,48.328843632454,-56.2998455768005));
#13812=CARTESIAN_POINT('',(-56.0116492814811,45.108972181123,-57.0935255103404));
#13813=CARTESIAN_POINT('',(-56.0116492814811,45.5230826532871,-55.548044188278));
#13814=CARTESIAN_POINT('',(-56.0116492814811,50.7204941394568,-58.5971282873856));
#13815=CARTESIAN_POINT('',(-56.0116492814811,51.1346046116209,-57.0516469653231));
#13816=CARTESIAN_POINT('Origin',(-56.7616492814811,47.9147331602899,-57.845326898863));
#13817=CARTESIAN_POINT('Origin',(-55.7616492814811,52.0698582713432,-57.3022474281639));
#13818=CARTESIAN_POINT('Origin',(-55.7616492814811,51.6557477991791,-58.8477287502264));
#13819=CARTESIAN_POINT('Origin',(-42.,75.7330018845116,-63.6427676496944));
#13820=CARTESIAN_POINT('',(-28.8729833462074,75.3188914123475,-65.1882489717569));
#13821=CARTESIAN_POINT('',(-28.8729833462074,75.7330018845116,-63.6427676496944));
#13822=CARTESIAN_POINT('',(-42.,75.3188914123476,-65.1882489717569));
#13823=CARTESIAN_POINT('Origin',(-28.8729833462074,74.7670760582225,-63.3839486045919));
#13824=CARTESIAN_POINT('Origin',(-28.8729833462074,74.3529655860585,-64.9294299266543));
#13825=CARTESIAN_POINT('Origin',(-22.,75.7330018845116,-63.6427676496944));
#13826=CARTESIAN_POINT('',(21.1270166537926,75.3188914123476,-65.1882489717569));
#13827=CARTESIAN_POINT('',(21.1270166537926,75.7330018845117,-63.6427676496944));
#13828=CARTESIAN_POINT('',(22.,75.3188914123476,-65.1882489717569));
#13829=CARTESIAN_POINT('Origin',(21.1270166537926,74.7670760582226,-63.3839486045919));
#13830=CARTESIAN_POINT('Origin',(21.1270166537926,74.3529655860586,-64.9294299266543));
#13831=CARTESIAN_POINT('Origin',(-55.7616492814811,44.5878289935648,-55.2974437254371));
#13832=CARTESIAN_POINT('',(-56.7616492814811,44.1737185214008,-56.8429250474996));
#13833=CARTESIAN_POINT('Origin',(-55.7616492814811,44.1737185214008,-56.8429250474996));
#13834=CARTESIAN_POINT('',(-56.7616492814811,44.5878289935648,-55.2974437254371));
#13835=CARTESIAN_POINT('Origin',(-56.7616492814811,17.4192171912039,-48.0176361335195));
#13836=CARTESIAN_POINT('',(-56.7616492814811,17.8483438790618,-49.7890621716378));
#13837=CARTESIAN_POINT('',(-56.7616492814811,18.2624543512259,-48.2435808495753));
#13838=CARTESIAN_POINT('',(-56.7616492814811,17.0051067190398,-49.563117455582));
#13839=CARTESIAN_POINT('Origin',(-55.7616492814811,18.2624543512259,-48.2435808495753));
#13840=CARTESIAN_POINT('Origin',(-55.7616492814811,17.8483438790618,-49.7890621716378));
#13841=CARTESIAN_POINT('Origin',(-55.7616492814811,10.7804250734475,-46.2387771468485));
#13842=CARTESIAN_POINT('',(-56.7616492814811,10.3663146012835,-47.784258468911));
#13843=CARTESIAN_POINT('Origin',(-55.7616492814811,10.3663146012835,-47.7842584689109));
#13844=CARTESIAN_POINT('',(-56.7616492814811,10.7804250734475,-46.2387771468485));
#13845=CARTESIAN_POINT('Origin',(-56.7616492814811,-30.8785325716409,-35.0762930883241));
#13846=CARTESIAN_POINT('',(-56.7616492814811,-30.4494058837829,-36.8477191264425));
#13847=CARTESIAN_POINT('',(-56.7616492814811,-30.0352954116189,-35.30223780438));
#13848=CARTESIAN_POINT('',(-56.7616492814811,-31.2926430438049,-36.6217744103866));
#13849=CARTESIAN_POINT('Origin',(-55.7616492814811,-30.0352954116189,-35.30223780438));
#13850=CARTESIAN_POINT('Origin',(-55.7616492814811,-30.4494058837829,-36.8477191264425));
#13851=CARTESIAN_POINT('Origin',(-55.7616492814811,-37.5173246893972,-33.2974341016531));
#13852=CARTESIAN_POINT('',(-56.7616492814811,-37.9314351615613,-34.8429154237156));
#13853=CARTESIAN_POINT('Origin',(-55.7616492814811,-37.9314351615613,-34.8429154237157));
#13854=CARTESIAN_POINT('',(-56.7616492814811,-37.5173246893972,-33.2974341016531));
#13855=CARTESIAN_POINT('Origin',(-56.7616492814812,-59.8563073603128,-27.3117217352482));
#13856=CARTESIAN_POINT('',(-56.7616492814812,-59.4271806724549,-29.0831477733665));
#13857=CARTESIAN_POINT('',(-56.7616492814812,-59.0130702002908,-27.537666451304));
#13858=CARTESIAN_POINT('',(-56.7616492814812,-60.2704178324769,-28.8572030573107));
#13859=CARTESIAN_POINT('Origin',(-55.7616492814812,-59.0130702002908,-27.537666451304));
#13860=CARTESIAN_POINT('Origin',(-55.7616492814812,-59.4271806724549,-29.0831477733665));
#13861=CARTESIAN_POINT('Origin',(-56.7616492814812,-82.4486045121634,-21.2581339582456));
#13862=CARTESIAN_POINT('',(-56.7616492814812,-66.9092099502332,-27.0783440706397));
#13863=CARTESIAN_POINT('',(-56.7616492814812,-66.4950994780692,-25.5328627485772));
#13864=CARTESIAN_POINT('',(-56.7616492814812,-82.8627149843275,-22.8036152803081));
#13865=CARTESIAN_POINT('Origin',(-55.7616492814812,-66.4950994780692,-25.5328627485772));
#13866=CARTESIAN_POINT('Origin',(-55.7616492814812,-66.9092099502333,-27.0783440706397));
#13867=CARTESIAN_POINT('Origin',(-54.4718674866409,-88.0672309270683,-19.7526275477995));
#13868=CARTESIAN_POINT('',(-54.1550176095263,-89.3974985744283,-21.0526252946283));
#13869=CARTESIAN_POINT('Origin',(-54.4718674866409,-88.4813413992323,-21.2981088698621));
#13870=CARTESIAN_POINT('',(-54.1550176095263,-88.9833881022642,-19.5071439725658));
#13871=CARTESIAN_POINT('Origin',(-53.2044679781827,-91.731859627852,-18.7706932468646));
#13872=CARTESIAN_POINT('',(-50.5369192385625,-93.471853709196,-19.9609051265896));
#13873=CARTESIAN_POINT('',(-50.5369192385625,-93.0577432370319,-18.4154238045272));
#13874=CARTESIAN_POINT('Origin',(-53.2044679781827,-92.1459701000161,-20.3161745689271));
#13875=CARTESIAN_POINT('Origin',(-49.6477363253558,-93.4997044400919,-18.2970006570813));
#13876=CARTESIAN_POINT('Origin',(-49.6477363253558,-93.913814912256,-19.8424819791439));
#13877=CARTESIAN_POINT('Origin',(-23.8729833462074,-95.7413369654784,-17.6963570321766));
#13878=CARTESIAN_POINT('',(-22.9047375096555,-96.3969288942148,-19.1771335929635));
#13879=CARTESIAN_POINT('Origin',(-23.8729833462074,-96.1554474376425,-19.2418383542392));
#13880=CARTESIAN_POINT('',(-22.9047375096555,-95.9828184220507,-17.631652270901));
#13881=CARTESIAN_POINT('Origin',(-20.,-96.7072627917675,-17.4375379870741));
#13882=CARTESIAN_POINT('',(-17.0952624903444,-96.3969288942148,-19.1771335929635));
#13883=CARTESIAN_POINT('',(-17.0952624903444,-95.9828184220507,-17.631652270901));
#13884=CARTESIAN_POINT('Origin',(-20.,-97.1213732639316,-18.9830193091366));
#13885=CARTESIAN_POINT('Origin',(-16.1270166537926,-95.7413369654785,-17.6963570321766));
#13886=CARTESIAN_POINT('Origin',(-16.1270166537926,-96.1554474376425,-19.2418383542392));
#13887=CARTESIAN_POINT('Origin',(16.1270166537926,-95.7413369654785,-17.6963570321766));
#13888=CARTESIAN_POINT('',(17.0952624903445,-96.3969288942148,-19.1771335929635));
#13889=CARTESIAN_POINT('Origin',(16.1270166537926,-96.1554474376426,-19.2418383542392));
#13890=CARTESIAN_POINT('',(17.0952624903445,-95.9828184220508,-17.631652270901));
#13891=CARTESIAN_POINT('Origin',(20.,-96.7072627917675,-17.4375379870741));
#13892=CARTESIAN_POINT('',(22.9047375096556,-96.3969288942148,-19.1771335929635));
#13893=CARTESIAN_POINT('',(22.9047375096556,-95.9828184220508,-17.631652270901));
#13894=CARTESIAN_POINT('Origin',(20.,-97.1213732639316,-18.9830193091366));
#13895=CARTESIAN_POINT('Origin',(23.8729833462074,-95.7413369654785,-17.6963570321766));
#13896=CARTESIAN_POINT('Origin',(23.8729833462074,-96.1554474376426,-19.2418383542392));
#13897=CARTESIAN_POINT('Origin',(49.6477363253558,-93.4997044400918,-18.2970006570814));
#13898=CARTESIAN_POINT('',(50.5369192385625,-93.4718537091959,-19.9609051265897));
#13899=CARTESIAN_POINT('Origin',(49.6477363253558,-93.9138149122559,-19.8424819791439));
#13900=CARTESIAN_POINT('',(50.5369192385626,-93.0577432370318,-18.4154238045272));
#13901=CARTESIAN_POINT('Origin',(53.2044679781827,-91.731859627852,-18.7706932468646));
#13902=CARTESIAN_POINT('',(54.1550176095263,-89.3974985744283,-21.0526252946283));
#13903=CARTESIAN_POINT('',(54.1550176095263,-88.9833881022642,-19.5071439725658));
#13904=CARTESIAN_POINT('Origin',(53.2044679781827,-92.145970100016,-20.3161745689271));
#13905=CARTESIAN_POINT('Origin',(54.4718674866409,-88.0672309270683,-19.7526275477995));
#13906=CARTESIAN_POINT('Origin',(54.4718674866409,-88.4813413992324,-21.2981088698621));
#13907=CARTESIAN_POINT('Origin',(55.7616492814812,-66.4950994780692,-25.5328627485771));
#13908=CARTESIAN_POINT('',(56.0116492814812,-65.973956290511,-27.3289445334805));
#13909=CARTESIAN_POINT('Origin',(55.7616492814812,-66.9092099502333,-27.0783440706397));
#13910=CARTESIAN_POINT('',(56.0116492814812,-65.5598458183469,-25.783463211418));
#13911=CARTESIAN_POINT('Origin',(56.7616492814812,-62.7540848391801,-26.5352645999406));
#13912=CARTESIAN_POINT('',(56.0116492814812,-60.3624343321772,-28.8325473105256));
#13913=CARTESIAN_POINT('',(56.0116492814812,-59.9483238600131,-27.2870659884631));
#13914=CARTESIAN_POINT('Origin',(56.7616492814812,-63.1681953113441,-28.080745922003));
#13915=CARTESIAN_POINT('Origin',(55.7616492814812,-59.0130702002909,-27.537666451304));
#13916=CARTESIAN_POINT('Origin',(55.7616492814812,-59.4271806724549,-29.0831477733665));
#13917=CARTESIAN_POINT('Origin',(55.7616492814812,-37.5173246893973,-33.2974341016531));
#13918=CARTESIAN_POINT('',(56.0116492814812,-36.996181501839,-35.0935158865565));
#13919=CARTESIAN_POINT('Origin',(55.7616492814812,-37.9314351615613,-34.8429154237157));
#13920=CARTESIAN_POINT('',(56.0116492814812,-36.582071029675,-33.548034564494));
#13921=CARTESIAN_POINT('Origin',(56.7616492814812,-33.7763100505081,-34.2998359530165));
#13922=CARTESIAN_POINT('',(56.0116492814812,-31.3846595435053,-36.5971186636016));
#13923=CARTESIAN_POINT('',(56.0116492814812,-30.9705490713412,-35.0516373415391));
#13924=CARTESIAN_POINT('Origin',(56.7616492814812,-34.1904205226722,-35.845317275079));
#13925=CARTESIAN_POINT('Origin',(55.7616492814812,-30.0352954116189,-35.3022378043799));
#13926=CARTESIAN_POINT('Origin',(55.7616492814812,-30.449405883783,-36.8477191264425));
#13927=CARTESIAN_POINT('Origin',(55.7616492814812,10.7804250734475,-46.2387771468485));
#13928=CARTESIAN_POINT('',(56.0116492814812,11.3015682610057,-48.0348589317518));
#13929=CARTESIAN_POINT('Origin',(55.7616492814812,10.3663146012834,-47.7842584689109));
#13930=CARTESIAN_POINT('',(56.0116492814812,11.7156787331698,-46.4893776096893));
#13931=CARTESIAN_POINT('Origin',(56.7616492814812,14.5214397123367,-47.2411789982119));
#13932=CARTESIAN_POINT('',(56.0116492814812,16.9130902193395,-49.5384617087969));
#13933=CARTESIAN_POINT('',(56.0116492814812,17.3272006915036,-47.9929803867344));
#13934=CARTESIAN_POINT('Origin',(56.7616492814812,14.1073292401726,-48.7866603202744));
#13935=CARTESIAN_POINT('Origin',(55.7616492814812,18.2624543512258,-48.2435808495753));
#13936=CARTESIAN_POINT('Origin',(55.7616492814812,17.8483438790618,-49.7890621716378));
#13937=CARTESIAN_POINT('Origin',(55.7616492814812,44.5878289935648,-55.2974437254371));
#13938=CARTESIAN_POINT('',(56.0116492814812,45.108972181123,-57.0935255103404));
#13939=CARTESIAN_POINT('Origin',(55.7616492814812,44.1737185214007,-56.8429250474996));
#13940=CARTESIAN_POINT('',(56.0116492814812,45.5230826532871,-55.548044188278));
#13941=CARTESIAN_POINT('Origin',(56.7616492814812,48.328843632454,-56.2998455768005));
#13942=CARTESIAN_POINT('',(56.0116492814813,50.7204941394568,-58.5971282873856));
#13943=CARTESIAN_POINT('',(56.0116492814812,51.1346046116208,-57.0516469653231));
#13944=CARTESIAN_POINT('Origin',(56.7616492814812,47.9147331602899,-57.845326898863));
#13945=CARTESIAN_POINT('Origin',(3.5527136788005E-14,-10.901240925792,-42.0856341404468));
#13946=CARTESIAN_POINT('Origin',(55.7616492814812,51.6557477991791,-58.8477287502264));
#13947=CARTESIAN_POINT('',(29.3301270189223,72.9040768466249,-64.5412013590006));
#13948=CARTESIAN_POINT('Origin',(30.1961524227067,72.4211139334804,-64.4117918364493));
#13949=CARTESIAN_POINT('',(20.6698729810778,72.9040768466249,-64.5412013590006));
#13950=CARTESIAN_POINT('Origin',(25.,75.3188914123476,-65.1882489717569));
#13951=CARTESIAN_POINT('',(19.8038475772934,73.3870397597694,-64.6706108815519));
#13952=CARTESIAN_POINT('Origin',(19.8038475772934,72.4211139334804,-64.4117918364493));
#13953=CARTESIAN_POINT('',(-19.8038475772933,73.3870397597694,-64.6706108815518));
#13954=CARTESIAN_POINT('',(20.4174243050442,73.3870397597694,-64.6706108815519));
#13955=CARTESIAN_POINT('Origin',(-19.8038475772933,72.4211139334804,-64.4117918364493));
#13956=CARTESIAN_POINT('',(-30.1961524227066,73.3870397597694,-64.6706108815518));
#13957=CARTESIAN_POINT('Origin',(-30.1961524227066,72.4211139334804,-64.4117918364493));
#13958=CARTESIAN_POINT('',(-42.,73.3870397597694,-64.6706108815519));
#13959=CARTESIAN_POINT('',(-46.3903141467407,71.9595059827589,-64.2881043588337));
#13960=CARTESIAN_POINT('Origin',(-45.3905432361647,71.9388314158074,-64.2825646253152));
#13961=CARTESIAN_POINT('',(-52.2382835881731,67.3034020570286,-63.0405050720588));
#13962=CARTESIAN_POINT('Origin',(-51.3891686996205,72.0628788175165,-64.3158030264263));
#13963=CARTESIAN_POINT('',(-53.2930255357318,66.8013818411094,-62.9059891606192));
#13964=CARTESIAN_POINT('Origin',(-52.4081065658836,66.3515067049311,-62.7854454811853));
#13965=CARTESIAN_POINT('Origin',(-42.,61.0602331327435,-61.3676530005855));
#13966=CARTESIAN_POINT('',(-54.2616492814811,52.0973146789789,-58.9660462390731));
#13967=CARTESIAN_POINT('Origin',(-53.7616492814811,52.9338309827167,-59.1901901071152));
#13968=CARTESIAN_POINT('',(-54.2616492814811,43.7321516416009,-56.7246075586529));
#13969=CARTESIAN_POINT('Origin',(-56.7616492814811,47.9147331602899,-57.845326898863));
#13970=CARTESIAN_POINT('',(-54.7616492814811,42.8956353378631,-56.5004636906109));
#13971=CARTESIAN_POINT('Origin',(-53.7616492814811,42.8956353378631,-56.5004636906109));
#13972=CARTESIAN_POINT('',(-54.7616492814811,19.1264270625995,-50.1315235285265));
#13973=CARTESIAN_POINT('',(-54.7616492814811,18.533757454855,-49.9727181857529));
#13974=CARTESIAN_POINT('',(-54.2616492814811,18.2899107588616,-49.9073796604845));
#13975=CARTESIAN_POINT('Origin',(-53.7616492814811,19.1264270625995,-50.1315235285265));
#13976=CARTESIAN_POINT('',(-54.2616492814811,9.92474772148361,-47.6659409800642));
#13977=CARTESIAN_POINT('Origin',(-56.7616492814812,14.1073292401726,-48.7866603202744));
#13978=CARTESIAN_POINT('',(-54.7616492814811,9.08823141774582,-47.4417971120222));
#13979=CARTESIAN_POINT('Origin',(-53.7616492814811,9.08823141774582,-47.4417971120222));
#13980=CARTESIAN_POINT('',(-54.7616492814811,-29.1713227002453,-37.1901804833312));
#13981=CARTESIAN_POINT('',(-54.7616492814811,-29.7639923079897,-37.0313751405576));
#13982=CARTESIAN_POINT('',(-54.2616492814812,-30.0078390039831,-36.9660366152892));
#13983=CARTESIAN_POINT('Origin',(-53.7616492814811,-29.1713227002453,-37.1901804833312));
#13984=CARTESIAN_POINT('',(-54.2616492814811,-38.3730020413612,-34.7245979348689));
#13985=CARTESIAN_POINT('Origin',(-56.7616492814811,-34.1904205226721,-35.845317275079));
#13986=CARTESIAN_POINT('',(-54.7616492814812,-39.209518345099,-34.5004540668269));
#13987=CARTESIAN_POINT('Origin',(-53.7616492814812,-39.209518345099,-34.5004540668269));
#13988=CARTESIAN_POINT('',(-54.7616492814812,-58.1490974889172,-29.4256091302552));
#13989=CARTESIAN_POINT('',(-54.7616492814812,-58.7417670966617,-29.2668037874816));
#13990=CARTESIAN_POINT('',(-54.2616492814812,-58.985613792655,-29.2014652622132));
#13991=CARTESIAN_POINT('Origin',(-53.7616492814812,-58.1490974889172,-29.4256091302552));
#13992=CARTESIAN_POINT('',(-54.2616492814812,-67.3507768300331,-26.9600265817929));
#13993=CARTESIAN_POINT('Origin',(-56.7616492814811,-63.1681953113441,-28.0807459220031));
#13994=CARTESIAN_POINT('',(-54.7616492814812,-68.1872931337709,-26.7358827137509));
#13995=CARTESIAN_POINT('Origin',(-53.7616492814812,-68.1872931337709,-26.7358827137509));
#13996=CARTESIAN_POINT('',(-54.7616492814812,-82.8627149843275,-22.8036152803081));
#13997=CARTESIAN_POINT('',(-47.7210788543756,-93.8814246373685,-19.8511609271425));
#13998=CARTESIAN_POINT('Origin',(-47.2727763874932,-93.0180009990907,-20.082514593745));
#13999=CARTESIAN_POINT('Origin',(-41.9999999999999,-82.8627149843274,-22.8036152803081));
#14000=CARTESIAN_POINT('',(-24.3301270189222,-94.7065586982089,-19.6300669218929));
#14001=CARTESIAN_POINT('Origin',(-25.1961524227066,-94.2235957850644,-19.7594764444442));
#14002=CARTESIAN_POINT('',(-15.6698729810778,-94.7065586982089,-19.6300669218929));
#14003=CARTESIAN_POINT('Origin',(-20.,-97.1213732639316,-18.9830193091366));
#14004=CARTESIAN_POINT('',(-14.8038475772933,-95.1895216113535,-19.5006573993417));
#14005=CARTESIAN_POINT('Origin',(-14.8038475772933,-94.2235957850644,-19.7594764444442));
#14006=CARTESIAN_POINT('',(14.8038475772934,-95.1895216113535,-19.5006573993416));
#14007=CARTESIAN_POINT('',(15.4174243050442,-95.1895216113535,-19.5006573993416));
#14008=CARTESIAN_POINT('',(15.6698729810778,-94.7065586982089,-19.6300669218929));
#14009=CARTESIAN_POINT('Origin',(14.8038475772934,-94.2235957850644,-19.7594764444442));
#14010=CARTESIAN_POINT('',(24.3301270189222,-94.7065586982089,-19.6300669218929));
#14011=CARTESIAN_POINT('Origin',(20.,-97.1213732639316,-18.9830193091366));
#14012=CARTESIAN_POINT('Origin',(25.1961524227067,-94.2235957850644,-19.7594764444442));
#14013=CARTESIAN_POINT('',(48.2613916526082,-92.8726625159116,-20.121457922942));
#14014=CARTESIAN_POINT('Origin',(47.2727763874932,-93.0180009990907,-20.082514593745));
#14015=CARTESIAN_POINT('',(53.1954951208858,-87.3163487454552,-21.6102677106298));
#14016=CARTESIAN_POINT('Origin',(53.2044679781827,-92.145970100016,-20.3161745689271));
#14017=CARTESIAN_POINT('',(54.1454123613957,-86.6469568235995,-21.789630735511));
#14018=CARTESIAN_POINT('Origin',(53.1937005494264,-86.3504244745431,-21.8690863389704));
#14019=CARTESIAN_POINT('Origin',(42.,-82.8627149843275,-22.803615280308));
#14020=CARTESIAN_POINT('',(54.2616492814812,-67.3507768300331,-26.9600265817929));
#14021=CARTESIAN_POINT('Origin',(53.7616492814812,-68.1872931337709,-26.7358827137509));
#14022=CARTESIAN_POINT('',(54.2616492814812,-58.9856137926551,-29.2014652622132));
#14023=CARTESIAN_POINT('Origin',(56.7616492814812,-63.1681953113441,-28.080745922003));
#14024=CARTESIAN_POINT('',(54.7616492814812,-58.1490974889173,-29.4256091302552));
#14025=CARTESIAN_POINT('Origin',(53.7616492814812,-58.1490974889173,-29.4256091302552));
#14026=CARTESIAN_POINT('',(54.7616492814812,-39.2095183450989,-34.5004540668269));
#14027=CARTESIAN_POINT('',(54.7616492814812,-38.6168487373546,-34.6592594096005));
#14028=CARTESIAN_POINT('',(54.2616492814812,-38.3730020413612,-34.7245979348689));
#14029=CARTESIAN_POINT('Origin',(53.7616492814812,-39.209518345099,-34.5004540668269));
#14030=CARTESIAN_POINT('',(54.2616492814812,-30.0078390039831,-36.9660366152891));
#14031=CARTESIAN_POINT('Origin',(56.7616492814812,-34.1904205226722,-35.845317275079));
#14032=CARTESIAN_POINT('',(54.7616492814812,-29.1713227002453,-37.1901804833312));
#14033=CARTESIAN_POINT('Origin',(53.7616492814812,-29.1713227002453,-37.1901804833312));
#14034=CARTESIAN_POINT('',(54.7616492814812,9.08823141774579,-47.4417971120222));
#14035=CARTESIAN_POINT('',(54.7616492814812,9.6809010254902,-47.6006024547958));
#14036=CARTESIAN_POINT('',(54.2616492814812,9.92474772148358,-47.6659409800643));
#14037=CARTESIAN_POINT('Origin',(53.7616492814812,9.08823141774579,-47.4417971120222));
#14038=CARTESIAN_POINT('',(54.2616492814812,18.2899107588616,-49.9073796604845));
#14039=CARTESIAN_POINT('Origin',(56.7616492814812,14.1073292401726,-48.7866603202744));
#14040=CARTESIAN_POINT('Origin',(53.7616492814812,19.1264270625995,-50.1315235285265));
#14041=CARTESIAN_POINT('',(54.2616492814812,43.7321516416009,-56.7246075586529));
#14042=CARTESIAN_POINT('Origin',(53.7616492814812,42.8956353378631,-56.5004636906109));
#14043=CARTESIAN_POINT('',(54.2616492814812,52.0973146789789,-58.9660462390731));
#14044=CARTESIAN_POINT('Origin',(56.7616492814812,47.9147331602899,-57.845326898863));
#14045=CARTESIAN_POINT('',(54.7616492814812,52.9338309827167,-59.1901901071151));
#14046=CARTESIAN_POINT('Origin',(53.7616492814812,52.9338309827167,-59.1901901071152));
#14047=CARTESIAN_POINT('',(54.7616492814813,61.0602331327435,-61.3676530005855));
#14048=CARTESIAN_POINT('',(52.2382835881732,67.3034020570286,-63.0405050720588));
#14049=CARTESIAN_POINT('Origin',(52.4081065658837,66.3515067049311,-62.7854454811853));
#14050=CARTESIAN_POINT('',(46.3903141467407,71.9595059827589,-64.2881043588337));
#14051=CARTESIAN_POINT('Origin',(51.3891686996206,72.0628788175165,-64.3158030264263));
#14052=CARTESIAN_POINT('Origin',(45.3905432361648,71.9388314158074,-64.2825646253152));
#14053=CARTESIAN_POINT('Origin',(55.7616492814812,52.0698582713431,-57.3022474281639));
#14054=CARTESIAN_POINT('Origin',(52.4081065658837,66.7656171770951,-61.2399641591228));
#14055=CARTESIAN_POINT('',(52.2382835881732,67.7175125291927,-61.4950237499963));
#14056=CARTESIAN_POINT('Origin',(51.3891686996206,72.4769892896806,-62.7703217043638));
#14057=CARTESIAN_POINT('',(46.3903141467408,72.373616454923,-62.7426230367712));
#14058=CARTESIAN_POINT('Origin',(45.3905432361648,72.3529418879714,-62.7370833032527));
#14059=CARTESIAN_POINT('Origin',(25.,75.7330018845117,-63.6427676496944));
#14060=CARTESIAN_POINT('',(20.6698729810778,73.4264459205141,-62.5916934349437));
#14061=CARTESIAN_POINT('',(20.6698729810778,73.318187318789,-62.9957200369381));
#14062=CARTESIAN_POINT('',(29.3301270189222,73.318187318789,-62.9957200369381));
#14063=CARTESIAN_POINT('',(20.0025307227165,78.0000000000005,-55.7967851252358));
#14064=CARTESIAN_POINT('Origin',(25.,78.0000000000006,-55.1822155020273));
#14065=CARTESIAN_POINT('Ctrl Pts',(20.6698729810778,73.4264459205141,-62.5916934349437));
#14066=CARTESIAN_POINT('Ctrl Pts',(20.6698729810778,73.7460020411963,-61.3990937566881));
#14067=CARTESIAN_POINT('Ctrl Pts',(20.4048834943278,74.8801777377314,-58.7395100374256));
#14068=CARTESIAN_POINT('Ctrl Pts',(19.9717884965575,76.7646584071137,-56.6753123447047));
#14069=CARTESIAN_POINT('Ctrl Pts',(20.0025307227165,78.0000000000006,-55.7967851252357));
#14070=CARTESIAN_POINT('Origin',(30.1961524227067,72.8352244056445,-62.8663105143868));
#14071=CARTESIAN_POINT('Origin',(54.7616492814812,61.4743436049076,-59.822171678523));
#14072=CARTESIAN_POINT('',(54.7616492814812,53.3479414548808,-57.6447087850527));
#14073=CARTESIAN_POINT('Origin',(53.7616492814812,53.3479414548808,-57.6447087850527));
#14074=CARTESIAN_POINT('',(54.2616492814812,52.511425151143,-57.4205649170106));
#14075=CARTESIAN_POINT('Origin',(56.7616492814812,48.328843632454,-56.2998455768005));
#14076=CARTESIAN_POINT('',(54.2616492814812,44.1462621137649,-55.1791262365904));
#14077=CARTESIAN_POINT('Origin',(53.7616492814812,43.3097458100271,-54.9549823685484));
#14078=CARTESIAN_POINT('Origin',(53.7616492814812,9.50234188990984,-45.8963157899597));
#14079=CARTESIAN_POINT('',(54.2616492814812,10.3388581936476,-46.1204596580018));
#14080=CARTESIAN_POINT('',(54.7616492814812,9.50234188990984,-45.8963157899597));
#14081=CARTESIAN_POINT('Origin',(56.7616492814812,14.5214397123367,-47.2411789982119));
#14082=CARTESIAN_POINT('',(54.2616492814812,18.7040212310257,-48.361898338422));
#14083=CARTESIAN_POINT('Origin',(53.7616492814812,19.5405375347635,-48.586042206464));
#14084=CARTESIAN_POINT('Origin',(54.7616492814812,10.0950114976543,-46.0551211327333));
#14085=CARTESIAN_POINT('',(54.7616492814812,-28.7572122280813,-35.6446991612687));
#14086=CARTESIAN_POINT('Origin',(53.7616492814812,-28.7572122280813,-35.6446991612687));
#14087=CARTESIAN_POINT('',(54.2616492814812,-29.5937285318191,-35.4205552932267));
#14088=CARTESIAN_POINT('Origin',(56.7616492814812,-33.7763100505081,-34.2998359530165));
#14089=CARTESIAN_POINT('',(54.2616492814812,-37.9588915691971,-33.1791166128064));
#14090=CARTESIAN_POINT('Origin',(53.7616492814812,-38.7954078729349,-32.9549727447644));
#14091=CARTESIAN_POINT('',(54.7616492814812,-38.7954078729349,-32.9549727447644));
#14092=CARTESIAN_POINT('Origin',(54.7616492814812,-38.2027382651905,-33.113778087538));
#14093=CARTESIAN_POINT('',(54.7616492814812,-57.7349870167532,-27.8801278081927));
#14094=CARTESIAN_POINT('Origin',(53.7616492814812,-57.7349870167532,-27.8801278081927));
#14095=CARTESIAN_POINT('',(54.2616492814812,-58.571503320491,-27.6559839401507));
#14096=CARTESIAN_POINT('Origin',(56.7616492814812,-62.7540848391801,-26.5352645999406));
#14097=CARTESIAN_POINT('',(54.2616492814812,-66.9366663578691,-25.4145452597304));
#14098=CARTESIAN_POINT('Origin',(53.7616492814812,-67.7731826616069,-25.1904013916884));
#14099=CARTESIAN_POINT('Origin',(42.,-82.4486045121634,-21.2581339582456));
#14100=CARTESIAN_POINT('',(54.1454123613957,-86.2328463514355,-20.2441494134485));
#14101=CARTESIAN_POINT('Origin',(53.1937005494264,-85.936314002379,-20.3236050169079));
#14102=CARTESIAN_POINT('',(53.1954951208858,-86.9022382732912,-20.0647863885673));
#14103=CARTESIAN_POINT('Origin',(53.2044679781828,-91.731859627852,-18.7706932468646));
#14104=CARTESIAN_POINT('',(48.2613916526081,-92.4585520437476,-18.5759766008795));
#14105=CARTESIAN_POINT('Origin',(47.2727763874932,-92.6038905269267,-18.5370332716825));
#14106=CARTESIAN_POINT('Origin',(14.8038475772934,-93.8094853129004,-18.2139951223817));
#14107=CARTESIAN_POINT('',(15.6698729810778,-94.2924482260449,-18.0845855998304));
#14108=CARTESIAN_POINT('',(14.8038475772934,-94.7754111391894,-17.9551760772792));
#14109=CARTESIAN_POINT('Origin',(20.,-96.7072627917675,-17.4375379870741));
#14110=CARTESIAN_POINT('',(24.3301270189222,-94.2924482260449,-18.0845855998304));
#14111=CARTESIAN_POINT('Origin',(25.1961524227067,-93.8094853129004,-18.2139951223817));
#14112=CARTESIAN_POINT('Origin',(15.4174243050442,-94.7754111391894,-17.9551760772792));
#14113=CARTESIAN_POINT('',(-14.8038475772933,-94.7754111391894,-17.9551760772792));
#14114=CARTESIAN_POINT('Origin',(-14.8038475772933,-93.8094853129003,-18.2139951223817));
#14115=CARTESIAN_POINT('',(-15.6698729810778,-94.2924482260449,-18.0845855998304));
#14116=CARTESIAN_POINT('Origin',(-20.,-96.7072627917675,-17.4375379870741));
#14117=CARTESIAN_POINT('',(-24.3301270189222,-94.2924482260449,-18.0845855998304));
#14118=CARTESIAN_POINT('Origin',(-25.1961524227066,-93.8094853129003,-18.2139951223817));
#14119=CARTESIAN_POINT('Origin',(-41.9999999999999,-82.4486045121634,-21.2581339582456));
#14120=CARTESIAN_POINT('',(-47.7210788543755,-93.4673141652044,-18.3056796050801));
#14121=CARTESIAN_POINT('Origin',(-47.2727763874932,-92.6038905269267,-18.5370332716825));
#14122=CARTESIAN_POINT('Origin',(-54.7616492814812,-82.4486045121634,-21.2581339582456));
#14123=CARTESIAN_POINT('',(-54.7616492814812,-67.7731826616069,-25.1904013916884));
#14124=CARTESIAN_POINT('Origin',(-53.7616492814812,-67.7731826616069,-25.1904013916884));
#14125=CARTESIAN_POINT('',(-54.2616492814812,-66.9366663578691,-25.4145452597305));
#14126=CARTESIAN_POINT('Origin',(-56.7616492814811,-62.75408483918,-26.5352645999406));
#14127=CARTESIAN_POINT('',(-54.2616492814812,-58.571503320491,-27.6559839401507));
#14128=CARTESIAN_POINT('Origin',(-53.7616492814812,-57.7349870167532,-27.8801278081927));
#14129=CARTESIAN_POINT('',(-54.7616492814812,-57.7349870167532,-27.8801278081927));
#14130=CARTESIAN_POINT('Origin',(-54.7616492814812,-58.3276566244976,-27.7213224654191));
#14131=CARTESIAN_POINT('',(-54.7616492814812,-38.7954078729349,-32.9549727447644));
#14132=CARTESIAN_POINT('Origin',(-53.7616492814812,-38.7954078729349,-32.9549727447644));
#14133=CARTESIAN_POINT('',(-54.2616492814812,-37.9588915691971,-33.1791166128064));
#14134=CARTESIAN_POINT('Origin',(-56.7616492814811,-33.7763100505081,-34.2998359530166));
#14135=CARTESIAN_POINT('',(-54.2616492814811,-29.593728531819,-35.4205552932267));
#14136=CARTESIAN_POINT('Origin',(-53.7616492814811,-28.7572122280812,-35.6446991612687));
#14137=CARTESIAN_POINT('',(-54.7616492814811,-28.7572122280812,-35.6446991612687));
#14138=CARTESIAN_POINT('Origin',(-54.7616492814811,-29.3498818358257,-35.4858938184951));
#14139=CARTESIAN_POINT('',(-54.7616492814811,9.50234188990987,-45.8963157899598));
#14140=CARTESIAN_POINT('Origin',(-53.7616492814811,9.50234188990987,-45.8963157899598));
#14141=CARTESIAN_POINT('',(-54.2616492814811,10.3388581936477,-46.1204596580018));
#14142=CARTESIAN_POINT('Origin',(-56.7616492814812,14.5214397123367,-47.2411789982119));
#14143=CARTESIAN_POINT('',(-54.2616492814811,18.7040212310257,-48.361898338422));
#14144=CARTESIAN_POINT('Origin',(-53.7616492814811,19.5405375347635,-48.586042206464));
#14145=CARTESIAN_POINT('',(-54.7616492814811,19.5405375347635,-48.586042206464));
#14146=CARTESIAN_POINT('Origin',(-54.7616492814811,18.9478679270191,-48.4272368636904));
#14147=CARTESIAN_POINT('',(-54.7616492814811,43.3097458100272,-54.9549823685484));
#14148=CARTESIAN_POINT('Origin',(-53.7616492814811,43.3097458100272,-54.9549823685484));
#14149=CARTESIAN_POINT('',(-54.2616492814811,44.146262113765,-55.1791262365904));
#14150=CARTESIAN_POINT('Origin',(-56.7616492814811,48.328843632454,-56.2998455768005));
#14151=CARTESIAN_POINT('',(-54.2616492814811,52.511425151143,-57.4205649170106));
#14152=CARTESIAN_POINT('Origin',(-53.7616492814811,53.3479414548808,-57.6447087850527));
#14153=CARTESIAN_POINT('Origin',(-42.,61.4743436049076,-59.822171678523));
#14154=CARTESIAN_POINT('',(-53.2930255357318,67.2154923132734,-61.3605078385567));
#14155=CARTESIAN_POINT('Origin',(-52.4081065658836,66.7656171770951,-61.2399641591228));
#14156=CARTESIAN_POINT('',(-52.2382835881731,67.7175125291927,-61.4950237499963));
#14157=CARTESIAN_POINT('Origin',(-51.3891686996205,72.4769892896806,-62.7703217043638));
#14158=CARTESIAN_POINT('',(-46.3903141467407,72.3736164549229,-62.7426230367712));
#14159=CARTESIAN_POINT('Origin',(-45.3905432361647,72.3529418879714,-62.7370833032527));
#14160=CARTESIAN_POINT('Origin',(-42.,73.8011502319335,-63.1251295594893));
#14161=CARTESIAN_POINT('',(-30.1961524227066,73.8011502319335,-63.1251295594894));
#14162=CARTESIAN_POINT('Origin',(-30.1961524227066,72.8352244056444,-62.8663105143868));
#14163=CARTESIAN_POINT('Origin',(4.44089209850063E-14,78.0000000000006,
-43.401586694797));
#14164=CARTESIAN_POINT('',(1.06013982552003,78.0000000000006,-57.003274701112));
#14165=CARTESIAN_POINT('',(-1.06013982552092,78.0000000000006,-57.003274701112));
#14166=CARTESIAN_POINT('Origin',(-4.44089209850063E-13,78.0000000000006,
-45.0000000000004));
#14167=CARTESIAN_POINT('',(19.0066091652002,78.0000000000006,-57.003274701112));
#14168=CARTESIAN_POINT('',(4.44089209850063E-14,78.0000000000006,-57.003274701112));
#14169=CARTESIAN_POINT('Ctrl Pts',(19.0066091652002,78.0000000000006,-57.003274701112));
#14170=CARTESIAN_POINT('Ctrl Pts',(19.1157996622001,78.0000000000006,-57.003274701112));
#14171=CARTESIAN_POINT('Ctrl Pts',(19.2228671635712,78.,-56.9817829223377));
#14172=CARTESIAN_POINT('Ctrl Pts',(19.4335196463381,78.,-56.8962084947324));
#14173=CARTESIAN_POINT('Ctrl Pts',(19.5325026509314,78.0000000000051,-56.8303311179644));
#14174=CARTESIAN_POINT('Ctrl Pts',(19.7223884111597,78.0000000000051,-56.651292882455));
#14175=CARTESIAN_POINT('Ctrl Pts',(19.8059356232073,78.0000000003307,-56.5326860550878));
#14176=CARTESIAN_POINT('Ctrl Pts',(19.9127798854584,78.0000000003307,-56.3111043970685));
#14177=CARTESIAN_POINT('Ctrl Pts',(19.9464877782908,78.0000000000415,-56.2128766670791));
#14178=CARTESIAN_POINT('Ctrl Pts',(19.9920793505784,78.0000000000415,-56.0089428852887));
#14179=CARTESIAN_POINT('Ctrl Pts',(20.0034034842329,78.0000000000006,-55.9027305410195));
#14180=CARTESIAN_POINT('Ctrl Pts',(20.0025307227165,78.0000000000006,-55.7967851252357));
#14181=CARTESIAN_POINT('',(-19.0066091652002,78.0000000000006,-57.003274701112));
#14182=CARTESIAN_POINT('Ctrl Pts',(-20.0025307227164,78.0000000000006,-55.7967851252357));
#14183=CARTESIAN_POINT('Ctrl Pts',(-20.00398554912,78.0000000000006,-55.9733879947864));
#14184=CARTESIAN_POINT('Ctrl Pts',(-19.9715564043802,78.0000000000006,-56.1510073107421));
#14185=CARTESIAN_POINT('Ctrl Pts',(-19.8483245411957,78.0000000000006,-56.4635930461573));
#14186=CARTESIAN_POINT('Ctrl Pts',(-19.7630016913112,78.0000000000274,-56.6018657268075));
#14187=CARTESIAN_POINT('Ctrl Pts',(-19.5652430345437,78.0000000000274,-56.805618293629));
#14188=CARTESIAN_POINT('Ctrl Pts',(-19.4635177890866,78.0000000002121,-56.8793298344767));
#14189=CARTESIAN_POINT('Ctrl Pts',(-19.2953381948537,78.0000000002121,-56.9538834909818));
#14190=CARTESIAN_POINT('Ctrl Pts',(-19.2389133399207,78.0000000000006,-56.972385372548));
#14191=CARTESIAN_POINT('Ctrl Pts',(-19.1235341916735,78.0000000000006,-56.9970740115543));
#14192=CARTESIAN_POINT('Ctrl Pts',(-19.0652386461785,78.0000000000006,-57.003274701112));
#14193=CARTESIAN_POINT('Ctrl Pts',(-19.0066091652002,78.0000000000006,-57.003274701112));
#14194=CARTESIAN_POINT('',(4.44089209850063E-14,78.0000000000006,-57.003274701112));
#14195=CARTESIAN_POINT('Ctrl Pts',(-20.6698729810778,73.4264459205141,-62.5916934349437));
#14196=CARTESIAN_POINT('Ctrl Pts',(-20.6698729810778,73.7459997877003,-61.3991021668498));
#14197=CARTESIAN_POINT('Ctrl Pts',(-20.404910151377,74.880053753787,-58.7397709791099));
#14198=CARTESIAN_POINT('Ctrl Pts',(-19.9717867547995,76.7645884165406,-56.6753621192965));
#14199=CARTESIAN_POINT('Ctrl Pts',(-20.0025307227164,78.0000000000006,-55.7967851252357));
#14200=CARTESIAN_POINT('Ctrl Pts',(-20.5701398809638,73.5933026490494,-62.6364025606064));
#14201=CARTESIAN_POINT('Ctrl Pts',(-20.5701398809638,73.9061598142291,-61.4688037246436));
#14202=CARTESIAN_POINT('Ctrl Pts',(-20.3115231963448,75.0450462274246,-58.8719459328402));
#14203=CARTESIAN_POINT('Ctrl Pts',(-19.9362181647244,76.9462651414094,-56.8921639203553));
#14204=CARTESIAN_POINT('Ctrl Pts',(-20.0093833748939,78.1526257905109,-56.0590283980297));
#14205=CARTESIAN_POINT('Ctrl Pts',(-20.3026551879421,73.8326090426772,-62.7005245155226));
#14206=CARTESIAN_POINT('Ctrl Pts',(-20.3026551879421,74.1337900277286,-61.5765017770374));
#14207=CARTESIAN_POINT('Ctrl Pts',(-20.0330170058882,75.2737935729994,-59.0876627094321));
#14208=CARTESIAN_POINT('Ctrl Pts',(-19.6642228944194,77.218067138989,-57.2590185563375));
#14209=CARTESIAN_POINT('Ctrl Pts',(-19.7623426883686,78.4245526482476,-56.5147128359772));
#14210=CARTESIAN_POINT('Ctrl Pts',(-19.9534472274643,73.9094088336586,-62.7211029574949));
#14211=CARTESIAN_POINT('Ctrl Pts',(-19.9534472274643,74.2024169314327,-61.6275818495731));
#14212=CARTESIAN_POINT('Ctrl Pts',(-19.6500253088862,75.3191679183361,-59.2089492843209));
#14213=CARTESIAN_POINT('Ctrl Pts',(-19.1754823083334,77.2650940331992,-57.4089697322516));
#14214=CARTESIAN_POINT('Ctrl Pts',(-19.2306057799028,78.5297698387499,-56.6716119807241));
#14215=CARTESIAN_POINT('Ctrl Pts',(-19.8038475772933,73.9094088336586,-62.7211029574949));
#14216=CARTESIAN_POINT('Ctrl Pts',(-19.8038475772933,74.1999123492824,-61.6369290774095));
#14217=CARTESIAN_POINT('Ctrl Pts',(-19.4858921816525,75.3023712199168,-59.2385138304607));
#14218=CARTESIAN_POINT('Ctrl Pts',(-18.9661441057594,77.2414377428838,-57.4222956840815));
#14219=CARTESIAN_POINT('Ctrl Pts',(-19.0030368672597,78.5341774461963,-56.6690437616357));
#14220=CARTESIAN_POINT('',(-19.8038475772933,73.9094088336586,-62.7211029574949));
#14221=CARTESIAN_POINT('Origin',(-19.8038475772933,72.9434830073696,-62.4622839123924));
#14222=CARTESIAN_POINT('Ctrl Pts',(-19.8038475772933,73.9094088336586,-62.7211029574949));
#14223=CARTESIAN_POINT('Ctrl Pts',(-19.8038475772933,74.1999123492824,-61.6369290774095));
#14224=CARTESIAN_POINT('Ctrl Pts',(-19.5114391437681,75.2137912637712,-59.4312208085192));
#14225=CARTESIAN_POINT('Ctrl Pts',(-19.0483624353683,76.9352398710358,-57.7179118410654));
#14226=CARTESIAN_POINT('Ctrl Pts',(-19.0061670322847,78.0000684617599,-57.0034011006482));
#14227=CARTESIAN_POINT('Origin',(-19.8038475772933,72.8352244056445,-62.8663105143868));
#14228=CARTESIAN_POINT('',(-19.8038475772933,73.8011502319335,-63.1251295594894));
#14229=CARTESIAN_POINT('Origin',(3.96326303857758E-14,83.5686670965493,
-65.3092934085203));
#14230=CARTESIAN_POINT('',(19.8038475772934,73.9094088336586,-62.7211029574949));
#14231=CARTESIAN_POINT('Ctrl Pts',(19.0061679282015,78.0000670251498,-57.0033995546109));
#14232=CARTESIAN_POINT('Ctrl Pts',(19.0483640595261,76.9353027983792,-57.7178579641574));
#14233=CARTESIAN_POINT('Ctrl Pts',(19.5114111729493,75.2138985006168,-59.4310152129357));
#14234=CARTESIAN_POINT('Ctrl Pts',(19.8038475772934,74.1999143979152,-61.636921431808));
#14235=CARTESIAN_POINT('Ctrl Pts',(19.8038475772934,73.9094088336586,-62.7211029574949));
#14236=CARTESIAN_POINT('',(-4.45650187639636E-13,78.0029782921881,-57.0012787158871));
#14237=CARTESIAN_POINT('Ctrl Pts',(1.06013982552003,78.0000000000006,-57.003274701112));
#14238=CARTESIAN_POINT('Ctrl Pts',(0.912932002456664,78.0000000000006,-57.003274701112));
#14239=CARTESIAN_POINT('Ctrl Pts',(0.765905572789765,78.0006178296337,-57.0028604836683));
#14240=CARTESIAN_POINT('Ctrl Pts',(0.522586546918472,78.0016668233586,-57.0021574271131));
#14241=CARTESIAN_POINT('Ctrl Pts',(0.3854181769384,78.0022720132789,-57.0017518987898));
#14242=CARTESIAN_POINT('Ctrl Pts',(0.203582189634752,78.0027691053476,-57.0014188553388));
#14243=CARTESIAN_POINT('Ctrl Pts',(0.143806331823467,78.0028840904963,-57.001341823801));
#14244=CARTESIAN_POINT('Ctrl Pts',(0.0553839921619553,78.0029654691587,
-57.0012873062228));
#14245=CARTESIAN_POINT('Ctrl Pts',(0.0277002635394729,78.0029782921881,
-57.0012787158871));
#14246=CARTESIAN_POINT('Ctrl Pts',(-4.45741432672701E-13,78.0029782921881,
-57.0012787158871));
#14247=CARTESIAN_POINT('Ctrl Pts',(-4.45741432672701E-13,78.0029782921881,
-57.0012787158871));
#14248=CARTESIAN_POINT('Ctrl Pts',(-0.0215322947060703,78.0029782921881,
-57.0012787158871));
#14249=CARTESIAN_POINT('Ctrl Pts',(-0.0430745805474325,78.0029705439309,
-57.0012839065686));
#14250=CARTESIAN_POINT('Ctrl Pts',(-0.122596599456746,78.0029134715583,
-57.0013221406113));
#14251=CARTESIAN_POINT('Ctrl Pts',(-0.179785470567063,78.0028171944706,
-57.0013866385915));
#14252=CARTESIAN_POINT('Ctrl Pts',(-0.344485897371841,78.0024062445563,
-57.0016619632543));
#14253=CARTESIAN_POINT('Ctrl Pts',(-0.438184385350769,78.002029678953,-57.0019142661148));
#14254=CARTESIAN_POINT('Ctrl Pts',(-0.758496434625366,78.0006527821181,
-57.0028370207422));
#14255=CARTESIAN_POINT('Ctrl Pts',(-0.905523181500656,78.0000000000006,
-57.003274701112));
#14256=CARTESIAN_POINT('Ctrl Pts',(-1.06013982552092,78.0000000000006,-57.003274701112));
#14257=CARTESIAN_POINT('',(4.59767619550624E-14,73.9094088336586,-62.7211029574949));
#14258=CARTESIAN_POINT('Origin',(-20.4174243050441,73.8011502319335,-63.1251295594894));
#14259=CARTESIAN_POINT('',(19.8038475772934,73.8011502319335,-63.1251295594894));
#14260=CARTESIAN_POINT('Ctrl Pts',(19.8038475772934,73.9094088336586,-62.7211029574949));
#14261=CARTESIAN_POINT('Ctrl Pts',(19.8038475772934,74.1999143979152,-61.636921431808));
#14262=CARTESIAN_POINT('Ctrl Pts',(19.4858601931933,75.3024931040796,-59.2382790682401));
#14263=CARTESIAN_POINT('Ctrl Pts',(18.966146195869,77.2415109813042,-57.4222530096121));
#14264=CARTESIAN_POINT('Ctrl Pts',(19.0030368672598,78.5341774461963,-56.6690437616357));
#14265=CARTESIAN_POINT('Ctrl Pts',(20.0033137775213,73.9094088336586,-62.7211029574949));
#14266=CARTESIAN_POINT('Ctrl Pts',(20.0033137775213,74.2032437319451,-61.6244961880531));
#14267=CARTESIAN_POINT('Ctrl Pts',(19.7042389731403,75.3247928965864,-59.1984328553697));
#14268=CARTESIAN_POINT('Ctrl Pts',(19.2444571420714,77.2732975421529,-57.4036501481645));
#14269=CARTESIAN_POINT('Ctrl Pts',(19.3064620841173,78.5283006362678,-56.6724680537536));
#14270=CARTESIAN_POINT('Ctrl Pts',(20.3516123666875,73.8053067234595,-62.6932088811367));
#14271=CARTESIAN_POINT('Ctrl Pts',(20.3516123666875,74.1081344002026,-61.5630406055933));
#14272=CARTESIAN_POINT('Ctrl Pts',(20.0864029284087,75.2492281015228,-59.0591422809169));
#14273=CARTESIAN_POINT('Ctrl Pts',(19.7296090010533,77.1873979155124,-57.2109850400943));
#14274=CARTESIAN_POINT('Ctrl Pts',(19.8312382897986,78.3877315336683,-56.4545876182571));
#14275=CARTESIAN_POINT('Ctrl Pts',(20.5950731559924,73.5515884669156,-62.6252252791907));
#14276=CARTESIAN_POINT('Ctrl Pts',(20.5950731559924,73.8661287871812,-61.4513448229305));
#14277=CARTESIAN_POINT('Ctrl Pts',(20.3352306547855,75.0039765041256,-58.838932289509));
#14278=CARTESIAN_POINT('Ctrl Pts',(19.9457757012315,76.9006898318668,-56.8384728090674));
#14279=CARTESIAN_POINT('Ctrl Pts',(20.0076702118496,78.1144693428833,-55.9934675798313));
#14280=CARTESIAN_POINT('Ctrl Pts',(20.6698729810778,73.4264459205141,-62.5916934349437));
#14281=CARTESIAN_POINT('Ctrl Pts',(20.6698729810778,73.7460020411963,-61.3990937566881));
#14282=CARTESIAN_POINT('Ctrl Pts',(20.4048834943278,74.8801777377314,-58.7395100374256));
#14283=CARTESIAN_POINT('Ctrl Pts',(19.9717884965575,76.7646584071137,-56.6753123447047));
#14284=CARTESIAN_POINT('Ctrl Pts',(20.0025307227165,78.0000000000006,-55.7967851252357));
#14285=CARTESIAN_POINT('Origin',(19.8038475772934,72.9434830073696,-62.4622839123924));
#14286=CARTESIAN_POINT('Origin',(19.8038475772934,72.8352244056445,-62.8663105143868));
#14287=CARTESIAN_POINT('Origin',(-56.7616492814811,-62.75408483918,-26.5352645999406));
#14288=CARTESIAN_POINT('Origin',(-56.7616492814811,-38.8133231671953,62.8128743317998));
#14289=CARTESIAN_POINT('Origin',(-56.7616492814811,-33.7763100505081,-34.2998359530166));
#14290=CARTESIAN_POINT('Origin',(-56.7616492814811,-9.83554837852344,55.0483029787233));
#14291=CARTESIAN_POINT('Origin',(-56.7616492814811,-33.7763100505081,-34.2998359530166));
#14292=CARTESIAN_POINT('Origin',(-56.7616492814811,-9.83554837852344,55.0483029787233));
#14293=CARTESIAN_POINT('Origin',(-53.2044679781827,-91.731859627852,-18.7706932468646));
#14294=CARTESIAN_POINT('',(-58.0166752132505,-82.0721132442811,12.0351997670819));
#14295=CARTESIAN_POINT('Ctrl Pts',(-58.0166752132505,-82.0721132442812,
12.0351997670819));
#14296=CARTESIAN_POINT('Ctrl Pts',(-58.0594292589953,-82.7329065146939,
10.1546876726333));
#14297=CARTESIAN_POINT('Ctrl Pts',(-58.0970308054576,-83.4051340239437,
8.26596500687381));
#14298=CARTESIAN_POINT('Ctrl Pts',(-58.1854321501619,-85.3923844599323,
2.77155756102125));
#14299=CARTESIAN_POINT('Ctrl Pts',(-58.2185996360289,-86.7296521986249,
-0.82127102537421));
#14300=CARTESIAN_POINT('Ctrl Pts',(-58.1892301246227,-88.7817073195397,
-6.04866823337981));
#14301=CARTESIAN_POINT('Ctrl Pts',(-58.1662246753397,-89.4732978193709,
-7.76381575914079));
#14302=CARTESIAN_POINT('Ctrl Pts',(-58.0733835380453,-90.8862080115109,
-11.1124348793268));
#14303=CARTESIAN_POINT('Ctrl Pts',(-58.0079017913585,-91.6029166618232,
-12.7479694418774));
#14304=CARTESIAN_POINT('Ctrl Pts',(-57.8356517075108,-92.6399111879659,
-14.8614773457632));
#14305=CARTESIAN_POINT('Ctrl Pts',(-57.7786796011247,-92.9422411100244,
-15.4556050464502));
#14306=CARTESIAN_POINT('Ctrl Pts',(-57.6596636015418,-93.425529296366,-16.3153496908538));
#14307=CARTESIAN_POINT('Ctrl Pts',(-57.6144517209168,-93.5913716981134,
-16.5963045250889));
#14308=CARTESIAN_POINT('Ctrl Pts',(-57.5046850357937,-93.9351478054454,
-17.127316405428));
#14309=CARTESIAN_POINT('Ctrl Pts',(-57.4423346803318,-94.1110331569886,
-17.379149490564));
#14310=CARTESIAN_POINT('Ctrl Pts',(-57.3142873769419,-94.3903507177619,
-17.6864765542995));
#14311=CARTESIAN_POINT('Ctrl Pts',(-57.26672994056,-94.4860095318083,-17.7799109123489));
#14312=CARTESIAN_POINT('Ctrl Pts',(-57.1799546254475,-94.632801591544,-17.8793397556053));
#14313=CARTESIAN_POINT('Ctrl Pts',(-57.1485242198581,-94.6821498591585,
-17.9055717503421));
#14314=CARTESIAN_POINT('Ctrl Pts',(-57.0794545532006,-94.7800898446656,
-17.9363291233014));
#14315=CARTESIAN_POINT('Ctrl Pts',(-57.0418328193796,-94.8286786578595,
-17.940903088839));
#14316=CARTESIAN_POINT('Ctrl Pts',(-56.9995953940035,-94.876242392539,-17.9281584245426));
#14317=CARTESIAN_POINT('',(-58.0166752132505,-76.5824763573842,32.5228035440847));
#14318=CARTESIAN_POINT('Origin',(-58.9791166602641,-76.3202377934957,32.4525369326665));
#14319=CARTESIAN_POINT('Ctrl Pts',(-58.0741260378765,-80.1711882887129,
16.4368528790249));
#14320=CARTESIAN_POINT('Ctrl Pts',(-58.0703112179557,-80.1790267756934,
16.4389531952812));
#14321=CARTESIAN_POINT('Ctrl Pts',(-58.0665137627746,-80.1877862449466,
16.4386592252416));
#14322=CARTESIAN_POINT('Ctrl Pts',(-58.0597377253752,-80.2049857691689,
16.4342224958342));
#14323=CARTESIAN_POINT('Ctrl Pts',(-58.0567516741467,-80.2134306774691,
16.4301100142426));
#14324=CARTESIAN_POINT('Ctrl Pts',(-58.0406754472529,-80.2616984206467,
16.4009845410202));
#14325=CARTESIAN_POINT('Ctrl Pts',(-58.03305566212,-80.2978070618855,16.3542023509358));
#14326=CARTESIAN_POINT('Ctrl Pts',(-58.0134477351645,-80.397632011387,16.2166150654092));
#14327=CARTESIAN_POINT('Ctrl Pts',(-58.0065566006406,-80.457582139842,16.106302748903));
#14328=CARTESIAN_POINT('Ctrl Pts',(-57.9949193107167,-80.5758551060188,
15.8776183680319));
#14329=CARTESIAN_POINT('Ctrl Pts',(-57.9909928577995,-80.6326456321841,
15.7584161512681));
#14330=CARTESIAN_POINT('Ctrl Pts',(-57.9821074253059,-80.7980553648849,
15.3968407514553));
#14331=CARTESIAN_POINT('Ctrl Pts',(-57.9800430714653,-80.9015091417684,
15.1510066547868));
#14332=CARTESIAN_POINT('Ctrl Pts',(-57.9775722619441,-81.2356740464965,
14.3334634217162));
#14333=CARTESIAN_POINT('Ctrl Pts',(-57.9848295937122,-81.4659344814791,
13.7199725234804));
#14334=CARTESIAN_POINT('Ctrl Pts',(-58.0014058505356,-81.8210002070277,
12.7445117650407));
#14335=CARTESIAN_POINT('Ctrl Pts',(-58.008573189405,-81.9468908766538,12.3915626227016));
#14336=CARTESIAN_POINT('Ctrl Pts',(-58.0166752132505,-82.0721132442811,
12.0351997670819));
#14337=CARTESIAN_POINT('Origin',(-56.7616492814812,14.5214397123367,-47.2411789982119));
#14338=CARTESIAN_POINT('Origin',(-56.7616492814812,38.4622013843213,42.1069599335278));
#14339=CARTESIAN_POINT('Origin',(-56.7616492814812,14.5214397123367,-47.2411789982119));
#14340=CARTESIAN_POINT('Origin',(-56.7616492814812,38.4622013843213,42.1069599335278));
#14341=CARTESIAN_POINT('Origin',(-42.,-85.7668498196089,34.9837489962738));
#14342=CARTESIAN_POINT('',(-24.,-90.028735601841,19.0781747209289));
#14343=CARTESIAN_POINT('',(-24.,-99.6050402706347,-16.6610808517665));
#14344=CARTESIAN_POINT('',(-16.,-90.028735601841,19.0781747209289));
#14345=CARTESIAN_POINT('',(-31.,-90.028735601841,19.0781747209289));
#14346=CARTESIAN_POINT('',(-16.,-99.6050402706347,-16.6610808517665));
#14347=CARTESIAN_POINT('',(16.,-90.028735601841,19.0781747209289));
#14348=CARTESIAN_POINT('',(16.,-99.6050402706348,-16.6610808517665));
#14349=CARTESIAN_POINT('',(24.,-90.028735601841,19.0781747209289));
#14350=CARTESIAN_POINT('',(-11.,-90.028735601841,19.0781747209289));
#14351=CARTESIAN_POINT('',(24.,-99.6050402706348,-16.6610808517665));
#14352=CARTESIAN_POINT('',(42.,-85.766849819609,34.9837489962738));
#14353=CARTESIAN_POINT('',(-26.,-99.0874021804296,-14.7292291991883));
#14354=CARTESIAN_POINT('',(-40.,-99.0874021804296,-14.7292291991882));
#14355=CARTESIAN_POINT('',(-34.0000000000001,-99.0874021804296,-14.7292291991883));
#14356=CARTESIAN_POINT('',(-39.9999999999999,-91.0640117822511,15.2144714157728));
#14357=CARTESIAN_POINT('',(-39.9999999999999,-92.4271260000192,10.1272598985427));
#14358=CARTESIAN_POINT('',(-25.9999999999999,-91.0640117822511,15.2144714157727));
#14359=CARTESIAN_POINT('',(-41.,-91.0640117822511,15.2144714157728));
#14360=CARTESIAN_POINT('',(-25.9999999999999,-88.41543080093,25.0991102060232));
#14361=CARTESIAN_POINT('',(14.,-99.0874021804297,-14.7292291991884));
#14362=CARTESIAN_POINT('',(-14.,-99.0874021804296,-14.7292291991883));
#14363=CARTESIAN_POINT('',(-14.0000000000001,-99.0874021804296,-14.7292291991883));
#14364=CARTESIAN_POINT('',(-13.9999999999999,-91.0640117822511,15.2144714157727));
#14365=CARTESIAN_POINT('',(-13.9999999999999,-92.4271260000193,10.1272598985427));
#14366=CARTESIAN_POINT('',(14.0000000000001,-91.0640117822511,15.2144714157726));
#14367=CARTESIAN_POINT('',(-28.,-91.0640117822511,15.2144714157727));
#14368=CARTESIAN_POINT('',(14.0000000000001,-88.4154308009301,25.0991102060231));
#14369=CARTESIAN_POINT('',(40.,-99.0874021804297,-14.7292291991885));
#14370=CARTESIAN_POINT('',(26.,-99.0874021804297,-14.7292291991885));
#14371=CARTESIAN_POINT('',(-1.00000000000012,-99.0874021804297,-14.7292291991884));
#14372=CARTESIAN_POINT('',(26.0000000000001,-91.0640117822511,15.2144714157725));
#14373=CARTESIAN_POINT('',(26.0000000000001,-92.4271260000194,10.1272598985425));
#14374=CARTESIAN_POINT('',(40.0000000000001,-91.0640117822512,15.2144714157725));
#14375=CARTESIAN_POINT('',(-7.99999999999998,-91.0640117822511,15.2144714157727));
#14376=CARTESIAN_POINT('',(40.0000000000001,-88.4154308009301,25.099110206023));
#14377=CARTESIAN_POINT('Origin',(-20.,-96.7072627917675,-17.4375379870741));
#14378=CARTESIAN_POINT('Origin',(-20.,-72.766501119783,71.9106009446653));
#14379=CARTESIAN_POINT('Origin',(-20.,-96.7072627917675,-17.4375379870741));
#14380=CARTESIAN_POINT('Origin',(-20.,-72.766501119783,71.9106009446653));
#14381=CARTESIAN_POINT('Origin',(-56.7616492814811,48.328843632454,-56.2998455768005));
#14382=CARTESIAN_POINT('Origin',(-56.7616492814811,72.2696053044386,33.0482933549393));
#14383=CARTESIAN_POINT('Origin',(20.,-96.7072627917675,-17.4375379870741));
#14384=CARTESIAN_POINT('Origin',(20.,-72.7665011197829,71.9106009446657));
#14385=CARTESIAN_POINT('Origin',(20.,-96.7072627917675,-17.4375379870741));
#14386=CARTESIAN_POINT('Origin',(20.,-72.7665011197829,71.9106009446657));
#14387=CARTESIAN_POINT('Origin',(-51.3891686996205,72.4769892896806,-62.7703217043638));
#14388=CARTESIAN_POINT('Ctrl Pts',(-49.592811323824,86.5604636941331,-28.2387586224883));
#14389=CARTESIAN_POINT('Ctrl Pts',(-49.8404304336248,85.7330687280069,-31.6949546299718));
#14390=CARTESIAN_POINT('Ctrl Pts',(-50.1152836784711,84.8763232843571,-35.2157924022073));
#14391=CARTESIAN_POINT('Ctrl Pts',(-50.7489037054337,83.0732501504743,-42.426784709524));
#14392=CARTESIAN_POINT('Ctrl Pts',(-51.1095424320254,82.126406628914,-46.1143556876043));
#14393=CARTESIAN_POINT('Ctrl Pts',(-51.7383349171489,80.6687775918274,-51.486559881321));
#14394=CARTESIAN_POINT('Ctrl Pts',(-51.9625451650549,80.1767395809019,-53.2504109191185));
#14395=CARTESIAN_POINT('Ctrl Pts',(-52.4616426489662,79.1668389713133,-56.6976501338389));
#14396=CARTESIAN_POINT('Ctrl Pts',(-52.7314658518012,78.6528732516656,-58.38290990222));
#14397=CARTESIAN_POINT('Ctrl Pts',(-53.1887353654012,77.898810838074,-60.5662211763741));
#14398=CARTESIAN_POINT('Ctrl Pts',(-53.3278875474416,77.6780539206383,-61.1805401595884));
#14399=CARTESIAN_POINT('Ctrl Pts',(-53.5741225210418,77.3211201447118,-62.0716614442404));
#14400=CARTESIAN_POINT('Ctrl Pts',(-53.6623392156,77.1980023617094,-62.3632420111829));
#14401=CARTESIAN_POINT('Ctrl Pts',(-53.8587855129772,76.9403966269519,-62.9157457336997));
#14402=CARTESIAN_POINT('Ctrl Pts',(-53.9645441984581,76.8076771559527,-63.1783665151646));
#14403=CARTESIAN_POINT('Ctrl Pts',(-54.1569870052152,76.5924590349382,-63.501944021997));
#14404=CARTESIAN_POINT('Ctrl Pts',(-54.2260620452372,76.5181411994938,-63.6008754555872));
#14405=CARTESIAN_POINT('Ctrl Pts',(-54.3436854710462,76.4019811187505,-63.7082338820445));
#14406=CARTESIAN_POINT('Ctrl Pts',(-54.3851317759045,76.3625829734855,-63.7370498572537));
#14407=CARTESIAN_POINT('Ctrl Pts',(-54.4730177890016,76.2833667223727,-63.7726934637806));
#14408=CARTESIAN_POINT('Ctrl Pts',(-54.5194420177568,76.243553216056,-63.7795694666782));
#14409=CARTESIAN_POINT('Ctrl Pts',(-54.5694260409867,76.2037563585117,-63.7689059308379));
#14410=CARTESIAN_POINT('Origin',(42.,-68.6104140611376,30.3866958897947));
#14411=CARTESIAN_POINT('',(52.2354267207912,-86.8936115654532,18.2381207672074));
#14412=CARTESIAN_POINT('',(52.2354267207912,-96.469916234247,-17.5011348054881));
#14413=CARTESIAN_POINT('',(57.9049622113134,-80.5091248353694,16.5274027037941));
#14414=CARTESIAN_POINT('Origin',(42.,-72.8722998433697,14.4811216144498));
#14415=CARTESIAN_POINT('',(57.9049622113134,-90.0854295041631,-19.2118528689013));
#14416=CARTESIAN_POINT('',(59.7616492814812,-68.6104140611376,30.3866958897947));
#14417=CARTESIAN_POINT('Origin',(53.2044679781828,-91.731859627852,-18.7706932468646));
#14418=CARTESIAN_POINT('Ctrl Pts',(52.2354267207913,-86.8936115654533,18.2381207672074));
#14419=CARTESIAN_POINT('Ctrl Pts',(52.4931136651012,-87.853014478389,14.8542702178428));
#14420=CARTESIAN_POINT('Ctrl Pts',(52.7750412229061,-88.814511870067,11.4014361664186));
#14421=CARTESIAN_POINT('Ctrl Pts',(53.4174760219301,-90.7471410632484,4.24796452556745));
#14422=CARTESIAN_POINT('Ctrl Pts',(53.7804860776658,-91.7153892696616,0.549190466188251));
#14423=CARTESIAN_POINT('Ctrl Pts',(54.3985218793226,-93.0419748108731,-4.88295411091778));
#14424=CARTESIAN_POINT('Ctrl Pts',(54.6167560825918,-93.4630879348925,-6.6739881180051));
#14425=CARTESIAN_POINT('Ctrl Pts',(55.0954218878942,-94.2347577492909,-10.2011322202366));
#14426=CARTESIAN_POINT('Ctrl Pts',(55.3515816402741,-94.5904169348281,-11.9367025594324));
#14427=CARTESIAN_POINT('Ctrl Pts',(55.7751689600741,-94.9579480010878,-14.2338941584967));
#14428=CARTESIAN_POINT('Ctrl Pts',(55.9032767323949,-95.0522785315587,-14.8849482574439));
#14429=CARTESIAN_POINT('Ctrl Pts',(56.1268534616798,-95.1503975640853,-15.8496745755999));
#14430=CARTESIAN_POINT('Ctrl Pts',(56.2065121721565,-95.1758303936634,-16.1688409042301));
#14431=CARTESIAN_POINT('Ctrl Pts',(56.3823547047374,-95.1983846104072,-16.787067909192));
#14432=CARTESIAN_POINT('Ctrl Pts',(56.4764582700003,-95.1982835336976,-17.0866139784809));
#14433=CARTESIAN_POINT('Ctrl Pts',(56.6451897301624,-95.1436314536421,-17.4840903049882));
#14434=CARTESIAN_POINT('Ctrl Pts',(56.7054105539957,-95.117976717453,-17.6101888845267));
#14435=CARTESIAN_POINT('Ctrl Pts',(56.8069740221885,-95.0527501439491,-17.7666271202662));
#14436=CARTESIAN_POINT('Ctrl Pts',(56.8426148292208,-95.0265900442174,-17.8131503218867));
#14437=CARTESIAN_POINT('Ctrl Pts',(56.917790075099,-94.9621283710418,-17.8875167268617));
#14438=CARTESIAN_POINT('Ctrl Pts',(56.9573118404932,-94.9238580722952,-17.9153998416017));
#14439=CARTESIAN_POINT('Ctrl Pts',(56.9995953940035,-94.8762423925382,-17.9281584245397));
#14440=CARTESIAN_POINT('Origin',(53.2044679781828,-91.731859627852,-18.7706932468646));
#14441=CARTESIAN_POINT('Ctrl Pts',(56.9995953940035,-94.8762423925382,-17.9281584245397));
#14442=CARTESIAN_POINT('Ctrl Pts',(57.0418789475138,-94.8286267127813,-17.9409170074776));
#14443=CARTESIAN_POINT('Ctrl Pts',(57.0795301181452,-94.7799922577256,-17.9363199513373));
#14444=CARTESIAN_POINT('Ctrl Pts',(57.1486479834109,-94.6819648778067,-17.9054923569178));
#14445=CARTESIAN_POINT('Ctrl Pts',(57.1800969599514,-94.6325749022878,-17.8792127369489));
#14446=CARTESIAN_POINT('Ctrl Pts',(57.2669218753734,-94.4856565589284,-17.7796185603613));
#14447=CARTESIAN_POINT('Ctrl Pts',(57.3145019055384,-94.3899163196394,-17.6860476664673));
#14448=CARTESIAN_POINT('Ctrl Pts',(57.4426641563008,-94.1102351971227,-17.3781556515921));
#14449=CARTESIAN_POINT('Ctrl Pts',(57.5050589151753,-93.934102881272,-17.1258311775192));
#14450=CARTESIAN_POINT('Ctrl Pts',(57.6149008037895,-93.5898382882266,-16.593806208084));
#14451=CARTESIAN_POINT('Ctrl Pts',(57.6601371739513,-93.4237606057637,-16.3123255542038));
#14452=CARTESIAN_POINT('Ctrl Pts',(57.7792081012594,-92.9397846683339,-15.4509892821107));
#14453=CARTESIAN_POINT('Ctrl Pts',(57.8361918875612,-92.6370217888898,-14.8557844627474));
#14454=CARTESIAN_POINT('Ctrl Pts',(58.0084621401972,-91.5984931125794,-12.7383861314194));
#14455=CARTESIAN_POINT('Ctrl Pts',(58.0738912170809,-90.8806914523353,-11.0998515758664));
#14456=CARTESIAN_POINT('Ctrl Pts',(58.1665830748359,-89.465613474425,-7.74510817145145));
#14457=CARTESIAN_POINT('Ctrl Pts',(58.1894869466574,-88.7729537937067,-6.02683484493908));
#14458=CARTESIAN_POINT('Ctrl Pts',(58.2185048981693,-86.717718417308,-0.789931402736524));
#14459=CARTESIAN_POINT('Ctrl Pts',(58.1850405912619,-85.3783674170475,2.80940596272234));
#14460=CARTESIAN_POINT('Ctrl Pts',(58.0720935679374,-82.8494799089924,9.80311066962271));
#14461=CARTESIAN_POINT('Ctrl Pts',(57.9945060016979,-81.6578744305485,13.1942874450262));
#14462=CARTESIAN_POINT('Ctrl Pts',(57.9049622113134,-80.5091248353695,16.5274027037941));
#14463=CARTESIAN_POINT('Origin',(59.7616492814812,-68.6104140611376,30.3866958897947));
#14464=CARTESIAN_POINT('',(59.7616492814812,-57.0414834755426,10.239267153165));
#14465=CARTESIAN_POINT('',(59.7616492814812,-66.6177881443363,-25.4999884195304));
#14466=CARTESIAN_POINT('',(59.7616492814812,-49.3140768652301,8.16871479234471));
#14467=CARTESIAN_POINT('',(59.7616492814812,-63.025040006878,11.8425562936023));
#14468=CARTESIAN_POINT('',(59.7616492814812,-58.8903815340238,-27.5705407803507));
#14469=CARTESIAN_POINT('',(59.7616492814812,-28.0637086868707,2.47469580008899));
#14470=CARTESIAN_POINT('',(59.7616492814812,-37.6400133556644,-33.2645597726064));
#14471=CARTESIAN_POINT('',(59.7616492814812,-20.3363020765581,0.404143439268723));
#14472=CARTESIAN_POINT('',(59.7616492814812,-48.536152612542,7.96027061706435));
#14473=CARTESIAN_POINT('',(59.7616492814812,-29.9126067453518,-35.3351121334267));
#14474=CARTESIAN_POINT('',(59.7616492814812,20.2340410759741,-10.4666472451063));
#14475=CARTESIAN_POINT('',(59.7616492814812,10.6577364071804,-46.2059028178017));
#14476=CARTESIAN_POINT('',(59.7616492814812,27.9614476862866,-12.5371996059266));
#14477=CARTESIAN_POINT('',(59.7616492814812,-24.3872777311196,1.48959909446668));
#14478=CARTESIAN_POINT('',(59.7616492814812,18.3851430174929,-48.276455178622));
#14479=CARTESIAN_POINT('',(59.7616492814812,54.0414449960914,-19.525313823695));
#14480=CARTESIAN_POINT('',(59.7616492814812,44.4651403272977,-55.2645693963904));
#14481=CARTESIAN_POINT('',(59.7616492814812,61.7688516064039,-21.5958661845152));
#14482=CARTESIAN_POINT('',(59.7616492814812,-7.48357577106101,-3.03973419482764));
#14483=CARTESIAN_POINT('',(59.7616492814812,52.1925469376102,-57.3351217572106));
#14484=CARTESIAN_POINT('',(59.7616492814812,75.3125340559334,-8.17734183048276));
#14485=CARTESIAN_POINT('',(59.7616492814812,9.24352284480736,-43.7564130750185));
#14486=CARTESIAN_POINT('',(59.7616492814812,-27.4631170025686,-33.9208985710536));
#14487=CARTESIAN_POINT('',(59.7616492814812,-36.3437217885755,-31.541347690343));
#14488=CARTESIAN_POINT('',(59.7616492814812,-18.922088514185,-2.04534630351449));
#14489=CARTESIAN_POINT('',(59.7616492814812,-20.8028408221582,-9.06440947332252));
#14490=CARTESIAN_POINT('',(59.7616492814812,17.7845513331909,-11.8808608074794));
#14491=CARTESIAN_POINT('',(59.7616492814812,-46.1560132238799,5.25196182917859));
#14492=CARTESIAN_POINT('',(59.7616492814812,20.1743132694095,-2.96214784351791));
#14493=CARTESIAN_POINT('',(59.7616492814812,-39.0542269180374,-30.8150700298232));
#14494=CARTESIAN_POINT('',(59.7616492814812,-56.4408917912406,-26.1563272179776));
#14495=CARTESIAN_POINT('',(59.7616492814812,-60.4925966699978,-25.0706761677453));
#14496=CARTESIAN_POINT('',(59.7616492814812,-47.899863302857,5.71922504956151));
#14497=CARTESIAN_POINT('',(59.7616492814812,-49.7806156108302,-1.29983812024657));
#14498=CARTESIAN_POINT('',(59.7616492814812,-30.5131984296538,1.06048223771591));
#14499=CARTESIAN_POINT('',(59.7616492814812,-60.6449006182159,9.13424750571661));
#14500=CARTESIAN_POINT('',(59.7616492814812,-28.1234364934352,9.97919520167742));
#14501=CARTESIAN_POINT('',(59.7616492814812,20.8346327602762,-46.862241616249));
#14502=CARTESIAN_POINT('',(59.7616492814812,29.3756612486598,-14.9866893487098));
#14503=CARTESIAN_POINT('',(59.7616492814812,27.4949089406866,-22.0057525185179));
#14504=CARTESIAN_POINT('',(59.7616492814812,51.5919552533082,-20.9395273860681));
#14505=CARTESIAN_POINT('',(59.7616492814812,-22.0071383424575,-1.21870969341906));
#14506=CARTESIAN_POINT('',(59.7616492814812,43.0509267649246,-52.8150796536072));
#14507=CARTESIAN_POINT('',(59.7616492814812,53.9817171895268,-12.0208144221066));
#14508=CARTESIAN_POINT('',(59.7616492814812,-19.4400198285168,-36.0706809796373));
#14509=CARTESIAN_POINT('',(59.7616492814812,-68.0320017067093,-23.0504986767473));
#14510=CARTESIAN_POINT('',(59.7616492814812,-79.9991147693802,-19.8439203958725));
#14511=CARTESIAN_POINT('',(59.7616492814812,-74.9814840643338,-21.1883904912073));
#14512=CARTESIAN_POINT('',(59.7616492814812,-71.4580862809966,12.0316318716666));
#14513=CARTESIAN_POINT('',(59.7616492814812,-73.3388385889698,5.01256870185857));
#14514=CARTESIAN_POINT('',(59.7616492814812,-59.4909732183257,8.82505359079189));
#14515=CARTESIAN_POINT('',(59.7616492814812,-72.4240121072857,12.2904509167692));
#14516=CARTESIAN_POINT('',(59.7616492814812,-57.1012112821072,17.7437665547534));
#14517=CARTESIAN_POINT('Origin',(56.7616492814812,-62.7540848391801,-26.5352645999406));
#14518=CARTESIAN_POINT('Origin',(56.7616492814812,-38.8133231671943,62.8128743318034));
#14519=CARTESIAN_POINT('Origin',(56.7616492814812,-62.7540848391801,-26.5352645999406));
#14520=CARTESIAN_POINT('Origin',(56.7616492814812,-38.8133231671943,62.8128743318034));
#14521=CARTESIAN_POINT('Origin',(56.7616492814812,-33.7763100505081,-34.2998359530165));
#14522=CARTESIAN_POINT('Origin',(56.7616492814812,-9.83554837852251,55.0483029787269));
#14523=CARTESIAN_POINT('Origin',(56.7616492814812,-33.7763100505081,-34.2998359530165));
#14524=CARTESIAN_POINT('Origin',(56.7616492814812,-9.83554837852251,55.0483029787269));
#14525=CARTESIAN_POINT('Origin',(56.7616492814812,14.5214397123367,-47.2411789982119));
#14526=CARTESIAN_POINT('Origin',(56.7616492814812,38.4622013843223,42.1069599335318));
#14527=CARTESIAN_POINT('Origin',(56.7616492814812,14.5214397123367,-47.2411789982119));
#14528=CARTESIAN_POINT('Origin',(56.7616492814812,38.4622013843223,42.1069599335318));
#14529=CARTESIAN_POINT('Origin',(56.7616492814812,48.328843632454,-56.2998455768005));
#14530=CARTESIAN_POINT('Origin',(56.7616492814812,72.2696053044396,33.0482933549433));
#14531=CARTESIAN_POINT('Origin',(56.7616492814812,48.328843632454,-56.2998455768005));
#14532=CARTESIAN_POINT('Origin',(56.7616492814812,72.2696053044396,33.0482933549433));
#14533=CARTESIAN_POINT('Origin',(51.3891686996206,72.4769892896806,-62.7703217043638));
#14534=CARTESIAN_POINT('',(56.312425233173,81.2103637977412,-26.8052036758241));
#14535=CARTESIAN_POINT('Ctrl Pts',(56.3124252331731,81.2103637977417,-26.8052036758242));
#14536=CARTESIAN_POINT('Ctrl Pts',(56.3587349193545,80.5432496961085,-30.3043468115096));
#14537=CARTESIAN_POINT('Ctrl Pts',(56.388440012896,79.881689142036,-33.8774842172807));
#14538=CARTESIAN_POINT('Ctrl Pts',(56.3899108484791,78.5819278604311,-41.2233385289542));
#14539=CARTESIAN_POINT('Ctrl Pts',(56.3601738059128,77.9458982323924,-44.9941918387994));
#14540=CARTESIAN_POINT('Ctrl Pts',(56.2229413312338,77.0981718047954,-50.5298189441895));
#14541=CARTESIAN_POINT('Ctrl Pts',(56.1617355690786,76.8333796128198,-52.3545603156576));
#14542=CARTESIAN_POINT('Ctrl Pts',(55.9847225419204,76.3617924873125,-55.9460401937116));
#14543=CARTESIAN_POINT('Ctrl Pts',(55.8740522711517,76.1507724608501,-57.7124740159319));
#14544=CARTESIAN_POINT('Ctrl Pts',(55.6264863714044,75.9578940561607,-60.0461540920763));
#14545=CARTESIAN_POINT('Ctrl Pts',(55.5466852675143,75.911465897516,-60.7071843254261));
#14546=CARTESIAN_POINT('Ctrl Pts',(55.3876507111463,75.8772043017988,-61.6847653601851));
#14547=CARTESIAN_POINT('Ctrl Pts',(55.3281551104646,75.8716938019112,-62.0078587036623));
#14548=CARTESIAN_POINT('Ctrl Pts',(55.1867742598205,75.8830631919169,-62.6324340936433));
#14549=CARTESIAN_POINT('Ctrl Pts',(55.1074687645772,75.8976902600901,-62.9345362612871));
#14550=CARTESIAN_POINT('Ctrl Pts',(54.9488815113353,75.9619593109529,-63.3330021301188));
#14551=CARTESIAN_POINT('Ctrl Pts',(54.8903655643992,75.9892283427474,-63.459153682747));
#14552=CARTESIAN_POINT('Ctrl Pts',(54.7850504038966,76.0505700833316,-63.614073578884));
#14553=CARTESIAN_POINT('Ctrl Pts',(54.7471042605686,76.0743835354212,-63.6598270505567));
#14554=CARTESIAN_POINT('Ctrl Pts',(54.6642742881782,76.1310899114996,-63.7318910152725));
#14555=CARTESIAN_POINT('Ctrl Pts',(54.6194100642166,76.1639595009695,-63.7582423949895));
#14556=CARTESIAN_POINT('Ctrl Pts',(54.5694260409868,76.2037563585138,-63.7689059308298));
#14557=CARTESIAN_POINT('',(56.312425233173,71.6340591289475,-62.5444592485195));
#14558=CARTESIAN_POINT('Origin',(51.3891686996206,72.4769892896806,-62.7703217043638));
#14559=CARTESIAN_POINT('',(49.5928113238241,86.5604636941332,-28.2387586224883));
#14560=CARTESIAN_POINT('Ctrl Pts',(54.5694260409868,76.2037563585138,-63.7689059308298));
#14561=CARTESIAN_POINT('Ctrl Pts',(54.519442017757,76.2435532160582,-63.7795694666701));
#14562=CARTESIAN_POINT('Ctrl Pts',(54.4730177890018,76.2833667223748,-63.7726934637725));
#14563=CARTESIAN_POINT('Ctrl Pts',(54.3851317759047,76.3625829734875,-63.7370498572456));
#14564=CARTESIAN_POINT('Ctrl Pts',(54.3436854710464,76.4019811187526,-63.7082338820365));
#14565=CARTESIAN_POINT('Ctrl Pts',(54.2260620452375,76.5181411994958,-63.6008754555792));
#14566=CARTESIAN_POINT('Ctrl Pts',(54.1569870052153,76.5924590349402,-63.5019440219894));
#14567=CARTESIAN_POINT('Ctrl Pts',(53.9645441984582,76.8076771559547,-63.1783665151571));
#14568=CARTESIAN_POINT('Ctrl Pts',(53.8587855129775,76.9403966269538,-62.9157457336921));
#14569=CARTESIAN_POINT('Ctrl Pts',(53.6623392156003,77.1980023617113,-62.3632420111754));
#14570=CARTESIAN_POINT('Ctrl Pts',(53.5741225210421,77.3211201447137,-62.0716614442329));
#14571=CARTESIAN_POINT('Ctrl Pts',(53.3278875474419,77.6780539206401,-61.180540159581));
#14572=CARTESIAN_POINT('Ctrl Pts',(53.1887353654014,77.8988108380759,-60.5662211763667));
#14573=CARTESIAN_POINT('Ctrl Pts',(52.7314658518015,78.6528732516674,-58.3829099022129));
#14574=CARTESIAN_POINT('Ctrl Pts',(52.4616426489666,79.166838971315,-56.6976501338322));
#14575=CARTESIAN_POINT('Ctrl Pts',(51.9625451650553,80.1767395809035,-53.2504109191124));
#14576=CARTESIAN_POINT('Ctrl Pts',(51.7383349171494,80.6687775918289,-51.4865598813152));
#14577=CARTESIAN_POINT('Ctrl Pts',(51.1095424320259,82.1264066289153,-46.1143556875995));
#14578=CARTESIAN_POINT('Ctrl Pts',(50.7489037054342,83.0732501504755,-42.4267847095198));
#14579=CARTESIAN_POINT('Ctrl Pts',(50.1152836784717,84.8763232843578,-35.2157924022049));
#14580=CARTESIAN_POINT('Ctrl Pts',(49.8404304336254,85.7330687280074,-31.6949546299706));
#14581=CARTESIAN_POINT('Ctrl Pts',(49.5928113238246,86.5604636941333,-28.2387586224883));
#14582=CARTESIAN_POINT('',(49.5928113238241,76.9841590253394,-63.9780141951837));
#14583=CARTESIAN_POINT('Origin',(-61.7616492814811,-80.2865237448534,-21.8374617538172));
#14584=CARTESIAN_POINT('Origin',(-61.7616492814811,-80.2865237448534,-21.8374617538172));
#14585=CARTESIAN_POINT('Origin',(-61.7616492814811,-80.2865237448534,-21.8374617538172));
#14586=CARTESIAN_POINT('Origin',(-61.7616492814811,-80.2865237448534,-21.8374617538172));
#14587=CARTESIAN_POINT('Origin',(-42.,-77.6604521777665,-3.38850617189785));
#14588=CARTESIAN_POINT('Origin',(-42.,-101.536891923213,-16.1434427615614));
#14589=CARTESIAN_POINT('Origin',(-42.,-101.536891923213,-16.1434427615614));
#14590=CARTESIAN_POINT('Origin',(-42.,66.2624959393044,-41.9525438921753));
#14591=CARTESIAN_POINT('Origin',(42.0000000000001,-77.6604521777666,-3.38850617189788));
#14592=CARTESIAN_POINT('Origin',(61.7616492814814,-82.4486045121635,-21.2581339582455));
#14593=CARTESIAN_POINT('Origin',(61.7616492814814,-82.4486045121635,-21.2581339582455));
#14594=CARTESIAN_POINT('Origin',(61.7616492814814,-82.4486045121635,-21.2581339582455));
#14595=CARTESIAN_POINT('Origin',(61.7616492814814,-82.4486045121635,-21.2581339582455));
#14596=CARTESIAN_POINT('Origin',(42.0000000000001,66.2624959393046,-41.9525438921754));
#14597=CARTESIAN_POINT('Origin',(42.,71.0506482737013,-24.0829161058276));
#14598=CARTESIAN_POINT('Origin',(-57.7616492814811,-69.745043993853,-5.5094334025403));
#14599=CARTESIAN_POINT('',(-57.7616492814811,-77.549625026597,-18.4297068334994));
#14600=CARTESIAN_POINT('',(-57.7616492814811,-69.4462152690824,-20.6010089339641));
#14601=CARTESIAN_POINT('',(-57.7616492814811,-76.4896984135075,-18.713713313513));
#14602=CARTESIAN_POINT('',(-57.7616492814811,-70.0438727186236,9.58214212888346));
#14603=CARTESIAN_POINT('',(-57.7616492814811,-71.6614917505144,3.54510571457681));
#14604=CARTESIAN_POINT('',(-57.7616492814811,-61.940462961109,7.41084002841883));
#14605=CARTESIAN_POINT('',(-57.7616492814811,-63.0003895741986,7.69484650843246));
#14606=CARTESIAN_POINT('',(-57.7616492814811,-67.8285962371916,-14.5639725196574));
#14607=CARTESIAN_POINT('Origin',(-58.7616492814811,-72.6274175768035,3.80392475967934));
#14608=CARTESIAN_POINT('',(-57.7616492814811,-70.0438727186236,9.58214212888346));
#14609=CARTESIAN_POINT('',(-57.7616492814811,-77.549625026597,-18.4297068334994));
#14610=CARTESIAN_POINT('Origin',(-58.7616492814811,-62.741570529096,8.66077233472152));
#14611=CARTESIAN_POINT('',(-57.7616492814811,-61.940462961109,7.41084002841883));
#14612=CARTESIAN_POINT('Origin',(-58.7616492814811,-66.8626704109025,-14.8227915647599));
#14613=CARTESIAN_POINT('',(-57.7616492814811,-69.4462152690824,-20.6010089339641));
#14614=CARTESIAN_POINT('Origin',(-58.7616492814811,-76.74851745861,-19.6796391398021));
#14615=CARTESIAN_POINT('Origin',(-57.7616492814811,-43.4770451104472,-12.5479224901308));
#14616=CARTESIAN_POINT('',(-57.7616492814811,-53.9914020484574,-24.7421136556046));
#14617=CARTESIAN_POINT('',(-57.7616492814811,-40.4684404804105,-28.36558028704));
#14618=CARTESIAN_POINT('',(-57.7616492814811,-51.5765874827348,-25.3891612683609));
#14619=CARTESIAN_POINT('',(-57.7616492814811,-46.485649740484,3.26973530677833));
#14620=CARTESIAN_POINT('',(-57.7616492814811,-48.1032687723748,-2.76730110752833));
#14621=CARTESIAN_POINT('',(-57.7616492814811,-32.9626881724371,-0.353731324657134));
#14622=CARTESIAN_POINT('',(-57.7616492814811,-35.3775027381597,0.293316288099197));
#14623=CARTESIAN_POINT('',(-57.7616492814811,-38.8508214485197,-22.3285438727334));
#14624=CARTESIAN_POINT('Origin',(-58.7616492814811,-49.0691945986639,-2.50848206242579));
#14625=CARTESIAN_POINT('',(-57.7616492814811,-46.485649740484,3.26973530677833));
#14626=CARTESIAN_POINT('',(-57.7616492814811,-53.9914020484574,-24.7421136556046));
#14627=CARTESIAN_POINT('Origin',(-58.7616492814811,-35.1186836930572,1.25924211438826));
#14628=CARTESIAN_POINT('',(-57.7616492814811,-32.9626881724371,-0.353731324657134));
#14629=CARTESIAN_POINT('Origin',(-58.7616492814811,-37.8848956222306,-22.5873629178359));
#14630=CARTESIAN_POINT('',(-57.7616492814811,-40.4684404804105,-28.36558028704));
#14631=CARTESIAN_POINT('Origin',(-58.7616492814811,-51.8354065278373,-26.35508709465));
#14632=CARTESIAN_POINT('Origin',(-57.7616492814811,-4.83928283468887,-22.9008796892665));
#14633=CARTESIAN_POINT('',(-57.7616492814811,-25.0136272597854,-32.5066850086805));
#14634=CARTESIAN_POINT('',(-57.7616492814811,7.82930928243425,-41.3069233322353));
#14635=CARTESIAN_POINT('',(-57.7616492814811,-17.7688189505196,-34.4479255444667));
#14636=CARTESIAN_POINT('',(-57.7616492814811,-17.507874951812,-4.49483604629767));
#14637=CARTESIAN_POINT('',(-57.7616492814811,-19.1254939837028,-10.5318724606043));
#14638=CARTESIAN_POINT('',(-57.7616492814811,15.3350615904077,-13.2950743698525));
#14639=CARTESIAN_POINT('',(-57.7616492814811,8.09025328114183,-11.3538338340663));
#14640=CARTESIAN_POINT('',(-57.7616492814811,9.44692831432507,-35.2698869179287));
#14641=CARTESIAN_POINT('Origin',(-58.7616492814811,-20.0914198099919,-10.2730534155018));
#14642=CARTESIAN_POINT('',(-57.7616492814811,-17.507874951812,-4.49483604629767));
#14643=CARTESIAN_POINT('',(-57.7616492814811,-25.0136272597854,-32.5066850086805));
#14644=CARTESIAN_POINT('Origin',(-58.7616492814811,8.34907232624436,-10.3879080077772));
#14645=CARTESIAN_POINT('',(-57.7616492814811,15.3350615904077,-13.2950743698525));
#14646=CARTESIAN_POINT('Origin',(-58.7616492814811,10.4128541406141,-35.5287059630312));
#14647=CARTESIAN_POINT('',(-57.7616492814811,7.82930928243425,-41.3069233322353));
#14648=CARTESIAN_POINT('Origin',(-58.7616492814811,-18.0276379956221,-35.4138513707558));
#14649=CARTESIAN_POINT('Origin',(-57.7616492814811,36.2132940067921,-33.9008845011585));
#14650=CARTESIAN_POINT('',(-57.7616492814811,30.7898748110328,-17.436179091493));
#14651=CARTESIAN_POINT('',(-57.7616492814811,23.2841225030593,-45.4480280538759));
#14652=CARTESIAN_POINT('',(-57.7616492814811,29.1722557791419,-23.4732155057997));
#14653=CARTESIAN_POINT('',(-57.7616492814811,49.142465510525,-22.3537409484411));
#14654=CARTESIAN_POINT('',(-57.7616492814811,45.520243661941,-21.3831695293066));
#14655=CARTESIAN_POINT('',(-57.7616492814811,41.6367132025515,-50.365589910824));
#14656=CARTESIAN_POINT('',(-57.7616492814811,43.2543322344423,-44.3285534965173));
#14657=CARTESIAN_POINT('',(-57.7616492814811,26.9063443516433,-46.4185994730104));
#14658=CARTESIAN_POINT('Origin',(-58.7616492814811,45.7790627070435,-20.4172437030175));
#14659=CARTESIAN_POINT('',(-57.7616492814811,49.142465510525,-22.3537409484411));
#14660=CARTESIAN_POINT('',(-57.7616492814811,30.7898748110328,-17.436179091493));
#14661=CARTESIAN_POINT('Origin',(-58.7616492814811,44.2202580607314,-44.5873725416199));
#14662=CARTESIAN_POINT('',(-57.7616492814811,41.6367132025515,-50.365589910824));
#14663=CARTESIAN_POINT('Origin',(-58.7616492814811,26.6475253065408,-47.3845252992994));
#14664=CARTESIAN_POINT('',(-57.7616492814811,23.2841225030593,-45.4480280538759));
#14665=CARTESIAN_POINT('Origin',(-58.7616492814811,28.2063299528529,-23.2143964606971));
#14666=CARTESIAN_POINT('Origin',(57.7616492814812,-69.745043993853,-5.50943340254031));
#14667=CARTESIAN_POINT('',(57.7616492814812,-69.4462152690824,-20.6010089339641));
#14668=CARTESIAN_POINT('',(57.7616492814812,-77.549625026597,-18.4297068334994));
#14669=CARTESIAN_POINT('',(57.7616492814812,-70.506141882172,-20.3170024539504));
#14670=CARTESIAN_POINT('',(57.7616492814812,-61.9404629611089,7.41084002841882));
#14671=CARTESIAN_POINT('',(57.7616492814812,-63.5580819929998,1.37380361411217));
#14672=CARTESIAN_POINT('',(57.7616492814812,-70.0438727186235,9.58214212888345));
#14673=CARTESIAN_POINT('',(57.7616492814812,-68.9839461055339,9.29813564886983));
#14674=CARTESIAN_POINT('',(57.7616492814812,-75.9320059947062,-12.3926704191928));
#14675=CARTESIAN_POINT('Origin',(58.7616492814812,-62.5921561667107,1.11498456900963));
#14676=CARTESIAN_POINT('',(57.7616492814812,-61.9404629611089,7.41084002841882));
#14677=CARTESIAN_POINT('',(57.7616492814812,-69.4462152690824,-20.6010089339641));
#14678=CARTESIAN_POINT('Origin',(58.7616492814812,-68.7251270604314,10.2640614751589));
#14679=CARTESIAN_POINT('',(57.7616492814812,-70.0438727186235,9.58214212888345));
#14680=CARTESIAN_POINT('Origin',(58.7616492814812,-76.8979318209952,-12.1338513740902));
#14681=CARTESIAN_POINT('',(57.7616492814812,-77.549625026597,-18.4297068334994));
#14682=CARTESIAN_POINT('Origin',(58.7616492814812,-70.7649609272745,-21.2829282802395));
#14683=CARTESIAN_POINT('Origin',(57.7616492814812,-43.4770451104472,-12.5479224901309));
#14684=CARTESIAN_POINT('',(57.7616492814812,-40.4684404804104,-28.36558028704));
#14685=CARTESIAN_POINT('',(57.7616492814812,-53.9914020484574,-24.7421136556046));
#14686=CARTESIAN_POINT('',(57.7616492814812,-42.8832550461331,-27.7185326742837));
#14687=CARTESIAN_POINT('',(57.7616492814812,-32.962688172437,-0.353731324657152));
#14688=CARTESIAN_POINT('',(57.7616492814812,-34.5803072043278,-6.39076773896381));
#14689=CARTESIAN_POINT('',(57.7616492814812,-46.4856497404839,3.26973530677832));
#14690=CARTESIAN_POINT('',(57.7616492814812,-44.0708351747613,2.62268769402198));
#14691=CARTESIAN_POINT('',(57.7616492814812,-52.3737830165665,-18.7050772412979));
#14692=CARTESIAN_POINT('Origin',(58.7616492814812,-33.6143813780388,-6.64958678406634));
#14693=CARTESIAN_POINT('',(57.7616492814812,-32.962688172437,-0.353731324657152));
#14694=CARTESIAN_POINT('',(57.7616492814812,-40.4684404804104,-28.36558028704));
#14695=CARTESIAN_POINT('Origin',(58.7616492814812,-43.8120161296587,3.58861352031104));
#14696=CARTESIAN_POINT('',(57.7616492814812,-46.4856497404839,3.26973530677832));
#14697=CARTESIAN_POINT('Origin',(58.7616492814812,-53.3397088428556,-18.4462581961954));
#14698=CARTESIAN_POINT('',(57.7616492814812,-53.9914020484574,-24.7421136556046));
#14699=CARTESIAN_POINT('Origin',(58.7616492814812,-43.1420740912356,-28.6844585005728));
#14700=CARTESIAN_POINT('Origin',(57.7616492814812,-4.83928283468882,-22.9008796892665));
#14701=CARTESIAN_POINT('',(57.7616492814812,7.8293092824343,-41.3069233322354));
#14702=CARTESIAN_POINT('',(57.7616492814812,-25.0136272597854,-32.5066850086806));
#14703=CARTESIAN_POINT('',(57.7616492814812,0.584500973168444,-39.3656827964492));
#14704=CARTESIAN_POINT('',(57.7616492814812,15.3350615904077,-13.2950743698525));
#14705=CARTESIAN_POINT('',(57.7616492814812,13.7174425585169,-19.3321107841591));
#14706=CARTESIAN_POINT('',(57.7616492814812,-17.507874951812,-4.49483604629768));
#14707=CARTESIAN_POINT('',(57.7616492814812,-10.2630666425461,-6.43607658208385));
#14708=CARTESIAN_POINT('',(57.7616492814812,-23.3960082278946,-26.4696485943739));
#14709=CARTESIAN_POINT('Origin',(58.7616492814812,14.683368384806,-19.5909298292617));
#14710=CARTESIAN_POINT('',(57.7616492814812,15.3350615904077,-13.2950743698525));
#14711=CARTESIAN_POINT('',(57.7616492814812,7.8293092824343,-41.3069233322354));
#14712=CARTESIAN_POINT('Origin',(58.7616492814812,-10.0042475974436,-5.47015075579479));
#14713=CARTESIAN_POINT('',(57.7616492814812,-17.507874951812,-4.49483604629768));
#14714=CARTESIAN_POINT('Origin',(58.7616492814812,-24.3619340541836,-26.2108295492714));
#14715=CARTESIAN_POINT('',(57.7616492814812,-25.0136272597854,-32.5066850086806));
#14716=CARTESIAN_POINT('Origin',(58.7616492814812,0.325681928065912,-40.3316086227383));
#14717=CARTESIAN_POINT('Origin',(57.7616492814812,36.2132940067922,-33.9008845011585));
#14718=CARTESIAN_POINT('',(57.7616492814812,23.2841225030594,-45.4480280538759));
#14719=CARTESIAN_POINT('',(57.7616492814812,30.7898748110328,-17.436179091493));
#14720=CARTESIAN_POINT('',(57.7616492814812,24.9017415349502,-39.4109916395692));
#14721=CARTESIAN_POINT('',(57.7616492814812,41.6367132025516,-50.365589910824));
#14722=CARTESIAN_POINT('',(57.7616492814812,38.0144913539676,-49.3950184916895));
#14723=CARTESIAN_POINT('',(57.7616492814812,49.142465510525,-22.3537409484411));
#14724=CARTESIAN_POINT('',(57.7616492814812,47.5248464786342,-28.3907773627478));
#14725=CARTESIAN_POINT('',(57.7616492814812,34.4120966596168,-18.4067505106275));
#14726=CARTESIAN_POINT('Origin',(58.7616492814812,37.7556723088651,-50.3609443179786));
#14727=CARTESIAN_POINT('',(57.7616492814812,41.6367132025516,-50.365589910824));
#14728=CARTESIAN_POINT('',(57.7616492814812,23.2841225030594,-45.4480280538759));
#14729=CARTESIAN_POINT('Origin',(58.7616492814812,48.4907723049233,-28.6495964078503));
#14730=CARTESIAN_POINT('',(57.7616492814812,49.142465510525,-22.3537409484411));
#14731=CARTESIAN_POINT('Origin',(58.7616492814812,34.6709157047193,-17.4408246843384));
#14732=CARTESIAN_POINT('',(57.7616492814812,30.7898748110328,-17.436179091493));
#14733=CARTESIAN_POINT('Origin',(58.7616492814812,23.9358157086611,-39.1521725944667));
#14734=CARTESIAN_POINT('Origin',(-33.,-93.1438553287622,-0.275016981912814));
#14735=CARTESIAN_POINT('',(-28.,-96.6379124376465,-13.3150156368152));
#14736=CARTESIAN_POINT('',(-38.,-96.6379124376464,-13.3150156368152));
#14737=CARTESIAN_POINT('',(-29.5,-96.6379124376465,-13.3150156368152));
#14738=CARTESIAN_POINT('',(-28.,-89.6497982198781,12.7649816729896));
#14739=CARTESIAN_POINT('',(-28.,-91.1380077292176,7.21090817182743));
#14740=CARTESIAN_POINT('',(-37.9999999999999,-89.649798219878,12.7649816729896));
#14741=CARTESIAN_POINT('',(-36.4999999999999,-89.649798219878,12.7649816729896));
#14742=CARTESIAN_POINT('',(-38.,-95.1497029283069,-7.76094213565305));
#14743=CARTESIAN_POINT('Origin',(-27.,-92.1039335555067,7.46972721692995));
#14744=CARTESIAN_POINT('',(-28.,-89.6497982198781,12.7649816729896));
#14745=CARTESIAN_POINT('',(-28.,-96.6379124376465,-13.3150156368152));
#14746=CARTESIAN_POINT('Origin',(-36.4999999999999,-90.3569050010645,13.9897265443812));
#14747=CARTESIAN_POINT('',(-37.9999999999999,-89.649798219878,12.7649816729896));
#14748=CARTESIAN_POINT('Origin',(-39.,-96.1156287545959,-7.50212309055052));
#14749=CARTESIAN_POINT('',(-38.,-96.6379124376464,-13.3150156368152));
#14750=CARTESIAN_POINT('Origin',(-29.5,-97.862657309038,-14.0221224180017));
#14751=CARTESIAN_POINT('Origin',(2.22044604925031E-14,-93.1438553287623,
-0.275016981912941));
#14752=CARTESIAN_POINT('',(12.,-96.6379124376465,-13.3150156368154));
#14753=CARTESIAN_POINT('',(-12.,-96.6379124376465,-13.3150156368153));
#14754=CARTESIAN_POINT('',(6.99999999999997,-96.6379124376465,-13.3150156368153));
#14755=CARTESIAN_POINT('',(12.0000000000001,-89.6497982198781,12.7649816729894));
#14756=CARTESIAN_POINT('',(12.,-91.1380077292176,7.21090817182727));
#14757=CARTESIAN_POINT('',(-11.9999999999999,-89.6497982198781,12.7649816729895));
#14758=CARTESIAN_POINT('',(-6.99999999999991,-89.6497982198781,12.7649816729895));
#14759=CARTESIAN_POINT('',(-12.,-95.1497029283069,-7.76094213565315));
#14760=CARTESIAN_POINT('Origin',(13.,-92.1039335555067,7.4697272169298));
#14761=CARTESIAN_POINT('',(12.0000000000001,-89.6497982198781,12.7649816729894));
#14762=CARTESIAN_POINT('',(12.,-96.6379124376465,-13.3150156368154));
#14763=CARTESIAN_POINT('Origin',(-6.99999999999991,-90.3569050010646,13.9897265443811));
#14764=CARTESIAN_POINT('',(-11.9999999999999,-89.6497982198781,12.7649816729895));
#14765=CARTESIAN_POINT('Origin',(-13.,-96.115628754596,-7.50212309055061));
#14766=CARTESIAN_POINT('',(-12.,-96.6379124376465,-13.3150156368153));
#14767=CARTESIAN_POINT('Origin',(6.99999999999997,-97.8626573090381,-14.0221224180019));
#14768=CARTESIAN_POINT('Origin',(33.,-93.1438553287623,-0.275016981913063));
#14769=CARTESIAN_POINT('',(38.,-96.6379124376465,-13.3150156368155));
#14770=CARTESIAN_POINT('',(28.,-96.6379124376465,-13.3150156368154));
#14771=CARTESIAN_POINT('',(36.5,-96.6379124376465,-13.3150156368155));
#14772=CARTESIAN_POINT('',(38.0000000000001,-89.6497982198781,12.7649816729893));
#14773=CARTESIAN_POINT('',(38.,-91.1380077292177,7.21090817182717));
#14774=CARTESIAN_POINT('',(28.0000000000001,-89.6497982198781,12.7649816729893));
#14775=CARTESIAN_POINT('',(29.5000000000001,-89.6497982198781,12.7649816729893));
#14776=CARTESIAN_POINT('',(28.,-95.1497029283069,-7.7609421356533));
#14777=CARTESIAN_POINT('Origin',(39.,-92.1039335555068,7.4697272169297));
#14778=CARTESIAN_POINT('',(38.0000000000001,-89.6497982198781,12.7649816729893));
#14779=CARTESIAN_POINT('',(38.,-96.6379124376465,-13.3150156368155));
#14780=CARTESIAN_POINT('Origin',(29.5000000000001,-90.3569050010646,13.9897265443809));
#14781=CARTESIAN_POINT('',(28.0000000000001,-89.6497982198781,12.7649816729893));
#14782=CARTESIAN_POINT('Origin',(27.,-96.115628754596,-7.50212309055077));
#14783=CARTESIAN_POINT('',(28.,-96.6379124376465,-13.3150156368154));
#14784=CARTESIAN_POINT('Origin',(36.5,-97.8626573090381,-14.022122418002));
#14785=CARTESIAN_POINT('Origin',(-26.,-19.8094166728544,1.45794007589262));
#14786=CARTESIAN_POINT('',(-26.,2.34635657342349,-9.60626519715999));
#14787=CARTESIAN_POINT('',(-26.,-45.6573135729931,3.25627945230297));
#14788=CARTESIAN_POINT('',(-26.,24.4880917637983,-15.539125260445));
#14789=CARTESIAN_POINT('',(-26.,-0.0846692102196663,-11.0098185877532));
#14790=CARTESIAN_POINT('',(-26.,-1.11709794136039,-11.6058915935964));
#14791=CARTESIAN_POINT('',(-26.,-1.67818920493497,-11.219609475013));
#14792=CARTESIAN_POINT('Origin',(-26.,-1.13466921021965,-9.19116523980593));
#14793=CARTESIAN_POINT('',(-26.,-42.9786268291678,-0.153190566547321));
#14794=CARTESIAN_POINT('',(-26.,-11.7212156630312,-8.52858864600156));
#14795=CARTESIAN_POINT('',(-26.,-44.2537601823998,0.825253668659802));
#14796=CARTESIAN_POINT('Origin',(-26.,-42.4351068344525,1.87525366865981));
#14797=CARTESIAN_POINT('',(-26.,-41.33519786903,-4.22984454315271));
#14798=CARTESIAN_POINT('Origin',(27.,-19.8094166728544,1.45794007589262));
#14799=CARTESIAN_POINT('',(27.,-44.2537601823998,0.825253668659789));
#14800=CARTESIAN_POINT('',(27.,-45.6573135729931,3.25627945230296));
#14801=CARTESIAN_POINT('',(27.,-41.33519786903,-4.22984454315271));
#14802=CARTESIAN_POINT('',(27.,-42.9786268291678,-0.153190566547262));
#14803=CARTESIAN_POINT('Origin',(27.,-42.4351068344525,1.87525366865981));
#14804=CARTESIAN_POINT('',(27.,-1.67818920493497,-11.219609475013));
#14805=CARTESIAN_POINT('',(27.,-11.7212156630312,-8.52858864600156));
#14806=CARTESIAN_POINT('',(27.,-0.0846692102196761,-11.0098185877533));
#14807=CARTESIAN_POINT('Origin',(27.,-1.13466921021965,-9.19116523980593));
#14808=CARTESIAN_POINT('',(27.,2.34635657342349,-9.60626519715999));
#14809=CARTESIAN_POINT('',(27.,-1.11709794136039,-11.6058915935964));
#14810=CARTESIAN_POINT('',(27.,24.4880917637983,-15.539125260445));
#14811=CARTESIAN_POINT('Origin',(42.,70.5851342216624,-25.8202381996733));
#14812=CARTESIAN_POINT('Origin',(0.,8.24533605898986,-8.50988887998277));
#14813=CARTESIAN_POINT('',(-24.,6.81045818856127,-9.33831600472893));
#14814=CARTESIAN_POINT('',(-24.,-0.117097941360417,-13.3379424011653));
#14815=CARTESIAN_POINT('',(25.,6.81045818856127,-9.33831600472893));
#14816=CARTESIAN_POINT('',(21.,6.81045818856127,-9.33831600472893));
#14817=CARTESIAN_POINT('',(25.,-0.117097941360417,-13.3379424011653));
#14818=CARTESIAN_POINT('Origin',(-24.,-41.33519786903,-4.22984454315271));
#14819=CARTESIAN_POINT('Origin',(-24.,-45.6573135729931,3.25627945230295));
#14820=CARTESIAN_POINT('Origin',(-24.,-44.2537601823998,0.825253668659802));
#14821=CARTESIAN_POINT('Origin',(-24.,-42.4351068344525,1.87525366865981));
#14822=CARTESIAN_POINT('Origin',(-24.,-42.9786268291678,-0.153190566547321));
#14823=CARTESIAN_POINT('Origin',(-24.,-11.7212156630312,-8.52858864600156));
#14824=CARTESIAN_POINT('Origin',(-24.,-1.67818920493497,-11.219609475013));
#14825=CARTESIAN_POINT('Origin',(-24.,-1.13466921021965,-9.19116523980593));
#14826=CARTESIAN_POINT('Origin',(-24.,-0.0846692102196663,-11.0098185877532));
#14827=CARTESIAN_POINT('Origin',(-24.,-1.11709794136039,-11.6058915935964));
#14828=CARTESIAN_POINT('Origin',(-24.,2.34635657342349,-9.60626519715999));
#14829=CARTESIAN_POINT('Origin',(-28.,24.4880917637983,-15.539125260445));
#14830=CARTESIAN_POINT('Origin',(-28.,-45.6573135729931,3.25627945230296));
#14831=CARTESIAN_POINT('Origin',(-28.,2.34635657342348,-9.60626519715999));
#14832=CARTESIAN_POINT('Origin',(21.,7.81045818856124,-11.0703668122978));
#14833=CARTESIAN_POINT('Origin',(25.,7.81045818856124,-11.0703668122978));
#14834=CARTESIAN_POINT('Origin',(-24.,7.81045818856124,-11.0703668122978));
#14835=CARTESIAN_POINT('Origin',(21.,-51.1214151881308,4.72038106744078));
#14836=CARTESIAN_POINT('Origin',(25.,-51.1214151881308,4.72038106744078));
#14837=CARTESIAN_POINT('Origin',(-24.,-51.1214151881308,4.72038106744078));
#14838=CARTESIAN_POINT('Origin',(29.,24.4880917637983,-15.539125260445));
#14839=CARTESIAN_POINT('Origin',(29.,2.34635657342349,-9.60626519715999));
#14840=CARTESIAN_POINT('Origin',(29.,-45.6573135729931,3.25627945230296));
#14841=CARTESIAN_POINT('Origin',(25.,-1.11709794136039,-11.6058915935964));
#14842=CARTESIAN_POINT('Origin',(25.,2.34635657342349,-9.60626519716));
#14843=CARTESIAN_POINT('Origin',(25.,-0.0846692102196761,-11.0098185877533));
#14844=CARTESIAN_POINT('Origin',(25.,-1.13466921021965,-9.19116523980593));
#14845=CARTESIAN_POINT('Origin',(25.,-1.67818920493497,-11.219609475013));
#14846=CARTESIAN_POINT('Origin',(25.,-11.7212156630312,-8.52858864600156));
#14847=CARTESIAN_POINT('Origin',(25.,-42.9786268291678,-0.153190566547262));
#14848=CARTESIAN_POINT('Origin',(25.,-42.4351068344525,1.87525366865981));
#14849=CARTESIAN_POINT('Origin',(25.,-44.2537601823998,0.825253668659789));
#14850=CARTESIAN_POINT('Origin',(25.,-41.33519786903,-4.22984454315271));
#14851=CARTESIAN_POINT('Origin',(25.,-45.6573135729931,3.25627945230297));
#14852=CARTESIAN_POINT('Ctrl Pts',(25.,-50.6037770979258,6.65223272001891));
#14853=CARTESIAN_POINT('Ctrl Pts',(25.5983986006838,-50.6037770979258,6.65223272001891));
#14854=CARTESIAN_POINT('Ctrl Pts',(26.7930888274884,-50.2299006760715,6.55205283471402));
#14855=CARTESIAN_POINT('Ctrl Pts',(28.4755361026806,-48.4019560097359,6.06225653756061));
#14856=CARTESIAN_POINT('Ctrl Pts',(29.,-46.3658170179726,5.51667473904008));
#14857=CARTESIAN_POINT('Ctrl Pts',(29.,-45.139675482788,5.18813110488108));
#14858=CARTESIAN_POINT('Ctrl Pts',(25.,-50.3147727665179,6.57479424280908));
#14859=CARTESIAN_POINT('Ctrl Pts',(25.5350805598743,-50.3147727665179,6.57479424280908));
#14860=CARTESIAN_POINT('Ctrl Pts',(26.6036315407242,-49.955198290228,6.47671613066683));
#14861=CARTESIAN_POINT('Ctrl Pts',(28.0730226047075,-48.2029917291562,6.00827500174394));
#14862=CARTESIAN_POINT('Ctrl Pts',(28.4633956281214,-46.2743470715068,5.489546981795));
#14863=CARTESIAN_POINT('Ctrl Pts',(28.4016013993162,-45.139675482788,5.18813110488108));
#14864=CARTESIAN_POINT('Ctrl Pts',(25.,-49.8403012915838,6.32385854522069));
#14865=CARTESIAN_POINT('Ctrl Pts',(25.4244038642486,-49.8403012915838,6.32385854522069));
#14866=CARTESIAN_POINT('Ctrl Pts',(26.2700340882406,-49.5101304461864,6.21424424359812));
#14867=CARTESIAN_POINT('Ctrl Pts',(27.3687237839155,-47.9203092776541,5.67472649655634));
#14868=CARTESIAN_POINT('Ctrl Pts',(27.5256151501973,-46.2173905859269,5.06919506740713));
#14869=CARTESIAN_POINT('Ctrl Pts',(27.3654859607417,-45.2695977174446,4.70325472410985));
#14870=CARTESIAN_POINT('Ctrl Pts',(25.,-49.5015641181901,5.91471671360871));
#14871=CARTESIAN_POINT('Ctrl Pts',(25.3327553107616,-49.5015641181901,5.91471671360871));
#14872=CARTESIAN_POINT('Ctrl Pts',(25.9968575356529,-49.2209833008134,5.76552044484098));
#14873=CARTESIAN_POINT('Ctrl Pts',(26.883754305746,-47.8629533865422,5.03059724262665));
#14874=CARTESIAN_POINT('Ctrl Pts',(27.0718396389525,-46.3899358071491,4.19957888348433));
#14875=CARTESIAN_POINT('Ctrl Pts',(27.,-45.5411558571783,3.68978594941473));
#14876=CARTESIAN_POINT('Ctrl Pts',(25.,-49.3893643805619,5.72038106744076));
#14877=CARTESIAN_POINT('Ctrl Pts',(25.2991993003419,-49.3893643805619,5.72038106744076));
#14878=CARTESIAN_POINT('Ctrl Pts',(25.8965444137442,-49.1340020354975,5.55177704799853));
#14879=CARTESIAN_POINT('Ctrl Pts',(26.7377680513403,-47.8854926100341,4.72744365854958));
#14880=CARTESIAN_POINT('Ctrl Pts',(27.,-46.4947838158418,3.80922256171836));
#14881=CARTESIAN_POINT('Ctrl Pts',(27.,-45.6573135729931,3.25627945230296));
#14882=CARTESIAN_POINT('Ctrl Pts',(29.,2.86399466362855,-7.67441354458186));
#14883=CARTESIAN_POINT('Ctrl Pts',(29.,4.09013619881319,-8.00295717874086));
#14884=CARTESIAN_POINT('Ctrl Pts',(28.4758657638746,6.12645345524933,-8.54858674313651));
#14885=CARTESIAN_POINT('Ctrl Pts',(26.7932252279277,7.95435112150994,-9.0383704466578));
#14886=CARTESIAN_POINT('Ctrl Pts',(25.5983986006838,8.3280962787663,-9.13851515971969));
#14887=CARTESIAN_POINT('Ctrl Pts',(25.,8.3280962787663,-9.13851515971969));
#14888=CARTESIAN_POINT('Ctrl Pts',(28.4016013993162,2.86399466362855,-7.67441354458186));
#14889=CARTESIAN_POINT('Ctrl Pts',(28.4633956281214,3.99735702286847,-7.9807155324299));
#14890=CARTESIAN_POINT('Ctrl Pts',(28.0732021664699,5.92731290399734,-8.49550117052748));
#14891=CARTESIAN_POINT('Ctrl Pts',(26.6036835488465,7.67886051321403,-8.96604835242288));
#14892=CARTESIAN_POINT('Ctrl Pts',(25.5350805598743,8.03909194735846,-9.06107668250986));
#14893=CARTESIAN_POINT('Ctrl Pts',(25.,8.03909194735846,-9.06107668250986));
#14894=CARTESIAN_POINT('Ctrl Pts',(27.3652877718877,2.73413400771383,-8.15906011035979));
#14895=CARTESIAN_POINT('Ctrl Pts',(27.5254169613433,3.73791688099384,-8.3160429110359));
#14896=CARTESIAN_POINT('Ctrl Pts',(27.3692212977048,5.51556514597003,-8.64337747026811));
#14897=CARTESIAN_POINT('Ctrl Pts',(26.2702159124023,7.1621161355697,-8.97101385912249));
#14898=CARTESIAN_POINT('Ctrl Pts',(25.4244038642486,7.50271792384178,-9.0411368480819));
#14899=CARTESIAN_POINT('Ctrl Pts',(25.,7.50271792384178,-9.0411368480819));
#14900=CARTESIAN_POINT('Ctrl Pts',(27.,2.46251428923824,-9.17275870004823));
#14901=CARTESIAN_POINT('Ctrl Pts',(27.0718396389525,3.4524757551706,-9.15565504345954));
#14902=CARTESIAN_POINT('Ctrl Pts',(26.8839462003316,5.14381304338954,-9.17257085824828));
#14903=CARTESIAN_POINT('Ctrl Pts',(25.9969213004814,6.68731798397511,-9.21508288934966));
#14904=CARTESIAN_POINT('Ctrl Pts',(25.3327553107616,7.00479383472921,-9.22611626710072));
#14905=CARTESIAN_POINT('Ctrl Pts',(25.,7.00479383472921,-9.22611626710072));
#14906=CARTESIAN_POINT('Ctrl Pts',(27.,2.34635657342349,-9.60626519716));
#14907=CARTESIAN_POINT('Ctrl Pts',(27.,3.34809863335171,-9.54613753898309));
#14908=CARTESIAN_POINT('Ctrl Pts',(26.7379328819373,5.01174396677774,-9.44628039817079));
#14909=CARTESIAN_POINT('Ctrl Pts',(25.8966126139638,6.50511314235352,-9.35664375924661));
#14910=CARTESIAN_POINT('Ctrl Pts',(25.2991993003419,6.81045818856126,-9.33831600472893));
#14911=CARTESIAN_POINT('Ctrl Pts',(25.,6.81045818856126,-9.33831600472893));
#14912=CARTESIAN_POINT('Ctrl Pts',(-28.,-45.139675482788,5.1881311048811));
#14913=CARTESIAN_POINT('Ctrl Pts',(-28.,-46.3658170179727,5.51667473904009));
#14914=CARTESIAN_POINT('Ctrl Pts',(-27.4755413952977,-48.4019589496642,
6.06225732531201));
#14915=CARTESIAN_POINT('Ctrl Pts',(-25.7930911817975,-50.2299028141561,
6.55205340761206));
#14916=CARTESIAN_POINT('Ctrl Pts',(-24.5983986006838,-50.6037770979258,
6.65223272001892));
#14917=CARTESIAN_POINT('Ctrl Pts',(-24.,-50.6037770979258,6.65223272001892));
#14918=CARTESIAN_POINT('Ctrl Pts',(-27.4016013993162,-45.139675482788,5.1881311048811));
#14919=CARTESIAN_POINT('Ctrl Pts',(-27.4633956281214,-46.2743470715069,
5.48954698179501));
#14920=CARTESIAN_POINT('Ctrl Pts',(-27.0730254573142,-48.2029940055243,
6.00828205406474));
#14921=CARTESIAN_POINT('Ctrl Pts',(-25.6036324878436,-49.9551997826639,
6.47672042862848));
#14922=CARTESIAN_POINT('Ctrl Pts',(-24.5350805598743,-50.3147727665179,
6.57479424280908));
#14923=CARTESIAN_POINT('Ctrl Pts',(-24.,-50.3147727665179,6.57479424280908));
#14924=CARTESIAN_POINT('Ctrl Pts',(-26.3654830402468,-45.2695968100253,
4.70325811064504));
#14925=CARTESIAN_POINT('Ctrl Pts',(-26.5256122297023,-46.2173896785075,
5.06919845394233));
#14926=CARTESIAN_POINT('Ctrl Pts',(-26.3687316342974,-47.9203122361968,
5.67472726699989));
#14927=CARTESIAN_POINT('Ctrl Pts',(-25.2700372233965,-49.5101325477199,
6.21424519413947));
#14928=CARTESIAN_POINT('Ctrl Pts',(-24.4244038642486,-49.8403011151568,
6.3238587970427));
#14929=CARTESIAN_POINT('Ctrl Pts',(-24.,-49.8403011151568,6.3238587970427));
#14930=CARTESIAN_POINT('Ctrl Pts',(-26.,-45.5411558571783,3.68978594941473));
#14931=CARTESIAN_POINT('Ctrl Pts',(-26.0718396389525,-46.3899358071491,
4.19957888348434));
#14932=CARTESIAN_POINT('Ctrl Pts',(-25.8837573653709,-47.8629563622434,
5.03059727273237));
#14933=CARTESIAN_POINT('Ctrl Pts',(-24.9968586709344,-49.2209853020564,
5.76552064903526));
#14934=CARTESIAN_POINT('Ctrl Pts',(-24.3327553107616,-49.5015641181901,
5.91471671360871));
#14935=CARTESIAN_POINT('Ctrl Pts',(-24.,-49.5015641181901,5.91471671360871));
#14936=CARTESIAN_POINT('Ctrl Pts',(-26.,-45.6573135729931,3.25627945230296));
#14937=CARTESIAN_POINT('Ctrl Pts',(-26.,-46.4947838158418,3.80922256171837));
#14938=CARTESIAN_POINT('Ctrl Pts',(-25.7377706976488,-47.8854946180425,
4.72744498434519));
#14939=CARTESIAN_POINT('Ctrl Pts',(-24.8965455908987,-49.1340034958364,
5.5517780121932));
#14940=CARTESIAN_POINT('Ctrl Pts',(-24.2991993003419,-49.3893643805619,
5.72038106744076));
#14941=CARTESIAN_POINT('Ctrl Pts',(-24.,-49.3893643805619,5.72038106744076));
#14942=CARTESIAN_POINT('Ctrl Pts',(-24.,8.3280962787663,-9.13851515971969));
#14943=CARTESIAN_POINT('Ctrl Pts',(-24.5983986006838,8.3280962787663,-9.13851515971969));
#14944=CARTESIAN_POINT('Ctrl Pts',(-25.7932302545874,7.95435633712287,-9.03837184417707));
#14945=CARTESIAN_POINT('Ctrl Pts',(-27.4758790908356,6.12646043075888,-8.54858861221866));
#14946=CARTESIAN_POINT('Ctrl Pts',(-28.,4.09013619881319,-8.00295717874086));
#14947=CARTESIAN_POINT('Ctrl Pts',(-28.,2.86399466362855,-7.67441354458186));
#14948=CARTESIAN_POINT('Ctrl Pts',(-24.,8.03909194735845,-9.06107668250986));
#14949=CARTESIAN_POINT('Ctrl Pts',(-24.5350805598743,8.03909194735845,-9.06107668250986));
#14950=CARTESIAN_POINT('Ctrl Pts',(-25.6036853188767,7.67886864148733,-8.96604139878465));
#14951=CARTESIAN_POINT('Ctrl Pts',(-27.0732095150266,5.92732623441485,-8.49548905159774));
#14952=CARTESIAN_POINT('Ctrl Pts',(-27.4633956281214,3.99735702286847,-7.9807155324299));
#14953=CARTESIAN_POINT('Ctrl Pts',(-27.4016013993162,2.86399466362855,-7.67441354458186));
#14954=CARTESIAN_POINT('Ctrl Pts',(-24.,7.50271784335853,-9.04113593094679));
#14955=CARTESIAN_POINT('Ctrl Pts',(-24.4244038642487,7.50271784335853,-9.04113593094679));
#14956=CARTESIAN_POINT('Ctrl Pts',(-25.2702226112896,7.16212165238726,-8.97101432093243));
#14957=CARTESIAN_POINT('Ctrl Pts',(-26.3692418072731,5.51557166519067,-8.64337954791797));
#14958=CARTESIAN_POINT('Ctrl Pts',(-26.5254082166207,3.73791959804379,-8.31603277086744));
#14959=CARTESIAN_POINT('Ctrl Pts',(-26.3652790271651,2.73413672476379,-8.15904997019132));
#14960=CARTESIAN_POINT('Ctrl Pts',(-24.,7.00479383472922,-9.22611626710072));
#14961=CARTESIAN_POINT('Ctrl Pts',(-24.3327553107616,7.00479383472922,-9.22611626710072));
#14962=CARTESIAN_POINT('Ctrl Pts',(-24.9969235475355,6.68732243688467,-9.21508478418459));
#14963=CARTESIAN_POINT('Ctrl Pts',(-25.8839540207225,5.14381921925472,-9.17257444973602));
#14964=CARTESIAN_POINT('Ctrl Pts',(-26.0718396389525,3.4524757551706,-9.15565504345954));
#14965=CARTESIAN_POINT('Ctrl Pts',(-26.,2.46251428923824,-9.17275870004822));
#14966=CARTESIAN_POINT('Ctrl Pts',(-24.,6.81045818856127,-9.33831600472893));
#14967=CARTESIAN_POINT('Ctrl Pts',(-24.2991993003419,6.81045818856127,-9.33831600472893));
#14968=CARTESIAN_POINT('Ctrl Pts',(-24.8966151272937,6.50511740344304,-9.35664350348282));
#14969=CARTESIAN_POINT('Ctrl Pts',(-25.7379395454178,5.01174966568044,-9.44628005610501));
#14970=CARTESIAN_POINT('Ctrl Pts',(-26.,3.34809863335171,-9.54613753898308));
#14971=CARTESIAN_POINT('Ctrl Pts',(-26.,2.34635657342349,-9.60626519715999));
#14972=CARTESIAN_POINT('Origin',(4.219837082163,78.0000000000006,-37.9400000000004));
#14973=CARTESIAN_POINT('',(4.21983708216299,83.0000000000006,-37.9400000000004));
#14974=CARTESIAN_POINT('',(2.10991854108127,83.0000000000006,-37.9400000000004));
#14975=CARTESIAN_POINT('',(4.219837082163,78.0000000000006,-37.9400000000004));
#14976=CARTESIAN_POINT('Origin',(-2.36825663614078E-13,78.0000000000006,
-45.0000000000004));
#14977=CARTESIAN_POINT('Origin',(-2.36825663614078E-13,83.0000000000006,
-45.0000000000004));
#14978=CARTESIAN_POINT('Origin',(-4.44089209850063E-13,83.0000000000006,
-45.0000000000004));
#14979=CARTESIAN_POINT('',(-11.6500000000004,83.0000000000006,-45.0000000000004));
#14980=CARTESIAN_POINT('Origin',(-4.44089209850063E-13,83.0000000000006,
-45.0000000000004));
#14981=CARTESIAN_POINT('Origin',(-4.44089209850063E-13,78.0000000000006,
-45.0000000000004));
#14982=CARTESIAN_POINT('',(-11.6500000000004,78.4000000000006,-45.0000000000004));
#14983=CARTESIAN_POINT('',(-4.45515923371069E-13,78.4000000000006,-56.6500000000004));
#14984=CARTESIAN_POINT('Origin',(-4.44089209850063E-13,78.4000000000006,
-45.0000000000004));
#14985=CARTESIAN_POINT('',(-11.6500000000004,78.0000000000006,-45.0000000000004));
#14986=CARTESIAN_POINT('Origin',(-4.44089209850063E-13,78.4000000000006,
-45.0000000000004));
#14987=CARTESIAN_POINT('Origin',(-4.44089209850063E-13,78.4000000000006,
-45.0000000000004));
#14988=CARTESIAN_POINT('Origin',(-4.45564909243035E-13,78.4000000000006,
-57.0500000000004));
#14989=CARTESIAN_POINT('Origin',(42.,75.3125340559334,-8.17734183048276));
#14990=CARTESIAN_POINT('Origin',(3.99680288865056E-14,-1.37633983687298,
-6.53821933953461));
#14991=CARTESIAN_POINT('',(49.6369824993839,-86.0049881999165,16.1379586458815));
#14992=CARTESIAN_POINT('',(42.,-87.9963906599477,16.6715533268522));
#14993=CARTESIAN_POINT('Origin',(42.,-73.3378138954083,12.7437995206041));
#14994=CARTESIAN_POINT('',(24.9828287552142,-87.9963906599477,16.6715533268522));
#14995=CARTESIAN_POINT('',(-42.,-87.9963906599477,16.6715533268522));
#14996=CARTESIAN_POINT('',(24.8989794855664,-88.5623980013017,16.8232145368781));
#14997=CARTESIAN_POINT('Origin',(20.,-87.5964721750126,16.5643954917756));
#14998=CARTESIAN_POINT('',(42.,-88.5623980013015,16.8232145368781));
#14999=CARTESIAN_POINT('',(-21.,-88.5623980013016,16.8232145368781));
#15000=CARTESIAN_POINT('',(50.0934434479018,-86.4019655605207,16.2443284090688));
#15001=CARTESIAN_POINT('Origin',(42.,-73.3378138954084,12.7437995206041));
#15002=CARTESIAN_POINT('Origin',(53.2044679781828,-82.621069011097,15.2312402319851));
#15003=CARTESIAN_POINT('Origin',(53.2044679781828,-91.731859627852,-18.7706932468646));
#15004=CARTESIAN_POINT('',(50.0934434479018,-86.3907966240543,16.2860114474278));
#15005=CARTESIAN_POINT('',(50.0934434479019,-95.5127561772757,-17.7576050697808));
#15006=CARTESIAN_POINT('Ctrl Pts',(49.6369824993839,-86.0049881999165,16.1379586458815));
#15007=CARTESIAN_POINT('Ctrl Pts',(49.7812555258411,-86.1468988303229,16.1759834846963));
#15008=CARTESIAN_POINT('Ctrl Pts',(49.9339037493385,-86.2756270998702,16.2259102039476));
#15009=CARTESIAN_POINT('Ctrl Pts',(50.0934434479018,-86.3907966240543,16.2860114474278));
#15010=CARTESIAN_POINT('Origin',(42.,-68.6104140611376,30.3866958897947));
#15011=CARTESIAN_POINT('',(42.,-88.5512290648353,16.8648975752372));
#15012=CARTESIAN_POINT('',(42.,-83.8349981670308,34.4661109060687));
#15013=CARTESIAN_POINT('Origin',(42.,-73.3266449589419,12.7854825589631));
#15014=CARTESIAN_POINT('Origin',(-42.,-83.8349981670307,34.4661109060687));
#15015=CARTESIAN_POINT('',(24.8989794855664,-88.5512290648352,16.8648975752371));
#15016=CARTESIAN_POINT('',(24.8989794855664,-97.6731886180566,-17.1787189419716));
#15017=CARTESIAN_POINT('',(-42.,-88.5512290648352,16.8648975752371));
#15018=CARTESIAN_POINT('Origin',(20.,-96.7072627917675,-17.4375379870741));
#15019=CARTESIAN_POINT('Ctrl Pts',(24.8989794855664,-88.5512290648352,16.8648975752371));
#15020=CARTESIAN_POINT('Ctrl Pts',(24.938636550648,-88.3710163060938,16.7868237596515));
#15021=CARTESIAN_POINT('Ctrl Pts',(24.9666170105188,-88.1848517920307,16.7220513349985));
#15022=CARTESIAN_POINT('Ctrl Pts',(24.9828287552142,-87.9963906599477,16.6715533268522));
#15023=CARTESIAN_POINT('Origin',(-42.,-86.9611144795375,20.5352566320085));
#15024=CARTESIAN_POINT('Origin',(42.,-86.9611144795375,20.5352566320085));
#15025=CARTESIAN_POINT('Origin',(42.,-72.3025377149981,16.6075028257603));
#15026=CARTESIAN_POINT('Origin',(-42.,86.278987166612,-25.8842887007652));
#15027=CARTESIAN_POINT('',(29.9828287552142,85.2437109862018,-29.7479920059214));
#15028=CARTESIAN_POINT('',(29.8989794855664,85.820887264022,-29.8579701775883));
#15029=CARTESIAN_POINT('Ctrl Pts',(29.9828287552142,85.2437109862018,-29.7479920059214));
#15030=CARTESIAN_POINT('Ctrl Pts',(29.9666170105188,85.4321721182849,-29.7984900140678));
#15031=CARTESIAN_POINT('Ctrl Pts',(29.938636550648,85.6257815290732,-29.8354777058851));
#15032=CARTESIAN_POINT('Ctrl Pts',(29.8989794855664,85.8208872640221,-29.8579701775883));
#15033=CARTESIAN_POINT('',(42.,85.8208872640221,-29.8579701775883));
#15034=CARTESIAN_POINT('',(-42.,85.8208872640221,-29.8579701775883));
#15035=CARTESIAN_POINT('',(42.,85.2437109862018,-29.7479920059214));
#15036=CARTESIAN_POINT('Origin',(42.,86.278987166612,-25.8842887007652));
#15037=CARTESIAN_POINT('',(-42.,85.2437109862018,-29.7479920059214));
#15038=CARTESIAN_POINT('Origin',(42.,71.6204104020726,-21.956534894517));
#15039=CARTESIAN_POINT('',(47.6526314570949,84.8081332019286,-29.586603544519));
#15040=CARTESIAN_POINT('',(47.27346139062,84.330218941633,-29.5032225502869));
#15041=CARTESIAN_POINT('Ctrl Pts',(47.6526314570949,84.8081332019286,-29.586603544519));
#15042=CARTESIAN_POINT('Ctrl Pts',(47.6219078612127,84.7730985902948,-29.5838505068628));
#15043=CARTESIAN_POINT('Ctrl Pts',(47.5915731766524,84.7377292736195,-29.58030715403));
#15044=CARTESIAN_POINT('Ctrl Pts',(47.4594575281372,84.5801558220673,-29.5610782348158));
#15045=CARTESIAN_POINT('Ctrl Pts',(47.363267055045,84.455966275761,-29.5369164469169));
#15046=CARTESIAN_POINT('Ctrl Pts',(47.27346139062,84.330218941633,-29.503222550287));
#15047=CARTESIAN_POINT('Origin',(42.,70.5851342216624,-25.8202381996733));
#15048=CARTESIAN_POINT('Origin',(42.,70.5963031581288,-25.7785551613143));
#15049=CARTESIAN_POINT('Origin',(42.,75.3125340559334,-8.17734183048276));
#15050=CARTESIAN_POINT('',(42.,85.8097183275557,-29.8996532159473));
#15051=CARTESIAN_POINT('',(47.652631457095,84.7969642654623,-29.6282865828781));
#15052=CARTESIAN_POINT('Origin',(42.,70.5851342216626,-25.8202381996734));
#15053=CARTESIAN_POINT('',(47.652631457095,75.6861736487074,-63.6302200617277));
#15054=CARTESIAN_POINT('',(42.,90.5371181618266,-12.2567568467568));
#15055=CARTESIAN_POINT('Origin',(42.,90.5371181618265,-12.2567568467567));
#15056=CARTESIAN_POINT('',(29.8989794855664,85.8097183275557,-29.8996532159473));
#15057=CARTESIAN_POINT('',(21.,85.8097183275557,-29.8996532159473));
#15058=CARTESIAN_POINT('',(29.8989794855664,76.6989277108007,-63.901586694797));
#15059=CARTESIAN_POINT('Origin',(25.,75.7330018845117,-63.6427676496944));
#15060=CARTESIAN_POINT('Origin',(25.,84.8437925012666,-29.6408341708448));
#15061=CARTESIAN_POINT('Origin',(51.3891686996206,72.4769892896806,-62.7703217043638));
#15062=CARTESIAN_POINT('Origin',(51.3891686996206,81.5877799064356,-28.7683882255142));
#15063=CARTESIAN_POINT('Origin',(3.99680288865056E-14,-1.37633983687298,
-6.53821933953461));
#15064=CARTESIAN_POINT('Origin',(3.99680288865056E-14,-1.37633983687298,
-6.53821933953461));
#15065=CARTESIAN_POINT('',(57.1756753630405,-29.4785624163902,0.991748506167092));
#15066=CARTESIAN_POINT('',(57.1756753630405,-48.830251239788,6.17701789857516));
#15067=CARTESIAN_POINT('',(57.1756753630405,-73.3378138954083,12.7437995206041));
#15068=CARTESIAN_POINT('',(57.7616492814812,-48.9112434148562,6.19871968647792));
#15069=CARTESIAN_POINT('Origin',(56.7616492814812,-53.6432942224251,7.46666887890909));
#15070=CARTESIAN_POINT('',(57.7616492814812,-29.397570241322,0.970046718264297));
#15071=CARTESIAN_POINT('',(57.7616492814812,-37.3570768661407,3.10279009053475));
#15072=CARTESIAN_POINT('Origin',(56.7616492814812,-24.6655194337531,-0.297902474166891));
#15073=CARTESIAN_POINT('Origin',(56.7616492814812,-33.7763100505081,-34.2998359530165));
#15074=CARTESIAN_POINT('',(57.7616492814812,-29.3864013048556,1.01172975662329));
#15075=CARTESIAN_POINT('',(57.7616492814812,-38.508360858077,-33.0318867605854));
#15076=CARTESIAN_POINT('Ctrl Pts',(57.1756753630405,-29.4785624163902,0.991748506167091));
#15077=CARTESIAN_POINT('Ctrl Pts',(57.3709077607611,-29.4628931954432,0.987549951068304));
#15078=CARTESIAN_POINT('Ctrl Pts',(57.5674615288977,-29.4321320528472,0.994211333556033));
#15079=CARTESIAN_POINT('Ctrl Pts',(57.7616492814812,-29.3864013048556,1.0117297566233));
#15080=CARTESIAN_POINT('Origin',(56.7616492814812,-62.7540848391801,-26.5352645999406));
#15081=CARTESIAN_POINT('',(57.7616492814813,-48.9000744783899,6.24040272483692));
#15082=CARTESIAN_POINT('Ctrl Pts',(57.7616492814813,-48.9000744783899,6.24040272483693));
#15083=CARTESIAN_POINT('Ctrl Pts',(57.5674615288977,-48.8692297004287,6.20236595143063));
#15084=CARTESIAN_POINT('Ctrl Pts',(57.3709077607611,-48.845920460735,6.18121645367394));
#15085=CARTESIAN_POINT('Ctrl Pts',(57.1756753630405,-48.830251239788,6.17701789857515));
#15086=CARTESIAN_POINT('',(57.7616492814812,-58.0220340316112,-27.8032137923717));
#15087=CARTESIAN_POINT('Origin',(57.7616492814812,-68.6104140611376,30.3866958897947));
#15088=CARTESIAN_POINT('',(57.7616492814812,70.5963031581288,-25.7785551613143));
#15089=CARTESIAN_POINT('Origin',(57.1756753630404,71.6204104020726,-21.956534894517));
#15090=CARTESIAN_POINT('Origin',(-42.,75.3125340559334,-8.17734183048276));
#15091=CARTESIAN_POINT('',(-57.7616492814811,70.5851342216625,-25.8202381996733));
#15092=CARTESIAN_POINT('',(-55.3636944008674,78.6574810134332,-27.9832170035524));
#15093=CARTESIAN_POINT('Origin',(-42.,70.5851342216626,-25.8202381996734));
#15094=CARTESIAN_POINT('',(-55.3636944008674,78.6686499498995,-27.9415339651933));
#15095=CARTESIAN_POINT('',(-55.3636944008674,69.5466903966782,-61.985150482402));
#15096=CARTESIAN_POINT('',(-57.7616492814811,70.5963031581289,-25.7785551613144));
#15097=CARTESIAN_POINT('Origin',(-42.,70.5963031581288,-25.7785551613143));
#15098=CARTESIAN_POINT('',(-57.7616492814811,75.3125340559334,-8.17734183048276));
#15099=CARTESIAN_POINT('Origin',(-42.,71.6204104020726,-21.956534894517));
#15100=CARTESIAN_POINT('',(-54.9617432807946,78.2088737722583,-27.8630130555608));
#15101=CARTESIAN_POINT('Ctrl Pts',(-55.3636944008674,78.6686499498995,-27.9415339651933));
#15102=CARTESIAN_POINT('Ctrl Pts',(-55.3356407557879,78.6314895459648,-27.9382113232068));
#15103=CARTESIAN_POINT('Ctrl Pts',(-55.3069947326511,78.5947757313126,-27.9343077132269));
#15104=CARTESIAN_POINT('Ctrl Pts',(-55.1779214412718,78.4347799806795,-27.9144297409301));
#15105=CARTESIAN_POINT('Ctrl Pts',(-55.0723911043251,78.3180267551669,-27.8922605091826));
#15106=CARTESIAN_POINT('Ctrl Pts',(-54.9617432807946,78.2088737722583,-27.8630130555608));
#15107=CARTESIAN_POINT('',(-57.1756753630404,70.5851342216624,-25.8202381996733));
#15108=CARTESIAN_POINT('Origin',(-42.,70.5851342216624,-25.8202381996733));
#15109=CARTESIAN_POINT('Origin',(-57.1756753630404,71.6204104020726,-21.956534894517));
#15110=CARTESIAN_POINT('Origin',(-57.1756753630404,71.6204104020726,-21.956534894517));
#15111=CARTESIAN_POINT('',(-57.1756753630404,62.2526772318461,-23.5875630782848));
#15112=CARTESIAN_POINT('',(-57.7616492814811,62.1828539932442,-23.5241782520231));
#15113=CARTESIAN_POINT('Ctrl Pts',(-57.1756753630403,62.2526772318461,-23.5875630782848));
#15114=CARTESIAN_POINT('Ctrl Pts',(-57.370784684019,62.2370178889555,-23.5833671700033));
#15115=CARTESIAN_POINT('Ctrl Pts',(-57.5673701331887,62.2137132884975,-23.5622329276803));
#15116=CARTESIAN_POINT('Ctrl Pts',(-57.7616492814811,62.1828539932442,-23.5241782520231));
#15117=CARTESIAN_POINT('',(-57.7616492814811,70.5963031581288,-25.7785551613143));
#15118=CARTESIAN_POINT('',(-57.1756753630404,70.5851342216624,-25.8202381996733));
#15119=CARTESIAN_POINT('Origin',(-57.7616492814811,75.3125340559334,-8.17734183048276));
#15120=CARTESIAN_POINT('',(-57.7616492814811,62.1716850567778,-23.5658612903821));
#15121=CARTESIAN_POINT('',(-57.7616492814811,34.6043971923948,-16.179228769604));
#15122=CARTESIAN_POINT('',(-57.7616492814811,53.0608944400228,-57.5677947692317));
#15123=CARTESIAN_POINT('Origin',(-56.7616492814811,48.328843632454,-56.2998455768005));
#15124=CARTESIAN_POINT('Origin',(-56.7616492814811,57.4396342492089,-22.2979120979509));
#15125=CARTESIAN_POINT('Origin',(-51.3891686996205,72.4769892896806,-62.7703217043638));
#15126=CARTESIAN_POINT('Origin',(-51.3891686996205,81.5877799064356,-28.7683882255142));
#15127=CARTESIAN_POINT('Origin',(3.99680288865056E-14,-1.37633983687298,
-6.53821933953461));
#15128=CARTESIAN_POINT('Origin',(3.99680288865056E-14,-1.37633983687298,
-6.53821933953461));
#15129=CARTESIAN_POINT('',(-57.1756753630404,28.4452733117288,-14.5288964996962));
#15130=CARTESIAN_POINT('',(-57.1756753630404,52.6265912665718,-21.0082611176169));
#15131=CARTESIAN_POINT('',(-57.1756753630404,70.5851342216624,-25.8202381996733));
#15132=CARTESIAN_POINT('',(-57.7616492814811,52.7075834416401,-21.0299629055197));
#15133=CARTESIAN_POINT('Origin',(-56.7616492814811,57.4396342492089,-22.2979120979509));
#15134=CARTESIAN_POINT('',(-57.7616492814811,28.3642811366605,-14.5071947117934));
#15135=CARTESIAN_POINT('',(-57.7616492814811,34.6043971923948,-16.179228769604));
#15136=CARTESIAN_POINT('Origin',(-56.7616492814812,23.6322303290917,-13.2392455193622));
#15137=CARTESIAN_POINT('Origin',(-56.7616492814812,14.5214397123367,-47.2411789982119));
#15138=CARTESIAN_POINT('',(-57.7616492814811,28.3754500731269,-14.4655116734344));
#15139=CARTESIAN_POINT('',(-57.7616492814811,19.2534905199056,-48.5091281906431));
#15140=CARTESIAN_POINT('Ctrl Pts',(-57.1756753630404,28.4452733117288,-14.5288964996962));
#15141=CARTESIAN_POINT('Ctrl Pts',(-57.370907760761,28.4296040907817,-14.5246979445974));
#15142=CARTESIAN_POINT('Ctrl Pts',(-57.5674615288976,28.406294851088,-14.5035484468407));
#15143=CARTESIAN_POINT('Ctrl Pts',(-57.7616492814811,28.3754500731269,-14.4655116734344));
#15144=CARTESIAN_POINT('Origin',(-57.7616492814811,75.3125340559334,-8.17734183048276));
#15145=CARTESIAN_POINT('',(-57.7616492814811,52.7187523781064,-20.9882798671607));
#15146=CARTESIAN_POINT('',(-57.7616492814811,43.5967928248851,-55.0318963843693));
#15147=CARTESIAN_POINT('',(-57.7616492814811,70.5963031581288,-25.7785551613143));
#15148=CARTESIAN_POINT('Origin',(-56.7616492814811,48.328843632454,-56.2998455768005));
#15149=CARTESIAN_POINT('Ctrl Pts',(-57.7616492814811,52.7187523781064,-20.9882798671607));
#15150=CARTESIAN_POINT('Ctrl Pts',(-57.5673701331887,52.6730001066456,-21.0058065353859));
#15151=CARTESIAN_POINT('Ctrl Pts',(-57.370784684019,52.6422506094623,-21.0124570258984));
#15152=CARTESIAN_POINT('Ctrl Pts',(-57.1756753630403,52.6265912665718,-21.0082611176169));
#15153=CARTESIAN_POINT('Origin',(-57.1756753630404,71.6204104020726,-21.956534894517));
#15154=CARTESIAN_POINT('Origin',(-42.,-86.9611144795375,20.5352566320085));
#15155=CARTESIAN_POINT('',(-24.9828287552141,-87.9963906599477,16.6715533268522));
#15156=CARTESIAN_POINT('',(-24.8989794855663,-88.5512290648352,16.8648975752371));
#15157=CARTESIAN_POINT('Ctrl Pts',(-24.9828287552141,-87.9963906599477,
16.6715533268522));
#15158=CARTESIAN_POINT('Ctrl Pts',(-24.9666170105187,-88.1848517920307,
16.7220513349985));
#15159=CARTESIAN_POINT('Ctrl Pts',(-24.9386365506479,-88.3710163060938,
16.7868237596515));
#15160=CARTESIAN_POINT('Ctrl Pts',(-24.8989794855663,-88.5512290648352,
16.8648975752371));
#15161=CARTESIAN_POINT('',(-42.,-88.5512290648352,16.8648975752371));
#15162=CARTESIAN_POINT('',(-42.,-88.5512290648352,16.8648975752371));
#15163=CARTESIAN_POINT('',(-42.,-87.9963906599477,16.6715533268522));
#15164=CARTESIAN_POINT('Origin',(-42.,-86.9611144795375,20.5352566320085));
#15165=CARTESIAN_POINT('',(-42.,-87.9963906599477,16.6715533268522));
#15166=CARTESIAN_POINT('Origin',(-42.,-83.8349981670307,34.4661109060687));
#15167=CARTESIAN_POINT('',(-24.8989794855663,-88.5623980013016,16.8232145368781));
#15168=CARTESIAN_POINT('',(-42.,-88.5623980013016,16.8232145368781));
#15169=CARTESIAN_POINT('',(-21.,-88.5623980013016,16.8232145368781));
#15170=CARTESIAN_POINT('',(-42.,-83.8349981670307,34.4661109060687));
#15171=CARTESIAN_POINT('',(-24.8989794855663,-97.6731886180566,-17.1787189419716));
#15172=CARTESIAN_POINT('Origin',(-20.,-96.7072627917675,-17.4375379870741));
#15173=CARTESIAN_POINT('Origin',(-20.,-87.5964721750126,16.5643954917755));
#15174=CARTESIAN_POINT('Origin',(-42.,-72.3025377149981,16.6075028257603));
#15175=CARTESIAN_POINT('',(-50.0934434479017,-86.3907966240542,16.2860114474278));
#15176=CARTESIAN_POINT('',(-49.6369824993838,-86.0049881999164,16.1379586458815));
#15177=CARTESIAN_POINT('Ctrl Pts',(-50.0934434479017,-86.3907966240542,
16.2860114474278));
#15178=CARTESIAN_POINT('Ctrl Pts',(-50.0125757578497,-86.3324193457402,
16.2555472509095));
#15179=CARTESIAN_POINT('Ctrl Pts',(-49.933234929451,-86.2703868281267,16.227610754481));
#15180=CARTESIAN_POINT('Ctrl Pts',(-49.7804491502937,-86.1409874261457,
16.1780953613517));
#15181=CARTESIAN_POINT('Ctrl Pts',(-49.7075299821993,-86.0743805042562,
16.1565522577903));
#15182=CARTESIAN_POINT('Ctrl Pts',(-49.6369824993838,-86.0049881999165,
16.1379586458815));
#15183=CARTESIAN_POINT('Origin',(-42.,-73.3378138954083,12.7437995206041));
#15184=CARTESIAN_POINT('Origin',(-42.,-73.3266449589419,12.7854825589631));
#15185=CARTESIAN_POINT('Origin',(-42.,-68.6104140611376,30.3866958897947));
#15186=CARTESIAN_POINT('',(-50.0934434479018,-86.4019655605207,16.2443284090688));
#15187=CARTESIAN_POINT('Origin',(-42.,-73.3378138954084,12.7437995206041));
#15188=CARTESIAN_POINT('',(-50.0934434479018,-95.5127561772757,-17.7576050697809));
#15189=CARTESIAN_POINT('Origin',(-53.2044679781827,-91.731859627852,-18.7706932468646));
#15190=CARTESIAN_POINT('Origin',(-53.2044679781827,-82.621069011097,15.2312402319851));
#15191=CARTESIAN_POINT('Origin',(3.99680288865056E-14,-1.37633983687298,
-6.53821933953461));
#15192=CARTESIAN_POINT('Origin',(3.99680288865056E-14,-1.37633983687298,
-6.53821933953461));
#15193=CARTESIAN_POINT('',(-57.1756753630404,-48.8302512397879,6.17701789857514));
#15194=CARTESIAN_POINT('',(-57.1756753630404,-29.4785624163902,0.991748506167092));
#15195=CARTESIAN_POINT('',(-57.1756753630404,70.5851342216624,-25.8202381996733));
#15196=CARTESIAN_POINT('',(-57.7616492814812,-29.397570241322,0.970046718264292));
#15197=CARTESIAN_POINT('Origin',(-56.7616492814811,-24.6655194337531,-0.297902474166891));
#15198=CARTESIAN_POINT('',(-57.7616492814812,-48.9112434148562,6.19871968647792));
#15199=CARTESIAN_POINT('',(-57.7616492814811,34.6043971923948,-16.179228769604));
#15200=CARTESIAN_POINT('Origin',(-56.7616492814811,-53.6432942224251,7.46666887890908));
#15201=CARTESIAN_POINT('Origin',(-57.7616492814811,75.3125340559334,-8.17734183048276));
#15202=CARTESIAN_POINT('',(-57.7616492814811,-29.3864013048556,1.01172975662329));
#15203=CARTESIAN_POINT('',(-57.7616492814812,-38.5083608580769,-33.0318867605854));
#15204=CARTESIAN_POINT('',(-57.7616492814811,-48.9000744783898,6.2404027248369));
#15205=CARTESIAN_POINT('',(-57.7616492814811,70.5963031581288,-25.7785551613143));
#15206=CARTESIAN_POINT('',(-57.7616492814812,-58.0220340316112,-27.8032137923718));
#15207=CARTESIAN_POINT('Origin',(-56.7616492814811,-33.7763100505081,-34.2998359530166));
#15208=CARTESIAN_POINT('Ctrl Pts',(-57.7616492814811,-29.3864013048556,
1.0117297566233));
#15209=CARTESIAN_POINT('Ctrl Pts',(-57.5674615288976,-29.4321320528472,
0.994211333556029));
#15210=CARTESIAN_POINT('Ctrl Pts',(-57.370907760761,-29.4628931954432,0.987549951068301));
#15211=CARTESIAN_POINT('Ctrl Pts',(-57.1756753630404,-29.4785624163902,
0.991748506167087));
#15212=CARTESIAN_POINT('Origin',(-56.7616492814811,-62.75408483918,-26.5352645999406));
#15213=CARTESIAN_POINT('Ctrl Pts',(-57.1756753630404,-48.8302512397879,
6.17701789857515));
#15214=CARTESIAN_POINT('Ctrl Pts',(-57.370907760761,-48.845920460735,6.18121645367393));
#15215=CARTESIAN_POINT('Ctrl Pts',(-57.5674615288976,-48.8692297004287,
6.20236595143062));
#15216=CARTESIAN_POINT('Ctrl Pts',(-57.7616492814811,-48.9000744783898,
6.24040272483691));
#15217=CARTESIAN_POINT('Origin',(-57.1756753630404,71.6204104020726,-21.956534894517));
#15218=CARTESIAN_POINT('Origin',(3.99680288865056E-14,-1.37633983687298,
-6.53821933953461));
#15219=CARTESIAN_POINT('',(-47.2734613906199,84.3302189416329,-29.503222550287));
#15220=CARTESIAN_POINT('',(-42.,85.2437109862018,-29.7479920059214));
#15221=CARTESIAN_POINT('Origin',(-42.,70.5851342216624,-25.8202381996733));
#15222=CARTESIAN_POINT('',(-29.9828287552141,85.2437109862018,-29.7479920059215));
#15223=CARTESIAN_POINT('',(-42.,85.2437109862018,-29.7479920059214));
#15224=CARTESIAN_POINT('',(-29.8989794855663,85.8097183275557,-29.8996532159473));
#15225=CARTESIAN_POINT('Origin',(-25.,84.8437925012666,-29.6408341708448));
#15226=CARTESIAN_POINT('',(-42.,85.8097183275557,-29.8996532159473));
#15227=CARTESIAN_POINT('',(21.,85.8097183275557,-29.8996532159473));
#15228=CARTESIAN_POINT('',(-47.6526314570949,84.7969642654623,-29.628286582878));
#15229=CARTESIAN_POINT('Origin',(-42.,70.5851342216626,-25.8202381996734));
#15230=CARTESIAN_POINT('Origin',(-51.3891686996205,81.5877799064356,-28.7683882255142));
#15231=CARTESIAN_POINT('Origin',(-42.,75.3125340559334,-8.17734183048276));
#15232=CARTESIAN_POINT('',(-42.,85.8208872640221,-29.8579701775883));
#15233=CARTESIAN_POINT('',(-42.,90.5371181618265,-12.2567568467567));
#15234=CARTESIAN_POINT('',(-47.6526314570948,84.8081332019286,-29.586603544519));
#15235=CARTESIAN_POINT('Origin',(-42.,70.5963031581288,-25.7785551613143));
#15236=CARTESIAN_POINT('',(-47.6526314570949,75.6861736487073,-63.6302200617277));
#15237=CARTESIAN_POINT('Origin',(-51.3891686996205,72.4769892896806,-62.7703217043638));
#15238=CARTESIAN_POINT('Ctrl Pts',(-47.2734613906199,84.3302189416329,-29.5032225502869));
#15239=CARTESIAN_POINT('Ctrl Pts',(-47.3720611318982,84.4682798834549,-29.5402158681544));
#15240=CARTESIAN_POINT('Ctrl Pts',(-47.4783227477221,84.6044109599946,-29.5657065055746));
#15241=CARTESIAN_POINT('Ctrl Pts',(-47.6118445422923,84.7612775072247,-29.5825821383617));
#15242=CARTESIAN_POINT('Ctrl Pts',(-47.6321528172716,84.7847810788325,-29.5847685227723));
#15243=CARTESIAN_POINT('Ctrl Pts',(-47.6526314570948,84.8081332019286,-29.586603544519));
#15244=CARTESIAN_POINT('Origin',(42.,90.5371181618265,-12.2567568467567));
#15245=CARTESIAN_POINT('',(-29.8989794855663,85.8208872640221,-29.8579701775883));
#15246=CARTESIAN_POINT('',(-29.8989794855663,76.6989277108007,-63.901586694797));
#15247=CARTESIAN_POINT('',(-42.,85.8208872640221,-29.8579701775883));
#15248=CARTESIAN_POINT('Origin',(-25.,75.7330018845117,-63.6427676496944));
#15249=CARTESIAN_POINT('Ctrl Pts',(-29.8989794855663,85.8208872640221,-29.8579701775883));
#15250=CARTESIAN_POINT('Ctrl Pts',(-29.9386178945769,85.6258733136374,-29.8354882871308));
#15251=CARTESIAN_POINT('Ctrl Pts',(-29.966606784002,85.4322910012886,-29.7985218686726));
#15252=CARTESIAN_POINT('Ctrl Pts',(-29.9828287552141,85.2437109862018,-29.7479920059214));
#15253=CARTESIAN_POINT('Origin',(-42.,86.278987166612,-25.8842887007652));
#15254=CARTESIAN_POINT('Origin',(-42.,86.278987166612,-25.8842887007652));
#15255=CARTESIAN_POINT('Origin',(-42.,71.6204104020726,-21.956534894517));
#15256=CARTESIAN_POINT('Origin',(-42.,-72.3025377149981,16.6075028257603));
#15257=CARTESIAN_POINT('',(-56.1238115978199,-78.700143849172,14.1806315012643));
#15258=CARTESIAN_POINT('',(-56.5994935899328,-79.0643073787718,14.322884570799));
#15259=CARTESIAN_POINT('Ctrl Pts',(-56.1238115978199,-78.700143849172,14.1806315012644));
#15260=CARTESIAN_POINT('Ctrl Pts',(-56.2909798155162,-78.8162721125938,
14.2117479756667));
#15261=CARTESIAN_POINT('Ctrl Pts',(-56.449882834248,-78.9379568320583,14.2597873813615));
#15262=CARTESIAN_POINT('Ctrl Pts',(-56.5994935899328,-79.0643073787718,
14.322884570799));
#15263=CARTESIAN_POINT('',(-57.7616492814812,-73.326644958942,12.7854825589631));
#15264=CARTESIAN_POINT('Origin',(-42.,-73.3266449589419,12.7854825589631));
#15265=CARTESIAN_POINT('',(-57.1756753630404,-73.3378138954083,12.7437995206041));
#15266=CARTESIAN_POINT('Origin',(-57.1756753630404,-72.3025377149981,16.6075028257603));
#15267=CARTESIAN_POINT('Origin',(-42.,-73.3378138954083,12.7437995206041));
#15268=CARTESIAN_POINT('Origin',(-42.,-68.6104140611376,30.3866958897947));
#15269=CARTESIAN_POINT('',(-56.5994935899329,-79.0754763152382,14.28120153244));
#15270=CARTESIAN_POINT('',(-57.7616492814812,-73.3378138954084,12.7437995206041));
#15271=CARTESIAN_POINT('Origin',(-42.,-73.3378138954084,12.7437995206041));
#15272=CARTESIAN_POINT('',(-57.7616492814812,-68.6104140611376,30.3866958897947));
#15273=CARTESIAN_POINT('',(-56.5994935899329,-88.1862669319933,-19.7207319464097));
#15274=CARTESIAN_POINT('Origin',(-57.7616492814811,75.3125340559334,-8.17734183048276));
#15275=CARTESIAN_POINT('',(-57.7616492814812,-58.3753450299939,8.73461807134028));
#15276=CARTESIAN_POINT('',(-57.7616492814811,34.6043971923948,-16.179228769604));
#15277=CARTESIAN_POINT('',(-57.7616492814811,-58.3641760935275,8.77630110969927));
#15278=CARTESIAN_POINT('',(-57.7616492814812,-67.4861356467489,-25.2673154075094));
#15279=CARTESIAN_POINT('',(-57.7616492814811,70.5963031581288,-25.7785551613143));
#15280=CARTESIAN_POINT('Origin',(-57.1756753630404,71.6204104020726,-21.956534894517));
#15281=CARTESIAN_POINT('',(-57.1756753630404,-58.4563372050622,8.75631985924307));
#15282=CARTESIAN_POINT('Ctrl Pts',(-57.7616492814811,-58.3641760935275,
8.77630110969928));
#15283=CARTESIAN_POINT('Ctrl Pts',(-57.5674615288976,-58.4099068415191,
8.75878268663201));
#15284=CARTESIAN_POINT('Ctrl Pts',(-57.370907760761,-58.4406679841151,8.75212130414429));
#15285=CARTESIAN_POINT('Ctrl Pts',(-57.1756753630404,-58.4563372050622,
8.75631985924307));
#15286=CARTESIAN_POINT('',(-57.1756753630404,70.5851342216624,-25.8202381996733));
#15287=CARTESIAN_POINT('Origin',(-53.2044679781827,-91.731859627852,-18.7706932468646));
#15288=CARTESIAN_POINT('Origin',(-53.2044679781827,-82.621069011097,15.2312402319851));
#15289=CARTESIAN_POINT('Origin',(-56.7616492814811,-62.75408483918,-26.5352645999406));
#15290=CARTESIAN_POINT('Origin',(-56.7616492814811,-53.6432942224251,7.46666887890908));
#15291=CARTESIAN_POINT('Origin',(3.99680288865056E-14,-1.37633983687298,
-6.53821933953461));
#15292=CARTESIAN_POINT('Origin',(56.7616492814812,48.328843632454,-56.2998455768005));
#15293=CARTESIAN_POINT('',(57.1756753630404,52.6265912665718,-21.0082611176169));
#15294=CARTESIAN_POINT('',(57.7616492814812,52.7075834416401,-21.0299629055197));
#15295=CARTESIAN_POINT('Origin',(56.7616492814812,57.4396342492089,-22.2979120979509));
#15296=CARTESIAN_POINT('',(57.7616492814812,52.7187523781064,-20.9882798671607));
#15297=CARTESIAN_POINT('',(57.7616492814812,43.5967928248851,-55.0318963843693));
#15298=CARTESIAN_POINT('Ctrl Pts',(57.1756753630404,52.6265912665718,-21.0082611176169));
#15299=CARTESIAN_POINT('Ctrl Pts',(57.3707846840191,52.6422506094623,-21.0124570258984));
#15300=CARTESIAN_POINT('Ctrl Pts',(57.5673701331888,52.6730001066455,-21.0058065353859));
#15301=CARTESIAN_POINT('Ctrl Pts',(57.7616492814812,52.7187523781064,-20.9882798671607));
#15302=CARTESIAN_POINT('Origin',(57.1756753630404,71.6204104020726,-21.956534894517));
#15303=CARTESIAN_POINT('',(57.7616492814812,28.3754500731269,-14.4655116734344));
#15304=CARTESIAN_POINT('',(57.7616492814812,70.5963031581288,-25.7785551613143));
#15305=CARTESIAN_POINT('',(57.1756753630405,28.4452733117288,-14.5288964996962));
#15306=CARTESIAN_POINT('Ctrl Pts',(57.7616492814812,28.3754500731269,-14.4655116734344));
#15307=CARTESIAN_POINT('Ctrl Pts',(57.5673701331888,28.4063093683802,-14.5035663490916));
#15308=CARTESIAN_POINT('Ctrl Pts',(57.3707846840191,28.4296139688383,-14.5247005914147));
#15309=CARTESIAN_POINT('Ctrl Pts',(57.1756753630404,28.4452733117288,-14.5288964996962));
#15310=CARTESIAN_POINT('',(57.1756753630405,-73.3378138954083,12.7437995206041));
#15311=CARTESIAN_POINT('Origin',(57.7616492814812,-68.6104140611376,30.3866958897947));
#15312=CARTESIAN_POINT('',(57.7616492814812,28.3642811366605,-14.5071947117934));
#15313=CARTESIAN_POINT('',(57.7616492814812,-37.3570768661407,3.10279009053475));
#15314=CARTESIAN_POINT('',(57.7616492814812,19.2534905199055,-48.5091281906431));
#15315=CARTESIAN_POINT('Origin',(56.7616492814812,14.5214397123367,-47.2411789982119));
#15316=CARTESIAN_POINT('Origin',(56.7616492814812,23.6322303290916,-13.2392455193622));
#15317=CARTESIAN_POINT('Origin',(3.99680288865056E-14,-1.37633983687298,
-6.53821933953461));
#15318=CARTESIAN_POINT('Origin',(3.99680288865056E-14,-1.37633983687298,
-6.53821933953461));
#15319=CARTESIAN_POINT('',(57.1756753630405,18.8191873464545,-11.9495945390283));
#15320=CARTESIAN_POINT('',(57.1756753630405,-19.852476451116,-1.58755345450083));
#15321=CARTESIAN_POINT('',(57.1756753630405,-73.3378138954083,12.7437995206041));
#15322=CARTESIAN_POINT('',(57.7616492814812,-19.9334686261843,-1.56585166659806));
#15323=CARTESIAN_POINT('Origin',(56.7616492814812,-24.6655194337531,-0.297902474166891));
#15324=CARTESIAN_POINT('',(57.7616492814812,18.9001795215228,-11.971296326931));
#15325=CARTESIAN_POINT('',(57.7616492814812,-37.3570768661407,3.10279009053475));
#15326=CARTESIAN_POINT('Origin',(56.7616492814812,23.6322303290916,-13.2392455193622));
#15327=CARTESIAN_POINT('Origin',(56.7616492814812,14.5214397123367,-47.2411789982119));
#15328=CARTESIAN_POINT('',(57.7616492814812,18.9113484579891,-11.929613288572));
#15329=CARTESIAN_POINT('',(57.7616492814812,9.7893889047678,-45.9732298057807));
#15330=CARTESIAN_POINT('Ctrl Pts',(57.1756753630404,18.8191873464545,-11.9495945390283));
#15331=CARTESIAN_POINT('Ctrl Pts',(57.3707846840191,18.834846689345,-11.9537904473098));
#15332=CARTESIAN_POINT('Ctrl Pts',(57.5673701331888,18.8655961865283,-11.9471399567973));
#15333=CARTESIAN_POINT('Ctrl Pts',(57.7616492814812,18.9113484579891,-11.929613288572));
#15334=CARTESIAN_POINT('Origin',(57.7616492814812,-68.6104140611376,30.3866958897947));
#15335=CARTESIAN_POINT('',(57.7616492814812,-19.9222996897179,-1.52416862823907));
#15336=CARTESIAN_POINT('',(57.7616492814812,-29.0442592429392,-35.5677851454477));
#15337=CARTESIAN_POINT('',(57.7616492814812,70.5963031581288,-25.7785551613143));
#15338=CARTESIAN_POINT('Origin',(56.7616492814812,-33.7763100505081,-34.2998359530165));
#15339=CARTESIAN_POINT('Ctrl Pts',(57.7616492814813,-19.9222996897179,-1.52416862823906));
#15340=CARTESIAN_POINT('Ctrl Pts',(57.5674615288977,-19.8914549117567,-1.56220540164536));
#15341=CARTESIAN_POINT('Ctrl Pts',(57.3709077607611,-19.8681456720631,-1.58335489940205));
#15342=CARTESIAN_POINT('Ctrl Pts',(57.1756753630405,-19.852476451116,-1.58755345450083));
#15343=CARTESIAN_POINT('Origin',(57.1756753630404,71.6204104020726,-21.956534894517));
#15344=CARTESIAN_POINT('Origin',(57.1756753630404,71.6204104020726,-21.956534894517));
#15345=CARTESIAN_POINT('',(57.1756753630405,-58.4563372050622,8.75631985924307));
#15346=CARTESIAN_POINT('',(57.7616492814813,-58.3641760935276,8.77630110969927));
#15347=CARTESIAN_POINT('Ctrl Pts',(57.1756753630405,-58.4563372050622,8.75631985924307));
#15348=CARTESIAN_POINT('Ctrl Pts',(57.3709077607611,-58.4406679841151,8.75212130414429));
#15349=CARTESIAN_POINT('Ctrl Pts',(57.5674615288977,-58.4099068415191,8.75878268663202));
#15350=CARTESIAN_POINT('Ctrl Pts',(57.7616492814813,-58.3641760935275,8.77630110969929));
#15351=CARTESIAN_POINT('',(57.7616492814813,-73.3266449589419,12.7854825589631));
#15352=CARTESIAN_POINT('',(57.7616492814812,70.5963031581288,-25.7785551613143));
#15353=CARTESIAN_POINT('',(57.1756753630404,-73.3378138954083,12.7437995206041));
#15354=CARTESIAN_POINT('Origin',(57.1756753630404,-72.3025377149981,16.6075028257603));
#15355=CARTESIAN_POINT('',(57.1756753630405,-73.3378138954083,12.7437995206041));
#15356=CARTESIAN_POINT('Origin',(57.7616492814812,-68.6104140611376,30.3866958897947));
#15357=CARTESIAN_POINT('',(57.7616492814812,-58.375345029994,8.73461807134028));
#15358=CARTESIAN_POINT('',(57.7616492814812,-73.3378138954084,12.7437995206041));
#15359=CARTESIAN_POINT('',(57.7616492814812,-37.3570768661407,3.10279009053475));
#15360=CARTESIAN_POINT('',(57.7616492814812,-68.6104140611376,30.3866958897947));
#15361=CARTESIAN_POINT('',(57.7616492814812,-67.4861356467489,-25.2673154075094));
#15362=CARTESIAN_POINT('Origin',(56.7616492814812,-62.7540848391801,-26.5352645999406));
#15363=CARTESIAN_POINT('Origin',(56.7616492814812,-53.6432942224251,7.46666887890909));
#15364=CARTESIAN_POINT('Origin',(42.,-72.3025377149981,16.6075028257603));
#15365=CARTESIAN_POINT('',(56.5994935899329,-79.0643073787719,14.322884570799));
#15366=CARTESIAN_POINT('',(56.1238115978199,-78.700143849172,14.1806315012644));
#15367=CARTESIAN_POINT('Ctrl Pts',(56.599493589933,-79.0643073787719,14.322884570799));
#15368=CARTESIAN_POINT('Ctrl Pts',(56.5236586953699,-79.0002626492059,14.2909017852946));
#15369=CARTESIAN_POINT('Ctrl Pts',(56.4452133053141,-78.937221774871,14.2626951004969));
#15370=CARTESIAN_POINT('Ctrl Pts',(56.2857538555481,-78.8153376202174,14.2151934118199));
#15371=CARTESIAN_POINT('Ctrl Pts',(56.2055545074602,-78.7569289383139,14.1958470200421));
#15372=CARTESIAN_POINT('Ctrl Pts',(56.1238115978199,-78.700143849172,14.1806315012644));
#15373=CARTESIAN_POINT('Origin',(42.,-73.3378138954083,12.7437995206041));
#15374=CARTESIAN_POINT('Origin',(42.,-73.3266449589419,12.7854825589631));
#15375=CARTESIAN_POINT('Origin',(42.,-68.6104140611376,30.3866958897947));
#15376=CARTESIAN_POINT('',(56.5994935899329,-79.0754763152382,14.28120153244));
#15377=CARTESIAN_POINT('Origin',(42.,-73.3378138954084,12.7437995206041));
#15378=CARTESIAN_POINT('',(56.599493589933,-88.1862669319933,-19.7207319464097));
#15379=CARTESIAN_POINT('Origin',(53.2044679781828,-91.731859627852,-18.7706932468646));
#15380=CARTESIAN_POINT('Origin',(53.2044679781828,-82.621069011097,15.2312402319851));
#15381=CARTESIAN_POINT('Origin',(3.99680288865056E-14,-1.37633983687298,
-6.53821933953461));
#15382=CARTESIAN_POINT('Origin',(3.99680288865056E-14,-1.37633983687298,
-6.53821933953461));
#15383=CARTESIAN_POINT('',(-57.1756753630404,-19.852476451116,-1.58755345450084));
#15384=CARTESIAN_POINT('',(-57.1756753630404,18.8191873464545,-11.9495945390283));
#15385=CARTESIAN_POINT('',(-57.1756753630404,70.5851342216624,-25.8202381996733));
#15386=CARTESIAN_POINT('',(-57.7616492814811,18.9001795215228,-11.971296326931));
#15387=CARTESIAN_POINT('Origin',(-56.7616492814812,23.6322303290917,-13.2392455193622));
#15388=CARTESIAN_POINT('',(-57.7616492814811,-19.9334686261842,-1.56585166659807));
#15389=CARTESIAN_POINT('',(-57.7616492814811,34.6043971923948,-16.179228769604));
#15390=CARTESIAN_POINT('Origin',(-56.7616492814811,-24.6655194337531,-0.297902474166891));
#15391=CARTESIAN_POINT('Origin',(-56.7616492814811,-33.7763100505081,-34.2998359530166));
#15392=CARTESIAN_POINT('',(-57.7616492814811,-19.9222996897179,-1.52416862823908));
#15393=CARTESIAN_POINT('',(-57.7616492814812,-29.0442592429392,-35.5677851454477));
#15394=CARTESIAN_POINT('Ctrl Pts',(-57.1756753630404,-19.852476451116,-1.58755345450084));
#15395=CARTESIAN_POINT('Ctrl Pts',(-57.370907760761,-19.868145672063,-1.58335489940205));
#15396=CARTESIAN_POINT('Ctrl Pts',(-57.5674615288976,-19.8914549117567,
-1.56220540164536));
#15397=CARTESIAN_POINT('Ctrl Pts',(-57.7616492814811,-19.9222996897179,
-1.52416862823907));
#15398=CARTESIAN_POINT('Origin',(-57.7616492814811,75.3125340559334,-8.17734183048276));
#15399=CARTESIAN_POINT('',(-57.7616492814811,18.9113484579891,-11.929613288572));
#15400=CARTESIAN_POINT('',(-57.7616492814811,9.78938890476782,-45.9732298057807));
#15401=CARTESIAN_POINT('',(-57.7616492814811,70.5963031581288,-25.7785551613143));
#15402=CARTESIAN_POINT('Origin',(-56.7616492814812,14.5214397123367,-47.2411789982119));
#15403=CARTESIAN_POINT('Ctrl Pts',(-57.7616492814811,18.9113484579891,-11.929613288572));
#15404=CARTESIAN_POINT('Ctrl Pts',(-57.5674615288976,18.8656177099976,-11.9471317116393));
#15405=CARTESIAN_POINT('Ctrl Pts',(-57.370907760761,18.8348565674016,-11.953793094127));
#15406=CARTESIAN_POINT('Ctrl Pts',(-57.1756753630404,18.8191873464545,-11.9495945390283));
#15407=CARTESIAN_POINT('Origin',(-57.1756753630404,71.6204104020726,-21.956534894517));
#15408=CARTESIAN_POINT('',(-0.00849830496863196,-0.0641398332357352,-0.0228025771099154));
#15409=CARTESIAN_POINT('Origin',(0.,0.,0.));
#15410=UNCERTAINTY_MEASURE_WITH_UNIT(LENGTH_MEASURE(0.01),#15416,
'DISTANCE_ACCURACY_VALUE',
'Maximum model space distance between geometric entities at asserted c
onnectivities');
#15411=UNCERTAINTY_MEASURE_WITH_UNIT(LENGTH_MEASURE(0.01),#15416,
'DISTANCE_ACCURACY_VALUE',
'Maximum model space distance between geometric entities at asserted c
onnectivities');
#15412=UNCERTAINTY_MEASURE_WITH_UNIT(LENGTH_MEASURE(0.01),#15416,
'DISTANCE_ACCURACY_VALUE',
'Maximum model space distance between geometric entities at asserted c
onnectivities');
#15413=(
GEOMETRIC_REPRESENTATION_CONTEXT(3)
GLOBAL_UNCERTAINTY_ASSIGNED_CONTEXT((#15410))
GLOBAL_UNIT_ASSIGNED_CONTEXT((#15416,#15417,#15418))
REPRESENTATION_CONTEXT('','3D')
);
#15414=(
GEOMETRIC_REPRESENTATION_CONTEXT(3)
GLOBAL_UNCERTAINTY_ASSIGNED_CONTEXT((#15411))
GLOBAL_UNIT_ASSIGNED_CONTEXT((#15416,#15417,#15418))
REPRESENTATION_CONTEXT('','3D')
);
#15415=(
GEOMETRIC_REPRESENTATION_CONTEXT(3)
GLOBAL_UNCERTAINTY_ASSIGNED_CONTEXT((#15412))
GLOBAL_UNIT_ASSIGNED_CONTEXT((#15416,#15417,#15418))
REPRESENTATION_CONTEXT('','3D')
);
#15416=(
LENGTH_UNIT()
NAMED_UNIT(*)
SI_UNIT(.MILLI.,.METRE.)
);
#15417=(
NAMED_UNIT(*)
PLANE_ANGLE_UNIT()
SI_UNIT($,.RADIAN.)
);
#15418=(
NAMED_UNIT(*)
SI_UNIT($,.STERADIAN.)
SOLID_ANGLE_UNIT()
);
#15419=SHAPE_DEFINITION_REPRESENTATION(#15421,#15424);
#15420=SHAPE_DEFINITION_REPRESENTATION(#15422,#15425);
#15421=PRODUCT_DEFINITION_SHAPE('',$,#15427);
#15422=PRODUCT_DEFINITION_SHAPE('',$,#15428);
#15423=PRODUCT_DEFINITION_SHAPE($,$,#17);
#15424=SHAPE_REPRESENTATION('',(#8459,#9452),#15413);
#15425=SHAPE_REPRESENTATION('',(#8460),#15414);
#15426=PRODUCT_DEFINITION_CONTEXT('part definition',#15434,'design');
#15427=PRODUCT_DEFINITION('Solar Node V3 Reolink',
'Solar Node V3 Reolink v139',#15429,#15426);
#15428=PRODUCT_DEFINITION('Case','Case',#15430,#15426);
#15429=PRODUCT_DEFINITION_FORMATION('',$,#15436);
#15430=PRODUCT_DEFINITION_FORMATION('',$,#15437);
#15431=PRODUCT_RELATED_PRODUCT_CATEGORY('Solar Node V3 Reolink v139',
'Solar Node V3 Reolink v139',(#15436));
#15432=PRODUCT_RELATED_PRODUCT_CATEGORY('Case','Case',(#15437));
#15433=APPLICATION_PROTOCOL_DEFINITION('international standard',
'automotive_design',2009,#15434);
#15434=APPLICATION_CONTEXT(
'Core Data for Automotive Mechanical Design Process');
#15435=PRODUCT_CONTEXT('part definition',#15434,'mechanical');
#15436=PRODUCT('Solar Node V3 Reolink','Solar Node V3 Reolink v139',$,(#15435));
#15437=PRODUCT('Case','Case',$,(#15435));
#15438=PRESENTATION_STYLE_ASSIGNMENT((#15449));
#15439=PRESENTATION_STYLE_ASSIGNMENT((#15450));
#15440=PRESENTATION_STYLE_ASSIGNMENT((#15451));
#15441=PRESENTATION_STYLE_ASSIGNMENT((#15452));
#15442=PRESENTATION_STYLE_ASSIGNMENT((#15453));
#15443=PRESENTATION_STYLE_ASSIGNMENT((#15454));
#15444=PRESENTATION_STYLE_ASSIGNMENT((#15455));
#15445=PRESENTATION_STYLE_ASSIGNMENT((#15456));
#15446=PRESENTATION_STYLE_ASSIGNMENT((#15457));
#15447=PRESENTATION_STYLE_ASSIGNMENT((#15458));
#15448=PRESENTATION_STYLE_ASSIGNMENT((NULL_STYLE(.NULL.)));
#15449=SURFACE_STYLE_USAGE(.BOTH.,#15459);
#15450=SURFACE_STYLE_USAGE(.BOTH.,#15460);
#15451=SURFACE_STYLE_USAGE(.BOTH.,#15461);
#15452=SURFACE_STYLE_USAGE(.BOTH.,#15462);
#15453=SURFACE_STYLE_USAGE(.BOTH.,#15463);
#15454=SURFACE_STYLE_USAGE(.BOTH.,#15464);
#15455=SURFACE_STYLE_USAGE(.BOTH.,#15465);
#15456=SURFACE_STYLE_USAGE(.BOTH.,#15466);
#15457=SURFACE_STYLE_USAGE(.BOTH.,#15467);
#15458=SURFACE_STYLE_USAGE(.BOTH.,#15468);
#15459=SURFACE_SIDE_STYLE('',(#15469));
#15460=SURFACE_SIDE_STYLE('',(#15470));
#15461=SURFACE_SIDE_STYLE('',(#15471));
#15462=SURFACE_SIDE_STYLE('',(#15472));
#15463=SURFACE_SIDE_STYLE('',(#15473));
#15464=SURFACE_SIDE_STYLE('',(#15474));
#15465=SURFACE_SIDE_STYLE('',(#15475));
#15466=SURFACE_SIDE_STYLE('',(#15476));
#15467=SURFACE_SIDE_STYLE('',(#15477));
#15468=SURFACE_SIDE_STYLE('',(#15478));
#15469=SURFACE_STYLE_FILL_AREA(#15479);
#15470=SURFACE_STYLE_FILL_AREA(#15480);
#15471=SURFACE_STYLE_FILL_AREA(#15481);
#15472=SURFACE_STYLE_FILL_AREA(#15482);
#15473=SURFACE_STYLE_FILL_AREA(#15483);
#15474=SURFACE_STYLE_FILL_AREA(#15484);
#15475=SURFACE_STYLE_FILL_AREA(#15485);
#15476=SURFACE_STYLE_FILL_AREA(#15486);
#15477=SURFACE_STYLE_FILL_AREA(#15487);
#15478=SURFACE_STYLE_FILL_AREA(#15488);
#15479=FILL_AREA_STYLE('Opaque(203,154,59)',(#15489));
#15480=FILL_AREA_STYLE('Pulverbeschichtung (Schwarz)',(#15490));
#15481=FILL_AREA_STYLE('ABS (Wei\X\DF)',(#15491));
#15482=FILL_AREA_STYLE('Farbe - Emaille gl\X\E4nzend (Wei\X\DF)',(#15492));
#15483=FILL_AREA_STYLE('Farbe - Emaille gl\X\E4nzend (Grau)',(#15493));
#15484=FILL_AREA_STYLE('Farbe - Emaille gl\X\E4nzend (Schwarz)',(#15494));
#15485=FILL_AREA_STYLE('Edelstahl - poliert',(#15495));
#15486=FILL_AREA_STYLE('Farbe - Metallpartikel (Gr\X\FCn)',(#15496));
#15487=FILL_AREA_STYLE('Farbe - Emaille gl\X\E4nzend (Gelb)',(#15497));
#15488=FILL_AREA_STYLE('Eisen - Guss',(#15498));
#15489=FILL_AREA_STYLE_COLOUR('Opaque(203,154,59)',#15499);
#15490=FILL_AREA_STYLE_COLOUR('Pulverbeschichtung (Schwarz)',#15500);
#15491=FILL_AREA_STYLE_COLOUR('ABS (Wei\X\DF)',#15501);
#15492=FILL_AREA_STYLE_COLOUR('Farbe - Emaille gl\X\E4nzend (Wei\X\DF)',
#15502);
#15493=FILL_AREA_STYLE_COLOUR('Farbe - Emaille gl\X\E4nzend (Grau)',#15503);
#15494=FILL_AREA_STYLE_COLOUR('Farbe - Emaille gl\X\E4nzend (Schwarz)',
#15504);
#15495=FILL_AREA_STYLE_COLOUR('Edelstahl - poliert',#15505);
#15496=FILL_AREA_STYLE_COLOUR('Farbe - Metallpartikel (Gr\X\FCn)',#15506);
#15497=FILL_AREA_STYLE_COLOUR('Farbe - Emaille gl\X\E4nzend (Gelb)',#15507);
#15498=FILL_AREA_STYLE_COLOUR('Eisen - Guss',#15508);
#15499=COLOUR_RGB('Opaque(203,154,59)',0.796078431372549,0.603921568627451,
0.231372549019608);
#15500=COLOUR_RGB('Pulverbeschichtung (Schwarz)',0.0980392156862745,0.0980392156862745,
0.0980392156862745);
#15501=COLOUR_RGB('ABS (Wei\X\DF)',0.964705882352941,0.964705882352941,
0.952941176470588);
#15502=COLOUR_RGB('Farbe - Emaille gl\X\E4nzend (Wei\X\DF)',0.964705882352941,
0.964705882352941,0.952941176470588);
#15503=COLOUR_RGB('Farbe - Emaille gl\X\E4nzend (Grau)',0.701960784313725,
0.701960784313725,0.701960784313725);
#15504=COLOUR_RGB('Farbe - Emaille gl\X\E4nzend (Schwarz)',0.0980392156862745,
0.0980392156862745,0.0980392156862745);
#15505=COLOUR_RGB('Edelstahl - poliert',0.796078431372549,0.796078431372549,
0.796078431372549);
#15506=COLOUR_RGB('Farbe - Metallpartikel (Gr\X\FCn)',0.266666666666667,
0.588235294117647,0.282352941176471);
#15507=COLOUR_RGB('Farbe - Emaille gl\X\E4nzend (Gelb)',0.909803921568627,
0.67843137254902,0.137254901960784);
#15508=COLOUR_RGB('Eisen - Guss',0.749019607843137,0.741176470588235,0.733333333333333);
ENDSEC;
END-ISO-10303-21;
