ISO-10303-21;
HEADER;
/* Generated by software containing ST-Developer
 * from STEP Tools, Inc. (www.steptools.com) 
 */

FILE_DESCRIPTION(
/* description */ (''),
/* implementation_level */ '2;1');

FILE_NAME(
/* name */ 'case.step',
/* time_stamp */ '2025-12-30T19:48:49+01:00',
/* author */ (''),
/* organization */ (''),
/* preprocessor_version */ 'ST-DEVELOPER v20.1',
/* originating_system */ 'Autodesk Translation Framework v14.21.0.0',
/* authorisation */ '');

FILE_SCHEMA (('AUTOMOTIVE_DESIGN { 1 0 10303 214 3 1 1 }'));
ENDSEC;

DATA;
#10=MECHANICAL_DESIGN_GEOMETRIC_PRESENTATION_REPRESENTATION('',(#17),#13187);
#11=ITEM_DEFINED_TRANSFORMATION($,$,#7440,#8313);
#12=(
REPRESENTATION_RELATIONSHIP($,$,#13198,#13197)
REPRESENTATION_RELATIONSHIP_WITH_TRANSFORMATION(#11)
SHAPE_REPRESENTATION_RELATIONSHIP()
);
#13=CONTEXT_DEPENDENT_SHAPE_REPRESENTATION(#12,#13196);
#14=NEXT_ASSEMBLY_USAGE_OCCURRENCE('Case Main:1','Case Main:1',
'Case Main:1',#13200,#13201,'Case Main:1');
#15=SHAPE_REPRESENTATION_RELATIONSHIP('SRR','None',#13198,#16);
#16=ADVANCED_BREP_SHAPE_REPRESENTATION('',(#18),#13186);
#17=STYLED_ITEM('',(#13213),#18);
#18=MANIFOLD_SOLID_BREP('Case Main N-Typ',#7426);
#19=B_SPLINE_CURVE_WITH_KNOTS('',3,(#10864,#10865,#10866,#10867,#10868,
#10869,#10870,#10871,#10872,#10873),.UNSPECIFIED.,.F.,.F.,(4,2,2,2,4),(0.577206132914652,
0.614748355656915,0.761153602553562,0.907558849450207,0.94510107219247),
 .UNSPECIFIED.);
#20=B_SPLINE_CURVE_WITH_KNOTS('',3,(#10888,#10889,#10890,#10891,#10892,
#10893,#10894,#10895,#10896,#10897),.UNSPECIFIED.,.F.,.F.,(4,2,2,2,4),(0.577269731541291,
0.614754842533819,0.761162000896446,0.907569159259073,0.945054270251596),
 .UNSPECIFIED.);
#21=B_SPLINE_CURVE_WITH_KNOTS('',3,(#10969,#10970,#10971,#10972,#10973,
#10974,#10975,#10976,#10977,#10978),.UNSPECIFIED.,.F.,.F.,(4,2,2,2,4),(-0.868051540628844,
-0.665223055848758,-0.462394571068672,-0.389098601955149,-0.320141015919691),
 .UNSPECIFIED.);
#22=B_SPLINE_CURVE_WITH_KNOTS('',3,(#10982,#10983,#10984,#10985,#10986,
#10987,#10988,#10989,#10990,#10991,#10992,#10993,#10994,#10995),
 .UNSPECIFIED.,.F.,.F.,(4,2,2,2,2,2,4),(0.323575218065995,0.326121436064661,
0.332243681647869,0.344488172814284,0.404969423933953,0.578337129526031,
0.75170483511811),.UNSPECIFIED.);
#23=B_SPLINE_CURVE_WITH_KNOTS('',3,(#11007,#11008,#11009,#11010,#11011,
#11012,#11013,#11014,#11015,#11016,#11017,#11018,#11019,#11020),
 .UNSPECIFIED.,.F.,.F.,(4,2,2,2,2,2,4),(1.50086487129764,1.67423257244452,
1.8476002735914,1.90808152314004,1.92032601401016,1.92644825944522,1.92899447653077),
 .UNSPECIFIED.);
#24=B_SPLINE_CURVE_WITH_KNOTS('',3,(#11022,#11023,#11024,#11025,#11026,
#11027,#11028,#11029,#11030,#11031),.UNSPECIFIED.,.F.,.F.,(4,2,2,2,4),(-2.07598223606011,
-2.00702464487197,-1.93372867575845,-1.73090019097836,-1.52807170619828),
 .UNSPECIFIED.);
#25=B_SPLINE_CURVE_WITH_KNOTS('',3,(#11469,#11470,#11471,#11472,#11473,
#11474,#11475,#11476,#11477,#11478,#11479,#11480,#11481,#11482,#11483,#11484,
#11485,#11486,#11487,#11488,#11489,#11490),.UNSPECIFIED.,.F.,.F.,(4,2,2,
2,2,2,2,2,2,2,4),(1.12748777515892,1.97602406729024,2.96403610093535,3.45804211775791,
3.95204813458047,4.1349044835117,4.22633265797732,4.31776083244293,4.36282864857183,
4.38536255663628,4.40789646470073),.UNSPECIFIED.);
#26=B_SPLINE_CURVE_WITH_KNOTS('',3,(#11492,#11493,#11494,#11495,#11496,
#11497,#11498,#11499,#11500,#11501,#11502,#11503,#11504,#11505,#11506,#11507,
#11508,#11509,#11510,#11511,#11512,#11513),.UNSPECIFIED.,.F.,.F.,(4,2,2,
2,2,2,2,2,2,2,4),(4.40789646470073,4.43043037276518,4.45296428082963,4.49803209695853,
4.58946027142415,4.68088844588976,4.863744794821,5.35775081164355,5.85175682846611,
6.83976886211123,7.68830515424255),.UNSPECIFIED.);
#27=B_SPLINE_CURVE_WITH_KNOTS('',3,(#11542,#11543,#11544,#11545,#11546,
#11547,#11548,#11549,#11550,#11551,#11552,#11553,#11554,#11555,#11556,#11557,
#11558,#11559,#11560,#11561,#11562,#11563),.UNSPECIFIED.,.F.,.F.,(4,2,2,
2,2,2,2,2,2,2,4),(1.12743915134442,1.97600167937599,2.96400251906399,3.45800293890799,
3.95200335875199,4.13485777730366,4.22628498657949,4.31771219585533,4.36277972762018,
4.3853134935026,4.40784725938503),.UNSPECIFIED.);
#28=B_SPLINE_CURVE_WITH_KNOTS('',3,(#11565,#11566,#11567,#11568,#11569,
#11570,#11571,#11572,#11573,#11574,#11575,#11576,#11577,#11578,#11579,#11580,
#11581,#11582,#11583,#11584,#11585,#11586),.UNSPECIFIED.,.F.,.F.,(4,2,2,
2,2,2,2,2,2,2,4),(4.40784725938503,4.43038102526746,4.45291479114988,4.49798232291474,
4.58940953219057,4.68083674146641,4.86369116001807,5.35769157986207,5.85169199970607,
6.83969283939406,7.68825536742563),.UNSPECIFIED.);
#29=B_SPLINE_CURVE_WITH_KNOTS('',3,(#11591,#11592,#11593,#11594,#11595,
#11596,#11597,#11598,#11599,#11600,#11601,#11602,#11603,#11604,#11605,#11606,
#11607,#11608,#11609,#11610,#11611,#11612),.UNSPECIFIED.,.F.,.F.,(4,2,2,
2,2,2,2,2,2,2,4),(4.40789623307389,4.43043014058602,4.45296404809816,4.49803186312244,
4.58946003320345,4.68088820328445,4.86374454344647,5.35775053378413,5.85175652412179,
6.83976850479712,7.68830468959669),.UNSPECIFIED.);
#30=B_SPLINE_CURVE_WITH_KNOTS('',3,(#11615,#11616,#11617,#11618,#11619,
#11620,#11621,#11622,#11623,#11624,#11625,#11626,#11627,#11628,#11629,#11630,
#11631,#11632,#11633,#11634,#11635,#11636),.UNSPECIFIED.,.F.,.F.,(4,2,2,
2,2,2,2,2,2,2,4),(1.12748777655108,1.97602396135065,2.96403594202597,3.45804193236363,
3.95204792270129,4.13490426286331,4.22633243294432,4.31776060302533,4.36282841804961,
4.38536232556175,4.40789623307389),.UNSPECIFIED.);
#31=B_SPLINE_CURVE_WITH_KNOTS('',3,(#11656,#11657,#11658,#11659,#11660,
#11661,#11662,#11663,#11664,#11665,#11666,#11667,#11668,#11669,#11670,#11671,
#11672,#11673,#11674,#11675,#11676,#11677),.UNSPECIFIED.,.F.,.F.,(4,2,2,
2,2,2,2,2,2,2,4),(1.12743915273456,1.97600157341333,2.96400236011999,3.45800275347332,
3.95200314682666,4.1348575566072,4.22628476149748,4.31771196638775,4.36277949704774,
4.38531326237773,4.40784702770772),.UNSPECIFIED.);
#32=B_SPLINE_CURVE_WITH_KNOTS('',3,(#11679,#11680,#11681,#11682,#11683,
#11684,#11685,#11686,#11687,#11688,#11689,#11690,#11691,#11692,#11693,#11694,
#11695,#11696,#11697,#11698,#11699,#11700),.UNSPECIFIED.,.F.,.F.,(4,2,2,
2,2,2,2,2,2,2,4),(4.40784702770772,4.43038079303772,4.45291455836772,4.49798208902771,
4.58940929391797,4.68083649880824,4.86369090858877,5.3576913019421,5.85169169529544,
6.83969248200211,7.68825490268088),.UNSPECIFIED.);
#33=B_SPLINE_CURVE_WITH_KNOTS('',3,(#11783,#11784,#11785,#11786,#11787,
#11788),.UNSPECIFIED.,.F.,.F.,(4,2,4),(3.21584925155511,3.23328607100385,
3.24688902132604),.UNSPECIFIED.);
#34=B_SPLINE_CURVE_WITH_KNOTS('',3,(#11790,#11791,#11792,#11793),
 .UNSPECIFIED.,.F.,.F.,(4,4),(6.56505271440768,6.61306576918177),
 .UNSPECIFIED.);
#35=B_SPLINE_CURVE_WITH_KNOTS('',3,(#11820,#11821,#11822,#11823),
 .UNSPECIFIED.,.F.,.F.,(4,4),(0.101080637886228,0.143164227182643),
 .UNSPECIFIED.);
#36=B_SPLINE_CURVE_WITH_KNOTS('',3,(#12251,#12252,#12253,#12254,#12255,
#12256),.UNSPECIFIED.,.F.,.F.,(4,2,4),(0.80662945360583,0.857911743331097,
0.896150826424294),.UNSPECIFIED.);
#37=B_SPLINE_CURVE_WITH_KNOTS('',3,(#12259,#12260,#12261,#12262),
 .UNSPECIFIED.,.F.,.F.,(4,4),(2.95353284633145,2.9956163378753),
 .UNSPECIFIED.);
#38=B_SPLINE_CURVE_WITH_KNOTS('',3,(#12267,#12268,#12269,#12270,#12271,
#12272),.UNSPECIFIED.,.F.,.F.,(4,2,4),(4.68766995372441,4.70127290747476,
4.71870972968015),.UNSPECIFIED.);
#39=B_SPLINE_CURVE_WITH_KNOTS('',3,(#12273,#12274,#12275,#12276),
 .UNSPECIFIED.,.F.,.F.,(4,4),(3.51545970943609,3.56347277325076),
 .UNSPECIFIED.);
#40=B_SPLINE_CURVE_WITH_KNOTS('',3,(#12278,#12279,#12280,#12281,#12282,
#12283),.UNSPECIFIED.,.F.,.F.,(4,2,4),(0.140394976716891,0.178634032317728,
0.229916369636626),.UNSPECIFIED.);
#41=B_SPLINE_CURVE_WITH_KNOTS('',3,(#12690,#12691,#12692,#12693,#12694,
#12695,#12696,#12697,#12698,#12699,#12700,#12701),.UNSPECIFIED.,.F.,.F.,
(4,2,2,2,2,4),(2.04944959652063,2.09830907396415,2.32188305523949,2.54545703651483,
2.7367567798287,2.77363460584949),.UNSPECIFIED.);
#42=B_SPLINE_CURVE_WITH_KNOTS('',3,(#12729,#12730,#12731,#12732,#12733,
#12734,#12735,#12736,#12737,#12738,#12739,#12740),.UNSPECIFIED.,.F.,.F.,
(4,2,2,2,2,4),(2.26227877982582,2.2991566058466,2.49045634916048,2.71403033043581,
2.93760431171115,2.98646379805062),.UNSPECIFIED.);
#43=B_SPLINE_CURVE_WITH_KNOTS('',3,(#12939,#12940,#12941,#12942,#12943,
#12944,#12945,#12946),.UNSPECIFIED.,.F.,.F.,(4,2,2,4),(0.402638189833711,
0.484080646955006,0.5655231040763,0.615191339532065),.UNSPECIFIED.);
#44=B_SPLINE_CURVE_WITH_KNOTS('',3,(#12960,#12961,#12962,#12963,#12964,
#12965,#12966,#12967,#12968,#12969),.UNSPECIFIED.,.F.,.F.,(4,2,2,2,4),(0.103146895197104,
0.160365536692711,0.239753275591122,0.321195732712416,0.402638189833711),
 .UNSPECIFIED.);
#45=B_SPLINE_CURVE_WITH_KNOTS('',3,(#12971,#12972,#12973,#12974,#12975,
#12976,#12977,#12978,#12979,#12980,#12981,#12982,#12983,#12984),
 .UNSPECIFIED.,.F.,.F.,(4,2,2,2,2,2,4),(0.103767779732032,0.157810940759165,
0.235848341718568,0.313885742677972,0.391923143698584,0.469960544719196,
0.524003705669093),.UNSPECIFIED.);
#46=B_SPLINE_CURVE_WITH_KNOTS('',3,(#12985,#12986,#12987,#12988,#12989,
#12990,#12991,#12992,#12993,#12994,#12995,#12996,#12997,#12998,#12999,#13000),
 .UNSPECIFIED.,.F.,.F.,(4,2,2,2,2,2,2,4),(0.190085041072676,0.239753276058322,
0.321195733383267,0.402638190708211,0.484080648033155,0.5655231053581,0.644910844404519,
0.70212948631713),.UNSPECIFIED.);
#47=CYLINDRICAL_SURFACE('',#7504,3.);
#48=CYLINDRICAL_SURFACE('',#7508,3.);
#49=CYLINDRICAL_SURFACE('',#7512,3.);
#50=CYLINDRICAL_SURFACE('',#7516,3.);
#51=CYLINDRICAL_SURFACE('',#7520,6.);
#52=CYLINDRICAL_SURFACE('',#7522,5.);
#53=CYLINDRICAL_SURFACE('',#7526,6.);
#54=CYLINDRICAL_SURFACE('',#7528,5.);
#55=CYLINDRICAL_SURFACE('',#7533,2.1);
#56=CYLINDRICAL_SURFACE('',#7539,2.1);
#57=CYLINDRICAL_SURFACE('',#7542,0.899999999999999);
#58=CYLINDRICAL_SURFACE('',#7547,0.899999999999999);
#59=CYLINDRICAL_SURFACE('',#7552,0.899999999999999);
#60=CYLINDRICAL_SURFACE('',#7558,0.899999999999999);
#61=CYLINDRICAL_SURFACE('',#7563,4.);
#62=CYLINDRICAL_SURFACE('',#7568,4.);
#63=CYLINDRICAL_SURFACE('',#7676,5.);
#64=CYLINDRICAL_SURFACE('',#7678,5.);
#65=CYLINDRICAL_SURFACE('',#7680,5.);
#66=CYLINDRICAL_SURFACE('',#7682,5.);
#67=CYLINDRICAL_SURFACE('',#7684,5.);
#68=CYLINDRICAL_SURFACE('',#7686,5.);
#69=CYLINDRICAL_SURFACE('',#7688,5.);
#70=CYLINDRICAL_SURFACE('',#7690,5.);
#71=CYLINDRICAL_SURFACE('',#7692,5.);
#72=CYLINDRICAL_SURFACE('',#7694,5.);
#73=CYLINDRICAL_SURFACE('',#7696,5.);
#74=CYLINDRICAL_SURFACE('',#7698,5.);
#75=CYLINDRICAL_SURFACE('',#7700,5.);
#76=CYLINDRICAL_SURFACE('',#7702,5.);
#77=CYLINDRICAL_SURFACE('',#7704,9.50000000000002);
#78=CYLINDRICAL_SURFACE('',#7708,5.);
#79=CYLINDRICAL_SURFACE('',#7710,5.);
#80=CYLINDRICAL_SURFACE('',#7712,5.);
#81=CYLINDRICAL_SURFACE('',#7714,5.);
#82=CYLINDRICAL_SURFACE('',#7720,8.225);
#83=CYLINDRICAL_SURFACE('',#7723,8.225);
#84=CYLINDRICAL_SURFACE('',#7725,3.);
#85=CYLINDRICAL_SURFACE('',#7730,3.00000000000001);
#86=CYLINDRICAL_SURFACE('',#7733,3.);
#87=CYLINDRICAL_SURFACE('',#7735,5.);
#88=CYLINDRICAL_SURFACE('',#7739,5.);
#89=CYLINDRICAL_SURFACE('',#7742,3.99999999999999);
#90=CYLINDRICAL_SURFACE('',#7745,5.);
#91=CYLINDRICAL_SURFACE('',#7749,5.);
#92=CYLINDRICAL_SURFACE('',#7752,3.99999999999998);
#93=CYLINDRICAL_SURFACE('',#7755,5.);
#94=CYLINDRICAL_SURFACE('',#7759,5.);
#95=CYLINDRICAL_SURFACE('',#7762,4.);
#96=CYLINDRICAL_SURFACE('',#7765,5.);
#97=CYLINDRICAL_SURFACE('',#7769,4.99999999999999);
#98=CYLINDRICAL_SURFACE('',#7772,4.);
#99=CYLINDRICAL_SURFACE('',#7775,5.);
#100=CYLINDRICAL_SURFACE('',#7779,5.);
#101=CYLINDRICAL_SURFACE('',#7782,3.99999999999999);
#102=CYLINDRICAL_SURFACE('',#7785,5.);
#103=CYLINDRICAL_SURFACE('',#7789,5.);
#104=CYLINDRICAL_SURFACE('',#7792,4.);
#105=CYLINDRICAL_SURFACE('',#7795,5.);
#106=CYLINDRICAL_SURFACE('',#7799,5.);
#107=CYLINDRICAL_SURFACE('',#7802,4.00000000000001);
#108=CYLINDRICAL_SURFACE('',#7805,5.);
#109=CYLINDRICAL_SURFACE('',#7809,5.);
#110=CYLINDRICAL_SURFACE('',#7812,4.);
#111=CYLINDRICAL_SURFACE('',#7816,3.00000000000001);
#112=CYLINDRICAL_SURFACE('',#7818,6.00000000000002);
#113=CYLINDRICAL_SURFACE('',#7820,3.);
#114=CYLINDRICAL_SURFACE('',#7823,3.00000000000001);
#115=CYLINDRICAL_SURFACE('',#7825,3.);
#116=CYLINDRICAL_SURFACE('',#7828,3.00000000000001);
#117=CYLINDRICAL_SURFACE('',#7830,6.);
#118=CYLINDRICAL_SURFACE('',#7832,3.);
#119=CYLINDRICAL_SURFACE('',#7835,3.00000000000001);
#120=CYLINDRICAL_SURFACE('',#7837,6.);
#121=CYLINDRICAL_SURFACE('',#7839,3.);
#122=CYLINDRICAL_SURFACE('',#7842,3.00000000000001);
#123=CYLINDRICAL_SURFACE('',#7844,5.99999999999999);
#124=CYLINDRICAL_SURFACE('',#7846,3.);
#125=CYLINDRICAL_SURFACE('',#7849,3.00000000000001);
#126=CYLINDRICAL_SURFACE('',#7851,6.);
#127=CYLINDRICAL_SURFACE('',#7853,3.00000000000001);
#128=CYLINDRICAL_SURFACE('',#7856,3.00000000000001);
#129=CYLINDRICAL_SURFACE('',#7858,6.);
#130=CYLINDRICAL_SURFACE('',#7860,3.);
#131=CYLINDRICAL_SURFACE('',#7863,3.00000000000001);
#132=CYLINDRICAL_SURFACE('',#7865,5.99999999999999);
#133=CYLINDRICAL_SURFACE('',#7867,3.);
#134=CYLINDRICAL_SURFACE('',#7870,3.00000000000001);
#135=CYLINDRICAL_SURFACE('',#7872,5.99999999999998);
#136=CYLINDRICAL_SURFACE('',#7874,3.);
#137=CYLINDRICAL_SURFACE('',#7877,3.00000000000001);
#138=CYLINDRICAL_SURFACE('',#7879,6.);
#139=CYLINDRICAL_SURFACE('',#7881,3.00000000000001);
#140=CYLINDRICAL_SURFACE('',#7884,3.);
#141=CYLINDRICAL_SURFACE('',#7886,6.);
#142=CYLINDRICAL_SURFACE('',#7888,3.);
#143=CYLINDRICAL_SURFACE('',#7891,3.00000000000001);
#144=CYLINDRICAL_SURFACE('',#7893,6.);
#145=CYLINDRICAL_SURFACE('',#7895,3.);
#146=CYLINDRICAL_SURFACE('',#7898,3.00000000000001);
#147=CYLINDRICAL_SURFACE('',#7900,3.);
#148=CYLINDRICAL_SURFACE('',#7903,3.00000000000001);
#149=CYLINDRICAL_SURFACE('',#7905,6.00000000000001);
#150=CYLINDRICAL_SURFACE('',#7907,2.99999999999999);
#151=CYLINDRICAL_SURFACE('',#7910,3.00000000000001);
#152=CYLINDRICAL_SURFACE('',#7912,6.);
#153=CYLINDRICAL_SURFACE('',#7914,3.);
#154=CYLINDRICAL_SURFACE('',#7917,3.00000000000001);
#155=CYLINDRICAL_SURFACE('',#7918,6.00000000000001);
#156=CYLINDRICAL_SURFACE('',#7920,4.);
#157=CYLINDRICAL_SURFACE('',#7923,5.);
#158=CYLINDRICAL_SURFACE('',#7927,5.00000000000001);
#159=CYLINDRICAL_SURFACE('',#7930,4.);
#160=CYLINDRICAL_SURFACE('',#7933,5.);
#161=CYLINDRICAL_SURFACE('',#7937,4.99999999999999);
#162=CYLINDRICAL_SURFACE('',#7940,3.99999999999999);
#163=CYLINDRICAL_SURFACE('',#7943,5.);
#164=CYLINDRICAL_SURFACE('',#7947,5.);
#165=CYLINDRICAL_SURFACE('',#7950,3.99999999999999);
#166=CYLINDRICAL_SURFACE('',#7953,5.);
#167=CYLINDRICAL_SURFACE('',#7957,5.);
#168=CYLINDRICAL_SURFACE('',#7960,4.);
#169=CYLINDRICAL_SURFACE('',#7963,5.);
#170=CYLINDRICAL_SURFACE('',#7967,5.);
#171=CYLINDRICAL_SURFACE('',#7970,4.);
#172=CYLINDRICAL_SURFACE('',#7973,5.);
#173=CYLINDRICAL_SURFACE('',#7977,4.99999999999999);
#174=CYLINDRICAL_SURFACE('',#7980,4.00000000000002);
#175=CYLINDRICAL_SURFACE('',#7983,5.);
#176=CYLINDRICAL_SURFACE('',#7987,4.99999999999999);
#177=CYLINDRICAL_SURFACE('',#7990,4.00000000000001);
#178=CYLINDRICAL_SURFACE('',#7993,5.);
#179=CYLINDRICAL_SURFACE('',#7997,5.);
#180=CYLINDRICAL_SURFACE('',#8009,11.65);
#181=CYLINDRICAL_SURFACE('',#8049,2.1);
#182=CYLINDRICAL_SURFACE('',#8053,2.1);
#183=CYLINDRICAL_SURFACE('',#8057,2.1);
#184=CYLINDRICAL_SURFACE('',#8061,2.1);
#185=CYLINDRICAL_SURFACE('',#8066,2.1);
#186=CYLINDRICAL_SURFACE('',#8070,2.1);
#187=CYLINDRICAL_SURFACE('',#8074,2.1);
#188=CYLINDRICAL_SURFACE('',#8078,2.1);
#189=CYLINDRICAL_SURFACE('',#8082,2.1);
#190=CYLINDRICAL_SURFACE('',#8086,2.1);
#191=CYLINDRICAL_SURFACE('',#8090,2.1);
#192=CYLINDRICAL_SURFACE('',#8094,2.1);
#193=CYLINDRICAL_SURFACE('',#8098,2.1);
#194=CYLINDRICAL_SURFACE('',#8103,2.1);
#195=CYLINDRICAL_SURFACE('',#8108,2.1);
#196=CYLINDRICAL_SURFACE('',#8113,2.1);
#197=CYLINDRICAL_SURFACE('',#8115,5.);
#198=CYLINDRICAL_SURFACE('',#8122,5.);
#199=CYLINDRICAL_SURFACE('',#8123,7.99999999999999);
#200=CYLINDRICAL_SURFACE('',#8127,1.5);
#201=CYLINDRICAL_SURFACE('',#8131,1.5);
#202=CYLINDRICAL_SURFACE('',#8135,1.5);
#203=CYLINDRICAL_SURFACE('',#8139,1.5);
#204=CYLINDRICAL_SURFACE('',#8143,1.5);
#205=CYLINDRICAL_SURFACE('',#8147,1.5);
#206=CYLINDRICAL_SURFACE('',#8151,1.5);
#207=CYLINDRICAL_SURFACE('',#8155,1.5);
#208=CYLINDRICAL_SURFACE('',#8159,1.5);
#209=CYLINDRICAL_SURFACE('',#8163,1.5);
#210=CYLINDRICAL_SURFACE('',#8167,1.5);
#211=CYLINDRICAL_SURFACE('',#8171,1.5);
#212=CYLINDRICAL_SURFACE('',#8175,1.5);
#213=CYLINDRICAL_SURFACE('',#8179,1.5);
#214=CYLINDRICAL_SURFACE('',#8183,1.5);
#215=CYLINDRICAL_SURFACE('',#8187,1.5);
#216=CYLINDRICAL_SURFACE('',#8193,5.);
#217=CYLINDRICAL_SURFACE('',#8195,5.);
#218=CYLINDRICAL_SURFACE('',#8199,5.);
#219=CYLINDRICAL_SURFACE('',#8201,5.);
#220=CYLINDRICAL_SURFACE('',#8203,5.);
#221=CYLINDRICAL_SURFACE('',#8204,9.49999999999998);
#222=CYLINDRICAL_SURFACE('',#8208,5.);
#223=CYLINDRICAL_SURFACE('',#8210,5.);
#224=CYLINDRICAL_SURFACE('',#8211,9.50000000000001);
#225=CYLINDRICAL_SURFACE('',#8214,5.);
#226=CYLINDRICAL_SURFACE('',#8216,5.);
#227=CYLINDRICAL_SURFACE('',#8219,9.50000000000002);
#228=CYLINDRICAL_SURFACE('',#8221,5.);
#229=CYLINDRICAL_SURFACE('',#8232,8.);
#230=CYLINDRICAL_SURFACE('',#8235,3.);
#231=CYLINDRICAL_SURFACE('',#8246,2.00000000000002);
#232=CYLINDRICAL_SURFACE('',#8249,2.);
#233=CYLINDRICAL_SURFACE('',#8251,2.);
#234=CYLINDRICAL_SURFACE('',#8267,14.2519309695279);
#235=CYLINDRICAL_SURFACE('',#8270,14.2519309695179);
#236=CYLINDRICAL_SURFACE('',#8287,14.2519309695179);
#237=CYLINDRICAL_SURFACE('',#8297,3.5);
#238=CYLINDRICAL_SURFACE('',#8298,14.2519309695181);
#239=CYLINDRICAL_SURFACE('',#8300,11.1);
#240=CYLINDRICAL_SURFACE('',#8303,11.1);
#241=CYLINDRICAL_SURFACE('',#8306,11.10000000043);
#242=CYLINDRICAL_SURFACE('',#8310,11.1);
#243=FACE_BOUND('',#975,.T.);
#244=FACE_BOUND('',#976,.T.);
#245=FACE_BOUND('',#977,.T.);
#246=FACE_BOUND('',#978,.T.);
#247=FACE_BOUND('',#979,.T.);
#248=FACE_BOUND('',#996,.T.);
#249=FACE_BOUND('',#1000,.T.);
#250=FACE_BOUND('',#1003,.T.);
#251=FACE_BOUND('',#1007,.T.);
#252=FACE_BOUND('',#1011,.T.);
#253=FACE_BOUND('',#1016,.T.);
#254=FACE_BOUND('',#1027,.T.);
#255=FACE_BOUND('',#1028,.T.);
#256=FACE_BOUND('',#1029,.T.);
#257=FACE_BOUND('',#1030,.T.);
#258=FACE_BOUND('',#1031,.T.);
#259=FACE_BOUND('',#1053,.T.);
#260=FACE_BOUND('',#1054,.T.);
#261=FACE_BOUND('',#1055,.T.);
#262=FACE_BOUND('',#1069,.T.);
#263=FACE_BOUND('',#1070,.T.);
#264=FACE_BOUND('',#1071,.T.);
#265=FACE_BOUND('',#1072,.T.);
#266=FACE_BOUND('',#1073,.T.);
#267=FACE_BOUND('',#1137,.T.);
#268=FACE_BOUND('',#1270,.T.);
#269=FACE_BOUND('',#1280,.T.);
#270=FACE_BOUND('',#1281,.T.);
#271=FACE_BOUND('',#1282,.T.);
#272=FACE_BOUND('',#1283,.T.);
#273=FACE_BOUND('',#1284,.T.);
#274=FACE_BOUND('',#1285,.T.);
#275=FACE_BOUND('',#1286,.T.);
#276=FACE_BOUND('',#1287,.T.);
#277=FACE_BOUND('',#1288,.T.);
#278=FACE_BOUND('',#1289,.T.);
#279=FACE_BOUND('',#1290,.T.);
#280=FACE_BOUND('',#1291,.T.);
#281=FACE_BOUND('',#1292,.T.);
#282=FACE_BOUND('',#1293,.T.);
#283=FACE_BOUND('',#1294,.T.);
#284=FACE_BOUND('',#1295,.T.);
#285=FACE_BOUND('',#1296,.T.);
#286=FACE_BOUND('',#1337,.T.);
#287=FACE_BOUND('',#1340,.T.);
#288=FACE_BOUND('',#1343,.T.);
#289=FACE_BOUND('',#1346,.T.);
#290=FACE_BOUND('',#1349,.T.);
#291=FACE_BOUND('',#1352,.T.);
#292=FACE_BOUND('',#1355,.T.);
#293=FACE_BOUND('',#1358,.T.);
#294=FACE_BOUND('',#1361,.T.);
#295=FACE_BOUND('',#1364,.T.);
#296=FACE_BOUND('',#1367,.T.);
#297=FACE_BOUND('',#1370,.T.);
#298=FACE_BOUND('',#1373,.T.);
#299=FACE_BOUND('',#1376,.T.);
#300=FACE_BOUND('',#1379,.T.);
#301=FACE_BOUND('',#1382,.T.);
#302=FACE_BOUND('',#1421,.T.);
#303=FACE_BOUND('',#1453,.T.);
#304=FACE_BOUND('',#1455,.T.);
#305=FACE_BOUND('',#1468,.T.);
#306=ELLIPSE('',#7488,4.14110472164033,4.);
#307=ELLIPSE('',#7489,4.14110472164033,4.);
#308=ELLIPSE('',#7565,23.1822198309374,6.);
#309=ELLIPSE('',#7567,23.1822198309374,6.00000000000001);
#310=ELLIPSE('',#7641,85.1469330141593,5.);
#311=ELLIPSE('',#7642,85.1469330141593,5.);
#312=ELLIPSE('',#7644,85.1469330141593,5.);
#313=ELLIPSE('',#7645,85.1469330141593,5.);
#314=ELLIPSE('',#7647,85.1469330141593,5.);
#315=ELLIPSE('',#7648,85.1469330141593,5.);
#316=ELLIPSE('',#7650,85.1469330141593,5.);
#317=ELLIPSE('',#7651,85.1469330141593,5.);
#318=ELLIPSE('',#7653,85.1469330141593,5.);
#319=ELLIPSE('',#7654,85.1469330141593,5.);
#320=ELLIPSE('',#7656,85.1469330141593,5.);
#321=ELLIPSE('',#7657,85.1469330141593,5.);
#322=ELLIPSE('',#7663,85.1469330141594,5.);
#323=ELLIPSE('',#7664,85.1469330141594,5.);
#324=ELLIPSE('',#7666,85.1469330141594,5.);
#325=ELLIPSE('',#7667,85.1469330141594,5.);
#326=ELLIPSE('',#7669,85.1469330141594,5.);
#327=ELLIPSE('',#7670,85.1469330141594,5.);
#328=ELLIPSE('',#7672,85.1469330141594,5.);
#329=ELLIPSE('',#7673,85.1469330141594,5.);
#330=ELLIPSE('',#7727,12.0609675017775,11.65);
#331=ELLIPSE('',#7728,10.9231097565409,10.1650990159425);
#332=ELLIPSE('',#7729,10.9231097565409,10.1650990159425);
#333=ELLIPSE('',#7731,11.5911099154687,3.00000000000001);
#334=ELLIPSE('',#7916,11.5911099154687,3.);
#335=ELLIPSE('',#8116,5.17638090205042,5.);
#336=ELLIPSE('',#8118,5.17638090205042,5.);
#337=ELLIPSE('',#8121,8.28220944328067,8.);
#338=ELLIPSE('',#8124,8.28220944328065,7.99999999999999);
#339=ELLIPSE('',#8238,4.24264068711928,3.);
#340=ELLIPSE('',#8240,4.24264068711928,3.);
#341=ELLIPSE('',#8241,4.24264068711928,3.);
#342=PLANE('',#7444);
#343=PLANE('',#7535);
#344=PLANE('',#7541);
#345=PLANE('',#7545);
#346=PLANE('',#7546);
#347=PLANE('',#7550);
#348=PLANE('',#7551);
#349=PLANE('',#7555);
#350=PLANE('',#7556);
#351=PLANE('',#7557);
#352=PLANE('',#7561);
#353=PLANE('',#7562);
#354=PLANE('',#7564);
#355=PLANE('',#7569);
#356=PLANE('',#7570);
#357=PLANE('',#7571);
#358=PLANE('',#7572);
#359=PLANE('',#7573);
#360=PLANE('',#7574);
#361=PLANE('',#7575);
#362=PLANE('',#7576);
#363=PLANE('',#7577);
#364=PLANE('',#7578);
#365=PLANE('',#7579);
#366=PLANE('',#7580);
#367=PLANE('',#7581);
#368=PLANE('',#7582);
#369=PLANE('',#7583);
#370=PLANE('',#7584);
#371=PLANE('',#7585);
#372=PLANE('',#7586);
#373=PLANE('',#7587);
#374=PLANE('',#7588);
#375=PLANE('',#7589);
#376=PLANE('',#7590);
#377=PLANE('',#7591);
#378=PLANE('',#7592);
#379=PLANE('',#7593);
#380=PLANE('',#7594);
#381=PLANE('',#7595);
#382=PLANE('',#7596);
#383=PLANE('',#7597);
#384=PLANE('',#7598);
#385=PLANE('',#7599);
#386=PLANE('',#7600);
#387=PLANE('',#7601);
#388=PLANE('',#7602);
#389=PLANE('',#7603);
#390=PLANE('',#7604);
#391=PLANE('',#7605);
#392=PLANE('',#7606);
#393=PLANE('',#7607);
#394=PLANE('',#7608);
#395=PLANE('',#7609);
#396=PLANE('',#7610);
#397=PLANE('',#7611);
#398=PLANE('',#7612);
#399=PLANE('',#7613);
#400=PLANE('',#7614);
#401=PLANE('',#7615);
#402=PLANE('',#7616);
#403=PLANE('',#7617);
#404=PLANE('',#7618);
#405=PLANE('',#7619);
#406=PLANE('',#7620);
#407=PLANE('',#7621);
#408=PLANE('',#7622);
#409=PLANE('',#7623);
#410=PLANE('',#7624);
#411=PLANE('',#7625);
#412=PLANE('',#7626);
#413=PLANE('',#7627);
#414=PLANE('',#7628);
#415=PLANE('',#7629);
#416=PLANE('',#7630);
#417=PLANE('',#7631);
#418=PLANE('',#7632);
#419=PLANE('',#7633);
#420=PLANE('',#7634);
#421=PLANE('',#7635);
#422=PLANE('',#7636);
#423=PLANE('',#7637);
#424=PLANE('',#7640);
#425=PLANE('',#7643);
#426=PLANE('',#7646);
#427=PLANE('',#7649);
#428=PLANE('',#7652);
#429=PLANE('',#7655);
#430=PLANE('',#7662);
#431=PLANE('',#7665);
#432=PLANE('',#7668);
#433=PLANE('',#7671);
#434=PLANE('',#7716);
#435=PLANE('',#7722);
#436=PLANE('',#7726);
#437=PLANE('',#7738);
#438=PLANE('',#7748);
#439=PLANE('',#7758);
#440=PLANE('',#7768);
#441=PLANE('',#7778);
#442=PLANE('',#7788);
#443=PLANE('',#7798);
#444=PLANE('',#7808);
#445=PLANE('',#7815);
#446=PLANE('',#7822);
#447=PLANE('',#7827);
#448=PLANE('',#7834);
#449=PLANE('',#7841);
#450=PLANE('',#7848);
#451=PLANE('',#7855);
#452=PLANE('',#7862);
#453=PLANE('',#7869);
#454=PLANE('',#7876);
#455=PLANE('',#7883);
#456=PLANE('',#7890);
#457=PLANE('',#7897);
#458=PLANE('',#7902);
#459=PLANE('',#7909);
#460=PLANE('',#7926);
#461=PLANE('',#7936);
#462=PLANE('',#7946);
#463=PLANE('',#7956);
#464=PLANE('',#7966);
#465=PLANE('',#7976);
#466=PLANE('',#7986);
#467=PLANE('',#7996);
#468=PLANE('',#8000);
#469=PLANE('',#8001);
#470=PLANE('',#8007);
#471=PLANE('',#8008);
#472=PLANE('',#8010);
#473=PLANE('',#8011);
#474=PLANE('',#8015);
#475=PLANE('',#8117);
#476=PLANE('',#8119);
#477=PLANE('',#8120);
#478=PLANE('',#8126);
#479=PLANE('',#8130);
#480=PLANE('',#8134);
#481=PLANE('',#8138);
#482=PLANE('',#8142);
#483=PLANE('',#8146);
#484=PLANE('',#8150);
#485=PLANE('',#8154);
#486=PLANE('',#8158);
#487=PLANE('',#8162);
#488=PLANE('',#8166);
#489=PLANE('',#8170);
#490=PLANE('',#8174);
#491=PLANE('',#8178);
#492=PLANE('',#8182);
#493=PLANE('',#8186);
#494=PLANE('',#8190);
#495=PLANE('',#8191);
#496=PLANE('',#8192);
#497=PLANE('',#8194);
#498=PLANE('',#8196);
#499=PLANE('',#8197);
#500=PLANE('',#8198);
#501=PLANE('',#8200);
#502=PLANE('',#8202);
#503=PLANE('',#8206);
#504=PLANE('',#8207);
#505=PLANE('',#8209);
#506=PLANE('',#8213);
#507=PLANE('',#8215);
#508=PLANE('',#8217);
#509=PLANE('',#8218);
#510=PLANE('',#8222);
#511=PLANE('',#8223);
#512=PLANE('',#8227);
#513=PLANE('',#8230);
#514=PLANE('',#8231);
#515=PLANE('',#8233);
#516=PLANE('',#8234);
#517=PLANE('',#8243);
#518=PLANE('',#8244);
#519=PLANE('',#8245);
#520=PLANE('',#8256);
#521=PLANE('',#8259);
#522=PLANE('',#8262);
#523=PLANE('',#8265);
#524=PLANE('',#8266);
#525=PLANE('',#8269);
#526=PLANE('',#8274);
#527=PLANE('',#8278);
#528=PLANE('',#8282);
#529=PLANE('',#8285);
#530=PLANE('',#8286);
#531=PLANE('',#8288);
#532=PLANE('',#8289);
#533=PLANE('',#8291);
#534=PLANE('',#8299);
#535=PLANE('',#8302);
#536=PLANE('',#8305);
#537=PLANE('',#8308);
#538=PLANE('',#8309);
#539=PLANE('',#8312);
#540=FACE_OUTER_BOUND('',#973,.T.);
#541=FACE_OUTER_BOUND('',#974,.T.);
#542=FACE_OUTER_BOUND('',#980,.T.);
#543=FACE_OUTER_BOUND('',#981,.T.);
#544=FACE_OUTER_BOUND('',#982,.T.);
#545=FACE_OUTER_BOUND('',#983,.T.);
#546=FACE_OUTER_BOUND('',#984,.T.);
#547=FACE_OUTER_BOUND('',#985,.T.);
#548=FACE_OUTER_BOUND('',#986,.T.);
#549=FACE_OUTER_BOUND('',#987,.T.);
#550=FACE_OUTER_BOUND('',#988,.T.);
#551=FACE_OUTER_BOUND('',#989,.T.);
#552=FACE_OUTER_BOUND('',#990,.T.);
#553=FACE_OUTER_BOUND('',#991,.T.);
#554=FACE_OUTER_BOUND('',#992,.T.);
#555=FACE_OUTER_BOUND('',#993,.T.);
#556=FACE_OUTER_BOUND('',#994,.T.);
#557=FACE_OUTER_BOUND('',#995,.T.);
#558=FACE_OUTER_BOUND('',#997,.T.);
#559=FACE_OUTER_BOUND('',#998,.T.);
#560=FACE_OUTER_BOUND('',#999,.T.);
#561=FACE_OUTER_BOUND('',#1001,.T.);
#562=FACE_OUTER_BOUND('',#1002,.T.);
#563=FACE_OUTER_BOUND('',#1004,.T.);
#564=FACE_OUTER_BOUND('',#1005,.T.);
#565=FACE_OUTER_BOUND('',#1006,.T.);
#566=FACE_OUTER_BOUND('',#1008,.T.);
#567=FACE_OUTER_BOUND('',#1009,.T.);
#568=FACE_OUTER_BOUND('',#1010,.T.);
#569=FACE_OUTER_BOUND('',#1012,.T.);
#570=FACE_OUTER_BOUND('',#1013,.T.);
#571=FACE_OUTER_BOUND('',#1014,.T.);
#572=FACE_OUTER_BOUND('',#1015,.T.);
#573=FACE_OUTER_BOUND('',#1017,.T.);
#574=FACE_OUTER_BOUND('',#1018,.T.);
#575=FACE_OUTER_BOUND('',#1019,.T.);
#576=FACE_OUTER_BOUND('',#1020,.T.);
#577=FACE_OUTER_BOUND('',#1021,.T.);
#578=FACE_OUTER_BOUND('',#1022,.T.);
#579=FACE_OUTER_BOUND('',#1023,.T.);
#580=FACE_OUTER_BOUND('',#1024,.T.);
#581=FACE_OUTER_BOUND('',#1025,.T.);
#582=FACE_OUTER_BOUND('',#1026,.T.);
#583=FACE_OUTER_BOUND('',#1032,.T.);
#584=FACE_OUTER_BOUND('',#1033,.T.);
#585=FACE_OUTER_BOUND('',#1034,.T.);
#586=FACE_OUTER_BOUND('',#1035,.T.);
#587=FACE_OUTER_BOUND('',#1036,.T.);
#588=FACE_OUTER_BOUND('',#1037,.T.);
#589=FACE_OUTER_BOUND('',#1038,.T.);
#590=FACE_OUTER_BOUND('',#1039,.T.);
#591=FACE_OUTER_BOUND('',#1040,.T.);
#592=FACE_OUTER_BOUND('',#1041,.T.);
#593=FACE_OUTER_BOUND('',#1042,.T.);
#594=FACE_OUTER_BOUND('',#1043,.T.);
#595=FACE_OUTER_BOUND('',#1044,.T.);
#596=FACE_OUTER_BOUND('',#1045,.T.);
#597=FACE_OUTER_BOUND('',#1046,.T.);
#598=FACE_OUTER_BOUND('',#1047,.T.);
#599=FACE_OUTER_BOUND('',#1048,.T.);
#600=FACE_OUTER_BOUND('',#1049,.T.);
#601=FACE_OUTER_BOUND('',#1050,.T.);
#602=FACE_OUTER_BOUND('',#1051,.T.);
#603=FACE_OUTER_BOUND('',#1052,.T.);
#604=FACE_OUTER_BOUND('',#1056,.T.);
#605=FACE_OUTER_BOUND('',#1057,.T.);
#606=FACE_OUTER_BOUND('',#1058,.T.);
#607=FACE_OUTER_BOUND('',#1059,.T.);
#608=FACE_OUTER_BOUND('',#1060,.T.);
#609=FACE_OUTER_BOUND('',#1061,.T.);
#610=FACE_OUTER_BOUND('',#1062,.T.);
#611=FACE_OUTER_BOUND('',#1063,.T.);
#612=FACE_OUTER_BOUND('',#1064,.T.);
#613=FACE_OUTER_BOUND('',#1065,.T.);
#614=FACE_OUTER_BOUND('',#1066,.T.);
#615=FACE_OUTER_BOUND('',#1067,.T.);
#616=FACE_OUTER_BOUND('',#1068,.T.);
#617=FACE_OUTER_BOUND('',#1074,.T.);
#618=FACE_OUTER_BOUND('',#1075,.T.);
#619=FACE_OUTER_BOUND('',#1076,.T.);
#620=FACE_OUTER_BOUND('',#1077,.T.);
#621=FACE_OUTER_BOUND('',#1078,.T.);
#622=FACE_OUTER_BOUND('',#1079,.T.);
#623=FACE_OUTER_BOUND('',#1080,.T.);
#624=FACE_OUTER_BOUND('',#1081,.T.);
#625=FACE_OUTER_BOUND('',#1082,.T.);
#626=FACE_OUTER_BOUND('',#1083,.T.);
#627=FACE_OUTER_BOUND('',#1084,.T.);
#628=FACE_OUTER_BOUND('',#1085,.T.);
#629=FACE_OUTER_BOUND('',#1086,.T.);
#630=FACE_OUTER_BOUND('',#1087,.T.);
#631=FACE_OUTER_BOUND('',#1088,.T.);
#632=FACE_OUTER_BOUND('',#1089,.T.);
#633=FACE_OUTER_BOUND('',#1090,.T.);
#634=FACE_OUTER_BOUND('',#1091,.T.);
#635=FACE_OUTER_BOUND('',#1092,.T.);
#636=FACE_OUTER_BOUND('',#1093,.T.);
#637=FACE_OUTER_BOUND('',#1094,.T.);
#638=FACE_OUTER_BOUND('',#1095,.T.);
#639=FACE_OUTER_BOUND('',#1096,.T.);
#640=FACE_OUTER_BOUND('',#1097,.T.);
#641=FACE_OUTER_BOUND('',#1098,.T.);
#642=FACE_OUTER_BOUND('',#1099,.T.);
#643=FACE_OUTER_BOUND('',#1100,.T.);
#644=FACE_OUTER_BOUND('',#1101,.T.);
#645=FACE_OUTER_BOUND('',#1102,.T.);
#646=FACE_OUTER_BOUND('',#1103,.T.);
#647=FACE_OUTER_BOUND('',#1104,.T.);
#648=FACE_OUTER_BOUND('',#1105,.T.);
#649=FACE_OUTER_BOUND('',#1106,.T.);
#650=FACE_OUTER_BOUND('',#1107,.T.);
#651=FACE_OUTER_BOUND('',#1108,.T.);
#652=FACE_OUTER_BOUND('',#1109,.T.);
#653=FACE_OUTER_BOUND('',#1110,.T.);
#654=FACE_OUTER_BOUND('',#1111,.T.);
#655=FACE_OUTER_BOUND('',#1112,.T.);
#656=FACE_OUTER_BOUND('',#1113,.T.);
#657=FACE_OUTER_BOUND('',#1114,.T.);
#658=FACE_OUTER_BOUND('',#1115,.T.);
#659=FACE_OUTER_BOUND('',#1116,.T.);
#660=FACE_OUTER_BOUND('',#1117,.T.);
#661=FACE_OUTER_BOUND('',#1118,.T.);
#662=FACE_OUTER_BOUND('',#1119,.T.);
#663=FACE_OUTER_BOUND('',#1120,.T.);
#664=FACE_OUTER_BOUND('',#1121,.T.);
#665=FACE_OUTER_BOUND('',#1122,.T.);
#666=FACE_OUTER_BOUND('',#1123,.T.);
#667=FACE_OUTER_BOUND('',#1124,.T.);
#668=FACE_OUTER_BOUND('',#1125,.T.);
#669=FACE_OUTER_BOUND('',#1126,.T.);
#670=FACE_OUTER_BOUND('',#1127,.T.);
#671=FACE_OUTER_BOUND('',#1128,.T.);
#672=FACE_OUTER_BOUND('',#1129,.T.);
#673=FACE_OUTER_BOUND('',#1130,.T.);
#674=FACE_OUTER_BOUND('',#1131,.T.);
#675=FACE_OUTER_BOUND('',#1132,.T.);
#676=FACE_OUTER_BOUND('',#1133,.T.);
#677=FACE_OUTER_BOUND('',#1134,.T.);
#678=FACE_OUTER_BOUND('',#1135,.T.);
#679=FACE_OUTER_BOUND('',#1136,.T.);
#680=FACE_OUTER_BOUND('',#1138,.T.);
#681=FACE_OUTER_BOUND('',#1139,.T.);
#682=FACE_OUTER_BOUND('',#1140,.T.);
#683=FACE_OUTER_BOUND('',#1141,.T.);
#684=FACE_OUTER_BOUND('',#1142,.T.);
#685=FACE_OUTER_BOUND('',#1143,.T.);
#686=FACE_OUTER_BOUND('',#1144,.T.);
#687=FACE_OUTER_BOUND('',#1145,.T.);
#688=FACE_OUTER_BOUND('',#1146,.T.);
#689=FACE_OUTER_BOUND('',#1147,.T.);
#690=FACE_OUTER_BOUND('',#1148,.T.);
#691=FACE_OUTER_BOUND('',#1149,.T.);
#692=FACE_OUTER_BOUND('',#1150,.T.);
#693=FACE_OUTER_BOUND('',#1151,.T.);
#694=FACE_OUTER_BOUND('',#1152,.T.);
#695=FACE_OUTER_BOUND('',#1153,.T.);
#696=FACE_OUTER_BOUND('',#1154,.T.);
#697=FACE_OUTER_BOUND('',#1155,.T.);
#698=FACE_OUTER_BOUND('',#1156,.T.);
#699=FACE_OUTER_BOUND('',#1157,.T.);
#700=FACE_OUTER_BOUND('',#1158,.T.);
#701=FACE_OUTER_BOUND('',#1159,.T.);
#702=FACE_OUTER_BOUND('',#1160,.T.);
#703=FACE_OUTER_BOUND('',#1161,.T.);
#704=FACE_OUTER_BOUND('',#1162,.T.);
#705=FACE_OUTER_BOUND('',#1163,.T.);
#706=FACE_OUTER_BOUND('',#1164,.T.);
#707=FACE_OUTER_BOUND('',#1165,.T.);
#708=FACE_OUTER_BOUND('',#1166,.T.);
#709=FACE_OUTER_BOUND('',#1167,.T.);
#710=FACE_OUTER_BOUND('',#1168,.T.);
#711=FACE_OUTER_BOUND('',#1169,.T.);
#712=FACE_OUTER_BOUND('',#1170,.T.);
#713=FACE_OUTER_BOUND('',#1171,.T.);
#714=FACE_OUTER_BOUND('',#1172,.T.);
#715=FACE_OUTER_BOUND('',#1173,.T.);
#716=FACE_OUTER_BOUND('',#1174,.T.);
#717=FACE_OUTER_BOUND('',#1175,.T.);
#718=FACE_OUTER_BOUND('',#1176,.T.);
#719=FACE_OUTER_BOUND('',#1177,.T.);
#720=FACE_OUTER_BOUND('',#1178,.T.);
#721=FACE_OUTER_BOUND('',#1179,.T.);
#722=FACE_OUTER_BOUND('',#1180,.T.);
#723=FACE_OUTER_BOUND('',#1181,.T.);
#724=FACE_OUTER_BOUND('',#1182,.T.);
#725=FACE_OUTER_BOUND('',#1183,.T.);
#726=FACE_OUTER_BOUND('',#1184,.T.);
#727=FACE_OUTER_BOUND('',#1185,.T.);
#728=FACE_OUTER_BOUND('',#1186,.T.);
#729=FACE_OUTER_BOUND('',#1187,.T.);
#730=FACE_OUTER_BOUND('',#1188,.T.);
#731=FACE_OUTER_BOUND('',#1189,.T.);
#732=FACE_OUTER_BOUND('',#1190,.T.);
#733=FACE_OUTER_BOUND('',#1191,.T.);
#734=FACE_OUTER_BOUND('',#1192,.T.);
#735=FACE_OUTER_BOUND('',#1193,.T.);
#736=FACE_OUTER_BOUND('',#1194,.T.);
#737=FACE_OUTER_BOUND('',#1195,.T.);
#738=FACE_OUTER_BOUND('',#1196,.T.);
#739=FACE_OUTER_BOUND('',#1197,.T.);
#740=FACE_OUTER_BOUND('',#1198,.T.);
#741=FACE_OUTER_BOUND('',#1199,.T.);
#742=FACE_OUTER_BOUND('',#1200,.T.);
#743=FACE_OUTER_BOUND('',#1201,.T.);
#744=FACE_OUTER_BOUND('',#1202,.T.);
#745=FACE_OUTER_BOUND('',#1203,.T.);
#746=FACE_OUTER_BOUND('',#1204,.T.);
#747=FACE_OUTER_BOUND('',#1205,.T.);
#748=FACE_OUTER_BOUND('',#1206,.T.);
#749=FACE_OUTER_BOUND('',#1207,.T.);
#750=FACE_OUTER_BOUND('',#1208,.T.);
#751=FACE_OUTER_BOUND('',#1209,.T.);
#752=FACE_OUTER_BOUND('',#1210,.T.);
#753=FACE_OUTER_BOUND('',#1211,.T.);
#754=FACE_OUTER_BOUND('',#1212,.T.);
#755=FACE_OUTER_BOUND('',#1213,.T.);
#756=FACE_OUTER_BOUND('',#1214,.T.);
#757=FACE_OUTER_BOUND('',#1215,.T.);
#758=FACE_OUTER_BOUND('',#1216,.T.);
#759=FACE_OUTER_BOUND('',#1217,.T.);
#760=FACE_OUTER_BOUND('',#1218,.T.);
#761=FACE_OUTER_BOUND('',#1219,.T.);
#762=FACE_OUTER_BOUND('',#1220,.T.);
#763=FACE_OUTER_BOUND('',#1221,.T.);
#764=FACE_OUTER_BOUND('',#1222,.T.);
#765=FACE_OUTER_BOUND('',#1223,.T.);
#766=FACE_OUTER_BOUND('',#1224,.T.);
#767=FACE_OUTER_BOUND('',#1225,.T.);
#768=FACE_OUTER_BOUND('',#1226,.T.);
#769=FACE_OUTER_BOUND('',#1227,.T.);
#770=FACE_OUTER_BOUND('',#1228,.T.);
#771=FACE_OUTER_BOUND('',#1229,.T.);
#772=FACE_OUTER_BOUND('',#1230,.T.);
#773=FACE_OUTER_BOUND('',#1231,.T.);
#774=FACE_OUTER_BOUND('',#1232,.T.);
#775=FACE_OUTER_BOUND('',#1233,.T.);
#776=FACE_OUTER_BOUND('',#1234,.T.);
#777=FACE_OUTER_BOUND('',#1235,.T.);
#778=FACE_OUTER_BOUND('',#1236,.T.);
#779=FACE_OUTER_BOUND('',#1237,.T.);
#780=FACE_OUTER_BOUND('',#1238,.T.);
#781=FACE_OUTER_BOUND('',#1239,.T.);
#782=FACE_OUTER_BOUND('',#1240,.T.);
#783=FACE_OUTER_BOUND('',#1241,.T.);
#784=FACE_OUTER_BOUND('',#1242,.T.);
#785=FACE_OUTER_BOUND('',#1243,.T.);
#786=FACE_OUTER_BOUND('',#1244,.T.);
#787=FACE_OUTER_BOUND('',#1245,.T.);
#788=FACE_OUTER_BOUND('',#1246,.T.);
#789=FACE_OUTER_BOUND('',#1247,.T.);
#790=FACE_OUTER_BOUND('',#1248,.T.);
#791=FACE_OUTER_BOUND('',#1249,.T.);
#792=FACE_OUTER_BOUND('',#1250,.T.);
#793=FACE_OUTER_BOUND('',#1251,.T.);
#794=FACE_OUTER_BOUND('',#1252,.T.);
#795=FACE_OUTER_BOUND('',#1253,.T.);
#796=FACE_OUTER_BOUND('',#1254,.T.);
#797=FACE_OUTER_BOUND('',#1255,.T.);
#798=FACE_OUTER_BOUND('',#1256,.T.);
#799=FACE_OUTER_BOUND('',#1257,.T.);
#800=FACE_OUTER_BOUND('',#1258,.T.);
#801=FACE_OUTER_BOUND('',#1259,.T.);
#802=FACE_OUTER_BOUND('',#1260,.T.);
#803=FACE_OUTER_BOUND('',#1261,.T.);
#804=FACE_OUTER_BOUND('',#1262,.T.);
#805=FACE_OUTER_BOUND('',#1263,.T.);
#806=FACE_OUTER_BOUND('',#1264,.T.);
#807=FACE_OUTER_BOUND('',#1265,.T.);
#808=FACE_OUTER_BOUND('',#1266,.T.);
#809=FACE_OUTER_BOUND('',#1267,.T.);
#810=FACE_OUTER_BOUND('',#1268,.T.);
#811=FACE_OUTER_BOUND('',#1269,.T.);
#812=FACE_OUTER_BOUND('',#1271,.T.);
#813=FACE_OUTER_BOUND('',#1272,.T.);
#814=FACE_OUTER_BOUND('',#1273,.T.);
#815=FACE_OUTER_BOUND('',#1274,.T.);
#816=FACE_OUTER_BOUND('',#1275,.T.);
#817=FACE_OUTER_BOUND('',#1276,.T.);
#818=FACE_OUTER_BOUND('',#1277,.T.);
#819=FACE_OUTER_BOUND('',#1278,.T.);
#820=FACE_OUTER_BOUND('',#1279,.T.);
#821=FACE_OUTER_BOUND('',#1297,.T.);
#822=FACE_OUTER_BOUND('',#1298,.T.);
#823=FACE_OUTER_BOUND('',#1299,.T.);
#824=FACE_OUTER_BOUND('',#1300,.T.);
#825=FACE_OUTER_BOUND('',#1301,.T.);
#826=FACE_OUTER_BOUND('',#1302,.T.);
#827=FACE_OUTER_BOUND('',#1303,.T.);
#828=FACE_OUTER_BOUND('',#1304,.T.);
#829=FACE_OUTER_BOUND('',#1305,.T.);
#830=FACE_OUTER_BOUND('',#1306,.T.);
#831=FACE_OUTER_BOUND('',#1307,.T.);
#832=FACE_OUTER_BOUND('',#1308,.T.);
#833=FACE_OUTER_BOUND('',#1309,.T.);
#834=FACE_OUTER_BOUND('',#1310,.T.);
#835=FACE_OUTER_BOUND('',#1311,.T.);
#836=FACE_OUTER_BOUND('',#1312,.T.);
#837=FACE_OUTER_BOUND('',#1313,.T.);
#838=FACE_OUTER_BOUND('',#1314,.T.);
#839=FACE_OUTER_BOUND('',#1315,.T.);
#840=FACE_OUTER_BOUND('',#1316,.T.);
#841=FACE_OUTER_BOUND('',#1317,.T.);
#842=FACE_OUTER_BOUND('',#1318,.T.);
#843=FACE_OUTER_BOUND('',#1319,.T.);
#844=FACE_OUTER_BOUND('',#1320,.T.);
#845=FACE_OUTER_BOUND('',#1321,.T.);
#846=FACE_OUTER_BOUND('',#1322,.T.);
#847=FACE_OUTER_BOUND('',#1323,.T.);
#848=FACE_OUTER_BOUND('',#1324,.T.);
#849=FACE_OUTER_BOUND('',#1325,.T.);
#850=FACE_OUTER_BOUND('',#1326,.T.);
#851=FACE_OUTER_BOUND('',#1327,.T.);
#852=FACE_OUTER_BOUND('',#1328,.T.);
#853=FACE_OUTER_BOUND('',#1329,.T.);
#854=FACE_OUTER_BOUND('',#1330,.T.);
#855=FACE_OUTER_BOUND('',#1331,.T.);
#856=FACE_OUTER_BOUND('',#1332,.T.);
#857=FACE_OUTER_BOUND('',#1333,.T.);
#858=FACE_OUTER_BOUND('',#1334,.T.);
#859=FACE_OUTER_BOUND('',#1335,.T.);
#860=FACE_OUTER_BOUND('',#1336,.T.);
#861=FACE_OUTER_BOUND('',#1338,.T.);
#862=FACE_OUTER_BOUND('',#1339,.T.);
#863=FACE_OUTER_BOUND('',#1341,.T.);
#864=FACE_OUTER_BOUND('',#1342,.T.);
#865=FACE_OUTER_BOUND('',#1344,.T.);
#866=FACE_OUTER_BOUND('',#1345,.T.);
#867=FACE_OUTER_BOUND('',#1347,.T.);
#868=FACE_OUTER_BOUND('',#1348,.T.);
#869=FACE_OUTER_BOUND('',#1350,.T.);
#870=FACE_OUTER_BOUND('',#1351,.T.);
#871=FACE_OUTER_BOUND('',#1353,.T.);
#872=FACE_OUTER_BOUND('',#1354,.T.);
#873=FACE_OUTER_BOUND('',#1356,.T.);
#874=FACE_OUTER_BOUND('',#1357,.T.);
#875=FACE_OUTER_BOUND('',#1359,.T.);
#876=FACE_OUTER_BOUND('',#1360,.T.);
#877=FACE_OUTER_BOUND('',#1362,.T.);
#878=FACE_OUTER_BOUND('',#1363,.T.);
#879=FACE_OUTER_BOUND('',#1365,.T.);
#880=FACE_OUTER_BOUND('',#1366,.T.);
#881=FACE_OUTER_BOUND('',#1368,.T.);
#882=FACE_OUTER_BOUND('',#1369,.T.);
#883=FACE_OUTER_BOUND('',#1371,.T.);
#884=FACE_OUTER_BOUND('',#1372,.T.);
#885=FACE_OUTER_BOUND('',#1374,.T.);
#886=FACE_OUTER_BOUND('',#1375,.T.);
#887=FACE_OUTER_BOUND('',#1377,.T.);
#888=FACE_OUTER_BOUND('',#1378,.T.);
#889=FACE_OUTER_BOUND('',#1380,.T.);
#890=FACE_OUTER_BOUND('',#1381,.T.);
#891=FACE_OUTER_BOUND('',#1383,.T.);
#892=FACE_OUTER_BOUND('',#1384,.T.);
#893=FACE_OUTER_BOUND('',#1385,.T.);
#894=FACE_OUTER_BOUND('',#1386,.T.);
#895=FACE_OUTER_BOUND('',#1387,.T.);
#896=FACE_OUTER_BOUND('',#1388,.T.);
#897=FACE_OUTER_BOUND('',#1389,.T.);
#898=FACE_OUTER_BOUND('',#1390,.T.);
#899=FACE_OUTER_BOUND('',#1391,.T.);
#900=FACE_OUTER_BOUND('',#1392,.T.);
#901=FACE_OUTER_BOUND('',#1393,.T.);
#902=FACE_OUTER_BOUND('',#1394,.T.);
#903=FACE_OUTER_BOUND('',#1395,.T.);
#904=FACE_OUTER_BOUND('',#1396,.T.);
#905=FACE_OUTER_BOUND('',#1397,.T.);
#906=FACE_OUTER_BOUND('',#1398,.T.);
#907=FACE_OUTER_BOUND('',#1399,.T.);
#908=FACE_OUTER_BOUND('',#1400,.T.);
#909=FACE_OUTER_BOUND('',#1401,.T.);
#910=FACE_OUTER_BOUND('',#1402,.T.);
#911=FACE_OUTER_BOUND('',#1403,.T.);
#912=FACE_OUTER_BOUND('',#1404,.T.);
#913=FACE_OUTER_BOUND('',#1405,.T.);
#914=FACE_OUTER_BOUND('',#1406,.T.);
#915=FACE_OUTER_BOUND('',#1407,.T.);
#916=FACE_OUTER_BOUND('',#1408,.T.);
#917=FACE_OUTER_BOUND('',#1409,.T.);
#918=FACE_OUTER_BOUND('',#1410,.T.);
#919=FACE_OUTER_BOUND('',#1411,.T.);
#920=FACE_OUTER_BOUND('',#1412,.T.);
#921=FACE_OUTER_BOUND('',#1413,.T.);
#922=FACE_OUTER_BOUND('',#1414,.T.);
#923=FACE_OUTER_BOUND('',#1415,.T.);
#924=FACE_OUTER_BOUND('',#1416,.T.);
#925=FACE_OUTER_BOUND('',#1417,.T.);
#926=FACE_OUTER_BOUND('',#1418,.T.);
#927=FACE_OUTER_BOUND('',#1419,.T.);
#928=FACE_OUTER_BOUND('',#1420,.T.);
#929=FACE_OUTER_BOUND('',#1422,.T.);
#930=FACE_OUTER_BOUND('',#1423,.T.);
#931=FACE_OUTER_BOUND('',#1424,.T.);
#932=FACE_OUTER_BOUND('',#1425,.T.);
#933=FACE_OUTER_BOUND('',#1426,.T.);
#934=FACE_OUTER_BOUND('',#1427,.T.);
#935=FACE_OUTER_BOUND('',#1428,.T.);
#936=FACE_OUTER_BOUND('',#1429,.T.);
#937=FACE_OUTER_BOUND('',#1430,.T.);
#938=FACE_OUTER_BOUND('',#1431,.T.);
#939=FACE_OUTER_BOUND('',#1432,.T.);
#940=FACE_OUTER_BOUND('',#1433,.T.);
#941=FACE_OUTER_BOUND('',#1434,.T.);
#942=FACE_OUTER_BOUND('',#1435,.T.);
#943=FACE_OUTER_BOUND('',#1436,.T.);
#944=FACE_OUTER_BOUND('',#1437,.T.);
#945=FACE_OUTER_BOUND('',#1438,.T.);
#946=FACE_OUTER_BOUND('',#1439,.T.);
#947=FACE_OUTER_BOUND('',#1440,.T.);
#948=FACE_OUTER_BOUND('',#1441,.T.);
#949=FACE_OUTER_BOUND('',#1442,.T.);
#950=FACE_OUTER_BOUND('',#1443,.T.);
#951=FACE_OUTER_BOUND('',#1444,.T.);
#952=FACE_OUTER_BOUND('',#1445,.T.);
#953=FACE_OUTER_BOUND('',#1446,.T.);
#954=FACE_OUTER_BOUND('',#1447,.T.);
#955=FACE_OUTER_BOUND('',#1448,.T.);
#956=FACE_OUTER_BOUND('',#1449,.T.);
#957=FACE_OUTER_BOUND('',#1450,.T.);
#958=FACE_OUTER_BOUND('',#1451,.T.);
#959=FACE_OUTER_BOUND('',#1452,.T.);
#960=FACE_OUTER_BOUND('',#1454,.T.);
#961=FACE_OUTER_BOUND('',#1456,.T.);
#962=FACE_OUTER_BOUND('',#1457,.T.);
#963=FACE_OUTER_BOUND('',#1458,.T.);
#964=FACE_OUTER_BOUND('',#1459,.T.);
#965=FACE_OUTER_BOUND('',#1460,.T.);
#966=FACE_OUTER_BOUND('',#1461,.T.);
#967=FACE_OUTER_BOUND('',#1462,.T.);
#968=FACE_OUTER_BOUND('',#1463,.T.);
#969=FACE_OUTER_BOUND('',#1464,.T.);
#970=FACE_OUTER_BOUND('',#1465,.T.);
#971=FACE_OUTER_BOUND('',#1466,.T.);
#972=FACE_OUTER_BOUND('',#1467,.T.);
#973=EDGE_LOOP('',(#4824,#4825,#4826,#4827));
#974=EDGE_LOOP('',(#4828,#4829,#4830,#4831,#4832,#4833,#4834,#4835,#4836,
#4837,#4838,#4839,#4840,#4841,#4842,#4843,#4844,#4845,#4846,#4847,#4848,
#4849,#4850,#4851,#4852,#4853,#4854,#4855,#4856,#4857,#4858,#4859,#4860,
#4861,#4862,#4863,#4864,#4865,#4866,#4867,#4868,#4869,#4870,#4871,#4872,
#4873,#4874,#4875,#4876,#4877,#4878,#4879,#4880,#4881,#4882,#4883,#4884,
#4885,#4886,#4887,#4888,#4889,#4890,#4891,#4892,#4893,#4894,#4895,#4896,
#4897));
#975=EDGE_LOOP('',(#4898));
#976=EDGE_LOOP('',(#4899));
#977=EDGE_LOOP('',(#4900,#4901,#4902,#4903,#4904,#4905,#4906,#4907,#4908));
#978=EDGE_LOOP('',(#4909));
#979=EDGE_LOOP('',(#4910));
#980=EDGE_LOOP('',(#4911,#4912,#4913,#4914));
#981=EDGE_LOOP('',(#4915,#4916,#4917,#4918));
#982=EDGE_LOOP('',(#4919,#4920,#4921,#4922));
#983=EDGE_LOOP('',(#4923,#4924,#4925,#4926));
#984=EDGE_LOOP('',(#4927,#4928,#4929,#4930));
#985=EDGE_LOOP('',(#4931,#4932,#4933,#4934));
#986=EDGE_LOOP('',(#4935,#4936,#4937,#4938));
#987=EDGE_LOOP('',(#4939,#4940,#4941,#4942,#4943,#4944));
#988=EDGE_LOOP('',(#4945,#4946,#4947,#4948,#4949,#4950));
#989=EDGE_LOOP('',(#4951,#4952,#4953,#4954));
#990=EDGE_LOOP('',(#4955,#4956,#4957,#4958,#4959,#4960));
#991=EDGE_LOOP('',(#4961,#4962,#4963,#4964,#4965,#4966));
#992=EDGE_LOOP('',(#4967,#4968,#4969,#4970));
#993=EDGE_LOOP('',(#4971,#4972,#4973,#4974));
#994=EDGE_LOOP('',(#4975,#4976,#4977,#4978));
#995=EDGE_LOOP('',(#4979));
#996=EDGE_LOOP('',(#4980));
#997=EDGE_LOOP('',(#4981,#4982,#4983,#4984));
#998=EDGE_LOOP('',(#4985,#4986,#4987,#4988));
#999=EDGE_LOOP('',(#4989));
#1000=EDGE_LOOP('',(#4990));
#1001=EDGE_LOOP('',(#4991,#4992,#4993,#4994));
#1002=EDGE_LOOP('',(#4995));
#1003=EDGE_LOOP('',(#4996));
#1004=EDGE_LOOP('',(#4997));
#1005=EDGE_LOOP('',(#4998,#4999,#5000,#5001));
#1006=EDGE_LOOP('',(#5002));
#1007=EDGE_LOOP('',(#5003));
#1008=EDGE_LOOP('',(#5004));
#1009=EDGE_LOOP('',(#5005,#5006,#5007,#5008));
#1010=EDGE_LOOP('',(#5009));
#1011=EDGE_LOOP('',(#5010));
#1012=EDGE_LOOP('',(#5011));
#1013=EDGE_LOOP('',(#5012));
#1014=EDGE_LOOP('',(#5013,#5014,#5015,#5016));
#1015=EDGE_LOOP('',(#5017));
#1016=EDGE_LOOP('',(#5018));
#1017=EDGE_LOOP('',(#5019));
#1018=EDGE_LOOP('',(#5020,#5021,#5022,#5023,#5024));
#1019=EDGE_LOOP('',(#5025,#5026,#5027,#5028,#5029,#5030));
#1020=EDGE_LOOP('',(#5031,#5032,#5033,#5034,#5035));
#1021=EDGE_LOOP('',(#5036,#5037,#5038));
#1022=EDGE_LOOP('',(#5039,#5040,#5041,#5042));
#1023=EDGE_LOOP('',(#5043,#5044,#5045,#5046));
#1024=EDGE_LOOP('',(#5047,#5048,#5049,#5050));
#1025=EDGE_LOOP('',(#5051,#5052,#5053,#5054));
#1026=EDGE_LOOP('',(#5055,#5056,#5057,#5058,#5059,#5060,#5061,#5062,#5063,
#5064,#5065,#5066,#5067,#5068,#5069,#5070,#5071,#5072,#5073,#5074));
#1027=EDGE_LOOP('',(#5075,#5076,#5077,#5078));
#1028=EDGE_LOOP('',(#5079,#5080,#5081,#5082));
#1029=EDGE_LOOP('',(#5083,#5084,#5085,#5086));
#1030=EDGE_LOOP('',(#5087,#5088,#5089,#5090));
#1031=EDGE_LOOP('',(#5091,#5092,#5093,#5094));
#1032=EDGE_LOOP('',(#5095,#5096,#5097,#5098));
#1033=EDGE_LOOP('',(#5099,#5100,#5101,#5102));
#1034=EDGE_LOOP('',(#5103,#5104,#5105,#5106));
#1035=EDGE_LOOP('',(#5107,#5108,#5109,#5110));
#1036=EDGE_LOOP('',(#5111,#5112,#5113,#5114));
#1037=EDGE_LOOP('',(#5115,#5116,#5117,#5118));
#1038=EDGE_LOOP('',(#5119,#5120,#5121,#5122));
#1039=EDGE_LOOP('',(#5123,#5124,#5125,#5126));
#1040=EDGE_LOOP('',(#5127,#5128,#5129,#5130));
#1041=EDGE_LOOP('',(#5131,#5132,#5133,#5134));
#1042=EDGE_LOOP('',(#5135,#5136,#5137,#5138));
#1043=EDGE_LOOP('',(#5139,#5140,#5141,#5142));
#1044=EDGE_LOOP('',(#5143,#5144,#5145,#5146));
#1045=EDGE_LOOP('',(#5147,#5148,#5149,#5150));
#1046=EDGE_LOOP('',(#5151,#5152,#5153,#5154));
#1047=EDGE_LOOP('',(#5155,#5156,#5157,#5158));
#1048=EDGE_LOOP('',(#5159,#5160,#5161,#5162));
#1049=EDGE_LOOP('',(#5163,#5164,#5165,#5166));
#1050=EDGE_LOOP('',(#5167,#5168,#5169,#5170));
#1051=EDGE_LOOP('',(#5171,#5172,#5173,#5174));
#1052=EDGE_LOOP('',(#5175,#5176,#5177,#5178,#5179,#5180,#5181,#5182,#5183,
#5184,#5185,#5186));
#1053=EDGE_LOOP('',(#5187,#5188,#5189,#5190));
#1054=EDGE_LOOP('',(#5191,#5192,#5193,#5194));
#1055=EDGE_LOOP('',(#5195,#5196,#5197,#5198));
#1056=EDGE_LOOP('',(#5199,#5200,#5201,#5202));
#1057=EDGE_LOOP('',(#5203,#5204,#5205,#5206));
#1058=EDGE_LOOP('',(#5207,#5208,#5209,#5210));
#1059=EDGE_LOOP('',(#5211,#5212,#5213,#5214));
#1060=EDGE_LOOP('',(#5215,#5216,#5217,#5218));
#1061=EDGE_LOOP('',(#5219,#5220,#5221,#5222));
#1062=EDGE_LOOP('',(#5223,#5224,#5225,#5226));
#1063=EDGE_LOOP('',(#5227,#5228,#5229,#5230));
#1064=EDGE_LOOP('',(#5231,#5232,#5233,#5234));
#1065=EDGE_LOOP('',(#5235,#5236,#5237,#5238));
#1066=EDGE_LOOP('',(#5239,#5240,#5241,#5242));
#1067=EDGE_LOOP('',(#5243,#5244,#5245,#5246));
#1068=EDGE_LOOP('',(#5247,#5248,#5249,#5250,#5251,#5252,#5253,#5254,#5255,
#5256,#5257,#5258,#5259,#5260,#5261,#5262,#5263,#5264,#5265,#5266));
#1069=EDGE_LOOP('',(#5267,#5268,#5269,#5270));
#1070=EDGE_LOOP('',(#5271,#5272,#5273,#5274));
#1071=EDGE_LOOP('',(#5275,#5276,#5277,#5278));
#1072=EDGE_LOOP('',(#5279,#5280,#5281,#5282));
#1073=EDGE_LOOP('',(#5283,#5284,#5285,#5286));
#1074=EDGE_LOOP('',(#5287,#5288,#5289,#5290));
#1075=EDGE_LOOP('',(#5291,#5292,#5293,#5294));
#1076=EDGE_LOOP('',(#5295,#5296,#5297,#5298));
#1077=EDGE_LOOP('',(#5299,#5300,#5301,#5302));
#1078=EDGE_LOOP('',(#5303,#5304,#5305,#5306));
#1079=EDGE_LOOP('',(#5307,#5308,#5309,#5310));
#1080=EDGE_LOOP('',(#5311,#5312,#5313,#5314));
#1081=EDGE_LOOP('',(#5315,#5316,#5317,#5318));
#1082=EDGE_LOOP('',(#5319,#5320,#5321,#5322));
#1083=EDGE_LOOP('',(#5323,#5324,#5325,#5326));
#1084=EDGE_LOOP('',(#5327,#5328,#5329,#5330));
#1085=EDGE_LOOP('',(#5331,#5332,#5333,#5334));
#1086=EDGE_LOOP('',(#5335,#5336,#5337,#5338));
#1087=EDGE_LOOP('',(#5339,#5340,#5341,#5342));
#1088=EDGE_LOOP('',(#5343,#5344,#5345,#5346));
#1089=EDGE_LOOP('',(#5347,#5348,#5349,#5350));
#1090=EDGE_LOOP('',(#5351,#5352,#5353,#5354));
#1091=EDGE_LOOP('',(#5355,#5356,#5357,#5358));
#1092=EDGE_LOOP('',(#5359,#5360,#5361,#5362));
#1093=EDGE_LOOP('',(#5363,#5364,#5365,#5366));
#1094=EDGE_LOOP('',(#5367,#5368,#5369,#5370));
#1095=EDGE_LOOP('',(#5371,#5372,#5373,#5374));
#1096=EDGE_LOOP('',(#5375,#5376,#5377,#5378));
#1097=EDGE_LOOP('',(#5379,#5380,#5381,#5382));
#1098=EDGE_LOOP('',(#5383,#5384,#5385,#5386));
#1099=EDGE_LOOP('',(#5387,#5388,#5389,#5390));
#1100=EDGE_LOOP('',(#5391,#5392,#5393,#5394));
#1101=EDGE_LOOP('',(#5395,#5396,#5397,#5398));
#1102=EDGE_LOOP('',(#5399,#5400,#5401,#5402));
#1103=EDGE_LOOP('',(#5403,#5404,#5405));
#1104=EDGE_LOOP('',(#5406,#5407,#5408));
#1105=EDGE_LOOP('',(#5409,#5410,#5411));
#1106=EDGE_LOOP('',(#5412,#5413,#5414));
#1107=EDGE_LOOP('',(#5415,#5416,#5417));
#1108=EDGE_LOOP('',(#5418,#5419,#5420));
#1109=EDGE_LOOP('',(#5421,#5422,#5423));
#1110=EDGE_LOOP('',(#5424,#5425,#5426));
#1111=EDGE_LOOP('',(#5427,#5428,#5429));
#1112=EDGE_LOOP('',(#5430,#5431,#5432));
#1113=EDGE_LOOP('',(#5433,#5434,#5435));
#1114=EDGE_LOOP('',(#5436,#5437,#5438));
#1115=EDGE_LOOP('',(#5439,#5440,#5441));
#1116=EDGE_LOOP('',(#5442,#5443,#5444));
#1117=EDGE_LOOP('',(#5445,#5446,#5447));
#1118=EDGE_LOOP('',(#5448,#5449,#5450));
#1119=EDGE_LOOP('',(#5451,#5452,#5453));
#1120=EDGE_LOOP('',(#5454,#5455,#5456));
#1121=EDGE_LOOP('',(#5457,#5458,#5459));
#1122=EDGE_LOOP('',(#5460,#5461,#5462));
#1123=EDGE_LOOP('',(#5463,#5464,#5465));
#1124=EDGE_LOOP('',(#5466,#5467,#5468));
#1125=EDGE_LOOP('',(#5469,#5470,#5471));
#1126=EDGE_LOOP('',(#5472,#5473,#5474));
#1127=EDGE_LOOP('',(#5475,#5476,#5477));
#1128=EDGE_LOOP('',(#5478,#5479,#5480));
#1129=EDGE_LOOP('',(#5481,#5482,#5483));
#1130=EDGE_LOOP('',(#5484,#5485,#5486));
#1131=EDGE_LOOP('',(#5487,#5488,#5489,#5490,#5491,#5492,#5493,#5494));
#1132=EDGE_LOOP('',(#5495,#5496,#5497));
#1133=EDGE_LOOP('',(#5498,#5499,#5500));
#1134=EDGE_LOOP('',(#5501,#5502,#5503));
#1135=EDGE_LOOP('',(#5504,#5505,#5506));
#1136=EDGE_LOOP('',(#5507));
#1137=EDGE_LOOP('',(#5508,#5509,#5510,#5511));
#1138=EDGE_LOOP('',(#5512,#5513,#5514,#5515));
#1139=EDGE_LOOP('',(#5516,#5517,#5518,#5519));
#1140=EDGE_LOOP('',(#5520,#5521,#5522,#5523));
#1141=EDGE_LOOP('',(#5524,#5525,#5526));
#1142=EDGE_LOOP('',(#5527,#5528,#5529,#5530,#5531,#5532,#5533,#5534,#5535,
#5536));
#1143=EDGE_LOOP('',(#5537,#5538,#5539,#5540,#5541));
#1144=EDGE_LOOP('',(#5542,#5543,#5544,#5545,#5546,#5547));
#1145=EDGE_LOOP('',(#5548,#5549,#5550,#5551));
#1146=EDGE_LOOP('',(#5552,#5553,#5554,#5555));
#1147=EDGE_LOOP('',(#5556,#5557,#5558,#5559));
#1148=EDGE_LOOP('',(#5560,#5561,#5562,#5563));
#1149=EDGE_LOOP('',(#5564,#5565,#5566,#5567));
#1150=EDGE_LOOP('',(#5568,#5569,#5570,#5571));
#1151=EDGE_LOOP('',(#5572,#5573,#5574,#5575));
#1152=EDGE_LOOP('',(#5576,#5577,#5578,#5579));
#1153=EDGE_LOOP('',(#5580,#5581,#5582,#5583));
#1154=EDGE_LOOP('',(#5584,#5585,#5586,#5587));
#1155=EDGE_LOOP('',(#5588,#5589,#5590,#5591));
#1156=EDGE_LOOP('',(#5592,#5593,#5594,#5595));
#1157=EDGE_LOOP('',(#5596,#5597,#5598,#5599));
#1158=EDGE_LOOP('',(#5600,#5601,#5602,#5603));
#1159=EDGE_LOOP('',(#5604,#5605,#5606,#5607));
#1160=EDGE_LOOP('',(#5608,#5609,#5610,#5611));
#1161=EDGE_LOOP('',(#5612,#5613,#5614,#5615));
#1162=EDGE_LOOP('',(#5616,#5617,#5618,#5619));
#1163=EDGE_LOOP('',(#5620,#5621,#5622,#5623));
#1164=EDGE_LOOP('',(#5624,#5625,#5626,#5627));
#1165=EDGE_LOOP('',(#5628,#5629,#5630,#5631));
#1166=EDGE_LOOP('',(#5632,#5633,#5634,#5635));
#1167=EDGE_LOOP('',(#5636,#5637,#5638,#5639));
#1168=EDGE_LOOP('',(#5640,#5641,#5642,#5643));
#1169=EDGE_LOOP('',(#5644,#5645,#5646,#5647));
#1170=EDGE_LOOP('',(#5648,#5649,#5650,#5651));
#1171=EDGE_LOOP('',(#5652,#5653,#5654,#5655));
#1172=EDGE_LOOP('',(#5656,#5657,#5658,#5659));
#1173=EDGE_LOOP('',(#5660,#5661,#5662,#5663));
#1174=EDGE_LOOP('',(#5664,#5665,#5666,#5667));
#1175=EDGE_LOOP('',(#5668,#5669,#5670,#5671));
#1176=EDGE_LOOP('',(#5672,#5673,#5674,#5675));
#1177=EDGE_LOOP('',(#5676,#5677,#5678,#5679));
#1178=EDGE_LOOP('',(#5680,#5681,#5682,#5683));
#1179=EDGE_LOOP('',(#5684,#5685,#5686,#5687));
#1180=EDGE_LOOP('',(#5688,#5689,#5690,#5691));
#1181=EDGE_LOOP('',(#5692,#5693,#5694,#5695));
#1182=EDGE_LOOP('',(#5696,#5697,#5698,#5699));
#1183=EDGE_LOOP('',(#5700,#5701,#5702,#5703));
#1184=EDGE_LOOP('',(#5704,#5705,#5706,#5707));
#1185=EDGE_LOOP('',(#5708,#5709,#5710,#5711));
#1186=EDGE_LOOP('',(#5712,#5713,#5714,#5715));
#1187=EDGE_LOOP('',(#5716,#5717,#5718,#5719));
#1188=EDGE_LOOP('',(#5720,#5721,#5722,#5723));
#1189=EDGE_LOOP('',(#5724,#5725,#5726,#5727));
#1190=EDGE_LOOP('',(#5728,#5729,#5730,#5731));
#1191=EDGE_LOOP('',(#5732,#5733,#5734,#5735));
#1192=EDGE_LOOP('',(#5736,#5737,#5738,#5739));
#1193=EDGE_LOOP('',(#5740,#5741,#5742,#5743));
#1194=EDGE_LOOP('',(#5744,#5745,#5746,#5747));
#1195=EDGE_LOOP('',(#5748,#5749,#5750,#5751));
#1196=EDGE_LOOP('',(#5752,#5753,#5754,#5755));
#1197=EDGE_LOOP('',(#5756,#5757,#5758,#5759));
#1198=EDGE_LOOP('',(#5760,#5761,#5762,#5763));
#1199=EDGE_LOOP('',(#5764,#5765,#5766,#5767));
#1200=EDGE_LOOP('',(#5768,#5769,#5770,#5771));
#1201=EDGE_LOOP('',(#5772,#5773,#5774,#5775));
#1202=EDGE_LOOP('',(#5776,#5777,#5778,#5779));
#1203=EDGE_LOOP('',(#5780,#5781,#5782,#5783));
#1204=EDGE_LOOP('',(#5784,#5785,#5786,#5787));
#1205=EDGE_LOOP('',(#5788,#5789,#5790,#5791));
#1206=EDGE_LOOP('',(#5792,#5793,#5794,#5795));
#1207=EDGE_LOOP('',(#5796,#5797,#5798,#5799));
#1208=EDGE_LOOP('',(#5800,#5801,#5802,#5803));
#1209=EDGE_LOOP('',(#5804,#5805,#5806,#5807));
#1210=EDGE_LOOP('',(#5808,#5809,#5810,#5811));
#1211=EDGE_LOOP('',(#5812,#5813,#5814,#5815));
#1212=EDGE_LOOP('',(#5816,#5817,#5818,#5819));
#1213=EDGE_LOOP('',(#5820,#5821,#5822,#5823));
#1214=EDGE_LOOP('',(#5824,#5825,#5826,#5827));
#1215=EDGE_LOOP('',(#5828,#5829,#5830,#5831));
#1216=EDGE_LOOP('',(#5832,#5833,#5834,#5835));
#1217=EDGE_LOOP('',(#5836,#5837,#5838,#5839));
#1218=EDGE_LOOP('',(#5840,#5841,#5842,#5843));
#1219=EDGE_LOOP('',(#5844,#5845,#5846,#5847));
#1220=EDGE_LOOP('',(#5848,#5849,#5850,#5851));
#1221=EDGE_LOOP('',(#5852,#5853,#5854,#5855));
#1222=EDGE_LOOP('',(#5856,#5857,#5858,#5859));
#1223=EDGE_LOOP('',(#5860,#5861,#5862,#5863));
#1224=EDGE_LOOP('',(#5864,#5865,#5866,#5867));
#1225=EDGE_LOOP('',(#5868,#5869,#5870,#5871));
#1226=EDGE_LOOP('',(#5872,#5873,#5874,#5875));
#1227=EDGE_LOOP('',(#5876,#5877,#5878,#5879));
#1228=EDGE_LOOP('',(#5880,#5881,#5882,#5883));
#1229=EDGE_LOOP('',(#5884,#5885,#5886,#5887));
#1230=EDGE_LOOP('',(#5888,#5889,#5890,#5891));
#1231=EDGE_LOOP('',(#5892,#5893,#5894,#5895));
#1232=EDGE_LOOP('',(#5896,#5897,#5898,#5899,#5900,#5901));
#1233=EDGE_LOOP('',(#5902,#5903,#5904,#5905,#5906,#5907));
#1234=EDGE_LOOP('',(#5908,#5909,#5910,#5911,#5912));
#1235=EDGE_LOOP('',(#5913,#5914,#5915));
#1236=EDGE_LOOP('',(#5916,#5917,#5918,#5919,#5920,#5921));
#1237=EDGE_LOOP('',(#5922,#5923,#5924,#5925));
#1238=EDGE_LOOP('',(#5926,#5927,#5928,#5929));
#1239=EDGE_LOOP('',(#5930,#5931,#5932,#5933));
#1240=EDGE_LOOP('',(#5934,#5935,#5936,#5937));
#1241=EDGE_LOOP('',(#5938,#5939,#5940,#5941));
#1242=EDGE_LOOP('',(#5942,#5943,#5944,#5945));
#1243=EDGE_LOOP('',(#5946,#5947,#5948,#5949));
#1244=EDGE_LOOP('',(#5950,#5951,#5952,#5953));
#1245=EDGE_LOOP('',(#5954,#5955,#5956,#5957));
#1246=EDGE_LOOP('',(#5958,#5959,#5960,#5961));
#1247=EDGE_LOOP('',(#5962,#5963,#5964,#5965));
#1248=EDGE_LOOP('',(#5966,#5967,#5968,#5969));
#1249=EDGE_LOOP('',(#5970,#5971,#5972,#5973));
#1250=EDGE_LOOP('',(#5974,#5975,#5976,#5977));
#1251=EDGE_LOOP('',(#5978,#5979,#5980,#5981));
#1252=EDGE_LOOP('',(#5982,#5983,#5984,#5985));
#1253=EDGE_LOOP('',(#5986,#5987,#5988,#5989));
#1254=EDGE_LOOP('',(#5990,#5991,#5992,#5993));
#1255=EDGE_LOOP('',(#5994,#5995,#5996,#5997));
#1256=EDGE_LOOP('',(#5998,#5999,#6000,#6001));
#1257=EDGE_LOOP('',(#6002,#6003,#6004,#6005));
#1258=EDGE_LOOP('',(#6006,#6007,#6008,#6009));
#1259=EDGE_LOOP('',(#6010,#6011,#6012,#6013));
#1260=EDGE_LOOP('',(#6014,#6015,#6016,#6017));
#1261=EDGE_LOOP('',(#6018,#6019,#6020,#6021));
#1262=EDGE_LOOP('',(#6022,#6023,#6024,#6025));
#1263=EDGE_LOOP('',(#6026,#6027,#6028,#6029));
#1264=EDGE_LOOP('',(#6030,#6031,#6032,#6033));
#1265=EDGE_LOOP('',(#6034,#6035,#6036,#6037));
#1266=EDGE_LOOP('',(#6038,#6039,#6040,#6041));
#1267=EDGE_LOOP('',(#6042,#6043,#6044,#6045));
#1268=EDGE_LOOP('',(#6046,#6047,#6048,#6049));
#1269=EDGE_LOOP('',(#6050,#6051,#6052,#6053,#6054,#6055,#6056,#6057,#6058,
#6059,#6060,#6061,#6062,#6063,#6064,#6065,#6066,#6067,#6068,#6069,#6070,
#6071,#6072,#6073,#6074,#6075,#6076,#6077,#6078,#6079,#6080,#6081,#6082,
#6083,#6084,#6085,#6086,#6087,#6088,#6089,#6090,#6091,#6092,#6093,#6094,
#6095,#6096,#6097,#6098,#6099,#6100,#6101,#6102,#6103,#6104,#6105,#6106,
#6107,#6108,#6109,#6110,#6111,#6112,#6113));
#1270=EDGE_LOOP('',(#6114,#6115,#6116,#6117,#6118,#6119,#6120,#6121,#6122,
#6123,#6124,#6125,#6126,#6127,#6128,#6129,#6130,#6131,#6132,#6133,#6134,
#6135,#6136,#6137,#6138,#6139,#6140,#6141,#6142,#6143,#6144,#6145,#6146,
#6147,#6148,#6149,#6150,#6151,#6152,#6153,#6154,#6155,#6156,#6157,#6158,
#6159,#6160,#6161,#6162,#6163,#6164,#6165,#6166,#6167,#6168,#6169,#6170,
#6171,#6172,#6173,#6174,#6175,#6176,#6177));
#1271=EDGE_LOOP('',(#6178,#6179,#6180));
#1272=EDGE_LOOP('',(#6181,#6182,#6183,#6184,#6185,#6186,#6187,#6188,#6189,
#6190,#6191,#6192,#6193));
#1273=EDGE_LOOP('',(#6194,#6195,#6196));
#1274=EDGE_LOOP('',(#6197,#6198,#6199));
#1275=EDGE_LOOP('',(#6200,#6201,#6202,#6203,#6204,#6205,#6206,#6207));
#1276=EDGE_LOOP('',(#6208,#6209,#6210,#6211));
#1277=EDGE_LOOP('',(#6212));
#1278=EDGE_LOOP('',(#6213,#6214,#6215,#6216));
#1279=EDGE_LOOP('',(#6217,#6218,#6219,#6220,#6221,#6222,#6223,#6224,#6225,
#6226,#6227,#6228,#6229,#6230,#6231,#6232,#6233,#6234,#6235,#6236,#6237,
#6238,#6239,#6240,#6241,#6242,#6243,#6244,#6245,#6246,#6247,#6248,#6249,
#6250,#6251,#6252,#6253,#6254,#6255,#6256,#6257,#6258,#6259,#6260,#6261,
#6262,#6263,#6264,#6265,#6266,#6267,#6268,#6269,#6270));
#1280=EDGE_LOOP('',(#6271,#6272,#6273,#6274,#6275,#6276,#6277,#6278,#6279,
#6280,#6281,#6282,#6283,#6284,#6285,#6286,#6287,#6288,#6289,#6290,#6291,
#6292,#6293,#6294,#6295,#6296,#6297,#6298,#6299,#6300,#6301,#6302,#6303,
#6304,#6305,#6306,#6307,#6308,#6309,#6310,#6311,#6312,#6313,#6314,#6315,
#6316,#6317,#6318,#6319,#6320,#6321,#6322,#6323,#6324,#6325,#6326,#6327,
#6328,#6329,#6330,#6331,#6332,#6333,#6334));
#1281=EDGE_LOOP('',(#6335));
#1282=EDGE_LOOP('',(#6336));
#1283=EDGE_LOOP('',(#6337));
#1284=EDGE_LOOP('',(#6338));
#1285=EDGE_LOOP('',(#6339));
#1286=EDGE_LOOP('',(#6340));
#1287=EDGE_LOOP('',(#6341));
#1288=EDGE_LOOP('',(#6342));
#1289=EDGE_LOOP('',(#6343));
#1290=EDGE_LOOP('',(#6344));
#1291=EDGE_LOOP('',(#6345));
#1292=EDGE_LOOP('',(#6346));
#1293=EDGE_LOOP('',(#6347));
#1294=EDGE_LOOP('',(#6348));
#1295=EDGE_LOOP('',(#6349));
#1296=EDGE_LOOP('',(#6350));
#1297=EDGE_LOOP('',(#6351,#6352,#6353,#6354));
#1298=EDGE_LOOP('',(#6355,#6356,#6357,#6358));
#1299=EDGE_LOOP('',(#6359,#6360,#6361,#6362));
#1300=EDGE_LOOP('',(#6363,#6364,#6365,#6366));
#1301=EDGE_LOOP('',(#6367,#6368,#6369,#6370));
#1302=EDGE_LOOP('',(#6371,#6372,#6373,#6374));
#1303=EDGE_LOOP('',(#6375,#6376,#6377,#6378));
#1304=EDGE_LOOP('',(#6379,#6380,#6381,#6382,#6383));
#1305=EDGE_LOOP('',(#6384,#6385,#6386,#6387,#6388));
#1306=EDGE_LOOP('',(#6389,#6390,#6391,#6392));
#1307=EDGE_LOOP('',(#6393,#6394,#6395,#6396));
#1308=EDGE_LOOP('',(#6397,#6398,#6399,#6400));
#1309=EDGE_LOOP('',(#6401,#6402,#6403,#6404));
#1310=EDGE_LOOP('',(#6405,#6406,#6407,#6408));
#1311=EDGE_LOOP('',(#6409,#6410,#6411,#6412));
#1312=EDGE_LOOP('',(#6413,#6414,#6415,#6416));
#1313=EDGE_LOOP('',(#6417,#6418,#6419,#6420));
#1314=EDGE_LOOP('',(#6421,#6422,#6423,#6424));
#1315=EDGE_LOOP('',(#6425,#6426,#6427,#6428));
#1316=EDGE_LOOP('',(#6429,#6430,#6431,#6432));
#1317=EDGE_LOOP('',(#6433,#6434,#6435,#6436));
#1318=EDGE_LOOP('',(#6437,#6438,#6439,#6440));
#1319=EDGE_LOOP('',(#6441,#6442,#6443,#6444));
#1320=EDGE_LOOP('',(#6445,#6446,#6447,#6448));
#1321=EDGE_LOOP('',(#6449,#6450,#6451,#6452));
#1322=EDGE_LOOP('',(#6453,#6454,#6455,#6456,#6457));
#1323=EDGE_LOOP('',(#6458,#6459,#6460,#6461,#6462));
#1324=EDGE_LOOP('',(#6463,#6464,#6465,#6466,#6467));
#1325=EDGE_LOOP('',(#6468,#6469,#6470,#6471,#6472));
#1326=EDGE_LOOP('',(#6473,#6474,#6475,#6476,#6477));
#1327=EDGE_LOOP('',(#6478,#6479,#6480,#6481,#6482));
#1328=EDGE_LOOP('',(#6483,#6484,#6485,#6486,#6487));
#1329=EDGE_LOOP('',(#6488,#6489,#6490,#6491,#6492,#6493));
#1330=EDGE_LOOP('',(#6494,#6495,#6496,#6497));
#1331=EDGE_LOOP('',(#6498,#6499,#6500,#6501,#6502,#6503,#6504));
#1332=EDGE_LOOP('',(#6505,#6506,#6507,#6508,#6509));
#1333=EDGE_LOOP('',(#6510,#6511,#6512,#6513,#6514));
#1334=EDGE_LOOP('',(#6515,#6516,#6517,#6518,#6519,#6520,#6521));
#1335=EDGE_LOOP('',(#6522,#6523,#6524,#6525));
#1336=EDGE_LOOP('',(#6526));
#1337=EDGE_LOOP('',(#6527));
#1338=EDGE_LOOP('',(#6528,#6529,#6530,#6531));
#1339=EDGE_LOOP('',(#6532));
#1340=EDGE_LOOP('',(#6533));
#1341=EDGE_LOOP('',(#6534,#6535,#6536,#6537));
#1342=EDGE_LOOP('',(#6538));
#1343=EDGE_LOOP('',(#6539));
#1344=EDGE_LOOP('',(#6540,#6541,#6542,#6543));
#1345=EDGE_LOOP('',(#6544));
#1346=EDGE_LOOP('',(#6545));
#1347=EDGE_LOOP('',(#6546,#6547,#6548,#6549));
#1348=EDGE_LOOP('',(#6550));
#1349=EDGE_LOOP('',(#6551));
#1350=EDGE_LOOP('',(#6552,#6553,#6554,#6555));
#1351=EDGE_LOOP('',(#6556));
#1352=EDGE_LOOP('',(#6557));
#1353=EDGE_LOOP('',(#6558,#6559,#6560,#6561));
#1354=EDGE_LOOP('',(#6562));
#1355=EDGE_LOOP('',(#6563));
#1356=EDGE_LOOP('',(#6564,#6565,#6566,#6567));
#1357=EDGE_LOOP('',(#6568));
#1358=EDGE_LOOP('',(#6569));
#1359=EDGE_LOOP('',(#6570,#6571,#6572,#6573));
#1360=EDGE_LOOP('',(#6574));
#1361=EDGE_LOOP('',(#6575));
#1362=EDGE_LOOP('',(#6576,#6577,#6578,#6579));
#1363=EDGE_LOOP('',(#6580));
#1364=EDGE_LOOP('',(#6581));
#1365=EDGE_LOOP('',(#6582,#6583,#6584,#6585));
#1366=EDGE_LOOP('',(#6586));
#1367=EDGE_LOOP('',(#6587));
#1368=EDGE_LOOP('',(#6588,#6589,#6590,#6591));
#1369=EDGE_LOOP('',(#6592));
#1370=EDGE_LOOP('',(#6593));
#1371=EDGE_LOOP('',(#6594,#6595,#6596,#6597));
#1372=EDGE_LOOP('',(#6598));
#1373=EDGE_LOOP('',(#6599));
#1374=EDGE_LOOP('',(#6600,#6601,#6602,#6603));
#1375=EDGE_LOOP('',(#6604));
#1376=EDGE_LOOP('',(#6605));
#1377=EDGE_LOOP('',(#6606,#6607,#6608,#6609));
#1378=EDGE_LOOP('',(#6610));
#1379=EDGE_LOOP('',(#6611));
#1380=EDGE_LOOP('',(#6612,#6613,#6614,#6615));
#1381=EDGE_LOOP('',(#6616));
#1382=EDGE_LOOP('',(#6617));
#1383=EDGE_LOOP('',(#6618));
#1384=EDGE_LOOP('',(#6619));
#1385=EDGE_LOOP('',(#6620,#6621,#6622));
#1386=EDGE_LOOP('',(#6623));
#1387=EDGE_LOOP('',(#6624,#6625,#6626));
#1388=EDGE_LOOP('',(#6627));
#1389=EDGE_LOOP('',(#6628));
#1390=EDGE_LOOP('',(#6629));
#1391=EDGE_LOOP('',(#6630,#6631,#6632));
#1392=EDGE_LOOP('',(#6633));
#1393=EDGE_LOOP('',(#6634,#6635,#6636));
#1394=EDGE_LOOP('',(#6637));
#1395=EDGE_LOOP('',(#6638,#6639,#6640));
#1396=EDGE_LOOP('',(#6641,#6642,#6643,#6644,#6645,#6646,#6647,#6648));
#1397=EDGE_LOOP('',(#6649));
#1398=EDGE_LOOP('',(#6650));
#1399=EDGE_LOOP('',(#6651,#6652,#6653));
#1400=EDGE_LOOP('',(#6654));
#1401=EDGE_LOOP('',(#6655,#6656,#6657));
#1402=EDGE_LOOP('',(#6658,#6659,#6660,#6661,#6662,#6663,#6664,#6665));
#1403=EDGE_LOOP('',(#6666));
#1404=EDGE_LOOP('',(#6667,#6668,#6669));
#1405=EDGE_LOOP('',(#6670));
#1406=EDGE_LOOP('',(#6671,#6672,#6673));
#1407=EDGE_LOOP('',(#6674));
#1408=EDGE_LOOP('',(#6675));
#1409=EDGE_LOOP('',(#6676,#6677,#6678,#6679,#6680,#6681,#6682,#6683));
#1410=EDGE_LOOP('',(#6684,#6685,#6686));
#1411=EDGE_LOOP('',(#6687));
#1412=EDGE_LOOP('',(#6688,#6689,#6690,#6691));
#1413=EDGE_LOOP('',(#6692,#6693,#6694,#6695));
#1414=EDGE_LOOP('',(#6696,#6697,#6698,#6699));
#1415=EDGE_LOOP('',(#6700,#6701,#6702,#6703));
#1416=EDGE_LOOP('',(#6704,#6705,#6706,#6707));
#1417=EDGE_LOOP('',(#6708,#6709,#6710));
#1418=EDGE_LOOP('',(#6711,#6712,#6713,#6714,#6715));
#1419=EDGE_LOOP('',(#6716,#6717,#6718));
#1420=EDGE_LOOP('',(#6719,#6720,#6721,#6722,#6723,#6724));
#1421=EDGE_LOOP('',(#6725,#6726,#6727,#6728));
#1422=EDGE_LOOP('',(#6729,#6730,#6731,#6732,#6733,#6734,#6735,#6736,#6737,
#6738,#6739,#6740,#6741,#6742,#6743));
#1423=EDGE_LOOP('',(#6744,#6745));
#1424=EDGE_LOOP('',(#6746,#6747,#6748,#6749));
#1425=EDGE_LOOP('',(#6750,#6751,#6752,#6753));
#1426=EDGE_LOOP('',(#6754,#6755,#6756,#6757,#6758));
#1427=EDGE_LOOP('',(#6759,#6760,#6761,#6762));
#1428=EDGE_LOOP('',(#6763,#6764,#6765,#6766,#6767,#6768));
#1429=EDGE_LOOP('',(#6769,#6770,#6771,#6772));
#1430=EDGE_LOOP('',(#6773,#6774,#6775,#6776));
#1431=EDGE_LOOP('',(#6777,#6778,#6779,#6780));
#1432=EDGE_LOOP('',(#6781,#6782,#6783,#6784));
#1433=EDGE_LOOP('',(#6785,#6786,#6787,#6788));
#1434=EDGE_LOOP('',(#6789,#6790,#6791,#6792));
#1435=EDGE_LOOP('',(#6793,#6794,#6795,#6796));
#1436=EDGE_LOOP('',(#6797,#6798,#6799,#6800));
#1437=EDGE_LOOP('',(#6801,#6802,#6803,#6804));
#1438=EDGE_LOOP('',(#6805,#6806,#6807,#6808));
#1439=EDGE_LOOP('',(#6809,#6810,#6811,#6812));
#1440=EDGE_LOOP('',(#6813,#6814,#6815,#6816));
#1441=EDGE_LOOP('',(#6817,#6818,#6819,#6820));
#1442=EDGE_LOOP('',(#6821,#6822,#6823,#6824));
#1443=EDGE_LOOP('',(#6825,#6826,#6827,#6828));
#1444=EDGE_LOOP('',(#6829,#6830,#6831,#6832,#6833,#6834));
#1445=EDGE_LOOP('',(#6835,#6836,#6837,#6838));
#1446=EDGE_LOOP('',(#6839,#6840,#6841,#6842));
#1447=EDGE_LOOP('',(#6843,#6844,#6845,#6846));
#1448=EDGE_LOOP('',(#6847,#6848,#6849,#6850));
#1449=EDGE_LOOP('',(#6851,#6852,#6853,#6854,#6855));
#1450=EDGE_LOOP('',(#6856,#6857,#6858,#6859));
#1451=EDGE_LOOP('',(#6860,#6861,#6862,#6863));
#1452=EDGE_LOOP('',(#6864,#6865,#6866,#6867,#6868,#6869,#6870,#6871));
#1453=EDGE_LOOP('',(#6872));
#1454=EDGE_LOOP('',(#6873,#6874,#6875,#6876,#6877,#6878,#6879,#6880,#6881,
#6882,#6883,#6884,#6885,#6886));
#1455=EDGE_LOOP('',(#6887));
#1456=EDGE_LOOP('',(#6888,#6889,#6890,#6891));
#1457=EDGE_LOOP('',(#6892,#6893,#6894,#6895));
#1458=EDGE_LOOP('',(#6896,#6897,#6898,#6899));
#1459=EDGE_LOOP('',(#6900,#6901,#6902,#6903));
#1460=EDGE_LOOP('',(#6904,#6905,#6906,#6907));
#1461=EDGE_LOOP('',(#6908,#6909,#6910,#6911));
#1462=EDGE_LOOP('',(#6912,#6913,#6914,#6915));
#1463=EDGE_LOOP('',(#6916,#6917,#6918,#6919));
#1464=EDGE_LOOP('',(#6920,#6921,#6922,#6923));
#1465=EDGE_LOOP('',(#6924,#6925,#6926,#6927));
#1466=EDGE_LOOP('',(#6928,#6929,#6930,#6931));
#1467=EDGE_LOOP('',(#6932,#6933,#6934,#6935,#6936,#6937,#6938,#6939,#6940,
#6941));
#1468=EDGE_LOOP('',(#6942,#6943,#6944,#6945,#6946,#6947,#6948,#6949,#6950,
#6951,#6952,#6953));
#1469=LINE('',#10668,#2067);
#1470=LINE('',#10679,#2068);
#1471=LINE('',#10687,#2069);
#1472=LINE('',#10695,#2070);
#1473=LINE('',#10703,#2071);
#1474=LINE('',#10711,#2072);
#1475=LINE('',#10719,#2073);
#1476=LINE('',#10727,#2074);
#1477=LINE('',#10735,#2075);
#1478=LINE('',#10743,#2076);
#1479=LINE('',#10751,#2077);
#1480=LINE('',#10759,#2078);
#1481=LINE('',#10773,#2079);
#1482=LINE('',#10781,#2080);
#1483=LINE('',#10785,#2081);
#1484=LINE('',#10789,#2082);
#1485=LINE('',#10793,#2083);
#1486=LINE('',#10797,#2084);
#1487=LINE('',#10805,#2085);
#1488=LINE('',#10819,#2086);
#1489=LINE('',#10823,#2087);
#1490=LINE('',#10827,#2088);
#1491=LINE('',#10829,#2089);
#1492=LINE('',#10832,#2090);
#1493=LINE('',#10838,#2091);
#1494=LINE('',#10841,#2092);
#1495=LINE('',#10846,#2093);
#1496=LINE('',#10849,#2094);
#1497=LINE('',#10854,#2095);
#1498=LINE('',#10857,#2096);
#1499=LINE('',#10862,#2097);
#1500=LINE('',#10875,#2098);
#1501=LINE('',#10879,#2099);
#1502=LINE('',#10882,#2100);
#1503=LINE('',#10886,#2101);
#1504=LINE('',#10899,#2102);
#1505=LINE('',#10903,#2103);
#1506=LINE('',#10906,#2104);
#1507=LINE('',#10910,#2105);
#1508=LINE('',#10915,#2106);
#1509=LINE('',#10919,#2107);
#1510=LINE('',#10926,#2108);
#1511=LINE('',#10930,#2109);
#1512=LINE('',#10937,#2110);
#1513=LINE('',#10945,#2111);
#1514=LINE('',#10953,#2112);
#1515=LINE('',#10962,#2113);
#1516=LINE('',#10979,#2114);
#1517=LINE('',#10981,#2115);
#1518=LINE('',#11003,#2116);
#1519=LINE('',#11021,#2117);
#1520=LINE('',#11033,#2118);
#1521=LINE('',#11037,#2119);
#1522=LINE('',#11039,#2120);
#1523=LINE('',#11041,#2121);
#1524=LINE('',#11042,#2122);
#1525=LINE('',#11045,#2123);
#1526=LINE('',#11047,#2124);
#1527=LINE('',#11048,#2125);
#1528=LINE('',#11051,#2126);
#1529=LINE('',#11053,#2127);
#1530=LINE('',#11054,#2128);
#1531=LINE('',#11056,#2129);
#1532=LINE('',#11057,#2130);
#1533=LINE('',#11061,#2131);
#1534=LINE('',#11063,#2132);
#1535=LINE('',#11065,#2133);
#1536=LINE('',#11067,#2134);
#1537=LINE('',#11069,#2135);
#1538=LINE('',#11071,#2136);
#1539=LINE('',#11073,#2137);
#1540=LINE('',#11075,#2138);
#1541=LINE('',#11077,#2139);
#1542=LINE('',#11079,#2140);
#1543=LINE('',#11081,#2141);
#1544=LINE('',#11083,#2142);
#1545=LINE('',#11085,#2143);
#1546=LINE('',#11087,#2144);
#1547=LINE('',#11089,#2145);
#1548=LINE('',#11091,#2146);
#1549=LINE('',#11093,#2147);
#1550=LINE('',#11095,#2148);
#1551=LINE('',#11097,#2149);
#1552=LINE('',#11098,#2150);
#1553=LINE('',#11101,#2151);
#1554=LINE('',#11103,#2152);
#1555=LINE('',#11105,#2153);
#1556=LINE('',#11106,#2154);
#1557=LINE('',#11109,#2155);
#1558=LINE('',#11111,#2156);
#1559=LINE('',#11113,#2157);
#1560=LINE('',#11114,#2158);
#1561=LINE('',#11117,#2159);
#1562=LINE('',#11119,#2160);
#1563=LINE('',#11121,#2161);
#1564=LINE('',#11122,#2162);
#1565=LINE('',#11125,#2163);
#1566=LINE('',#11127,#2164);
#1567=LINE('',#11129,#2165);
#1568=LINE('',#11130,#2166);
#1569=LINE('',#11133,#2167);
#1570=LINE('',#11135,#2168);
#1571=LINE('',#11136,#2169);
#1572=LINE('',#11139,#2170);
#1573=LINE('',#11141,#2171);
#1574=LINE('',#11142,#2172);
#1575=LINE('',#11144,#2173);
#1576=LINE('',#11146,#2174);
#1577=LINE('',#11149,#2175);
#1578=LINE('',#11151,#2176);
#1579=LINE('',#11152,#2177);
#1580=LINE('',#11155,#2178);
#1581=LINE('',#11157,#2179);
#1582=LINE('',#11158,#2180);
#1583=LINE('',#11160,#2181);
#1584=LINE('',#11162,#2182);
#1585=LINE('',#11165,#2183);
#1586=LINE('',#11167,#2184);
#1587=LINE('',#11168,#2185);
#1588=LINE('',#11171,#2186);
#1589=LINE('',#11173,#2187);
#1590=LINE('',#11174,#2188);
#1591=LINE('',#11176,#2189);
#1592=LINE('',#11178,#2190);
#1593=LINE('',#11181,#2191);
#1594=LINE('',#11183,#2192);
#1595=LINE('',#11184,#2193);
#1596=LINE('',#11187,#2194);
#1597=LINE('',#11189,#2195);
#1598=LINE('',#11190,#2196);
#1599=LINE('',#11192,#2197);
#1600=LINE('',#11194,#2198);
#1601=LINE('',#11198,#2199);
#1602=LINE('',#11200,#2200);
#1603=LINE('',#11202,#2201);
#1604=LINE('',#11203,#2202);
#1605=LINE('',#11206,#2203);
#1606=LINE('',#11208,#2204);
#1607=LINE('',#11209,#2205);
#1608=LINE('',#11212,#2206);
#1609=LINE('',#11214,#2207);
#1610=LINE('',#11215,#2208);
#1611=LINE('',#11217,#2209);
#1612=LINE('',#11218,#2210);
#1613=LINE('',#11222,#2211);
#1614=LINE('',#11224,#2212);
#1615=LINE('',#11226,#2213);
#1616=LINE('',#11228,#2214);
#1617=LINE('',#11230,#2215);
#1618=LINE('',#11232,#2216);
#1619=LINE('',#11234,#2217);
#1620=LINE('',#11236,#2218);
#1621=LINE('',#11238,#2219);
#1622=LINE('',#11240,#2220);
#1623=LINE('',#11242,#2221);
#1624=LINE('',#11243,#2222);
#1625=LINE('',#11246,#2223);
#1626=LINE('',#11248,#2224);
#1627=LINE('',#11250,#2225);
#1628=LINE('',#11251,#2226);
#1629=LINE('',#11254,#2227);
#1630=LINE('',#11256,#2228);
#1631=LINE('',#11258,#2229);
#1632=LINE('',#11259,#2230);
#1633=LINE('',#11262,#2231);
#1634=LINE('',#11264,#2232);
#1635=LINE('',#11265,#2233);
#1636=LINE('',#11268,#2234);
#1637=LINE('',#11270,#2235);
#1638=LINE('',#11271,#2236);
#1639=LINE('',#11273,#2237);
#1640=LINE('',#11275,#2238);
#1641=LINE('',#11278,#2239);
#1642=LINE('',#11280,#2240);
#1643=LINE('',#11281,#2241);
#1644=LINE('',#11284,#2242);
#1645=LINE('',#11285,#2243);
#1646=LINE('',#11288,#2244);
#1647=LINE('',#11289,#2245);
#1648=LINE('',#11291,#2246);
#1649=LINE('',#11295,#2247);
#1650=LINE('',#11297,#2248);
#1651=LINE('',#11299,#2249);
#1652=LINE('',#11300,#2250);
#1653=LINE('',#11303,#2251);
#1654=LINE('',#11305,#2252);
#1655=LINE('',#11306,#2253);
#1656=LINE('',#11309,#2254);
#1657=LINE('',#11311,#2255);
#1658=LINE('',#11312,#2256);
#1659=LINE('',#11314,#2257);
#1660=LINE('',#11315,#2258);
#1661=LINE('',#11319,#2259);
#1662=LINE('',#11321,#2260);
#1663=LINE('',#11323,#2261);
#1664=LINE('',#11325,#2262);
#1665=LINE('',#11327,#2263);
#1666=LINE('',#11329,#2264);
#1667=LINE('',#11331,#2265);
#1668=LINE('',#11333,#2266);
#1669=LINE('',#11335,#2267);
#1670=LINE('',#11337,#2268);
#1671=LINE('',#11339,#2269);
#1672=LINE('',#11341,#2270);
#1673=LINE('',#11343,#2271);
#1674=LINE('',#11345,#2272);
#1675=LINE('',#11347,#2273);
#1676=LINE('',#11349,#2274);
#1677=LINE('',#11351,#2275);
#1678=LINE('',#11353,#2276);
#1679=LINE('',#11355,#2277);
#1680=LINE('',#11356,#2278);
#1681=LINE('',#11359,#2279);
#1682=LINE('',#11361,#2280);
#1683=LINE('',#11363,#2281);
#1684=LINE('',#11364,#2282);
#1685=LINE('',#11367,#2283);
#1686=LINE('',#11369,#2284);
#1687=LINE('',#11371,#2285);
#1688=LINE('',#11372,#2286);
#1689=LINE('',#11375,#2287);
#1690=LINE('',#11377,#2288);
#1691=LINE('',#11379,#2289);
#1692=LINE('',#11380,#2290);
#1693=LINE('',#11383,#2291);
#1694=LINE('',#11385,#2292);
#1695=LINE('',#11387,#2293);
#1696=LINE('',#11388,#2294);
#1697=LINE('',#11391,#2295);
#1698=LINE('',#11393,#2296);
#1699=LINE('',#11394,#2297);
#1700=LINE('',#11397,#2298);
#1701=LINE('',#11398,#2299);
#1702=LINE('',#11401,#2300);
#1703=LINE('',#11402,#2301);
#1704=LINE('',#11404,#2302);
#1705=LINE('',#11407,#2303);
#1706=LINE('',#11409,#2304);
#1707=LINE('',#11410,#2305);
#1708=LINE('',#11413,#2306);
#1709=LINE('',#11414,#2307);
#1710=LINE('',#11417,#2308);
#1711=LINE('',#11418,#2309);
#1712=LINE('',#11420,#2310);
#1713=LINE('',#11423,#2311);
#1714=LINE('',#11425,#2312);
#1715=LINE('',#11426,#2313);
#1716=LINE('',#11429,#2314);
#1717=LINE('',#11430,#2315);
#1718=LINE('',#11433,#2316);
#1719=LINE('',#11434,#2317);
#1720=LINE('',#11436,#2318);
#1721=LINE('',#11439,#2319);
#1722=LINE('',#11441,#2320);
#1723=LINE('',#11442,#2321);
#1724=LINE('',#11445,#2322);
#1725=LINE('',#11446,#2323);
#1726=LINE('',#11449,#2324);
#1727=LINE('',#11450,#2325);
#1728=LINE('',#11452,#2326);
#1729=LINE('',#11704,#2327);
#1730=LINE('',#11717,#2328);
#1731=LINE('',#11724,#2329);
#1732=LINE('',#11730,#2330);
#1733=LINE('',#11735,#2331);
#1734=LINE('',#11744,#2332);
#1735=LINE('',#11760,#2333);
#1736=LINE('',#11764,#2334);
#1737=LINE('',#11768,#2335);
#1738=LINE('',#11771,#2336);
#1739=LINE('',#11774,#2337);
#1740=LINE('',#11775,#2338);
#1741=LINE('',#11778,#2339);
#1742=LINE('',#11794,#2340);
#1743=LINE('',#11801,#2341);
#1744=LINE('',#11803,#2342);
#1745=LINE('',#11805,#2343);
#1746=LINE('',#11807,#2344);
#1747=LINE('',#11809,#2345);
#1748=LINE('',#11812,#2346);
#1749=LINE('',#11819,#2347);
#1750=LINE('',#11826,#2348);
#1751=LINE('',#11829,#2349);
#1752=LINE('',#11835,#2350);
#1753=LINE('',#11838,#2351);
#1754=LINE('',#11841,#2352);
#1755=LINE('',#11843,#2353);
#1756=LINE('',#11844,#2354);
#1757=LINE('',#11849,#2355);
#1758=LINE('',#11855,#2356);
#1759=LINE('',#11861,#2357);
#1760=LINE('',#11865,#2358);
#1761=LINE('',#11867,#2359);
#1762=LINE('',#11868,#2360);
#1763=LINE('',#11873,#2361);
#1764=LINE('',#11879,#2362);
#1765=LINE('',#11885,#2363);
#1766=LINE('',#11889,#2364);
#1767=LINE('',#11891,#2365);
#1768=LINE('',#11892,#2366);
#1769=LINE('',#11897,#2367);
#1770=LINE('',#11903,#2368);
#1771=LINE('',#11909,#2369);
#1772=LINE('',#11913,#2370);
#1773=LINE('',#11915,#2371);
#1774=LINE('',#11916,#2372);
#1775=LINE('',#11921,#2373);
#1776=LINE('',#11927,#2374);
#1777=LINE('',#11933,#2375);
#1778=LINE('',#11937,#2376);
#1779=LINE('',#11939,#2377);
#1780=LINE('',#11940,#2378);
#1781=LINE('',#11945,#2379);
#1782=LINE('',#11951,#2380);
#1783=LINE('',#11957,#2381);
#1784=LINE('',#11961,#2382);
#1785=LINE('',#11963,#2383);
#1786=LINE('',#11964,#2384);
#1787=LINE('',#11969,#2385);
#1788=LINE('',#11975,#2386);
#1789=LINE('',#11981,#2387);
#1790=LINE('',#11985,#2388);
#1791=LINE('',#11987,#2389);
#1792=LINE('',#11988,#2390);
#1793=LINE('',#11993,#2391);
#1794=LINE('',#11999,#2392);
#1795=LINE('',#12005,#2393);
#1796=LINE('',#12009,#2394);
#1797=LINE('',#12011,#2395);
#1798=LINE('',#12012,#2396);
#1799=LINE('',#12017,#2397);
#1800=LINE('',#12023,#2398);
#1801=LINE('',#12027,#2399);
#1802=LINE('',#12028,#2400);
#1803=LINE('',#12032,#2401);
#1804=LINE('',#12036,#2402);
#1805=LINE('',#12040,#2403);
#1806=LINE('',#12043,#2404);
#1807=LINE('',#12044,#2405);
#1808=LINE('',#12050,#2406);
#1809=LINE('',#12053,#2407);
#1810=LINE('',#12054,#2408);
#1811=LINE('',#12058,#2409);
#1812=LINE('',#12062,#2410);
#1813=LINE('',#12066,#2411);
#1814=LINE('',#12069,#2412);
#1815=LINE('',#12070,#2413);
#1816=LINE('',#12074,#2414);
#1817=LINE('',#12078,#2415);
#1818=LINE('',#12082,#2416);
#1819=LINE('',#12085,#2417);
#1820=LINE('',#12086,#2418);
#1821=LINE('',#12090,#2419);
#1822=LINE('',#12094,#2420);
#1823=LINE('',#12098,#2421);
#1824=LINE('',#12101,#2422);
#1825=LINE('',#12102,#2423);
#1826=LINE('',#12106,#2424);
#1827=LINE('',#12110,#2425);
#1828=LINE('',#12114,#2426);
#1829=LINE('',#12117,#2427);
#1830=LINE('',#12118,#2428);
#1831=LINE('',#12122,#2429);
#1832=LINE('',#12126,#2430);
#1833=LINE('',#12130,#2431);
#1834=LINE('',#12133,#2432);
#1835=LINE('',#12134,#2433);
#1836=LINE('',#12138,#2434);
#1837=LINE('',#12142,#2435);
#1838=LINE('',#12146,#2436);
#1839=LINE('',#12149,#2437);
#1840=LINE('',#12150,#2438);
#1841=LINE('',#12154,#2439);
#1842=LINE('',#12158,#2440);
#1843=LINE('',#12162,#2441);
#1844=LINE('',#12165,#2442);
#1845=LINE('',#12166,#2443);
#1846=LINE('',#12170,#2444);
#1847=LINE('',#12174,#2445);
#1848=LINE('',#12178,#2446);
#1849=LINE('',#12181,#2447);
#1850=LINE('',#12182,#2448);
#1851=LINE('',#12186,#2449);
#1852=LINE('',#12190,#2450);
#1853=LINE('',#12194,#2451);
#1854=LINE('',#12197,#2452);
#1855=LINE('',#12198,#2453);
#1856=LINE('',#12202,#2454);
#1857=LINE('',#12206,#2455);
#1858=LINE('',#12210,#2456);
#1859=LINE('',#12213,#2457);
#1860=LINE('',#12214,#2458);
#1861=LINE('',#12220,#2459);
#1862=LINE('',#12223,#2460);
#1863=LINE('',#12224,#2461);
#1864=LINE('',#12228,#2462);
#1865=LINE('',#12232,#2463);
#1866=LINE('',#12236,#2464);
#1867=LINE('',#12239,#2465);
#1868=LINE('',#12240,#2466);
#1869=LINE('',#12242,#2467);
#1870=LINE('',#12245,#2468);
#1871=LINE('',#12250,#2469);
#1872=LINE('',#12290,#2470);
#1873=LINE('',#12296,#2471);
#1874=LINE('',#12299,#2472);
#1875=LINE('',#12301,#2473);
#1876=LINE('',#12302,#2474);
#1877=LINE('',#12308,#2475);
#1878=LINE('',#12314,#2476);
#1879=LINE('',#12320,#2477);
#1880=LINE('',#12323,#2478);
#1881=LINE('',#12325,#2479);
#1882=LINE('',#12326,#2480);
#1883=LINE('',#12332,#2481);
#1884=LINE('',#12338,#2482);
#1885=LINE('',#12344,#2483);
#1886=LINE('',#12347,#2484);
#1887=LINE('',#12349,#2485);
#1888=LINE('',#12350,#2486);
#1889=LINE('',#12356,#2487);
#1890=LINE('',#12362,#2488);
#1891=LINE('',#12368,#2489);
#1892=LINE('',#12371,#2490);
#1893=LINE('',#12373,#2491);
#1894=LINE('',#12374,#2492);
#1895=LINE('',#12380,#2493);
#1896=LINE('',#12386,#2494);
#1897=LINE('',#12392,#2495);
#1898=LINE('',#12395,#2496);
#1899=LINE('',#12397,#2497);
#1900=LINE('',#12398,#2498);
#1901=LINE('',#12404,#2499);
#1902=LINE('',#12410,#2500);
#1903=LINE('',#12416,#2501);
#1904=LINE('',#12419,#2502);
#1905=LINE('',#12421,#2503);
#1906=LINE('',#12422,#2504);
#1907=LINE('',#12428,#2505);
#1908=LINE('',#12434,#2506);
#1909=LINE('',#12440,#2507);
#1910=LINE('',#12443,#2508);
#1911=LINE('',#12445,#2509);
#1912=LINE('',#12446,#2510);
#1913=LINE('',#12452,#2511);
#1914=LINE('',#12458,#2512);
#1915=LINE('',#12464,#2513);
#1916=LINE('',#12467,#2514);
#1917=LINE('',#12469,#2515);
#1918=LINE('',#12470,#2516);
#1919=LINE('',#12485,#2517);
#1920=LINE('',#12487,#2518);
#1921=LINE('',#12493,#2519);
#1922=LINE('',#12498,#2520);
#1923=LINE('',#12502,#2521);
#1924=LINE('',#12505,#2522);
#1925=LINE('',#12558,#2523);
#1926=LINE('',#12561,#2524);
#1927=LINE('',#12566,#2525);
#1928=LINE('',#12569,#2526);
#1929=LINE('',#12574,#2527);
#1930=LINE('',#12577,#2528);
#1931=LINE('',#12582,#2529);
#1932=LINE('',#12585,#2530);
#1933=LINE('',#12592,#2531);
#1934=LINE('',#12595,#2532);
#1935=LINE('',#12600,#2533);
#1936=LINE('',#12603,#2534);
#1937=LINE('',#12608,#2535);
#1938=LINE('',#12611,#2536);
#1939=LINE('',#12616,#2537);
#1940=LINE('',#12619,#2538);
#1941=LINE('',#12624,#2539);
#1942=LINE('',#12627,#2540);
#1943=LINE('',#12632,#2541);
#1944=LINE('',#12635,#2542);
#1945=LINE('',#12640,#2543);
#1946=LINE('',#12643,#2544);
#1947=LINE('',#12648,#2545);
#1948=LINE('',#12651,#2546);
#1949=LINE('',#12656,#2547);
#1950=LINE('',#12659,#2548);
#1951=LINE('',#12666,#2549);
#1952=LINE('',#12669,#2550);
#1953=LINE('',#12676,#2551);
#1954=LINE('',#12679,#2552);
#1955=LINE('',#12686,#2553);
#1956=LINE('',#12702,#2554);
#1957=LINE('',#12704,#2555);
#1958=LINE('',#12708,#2556);
#1959=LINE('',#12712,#2557);
#1960=LINE('',#12714,#2558);
#1961=LINE('',#12715,#2559);
#1962=LINE('',#12717,#2560);
#1963=LINE('',#12722,#2561);
#1964=LINE('',#12724,#2562);
#1965=LINE('',#12725,#2563);
#1966=LINE('',#12728,#2564);
#1967=LINE('',#12745,#2565);
#1968=LINE('',#12749,#2566);
#1969=LINE('',#12751,#2567);
#1970=LINE('',#12753,#2568);
#1971=LINE('',#12754,#2569);
#1972=LINE('',#12759,#2570);
#1973=LINE('',#12766,#2571);
#1974=LINE('',#12773,#2572);
#1975=LINE('',#12780,#2573);
#1976=LINE('',#12787,#2574);
#1977=LINE('',#12794,#2575);
#1978=LINE('',#12801,#2576);
#1979=LINE('',#12808,#2577);
#1980=LINE('',#12815,#2578);
#1981=LINE('',#12822,#2579);
#1982=LINE('',#12829,#2580);
#1983=LINE('',#12836,#2581);
#1984=LINE('',#12843,#2582);
#1985=LINE('',#12850,#2583);
#1986=LINE('',#12857,#2584);
#1987=LINE('',#12864,#2585);
#1988=LINE('',#12880,#2586);
#1989=LINE('',#12888,#2587);
#1990=LINE('',#12895,#2588);
#1991=LINE('',#12904,#2589);
#1992=LINE('',#12906,#2590);
#1993=LINE('',#12907,#2591);
#1994=LINE('',#12910,#2592);
#1995=LINE('',#12915,#2593);
#1996=LINE('',#12916,#2594);
#1997=LINE('',#12919,#2595);
#1998=LINE('',#12922,#2596);
#1999=LINE('',#12923,#2597);
#2000=LINE('',#12926,#2598);
#2001=LINE('',#12929,#2599);
#2002=LINE('',#12933,#2600);
#2003=LINE('',#12937,#2601);
#2004=LINE('',#12948,#2602);
#2005=LINE('',#13002,#2603);
#2006=LINE('',#13005,#2604);
#2007=LINE('',#13006,#2605);
#2008=LINE('',#13009,#2606);
#2009=LINE('',#13010,#2607);
#2010=LINE('',#13013,#2608);
#2011=LINE('',#13017,#2609);
#2012=LINE('',#13021,#2610);
#2013=LINE('',#13027,#2611);
#2014=LINE('',#13031,#2612);
#2015=LINE('',#13033,#2613);
#2016=LINE('',#13037,#2614);
#2017=LINE('',#13038,#2615);
#2018=LINE('',#13041,#2616);
#2019=LINE('',#13045,#2617);
#2020=LINE('',#13046,#2618);
#2021=LINE('',#13049,#2619);
#2022=LINE('',#13052,#2620);
#2023=LINE('',#13055,#2621);
#2024=LINE('',#13058,#2622);
#2025=LINE('',#13061,#2623);
#2026=LINE('',#13063,#2624);
#2027=LINE('',#13064,#2625);
#2028=LINE('',#13067,#2626);
#2029=LINE('',#13071,#2627);
#2030=LINE('',#13072,#2628);
#2031=LINE('',#13075,#2629);
#2032=LINE('',#13079,#2630);
#2033=LINE('',#13082,#2631);
#2034=LINE('',#13086,#2632);
#2035=LINE('',#13087,#2633);
#2036=LINE('',#13088,#2634);
#2037=LINE('',#13091,#2635);
#2038=LINE('',#13096,#2636);
#2039=LINE('',#13098,#2637);
#2040=LINE('',#13099,#2638);
#2041=LINE('',#13102,#2639);
#2042=LINE('',#13107,#2640);
#2043=LINE('',#13108,#2641);
#2044=LINE('',#13111,#2642);
#2045=LINE('',#13114,#2643);
#2046=LINE('',#13116,#2644);
#2047=LINE('',#13118,#2645);
#2048=LINE('',#13125,#2646);
#2049=LINE('',#13129,#2647);
#2050=LINE('',#13133,#2648);
#2051=LINE('',#13137,#2649);
#2052=LINE('',#13140,#2650);
#2053=LINE('',#13144,#2651);
#2054=LINE('',#13149,#2652);
#2055=LINE('',#13150,#2653);
#2056=LINE('',#13151,#2654);
#2057=LINE('',#13155,#2655);
#2058=LINE('',#13158,#2656);
#2059=LINE('',#13159,#2657);
#2060=LINE('',#13163,#2658);
#2061=LINE('',#13166,#2659);
#2062=LINE('',#13167,#2660);
#2063=LINE('',#13171,#2661);
#2064=LINE('',#13173,#2662);
#2065=LINE('',#13176,#2663);
#2066=LINE('',#13177,#2664);
#2067=VECTOR('',#8322,4.);
#2068=VECTOR('',#8333,10.);
#2069=VECTOR('',#8340,10.);
#2070=VECTOR('',#8347,10.);
#2071=VECTOR('',#8354,10.);
#2072=VECTOR('',#8361,10.);
#2073=VECTOR('',#8368,10.);
#2074=VECTOR('',#8375,10.);
#2075=VECTOR('',#8382,10.);
#2076=VECTOR('',#8389,10.);
#2077=VECTOR('',#8396,10.);
#2078=VECTOR('',#8403,10.);
#2079=VECTOR('',#8416,10.);
#2080=VECTOR('',#8423,10.);
#2081=VECTOR('',#8426,10.);
#2082=VECTOR('',#8429,10.);
#2083=VECTOR('',#8432,10.);
#2084=VECTOR('',#8435,10.);
#2085=VECTOR('',#8442,10.);
#2086=VECTOR('',#8455,10.);
#2087=VECTOR('',#8458,10.);
#2088=VECTOR('',#8461,10.);
#2089=VECTOR('',#8462,10.);
#2090=VECTOR('',#8465,10.);
#2091=VECTOR('',#8472,3.);
#2092=VECTOR('',#8475,4.);
#2093=VECTOR('',#8482,3.);
#2094=VECTOR('',#8485,4.);
#2095=VECTOR('',#8492,3.);
#2096=VECTOR('',#8495,4.);
#2097=VECTOR('',#8502,3.);
#2098=VECTOR('',#8505,6.);
#2099=VECTOR('',#8510,10.);
#2100=VECTOR('',#8513,10.);
#2101=VECTOR('',#8518,5.);
#2102=VECTOR('',#8521,6.);
#2103=VECTOR('',#8526,10.);
#2104=VECTOR('',#8529,10.);
#2105=VECTOR('',#8534,5.);
#2106=VECTOR('',#8539,2.6);
#2107=VECTOR('',#8544,2.1);
#2108=VECTOR('',#8553,2.6);
#2109=VECTOR('',#8558,2.1);
#2110=VECTOR('',#8567,0.899999999999999);
#2111=VECTOR('',#8578,0.899999999999999);
#2112=VECTOR('',#8589,0.899999999999999);
#2113=VECTOR('',#8602,0.899999999999999);
#2114=VECTOR('',#8611,10.);
#2115=VECTOR('',#8612,10.);
#2116=VECTOR('',#8621,10.);
#2117=VECTOR('',#8624,10.);
#2118=VECTOR('',#8627,10.);
#2119=VECTOR('',#8630,10.);
#2120=VECTOR('',#8631,10.);
#2121=VECTOR('',#8632,10.);
#2122=VECTOR('',#8633,10.);
#2123=VECTOR('',#8636,10.);
#2124=VECTOR('',#8637,10.);
#2125=VECTOR('',#8638,10.);
#2126=VECTOR('',#8641,10.);
#2127=VECTOR('',#8642,10.);
#2128=VECTOR('',#8643,10.);
#2129=VECTOR('',#8646,10.);
#2130=VECTOR('',#8647,10.);
#2131=VECTOR('',#8650,10.);
#2132=VECTOR('',#8651,10.);
#2133=VECTOR('',#8652,10.);
#2134=VECTOR('',#8653,10.);
#2135=VECTOR('',#8654,10.);
#2136=VECTOR('',#8655,10.);
#2137=VECTOR('',#8656,10.);
#2138=VECTOR('',#8657,10.);
#2139=VECTOR('',#8658,10.);
#2140=VECTOR('',#8659,10.);
#2141=VECTOR('',#8660,10.);
#2142=VECTOR('',#8661,10.);
#2143=VECTOR('',#8662,10.);
#2144=VECTOR('',#8663,10.);
#2145=VECTOR('',#8664,10.);
#2146=VECTOR('',#8665,10.);
#2147=VECTOR('',#8666,10.);
#2148=VECTOR('',#8667,10.);
#2149=VECTOR('',#8668,10.);
#2150=VECTOR('',#8669,10.);
#2151=VECTOR('',#8670,10.);
#2152=VECTOR('',#8671,10.);
#2153=VECTOR('',#8672,10.);
#2154=VECTOR('',#8673,10.);
#2155=VECTOR('',#8674,10.);
#2156=VECTOR('',#8675,10.);
#2157=VECTOR('',#8676,10.);
#2158=VECTOR('',#8677,10.);
#2159=VECTOR('',#8678,10.);
#2160=VECTOR('',#8679,10.);
#2161=VECTOR('',#8680,10.);
#2162=VECTOR('',#8681,10.);
#2163=VECTOR('',#8682,10.);
#2164=VECTOR('',#8683,10.);
#2165=VECTOR('',#8684,10.);
#2166=VECTOR('',#8685,10.);
#2167=VECTOR('',#8688,10.);
#2168=VECTOR('',#8689,10.);
#2169=VECTOR('',#8690,10.);
#2170=VECTOR('',#8693,10.);
#2171=VECTOR('',#8694,10.);
#2172=VECTOR('',#8695,10.);
#2173=VECTOR('',#8698,10.);
#2174=VECTOR('',#8701,10.);
#2175=VECTOR('',#8704,10.);
#2176=VECTOR('',#8705,10.);
#2177=VECTOR('',#8706,10.);
#2178=VECTOR('',#8709,10.);
#2179=VECTOR('',#8710,10.);
#2180=VECTOR('',#8711,10.);
#2181=VECTOR('',#8714,10.);
#2182=VECTOR('',#8717,10.);
#2183=VECTOR('',#8720,10.);
#2184=VECTOR('',#8721,10.);
#2185=VECTOR('',#8722,10.);
#2186=VECTOR('',#8725,10.);
#2187=VECTOR('',#8726,10.);
#2188=VECTOR('',#8727,10.);
#2189=VECTOR('',#8730,10.);
#2190=VECTOR('',#8733,10.);
#2191=VECTOR('',#8736,10.);
#2192=VECTOR('',#8737,10.);
#2193=VECTOR('',#8738,10.);
#2194=VECTOR('',#8741,10.);
#2195=VECTOR('',#8742,10.);
#2196=VECTOR('',#8743,10.);
#2197=VECTOR('',#8746,10.);
#2198=VECTOR('',#8749,10.);
#2199=VECTOR('',#8752,10.);
#2200=VECTOR('',#8753,10.);
#2201=VECTOR('',#8754,10.);
#2202=VECTOR('',#8755,10.);
#2203=VECTOR('',#8758,10.);
#2204=VECTOR('',#8759,10.);
#2205=VECTOR('',#8760,10.);
#2206=VECTOR('',#8763,10.);
#2207=VECTOR('',#8764,10.);
#2208=VECTOR('',#8765,10.);
#2209=VECTOR('',#8768,10.);
#2210=VECTOR('',#8769,10.);
#2211=VECTOR('',#8772,10.);
#2212=VECTOR('',#8773,10.);
#2213=VECTOR('',#8774,10.);
#2214=VECTOR('',#8775,10.);
#2215=VECTOR('',#8776,10.);
#2216=VECTOR('',#8777,10.);
#2217=VECTOR('',#8778,10.);
#2218=VECTOR('',#8779,10.);
#2219=VECTOR('',#8780,10.);
#2220=VECTOR('',#8781,10.);
#2221=VECTOR('',#8782,10.);
#2222=VECTOR('',#8783,10.);
#2223=VECTOR('',#8784,10.);
#2224=VECTOR('',#8785,10.);
#2225=VECTOR('',#8786,10.);
#2226=VECTOR('',#8787,10.);
#2227=VECTOR('',#8788,10.);
#2228=VECTOR('',#8789,10.);
#2229=VECTOR('',#8790,10.);
#2230=VECTOR('',#8791,10.);
#2231=VECTOR('',#8794,10.);
#2232=VECTOR('',#8795,10.);
#2233=VECTOR('',#8796,10.);
#2234=VECTOR('',#8799,10.);
#2235=VECTOR('',#8800,10.);
#2236=VECTOR('',#8801,10.);
#2237=VECTOR('',#8804,10.);
#2238=VECTOR('',#8807,10.);
#2239=VECTOR('',#8810,10.);
#2240=VECTOR('',#8811,10.);
#2241=VECTOR('',#8812,10.);
#2242=VECTOR('',#8815,10.);
#2243=VECTOR('',#8816,10.);
#2244=VECTOR('',#8819,10.);
#2245=VECTOR('',#8820,10.);
#2246=VECTOR('',#8823,10.);
#2247=VECTOR('',#8826,10.);
#2248=VECTOR('',#8827,10.);
#2249=VECTOR('',#8828,10.);
#2250=VECTOR('',#8829,10.);
#2251=VECTOR('',#8832,10.);
#2252=VECTOR('',#8833,10.);
#2253=VECTOR('',#8834,10.);
#2254=VECTOR('',#8837,10.);
#2255=VECTOR('',#8838,10.);
#2256=VECTOR('',#8839,10.);
#2257=VECTOR('',#8842,10.);
#2258=VECTOR('',#8843,10.);
#2259=VECTOR('',#8846,10.);
#2260=VECTOR('',#8847,10.);
#2261=VECTOR('',#8848,10.);
#2262=VECTOR('',#8849,10.);
#2263=VECTOR('',#8850,10.);
#2264=VECTOR('',#8851,10.);
#2265=VECTOR('',#8852,10.);
#2266=VECTOR('',#8853,10.);
#2267=VECTOR('',#8854,10.);
#2268=VECTOR('',#8855,10.);
#2269=VECTOR('',#8856,10.);
#2270=VECTOR('',#8857,10.);
#2271=VECTOR('',#8858,10.);
#2272=VECTOR('',#8859,10.);
#2273=VECTOR('',#8860,10.);
#2274=VECTOR('',#8861,10.);
#2275=VECTOR('',#8862,10.);
#2276=VECTOR('',#8863,10.);
#2277=VECTOR('',#8864,10.);
#2278=VECTOR('',#8865,10.);
#2279=VECTOR('',#8866,10.);
#2280=VECTOR('',#8867,10.);
#2281=VECTOR('',#8868,10.);
#2282=VECTOR('',#8869,10.);
#2283=VECTOR('',#8870,10.);
#2284=VECTOR('',#8871,10.);
#2285=VECTOR('',#8872,10.);
#2286=VECTOR('',#8873,10.);
#2287=VECTOR('',#8874,10.);
#2288=VECTOR('',#8875,10.);
#2289=VECTOR('',#8876,10.);
#2290=VECTOR('',#8877,10.);
#2291=VECTOR('',#8878,10.);
#2292=VECTOR('',#8879,10.);
#2293=VECTOR('',#8880,10.);
#2294=VECTOR('',#8881,10.);
#2295=VECTOR('',#8884,10.);
#2296=VECTOR('',#8885,10.);
#2297=VECTOR('',#8886,10.);
#2298=VECTOR('',#8889,10.);
#2299=VECTOR('',#8890,10.);
#2300=VECTOR('',#8893,10.);
#2301=VECTOR('',#8894,10.);
#2302=VECTOR('',#8897,10.);
#2303=VECTOR('',#8900,10.);
#2304=VECTOR('',#8901,10.);
#2305=VECTOR('',#8902,10.);
#2306=VECTOR('',#8905,10.);
#2307=VECTOR('',#8906,10.);
#2308=VECTOR('',#8909,10.);
#2309=VECTOR('',#8910,10.);
#2310=VECTOR('',#8913,10.);
#2311=VECTOR('',#8916,10.);
#2312=VECTOR('',#8917,10.);
#2313=VECTOR('',#8918,10.);
#2314=VECTOR('',#8921,10.);
#2315=VECTOR('',#8922,10.);
#2316=VECTOR('',#8925,10.);
#2317=VECTOR('',#8926,10.);
#2318=VECTOR('',#8929,10.);
#2319=VECTOR('',#8932,10.);
#2320=VECTOR('',#8933,10.);
#2321=VECTOR('',#8934,10.);
#2322=VECTOR('',#8937,10.);
#2323=VECTOR('',#8938,10.);
#2324=VECTOR('',#8941,10.);
#2325=VECTOR('',#8942,10.);
#2326=VECTOR('',#8945,10.);
#2327=VECTOR('',#9050,10.);
#2328=VECTOR('',#9073,10.);
#2329=VECTOR('',#9084,10.);
#2330=VECTOR('',#9093,10.);
#2331=VECTOR('',#9100,10.);
#2332=VECTOR('',#9113,10.);
#2333=VECTOR('',#9138,10.);
#2334=VECTOR('',#9141,10.);
#2335=VECTOR('',#9146,10.);
#2336=VECTOR('',#9149,10.);
#2337=VECTOR('',#9152,10.);
#2338=VECTOR('',#9153,10.);
#2339=VECTOR('',#9156,10.);
#2340=VECTOR('',#9161,10.);
#2341=VECTOR('',#9168,10.);
#2342=VECTOR('',#9169,10.);
#2343=VECTOR('',#9170,10.);
#2344=VECTOR('',#9171,10.);
#2345=VECTOR('',#9172,10.);
#2346=VECTOR('',#9175,10.);
#2347=VECTOR('',#9182,10.);
#2348=VECTOR('',#9185,10.);
#2349=VECTOR('',#9188,10.);
#2350=VECTOR('',#9193,10.);
#2351=VECTOR('',#9196,10.);
#2352=VECTOR('',#9199,10.);
#2353=VECTOR('',#9200,10.);
#2354=VECTOR('',#9201,10.);
#2355=VECTOR('',#9206,10.);
#2356=VECTOR('',#9213,10.);
#2357=VECTOR('',#9220,10.);
#2358=VECTOR('',#9225,10.);
#2359=VECTOR('',#9226,10.);
#2360=VECTOR('',#9227,10.);
#2361=VECTOR('',#9232,10.);
#2362=VECTOR('',#9239,10.);
#2363=VECTOR('',#9246,10.);
#2364=VECTOR('',#9251,10.);
#2365=VECTOR('',#9252,10.);
#2366=VECTOR('',#9253,10.);
#2367=VECTOR('',#9258,10.);
#2368=VECTOR('',#9265,10.);
#2369=VECTOR('',#9272,10.);
#2370=VECTOR('',#9277,10.);
#2371=VECTOR('',#9278,10.);
#2372=VECTOR('',#9279,10.);
#2373=VECTOR('',#9284,10.);
#2374=VECTOR('',#9291,10.);
#2375=VECTOR('',#9298,10.);
#2376=VECTOR('',#9303,10.);
#2377=VECTOR('',#9304,10.);
#2378=VECTOR('',#9305,10.);
#2379=VECTOR('',#9310,10.);
#2380=VECTOR('',#9317,10.);
#2381=VECTOR('',#9324,10.);
#2382=VECTOR('',#9329,10.);
#2383=VECTOR('',#9330,10.);
#2384=VECTOR('',#9331,10.);
#2385=VECTOR('',#9336,10.);
#2386=VECTOR('',#9343,10.);
#2387=VECTOR('',#9350,10.);
#2388=VECTOR('',#9355,10.);
#2389=VECTOR('',#9356,10.);
#2390=VECTOR('',#9357,10.);
#2391=VECTOR('',#9362,10.);
#2392=VECTOR('',#9369,10.);
#2393=VECTOR('',#9376,10.);
#2394=VECTOR('',#9381,10.);
#2395=VECTOR('',#9382,10.);
#2396=VECTOR('',#9383,10.);
#2397=VECTOR('',#9388,10.);
#2398=VECTOR('',#9395,10.);
#2399=VECTOR('',#9400,10.);
#2400=VECTOR('',#9401,10.);
#2401=VECTOR('',#9406,10.);
#2402=VECTOR('',#9411,10.);
#2403=VECTOR('',#9416,10.);
#2404=VECTOR('',#9419,10.);
#2405=VECTOR('',#9420,10.);
#2406=VECTOR('',#9429,10.);
#2407=VECTOR('',#9432,10.);
#2408=VECTOR('',#9433,10.);
#2409=VECTOR('',#9438,10.);
#2410=VECTOR('',#9443,10.);
#2411=VECTOR('',#9448,10.);
#2412=VECTOR('',#9451,10.);
#2413=VECTOR('',#9452,10.);
#2414=VECTOR('',#9457,10.);
#2415=VECTOR('',#9462,10.);
#2416=VECTOR('',#9467,10.);
#2417=VECTOR('',#9470,10.);
#2418=VECTOR('',#9471,10.);
#2419=VECTOR('',#9476,10.);
#2420=VECTOR('',#9481,10.);
#2421=VECTOR('',#9486,10.);
#2422=VECTOR('',#9489,10.);
#2423=VECTOR('',#9490,10.);
#2424=VECTOR('',#9495,10.);
#2425=VECTOR('',#9500,10.);
#2426=VECTOR('',#9505,10.);
#2427=VECTOR('',#9508,10.);
#2428=VECTOR('',#9509,10.);
#2429=VECTOR('',#9514,10.);
#2430=VECTOR('',#9519,10.);
#2431=VECTOR('',#9524,10.);
#2432=VECTOR('',#9527,10.);
#2433=VECTOR('',#9528,10.);
#2434=VECTOR('',#9533,10.);
#2435=VECTOR('',#9538,10.);
#2436=VECTOR('',#9543,10.);
#2437=VECTOR('',#9546,10.);
#2438=VECTOR('',#9547,10.);
#2439=VECTOR('',#9552,10.);
#2440=VECTOR('',#9557,10.);
#2441=VECTOR('',#9562,10.);
#2442=VECTOR('',#9565,10.);
#2443=VECTOR('',#9566,10.);
#2444=VECTOR('',#9571,10.);
#2445=VECTOR('',#9576,10.);
#2446=VECTOR('',#9581,10.);
#2447=VECTOR('',#9584,10.);
#2448=VECTOR('',#9585,10.);
#2449=VECTOR('',#9590,10.);
#2450=VECTOR('',#9595,10.);
#2451=VECTOR('',#9600,10.);
#2452=VECTOR('',#9603,10.);
#2453=VECTOR('',#9604,10.);
#2454=VECTOR('',#9609,10.);
#2455=VECTOR('',#9614,10.);
#2456=VECTOR('',#9619,10.);
#2457=VECTOR('',#9622,10.);
#2458=VECTOR('',#9623,10.);
#2459=VECTOR('',#9632,10.);
#2460=VECTOR('',#9635,10.);
#2461=VECTOR('',#9636,10.);
#2462=VECTOR('',#9641,10.);
#2463=VECTOR('',#9646,10.);
#2464=VECTOR('',#9651,10.);
#2465=VECTOR('',#9654,10.);
#2466=VECTOR('',#9655,10.);
#2467=VECTOR('',#9658,10.);
#2468=VECTOR('',#9661,10.);
#2469=VECTOR('',#9666,10.);
#2470=VECTOR('',#9685,10.);
#2471=VECTOR('',#9692,10.);
#2472=VECTOR('',#9695,10.);
#2473=VECTOR('',#9696,10.);
#2474=VECTOR('',#9697,10.);
#2475=VECTOR('',#9704,10.);
#2476=VECTOR('',#9711,10.);
#2477=VECTOR('',#9718,10.);
#2478=VECTOR('',#9721,10.);
#2479=VECTOR('',#9722,10.);
#2480=VECTOR('',#9723,10.);
#2481=VECTOR('',#9730,10.);
#2482=VECTOR('',#9737,10.);
#2483=VECTOR('',#9744,10.);
#2484=VECTOR('',#9747,10.);
#2485=VECTOR('',#9748,10.);
#2486=VECTOR('',#9749,10.);
#2487=VECTOR('',#9756,10.);
#2488=VECTOR('',#9763,10.);
#2489=VECTOR('',#9770,10.);
#2490=VECTOR('',#9773,10.);
#2491=VECTOR('',#9774,10.);
#2492=VECTOR('',#9775,10.);
#2493=VECTOR('',#9782,10.);
#2494=VECTOR('',#9789,10.);
#2495=VECTOR('',#9796,10.);
#2496=VECTOR('',#9799,10.);
#2497=VECTOR('',#9800,10.);
#2498=VECTOR('',#9801,10.);
#2499=VECTOR('',#9808,10.);
#2500=VECTOR('',#9815,10.);
#2501=VECTOR('',#9822,10.);
#2502=VECTOR('',#9825,10.);
#2503=VECTOR('',#9826,10.);
#2504=VECTOR('',#9827,10.);
#2505=VECTOR('',#9834,10.);
#2506=VECTOR('',#9841,10.);
#2507=VECTOR('',#9848,10.);
#2508=VECTOR('',#9851,10.);
#2509=VECTOR('',#9852,10.);
#2510=VECTOR('',#9853,10.);
#2511=VECTOR('',#9860,10.);
#2512=VECTOR('',#9867,10.);
#2513=VECTOR('',#9874,10.);
#2514=VECTOR('',#9877,10.);
#2515=VECTOR('',#9878,10.);
#2516=VECTOR('',#9879,10.);
#2517=VECTOR('',#9906,11.65);
#2518=VECTOR('',#9909,10.);
#2519=VECTOR('',#9916,2.6);
#2520=VECTOR('',#9921,10.);
#2521=VECTOR('',#9924,10.);
#2522=VECTOR('',#9927,10.);
#2523=VECTOR('',#9994,2.1);
#2524=VECTOR('',#9997,2.6);
#2525=VECTOR('',#10004,2.1);
#2526=VECTOR('',#10007,2.6);
#2527=VECTOR('',#10014,2.1);
#2528=VECTOR('',#10017,2.6);
#2529=VECTOR('',#10024,2.1);
#2530=VECTOR('',#10027,2.6);
#2531=VECTOR('',#10036,2.1);
#2532=VECTOR('',#10039,2.6);
#2533=VECTOR('',#10046,2.1);
#2534=VECTOR('',#10049,2.6);
#2535=VECTOR('',#10056,2.1);
#2536=VECTOR('',#10059,2.6);
#2537=VECTOR('',#10066,2.1);
#2538=VECTOR('',#10069,2.6);
#2539=VECTOR('',#10076,2.1);
#2540=VECTOR('',#10079,2.6);
#2541=VECTOR('',#10086,2.1);
#2542=VECTOR('',#10089,2.6);
#2543=VECTOR('',#10096,2.1);
#2544=VECTOR('',#10099,2.6);
#2545=VECTOR('',#10106,2.1);
#2546=VECTOR('',#10109,2.6);
#2547=VECTOR('',#10116,2.1);
#2548=VECTOR('',#10119,2.6);
#2549=VECTOR('',#10128,2.1);
#2550=VECTOR('',#10131,2.6);
#2551=VECTOR('',#10140,2.1);
#2552=VECTOR('',#10143,2.6);
#2553=VECTOR('',#10152,2.1);
#2554=VECTOR('',#10155,10.);
#2555=VECTOR('',#10156,10.);
#2556=VECTOR('',#10161,10.);
#2557=VECTOR('',#10164,10.);
#2558=VECTOR('',#10165,10.);
#2559=VECTOR('',#10166,10.);
#2560=VECTOR('',#10169,10.);
#2561=VECTOR('',#10174,10.);
#2562=VECTOR('',#10175,10.);
#2563=VECTOR('',#10176,10.);
#2564=VECTOR('',#10179,10.);
#2565=VECTOR('',#10184,10.);
#2566=VECTOR('',#10189,10.);
#2567=VECTOR('',#10190,10.);
#2568=VECTOR('',#10191,10.);
#2569=VECTOR('',#10192,10.);
#2570=VECTOR('',#10197,1.5);
#2571=VECTOR('',#10206,1.5);
#2572=VECTOR('',#10215,1.5);
#2573=VECTOR('',#10224,1.5);
#2574=VECTOR('',#10233,1.5);
#2575=VECTOR('',#10242,1.5);
#2576=VECTOR('',#10251,1.5);
#2577=VECTOR('',#10260,1.5);
#2578=VECTOR('',#10269,1.5);
#2579=VECTOR('',#10278,1.5);
#2580=VECTOR('',#10287,1.5);
#2581=VECTOR('',#10296,1.5);
#2582=VECTOR('',#10305,1.5);
#2583=VECTOR('',#10314,1.5);
#2584=VECTOR('',#10323,1.5);
#2585=VECTOR('',#10332,1.5);
#2586=VECTOR('',#10363,10.);
#2587=VECTOR('',#10378,10.);
#2588=VECTOR('',#10391,10.);
#2589=VECTOR('',#10406,10.);
#2590=VECTOR('',#10407,10.);
#2591=VECTOR('',#10408,10.);
#2592=VECTOR('',#10411,10.);
#2593=VECTOR('',#10418,10.);
#2594=VECTOR('',#10419,10.);
#2595=VECTOR('',#10422,10.);
#2596=VECTOR('',#10427,10.);
#2597=VECTOR('',#10428,10.);
#2598=VECTOR('',#10433,10.);
#2599=VECTOR('',#10438,10.);
#2600=VECTOR('',#10441,10.);
#2601=VECTOR('',#10444,10.);
#2602=VECTOR('',#10445,3.);
#2603=VECTOR('',#10460,10.);
#2604=VECTOR('',#10463,10.);
#2605=VECTOR('',#10464,10.);
#2606=VECTOR('',#10467,10.);
#2607=VECTOR('',#10468,10.);
#2608=VECTOR('',#10471,10.);
#2609=VECTOR('',#10474,10.);
#2610=VECTOR('',#10479,10.);
#2611=VECTOR('',#10486,10.);
#2612=VECTOR('',#10491,10.);
#2613=VECTOR('',#10492,10.);
#2614=VECTOR('',#10497,10.);
#2615=VECTOR('',#10498,10.);
#2616=VECTOR('',#10501,10.);
#2617=VECTOR('',#10506,10.);
#2618=VECTOR('',#10507,10.);
#2619=VECTOR('',#10510,10.);
#2620=VECTOR('',#10515,10.);
#2621=VECTOR('',#10518,10.);
#2622=VECTOR('',#10523,10.);
#2623=VECTOR('',#10526,10.);
#2624=VECTOR('',#10527,10.);
#2625=VECTOR('',#10528,10.);
#2626=VECTOR('',#10531,10.);
#2627=VECTOR('',#10536,10.);
#2628=VECTOR('',#10537,10.);
#2629=VECTOR('',#10540,10.);
#2630=VECTOR('',#10545,10.);
#2631=VECTOR('',#10548,10.);
#2632=VECTOR('',#10551,10.);
#2633=VECTOR('',#10552,10.);
#2634=VECTOR('',#10553,10.);
#2635=VECTOR('',#10556,10.);
#2636=VECTOR('',#10563,10.);
#2637=VECTOR('',#10564,10.);
#2638=VECTOR('',#10565,10.);
#2639=VECTOR('',#10568,10.);
#2640=VECTOR('',#10575,10.);
#2641=VECTOR('',#10576,10.);
#2642=VECTOR('',#10579,10.);
#2643=VECTOR('',#10584,10.);
#2644=VECTOR('',#10587,10.);
#2645=VECTOR('',#10590,10.);
#2646=VECTOR('',#10599,10.);
#2647=VECTOR('',#10602,10.);
#2648=VECTOR('',#10605,10.);
#2649=VECTOR('',#10608,10.);
#2650=VECTOR('',#10611,10.);
#2651=VECTOR('',#10616,3.5);
#2652=VECTOR('',#10621,10.);
#2653=VECTOR('',#10622,10.);
#2654=VECTOR('',#10623,10.);
#2655=VECTOR('',#10628,10.);
#2656=VECTOR('',#10631,10.);
#2657=VECTOR('',#10632,10.);
#2658=VECTOR('',#10637,10.);
#2659=VECTOR('',#10640,10.);
#2660=VECTOR('',#10641,10.);
#2661=VECTOR('',#10646,10.);
#2662=VECTOR('',#10649,10.);
#2663=VECTOR('',#10652,10.);
#2664=VECTOR('',#10653,10.);
#2665=CIRCLE('',#7442,5.);
#2666=CIRCLE('',#7443,3.);
#2667=CIRCLE('',#7445,7.);
#2668=CIRCLE('',#7446,6.);
#2669=CIRCLE('',#7447,3.);
#2670=CIRCLE('',#7448,3.00000000000001);
#2671=CIRCLE('',#7449,6.);
#2672=CIRCLE('',#7450,3.);
#2673=CIRCLE('',#7451,3.00000000000001);
#2674=CIRCLE('',#7452,6.);
#2675=CIRCLE('',#7453,3.);
#2676=CIRCLE('',#7454,3.00000000000001);
#2677=CIRCLE('',#7455,5.99999999999999);
#2678=CIRCLE('',#7456,3.);
#2679=CIRCLE('',#7457,3.00000000000001);
#2680=CIRCLE('',#7458,6.);
#2681=CIRCLE('',#7459,3.00000000000001);
#2682=CIRCLE('',#7460,3.00000000000001);
#2683=CIRCLE('',#7461,6.);
#2684=CIRCLE('',#7462,3.);
#2685=CIRCLE('',#7463,3.00000000000001);
#2686=CIRCLE('',#7464,5.99999999999999);
#2687=CIRCLE('',#7465,3.);
#2688=CIRCLE('',#7466,3.00000000000001);
#2689=CIRCLE('',#7467,5.99999999999998);
#2690=CIRCLE('',#7468,3.);
#2691=CIRCLE('',#7469,3.00000000000001);
#2692=CIRCLE('',#7470,6.);
#2693=CIRCLE('',#7471,3.00000000000001);
#2694=CIRCLE('',#7472,3.);
#2695=CIRCLE('',#7473,6.);
#2696=CIRCLE('',#7474,3.);
#2697=CIRCLE('',#7475,3.00000000000001);
#2698=CIRCLE('',#7476,6.);
#2699=CIRCLE('',#7477,3.);
#2700=CIRCLE('',#7478,3.00000000000001);
#2701=CIRCLE('',#7479,6.);
#2702=CIRCLE('',#7480,7.);
#2703=CIRCLE('',#7481,7.);
#2704=CIRCLE('',#7482,6.);
#2705=CIRCLE('',#7483,3.);
#2706=CIRCLE('',#7484,3.00000000000001);
#2707=CIRCLE('',#7485,6.00000000000001);
#2708=CIRCLE('',#7486,2.99999999999999);
#2709=CIRCLE('',#7487,3.00000000000001);
#2710=CIRCLE('',#7490,3.);
#2711=CIRCLE('',#7491,3.00000000000001);
#2712=CIRCLE('',#7492,6.00000000000002);
#2713=CIRCLE('',#7493,3.);
#2714=CIRCLE('',#7494,3.00000000000001);
#2715=CIRCLE('',#7495,6.);
#2716=CIRCLE('',#7496,7.);
#2717=CIRCLE('',#7497,5.);
#2718=CIRCLE('',#7498,5.);
#2719=CIRCLE('',#7499,16.2519309695179);
#2720=CIRCLE('',#7500,16.2519309695279);
#2721=CIRCLE('',#7501,16.2519309695181);
#2722=CIRCLE('',#7502,16.2519309695179);
#2723=CIRCLE('',#7503,5.);
#2724=CIRCLE('',#7505,3.);
#2725=CIRCLE('',#7507,3.);
#2726=CIRCLE('',#7509,3.);
#2727=CIRCLE('',#7511,3.);
#2728=CIRCLE('',#7513,3.);
#2729=CIRCLE('',#7515,3.);
#2730=CIRCLE('',#7517,3.);
#2731=CIRCLE('',#7519,5.);
#2732=CIRCLE('',#7521,6.);
#2733=CIRCLE('',#7523,5.);
#2734=CIRCLE('',#7525,5.);
#2735=CIRCLE('',#7527,6.);
#2736=CIRCLE('',#7529,5.);
#2737=CIRCLE('',#7531,3.1);
#2738=CIRCLE('',#7532,2.1);
#2739=CIRCLE('',#7534,2.1);
#2740=CIRCLE('',#7537,3.1);
#2741=CIRCLE('',#7538,2.1);
#2742=CIRCLE('',#7540,2.1);
#2743=CIRCLE('',#7543,0.899999999999999);
#2744=CIRCLE('',#7544,0.899999999999999);
#2745=CIRCLE('',#7548,0.899999999999999);
#2746=CIRCLE('',#7549,0.899999999999999);
#2747=CIRCLE('',#7553,0.899999999999999);
#2748=CIRCLE('',#7554,0.899999999999999);
#2749=CIRCLE('',#7559,0.899999999999999);
#2750=CIRCLE('',#7560,0.899999999999999);
#2751=CIRCLE('',#7566,12.05);
#2752=CIRCLE('',#7639,9.49999999999998);
#2753=CIRCLE('',#7659,9.50000000000001);
#2754=CIRCLE('',#7661,9.50000000000002);
#2755=CIRCLE('',#7675,9.50000000000002);
#2756=CIRCLE('',#7677,5.);
#2757=CIRCLE('',#7679,5.);
#2758=CIRCLE('',#7681,5.);
#2759=CIRCLE('',#7683,5.);
#2760=CIRCLE('',#7685,5.);
#2761=CIRCLE('',#7687,5.);
#2762=CIRCLE('',#7689,5.);
#2763=CIRCLE('',#7691,5.);
#2764=CIRCLE('',#7693,5.);
#2765=CIRCLE('',#7695,5.);
#2766=CIRCLE('',#7697,5.);
#2767=CIRCLE('',#7699,5.);
#2768=CIRCLE('',#7701,5.);
#2769=CIRCLE('',#7703,5.);
#2770=CIRCLE('',#7705,9.50000000000002);
#2771=CIRCLE('',#7706,9.50000000000002);
#2772=CIRCLE('',#7707,9.50000000000002);
#2773=CIRCLE('',#7709,5.);
#2774=CIRCLE('',#7711,5.);
#2775=CIRCLE('',#7713,5.);
#2776=CIRCLE('',#7715,5.);
#2777=CIRCLE('',#7717,11.65);
#2778=CIRCLE('',#7718,8.225);
#2779=CIRCLE('',#7719,8.225);
#2780=CIRCLE('',#7721,8.225);
#2781=CIRCLE('',#7724,8.225);
#2782=CIRCLE('',#7732,3.00000000000001);
#2783=CIRCLE('',#7734,3.);
#2784=CIRCLE('',#7736,5.);
#2785=CIRCLE('',#7737,5.);
#2786=CIRCLE('',#7740,5.);
#2787=CIRCLE('',#7741,5.);
#2788=CIRCLE('',#7743,3.99999999999999);
#2789=CIRCLE('',#7744,3.99999999999999);
#2790=CIRCLE('',#7746,5.);
#2791=CIRCLE('',#7747,5.);
#2792=CIRCLE('',#7750,5.);
#2793=CIRCLE('',#7751,5.);
#2794=CIRCLE('',#7753,3.99999999999998);
#2795=CIRCLE('',#7754,3.99999999999998);
#2796=CIRCLE('',#7756,5.);
#2797=CIRCLE('',#7757,5.);
#2798=CIRCLE('',#7760,5.);
#2799=CIRCLE('',#7761,5.);
#2800=CIRCLE('',#7763,4.);
#2801=CIRCLE('',#7764,4.);
#2802=CIRCLE('',#7766,5.);
#2803=CIRCLE('',#7767,5.);
#2804=CIRCLE('',#7770,4.99999999999999);
#2805=CIRCLE('',#7771,4.99999999999999);
#2806=CIRCLE('',#7773,4.);
#2807=CIRCLE('',#7774,4.);
#2808=CIRCLE('',#7776,5.);
#2809=CIRCLE('',#7777,5.);
#2810=CIRCLE('',#7780,5.);
#2811=CIRCLE('',#7781,5.);
#2812=CIRCLE('',#7783,3.99999999999999);
#2813=CIRCLE('',#7784,3.99999999999999);
#2814=CIRCLE('',#7786,5.);
#2815=CIRCLE('',#7787,5.);
#2816=CIRCLE('',#7790,5.);
#2817=CIRCLE('',#7791,5.);
#2818=CIRCLE('',#7793,4.);
#2819=CIRCLE('',#7794,4.);
#2820=CIRCLE('',#7796,5.);
#2821=CIRCLE('',#7797,5.);
#2822=CIRCLE('',#7800,5.);
#2823=CIRCLE('',#7801,5.);
#2824=CIRCLE('',#7803,4.00000000000001);
#2825=CIRCLE('',#7804,4.00000000000001);
#2826=CIRCLE('',#7806,5.);
#2827=CIRCLE('',#7807,5.);
#2828=CIRCLE('',#7810,5.);
#2829=CIRCLE('',#7811,5.);
#2830=CIRCLE('',#7813,4.);
#2831=CIRCLE('',#7814,4.);
#2832=CIRCLE('',#7817,3.00000000000001);
#2833=CIRCLE('',#7819,6.00000000000002);
#2834=CIRCLE('',#7821,3.);
#2835=CIRCLE('',#7824,3.00000000000001);
#2836=CIRCLE('',#7826,3.);
#2837=CIRCLE('',#7829,3.00000000000001);
#2838=CIRCLE('',#7831,6.);
#2839=CIRCLE('',#7833,3.);
#2840=CIRCLE('',#7836,3.00000000000001);
#2841=CIRCLE('',#7838,6.);
#2842=CIRCLE('',#7840,3.);
#2843=CIRCLE('',#7843,3.00000000000001);
#2844=CIRCLE('',#7845,5.99999999999999);
#2845=CIRCLE('',#7847,3.);
#2846=CIRCLE('',#7850,3.00000000000001);
#2847=CIRCLE('',#7852,6.);
#2848=CIRCLE('',#7854,3.00000000000001);
#2849=CIRCLE('',#7857,3.00000000000001);
#2850=CIRCLE('',#7859,6.);
#2851=CIRCLE('',#7861,3.);
#2852=CIRCLE('',#7864,3.00000000000001);
#2853=CIRCLE('',#7866,5.99999999999999);
#2854=CIRCLE('',#7868,3.);
#2855=CIRCLE('',#7871,3.00000000000001);
#2856=CIRCLE('',#7873,5.99999999999998);
#2857=CIRCLE('',#7875,3.);
#2858=CIRCLE('',#7878,3.00000000000001);
#2859=CIRCLE('',#7880,6.);
#2860=CIRCLE('',#7882,3.00000000000001);
#2861=CIRCLE('',#7885,3.);
#2862=CIRCLE('',#7887,6.);
#2863=CIRCLE('',#7889,3.);
#2864=CIRCLE('',#7892,3.00000000000001);
#2865=CIRCLE('',#7894,6.);
#2866=CIRCLE('',#7896,3.);
#2867=CIRCLE('',#7899,3.00000000000001);
#2868=CIRCLE('',#7901,3.);
#2869=CIRCLE('',#7904,3.00000000000001);
#2870=CIRCLE('',#7906,6.00000000000001);
#2871=CIRCLE('',#7908,2.99999999999999);
#2872=CIRCLE('',#7911,3.00000000000001);
#2873=CIRCLE('',#7913,6.);
#2874=CIRCLE('',#7915,3.);
#2875=CIRCLE('',#7919,6.00000000000001);
#2876=CIRCLE('',#7921,4.);
#2877=CIRCLE('',#7922,4.);
#2878=CIRCLE('',#7924,5.);
#2879=CIRCLE('',#7925,5.);
#2880=CIRCLE('',#7928,5.00000000000001);
#2881=CIRCLE('',#7929,5.00000000000001);
#2882=CIRCLE('',#7931,4.);
#2883=CIRCLE('',#7932,4.);
#2884=CIRCLE('',#7934,5.);
#2885=CIRCLE('',#7935,5.);
#2886=CIRCLE('',#7938,4.99999999999999);
#2887=CIRCLE('',#7939,5.);
#2888=CIRCLE('',#7941,3.99999999999999);
#2889=CIRCLE('',#7942,4.);
#2890=CIRCLE('',#7944,5.);
#2891=CIRCLE('',#7945,5.);
#2892=CIRCLE('',#7948,5.);
#2893=CIRCLE('',#7949,5.);
#2894=CIRCLE('',#7951,3.99999999999999);
#2895=CIRCLE('',#7952,3.99999999999999);
#2896=CIRCLE('',#7954,5.);
#2897=CIRCLE('',#7955,5.);
#2898=CIRCLE('',#7958,5.);
#2899=CIRCLE('',#7959,5.);
#2900=CIRCLE('',#7961,4.);
#2901=CIRCLE('',#7962,4.);
#2902=CIRCLE('',#7964,5.);
#2903=CIRCLE('',#7965,5.);
#2904=CIRCLE('',#7968,5.);
#2905=CIRCLE('',#7969,5.);
#2906=CIRCLE('',#7971,4.);
#2907=CIRCLE('',#7972,4.);
#2908=CIRCLE('',#7974,5.);
#2909=CIRCLE('',#7975,5.);
#2910=CIRCLE('',#7978,4.99999999999999);
#2911=CIRCLE('',#7979,5.);
#2912=CIRCLE('',#7981,4.00000000000002);
#2913=CIRCLE('',#7982,4.00000000000002);
#2914=CIRCLE('',#7984,5.);
#2915=CIRCLE('',#7985,5.);
#2916=CIRCLE('',#7988,4.99999999999999);
#2917=CIRCLE('',#7989,5.);
#2918=CIRCLE('',#7991,4.00000000000001);
#2919=CIRCLE('',#7992,4.00000000000001);
#2920=CIRCLE('',#7994,5.);
#2921=CIRCLE('',#7995,5.);
#2922=CIRCLE('',#7998,5.);
#2923=CIRCLE('',#7999,5.);
#2924=CIRCLE('',#8003,12.05);
#2925=CIRCLE('',#8004,11.65);
#2926=CIRCLE('',#8005,11.65);
#2927=CIRCLE('',#8006,12.05);
#2928=CIRCLE('',#8013,3.09999999999999);
#2929=CIRCLE('',#8014,2.1);
#2930=CIRCLE('',#8016,5.);
#2931=CIRCLE('',#8017,5.);
#2932=CIRCLE('',#8018,5.);
#2933=CIRCLE('',#8019,9.50000000000001);
#2934=CIRCLE('',#8020,5.);
#2935=CIRCLE('',#8021,9.50000000000001);
#2936=CIRCLE('',#8022,5.);
#2937=CIRCLE('',#8023,5.);
#2938=CIRCLE('',#8024,9.50000000000002);
#2939=CIRCLE('',#8025,5.);
#2940=CIRCLE('',#8026,9.50000000000002);
#2941=CIRCLE('',#8027,5.);
#2942=CIRCLE('',#8028,5.);
#2943=CIRCLE('',#8029,5.);
#2944=CIRCLE('',#8030,5.);
#2945=CIRCLE('',#8031,9.49999999999998);
#2946=CIRCLE('',#8032,5.);
#2947=CIRCLE('',#8033,9.49999999999998);
#2948=CIRCLE('',#8034,3.1);
#2949=CIRCLE('',#8035,3.10000000000001);
#2950=CIRCLE('',#8036,3.1);
#2951=CIRCLE('',#8037,3.1);
#2952=CIRCLE('',#8038,3.1);
#2953=CIRCLE('',#8039,3.1);
#2954=CIRCLE('',#8040,3.1);
#2955=CIRCLE('',#8041,3.1);
#2956=CIRCLE('',#8042,3.1);
#2957=CIRCLE('',#8043,3.1);
#2958=CIRCLE('',#8044,3.1);
#2959=CIRCLE('',#8045,3.1);
#2960=CIRCLE('',#8046,3.1);
#2961=CIRCLE('',#8047,3.1);
#2962=CIRCLE('',#8048,3.1);
#2963=CIRCLE('',#8050,2.1);
#2964=CIRCLE('',#8052,2.1);
#2965=CIRCLE('',#8054,2.1);
#2966=CIRCLE('',#8056,2.1);
#2967=CIRCLE('',#8058,2.1);
#2968=CIRCLE('',#8060,2.1);
#2969=CIRCLE('',#8062,2.1);
#2970=CIRCLE('',#8064,2.1);
#2971=CIRCLE('',#8065,2.1);
#2972=CIRCLE('',#8067,2.1);
#2973=CIRCLE('',#8069,2.1);
#2974=CIRCLE('',#8071,2.1);
#2975=CIRCLE('',#8073,2.1);
#2976=CIRCLE('',#8075,2.1);
#2977=CIRCLE('',#8077,2.1);
#2978=CIRCLE('',#8079,2.1);
#2979=CIRCLE('',#8081,2.1);
#2980=CIRCLE('',#8083,2.1);
#2981=CIRCLE('',#8085,2.1);
#2982=CIRCLE('',#8087,2.1);
#2983=CIRCLE('',#8089,2.1);
#2984=CIRCLE('',#8091,2.1);
#2985=CIRCLE('',#8093,2.1);
#2986=CIRCLE('',#8095,2.1);
#2987=CIRCLE('',#8097,2.1);
#2988=CIRCLE('',#8099,2.1);
#2989=CIRCLE('',#8101,2.1);
#2990=CIRCLE('',#8102,2.1);
#2991=CIRCLE('',#8104,2.1);
#2992=CIRCLE('',#8106,2.1);
#2993=CIRCLE('',#8107,2.1);
#2994=CIRCLE('',#8109,2.1);
#2995=CIRCLE('',#8111,2.1);
#2996=CIRCLE('',#8112,2.1);
#2997=CIRCLE('',#8114,2.1);
#2998=CIRCLE('',#8125,7.99999999999999);
#2999=CIRCLE('',#8128,1.5);
#3000=CIRCLE('',#8129,1.5);
#3001=CIRCLE('',#8132,1.5);
#3002=CIRCLE('',#8133,1.5);
#3003=CIRCLE('',#8136,1.5);
#3004=CIRCLE('',#8137,1.5);
#3005=CIRCLE('',#8140,1.5);
#3006=CIRCLE('',#8141,1.5);
#3007=CIRCLE('',#8144,1.5);
#3008=CIRCLE('',#8145,1.5);
#3009=CIRCLE('',#8148,1.5);
#3010=CIRCLE('',#8149,1.5);
#3011=CIRCLE('',#8152,1.5);
#3012=CIRCLE('',#8153,1.5);
#3013=CIRCLE('',#8156,1.5);
#3014=CIRCLE('',#8157,1.5);
#3015=CIRCLE('',#8160,1.5);
#3016=CIRCLE('',#8161,1.5);
#3017=CIRCLE('',#8164,1.5);
#3018=CIRCLE('',#8165,1.5);
#3019=CIRCLE('',#8168,1.5);
#3020=CIRCLE('',#8169,1.5);
#3021=CIRCLE('',#8172,1.5);
#3022=CIRCLE('',#8173,1.5);
#3023=CIRCLE('',#8176,1.5);
#3024=CIRCLE('',#8177,1.5);
#3025=CIRCLE('',#8180,1.5);
#3026=CIRCLE('',#8181,1.5);
#3027=CIRCLE('',#8184,1.5);
#3028=CIRCLE('',#8185,1.5);
#3029=CIRCLE('',#8188,1.5);
#3030=CIRCLE('',#8189,1.5);
#3031=CIRCLE('',#8205,9.49999999999998);
#3032=CIRCLE('',#8212,9.50000000000001);
#3033=CIRCLE('',#8220,9.50000000000002);
#3034=CIRCLE('',#8225,6.00000000000001);
#3035=CIRCLE('',#8226,8.);
#3036=CIRCLE('',#8229,5.99999999999999);
#3037=CIRCLE('',#8236,3.);
#3038=CIRCLE('',#8237,3.);
#3039=CIRCLE('',#8239,3.);
#3040=CIRCLE('',#8242,3.);
#3041=CIRCLE('',#8247,2.00000000000002);
#3042=CIRCLE('',#8248,2.00000000000002);
#3043=CIRCLE('',#8250,2.);
#3044=CIRCLE('',#8252,2.);
#3045=CIRCLE('',#8253,2.);
#3046=CIRCLE('',#8255,14.2519309695179);
#3047=CIRCLE('',#8258,14.2519309695279);
#3048=CIRCLE('',#8261,14.2519309695181);
#3049=CIRCLE('',#8264,14.2519309695179);
#3050=CIRCLE('',#8268,14.2519309695279);
#3051=CIRCLE('',#8271,14.2519309695179);
#3052=CIRCLE('',#8273,12.2519309695179);
#3053=CIRCLE('',#8276,12.2519309695179);
#3054=CIRCLE('',#8277,14.2519309695179);
#3055=CIRCLE('',#8280,12.2519309695181);
#3056=CIRCLE('',#8281,14.2519309695181);
#3057=CIRCLE('',#8284,12.2519309695279);
#3058=CIRCLE('',#8290,3.5);
#3059=CIRCLE('',#8292,11.10000000043);
#3060=CIRCLE('',#8293,11.1);
#3061=CIRCLE('',#8294,11.1);
#3062=CIRCLE('',#8295,11.1);
#3063=CIRCLE('',#8296,3.5);
#3064=CIRCLE('',#8301,11.1);
#3065=CIRCLE('',#8304,11.1);
#3066=CIRCLE('',#8307,11.10000000043);
#3067=CIRCLE('',#8311,11.1);
#3068=VERTEX_POINT('',#10665);
#3069=VERTEX_POINT('',#10667);
#3070=VERTEX_POINT('',#10671);
#3071=VERTEX_POINT('',#10672);
#3072=VERTEX_POINT('',#10674);
#3073=VERTEX_POINT('',#10676);
#3074=VERTEX_POINT('',#10678);
#3075=VERTEX_POINT('',#10680);
#3076=VERTEX_POINT('',#10682);
#3077=VERTEX_POINT('',#10684);
#3078=VERTEX_POINT('',#10686);
#3079=VERTEX_POINT('',#10688);
#3080=VERTEX_POINT('',#10690);
#3081=VERTEX_POINT('',#10692);
#3082=VERTEX_POINT('',#10694);
#3083=VERTEX_POINT('',#10696);
#3084=VERTEX_POINT('',#10698);
#3085=VERTEX_POINT('',#10700);
#3086=VERTEX_POINT('',#10702);
#3087=VERTEX_POINT('',#10704);
#3088=VERTEX_POINT('',#10706);
#3089=VERTEX_POINT('',#10708);
#3090=VERTEX_POINT('',#10710);
#3091=VERTEX_POINT('',#10712);
#3092=VERTEX_POINT('',#10714);
#3093=VERTEX_POINT('',#10716);
#3094=VERTEX_POINT('',#10718);
#3095=VERTEX_POINT('',#10720);
#3096=VERTEX_POINT('',#10722);
#3097=VERTEX_POINT('',#10724);
#3098=VERTEX_POINT('',#10726);
#3099=VERTEX_POINT('',#10728);
#3100=VERTEX_POINT('',#10730);
#3101=VERTEX_POINT('',#10732);
#3102=VERTEX_POINT('',#10734);
#3103=VERTEX_POINT('',#10736);
#3104=VERTEX_POINT('',#10738);
#3105=VERTEX_POINT('',#10740);
#3106=VERTEX_POINT('',#10742);
#3107=VERTEX_POINT('',#10744);
#3108=VERTEX_POINT('',#10746);
#3109=VERTEX_POINT('',#10748);
#3110=VERTEX_POINT('',#10750);
#3111=VERTEX_POINT('',#10752);
#3112=VERTEX_POINT('',#10754);
#3113=VERTEX_POINT('',#10756);
#3114=VERTEX_POINT('',#10758);
#3115=VERTEX_POINT('',#10760);
#3116=VERTEX_POINT('',#10762);
#3117=VERTEX_POINT('',#10764);
#3118=VERTEX_POINT('',#10766);
#3119=VERTEX_POINT('',#10768);
#3120=VERTEX_POINT('',#10770);
#3121=VERTEX_POINT('',#10772);
#3122=VERTEX_POINT('',#10774);
#3123=VERTEX_POINT('',#10776);
#3124=VERTEX_POINT('',#10778);
#3125=VERTEX_POINT('',#10780);
#3126=VERTEX_POINT('',#10782);
#3127=VERTEX_POINT('',#10784);
#3128=VERTEX_POINT('',#10786);
#3129=VERTEX_POINT('',#10788);
#3130=VERTEX_POINT('',#10790);
#3131=VERTEX_POINT('',#10792);
#3132=VERTEX_POINT('',#10794);
#3133=VERTEX_POINT('',#10796);
#3134=VERTEX_POINT('',#10798);
#3135=VERTEX_POINT('',#10800);
#3136=VERTEX_POINT('',#10802);
#3137=VERTEX_POINT('',#10804);
#3138=VERTEX_POINT('',#10806);
#3139=VERTEX_POINT('',#10808);
#3140=VERTEX_POINT('',#10811);
#3141=VERTEX_POINT('',#10813);
#3142=VERTEX_POINT('',#10815);
#3143=VERTEX_POINT('',#10816);
#3144=VERTEX_POINT('',#10818);
#3145=VERTEX_POINT('',#10820);
#3146=VERTEX_POINT('',#10822);
#3147=VERTEX_POINT('',#10824);
#3148=VERTEX_POINT('',#10826);
#3149=VERTEX_POINT('',#10828);
#3150=VERTEX_POINT('',#10830);
#3151=VERTEX_POINT('',#10833);
#3152=VERTEX_POINT('',#10836);
#3153=VERTEX_POINT('',#10840);
#3154=VERTEX_POINT('',#10844);
#3155=VERTEX_POINT('',#10848);
#3156=VERTEX_POINT('',#10852);
#3157=VERTEX_POINT('',#10856);
#3158=VERTEX_POINT('',#10860);
#3159=VERTEX_POINT('',#10874);
#3160=VERTEX_POINT('',#10878);
#3161=VERTEX_POINT('',#10880);
#3162=VERTEX_POINT('',#10884);
#3163=VERTEX_POINT('',#10898);
#3164=VERTEX_POINT('',#10902);
#3165=VERTEX_POINT('',#10904);
#3166=VERTEX_POINT('',#10908);
#3167=VERTEX_POINT('',#10912);
#3168=VERTEX_POINT('',#10914);
#3169=VERTEX_POINT('',#10918);
#3170=VERTEX_POINT('',#10923);
#3171=VERTEX_POINT('',#10925);
#3172=VERTEX_POINT('',#10929);
#3173=VERTEX_POINT('',#10934);
#3174=VERTEX_POINT('',#10936);
#3175=VERTEX_POINT('',#10942);
#3176=VERTEX_POINT('',#10944);
#3177=VERTEX_POINT('',#10950);
#3178=VERTEX_POINT('',#10952);
#3179=VERTEX_POINT('',#10959);
#3180=VERTEX_POINT('',#10961);
#3181=VERTEX_POINT('',#10967);
#3182=VERTEX_POINT('',#10968);
#3183=VERTEX_POINT('',#10980);
#3184=VERTEX_POINT('',#10997);
#3185=VERTEX_POINT('',#10999);
#3186=VERTEX_POINT('',#11001);
#3187=VERTEX_POINT('',#11005);
#3188=VERTEX_POINT('',#11006);
#3189=VERTEX_POINT('',#11035);
#3190=VERTEX_POINT('',#11036);
#3191=VERTEX_POINT('',#11038);
#3192=VERTEX_POINT('',#11040);
#3193=VERTEX_POINT('',#11044);
#3194=VERTEX_POINT('',#11046);
#3195=VERTEX_POINT('',#11050);
#3196=VERTEX_POINT('',#11052);
#3197=VERTEX_POINT('',#11059);
#3198=VERTEX_POINT('',#11060);
#3199=VERTEX_POINT('',#11062);
#3200=VERTEX_POINT('',#11064);
#3201=VERTEX_POINT('',#11066);
#3202=VERTEX_POINT('',#11068);
#3203=VERTEX_POINT('',#11070);
#3204=VERTEX_POINT('',#11072);
#3205=VERTEX_POINT('',#11074);
#3206=VERTEX_POINT('',#11076);
#3207=VERTEX_POINT('',#11078);
#3208=VERTEX_POINT('',#11080);
#3209=VERTEX_POINT('',#11082);
#3210=VERTEX_POINT('',#11084);
#3211=VERTEX_POINT('',#11086);
#3212=VERTEX_POINT('',#11088);
#3213=VERTEX_POINT('',#11090);
#3214=VERTEX_POINT('',#11092);
#3215=VERTEX_POINT('',#11094);
#3216=VERTEX_POINT('',#11096);
#3217=VERTEX_POINT('',#11099);
#3218=VERTEX_POINT('',#11100);
#3219=VERTEX_POINT('',#11102);
#3220=VERTEX_POINT('',#11104);
#3221=VERTEX_POINT('',#11107);
#3222=VERTEX_POINT('',#11108);
#3223=VERTEX_POINT('',#11110);
#3224=VERTEX_POINT('',#11112);
#3225=VERTEX_POINT('',#11115);
#3226=VERTEX_POINT('',#11116);
#3227=VERTEX_POINT('',#11118);
#3228=VERTEX_POINT('',#11120);
#3229=VERTEX_POINT('',#11123);
#3230=VERTEX_POINT('',#11124);
#3231=VERTEX_POINT('',#11126);
#3232=VERTEX_POINT('',#11128);
#3233=VERTEX_POINT('',#11132);
#3234=VERTEX_POINT('',#11134);
#3235=VERTEX_POINT('',#11138);
#3236=VERTEX_POINT('',#11140);
#3237=VERTEX_POINT('',#11148);
#3238=VERTEX_POINT('',#11150);
#3239=VERTEX_POINT('',#11154);
#3240=VERTEX_POINT('',#11156);
#3241=VERTEX_POINT('',#11164);
#3242=VERTEX_POINT('',#11166);
#3243=VERTEX_POINT('',#11170);
#3244=VERTEX_POINT('',#11172);
#3245=VERTEX_POINT('',#11180);
#3246=VERTEX_POINT('',#11182);
#3247=VERTEX_POINT('',#11186);
#3248=VERTEX_POINT('',#11188);
#3249=VERTEX_POINT('',#11196);
#3250=VERTEX_POINT('',#11197);
#3251=VERTEX_POINT('',#11199);
#3252=VERTEX_POINT('',#11201);
#3253=VERTEX_POINT('',#11205);
#3254=VERTEX_POINT('',#11207);
#3255=VERTEX_POINT('',#11211);
#3256=VERTEX_POINT('',#11213);
#3257=VERTEX_POINT('',#11220);
#3258=VERTEX_POINT('',#11221);
#3259=VERTEX_POINT('',#11223);
#3260=VERTEX_POINT('',#11225);
#3261=VERTEX_POINT('',#11227);
#3262=VERTEX_POINT('',#11229);
#3263=VERTEX_POINT('',#11231);
#3264=VERTEX_POINT('',#11233);
#3265=VERTEX_POINT('',#11235);
#3266=VERTEX_POINT('',#11237);
#3267=VERTEX_POINT('',#11239);
#3268=VERTEX_POINT('',#11241);
#3269=VERTEX_POINT('',#11244);
#3270=VERTEX_POINT('',#11245);
#3271=VERTEX_POINT('',#11247);
#3272=VERTEX_POINT('',#11249);
#3273=VERTEX_POINT('',#11252);
#3274=VERTEX_POINT('',#11253);
#3275=VERTEX_POINT('',#11255);
#3276=VERTEX_POINT('',#11257);
#3277=VERTEX_POINT('',#11261);
#3278=VERTEX_POINT('',#11263);
#3279=VERTEX_POINT('',#11267);
#3280=VERTEX_POINT('',#11269);
#3281=VERTEX_POINT('',#11277);
#3282=VERTEX_POINT('',#11279);
#3283=VERTEX_POINT('',#11283);
#3284=VERTEX_POINT('',#11287);
#3285=VERTEX_POINT('',#11293);
#3286=VERTEX_POINT('',#11294);
#3287=VERTEX_POINT('',#11296);
#3288=VERTEX_POINT('',#11298);
#3289=VERTEX_POINT('',#11302);
#3290=VERTEX_POINT('',#11304);
#3291=VERTEX_POINT('',#11308);
#3292=VERTEX_POINT('',#11310);
#3293=VERTEX_POINT('',#11317);
#3294=VERTEX_POINT('',#11318);
#3295=VERTEX_POINT('',#11320);
#3296=VERTEX_POINT('',#11322);
#3297=VERTEX_POINT('',#11324);
#3298=VERTEX_POINT('',#11326);
#3299=VERTEX_POINT('',#11328);
#3300=VERTEX_POINT('',#11330);
#3301=VERTEX_POINT('',#11332);
#3302=VERTEX_POINT('',#11334);
#3303=VERTEX_POINT('',#11336);
#3304=VERTEX_POINT('',#11338);
#3305=VERTEX_POINT('',#11340);
#3306=VERTEX_POINT('',#11342);
#3307=VERTEX_POINT('',#11344);
#3308=VERTEX_POINT('',#11346);
#3309=VERTEX_POINT('',#11348);
#3310=VERTEX_POINT('',#11350);
#3311=VERTEX_POINT('',#11352);
#3312=VERTEX_POINT('',#11354);
#3313=VERTEX_POINT('',#11357);
#3314=VERTEX_POINT('',#11358);
#3315=VERTEX_POINT('',#11360);
#3316=VERTEX_POINT('',#11362);
#3317=VERTEX_POINT('',#11365);
#3318=VERTEX_POINT('',#11366);
#3319=VERTEX_POINT('',#11368);
#3320=VERTEX_POINT('',#11370);
#3321=VERTEX_POINT('',#11373);
#3322=VERTEX_POINT('',#11374);
#3323=VERTEX_POINT('',#11376);
#3324=VERTEX_POINT('',#11378);
#3325=VERTEX_POINT('',#11381);
#3326=VERTEX_POINT('',#11382);
#3327=VERTEX_POINT('',#11384);
#3328=VERTEX_POINT('',#11386);
#3329=VERTEX_POINT('',#11390);
#3330=VERTEX_POINT('',#11392);
#3331=VERTEX_POINT('',#11396);
#3332=VERTEX_POINT('',#11400);
#3333=VERTEX_POINT('',#11406);
#3334=VERTEX_POINT('',#11408);
#3335=VERTEX_POINT('',#11412);
#3336=VERTEX_POINT('',#11416);
#3337=VERTEX_POINT('',#11422);
#3338=VERTEX_POINT('',#11424);
#3339=VERTEX_POINT('',#11428);
#3340=VERTEX_POINT('',#11432);
#3341=VERTEX_POINT('',#11438);
#3342=VERTEX_POINT('',#11440);
#3343=VERTEX_POINT('',#11444);
#3344=VERTEX_POINT('',#11448);
#3345=VERTEX_POINT('',#11467);
#3346=VERTEX_POINT('',#11468);
#3347=VERTEX_POINT('',#11491);
#3348=VERTEX_POINT('',#11516);
#3349=VERTEX_POINT('',#11520);
#3350=VERTEX_POINT('',#11524);
#3351=VERTEX_POINT('',#11528);
#3352=VERTEX_POINT('',#11532);
#3353=VERTEX_POINT('',#11536);
#3354=VERTEX_POINT('',#11540);
#3355=VERTEX_POINT('',#11541);
#3356=VERTEX_POINT('',#11564);
#3357=VERTEX_POINT('',#11589);
#3358=VERTEX_POINT('',#11590);
#3359=VERTEX_POINT('',#11613);
#3360=VERTEX_POINT('',#11638);
#3361=VERTEX_POINT('',#11642);
#3362=VERTEX_POINT('',#11646);
#3363=VERTEX_POINT('',#11650);
#3364=VERTEX_POINT('',#11654);
#3365=VERTEX_POINT('',#11655);
#3366=VERTEX_POINT('',#11678);
#3367=VERTEX_POINT('',#11703);
#3368=VERTEX_POINT('',#11715);
#3369=VERTEX_POINT('',#11723);
#3370=VERTEX_POINT('',#11729);
#3371=VERTEX_POINT('',#11733);
#3372=VERTEX_POINT('',#11741);
#3373=VERTEX_POINT('',#11743);
#3374=VERTEX_POINT('',#11756);
#3375=VERTEX_POINT('',#11758);
#3376=VERTEX_POINT('',#11759);
#3377=VERTEX_POINT('',#11761);
#3378=VERTEX_POINT('',#11763);
#3379=VERTEX_POINT('',#11767);
#3380=VERTEX_POINT('',#11769);
#3381=VERTEX_POINT('',#11773);
#3382=VERTEX_POINT('',#11777);
#3383=VERTEX_POINT('',#11781);
#3384=VERTEX_POINT('',#11782);
#3385=VERTEX_POINT('',#11789);
#3386=VERTEX_POINT('',#11796);
#3387=VERTEX_POINT('',#11798);
#3388=VERTEX_POINT('',#11800);
#3389=VERTEX_POINT('',#11802);
#3390=VERTEX_POINT('',#11804);
#3391=VERTEX_POINT('',#11806);
#3392=VERTEX_POINT('',#11808);
#3393=VERTEX_POINT('',#11810);
#3394=VERTEX_POINT('',#11814);
#3395=VERTEX_POINT('',#11816);
#3396=VERTEX_POINT('',#11818);
#3397=VERTEX_POINT('',#11825);
#3398=VERTEX_POINT('',#11827);
#3399=VERTEX_POINT('',#11831);
#3400=VERTEX_POINT('',#11832);
#3401=VERTEX_POINT('',#11834);
#3402=VERTEX_POINT('',#11836);
#3403=VERTEX_POINT('',#11840);
#3404=VERTEX_POINT('',#11842);
#3405=VERTEX_POINT('',#11846);
#3406=VERTEX_POINT('',#11848);
#3407=VERTEX_POINT('',#11852);
#3408=VERTEX_POINT('',#11854);
#3409=VERTEX_POINT('',#11858);
#3410=VERTEX_POINT('',#11860);
#3411=VERTEX_POINT('',#11864);
#3412=VERTEX_POINT('',#11866);
#3413=VERTEX_POINT('',#11870);
#3414=VERTEX_POINT('',#11872);
#3415=VERTEX_POINT('',#11876);
#3416=VERTEX_POINT('',#11878);
#3417=VERTEX_POINT('',#11882);
#3418=VERTEX_POINT('',#11884);
#3419=VERTEX_POINT('',#11888);
#3420=VERTEX_POINT('',#11890);
#3421=VERTEX_POINT('',#11894);
#3422=VERTEX_POINT('',#11896);
#3423=VERTEX_POINT('',#11900);
#3424=VERTEX_POINT('',#11902);
#3425=VERTEX_POINT('',#11906);
#3426=VERTEX_POINT('',#11908);
#3427=VERTEX_POINT('',#11912);
#3428=VERTEX_POINT('',#11914);
#3429=VERTEX_POINT('',#11918);
#3430=VERTEX_POINT('',#11920);
#3431=VERTEX_POINT('',#11924);
#3432=VERTEX_POINT('',#11926);
#3433=VERTEX_POINT('',#11930);
#3434=VERTEX_POINT('',#11932);
#3435=VERTEX_POINT('',#11936);
#3436=VERTEX_POINT('',#11938);
#3437=VERTEX_POINT('',#11942);
#3438=VERTEX_POINT('',#11944);
#3439=VERTEX_POINT('',#11948);
#3440=VERTEX_POINT('',#11950);
#3441=VERTEX_POINT('',#11954);
#3442=VERTEX_POINT('',#11956);
#3443=VERTEX_POINT('',#11960);
#3444=VERTEX_POINT('',#11962);
#3445=VERTEX_POINT('',#11966);
#3446=VERTEX_POINT('',#11968);
#3447=VERTEX_POINT('',#11972);
#3448=VERTEX_POINT('',#11974);
#3449=VERTEX_POINT('',#11978);
#3450=VERTEX_POINT('',#11980);
#3451=VERTEX_POINT('',#11984);
#3452=VERTEX_POINT('',#11986);
#3453=VERTEX_POINT('',#11990);
#3454=VERTEX_POINT('',#11992);
#3455=VERTEX_POINT('',#11996);
#3456=VERTEX_POINT('',#11998);
#3457=VERTEX_POINT('',#12002);
#3458=VERTEX_POINT('',#12004);
#3459=VERTEX_POINT('',#12008);
#3460=VERTEX_POINT('',#12010);
#3461=VERTEX_POINT('',#12014);
#3462=VERTEX_POINT('',#12016);
#3463=VERTEX_POINT('',#12020);
#3464=VERTEX_POINT('',#12022);
#3465=VERTEX_POINT('',#12026);
#3466=VERTEX_POINT('',#12030);
#3467=VERTEX_POINT('',#12034);
#3468=VERTEX_POINT('',#12038);
#3469=VERTEX_POINT('',#12042);
#3470=VERTEX_POINT('',#12048);
#3471=VERTEX_POINT('',#12052);
#3472=VERTEX_POINT('',#12056);
#3473=VERTEX_POINT('',#12060);
#3474=VERTEX_POINT('',#12064);
#3475=VERTEX_POINT('',#12068);
#3476=VERTEX_POINT('',#12072);
#3477=VERTEX_POINT('',#12076);
#3478=VERTEX_POINT('',#12080);
#3479=VERTEX_POINT('',#12084);
#3480=VERTEX_POINT('',#12088);
#3481=VERTEX_POINT('',#12092);
#3482=VERTEX_POINT('',#12096);
#3483=VERTEX_POINT('',#12100);
#3484=VERTEX_POINT('',#12104);
#3485=VERTEX_POINT('',#12108);
#3486=VERTEX_POINT('',#12112);
#3487=VERTEX_POINT('',#12116);
#3488=VERTEX_POINT('',#12120);
#3489=VERTEX_POINT('',#12124);
#3490=VERTEX_POINT('',#12128);
#3491=VERTEX_POINT('',#12132);
#3492=VERTEX_POINT('',#12136);
#3493=VERTEX_POINT('',#12140);
#3494=VERTEX_POINT('',#12144);
#3495=VERTEX_POINT('',#12148);
#3496=VERTEX_POINT('',#12152);
#3497=VERTEX_POINT('',#12156);
#3498=VERTEX_POINT('',#12160);
#3499=VERTEX_POINT('',#12164);
#3500=VERTEX_POINT('',#12168);
#3501=VERTEX_POINT('',#12172);
#3502=VERTEX_POINT('',#12176);
#3503=VERTEX_POINT('',#12180);
#3504=VERTEX_POINT('',#12184);
#3505=VERTEX_POINT('',#12188);
#3506=VERTEX_POINT('',#12192);
#3507=VERTEX_POINT('',#12196);
#3508=VERTEX_POINT('',#12200);
#3509=VERTEX_POINT('',#12204);
#3510=VERTEX_POINT('',#12208);
#3511=VERTEX_POINT('',#12212);
#3512=VERTEX_POINT('',#12218);
#3513=VERTEX_POINT('',#12222);
#3514=VERTEX_POINT('',#12226);
#3515=VERTEX_POINT('',#12230);
#3516=VERTEX_POINT('',#12234);
#3517=VERTEX_POINT('',#12238);
#3518=VERTEX_POINT('',#12243);
#3519=VERTEX_POINT('',#12247);
#3520=VERTEX_POINT('',#12249);
#3521=VERTEX_POINT('',#12258);
#3522=VERTEX_POINT('',#12266);
#3523=VERTEX_POINT('',#12286);
#3524=VERTEX_POINT('',#12288);
#3525=VERTEX_POINT('',#12292);
#3526=VERTEX_POINT('',#12294);
#3527=VERTEX_POINT('',#12298);
#3528=VERTEX_POINT('',#12300);
#3529=VERTEX_POINT('',#12304);
#3530=VERTEX_POINT('',#12306);
#3531=VERTEX_POINT('',#12310);
#3532=VERTEX_POINT('',#12312);
#3533=VERTEX_POINT('',#12316);
#3534=VERTEX_POINT('',#12318);
#3535=VERTEX_POINT('',#12322);
#3536=VERTEX_POINT('',#12324);
#3537=VERTEX_POINT('',#12328);
#3538=VERTEX_POINT('',#12330);
#3539=VERTEX_POINT('',#12334);
#3540=VERTEX_POINT('',#12336);
#3541=VERTEX_POINT('',#12340);
#3542=VERTEX_POINT('',#12342);
#3543=VERTEX_POINT('',#12346);
#3544=VERTEX_POINT('',#12348);
#3545=VERTEX_POINT('',#12352);
#3546=VERTEX_POINT('',#12354);
#3547=VERTEX_POINT('',#12358);
#3548=VERTEX_POINT('',#12360);
#3549=VERTEX_POINT('',#12364);
#3550=VERTEX_POINT('',#12366);
#3551=VERTEX_POINT('',#12370);
#3552=VERTEX_POINT('',#12372);
#3553=VERTEX_POINT('',#12376);
#3554=VERTEX_POINT('',#12378);
#3555=VERTEX_POINT('',#12382);
#3556=VERTEX_POINT('',#12384);
#3557=VERTEX_POINT('',#12388);
#3558=VERTEX_POINT('',#12390);
#3559=VERTEX_POINT('',#12394);
#3560=VERTEX_POINT('',#12396);
#3561=VERTEX_POINT('',#12400);
#3562=VERTEX_POINT('',#12402);
#3563=VERTEX_POINT('',#12406);
#3564=VERTEX_POINT('',#12408);
#3565=VERTEX_POINT('',#12412);
#3566=VERTEX_POINT('',#12414);
#3567=VERTEX_POINT('',#12418);
#3568=VERTEX_POINT('',#12420);
#3569=VERTEX_POINT('',#12424);
#3570=VERTEX_POINT('',#12426);
#3571=VERTEX_POINT('',#12430);
#3572=VERTEX_POINT('',#12432);
#3573=VERTEX_POINT('',#12436);
#3574=VERTEX_POINT('',#12438);
#3575=VERTEX_POINT('',#12442);
#3576=VERTEX_POINT('',#12444);
#3577=VERTEX_POINT('',#12448);
#3578=VERTEX_POINT('',#12450);
#3579=VERTEX_POINT('',#12454);
#3580=VERTEX_POINT('',#12456);
#3581=VERTEX_POINT('',#12460);
#3582=VERTEX_POINT('',#12462);
#3583=VERTEX_POINT('',#12466);
#3584=VERTEX_POINT('',#12468);
#3585=VERTEX_POINT('',#12478);
#3586=VERTEX_POINT('',#12490);
#3587=VERTEX_POINT('',#12492);
#3588=VERTEX_POINT('',#12496);
#3589=VERTEX_POINT('',#12497);
#3590=VERTEX_POINT('',#12499);
#3591=VERTEX_POINT('',#12501);
#3592=VERTEX_POINT('',#12503);
#3593=VERTEX_POINT('',#12507);
#3594=VERTEX_POINT('',#12514);
#3595=VERTEX_POINT('',#12521);
#3596=VERTEX_POINT('',#12525);
#3597=VERTEX_POINT('',#12527);
#3598=VERTEX_POINT('',#12529);
#3599=VERTEX_POINT('',#12531);
#3600=VERTEX_POINT('',#12533);
#3601=VERTEX_POINT('',#12535);
#3602=VERTEX_POINT('',#12537);
#3603=VERTEX_POINT('',#12539);
#3604=VERTEX_POINT('',#12541);
#3605=VERTEX_POINT('',#12543);
#3606=VERTEX_POINT('',#12545);
#3607=VERTEX_POINT('',#12547);
#3608=VERTEX_POINT('',#12549);
#3609=VERTEX_POINT('',#12551);
#3610=VERTEX_POINT('',#12553);
#3611=VERTEX_POINT('',#12556);
#3612=VERTEX_POINT('',#12560);
#3613=VERTEX_POINT('',#12564);
#3614=VERTEX_POINT('',#12568);
#3615=VERTEX_POINT('',#12572);
#3616=VERTEX_POINT('',#12576);
#3617=VERTEX_POINT('',#12580);
#3618=VERTEX_POINT('',#12584);
#3619=VERTEX_POINT('',#12586);
#3620=VERTEX_POINT('',#12590);
#3621=VERTEX_POINT('',#12594);
#3622=VERTEX_POINT('',#12598);
#3623=VERTEX_POINT('',#12602);
#3624=VERTEX_POINT('',#12606);
#3625=VERTEX_POINT('',#12610);
#3626=VERTEX_POINT('',#12614);
#3627=VERTEX_POINT('',#12618);
#3628=VERTEX_POINT('',#12622);
#3629=VERTEX_POINT('',#12626);
#3630=VERTEX_POINT('',#12630);
#3631=VERTEX_POINT('',#12634);
#3632=VERTEX_POINT('',#12638);
#3633=VERTEX_POINT('',#12642);
#3634=VERTEX_POINT('',#12646);
#3635=VERTEX_POINT('',#12650);
#3636=VERTEX_POINT('',#12654);
#3637=VERTEX_POINT('',#12658);
#3638=VERTEX_POINT('',#12660);
#3639=VERTEX_POINT('',#12664);
#3640=VERTEX_POINT('',#12668);
#3641=VERTEX_POINT('',#12670);
#3642=VERTEX_POINT('',#12674);
#3643=VERTEX_POINT('',#12678);
#3644=VERTEX_POINT('',#12680);
#3645=VERTEX_POINT('',#12684);
#3646=VERTEX_POINT('',#12688);
#3647=VERTEX_POINT('',#12689);
#3648=VERTEX_POINT('',#12703);
#3649=VERTEX_POINT('',#12707);
#3650=VERTEX_POINT('',#12709);
#3651=VERTEX_POINT('',#12711);
#3652=VERTEX_POINT('',#12713);
#3653=VERTEX_POINT('',#12719);
#3654=VERTEX_POINT('',#12721);
#3655=VERTEX_POINT('',#12723);
#3656=VERTEX_POINT('',#12727);
#3657=VERTEX_POINT('',#12742);
#3658=VERTEX_POINT('',#12744);
#3659=VERTEX_POINT('',#12748);
#3660=VERTEX_POINT('',#12750);
#3661=VERTEX_POINT('',#12752);
#3662=VERTEX_POINT('',#12756);
#3663=VERTEX_POINT('',#12758);
#3664=VERTEX_POINT('',#12763);
#3665=VERTEX_POINT('',#12765);
#3666=VERTEX_POINT('',#12770);
#3667=VERTEX_POINT('',#12772);
#3668=VERTEX_POINT('',#12777);
#3669=VERTEX_POINT('',#12779);
#3670=VERTEX_POINT('',#12784);
#3671=VERTEX_POINT('',#12786);
#3672=VERTEX_POINT('',#12791);
#3673=VERTEX_POINT('',#12793);
#3674=VERTEX_POINT('',#12798);
#3675=VERTEX_POINT('',#12800);
#3676=VERTEX_POINT('',#12805);
#3677=VERTEX_POINT('',#12807);
#3678=VERTEX_POINT('',#12812);
#3679=VERTEX_POINT('',#12814);
#3680=VERTEX_POINT('',#12819);
#3681=VERTEX_POINT('',#12821);
#3682=VERTEX_POINT('',#12826);
#3683=VERTEX_POINT('',#12828);
#3684=VERTEX_POINT('',#12833);
#3685=VERTEX_POINT('',#12835);
#3686=VERTEX_POINT('',#12840);
#3687=VERTEX_POINT('',#12842);
#3688=VERTEX_POINT('',#12847);
#3689=VERTEX_POINT('',#12849);
#3690=VERTEX_POINT('',#12854);
#3691=VERTEX_POINT('',#12856);
#3692=VERTEX_POINT('',#12861);
#3693=VERTEX_POINT('',#12863);
#3694=VERTEX_POINT('',#12903);
#3695=VERTEX_POINT('',#12905);
#3696=VERTEX_POINT('',#12909);
#3697=VERTEX_POINT('',#12914);
#3698=VERTEX_POINT('',#12918);
#3699=VERTEX_POINT('',#12931);
#3700=VERTEX_POINT('',#12932);
#3701=VERTEX_POINT('',#12934);
#3702=VERTEX_POINT('',#12936);
#3703=VERTEX_POINT('',#12938);
#3704=VERTEX_POINT('',#12947);
#3705=VERTEX_POINT('',#12949);
#3706=VERTEX_POINT('',#12951);
#3707=VERTEX_POINT('',#12953);
#3708=VERTEX_POINT('',#12956);
#3709=VERTEX_POINT('',#12959);
#3710=VERTEX_POINT('',#12970);
#3711=VERTEX_POINT('',#13004);
#3712=VERTEX_POINT('',#13008);
#3713=VERTEX_POINT('',#13012);
#3714=VERTEX_POINT('',#13014);
#3715=VERTEX_POINT('',#13016);
#3716=VERTEX_POINT('',#13020);
#3717=VERTEX_POINT('',#13024);
#3718=VERTEX_POINT('',#13026);
#3719=VERTEX_POINT('',#13030);
#3720=VERTEX_POINT('',#13032);
#3721=VERTEX_POINT('',#13036);
#3722=VERTEX_POINT('',#13040);
#3723=VERTEX_POINT('',#13044);
#3724=VERTEX_POINT('',#13048);
#3725=VERTEX_POINT('',#13054);
#3726=VERTEX_POINT('',#13060);
#3727=VERTEX_POINT('',#13062);
#3728=VERTEX_POINT('',#13066);
#3729=VERTEX_POINT('',#13070);
#3730=VERTEX_POINT('',#13074);
#3731=VERTEX_POINT('',#13078);
#3732=VERTEX_POINT('',#13080);
#3733=VERTEX_POINT('',#13084);
#3734=VERTEX_POINT('',#13085);
#3735=VERTEX_POINT('',#13090);
#3736=VERTEX_POINT('',#13095);
#3737=VERTEX_POINT('',#13097);
#3738=VERTEX_POINT('',#13101);
#3739=VERTEX_POINT('',#13106);
#3740=VERTEX_POINT('',#13110);
#3741=VERTEX_POINT('',#13121);
#3742=VERTEX_POINT('',#13124);
#3743=VERTEX_POINT('',#13126);
#3744=VERTEX_POINT('',#13128);
#3745=VERTEX_POINT('',#13130);
#3746=VERTEX_POINT('',#13132);
#3747=VERTEX_POINT('',#13134);
#3748=VERTEX_POINT('',#13136);
#3749=VERTEX_POINT('',#13138);
#3750=VERTEX_POINT('',#13141);
#3751=VERTEX_POINT('',#13147);
#3752=VERTEX_POINT('',#13148);
#3753=VERTEX_POINT('',#13153);
#3754=VERTEX_POINT('',#13157);
#3755=VERTEX_POINT('',#13161);
#3756=VERTEX_POINT('',#13165);
#3757=VERTEX_POINT('',#13169);
#3758=VERTEX_POINT('',#13175);
#3759=EDGE_CURVE('',#3068,#3068,#2665,.T.);
#3760=EDGE_CURVE('',#3068,#3069,#1469,.T.);
#3761=EDGE_CURVE('',#3069,#3069,#2666,.T.);
#3762=EDGE_CURVE('',#3070,#3071,#2667,.T.);
#3763=EDGE_CURVE('',#3070,#3072,#2668,.T.);
#3764=EDGE_CURVE('',#3072,#3073,#2669,.T.);
#3765=EDGE_CURVE('',#3073,#3074,#1470,.T.);
#3766=EDGE_CURVE('',#3074,#3075,#2670,.T.);
#3767=EDGE_CURVE('',#3075,#3076,#2671,.T.);
#3768=EDGE_CURVE('',#3076,#3077,#2672,.T.);
#3769=EDGE_CURVE('',#3077,#3078,#1471,.T.);
#3770=EDGE_CURVE('',#3078,#3079,#2673,.T.);
#3771=EDGE_CURVE('',#3079,#3080,#2674,.T.);
#3772=EDGE_CURVE('',#3080,#3081,#2675,.T.);
#3773=EDGE_CURVE('',#3081,#3082,#1472,.T.);
#3774=EDGE_CURVE('',#3082,#3083,#2676,.T.);
#3775=EDGE_CURVE('',#3083,#3084,#2677,.T.);
#3776=EDGE_CURVE('',#3084,#3085,#2678,.T.);
#3777=EDGE_CURVE('',#3085,#3086,#1473,.T.);
#3778=EDGE_CURVE('',#3086,#3087,#2679,.T.);
#3779=EDGE_CURVE('',#3087,#3088,#2680,.T.);
#3780=EDGE_CURVE('',#3088,#3089,#2681,.T.);
#3781=EDGE_CURVE('',#3089,#3090,#1474,.T.);
#3782=EDGE_CURVE('',#3090,#3091,#2682,.T.);
#3783=EDGE_CURVE('',#3091,#3092,#2683,.T.);
#3784=EDGE_CURVE('',#3092,#3093,#2684,.T.);
#3785=EDGE_CURVE('',#3093,#3094,#1475,.T.);
#3786=EDGE_CURVE('',#3094,#3095,#2685,.T.);
#3787=EDGE_CURVE('',#3095,#3096,#2686,.T.);
#3788=EDGE_CURVE('',#3096,#3097,#2687,.T.);
#3789=EDGE_CURVE('',#3097,#3098,#1476,.T.);
#3790=EDGE_CURVE('',#3098,#3099,#2688,.T.);
#3791=EDGE_CURVE('',#3099,#3100,#2689,.T.);
#3792=EDGE_CURVE('',#3100,#3101,#2690,.T.);
#3793=EDGE_CURVE('',#3101,#3102,#1477,.T.);
#3794=EDGE_CURVE('',#3102,#3103,#2691,.T.);
#3795=EDGE_CURVE('',#3103,#3104,#2692,.T.);
#3796=EDGE_CURVE('',#3104,#3105,#2693,.T.);
#3797=EDGE_CURVE('',#3105,#3106,#1478,.T.);
#3798=EDGE_CURVE('',#3106,#3107,#2694,.T.);
#3799=EDGE_CURVE('',#3107,#3108,#2695,.T.);
#3800=EDGE_CURVE('',#3108,#3109,#2696,.T.);
#3801=EDGE_CURVE('',#3109,#3110,#1479,.T.);
#3802=EDGE_CURVE('',#3110,#3111,#2697,.T.);
#3803=EDGE_CURVE('',#3111,#3112,#2698,.T.);
#3804=EDGE_CURVE('',#3112,#3113,#2699,.T.);
#3805=EDGE_CURVE('',#3113,#3114,#1480,.T.);
#3806=EDGE_CURVE('',#3114,#3115,#2700,.T.);
#3807=EDGE_CURVE('',#3115,#3116,#2701,.T.);
#3808=EDGE_CURVE('',#3117,#3116,#2702,.T.);
#3809=EDGE_CURVE('',#3118,#3117,#2703,.T.);
#3810=EDGE_CURVE('',#3118,#3119,#2704,.T.);
#3811=EDGE_CURVE('',#3119,#3120,#2705,.T.);
#3812=EDGE_CURVE('',#3120,#3121,#1481,.T.);
#3813=EDGE_CURVE('',#3121,#3122,#2706,.T.);
#3814=EDGE_CURVE('',#3122,#3123,#2707,.T.);
#3815=EDGE_CURVE('',#3123,#3124,#2708,.T.);
#3816=EDGE_CURVE('',#3124,#3125,#1482,.T.);
#3817=EDGE_CURVE('',#3125,#3126,#2709,.T.);
#3818=EDGE_CURVE('',#3126,#3127,#1483,.T.);
#3819=EDGE_CURVE('',#3128,#3127,#306,.F.);
#3820=EDGE_CURVE('',#3128,#3129,#1484,.T.);
#3821=EDGE_CURVE('',#3130,#3129,#307,.F.);
#3822=EDGE_CURVE('',#3130,#3131,#1485,.T.);
#3823=EDGE_CURVE('',#3131,#3132,#2710,.T.);
#3824=EDGE_CURVE('',#3132,#3133,#1486,.T.);
#3825=EDGE_CURVE('',#3133,#3134,#2711,.T.);
#3826=EDGE_CURVE('',#3134,#3135,#2712,.T.);
#3827=EDGE_CURVE('',#3135,#3136,#2713,.T.);
#3828=EDGE_CURVE('',#3136,#3137,#1487,.T.);
#3829=EDGE_CURVE('',#3137,#3138,#2714,.T.);
#3830=EDGE_CURVE('',#3138,#3139,#2715,.T.);
#3831=EDGE_CURVE('',#3071,#3139,#2716,.T.);
#3832=EDGE_CURVE('',#3140,#3140,#2717,.T.);
#3833=EDGE_CURVE('',#3141,#3141,#2718,.T.);
#3834=EDGE_CURVE('',#3142,#3143,#2719,.T.);
#3835=EDGE_CURVE('',#3144,#3142,#1488,.T.);
#3836=EDGE_CURVE('',#3145,#3144,#2720,.T.);
#3837=EDGE_CURVE('',#3146,#3145,#1489,.T.);
#3838=EDGE_CURVE('',#3147,#3146,#2721,.T.);
#3839=EDGE_CURVE('',#3148,#3147,#1490,.T.);
#3840=EDGE_CURVE('',#3149,#3148,#1491,.T.);
#3841=EDGE_CURVE('',#3150,#3149,#2722,.T.);
#3842=EDGE_CURVE('',#3143,#3150,#1492,.T.);
#3843=EDGE_CURVE('',#3151,#3151,#2723,.T.);
#3844=EDGE_CURVE('',#3152,#3152,#2724,.T.);
#3845=EDGE_CURVE('',#3152,#3069,#1493,.T.);
#3846=EDGE_CURVE('',#3140,#3153,#1494,.T.);
#3847=EDGE_CURVE('',#3153,#3153,#2725,.T.);
#3848=EDGE_CURVE('',#3154,#3154,#2726,.T.);
#3849=EDGE_CURVE('',#3154,#3153,#1495,.T.);
#3850=EDGE_CURVE('',#3151,#3155,#1496,.T.);
#3851=EDGE_CURVE('',#3155,#3155,#2727,.T.);
#3852=EDGE_CURVE('',#3156,#3156,#2728,.T.);
#3853=EDGE_CURVE('',#3156,#3155,#1497,.T.);
#3854=EDGE_CURVE('',#3141,#3157,#1498,.T.);
#3855=EDGE_CURVE('',#3157,#3157,#2729,.T.);
#3856=EDGE_CURVE('',#3158,#3158,#2730,.T.);
#3857=EDGE_CURVE('',#3158,#3157,#1499,.T.);
#3858=EDGE_CURVE('',#3139,#3070,#19,.T.);
#3859=EDGE_CURVE('',#3071,#3159,#1500,.T.);
#3860=EDGE_CURVE('',#3159,#3159,#2731,.T.);
#3861=EDGE_CURVE('',#3138,#3160,#1501,.T.);
#3862=EDGE_CURVE('',#3161,#3160,#2732,.T.);
#3863=EDGE_CURVE('',#3072,#3161,#1502,.T.);
#3864=EDGE_CURVE('',#3162,#3162,#2733,.T.);
#3865=EDGE_CURVE('',#3162,#3159,#1503,.T.);
#3866=EDGE_CURVE('',#3116,#3118,#20,.T.);
#3867=EDGE_CURVE('',#3117,#3163,#1504,.T.);
#3868=EDGE_CURVE('',#3163,#3163,#2734,.T.);
#3869=EDGE_CURVE('',#3115,#3164,#1505,.T.);
#3870=EDGE_CURVE('',#3165,#3164,#2735,.T.);
#3871=EDGE_CURVE('',#3119,#3165,#1506,.T.);
#3872=EDGE_CURVE('',#3166,#3166,#2736,.T.);
#3873=EDGE_CURVE('',#3166,#3163,#1507,.T.);
#3874=EDGE_CURVE('',#3167,#3167,#2737,.T.);
#3875=EDGE_CURVE('',#3167,#3168,#1508,.T.);
#3876=EDGE_CURVE('',#3168,#3168,#2738,.T.);
#3877=EDGE_CURVE('',#3168,#3169,#1509,.T.);
#3878=EDGE_CURVE('',#3169,#3169,#2739,.T.);
#3879=EDGE_CURVE('',#3170,#3170,#2740,.T.);
#3880=EDGE_CURVE('',#3170,#3171,#1510,.T.);
#3881=EDGE_CURVE('',#3171,#3171,#2741,.T.);
#3882=EDGE_CURVE('',#3171,#3172,#1511,.T.);
#3883=EDGE_CURVE('',#3172,#3172,#2742,.T.);
#3884=EDGE_CURVE('',#3173,#3173,#2743,.T.);
#3885=EDGE_CURVE('',#3173,#3174,#1512,.T.);
#3886=EDGE_CURVE('',#3174,#3174,#2744,.T.);
#3887=EDGE_CURVE('',#3175,#3175,#2745,.T.);
#3888=EDGE_CURVE('',#3175,#3176,#1513,.T.);
#3889=EDGE_CURVE('',#3176,#3176,#2746,.T.);
#3890=EDGE_CURVE('',#3177,#3177,#2747,.T.);
#3891=EDGE_CURVE('',#3177,#3178,#1514,.T.);
#3892=EDGE_CURVE('',#3178,#3178,#2748,.T.);
#3893=EDGE_CURVE('',#3179,#3179,#2749,.T.);
#3894=EDGE_CURVE('',#3179,#3180,#1515,.T.);
#3895=EDGE_CURVE('',#3180,#3180,#2750,.T.);
#3896=EDGE_CURVE('',#3181,#3182,#21,.T.);
#3897=EDGE_CURVE('',#3181,#3128,#1516,.T.);
#3898=EDGE_CURVE('',#3127,#3183,#1517,.T.);
#3899=EDGE_CURVE('',#3183,#3182,#22,.F.);
#3900=EDGE_CURVE('',#3181,#3184,#308,.T.);
#3901=EDGE_CURVE('',#3185,#3184,#2751,.T.);
#3902=EDGE_CURVE('',#3185,#3186,#309,.T.);
#3903=EDGE_CURVE('',#3129,#3186,#1518,.T.);
#3904=EDGE_CURVE('',#3187,#3188,#23,.T.);
#3905=EDGE_CURVE('',#3187,#3130,#1519,.T.);
#3906=EDGE_CURVE('',#3186,#3188,#24,.F.);
#3907=EDGE_CURVE('',#3187,#3131,#1520,.T.);
#3908=EDGE_CURVE('',#3189,#3190,#1521,.T.);
#3909=EDGE_CURVE('',#3190,#3191,#1522,.T.);
#3910=EDGE_CURVE('',#3191,#3192,#1523,.T.);
#3911=EDGE_CURVE('',#3192,#3189,#1524,.T.);
#3912=EDGE_CURVE('',#3190,#3193,#1525,.T.);
#3913=EDGE_CURVE('',#3193,#3194,#1526,.T.);
#3914=EDGE_CURVE('',#3194,#3191,#1527,.T.);
#3915=EDGE_CURVE('',#3193,#3195,#1528,.T.);
#3916=EDGE_CURVE('',#3195,#3196,#1529,.T.);
#3917=EDGE_CURVE('',#3196,#3194,#1530,.T.);
#3918=EDGE_CURVE('',#3192,#3196,#1531,.T.);
#3919=EDGE_CURVE('',#3195,#3189,#1532,.T.);
#3920=EDGE_CURVE('',#3197,#3198,#1533,.T.);
#3921=EDGE_CURVE('',#3199,#3198,#1534,.T.);
#3922=EDGE_CURVE('',#3199,#3200,#1535,.T.);
#3923=EDGE_CURVE('',#3200,#3201,#1536,.T.);
#3924=EDGE_CURVE('',#3201,#3202,#1537,.T.);
#3925=EDGE_CURVE('',#3203,#3202,#1538,.T.);
#3926=EDGE_CURVE('',#3203,#3204,#1539,.T.);
#3927=EDGE_CURVE('',#3204,#3205,#1540,.T.);
#3928=EDGE_CURVE('',#3205,#3206,#1541,.T.);
#3929=EDGE_CURVE('',#3207,#3206,#1542,.T.);
#3930=EDGE_CURVE('',#3207,#3208,#1543,.T.);
#3931=EDGE_CURVE('',#3208,#3209,#1544,.T.);
#3932=EDGE_CURVE('',#3209,#3210,#1545,.T.);
#3933=EDGE_CURVE('',#3211,#3210,#1546,.T.);
#3934=EDGE_CURVE('',#3211,#3212,#1547,.T.);
#3935=EDGE_CURVE('',#3212,#3213,#1548,.T.);
#3936=EDGE_CURVE('',#3213,#3214,#1549,.T.);
#3937=EDGE_CURVE('',#3215,#3214,#1550,.T.);
#3938=EDGE_CURVE('',#3216,#3215,#1551,.T.);
#3939=EDGE_CURVE('',#3216,#3197,#1552,.T.);
#3940=EDGE_CURVE('',#3217,#3218,#1553,.T.);
#3941=EDGE_CURVE('',#3219,#3217,#1554,.T.);
#3942=EDGE_CURVE('',#3220,#3219,#1555,.T.);
#3943=EDGE_CURVE('',#3218,#3220,#1556,.T.);
#3944=EDGE_CURVE('',#3221,#3222,#1557,.T.);
#3945=EDGE_CURVE('',#3223,#3221,#1558,.T.);
#3946=EDGE_CURVE('',#3224,#3223,#1559,.T.);
#3947=EDGE_CURVE('',#3222,#3224,#1560,.T.);
#3948=EDGE_CURVE('',#3225,#3226,#1561,.T.);
#3949=EDGE_CURVE('',#3227,#3225,#1562,.T.);
#3950=EDGE_CURVE('',#3228,#3227,#1563,.T.);
#3951=EDGE_CURVE('',#3226,#3228,#1564,.T.);
#3952=EDGE_CURVE('',#3229,#3230,#1565,.T.);
#3953=EDGE_CURVE('',#3231,#3229,#1566,.T.);
#3954=EDGE_CURVE('',#3232,#3231,#1567,.T.);
#3955=EDGE_CURVE('',#3230,#3232,#1568,.T.);
#3956=EDGE_CURVE('',#3219,#3233,#1569,.T.);
#3957=EDGE_CURVE('',#3233,#3234,#1570,.T.);
#3958=EDGE_CURVE('',#3220,#3234,#1571,.T.);
#3959=EDGE_CURVE('',#3218,#3235,#1572,.T.);
#3960=EDGE_CURVE('',#3235,#3236,#1573,.T.);
#3961=EDGE_CURVE('',#3236,#3217,#1574,.T.);
#3962=EDGE_CURVE('',#3234,#3235,#1575,.T.);
#3963=EDGE_CURVE('',#3236,#3233,#1576,.T.);
#3964=EDGE_CURVE('',#3231,#3237,#1577,.T.);
#3965=EDGE_CURVE('',#3237,#3238,#1578,.T.);
#3966=EDGE_CURVE('',#3232,#3238,#1579,.T.);
#3967=EDGE_CURVE('',#3230,#3239,#1580,.T.);
#3968=EDGE_CURVE('',#3239,#3240,#1581,.T.);
#3969=EDGE_CURVE('',#3240,#3229,#1582,.T.);
#3970=EDGE_CURVE('',#3238,#3239,#1583,.T.);
#3971=EDGE_CURVE('',#3240,#3237,#1584,.T.);
#3972=EDGE_CURVE('',#3223,#3241,#1585,.T.);
#3973=EDGE_CURVE('',#3241,#3242,#1586,.T.);
#3974=EDGE_CURVE('',#3224,#3242,#1587,.T.);
#3975=EDGE_CURVE('',#3222,#3243,#1588,.T.);
#3976=EDGE_CURVE('',#3243,#3244,#1589,.T.);
#3977=EDGE_CURVE('',#3244,#3221,#1590,.T.);
#3978=EDGE_CURVE('',#3242,#3243,#1591,.T.);
#3979=EDGE_CURVE('',#3244,#3241,#1592,.T.);
#3980=EDGE_CURVE('',#3227,#3245,#1593,.T.);
#3981=EDGE_CURVE('',#3245,#3246,#1594,.T.);
#3982=EDGE_CURVE('',#3228,#3246,#1595,.T.);
#3983=EDGE_CURVE('',#3226,#3247,#1596,.T.);
#3984=EDGE_CURVE('',#3247,#3248,#1597,.T.);
#3985=EDGE_CURVE('',#3248,#3225,#1598,.T.);
#3986=EDGE_CURVE('',#3246,#3247,#1599,.T.);
#3987=EDGE_CURVE('',#3248,#3245,#1600,.T.);
#3988=EDGE_CURVE('',#3249,#3250,#1601,.T.);
#3989=EDGE_CURVE('',#3250,#3251,#1602,.T.);
#3990=EDGE_CURVE('',#3251,#3252,#1603,.T.);
#3991=EDGE_CURVE('',#3252,#3249,#1604,.T.);
#3992=EDGE_CURVE('',#3250,#3253,#1605,.T.);
#3993=EDGE_CURVE('',#3253,#3254,#1606,.T.);
#3994=EDGE_CURVE('',#3254,#3251,#1607,.T.);
#3995=EDGE_CURVE('',#3253,#3255,#1608,.T.);
#3996=EDGE_CURVE('',#3255,#3256,#1609,.T.);
#3997=EDGE_CURVE('',#3256,#3254,#1610,.T.);
#3998=EDGE_CURVE('',#3252,#3256,#1611,.T.);
#3999=EDGE_CURVE('',#3255,#3249,#1612,.T.);
#4000=EDGE_CURVE('',#3257,#3258,#1613,.T.);
#4001=EDGE_CURVE('',#3259,#3258,#1614,.T.);
#4002=EDGE_CURVE('',#3259,#3260,#1615,.T.);
#4003=EDGE_CURVE('',#3260,#3261,#1616,.T.);
#4004=EDGE_CURVE('',#3261,#3262,#1617,.T.);
#4005=EDGE_CURVE('',#3263,#3262,#1618,.T.);
#4006=EDGE_CURVE('',#3263,#3264,#1619,.T.);
#4007=EDGE_CURVE('',#3264,#3265,#1620,.T.);
#4008=EDGE_CURVE('',#3265,#3266,#1621,.T.);
#4009=EDGE_CURVE('',#3267,#3266,#1622,.T.);
#4010=EDGE_CURVE('',#3268,#3267,#1623,.T.);
#4011=EDGE_CURVE('',#3268,#3257,#1624,.T.);
#4012=EDGE_CURVE('',#3269,#3270,#1625,.T.);
#4013=EDGE_CURVE('',#3271,#3269,#1626,.T.);
#4014=EDGE_CURVE('',#3272,#3271,#1627,.T.);
#4015=EDGE_CURVE('',#3270,#3272,#1628,.T.);
#4016=EDGE_CURVE('',#3273,#3274,#1629,.T.);
#4017=EDGE_CURVE('',#3275,#3273,#1630,.T.);
#4018=EDGE_CURVE('',#3276,#3275,#1631,.T.);
#4019=EDGE_CURVE('',#3274,#3276,#1632,.T.);
#4020=EDGE_CURVE('',#3271,#3277,#1633,.T.);
#4021=EDGE_CURVE('',#3277,#3278,#1634,.T.);
#4022=EDGE_CURVE('',#3272,#3278,#1635,.T.);
#4023=EDGE_CURVE('',#3270,#3279,#1636,.T.);
#4024=EDGE_CURVE('',#3279,#3280,#1637,.T.);
#4025=EDGE_CURVE('',#3280,#3269,#1638,.T.);
#4026=EDGE_CURVE('',#3278,#3279,#1639,.T.);
#4027=EDGE_CURVE('',#3280,#3277,#1640,.T.);
#4028=EDGE_CURVE('',#3274,#3281,#1641,.T.);
#4029=EDGE_CURVE('',#3281,#3282,#1642,.T.);
#4030=EDGE_CURVE('',#3273,#3282,#1643,.T.);
#4031=EDGE_CURVE('',#3276,#3283,#1644,.T.);
#4032=EDGE_CURVE('',#3283,#3281,#1645,.T.);
#4033=EDGE_CURVE('',#3282,#3284,#1646,.T.);
#4034=EDGE_CURVE('',#3284,#3275,#1647,.T.);
#4035=EDGE_CURVE('',#3284,#3283,#1648,.T.);
#4036=EDGE_CURVE('',#3285,#3286,#1649,.T.);
#4037=EDGE_CURVE('',#3286,#3287,#1650,.T.);
#4038=EDGE_CURVE('',#3287,#3288,#1651,.T.);
#4039=EDGE_CURVE('',#3288,#3285,#1652,.T.);
#4040=EDGE_CURVE('',#3286,#3289,#1653,.T.);
#4041=EDGE_CURVE('',#3289,#3290,#1654,.T.);
#4042=EDGE_CURVE('',#3290,#3287,#1655,.T.);
#4043=EDGE_CURVE('',#3289,#3291,#1656,.T.);
#4044=EDGE_CURVE('',#3291,#3292,#1657,.T.);
#4045=EDGE_CURVE('',#3292,#3290,#1658,.T.);
#4046=EDGE_CURVE('',#3288,#3292,#1659,.T.);
#4047=EDGE_CURVE('',#3291,#3285,#1660,.T.);
#4048=EDGE_CURVE('',#3293,#3294,#1661,.T.);
#4049=EDGE_CURVE('',#3294,#3295,#1662,.T.);
#4050=EDGE_CURVE('',#3296,#3295,#1663,.T.);
#4051=EDGE_CURVE('',#3296,#3297,#1664,.T.);
#4052=EDGE_CURVE('',#3297,#3298,#1665,.T.);
#4053=EDGE_CURVE('',#3298,#3299,#1666,.T.);
#4054=EDGE_CURVE('',#3300,#3299,#1667,.T.);
#4055=EDGE_CURVE('',#3300,#3301,#1668,.T.);
#4056=EDGE_CURVE('',#3301,#3302,#1669,.T.);
#4057=EDGE_CURVE('',#3302,#3303,#1670,.T.);
#4058=EDGE_CURVE('',#3304,#3303,#1671,.T.);
#4059=EDGE_CURVE('',#3304,#3305,#1672,.T.);
#4060=EDGE_CURVE('',#3305,#3306,#1673,.T.);
#4061=EDGE_CURVE('',#3306,#3307,#1674,.T.);
#4062=EDGE_CURVE('',#3308,#3307,#1675,.T.);
#4063=EDGE_CURVE('',#3309,#3308,#1676,.T.);
#4064=EDGE_CURVE('',#3309,#3310,#1677,.T.);
#4065=EDGE_CURVE('',#3310,#3311,#1678,.T.);
#4066=EDGE_CURVE('',#3312,#3311,#1679,.T.);
#4067=EDGE_CURVE('',#3312,#3293,#1680,.T.);
#4068=EDGE_CURVE('',#3313,#3314,#1681,.T.);
#4069=EDGE_CURVE('',#3315,#3313,#1682,.T.);
#4070=EDGE_CURVE('',#3316,#3315,#1683,.T.);
#4071=EDGE_CURVE('',#3314,#3316,#1684,.T.);
#4072=EDGE_CURVE('',#3317,#3318,#1685,.T.);
#4073=EDGE_CURVE('',#3319,#3317,#1686,.T.);
#4074=EDGE_CURVE('',#3320,#3319,#1687,.T.);
#4075=EDGE_CURVE('',#3318,#3320,#1688,.T.);
#4076=EDGE_CURVE('',#3321,#3322,#1689,.T.);
#4077=EDGE_CURVE('',#3323,#3321,#1690,.T.);
#4078=EDGE_CURVE('',#3324,#3323,#1691,.T.);
#4079=EDGE_CURVE('',#3322,#3324,#1692,.T.);
#4080=EDGE_CURVE('',#3325,#3326,#1693,.T.);
#4081=EDGE_CURVE('',#3327,#3325,#1694,.T.);
#4082=EDGE_CURVE('',#3328,#3327,#1695,.T.);
#4083=EDGE_CURVE('',#3326,#3328,#1696,.T.);
#4084=EDGE_CURVE('',#3314,#3329,#1697,.T.);
#4085=EDGE_CURVE('',#3329,#3330,#1698,.T.);
#4086=EDGE_CURVE('',#3330,#3313,#1699,.T.);
#4087=EDGE_CURVE('',#3316,#3331,#1700,.T.);
#4088=EDGE_CURVE('',#3331,#3329,#1701,.T.);
#4089=EDGE_CURVE('',#3315,#3332,#1702,.T.);
#4090=EDGE_CURVE('',#3332,#3331,#1703,.T.);
#4091=EDGE_CURVE('',#3330,#3332,#1704,.T.);
#4092=EDGE_CURVE('',#3326,#3333,#1705,.T.);
#4093=EDGE_CURVE('',#3333,#3334,#1706,.T.);
#4094=EDGE_CURVE('',#3334,#3325,#1707,.T.);
#4095=EDGE_CURVE('',#3328,#3335,#1708,.T.);
#4096=EDGE_CURVE('',#3335,#3333,#1709,.T.);
#4097=EDGE_CURVE('',#3327,#3336,#1710,.T.);
#4098=EDGE_CURVE('',#3336,#3335,#1711,.T.);
#4099=EDGE_CURVE('',#3334,#3336,#1712,.T.);
#4100=EDGE_CURVE('',#3318,#3337,#1713,.T.);
#4101=EDGE_CURVE('',#3337,#3338,#1714,.T.);
#4102=EDGE_CURVE('',#3338,#3317,#1715,.T.);
#4103=EDGE_CURVE('',#3320,#3339,#1716,.T.);
#4104=EDGE_CURVE('',#3339,#3337,#1717,.T.);
#4105=EDGE_CURVE('',#3319,#3340,#1718,.T.);
#4106=EDGE_CURVE('',#3340,#3339,#1719,.T.);
#4107=EDGE_CURVE('',#3338,#3340,#1720,.T.);
#4108=EDGE_CURVE('',#3322,#3341,#1721,.T.);
#4109=EDGE_CURVE('',#3341,#3342,#1722,.T.);
#4110=EDGE_CURVE('',#3342,#3321,#1723,.T.);
#4111=EDGE_CURVE('',#3324,#3343,#1724,.T.);
#4112=EDGE_CURVE('',#3343,#3341,#1725,.T.);
#4113=EDGE_CURVE('',#3323,#3344,#1726,.T.);
#4114=EDGE_CURVE('',#3344,#3343,#1727,.T.);
#4115=EDGE_CURVE('',#3342,#3344,#1728,.T.);
#4116=EDGE_CURVE('',#3345,#3346,#25,.T.);
#4117=EDGE_CURVE('',#3346,#3347,#26,.T.);
#4118=EDGE_CURVE('',#3345,#3347,#2752,.T.);
#4119=EDGE_CURVE('',#3348,#3212,#310,.T.);
#4120=EDGE_CURVE('',#3213,#3348,#311,.T.);
#4121=EDGE_CURVE('',#3349,#3208,#312,.T.);
#4122=EDGE_CURVE('',#3209,#3349,#313,.T.);
#4123=EDGE_CURVE('',#3350,#3204,#314,.T.);
#4124=EDGE_CURVE('',#3205,#3350,#315,.T.);
#4125=EDGE_CURVE('',#3351,#3200,#316,.T.);
#4126=EDGE_CURVE('',#3201,#3351,#317,.T.);
#4127=EDGE_CURVE('',#3352,#3264,#318,.T.);
#4128=EDGE_CURVE('',#3265,#3352,#319,.T.);
#4129=EDGE_CURVE('',#3353,#3260,#320,.T.);
#4130=EDGE_CURVE('',#3261,#3353,#321,.T.);
#4131=EDGE_CURVE('',#3354,#3355,#27,.T.);
#4132=EDGE_CURVE('',#3355,#3356,#28,.T.);
#4133=EDGE_CURVE('',#3354,#3356,#2753,.T.);
#4134=EDGE_CURVE('',#3357,#3358,#29,.T.);
#4135=EDGE_CURVE('',#3359,#3358,#2754,.T.);
#4136=EDGE_CURVE('',#3359,#3357,#30,.T.);
#4137=EDGE_CURVE('',#3306,#3360,#322,.T.);
#4138=EDGE_CURVE('',#3360,#3305,#323,.T.);
#4139=EDGE_CURVE('',#3361,#3301,#324,.T.);
#4140=EDGE_CURVE('',#3302,#3361,#325,.T.);
#4141=EDGE_CURVE('',#3362,#3297,#326,.T.);
#4142=EDGE_CURVE('',#3298,#3362,#327,.T.);
#4143=EDGE_CURVE('',#3363,#3293,#328,.T.);
#4144=EDGE_CURVE('',#3294,#3363,#329,.T.);
#4145=EDGE_CURVE('',#3364,#3365,#31,.T.);
#4146=EDGE_CURVE('',#3365,#3366,#32,.T.);
#4147=EDGE_CURVE('',#3364,#3366,#2755,.T.);
#4148=EDGE_CURVE('',#3367,#3345,#1729,.T.);
#4149=EDGE_CURVE('',#3346,#3367,#2756,.T.);
#4150=EDGE_CURVE('',#3351,#3199,#2757,.T.);
#4151=EDGE_CURVE('',#3350,#3203,#2758,.T.);
#4152=EDGE_CURVE('',#3210,#3349,#2759,.T.);
#4153=EDGE_CURVE('',#3348,#3211,#2760,.T.);
#4154=EDGE_CURVE('',#3368,#3365,#2761,.T.);
#4155=EDGE_CURVE('',#3366,#3368,#1730,.T.);
#4156=EDGE_CURVE('',#3353,#3259,#2762,.T.);
#4157=EDGE_CURVE('',#3266,#3352,#2763,.T.);
#4158=EDGE_CURVE('',#3369,#3354,#1731,.T.);
#4159=EDGE_CURVE('',#3355,#3369,#2764,.T.);
#4160=EDGE_CURVE('',#3363,#3312,#2765,.T.);
#4161=EDGE_CURVE('',#3370,#3359,#1732,.T.);
#4162=EDGE_CURVE('',#3357,#3370,#2766,.T.);
#4163=EDGE_CURVE('',#3371,#3357,#2767,.T.);
#4164=EDGE_CURVE('',#3358,#3371,#1733,.T.);
#4165=EDGE_CURVE('',#3299,#3362,#2768,.T.);
#4166=EDGE_CURVE('',#3362,#3296,#2769,.T.);
#4167=EDGE_CURVE('',#3372,#3371,#2770,.T.);
#4168=EDGE_CURVE('',#3373,#3372,#1734,.T.);
#4169=EDGE_CURVE('',#3373,#3309,#2771,.T.);
#4170=EDGE_CURVE('',#3370,#3308,#2772,.T.);
#4171=EDGE_CURVE('',#3303,#3361,#2773,.T.);
#4172=EDGE_CURVE('',#3361,#3300,#2774,.T.);
#4173=EDGE_CURVE('',#3360,#3304,#2775,.T.);
#4174=EDGE_CURVE('',#3307,#3360,#2776,.T.);
#4175=EDGE_CURVE('',#3374,#3374,#2777,.T.);
#4176=EDGE_CURVE('',#3375,#3376,#1735,.T.);
#4177=EDGE_CURVE('',#3377,#3375,#2778,.T.);
#4178=EDGE_CURVE('',#3378,#3377,#1736,.T.);
#4179=EDGE_CURVE('',#3376,#3378,#2779,.T.);
#4180=EDGE_CURVE('',#3375,#3379,#1737,.T.);
#4181=EDGE_CURVE('',#3380,#3379,#2780,.T.);
#4182=EDGE_CURVE('',#3377,#3380,#1738,.T.);
#4183=EDGE_CURVE('',#3376,#3381,#1739,.T.);
#4184=EDGE_CURVE('',#3379,#3381,#1740,.T.);
#4185=EDGE_CURVE('',#3378,#3382,#1741,.T.);
#4186=EDGE_CURVE('',#3381,#3382,#2781,.T.);
#4187=EDGE_CURVE('',#3383,#3384,#33,.T.);
#4188=EDGE_CURVE('',#3385,#3384,#34,.T.);
#4189=EDGE_CURVE('',#3383,#3385,#1742,.T.);
#4190=EDGE_CURVE('',#3386,#3383,#330,.T.);
#4191=EDGE_CURVE('',#3387,#3385,#331,.T.);
#4192=EDGE_CURVE('',#3388,#3387,#1743,.T.);
#4193=EDGE_CURVE('',#3388,#3389,#1744,.T.);
#4194=EDGE_CURVE('',#3390,#3389,#1745,.T.);
#4195=EDGE_CURVE('',#3391,#3390,#1746,.T.);
#4196=EDGE_CURVE('',#3392,#3391,#1747,.T.);
#4197=EDGE_CURVE('',#3393,#3392,#332,.T.);
#4198=EDGE_CURVE('',#3386,#3393,#1748,.T.);
#4199=EDGE_CURVE('',#3391,#3394,#333,.T.);
#4200=EDGE_CURVE('',#3395,#3390,#2782,.T.);
#4201=EDGE_CURVE('',#3396,#3395,#1749,.T.);
#4202=EDGE_CURVE('',#3394,#3396,#35,.T.);
#4203=EDGE_CURVE('',#3188,#3397,#1750,.T.);
#4204=EDGE_CURVE('',#3398,#3397,#2783,.T.);
#4205=EDGE_CURVE('',#3398,#3132,#1751,.T.);
#4206=EDGE_CURVE('',#3399,#3400,#2784,.T.);
#4207=EDGE_CURVE('',#3399,#3401,#1752,.T.);
#4208=EDGE_CURVE('',#3402,#3401,#2785,.T.);
#4209=EDGE_CURVE('',#3400,#3402,#1753,.T.);
#4210=EDGE_CURVE('',#3403,#3399,#1754,.T.);
#4211=EDGE_CURVE('',#3403,#3404,#1755,.T.);
#4212=EDGE_CURVE('',#3401,#3404,#1756,.T.);
#4213=EDGE_CURVE('',#3405,#3403,#2786,.T.);
#4214=EDGE_CURVE('',#3405,#3406,#1757,.T.);
#4215=EDGE_CURVE('',#3404,#3406,#2787,.T.);
#4216=EDGE_CURVE('',#3407,#3405,#2788,.T.);
#4217=EDGE_CURVE('',#3407,#3408,#1758,.T.);
#4218=EDGE_CURVE('',#3406,#3408,#2789,.T.);
#4219=EDGE_CURVE('',#3409,#3407,#2790,.T.);
#4220=EDGE_CURVE('',#3409,#3410,#1759,.T.);
#4221=EDGE_CURVE('',#3408,#3410,#2791,.T.);
#4222=EDGE_CURVE('',#3411,#3409,#1760,.T.);
#4223=EDGE_CURVE('',#3411,#3412,#1761,.T.);
#4224=EDGE_CURVE('',#3410,#3412,#1762,.T.);
#4225=EDGE_CURVE('',#3413,#3411,#2792,.T.);
#4226=EDGE_CURVE('',#3413,#3414,#1763,.T.);
#4227=EDGE_CURVE('',#3412,#3414,#2793,.T.);
#4228=EDGE_CURVE('',#3415,#3413,#2794,.T.);
#4229=EDGE_CURVE('',#3415,#3416,#1764,.T.);
#4230=EDGE_CURVE('',#3414,#3416,#2795,.T.);
#4231=EDGE_CURVE('',#3417,#3415,#2796,.T.);
#4232=EDGE_CURVE('',#3417,#3418,#1765,.T.);
#4233=EDGE_CURVE('',#3416,#3418,#2797,.T.);
#4234=EDGE_CURVE('',#3419,#3417,#1766,.T.);
#4235=EDGE_CURVE('',#3419,#3420,#1767,.T.);
#4236=EDGE_CURVE('',#3418,#3420,#1768,.T.);
#4237=EDGE_CURVE('',#3421,#3419,#2798,.T.);
#4238=EDGE_CURVE('',#3421,#3422,#1769,.T.);
#4239=EDGE_CURVE('',#3420,#3422,#2799,.T.);
#4240=EDGE_CURVE('',#3423,#3421,#2800,.T.);
#4241=EDGE_CURVE('',#3423,#3424,#1770,.T.);
#4242=EDGE_CURVE('',#3422,#3424,#2801,.T.);
#4243=EDGE_CURVE('',#3425,#3423,#2802,.T.);
#4244=EDGE_CURVE('',#3425,#3426,#1771,.T.);
#4245=EDGE_CURVE('',#3424,#3426,#2803,.T.);
#4246=EDGE_CURVE('',#3427,#3425,#1772,.T.);
#4247=EDGE_CURVE('',#3427,#3428,#1773,.T.);
#4248=EDGE_CURVE('',#3426,#3428,#1774,.T.);
#4249=EDGE_CURVE('',#3429,#3427,#2804,.T.);
#4250=EDGE_CURVE('',#3429,#3430,#1775,.T.);
#4251=EDGE_CURVE('',#3428,#3430,#2805,.T.);
#4252=EDGE_CURVE('',#3431,#3429,#2806,.T.);
#4253=EDGE_CURVE('',#3431,#3432,#1776,.T.);
#4254=EDGE_CURVE('',#3430,#3432,#2807,.T.);
#4255=EDGE_CURVE('',#3433,#3431,#2808,.T.);
#4256=EDGE_CURVE('',#3433,#3434,#1777,.T.);
#4257=EDGE_CURVE('',#3432,#3434,#2809,.T.);
#4258=EDGE_CURVE('',#3435,#3433,#1778,.T.);
#4259=EDGE_CURVE('',#3435,#3436,#1779,.T.);
#4260=EDGE_CURVE('',#3434,#3436,#1780,.T.);
#4261=EDGE_CURVE('',#3437,#3435,#2810,.T.);
#4262=EDGE_CURVE('',#3437,#3438,#1781,.T.);
#4263=EDGE_CURVE('',#3436,#3438,#2811,.T.);
#4264=EDGE_CURVE('',#3439,#3437,#2812,.T.);
#4265=EDGE_CURVE('',#3439,#3440,#1782,.T.);
#4266=EDGE_CURVE('',#3438,#3440,#2813,.T.);
#4267=EDGE_CURVE('',#3441,#3439,#2814,.T.);
#4268=EDGE_CURVE('',#3441,#3442,#1783,.T.);
#4269=EDGE_CURVE('',#3440,#3442,#2815,.T.);
#4270=EDGE_CURVE('',#3443,#3441,#1784,.T.);
#4271=EDGE_CURVE('',#3443,#3444,#1785,.T.);
#4272=EDGE_CURVE('',#3442,#3444,#1786,.T.);
#4273=EDGE_CURVE('',#3445,#3443,#2816,.T.);
#4274=EDGE_CURVE('',#3445,#3446,#1787,.T.);
#4275=EDGE_CURVE('',#3444,#3446,#2817,.T.);
#4276=EDGE_CURVE('',#3447,#3445,#2818,.T.);
#4277=EDGE_CURVE('',#3447,#3448,#1788,.T.);
#4278=EDGE_CURVE('',#3446,#3448,#2819,.T.);
#4279=EDGE_CURVE('',#3449,#3447,#2820,.T.);
#4280=EDGE_CURVE('',#3449,#3450,#1789,.T.);
#4281=EDGE_CURVE('',#3448,#3450,#2821,.T.);
#4282=EDGE_CURVE('',#3451,#3449,#1790,.T.);
#4283=EDGE_CURVE('',#3451,#3452,#1791,.T.);
#4284=EDGE_CURVE('',#3450,#3452,#1792,.T.);
#4285=EDGE_CURVE('',#3453,#3451,#2822,.T.);
#4286=EDGE_CURVE('',#3453,#3454,#1793,.T.);
#4287=EDGE_CURVE('',#3452,#3454,#2823,.T.);
#4288=EDGE_CURVE('',#3455,#3453,#2824,.T.);
#4289=EDGE_CURVE('',#3455,#3456,#1794,.T.);
#4290=EDGE_CURVE('',#3454,#3456,#2825,.T.);
#4291=EDGE_CURVE('',#3457,#3455,#2826,.T.);
#4292=EDGE_CURVE('',#3457,#3458,#1795,.T.);
#4293=EDGE_CURVE('',#3456,#3458,#2827,.T.);
#4294=EDGE_CURVE('',#3459,#3457,#1796,.T.);
#4295=EDGE_CURVE('',#3459,#3460,#1797,.T.);
#4296=EDGE_CURVE('',#3458,#3460,#1798,.T.);
#4297=EDGE_CURVE('',#3461,#3459,#2828,.T.);
#4298=EDGE_CURVE('',#3461,#3462,#1799,.T.);
#4299=EDGE_CURVE('',#3460,#3462,#2829,.T.);
#4300=EDGE_CURVE('',#3463,#3461,#2830,.T.);
#4301=EDGE_CURVE('',#3464,#3463,#1800,.T.);
#4302=EDGE_CURVE('',#3462,#3464,#2831,.T.);
#4303=EDGE_CURVE('',#3465,#3398,#1801,.T.);
#4304=EDGE_CURVE('',#3133,#3465,#1802,.T.);
#4305=EDGE_CURVE('',#3466,#3465,#2832,.T.);
#4306=EDGE_CURVE('',#3134,#3466,#1803,.T.);
#4307=EDGE_CURVE('',#3467,#3466,#2833,.T.);
#4308=EDGE_CURVE('',#3135,#3467,#1804,.T.);
#4309=EDGE_CURVE('',#3468,#3467,#2834,.T.);
#4310=EDGE_CURVE('',#3136,#3468,#1805,.T.);
#4311=EDGE_CURVE('',#3469,#3468,#1806,.T.);
#4312=EDGE_CURVE('',#3137,#3469,#1807,.T.);
#4313=EDGE_CURVE('',#3160,#3469,#2835,.T.);
#4314=EDGE_CURVE('',#3470,#3161,#2836,.T.);
#4315=EDGE_CURVE('',#3073,#3470,#1808,.T.);
#4316=EDGE_CURVE('',#3471,#3470,#1809,.T.);
#4317=EDGE_CURVE('',#3074,#3471,#1810,.T.);
#4318=EDGE_CURVE('',#3472,#3471,#2837,.T.);
#4319=EDGE_CURVE('',#3075,#3472,#1811,.T.);
#4320=EDGE_CURVE('',#3473,#3472,#2838,.T.);
#4321=EDGE_CURVE('',#3076,#3473,#1812,.T.);
#4322=EDGE_CURVE('',#3474,#3473,#2839,.T.);
#4323=EDGE_CURVE('',#3077,#3474,#1813,.T.);
#4324=EDGE_CURVE('',#3475,#3474,#1814,.T.);
#4325=EDGE_CURVE('',#3078,#3475,#1815,.T.);
#4326=EDGE_CURVE('',#3476,#3475,#2840,.T.);
#4327=EDGE_CURVE('',#3079,#3476,#1816,.T.);
#4328=EDGE_CURVE('',#3477,#3476,#2841,.T.);
#4329=EDGE_CURVE('',#3080,#3477,#1817,.T.);
#4330=EDGE_CURVE('',#3478,#3477,#2842,.T.);
#4331=EDGE_CURVE('',#3081,#3478,#1818,.T.);
#4332=EDGE_CURVE('',#3479,#3478,#1819,.T.);
#4333=EDGE_CURVE('',#3082,#3479,#1820,.T.);
#4334=EDGE_CURVE('',#3480,#3479,#2843,.T.);
#4335=EDGE_CURVE('',#3083,#3480,#1821,.T.);
#4336=EDGE_CURVE('',#3481,#3480,#2844,.T.);
#4337=EDGE_CURVE('',#3084,#3481,#1822,.T.);
#4338=EDGE_CURVE('',#3482,#3481,#2845,.T.);
#4339=EDGE_CURVE('',#3085,#3482,#1823,.T.);
#4340=EDGE_CURVE('',#3483,#3482,#1824,.T.);
#4341=EDGE_CURVE('',#3086,#3483,#1825,.T.);
#4342=EDGE_CURVE('',#3484,#3483,#2846,.T.);
#4343=EDGE_CURVE('',#3087,#3484,#1826,.T.);
#4344=EDGE_CURVE('',#3485,#3484,#2847,.T.);
#4345=EDGE_CURVE('',#3088,#3485,#1827,.T.);
#4346=EDGE_CURVE('',#3486,#3485,#2848,.T.);
#4347=EDGE_CURVE('',#3089,#3486,#1828,.T.);
#4348=EDGE_CURVE('',#3487,#3486,#1829,.T.);
#4349=EDGE_CURVE('',#3090,#3487,#1830,.T.);
#4350=EDGE_CURVE('',#3488,#3487,#2849,.T.);
#4351=EDGE_CURVE('',#3091,#3488,#1831,.T.);
#4352=EDGE_CURVE('',#3489,#3488,#2850,.T.);
#4353=EDGE_CURVE('',#3092,#3489,#1832,.T.);
#4354=EDGE_CURVE('',#3490,#3489,#2851,.T.);
#4355=EDGE_CURVE('',#3093,#3490,#1833,.T.);
#4356=EDGE_CURVE('',#3491,#3490,#1834,.T.);
#4357=EDGE_CURVE('',#3094,#3491,#1835,.T.);
#4358=EDGE_CURVE('',#3492,#3491,#2852,.T.);
#4359=EDGE_CURVE('',#3095,#3492,#1836,.T.);
#4360=EDGE_CURVE('',#3493,#3492,#2853,.T.);
#4361=EDGE_CURVE('',#3096,#3493,#1837,.T.);
#4362=EDGE_CURVE('',#3494,#3493,#2854,.T.);
#4363=EDGE_CURVE('',#3097,#3494,#1838,.T.);
#4364=EDGE_CURVE('',#3495,#3494,#1839,.T.);
#4365=EDGE_CURVE('',#3098,#3495,#1840,.T.);
#4366=EDGE_CURVE('',#3496,#3495,#2855,.T.);
#4367=EDGE_CURVE('',#3099,#3496,#1841,.T.);
#4368=EDGE_CURVE('',#3497,#3496,#2856,.T.);
#4369=EDGE_CURVE('',#3100,#3497,#1842,.T.);
#4370=EDGE_CURVE('',#3498,#3497,#2857,.T.);
#4371=EDGE_CURVE('',#3101,#3498,#1843,.T.);
#4372=EDGE_CURVE('',#3499,#3498,#1844,.T.);
#4373=EDGE_CURVE('',#3102,#3499,#1845,.T.);
#4374=EDGE_CURVE('',#3500,#3499,#2858,.T.);
#4375=EDGE_CURVE('',#3103,#3500,#1846,.T.);
#4376=EDGE_CURVE('',#3501,#3500,#2859,.T.);
#4377=EDGE_CURVE('',#3104,#3501,#1847,.T.);
#4378=EDGE_CURVE('',#3502,#3501,#2860,.T.);
#4379=EDGE_CURVE('',#3105,#3502,#1848,.T.);
#4380=EDGE_CURVE('',#3503,#3502,#1849,.T.);
#4381=EDGE_CURVE('',#3106,#3503,#1850,.T.);
#4382=EDGE_CURVE('',#3504,#3503,#2861,.T.);
#4383=EDGE_CURVE('',#3107,#3504,#1851,.T.);
#4384=EDGE_CURVE('',#3505,#3504,#2862,.T.);
#4385=EDGE_CURVE('',#3108,#3505,#1852,.T.);
#4386=EDGE_CURVE('',#3506,#3505,#2863,.T.);
#4387=EDGE_CURVE('',#3109,#3506,#1853,.T.);
#4388=EDGE_CURVE('',#3507,#3506,#1854,.T.);
#4389=EDGE_CURVE('',#3110,#3507,#1855,.T.);
#4390=EDGE_CURVE('',#3508,#3507,#2864,.T.);
#4391=EDGE_CURVE('',#3111,#3508,#1856,.T.);
#4392=EDGE_CURVE('',#3509,#3508,#2865,.T.);
#4393=EDGE_CURVE('',#3112,#3509,#1857,.T.);
#4394=EDGE_CURVE('',#3510,#3509,#2866,.T.);
#4395=EDGE_CURVE('',#3113,#3510,#1858,.T.);
#4396=EDGE_CURVE('',#3511,#3510,#1859,.T.);
#4397=EDGE_CURVE('',#3114,#3511,#1860,.T.);
#4398=EDGE_CURVE('',#3164,#3511,#2867,.T.);
#4399=EDGE_CURVE('',#3512,#3165,#2868,.T.);
#4400=EDGE_CURVE('',#3120,#3512,#1861,.T.);
#4401=EDGE_CURVE('',#3513,#3512,#1862,.T.);
#4402=EDGE_CURVE('',#3121,#3513,#1863,.T.);
#4403=EDGE_CURVE('',#3514,#3513,#2869,.T.);
#4404=EDGE_CURVE('',#3122,#3514,#1864,.T.);
#4405=EDGE_CURVE('',#3515,#3514,#2870,.T.);
#4406=EDGE_CURVE('',#3123,#3515,#1865,.T.);
#4407=EDGE_CURVE('',#3516,#3515,#2871,.T.);
#4408=EDGE_CURVE('',#3124,#3516,#1866,.T.);
#4409=EDGE_CURVE('',#3517,#3516,#1867,.T.);
#4410=EDGE_CURVE('',#3125,#3517,#1868,.T.);
#4411=EDGE_CURVE('',#3126,#3183,#1869,.T.);
#4412=EDGE_CURVE('',#3518,#3517,#2872,.T.);
#4413=EDGE_CURVE('',#3182,#3518,#1870,.T.);
#4414=EDGE_CURVE('',#3519,#3518,#2873,.T.);
#4415=EDGE_CURVE('',#3520,#3519,#1871,.T.);
#4416=EDGE_CURVE('',#3184,#3520,#36,.T.);
#4417=EDGE_CURVE('',#3520,#3521,#37,.T.);
#4418=EDGE_CURVE('',#3389,#3519,#2874,.T.);
#4419=EDGE_CURVE('',#3521,#3388,#334,.T.);
#4420=EDGE_CURVE('',#3522,#3386,#38,.T.);
#4421=EDGE_CURVE('',#3522,#3393,#39,.T.);
#4422=EDGE_CURVE('',#3396,#3185,#40,.T.);
#4423=EDGE_CURVE('',#3397,#3395,#2875,.T.);
#4424=EDGE_CURVE('',#3400,#3523,#2876,.T.);
#4425=EDGE_CURVE('',#3524,#3402,#2877,.T.);
#4426=EDGE_CURVE('',#3523,#3524,#1872,.T.);
#4427=EDGE_CURVE('',#3523,#3525,#2878,.T.);
#4428=EDGE_CURVE('',#3526,#3524,#2879,.T.);
#4429=EDGE_CURVE('',#3525,#3526,#1873,.T.);
#4430=EDGE_CURVE('',#3525,#3527,#1874,.T.);
#4431=EDGE_CURVE('',#3528,#3526,#1875,.T.);
#4432=EDGE_CURVE('',#3527,#3528,#1876,.T.);
#4433=EDGE_CURVE('',#3527,#3529,#2880,.T.);
#4434=EDGE_CURVE('',#3530,#3528,#2881,.T.);
#4435=EDGE_CURVE('',#3529,#3530,#1877,.T.);
#4436=EDGE_CURVE('',#3529,#3531,#2882,.T.);
#4437=EDGE_CURVE('',#3532,#3530,#2883,.T.);
#4438=EDGE_CURVE('',#3531,#3532,#1878,.T.);
#4439=EDGE_CURVE('',#3531,#3533,#2884,.T.);
#4440=EDGE_CURVE('',#3534,#3532,#2885,.T.);
#4441=EDGE_CURVE('',#3533,#3534,#1879,.T.);
#4442=EDGE_CURVE('',#3533,#3535,#1880,.T.);
#4443=EDGE_CURVE('',#3536,#3534,#1881,.T.);
#4444=EDGE_CURVE('',#3535,#3536,#1882,.T.);
#4445=EDGE_CURVE('',#3535,#3537,#2886,.T.);
#4446=EDGE_CURVE('',#3538,#3536,#2887,.T.);
#4447=EDGE_CURVE('',#3537,#3538,#1883,.T.);
#4448=EDGE_CURVE('',#3537,#3539,#2888,.T.);
#4449=EDGE_CURVE('',#3540,#3538,#2889,.T.);
#4450=EDGE_CURVE('',#3539,#3540,#1884,.T.);
#4451=EDGE_CURVE('',#3539,#3541,#2890,.T.);
#4452=EDGE_CURVE('',#3542,#3540,#2891,.T.);
#4453=EDGE_CURVE('',#3541,#3542,#1885,.T.);
#4454=EDGE_CURVE('',#3541,#3543,#1886,.T.);
#4455=EDGE_CURVE('',#3544,#3542,#1887,.T.);
#4456=EDGE_CURVE('',#3543,#3544,#1888,.T.);
#4457=EDGE_CURVE('',#3543,#3545,#2892,.T.);
#4458=EDGE_CURVE('',#3546,#3544,#2893,.T.);
#4459=EDGE_CURVE('',#3545,#3546,#1889,.T.);
#4460=EDGE_CURVE('',#3545,#3547,#2894,.T.);
#4461=EDGE_CURVE('',#3548,#3546,#2895,.T.);
#4462=EDGE_CURVE('',#3547,#3548,#1890,.T.);
#4463=EDGE_CURVE('',#3547,#3549,#2896,.T.);
#4464=EDGE_CURVE('',#3550,#3548,#2897,.T.);
#4465=EDGE_CURVE('',#3549,#3550,#1891,.T.);
#4466=EDGE_CURVE('',#3549,#3551,#1892,.T.);
#4467=EDGE_CURVE('',#3552,#3550,#1893,.T.);
#4468=EDGE_CURVE('',#3551,#3552,#1894,.T.);
#4469=EDGE_CURVE('',#3551,#3553,#2898,.T.);
#4470=EDGE_CURVE('',#3554,#3552,#2899,.T.);
#4471=EDGE_CURVE('',#3553,#3554,#1895,.T.);
#4472=EDGE_CURVE('',#3553,#3555,#2900,.T.);
#4473=EDGE_CURVE('',#3556,#3554,#2901,.T.);
#4474=EDGE_CURVE('',#3555,#3556,#1896,.T.);
#4475=EDGE_CURVE('',#3555,#3557,#2902,.T.);
#4476=EDGE_CURVE('',#3558,#3556,#2903,.T.);
#4477=EDGE_CURVE('',#3557,#3558,#1897,.T.);
#4478=EDGE_CURVE('',#3557,#3559,#1898,.T.);
#4479=EDGE_CURVE('',#3560,#3558,#1899,.T.);
#4480=EDGE_CURVE('',#3559,#3560,#1900,.T.);
#4481=EDGE_CURVE('',#3559,#3561,#2904,.T.);
#4482=EDGE_CURVE('',#3562,#3560,#2905,.T.);
#4483=EDGE_CURVE('',#3561,#3562,#1901,.T.);
#4484=EDGE_CURVE('',#3561,#3563,#2906,.T.);
#4485=EDGE_CURVE('',#3564,#3562,#2907,.T.);
#4486=EDGE_CURVE('',#3563,#3564,#1902,.T.);
#4487=EDGE_CURVE('',#3563,#3565,#2908,.T.);
#4488=EDGE_CURVE('',#3566,#3564,#2909,.T.);
#4489=EDGE_CURVE('',#3565,#3566,#1903,.T.);
#4490=EDGE_CURVE('',#3565,#3567,#1904,.T.);
#4491=EDGE_CURVE('',#3568,#3566,#1905,.T.);
#4492=EDGE_CURVE('',#3567,#3568,#1906,.T.);
#4493=EDGE_CURVE('',#3567,#3569,#2910,.T.);
#4494=EDGE_CURVE('',#3570,#3568,#2911,.T.);
#4495=EDGE_CURVE('',#3569,#3570,#1907,.T.);
#4496=EDGE_CURVE('',#3569,#3571,#2912,.T.);
#4497=EDGE_CURVE('',#3572,#3570,#2913,.T.);
#4498=EDGE_CURVE('',#3571,#3572,#1908,.T.);
#4499=EDGE_CURVE('',#3571,#3573,#2914,.T.);
#4500=EDGE_CURVE('',#3574,#3572,#2915,.T.);
#4501=EDGE_CURVE('',#3573,#3574,#1909,.T.);
#4502=EDGE_CURVE('',#3573,#3575,#1910,.T.);
#4503=EDGE_CURVE('',#3576,#3574,#1911,.T.);
#4504=EDGE_CURVE('',#3575,#3576,#1912,.T.);
#4505=EDGE_CURVE('',#3575,#3577,#2916,.T.);
#4506=EDGE_CURVE('',#3578,#3576,#2917,.T.);
#4507=EDGE_CURVE('',#3577,#3578,#1913,.T.);
#4508=EDGE_CURVE('',#3577,#3579,#2918,.T.);
#4509=EDGE_CURVE('',#3580,#3578,#2919,.T.);
#4510=EDGE_CURVE('',#3579,#3580,#1914,.T.);
#4511=EDGE_CURVE('',#3579,#3581,#2920,.T.);
#4512=EDGE_CURVE('',#3582,#3580,#2921,.T.);
#4513=EDGE_CURVE('',#3581,#3582,#1915,.T.);
#4514=EDGE_CURVE('',#3581,#3583,#1916,.T.);
#4515=EDGE_CURVE('',#3584,#3582,#1917,.T.);
#4516=EDGE_CURVE('',#3583,#3584,#1918,.T.);
#4517=EDGE_CURVE('',#3583,#3463,#2922,.T.);
#4518=EDGE_CURVE('',#3464,#3584,#2923,.T.);
#4519=EDGE_CURVE('',#3521,#3387,#2924,.T.);
#4520=EDGE_CURVE('',#3384,#3585,#2925,.T.);
#4521=EDGE_CURVE('',#3585,#3522,#2926,.T.);
#4522=EDGE_CURVE('',#3392,#3394,#2927,.T.);
#4523=EDGE_CURVE('',#3585,#3374,#1919,.T.);
#4524=EDGE_CURVE('',#3382,#3380,#1920,.T.);
#4525=EDGE_CURVE('',#3586,#3586,#2928,.T.);
#4526=EDGE_CURVE('',#3586,#3587,#1921,.T.);
#4527=EDGE_CURVE('',#3587,#3587,#2929,.T.);
#4528=EDGE_CURVE('',#3588,#3589,#1922,.T.);
#4529=EDGE_CURVE('',#3589,#3590,#2930,.T.);
#4530=EDGE_CURVE('',#3590,#3591,#1923,.T.);
#4531=EDGE_CURVE('',#3591,#3592,#2931,.T.);
#4532=EDGE_CURVE('',#3592,#3372,#1924,.T.);
#4533=EDGE_CURVE('',#3295,#3363,#2932,.T.);
#4534=EDGE_CURVE('',#3311,#3593,#2933,.T.);
#4535=EDGE_CURVE('',#3593,#3355,#2934,.T.);
#4536=EDGE_CURVE('',#3369,#3267,#2935,.T.);
#4537=EDGE_CURVE('',#3352,#3263,#2936,.T.);
#4538=EDGE_CURVE('',#3262,#3353,#2937,.T.);
#4539=EDGE_CURVE('',#3258,#3368,#2938,.T.);
#4540=EDGE_CURVE('',#3365,#3594,#2939,.T.);
#4541=EDGE_CURVE('',#3594,#3215,#2940,.T.);
#4542=EDGE_CURVE('',#3214,#3348,#2941,.T.);
#4543=EDGE_CURVE('',#3349,#3207,#2942,.T.);
#4544=EDGE_CURVE('',#3206,#3350,#2943,.T.);
#4545=EDGE_CURVE('',#3202,#3351,#2944,.T.);
#4546=EDGE_CURVE('',#3198,#3595,#2945,.T.);
#4547=EDGE_CURVE('',#3595,#3346,#2946,.T.);
#4548=EDGE_CURVE('',#3367,#3588,#2947,.T.);
#4549=EDGE_CURVE('',#3596,#3596,#2948,.T.);
#4550=EDGE_CURVE('',#3597,#3597,#2949,.T.);
#4551=EDGE_CURVE('',#3598,#3598,#2950,.T.);
#4552=EDGE_CURVE('',#3599,#3599,#2951,.T.);
#4553=EDGE_CURVE('',#3600,#3600,#2952,.T.);
#4554=EDGE_CURVE('',#3601,#3601,#2953,.T.);
#4555=EDGE_CURVE('',#3602,#3602,#2954,.T.);
#4556=EDGE_CURVE('',#3603,#3603,#2955,.T.);
#4557=EDGE_CURVE('',#3604,#3604,#2956,.T.);
#4558=EDGE_CURVE('',#3605,#3605,#2957,.T.);
#4559=EDGE_CURVE('',#3606,#3606,#2958,.T.);
#4560=EDGE_CURVE('',#3607,#3607,#2959,.T.);
#4561=EDGE_CURVE('',#3608,#3608,#2960,.T.);
#4562=EDGE_CURVE('',#3609,#3609,#2961,.T.);
#4563=EDGE_CURVE('',#3610,#3610,#2962,.T.);
#4564=EDGE_CURVE('',#3611,#3611,#2963,.T.);
#4565=EDGE_CURVE('',#3611,#3587,#1925,.T.);
#4566=EDGE_CURVE('',#3596,#3612,#1926,.T.);
#4567=EDGE_CURVE('',#3612,#3612,#2964,.T.);
#4568=EDGE_CURVE('',#3613,#3613,#2965,.T.);
#4569=EDGE_CURVE('',#3613,#3612,#1927,.T.);
#4570=EDGE_CURVE('',#3610,#3614,#1928,.T.);
#4571=EDGE_CURVE('',#3614,#3614,#2966,.T.);
#4572=EDGE_CURVE('',#3615,#3615,#2967,.T.);
#4573=EDGE_CURVE('',#3615,#3614,#1929,.T.);
#4574=EDGE_CURVE('',#3597,#3616,#1930,.T.);
#4575=EDGE_CURVE('',#3616,#3616,#2968,.T.);
#4576=EDGE_CURVE('',#3617,#3617,#2969,.T.);
#4577=EDGE_CURVE('',#3617,#3616,#1931,.T.);
#4578=EDGE_CURVE('',#3609,#3618,#1932,.T.);
#4579=EDGE_CURVE('',#3618,#3619,#2970,.T.);
#4580=EDGE_CURVE('',#3619,#3618,#2971,.T.);
#4581=EDGE_CURVE('',#3620,#3620,#2972,.T.);
#4582=EDGE_CURVE('',#3620,#3619,#1933,.T.);
#4583=EDGE_CURVE('',#3598,#3621,#1934,.T.);
#4584=EDGE_CURVE('',#3621,#3621,#2973,.T.);
#4585=EDGE_CURVE('',#3622,#3622,#2974,.T.);
#4586=EDGE_CURVE('',#3622,#3621,#1935,.T.);
#4587=EDGE_CURVE('',#3608,#3623,#1936,.T.);
#4588=EDGE_CURVE('',#3623,#3623,#2975,.T.);
#4589=EDGE_CURVE('',#3624,#3624,#2976,.T.);
#4590=EDGE_CURVE('',#3624,#3623,#1937,.T.);
#4591=EDGE_CURVE('',#3599,#3625,#1938,.T.);
#4592=EDGE_CURVE('',#3625,#3625,#2977,.T.);
#4593=EDGE_CURVE('',#3626,#3626,#2978,.T.);
#4594=EDGE_CURVE('',#3626,#3625,#1939,.T.);
#4595=EDGE_CURVE('',#3607,#3627,#1940,.T.);
#4596=EDGE_CURVE('',#3627,#3627,#2979,.T.);
#4597=EDGE_CURVE('',#3628,#3628,#2980,.T.);
#4598=EDGE_CURVE('',#3628,#3627,#1941,.T.);
#4599=EDGE_CURVE('',#3600,#3629,#1942,.T.);
#4600=EDGE_CURVE('',#3629,#3629,#2981,.T.);
#4601=EDGE_CURVE('',#3630,#3630,#2982,.T.);
#4602=EDGE_CURVE('',#3630,#3629,#1943,.T.);
#4603=EDGE_CURVE('',#3606,#3631,#1944,.T.);
#4604=EDGE_CURVE('',#3631,#3631,#2983,.T.);
#4605=EDGE_CURVE('',#3632,#3632,#2984,.T.);
#4606=EDGE_CURVE('',#3632,#3631,#1945,.T.);
#4607=EDGE_CURVE('',#3601,#3633,#1946,.T.);
#4608=EDGE_CURVE('',#3633,#3633,#2985,.T.);
#4609=EDGE_CURVE('',#3634,#3634,#2986,.T.);
#4610=EDGE_CURVE('',#3634,#3633,#1947,.T.);
#4611=EDGE_CURVE('',#3605,#3635,#1948,.T.);
#4612=EDGE_CURVE('',#3635,#3635,#2987,.T.);
#4613=EDGE_CURVE('',#3636,#3636,#2988,.T.);
#4614=EDGE_CURVE('',#3636,#3635,#1949,.T.);
#4615=EDGE_CURVE('',#3602,#3637,#1950,.T.);
#4616=EDGE_CURVE('',#3637,#3638,#2989,.T.);
#4617=EDGE_CURVE('',#3638,#3637,#2990,.T.);
#4618=EDGE_CURVE('',#3639,#3639,#2991,.T.);
#4619=EDGE_CURVE('',#3639,#3638,#1951,.T.);
#4620=EDGE_CURVE('',#3604,#3640,#1952,.T.);
#4621=EDGE_CURVE('',#3640,#3641,#2992,.T.);
#4622=EDGE_CURVE('',#3641,#3640,#2993,.T.);
#4623=EDGE_CURVE('',#3642,#3642,#2994,.T.);
#4624=EDGE_CURVE('',#3642,#3641,#1953,.T.);
#4625=EDGE_CURVE('',#3603,#3643,#1954,.T.);
#4626=EDGE_CURVE('',#3643,#3644,#2995,.T.);
#4627=EDGE_CURVE('',#3644,#3643,#2996,.T.);
#4628=EDGE_CURVE('',#3645,#3645,#2997,.T.);
#4629=EDGE_CURVE('',#3645,#3644,#1955,.T.);
#4630=EDGE_CURVE('',#3646,#3647,#41,.T.);
#4631=EDGE_CURVE('',#3592,#3646,#1956,.T.);
#4632=EDGE_CURVE('',#3648,#3591,#1957,.T.);
#4633=EDGE_CURVE('',#3647,#3648,#335,.T.);
#4634=EDGE_CURVE('',#3649,#3648,#1958,.T.);
#4635=EDGE_CURVE('',#3649,#3650,#336,.T.);
#4636=EDGE_CURVE('',#3651,#3650,#1959,.T.);
#4637=EDGE_CURVE('',#3652,#3651,#1960,.T.);
#4638=EDGE_CURVE('',#3652,#3647,#1961,.T.);
#4639=EDGE_CURVE('',#3590,#3649,#1962,.T.);
#4640=EDGE_CURVE('',#3646,#3653,#337,.T.);
#4641=EDGE_CURVE('',#3653,#3654,#1963,.T.);
#4642=EDGE_CURVE('',#3655,#3654,#1964,.F.);
#4643=EDGE_CURVE('',#3655,#3373,#1965,.T.);
#4644=EDGE_CURVE('',#3656,#3589,#1966,.T.);
#4645=EDGE_CURVE('',#3650,#3656,#42,.T.);
#4646=EDGE_CURVE('',#3657,#3656,#338,.T.);
#4647=EDGE_CURVE('',#3658,#3657,#1967,.T.);
#4648=EDGE_CURVE('',#3651,#3658,#2998,.T.);
#4649=EDGE_CURVE('',#3659,#3588,#1968,.T.);
#4650=EDGE_CURVE('',#3659,#3660,#1969,.T.);
#4651=EDGE_CURVE('',#3660,#3661,#1970,.T.);
#4652=EDGE_CURVE('',#3661,#3657,#1971,.T.);
#4653=EDGE_CURVE('',#3662,#3662,#2999,.T.);
#4654=EDGE_CURVE('',#3662,#3663,#1972,.T.);
#4655=EDGE_CURVE('',#3663,#3663,#3000,.T.);
#4656=EDGE_CURVE('',#3664,#3664,#3001,.T.);
#4657=EDGE_CURVE('',#3664,#3665,#1973,.T.);
#4658=EDGE_CURVE('',#3665,#3665,#3002,.T.);
#4659=EDGE_CURVE('',#3666,#3666,#3003,.T.);
#4660=EDGE_CURVE('',#3666,#3667,#1974,.T.);
#4661=EDGE_CURVE('',#3667,#3667,#3004,.T.);
#4662=EDGE_CURVE('',#3668,#3668,#3005,.T.);
#4663=EDGE_CURVE('',#3668,#3669,#1975,.T.);
#4664=EDGE_CURVE('',#3669,#3669,#3006,.T.);
#4665=EDGE_CURVE('',#3670,#3670,#3007,.T.);
#4666=EDGE_CURVE('',#3670,#3671,#1976,.T.);
#4667=EDGE_CURVE('',#3671,#3671,#3008,.T.);
#4668=EDGE_CURVE('',#3672,#3672,#3009,.T.);
#4669=EDGE_CURVE('',#3672,#3673,#1977,.T.);
#4670=EDGE_CURVE('',#3673,#3673,#3010,.T.);
#4671=EDGE_CURVE('',#3674,#3674,#3011,.T.);
#4672=EDGE_CURVE('',#3674,#3675,#1978,.T.);
#4673=EDGE_CURVE('',#3675,#3675,#3012,.T.);
#4674=EDGE_CURVE('',#3676,#3676,#3013,.T.);
#4675=EDGE_CURVE('',#3676,#3677,#1979,.T.);
#4676=EDGE_CURVE('',#3677,#3677,#3014,.T.);
#4677=EDGE_CURVE('',#3678,#3678,#3015,.T.);
#4678=EDGE_CURVE('',#3678,#3679,#1980,.T.);
#4679=EDGE_CURVE('',#3679,#3679,#3016,.T.);
#4680=EDGE_CURVE('',#3680,#3680,#3017,.T.);
#4681=EDGE_CURVE('',#3680,#3681,#1981,.T.);
#4682=EDGE_CURVE('',#3681,#3681,#3018,.T.);
#4683=EDGE_CURVE('',#3682,#3682,#3019,.T.);
#4684=EDGE_CURVE('',#3682,#3683,#1982,.T.);
#4685=EDGE_CURVE('',#3683,#3683,#3020,.T.);
#4686=EDGE_CURVE('',#3684,#3684,#3021,.T.);
#4687=EDGE_CURVE('',#3684,#3685,#1983,.T.);
#4688=EDGE_CURVE('',#3685,#3685,#3022,.T.);
#4689=EDGE_CURVE('',#3686,#3686,#3023,.T.);
#4690=EDGE_CURVE('',#3686,#3687,#1984,.T.);
#4691=EDGE_CURVE('',#3687,#3687,#3024,.T.);
#4692=EDGE_CURVE('',#3688,#3688,#3025,.T.);
#4693=EDGE_CURVE('',#3688,#3689,#1985,.T.);
#4694=EDGE_CURVE('',#3689,#3689,#3026,.T.);
#4695=EDGE_CURVE('',#3690,#3690,#3027,.T.);
#4696=EDGE_CURVE('',#3690,#3691,#1986,.T.);
#4697=EDGE_CURVE('',#3691,#3691,#3028,.T.);
#4698=EDGE_CURVE('',#3692,#3692,#3029,.T.);
#4699=EDGE_CURVE('',#3692,#3693,#1987,.T.);
#4700=EDGE_CURVE('',#3693,#3693,#3030,.T.);
#4701=EDGE_CURVE('',#3347,#3595,#1988,.T.);
#4702=EDGE_CURVE('',#3197,#3659,#3031,.T.);
#4703=EDGE_CURVE('',#3356,#3593,#1989,.T.);
#4704=EDGE_CURVE('',#3310,#3268,#3032,.T.);
#4705=EDGE_CURVE('',#3594,#3364,#1990,.T.);
#4706=EDGE_CURVE('',#3257,#3216,#3033,.T.);
#4707=EDGE_CURVE('',#3654,#3694,#1991,.T.);
#4708=EDGE_CURVE('',#3694,#3695,#1992,.T.);
#4709=EDGE_CURVE('',#3695,#3655,#1993,.T.);
#4710=EDGE_CURVE('',#3652,#3696,#1994,.T.);
#4711=EDGE_CURVE('',#3696,#3695,#3034,.T.);
#4712=EDGE_CURVE('',#3694,#3652,#3035,.T.);
#4713=EDGE_CURVE('',#3651,#3697,#1995,.T.);
#4714=EDGE_CURVE('',#3697,#3696,#1996,.T.);
#4715=EDGE_CURVE('',#3658,#3698,#1997,.T.);
#4716=EDGE_CURVE('',#3698,#3697,#3036,.T.);
#4717=EDGE_CURVE('',#3660,#3698,#1998,.T.);
#4718=EDGE_CURVE('',#3658,#3661,#1999,.T.);
#4719=EDGE_CURVE('',#3694,#3653,#2000,.T.);
#4720=EDGE_CURVE('',#3660,#3655,#2001,.T.);
#4721=EDGE_CURVE('',#3699,#3700,#2002,.T.);
#4722=EDGE_CURVE('',#3699,#3701,#3037,.T.);
#4723=EDGE_CURVE('',#3702,#3701,#2003,.T.);
#4724=EDGE_CURVE('',#3703,#3702,#43,.T.);
#4725=EDGE_CURVE('',#3703,#3704,#2004,.T.);
#4726=EDGE_CURVE('',#3705,#3704,#3038,.T.);
#4727=EDGE_CURVE('',#3706,#3705,#339,.T.);
#4728=EDGE_CURVE('',#3707,#3706,#3039,.T.);
#4729=EDGE_CURVE('',#3148,#3707,#340,.T.);
#4730=EDGE_CURVE('',#3708,#3148,#341,.T.);
#4731=EDGE_CURVE('',#3704,#3708,#3040,.T.);
#4732=EDGE_CURVE('',#3709,#3703,#44,.T.);
#4733=EDGE_CURVE('',#3710,#3709,#45,.T.);
#4734=EDGE_CURVE('',#3700,#3710,#46,.T.);
#4735=EDGE_CURVE('',#3701,#3699,#2005,.T.);
#4736=EDGE_CURVE('',#3707,#3711,#2006,.T.);
#4737=EDGE_CURVE('',#3711,#3149,#2007,.T.);
#4738=EDGE_CURVE('',#3712,#3706,#2008,.T.);
#4739=EDGE_CURVE('',#3711,#3712,#2009,.T.);
#4740=EDGE_CURVE('',#3713,#3710,#2010,.T.);
#4741=EDGE_CURVE('',#3713,#3714,#3041,.T.);
#4742=EDGE_CURVE('',#3714,#3715,#2011,.T.);
#4743=EDGE_CURVE('',#3700,#3715,#3042,.T.);
#4744=EDGE_CURVE('',#3716,#3709,#2012,.T.);
#4745=EDGE_CURVE('',#3716,#3713,#3043,.T.);
#4746=EDGE_CURVE('',#3717,#3702,#3044,.T.);
#4747=EDGE_CURVE('',#3718,#3717,#2013,.T.);
#4748=EDGE_CURVE('',#3718,#3716,#3045,.T.);
#4749=EDGE_CURVE('',#3719,#3142,#2014,.T.);
#4750=EDGE_CURVE('',#3143,#3720,#2015,.T.);
#4751=EDGE_CURVE('',#3720,#3719,#3046,.T.);
#4752=EDGE_CURVE('',#3721,#3144,#2016,.T.);
#4753=EDGE_CURVE('',#3719,#3721,#2017,.T.);
#4754=EDGE_CURVE('',#3722,#3145,#2018,.T.);
#4755=EDGE_CURVE('',#3721,#3722,#3047,.T.);
#4756=EDGE_CURVE('',#3723,#3146,#2019,.T.);
#4757=EDGE_CURVE('',#3722,#3723,#2020,.T.);
#4758=EDGE_CURVE('',#3724,#3147,#2021,.T.);
#4759=EDGE_CURVE('',#3723,#3724,#3048,.T.);
#4760=EDGE_CURVE('',#3724,#3708,#2022,.T.);
#4761=EDGE_CURVE('',#3725,#3150,#2023,.T.);
#4762=EDGE_CURVE('',#3711,#3725,#3049,.T.);
#4763=EDGE_CURVE('',#3725,#3720,#2024,.T.);
#4764=EDGE_CURVE('',#3722,#3726,#2025,.T.);
#4765=EDGE_CURVE('',#3727,#3726,#2026,.T.);
#4766=EDGE_CURVE('',#3723,#3727,#2027,.T.);
#4767=EDGE_CURVE('',#3721,#3728,#2028,.T.);
#4768=EDGE_CURVE('',#3726,#3728,#3050,.T.);
#4769=EDGE_CURVE('',#3719,#3729,#2029,.T.);
#4770=EDGE_CURVE('',#3728,#3729,#2030,.T.);
#4771=EDGE_CURVE('',#3720,#3730,#2031,.T.);
#4772=EDGE_CURVE('',#3729,#3730,#3051,.T.);
#4773=EDGE_CURVE('',#3730,#3731,#2032,.T.);
#4774=EDGE_CURVE('',#3731,#3732,#3052,.T.);
#4775=EDGE_CURVE('',#3732,#3729,#2033,.T.);
#4776=EDGE_CURVE('',#3733,#3734,#2034,.T.);
#4777=EDGE_CURVE('',#3734,#3731,#2035,.T.);
#4778=EDGE_CURVE('',#3730,#3733,#2036,.T.);
#4779=EDGE_CURVE('',#3712,#3735,#2037,.T.);
#4780=EDGE_CURVE('',#3735,#3734,#3053,.T.);
#4781=EDGE_CURVE('',#3733,#3712,#3054,.T.);
#4782=EDGE_CURVE('',#3705,#3736,#2038,.T.);
#4783=EDGE_CURVE('',#3736,#3737,#2039,.T.);
#4784=EDGE_CURVE('',#3737,#3735,#2040,.T.);
#4785=EDGE_CURVE('',#3727,#3738,#2041,.T.);
#4786=EDGE_CURVE('',#3738,#3737,#3055,.T.);
#4787=EDGE_CURVE('',#3736,#3727,#3056,.T.);
#4788=EDGE_CURVE('',#3726,#3739,#2042,.T.);
#4789=EDGE_CURVE('',#3739,#3738,#2043,.T.);
#4790=EDGE_CURVE('',#3728,#3740,#2044,.T.);
#4791=EDGE_CURVE('',#3740,#3739,#3057,.T.);
#4792=EDGE_CURVE('',#3732,#3740,#2045,.T.);
#4793=EDGE_CURVE('',#3724,#3736,#2046,.T.);
#4794=EDGE_CURVE('',#3725,#3733,#2047,.T.);
#4795=EDGE_CURVE('',#3741,#3741,#3058,.T.);
#4796=EDGE_CURVE('',#3715,#3742,#2048,.T.);
#4797=EDGE_CURVE('',#3742,#3743,#3059,.T.);
#4798=EDGE_CURVE('',#3743,#3744,#2049,.T.);
#4799=EDGE_CURVE('',#3744,#3745,#3060,.T.);
#4800=EDGE_CURVE('',#3745,#3746,#2050,.T.);
#4801=EDGE_CURVE('',#3746,#3747,#3061,.T.);
#4802=EDGE_CURVE('',#3747,#3748,#2051,.T.);
#4803=EDGE_CURVE('',#3748,#3749,#3062,.T.);
#4804=EDGE_CURVE('',#3749,#3717,#2052,.T.);
#4805=EDGE_CURVE('',#3750,#3750,#3063,.T.);
#4806=EDGE_CURVE('',#3741,#3750,#2053,.T.);
#4807=EDGE_CURVE('',#3751,#3752,#2054,.T.);
#4808=EDGE_CURVE('',#3752,#3748,#2055,.T.);
#4809=EDGE_CURVE('',#3751,#3747,#2056,.T.);
#4810=EDGE_CURVE('',#3753,#3751,#3064,.T.);
#4811=EDGE_CURVE('',#3753,#3746,#2057,.T.);
#4812=EDGE_CURVE('',#3754,#3753,#2058,.T.);
#4813=EDGE_CURVE('',#3754,#3745,#2059,.T.);
#4814=EDGE_CURVE('',#3755,#3754,#3065,.T.);
#4815=EDGE_CURVE('',#3755,#3744,#2060,.T.);
#4816=EDGE_CURVE('',#3756,#3755,#2061,.T.);
#4817=EDGE_CURVE('',#3756,#3743,#2062,.T.);
#4818=EDGE_CURVE('',#3757,#3756,#3066,.T.);
#4819=EDGE_CURVE('',#3757,#3742,#2063,.T.);
#4820=EDGE_CURVE('',#3714,#3757,#2064,.T.);
#4821=EDGE_CURVE('',#3758,#3718,#2065,.T.);
#4822=EDGE_CURVE('',#3758,#3749,#2066,.T.);
#4823=EDGE_CURVE('',#3752,#3758,#3067,.T.);
#4824=ORIENTED_EDGE('',*,*,#3759,.T.);
#4825=ORIENTED_EDGE('',*,*,#3760,.T.);
#4826=ORIENTED_EDGE('',*,*,#3761,.T.);
#4827=ORIENTED_EDGE('',*,*,#3760,.F.);
#4828=ORIENTED_EDGE('',*,*,#3762,.F.);
#4829=ORIENTED_EDGE('',*,*,#3763,.T.);
#4830=ORIENTED_EDGE('',*,*,#3764,.T.);
#4831=ORIENTED_EDGE('',*,*,#3765,.T.);
#4832=ORIENTED_EDGE('',*,*,#3766,.T.);
#4833=ORIENTED_EDGE('',*,*,#3767,.T.);
#4834=ORIENTED_EDGE('',*,*,#3768,.T.);
#4835=ORIENTED_EDGE('',*,*,#3769,.T.);
#4836=ORIENTED_EDGE('',*,*,#3770,.T.);
#4837=ORIENTED_EDGE('',*,*,#3771,.T.);
#4838=ORIENTED_EDGE('',*,*,#3772,.T.);
#4839=ORIENTED_EDGE('',*,*,#3773,.T.);
#4840=ORIENTED_EDGE('',*,*,#3774,.T.);
#4841=ORIENTED_EDGE('',*,*,#3775,.T.);
#4842=ORIENTED_EDGE('',*,*,#3776,.T.);
#4843=ORIENTED_EDGE('',*,*,#3777,.T.);
#4844=ORIENTED_EDGE('',*,*,#3778,.T.);
#4845=ORIENTED_EDGE('',*,*,#3779,.T.);
#4846=ORIENTED_EDGE('',*,*,#3780,.T.);
#4847=ORIENTED_EDGE('',*,*,#3781,.T.);
#4848=ORIENTED_EDGE('',*,*,#3782,.T.);
#4849=ORIENTED_EDGE('',*,*,#3783,.T.);
#4850=ORIENTED_EDGE('',*,*,#3784,.T.);
#4851=ORIENTED_EDGE('',*,*,#3785,.T.);
#4852=ORIENTED_EDGE('',*,*,#3786,.T.);
#4853=ORIENTED_EDGE('',*,*,#3787,.T.);
#4854=ORIENTED_EDGE('',*,*,#3788,.T.);
#4855=ORIENTED_EDGE('',*,*,#3789,.T.);
#4856=ORIENTED_EDGE('',*,*,#3790,.T.);
#4857=ORIENTED_EDGE('',*,*,#3791,.T.);
#4858=ORIENTED_EDGE('',*,*,#3792,.T.);
#4859=ORIENTED_EDGE('',*,*,#3793,.T.);
#4860=ORIENTED_EDGE('',*,*,#3794,.T.);
#4861=ORIENTED_EDGE('',*,*,#3795,.T.);
#4862=ORIENTED_EDGE('',*,*,#3796,.T.);
#4863=ORIENTED_EDGE('',*,*,#3797,.T.);
#4864=ORIENTED_EDGE('',*,*,#3798,.T.);
#4865=ORIENTED_EDGE('',*,*,#3799,.T.);
#4866=ORIENTED_EDGE('',*,*,#3800,.T.);
#4867=ORIENTED_EDGE('',*,*,#3801,.T.);
#4868=ORIENTED_EDGE('',*,*,#3802,.T.);
#4869=ORIENTED_EDGE('',*,*,#3803,.T.);
#4870=ORIENTED_EDGE('',*,*,#3804,.T.);
#4871=ORIENTED_EDGE('',*,*,#3805,.T.);
#4872=ORIENTED_EDGE('',*,*,#3806,.T.);
#4873=ORIENTED_EDGE('',*,*,#3807,.T.);
#4874=ORIENTED_EDGE('',*,*,#3808,.F.);
#4875=ORIENTED_EDGE('',*,*,#3809,.F.);
#4876=ORIENTED_EDGE('',*,*,#3810,.T.);
#4877=ORIENTED_EDGE('',*,*,#3811,.T.);
#4878=ORIENTED_EDGE('',*,*,#3812,.T.);
#4879=ORIENTED_EDGE('',*,*,#3813,.T.);
#4880=ORIENTED_EDGE('',*,*,#3814,.T.);
#4881=ORIENTED_EDGE('',*,*,#3815,.T.);
#4882=ORIENTED_EDGE('',*,*,#3816,.T.);
#4883=ORIENTED_EDGE('',*,*,#3817,.T.);
#4884=ORIENTED_EDGE('',*,*,#3818,.T.);
#4885=ORIENTED_EDGE('',*,*,#3819,.F.);
#4886=ORIENTED_EDGE('',*,*,#3820,.T.);
#4887=ORIENTED_EDGE('',*,*,#3821,.F.);
#4888=ORIENTED_EDGE('',*,*,#3822,.T.);
#4889=ORIENTED_EDGE('',*,*,#3823,.T.);
#4890=ORIENTED_EDGE('',*,*,#3824,.T.);
#4891=ORIENTED_EDGE('',*,*,#3825,.T.);
#4892=ORIENTED_EDGE('',*,*,#3826,.T.);
#4893=ORIENTED_EDGE('',*,*,#3827,.T.);
#4894=ORIENTED_EDGE('',*,*,#3828,.T.);
#4895=ORIENTED_EDGE('',*,*,#3829,.T.);
#4896=ORIENTED_EDGE('',*,*,#3830,.T.);
#4897=ORIENTED_EDGE('',*,*,#3831,.F.);
#4898=ORIENTED_EDGE('',*,*,#3832,.F.);
#4899=ORIENTED_EDGE('',*,*,#3833,.F.);
#4900=ORIENTED_EDGE('',*,*,#3834,.F.);
#4901=ORIENTED_EDGE('',*,*,#3835,.F.);
#4902=ORIENTED_EDGE('',*,*,#3836,.F.);
#4903=ORIENTED_EDGE('',*,*,#3837,.F.);
#4904=ORIENTED_EDGE('',*,*,#3838,.F.);
#4905=ORIENTED_EDGE('',*,*,#3839,.F.);
#4906=ORIENTED_EDGE('',*,*,#3840,.F.);
#4907=ORIENTED_EDGE('',*,*,#3841,.F.);
#4908=ORIENTED_EDGE('',*,*,#3842,.F.);
#4909=ORIENTED_EDGE('',*,*,#3843,.F.);
#4910=ORIENTED_EDGE('',*,*,#3759,.F.);
#4911=ORIENTED_EDGE('',*,*,#3844,.F.);
#4912=ORIENTED_EDGE('',*,*,#3845,.T.);
#4913=ORIENTED_EDGE('',*,*,#3761,.F.);
#4914=ORIENTED_EDGE('',*,*,#3845,.F.);
#4915=ORIENTED_EDGE('',*,*,#3832,.T.);
#4916=ORIENTED_EDGE('',*,*,#3846,.T.);
#4917=ORIENTED_EDGE('',*,*,#3847,.T.);
#4918=ORIENTED_EDGE('',*,*,#3846,.F.);
#4919=ORIENTED_EDGE('',*,*,#3848,.F.);
#4920=ORIENTED_EDGE('',*,*,#3849,.T.);
#4921=ORIENTED_EDGE('',*,*,#3847,.F.);
#4922=ORIENTED_EDGE('',*,*,#3849,.F.);
#4923=ORIENTED_EDGE('',*,*,#3843,.T.);
#4924=ORIENTED_EDGE('',*,*,#3850,.T.);
#4925=ORIENTED_EDGE('',*,*,#3851,.T.);
#4926=ORIENTED_EDGE('',*,*,#3850,.F.);
#4927=ORIENTED_EDGE('',*,*,#3852,.F.);
#4928=ORIENTED_EDGE('',*,*,#3853,.T.);
#4929=ORIENTED_EDGE('',*,*,#3851,.F.);
#4930=ORIENTED_EDGE('',*,*,#3853,.F.);
#4931=ORIENTED_EDGE('',*,*,#3833,.T.);
#4932=ORIENTED_EDGE('',*,*,#3854,.T.);
#4933=ORIENTED_EDGE('',*,*,#3855,.T.);
#4934=ORIENTED_EDGE('',*,*,#3854,.F.);
#4935=ORIENTED_EDGE('',*,*,#3856,.F.);
#4936=ORIENTED_EDGE('',*,*,#3857,.T.);
#4937=ORIENTED_EDGE('',*,*,#3855,.F.);
#4938=ORIENTED_EDGE('',*,*,#3857,.F.);
#4939=ORIENTED_EDGE('',*,*,#3858,.T.);
#4940=ORIENTED_EDGE('',*,*,#3762,.T.);
#4941=ORIENTED_EDGE('',*,*,#3859,.T.);
#4942=ORIENTED_EDGE('',*,*,#3860,.T.);
#4943=ORIENTED_EDGE('',*,*,#3859,.F.);
#4944=ORIENTED_EDGE('',*,*,#3831,.T.);
#4945=ORIENTED_EDGE('',*,*,#3858,.F.);
#4946=ORIENTED_EDGE('',*,*,#3830,.F.);
#4947=ORIENTED_EDGE('',*,*,#3861,.T.);
#4948=ORIENTED_EDGE('',*,*,#3862,.F.);
#4949=ORIENTED_EDGE('',*,*,#3863,.F.);
#4950=ORIENTED_EDGE('',*,*,#3763,.F.);
#4951=ORIENTED_EDGE('',*,*,#3864,.F.);
#4952=ORIENTED_EDGE('',*,*,#3865,.T.);
#4953=ORIENTED_EDGE('',*,*,#3860,.F.);
#4954=ORIENTED_EDGE('',*,*,#3865,.F.);
#4955=ORIENTED_EDGE('',*,*,#3866,.T.);
#4956=ORIENTED_EDGE('',*,*,#3809,.T.);
#4957=ORIENTED_EDGE('',*,*,#3867,.T.);
#4958=ORIENTED_EDGE('',*,*,#3868,.T.);
#4959=ORIENTED_EDGE('',*,*,#3867,.F.);
#4960=ORIENTED_EDGE('',*,*,#3808,.T.);
#4961=ORIENTED_EDGE('',*,*,#3866,.F.);
#4962=ORIENTED_EDGE('',*,*,#3807,.F.);
#4963=ORIENTED_EDGE('',*,*,#3869,.T.);
#4964=ORIENTED_EDGE('',*,*,#3870,.F.);
#4965=ORIENTED_EDGE('',*,*,#3871,.F.);
#4966=ORIENTED_EDGE('',*,*,#3810,.F.);
#4967=ORIENTED_EDGE('',*,*,#3872,.F.);
#4968=ORIENTED_EDGE('',*,*,#3873,.T.);
#4969=ORIENTED_EDGE('',*,*,#3868,.F.);
#4970=ORIENTED_EDGE('',*,*,#3873,.F.);
#4971=ORIENTED_EDGE('',*,*,#3874,.T.);
#4972=ORIENTED_EDGE('',*,*,#3875,.T.);
#4973=ORIENTED_EDGE('',*,*,#3876,.T.);
#4974=ORIENTED_EDGE('',*,*,#3875,.F.);
#4975=ORIENTED_EDGE('',*,*,#3876,.F.);
#4976=ORIENTED_EDGE('',*,*,#3877,.T.);
#4977=ORIENTED_EDGE('',*,*,#3878,.F.);
#4978=ORIENTED_EDGE('',*,*,#3877,.F.);
#4979=ORIENTED_EDGE('',*,*,#3872,.T.);
#4980=ORIENTED_EDGE('',*,*,#3874,.F.);
#4981=ORIENTED_EDGE('',*,*,#3879,.T.);
#4982=ORIENTED_EDGE('',*,*,#3880,.T.);
#4983=ORIENTED_EDGE('',*,*,#3881,.T.);
#4984=ORIENTED_EDGE('',*,*,#3880,.F.);
#4985=ORIENTED_EDGE('',*,*,#3881,.F.);
#4986=ORIENTED_EDGE('',*,*,#3882,.T.);
#4987=ORIENTED_EDGE('',*,*,#3883,.F.);
#4988=ORIENTED_EDGE('',*,*,#3882,.F.);
#4989=ORIENTED_EDGE('',*,*,#3864,.T.);
#4990=ORIENTED_EDGE('',*,*,#3879,.F.);
#4991=ORIENTED_EDGE('',*,*,#3884,.F.);
#4992=ORIENTED_EDGE('',*,*,#3885,.T.);
#4993=ORIENTED_EDGE('',*,*,#3886,.F.);
#4994=ORIENTED_EDGE('',*,*,#3885,.F.);
#4995=ORIENTED_EDGE('',*,*,#3856,.T.);
#4996=ORIENTED_EDGE('',*,*,#3884,.T.);
#4997=ORIENTED_EDGE('',*,*,#3886,.T.);
#4998=ORIENTED_EDGE('',*,*,#3887,.F.);
#4999=ORIENTED_EDGE('',*,*,#3888,.T.);
#5000=ORIENTED_EDGE('',*,*,#3889,.F.);
#5001=ORIENTED_EDGE('',*,*,#3888,.F.);
#5002=ORIENTED_EDGE('',*,*,#3852,.T.);
#5003=ORIENTED_EDGE('',*,*,#3887,.T.);
#5004=ORIENTED_EDGE('',*,*,#3878,.T.);
#5005=ORIENTED_EDGE('',*,*,#3890,.F.);
#5006=ORIENTED_EDGE('',*,*,#3891,.T.);
#5007=ORIENTED_EDGE('',*,*,#3892,.F.);
#5008=ORIENTED_EDGE('',*,*,#3891,.F.);
#5009=ORIENTED_EDGE('',*,*,#3848,.T.);
#5010=ORIENTED_EDGE('',*,*,#3890,.T.);
#5011=ORIENTED_EDGE('',*,*,#3889,.T.);
#5012=ORIENTED_EDGE('',*,*,#3892,.T.);
#5013=ORIENTED_EDGE('',*,*,#3893,.F.);
#5014=ORIENTED_EDGE('',*,*,#3894,.T.);
#5015=ORIENTED_EDGE('',*,*,#3895,.F.);
#5016=ORIENTED_EDGE('',*,*,#3894,.F.);
#5017=ORIENTED_EDGE('',*,*,#3844,.T.);
#5018=ORIENTED_EDGE('',*,*,#3893,.T.);
#5019=ORIENTED_EDGE('',*,*,#3883,.T.);
#5020=ORIENTED_EDGE('',*,*,#3896,.F.);
#5021=ORIENTED_EDGE('',*,*,#3897,.T.);
#5022=ORIENTED_EDGE('',*,*,#3819,.T.);
#5023=ORIENTED_EDGE('',*,*,#3898,.T.);
#5024=ORIENTED_EDGE('',*,*,#3899,.T.);
#5025=ORIENTED_EDGE('',*,*,#3897,.F.);
#5026=ORIENTED_EDGE('',*,*,#3900,.T.);
#5027=ORIENTED_EDGE('',*,*,#3901,.F.);
#5028=ORIENTED_EDGE('',*,*,#3902,.T.);
#5029=ORIENTED_EDGE('',*,*,#3903,.F.);
#5030=ORIENTED_EDGE('',*,*,#3820,.F.);
#5031=ORIENTED_EDGE('',*,*,#3904,.F.);
#5032=ORIENTED_EDGE('',*,*,#3905,.T.);
#5033=ORIENTED_EDGE('',*,*,#3821,.T.);
#5034=ORIENTED_EDGE('',*,*,#3903,.T.);
#5035=ORIENTED_EDGE('',*,*,#3906,.T.);
#5036=ORIENTED_EDGE('',*,*,#3905,.F.);
#5037=ORIENTED_EDGE('',*,*,#3907,.T.);
#5038=ORIENTED_EDGE('',*,*,#3822,.F.);
#5039=ORIENTED_EDGE('',*,*,#3908,.T.);
#5040=ORIENTED_EDGE('',*,*,#3909,.T.);
#5041=ORIENTED_EDGE('',*,*,#3910,.T.);
#5042=ORIENTED_EDGE('',*,*,#3911,.T.);
#5043=ORIENTED_EDGE('',*,*,#3912,.T.);
#5044=ORIENTED_EDGE('',*,*,#3913,.T.);
#5045=ORIENTED_EDGE('',*,*,#3914,.T.);
#5046=ORIENTED_EDGE('',*,*,#3909,.F.);
#5047=ORIENTED_EDGE('',*,*,#3915,.T.);
#5048=ORIENTED_EDGE('',*,*,#3916,.T.);
#5049=ORIENTED_EDGE('',*,*,#3917,.T.);
#5050=ORIENTED_EDGE('',*,*,#3913,.F.);
#5051=ORIENTED_EDGE('',*,*,#3918,.T.);
#5052=ORIENTED_EDGE('',*,*,#3916,.F.);
#5053=ORIENTED_EDGE('',*,*,#3919,.T.);
#5054=ORIENTED_EDGE('',*,*,#3911,.F.);
#5055=ORIENTED_EDGE('',*,*,#3920,.T.);
#5056=ORIENTED_EDGE('',*,*,#3921,.F.);
#5057=ORIENTED_EDGE('',*,*,#3922,.T.);
#5058=ORIENTED_EDGE('',*,*,#3923,.T.);
#5059=ORIENTED_EDGE('',*,*,#3924,.T.);
#5060=ORIENTED_EDGE('',*,*,#3925,.F.);
#5061=ORIENTED_EDGE('',*,*,#3926,.T.);
#5062=ORIENTED_EDGE('',*,*,#3927,.T.);
#5063=ORIENTED_EDGE('',*,*,#3928,.T.);
#5064=ORIENTED_EDGE('',*,*,#3929,.F.);
#5065=ORIENTED_EDGE('',*,*,#3930,.T.);
#5066=ORIENTED_EDGE('',*,*,#3931,.T.);
#5067=ORIENTED_EDGE('',*,*,#3932,.T.);
#5068=ORIENTED_EDGE('',*,*,#3933,.F.);
#5069=ORIENTED_EDGE('',*,*,#3934,.T.);
#5070=ORIENTED_EDGE('',*,*,#3935,.T.);
#5071=ORIENTED_EDGE('',*,*,#3936,.T.);
#5072=ORIENTED_EDGE('',*,*,#3937,.F.);
#5073=ORIENTED_EDGE('',*,*,#3938,.F.);
#5074=ORIENTED_EDGE('',*,*,#3939,.T.);
#5075=ORIENTED_EDGE('',*,*,#3940,.F.);
#5076=ORIENTED_EDGE('',*,*,#3941,.F.);
#5077=ORIENTED_EDGE('',*,*,#3942,.F.);
#5078=ORIENTED_EDGE('',*,*,#3943,.F.);
#5079=ORIENTED_EDGE('',*,*,#3944,.F.);
#5080=ORIENTED_EDGE('',*,*,#3945,.F.);
#5081=ORIENTED_EDGE('',*,*,#3946,.F.);
#5082=ORIENTED_EDGE('',*,*,#3947,.F.);
#5083=ORIENTED_EDGE('',*,*,#3948,.F.);
#5084=ORIENTED_EDGE('',*,*,#3949,.F.);
#5085=ORIENTED_EDGE('',*,*,#3950,.F.);
#5086=ORIENTED_EDGE('',*,*,#3951,.F.);
#5087=ORIENTED_EDGE('',*,*,#3952,.F.);
#5088=ORIENTED_EDGE('',*,*,#3953,.F.);
#5089=ORIENTED_EDGE('',*,*,#3954,.F.);
#5090=ORIENTED_EDGE('',*,*,#3955,.F.);
#5091=ORIENTED_EDGE('',*,*,#3908,.F.);
#5092=ORIENTED_EDGE('',*,*,#3919,.F.);
#5093=ORIENTED_EDGE('',*,*,#3915,.F.);
#5094=ORIENTED_EDGE('',*,*,#3912,.F.);
#5095=ORIENTED_EDGE('',*,*,#3942,.T.);
#5096=ORIENTED_EDGE('',*,*,#3956,.T.);
#5097=ORIENTED_EDGE('',*,*,#3957,.T.);
#5098=ORIENTED_EDGE('',*,*,#3958,.F.);
#5099=ORIENTED_EDGE('',*,*,#3940,.T.);
#5100=ORIENTED_EDGE('',*,*,#3959,.T.);
#5101=ORIENTED_EDGE('',*,*,#3960,.T.);
#5102=ORIENTED_EDGE('',*,*,#3961,.T.);
#5103=ORIENTED_EDGE('',*,*,#3962,.T.);
#5104=ORIENTED_EDGE('',*,*,#3959,.F.);
#5105=ORIENTED_EDGE('',*,*,#3943,.T.);
#5106=ORIENTED_EDGE('',*,*,#3958,.T.);
#5107=ORIENTED_EDGE('',*,*,#3941,.T.);
#5108=ORIENTED_EDGE('',*,*,#3961,.F.);
#5109=ORIENTED_EDGE('',*,*,#3963,.T.);
#5110=ORIENTED_EDGE('',*,*,#3956,.F.);
#5111=ORIENTED_EDGE('',*,*,#3954,.T.);
#5112=ORIENTED_EDGE('',*,*,#3964,.T.);
#5113=ORIENTED_EDGE('',*,*,#3965,.T.);
#5114=ORIENTED_EDGE('',*,*,#3966,.F.);
#5115=ORIENTED_EDGE('',*,*,#3952,.T.);
#5116=ORIENTED_EDGE('',*,*,#3967,.T.);
#5117=ORIENTED_EDGE('',*,*,#3968,.T.);
#5118=ORIENTED_EDGE('',*,*,#3969,.T.);
#5119=ORIENTED_EDGE('',*,*,#3970,.T.);
#5120=ORIENTED_EDGE('',*,*,#3967,.F.);
#5121=ORIENTED_EDGE('',*,*,#3955,.T.);
#5122=ORIENTED_EDGE('',*,*,#3966,.T.);
#5123=ORIENTED_EDGE('',*,*,#3953,.T.);
#5124=ORIENTED_EDGE('',*,*,#3969,.F.);
#5125=ORIENTED_EDGE('',*,*,#3971,.T.);
#5126=ORIENTED_EDGE('',*,*,#3964,.F.);
#5127=ORIENTED_EDGE('',*,*,#3946,.T.);
#5128=ORIENTED_EDGE('',*,*,#3972,.T.);
#5129=ORIENTED_EDGE('',*,*,#3973,.T.);
#5130=ORIENTED_EDGE('',*,*,#3974,.F.);
#5131=ORIENTED_EDGE('',*,*,#3944,.T.);
#5132=ORIENTED_EDGE('',*,*,#3975,.T.);
#5133=ORIENTED_EDGE('',*,*,#3976,.T.);
#5134=ORIENTED_EDGE('',*,*,#3977,.T.);
#5135=ORIENTED_EDGE('',*,*,#3978,.T.);
#5136=ORIENTED_EDGE('',*,*,#3975,.F.);
#5137=ORIENTED_EDGE('',*,*,#3947,.T.);
#5138=ORIENTED_EDGE('',*,*,#3974,.T.);
#5139=ORIENTED_EDGE('',*,*,#3945,.T.);
#5140=ORIENTED_EDGE('',*,*,#3977,.F.);
#5141=ORIENTED_EDGE('',*,*,#3979,.T.);
#5142=ORIENTED_EDGE('',*,*,#3972,.F.);
#5143=ORIENTED_EDGE('',*,*,#3950,.T.);
#5144=ORIENTED_EDGE('',*,*,#3980,.T.);
#5145=ORIENTED_EDGE('',*,*,#3981,.T.);
#5146=ORIENTED_EDGE('',*,*,#3982,.F.);
#5147=ORIENTED_EDGE('',*,*,#3948,.T.);
#5148=ORIENTED_EDGE('',*,*,#3983,.T.);
#5149=ORIENTED_EDGE('',*,*,#3984,.T.);
#5150=ORIENTED_EDGE('',*,*,#3985,.T.);
#5151=ORIENTED_EDGE('',*,*,#3986,.T.);
#5152=ORIENTED_EDGE('',*,*,#3983,.F.);
#5153=ORIENTED_EDGE('',*,*,#3951,.T.);
#5154=ORIENTED_EDGE('',*,*,#3982,.T.);
#5155=ORIENTED_EDGE('',*,*,#3949,.T.);
#5156=ORIENTED_EDGE('',*,*,#3985,.F.);
#5157=ORIENTED_EDGE('',*,*,#3987,.T.);
#5158=ORIENTED_EDGE('',*,*,#3980,.F.);
#5159=ORIENTED_EDGE('',*,*,#3988,.T.);
#5160=ORIENTED_EDGE('',*,*,#3989,.T.);
#5161=ORIENTED_EDGE('',*,*,#3990,.T.);
#5162=ORIENTED_EDGE('',*,*,#3991,.T.);
#5163=ORIENTED_EDGE('',*,*,#3992,.T.);
#5164=ORIENTED_EDGE('',*,*,#3993,.T.);
#5165=ORIENTED_EDGE('',*,*,#3994,.T.);
#5166=ORIENTED_EDGE('',*,*,#3989,.F.);
#5167=ORIENTED_EDGE('',*,*,#3995,.T.);
#5168=ORIENTED_EDGE('',*,*,#3996,.T.);
#5169=ORIENTED_EDGE('',*,*,#3997,.T.);
#5170=ORIENTED_EDGE('',*,*,#3993,.F.);
#5171=ORIENTED_EDGE('',*,*,#3998,.T.);
#5172=ORIENTED_EDGE('',*,*,#3996,.F.);
#5173=ORIENTED_EDGE('',*,*,#3999,.T.);
#5174=ORIENTED_EDGE('',*,*,#3991,.F.);
#5175=ORIENTED_EDGE('',*,*,#4000,.T.);
#5176=ORIENTED_EDGE('',*,*,#4001,.F.);
#5177=ORIENTED_EDGE('',*,*,#4002,.T.);
#5178=ORIENTED_EDGE('',*,*,#4003,.T.);
#5179=ORIENTED_EDGE('',*,*,#4004,.T.);
#5180=ORIENTED_EDGE('',*,*,#4005,.F.);
#5181=ORIENTED_EDGE('',*,*,#4006,.T.);
#5182=ORIENTED_EDGE('',*,*,#4007,.T.);
#5183=ORIENTED_EDGE('',*,*,#4008,.T.);
#5184=ORIENTED_EDGE('',*,*,#4009,.F.);
#5185=ORIENTED_EDGE('',*,*,#4010,.F.);
#5186=ORIENTED_EDGE('',*,*,#4011,.T.);
#5187=ORIENTED_EDGE('',*,*,#4012,.F.);
#5188=ORIENTED_EDGE('',*,*,#4013,.F.);
#5189=ORIENTED_EDGE('',*,*,#4014,.F.);
#5190=ORIENTED_EDGE('',*,*,#4015,.F.);
#5191=ORIENTED_EDGE('',*,*,#4016,.F.);
#5192=ORIENTED_EDGE('',*,*,#4017,.F.);
#5193=ORIENTED_EDGE('',*,*,#4018,.F.);
#5194=ORIENTED_EDGE('',*,*,#4019,.F.);
#5195=ORIENTED_EDGE('',*,*,#3988,.F.);
#5196=ORIENTED_EDGE('',*,*,#3999,.F.);
#5197=ORIENTED_EDGE('',*,*,#3995,.F.);
#5198=ORIENTED_EDGE('',*,*,#3992,.F.);
#5199=ORIENTED_EDGE('',*,*,#4014,.T.);
#5200=ORIENTED_EDGE('',*,*,#4020,.T.);
#5201=ORIENTED_EDGE('',*,*,#4021,.T.);
#5202=ORIENTED_EDGE('',*,*,#4022,.F.);
#5203=ORIENTED_EDGE('',*,*,#4012,.T.);
#5204=ORIENTED_EDGE('',*,*,#4023,.T.);
#5205=ORIENTED_EDGE('',*,*,#4024,.T.);
#5206=ORIENTED_EDGE('',*,*,#4025,.T.);
#5207=ORIENTED_EDGE('',*,*,#4026,.T.);
#5208=ORIENTED_EDGE('',*,*,#4023,.F.);
#5209=ORIENTED_EDGE('',*,*,#4015,.T.);
#5210=ORIENTED_EDGE('',*,*,#4022,.T.);
#5211=ORIENTED_EDGE('',*,*,#4013,.T.);
#5212=ORIENTED_EDGE('',*,*,#4025,.F.);
#5213=ORIENTED_EDGE('',*,*,#4027,.T.);
#5214=ORIENTED_EDGE('',*,*,#4020,.F.);
#5215=ORIENTED_EDGE('',*,*,#4016,.T.);
#5216=ORIENTED_EDGE('',*,*,#4028,.T.);
#5217=ORIENTED_EDGE('',*,*,#4029,.T.);
#5218=ORIENTED_EDGE('',*,*,#4030,.F.);
#5219=ORIENTED_EDGE('',*,*,#4019,.T.);
#5220=ORIENTED_EDGE('',*,*,#4031,.T.);
#5221=ORIENTED_EDGE('',*,*,#4032,.T.);
#5222=ORIENTED_EDGE('',*,*,#4028,.F.);
#5223=ORIENTED_EDGE('',*,*,#4033,.T.);
#5224=ORIENTED_EDGE('',*,*,#4034,.T.);
#5225=ORIENTED_EDGE('',*,*,#4017,.T.);
#5226=ORIENTED_EDGE('',*,*,#4030,.T.);
#5227=ORIENTED_EDGE('',*,*,#4018,.T.);
#5228=ORIENTED_EDGE('',*,*,#4034,.F.);
#5229=ORIENTED_EDGE('',*,*,#4035,.T.);
#5230=ORIENTED_EDGE('',*,*,#4031,.F.);
#5231=ORIENTED_EDGE('',*,*,#4036,.T.);
#5232=ORIENTED_EDGE('',*,*,#4037,.T.);
#5233=ORIENTED_EDGE('',*,*,#4038,.T.);
#5234=ORIENTED_EDGE('',*,*,#4039,.T.);
#5235=ORIENTED_EDGE('',*,*,#4040,.T.);
#5236=ORIENTED_EDGE('',*,*,#4041,.T.);
#5237=ORIENTED_EDGE('',*,*,#4042,.T.);
#5238=ORIENTED_EDGE('',*,*,#4037,.F.);
#5239=ORIENTED_EDGE('',*,*,#4043,.T.);
#5240=ORIENTED_EDGE('',*,*,#4044,.T.);
#5241=ORIENTED_EDGE('',*,*,#4045,.T.);
#5242=ORIENTED_EDGE('',*,*,#4041,.F.);
#5243=ORIENTED_EDGE('',*,*,#4046,.T.);
#5244=ORIENTED_EDGE('',*,*,#4044,.F.);
#5245=ORIENTED_EDGE('',*,*,#4047,.T.);
#5246=ORIENTED_EDGE('',*,*,#4039,.F.);
#5247=ORIENTED_EDGE('',*,*,#4048,.T.);
#5248=ORIENTED_EDGE('',*,*,#4049,.T.);
#5249=ORIENTED_EDGE('',*,*,#4050,.F.);
#5250=ORIENTED_EDGE('',*,*,#4051,.T.);
#5251=ORIENTED_EDGE('',*,*,#4052,.T.);
#5252=ORIENTED_EDGE('',*,*,#4053,.T.);
#5253=ORIENTED_EDGE('',*,*,#4054,.F.);
#5254=ORIENTED_EDGE('',*,*,#4055,.T.);
#5255=ORIENTED_EDGE('',*,*,#4056,.T.);
#5256=ORIENTED_EDGE('',*,*,#4057,.T.);
#5257=ORIENTED_EDGE('',*,*,#4058,.F.);
#5258=ORIENTED_EDGE('',*,*,#4059,.T.);
#5259=ORIENTED_EDGE('',*,*,#4060,.T.);
#5260=ORIENTED_EDGE('',*,*,#4061,.T.);
#5261=ORIENTED_EDGE('',*,*,#4062,.F.);
#5262=ORIENTED_EDGE('',*,*,#4063,.F.);
#5263=ORIENTED_EDGE('',*,*,#4064,.T.);
#5264=ORIENTED_EDGE('',*,*,#4065,.T.);
#5265=ORIENTED_EDGE('',*,*,#4066,.F.);
#5266=ORIENTED_EDGE('',*,*,#4067,.T.);
#5267=ORIENTED_EDGE('',*,*,#4068,.F.);
#5268=ORIENTED_EDGE('',*,*,#4069,.F.);
#5269=ORIENTED_EDGE('',*,*,#4070,.F.);
#5270=ORIENTED_EDGE('',*,*,#4071,.F.);
#5271=ORIENTED_EDGE('',*,*,#4072,.F.);
#5272=ORIENTED_EDGE('',*,*,#4073,.F.);
#5273=ORIENTED_EDGE('',*,*,#4074,.F.);
#5274=ORIENTED_EDGE('',*,*,#4075,.F.);
#5275=ORIENTED_EDGE('',*,*,#4076,.F.);
#5276=ORIENTED_EDGE('',*,*,#4077,.F.);
#5277=ORIENTED_EDGE('',*,*,#4078,.F.);
#5278=ORIENTED_EDGE('',*,*,#4079,.F.);
#5279=ORIENTED_EDGE('',*,*,#4080,.F.);
#5280=ORIENTED_EDGE('',*,*,#4081,.F.);
#5281=ORIENTED_EDGE('',*,*,#4082,.F.);
#5282=ORIENTED_EDGE('',*,*,#4083,.F.);
#5283=ORIENTED_EDGE('',*,*,#4036,.F.);
#5284=ORIENTED_EDGE('',*,*,#4047,.F.);
#5285=ORIENTED_EDGE('',*,*,#4043,.F.);
#5286=ORIENTED_EDGE('',*,*,#4040,.F.);
#5287=ORIENTED_EDGE('',*,*,#4068,.T.);
#5288=ORIENTED_EDGE('',*,*,#4084,.T.);
#5289=ORIENTED_EDGE('',*,*,#4085,.T.);
#5290=ORIENTED_EDGE('',*,*,#4086,.T.);
#5291=ORIENTED_EDGE('',*,*,#4071,.T.);
#5292=ORIENTED_EDGE('',*,*,#4087,.T.);
#5293=ORIENTED_EDGE('',*,*,#4088,.T.);
#5294=ORIENTED_EDGE('',*,*,#4084,.F.);
#5295=ORIENTED_EDGE('',*,*,#4070,.T.);
#5296=ORIENTED_EDGE('',*,*,#4089,.T.);
#5297=ORIENTED_EDGE('',*,*,#4090,.T.);
#5298=ORIENTED_EDGE('',*,*,#4087,.F.);
#5299=ORIENTED_EDGE('',*,*,#4091,.T.);
#5300=ORIENTED_EDGE('',*,*,#4089,.F.);
#5301=ORIENTED_EDGE('',*,*,#4069,.T.);
#5302=ORIENTED_EDGE('',*,*,#4086,.F.);
#5303=ORIENTED_EDGE('',*,*,#4080,.T.);
#5304=ORIENTED_EDGE('',*,*,#4092,.T.);
#5305=ORIENTED_EDGE('',*,*,#4093,.T.);
#5306=ORIENTED_EDGE('',*,*,#4094,.T.);
#5307=ORIENTED_EDGE('',*,*,#4083,.T.);
#5308=ORIENTED_EDGE('',*,*,#4095,.T.);
#5309=ORIENTED_EDGE('',*,*,#4096,.T.);
#5310=ORIENTED_EDGE('',*,*,#4092,.F.);
#5311=ORIENTED_EDGE('',*,*,#4082,.T.);
#5312=ORIENTED_EDGE('',*,*,#4097,.T.);
#5313=ORIENTED_EDGE('',*,*,#4098,.T.);
#5314=ORIENTED_EDGE('',*,*,#4095,.F.);
#5315=ORIENTED_EDGE('',*,*,#4099,.T.);
#5316=ORIENTED_EDGE('',*,*,#4097,.F.);
#5317=ORIENTED_EDGE('',*,*,#4081,.T.);
#5318=ORIENTED_EDGE('',*,*,#4094,.F.);
#5319=ORIENTED_EDGE('',*,*,#4072,.T.);
#5320=ORIENTED_EDGE('',*,*,#4100,.T.);
#5321=ORIENTED_EDGE('',*,*,#4101,.T.);
#5322=ORIENTED_EDGE('',*,*,#4102,.T.);
#5323=ORIENTED_EDGE('',*,*,#4075,.T.);
#5324=ORIENTED_EDGE('',*,*,#4103,.T.);
#5325=ORIENTED_EDGE('',*,*,#4104,.T.);
#5326=ORIENTED_EDGE('',*,*,#4100,.F.);
#5327=ORIENTED_EDGE('',*,*,#4074,.T.);
#5328=ORIENTED_EDGE('',*,*,#4105,.T.);
#5329=ORIENTED_EDGE('',*,*,#4106,.T.);
#5330=ORIENTED_EDGE('',*,*,#4103,.F.);
#5331=ORIENTED_EDGE('',*,*,#4107,.T.);
#5332=ORIENTED_EDGE('',*,*,#4105,.F.);
#5333=ORIENTED_EDGE('',*,*,#4073,.T.);
#5334=ORIENTED_EDGE('',*,*,#4102,.F.);
#5335=ORIENTED_EDGE('',*,*,#4076,.T.);
#5336=ORIENTED_EDGE('',*,*,#4108,.T.);
#5337=ORIENTED_EDGE('',*,*,#4109,.T.);
#5338=ORIENTED_EDGE('',*,*,#4110,.T.);
#5339=ORIENTED_EDGE('',*,*,#4079,.T.);
#5340=ORIENTED_EDGE('',*,*,#4111,.T.);
#5341=ORIENTED_EDGE('',*,*,#4112,.T.);
#5342=ORIENTED_EDGE('',*,*,#4108,.F.);
#5343=ORIENTED_EDGE('',*,*,#4078,.T.);
#5344=ORIENTED_EDGE('',*,*,#4113,.T.);
#5345=ORIENTED_EDGE('',*,*,#4114,.T.);
#5346=ORIENTED_EDGE('',*,*,#4111,.F.);
#5347=ORIENTED_EDGE('',*,*,#4115,.T.);
#5348=ORIENTED_EDGE('',*,*,#4113,.F.);
#5349=ORIENTED_EDGE('',*,*,#4077,.T.);
#5350=ORIENTED_EDGE('',*,*,#4110,.F.);
#5351=ORIENTED_EDGE('',*,*,#4035,.F.);
#5352=ORIENTED_EDGE('',*,*,#4033,.F.);
#5353=ORIENTED_EDGE('',*,*,#4029,.F.);
#5354=ORIENTED_EDGE('',*,*,#4032,.F.);
#5355=ORIENTED_EDGE('',*,*,#3998,.F.);
#5356=ORIENTED_EDGE('',*,*,#3990,.F.);
#5357=ORIENTED_EDGE('',*,*,#3994,.F.);
#5358=ORIENTED_EDGE('',*,*,#3997,.F.);
#5359=ORIENTED_EDGE('',*,*,#4027,.F.);
#5360=ORIENTED_EDGE('',*,*,#4024,.F.);
#5361=ORIENTED_EDGE('',*,*,#4026,.F.);
#5362=ORIENTED_EDGE('',*,*,#4021,.F.);
#5363=ORIENTED_EDGE('',*,*,#3971,.F.);
#5364=ORIENTED_EDGE('',*,*,#3968,.F.);
#5365=ORIENTED_EDGE('',*,*,#3970,.F.);
#5366=ORIENTED_EDGE('',*,*,#3965,.F.);
#5367=ORIENTED_EDGE('',*,*,#3963,.F.);
#5368=ORIENTED_EDGE('',*,*,#3960,.F.);
#5369=ORIENTED_EDGE('',*,*,#3962,.F.);
#5370=ORIENTED_EDGE('',*,*,#3957,.F.);
#5371=ORIENTED_EDGE('',*,*,#3979,.F.);
#5372=ORIENTED_EDGE('',*,*,#3976,.F.);
#5373=ORIENTED_EDGE('',*,*,#3978,.F.);
#5374=ORIENTED_EDGE('',*,*,#3973,.F.);
#5375=ORIENTED_EDGE('',*,*,#3918,.F.);
#5376=ORIENTED_EDGE('',*,*,#3910,.F.);
#5377=ORIENTED_EDGE('',*,*,#3914,.F.);
#5378=ORIENTED_EDGE('',*,*,#3917,.F.);
#5379=ORIENTED_EDGE('',*,*,#3987,.F.);
#5380=ORIENTED_EDGE('',*,*,#3984,.F.);
#5381=ORIENTED_EDGE('',*,*,#3986,.F.);
#5382=ORIENTED_EDGE('',*,*,#3981,.F.);
#5383=ORIENTED_EDGE('',*,*,#4091,.F.);
#5384=ORIENTED_EDGE('',*,*,#4085,.F.);
#5385=ORIENTED_EDGE('',*,*,#4088,.F.);
#5386=ORIENTED_EDGE('',*,*,#4090,.F.);
#5387=ORIENTED_EDGE('',*,*,#4115,.F.);
#5388=ORIENTED_EDGE('',*,*,#4109,.F.);
#5389=ORIENTED_EDGE('',*,*,#4112,.F.);
#5390=ORIENTED_EDGE('',*,*,#4114,.F.);
#5391=ORIENTED_EDGE('',*,*,#4099,.F.);
#5392=ORIENTED_EDGE('',*,*,#4093,.F.);
#5393=ORIENTED_EDGE('',*,*,#4096,.F.);
#5394=ORIENTED_EDGE('',*,*,#4098,.F.);
#5395=ORIENTED_EDGE('',*,*,#4046,.F.);
#5396=ORIENTED_EDGE('',*,*,#4038,.F.);
#5397=ORIENTED_EDGE('',*,*,#4042,.F.);
#5398=ORIENTED_EDGE('',*,*,#4045,.F.);
#5399=ORIENTED_EDGE('',*,*,#4107,.F.);
#5400=ORIENTED_EDGE('',*,*,#4101,.F.);
#5401=ORIENTED_EDGE('',*,*,#4104,.F.);
#5402=ORIENTED_EDGE('',*,*,#4106,.F.);
#5403=ORIENTED_EDGE('',*,*,#4116,.T.);
#5404=ORIENTED_EDGE('',*,*,#4117,.T.);
#5405=ORIENTED_EDGE('',*,*,#4118,.F.);
#5406=ORIENTED_EDGE('',*,*,#4119,.F.);
#5407=ORIENTED_EDGE('',*,*,#4120,.F.);
#5408=ORIENTED_EDGE('',*,*,#3935,.F.);
#5409=ORIENTED_EDGE('',*,*,#4121,.F.);
#5410=ORIENTED_EDGE('',*,*,#4122,.F.);
#5411=ORIENTED_EDGE('',*,*,#3931,.F.);
#5412=ORIENTED_EDGE('',*,*,#4123,.F.);
#5413=ORIENTED_EDGE('',*,*,#4124,.F.);
#5414=ORIENTED_EDGE('',*,*,#3927,.F.);
#5415=ORIENTED_EDGE('',*,*,#4125,.F.);
#5416=ORIENTED_EDGE('',*,*,#4126,.F.);
#5417=ORIENTED_EDGE('',*,*,#3923,.F.);
#5418=ORIENTED_EDGE('',*,*,#4127,.F.);
#5419=ORIENTED_EDGE('',*,*,#4128,.F.);
#5420=ORIENTED_EDGE('',*,*,#4007,.F.);
#5421=ORIENTED_EDGE('',*,*,#4129,.F.);
#5422=ORIENTED_EDGE('',*,*,#4130,.F.);
#5423=ORIENTED_EDGE('',*,*,#4003,.F.);
#5424=ORIENTED_EDGE('',*,*,#4131,.T.);
#5425=ORIENTED_EDGE('',*,*,#4132,.T.);
#5426=ORIENTED_EDGE('',*,*,#4133,.F.);
#5427=ORIENTED_EDGE('',*,*,#4134,.T.);
#5428=ORIENTED_EDGE('',*,*,#4135,.F.);
#5429=ORIENTED_EDGE('',*,*,#4136,.T.);
#5430=ORIENTED_EDGE('',*,*,#4137,.F.);
#5431=ORIENTED_EDGE('',*,*,#4060,.F.);
#5432=ORIENTED_EDGE('',*,*,#4138,.F.);
#5433=ORIENTED_EDGE('',*,*,#4139,.F.);
#5434=ORIENTED_EDGE('',*,*,#4140,.F.);
#5435=ORIENTED_EDGE('',*,*,#4056,.F.);
#5436=ORIENTED_EDGE('',*,*,#4141,.F.);
#5437=ORIENTED_EDGE('',*,*,#4142,.F.);
#5438=ORIENTED_EDGE('',*,*,#4052,.F.);
#5439=ORIENTED_EDGE('',*,*,#4143,.F.);
#5440=ORIENTED_EDGE('',*,*,#4144,.F.);
#5441=ORIENTED_EDGE('',*,*,#4048,.F.);
#5442=ORIENTED_EDGE('',*,*,#4145,.T.);
#5443=ORIENTED_EDGE('',*,*,#4146,.T.);
#5444=ORIENTED_EDGE('',*,*,#4147,.F.);
#5445=ORIENTED_EDGE('',*,*,#4116,.F.);
#5446=ORIENTED_EDGE('',*,*,#4148,.F.);
#5447=ORIENTED_EDGE('',*,*,#4149,.F.);
#5448=ORIENTED_EDGE('',*,*,#4125,.T.);
#5449=ORIENTED_EDGE('',*,*,#3922,.F.);
#5450=ORIENTED_EDGE('',*,*,#4150,.F.);
#5451=ORIENTED_EDGE('',*,*,#4123,.T.);
#5452=ORIENTED_EDGE('',*,*,#3926,.F.);
#5453=ORIENTED_EDGE('',*,*,#4151,.F.);
#5454=ORIENTED_EDGE('',*,*,#4122,.T.);
#5455=ORIENTED_EDGE('',*,*,#4152,.F.);
#5456=ORIENTED_EDGE('',*,*,#3932,.F.);
#5457=ORIENTED_EDGE('',*,*,#4119,.T.);
#5458=ORIENTED_EDGE('',*,*,#3934,.F.);
#5459=ORIENTED_EDGE('',*,*,#4153,.F.);
#5460=ORIENTED_EDGE('',*,*,#4146,.F.);
#5461=ORIENTED_EDGE('',*,*,#4154,.F.);
#5462=ORIENTED_EDGE('',*,*,#4155,.F.);
#5463=ORIENTED_EDGE('',*,*,#4129,.T.);
#5464=ORIENTED_EDGE('',*,*,#4002,.F.);
#5465=ORIENTED_EDGE('',*,*,#4156,.F.);
#5466=ORIENTED_EDGE('',*,*,#4128,.T.);
#5467=ORIENTED_EDGE('',*,*,#4157,.F.);
#5468=ORIENTED_EDGE('',*,*,#4008,.F.);
#5469=ORIENTED_EDGE('',*,*,#4131,.F.);
#5470=ORIENTED_EDGE('',*,*,#4158,.F.);
#5471=ORIENTED_EDGE('',*,*,#4159,.F.);
#5472=ORIENTED_EDGE('',*,*,#4143,.T.);
#5473=ORIENTED_EDGE('',*,*,#4067,.F.);
#5474=ORIENTED_EDGE('',*,*,#4160,.F.);
#5475=ORIENTED_EDGE('',*,*,#4136,.F.);
#5476=ORIENTED_EDGE('',*,*,#4161,.F.);
#5477=ORIENTED_EDGE('',*,*,#4162,.F.);
#5478=ORIENTED_EDGE('',*,*,#4134,.F.);
#5479=ORIENTED_EDGE('',*,*,#4163,.F.);
#5480=ORIENTED_EDGE('',*,*,#4164,.F.);
#5481=ORIENTED_EDGE('',*,*,#4142,.T.);
#5482=ORIENTED_EDGE('',*,*,#4165,.F.);
#5483=ORIENTED_EDGE('',*,*,#4053,.F.);
#5484=ORIENTED_EDGE('',*,*,#4141,.T.);
#5485=ORIENTED_EDGE('',*,*,#4051,.F.);
#5486=ORIENTED_EDGE('',*,*,#4166,.F.);
#5487=ORIENTED_EDGE('',*,*,#4164,.T.);
#5488=ORIENTED_EDGE('',*,*,#4167,.F.);
#5489=ORIENTED_EDGE('',*,*,#4168,.F.);
#5490=ORIENTED_EDGE('',*,*,#4169,.T.);
#5491=ORIENTED_EDGE('',*,*,#4063,.T.);
#5492=ORIENTED_EDGE('',*,*,#4170,.F.);
#5493=ORIENTED_EDGE('',*,*,#4161,.T.);
#5494=ORIENTED_EDGE('',*,*,#4135,.T.);
#5495=ORIENTED_EDGE('',*,*,#4140,.T.);
#5496=ORIENTED_EDGE('',*,*,#4171,.F.);
#5497=ORIENTED_EDGE('',*,*,#4057,.F.);
#5498=ORIENTED_EDGE('',*,*,#4139,.T.);
#5499=ORIENTED_EDGE('',*,*,#4055,.F.);
#5500=ORIENTED_EDGE('',*,*,#4172,.F.);
#5501=ORIENTED_EDGE('',*,*,#4138,.T.);
#5502=ORIENTED_EDGE('',*,*,#4059,.F.);
#5503=ORIENTED_EDGE('',*,*,#4173,.F.);
#5504=ORIENTED_EDGE('',*,*,#4137,.T.);
#5505=ORIENTED_EDGE('',*,*,#4174,.F.);
#5506=ORIENTED_EDGE('',*,*,#4061,.F.);
#5507=ORIENTED_EDGE('',*,*,#4175,.F.);
#5508=ORIENTED_EDGE('',*,*,#4176,.F.);
#5509=ORIENTED_EDGE('',*,*,#4177,.F.);
#5510=ORIENTED_EDGE('',*,*,#4178,.F.);
#5511=ORIENTED_EDGE('',*,*,#4179,.F.);
#5512=ORIENTED_EDGE('',*,*,#4177,.T.);
#5513=ORIENTED_EDGE('',*,*,#4180,.T.);
#5514=ORIENTED_EDGE('',*,*,#4181,.F.);
#5515=ORIENTED_EDGE('',*,*,#4182,.F.);
#5516=ORIENTED_EDGE('',*,*,#4176,.T.);
#5517=ORIENTED_EDGE('',*,*,#4183,.T.);
#5518=ORIENTED_EDGE('',*,*,#4184,.F.);
#5519=ORIENTED_EDGE('',*,*,#4180,.F.);
#5520=ORIENTED_EDGE('',*,*,#4179,.T.);
#5521=ORIENTED_EDGE('',*,*,#4185,.T.);
#5522=ORIENTED_EDGE('',*,*,#4186,.F.);
#5523=ORIENTED_EDGE('',*,*,#4183,.F.);
#5524=ORIENTED_EDGE('',*,*,#4187,.T.);
#5525=ORIENTED_EDGE('',*,*,#4188,.F.);
#5526=ORIENTED_EDGE('',*,*,#4189,.F.);
#5527=ORIENTED_EDGE('',*,*,#4190,.T.);
#5528=ORIENTED_EDGE('',*,*,#4189,.T.);
#5529=ORIENTED_EDGE('',*,*,#4191,.F.);
#5530=ORIENTED_EDGE('',*,*,#4192,.F.);
#5531=ORIENTED_EDGE('',*,*,#4193,.T.);
#5532=ORIENTED_EDGE('',*,*,#4194,.F.);
#5533=ORIENTED_EDGE('',*,*,#4195,.F.);
#5534=ORIENTED_EDGE('',*,*,#4196,.F.);
#5535=ORIENTED_EDGE('',*,*,#4197,.F.);
#5536=ORIENTED_EDGE('',*,*,#4198,.F.);
#5537=ORIENTED_EDGE('',*,*,#4199,.F.);
#5538=ORIENTED_EDGE('',*,*,#4195,.T.);
#5539=ORIENTED_EDGE('',*,*,#4200,.F.);
#5540=ORIENTED_EDGE('',*,*,#4201,.F.);
#5541=ORIENTED_EDGE('',*,*,#4202,.F.);
#5542=ORIENTED_EDGE('',*,*,#3904,.T.);
#5543=ORIENTED_EDGE('',*,*,#4203,.T.);
#5544=ORIENTED_EDGE('',*,*,#4204,.F.);
#5545=ORIENTED_EDGE('',*,*,#4205,.T.);
#5546=ORIENTED_EDGE('',*,*,#3823,.F.);
#5547=ORIENTED_EDGE('',*,*,#3907,.F.);
#5548=ORIENTED_EDGE('',*,*,#4206,.F.);
#5549=ORIENTED_EDGE('',*,*,#4207,.T.);
#5550=ORIENTED_EDGE('',*,*,#4208,.F.);
#5551=ORIENTED_EDGE('',*,*,#4209,.F.);
#5552=ORIENTED_EDGE('',*,*,#4210,.F.);
#5553=ORIENTED_EDGE('',*,*,#4211,.T.);
#5554=ORIENTED_EDGE('',*,*,#4212,.F.);
#5555=ORIENTED_EDGE('',*,*,#4207,.F.);
#5556=ORIENTED_EDGE('',*,*,#4213,.F.);
#5557=ORIENTED_EDGE('',*,*,#4214,.T.);
#5558=ORIENTED_EDGE('',*,*,#4215,.F.);
#5559=ORIENTED_EDGE('',*,*,#4211,.F.);
#5560=ORIENTED_EDGE('',*,*,#4216,.F.);
#5561=ORIENTED_EDGE('',*,*,#4217,.T.);
#5562=ORIENTED_EDGE('',*,*,#4218,.F.);
#5563=ORIENTED_EDGE('',*,*,#4214,.F.);
#5564=ORIENTED_EDGE('',*,*,#4219,.F.);
#5565=ORIENTED_EDGE('',*,*,#4220,.T.);
#5566=ORIENTED_EDGE('',*,*,#4221,.F.);
#5567=ORIENTED_EDGE('',*,*,#4217,.F.);
#5568=ORIENTED_EDGE('',*,*,#4222,.F.);
#5569=ORIENTED_EDGE('',*,*,#4223,.T.);
#5570=ORIENTED_EDGE('',*,*,#4224,.F.);
#5571=ORIENTED_EDGE('',*,*,#4220,.F.);
#5572=ORIENTED_EDGE('',*,*,#4225,.F.);
#5573=ORIENTED_EDGE('',*,*,#4226,.T.);
#5574=ORIENTED_EDGE('',*,*,#4227,.F.);
#5575=ORIENTED_EDGE('',*,*,#4223,.F.);
#5576=ORIENTED_EDGE('',*,*,#4228,.F.);
#5577=ORIENTED_EDGE('',*,*,#4229,.T.);
#5578=ORIENTED_EDGE('',*,*,#4230,.F.);
#5579=ORIENTED_EDGE('',*,*,#4226,.F.);
#5580=ORIENTED_EDGE('',*,*,#4231,.F.);
#5581=ORIENTED_EDGE('',*,*,#4232,.T.);
#5582=ORIENTED_EDGE('',*,*,#4233,.F.);
#5583=ORIENTED_EDGE('',*,*,#4229,.F.);
#5584=ORIENTED_EDGE('',*,*,#4234,.F.);
#5585=ORIENTED_EDGE('',*,*,#4235,.T.);
#5586=ORIENTED_EDGE('',*,*,#4236,.F.);
#5587=ORIENTED_EDGE('',*,*,#4232,.F.);
#5588=ORIENTED_EDGE('',*,*,#4237,.F.);
#5589=ORIENTED_EDGE('',*,*,#4238,.T.);
#5590=ORIENTED_EDGE('',*,*,#4239,.F.);
#5591=ORIENTED_EDGE('',*,*,#4235,.F.);
#5592=ORIENTED_EDGE('',*,*,#4240,.F.);
#5593=ORIENTED_EDGE('',*,*,#4241,.T.);
#5594=ORIENTED_EDGE('',*,*,#4242,.F.);
#5595=ORIENTED_EDGE('',*,*,#4238,.F.);
#5596=ORIENTED_EDGE('',*,*,#4243,.F.);
#5597=ORIENTED_EDGE('',*,*,#4244,.T.);
#5598=ORIENTED_EDGE('',*,*,#4245,.F.);
#5599=ORIENTED_EDGE('',*,*,#4241,.F.);
#5600=ORIENTED_EDGE('',*,*,#4246,.F.);
#5601=ORIENTED_EDGE('',*,*,#4247,.T.);
#5602=ORIENTED_EDGE('',*,*,#4248,.F.);
#5603=ORIENTED_EDGE('',*,*,#4244,.F.);
#5604=ORIENTED_EDGE('',*,*,#4249,.F.);
#5605=ORIENTED_EDGE('',*,*,#4250,.T.);
#5606=ORIENTED_EDGE('',*,*,#4251,.F.);
#5607=ORIENTED_EDGE('',*,*,#4247,.F.);
#5608=ORIENTED_EDGE('',*,*,#4252,.F.);
#5609=ORIENTED_EDGE('',*,*,#4253,.T.);
#5610=ORIENTED_EDGE('',*,*,#4254,.F.);
#5611=ORIENTED_EDGE('',*,*,#4250,.F.);
#5612=ORIENTED_EDGE('',*,*,#4255,.F.);
#5613=ORIENTED_EDGE('',*,*,#4256,.T.);
#5614=ORIENTED_EDGE('',*,*,#4257,.F.);
#5615=ORIENTED_EDGE('',*,*,#4253,.F.);
#5616=ORIENTED_EDGE('',*,*,#4258,.F.);
#5617=ORIENTED_EDGE('',*,*,#4259,.T.);
#5618=ORIENTED_EDGE('',*,*,#4260,.F.);
#5619=ORIENTED_EDGE('',*,*,#4256,.F.);
#5620=ORIENTED_EDGE('',*,*,#4261,.F.);
#5621=ORIENTED_EDGE('',*,*,#4262,.T.);
#5622=ORIENTED_EDGE('',*,*,#4263,.F.);
#5623=ORIENTED_EDGE('',*,*,#4259,.F.);
#5624=ORIENTED_EDGE('',*,*,#4264,.F.);
#5625=ORIENTED_EDGE('',*,*,#4265,.T.);
#5626=ORIENTED_EDGE('',*,*,#4266,.F.);
#5627=ORIENTED_EDGE('',*,*,#4262,.F.);
#5628=ORIENTED_EDGE('',*,*,#4267,.F.);
#5629=ORIENTED_EDGE('',*,*,#4268,.T.);
#5630=ORIENTED_EDGE('',*,*,#4269,.F.);
#5631=ORIENTED_EDGE('',*,*,#4265,.F.);
#5632=ORIENTED_EDGE('',*,*,#4270,.F.);
#5633=ORIENTED_EDGE('',*,*,#4271,.T.);
#5634=ORIENTED_EDGE('',*,*,#4272,.F.);
#5635=ORIENTED_EDGE('',*,*,#4268,.F.);
#5636=ORIENTED_EDGE('',*,*,#4273,.F.);
#5637=ORIENTED_EDGE('',*,*,#4274,.T.);
#5638=ORIENTED_EDGE('',*,*,#4275,.F.);
#5639=ORIENTED_EDGE('',*,*,#4271,.F.);
#5640=ORIENTED_EDGE('',*,*,#4276,.F.);
#5641=ORIENTED_EDGE('',*,*,#4277,.T.);
#5642=ORIENTED_EDGE('',*,*,#4278,.F.);
#5643=ORIENTED_EDGE('',*,*,#4274,.F.);
#5644=ORIENTED_EDGE('',*,*,#4279,.F.);
#5645=ORIENTED_EDGE('',*,*,#4280,.T.);
#5646=ORIENTED_EDGE('',*,*,#4281,.F.);
#5647=ORIENTED_EDGE('',*,*,#4277,.F.);
#5648=ORIENTED_EDGE('',*,*,#4282,.F.);
#5649=ORIENTED_EDGE('',*,*,#4283,.T.);
#5650=ORIENTED_EDGE('',*,*,#4284,.F.);
#5651=ORIENTED_EDGE('',*,*,#4280,.F.);
#5652=ORIENTED_EDGE('',*,*,#4285,.F.);
#5653=ORIENTED_EDGE('',*,*,#4286,.T.);
#5654=ORIENTED_EDGE('',*,*,#4287,.F.);
#5655=ORIENTED_EDGE('',*,*,#4283,.F.);
#5656=ORIENTED_EDGE('',*,*,#4288,.F.);
#5657=ORIENTED_EDGE('',*,*,#4289,.T.);
#5658=ORIENTED_EDGE('',*,*,#4290,.F.);
#5659=ORIENTED_EDGE('',*,*,#4286,.F.);
#5660=ORIENTED_EDGE('',*,*,#4291,.F.);
#5661=ORIENTED_EDGE('',*,*,#4292,.T.);
#5662=ORIENTED_EDGE('',*,*,#4293,.F.);
#5663=ORIENTED_EDGE('',*,*,#4289,.F.);
#5664=ORIENTED_EDGE('',*,*,#4294,.F.);
#5665=ORIENTED_EDGE('',*,*,#4295,.T.);
#5666=ORIENTED_EDGE('',*,*,#4296,.F.);
#5667=ORIENTED_EDGE('',*,*,#4292,.F.);
#5668=ORIENTED_EDGE('',*,*,#4297,.F.);
#5669=ORIENTED_EDGE('',*,*,#4298,.T.);
#5670=ORIENTED_EDGE('',*,*,#4299,.F.);
#5671=ORIENTED_EDGE('',*,*,#4295,.F.);
#5672=ORIENTED_EDGE('',*,*,#4300,.F.);
#5673=ORIENTED_EDGE('',*,*,#4301,.F.);
#5674=ORIENTED_EDGE('',*,*,#4302,.F.);
#5675=ORIENTED_EDGE('',*,*,#4298,.F.);
#5676=ORIENTED_EDGE('',*,*,#4205,.F.);
#5677=ORIENTED_EDGE('',*,*,#4303,.F.);
#5678=ORIENTED_EDGE('',*,*,#4304,.F.);
#5679=ORIENTED_EDGE('',*,*,#3824,.F.);
#5680=ORIENTED_EDGE('',*,*,#4304,.T.);
#5681=ORIENTED_EDGE('',*,*,#4305,.F.);
#5682=ORIENTED_EDGE('',*,*,#4306,.F.);
#5683=ORIENTED_EDGE('',*,*,#3825,.F.);
#5684=ORIENTED_EDGE('',*,*,#4306,.T.);
#5685=ORIENTED_EDGE('',*,*,#4307,.F.);
#5686=ORIENTED_EDGE('',*,*,#4308,.F.);
#5687=ORIENTED_EDGE('',*,*,#3826,.F.);
#5688=ORIENTED_EDGE('',*,*,#4308,.T.);
#5689=ORIENTED_EDGE('',*,*,#4309,.F.);
#5690=ORIENTED_EDGE('',*,*,#4310,.F.);
#5691=ORIENTED_EDGE('',*,*,#3827,.F.);
#5692=ORIENTED_EDGE('',*,*,#4310,.T.);
#5693=ORIENTED_EDGE('',*,*,#4311,.F.);
#5694=ORIENTED_EDGE('',*,*,#4312,.F.);
#5695=ORIENTED_EDGE('',*,*,#3828,.F.);
#5696=ORIENTED_EDGE('',*,*,#4312,.T.);
#5697=ORIENTED_EDGE('',*,*,#4313,.F.);
#5698=ORIENTED_EDGE('',*,*,#3861,.F.);
#5699=ORIENTED_EDGE('',*,*,#3829,.F.);
#5700=ORIENTED_EDGE('',*,*,#3863,.T.);
#5701=ORIENTED_EDGE('',*,*,#4314,.F.);
#5702=ORIENTED_EDGE('',*,*,#4315,.F.);
#5703=ORIENTED_EDGE('',*,*,#3764,.F.);
#5704=ORIENTED_EDGE('',*,*,#4315,.T.);
#5705=ORIENTED_EDGE('',*,*,#4316,.F.);
#5706=ORIENTED_EDGE('',*,*,#4317,.F.);
#5707=ORIENTED_EDGE('',*,*,#3765,.F.);
#5708=ORIENTED_EDGE('',*,*,#4317,.T.);
#5709=ORIENTED_EDGE('',*,*,#4318,.F.);
#5710=ORIENTED_EDGE('',*,*,#4319,.F.);
#5711=ORIENTED_EDGE('',*,*,#3766,.F.);
#5712=ORIENTED_EDGE('',*,*,#4319,.T.);
#5713=ORIENTED_EDGE('',*,*,#4320,.F.);
#5714=ORIENTED_EDGE('',*,*,#4321,.F.);
#5715=ORIENTED_EDGE('',*,*,#3767,.F.);
#5716=ORIENTED_EDGE('',*,*,#4321,.T.);
#5717=ORIENTED_EDGE('',*,*,#4322,.F.);
#5718=ORIENTED_EDGE('',*,*,#4323,.F.);
#5719=ORIENTED_EDGE('',*,*,#3768,.F.);
#5720=ORIENTED_EDGE('',*,*,#4323,.T.);
#5721=ORIENTED_EDGE('',*,*,#4324,.F.);
#5722=ORIENTED_EDGE('',*,*,#4325,.F.);
#5723=ORIENTED_EDGE('',*,*,#3769,.F.);
#5724=ORIENTED_EDGE('',*,*,#4325,.T.);
#5725=ORIENTED_EDGE('',*,*,#4326,.F.);
#5726=ORIENTED_EDGE('',*,*,#4327,.F.);
#5727=ORIENTED_EDGE('',*,*,#3770,.F.);
#5728=ORIENTED_EDGE('',*,*,#4327,.T.);
#5729=ORIENTED_EDGE('',*,*,#4328,.F.);
#5730=ORIENTED_EDGE('',*,*,#4329,.F.);
#5731=ORIENTED_EDGE('',*,*,#3771,.F.);
#5732=ORIENTED_EDGE('',*,*,#4329,.T.);
#5733=ORIENTED_EDGE('',*,*,#4330,.F.);
#5734=ORIENTED_EDGE('',*,*,#4331,.F.);
#5735=ORIENTED_EDGE('',*,*,#3772,.F.);
#5736=ORIENTED_EDGE('',*,*,#4331,.T.);
#5737=ORIENTED_EDGE('',*,*,#4332,.F.);
#5738=ORIENTED_EDGE('',*,*,#4333,.F.);
#5739=ORIENTED_EDGE('',*,*,#3773,.F.);
#5740=ORIENTED_EDGE('',*,*,#4333,.T.);
#5741=ORIENTED_EDGE('',*,*,#4334,.F.);
#5742=ORIENTED_EDGE('',*,*,#4335,.F.);
#5743=ORIENTED_EDGE('',*,*,#3774,.F.);
#5744=ORIENTED_EDGE('',*,*,#4335,.T.);
#5745=ORIENTED_EDGE('',*,*,#4336,.F.);
#5746=ORIENTED_EDGE('',*,*,#4337,.F.);
#5747=ORIENTED_EDGE('',*,*,#3775,.F.);
#5748=ORIENTED_EDGE('',*,*,#4337,.T.);
#5749=ORIENTED_EDGE('',*,*,#4338,.F.);
#5750=ORIENTED_EDGE('',*,*,#4339,.F.);
#5751=ORIENTED_EDGE('',*,*,#3776,.F.);
#5752=ORIENTED_EDGE('',*,*,#4339,.T.);
#5753=ORIENTED_EDGE('',*,*,#4340,.F.);
#5754=ORIENTED_EDGE('',*,*,#4341,.F.);
#5755=ORIENTED_EDGE('',*,*,#3777,.F.);
#5756=ORIENTED_EDGE('',*,*,#4341,.T.);
#5757=ORIENTED_EDGE('',*,*,#4342,.F.);
#5758=ORIENTED_EDGE('',*,*,#4343,.F.);
#5759=ORIENTED_EDGE('',*,*,#3778,.F.);
#5760=ORIENTED_EDGE('',*,*,#4343,.T.);
#5761=ORIENTED_EDGE('',*,*,#4344,.F.);
#5762=ORIENTED_EDGE('',*,*,#4345,.F.);
#5763=ORIENTED_EDGE('',*,*,#3779,.F.);
#5764=ORIENTED_EDGE('',*,*,#4345,.T.);
#5765=ORIENTED_EDGE('',*,*,#4346,.F.);
#5766=ORIENTED_EDGE('',*,*,#4347,.F.);
#5767=ORIENTED_EDGE('',*,*,#3780,.F.);
#5768=ORIENTED_EDGE('',*,*,#4347,.T.);
#5769=ORIENTED_EDGE('',*,*,#4348,.F.);
#5770=ORIENTED_EDGE('',*,*,#4349,.F.);
#5771=ORIENTED_EDGE('',*,*,#3781,.F.);
#5772=ORIENTED_EDGE('',*,*,#4349,.T.);
#5773=ORIENTED_EDGE('',*,*,#4350,.F.);
#5774=ORIENTED_EDGE('',*,*,#4351,.F.);
#5775=ORIENTED_EDGE('',*,*,#3782,.F.);
#5776=ORIENTED_EDGE('',*,*,#4351,.T.);
#5777=ORIENTED_EDGE('',*,*,#4352,.F.);
#5778=ORIENTED_EDGE('',*,*,#4353,.F.);
#5779=ORIENTED_EDGE('',*,*,#3783,.F.);
#5780=ORIENTED_EDGE('',*,*,#4353,.T.);
#5781=ORIENTED_EDGE('',*,*,#4354,.F.);
#5782=ORIENTED_EDGE('',*,*,#4355,.F.);
#5783=ORIENTED_EDGE('',*,*,#3784,.F.);
#5784=ORIENTED_EDGE('',*,*,#4355,.T.);
#5785=ORIENTED_EDGE('',*,*,#4356,.F.);
#5786=ORIENTED_EDGE('',*,*,#4357,.F.);
#5787=ORIENTED_EDGE('',*,*,#3785,.F.);
#5788=ORIENTED_EDGE('',*,*,#4357,.T.);
#5789=ORIENTED_EDGE('',*,*,#4358,.F.);
#5790=ORIENTED_EDGE('',*,*,#4359,.F.);
#5791=ORIENTED_EDGE('',*,*,#3786,.F.);
#5792=ORIENTED_EDGE('',*,*,#4359,.T.);
#5793=ORIENTED_EDGE('',*,*,#4360,.F.);
#5794=ORIENTED_EDGE('',*,*,#4361,.F.);
#5795=ORIENTED_EDGE('',*,*,#3787,.F.);
#5796=ORIENTED_EDGE('',*,*,#4361,.T.);
#5797=ORIENTED_EDGE('',*,*,#4362,.F.);
#5798=ORIENTED_EDGE('',*,*,#4363,.F.);
#5799=ORIENTED_EDGE('',*,*,#3788,.F.);
#5800=ORIENTED_EDGE('',*,*,#4363,.T.);
#5801=ORIENTED_EDGE('',*,*,#4364,.F.);
#5802=ORIENTED_EDGE('',*,*,#4365,.F.);
#5803=ORIENTED_EDGE('',*,*,#3789,.F.);
#5804=ORIENTED_EDGE('',*,*,#4365,.T.);
#5805=ORIENTED_EDGE('',*,*,#4366,.F.);
#5806=ORIENTED_EDGE('',*,*,#4367,.F.);
#5807=ORIENTED_EDGE('',*,*,#3790,.F.);
#5808=ORIENTED_EDGE('',*,*,#4367,.T.);
#5809=ORIENTED_EDGE('',*,*,#4368,.F.);
#5810=ORIENTED_EDGE('',*,*,#4369,.F.);
#5811=ORIENTED_EDGE('',*,*,#3791,.F.);
#5812=ORIENTED_EDGE('',*,*,#4369,.T.);
#5813=ORIENTED_EDGE('',*,*,#4370,.F.);
#5814=ORIENTED_EDGE('',*,*,#4371,.F.);
#5815=ORIENTED_EDGE('',*,*,#3792,.F.);
#5816=ORIENTED_EDGE('',*,*,#4371,.T.);
#5817=ORIENTED_EDGE('',*,*,#4372,.F.);
#5818=ORIENTED_EDGE('',*,*,#4373,.F.);
#5819=ORIENTED_EDGE('',*,*,#3793,.F.);
#5820=ORIENTED_EDGE('',*,*,#4373,.T.);
#5821=ORIENTED_EDGE('',*,*,#4374,.F.);
#5822=ORIENTED_EDGE('',*,*,#4375,.F.);
#5823=ORIENTED_EDGE('',*,*,#3794,.F.);
#5824=ORIENTED_EDGE('',*,*,#4375,.T.);
#5825=ORIENTED_EDGE('',*,*,#4376,.F.);
#5826=ORIENTED_EDGE('',*,*,#4377,.F.);
#5827=ORIENTED_EDGE('',*,*,#3795,.F.);
#5828=ORIENTED_EDGE('',*,*,#4377,.T.);
#5829=ORIENTED_EDGE('',*,*,#4378,.F.);
#5830=ORIENTED_EDGE('',*,*,#4379,.F.);
#5831=ORIENTED_EDGE('',*,*,#3796,.F.);
#5832=ORIENTED_EDGE('',*,*,#4379,.T.);
#5833=ORIENTED_EDGE('',*,*,#4380,.F.);
#5834=ORIENTED_EDGE('',*,*,#4381,.F.);
#5835=ORIENTED_EDGE('',*,*,#3797,.F.);
#5836=ORIENTED_EDGE('',*,*,#4381,.T.);
#5837=ORIENTED_EDGE('',*,*,#4382,.F.);
#5838=ORIENTED_EDGE('',*,*,#4383,.F.);
#5839=ORIENTED_EDGE('',*,*,#3798,.F.);
#5840=ORIENTED_EDGE('',*,*,#4383,.T.);
#5841=ORIENTED_EDGE('',*,*,#4384,.F.);
#5842=ORIENTED_EDGE('',*,*,#4385,.F.);
#5843=ORIENTED_EDGE('',*,*,#3799,.F.);
#5844=ORIENTED_EDGE('',*,*,#4385,.T.);
#5845=ORIENTED_EDGE('',*,*,#4386,.F.);
#5846=ORIENTED_EDGE('',*,*,#4387,.F.);
#5847=ORIENTED_EDGE('',*,*,#3800,.F.);
#5848=ORIENTED_EDGE('',*,*,#4387,.T.);
#5849=ORIENTED_EDGE('',*,*,#4388,.F.);
#5850=ORIENTED_EDGE('',*,*,#4389,.F.);
#5851=ORIENTED_EDGE('',*,*,#3801,.F.);
#5852=ORIENTED_EDGE('',*,*,#4389,.T.);
#5853=ORIENTED_EDGE('',*,*,#4390,.F.);
#5854=ORIENTED_EDGE('',*,*,#4391,.F.);
#5855=ORIENTED_EDGE('',*,*,#3802,.F.);
#5856=ORIENTED_EDGE('',*,*,#4391,.T.);
#5857=ORIENTED_EDGE('',*,*,#4392,.F.);
#5858=ORIENTED_EDGE('',*,*,#4393,.F.);
#5859=ORIENTED_EDGE('',*,*,#3803,.F.);
#5860=ORIENTED_EDGE('',*,*,#4393,.T.);
#5861=ORIENTED_EDGE('',*,*,#4394,.F.);
#5862=ORIENTED_EDGE('',*,*,#4395,.F.);
#5863=ORIENTED_EDGE('',*,*,#3804,.F.);
#5864=ORIENTED_EDGE('',*,*,#4395,.T.);
#5865=ORIENTED_EDGE('',*,*,#4396,.F.);
#5866=ORIENTED_EDGE('',*,*,#4397,.F.);
#5867=ORIENTED_EDGE('',*,*,#3805,.F.);
#5868=ORIENTED_EDGE('',*,*,#4397,.T.);
#5869=ORIENTED_EDGE('',*,*,#4398,.F.);
#5870=ORIENTED_EDGE('',*,*,#3869,.F.);
#5871=ORIENTED_EDGE('',*,*,#3806,.F.);
#5872=ORIENTED_EDGE('',*,*,#3871,.T.);
#5873=ORIENTED_EDGE('',*,*,#4399,.F.);
#5874=ORIENTED_EDGE('',*,*,#4400,.F.);
#5875=ORIENTED_EDGE('',*,*,#3811,.F.);
#5876=ORIENTED_EDGE('',*,*,#4400,.T.);
#5877=ORIENTED_EDGE('',*,*,#4401,.F.);
#5878=ORIENTED_EDGE('',*,*,#4402,.F.);
#5879=ORIENTED_EDGE('',*,*,#3812,.F.);
#5880=ORIENTED_EDGE('',*,*,#4402,.T.);
#5881=ORIENTED_EDGE('',*,*,#4403,.F.);
#5882=ORIENTED_EDGE('',*,*,#4404,.F.);
#5883=ORIENTED_EDGE('',*,*,#3813,.F.);
#5884=ORIENTED_EDGE('',*,*,#4404,.T.);
#5885=ORIENTED_EDGE('',*,*,#4405,.F.);
#5886=ORIENTED_EDGE('',*,*,#4406,.F.);
#5887=ORIENTED_EDGE('',*,*,#3814,.F.);
#5888=ORIENTED_EDGE('',*,*,#4406,.T.);
#5889=ORIENTED_EDGE('',*,*,#4407,.F.);
#5890=ORIENTED_EDGE('',*,*,#4408,.F.);
#5891=ORIENTED_EDGE('',*,*,#3815,.F.);
#5892=ORIENTED_EDGE('',*,*,#4408,.T.);
#5893=ORIENTED_EDGE('',*,*,#4409,.F.);
#5894=ORIENTED_EDGE('',*,*,#4410,.F.);
#5895=ORIENTED_EDGE('',*,*,#3816,.F.);
#5896=ORIENTED_EDGE('',*,*,#4411,.F.);
#5897=ORIENTED_EDGE('',*,*,#3817,.F.);
#5898=ORIENTED_EDGE('',*,*,#4410,.T.);
#5899=ORIENTED_EDGE('',*,*,#4412,.F.);
#5900=ORIENTED_EDGE('',*,*,#4413,.F.);
#5901=ORIENTED_EDGE('',*,*,#3899,.F.);
#5902=ORIENTED_EDGE('',*,*,#4413,.T.);
#5903=ORIENTED_EDGE('',*,*,#4414,.F.);
#5904=ORIENTED_EDGE('',*,*,#4415,.F.);
#5905=ORIENTED_EDGE('',*,*,#4416,.F.);
#5906=ORIENTED_EDGE('',*,*,#3900,.F.);
#5907=ORIENTED_EDGE('',*,*,#3896,.T.);
#5908=ORIENTED_EDGE('',*,*,#4417,.F.);
#5909=ORIENTED_EDGE('',*,*,#4415,.T.);
#5910=ORIENTED_EDGE('',*,*,#4418,.F.);
#5911=ORIENTED_EDGE('',*,*,#4193,.F.);
#5912=ORIENTED_EDGE('',*,*,#4419,.F.);
#5913=ORIENTED_EDGE('',*,*,#4420,.T.);
#5914=ORIENTED_EDGE('',*,*,#4198,.T.);
#5915=ORIENTED_EDGE('',*,*,#4421,.F.);
#5916=ORIENTED_EDGE('',*,*,#4422,.F.);
#5917=ORIENTED_EDGE('',*,*,#4201,.T.);
#5918=ORIENTED_EDGE('',*,*,#4423,.F.);
#5919=ORIENTED_EDGE('',*,*,#4203,.F.);
#5920=ORIENTED_EDGE('',*,*,#3906,.F.);
#5921=ORIENTED_EDGE('',*,*,#3902,.F.);
#5922=ORIENTED_EDGE('',*,*,#4424,.F.);
#5923=ORIENTED_EDGE('',*,*,#4209,.T.);
#5924=ORIENTED_EDGE('',*,*,#4425,.F.);
#5925=ORIENTED_EDGE('',*,*,#4426,.F.);
#5926=ORIENTED_EDGE('',*,*,#4427,.F.);
#5927=ORIENTED_EDGE('',*,*,#4426,.T.);
#5928=ORIENTED_EDGE('',*,*,#4428,.F.);
#5929=ORIENTED_EDGE('',*,*,#4429,.F.);
#5930=ORIENTED_EDGE('',*,*,#4430,.F.);
#5931=ORIENTED_EDGE('',*,*,#4429,.T.);
#5932=ORIENTED_EDGE('',*,*,#4431,.F.);
#5933=ORIENTED_EDGE('',*,*,#4432,.F.);
#5934=ORIENTED_EDGE('',*,*,#4433,.F.);
#5935=ORIENTED_EDGE('',*,*,#4432,.T.);
#5936=ORIENTED_EDGE('',*,*,#4434,.F.);
#5937=ORIENTED_EDGE('',*,*,#4435,.F.);
#5938=ORIENTED_EDGE('',*,*,#4436,.F.);
#5939=ORIENTED_EDGE('',*,*,#4435,.T.);
#5940=ORIENTED_EDGE('',*,*,#4437,.F.);
#5941=ORIENTED_EDGE('',*,*,#4438,.F.);
#5942=ORIENTED_EDGE('',*,*,#4439,.F.);
#5943=ORIENTED_EDGE('',*,*,#4438,.T.);
#5944=ORIENTED_EDGE('',*,*,#4440,.F.);
#5945=ORIENTED_EDGE('',*,*,#4441,.F.);
#5946=ORIENTED_EDGE('',*,*,#4442,.F.);
#5947=ORIENTED_EDGE('',*,*,#4441,.T.);
#5948=ORIENTED_EDGE('',*,*,#4443,.F.);
#5949=ORIENTED_EDGE('',*,*,#4444,.F.);
#5950=ORIENTED_EDGE('',*,*,#4445,.F.);
#5951=ORIENTED_EDGE('',*,*,#4444,.T.);
#5952=ORIENTED_EDGE('',*,*,#4446,.F.);
#5953=ORIENTED_EDGE('',*,*,#4447,.F.);
#5954=ORIENTED_EDGE('',*,*,#4448,.F.);
#5955=ORIENTED_EDGE('',*,*,#4447,.T.);
#5956=ORIENTED_EDGE('',*,*,#4449,.F.);
#5957=ORIENTED_EDGE('',*,*,#4450,.F.);
#5958=ORIENTED_EDGE('',*,*,#4451,.F.);
#5959=ORIENTED_EDGE('',*,*,#4450,.T.);
#5960=ORIENTED_EDGE('',*,*,#4452,.F.);
#5961=ORIENTED_EDGE('',*,*,#4453,.F.);
#5962=ORIENTED_EDGE('',*,*,#4454,.F.);
#5963=ORIENTED_EDGE('',*,*,#4453,.T.);
#5964=ORIENTED_EDGE('',*,*,#4455,.F.);
#5965=ORIENTED_EDGE('',*,*,#4456,.F.);
#5966=ORIENTED_EDGE('',*,*,#4457,.F.);
#5967=ORIENTED_EDGE('',*,*,#4456,.T.);
#5968=ORIENTED_EDGE('',*,*,#4458,.F.);
#5969=ORIENTED_EDGE('',*,*,#4459,.F.);
#5970=ORIENTED_EDGE('',*,*,#4460,.F.);
#5971=ORIENTED_EDGE('',*,*,#4459,.T.);
#5972=ORIENTED_EDGE('',*,*,#4461,.F.);
#5973=ORIENTED_EDGE('',*,*,#4462,.F.);
#5974=ORIENTED_EDGE('',*,*,#4463,.F.);
#5975=ORIENTED_EDGE('',*,*,#4462,.T.);
#5976=ORIENTED_EDGE('',*,*,#4464,.F.);
#5977=ORIENTED_EDGE('',*,*,#4465,.F.);
#5978=ORIENTED_EDGE('',*,*,#4466,.F.);
#5979=ORIENTED_EDGE('',*,*,#4465,.T.);
#5980=ORIENTED_EDGE('',*,*,#4467,.F.);
#5981=ORIENTED_EDGE('',*,*,#4468,.F.);
#5982=ORIENTED_EDGE('',*,*,#4469,.F.);
#5983=ORIENTED_EDGE('',*,*,#4468,.T.);
#5984=ORIENTED_EDGE('',*,*,#4470,.F.);
#5985=ORIENTED_EDGE('',*,*,#4471,.F.);
#5986=ORIENTED_EDGE('',*,*,#4472,.F.);
#5987=ORIENTED_EDGE('',*,*,#4471,.T.);
#5988=ORIENTED_EDGE('',*,*,#4473,.F.);
#5989=ORIENTED_EDGE('',*,*,#4474,.F.);
#5990=ORIENTED_EDGE('',*,*,#4475,.F.);
#5991=ORIENTED_EDGE('',*,*,#4474,.T.);
#5992=ORIENTED_EDGE('',*,*,#4476,.F.);
#5993=ORIENTED_EDGE('',*,*,#4477,.F.);
#5994=ORIENTED_EDGE('',*,*,#4478,.F.);
#5995=ORIENTED_EDGE('',*,*,#4477,.T.);
#5996=ORIENTED_EDGE('',*,*,#4479,.F.);
#5997=ORIENTED_EDGE('',*,*,#4480,.F.);
#5998=ORIENTED_EDGE('',*,*,#4481,.F.);
#5999=ORIENTED_EDGE('',*,*,#4480,.T.);
#6000=ORIENTED_EDGE('',*,*,#4482,.F.);
#6001=ORIENTED_EDGE('',*,*,#4483,.F.);
#6002=ORIENTED_EDGE('',*,*,#4484,.F.);
#6003=ORIENTED_EDGE('',*,*,#4483,.T.);
#6004=ORIENTED_EDGE('',*,*,#4485,.F.);
#6005=ORIENTED_EDGE('',*,*,#4486,.F.);
#6006=ORIENTED_EDGE('',*,*,#4487,.F.);
#6007=ORIENTED_EDGE('',*,*,#4486,.T.);
#6008=ORIENTED_EDGE('',*,*,#4488,.F.);
#6009=ORIENTED_EDGE('',*,*,#4489,.F.);
#6010=ORIENTED_EDGE('',*,*,#4490,.F.);
#6011=ORIENTED_EDGE('',*,*,#4489,.T.);
#6012=ORIENTED_EDGE('',*,*,#4491,.F.);
#6013=ORIENTED_EDGE('',*,*,#4492,.F.);
#6014=ORIENTED_EDGE('',*,*,#4493,.F.);
#6015=ORIENTED_EDGE('',*,*,#4492,.T.);
#6016=ORIENTED_EDGE('',*,*,#4494,.F.);
#6017=ORIENTED_EDGE('',*,*,#4495,.F.);
#6018=ORIENTED_EDGE('',*,*,#4496,.F.);
#6019=ORIENTED_EDGE('',*,*,#4495,.T.);
#6020=ORIENTED_EDGE('',*,*,#4497,.F.);
#6021=ORIENTED_EDGE('',*,*,#4498,.F.);
#6022=ORIENTED_EDGE('',*,*,#4499,.F.);
#6023=ORIENTED_EDGE('',*,*,#4498,.T.);
#6024=ORIENTED_EDGE('',*,*,#4500,.F.);
#6025=ORIENTED_EDGE('',*,*,#4501,.F.);
#6026=ORIENTED_EDGE('',*,*,#4502,.F.);
#6027=ORIENTED_EDGE('',*,*,#4501,.T.);
#6028=ORIENTED_EDGE('',*,*,#4503,.F.);
#6029=ORIENTED_EDGE('',*,*,#4504,.F.);
#6030=ORIENTED_EDGE('',*,*,#4505,.F.);
#6031=ORIENTED_EDGE('',*,*,#4504,.T.);
#6032=ORIENTED_EDGE('',*,*,#4506,.F.);
#6033=ORIENTED_EDGE('',*,*,#4507,.F.);
#6034=ORIENTED_EDGE('',*,*,#4508,.F.);
#6035=ORIENTED_EDGE('',*,*,#4507,.T.);
#6036=ORIENTED_EDGE('',*,*,#4509,.F.);
#6037=ORIENTED_EDGE('',*,*,#4510,.F.);
#6038=ORIENTED_EDGE('',*,*,#4511,.F.);
#6039=ORIENTED_EDGE('',*,*,#4510,.T.);
#6040=ORIENTED_EDGE('',*,*,#4512,.F.);
#6041=ORIENTED_EDGE('',*,*,#4513,.F.);
#6042=ORIENTED_EDGE('',*,*,#4514,.F.);
#6043=ORIENTED_EDGE('',*,*,#4513,.T.);
#6044=ORIENTED_EDGE('',*,*,#4515,.F.);
#6045=ORIENTED_EDGE('',*,*,#4516,.F.);
#6046=ORIENTED_EDGE('',*,*,#4517,.F.);
#6047=ORIENTED_EDGE('',*,*,#4516,.T.);
#6048=ORIENTED_EDGE('',*,*,#4518,.F.);
#6049=ORIENTED_EDGE('',*,*,#4301,.T.);
#6050=ORIENTED_EDGE('',*,*,#4518,.T.);
#6051=ORIENTED_EDGE('',*,*,#4515,.T.);
#6052=ORIENTED_EDGE('',*,*,#4512,.T.);
#6053=ORIENTED_EDGE('',*,*,#4509,.T.);
#6054=ORIENTED_EDGE('',*,*,#4506,.T.);
#6055=ORIENTED_EDGE('',*,*,#4503,.T.);
#6056=ORIENTED_EDGE('',*,*,#4500,.T.);
#6057=ORIENTED_EDGE('',*,*,#4497,.T.);
#6058=ORIENTED_EDGE('',*,*,#4494,.T.);
#6059=ORIENTED_EDGE('',*,*,#4491,.T.);
#6060=ORIENTED_EDGE('',*,*,#4488,.T.);
#6061=ORIENTED_EDGE('',*,*,#4485,.T.);
#6062=ORIENTED_EDGE('',*,*,#4482,.T.);
#6063=ORIENTED_EDGE('',*,*,#4479,.T.);
#6064=ORIENTED_EDGE('',*,*,#4476,.T.);
#6065=ORIENTED_EDGE('',*,*,#4473,.T.);
#6066=ORIENTED_EDGE('',*,*,#4470,.T.);
#6067=ORIENTED_EDGE('',*,*,#4467,.T.);
#6068=ORIENTED_EDGE('',*,*,#4464,.T.);
#6069=ORIENTED_EDGE('',*,*,#4461,.T.);
#6070=ORIENTED_EDGE('',*,*,#4458,.T.);
#6071=ORIENTED_EDGE('',*,*,#4455,.T.);
#6072=ORIENTED_EDGE('',*,*,#4452,.T.);
#6073=ORIENTED_EDGE('',*,*,#4449,.T.);
#6074=ORIENTED_EDGE('',*,*,#4446,.T.);
#6075=ORIENTED_EDGE('',*,*,#4443,.T.);
#6076=ORIENTED_EDGE('',*,*,#4440,.T.);
#6077=ORIENTED_EDGE('',*,*,#4437,.T.);
#6078=ORIENTED_EDGE('',*,*,#4434,.T.);
#6079=ORIENTED_EDGE('',*,*,#4431,.T.);
#6080=ORIENTED_EDGE('',*,*,#4428,.T.);
#6081=ORIENTED_EDGE('',*,*,#4425,.T.);
#6082=ORIENTED_EDGE('',*,*,#4208,.T.);
#6083=ORIENTED_EDGE('',*,*,#4212,.T.);
#6084=ORIENTED_EDGE('',*,*,#4215,.T.);
#6085=ORIENTED_EDGE('',*,*,#4218,.T.);
#6086=ORIENTED_EDGE('',*,*,#4221,.T.);
#6087=ORIENTED_EDGE('',*,*,#4224,.T.);
#6088=ORIENTED_EDGE('',*,*,#4227,.T.);
#6089=ORIENTED_EDGE('',*,*,#4230,.T.);
#6090=ORIENTED_EDGE('',*,*,#4233,.T.);
#6091=ORIENTED_EDGE('',*,*,#4236,.T.);
#6092=ORIENTED_EDGE('',*,*,#4239,.T.);
#6093=ORIENTED_EDGE('',*,*,#4242,.T.);
#6094=ORIENTED_EDGE('',*,*,#4245,.T.);
#6095=ORIENTED_EDGE('',*,*,#4248,.T.);
#6096=ORIENTED_EDGE('',*,*,#4251,.T.);
#6097=ORIENTED_EDGE('',*,*,#4254,.T.);
#6098=ORIENTED_EDGE('',*,*,#4257,.T.);
#6099=ORIENTED_EDGE('',*,*,#4260,.T.);
#6100=ORIENTED_EDGE('',*,*,#4263,.T.);
#6101=ORIENTED_EDGE('',*,*,#4266,.T.);
#6102=ORIENTED_EDGE('',*,*,#4269,.T.);
#6103=ORIENTED_EDGE('',*,*,#4272,.T.);
#6104=ORIENTED_EDGE('',*,*,#4275,.T.);
#6105=ORIENTED_EDGE('',*,*,#4278,.T.);
#6106=ORIENTED_EDGE('',*,*,#4281,.T.);
#6107=ORIENTED_EDGE('',*,*,#4284,.T.);
#6108=ORIENTED_EDGE('',*,*,#4287,.T.);
#6109=ORIENTED_EDGE('',*,*,#4290,.T.);
#6110=ORIENTED_EDGE('',*,*,#4293,.T.);
#6111=ORIENTED_EDGE('',*,*,#4296,.T.);
#6112=ORIENTED_EDGE('',*,*,#4299,.T.);
#6113=ORIENTED_EDGE('',*,*,#4302,.T.);
#6114=ORIENTED_EDGE('',*,*,#4204,.T.);
#6115=ORIENTED_EDGE('',*,*,#4423,.T.);
#6116=ORIENTED_EDGE('',*,*,#4200,.T.);
#6117=ORIENTED_EDGE('',*,*,#4194,.T.);
#6118=ORIENTED_EDGE('',*,*,#4418,.T.);
#6119=ORIENTED_EDGE('',*,*,#4414,.T.);
#6120=ORIENTED_EDGE('',*,*,#4412,.T.);
#6121=ORIENTED_EDGE('',*,*,#4409,.T.);
#6122=ORIENTED_EDGE('',*,*,#4407,.T.);
#6123=ORIENTED_EDGE('',*,*,#4405,.T.);
#6124=ORIENTED_EDGE('',*,*,#4403,.T.);
#6125=ORIENTED_EDGE('',*,*,#4401,.T.);
#6126=ORIENTED_EDGE('',*,*,#4399,.T.);
#6127=ORIENTED_EDGE('',*,*,#3870,.T.);
#6128=ORIENTED_EDGE('',*,*,#4398,.T.);
#6129=ORIENTED_EDGE('',*,*,#4396,.T.);
#6130=ORIENTED_EDGE('',*,*,#4394,.T.);
#6131=ORIENTED_EDGE('',*,*,#4392,.T.);
#6132=ORIENTED_EDGE('',*,*,#4390,.T.);
#6133=ORIENTED_EDGE('',*,*,#4388,.T.);
#6134=ORIENTED_EDGE('',*,*,#4386,.T.);
#6135=ORIENTED_EDGE('',*,*,#4384,.T.);
#6136=ORIENTED_EDGE('',*,*,#4382,.T.);
#6137=ORIENTED_EDGE('',*,*,#4380,.T.);
#6138=ORIENTED_EDGE('',*,*,#4378,.T.);
#6139=ORIENTED_EDGE('',*,*,#4376,.T.);
#6140=ORIENTED_EDGE('',*,*,#4374,.T.);
#6141=ORIENTED_EDGE('',*,*,#4372,.T.);
#6142=ORIENTED_EDGE('',*,*,#4370,.T.);
#6143=ORIENTED_EDGE('',*,*,#4368,.T.);
#6144=ORIENTED_EDGE('',*,*,#4366,.T.);
#6145=ORIENTED_EDGE('',*,*,#4364,.T.);
#6146=ORIENTED_EDGE('',*,*,#4362,.T.);
#6147=ORIENTED_EDGE('',*,*,#4360,.T.);
#6148=ORIENTED_EDGE('',*,*,#4358,.T.);
#6149=ORIENTED_EDGE('',*,*,#4356,.T.);
#6150=ORIENTED_EDGE('',*,*,#4354,.T.);
#6151=ORIENTED_EDGE('',*,*,#4352,.T.);
#6152=ORIENTED_EDGE('',*,*,#4350,.T.);
#6153=ORIENTED_EDGE('',*,*,#4348,.T.);
#6154=ORIENTED_EDGE('',*,*,#4346,.T.);
#6155=ORIENTED_EDGE('',*,*,#4344,.T.);
#6156=ORIENTED_EDGE('',*,*,#4342,.T.);
#6157=ORIENTED_EDGE('',*,*,#4340,.T.);
#6158=ORIENTED_EDGE('',*,*,#4338,.T.);
#6159=ORIENTED_EDGE('',*,*,#4336,.T.);
#6160=ORIENTED_EDGE('',*,*,#4334,.T.);
#6161=ORIENTED_EDGE('',*,*,#4332,.T.);
#6162=ORIENTED_EDGE('',*,*,#4330,.T.);
#6163=ORIENTED_EDGE('',*,*,#4328,.T.);
#6164=ORIENTED_EDGE('',*,*,#4326,.T.);
#6165=ORIENTED_EDGE('',*,*,#4324,.T.);
#6166=ORIENTED_EDGE('',*,*,#4322,.T.);
#6167=ORIENTED_EDGE('',*,*,#4320,.T.);
#6168=ORIENTED_EDGE('',*,*,#4318,.T.);
#6169=ORIENTED_EDGE('',*,*,#4316,.T.);
#6170=ORIENTED_EDGE('',*,*,#4314,.T.);
#6171=ORIENTED_EDGE('',*,*,#3862,.T.);
#6172=ORIENTED_EDGE('',*,*,#4313,.T.);
#6173=ORIENTED_EDGE('',*,*,#4311,.T.);
#6174=ORIENTED_EDGE('',*,*,#4309,.T.);
#6175=ORIENTED_EDGE('',*,*,#4307,.T.);
#6176=ORIENTED_EDGE('',*,*,#4305,.T.);
#6177=ORIENTED_EDGE('',*,*,#4303,.T.);
#6178=ORIENTED_EDGE('',*,*,#3898,.F.);
#6179=ORIENTED_EDGE('',*,*,#3818,.F.);
#6180=ORIENTED_EDGE('',*,*,#4411,.T.);
#6181=ORIENTED_EDGE('',*,*,#4416,.T.);
#6182=ORIENTED_EDGE('',*,*,#4417,.T.);
#6183=ORIENTED_EDGE('',*,*,#4519,.T.);
#6184=ORIENTED_EDGE('',*,*,#4191,.T.);
#6185=ORIENTED_EDGE('',*,*,#4188,.T.);
#6186=ORIENTED_EDGE('',*,*,#4520,.T.);
#6187=ORIENTED_EDGE('',*,*,#4521,.T.);
#6188=ORIENTED_EDGE('',*,*,#4421,.T.);
#6189=ORIENTED_EDGE('',*,*,#4197,.T.);
#6190=ORIENTED_EDGE('',*,*,#4522,.T.);
#6191=ORIENTED_EDGE('',*,*,#4202,.T.);
#6192=ORIENTED_EDGE('',*,*,#4422,.T.);
#6193=ORIENTED_EDGE('',*,*,#3901,.T.);
#6194=ORIENTED_EDGE('',*,*,#4419,.T.);
#6195=ORIENTED_EDGE('',*,*,#4192,.T.);
#6196=ORIENTED_EDGE('',*,*,#4519,.F.);
#6197=ORIENTED_EDGE('',*,*,#4196,.T.);
#6198=ORIENTED_EDGE('',*,*,#4199,.T.);
#6199=ORIENTED_EDGE('',*,*,#4522,.F.);
#6200=ORIENTED_EDGE('',*,*,#4187,.F.);
#6201=ORIENTED_EDGE('',*,*,#4190,.F.);
#6202=ORIENTED_EDGE('',*,*,#4420,.F.);
#6203=ORIENTED_EDGE('',*,*,#4521,.F.);
#6204=ORIENTED_EDGE('',*,*,#4523,.T.);
#6205=ORIENTED_EDGE('',*,*,#4175,.T.);
#6206=ORIENTED_EDGE('',*,*,#4523,.F.);
#6207=ORIENTED_EDGE('',*,*,#4520,.F.);
#6208=ORIENTED_EDGE('',*,*,#4182,.T.);
#6209=ORIENTED_EDGE('',*,*,#4524,.F.);
#6210=ORIENTED_EDGE('',*,*,#4185,.F.);
#6211=ORIENTED_EDGE('',*,*,#4178,.T.);
#6212=ORIENTED_EDGE('',*,*,#3895,.T.);
#6213=ORIENTED_EDGE('',*,*,#4525,.T.);
#6214=ORIENTED_EDGE('',*,*,#4526,.T.);
#6215=ORIENTED_EDGE('',*,*,#4527,.T.);
#6216=ORIENTED_EDGE('',*,*,#4526,.F.);
#6217=ORIENTED_EDGE('',*,*,#4528,.T.);
#6218=ORIENTED_EDGE('',*,*,#4529,.T.);
#6219=ORIENTED_EDGE('',*,*,#4530,.T.);
#6220=ORIENTED_EDGE('',*,*,#4531,.T.);
#6221=ORIENTED_EDGE('',*,*,#4532,.T.);
#6222=ORIENTED_EDGE('',*,*,#4167,.T.);
#6223=ORIENTED_EDGE('',*,*,#4163,.T.);
#6224=ORIENTED_EDGE('',*,*,#4162,.T.);
#6225=ORIENTED_EDGE('',*,*,#4170,.T.);
#6226=ORIENTED_EDGE('',*,*,#4062,.T.);
#6227=ORIENTED_EDGE('',*,*,#4174,.T.);
#6228=ORIENTED_EDGE('',*,*,#4173,.T.);
#6229=ORIENTED_EDGE('',*,*,#4058,.T.);
#6230=ORIENTED_EDGE('',*,*,#4171,.T.);
#6231=ORIENTED_EDGE('',*,*,#4172,.T.);
#6232=ORIENTED_EDGE('',*,*,#4054,.T.);
#6233=ORIENTED_EDGE('',*,*,#4165,.T.);
#6234=ORIENTED_EDGE('',*,*,#4166,.T.);
#6235=ORIENTED_EDGE('',*,*,#4050,.T.);
#6236=ORIENTED_EDGE('',*,*,#4533,.T.);
#6237=ORIENTED_EDGE('',*,*,#4160,.T.);
#6238=ORIENTED_EDGE('',*,*,#4066,.T.);
#6239=ORIENTED_EDGE('',*,*,#4534,.T.);
#6240=ORIENTED_EDGE('',*,*,#4535,.T.);
#6241=ORIENTED_EDGE('',*,*,#4159,.T.);
#6242=ORIENTED_EDGE('',*,*,#4536,.T.);
#6243=ORIENTED_EDGE('',*,*,#4009,.T.);
#6244=ORIENTED_EDGE('',*,*,#4157,.T.);
#6245=ORIENTED_EDGE('',*,*,#4537,.T.);
#6246=ORIENTED_EDGE('',*,*,#4005,.T.);
#6247=ORIENTED_EDGE('',*,*,#4538,.T.);
#6248=ORIENTED_EDGE('',*,*,#4156,.T.);
#6249=ORIENTED_EDGE('',*,*,#4001,.T.);
#6250=ORIENTED_EDGE('',*,*,#4539,.T.);
#6251=ORIENTED_EDGE('',*,*,#4154,.T.);
#6252=ORIENTED_EDGE('',*,*,#4540,.T.);
#6253=ORIENTED_EDGE('',*,*,#4541,.T.);
#6254=ORIENTED_EDGE('',*,*,#3937,.T.);
#6255=ORIENTED_EDGE('',*,*,#4542,.T.);
#6256=ORIENTED_EDGE('',*,*,#4153,.T.);
#6257=ORIENTED_EDGE('',*,*,#3933,.T.);
#6258=ORIENTED_EDGE('',*,*,#4152,.T.);
#6259=ORIENTED_EDGE('',*,*,#4543,.T.);
#6260=ORIENTED_EDGE('',*,*,#3929,.T.);
#6261=ORIENTED_EDGE('',*,*,#4544,.T.);
#6262=ORIENTED_EDGE('',*,*,#4151,.T.);
#6263=ORIENTED_EDGE('',*,*,#3925,.T.);
#6264=ORIENTED_EDGE('',*,*,#4545,.T.);
#6265=ORIENTED_EDGE('',*,*,#4150,.T.);
#6266=ORIENTED_EDGE('',*,*,#3921,.T.);
#6267=ORIENTED_EDGE('',*,*,#4546,.T.);
#6268=ORIENTED_EDGE('',*,*,#4547,.T.);
#6269=ORIENTED_EDGE('',*,*,#4149,.T.);
#6270=ORIENTED_EDGE('',*,*,#4548,.T.);
#6271=ORIENTED_EDGE('',*,*,#4300,.T.);
#6272=ORIENTED_EDGE('',*,*,#4297,.T.);
#6273=ORIENTED_EDGE('',*,*,#4294,.T.);
#6274=ORIENTED_EDGE('',*,*,#4291,.T.);
#6275=ORIENTED_EDGE('',*,*,#4288,.T.);
#6276=ORIENTED_EDGE('',*,*,#4285,.T.);
#6277=ORIENTED_EDGE('',*,*,#4282,.T.);
#6278=ORIENTED_EDGE('',*,*,#4279,.T.);
#6279=ORIENTED_EDGE('',*,*,#4276,.T.);
#6280=ORIENTED_EDGE('',*,*,#4273,.T.);
#6281=ORIENTED_EDGE('',*,*,#4270,.T.);
#6282=ORIENTED_EDGE('',*,*,#4267,.T.);
#6283=ORIENTED_EDGE('',*,*,#4264,.T.);
#6284=ORIENTED_EDGE('',*,*,#4261,.T.);
#6285=ORIENTED_EDGE('',*,*,#4258,.T.);
#6286=ORIENTED_EDGE('',*,*,#4255,.T.);
#6287=ORIENTED_EDGE('',*,*,#4252,.T.);
#6288=ORIENTED_EDGE('',*,*,#4249,.T.);
#6289=ORIENTED_EDGE('',*,*,#4246,.T.);
#6290=ORIENTED_EDGE('',*,*,#4243,.T.);
#6291=ORIENTED_EDGE('',*,*,#4240,.T.);
#6292=ORIENTED_EDGE('',*,*,#4237,.T.);
#6293=ORIENTED_EDGE('',*,*,#4234,.T.);
#6294=ORIENTED_EDGE('',*,*,#4231,.T.);
#6295=ORIENTED_EDGE('',*,*,#4228,.T.);
#6296=ORIENTED_EDGE('',*,*,#4225,.T.);
#6297=ORIENTED_EDGE('',*,*,#4222,.T.);
#6298=ORIENTED_EDGE('',*,*,#4219,.T.);
#6299=ORIENTED_EDGE('',*,*,#4216,.T.);
#6300=ORIENTED_EDGE('',*,*,#4213,.T.);
#6301=ORIENTED_EDGE('',*,*,#4210,.T.);
#6302=ORIENTED_EDGE('',*,*,#4206,.T.);
#6303=ORIENTED_EDGE('',*,*,#4424,.T.);
#6304=ORIENTED_EDGE('',*,*,#4427,.T.);
#6305=ORIENTED_EDGE('',*,*,#4430,.T.);
#6306=ORIENTED_EDGE('',*,*,#4433,.T.);
#6307=ORIENTED_EDGE('',*,*,#4436,.T.);
#6308=ORIENTED_EDGE('',*,*,#4439,.T.);
#6309=ORIENTED_EDGE('',*,*,#4442,.T.);
#6310=ORIENTED_EDGE('',*,*,#4445,.T.);
#6311=ORIENTED_EDGE('',*,*,#4448,.T.);
#6312=ORIENTED_EDGE('',*,*,#4451,.T.);
#6313=ORIENTED_EDGE('',*,*,#4454,.T.);
#6314=ORIENTED_EDGE('',*,*,#4457,.T.);
#6315=ORIENTED_EDGE('',*,*,#4460,.T.);
#6316=ORIENTED_EDGE('',*,*,#4463,.T.);
#6317=ORIENTED_EDGE('',*,*,#4466,.T.);
#6318=ORIENTED_EDGE('',*,*,#4469,.T.);
#6319=ORIENTED_EDGE('',*,*,#4472,.T.);
#6320=ORIENTED_EDGE('',*,*,#4475,.T.);
#6321=ORIENTED_EDGE('',*,*,#4478,.T.);
#6322=ORIENTED_EDGE('',*,*,#4481,.T.);
#6323=ORIENTED_EDGE('',*,*,#4484,.T.);
#6324=ORIENTED_EDGE('',*,*,#4487,.T.);
#6325=ORIENTED_EDGE('',*,*,#4490,.T.);
#6326=ORIENTED_EDGE('',*,*,#4493,.T.);
#6327=ORIENTED_EDGE('',*,*,#4496,.T.);
#6328=ORIENTED_EDGE('',*,*,#4499,.T.);
#6329=ORIENTED_EDGE('',*,*,#4502,.T.);
#6330=ORIENTED_EDGE('',*,*,#4505,.T.);
#6331=ORIENTED_EDGE('',*,*,#4508,.T.);
#6332=ORIENTED_EDGE('',*,*,#4511,.T.);
#6333=ORIENTED_EDGE('',*,*,#4514,.T.);
#6334=ORIENTED_EDGE('',*,*,#4517,.T.);
#6335=ORIENTED_EDGE('',*,*,#4549,.F.);
#6336=ORIENTED_EDGE('',*,*,#4550,.F.);
#6337=ORIENTED_EDGE('',*,*,#4551,.F.);
#6338=ORIENTED_EDGE('',*,*,#4552,.F.);
#6339=ORIENTED_EDGE('',*,*,#4553,.F.);
#6340=ORIENTED_EDGE('',*,*,#4554,.F.);
#6341=ORIENTED_EDGE('',*,*,#4555,.F.);
#6342=ORIENTED_EDGE('',*,*,#4556,.F.);
#6343=ORIENTED_EDGE('',*,*,#4557,.F.);
#6344=ORIENTED_EDGE('',*,*,#4558,.F.);
#6345=ORIENTED_EDGE('',*,*,#4559,.F.);
#6346=ORIENTED_EDGE('',*,*,#4560,.F.);
#6347=ORIENTED_EDGE('',*,*,#4561,.F.);
#6348=ORIENTED_EDGE('',*,*,#4562,.F.);
#6349=ORIENTED_EDGE('',*,*,#4563,.F.);
#6350=ORIENTED_EDGE('',*,*,#4525,.F.);
#6351=ORIENTED_EDGE('',*,*,#4564,.T.);
#6352=ORIENTED_EDGE('',*,*,#4565,.T.);
#6353=ORIENTED_EDGE('',*,*,#4527,.F.);
#6354=ORIENTED_EDGE('',*,*,#4565,.F.);
#6355=ORIENTED_EDGE('',*,*,#4549,.T.);
#6356=ORIENTED_EDGE('',*,*,#4566,.T.);
#6357=ORIENTED_EDGE('',*,*,#4567,.T.);
#6358=ORIENTED_EDGE('',*,*,#4566,.F.);
#6359=ORIENTED_EDGE('',*,*,#4568,.T.);
#6360=ORIENTED_EDGE('',*,*,#4569,.T.);
#6361=ORIENTED_EDGE('',*,*,#4567,.F.);
#6362=ORIENTED_EDGE('',*,*,#4569,.F.);
#6363=ORIENTED_EDGE('',*,*,#4563,.T.);
#6364=ORIENTED_EDGE('',*,*,#4570,.T.);
#6365=ORIENTED_EDGE('',*,*,#4571,.T.);
#6366=ORIENTED_EDGE('',*,*,#4570,.F.);
#6367=ORIENTED_EDGE('',*,*,#4572,.T.);
#6368=ORIENTED_EDGE('',*,*,#4573,.T.);
#6369=ORIENTED_EDGE('',*,*,#4571,.F.);
#6370=ORIENTED_EDGE('',*,*,#4573,.F.);
#6371=ORIENTED_EDGE('',*,*,#4550,.T.);
#6372=ORIENTED_EDGE('',*,*,#4574,.T.);
#6373=ORIENTED_EDGE('',*,*,#4575,.T.);
#6374=ORIENTED_EDGE('',*,*,#4574,.F.);
#6375=ORIENTED_EDGE('',*,*,#4576,.T.);
#6376=ORIENTED_EDGE('',*,*,#4577,.T.);
#6377=ORIENTED_EDGE('',*,*,#4575,.F.);
#6378=ORIENTED_EDGE('',*,*,#4577,.F.);
#6379=ORIENTED_EDGE('',*,*,#4562,.T.);
#6380=ORIENTED_EDGE('',*,*,#4578,.T.);
#6381=ORIENTED_EDGE('',*,*,#4579,.T.);
#6382=ORIENTED_EDGE('',*,*,#4580,.T.);
#6383=ORIENTED_EDGE('',*,*,#4578,.F.);
#6384=ORIENTED_EDGE('',*,*,#4581,.T.);
#6385=ORIENTED_EDGE('',*,*,#4582,.T.);
#6386=ORIENTED_EDGE('',*,*,#4579,.F.);
#6387=ORIENTED_EDGE('',*,*,#4580,.F.);
#6388=ORIENTED_EDGE('',*,*,#4582,.F.);
#6389=ORIENTED_EDGE('',*,*,#4551,.T.);
#6390=ORIENTED_EDGE('',*,*,#4583,.T.);
#6391=ORIENTED_EDGE('',*,*,#4584,.T.);
#6392=ORIENTED_EDGE('',*,*,#4583,.F.);
#6393=ORIENTED_EDGE('',*,*,#4585,.T.);
#6394=ORIENTED_EDGE('',*,*,#4586,.T.);
#6395=ORIENTED_EDGE('',*,*,#4584,.F.);
#6396=ORIENTED_EDGE('',*,*,#4586,.F.);
#6397=ORIENTED_EDGE('',*,*,#4561,.T.);
#6398=ORIENTED_EDGE('',*,*,#4587,.T.);
#6399=ORIENTED_EDGE('',*,*,#4588,.T.);
#6400=ORIENTED_EDGE('',*,*,#4587,.F.);
#6401=ORIENTED_EDGE('',*,*,#4589,.T.);
#6402=ORIENTED_EDGE('',*,*,#4590,.T.);
#6403=ORIENTED_EDGE('',*,*,#4588,.F.);
#6404=ORIENTED_EDGE('',*,*,#4590,.F.);
#6405=ORIENTED_EDGE('',*,*,#4552,.T.);
#6406=ORIENTED_EDGE('',*,*,#4591,.T.);
#6407=ORIENTED_EDGE('',*,*,#4592,.T.);
#6408=ORIENTED_EDGE('',*,*,#4591,.F.);
#6409=ORIENTED_EDGE('',*,*,#4593,.T.);
#6410=ORIENTED_EDGE('',*,*,#4594,.T.);
#6411=ORIENTED_EDGE('',*,*,#4592,.F.);
#6412=ORIENTED_EDGE('',*,*,#4594,.F.);
#6413=ORIENTED_EDGE('',*,*,#4560,.T.);
#6414=ORIENTED_EDGE('',*,*,#4595,.T.);
#6415=ORIENTED_EDGE('',*,*,#4596,.T.);
#6416=ORIENTED_EDGE('',*,*,#4595,.F.);
#6417=ORIENTED_EDGE('',*,*,#4597,.T.);
#6418=ORIENTED_EDGE('',*,*,#4598,.T.);
#6419=ORIENTED_EDGE('',*,*,#4596,.F.);
#6420=ORIENTED_EDGE('',*,*,#4598,.F.);
#6421=ORIENTED_EDGE('',*,*,#4553,.T.);
#6422=ORIENTED_EDGE('',*,*,#4599,.T.);
#6423=ORIENTED_EDGE('',*,*,#4600,.T.);
#6424=ORIENTED_EDGE('',*,*,#4599,.F.);
#6425=ORIENTED_EDGE('',*,*,#4601,.T.);
#6426=ORIENTED_EDGE('',*,*,#4602,.T.);
#6427=ORIENTED_EDGE('',*,*,#4600,.F.);
#6428=ORIENTED_EDGE('',*,*,#4602,.F.);
#6429=ORIENTED_EDGE('',*,*,#4559,.T.);
#6430=ORIENTED_EDGE('',*,*,#4603,.T.);
#6431=ORIENTED_EDGE('',*,*,#4604,.T.);
#6432=ORIENTED_EDGE('',*,*,#4603,.F.);
#6433=ORIENTED_EDGE('',*,*,#4605,.T.);
#6434=ORIENTED_EDGE('',*,*,#4606,.T.);
#6435=ORIENTED_EDGE('',*,*,#4604,.F.);
#6436=ORIENTED_EDGE('',*,*,#4606,.F.);
#6437=ORIENTED_EDGE('',*,*,#4554,.T.);
#6438=ORIENTED_EDGE('',*,*,#4607,.T.);
#6439=ORIENTED_EDGE('',*,*,#4608,.T.);
#6440=ORIENTED_EDGE('',*,*,#4607,.F.);
#6441=ORIENTED_EDGE('',*,*,#4609,.T.);
#6442=ORIENTED_EDGE('',*,*,#4610,.T.);
#6443=ORIENTED_EDGE('',*,*,#4608,.F.);
#6444=ORIENTED_EDGE('',*,*,#4610,.F.);
#6445=ORIENTED_EDGE('',*,*,#4558,.T.);
#6446=ORIENTED_EDGE('',*,*,#4611,.T.);
#6447=ORIENTED_EDGE('',*,*,#4612,.T.);
#6448=ORIENTED_EDGE('',*,*,#4611,.F.);
#6449=ORIENTED_EDGE('',*,*,#4613,.T.);
#6450=ORIENTED_EDGE('',*,*,#4614,.T.);
#6451=ORIENTED_EDGE('',*,*,#4612,.F.);
#6452=ORIENTED_EDGE('',*,*,#4614,.F.);
#6453=ORIENTED_EDGE('',*,*,#4555,.T.);
#6454=ORIENTED_EDGE('',*,*,#4615,.T.);
#6455=ORIENTED_EDGE('',*,*,#4616,.T.);
#6456=ORIENTED_EDGE('',*,*,#4617,.T.);
#6457=ORIENTED_EDGE('',*,*,#4615,.F.);
#6458=ORIENTED_EDGE('',*,*,#4618,.T.);
#6459=ORIENTED_EDGE('',*,*,#4619,.T.);
#6460=ORIENTED_EDGE('',*,*,#4616,.F.);
#6461=ORIENTED_EDGE('',*,*,#4617,.F.);
#6462=ORIENTED_EDGE('',*,*,#4619,.F.);
#6463=ORIENTED_EDGE('',*,*,#4557,.T.);
#6464=ORIENTED_EDGE('',*,*,#4620,.T.);
#6465=ORIENTED_EDGE('',*,*,#4621,.T.);
#6466=ORIENTED_EDGE('',*,*,#4622,.T.);
#6467=ORIENTED_EDGE('',*,*,#4620,.F.);
#6468=ORIENTED_EDGE('',*,*,#4623,.T.);
#6469=ORIENTED_EDGE('',*,*,#4624,.T.);
#6470=ORIENTED_EDGE('',*,*,#4621,.F.);
#6471=ORIENTED_EDGE('',*,*,#4622,.F.);
#6472=ORIENTED_EDGE('',*,*,#4624,.F.);
#6473=ORIENTED_EDGE('',*,*,#4556,.T.);
#6474=ORIENTED_EDGE('',*,*,#4625,.T.);
#6475=ORIENTED_EDGE('',*,*,#4626,.T.);
#6476=ORIENTED_EDGE('',*,*,#4627,.T.);
#6477=ORIENTED_EDGE('',*,*,#4625,.F.);
#6478=ORIENTED_EDGE('',*,*,#4628,.T.);
#6479=ORIENTED_EDGE('',*,*,#4629,.T.);
#6480=ORIENTED_EDGE('',*,*,#4626,.F.);
#6481=ORIENTED_EDGE('',*,*,#4627,.F.);
#6482=ORIENTED_EDGE('',*,*,#4629,.F.);
#6483=ORIENTED_EDGE('',*,*,#4630,.F.);
#6484=ORIENTED_EDGE('',*,*,#4631,.F.);
#6485=ORIENTED_EDGE('',*,*,#4531,.F.);
#6486=ORIENTED_EDGE('',*,*,#4632,.F.);
#6487=ORIENTED_EDGE('',*,*,#4633,.F.);
#6488=ORIENTED_EDGE('',*,*,#4633,.T.);
#6489=ORIENTED_EDGE('',*,*,#4634,.F.);
#6490=ORIENTED_EDGE('',*,*,#4635,.T.);
#6491=ORIENTED_EDGE('',*,*,#4636,.F.);
#6492=ORIENTED_EDGE('',*,*,#4637,.F.);
#6493=ORIENTED_EDGE('',*,*,#4638,.T.);
#6494=ORIENTED_EDGE('',*,*,#4632,.T.);
#6495=ORIENTED_EDGE('',*,*,#4530,.F.);
#6496=ORIENTED_EDGE('',*,*,#4639,.T.);
#6497=ORIENTED_EDGE('',*,*,#4634,.T.);
#6498=ORIENTED_EDGE('',*,*,#4631,.T.);
#6499=ORIENTED_EDGE('',*,*,#4640,.T.);
#6500=ORIENTED_EDGE('',*,*,#4641,.T.);
#6501=ORIENTED_EDGE('',*,*,#4642,.F.);
#6502=ORIENTED_EDGE('',*,*,#4643,.T.);
#6503=ORIENTED_EDGE('',*,*,#4168,.T.);
#6504=ORIENTED_EDGE('',*,*,#4532,.F.);
#6505=ORIENTED_EDGE('',*,*,#4635,.F.);
#6506=ORIENTED_EDGE('',*,*,#4639,.F.);
#6507=ORIENTED_EDGE('',*,*,#4529,.F.);
#6508=ORIENTED_EDGE('',*,*,#4644,.F.);
#6509=ORIENTED_EDGE('',*,*,#4645,.F.);
#6510=ORIENTED_EDGE('',*,*,#4645,.T.);
#6511=ORIENTED_EDGE('',*,*,#4646,.F.);
#6512=ORIENTED_EDGE('',*,*,#4647,.F.);
#6513=ORIENTED_EDGE('',*,*,#4648,.F.);
#6514=ORIENTED_EDGE('',*,*,#4636,.T.);
#6515=ORIENTED_EDGE('',*,*,#4644,.T.);
#6516=ORIENTED_EDGE('',*,*,#4528,.F.);
#6517=ORIENTED_EDGE('',*,*,#4649,.F.);
#6518=ORIENTED_EDGE('',*,*,#4650,.T.);
#6519=ORIENTED_EDGE('',*,*,#4651,.T.);
#6520=ORIENTED_EDGE('',*,*,#4652,.T.);
#6521=ORIENTED_EDGE('',*,*,#4646,.T.);
#6522=ORIENTED_EDGE('',*,*,#4653,.F.);
#6523=ORIENTED_EDGE('',*,*,#4654,.T.);
#6524=ORIENTED_EDGE('',*,*,#4655,.F.);
#6525=ORIENTED_EDGE('',*,*,#4654,.F.);
#6526=ORIENTED_EDGE('',*,*,#4618,.F.);
#6527=ORIENTED_EDGE('',*,*,#4655,.T.);
#6528=ORIENTED_EDGE('',*,*,#4656,.F.);
#6529=ORIENTED_EDGE('',*,*,#4657,.T.);
#6530=ORIENTED_EDGE('',*,*,#4658,.F.);
#6531=ORIENTED_EDGE('',*,*,#4657,.F.);
#6532=ORIENTED_EDGE('',*,*,#4601,.F.);
#6533=ORIENTED_EDGE('',*,*,#4658,.T.);
#6534=ORIENTED_EDGE('',*,*,#4659,.F.);
#6535=ORIENTED_EDGE('',*,*,#4660,.T.);
#6536=ORIENTED_EDGE('',*,*,#4661,.F.);
#6537=ORIENTED_EDGE('',*,*,#4660,.F.);
#6538=ORIENTED_EDGE('',*,*,#4585,.F.);
#6539=ORIENTED_EDGE('',*,*,#4661,.T.);
#6540=ORIENTED_EDGE('',*,*,#4662,.F.);
#6541=ORIENTED_EDGE('',*,*,#4663,.T.);
#6542=ORIENTED_EDGE('',*,*,#4664,.F.);
#6543=ORIENTED_EDGE('',*,*,#4663,.F.);
#6544=ORIENTED_EDGE('',*,*,#4568,.F.);
#6545=ORIENTED_EDGE('',*,*,#4664,.T.);
#6546=ORIENTED_EDGE('',*,*,#4665,.F.);
#6547=ORIENTED_EDGE('',*,*,#4666,.T.);
#6548=ORIENTED_EDGE('',*,*,#4667,.F.);
#6549=ORIENTED_EDGE('',*,*,#4666,.F.);
#6550=ORIENTED_EDGE('',*,*,#4623,.F.);
#6551=ORIENTED_EDGE('',*,*,#4667,.T.);
#6552=ORIENTED_EDGE('',*,*,#4668,.F.);
#6553=ORIENTED_EDGE('',*,*,#4669,.T.);
#6554=ORIENTED_EDGE('',*,*,#4670,.F.);
#6555=ORIENTED_EDGE('',*,*,#4669,.F.);
#6556=ORIENTED_EDGE('',*,*,#4572,.F.);
#6557=ORIENTED_EDGE('',*,*,#4670,.T.);
#6558=ORIENTED_EDGE('',*,*,#4671,.F.);
#6559=ORIENTED_EDGE('',*,*,#4672,.T.);
#6560=ORIENTED_EDGE('',*,*,#4673,.F.);
#6561=ORIENTED_EDGE('',*,*,#4672,.F.);
#6562=ORIENTED_EDGE('',*,*,#4589,.F.);
#6563=ORIENTED_EDGE('',*,*,#4673,.T.);
#6564=ORIENTED_EDGE('',*,*,#4674,.F.);
#6565=ORIENTED_EDGE('',*,*,#4675,.T.);
#6566=ORIENTED_EDGE('',*,*,#4676,.F.);
#6567=ORIENTED_EDGE('',*,*,#4675,.F.);
#6568=ORIENTED_EDGE('',*,*,#4605,.F.);
#6569=ORIENTED_EDGE('',*,*,#4676,.T.);
#6570=ORIENTED_EDGE('',*,*,#4677,.F.);
#6571=ORIENTED_EDGE('',*,*,#4678,.T.);
#6572=ORIENTED_EDGE('',*,*,#4679,.F.);
#6573=ORIENTED_EDGE('',*,*,#4678,.F.);
#6574=ORIENTED_EDGE('',*,*,#4613,.F.);
#6575=ORIENTED_EDGE('',*,*,#4679,.T.);
#6576=ORIENTED_EDGE('',*,*,#4680,.F.);
#6577=ORIENTED_EDGE('',*,*,#4681,.T.);
#6578=ORIENTED_EDGE('',*,*,#4682,.F.);
#6579=ORIENTED_EDGE('',*,*,#4681,.F.);
#6580=ORIENTED_EDGE('',*,*,#4597,.F.);
#6581=ORIENTED_EDGE('',*,*,#4682,.T.);
#6582=ORIENTED_EDGE('',*,*,#4683,.F.);
#6583=ORIENTED_EDGE('',*,*,#4684,.T.);
#6584=ORIENTED_EDGE('',*,*,#4685,.F.);
#6585=ORIENTED_EDGE('',*,*,#4684,.F.);
#6586=ORIENTED_EDGE('',*,*,#4581,.F.);
#6587=ORIENTED_EDGE('',*,*,#4685,.T.);
#6588=ORIENTED_EDGE('',*,*,#4686,.F.);
#6589=ORIENTED_EDGE('',*,*,#4687,.T.);
#6590=ORIENTED_EDGE('',*,*,#4688,.F.);
#6591=ORIENTED_EDGE('',*,*,#4687,.F.);
#6592=ORIENTED_EDGE('',*,*,#4564,.F.);
#6593=ORIENTED_EDGE('',*,*,#4688,.T.);
#6594=ORIENTED_EDGE('',*,*,#4689,.F.);
#6595=ORIENTED_EDGE('',*,*,#4690,.T.);
#6596=ORIENTED_EDGE('',*,*,#4691,.F.);
#6597=ORIENTED_EDGE('',*,*,#4690,.F.);
#6598=ORIENTED_EDGE('',*,*,#4628,.F.);
#6599=ORIENTED_EDGE('',*,*,#4691,.T.);
#6600=ORIENTED_EDGE('',*,*,#4692,.F.);
#6601=ORIENTED_EDGE('',*,*,#4693,.T.);
#6602=ORIENTED_EDGE('',*,*,#4694,.F.);
#6603=ORIENTED_EDGE('',*,*,#4693,.F.);
#6604=ORIENTED_EDGE('',*,*,#4576,.F.);
#6605=ORIENTED_EDGE('',*,*,#4694,.T.);
#6606=ORIENTED_EDGE('',*,*,#4695,.F.);
#6607=ORIENTED_EDGE('',*,*,#4696,.T.);
#6608=ORIENTED_EDGE('',*,*,#4697,.F.);
#6609=ORIENTED_EDGE('',*,*,#4696,.F.);
#6610=ORIENTED_EDGE('',*,*,#4593,.F.);
#6611=ORIENTED_EDGE('',*,*,#4697,.T.);
#6612=ORIENTED_EDGE('',*,*,#4698,.F.);
#6613=ORIENTED_EDGE('',*,*,#4699,.T.);
#6614=ORIENTED_EDGE('',*,*,#4700,.F.);
#6615=ORIENTED_EDGE('',*,*,#4699,.F.);
#6616=ORIENTED_EDGE('',*,*,#4609,.F.);
#6617=ORIENTED_EDGE('',*,*,#4700,.T.);
#6618=ORIENTED_EDGE('',*,*,#4665,.T.);
#6619=ORIENTED_EDGE('',*,*,#4653,.T.);
#6620=ORIENTED_EDGE('',*,*,#4121,.T.);
#6621=ORIENTED_EDGE('',*,*,#3930,.F.);
#6622=ORIENTED_EDGE('',*,*,#4543,.F.);
#6623=ORIENTED_EDGE('',*,*,#4656,.T.);
#6624=ORIENTED_EDGE('',*,*,#4127,.T.);
#6625=ORIENTED_EDGE('',*,*,#4006,.F.);
#6626=ORIENTED_EDGE('',*,*,#4537,.F.);
#6627=ORIENTED_EDGE('',*,*,#4659,.T.);
#6628=ORIENTED_EDGE('',*,*,#4662,.T.);
#6629=ORIENTED_EDGE('',*,*,#4689,.T.);
#6630=ORIENTED_EDGE('',*,*,#4130,.T.);
#6631=ORIENTED_EDGE('',*,*,#4538,.F.);
#6632=ORIENTED_EDGE('',*,*,#4004,.F.);
#6633=ORIENTED_EDGE('',*,*,#4668,.T.);
#6634=ORIENTED_EDGE('',*,*,#4124,.T.);
#6635=ORIENTED_EDGE('',*,*,#4544,.F.);
#6636=ORIENTED_EDGE('',*,*,#3928,.F.);
#6637=ORIENTED_EDGE('',*,*,#4671,.T.);
#6638=ORIENTED_EDGE('',*,*,#4117,.F.);
#6639=ORIENTED_EDGE('',*,*,#4547,.F.);
#6640=ORIENTED_EDGE('',*,*,#4701,.F.);
#6641=ORIENTED_EDGE('',*,*,#4649,.T.);
#6642=ORIENTED_EDGE('',*,*,#4548,.F.);
#6643=ORIENTED_EDGE('',*,*,#4148,.T.);
#6644=ORIENTED_EDGE('',*,*,#4118,.T.);
#6645=ORIENTED_EDGE('',*,*,#4701,.T.);
#6646=ORIENTED_EDGE('',*,*,#4546,.F.);
#6647=ORIENTED_EDGE('',*,*,#3920,.F.);
#6648=ORIENTED_EDGE('',*,*,#4702,.T.);
#6649=ORIENTED_EDGE('',*,*,#4674,.T.);
#6650=ORIENTED_EDGE('',*,*,#4677,.T.);
#6651=ORIENTED_EDGE('',*,*,#4120,.T.);
#6652=ORIENTED_EDGE('',*,*,#4542,.F.);
#6653=ORIENTED_EDGE('',*,*,#3936,.F.);
#6654=ORIENTED_EDGE('',*,*,#4680,.T.);
#6655=ORIENTED_EDGE('',*,*,#4132,.F.);
#6656=ORIENTED_EDGE('',*,*,#4535,.F.);
#6657=ORIENTED_EDGE('',*,*,#4703,.F.);
#6658=ORIENTED_EDGE('',*,*,#4010,.T.);
#6659=ORIENTED_EDGE('',*,*,#4536,.F.);
#6660=ORIENTED_EDGE('',*,*,#4158,.T.);
#6661=ORIENTED_EDGE('',*,*,#4133,.T.);
#6662=ORIENTED_EDGE('',*,*,#4703,.T.);
#6663=ORIENTED_EDGE('',*,*,#4534,.F.);
#6664=ORIENTED_EDGE('',*,*,#4065,.F.);
#6665=ORIENTED_EDGE('',*,*,#4704,.T.);
#6666=ORIENTED_EDGE('',*,*,#4683,.T.);
#6667=ORIENTED_EDGE('',*,*,#4144,.T.);
#6668=ORIENTED_EDGE('',*,*,#4533,.F.);
#6669=ORIENTED_EDGE('',*,*,#4049,.F.);
#6670=ORIENTED_EDGE('',*,*,#4686,.T.);
#6671=ORIENTED_EDGE('',*,*,#4145,.F.);
#6672=ORIENTED_EDGE('',*,*,#4705,.F.);
#6673=ORIENTED_EDGE('',*,*,#4540,.F.);
#6674=ORIENTED_EDGE('',*,*,#4692,.T.);
#6675=ORIENTED_EDGE('',*,*,#4695,.T.);
#6676=ORIENTED_EDGE('',*,*,#3938,.T.);
#6677=ORIENTED_EDGE('',*,*,#4541,.F.);
#6678=ORIENTED_EDGE('',*,*,#4705,.T.);
#6679=ORIENTED_EDGE('',*,*,#4147,.T.);
#6680=ORIENTED_EDGE('',*,*,#4155,.T.);
#6681=ORIENTED_EDGE('',*,*,#4539,.F.);
#6682=ORIENTED_EDGE('',*,*,#4000,.F.);
#6683=ORIENTED_EDGE('',*,*,#4706,.T.);
#6684=ORIENTED_EDGE('',*,*,#4126,.T.);
#6685=ORIENTED_EDGE('',*,*,#4545,.F.);
#6686=ORIENTED_EDGE('',*,*,#3924,.F.);
#6687=ORIENTED_EDGE('',*,*,#4698,.T.);
#6688=ORIENTED_EDGE('',*,*,#4642,.T.);
#6689=ORIENTED_EDGE('',*,*,#4707,.T.);
#6690=ORIENTED_EDGE('',*,*,#4708,.T.);
#6691=ORIENTED_EDGE('',*,*,#4709,.T.);
#6692=ORIENTED_EDGE('',*,*,#4710,.T.);
#6693=ORIENTED_EDGE('',*,*,#4711,.T.);
#6694=ORIENTED_EDGE('',*,*,#4708,.F.);
#6695=ORIENTED_EDGE('',*,*,#4712,.T.);
#6696=ORIENTED_EDGE('',*,*,#4713,.T.);
#6697=ORIENTED_EDGE('',*,*,#4714,.T.);
#6698=ORIENTED_EDGE('',*,*,#4710,.F.);
#6699=ORIENTED_EDGE('',*,*,#4637,.T.);
#6700=ORIENTED_EDGE('',*,*,#4715,.T.);
#6701=ORIENTED_EDGE('',*,*,#4716,.T.);
#6702=ORIENTED_EDGE('',*,*,#4713,.F.);
#6703=ORIENTED_EDGE('',*,*,#4648,.T.);
#6704=ORIENTED_EDGE('',*,*,#4651,.F.);
#6705=ORIENTED_EDGE('',*,*,#4717,.T.);
#6706=ORIENTED_EDGE('',*,*,#4715,.F.);
#6707=ORIENTED_EDGE('',*,*,#4718,.T.);
#6708=ORIENTED_EDGE('',*,*,#4718,.F.);
#6709=ORIENTED_EDGE('',*,*,#4647,.T.);
#6710=ORIENTED_EDGE('',*,*,#4652,.F.);
#6711=ORIENTED_EDGE('',*,*,#4630,.T.);
#6712=ORIENTED_EDGE('',*,*,#4638,.F.);
#6713=ORIENTED_EDGE('',*,*,#4712,.F.);
#6714=ORIENTED_EDGE('',*,*,#4719,.T.);
#6715=ORIENTED_EDGE('',*,*,#4640,.F.);
#6716=ORIENTED_EDGE('',*,*,#4707,.F.);
#6717=ORIENTED_EDGE('',*,*,#4641,.F.);
#6718=ORIENTED_EDGE('',*,*,#4719,.F.);
#6719=ORIENTED_EDGE('',*,*,#4717,.F.);
#6720=ORIENTED_EDGE('',*,*,#4720,.T.);
#6721=ORIENTED_EDGE('',*,*,#4709,.F.);
#6722=ORIENTED_EDGE('',*,*,#4711,.F.);
#6723=ORIENTED_EDGE('',*,*,#4714,.F.);
#6724=ORIENTED_EDGE('',*,*,#4716,.F.);
#6725=ORIENTED_EDGE('',*,*,#4181,.T.);
#6726=ORIENTED_EDGE('',*,*,#4184,.T.);
#6727=ORIENTED_EDGE('',*,*,#4186,.T.);
#6728=ORIENTED_EDGE('',*,*,#4524,.T.);
#6729=ORIENTED_EDGE('',*,*,#4721,.F.);
#6730=ORIENTED_EDGE('',*,*,#4722,.T.);
#6731=ORIENTED_EDGE('',*,*,#4723,.F.);
#6732=ORIENTED_EDGE('',*,*,#4724,.F.);
#6733=ORIENTED_EDGE('',*,*,#4725,.T.);
#6734=ORIENTED_EDGE('',*,*,#4726,.F.);
#6735=ORIENTED_EDGE('',*,*,#4727,.F.);
#6736=ORIENTED_EDGE('',*,*,#4728,.F.);
#6737=ORIENTED_EDGE('',*,*,#4729,.F.);
#6738=ORIENTED_EDGE('',*,*,#4730,.F.);
#6739=ORIENTED_EDGE('',*,*,#4731,.F.);
#6740=ORIENTED_EDGE('',*,*,#4725,.F.);
#6741=ORIENTED_EDGE('',*,*,#4732,.F.);
#6742=ORIENTED_EDGE('',*,*,#4733,.F.);
#6743=ORIENTED_EDGE('',*,*,#4734,.F.);
#6744=ORIENTED_EDGE('',*,*,#4735,.F.);
#6745=ORIENTED_EDGE('',*,*,#4722,.F.);
#6746=ORIENTED_EDGE('',*,*,#4729,.T.);
#6747=ORIENTED_EDGE('',*,*,#4736,.T.);
#6748=ORIENTED_EDGE('',*,*,#4737,.T.);
#6749=ORIENTED_EDGE('',*,*,#3840,.T.);
#6750=ORIENTED_EDGE('',*,*,#4728,.T.);
#6751=ORIENTED_EDGE('',*,*,#4738,.F.);
#6752=ORIENTED_EDGE('',*,*,#4739,.F.);
#6753=ORIENTED_EDGE('',*,*,#4736,.F.);
#6754=ORIENTED_EDGE('',*,*,#4734,.T.);
#6755=ORIENTED_EDGE('',*,*,#4740,.F.);
#6756=ORIENTED_EDGE('',*,*,#4741,.T.);
#6757=ORIENTED_EDGE('',*,*,#4742,.T.);
#6758=ORIENTED_EDGE('',*,*,#4743,.F.);
#6759=ORIENTED_EDGE('',*,*,#4733,.T.);
#6760=ORIENTED_EDGE('',*,*,#4744,.F.);
#6761=ORIENTED_EDGE('',*,*,#4745,.T.);
#6762=ORIENTED_EDGE('',*,*,#4740,.T.);
#6763=ORIENTED_EDGE('',*,*,#4732,.T.);
#6764=ORIENTED_EDGE('',*,*,#4724,.T.);
#6765=ORIENTED_EDGE('',*,*,#4746,.F.);
#6766=ORIENTED_EDGE('',*,*,#4747,.F.);
#6767=ORIENTED_EDGE('',*,*,#4748,.T.);
#6768=ORIENTED_EDGE('',*,*,#4744,.T.);
#6769=ORIENTED_EDGE('',*,*,#4749,.T.);
#6770=ORIENTED_EDGE('',*,*,#3834,.T.);
#6771=ORIENTED_EDGE('',*,*,#4750,.T.);
#6772=ORIENTED_EDGE('',*,*,#4751,.T.);
#6773=ORIENTED_EDGE('',*,*,#4752,.T.);
#6774=ORIENTED_EDGE('',*,*,#3835,.T.);
#6775=ORIENTED_EDGE('',*,*,#4749,.F.);
#6776=ORIENTED_EDGE('',*,*,#4753,.T.);
#6777=ORIENTED_EDGE('',*,*,#4754,.T.);
#6778=ORIENTED_EDGE('',*,*,#3836,.T.);
#6779=ORIENTED_EDGE('',*,*,#4752,.F.);
#6780=ORIENTED_EDGE('',*,*,#4755,.T.);
#6781=ORIENTED_EDGE('',*,*,#4756,.T.);
#6782=ORIENTED_EDGE('',*,*,#3837,.T.);
#6783=ORIENTED_EDGE('',*,*,#4754,.F.);
#6784=ORIENTED_EDGE('',*,*,#4757,.T.);
#6785=ORIENTED_EDGE('',*,*,#4758,.T.);
#6786=ORIENTED_EDGE('',*,*,#3838,.T.);
#6787=ORIENTED_EDGE('',*,*,#4756,.F.);
#6788=ORIENTED_EDGE('',*,*,#4759,.T.);
#6789=ORIENTED_EDGE('',*,*,#4730,.T.);
#6790=ORIENTED_EDGE('',*,*,#3839,.T.);
#6791=ORIENTED_EDGE('',*,*,#4758,.F.);
#6792=ORIENTED_EDGE('',*,*,#4760,.T.);
#6793=ORIENTED_EDGE('',*,*,#4761,.T.);
#6794=ORIENTED_EDGE('',*,*,#3841,.T.);
#6795=ORIENTED_EDGE('',*,*,#4737,.F.);
#6796=ORIENTED_EDGE('',*,*,#4762,.T.);
#6797=ORIENTED_EDGE('',*,*,#4750,.F.);
#6798=ORIENTED_EDGE('',*,*,#3842,.T.);
#6799=ORIENTED_EDGE('',*,*,#4761,.F.);
#6800=ORIENTED_EDGE('',*,*,#4763,.T.);
#6801=ORIENTED_EDGE('',*,*,#4757,.F.);
#6802=ORIENTED_EDGE('',*,*,#4764,.T.);
#6803=ORIENTED_EDGE('',*,*,#4765,.F.);
#6804=ORIENTED_EDGE('',*,*,#4766,.F.);
#6805=ORIENTED_EDGE('',*,*,#4755,.F.);
#6806=ORIENTED_EDGE('',*,*,#4767,.T.);
#6807=ORIENTED_EDGE('',*,*,#4768,.F.);
#6808=ORIENTED_EDGE('',*,*,#4764,.F.);
#6809=ORIENTED_EDGE('',*,*,#4753,.F.);
#6810=ORIENTED_EDGE('',*,*,#4769,.T.);
#6811=ORIENTED_EDGE('',*,*,#4770,.F.);
#6812=ORIENTED_EDGE('',*,*,#4767,.F.);
#6813=ORIENTED_EDGE('',*,*,#4751,.F.);
#6814=ORIENTED_EDGE('',*,*,#4771,.T.);
#6815=ORIENTED_EDGE('',*,*,#4772,.F.);
#6816=ORIENTED_EDGE('',*,*,#4769,.F.);
#6817=ORIENTED_EDGE('',*,*,#4773,.T.);
#6818=ORIENTED_EDGE('',*,*,#4774,.T.);
#6819=ORIENTED_EDGE('',*,*,#4775,.T.);
#6820=ORIENTED_EDGE('',*,*,#4772,.T.);
#6821=ORIENTED_EDGE('',*,*,#4776,.T.);
#6822=ORIENTED_EDGE('',*,*,#4777,.T.);
#6823=ORIENTED_EDGE('',*,*,#4773,.F.);
#6824=ORIENTED_EDGE('',*,*,#4778,.T.);
#6825=ORIENTED_EDGE('',*,*,#4779,.T.);
#6826=ORIENTED_EDGE('',*,*,#4780,.T.);
#6827=ORIENTED_EDGE('',*,*,#4776,.F.);
#6828=ORIENTED_EDGE('',*,*,#4781,.T.);
#6829=ORIENTED_EDGE('',*,*,#4727,.T.);
#6830=ORIENTED_EDGE('',*,*,#4782,.T.);
#6831=ORIENTED_EDGE('',*,*,#4783,.T.);
#6832=ORIENTED_EDGE('',*,*,#4784,.T.);
#6833=ORIENTED_EDGE('',*,*,#4779,.F.);
#6834=ORIENTED_EDGE('',*,*,#4738,.T.);
#6835=ORIENTED_EDGE('',*,*,#4785,.T.);
#6836=ORIENTED_EDGE('',*,*,#4786,.T.);
#6837=ORIENTED_EDGE('',*,*,#4783,.F.);
#6838=ORIENTED_EDGE('',*,*,#4787,.T.);
#6839=ORIENTED_EDGE('',*,*,#4788,.T.);
#6840=ORIENTED_EDGE('',*,*,#4789,.T.);
#6841=ORIENTED_EDGE('',*,*,#4785,.F.);
#6842=ORIENTED_EDGE('',*,*,#4765,.T.);
#6843=ORIENTED_EDGE('',*,*,#4790,.T.);
#6844=ORIENTED_EDGE('',*,*,#4791,.T.);
#6845=ORIENTED_EDGE('',*,*,#4788,.F.);
#6846=ORIENTED_EDGE('',*,*,#4768,.T.);
#6847=ORIENTED_EDGE('',*,*,#4775,.F.);
#6848=ORIENTED_EDGE('',*,*,#4792,.T.);
#6849=ORIENTED_EDGE('',*,*,#4790,.F.);
#6850=ORIENTED_EDGE('',*,*,#4770,.T.);
#6851=ORIENTED_EDGE('',*,*,#4726,.T.);
#6852=ORIENTED_EDGE('',*,*,#4731,.T.);
#6853=ORIENTED_EDGE('',*,*,#4760,.F.);
#6854=ORIENTED_EDGE('',*,*,#4793,.T.);
#6855=ORIENTED_EDGE('',*,*,#4782,.F.);
#6856=ORIENTED_EDGE('',*,*,#4762,.F.);
#6857=ORIENTED_EDGE('',*,*,#4739,.T.);
#6858=ORIENTED_EDGE('',*,*,#4781,.F.);
#6859=ORIENTED_EDGE('',*,*,#4794,.F.);
#6860=ORIENTED_EDGE('',*,*,#4763,.F.);
#6861=ORIENTED_EDGE('',*,*,#4794,.T.);
#6862=ORIENTED_EDGE('',*,*,#4778,.F.);
#6863=ORIENTED_EDGE('',*,*,#4771,.F.);
#6864=ORIENTED_EDGE('',*,*,#4774,.F.);
#6865=ORIENTED_EDGE('',*,*,#4777,.F.);
#6866=ORIENTED_EDGE('',*,*,#4780,.F.);
#6867=ORIENTED_EDGE('',*,*,#4784,.F.);
#6868=ORIENTED_EDGE('',*,*,#4786,.F.);
#6869=ORIENTED_EDGE('',*,*,#4789,.F.);
#6870=ORIENTED_EDGE('',*,*,#4791,.F.);
#6871=ORIENTED_EDGE('',*,*,#4792,.F.);
#6872=ORIENTED_EDGE('',*,*,#4795,.T.);
#6873=ORIENTED_EDGE('',*,*,#4721,.T.);
#6874=ORIENTED_EDGE('',*,*,#4743,.T.);
#6875=ORIENTED_EDGE('',*,*,#4796,.T.);
#6876=ORIENTED_EDGE('',*,*,#4797,.T.);
#6877=ORIENTED_EDGE('',*,*,#4798,.T.);
#6878=ORIENTED_EDGE('',*,*,#4799,.T.);
#6879=ORIENTED_EDGE('',*,*,#4800,.T.);
#6880=ORIENTED_EDGE('',*,*,#4801,.T.);
#6881=ORIENTED_EDGE('',*,*,#4802,.T.);
#6882=ORIENTED_EDGE('',*,*,#4803,.T.);
#6883=ORIENTED_EDGE('',*,*,#4804,.T.);
#6884=ORIENTED_EDGE('',*,*,#4746,.T.);
#6885=ORIENTED_EDGE('',*,*,#4723,.T.);
#6886=ORIENTED_EDGE('',*,*,#4735,.T.);
#6887=ORIENTED_EDGE('',*,*,#4805,.F.);
#6888=ORIENTED_EDGE('',*,*,#4795,.F.);
#6889=ORIENTED_EDGE('',*,*,#4806,.T.);
#6890=ORIENTED_EDGE('',*,*,#4805,.T.);
#6891=ORIENTED_EDGE('',*,*,#4806,.F.);
#6892=ORIENTED_EDGE('',*,*,#4759,.F.);
#6893=ORIENTED_EDGE('',*,*,#4766,.T.);
#6894=ORIENTED_EDGE('',*,*,#4787,.F.);
#6895=ORIENTED_EDGE('',*,*,#4793,.F.);
#6896=ORIENTED_EDGE('',*,*,#4807,.T.);
#6897=ORIENTED_EDGE('',*,*,#4808,.T.);
#6898=ORIENTED_EDGE('',*,*,#4802,.F.);
#6899=ORIENTED_EDGE('',*,*,#4809,.F.);
#6900=ORIENTED_EDGE('',*,*,#4810,.T.);
#6901=ORIENTED_EDGE('',*,*,#4809,.T.);
#6902=ORIENTED_EDGE('',*,*,#4801,.F.);
#6903=ORIENTED_EDGE('',*,*,#4811,.F.);
#6904=ORIENTED_EDGE('',*,*,#4812,.T.);
#6905=ORIENTED_EDGE('',*,*,#4811,.T.);
#6906=ORIENTED_EDGE('',*,*,#4800,.F.);
#6907=ORIENTED_EDGE('',*,*,#4813,.F.);
#6908=ORIENTED_EDGE('',*,*,#4814,.T.);
#6909=ORIENTED_EDGE('',*,*,#4813,.T.);
#6910=ORIENTED_EDGE('',*,*,#4799,.F.);
#6911=ORIENTED_EDGE('',*,*,#4815,.F.);
#6912=ORIENTED_EDGE('',*,*,#4816,.T.);
#6913=ORIENTED_EDGE('',*,*,#4815,.T.);
#6914=ORIENTED_EDGE('',*,*,#4798,.F.);
#6915=ORIENTED_EDGE('',*,*,#4817,.F.);
#6916=ORIENTED_EDGE('',*,*,#4818,.T.);
#6917=ORIENTED_EDGE('',*,*,#4817,.T.);
#6918=ORIENTED_EDGE('',*,*,#4797,.F.);
#6919=ORIENTED_EDGE('',*,*,#4819,.F.);
#6920=ORIENTED_EDGE('',*,*,#4820,.T.);
#6921=ORIENTED_EDGE('',*,*,#4819,.T.);
#6922=ORIENTED_EDGE('',*,*,#4796,.F.);
#6923=ORIENTED_EDGE('',*,*,#4742,.F.);
#6924=ORIENTED_EDGE('',*,*,#4821,.T.);
#6925=ORIENTED_EDGE('',*,*,#4747,.T.);
#6926=ORIENTED_EDGE('',*,*,#4804,.F.);
#6927=ORIENTED_EDGE('',*,*,#4822,.F.);
#6928=ORIENTED_EDGE('',*,*,#4823,.T.);
#6929=ORIENTED_EDGE('',*,*,#4822,.T.);
#6930=ORIENTED_EDGE('',*,*,#4803,.F.);
#6931=ORIENTED_EDGE('',*,*,#4808,.F.);
#6932=ORIENTED_EDGE('',*,*,#4650,.F.);
#6933=ORIENTED_EDGE('',*,*,#4702,.F.);
#6934=ORIENTED_EDGE('',*,*,#3939,.F.);
#6935=ORIENTED_EDGE('',*,*,#4706,.F.);
#6936=ORIENTED_EDGE('',*,*,#4011,.F.);
#6937=ORIENTED_EDGE('',*,*,#4704,.F.);
#6938=ORIENTED_EDGE('',*,*,#4064,.F.);
#6939=ORIENTED_EDGE('',*,*,#4169,.F.);
#6940=ORIENTED_EDGE('',*,*,#4643,.F.);
#6941=ORIENTED_EDGE('',*,*,#4720,.F.);
#6942=ORIENTED_EDGE('',*,*,#4823,.F.);
#6943=ORIENTED_EDGE('',*,*,#4807,.F.);
#6944=ORIENTED_EDGE('',*,*,#4810,.F.);
#6945=ORIENTED_EDGE('',*,*,#4812,.F.);
#6946=ORIENTED_EDGE('',*,*,#4814,.F.);
#6947=ORIENTED_EDGE('',*,*,#4816,.F.);
#6948=ORIENTED_EDGE('',*,*,#4818,.F.);
#6949=ORIENTED_EDGE('',*,*,#4820,.F.);
#6950=ORIENTED_EDGE('',*,*,#4741,.F.);
#6951=ORIENTED_EDGE('',*,*,#4745,.F.);
#6952=ORIENTED_EDGE('',*,*,#4748,.F.);
#6953=ORIENTED_EDGE('',*,*,#4821,.F.);
#6954=CONICAL_SURFACE('',#7441,4.,0.785398163397439);
#6955=CONICAL_SURFACE('',#7506,4.,0.785398163397454);
#6956=CONICAL_SURFACE('',#7510,4.,0.785398163397441);
#6957=CONICAL_SURFACE('',#7514,4.,0.785398163397457);
#6958=CONICAL_SURFACE('',#7518,6.,0.785398163397459);
#6959=CONICAL_SURFACE('',#7524,6.,0.785398163397441);
#6960=CONICAL_SURFACE('',#7530,2.6,0.785398163397448);
#6961=CONICAL_SURFACE('',#7536,2.6,0.78539816339745);
#6962=CONICAL_SURFACE('',#7638,10.4999998469943,0.0587558218973948);
#6963=CONICAL_SURFACE('',#7658,10.4999998469944,0.0587558218973942);
#6964=CONICAL_SURFACE('',#7660,10.4999998469944,0.0587558218973952);
#6965=CONICAL_SURFACE('',#7674,10.4999998469944,0.0587558218973947);
#6966=CONICAL_SURFACE('',#8002,11.85,0.785398163397447);
#6967=CONICAL_SURFACE('',#8012,2.6,0.785398163397453);
#6968=CONICAL_SURFACE('',#8051,2.6,0.785398163397447);
#6969=CONICAL_SURFACE('',#8055,2.6,0.785398163397453);
#6970=CONICAL_SURFACE('',#8059,2.6,0.785398163397456);
#6971=CONICAL_SURFACE('',#8063,2.6,0.785398163397458);
#6972=CONICAL_SURFACE('',#8068,2.6,0.785398163397462);
#6973=CONICAL_SURFACE('',#8072,2.6,0.78539816339746);
#6974=CONICAL_SURFACE('',#8076,2.6,0.785398163397461);
#6975=CONICAL_SURFACE('',#8080,2.6,0.785398163397461);
#6976=CONICAL_SURFACE('',#8084,2.6,0.785398163397456);
#6977=CONICAL_SURFACE('',#8088,2.6,0.785398163397454);
#6978=CONICAL_SURFACE('',#8092,2.6,0.785398163397454);
#6979=CONICAL_SURFACE('',#8096,2.6,0.785398163397445);
#6980=CONICAL_SURFACE('',#8100,2.6,0.785398163397433);
#6981=CONICAL_SURFACE('',#8105,2.6,0.785398163397442);
#6982=CONICAL_SURFACE('',#8110,2.6,0.785398163397445);
#6983=CONICAL_SURFACE('',#8224,7.,0.785398163397445);
#6984=CONICAL_SURFACE('',#8228,6.99999999999999,0.785398163397445);
#6985=CONICAL_SURFACE('',#8254,15.2519309695179,0.785398163397451);
#6986=CONICAL_SURFACE('',#8257,15.2519309695279,0.785398163397448);
#6987=CONICAL_SURFACE('',#8260,15.2519309695181,0.785398163397445);
#6988=CONICAL_SURFACE('',#8263,15.2519309695179,0.785398163397449);
#6989=CONICAL_SURFACE('',#8272,13.2519309695179,0.785398163397448);
#6990=CONICAL_SURFACE('',#8275,13.2519309695179,0.785398163397448);
#6991=CONICAL_SURFACE('',#8279,13.2519309695181,0.785398163397449);
#6992=CONICAL_SURFACE('',#8283,13.2519309695279,0.785398163397451);
#6993=ADVANCED_FACE('',(#540),#6954,.T.);
#6994=ADVANCED_FACE('',(#541,#243,#244,#245,#246,#247),#342,.T.);
#6995=ADVANCED_FACE('',(#542),#47,.T.);
#6996=ADVANCED_FACE('',(#543),#6955,.T.);
#6997=ADVANCED_FACE('',(#544),#48,.T.);
#6998=ADVANCED_FACE('',(#545),#6956,.T.);
#6999=ADVANCED_FACE('',(#546),#49,.T.);
#7000=ADVANCED_FACE('',(#547),#6957,.T.);
#7001=ADVANCED_FACE('',(#548),#50,.T.);
#7002=ADVANCED_FACE('',(#549),#6958,.T.);
#7003=ADVANCED_FACE('',(#550),#51,.T.);
#7004=ADVANCED_FACE('',(#551),#52,.T.);
#7005=ADVANCED_FACE('',(#552),#6959,.T.);
#7006=ADVANCED_FACE('',(#553),#53,.T.);
#7007=ADVANCED_FACE('',(#554),#54,.T.);
#7008=ADVANCED_FACE('',(#555),#6960,.F.);
#7009=ADVANCED_FACE('',(#556),#55,.F.);
#7010=ADVANCED_FACE('',(#557,#248),#343,.T.);
#7011=ADVANCED_FACE('',(#558),#6961,.F.);
#7012=ADVANCED_FACE('',(#559),#56,.F.);
#7013=ADVANCED_FACE('',(#560,#249),#344,.T.);
#7014=ADVANCED_FACE('',(#561),#57,.F.);
#7015=ADVANCED_FACE('',(#562,#250),#345,.T.);
#7016=ADVANCED_FACE('',(#563),#346,.T.);
#7017=ADVANCED_FACE('',(#564),#58,.F.);
#7018=ADVANCED_FACE('',(#565,#251),#347,.T.);
#7019=ADVANCED_FACE('',(#566),#348,.T.);
#7020=ADVANCED_FACE('',(#567),#59,.F.);
#7021=ADVANCED_FACE('',(#568,#252),#349,.T.);
#7022=ADVANCED_FACE('',(#569),#350,.T.);
#7023=ADVANCED_FACE('',(#570),#351,.T.);
#7024=ADVANCED_FACE('',(#571),#60,.F.);
#7025=ADVANCED_FACE('',(#572,#253),#352,.T.);
#7026=ADVANCED_FACE('',(#573),#353,.T.);
#7027=ADVANCED_FACE('',(#574),#61,.T.);
#7028=ADVANCED_FACE('',(#575),#354,.F.);
#7029=ADVANCED_FACE('',(#576),#62,.T.);
#7030=ADVANCED_FACE('',(#577),#355,.T.);
#7031=ADVANCED_FACE('',(#578),#356,.T.);
#7032=ADVANCED_FACE('',(#579),#357,.T.);
#7033=ADVANCED_FACE('',(#580),#358,.T.);
#7034=ADVANCED_FACE('',(#581),#359,.T.);
#7035=ADVANCED_FACE('',(#582,#254,#255,#256,#257,#258),#360,.T.);
#7036=ADVANCED_FACE('',(#583),#361,.T.);
#7037=ADVANCED_FACE('',(#584),#362,.T.);
#7038=ADVANCED_FACE('',(#585),#363,.T.);
#7039=ADVANCED_FACE('',(#586),#364,.T.);
#7040=ADVANCED_FACE('',(#587),#365,.T.);
#7041=ADVANCED_FACE('',(#588),#366,.T.);
#7042=ADVANCED_FACE('',(#589),#367,.T.);
#7043=ADVANCED_FACE('',(#590),#368,.T.);
#7044=ADVANCED_FACE('',(#591),#369,.T.);
#7045=ADVANCED_FACE('',(#592),#370,.T.);
#7046=ADVANCED_FACE('',(#593),#371,.T.);
#7047=ADVANCED_FACE('',(#594),#372,.T.);
#7048=ADVANCED_FACE('',(#595),#373,.T.);
#7049=ADVANCED_FACE('',(#596),#374,.T.);
#7050=ADVANCED_FACE('',(#597),#375,.T.);
#7051=ADVANCED_FACE('',(#598),#376,.T.);
#7052=ADVANCED_FACE('',(#599),#377,.T.);
#7053=ADVANCED_FACE('',(#600),#378,.T.);
#7054=ADVANCED_FACE('',(#601),#379,.T.);
#7055=ADVANCED_FACE('',(#602),#380,.T.);
#7056=ADVANCED_FACE('',(#603,#259,#260,#261),#381,.T.);
#7057=ADVANCED_FACE('',(#604),#382,.T.);
#7058=ADVANCED_FACE('',(#605),#383,.T.);
#7059=ADVANCED_FACE('',(#606),#384,.T.);
#7060=ADVANCED_FACE('',(#607),#385,.T.);
#7061=ADVANCED_FACE('',(#608),#386,.T.);
#7062=ADVANCED_FACE('',(#609),#387,.T.);
#7063=ADVANCED_FACE('',(#610),#388,.T.);
#7064=ADVANCED_FACE('',(#611),#389,.T.);
#7065=ADVANCED_FACE('',(#612),#390,.T.);
#7066=ADVANCED_FACE('',(#613),#391,.T.);
#7067=ADVANCED_FACE('',(#614),#392,.T.);
#7068=ADVANCED_FACE('',(#615),#393,.T.);
#7069=ADVANCED_FACE('',(#616,#262,#263,#264,#265,#266),#394,.T.);
#7070=ADVANCED_FACE('',(#617),#395,.T.);
#7071=ADVANCED_FACE('',(#618),#396,.T.);
#7072=ADVANCED_FACE('',(#619),#397,.T.);
#7073=ADVANCED_FACE('',(#620),#398,.T.);
#7074=ADVANCED_FACE('',(#621),#399,.T.);
#7075=ADVANCED_FACE('',(#622),#400,.T.);
#7076=ADVANCED_FACE('',(#623),#401,.T.);
#7077=ADVANCED_FACE('',(#624),#402,.T.);
#7078=ADVANCED_FACE('',(#625),#403,.T.);
#7079=ADVANCED_FACE('',(#626),#404,.T.);
#7080=ADVANCED_FACE('',(#627),#405,.T.);
#7081=ADVANCED_FACE('',(#628),#406,.T.);
#7082=ADVANCED_FACE('',(#629),#407,.T.);
#7083=ADVANCED_FACE('',(#630),#408,.T.);
#7084=ADVANCED_FACE('',(#631),#409,.T.);
#7085=ADVANCED_FACE('',(#632),#410,.T.);
#7086=ADVANCED_FACE('',(#633),#411,.F.);
#7087=ADVANCED_FACE('',(#634),#412,.F.);
#7088=ADVANCED_FACE('',(#635),#413,.F.);
#7089=ADVANCED_FACE('',(#636),#414,.F.);
#7090=ADVANCED_FACE('',(#637),#415,.F.);
#7091=ADVANCED_FACE('',(#638),#416,.F.);
#7092=ADVANCED_FACE('',(#639),#417,.F.);
#7093=ADVANCED_FACE('',(#640),#418,.F.);
#7094=ADVANCED_FACE('',(#641),#419,.F.);
#7095=ADVANCED_FACE('',(#642),#420,.F.);
#7096=ADVANCED_FACE('',(#643),#421,.F.);
#7097=ADVANCED_FACE('',(#644),#422,.F.);
#7098=ADVANCED_FACE('',(#645),#423,.F.);
#7099=ADVANCED_FACE('',(#646),#6962,.T.);
#7100=ADVANCED_FACE('',(#647),#424,.F.);
#7101=ADVANCED_FACE('',(#648),#425,.F.);
#7102=ADVANCED_FACE('',(#649),#426,.F.);
#7103=ADVANCED_FACE('',(#650),#427,.F.);
#7104=ADVANCED_FACE('',(#651),#428,.F.);
#7105=ADVANCED_FACE('',(#652),#429,.F.);
#7106=ADVANCED_FACE('',(#653),#6963,.T.);
#7107=ADVANCED_FACE('',(#654),#6964,.T.);
#7108=ADVANCED_FACE('',(#655),#430,.F.);
#7109=ADVANCED_FACE('',(#656),#431,.F.);
#7110=ADVANCED_FACE('',(#657),#432,.F.);
#7111=ADVANCED_FACE('',(#658),#433,.F.);
#7112=ADVANCED_FACE('',(#659),#6965,.T.);
#7113=ADVANCED_FACE('',(#660),#63,.T.);
#7114=ADVANCED_FACE('',(#661),#64,.T.);
#7115=ADVANCED_FACE('',(#662),#65,.T.);
#7116=ADVANCED_FACE('',(#663),#66,.T.);
#7117=ADVANCED_FACE('',(#664),#67,.T.);
#7118=ADVANCED_FACE('',(#665),#68,.T.);
#7119=ADVANCED_FACE('',(#666),#69,.T.);
#7120=ADVANCED_FACE('',(#667),#70,.T.);
#7121=ADVANCED_FACE('',(#668),#71,.T.);
#7122=ADVANCED_FACE('',(#669),#72,.T.);
#7123=ADVANCED_FACE('',(#670),#73,.T.);
#7124=ADVANCED_FACE('',(#671),#74,.T.);
#7125=ADVANCED_FACE('',(#672),#75,.T.);
#7126=ADVANCED_FACE('',(#673),#76,.T.);
#7127=ADVANCED_FACE('',(#674),#77,.T.);
#7128=ADVANCED_FACE('',(#675),#78,.T.);
#7129=ADVANCED_FACE('',(#676),#79,.T.);
#7130=ADVANCED_FACE('',(#677),#80,.T.);
#7131=ADVANCED_FACE('',(#678),#81,.T.);
#7132=ADVANCED_FACE('',(#679,#267),#434,.F.);
#7133=ADVANCED_FACE('',(#680),#82,.F.);
#7134=ADVANCED_FACE('',(#681),#435,.F.);
#7135=ADVANCED_FACE('',(#682),#83,.F.);
#7136=ADVANCED_FACE('',(#683),#84,.F.);
#7137=ADVANCED_FACE('',(#684),#436,.T.);
#7138=ADVANCED_FACE('',(#685),#85,.F.);
#7139=ADVANCED_FACE('',(#686),#86,.F.);
#7140=ADVANCED_FACE('',(#687),#87,.T.);
#7141=ADVANCED_FACE('',(#688),#437,.T.);
#7142=ADVANCED_FACE('',(#689),#88,.T.);
#7143=ADVANCED_FACE('',(#690),#89,.F.);
#7144=ADVANCED_FACE('',(#691),#90,.T.);
#7145=ADVANCED_FACE('',(#692),#438,.T.);
#7146=ADVANCED_FACE('',(#693),#91,.T.);
#7147=ADVANCED_FACE('',(#694),#92,.F.);
#7148=ADVANCED_FACE('',(#695),#93,.T.);
#7149=ADVANCED_FACE('',(#696),#439,.T.);
#7150=ADVANCED_FACE('',(#697),#94,.T.);
#7151=ADVANCED_FACE('',(#698),#95,.F.);
#7152=ADVANCED_FACE('',(#699),#96,.T.);
#7153=ADVANCED_FACE('',(#700),#440,.T.);
#7154=ADVANCED_FACE('',(#701),#97,.T.);
#7155=ADVANCED_FACE('',(#702),#98,.F.);
#7156=ADVANCED_FACE('',(#703),#99,.T.);
#7157=ADVANCED_FACE('',(#704),#441,.T.);
#7158=ADVANCED_FACE('',(#705),#100,.T.);
#7159=ADVANCED_FACE('',(#706),#101,.F.);
#7160=ADVANCED_FACE('',(#707),#102,.T.);
#7161=ADVANCED_FACE('',(#708),#442,.T.);
#7162=ADVANCED_FACE('',(#709),#103,.T.);
#7163=ADVANCED_FACE('',(#710),#104,.F.);
#7164=ADVANCED_FACE('',(#711),#105,.T.);
#7165=ADVANCED_FACE('',(#712),#443,.T.);
#7166=ADVANCED_FACE('',(#713),#106,.T.);
#7167=ADVANCED_FACE('',(#714),#107,.F.);
#7168=ADVANCED_FACE('',(#715),#108,.T.);
#7169=ADVANCED_FACE('',(#716),#444,.T.);
#7170=ADVANCED_FACE('',(#717),#109,.T.);
#7171=ADVANCED_FACE('',(#718),#110,.F.);
#7172=ADVANCED_FACE('',(#719),#445,.T.);
#7173=ADVANCED_FACE('',(#720),#111,.F.);
#7174=ADVANCED_FACE('',(#721),#112,.T.);
#7175=ADVANCED_FACE('',(#722),#113,.F.);
#7176=ADVANCED_FACE('',(#723),#446,.T.);
#7177=ADVANCED_FACE('',(#724),#114,.F.);
#7178=ADVANCED_FACE('',(#725),#115,.F.);
#7179=ADVANCED_FACE('',(#726),#447,.T.);
#7180=ADVANCED_FACE('',(#727),#116,.F.);
#7181=ADVANCED_FACE('',(#728),#117,.T.);
#7182=ADVANCED_FACE('',(#729),#118,.F.);
#7183=ADVANCED_FACE('',(#730),#448,.T.);
#7184=ADVANCED_FACE('',(#731),#119,.F.);
#7185=ADVANCED_FACE('',(#732),#120,.T.);
#7186=ADVANCED_FACE('',(#733),#121,.F.);
#7187=ADVANCED_FACE('',(#734),#449,.T.);
#7188=ADVANCED_FACE('',(#735),#122,.F.);
#7189=ADVANCED_FACE('',(#736),#123,.T.);
#7190=ADVANCED_FACE('',(#737),#124,.F.);
#7191=ADVANCED_FACE('',(#738),#450,.T.);
#7192=ADVANCED_FACE('',(#739),#125,.F.);
#7193=ADVANCED_FACE('',(#740),#126,.T.);
#7194=ADVANCED_FACE('',(#741),#127,.F.);
#7195=ADVANCED_FACE('',(#742),#451,.T.);
#7196=ADVANCED_FACE('',(#743),#128,.F.);
#7197=ADVANCED_FACE('',(#744),#129,.T.);
#7198=ADVANCED_FACE('',(#745),#130,.F.);
#7199=ADVANCED_FACE('',(#746),#452,.T.);
#7200=ADVANCED_FACE('',(#747),#131,.F.);
#7201=ADVANCED_FACE('',(#748),#132,.T.);
#7202=ADVANCED_FACE('',(#749),#133,.F.);
#7203=ADVANCED_FACE('',(#750),#453,.T.);
#7204=ADVANCED_FACE('',(#751),#134,.F.);
#7205=ADVANCED_FACE('',(#752),#135,.T.);
#7206=ADVANCED_FACE('',(#753),#136,.F.);
#7207=ADVANCED_FACE('',(#754),#454,.T.);
#7208=ADVANCED_FACE('',(#755),#137,.F.);
#7209=ADVANCED_FACE('',(#756),#138,.T.);
#7210=ADVANCED_FACE('',(#757),#139,.F.);
#7211=ADVANCED_FACE('',(#758),#455,.T.);
#7212=ADVANCED_FACE('',(#759),#140,.F.);
#7213=ADVANCED_FACE('',(#760),#141,.T.);
#7214=ADVANCED_FACE('',(#761),#142,.F.);
#7215=ADVANCED_FACE('',(#762),#456,.T.);
#7216=ADVANCED_FACE('',(#763),#143,.F.);
#7217=ADVANCED_FACE('',(#764),#144,.T.);
#7218=ADVANCED_FACE('',(#765),#145,.F.);
#7219=ADVANCED_FACE('',(#766),#457,.T.);
#7220=ADVANCED_FACE('',(#767),#146,.F.);
#7221=ADVANCED_FACE('',(#768),#147,.F.);
#7222=ADVANCED_FACE('',(#769),#458,.T.);
#7223=ADVANCED_FACE('',(#770),#148,.F.);
#7224=ADVANCED_FACE('',(#771),#149,.T.);
#7225=ADVANCED_FACE('',(#772),#150,.F.);
#7226=ADVANCED_FACE('',(#773),#459,.T.);
#7227=ADVANCED_FACE('',(#774),#151,.F.);
#7228=ADVANCED_FACE('',(#775),#152,.T.);
#7229=ADVANCED_FACE('',(#776),#153,.F.);
#7230=ADVANCED_FACE('',(#777),#154,.F.);
#7231=ADVANCED_FACE('',(#778),#155,.T.);
#7232=ADVANCED_FACE('',(#779),#156,.F.);
#7233=ADVANCED_FACE('',(#780),#157,.T.);
#7234=ADVANCED_FACE('',(#781),#460,.T.);
#7235=ADVANCED_FACE('',(#782),#158,.T.);
#7236=ADVANCED_FACE('',(#783),#159,.F.);
#7237=ADVANCED_FACE('',(#784),#160,.T.);
#7238=ADVANCED_FACE('',(#785),#461,.T.);
#7239=ADVANCED_FACE('',(#786),#161,.T.);
#7240=ADVANCED_FACE('',(#787),#162,.F.);
#7241=ADVANCED_FACE('',(#788),#163,.T.);
#7242=ADVANCED_FACE('',(#789),#462,.T.);
#7243=ADVANCED_FACE('',(#790),#164,.T.);
#7244=ADVANCED_FACE('',(#791),#165,.F.);
#7245=ADVANCED_FACE('',(#792),#166,.T.);
#7246=ADVANCED_FACE('',(#793),#463,.T.);
#7247=ADVANCED_FACE('',(#794),#167,.T.);
#7248=ADVANCED_FACE('',(#795),#168,.F.);
#7249=ADVANCED_FACE('',(#796),#169,.T.);
#7250=ADVANCED_FACE('',(#797),#464,.T.);
#7251=ADVANCED_FACE('',(#798),#170,.T.);
#7252=ADVANCED_FACE('',(#799),#171,.F.);
#7253=ADVANCED_FACE('',(#800),#172,.T.);
#7254=ADVANCED_FACE('',(#801),#465,.T.);
#7255=ADVANCED_FACE('',(#802),#173,.T.);
#7256=ADVANCED_FACE('',(#803),#174,.F.);
#7257=ADVANCED_FACE('',(#804),#175,.T.);
#7258=ADVANCED_FACE('',(#805),#466,.T.);
#7259=ADVANCED_FACE('',(#806),#176,.T.);
#7260=ADVANCED_FACE('',(#807),#177,.F.);
#7261=ADVANCED_FACE('',(#808),#178,.T.);
#7262=ADVANCED_FACE('',(#809),#467,.T.);
#7263=ADVANCED_FACE('',(#810),#179,.T.);
#7264=ADVANCED_FACE('',(#811,#268),#468,.T.);
#7265=ADVANCED_FACE('',(#812),#469,.T.);
#7266=ADVANCED_FACE('',(#813),#6966,.F.);
#7267=ADVANCED_FACE('',(#814),#470,.F.);
#7268=ADVANCED_FACE('',(#815),#471,.F.);
#7269=ADVANCED_FACE('',(#816),#180,.F.);
#7270=ADVANCED_FACE('',(#817),#472,.F.);
#7271=ADVANCED_FACE('',(#818),#473,.T.);
#7272=ADVANCED_FACE('',(#819),#6967,.F.);
#7273=ADVANCED_FACE('',(#820,#269,#270,#271,#272,#273,#274,#275,#276,#277,
#278,#279,#280,#281,#282,#283,#284,#285),#474,.T.);
#7274=ADVANCED_FACE('',(#821),#181,.F.);
#7275=ADVANCED_FACE('',(#822),#6968,.F.);
#7276=ADVANCED_FACE('',(#823),#182,.F.);
#7277=ADVANCED_FACE('',(#824),#6969,.F.);
#7278=ADVANCED_FACE('',(#825),#183,.F.);
#7279=ADVANCED_FACE('',(#826),#6970,.F.);
#7280=ADVANCED_FACE('',(#827),#184,.F.);
#7281=ADVANCED_FACE('',(#828),#6971,.F.);
#7282=ADVANCED_FACE('',(#829),#185,.F.);
#7283=ADVANCED_FACE('',(#830),#6972,.F.);
#7284=ADVANCED_FACE('',(#831),#186,.F.);
#7285=ADVANCED_FACE('',(#832),#6973,.F.);
#7286=ADVANCED_FACE('',(#833),#187,.F.);
#7287=ADVANCED_FACE('',(#834),#6974,.F.);
#7288=ADVANCED_FACE('',(#835),#188,.F.);
#7289=ADVANCED_FACE('',(#836),#6975,.F.);
#7290=ADVANCED_FACE('',(#837),#189,.F.);
#7291=ADVANCED_FACE('',(#838),#6976,.F.);
#7292=ADVANCED_FACE('',(#839),#190,.F.);
#7293=ADVANCED_FACE('',(#840),#6977,.F.);
#7294=ADVANCED_FACE('',(#841),#191,.F.);
#7295=ADVANCED_FACE('',(#842),#6978,.F.);
#7296=ADVANCED_FACE('',(#843),#192,.F.);
#7297=ADVANCED_FACE('',(#844),#6979,.F.);
#7298=ADVANCED_FACE('',(#845),#193,.F.);
#7299=ADVANCED_FACE('',(#846),#6980,.F.);
#7300=ADVANCED_FACE('',(#847),#194,.F.);
#7301=ADVANCED_FACE('',(#848),#6981,.F.);
#7302=ADVANCED_FACE('',(#849),#195,.F.);
#7303=ADVANCED_FACE('',(#850),#6982,.F.);
#7304=ADVANCED_FACE('',(#851),#196,.F.);
#7305=ADVANCED_FACE('',(#852),#197,.T.);
#7306=ADVANCED_FACE('',(#853),#475,.T.);
#7307=ADVANCED_FACE('',(#854),#476,.T.);
#7308=ADVANCED_FACE('',(#855),#477,.T.);
#7309=ADVANCED_FACE('',(#856),#198,.T.);
#7310=ADVANCED_FACE('',(#857),#199,.T.);
#7311=ADVANCED_FACE('',(#858),#478,.T.);
#7312=ADVANCED_FACE('',(#859),#200,.F.);
#7313=ADVANCED_FACE('',(#860,#286),#479,.T.);
#7314=ADVANCED_FACE('',(#861),#201,.F.);
#7315=ADVANCED_FACE('',(#862,#287),#480,.T.);
#7316=ADVANCED_FACE('',(#863),#202,.F.);
#7317=ADVANCED_FACE('',(#864,#288),#481,.T.);
#7318=ADVANCED_FACE('',(#865),#203,.F.);
#7319=ADVANCED_FACE('',(#866,#289),#482,.T.);
#7320=ADVANCED_FACE('',(#867),#204,.F.);
#7321=ADVANCED_FACE('',(#868,#290),#483,.T.);
#7322=ADVANCED_FACE('',(#869),#205,.F.);
#7323=ADVANCED_FACE('',(#870,#291),#484,.T.);
#7324=ADVANCED_FACE('',(#871),#206,.F.);
#7325=ADVANCED_FACE('',(#872,#292),#485,.T.);
#7326=ADVANCED_FACE('',(#873),#207,.F.);
#7327=ADVANCED_FACE('',(#874,#293),#486,.T.);
#7328=ADVANCED_FACE('',(#875),#208,.F.);
#7329=ADVANCED_FACE('',(#876,#294),#487,.T.);
#7330=ADVANCED_FACE('',(#877),#209,.F.);
#7331=ADVANCED_FACE('',(#878,#295),#488,.T.);
#7332=ADVANCED_FACE('',(#879),#210,.F.);
#7333=ADVANCED_FACE('',(#880,#296),#489,.T.);
#7334=ADVANCED_FACE('',(#881),#211,.F.);
#7335=ADVANCED_FACE('',(#882,#297),#490,.T.);
#7336=ADVANCED_FACE('',(#883),#212,.F.);
#7337=ADVANCED_FACE('',(#884,#298),#491,.T.);
#7338=ADVANCED_FACE('',(#885),#213,.F.);
#7339=ADVANCED_FACE('',(#886,#299),#492,.T.);
#7340=ADVANCED_FACE('',(#887),#214,.F.);
#7341=ADVANCED_FACE('',(#888,#300),#493,.T.);
#7342=ADVANCED_FACE('',(#889),#215,.F.);
#7343=ADVANCED_FACE('',(#890,#301),#494,.T.);
#7344=ADVANCED_FACE('',(#891),#495,.T.);
#7345=ADVANCED_FACE('',(#892),#496,.T.);
#7346=ADVANCED_FACE('',(#893),#216,.T.);
#7347=ADVANCED_FACE('',(#894),#497,.T.);
#7348=ADVANCED_FACE('',(#895),#217,.T.);
#7349=ADVANCED_FACE('',(#896),#498,.T.);
#7350=ADVANCED_FACE('',(#897),#499,.T.);
#7351=ADVANCED_FACE('',(#898),#500,.T.);
#7352=ADVANCED_FACE('',(#899),#218,.T.);
#7353=ADVANCED_FACE('',(#900),#501,.T.);
#7354=ADVANCED_FACE('',(#901),#219,.T.);
#7355=ADVANCED_FACE('',(#902),#502,.T.);
#7356=ADVANCED_FACE('',(#903),#220,.T.);
#7357=ADVANCED_FACE('',(#904),#221,.T.);
#7358=ADVANCED_FACE('',(#905),#503,.T.);
#7359=ADVANCED_FACE('',(#906),#504,.T.);
#7360=ADVANCED_FACE('',(#907),#222,.T.);
#7361=ADVANCED_FACE('',(#908),#505,.T.);
#7362=ADVANCED_FACE('',(#909),#223,.T.);
#7363=ADVANCED_FACE('',(#910),#224,.T.);
#7364=ADVANCED_FACE('',(#911),#506,.T.);
#7365=ADVANCED_FACE('',(#912),#225,.T.);
#7366=ADVANCED_FACE('',(#913),#507,.T.);
#7367=ADVANCED_FACE('',(#914),#226,.T.);
#7368=ADVANCED_FACE('',(#915),#508,.T.);
#7369=ADVANCED_FACE('',(#916),#509,.T.);
#7370=ADVANCED_FACE('',(#917),#227,.T.);
#7371=ADVANCED_FACE('',(#918),#228,.T.);
#7372=ADVANCED_FACE('',(#919),#510,.T.);
#7373=ADVANCED_FACE('',(#920),#511,.T.);
#7374=ADVANCED_FACE('',(#921),#6983,.T.);
#7375=ADVANCED_FACE('',(#922),#512,.T.);
#7376=ADVANCED_FACE('',(#923),#6984,.T.);
#7377=ADVANCED_FACE('',(#924),#513,.T.);
#7378=ADVANCED_FACE('',(#925),#514,.T.);
#7379=ADVANCED_FACE('',(#926),#229,.T.);
#7380=ADVANCED_FACE('',(#927),#515,.T.);
#7381=ADVANCED_FACE('',(#928,#302),#516,.T.);
#7382=ADVANCED_FACE('',(#929),#230,.F.);
#7383=ADVANCED_FACE('',(#930),#517,.F.);
#7384=ADVANCED_FACE('',(#931),#518,.T.);
#7385=ADVANCED_FACE('',(#932),#519,.T.);
#7386=ADVANCED_FACE('',(#933),#231,.T.);
#7387=ADVANCED_FACE('',(#934),#232,.F.);
#7388=ADVANCED_FACE('',(#935),#233,.T.);
#7389=ADVANCED_FACE('',(#936),#6985,.T.);
#7390=ADVANCED_FACE('',(#937),#520,.T.);
#7391=ADVANCED_FACE('',(#938),#6986,.T.);
#7392=ADVANCED_FACE('',(#939),#521,.T.);
#7393=ADVANCED_FACE('',(#940),#6987,.T.);
#7394=ADVANCED_FACE('',(#941),#522,.T.);
#7395=ADVANCED_FACE('',(#942),#6988,.T.);
#7396=ADVANCED_FACE('',(#943),#523,.T.);
#7397=ADVANCED_FACE('',(#944),#524,.T.);
#7398=ADVANCED_FACE('',(#945),#234,.T.);
#7399=ADVANCED_FACE('',(#946),#525,.T.);
#7400=ADVANCED_FACE('',(#947),#235,.T.);
#7401=ADVANCED_FACE('',(#948),#6989,.T.);
#7402=ADVANCED_FACE('',(#949),#526,.T.);
#7403=ADVANCED_FACE('',(#950),#6990,.T.);
#7404=ADVANCED_FACE('',(#951),#527,.T.);
#7405=ADVANCED_FACE('',(#952),#6991,.T.);
#7406=ADVANCED_FACE('',(#953),#528,.T.);
#7407=ADVANCED_FACE('',(#954),#6992,.T.);
#7408=ADVANCED_FACE('',(#955),#529,.T.);
#7409=ADVANCED_FACE('',(#956),#530,.T.);
#7410=ADVANCED_FACE('',(#957),#236,.T.);
#7411=ADVANCED_FACE('',(#958),#531,.T.);
#7412=ADVANCED_FACE('',(#959,#303),#532,.T.);
#7413=ADVANCED_FACE('',(#960,#304),#533,.F.);
#7414=ADVANCED_FACE('',(#961),#237,.F.);
#7415=ADVANCED_FACE('',(#962),#238,.T.);
#7416=ADVANCED_FACE('',(#963),#534,.T.);
#7417=ADVANCED_FACE('',(#964),#239,.F.);
#7418=ADVANCED_FACE('',(#965),#535,.T.);
#7419=ADVANCED_FACE('',(#966),#240,.F.);
#7420=ADVANCED_FACE('',(#967),#536,.T.);
#7421=ADVANCED_FACE('',(#968),#241,.F.);
#7422=ADVANCED_FACE('',(#969),#537,.T.);
#7423=ADVANCED_FACE('',(#970),#538,.T.);
#7424=ADVANCED_FACE('',(#971),#242,.F.);
#7425=ADVANCED_FACE('',(#972,#305),#539,.F.);
#7426=CLOSED_SHELL('',(#6993,#6994,#6995,#6996,#6997,#6998,#6999,#7000,
#7001,#7002,#7003,#7004,#7005,#7006,#7007,#7008,#7009,#7010,#7011,#7012,
#7013,#7014,#7015,#7016,#7017,#7018,#7019,#7020,#7021,#7022,#7023,#7024,
#7025,#7026,#7027,#7028,#7029,#7030,#7031,#7032,#7033,#7034,#7035,#7036,
#7037,#7038,#7039,#7040,#7041,#7042,#7043,#7044,#7045,#7046,#7047,#7048,
#7049,#7050,#7051,#7052,#7053,#7054,#7055,#7056,#7057,#7058,#7059,#7060,
#7061,#7062,#7063,#7064,#7065,#7066,#7067,#7068,#7069,#7070,#7071,#7072,
#7073,#7074,#7075,#7076,#7077,#7078,#7079,#7080,#7081,#7082,#7083,#7084,
#7085,#7086,#7087,#7088,#7089,#7090,#7091,#7092,#7093,#7094,#7095,#7096,
#7097,#7098,#7099,#7100,#7101,#7102,#7103,#7104,#7105,#7106,#7107,#7108,
#7109,#7110,#7111,#7112,#7113,#7114,#7115,#7116,#7117,#7118,#7119,#7120,
#7121,#7122,#7123,#7124,#7125,#7126,#7127,#7128,#7129,#7130,#7131,#7132,
#7133,#7134,#7135,#7136,#7137,#7138,#7139,#7140,#7141,#7142,#7143,#7144,
#7145,#7146,#7147,#7148,#7149,#7150,#7151,#7152,#7153,#7154,#7155,#7156,
#7157,#7158,#7159,#7160,#7161,#7162,#7163,#7164,#7165,#7166,#7167,#7168,
#7169,#7170,#7171,#7172,#7173,#7174,#7175,#7176,#7177,#7178,#7179,#7180,
#7181,#7182,#7183,#7184,#7185,#7186,#7187,#7188,#7189,#7190,#7191,#7192,
#7193,#7194,#7195,#7196,#7197,#7198,#7199,#7200,#7201,#7202,#7203,#7204,
#7205,#7206,#7207,#7208,#7209,#7210,#7211,#7212,#7213,#7214,#7215,#7216,
#7217,#7218,#7219,#7220,#7221,#7222,#7223,#7224,#7225,#7226,#7227,#7228,
#7229,#7230,#7231,#7232,#7233,#7234,#7235,#7236,#7237,#7238,#7239,#7240,
#7241,#7242,#7243,#7244,#7245,#7246,#7247,#7248,#7249,#7250,#7251,#7252,
#7253,#7254,#7255,#7256,#7257,#7258,#7259,#7260,#7261,#7262,#7263,#7264,
#7265,#7266,#7267,#7268,#7269,#7270,#7271,#7272,#7273,#7274,#7275,#7276,
#7277,#7278,#7279,#7280,#7281,#7282,#7283,#7284,#7285,#7286,#7287,#7288,
#7289,#7290,#7291,#7292,#7293,#7294,#7295,#7296,#7297,#7298,#7299,#7300,
#7301,#7302,#7303,#7304,#7305,#7306,#7307,#7308,#7309,#7310,#7311,#7312,
#7313,#7314,#7315,#7316,#7317,#7318,#7319,#7320,#7321,#7322,#7323,#7324,
#7325,#7326,#7327,#7328,#7329,#7330,#7331,#7332,#7333,#7334,#7335,#7336,
#7337,#7338,#7339,#7340,#7341,#7342,#7343,#7344,#7345,#7346,#7347,#7348,
#7349,#7350,#7351,#7352,#7353,#7354,#7355,#7356,#7357,#7358,#7359,#7360,
#7361,#7362,#7363,#7364,#7365,#7366,#7367,#7368,#7369,#7370,#7371,#7372,
#7373,#7374,#7375,#7376,#7377,#7378,#7379,#7380,#7381,#7382,#7383,#7384,
#7385,#7386,#7387,#7388,#7389,#7390,#7391,#7392,#7393,#7394,#7395,#7396,
#7397,#7398,#7399,#7400,#7401,#7402,#7403,#7404,#7405,#7406,#7407,#7408,
#7409,#7410,#7411,#7412,#7413,#7414,#7415,#7416,#7417,#7418,#7419,#7420,
#7421,#7422,#7423,#7424,#7425));
#7427=DERIVED_UNIT_ELEMENT(#7429,1.);
#7428=DERIVED_UNIT_ELEMENT(#13189,-3.);
#7429=(
MASS_UNIT()
NAMED_UNIT(*)
SI_UNIT(.KILO.,.GRAM.)
);
#7430=DERIVED_UNIT((#7427,#7428));
#7431=MEASURE_REPRESENTATION_ITEM('density measure',
POSITIVE_RATIO_MEASURE(1060.),#7430);
#7432=PROPERTY_DEFINITION_REPRESENTATION(#7437,#7434);
#7433=PROPERTY_DEFINITION_REPRESENTATION(#7438,#7435);
#7434=REPRESENTATION('material name',(#7436),#13186);
#7435=REPRESENTATION('density',(#7431),#13186);
#7436=DESCRIPTIVE_REPRESENTATION_ITEM('ABS-Kunststoff','ABS-Kunststoff');
#7437=PROPERTY_DEFINITION('material property','material name',#13201);
#7438=PROPERTY_DEFINITION('material property','density of part',#13201);
#7439=AXIS2_PLACEMENT_3D('',#10662,#8314,#8315);
#7440=AXIS2_PLACEMENT_3D('',#10663,#8316,#8317);
#7441=AXIS2_PLACEMENT_3D('',#10664,#8318,#8319);
#7442=AXIS2_PLACEMENT_3D('',#10666,#8320,#8321);
#7443=AXIS2_PLACEMENT_3D('',#10669,#8323,#8324);
#7444=AXIS2_PLACEMENT_3D('',#10670,#8325,#8326);
#7445=AXIS2_PLACEMENT_3D('',#10673,#8327,#8328);
#7446=AXIS2_PLACEMENT_3D('',#10675,#8329,#8330);
#7447=AXIS2_PLACEMENT_3D('',#10677,#8331,#8332);
#7448=AXIS2_PLACEMENT_3D('',#10681,#8334,#8335);
#7449=AXIS2_PLACEMENT_3D('',#10683,#8336,#8337);
#7450=AXIS2_PLACEMENT_3D('',#10685,#8338,#8339);
#7451=AXIS2_PLACEMENT_3D('',#10689,#8341,#8342);
#7452=AXIS2_PLACEMENT_3D('',#10691,#8343,#8344);
#7453=AXIS2_PLACEMENT_3D('',#10693,#8345,#8346);
#7454=AXIS2_PLACEMENT_3D('',#10697,#8348,#8349);
#7455=AXIS2_PLACEMENT_3D('',#10699,#8350,#8351);
#7456=AXIS2_PLACEMENT_3D('',#10701,#8352,#8353);
#7457=AXIS2_PLACEMENT_3D('',#10705,#8355,#8356);
#7458=AXIS2_PLACEMENT_3D('',#10707,#8357,#8358);
#7459=AXIS2_PLACEMENT_3D('',#10709,#8359,#8360);
#7460=AXIS2_PLACEMENT_3D('',#10713,#8362,#8363);
#7461=AXIS2_PLACEMENT_3D('',#10715,#8364,#8365);
#7462=AXIS2_PLACEMENT_3D('',#10717,#8366,#8367);
#7463=AXIS2_PLACEMENT_3D('',#10721,#8369,#8370);
#7464=AXIS2_PLACEMENT_3D('',#10723,#8371,#8372);
#7465=AXIS2_PLACEMENT_3D('',#10725,#8373,#8374);
#7466=AXIS2_PLACEMENT_3D('',#10729,#8376,#8377);
#7467=AXIS2_PLACEMENT_3D('',#10731,#8378,#8379);
#7468=AXIS2_PLACEMENT_3D('',#10733,#8380,#8381);
#7469=AXIS2_PLACEMENT_3D('',#10737,#8383,#8384);
#7470=AXIS2_PLACEMENT_3D('',#10739,#8385,#8386);
#7471=AXIS2_PLACEMENT_3D('',#10741,#8387,#8388);
#7472=AXIS2_PLACEMENT_3D('',#10745,#8390,#8391);
#7473=AXIS2_PLACEMENT_3D('',#10747,#8392,#8393);
#7474=AXIS2_PLACEMENT_3D('',#10749,#8394,#8395);
#7475=AXIS2_PLACEMENT_3D('',#10753,#8397,#8398);
#7476=AXIS2_PLACEMENT_3D('',#10755,#8399,#8400);
#7477=AXIS2_PLACEMENT_3D('',#10757,#8401,#8402);
#7478=AXIS2_PLACEMENT_3D('',#10761,#8404,#8405);
#7479=AXIS2_PLACEMENT_3D('',#10763,#8406,#8407);
#7480=AXIS2_PLACEMENT_3D('',#10765,#8408,#8409);
#7481=AXIS2_PLACEMENT_3D('',#10767,#8410,#8411);
#7482=AXIS2_PLACEMENT_3D('',#10769,#8412,#8413);
#7483=AXIS2_PLACEMENT_3D('',#10771,#8414,#8415);
#7484=AXIS2_PLACEMENT_3D('',#10775,#8417,#8418);
#7485=AXIS2_PLACEMENT_3D('',#10777,#8419,#8420);
#7486=AXIS2_PLACEMENT_3D('',#10779,#8421,#8422);
#7487=AXIS2_PLACEMENT_3D('',#10783,#8424,#8425);
#7488=AXIS2_PLACEMENT_3D('',#10787,#8427,#8428);
#7489=AXIS2_PLACEMENT_3D('',#10791,#8430,#8431);
#7490=AXIS2_PLACEMENT_3D('',#10795,#8433,#8434);
#7491=AXIS2_PLACEMENT_3D('',#10799,#8436,#8437);
#7492=AXIS2_PLACEMENT_3D('',#10801,#8438,#8439);
#7493=AXIS2_PLACEMENT_3D('',#10803,#8440,#8441);
#7494=AXIS2_PLACEMENT_3D('',#10807,#8443,#8444);
#7495=AXIS2_PLACEMENT_3D('',#10809,#8445,#8446);
#7496=AXIS2_PLACEMENT_3D('',#10810,#8447,#8448);
#7497=AXIS2_PLACEMENT_3D('',#10812,#8449,#8450);
#7498=AXIS2_PLACEMENT_3D('',#10814,#8451,#8452);
#7499=AXIS2_PLACEMENT_3D('',#10817,#8453,#8454);
#7500=AXIS2_PLACEMENT_3D('',#10821,#8456,#8457);
#7501=AXIS2_PLACEMENT_3D('',#10825,#8459,#8460);
#7502=AXIS2_PLACEMENT_3D('',#10831,#8463,#8464);
#7503=AXIS2_PLACEMENT_3D('',#10834,#8466,#8467);
#7504=AXIS2_PLACEMENT_3D('',#10835,#8468,#8469);
#7505=AXIS2_PLACEMENT_3D('',#10837,#8470,#8471);
#7506=AXIS2_PLACEMENT_3D('',#10839,#8473,#8474);
#7507=AXIS2_PLACEMENT_3D('',#10842,#8476,#8477);
#7508=AXIS2_PLACEMENT_3D('',#10843,#8478,#8479);
#7509=AXIS2_PLACEMENT_3D('',#10845,#8480,#8481);
#7510=AXIS2_PLACEMENT_3D('',#10847,#8483,#8484);
#7511=AXIS2_PLACEMENT_3D('',#10850,#8486,#8487);
#7512=AXIS2_PLACEMENT_3D('',#10851,#8488,#8489);
#7513=AXIS2_PLACEMENT_3D('',#10853,#8490,#8491);
#7514=AXIS2_PLACEMENT_3D('',#10855,#8493,#8494);
#7515=AXIS2_PLACEMENT_3D('',#10858,#8496,#8497);
#7516=AXIS2_PLACEMENT_3D('',#10859,#8498,#8499);
#7517=AXIS2_PLACEMENT_3D('',#10861,#8500,#8501);
#7518=AXIS2_PLACEMENT_3D('',#10863,#8503,#8504);
#7519=AXIS2_PLACEMENT_3D('',#10876,#8506,#8507);
#7520=AXIS2_PLACEMENT_3D('',#10877,#8508,#8509);
#7521=AXIS2_PLACEMENT_3D('',#10881,#8511,#8512);
#7522=AXIS2_PLACEMENT_3D('',#10883,#8514,#8515);
#7523=AXIS2_PLACEMENT_3D('',#10885,#8516,#8517);
#7524=AXIS2_PLACEMENT_3D('',#10887,#8519,#8520);
#7525=AXIS2_PLACEMENT_3D('',#10900,#8522,#8523);
#7526=AXIS2_PLACEMENT_3D('',#10901,#8524,#8525);
#7527=AXIS2_PLACEMENT_3D('',#10905,#8527,#8528);
#7528=AXIS2_PLACEMENT_3D('',#10907,#8530,#8531);
#7529=AXIS2_PLACEMENT_3D('',#10909,#8532,#8533);
#7530=AXIS2_PLACEMENT_3D('',#10911,#8535,#8536);
#7531=AXIS2_PLACEMENT_3D('',#10913,#8537,#8538);
#7532=AXIS2_PLACEMENT_3D('',#10916,#8540,#8541);
#7533=AXIS2_PLACEMENT_3D('',#10917,#8542,#8543);
#7534=AXIS2_PLACEMENT_3D('',#10920,#8545,#8546);
#7535=AXIS2_PLACEMENT_3D('',#10921,#8547,#8548);
#7536=AXIS2_PLACEMENT_3D('',#10922,#8549,#8550);
#7537=AXIS2_PLACEMENT_3D('',#10924,#8551,#8552);
#7538=AXIS2_PLACEMENT_3D('',#10927,#8554,#8555);
#7539=AXIS2_PLACEMENT_3D('',#10928,#8556,#8557);
#7540=AXIS2_PLACEMENT_3D('',#10931,#8559,#8560);
#7541=AXIS2_PLACEMENT_3D('',#10932,#8561,#8562);
#7542=AXIS2_PLACEMENT_3D('',#10933,#8563,#8564);
#7543=AXIS2_PLACEMENT_3D('',#10935,#8565,#8566);
#7544=AXIS2_PLACEMENT_3D('',#10938,#8568,#8569);
#7545=AXIS2_PLACEMENT_3D('',#10939,#8570,#8571);
#7546=AXIS2_PLACEMENT_3D('',#10940,#8572,#8573);
#7547=AXIS2_PLACEMENT_3D('',#10941,#8574,#8575);
#7548=AXIS2_PLACEMENT_3D('',#10943,#8576,#8577);
#7549=AXIS2_PLACEMENT_3D('',#10946,#8579,#8580);
#7550=AXIS2_PLACEMENT_3D('',#10947,#8581,#8582);
#7551=AXIS2_PLACEMENT_3D('',#10948,#8583,#8584);
#7552=AXIS2_PLACEMENT_3D('',#10949,#8585,#8586);
#7553=AXIS2_PLACEMENT_3D('',#10951,#8587,#8588);
#7554=AXIS2_PLACEMENT_3D('',#10954,#8590,#8591);
#7555=AXIS2_PLACEMENT_3D('',#10955,#8592,#8593);
#7556=AXIS2_PLACEMENT_3D('',#10956,#8594,#8595);
#7557=AXIS2_PLACEMENT_3D('',#10957,#8596,#8597);
#7558=AXIS2_PLACEMENT_3D('',#10958,#8598,#8599);
#7559=AXIS2_PLACEMENT_3D('',#10960,#8600,#8601);
#7560=AXIS2_PLACEMENT_3D('',#10963,#8603,#8604);
#7561=AXIS2_PLACEMENT_3D('',#10964,#8605,#8606);
#7562=AXIS2_PLACEMENT_3D('',#10965,#8607,#8608);
#7563=AXIS2_PLACEMENT_3D('',#10966,#8609,#8610);
#7564=AXIS2_PLACEMENT_3D('',#10996,#8613,#8614);
#7565=AXIS2_PLACEMENT_3D('',#10998,#8615,#8616);
#7566=AXIS2_PLACEMENT_3D('',#11000,#8617,#8618);
#7567=AXIS2_PLACEMENT_3D('',#11002,#8619,#8620);
#7568=AXIS2_PLACEMENT_3D('',#11004,#8622,#8623);
#7569=AXIS2_PLACEMENT_3D('',#11032,#8625,#8626);
#7570=AXIS2_PLACEMENT_3D('',#11034,#8628,#8629);
#7571=AXIS2_PLACEMENT_3D('',#11043,#8634,#8635);
#7572=AXIS2_PLACEMENT_3D('',#11049,#8639,#8640);
#7573=AXIS2_PLACEMENT_3D('',#11055,#8644,#8645);
#7574=AXIS2_PLACEMENT_3D('',#11058,#8648,#8649);
#7575=AXIS2_PLACEMENT_3D('',#11131,#8686,#8687);
#7576=AXIS2_PLACEMENT_3D('',#11137,#8691,#8692);
#7577=AXIS2_PLACEMENT_3D('',#11143,#8696,#8697);
#7578=AXIS2_PLACEMENT_3D('',#11145,#8699,#8700);
#7579=AXIS2_PLACEMENT_3D('',#11147,#8702,#8703);
#7580=AXIS2_PLACEMENT_3D('',#11153,#8707,#8708);
#7581=AXIS2_PLACEMENT_3D('',#11159,#8712,#8713);
#7582=AXIS2_PLACEMENT_3D('',#11161,#8715,#8716);
#7583=AXIS2_PLACEMENT_3D('',#11163,#8718,#8719);
#7584=AXIS2_PLACEMENT_3D('',#11169,#8723,#8724);
#7585=AXIS2_PLACEMENT_3D('',#11175,#8728,#8729);
#7586=AXIS2_PLACEMENT_3D('',#11177,#8731,#8732);
#7587=AXIS2_PLACEMENT_3D('',#11179,#8734,#8735);
#7588=AXIS2_PLACEMENT_3D('',#11185,#8739,#8740);
#7589=AXIS2_PLACEMENT_3D('',#11191,#8744,#8745);
#7590=AXIS2_PLACEMENT_3D('',#11193,#8747,#8748);
#7591=AXIS2_PLACEMENT_3D('',#11195,#8750,#8751);
#7592=AXIS2_PLACEMENT_3D('',#11204,#8756,#8757);
#7593=AXIS2_PLACEMENT_3D('',#11210,#8761,#8762);
#7594=AXIS2_PLACEMENT_3D('',#11216,#8766,#8767);
#7595=AXIS2_PLACEMENT_3D('',#11219,#8770,#8771);
#7596=AXIS2_PLACEMENT_3D('',#11260,#8792,#8793);
#7597=AXIS2_PLACEMENT_3D('',#11266,#8797,#8798);
#7598=AXIS2_PLACEMENT_3D('',#11272,#8802,#8803);
#7599=AXIS2_PLACEMENT_3D('',#11274,#8805,#8806);
#7600=AXIS2_PLACEMENT_3D('',#11276,#8808,#8809);
#7601=AXIS2_PLACEMENT_3D('',#11282,#8813,#8814);
#7602=AXIS2_PLACEMENT_3D('',#11286,#8817,#8818);
#7603=AXIS2_PLACEMENT_3D('',#11290,#8821,#8822);
#7604=AXIS2_PLACEMENT_3D('',#11292,#8824,#8825);
#7605=AXIS2_PLACEMENT_3D('',#11301,#8830,#8831);
#7606=AXIS2_PLACEMENT_3D('',#11307,#8835,#8836);
#7607=AXIS2_PLACEMENT_3D('',#11313,#8840,#8841);
#7608=AXIS2_PLACEMENT_3D('',#11316,#8844,#8845);
#7609=AXIS2_PLACEMENT_3D('',#11389,#8882,#8883);
#7610=AXIS2_PLACEMENT_3D('',#11395,#8887,#8888);
#7611=AXIS2_PLACEMENT_3D('',#11399,#8891,#8892);
#7612=AXIS2_PLACEMENT_3D('',#11403,#8895,#8896);
#7613=AXIS2_PLACEMENT_3D('',#11405,#8898,#8899);
#7614=AXIS2_PLACEMENT_3D('',#11411,#8903,#8904);
#7615=AXIS2_PLACEMENT_3D('',#11415,#8907,#8908);
#7616=AXIS2_PLACEMENT_3D('',#11419,#8911,#8912);
#7617=AXIS2_PLACEMENT_3D('',#11421,#8914,#8915);
#7618=AXIS2_PLACEMENT_3D('',#11427,#8919,#8920);
#7619=AXIS2_PLACEMENT_3D('',#11431,#8923,#8924);
#7620=AXIS2_PLACEMENT_3D('',#11435,#8927,#8928);
#7621=AXIS2_PLACEMENT_3D('',#11437,#8930,#8931);
#7622=AXIS2_PLACEMENT_3D('',#11443,#8935,#8936);
#7623=AXIS2_PLACEMENT_3D('',#11447,#8939,#8940);
#7624=AXIS2_PLACEMENT_3D('',#11451,#8943,#8944);
#7625=AXIS2_PLACEMENT_3D('',#11453,#8946,#8947);
#7626=AXIS2_PLACEMENT_3D('',#11454,#8948,#8949);
#7627=AXIS2_PLACEMENT_3D('',#11455,#8950,#8951);
#7628=AXIS2_PLACEMENT_3D('',#11456,#8952,#8953);
#7629=AXIS2_PLACEMENT_3D('',#11457,#8954,#8955);
#7630=AXIS2_PLACEMENT_3D('',#11458,#8956,#8957);
#7631=AXIS2_PLACEMENT_3D('',#11459,#8958,#8959);
#7632=AXIS2_PLACEMENT_3D('',#11460,#8960,#8961);
#7633=AXIS2_PLACEMENT_3D('',#11461,#8962,#8963);
#7634=AXIS2_PLACEMENT_3D('',#11462,#8964,#8965);
#7635=AXIS2_PLACEMENT_3D('',#11463,#8966,#8967);
#7636=AXIS2_PLACEMENT_3D('',#11464,#8968,#8969);
#7637=AXIS2_PLACEMENT_3D('',#11465,#8970,#8971);
#7638=AXIS2_PLACEMENT_3D('',#11466,#8972,#8973);
#7639=AXIS2_PLACEMENT_3D('',#11514,#8974,#8975);
#7640=AXIS2_PLACEMENT_3D('',#11515,#8976,#8977);
#7641=AXIS2_PLACEMENT_3D('',#11517,#8978,#8979);
#7642=AXIS2_PLACEMENT_3D('',#11518,#8980,#8981);
#7643=AXIS2_PLACEMENT_3D('',#11519,#8982,#8983);
#7644=AXIS2_PLACEMENT_3D('',#11521,#8984,#8985);
#7645=AXIS2_PLACEMENT_3D('',#11522,#8986,#8987);
#7646=AXIS2_PLACEMENT_3D('',#11523,#8988,#8989);
#7647=AXIS2_PLACEMENT_3D('',#11525,#8990,#8991);
#7648=AXIS2_PLACEMENT_3D('',#11526,#8992,#8993);
#7649=AXIS2_PLACEMENT_3D('',#11527,#8994,#8995);
#7650=AXIS2_PLACEMENT_3D('',#11529,#8996,#8997);
#7651=AXIS2_PLACEMENT_3D('',#11530,#8998,#8999);
#7652=AXIS2_PLACEMENT_3D('',#11531,#9000,#9001);
#7653=AXIS2_PLACEMENT_3D('',#11533,#9002,#9003);
#7654=AXIS2_PLACEMENT_3D('',#11534,#9004,#9005);
#7655=AXIS2_PLACEMENT_3D('',#11535,#9006,#9007);
#7656=AXIS2_PLACEMENT_3D('',#11537,#9008,#9009);
#7657=AXIS2_PLACEMENT_3D('',#11538,#9010,#9011);
#7658=AXIS2_PLACEMENT_3D('',#11539,#9012,#9013);
#7659=AXIS2_PLACEMENT_3D('',#11587,#9014,#9015);
#7660=AXIS2_PLACEMENT_3D('',#11588,#9016,#9017);
#7661=AXIS2_PLACEMENT_3D('',#11614,#9018,#9019);
#7662=AXIS2_PLACEMENT_3D('',#11637,#9020,#9021);
#7663=AXIS2_PLACEMENT_3D('',#11639,#9022,#9023);
#7664=AXIS2_PLACEMENT_3D('',#11640,#9024,#9025);
#7665=AXIS2_PLACEMENT_3D('',#11641,#9026,#9027);
#7666=AXIS2_PLACEMENT_3D('',#11643,#9028,#9029);
#7667=AXIS2_PLACEMENT_3D('',#11644,#9030,#9031);
#7668=AXIS2_PLACEMENT_3D('',#11645,#9032,#9033);
#7669=AXIS2_PLACEMENT_3D('',#11647,#9034,#9035);
#7670=AXIS2_PLACEMENT_3D('',#11648,#9036,#9037);
#7671=AXIS2_PLACEMENT_3D('',#11649,#9038,#9039);
#7672=AXIS2_PLACEMENT_3D('',#11651,#9040,#9041);
#7673=AXIS2_PLACEMENT_3D('',#11652,#9042,#9043);
#7674=AXIS2_PLACEMENT_3D('',#11653,#9044,#9045);
#7675=AXIS2_PLACEMENT_3D('',#11701,#9046,#9047);
#7676=AXIS2_PLACEMENT_3D('',#11702,#9048,#9049);
#7677=AXIS2_PLACEMENT_3D('',#11705,#9051,#9052);
#7678=AXIS2_PLACEMENT_3D('',#11706,#9053,#9054);
#7679=AXIS2_PLACEMENT_3D('',#11707,#9055,#9056);
#7680=AXIS2_PLACEMENT_3D('',#11708,#9057,#9058);
#7681=AXIS2_PLACEMENT_3D('',#11709,#9059,#9060);
#7682=AXIS2_PLACEMENT_3D('',#11710,#9061,#9062);
#7683=AXIS2_PLACEMENT_3D('',#11711,#9063,#9064);
#7684=AXIS2_PLACEMENT_3D('',#11712,#9065,#9066);
#7685=AXIS2_PLACEMENT_3D('',#11713,#9067,#9068);
#7686=AXIS2_PLACEMENT_3D('',#11714,#9069,#9070);
#7687=AXIS2_PLACEMENT_3D('',#11716,#9071,#9072);
#7688=AXIS2_PLACEMENT_3D('',#11718,#9074,#9075);
#7689=AXIS2_PLACEMENT_3D('',#11719,#9076,#9077);
#7690=AXIS2_PLACEMENT_3D('',#11720,#9078,#9079);
#7691=AXIS2_PLACEMENT_3D('',#11721,#9080,#9081);
#7692=AXIS2_PLACEMENT_3D('',#11722,#9082,#9083);
#7693=AXIS2_PLACEMENT_3D('',#11725,#9085,#9086);
#7694=AXIS2_PLACEMENT_3D('',#11726,#9087,#9088);
#7695=AXIS2_PLACEMENT_3D('',#11727,#9089,#9090);
#7696=AXIS2_PLACEMENT_3D('',#11728,#9091,#9092);
#7697=AXIS2_PLACEMENT_3D('',#11731,#9094,#9095);
#7698=AXIS2_PLACEMENT_3D('',#11732,#9096,#9097);
#7699=AXIS2_PLACEMENT_3D('',#11734,#9098,#9099);
#7700=AXIS2_PLACEMENT_3D('',#11736,#9101,#9102);
#7701=AXIS2_PLACEMENT_3D('',#11737,#9103,#9104);
#7702=AXIS2_PLACEMENT_3D('',#11738,#9105,#9106);
#7703=AXIS2_PLACEMENT_3D('',#11739,#9107,#9108);
#7704=AXIS2_PLACEMENT_3D('',#11740,#9109,#9110);
#7705=AXIS2_PLACEMENT_3D('',#11742,#9111,#9112);
#7706=AXIS2_PLACEMENT_3D('',#11745,#9114,#9115);
#7707=AXIS2_PLACEMENT_3D('',#11746,#9116,#9117);
#7708=AXIS2_PLACEMENT_3D('',#11747,#9118,#9119);
#7709=AXIS2_PLACEMENT_3D('',#11748,#9120,#9121);
#7710=AXIS2_PLACEMENT_3D('',#11749,#9122,#9123);
#7711=AXIS2_PLACEMENT_3D('',#11750,#9124,#9125);
#7712=AXIS2_PLACEMENT_3D('',#11751,#9126,#9127);
#7713=AXIS2_PLACEMENT_3D('',#11752,#9128,#9129);
#7714=AXIS2_PLACEMENT_3D('',#11753,#9130,#9131);
#7715=AXIS2_PLACEMENT_3D('',#11754,#9132,#9133);
#7716=AXIS2_PLACEMENT_3D('',#11755,#9134,#9135);
#7717=AXIS2_PLACEMENT_3D('',#11757,#9136,#9137);
#7718=AXIS2_PLACEMENT_3D('',#11762,#9139,#9140);
#7719=AXIS2_PLACEMENT_3D('',#11765,#9142,#9143);
#7720=AXIS2_PLACEMENT_3D('',#11766,#9144,#9145);
#7721=AXIS2_PLACEMENT_3D('',#11770,#9147,#9148);
#7722=AXIS2_PLACEMENT_3D('',#11772,#9150,#9151);
#7723=AXIS2_PLACEMENT_3D('',#11776,#9154,#9155);
#7724=AXIS2_PLACEMENT_3D('',#11779,#9157,#9158);
#7725=AXIS2_PLACEMENT_3D('',#11780,#9159,#9160);
#7726=AXIS2_PLACEMENT_3D('',#11795,#9162,#9163);
#7727=AXIS2_PLACEMENT_3D('',#11797,#9164,#9165);
#7728=AXIS2_PLACEMENT_3D('',#11799,#9166,#9167);
#7729=AXIS2_PLACEMENT_3D('',#11811,#9173,#9174);
#7730=AXIS2_PLACEMENT_3D('',#11813,#9176,#9177);
#7731=AXIS2_PLACEMENT_3D('',#11815,#9178,#9179);
#7732=AXIS2_PLACEMENT_3D('',#11817,#9180,#9181);
#7733=AXIS2_PLACEMENT_3D('',#11824,#9183,#9184);
#7734=AXIS2_PLACEMENT_3D('',#11828,#9186,#9187);
#7735=AXIS2_PLACEMENT_3D('',#11830,#9189,#9190);
#7736=AXIS2_PLACEMENT_3D('',#11833,#9191,#9192);
#7737=AXIS2_PLACEMENT_3D('',#11837,#9194,#9195);
#7738=AXIS2_PLACEMENT_3D('',#11839,#9197,#9198);
#7739=AXIS2_PLACEMENT_3D('',#11845,#9202,#9203);
#7740=AXIS2_PLACEMENT_3D('',#11847,#9204,#9205);
#7741=AXIS2_PLACEMENT_3D('',#11850,#9207,#9208);
#7742=AXIS2_PLACEMENT_3D('',#11851,#9209,#9210);
#7743=AXIS2_PLACEMENT_3D('',#11853,#9211,#9212);
#7744=AXIS2_PLACEMENT_3D('',#11856,#9214,#9215);
#7745=AXIS2_PLACEMENT_3D('',#11857,#9216,#9217);
#7746=AXIS2_PLACEMENT_3D('',#11859,#9218,#9219);
#7747=AXIS2_PLACEMENT_3D('',#11862,#9221,#9222);
#7748=AXIS2_PLACEMENT_3D('',#11863,#9223,#9224);
#7749=AXIS2_PLACEMENT_3D('',#11869,#9228,#9229);
#7750=AXIS2_PLACEMENT_3D('',#11871,#9230,#9231);
#7751=AXIS2_PLACEMENT_3D('',#11874,#9233,#9234);
#7752=AXIS2_PLACEMENT_3D('',#11875,#9235,#9236);
#7753=AXIS2_PLACEMENT_3D('',#11877,#9237,#9238);
#7754=AXIS2_PLACEMENT_3D('',#11880,#9240,#9241);
#7755=AXIS2_PLACEMENT_3D('',#11881,#9242,#9243);
#7756=AXIS2_PLACEMENT_3D('',#11883,#9244,#9245);
#7757=AXIS2_PLACEMENT_3D('',#11886,#9247,#9248);
#7758=AXIS2_PLACEMENT_3D('',#11887,#9249,#9250);
#7759=AXIS2_PLACEMENT_3D('',#11893,#9254,#9255);
#7760=AXIS2_PLACEMENT_3D('',#11895,#9256,#9257);
#7761=AXIS2_PLACEMENT_3D('',#11898,#9259,#9260);
#7762=AXIS2_PLACEMENT_3D('',#11899,#9261,#9262);
#7763=AXIS2_PLACEMENT_3D('',#11901,#9263,#9264);
#7764=AXIS2_PLACEMENT_3D('',#11904,#9266,#9267);
#7765=AXIS2_PLACEMENT_3D('',#11905,#9268,#9269);
#7766=AXIS2_PLACEMENT_3D('',#11907,#9270,#9271);
#7767=AXIS2_PLACEMENT_3D('',#11910,#9273,#9274);
#7768=AXIS2_PLACEMENT_3D('',#11911,#9275,#9276);
#7769=AXIS2_PLACEMENT_3D('',#11917,#9280,#9281);
#7770=AXIS2_PLACEMENT_3D('',#11919,#9282,#9283);
#7771=AXIS2_PLACEMENT_3D('',#11922,#9285,#9286);
#7772=AXIS2_PLACEMENT_3D('',#11923,#9287,#9288);
#7773=AXIS2_PLACEMENT_3D('',#11925,#9289,#9290);
#7774=AXIS2_PLACEMENT_3D('',#11928,#9292,#9293);
#7775=AXIS2_PLACEMENT_3D('',#11929,#9294,#9295);
#7776=AXIS2_PLACEMENT_3D('',#11931,#9296,#9297);
#7777=AXIS2_PLACEMENT_3D('',#11934,#9299,#9300);
#7778=AXIS2_PLACEMENT_3D('',#11935,#9301,#9302);
#7779=AXIS2_PLACEMENT_3D('',#11941,#9306,#9307);
#7780=AXIS2_PLACEMENT_3D('',#11943,#9308,#9309);
#7781=AXIS2_PLACEMENT_3D('',#11946,#9311,#9312);
#7782=AXIS2_PLACEMENT_3D('',#11947,#9313,#9314);
#7783=AXIS2_PLACEMENT_3D('',#11949,#9315,#9316);
#7784=AXIS2_PLACEMENT_3D('',#11952,#9318,#9319);
#7785=AXIS2_PLACEMENT_3D('',#11953,#9320,#9321);
#7786=AXIS2_PLACEMENT_3D('',#11955,#9322,#9323);
#7787=AXIS2_PLACEMENT_3D('',#11958,#9325,#9326);
#7788=AXIS2_PLACEMENT_3D('',#11959,#9327,#9328);
#7789=AXIS2_PLACEMENT_3D('',#11965,#9332,#9333);
#7790=AXIS2_PLACEMENT_3D('',#11967,#9334,#9335);
#7791=AXIS2_PLACEMENT_3D('',#11970,#9337,#9338);
#7792=AXIS2_PLACEMENT_3D('',#11971,#9339,#9340);
#7793=AXIS2_PLACEMENT_3D('',#11973,#9341,#9342);
#7794=AXIS2_PLACEMENT_3D('',#11976,#9344,#9345);
#7795=AXIS2_PLACEMENT_3D('',#11977,#9346,#9347);
#7796=AXIS2_PLACEMENT_3D('',#11979,#9348,#9349);
#7797=AXIS2_PLACEMENT_3D('',#11982,#9351,#9352);
#7798=AXIS2_PLACEMENT_3D('',#11983,#9353,#9354);
#7799=AXIS2_PLACEMENT_3D('',#11989,#9358,#9359);
#7800=AXIS2_PLACEMENT_3D('',#11991,#9360,#9361);
#7801=AXIS2_PLACEMENT_3D('',#11994,#9363,#9364);
#7802=AXIS2_PLACEMENT_3D('',#11995,#9365,#9366);
#7803=AXIS2_PLACEMENT_3D('',#11997,#9367,#9368);
#7804=AXIS2_PLACEMENT_3D('',#12000,#9370,#9371);
#7805=AXIS2_PLACEMENT_3D('',#12001,#9372,#9373);
#7806=AXIS2_PLACEMENT_3D('',#12003,#9374,#9375);
#7807=AXIS2_PLACEMENT_3D('',#12006,#9377,#9378);
#7808=AXIS2_PLACEMENT_3D('',#12007,#9379,#9380);
#7809=AXIS2_PLACEMENT_3D('',#12013,#9384,#9385);
#7810=AXIS2_PLACEMENT_3D('',#12015,#9386,#9387);
#7811=AXIS2_PLACEMENT_3D('',#12018,#9389,#9390);
#7812=AXIS2_PLACEMENT_3D('',#12019,#9391,#9392);
#7813=AXIS2_PLACEMENT_3D('',#12021,#9393,#9394);
#7814=AXIS2_PLACEMENT_3D('',#12024,#9396,#9397);
#7815=AXIS2_PLACEMENT_3D('',#12025,#9398,#9399);
#7816=AXIS2_PLACEMENT_3D('',#12029,#9402,#9403);
#7817=AXIS2_PLACEMENT_3D('',#12031,#9404,#9405);
#7818=AXIS2_PLACEMENT_3D('',#12033,#9407,#9408);
#7819=AXIS2_PLACEMENT_3D('',#12035,#9409,#9410);
#7820=AXIS2_PLACEMENT_3D('',#12037,#9412,#9413);
#7821=AXIS2_PLACEMENT_3D('',#12039,#9414,#9415);
#7822=AXIS2_PLACEMENT_3D('',#12041,#9417,#9418);
#7823=AXIS2_PLACEMENT_3D('',#12045,#9421,#9422);
#7824=AXIS2_PLACEMENT_3D('',#12046,#9423,#9424);
#7825=AXIS2_PLACEMENT_3D('',#12047,#9425,#9426);
#7826=AXIS2_PLACEMENT_3D('',#12049,#9427,#9428);
#7827=AXIS2_PLACEMENT_3D('',#12051,#9430,#9431);
#7828=AXIS2_PLACEMENT_3D('',#12055,#9434,#9435);
#7829=AXIS2_PLACEMENT_3D('',#12057,#9436,#9437);
#7830=AXIS2_PLACEMENT_3D('',#12059,#9439,#9440);
#7831=AXIS2_PLACEMENT_3D('',#12061,#9441,#9442);
#7832=AXIS2_PLACEMENT_3D('',#12063,#9444,#9445);
#7833=AXIS2_PLACEMENT_3D('',#12065,#9446,#9447);
#7834=AXIS2_PLACEMENT_3D('',#12067,#9449,#9450);
#7835=AXIS2_PLACEMENT_3D('',#12071,#9453,#9454);
#7836=AXIS2_PLACEMENT_3D('',#12073,#9455,#9456);
#7837=AXIS2_PLACEMENT_3D('',#12075,#9458,#9459);
#7838=AXIS2_PLACEMENT_3D('',#12077,#9460,#9461);
#7839=AXIS2_PLACEMENT_3D('',#12079,#9463,#9464);
#7840=AXIS2_PLACEMENT_3D('',#12081,#9465,#9466);
#7841=AXIS2_PLACEMENT_3D('',#12083,#9468,#9469);
#7842=AXIS2_PLACEMENT_3D('',#12087,#9472,#9473);
#7843=AXIS2_PLACEMENT_3D('',#12089,#9474,#9475);
#7844=AXIS2_PLACEMENT_3D('',#12091,#9477,#9478);
#7845=AXIS2_PLACEMENT_3D('',#12093,#9479,#9480);
#7846=AXIS2_PLACEMENT_3D('',#12095,#9482,#9483);
#7847=AXIS2_PLACEMENT_3D('',#12097,#9484,#9485);
#7848=AXIS2_PLACEMENT_3D('',#12099,#9487,#9488);
#7849=AXIS2_PLACEMENT_3D('',#12103,#9491,#9492);
#7850=AXIS2_PLACEMENT_3D('',#12105,#9493,#9494);
#7851=AXIS2_PLACEMENT_3D('',#12107,#9496,#9497);
#7852=AXIS2_PLACEMENT_3D('',#12109,#9498,#9499);
#7853=AXIS2_PLACEMENT_3D('',#12111,#9501,#9502);
#7854=AXIS2_PLACEMENT_3D('',#12113,#9503,#9504);
#7855=AXIS2_PLACEMENT_3D('',#12115,#9506,#9507);
#7856=AXIS2_PLACEMENT_3D('',#12119,#9510,#9511);
#7857=AXIS2_PLACEMENT_3D('',#12121,#9512,#9513);
#7858=AXIS2_PLACEMENT_3D('',#12123,#9515,#9516);
#7859=AXIS2_PLACEMENT_3D('',#12125,#9517,#9518);
#7860=AXIS2_PLACEMENT_3D('',#12127,#9520,#9521);
#7861=AXIS2_PLACEMENT_3D('',#12129,#9522,#9523);
#7862=AXIS2_PLACEMENT_3D('',#12131,#9525,#9526);
#7863=AXIS2_PLACEMENT_3D('',#12135,#9529,#9530);
#7864=AXIS2_PLACEMENT_3D('',#12137,#9531,#9532);
#7865=AXIS2_PLACEMENT_3D('',#12139,#9534,#9535);
#7866=AXIS2_PLACEMENT_3D('',#12141,#9536,#9537);
#7867=AXIS2_PLACEMENT_3D('',#12143,#9539,#9540);
#7868=AXIS2_PLACEMENT_3D('',#12145,#9541,#9542);
#7869=AXIS2_PLACEMENT_3D('',#12147,#9544,#9545);
#7870=AXIS2_PLACEMENT_3D('',#12151,#9548,#9549);
#7871=AXIS2_PLACEMENT_3D('',#12153,#9550,#9551);
#7872=AXIS2_PLACEMENT_3D('',#12155,#9553,#9554);
#7873=AXIS2_PLACEMENT_3D('',#12157,#9555,#9556);
#7874=AXIS2_PLACEMENT_3D('',#12159,#9558,#9559);
#7875=AXIS2_PLACEMENT_3D('',#12161,#9560,#9561);
#7876=AXIS2_PLACEMENT_3D('',#12163,#9563,#9564);
#7877=AXIS2_PLACEMENT_3D('',#12167,#9567,#9568);
#7878=AXIS2_PLACEMENT_3D('',#12169,#9569,#9570);
#7879=AXIS2_PLACEMENT_3D('',#12171,#9572,#9573);
#7880=AXIS2_PLACEMENT_3D('',#12173,#9574,#9575);
#7881=AXIS2_PLACEMENT_3D('',#12175,#9577,#9578);
#7882=AXIS2_PLACEMENT_3D('',#12177,#9579,#9580);
#7883=AXIS2_PLACEMENT_3D('',#12179,#9582,#9583);
#7884=AXIS2_PLACEMENT_3D('',#12183,#9586,#9587);
#7885=AXIS2_PLACEMENT_3D('',#12185,#9588,#9589);
#7886=AXIS2_PLACEMENT_3D('',#12187,#9591,#9592);
#7887=AXIS2_PLACEMENT_3D('',#12189,#9593,#9594);
#7888=AXIS2_PLACEMENT_3D('',#12191,#9596,#9597);
#7889=AXIS2_PLACEMENT_3D('',#12193,#9598,#9599);
#7890=AXIS2_PLACEMENT_3D('',#12195,#9601,#9602);
#7891=AXIS2_PLACEMENT_3D('',#12199,#9605,#9606);
#7892=AXIS2_PLACEMENT_3D('',#12201,#9607,#9608);
#7893=AXIS2_PLACEMENT_3D('',#12203,#9610,#9611);
#7894=AXIS2_PLACEMENT_3D('',#12205,#9612,#9613);
#7895=AXIS2_PLACEMENT_3D('',#12207,#9615,#9616);
#7896=AXIS2_PLACEMENT_3D('',#12209,#9617,#9618);
#7897=AXIS2_PLACEMENT_3D('',#12211,#9620,#9621);
#7898=AXIS2_PLACEMENT_3D('',#12215,#9624,#9625);
#7899=AXIS2_PLACEMENT_3D('',#12216,#9626,#9627);
#7900=AXIS2_PLACEMENT_3D('',#12217,#9628,#9629);
#7901=AXIS2_PLACEMENT_3D('',#12219,#9630,#9631);
#7902=AXIS2_PLACEMENT_3D('',#12221,#9633,#9634);
#7903=AXIS2_PLACEMENT_3D('',#12225,#9637,#9638);
#7904=AXIS2_PLACEMENT_3D('',#12227,#9639,#9640);
#7905=AXIS2_PLACEMENT_3D('',#12229,#9642,#9643);
#7906=AXIS2_PLACEMENT_3D('',#12231,#9644,#9645);
#7907=AXIS2_PLACEMENT_3D('',#12233,#9647,#9648);
#7908=AXIS2_PLACEMENT_3D('',#12235,#9649,#9650);
#7909=AXIS2_PLACEMENT_3D('',#12237,#9652,#9653);
#7910=AXIS2_PLACEMENT_3D('',#12241,#9656,#9657);
#7911=AXIS2_PLACEMENT_3D('',#12244,#9659,#9660);
#7912=AXIS2_PLACEMENT_3D('',#12246,#9662,#9663);
#7913=AXIS2_PLACEMENT_3D('',#12248,#9664,#9665);
#7914=AXIS2_PLACEMENT_3D('',#12257,#9667,#9668);
#7915=AXIS2_PLACEMENT_3D('',#12263,#9669,#9670);
#7916=AXIS2_PLACEMENT_3D('',#12264,#9671,#9672);
#7917=AXIS2_PLACEMENT_3D('',#12265,#9673,#9674);
#7918=AXIS2_PLACEMENT_3D('',#12277,#9675,#9676);
#7919=AXIS2_PLACEMENT_3D('',#12284,#9677,#9678);
#7920=AXIS2_PLACEMENT_3D('',#12285,#9679,#9680);
#7921=AXIS2_PLACEMENT_3D('',#12287,#9681,#9682);
#7922=AXIS2_PLACEMENT_3D('',#12289,#9683,#9684);
#7923=AXIS2_PLACEMENT_3D('',#12291,#9686,#9687);
#7924=AXIS2_PLACEMENT_3D('',#12293,#9688,#9689);
#7925=AXIS2_PLACEMENT_3D('',#12295,#9690,#9691);
#7926=AXIS2_PLACEMENT_3D('',#12297,#9693,#9694);
#7927=AXIS2_PLACEMENT_3D('',#12303,#9698,#9699);
#7928=AXIS2_PLACEMENT_3D('',#12305,#9700,#9701);
#7929=AXIS2_PLACEMENT_3D('',#12307,#9702,#9703);
#7930=AXIS2_PLACEMENT_3D('',#12309,#9705,#9706);
#7931=AXIS2_PLACEMENT_3D('',#12311,#9707,#9708);
#7932=AXIS2_PLACEMENT_3D('',#12313,#9709,#9710);
#7933=AXIS2_PLACEMENT_3D('',#12315,#9712,#9713);
#7934=AXIS2_PLACEMENT_3D('',#12317,#9714,#9715);
#7935=AXIS2_PLACEMENT_3D('',#12319,#9716,#9717);
#7936=AXIS2_PLACEMENT_3D('',#12321,#9719,#9720);
#7937=AXIS2_PLACEMENT_3D('',#12327,#9724,#9725);
#7938=AXIS2_PLACEMENT_3D('',#12329,#9726,#9727);
#7939=AXIS2_PLACEMENT_3D('',#12331,#9728,#9729);
#7940=AXIS2_PLACEMENT_3D('',#12333,#9731,#9732);
#7941=AXIS2_PLACEMENT_3D('',#12335,#9733,#9734);
#7942=AXIS2_PLACEMENT_3D('',#12337,#9735,#9736);
#7943=AXIS2_PLACEMENT_3D('',#12339,#9738,#9739);
#7944=AXIS2_PLACEMENT_3D('',#12341,#9740,#9741);
#7945=AXIS2_PLACEMENT_3D('',#12343,#9742,#9743);
#7946=AXIS2_PLACEMENT_3D('',#12345,#9745,#9746);
#7947=AXIS2_PLACEMENT_3D('',#12351,#9750,#9751);
#7948=AXIS2_PLACEMENT_3D('',#12353,#9752,#9753);
#7949=AXIS2_PLACEMENT_3D('',#12355,#9754,#9755);
#7950=AXIS2_PLACEMENT_3D('',#12357,#9757,#9758);
#7951=AXIS2_PLACEMENT_3D('',#12359,#9759,#9760);
#7952=AXIS2_PLACEMENT_3D('',#12361,#9761,#9762);
#7953=AXIS2_PLACEMENT_3D('',#12363,#9764,#9765);
#7954=AXIS2_PLACEMENT_3D('',#12365,#9766,#9767);
#7955=AXIS2_PLACEMENT_3D('',#12367,#9768,#9769);
#7956=AXIS2_PLACEMENT_3D('',#12369,#9771,#9772);
#7957=AXIS2_PLACEMENT_3D('',#12375,#9776,#9777);
#7958=AXIS2_PLACEMENT_3D('',#12377,#9778,#9779);
#7959=AXIS2_PLACEMENT_3D('',#12379,#9780,#9781);
#7960=AXIS2_PLACEMENT_3D('',#12381,#9783,#9784);
#7961=AXIS2_PLACEMENT_3D('',#12383,#9785,#9786);
#7962=AXIS2_PLACEMENT_3D('',#12385,#9787,#9788);
#7963=AXIS2_PLACEMENT_3D('',#12387,#9790,#9791);
#7964=AXIS2_PLACEMENT_3D('',#12389,#9792,#9793);
#7965=AXIS2_PLACEMENT_3D('',#12391,#9794,#9795);
#7966=AXIS2_PLACEMENT_3D('',#12393,#9797,#9798);
#7967=AXIS2_PLACEMENT_3D('',#12399,#9802,#9803);
#7968=AXIS2_PLACEMENT_3D('',#12401,#9804,#9805);
#7969=AXIS2_PLACEMENT_3D('',#12403,#9806,#9807);
#7970=AXIS2_PLACEMENT_3D('',#12405,#9809,#9810);
#7971=AXIS2_PLACEMENT_3D('',#12407,#9811,#9812);
#7972=AXIS2_PLACEMENT_3D('',#12409,#9813,#9814);
#7973=AXIS2_PLACEMENT_3D('',#12411,#9816,#9817);
#7974=AXIS2_PLACEMENT_3D('',#12413,#9818,#9819);
#7975=AXIS2_PLACEMENT_3D('',#12415,#9820,#9821);
#7976=AXIS2_PLACEMENT_3D('',#12417,#9823,#9824);
#7977=AXIS2_PLACEMENT_3D('',#12423,#9828,#9829);
#7978=AXIS2_PLACEMENT_3D('',#12425,#9830,#9831);
#7979=AXIS2_PLACEMENT_3D('',#12427,#9832,#9833);
#7980=AXIS2_PLACEMENT_3D('',#12429,#9835,#9836);
#7981=AXIS2_PLACEMENT_3D('',#12431,#9837,#9838);
#7982=AXIS2_PLACEMENT_3D('',#12433,#9839,#9840);
#7983=AXIS2_PLACEMENT_3D('',#12435,#9842,#9843);
#7984=AXIS2_PLACEMENT_3D('',#12437,#9844,#9845);
#7985=AXIS2_PLACEMENT_3D('',#12439,#9846,#9847);
#7986=AXIS2_PLACEMENT_3D('',#12441,#9849,#9850);
#7987=AXIS2_PLACEMENT_3D('',#12447,#9854,#9855);
#7988=AXIS2_PLACEMENT_3D('',#12449,#9856,#9857);
#7989=AXIS2_PLACEMENT_3D('',#12451,#9858,#9859);
#7990=AXIS2_PLACEMENT_3D('',#12453,#9861,#9862);
#7991=AXIS2_PLACEMENT_3D('',#12455,#9863,#9864);
#7992=AXIS2_PLACEMENT_3D('',#12457,#9865,#9866);
#7993=AXIS2_PLACEMENT_3D('',#12459,#9868,#9869);
#7994=AXIS2_PLACEMENT_3D('',#12461,#9870,#9871);
#7995=AXIS2_PLACEMENT_3D('',#12463,#9872,#9873);
#7996=AXIS2_PLACEMENT_3D('',#12465,#9875,#9876);
#7997=AXIS2_PLACEMENT_3D('',#12471,#9880,#9881);
#7998=AXIS2_PLACEMENT_3D('',#12472,#9882,#9883);
#7999=AXIS2_PLACEMENT_3D('',#12473,#9884,#9885);
#8000=AXIS2_PLACEMENT_3D('',#12474,#9886,#9887);
#8001=AXIS2_PLACEMENT_3D('',#12475,#9888,#9889);
#8002=AXIS2_PLACEMENT_3D('',#12476,#9890,#9891);
#8003=AXIS2_PLACEMENT_3D('',#12477,#9892,#9893);
#8004=AXIS2_PLACEMENT_3D('',#12479,#9894,#9895);
#8005=AXIS2_PLACEMENT_3D('',#12480,#9896,#9897);
#8006=AXIS2_PLACEMENT_3D('',#12481,#9898,#9899);
#8007=AXIS2_PLACEMENT_3D('',#12482,#9900,#9901);
#8008=AXIS2_PLACEMENT_3D('',#12483,#9902,#9903);
#8009=AXIS2_PLACEMENT_3D('',#12484,#9904,#9905);
#8010=AXIS2_PLACEMENT_3D('',#12486,#9907,#9908);
#8011=AXIS2_PLACEMENT_3D('',#12488,#9910,#9911);
#8012=AXIS2_PLACEMENT_3D('',#12489,#9912,#9913);
#8013=AXIS2_PLACEMENT_3D('',#12491,#9914,#9915);
#8014=AXIS2_PLACEMENT_3D('',#12494,#9917,#9918);
#8015=AXIS2_PLACEMENT_3D('',#12495,#9919,#9920);
#8016=AXIS2_PLACEMENT_3D('',#12500,#9922,#9923);
#8017=AXIS2_PLACEMENT_3D('',#12504,#9925,#9926);
#8018=AXIS2_PLACEMENT_3D('',#12506,#9928,#9929);
#8019=AXIS2_PLACEMENT_3D('',#12508,#9930,#9931);
#8020=AXIS2_PLACEMENT_3D('',#12509,#9932,#9933);
#8021=AXIS2_PLACEMENT_3D('',#12510,#9934,#9935);
#8022=AXIS2_PLACEMENT_3D('',#12511,#9936,#9937);
#8023=AXIS2_PLACEMENT_3D('',#12512,#9938,#9939);
#8024=AXIS2_PLACEMENT_3D('',#12513,#9940,#9941);
#8025=AXIS2_PLACEMENT_3D('',#12515,#9942,#9943);
#8026=AXIS2_PLACEMENT_3D('',#12516,#9944,#9945);
#8027=AXIS2_PLACEMENT_3D('',#12517,#9946,#9947);
#8028=AXIS2_PLACEMENT_3D('',#12518,#9948,#9949);
#8029=AXIS2_PLACEMENT_3D('',#12519,#9950,#9951);
#8030=AXIS2_PLACEMENT_3D('',#12520,#9952,#9953);
#8031=AXIS2_PLACEMENT_3D('',#12522,#9954,#9955);
#8032=AXIS2_PLACEMENT_3D('',#12523,#9956,#9957);
#8033=AXIS2_PLACEMENT_3D('',#12524,#9958,#9959);
#8034=AXIS2_PLACEMENT_3D('',#12526,#9960,#9961);
#8035=AXIS2_PLACEMENT_3D('',#12528,#9962,#9963);
#8036=AXIS2_PLACEMENT_3D('',#12530,#9964,#9965);
#8037=AXIS2_PLACEMENT_3D('',#12532,#9966,#9967);
#8038=AXIS2_PLACEMENT_3D('',#12534,#9968,#9969);
#8039=AXIS2_PLACEMENT_3D('',#12536,#9970,#9971);
#8040=AXIS2_PLACEMENT_3D('',#12538,#9972,#9973);
#8041=AXIS2_PLACEMENT_3D('',#12540,#9974,#9975);
#8042=AXIS2_PLACEMENT_3D('',#12542,#9976,#9977);
#8043=AXIS2_PLACEMENT_3D('',#12544,#9978,#9979);
#8044=AXIS2_PLACEMENT_3D('',#12546,#9980,#9981);
#8045=AXIS2_PLACEMENT_3D('',#12548,#9982,#9983);
#8046=AXIS2_PLACEMENT_3D('',#12550,#9984,#9985);
#8047=AXIS2_PLACEMENT_3D('',#12552,#9986,#9987);
#8048=AXIS2_PLACEMENT_3D('',#12554,#9988,#9989);
#8049=AXIS2_PLACEMENT_3D('',#12555,#9990,#9991);
#8050=AXIS2_PLACEMENT_3D('',#12557,#9992,#9993);
#8051=AXIS2_PLACEMENT_3D('',#12559,#9995,#9996);
#8052=AXIS2_PLACEMENT_3D('',#12562,#9998,#9999);
#8053=AXIS2_PLACEMENT_3D('',#12563,#10000,#10001);
#8054=AXIS2_PLACEMENT_3D('',#12565,#10002,#10003);
#8055=AXIS2_PLACEMENT_3D('',#12567,#10005,#10006);
#8056=AXIS2_PLACEMENT_3D('',#12570,#10008,#10009);
#8057=AXIS2_PLACEMENT_3D('',#12571,#10010,#10011);
#8058=AXIS2_PLACEMENT_3D('',#12573,#10012,#10013);
#8059=AXIS2_PLACEMENT_3D('',#12575,#10015,#10016);
#8060=AXIS2_PLACEMENT_3D('',#12578,#10018,#10019);
#8061=AXIS2_PLACEMENT_3D('',#12579,#10020,#10021);
#8062=AXIS2_PLACEMENT_3D('',#12581,#10022,#10023);
#8063=AXIS2_PLACEMENT_3D('',#12583,#10025,#10026);
#8064=AXIS2_PLACEMENT_3D('',#12587,#10028,#10029);
#8065=AXIS2_PLACEMENT_3D('',#12588,#10030,#10031);
#8066=AXIS2_PLACEMENT_3D('',#12589,#10032,#10033);
#8067=AXIS2_PLACEMENT_3D('',#12591,#10034,#10035);
#8068=AXIS2_PLACEMENT_3D('',#12593,#10037,#10038);
#8069=AXIS2_PLACEMENT_3D('',#12596,#10040,#10041);
#8070=AXIS2_PLACEMENT_3D('',#12597,#10042,#10043);
#8071=AXIS2_PLACEMENT_3D('',#12599,#10044,#10045);
#8072=AXIS2_PLACEMENT_3D('',#12601,#10047,#10048);
#8073=AXIS2_PLACEMENT_3D('',#12604,#10050,#10051);
#8074=AXIS2_PLACEMENT_3D('',#12605,#10052,#10053);
#8075=AXIS2_PLACEMENT_3D('',#12607,#10054,#10055);
#8076=AXIS2_PLACEMENT_3D('',#12609,#10057,#10058);
#8077=AXIS2_PLACEMENT_3D('',#12612,#10060,#10061);
#8078=AXIS2_PLACEMENT_3D('',#12613,#10062,#10063);
#8079=AXIS2_PLACEMENT_3D('',#12615,#10064,#10065);
#8080=AXIS2_PLACEMENT_3D('',#12617,#10067,#10068);
#8081=AXIS2_PLACEMENT_3D('',#12620,#10070,#10071);
#8082=AXIS2_PLACEMENT_3D('',#12621,#10072,#10073);
#8083=AXIS2_PLACEMENT_3D('',#12623,#10074,#10075);
#8084=AXIS2_PLACEMENT_3D('',#12625,#10077,#10078);
#8085=AXIS2_PLACEMENT_3D('',#12628,#10080,#10081);
#8086=AXIS2_PLACEMENT_3D('',#12629,#10082,#10083);
#8087=AXIS2_PLACEMENT_3D('',#12631,#10084,#10085);
#8088=AXIS2_PLACEMENT_3D('',#12633,#10087,#10088);
#8089=AXIS2_PLACEMENT_3D('',#12636,#10090,#10091);
#8090=AXIS2_PLACEMENT_3D('',#12637,#10092,#10093);
#8091=AXIS2_PLACEMENT_3D('',#12639,#10094,#10095);
#8092=AXIS2_PLACEMENT_3D('',#12641,#10097,#10098);
#8093=AXIS2_PLACEMENT_3D('',#12644,#10100,#10101);
#8094=AXIS2_PLACEMENT_3D('',#12645,#10102,#10103);
#8095=AXIS2_PLACEMENT_3D('',#12647,#10104,#10105);
#8096=AXIS2_PLACEMENT_3D('',#12649,#10107,#10108);
#8097=AXIS2_PLACEMENT_3D('',#12652,#10110,#10111);
#8098=AXIS2_PLACEMENT_3D('',#12653,#10112,#10113);
#8099=AXIS2_PLACEMENT_3D('',#12655,#10114,#10115);
#8100=AXIS2_PLACEMENT_3D('',#12657,#10117,#10118);
#8101=AXIS2_PLACEMENT_3D('',#12661,#10120,#10121);
#8102=AXIS2_PLACEMENT_3D('',#12662,#10122,#10123);
#8103=AXIS2_PLACEMENT_3D('',#12663,#10124,#10125);
#8104=AXIS2_PLACEMENT_3D('',#12665,#10126,#10127);
#8105=AXIS2_PLACEMENT_3D('',#12667,#10129,#10130);
#8106=AXIS2_PLACEMENT_3D('',#12671,#10132,#10133);
#8107=AXIS2_PLACEMENT_3D('',#12672,#10134,#10135);
#8108=AXIS2_PLACEMENT_3D('',#12673,#10136,#10137);
#8109=AXIS2_PLACEMENT_3D('',#12675,#10138,#10139);
#8110=AXIS2_PLACEMENT_3D('',#12677,#10141,#10142);
#8111=AXIS2_PLACEMENT_3D('',#12681,#10144,#10145);
#8112=AXIS2_PLACEMENT_3D('',#12682,#10146,#10147);
#8113=AXIS2_PLACEMENT_3D('',#12683,#10148,#10149);
#8114=AXIS2_PLACEMENT_3D('',#12685,#10150,#10151);
#8115=AXIS2_PLACEMENT_3D('',#12687,#10153,#10154);
#8116=AXIS2_PLACEMENT_3D('',#12705,#10157,#10158);
#8117=AXIS2_PLACEMENT_3D('',#12706,#10159,#10160);
#8118=AXIS2_PLACEMENT_3D('',#12710,#10162,#10163);
#8119=AXIS2_PLACEMENT_3D('',#12716,#10167,#10168);
#8120=AXIS2_PLACEMENT_3D('',#12718,#10170,#10171);
#8121=AXIS2_PLACEMENT_3D('',#12720,#10172,#10173);
#8122=AXIS2_PLACEMENT_3D('',#12726,#10177,#10178);
#8123=AXIS2_PLACEMENT_3D('',#12741,#10180,#10181);
#8124=AXIS2_PLACEMENT_3D('',#12743,#10182,#10183);
#8125=AXIS2_PLACEMENT_3D('',#12746,#10185,#10186);
#8126=AXIS2_PLACEMENT_3D('',#12747,#10187,#10188);
#8127=AXIS2_PLACEMENT_3D('',#12755,#10193,#10194);
#8128=AXIS2_PLACEMENT_3D('',#12757,#10195,#10196);
#8129=AXIS2_PLACEMENT_3D('',#12760,#10198,#10199);
#8130=AXIS2_PLACEMENT_3D('',#12761,#10200,#10201);
#8131=AXIS2_PLACEMENT_3D('',#12762,#10202,#10203);
#8132=AXIS2_PLACEMENT_3D('',#12764,#10204,#10205);
#8133=AXIS2_PLACEMENT_3D('',#12767,#10207,#10208);
#8134=AXIS2_PLACEMENT_3D('',#12768,#10209,#10210);
#8135=AXIS2_PLACEMENT_3D('',#12769,#10211,#10212);
#8136=AXIS2_PLACEMENT_3D('',#12771,#10213,#10214);
#8137=AXIS2_PLACEMENT_3D('',#12774,#10216,#10217);
#8138=AXIS2_PLACEMENT_3D('',#12775,#10218,#10219);
#8139=AXIS2_PLACEMENT_3D('',#12776,#10220,#10221);
#8140=AXIS2_PLACEMENT_3D('',#12778,#10222,#10223);
#8141=AXIS2_PLACEMENT_3D('',#12781,#10225,#10226);
#8142=AXIS2_PLACEMENT_3D('',#12782,#10227,#10228);
#8143=AXIS2_PLACEMENT_3D('',#12783,#10229,#10230);
#8144=AXIS2_PLACEMENT_3D('',#12785,#10231,#10232);
#8145=AXIS2_PLACEMENT_3D('',#12788,#10234,#10235);
#8146=AXIS2_PLACEMENT_3D('',#12789,#10236,#10237);
#8147=AXIS2_PLACEMENT_3D('',#12790,#10238,#10239);
#8148=AXIS2_PLACEMENT_3D('',#12792,#10240,#10241);
#8149=AXIS2_PLACEMENT_3D('',#12795,#10243,#10244);
#8150=AXIS2_PLACEMENT_3D('',#12796,#10245,#10246);
#8151=AXIS2_PLACEMENT_3D('',#12797,#10247,#10248);
#8152=AXIS2_PLACEMENT_3D('',#12799,#10249,#10250);
#8153=AXIS2_PLACEMENT_3D('',#12802,#10252,#10253);
#8154=AXIS2_PLACEMENT_3D('',#12803,#10254,#10255);
#8155=AXIS2_PLACEMENT_3D('',#12804,#10256,#10257);
#8156=AXIS2_PLACEMENT_3D('',#12806,#10258,#10259);
#8157=AXIS2_PLACEMENT_3D('',#12809,#10261,#10262);
#8158=AXIS2_PLACEMENT_3D('',#12810,#10263,#10264);
#8159=AXIS2_PLACEMENT_3D('',#12811,#10265,#10266);
#8160=AXIS2_PLACEMENT_3D('',#12813,#10267,#10268);
#8161=AXIS2_PLACEMENT_3D('',#12816,#10270,#10271);
#8162=AXIS2_PLACEMENT_3D('',#12817,#10272,#10273);
#8163=AXIS2_PLACEMENT_3D('',#12818,#10274,#10275);
#8164=AXIS2_PLACEMENT_3D('',#12820,#10276,#10277);
#8165=AXIS2_PLACEMENT_3D('',#12823,#10279,#10280);
#8166=AXIS2_PLACEMENT_3D('',#12824,#10281,#10282);
#8167=AXIS2_PLACEMENT_3D('',#12825,#10283,#10284);
#8168=AXIS2_PLACEMENT_3D('',#12827,#10285,#10286);
#8169=AXIS2_PLACEMENT_3D('',#12830,#10288,#10289);
#8170=AXIS2_PLACEMENT_3D('',#12831,#10290,#10291);
#8171=AXIS2_PLACEMENT_3D('',#12832,#10292,#10293);
#8172=AXIS2_PLACEMENT_3D('',#12834,#10294,#10295);
#8173=AXIS2_PLACEMENT_3D('',#12837,#10297,#10298);
#8174=AXIS2_PLACEMENT_3D('',#12838,#10299,#10300);
#8175=AXIS2_PLACEMENT_3D('',#12839,#10301,#10302);
#8176=AXIS2_PLACEMENT_3D('',#12841,#10303,#10304);
#8177=AXIS2_PLACEMENT_3D('',#12844,#10306,#10307);
#8178=AXIS2_PLACEMENT_3D('',#12845,#10308,#10309);
#8179=AXIS2_PLACEMENT_3D('',#12846,#10310,#10311);
#8180=AXIS2_PLACEMENT_3D('',#12848,#10312,#10313);
#8181=AXIS2_PLACEMENT_3D('',#12851,#10315,#10316);
#8182=AXIS2_PLACEMENT_3D('',#12852,#10317,#10318);
#8183=AXIS2_PLACEMENT_3D('',#12853,#10319,#10320);
#8184=AXIS2_PLACEMENT_3D('',#12855,#10321,#10322);
#8185=AXIS2_PLACEMENT_3D('',#12858,#10324,#10325);
#8186=AXIS2_PLACEMENT_3D('',#12859,#10326,#10327);
#8187=AXIS2_PLACEMENT_3D('',#12860,#10328,#10329);
#8188=AXIS2_PLACEMENT_3D('',#12862,#10330,#10331);
#8189=AXIS2_PLACEMENT_3D('',#12865,#10333,#10334);
#8190=AXIS2_PLACEMENT_3D('',#12866,#10335,#10336);
#8191=AXIS2_PLACEMENT_3D('',#12867,#10337,#10338);
#8192=AXIS2_PLACEMENT_3D('',#12868,#10339,#10340);
#8193=AXIS2_PLACEMENT_3D('',#12869,#10341,#10342);
#8194=AXIS2_PLACEMENT_3D('',#12870,#10343,#10344);
#8195=AXIS2_PLACEMENT_3D('',#12871,#10345,#10346);
#8196=AXIS2_PLACEMENT_3D('',#12872,#10347,#10348);
#8197=AXIS2_PLACEMENT_3D('',#12873,#10349,#10350);
#8198=AXIS2_PLACEMENT_3D('',#12874,#10351,#10352);
#8199=AXIS2_PLACEMENT_3D('',#12875,#10353,#10354);
#8200=AXIS2_PLACEMENT_3D('',#12876,#10355,#10356);
#8201=AXIS2_PLACEMENT_3D('',#12877,#10357,#10358);
#8202=AXIS2_PLACEMENT_3D('',#12878,#10359,#10360);
#8203=AXIS2_PLACEMENT_3D('',#12879,#10361,#10362);
#8204=AXIS2_PLACEMENT_3D('',#12881,#10364,#10365);
#8205=AXIS2_PLACEMENT_3D('',#12882,#10366,#10367);
#8206=AXIS2_PLACEMENT_3D('',#12883,#10368,#10369);
#8207=AXIS2_PLACEMENT_3D('',#12884,#10370,#10371);
#8208=AXIS2_PLACEMENT_3D('',#12885,#10372,#10373);
#8209=AXIS2_PLACEMENT_3D('',#12886,#10374,#10375);
#8210=AXIS2_PLACEMENT_3D('',#12887,#10376,#10377);
#8211=AXIS2_PLACEMENT_3D('',#12889,#10379,#10380);
#8212=AXIS2_PLACEMENT_3D('',#12890,#10381,#10382);
#8213=AXIS2_PLACEMENT_3D('',#12891,#10383,#10384);
#8214=AXIS2_PLACEMENT_3D('',#12892,#10385,#10386);
#8215=AXIS2_PLACEMENT_3D('',#12893,#10387,#10388);
#8216=AXIS2_PLACEMENT_3D('',#12894,#10389,#10390);
#8217=AXIS2_PLACEMENT_3D('',#12896,#10392,#10393);
#8218=AXIS2_PLACEMENT_3D('',#12897,#10394,#10395);
#8219=AXIS2_PLACEMENT_3D('',#12898,#10396,#10397);
#8220=AXIS2_PLACEMENT_3D('',#12899,#10398,#10399);
#8221=AXIS2_PLACEMENT_3D('',#12900,#10400,#10401);
#8222=AXIS2_PLACEMENT_3D('',#12901,#10402,#10403);
#8223=AXIS2_PLACEMENT_3D('',#12902,#10404,#10405);
#8224=AXIS2_PLACEMENT_3D('',#12908,#10409,#10410);
#8225=AXIS2_PLACEMENT_3D('',#12911,#10412,#10413);
#8226=AXIS2_PLACEMENT_3D('',#12912,#10414,#10415);
#8227=AXIS2_PLACEMENT_3D('',#12913,#10416,#10417);
#8228=AXIS2_PLACEMENT_3D('',#12917,#10420,#10421);
#8229=AXIS2_PLACEMENT_3D('',#12920,#10423,#10424);
#8230=AXIS2_PLACEMENT_3D('',#12921,#10425,#10426);
#8231=AXIS2_PLACEMENT_3D('',#12924,#10429,#10430);
#8232=AXIS2_PLACEMENT_3D('',#12925,#10431,#10432);
#8233=AXIS2_PLACEMENT_3D('',#12927,#10434,#10435);
#8234=AXIS2_PLACEMENT_3D('',#12928,#10436,#10437);
#8235=AXIS2_PLACEMENT_3D('',#12930,#10439,#10440);
#8236=AXIS2_PLACEMENT_3D('',#12935,#10442,#10443);
#8237=AXIS2_PLACEMENT_3D('',#12950,#10446,#10447);
#8238=AXIS2_PLACEMENT_3D('',#12952,#10448,#10449);
#8239=AXIS2_PLACEMENT_3D('',#12954,#10450,#10451);
#8240=AXIS2_PLACEMENT_3D('',#12955,#10452,#10453);
#8241=AXIS2_PLACEMENT_3D('',#12957,#10454,#10455);
#8242=AXIS2_PLACEMENT_3D('',#12958,#10456,#10457);
#8243=AXIS2_PLACEMENT_3D('',#13001,#10458,#10459);
#8244=AXIS2_PLACEMENT_3D('',#13003,#10461,#10462);
#8245=AXIS2_PLACEMENT_3D('',#13007,#10465,#10466);
#8246=AXIS2_PLACEMENT_3D('',#13011,#10469,#10470);
#8247=AXIS2_PLACEMENT_3D('',#13015,#10472,#10473);
#8248=AXIS2_PLACEMENT_3D('',#13018,#10475,#10476);
#8249=AXIS2_PLACEMENT_3D('',#13019,#10477,#10478);
#8250=AXIS2_PLACEMENT_3D('',#13022,#10480,#10481);
#8251=AXIS2_PLACEMENT_3D('',#13023,#10482,#10483);
#8252=AXIS2_PLACEMENT_3D('',#13025,#10484,#10485);
#8253=AXIS2_PLACEMENT_3D('',#13028,#10487,#10488);
#8254=AXIS2_PLACEMENT_3D('',#13029,#10489,#10490);
#8255=AXIS2_PLACEMENT_3D('',#13034,#10493,#10494);
#8256=AXIS2_PLACEMENT_3D('',#13035,#10495,#10496);
#8257=AXIS2_PLACEMENT_3D('',#13039,#10499,#10500);
#8258=AXIS2_PLACEMENT_3D('',#13042,#10502,#10503);
#8259=AXIS2_PLACEMENT_3D('',#13043,#10504,#10505);
#8260=AXIS2_PLACEMENT_3D('',#13047,#10508,#10509);
#8261=AXIS2_PLACEMENT_3D('',#13050,#10511,#10512);
#8262=AXIS2_PLACEMENT_3D('',#13051,#10513,#10514);
#8263=AXIS2_PLACEMENT_3D('',#13053,#10516,#10517);
#8264=AXIS2_PLACEMENT_3D('',#13056,#10519,#10520);
#8265=AXIS2_PLACEMENT_3D('',#13057,#10521,#10522);
#8266=AXIS2_PLACEMENT_3D('',#13059,#10524,#10525);
#8267=AXIS2_PLACEMENT_3D('',#13065,#10529,#10530);
#8268=AXIS2_PLACEMENT_3D('',#13068,#10532,#10533);
#8269=AXIS2_PLACEMENT_3D('',#13069,#10534,#10535);
#8270=AXIS2_PLACEMENT_3D('',#13073,#10538,#10539);
#8271=AXIS2_PLACEMENT_3D('',#13076,#10541,#10542);
#8272=AXIS2_PLACEMENT_3D('',#13077,#10543,#10544);
#8273=AXIS2_PLACEMENT_3D('',#13081,#10546,#10547);
#8274=AXIS2_PLACEMENT_3D('',#13083,#10549,#10550);
#8275=AXIS2_PLACEMENT_3D('',#13089,#10554,#10555);
#8276=AXIS2_PLACEMENT_3D('',#13092,#10557,#10558);
#8277=AXIS2_PLACEMENT_3D('',#13093,#10559,#10560);
#8278=AXIS2_PLACEMENT_3D('',#13094,#10561,#10562);
#8279=AXIS2_PLACEMENT_3D('',#13100,#10566,#10567);
#8280=AXIS2_PLACEMENT_3D('',#13103,#10569,#10570);
#8281=AXIS2_PLACEMENT_3D('',#13104,#10571,#10572);
#8282=AXIS2_PLACEMENT_3D('',#13105,#10573,#10574);
#8283=AXIS2_PLACEMENT_3D('',#13109,#10577,#10578);
#8284=AXIS2_PLACEMENT_3D('',#13112,#10580,#10581);
#8285=AXIS2_PLACEMENT_3D('',#13113,#10582,#10583);
#8286=AXIS2_PLACEMENT_3D('',#13115,#10585,#10586);
#8287=AXIS2_PLACEMENT_3D('',#13117,#10588,#10589);
#8288=AXIS2_PLACEMENT_3D('',#13119,#10591,#10592);
#8289=AXIS2_PLACEMENT_3D('',#13120,#10593,#10594);
#8290=AXIS2_PLACEMENT_3D('',#13122,#10595,#10596);
#8291=AXIS2_PLACEMENT_3D('',#13123,#10597,#10598);
#8292=AXIS2_PLACEMENT_3D('',#13127,#10600,#10601);
#8293=AXIS2_PLACEMENT_3D('',#13131,#10603,#10604);
#8294=AXIS2_PLACEMENT_3D('',#13135,#10606,#10607);
#8295=AXIS2_PLACEMENT_3D('',#13139,#10609,#10610);
#8296=AXIS2_PLACEMENT_3D('',#13142,#10612,#10613);
#8297=AXIS2_PLACEMENT_3D('',#13143,#10614,#10615);
#8298=AXIS2_PLACEMENT_3D('',#13145,#10617,#10618);
#8299=AXIS2_PLACEMENT_3D('',#13146,#10619,#10620);
#8300=AXIS2_PLACEMENT_3D('',#13152,#10624,#10625);
#8301=AXIS2_PLACEMENT_3D('',#13154,#10626,#10627);
#8302=AXIS2_PLACEMENT_3D('',#13156,#10629,#10630);
#8303=AXIS2_PLACEMENT_3D('',#13160,#10633,#10634);
#8304=AXIS2_PLACEMENT_3D('',#13162,#10635,#10636);
#8305=AXIS2_PLACEMENT_3D('',#13164,#10638,#10639);
#8306=AXIS2_PLACEMENT_3D('',#13168,#10642,#10643);
#8307=AXIS2_PLACEMENT_3D('',#13170,#10644,#10645);
#8308=AXIS2_PLACEMENT_3D('',#13172,#10647,#10648);
#8309=AXIS2_PLACEMENT_3D('',#13174,#10650,#10651);
#8310=AXIS2_PLACEMENT_3D('',#13178,#10654,#10655);
#8311=AXIS2_PLACEMENT_3D('',#13179,#10656,#10657);
#8312=AXIS2_PLACEMENT_3D('',#13180,#10658,#10659);
#8313=AXIS2_PLACEMENT_3D('',#13181,#10660,#10661);
#8314=DIRECTION('axis',(0.,0.,1.));
#8315=DIRECTION('refdir',(1.,0.,0.));
#8316=DIRECTION('axis',(0.,0.,1.));
#8317=DIRECTION('refdir',(1.,0.,0.));
#8318=DIRECTION('center_axis',(0.,0.25881904510252,0.965925826289069));
#8319=DIRECTION('ref_axis',(-1.,5.52590135510091E-17,2.06229446148503E-16));
#8320=DIRECTION('center_axis',(-3.41607093274735E-16,-0.258819045102521,
-0.965925826289068));
#8321=DIRECTION('ref_axis',(-1.,8.84144216816146E-17,3.29967113837605E-16));
#8322=DIRECTION('',(-0.707106781186541,-0.18301270189222,-0.683012701892226));
#8323=DIRECTION('center_axis',(3.41607093274735E-16,0.258819045102521,0.965925826289068));
#8324=DIRECTION('ref_axis',(-1.,0.,0.));
#8325=DIRECTION('center_axis',(-3.41607093274735E-16,-0.258819045102521,
-0.965925826289068));
#8326=DIRECTION('ref_axis',(-1.,8.84144216816146E-17,3.29967113837605E-16));
#8327=DIRECTION('center_axis',(-3.41607093274735E-16,-0.258819045102521,
-0.965925826289068));
#8328=DIRECTION('ref_axis',(-1.,8.84144216816146E-17,3.29967113837605E-16));
#8329=DIRECTION('center_axis',(3.41607093274735E-16,0.258819045102521,0.965925826289068));
#8330=DIRECTION('ref_axis',(-0.44444444444445,-0.865282553031188,0.231851761309449));
#8331=DIRECTION('center_axis',(-3.41607093274735E-16,-0.258819045102521,
-0.965925826289068));
#8332=DIRECTION('ref_axis',(0.444444444444449,0.865282553031188,-0.23185176130945));
#8333=DIRECTION('',(-2.77052971410332E-26,-0.965925826289068,0.258819045102521));
#8334=DIRECTION('center_axis',(-3.41607093274735E-16,-0.258819045102521,
-0.965925826289068));
#8335=DIRECTION('ref_axis',(1.,2.85971491310977E-15,-7.6625830155101E-16));
#8336=DIRECTION('center_axis',(3.41607093274735E-16,0.258819045102521,0.965925826289068));
#8337=DIRECTION('ref_axis',(-0.444444444444449,-0.865282553031188,0.23185176130945));
#8338=DIRECTION('center_axis',(-3.41607093274735E-16,-0.258819045102521,
-0.965925826289068));
#8339=DIRECTION('ref_axis',(0.444444444444449,0.865282553031188,-0.23185176130945));
#8340=DIRECTION('',(-2.77052971410331E-26,-0.965925826289068,0.258819045102521));
#8341=DIRECTION('center_axis',(-3.41607093274735E-16,-0.258819045102521,
-0.965925826289068));
#8342=DIRECTION('ref_axis',(1.,3.5746436413939E-15,-9.57822876940555E-16));
#8343=DIRECTION('center_axis',(3.41607093274735E-16,0.258819045102521,0.965925826289068));
#8344=DIRECTION('ref_axis',(-0.444444444444449,-0.865282553031188,0.23185176130945));
#8345=DIRECTION('center_axis',(-3.41607093274735E-16,-0.258819045102521,
-0.965925826289068));
#8346=DIRECTION('ref_axis',(0.444444444444446,0.86528255303119,-0.23185176130945));
#8347=DIRECTION('',(-2.77052971410331E-26,-0.965925826289068,0.258819045102521));
#8348=DIRECTION('center_axis',(-3.41607093274735E-16,-0.258819045102521,
-0.965925826289068));
#8349=DIRECTION('ref_axis',(1.,-4.28957236973156E-15,1.14938745234444E-15));
#8350=DIRECTION('center_axis',(3.41607093274735E-16,0.258819045102521,0.965925826289068));
#8351=DIRECTION('ref_axis',(-0.444444444444447,-0.865282553031189,0.23185176130945));
#8352=DIRECTION('center_axis',(-3.41607093274735E-16,-0.258819045102521,
-0.965925826289068));
#8353=DIRECTION('ref_axis',(0.444444444444446,0.86528255303119,-0.23185176130945));
#8354=DIRECTION('',(-2.77052971410332E-26,-0.965925826289068,0.258819045102521));
#8355=DIRECTION('center_axis',(-3.41607093274735E-16,-0.258819045102521,
-0.965925826289068));
#8356=DIRECTION('ref_axis',(1.,-2.67612620335369E-26,7.17065855032392E-27));
#8357=DIRECTION('center_axis',(3.41607093274735E-16,0.258819045102521,0.965925826289068));
#8358=DIRECTION('ref_axis',(-0.972484321390338,0.225030130524851,-0.0602966417468047));
#8359=DIRECTION('center_axis',(-3.41607093274735E-16,-0.258819045102521,
-0.965925826289068));
#8360=DIRECTION('ref_axis',(0.972484321390338,-0.22503013052485,0.0602966417468045));
#8361=DIRECTION('',(-1.,-2.16061669448609E-15,9.32593185167207E-16));
#8362=DIRECTION('center_axis',(-3.41607093274735E-16,-0.258819045102521,
-0.965925826289068));
#8363=DIRECTION('ref_axis',(1.48029736613917E-15,-0.965925826289068,0.258819045102523));
#8364=DIRECTION('center_axis',(3.41607093274735E-16,0.258819045102521,0.965925826289068));
#8365=DIRECTION('ref_axis',(-0.895806416477617,0.429300367239584,-0.115030686712232));
#8366=DIRECTION('center_axis',(-3.41607093274735E-16,-0.258819045102521,
-0.965925826289068));
#8367=DIRECTION('ref_axis',(0.895806416477617,-0.429300367239584,0.115030686712232));
#8368=DIRECTION('',(-1.,-2.34358904360883E-15,9.81620478351871E-16));
#8369=DIRECTION('center_axis',(-3.41607093274735E-16,-0.258819045102521,
-0.965925826289068));
#8370=DIRECTION('ref_axis',(2.2204460492226E-15,-0.965925826289068,0.258819045102523));
#8371=DIRECTION('center_axis',(3.41607093274735E-16,0.258819045102521,0.965925826289068));
#8372=DIRECTION('ref_axis',(-0.89580642115678,0.429300358129788,-0.11503068427127));
#8373=DIRECTION('center_axis',(-3.41607093274735E-16,-0.258819045102521,
-0.965925826289068));
#8374=DIRECTION('ref_axis',(0.895806421156779,-0.42930035812979,0.11503068427127));
#8375=DIRECTION('',(-1.,-3.28513227289299E-15,1.23390622627755E-15));
#8376=DIRECTION('center_axis',(-3.41607093274735E-16,-0.258819045102521,
-0.965925826289068));
#8377=DIRECTION('ref_axis',(-2.77052971410332E-26,-0.965925826289068,0.258819045102523));
#8378=DIRECTION('center_axis',(3.41607093274735E-16,0.258819045102521,0.965925826289068));
#8379=DIRECTION('ref_axis',(0.232852584142153,0.939374498849046,-0.251704638356995));
#8380=DIRECTION('center_axis',(-3.41607093274735E-16,-0.258819045102521,
-0.965925826289068));
#8381=DIRECTION('ref_axis',(-0.232852584142155,-0.939374498849045,0.251704638356995));
#8382=DIRECTION('',(4.58165851666541E-16,0.965925826289068,-0.258819045102521));
#8383=DIRECTION('center_axis',(-3.41607093274735E-16,-0.258819045102521,
-0.965925826289068));
#8384=DIRECTION('ref_axis',(-1.,2.67612620335369E-26,-7.17065855032394E-27));
#8385=DIRECTION('center_axis',(3.41607093274735E-16,0.258819045102521,0.965925826289068));
#8386=DIRECTION('ref_axis',(0.444444444444428,0.865282553031198,-0.231851761309452));
#8387=DIRECTION('center_axis',(-3.41607093274735E-16,-0.258819045102521,
-0.965925826289068));
#8388=DIRECTION('ref_axis',(-0.444444444444427,-0.865282553031199,0.231851761309452));
#8389=DIRECTION('',(5.5690458836688E-16,0.965925826289068,-0.258819045102521));
#8390=DIRECTION('center_axis',(-3.41607093274735E-16,-0.258819045102521,
-0.965925826289068));
#8391=DIRECTION('ref_axis',(-1.,1.42985745659503E-15,-3.83129150786262E-16));
#8392=DIRECTION('center_axis',(3.41607093274735E-16,0.258819045102521,0.965925826289068));
#8393=DIRECTION('ref_axis',(0.444444444444441,0.865282553031192,-0.231851761309451));
#8394=DIRECTION('center_axis',(-3.41607093274735E-16,-0.258819045102521,
-0.965925826289068));
#8395=DIRECTION('ref_axis',(-0.44444444444444,-0.865282553031193,0.231851761309451));
#8396=DIRECTION('',(2.77052971410331E-26,0.965925826289068,-0.258819045102521));
#8397=DIRECTION('center_axis',(-3.41607093274735E-16,-0.258819045102521,
-0.965925826289068));
#8398=DIRECTION('ref_axis',(-1.,2.67612620335369E-26,-7.17065855032392E-27));
#8399=DIRECTION('center_axis',(3.41607093274735E-16,0.258819045102521,0.965925826289068));
#8400=DIRECTION('ref_axis',(0.444444444444455,0.865282553031185,-0.231851761309449));
#8401=DIRECTION('center_axis',(-3.41607093274735E-16,-0.258819045102521,
-0.965925826289068));
#8402=DIRECTION('ref_axis',(-0.444444444444455,-0.865282553031186,0.231851761309449));
#8403=DIRECTION('',(5.56904588366871E-16,0.965925826289068,-0.258819045102521));
#8404=DIRECTION('center_axis',(-3.41607093274735E-16,-0.258819045102521,
-0.965925826289068));
#8405=DIRECTION('ref_axis',(-1.,2.85971491316329E-15,-7.66258301565351E-16));
#8406=DIRECTION('center_axis',(3.41607093274735E-16,0.258819045102521,0.965925826289068));
#8407=DIRECTION('ref_axis',(0.444444444444468,0.865282553031179,-0.231851761309447));
#8408=DIRECTION('center_axis',(-3.41607093274735E-16,-0.258819045102521,
-0.965925826289068));
#8409=DIRECTION('ref_axis',(-1.,8.84144216816146E-17,3.29967113837605E-16));
#8410=DIRECTION('center_axis',(-3.41607093274735E-16,-0.258819045102521,
-0.965925826289068));
#8411=DIRECTION('ref_axis',(-1.,8.84144216816146E-17,3.29967113837605E-16));
#8412=DIRECTION('center_axis',(3.41607093274735E-16,0.258819045102521,0.965925826289068));
#8413=DIRECTION('ref_axis',(0.444444444444468,0.865282553031179,-0.231851761309447));
#8414=DIRECTION('center_axis',(-3.41607093274735E-16,-0.258819045102521,
-0.965925826289068));
#8415=DIRECTION('ref_axis',(-0.444444444444467,-0.86528255303118,0.231851761309447));
#8416=DIRECTION('',(2.77052971410331E-26,0.965925826289068,-0.258819045102521));
#8417=DIRECTION('center_axis',(-3.41607093274735E-16,-0.258819045102521,
-0.965925826289068));
#8418=DIRECTION('ref_axis',(-1.,-2.85971491310977E-15,7.6625830155101E-16));
#8419=DIRECTION('center_axis',(3.41607093274735E-16,0.258819045102521,0.965925826289068));
#8420=DIRECTION('ref_axis',(0.972512041160853,-0.224918332737748,0.0602666856200347));
#8421=DIRECTION('center_axis',(-3.41607093274735E-16,-0.258819045102521,
-0.965925826289068));
#8422=DIRECTION('ref_axis',(-0.972512041160854,0.224918332737743,-0.0602666856200334));
#8423=DIRECTION('',(1.,1.61167729449369E-15,-7.8550531624562E-16));
#8424=DIRECTION('center_axis',(-3.41607093274735E-16,-0.258819045102521,
-0.965925826289068));
#8425=DIRECTION('ref_axis',(-2.96059473230604E-15,0.965925826289068,-0.258819045102523));
#8426=DIRECTION('',(1.55881970201355E-15,-0.965925826289068,0.258819045102521));
#8427=DIRECTION('center_axis',(3.41607093274735E-16,0.258819045102521,0.965925826289068));
#8428=DIRECTION('ref_axis',(-1.47454050208603E-15,-0.965925826289068,0.258819045102521));
#8429=DIRECTION('',(1.,1.60999109311201E-15,-7.85053499947122E-16));
#8430=DIRECTION('center_axis',(3.41607093274735E-16,0.258819045102521,0.965925826289068));
#8431=DIRECTION('ref_axis',(1.87668791174586E-15,-0.965925826289068,0.258819045102521));
#8432=DIRECTION('',(-1.50135032939668E-15,0.965925826289068,-0.258819045102521));
#8433=DIRECTION('center_axis',(-3.41607093274735E-16,-0.258819045102521,
-0.965925826289068));
#8434=DIRECTION('ref_axis',(-0.895806416477617,0.429300367239584,-0.115030686712232));
#8435=DIRECTION('',(1.,1.61167730144045E-15,-7.85505318106998E-16));
#8436=DIRECTION('center_axis',(-3.41607093274735E-16,-0.258819045102521,
-0.965925826289068));
#8437=DIRECTION('ref_axis',(-2.96059473230604E-15,0.965925826289068,-0.258819045102523));
#8438=DIRECTION('center_axis',(3.41607093274735E-16,0.258819045102521,0.965925826289068));
#8439=DIRECTION('ref_axis',(-0.232968348802887,-0.939347718268387,0.251697462522035));
#8440=DIRECTION('center_axis',(-3.41607093274735E-16,-0.258819045102521,
-0.965925826289068));
#8441=DIRECTION('ref_axis',(0.232968348802887,0.939347718268387,-0.251697462522035));
#8442=DIRECTION('',(-2.77052971410331E-26,-0.965925826289068,0.258819045102521));
#8443=DIRECTION('center_axis',(-3.41607093274735E-16,-0.258819045102521,
-0.965925826289068));
#8444=DIRECTION('ref_axis',(1.,-2.67612620335369E-26,7.17065855032392E-27));
#8445=DIRECTION('center_axis',(3.41607093274735E-16,0.258819045102521,0.965925826289068));
#8446=DIRECTION('ref_axis',(-0.44444444444445,-0.865282553031188,0.231851761309449));
#8447=DIRECTION('center_axis',(-3.41607093274735E-16,-0.258819045102521,
-0.965925826289068));
#8448=DIRECTION('ref_axis',(-1.,8.84144216816146E-17,3.29967113837605E-16));
#8449=DIRECTION('center_axis',(-3.41607093274735E-16,-0.258819045102521,
-0.965925826289068));
#8450=DIRECTION('ref_axis',(-1.,8.84144216816146E-17,3.29967113837605E-16));
#8451=DIRECTION('center_axis',(-3.41607093274735E-16,-0.258819045102521,
-0.965925826289068));
#8452=DIRECTION('ref_axis',(-1.,8.84144216816146E-17,3.29967113837605E-16));
#8453=DIRECTION('center_axis',(-3.41607093274735E-16,-0.258819045102521,
-0.965925826289068));
#8454=DIRECTION('ref_axis',(-1.71379629848008E-15,0.965925826289068,-0.258819045102521));
#8455=DIRECTION('',(1.,2.07439526673787E-15,-9.09490223231815E-16));
#8456=DIRECTION('center_axis',(-3.41607093274735E-16,-0.258819045102521,
-0.965925826289068));
#8457=DIRECTION('ref_axis',(-0.999999999999834,-5.558098297563E-7,1.48928795382138E-7));
#8458=DIRECTION('',(-1.02470346839464E-11,0.965925826289068,-0.258819045102521));
#8459=DIRECTION('center_axis',(-3.41607093274735E-16,-0.258819045102521,
-0.965925826289068));
#8460=DIRECTION('ref_axis',(-2.62539542913491E-7,-0.965925826289035,0.258819045102512));
#8461=DIRECTION('',(-1.,3.49311734098535E-11,-9.35942604815503E-12));
#8462=DIRECTION('',(-1.,3.49311734098535E-11,-9.35942604815503E-12));
#8463=DIRECTION('center_axis',(-3.41607093274735E-16,-0.258819045102521,
-0.965925826289068));
#8464=DIRECTION('ref_axis',(0.999999991614908,0.000125087143939521,-3.3516999202464E-5));
#8465=DIRECTION('',(9.8201978742815E-12,-0.965925826289068,0.258819045102521));
#8466=DIRECTION('center_axis',(-3.41607093274735E-16,-0.258819045102521,
-0.965925826289068));
#8467=DIRECTION('ref_axis',(-1.,8.84144216816146E-17,3.29967113837605E-16));
#8468=DIRECTION('center_axis',(0.,-0.258819045102521,-0.965925826289068));
#8469=DIRECTION('ref_axis',(-1.,0.,0.));
#8470=DIRECTION('center_axis',(0.,-0.258819045102521,-0.965925826289068));
#8471=DIRECTION('ref_axis',(-1.,0.,0.));
#8472=DIRECTION('',(0.,0.258819045102521,0.965925826289068));
#8473=DIRECTION('center_axis',(0.,0.258819045102519,0.965925826289069));
#8474=DIRECTION('ref_axis',(-1.,5.52590135510091E-17,2.06229446148503E-16));
#8475=DIRECTION('',(-0.707106781186552,-0.183012701892217,-0.683012701892216));
#8476=DIRECTION('center_axis',(3.41607093274735E-16,0.258819045102521,0.965925826289068));
#8477=DIRECTION('ref_axis',(-1.,0.,0.));
#8478=DIRECTION('center_axis',(0.,-0.258819045102521,-0.965925826289068));
#8479=DIRECTION('ref_axis',(-1.,0.,0.));
#8480=DIRECTION('center_axis',(0.,-0.258819045102521,-0.965925826289068));
#8481=DIRECTION('ref_axis',(-1.,0.,0.));
#8482=DIRECTION('',(0.,0.258819045102521,0.965925826289068));
#8483=DIRECTION('center_axis',(0.,0.258819045102521,0.965925826289068));
#8484=DIRECTION('ref_axis',(-1.,5.52590135510091E-17,2.06229446148503E-16));
#8485=DIRECTION('',(-0.707106781186542,-0.183012701892221,-0.683012701892224));
#8486=DIRECTION('center_axis',(3.41607093274735E-16,0.258819045102521,0.965925826289068));
#8487=DIRECTION('ref_axis',(-1.,0.,0.));
#8488=DIRECTION('center_axis',(0.,-0.258819045102521,-0.965925826289068));
#8489=DIRECTION('ref_axis',(-1.,0.,0.));
#8490=DIRECTION('center_axis',(0.,-0.258819045102521,-0.965925826289068));
#8491=DIRECTION('ref_axis',(-1.,0.,0.));
#8492=DIRECTION('',(0.,0.258819045102521,0.965925826289068));
#8493=DIRECTION('center_axis',(0.,0.25881904510252,0.965925826289069));
#8494=DIRECTION('ref_axis',(-1.,5.52590135510091E-17,2.06229446148503E-16));
#8495=DIRECTION('',(-0.707106781186553,-0.183012701892218,-0.683012701892214));
#8496=DIRECTION('center_axis',(3.41607093274735E-16,0.258819045102521,0.965925826289068));
#8497=DIRECTION('ref_axis',(-1.,0.,0.));
#8498=DIRECTION('center_axis',(0.,-0.258819045102521,-0.965925826289068));
#8499=DIRECTION('ref_axis',(-1.,0.,0.));
#8500=DIRECTION('center_axis',(0.,-0.258819045102521,-0.965925826289068));
#8501=DIRECTION('ref_axis',(-1.,0.,0.));
#8502=DIRECTION('',(0.,0.258819045102521,0.965925826289068));
#8503=DIRECTION('center_axis',(0.,0.258819045102521,0.965925826289068));
#8504=DIRECTION('ref_axis',(-1.,5.15750793142752E-17,1.9248081640527E-16));
#8505=DIRECTION('',(-0.707106781186555,-0.183012701892218,-0.683012701892212));
#8506=DIRECTION('center_axis',(3.41607093274735E-16,0.258819045102521,0.965925826289068));
#8507=DIRECTION('ref_axis',(-1.,0.,0.));
#8508=DIRECTION('center_axis',(0.,-0.258819045102524,-0.965925826289068));
#8509=DIRECTION('ref_axis',(-0.44444444444445,-0.865282553031188,0.231851761309449));
#8510=DIRECTION('',(0.,-0.258819045102524,-0.965925826289068));
#8511=DIRECTION('center_axis',(-6.16790558896449E-18,-0.258819045102521,
-0.965925826289068));
#8512=DIRECTION('ref_axis',(-0.44444444444445,-0.865282553031188,0.231851761309447));
#8513=DIRECTION('',(0.,-0.258819045102524,-0.965925826289068));
#8514=DIRECTION('center_axis',(0.,-0.258819045102521,-0.965925826289068));
#8515=DIRECTION('ref_axis',(-1.,0.,0.));
#8516=DIRECTION('center_axis',(0.,-0.258819045102521,-0.965925826289068));
#8517=DIRECTION('ref_axis',(-1.,0.,0.));
#8518=DIRECTION('',(0.,0.258819045102521,0.965925826289068));
#8519=DIRECTION('center_axis',(0.,0.258819045102521,0.965925826289068));
#8520=DIRECTION('ref_axis',(-1.,5.15750793142752E-17,1.9248081640527E-16));
#8521=DIRECTION('',(-0.707106781186542,-0.183012701892221,-0.683012701892225));
#8522=DIRECTION('center_axis',(3.41607093274735E-16,0.258819045102521,0.965925826289068));
#8523=DIRECTION('ref_axis',(-1.,0.,0.));
#8524=DIRECTION('center_axis',(0.,-0.258819045102524,-0.965925826289068));
#8525=DIRECTION('ref_axis',(0.444444444444468,0.865282553031179,-0.231851761309447));
#8526=DIRECTION('',(0.,-0.258819045102524,-0.965925826289068));
#8527=DIRECTION('center_axis',(-6.16790558896473E-18,-0.258819045102521,
-0.965925826289068));
#8528=DIRECTION('ref_axis',(0.444444444444468,0.86528255303118,-0.231851761309445));
#8529=DIRECTION('',(0.,-0.258819045102524,-0.965925826289068));
#8530=DIRECTION('center_axis',(0.,-0.258819045102521,-0.965925826289068));
#8531=DIRECTION('ref_axis',(-1.,0.,0.));
#8532=DIRECTION('center_axis',(0.,-0.258819045102521,-0.965925826289068));
#8533=DIRECTION('ref_axis',(-1.,0.,0.));
#8534=DIRECTION('',(0.,0.258819045102521,0.965925826289068));
#8535=DIRECTION('center_axis',(0.,-0.258819045102517,-0.965925826289069));
#8536=DIRECTION('ref_axis',(-1.,0.,0.));
#8537=DIRECTION('center_axis',(0.,-0.258819045102521,-0.965925826289068));
#8538=DIRECTION('ref_axis',(-1.,0.,0.));
#8539=DIRECTION('',(-0.707106781186547,0.183012701892217,0.68301270189222));
#8540=DIRECTION('center_axis',(0.,0.258819045102521,0.965925826289068));
#8541=DIRECTION('ref_axis',(-1.,0.,0.));
#8542=DIRECTION('center_axis',(0.,-0.258819045102521,-0.965925826289068));
#8543=DIRECTION('ref_axis',(-1.,0.,0.));
#8544=DIRECTION('',(0.,0.258819045102521,0.965925826289068));
#8545=DIRECTION('center_axis',(-3.41607093274735E-16,-0.258819045102521,
-0.965925826289068));
#8546=DIRECTION('ref_axis',(-1.,0.,0.));
#8547=DIRECTION('center_axis',(0.,-0.258819045102521,-0.965925826289068));
#8548=DIRECTION('ref_axis',(-1.,0.,0.));
#8549=DIRECTION('center_axis',(0.,-0.258819045102518,-0.965925826289069));
#8550=DIRECTION('ref_axis',(-1.,0.,0.));
#8551=DIRECTION('center_axis',(0.,-0.258819045102521,-0.965925826289068));
#8552=DIRECTION('ref_axis',(-1.,0.,0.));
#8553=DIRECTION('',(-0.707106781186549,0.183012701892217,0.683012701892219));
#8554=DIRECTION('center_axis',(0.,0.258819045102521,0.965925826289068));
#8555=DIRECTION('ref_axis',(-1.,0.,0.));
#8556=DIRECTION('center_axis',(0.,-0.258819045102521,-0.965925826289068));
#8557=DIRECTION('ref_axis',(-1.,0.,0.));
#8558=DIRECTION('',(0.,0.258819045102521,0.965925826289068));
#8559=DIRECTION('center_axis',(-3.41607093274735E-16,-0.258819045102521,
-0.965925826289068));
#8560=DIRECTION('ref_axis',(-1.,0.,0.));
#8561=DIRECTION('center_axis',(0.,-0.258819045102521,-0.965925826289068));
#8562=DIRECTION('ref_axis',(-1.,0.,0.));
#8563=DIRECTION('center_axis',(0.,-0.258819045102521,-0.965925826289068));
#8564=DIRECTION('ref_axis',(-1.,0.,0.));
#8565=DIRECTION('center_axis',(0.,0.258819045102521,0.965925826289068));
#8566=DIRECTION('ref_axis',(-1.,0.,0.));
#8567=DIRECTION('',(0.,0.258819045102521,0.965925826289068));
#8568=DIRECTION('center_axis',(-3.41607093274735E-16,-0.258819045102521,
-0.965925826289068));
#8569=DIRECTION('ref_axis',(-1.,0.,0.));
#8570=DIRECTION('center_axis',(0.,-0.258819045102521,-0.965925826289068));
#8571=DIRECTION('ref_axis',(-1.,0.,0.));
#8572=DIRECTION('center_axis',(-3.41607093274735E-16,-0.258819045102521,
-0.965925826289068));
#8573=DIRECTION('ref_axis',(-1.,8.84144216816146E-17,3.29967113837605E-16));
#8574=DIRECTION('center_axis',(0.,-0.258819045102521,-0.965925826289068));
#8575=DIRECTION('ref_axis',(-1.,0.,0.));
#8576=DIRECTION('center_axis',(0.,0.258819045102521,0.965925826289068));
#8577=DIRECTION('ref_axis',(-1.,0.,0.));
#8578=DIRECTION('',(0.,0.258819045102521,0.965925826289068));
#8579=DIRECTION('center_axis',(-3.41607093274735E-16,-0.258819045102521,
-0.965925826289068));
#8580=DIRECTION('ref_axis',(-1.,0.,0.));
#8581=DIRECTION('center_axis',(0.,-0.258819045102521,-0.965925826289068));
#8582=DIRECTION('ref_axis',(-1.,0.,0.));
#8583=DIRECTION('center_axis',(-3.41607093274735E-16,-0.258819045102521,
-0.965925826289068));
#8584=DIRECTION('ref_axis',(-1.,8.84144216816146E-17,3.29967113837605E-16));
#8585=DIRECTION('center_axis',(0.,-0.258819045102521,-0.965925826289068));
#8586=DIRECTION('ref_axis',(-1.,0.,0.));
#8587=DIRECTION('center_axis',(0.,0.258819045102521,0.965925826289068));
#8588=DIRECTION('ref_axis',(-1.,0.,0.));
#8589=DIRECTION('',(0.,0.258819045102521,0.965925826289068));
#8590=DIRECTION('center_axis',(-3.41607093274735E-16,-0.258819045102521,
-0.965925826289068));
#8591=DIRECTION('ref_axis',(-1.,0.,0.));
#8592=DIRECTION('center_axis',(0.,-0.258819045102521,-0.965925826289068));
#8593=DIRECTION('ref_axis',(-1.,0.,0.));
#8594=DIRECTION('center_axis',(-3.41607093274735E-16,-0.258819045102521,
-0.965925826289068));
#8595=DIRECTION('ref_axis',(-1.,8.84144216816146E-17,3.29967113837605E-16));
#8596=DIRECTION('center_axis',(-3.41607093274735E-16,-0.258819045102521,
-0.965925826289068));
#8597=DIRECTION('ref_axis',(-1.,8.84144216816146E-17,3.29967113837605E-16));
#8598=DIRECTION('center_axis',(0.,-0.258819045102521,-0.965925826289068));
#8599=DIRECTION('ref_axis',(-1.,0.,0.));
#8600=DIRECTION('center_axis',(0.,0.258819045102521,0.965925826289068));
#8601=DIRECTION('ref_axis',(-1.,0.,0.));
#8602=DIRECTION('',(0.,0.258819045102521,0.965925826289068));
#8603=DIRECTION('center_axis',(-3.41607093274735E-16,-0.258819045102521,
-0.965925826289068));
#8604=DIRECTION('ref_axis',(-1.,0.,0.));
#8605=DIRECTION('center_axis',(0.,-0.258819045102521,-0.965925826289068));
#8606=DIRECTION('ref_axis',(-1.,0.,0.));
#8607=DIRECTION('center_axis',(-3.41607093274735E-16,-0.258819045102521,
-0.965925826289068));
#8608=DIRECTION('ref_axis',(-1.,8.84144216816146E-17,3.29967113837605E-16));
#8609=DIRECTION('center_axis',(2.22044604925031E-16,-6.12323399573673E-17,
1.));
#8610=DIRECTION('ref_axis',(-0.707106781186545,-0.70710678118655,0.));
#8611=DIRECTION('',(2.22044604925031E-16,-6.12323399573673E-17,1.));
#8612=DIRECTION('',(-2.22044604925031E-16,6.12323399573673E-17,-1.));
#8613=DIRECTION('center_axis',(-1.60999109311201E-15,1.,6.12323399573677E-17));
#8614=DIRECTION('ref_axis',(1.,1.60999109311201E-15,-2.1907449320393E-32));
#8615=DIRECTION('center_axis',(-1.60999109311201E-15,1.,6.12323399573677E-17));
#8616=DIRECTION('ref_axis',(3.83129150779091E-16,-5.48688200902889E-17,
1.));
#8617=DIRECTION('center_axis',(1.60999109311201E-15,-1.,-6.12323399573677E-17));
#8618=DIRECTION('ref_axis',(1.,1.60999109311201E-15,-3.27390219104512E-32));
#8619=DIRECTION('center_axis',(-1.60999109311201E-15,1.,6.12323399573677E-17));
#8620=DIRECTION('ref_axis',(4.07074722702784E-16,-5.48688235967505E-17,
1.));
#8621=DIRECTION('',(-6.66133814775094E-16,6.12323399573666E-17,-1.));
#8622=DIRECTION('center_axis',(6.66133814775094E-16,-6.12323399573666E-17,
1.));
#8623=DIRECTION('ref_axis',(0.707106781186548,-0.707106781186547,-1.57009245868377E-15));
#8624=DIRECTION('',(6.66133814775094E-16,-6.12323399573666E-17,1.));
#8625=DIRECTION('center_axis',(1.,1.55431223447522E-15,-6.66133814775094E-16));
#8626=DIRECTION('ref_axis',(6.66133814775094E-16,-6.12323399573666E-17,
1.));
#8627=DIRECTION('',(0.,0.258819045102524,0.965925826289068));
#8628=DIRECTION('center_axis',(-0.707106781186544,-0.683012701892221,0.183012701892224));
#8629=DIRECTION('ref_axis',(0.250562807085739,0.,0.968100345886373));
#8630=DIRECTION('',(1.04031031876021E-29,-0.258819045102527,-0.965925826289067));
#8631=DIRECTION('',(0.577350269189651,-0.408248290463848,0.707106781186536));
#8632=DIRECTION('',(3.1720657846433E-16,0.258819045102527,0.965925826289067));
#8633=DIRECTION('',(-0.577350269189649,0.707106781186534,0.408248290463853));
#8634=DIRECTION('center_axis',(-0.707106781186548,0.183012701892218,0.68301270189222));
#8635=DIRECTION('ref_axis',(0.694746590606866,0.,0.719254596676404));
#8636=DIRECTION('',(1.65854308894421E-15,-0.965925826289068,0.258819045102521));
#8637=DIRECTION('',(0.577350269189645,0.707106781186535,0.408248290463858));
#8638=DIRECTION('',(-1.14771551914229E-15,0.965925826289068,-0.258819045102521));
#8639=DIRECTION('center_axis',(-0.707106781186545,0.683012701892222,-0.18301270189222));
#8640=DIRECTION('ref_axis',(-0.250562807085733,0.,0.968100345886374));
#8641=DIRECTION('',(-1.4791141972894E-31,0.258819045102521,0.965925826289068));
#8642=DIRECTION('',(0.577350269189643,0.408248290463859,-0.707106781186536));
#8643=DIRECTION('',(3.17206578464331E-16,-0.258819045102521,-0.965925826289068));
#8644=DIRECTION('center_axis',(-0.707106781186547,-0.183012701892221,-0.68301270189222));
#8645=DIRECTION('ref_axis',(-0.694746590606866,0.,0.719254596676403));
#8646=DIRECTION('',(4.77832573151762E-32,-0.965925826289068,0.258819045102521));
#8647=DIRECTION('',(-1.65854308894421E-15,0.965925826289068,-0.258819045102521));
#8648=DIRECTION('center_axis',(-1.,-1.60202960362446E-15,4.29262538541926E-16));
#8649=DIRECTION('ref_axis',(-1.65854308894421E-15,0.965925826289068,-0.258819045102521));
#8650=DIRECTION('',(0.,-0.258819045102521,-0.965925826289068));
#8651=DIRECTION('',(-1.65854308894421E-15,0.965925826289068,-0.258819045102521));
#8652=DIRECTION('',(0.,0.258819045102521,0.965925826289068));
#8653=DIRECTION('',(1.65854308894421E-15,-0.965925826289068,0.258819045102521));
#8654=DIRECTION('',(0.,-0.258819045102521,-0.965925826289068));
#8655=DIRECTION('',(-1.65854308894421E-15,0.965925826289068,-0.258819045102521));
#8656=DIRECTION('',(0.,0.258819045102521,0.965925826289068));
#8657=DIRECTION('',(1.65854308894421E-15,-0.965925826289068,0.258819045102521));
#8658=DIRECTION('',(0.,-0.258819045102521,-0.965925826289068));
#8659=DIRECTION('',(-1.65854308894421E-15,0.965925826289068,-0.258819045102521));
#8660=DIRECTION('',(0.,0.258819045102521,0.965925826289068));
#8661=DIRECTION('',(1.65854308894421E-15,-0.965925826289068,0.258819045102521));
#8662=DIRECTION('',(0.,-0.258819045102521,-0.965925826289068));
#8663=DIRECTION('',(-1.65854308894421E-15,0.965925826289068,-0.258819045102521));
#8664=DIRECTION('',(0.,0.258819045102521,0.965925826289068));
#8665=DIRECTION('',(1.65854308894421E-15,-0.965925826289068,0.258819045102521));
#8666=DIRECTION('',(0.,-0.258819045102521,-0.965925826289068));
#8667=DIRECTION('',(-1.65854308894421E-15,0.965925826289068,-0.258819045102521));
#8668=DIRECTION('',(0.,-0.258819045102521,-0.965925826289068));
#8669=DIRECTION('',(-1.65854308894421E-15,0.965925826289068,-0.258819045102521));
#8670=DIRECTION('',(1.97215226305253E-31,0.258819045102521,0.965925826289068));
#8671=DIRECTION('',(1.65854308894421E-15,-0.965925826289068,0.258819045102521));
#8672=DIRECTION('',(-4.93038065763132E-32,-0.258819045102521,-0.965925826289068));
#8673=DIRECTION('',(-1.65854308894421E-15,0.965925826289068,-0.258819045102521));
#8674=DIRECTION('',(1.28189897098414E-30,0.25881904510252,0.965925826289068));
#8675=DIRECTION('',(1.65854308894421E-15,-0.965925826289068,0.258819045102521));
#8676=DIRECTION('',(-1.28189897098414E-30,-0.25881904510252,-0.965925826289068));
#8677=DIRECTION('',(-1.65854308894421E-15,0.965925826289068,-0.258819045102521));
#8678=DIRECTION('',(-1.26217744835362E-29,0.258819045102528,0.965925826289066));
#8679=DIRECTION('',(1.65854308894421E-15,-0.965925826289068,0.258819045102521));
#8680=DIRECTION('',(-1.57772181044202E-30,-0.25881904510252,-0.965925826289068));
#8681=DIRECTION('',(-1.65854308894421E-15,0.965925826289068,-0.258819045102521));
#8682=DIRECTION('',(1.97215226305253E-31,0.258819045102521,0.965925826289068));
#8683=DIRECTION('',(1.65854308894421E-15,-0.965925826289068,0.258819045102521));
#8684=DIRECTION('',(-6.90253292068385E-31,-0.25881904510252,-0.965925826289068));
#8685=DIRECTION('',(-1.65854308894421E-15,0.965925826289068,-0.258819045102521));
#8686=DIRECTION('center_axis',(-0.707106781186546,-0.683012701892221,0.18301270189222));
#8687=DIRECTION('ref_axis',(0.250562807085733,0.,0.968100345886375));
#8688=DIRECTION('',(0.577350269189637,-0.40824829046386,0.70710678118654));
#8689=DIRECTION('',(6.34413156928661E-16,0.258819045102521,0.965925826289068));
#8690=DIRECTION('',(0.57735026918964,-0.70710678118654,-0.408248290463855));
#8691=DIRECTION('center_axis',(-0.707106781186551,0.683012701892216,-0.183012701892218));
#8692=DIRECTION('ref_axis',(-0.250562807085729,0.,0.968100345886375));
#8693=DIRECTION('',(0.577350269189636,0.40824829046386,-0.707106781186541));
#8694=DIRECTION('',(0.,-0.258819045102521,-0.965925826289068));
#8695=DIRECTION('',(-0.577350269189635,-0.707106781186543,-0.408248290463858));
#8696=DIRECTION('center_axis',(-0.707106781186549,-0.18301270189222,-0.683012701892218));
#8697=DIRECTION('ref_axis',(-0.694746590606864,0.,0.719254596676405));
#8698=DIRECTION('',(5.5259031037182E-16,-0.965925826289068,0.258819045102521));
#8699=DIRECTION('center_axis',(-0.707106781186547,0.183012701892219,0.68301270189222));
#8700=DIRECTION('ref_axis',(0.694746590606866,0.,0.719254596676403));
#8701=DIRECTION('',(-1.65777093111546E-15,0.965925826289068,-0.258819045102521));
#8702=DIRECTION('center_axis',(-0.707106781186543,-0.683012701892224,0.18301270189222));
#8703=DIRECTION('ref_axis',(0.250562807085735,0.,0.968100345886374));
#8704=DIRECTION('',(0.577350269189626,-0.408248290463863,0.707106781186547));
#8705=DIRECTION('',(6.34413156928661E-16,0.25881904510252,0.965925826289068));
#8706=DIRECTION('',(0.57735026918963,-0.707106781186543,-0.408248290463863));
#8707=DIRECTION('center_axis',(-0.707106781186549,0.683012701892218,-0.183012701892219));
#8708=DIRECTION('ref_axis',(-0.25056280708573,0.,0.968100345886375));
#8709=DIRECTION('',(0.577350269189623,0.408248290463864,-0.707106781186549));
#8710=DIRECTION('',(0.,-0.258819045102521,-0.965925826289068));
#8711=DIRECTION('',(-0.577350269189624,-0.707106781186549,-0.408248290463863));
#8712=DIRECTION('center_axis',(-0.707106781186547,-0.18301270189222,-0.683012701892219));
#8713=DIRECTION('ref_axis',(-0.694746590606866,0.,0.719254596676404));
#8714=DIRECTION('',(5.52590310371817E-16,-0.965925826289068,0.258819045102521));
#8715=DIRECTION('center_axis',(-0.707106781186547,0.183012701892218,0.68301270189222));
#8716=DIRECTION('ref_axis',(0.694746590606866,0.,0.719254596676403));
#8717=DIRECTION('',(-1.65777093111545E-15,0.965925826289068,-0.258819045102521));
#8718=DIRECTION('center_axis',(-0.707106781186543,-0.683012701892223,0.18301270189222));
#8719=DIRECTION('ref_axis',(0.250562807085734,0.,0.968100345886374));
#8720=DIRECTION('',(0.577350269189616,-0.408248290463866,0.707106781186553));
#8721=DIRECTION('',(9.51619735392991E-16,0.25881904510252,0.965925826289068));
#8722=DIRECTION('',(0.577350269189622,-0.707106781186549,-0.408248290463866));
#8723=DIRECTION('center_axis',(-0.707106781186549,0.683012701892218,-0.183012701892218));
#8724=DIRECTION('ref_axis',(-0.25056280708573,0.,0.968100345886375));
#8725=DIRECTION('',(0.577350269189612,0.408248290463868,-0.707106781186556));
#8726=DIRECTION('',(0.,-0.25881904510252,-0.965925826289068));
#8727=DIRECTION('',(-0.577350269189613,-0.707106781186556,-0.408248290463867));
#8728=DIRECTION('center_axis',(-0.707106781186549,-0.18301270189222,-0.683012701892218));
#8729=DIRECTION('ref_axis',(-0.694746590606864,0.,0.719254596676405));
#8730=DIRECTION('',(-5.52590310371813E-16,-0.965925826289068,0.258819045102521));
#8731=DIRECTION('center_axis',(-0.707106781186547,0.183012701892219,0.68301270189222));
#8732=DIRECTION('ref_axis',(0.694746590606867,0.,0.719254596676403));
#8733=DIRECTION('',(-1.10518062074363E-15,0.965925826289068,-0.258819045102521));
#8734=DIRECTION('center_axis',(-0.707106781186544,-0.683012701892224,0.18301270189222));
#8735=DIRECTION('ref_axis',(0.250562807085733,0.,0.968100345886374));
#8736=DIRECTION('',(0.577350269189611,-0.408248290463868,0.707106781186557));
#8737=DIRECTION('',(-3.17206578464331E-16,0.25881904510252,0.965925826289068));
#8738=DIRECTION('',(0.577350269189611,-0.707106781186556,-0.408248290463868));
#8739=DIRECTION('center_axis',(-0.707106781186547,0.683012701892218,-0.183012701892225));
#8740=DIRECTION('ref_axis',(-0.250562807085738,0.,0.968100345886373));
#8741=DIRECTION('',(0.577350269189602,0.408248290463867,-0.707106781186564));
#8742=DIRECTION('',(0.,-0.258819045102528,-0.965925826289066));
#8743=DIRECTION('',(-0.577350269189599,-0.707106781186565,-0.40824829046387));
#8744=DIRECTION('center_axis',(-0.707106781186546,-0.183012701892221,-0.683012701892221));
#8745=DIRECTION('ref_axis',(-0.694746590606868,0.,0.719254596676402));
#8746=DIRECTION('',(-4.53067345289323E-16,-0.965925826289068,0.258819045102521));
#8747=DIRECTION('center_axis',(-0.707106781186548,0.183012701892218,0.683012701892219));
#8748=DIRECTION('ref_axis',(0.694746590606866,0.,0.719254596676404));
#8749=DIRECTION('',(9.06134690578636E-16,0.965925826289068,-0.258819045102521));
#8750=DIRECTION('center_axis',(1.22618299217422E-15,-0.866025403784437,
-0.500000000000003));
#8751=DIRECTION('ref_axis',(-1.,0.,-2.45236598434842E-15));
#8752=DIRECTION('',(-1.,-1.71374259103467E-15,5.15923254418344E-16));
#8753=DIRECTION('',(0.577350269189632,0.408248290463861,-0.707106781186544));
#8754=DIRECTION('',(1.,1.82109505836792E-15,-5.44688261345775E-16));
#8755=DIRECTION('',(0.577350269189626,-0.408248290463862,0.707106781186548));
#8756=DIRECTION('center_axis',(0.707106781186545,-0.683012701892222,0.18301270189222));
#8757=DIRECTION('ref_axis',(0.250562807085733,0.,-0.968100345886374));
#8758=DIRECTION('',(3.35563010059227E-16,-0.258819045102521,-0.965925826289068));
#8759=DIRECTION('',(0.577350269189628,0.707106781186546,0.408248290463862));
#8760=DIRECTION('',(-3.35563010059227E-16,0.258819045102521,0.965925826289068));
#8761=DIRECTION('center_axis',(1.45584095588837E-15,-0.499999999999996,
0.866025403784441));
#8762=DIRECTION('ref_axis',(1.,0.,-1.68106033555886E-15));
#8763=DIRECTION('',(1.,1.65804559769178E-15,-7.23787263402843E-16));
#8764=DIRECTION('',(-0.577350269189628,0.707106781186547,0.408248290463862));
#8765=DIRECTION('',(-1.,-2.01903920461176E-15,8.20515208849849E-16));
#8766=DIRECTION('center_axis',(-0.707106781186548,-0.683012701892219,0.183012701892219));
#8767=DIRECTION('ref_axis',(0.25056280708573,0.,0.968100345886375));
#8768=DIRECTION('',(8.11372877755722E-16,-0.258819045102521,-0.965925826289068));
#8769=DIRECTION('',(-8.11372877755722E-16,0.258819045102521,0.965925826289068));
#8770=DIRECTION('center_axis',(1.78887899234668E-15,-0.965925826289068,
0.258819045102521));
#8771=DIRECTION('ref_axis',(-1.,-1.71124933020815E-15,5.25228230499461E-16));
#8772=DIRECTION('',(0.,-0.258819045102521,-0.965925826289068));
#8773=DIRECTION('',(-1.,-1.71124933020815E-15,5.25228230499461E-16));
#8774=DIRECTION('',(0.,0.258819045102521,0.965925826289068));
#8775=DIRECTION('',(1.,1.63950999713201E-15,-7.92963066440732E-16));
#8776=DIRECTION('',(0.,-0.258819045102521,-0.965925826289068));
#8777=DIRECTION('',(-1.,-1.71124933020815E-15,5.25228230499461E-16));
#8778=DIRECTION('',(0.,0.258819045102521,0.965925826289068));
#8779=DIRECTION('',(1.,1.63950999713201E-15,-7.92963066440732E-16));
#8780=DIRECTION('',(0.,-0.258819045102521,-0.965925826289068));
#8781=DIRECTION('',(-1.,-1.71124933020815E-15,5.25228230499461E-16));
#8782=DIRECTION('',(0.,-0.258819045102521,-0.965925826289068));
#8783=DIRECTION('',(-1.,-1.71124933020815E-15,5.25228230499461E-16));
#8784=DIRECTION('',(-1.,-1.71367053920276E-15,5.16192155515839E-16));
#8785=DIRECTION('',(-1.12857945622006E-15,0.258819045102521,0.965925826289068));
#8786=DIRECTION('',(1.,1.63257169197531E-15,-8.18857173803927E-16));
#8787=DIRECTION('',(-2.19548502253345E-16,-0.258819045102521,-0.965925826289068));
#8788=DIRECTION('',(-1.40246857637259E-16,-0.258819045102521,-0.965925826289068));
#8789=DIRECTION('',(-1.,-1.71374261856032E-15,5.15923151691238E-16));
#8790=DIRECTION('',(-1.8356431594905E-17,0.258819045102521,0.965925826289068));
#8791=DIRECTION('',(1.,1.58378296510547E-15,-1.00093918131879E-15));
#8792=DIRECTION('center_axis',(1.52543696057298E-15,-0.499999999999998,
0.86602540378444));
#8793=DIRECTION('ref_axis',(1.,0.,-1.76142287963723E-15));
#8794=DIRECTION('',(-0.577350269189628,0.707106781186547,0.408248290463861));
#8795=DIRECTION('',(-1.,-1.19268527108159E-15,7.00989962564038E-16));
#8796=DIRECTION('',(0.577350269189626,0.707106781186549,0.408248290463861));
#8797=DIRECTION('center_axis',(1.22598614290865E-15,-0.86602540378444,-0.499999999999998));
#8798=DIRECTION('ref_axis',(0.,0.499999999999998,-0.86602540378444));
#8799=DIRECTION('',(0.577350269189624,0.408248290463862,-0.707106781186549));
#8800=DIRECTION('',(1.,1.82197782795119E-15,-5.45213006070387E-16));
#8801=DIRECTION('',(0.577350269189627,-0.408248290463862,0.707106781186547));
#8802=DIRECTION('center_axis',(0.70710678118655,-0.683012701892217,0.183012701892218));
#8803=DIRECTION('ref_axis',(0.25056280708573,0.,-0.968100345886375));
#8804=DIRECTION('',(2.19548502253345E-16,0.258819045102521,0.965925826289068));
#8805=DIRECTION('center_axis',(-0.707106781186544,-0.683012701892223,0.183012701892219));
#8806=DIRECTION('ref_axis',(0.250562807085733,0.,0.968100345886374));
#8807=DIRECTION('',(1.12857945622006E-15,-0.258819045102521,-0.965925826289068));
#8808=DIRECTION('center_axis',(0.707106781186549,-0.683012701892218,0.183012701892219));
#8809=DIRECTION('ref_axis',(0.25056280708573,0.,-0.968100345886375));
#8810=DIRECTION('',(0.577350269189625,0.707106781186545,0.408248290463867));
#8811=DIRECTION('',(1.40246857637259E-16,0.258819045102522,0.965925826289068));
#8812=DIRECTION('',(0.577350269189625,0.408248290463866,-0.707106781186546));
#8813=DIRECTION('center_axis',(1.65873024121801E-15,-0.500000000000001,
0.866025403784438));
#8814=DIRECTION('ref_axis',(1.,0.,-1.91533670256038E-15));
#8815=DIRECTION('',(-0.577350269189625,0.707106781186545,0.408248290463868));
#8816=DIRECTION('',(-1.,-2.83853954175874E-15,1.33715019273067E-15));
#8817=DIRECTION('center_axis',(1.22618306737568E-15,-0.866025403784437,
-0.500000000000003));
#8818=DIRECTION('ref_axis',(-1.,0.,-2.45236613475134E-15));
#8819=DIRECTION('',(1.,1.82109508911584E-15,-5.44688159482075E-16));
#8820=DIRECTION('',(0.577350269189625,-0.408248290463866,0.707106781186546));
#8821=DIRECTION('center_axis',(-0.707106781186551,-0.683012701892216,0.183012701892218));
#8822=DIRECTION('ref_axis',(0.250562807085729,0.,0.968100345886376));
#8823=DIRECTION('',(1.8356431594905E-17,-0.258819045102521,-0.965925826289068));
#8824=DIRECTION('center_axis',(0.707106781186546,0.683012701892221,-0.183012701892222));
#8825=DIRECTION('ref_axis',(-0.250562807085736,0.,-0.968100345886374));
#8826=DIRECTION('',(6.06436820888653E-30,-0.258819045102524,-0.965925826289067));
#8827=DIRECTION('',(-0.57735026918965,0.707106781186534,0.408248290463852));
#8828=DIRECTION('',(2.46716227694479E-16,0.258819045102524,0.965925826289067));
#8829=DIRECTION('',(0.577350269189651,-0.408248290463855,0.707106781186532));
#8830=DIRECTION('center_axis',(0.707106781186547,0.18301270189222,0.683012701892219));
#8831=DIRECTION('ref_axis',(0.694746590606866,0.,-0.719254596676404));
#8832=DIRECTION('',(-1.65854308894421E-15,0.965925826289068,-0.258819045102521));
#8833=DIRECTION('',(-0.577350269189643,-0.408248290463856,0.707106781186537));
#8834=DIRECTION('',(-3.37073332747639E-16,-0.965925826289068,0.258819045102521));
#8835=DIRECTION('center_axis',(0.707106781186548,-0.683012701892219,0.183012701892219));
#8836=DIRECTION('ref_axis',(0.25056280708573,0.,-0.968100345886375));
#8837=DIRECTION('',(1.4791141972894E-30,0.25881904510252,0.965925826289068));
#8838=DIRECTION('',(-0.577350269189644,-0.707106781186537,-0.408248290463856));
#8839=DIRECTION('',(2.52581517610361E-16,-0.25881904510252,-0.965925826289068));
#8840=DIRECTION('center_axis',(0.707106781186547,-0.183012701892219,-0.68301270189222));
#8841=DIRECTION('ref_axis',(-0.694746590606866,0.,-0.719254596676403));
#8842=DIRECTION('',(-3.76075508834926E-16,0.965925826289068,-0.258819045102521));
#8843=DIRECTION('',(1.65854308894421E-15,-0.965925826289068,0.258819045102521));
#8844=DIRECTION('center_axis',(1.,1.60202960362446E-15,-4.29262538541926E-16));
#8845=DIRECTION('ref_axis',(1.65854308894421E-15,-0.965925826289068,0.258819045102521));
#8846=DIRECTION('',(-1.65854308894421E-15,0.965925826289068,-0.258819045102521));
#8847=DIRECTION('',(0.,-0.258819045102521,-0.965925826289068));
#8848=DIRECTION('',(1.65854308894421E-15,-0.965925826289068,0.258819045102521));
#8849=DIRECTION('',(0.,0.258819045102521,0.965925826289068));
#8850=DIRECTION('',(-1.65854308894421E-15,0.965925826289068,-0.258819045102521));
#8851=DIRECTION('',(0.,-0.258819045102521,-0.965925826289068));
#8852=DIRECTION('',(1.65854308894421E-15,-0.965925826289068,0.258819045102521));
#8853=DIRECTION('',(0.,0.258819045102521,0.965925826289068));
#8854=DIRECTION('',(-1.65854308894421E-15,0.965925826289068,-0.258819045102521));
#8855=DIRECTION('',(0.,-0.258819045102521,-0.965925826289068));
#8856=DIRECTION('',(1.65854308894421E-15,-0.965925826289068,0.258819045102521));
#8857=DIRECTION('',(0.,0.258819045102521,0.965925826289068));
#8858=DIRECTION('',(-1.65854308894421E-15,0.965925826289068,-0.258819045102521));
#8859=DIRECTION('',(0.,-0.258819045102521,-0.965925826289068));
#8860=DIRECTION('',(1.65854308894421E-15,-0.965925826289068,0.258819045102521));
#8861=DIRECTION('',(0.,-0.258819045102521,-0.965925826289068));
#8862=DIRECTION('',(1.65854308894421E-15,-0.965925826289068,0.258819045102521));
#8863=DIRECTION('',(0.,-0.258819045102521,-0.965925826289068));
#8864=DIRECTION('',(1.65854308894421E-15,-0.965925826289068,0.258819045102521));
#8865=DIRECTION('',(0.,0.258819045102521,0.965925826289068));
#8866=DIRECTION('',(-1.28189897098414E-30,-0.25881904510252,-0.965925826289068));
#8867=DIRECTION('',(1.65854308894421E-15,-0.965925826289068,0.25881904510252));
#8868=DIRECTION('',(2.95822839457879E-31,0.258819045102521,0.965925826289068));
#8869=DIRECTION('',(-1.65854308894421E-15,0.965925826289068,-0.258819045102521));
#8870=DIRECTION('',(-1.97215226305253E-31,-0.258819045102521,-0.965925826289068));
#8871=DIRECTION('',(1.65854308894421E-15,-0.965925826289068,0.25881904510252));
#8872=DIRECTION('',(-2.46519032881566E-31,0.258819045102521,0.965925826289068));
#8873=DIRECTION('',(-1.65854308894421E-15,0.965925826289068,-0.258819045102521));
#8874=DIRECTION('',(4.93038065763132E-32,-0.258819045102521,-0.965925826289068));
#8875=DIRECTION('',(1.65854308894421E-15,-0.965925826289068,0.258819045102521));
#8876=DIRECTION('',(-4.93038065763132E-30,0.258819045102524,0.965925826289068));
#8877=DIRECTION('',(-1.65854308894421E-15,0.965925826289068,-0.258819045102521));
#8878=DIRECTION('',(-2.95822839457879E-31,-0.258819045102521,-0.965925826289068));
#8879=DIRECTION('',(1.65854308894421E-15,-0.965925826289068,0.258819045102521));
#8880=DIRECTION('',(3.94430452610506E-31,0.258819045102521,0.965925826289068));
#8881=DIRECTION('',(-1.65854308894421E-15,0.965925826289068,-0.258819045102521));
#8882=DIRECTION('center_axis',(0.707106781186547,0.68301270189222,-0.183012701892219));
#8883=DIRECTION('ref_axis',(-0.250562807085732,0.,-0.968100345886375));
#8884=DIRECTION('',(-0.577350269189639,0.707106781186538,0.408248290463861));
#8885=DIRECTION('',(-5.2245789394125E-16,0.25881904510252,0.965925826289068));
#8886=DIRECTION('',(0.577350269189641,-0.408248290463858,0.707106781186538));
#8887=DIRECTION('center_axis',(0.707106781186548,0.183012701892221,0.683012701892218));
#8888=DIRECTION('ref_axis',(0.694746590606865,0.,-0.719254596676404));
#8889=DIRECTION('',(-0.577350269189632,-0.40824829046386,0.707106781186544));
#8890=DIRECTION('',(3.30749959867647E-16,-0.965925826289068,0.258819045102521));
#8891=DIRECTION('center_axis',(0.707106781186549,-0.683012701892218,0.183012701892219));
#8892=DIRECTION('ref_axis',(0.25056280708573,0.,-0.968100345886375));
#8893=DIRECTION('',(-0.577350269189634,-0.707106781186542,-0.40824829046386));
#8894=DIRECTION('',(3.5125481201814E-16,-0.258819045102521,-0.965925826289068));
#8895=DIRECTION('center_axis',(0.707106781186548,-0.183012701892218,-0.683012701892219));
#8896=DIRECTION('ref_axis',(-0.694746590606865,0.,-0.719254596676404));
#8897=DIRECTION('',(-3.2505312374813E-17,0.965925826289068,-0.25881904510252));
#8898=DIRECTION('center_axis',(0.707106781186546,0.683012701892221,-0.18301270189222));
#8899=DIRECTION('ref_axis',(-0.250562807085733,0.,-0.968100345886375));
#8900=DIRECTION('',(-0.577350269189629,0.707106781186545,0.408248290463864));
#8901=DIRECTION('',(3.62527989531715E-33,0.258819045102521,0.965925826289068));
#8902=DIRECTION('',(0.57735026918963,-0.40824829046386,0.707106781186546));
#8903=DIRECTION('center_axis',(0.70710678118655,0.18301270189222,0.683012701892217));
#8904=DIRECTION('ref_axis',(0.694746590606863,0.,-0.719254596676406));
#8905=DIRECTION('',(-0.57735026918962,-0.408248290463864,0.707106781186552));
#8906=DIRECTION('',(-4.607712093669E-16,-0.965925826289068,0.258819045102521));
#8907=DIRECTION('center_axis',(0.707106781186549,-0.683012701892218,0.183012701892219));
#8908=DIRECTION('ref_axis',(0.250562807085731,0.,-0.968100345886375));
#8909=DIRECTION('',(-0.577350269189623,-0.70710678118655,-0.408248290463864));
#8910=DIRECTION('',(2.45839923914717E-16,-0.258819045102521,-0.965925826289068));
#8911=DIRECTION('center_axis',(0.707106781186545,-0.183012701892219,-0.683012701892222));
#8912=DIRECTION('ref_axis',(-0.694746590606868,0.,-0.719254596676401));
#8913=DIRECTION('',(3.25053123748129E-17,0.965925826289068,-0.258819045102521));
#8914=DIRECTION('center_axis',(0.707106781186548,0.683012701892219,-0.183012701892219));
#8915=DIRECTION('ref_axis',(-0.250562807085731,0.,-0.968100345886375));
#8916=DIRECTION('',(-0.57735026918962,0.707106781186551,0.408248290463865));
#8917=DIRECTION('',(-2.61228946970625E-16,0.258819045102521,0.965925826289068));
#8918=DIRECTION('',(0.577350269189621,-0.408248290463865,0.707106781186551));
#8919=DIRECTION('center_axis',(0.707106781186547,0.183012701892221,0.68301270189222));
#8920=DIRECTION('ref_axis',(0.694746590606866,0.,-0.719254596676403));
#8921=DIRECTION('',(-0.577350269189614,-0.408248290463867,0.707106781186555));
#8922=DIRECTION('',(-6.5010624749626E-17,-0.965925826289068,0.258819045102521));
#8923=DIRECTION('center_axis',(0.707106781186547,-0.68301270189222,0.18301270189222));
#8924=DIRECTION('ref_axis',(0.250562807085732,0.,-0.968100345886375));
#8925=DIRECTION('',(-0.577350269189615,-0.707106781186553,-0.408248290463869));
#8926=DIRECTION('',(2.98547367966429E-16,-0.258819045102521,-0.965925826289068));
#8927=DIRECTION('center_axis',(0.707106781186547,-0.183012701892218,-0.68301270189222));
#8928=DIRECTION('ref_axis',(-0.694746590606866,0.,-0.719254596676403));
#8929=DIRECTION('',(-2.45399394303822E-31,0.965925826289068,-0.25881904510252));
#8930=DIRECTION('center_axis',(0.707106781186547,0.68301270189222,-0.18301270189222));
#8931=DIRECTION('ref_axis',(-0.250562807085732,0.,-0.968100345886375));
#8932=DIRECTION('',(-0.57735026918961,0.707106781186558,0.408248290463869));
#8933=DIRECTION('',(-3.26275190578543E-32,0.258819045102521,0.965925826289068));
#8934=DIRECTION('',(0.57735026918961,-0.408248290463869,0.707106781186557));
#8935=DIRECTION('center_axis',(0.707106781186547,0.183012701892221,0.68301270189222));
#8936=DIRECTION('ref_axis',(0.694746590606866,0.,-0.719254596676403));
#8937=DIRECTION('',(-0.577350269189604,-0.408248290463872,0.70710678118656));
#8938=DIRECTION('',(-3.48603943572026E-32,-0.965925826289068,0.258819045102521));
#8939=DIRECTION('center_axis',(0.707106781186549,-0.683012701892218,0.183012701892221));
#8940=DIRECTION('ref_axis',(0.250562807085734,0.,-0.968100345886374));
#8941=DIRECTION('',(-0.577350269189604,-0.707106781186562,-0.408248290463869));
#8942=DIRECTION('',(1.2651915689832E-32,-0.258819045102524,-0.965925826289068));
#8943=DIRECTION('center_axis',(0.707106781186544,-0.183012701892219,-0.683012701892223));
#8944=DIRECTION('ref_axis',(-0.694746590606869,0.,-0.7192545966764));
#8945=DIRECTION('',(7.09982167515258E-32,0.965925826289068,-0.258819045102521));
#8946=DIRECTION('center_axis',(0.,0.965925826289069,-0.25881904510252));
#8947=DIRECTION('ref_axis',(0.,0.25881904510252,0.965925826289068));
#8948=DIRECTION('center_axis',(-2.22044604925031E-15,0.965925826289069,
-0.25881904510252));
#8949=DIRECTION('ref_axis',(0.,0.25881904510252,0.965925826289068));
#8950=DIRECTION('center_axis',(-2.22044604925031E-15,0.965925826289069,
-0.25881904510252));
#8951=DIRECTION('ref_axis',(0.,0.25881904510252,0.965925826289068));
#8952=DIRECTION('center_axis',(1.,1.11022302462516E-15,0.));
#8953=DIRECTION('ref_axis',(0.,0.,-1.));
#8954=DIRECTION('center_axis',(1.,1.11022302462516E-15,0.));
#8955=DIRECTION('ref_axis',(0.,0.,-1.));
#8956=DIRECTION('center_axis',(1.,0.,0.));
#8957=DIRECTION('ref_axis',(0.,0.,-1.));
#8958=DIRECTION('center_axis',(1.,0.,0.));
#8959=DIRECTION('ref_axis',(0.,0.,-1.));
#8960=DIRECTION('center_axis',(1.,0.,0.));
#8961=DIRECTION('ref_axis',(0.,0.,-1.));
#8962=DIRECTION('center_axis',(-1.,0.,-1.38777878078144E-16));
#8963=DIRECTION('ref_axis',(-1.38777878078144E-16,0.,1.));
#8964=DIRECTION('center_axis',(-1.,0.,0.));
#8965=DIRECTION('ref_axis',(0.,0.,1.));
#8966=DIRECTION('center_axis',(-1.,5.55111512312578E-16,0.));
#8967=DIRECTION('ref_axis',(0.,0.,1.));
#8968=DIRECTION('center_axis',(-1.,0.,0.));
#8969=DIRECTION('ref_axis',(0.,0.,1.));
#8970=DIRECTION('center_axis',(-1.,0.,0.));
#8971=DIRECTION('ref_axis',(0.,0.,1.));
#8972=DIRECTION('center_axis',(-4.18208153946202E-16,-0.258819045102521,
-0.965925826289068));
#8973=DIRECTION('ref_axis',(-1.,9.68117825232084E-16,2.75537893337966E-16));
#8974=DIRECTION('center_axis',(3.41607093274735E-16,0.258819045102521,0.965925826289068));
#8975=DIRECTION('ref_axis',(-1.,9.03067867306278E-16,-2.41976305755213E-16));
#8976=DIRECTION('center_axis',(0.99827437322305,-0.015198377436534,-0.0567211167857596));
#8977=DIRECTION('ref_axis',(-0.058722021134555,-0.258372420027909,-0.964258998818676));
#8978=DIRECTION('center_axis',(0.99827437322305,-0.015198377436534,-0.0567211167857596));
#8979=DIRECTION('ref_axis',(-0.058722021134555,-0.258372420027907,-0.964258998818676));
#8980=DIRECTION('center_axis',(0.99827437322305,-0.015198377436534,-0.0567211167857596));
#8981=DIRECTION('ref_axis',(-0.058722021134555,-0.258372420027907,-0.964258998818676));
#8982=DIRECTION('center_axis',(0.99827437322305,-0.015198377436534,-0.0567211167857596));
#8983=DIRECTION('ref_axis',(-0.058722021134555,-0.258372420027909,-0.964258998818676));
#8984=DIRECTION('center_axis',(0.99827437322305,-0.015198377436534,-0.0567211167857596));
#8985=DIRECTION('ref_axis',(-0.058722021134555,-0.258372420027907,-0.964258998818676));
#8986=DIRECTION('center_axis',(0.99827437322305,-0.015198377436534,-0.0567211167857596));
#8987=DIRECTION('ref_axis',(-0.058722021134555,-0.258372420027907,-0.964258998818676));
#8988=DIRECTION('center_axis',(0.99827437322305,-0.015198377436534,-0.0567211167857596));
#8989=DIRECTION('ref_axis',(-0.058722021134555,-0.258372420027909,-0.964258998818676));
#8990=DIRECTION('center_axis',(0.99827437322305,-0.015198377436534,-0.0567211167857596));
#8991=DIRECTION('ref_axis',(-0.058722021134555,-0.258372420027907,-0.964258998818676));
#8992=DIRECTION('center_axis',(0.99827437322305,-0.015198377436534,-0.0567211167857596));
#8993=DIRECTION('ref_axis',(-0.058722021134555,-0.258372420027907,-0.964258998818676));
#8994=DIRECTION('center_axis',(0.99827437322305,-0.015198377436534,-0.0567211167857596));
#8995=DIRECTION('ref_axis',(-0.058722021134555,-0.258372420027909,-0.964258998818676));
#8996=DIRECTION('center_axis',(0.99827437322305,-0.015198377436534,-0.0567211167857596));
#8997=DIRECTION('ref_axis',(-0.058722021134555,-0.258372420027907,-0.964258998818676));
#8998=DIRECTION('center_axis',(0.99827437322305,-0.015198377436534,-0.0567211167857596));
#8999=DIRECTION('ref_axis',(-0.058722021134555,-0.258372420027907,-0.964258998818676));
#9000=DIRECTION('center_axis',(-1.83454556807709E-15,0.949060621382141,
-0.315093536813666));
#9001=DIRECTION('ref_axis',(1.0547118733939E-15,-0.315093536813666,-0.94906062138214));
#9002=DIRECTION('center_axis',(-1.83454556807709E-15,0.949060621382141,
-0.315093536813666));
#9003=DIRECTION('ref_axis',(5.00032060501055E-43,-0.315093536813666,-0.949060621382141));
#9004=DIRECTION('center_axis',(-1.83454556807709E-15,0.949060621382141,
-0.315093536813666));
#9005=DIRECTION('ref_axis',(5.00032060501055E-43,-0.315093536813666,-0.949060621382141));
#9006=DIRECTION('center_axis',(-1.83454556807709E-15,0.949060621382141,
-0.315093536813666));
#9007=DIRECTION('ref_axis',(1.0547118733939E-15,-0.315093536813666,-0.94906062138214));
#9008=DIRECTION('center_axis',(-1.83454556807709E-15,0.949060621382141,
-0.315093536813666));
#9009=DIRECTION('ref_axis',(5.00032060501055E-43,-0.315093536813666,-0.949060621382141));
#9010=DIRECTION('center_axis',(-1.83454556807709E-15,0.949060621382141,
-0.315093536813666));
#9011=DIRECTION('ref_axis',(5.00032060501055E-43,-0.315093536813666,-0.949060621382141));
#9012=DIRECTION('center_axis',(9.3492465231592E-16,-0.258819045102521,-0.965925826289068));
#9013=DIRECTION('ref_axis',(1.,1.86970387606156E-15,4.66919579344815E-16));
#9014=DIRECTION('center_axis',(3.41607093274735E-16,0.258819045102521,0.965925826289068));
#9015=DIRECTION('ref_axis',(1.,1.80613573461255E-15,-4.83952611510425E-16));
#9016=DIRECTION('center_axis',(1.03397865672022E-25,-0.258819045102521,
-0.965925826289068));
#9017=DIRECTION('ref_axis',(1.,2.8506208908745E-15,-7.63821565530065E-16));
#9018=DIRECTION('center_axis',(3.41607093274735E-16,0.258819045102521,0.965925826289068));
#9019=DIRECTION('ref_axis',(9.34924652315919E-16,0.965925826289068,-0.258819045102521));
#9020=DIRECTION('center_axis',(-0.99827437322305,-0.0151983774365372,-0.0567211167857587));
#9021=DIRECTION('ref_axis',(0.0587220211345549,-0.258372420027907,-0.964258998818676));
#9022=DIRECTION('center_axis',(-0.99827437322305,-0.0151983774365372,-0.0567211167857587));
#9023=DIRECTION('ref_axis',(-0.0587220211345549,0.258372420027907,0.964258998818676));
#9024=DIRECTION('center_axis',(-0.99827437322305,-0.0151983774365372,-0.0567211167857587));
#9025=DIRECTION('ref_axis',(-0.0587220211345549,0.258372420027907,0.964258998818676));
#9026=DIRECTION('center_axis',(-0.99827437322305,-0.0151983774365372,-0.0567211167857587));
#9027=DIRECTION('ref_axis',(0.0587220211345549,-0.258372420027907,-0.964258998818676));
#9028=DIRECTION('center_axis',(-0.99827437322305,-0.0151983774365372,-0.0567211167857587));
#9029=DIRECTION('ref_axis',(-0.0587220211345549,0.258372420027907,0.964258998818676));
#9030=DIRECTION('center_axis',(-0.99827437322305,-0.0151983774365372,-0.0567211167857587));
#9031=DIRECTION('ref_axis',(-0.0587220211345549,0.258372420027907,0.964258998818676));
#9032=DIRECTION('center_axis',(-0.99827437322305,-0.0151983774365372,-0.0567211167857587));
#9033=DIRECTION('ref_axis',(0.0587220211345549,-0.258372420027907,-0.964258998818676));
#9034=DIRECTION('center_axis',(-0.99827437322305,-0.0151983774365372,-0.0567211167857587));
#9035=DIRECTION('ref_axis',(-0.0587220211345549,0.258372420027907,0.964258998818676));
#9036=DIRECTION('center_axis',(-0.99827437322305,-0.0151983774365372,-0.0567211167857587));
#9037=DIRECTION('ref_axis',(-0.0587220211345549,0.258372420027907,0.964258998818676));
#9038=DIRECTION('center_axis',(-0.99827437322305,-0.0151983774365372,-0.0567211167857587));
#9039=DIRECTION('ref_axis',(0.0587220211345549,-0.258372420027907,-0.964258998818676));
#9040=DIRECTION('center_axis',(-0.99827437322305,-0.0151983774365372,-0.0567211167857587));
#9041=DIRECTION('ref_axis',(-0.0587220211345549,0.258372420027907,0.964258998818676));
#9042=DIRECTION('center_axis',(-0.99827437322305,-0.0151983774365372,-0.0567211167857587));
#9043=DIRECTION('ref_axis',(-0.0587220211345549,0.258372420027907,0.964258998818676));
#9044=DIRECTION('center_axis',(-5.55111512312578E-17,-0.258819045102521,
-0.965925826289068));
#9045=DIRECTION('ref_axis',(9.51496460282694E-16,-0.965925826289068,0.258819045102521));
#9046=DIRECTION('center_axis',(3.41607093274735E-16,0.258819045102521,0.965925826289068));
#9047=DIRECTION('ref_axis',(9.34924652315919E-16,-0.965925826289068,0.258819045102521));
#9048=DIRECTION('center_axis',(0.,0.258819045102521,0.965925826289068));
#9049=DIRECTION('ref_axis',(-1.,-5.73971850987445E-42,1.14794370197489E-41));
#9050=DIRECTION('',(0.,0.258819045102521,0.965925826289068));
#9051=DIRECTION('center_axis',(1.03397576569128E-25,-0.258819045102521,
-0.965925826289068));
#9052=DIRECTION('ref_axis',(-1.,-2.67612620335366E-26,-9.98743895838226E-26));
#9053=DIRECTION('center_axis',(0.,0.258819045102521,0.965925826289068));
#9054=DIRECTION('ref_axis',(-1.,5.73971850987445E-42,1.14794370197489E-41));
#9055=DIRECTION('center_axis',(1.03397576569128E-25,-0.258819045102521,
-0.965925826289068));
#9056=DIRECTION('ref_axis',(-1.,-2.67612620335366E-26,-9.98743895838226E-26));
#9057=DIRECTION('center_axis',(0.,0.258819045102521,0.965925826289068));
#9058=DIRECTION('ref_axis',(-1.,5.73971850987445E-42,1.14794370197489E-41));
#9059=DIRECTION('center_axis',(1.03397576569128E-25,-0.258819045102521,
-0.965925826289068));
#9060=DIRECTION('ref_axis',(-1.,-2.67612620335366E-26,-9.98743895838226E-26));
#9061=DIRECTION('center_axis',(0.,0.258819045102521,0.965925826289068));
#9062=DIRECTION('ref_axis',(-1.,5.73971850987445E-42,1.14794370197489E-41));
#9063=DIRECTION('center_axis',(1.03397576569128E-25,-0.258819045102521,
-0.965925826289068));
#9064=DIRECTION('ref_axis',(-1.,-2.67612620335366E-26,-9.98743895838226E-26));
#9065=DIRECTION('center_axis',(0.,0.258819045102521,0.965925826289068));
#9066=DIRECTION('ref_axis',(-1.,-5.73971850987445E-42,1.14794370197489E-41));
#9067=DIRECTION('center_axis',(1.03397576569128E-25,-0.258819045102521,
-0.965925826289068));
#9068=DIRECTION('ref_axis',(-1.,-2.67612620335366E-26,-9.98743895838226E-26));
#9069=DIRECTION('center_axis',(0.,0.258819045102521,0.965925826289068));
#9070=DIRECTION('ref_axis',(-1.,-5.73971850987445E-42,1.14794370197489E-41));
#9071=DIRECTION('center_axis',(1.03397576569128E-25,-0.258819045102521,
-0.965925826289068));
#9072=DIRECTION('ref_axis',(-1.,-2.67612620335366E-26,-9.98743895838226E-26));
#9073=DIRECTION('',(0.,-0.258819045102521,-0.965925826289068));
#9074=DIRECTION('center_axis',(0.,0.258819045102521,0.965925826289068));
#9075=DIRECTION('ref_axis',(-1.,-5.73971850987445E-42,1.14794370197489E-41));
#9076=DIRECTION('center_axis',(1.03397576569128E-25,-0.258819045102521,
-0.965925826289068));
#9077=DIRECTION('ref_axis',(-1.,-2.67612620335366E-26,-9.98743895838226E-26));
#9078=DIRECTION('center_axis',(0.,0.258819045102521,0.965925826289068));
#9079=DIRECTION('ref_axis',(-1.,-5.73971850987445E-42,1.14794370197489E-41));
#9080=DIRECTION('center_axis',(1.03397576569128E-25,-0.258819045102521,
-0.965925826289068));
#9081=DIRECTION('ref_axis',(-1.,-2.67612620335366E-26,-9.98743895838226E-26));
#9082=DIRECTION('center_axis',(0.,0.258819045102521,0.965925826289068));
#9083=DIRECTION('ref_axis',(-1.,-5.73971850987445E-42,1.14794370197489E-41));
#9084=DIRECTION('',(0.,0.258819045102521,0.965925826289068));
#9085=DIRECTION('center_axis',(1.03397576569128E-25,-0.258819045102521,
-0.965925826289068));
#9086=DIRECTION('ref_axis',(-1.,-2.67612620335366E-26,-9.98743895838226E-26));
#9087=DIRECTION('center_axis',(0.,0.258819045102521,0.965925826289068));
#9088=DIRECTION('ref_axis',(-1.,-5.73971850987445E-42,1.14794370197489E-41));
#9089=DIRECTION('center_axis',(1.03397576569128E-25,-0.258819045102521,
-0.965925826289068));
#9090=DIRECTION('ref_axis',(-1.,-2.67612620335366E-26,-9.98743895838226E-26));
#9091=DIRECTION('center_axis',(0.,0.258819045102521,0.965925826289068));
#9092=DIRECTION('ref_axis',(0.98371333221518,0.173619840555095,-0.0465212960667579));
#9093=DIRECTION('',(0.,0.258819045102521,0.965925826289068));
#9094=DIRECTION('center_axis',(1.03397576569128E-25,-0.258819045102521,
-0.965925826289068));
#9095=DIRECTION('ref_axis',(-1.,-2.67612620335366E-26,-9.98743895838226E-26));
#9096=DIRECTION('center_axis',(0.,0.258819045102521,0.965925826289068));
#9097=DIRECTION('ref_axis',(-1.,-5.73971850987445E-42,1.14794370197489E-41));
#9098=DIRECTION('center_axis',(1.03397576569128E-25,-0.258819045102521,
-0.965925826289068));
#9099=DIRECTION('ref_axis',(-1.,-2.67612620335366E-26,-9.98743895838226E-26));
#9100=DIRECTION('',(0.,-0.258819045102521,-0.965925826289068));
#9101=DIRECTION('center_axis',(0.,0.258819045102521,0.965925826289068));
#9102=DIRECTION('ref_axis',(-1.,5.73971850987445E-42,1.14794370197489E-41));
#9103=DIRECTION('center_axis',(1.03397576569128E-25,-0.258819045102521,
-0.965925826289068));
#9104=DIRECTION('ref_axis',(-1.,-2.67612620335366E-26,-9.98743895838226E-26));
#9105=DIRECTION('center_axis',(0.,0.258819045102521,0.965925826289068));
#9106=DIRECTION('ref_axis',(-1.,5.73971850987445E-42,1.14794370197489E-41));
#9107=DIRECTION('center_axis',(1.03397576569128E-25,-0.258819045102521,
-0.965925826289068));
#9108=DIRECTION('ref_axis',(-1.,-2.67612620335366E-26,-9.98743895838226E-26));
#9109=DIRECTION('center_axis',(0.,-0.258819045102521,-0.965925826289068));
#9110=DIRECTION('ref_axis',(9.34924652315919E-16,0.965925826289068,-0.258819045102521));
#9111=DIRECTION('center_axis',(1.03397587699818E-25,-0.258819045102521,
-0.965925826289068));
#9112=DIRECTION('ref_axis',(9.34924652315919E-16,0.965925826289068,-0.258819045102521));
#9113=DIRECTION('',(0.,-0.258819045102521,-0.965925826289068));
#9114=DIRECTION('center_axis',(1.03397587699818E-25,-0.258819045102521,
-0.965925826289068));
#9115=DIRECTION('ref_axis',(9.34924652315919E-16,0.965925826289068,-0.258819045102521));
#9116=DIRECTION('center_axis',(1.03397587699818E-25,-0.258819045102521,
-0.965925826289068));
#9117=DIRECTION('ref_axis',(9.34924652315919E-16,0.965925826289068,-0.258819045102521));
#9118=DIRECTION('center_axis',(0.,0.258819045102521,0.965925826289068));
#9119=DIRECTION('ref_axis',(-1.,5.73971850987445E-42,1.14794370197489E-41));
#9120=DIRECTION('center_axis',(1.03397576569128E-25,-0.258819045102521,
-0.965925826289068));
#9121=DIRECTION('ref_axis',(-1.,-2.67612620335366E-26,-9.98743895838226E-26));
#9122=DIRECTION('center_axis',(0.,0.258819045102521,0.965925826289068));
#9123=DIRECTION('ref_axis',(-1.,5.73971850987445E-42,1.14794370197489E-41));
#9124=DIRECTION('center_axis',(1.03397576569128E-25,-0.258819045102521,
-0.965925826289068));
#9125=DIRECTION('ref_axis',(-1.,-2.67612620335366E-26,-9.98743895838226E-26));
#9126=DIRECTION('center_axis',(0.,0.258819045102521,0.965925826289068));
#9127=DIRECTION('ref_axis',(-1.,5.73971850987445E-42,1.14794370197489E-41));
#9128=DIRECTION('center_axis',(1.03397576569128E-25,-0.258819045102521,
-0.965925826289068));
#9129=DIRECTION('ref_axis',(-1.,-2.67612620335366E-26,-9.98743895838226E-26));
#9130=DIRECTION('center_axis',(0.,0.258819045102521,0.965925826289068));
#9131=DIRECTION('ref_axis',(-1.,5.73971850987445E-42,1.14794370197489E-41));
#9132=DIRECTION('center_axis',(1.03397576569128E-25,-0.258819045102521,
-0.965925826289068));
#9133=DIRECTION('ref_axis',(-1.,-2.67612620335366E-26,-9.98743895838226E-26));
#9134=DIRECTION('center_axis',(-2.14665479081601E-15,1.,6.12323399573677E-17));
#9135=DIRECTION('ref_axis',(1.,2.14665479081601E-15,0.));
#9136=DIRECTION('center_axis',(-2.14665479081601E-15,1.,6.12323399573677E-17));
#9137=DIRECTION('ref_axis',(1.,2.14665479081601E-15,0.));
#9138=DIRECTION('',(1.,2.14665479081601E-15,0.));
#9139=DIRECTION('center_axis',(2.14665479081601E-15,-1.,-6.12323399573677E-17));
#9140=DIRECTION('ref_axis',(1.,2.14665479081601E-15,0.));
#9141=DIRECTION('',(-1.,-2.14665479081601E-15,0.));
#9142=DIRECTION('center_axis',(2.14665479081601E-15,-1.,-6.12323399573677E-17));
#9143=DIRECTION('ref_axis',(1.,2.14826605920658E-15,0.));
#9144=DIRECTION('center_axis',(-2.14826605920658E-15,1.,0.));
#9145=DIRECTION('ref_axis',(-1.,-2.14826605920658E-15,-1.22464679914735E-16));
#9146=DIRECTION('',(-2.14826605920658E-15,1.,0.));
#9147=DIRECTION('center_axis',(1.60999109311201E-15,-1.,-6.12323399573677E-17));
#9148=DIRECTION('ref_axis',(1.,2.14826605920658E-15,0.));
#9149=DIRECTION('',(-2.14826605920658E-15,1.,0.));
#9150=DIRECTION('center_axis',(0.,0.,-1.));
#9151=DIRECTION('ref_axis',(-1.,-2.14665479081601E-15,0.));
#9152=DIRECTION('',(-2.14826605920658E-15,1.,0.));
#9153=DIRECTION('',(1.,1.60999109311201E-15,0.));
#9154=DIRECTION('center_axis',(-2.14826605920658E-15,1.,0.));
#9155=DIRECTION('ref_axis',(1.,2.14826605920658E-15,0.));
#9156=DIRECTION('',(-2.14826605920658E-15,1.,0.));
#9157=DIRECTION('center_axis',(1.60999109311201E-15,-1.,-6.12323399573677E-17));
#9158=DIRECTION('ref_axis',(1.,2.14826605920658E-15,0.));
#9159=DIRECTION('center_axis',(0.,-0.258819045102524,-0.965925826289068));
#9160=DIRECTION('ref_axis',(-0.895806412837993,0.429300374325517,-0.115030688610902));
#9161=DIRECTION('',(0.,-0.258819045102524,-0.965925826289068));
#9162=DIRECTION('center_axis',(2.90113524332342E-15,-0.965925826289068,
0.258819045102524));
#9163=DIRECTION('ref_axis',(-1.,-2.92859953223911E-15,2.7944357899525E-16));
#9164=DIRECTION('center_axis',(-2.90113524332342E-15,0.965925826289068,
-0.258819045102524));
#9165=DIRECTION('ref_axis',(5.4496818860819E-16,-0.258819045102523,-0.965925826289067));
#9166=DIRECTION('center_axis',(-2.90113524332342E-15,0.965925826289068,
-0.258819045102524));
#9167=DIRECTION('ref_axis',(-9.16258506360991E-15,-0.258819045102523,-0.965925826289068));
#9168=DIRECTION('',(1.,1.60999109311201E-15,-5.20055726910664E-15));
#9169=DIRECTION('',(0.,-0.258819045102524,-0.965925826289068));
#9170=DIRECTION('',(-1.,-2.92859953223911E-15,2.7944357899525E-16));
#9171=DIRECTION('',(0.,-0.258819045102524,-0.965925826289068));
#9172=DIRECTION('',(1.,1.60999109311201E-15,-5.20055726910664E-15));
#9173=DIRECTION('center_axis',(-2.90113524332342E-15,0.965925826289068,
-0.258819045102524));
#9174=DIRECTION('ref_axis',(-9.16258506360991E-15,-0.258819045102523,-0.965925826289068));
#9175=DIRECTION('',(0.,-0.258819045102524,-0.965925826289068));
#9176=DIRECTION('center_axis',(0.,-0.258819045102524,-0.965925826289068));
#9177=DIRECTION('ref_axis',(-2.59052039076432E-15,0.965925826289068,-0.258819045102523));
#9178=DIRECTION('center_axis',(1.60999109311201E-15,-1.,-6.12323399573677E-17));
#9179=DIRECTION('ref_axis',(-6.70476013856238E-16,4.78911438473863E-17,
-1.));
#9180=DIRECTION('center_axis',(-1.03397504667744E-25,0.258819045102521,
0.965925826289068));
#9181=DIRECTION('ref_axis',(-2.59052039076432E-15,0.965925826289068,-0.258819045102521));
#9182=DIRECTION('',(0.,-0.258819045102524,-0.965925826289068));
#9183=DIRECTION('center_axis',(0.,-0.258819045102524,-0.965925826289068));
#9184=DIRECTION('ref_axis',(-0.895806416477617,0.429300367239584,-0.115030686712232));
#9185=DIRECTION('',(0.,-0.258819045102524,-0.965925826289068));
#9186=DIRECTION('center_axis',(-1.03397580912089E-25,0.258819045102521,
0.965925826289068));
#9187=DIRECTION('ref_axis',(-0.895806416477617,0.429300367239585,-0.115030686712231));
#9188=DIRECTION('',(0.,0.258819045102521,0.965925826289068));
#9189=DIRECTION('center_axis',(0.,-0.258819045102524,-0.965925826289068));
#9190=DIRECTION('ref_axis',(0.895806416477618,-0.429300367239584,0.115030686712232));
#9191=DIRECTION('center_axis',(-1.03397576569128E-25,0.258819045102521,
0.965925826289068));
#9192=DIRECTION('ref_axis',(0.895806416477618,-0.429300367239584,0.115030686712232));
#9193=DIRECTION('',(0.,-0.258819045102524,-0.965925826289068));
#9194=DIRECTION('center_axis',(1.03397576569128E-25,-0.258819045102521,
-0.965925826289068));
#9195=DIRECTION('ref_axis',(0.895806416477618,-0.429300367239584,0.115030686712231));
#9196=DIRECTION('',(0.,-0.258819045102524,-0.965925826289068));
#9197=DIRECTION('center_axis',(1.25889762913114E-15,-0.965925826289068,
0.258819045102524));
#9198=DIRECTION('ref_axis',(-1.,-1.21803814942273E-15,3.18226671324557E-16));
#9199=DIRECTION('',(1.,1.2160017326586E-15,-3.25826682153673E-16));
#9200=DIRECTION('',(0.,-0.258819045102524,-0.965925826289068));
#9201=DIRECTION('',(-1.,-1.21803814942273E-15,3.18226671324557E-16));
#9202=DIRECTION('center_axis',(0.,-0.258819045102524,-0.965925826289068));
#9203=DIRECTION('ref_axis',(2.22044604922261E-15,-0.965925826289068,0.258819045102524));
#9204=DIRECTION('center_axis',(-1.03397576569128E-25,0.258819045102521,
0.965925826289068));
#9205=DIRECTION('ref_axis',(2.22044604922261E-15,-0.965925826289068,0.258819045102524));
#9206=DIRECTION('',(0.,-0.258819045102524,-0.965925826289068));
#9207=DIRECTION('center_axis',(1.03397477961515E-25,-0.258819045102521,
-0.965925826289068));
#9208=DIRECTION('ref_axis',(2.22044604922261E-15,-0.965925826289068,0.258819045102521));
#9209=DIRECTION('center_axis',(0.,-0.258819045102524,-0.965925826289068));
#9210=DIRECTION('ref_axis',(-0.895806421156779,0.42930035812979,-0.11503068427127));
#9211=DIRECTION('center_axis',(1.03397576569128E-25,-0.258819045102521,
-0.965925826289068));
#9212=DIRECTION('ref_axis',(-0.895806421156779,0.42930035812979,-0.11503068427127));
#9213=DIRECTION('',(0.,-0.258819045102524,-0.965925826289068));
#9214=DIRECTION('center_axis',(7.95635931396857E-16,0.25881904510252,0.965925826289068));
#9215=DIRECTION('ref_axis',(-0.895806421156779,0.429300358129791,-0.115030684271268));
#9216=DIRECTION('center_axis',(0.,-0.258819045102524,-0.965925826289068));
#9217=DIRECTION('ref_axis',(0.89580642115678,-0.429300358129788,0.11503068427127));
#9218=DIRECTION('center_axis',(-1.03397576569128E-25,0.258819045102521,
0.965925826289068));
#9219=DIRECTION('ref_axis',(0.89580642115678,-0.429300358129788,0.11503068427127));
#9220=DIRECTION('',(0.,-0.258819045102524,-0.965925826289068));
#9221=DIRECTION('center_axis',(-1.59127186196653E-16,-0.258819045102521,
-0.965925826289068));
#9222=DIRECTION('ref_axis',(0.89580642115678,-0.429300358129789,0.115030684271268));
#9223=DIRECTION('center_axis',(-2.77044868425708E-26,-0.965925826289068,
0.258819045102524));
#9224=DIRECTION('ref_axis',(-1.,7.52184129317158E-17,2.80718938618814E-16));
#9225=DIRECTION('',(1.,7.82688212032576E-31,1.07044838413472E-25));
#9226=DIRECTION('',(0.,-0.258819045102524,-0.965925826289068));
#9227=DIRECTION('',(-1.,7.52184129317158E-17,2.80718938618814E-16));
#9228=DIRECTION('center_axis',(0.,-0.258819045102524,-0.965925826289068));
#9229=DIRECTION('ref_axis',(-2.77052971410332E-26,-0.965925826289068,0.258819045102524));
#9230=DIRECTION('center_axis',(-1.03397576569128E-25,0.258819045102521,
0.965925826289068));
#9231=DIRECTION('ref_axis',(-2.77052971410332E-26,-0.965925826289068,0.258819045102524));
#9232=DIRECTION('',(0.,-0.258819045102524,-0.965925826289068));
#9233=DIRECTION('center_axis',(1.03397576569128E-25,-0.258819045102521,
-0.965925826289068));
#9234=DIRECTION('ref_axis',(-2.77052971410331E-26,-0.965925826289068,0.258819045102521));
#9235=DIRECTION('center_axis',(0.,-0.258819045102524,-0.965925826289068));
#9236=DIRECTION('ref_axis',(0.232852584142155,0.939374498849045,-0.251704638356995));
#9237=DIRECTION('center_axis',(1.03397576569128E-25,-0.258819045102521,
-0.965925826289068));
#9238=DIRECTION('ref_axis',(0.232852584142155,0.939374498849045,-0.251704638356995));
#9239=DIRECTION('',(0.,-0.258819045102524,-0.965925826289068));
#9240=DIRECTION('center_axis',(2.06814640103072E-16,0.258819045102522,0.965925826289068));
#9241=DIRECTION('ref_axis',(0.232852584142155,0.939374498849046,-0.251704638356993));
#9242=DIRECTION('center_axis',(0.,-0.258819045102524,-0.965925826289068));
#9243=DIRECTION('ref_axis',(-0.232852584142153,-0.939374498849046,0.251704638356995));
#9244=DIRECTION('center_axis',(-1.03397576569128E-25,0.258819045102521,
0.965925826289068));
#9245=DIRECTION('ref_axis',(-0.232852584142153,-0.939374498849046,0.251704638356995));
#9246=DIRECTION('',(0.,-0.258819045102524,-0.965925826289068));
#9247=DIRECTION('center_axis',(-4.13629279378961E-17,-0.258819045102521,
-0.965925826289068));
#9248=DIRECTION('ref_axis',(-0.232852584142153,-0.939374498849046,0.251704638356993));
#9249=DIRECTION('center_axis',(-1.,4.42554228848438E-16,-1.18582048226919E-16));
#9250=DIRECTION('ref_axis',(4.58165851666541E-16,0.965925826289068,-0.258819045102521));
#9251=DIRECTION('',(-4.58165851666541E-16,-0.965925826289068,0.258819045102521));
#9252=DIRECTION('',(0.,-0.258819045102524,-0.965925826289068));
#9253=DIRECTION('',(4.58165851666541E-16,0.965925826289068,-0.258819045102521));
#9254=DIRECTION('center_axis',(0.,-0.258819045102524,-0.965925826289068));
#9255=DIRECTION('ref_axis',(-1.,2.67612620335369E-26,-7.17065855032392E-27));
#9256=DIRECTION('center_axis',(-1.03397576569128E-25,0.258819045102521,
0.965925826289068));
#9257=DIRECTION('ref_axis',(-1.,2.67612620335369E-26,-7.17065855032392E-27));
#9258=DIRECTION('',(0.,-0.258819045102524,-0.965925826289068));
#9259=DIRECTION('center_axis',(1.03397507543799E-25,-0.258819045102521,
-0.965925826289068));
#9260=DIRECTION('ref_axis',(-1.,1.78650697932011E-32,-1.07044981460798E-25));
#9261=DIRECTION('center_axis',(0.,-0.258819045102524,-0.965925826289068));
#9262=DIRECTION('ref_axis',(0.444444444444429,0.865282553031198,-0.231851761309452));
#9263=DIRECTION('center_axis',(1.03397576569128E-25,-0.258819045102521,
-0.965925826289068));
#9264=DIRECTION('ref_axis',(0.444444444444429,0.865282553031198,-0.231851761309452));
#9265=DIRECTION('',(0.,-0.258819045102524,-0.965925826289068));
#9266=DIRECTION('center_axis',(-3.94745964414551E-16,0.25881904510252,0.965925826289069));
#9267=DIRECTION('ref_axis',(0.444444444444429,0.865282553031199,-0.231851761309449));
#9268=DIRECTION('center_axis',(0.,-0.258819045102524,-0.965925826289068));
#9269=DIRECTION('ref_axis',(-0.444444444444427,-0.865282553031199,0.231851761309452));
#9270=DIRECTION('center_axis',(-1.03397576569128E-25,0.258819045102521,
0.965925826289068));
#9271=DIRECTION('ref_axis',(-0.444444444444427,-0.865282553031199,0.231851761309452));
#9272=DIRECTION('',(0.,-0.258819045102524,-0.965925826289068));
#9273=DIRECTION('center_axis',(7.89491929656277E-17,-0.258819045102521,
-0.965925826289068));
#9274=DIRECTION('ref_axis',(-0.444444444444427,-0.865282553031199,0.23185176130945));
#9275=DIRECTION('center_axis',(-1.,5.37928524682451E-16,-1.4413751377433E-16));
#9276=DIRECTION('ref_axis',(5.5690458836688E-16,0.965925826289068,-0.258819045102521));
#9277=DIRECTION('',(-5.5690458836688E-16,-0.965925826289068,0.258819045102521));
#9278=DIRECTION('',(0.,-0.258819045102524,-0.965925826289068));
#9279=DIRECTION('',(5.56904588366879E-16,0.965925826289068,-0.258819045102521));
#9280=DIRECTION('center_axis',(0.,-0.258819045102524,-0.965925826289068));
#9281=DIRECTION('ref_axis',(-1.,8.57914473967725E-16,-2.29877490474626E-16));
#9282=DIRECTION('center_axis',(-1.03397576569128E-25,0.258819045102521,
0.965925826289068));
#9283=DIRECTION('ref_axis',(-1.,8.57914473967725E-16,-2.29877490474626E-16));
#9284=DIRECTION('',(0.,-0.258819045102524,-0.965925826289068));
#9285=DIRECTION('center_axis',(1.03397458239993E-25,-0.258819045102521,
-0.965925826289068));
#9286=DIRECTION('ref_axis',(-1.,8.57914473940964E-16,-2.29877490574498E-16));
#9287=DIRECTION('center_axis',(0.,-0.258819045102524,-0.965925826289068));
#9288=DIRECTION('ref_axis',(0.44444444444444,0.865282553031192,-0.231851761309451));
#9289=DIRECTION('center_axis',(1.03397576569128E-25,-0.258819045102521,
-0.965925826289068));
#9290=DIRECTION('ref_axis',(0.44444444444444,0.865282553031192,-0.231851761309451));
#9291=DIRECTION('',(0.,-0.258819045102524,-0.965925826289068));
#9292=DIRECTION('center_axis',(9.86864900438149E-18,0.258819045102521,0.965925826289068));
#9293=DIRECTION('ref_axis',(0.44444444444444,0.865282553031193,-0.231851761309448));
#9294=DIRECTION('center_axis',(0.,-0.258819045102524,-0.965925826289068));
#9295=DIRECTION('ref_axis',(-0.444444444444441,-0.865282553031192,0.231851761309451));
#9296=DIRECTION('center_axis',(-1.03397576569128E-25,0.258819045102521,
0.965925826289068));
#9297=DIRECTION('ref_axis',(-0.444444444444441,-0.865282553031192,0.231851761309451));
#9298=DIRECTION('',(0.,-0.258819045102524,-0.965925826289068));
#9299=DIRECTION('center_axis',(7.89491938962086E-18,-0.258819045102521,
-0.965925826289068));
#9300=DIRECTION('ref_axis',(-0.444444444444441,-0.865282553031193,0.231851761309448));
#9301=DIRECTION('center_axis',(-1.,2.67612620335366E-26,-7.17065855032387E-27));
#9302=DIRECTION('ref_axis',(2.77052971410332E-26,0.965925826289068,-0.258819045102521));
#9303=DIRECTION('',(-2.77052971410331E-26,-0.965925826289068,0.258819045102521));
#9304=DIRECTION('',(0.,-0.258819045102524,-0.965925826289068));
#9305=DIRECTION('',(2.77052971410331E-26,0.965925826289068,-0.258819045102521));
#9306=DIRECTION('center_axis',(0.,-0.258819045102524,-0.965925826289068));
#9307=DIRECTION('ref_axis',(-1.,2.67612620335369E-26,-7.17065855032392E-27));
#9308=DIRECTION('center_axis',(-1.03397576569128E-25,0.258819045102521,
0.965925826289068));
#9309=DIRECTION('ref_axis',(-1.,2.67612620335369E-26,-7.17065855032392E-27));
#9310=DIRECTION('',(0.,-0.258819045102524,-0.965925826289068));
#9311=DIRECTION('center_axis',(1.03397653752244E-25,-0.258819045102521,
-0.965925826289068));
#9312=DIRECTION('ref_axis',(-1.,-1.99764602899285E-32,-1.07045122687311E-25));
#9313=DIRECTION('center_axis',(0.,-0.258819045102524,-0.965925826289068));
#9314=DIRECTION('ref_axis',(0.444444444444457,0.865282553031185,-0.231851761309449));
#9315=DIRECTION('center_axis',(1.03397576569128E-25,-0.258819045102521,
-0.965925826289068));
#9316=DIRECTION('ref_axis',(0.444444444444457,0.865282553031185,-0.231851761309449));
#9317=DIRECTION('',(0.,-0.258819045102524,-0.965925826289068));
#9318=DIRECTION('center_axis',(9.86864900438184E-18,0.258819045102521,0.965925826289068));
#9319=DIRECTION('ref_axis',(0.444444444444457,0.865282553031185,-0.231851761309446));
#9320=DIRECTION('center_axis',(0.,-0.258819045102524,-0.965925826289068));
#9321=DIRECTION('ref_axis',(-0.444444444444453,-0.865282553031186,0.231851761309449));
#9322=DIRECTION('center_axis',(-1.03397576569128E-25,0.258819045102521,
0.965925826289068));
#9323=DIRECTION('ref_axis',(-0.444444444444453,-0.865282553031186,0.231851761309449));
#9324=DIRECTION('',(0.,-0.258819045102524,-0.965925826289068));
#9325=DIRECTION('center_axis',(7.89491938962103E-18,-0.258819045102521,
-0.965925826289068));
#9326=DIRECTION('ref_axis',(-0.444444444444453,-0.865282553031187,0.231851761309447));
#9327=DIRECTION('center_axis',(-1.,5.37928524682443E-16,-1.44137513774327E-16));
#9328=DIRECTION('ref_axis',(5.56904588366871E-16,0.965925826289068,-0.258819045102521));
#9329=DIRECTION('',(-5.56904588366871E-16,-0.965925826289068,0.258819045102521));
#9330=DIRECTION('',(0.,-0.258819045102524,-0.965925826289068));
#9331=DIRECTION('',(5.56904588366871E-16,0.965925826289068,-0.258819045102521));
#9332=DIRECTION('center_axis',(0.,-0.258819045102524,-0.965925826289068));
#9333=DIRECTION('ref_axis',(-1.,1.71582894790868E-15,-4.5975498094208E-16));
#9334=DIRECTION('center_axis',(-1.03397576569128E-25,0.258819045102521,
0.965925826289068));
#9335=DIRECTION('ref_axis',(-1.,1.71582894790868E-15,-4.5975498094208E-16));
#9336=DIRECTION('',(0.,-0.258819045102524,-0.965925826289068));
#9337=DIRECTION('center_axis',(1.03397308625598E-25,-0.258819045102521,
-0.965925826289068));
#9338=DIRECTION('ref_axis',(-1.,1.71582894788192E-15,-4.5975498104195E-16));
#9339=DIRECTION('center_axis',(0.,-0.258819045102524,-0.965925826289068));
#9340=DIRECTION('ref_axis',(0.444444444444468,0.865282553031179,-0.231851761309447));
#9341=DIRECTION('center_axis',(1.03397576569128E-25,-0.258819045102521,
-0.965925826289068));
#9342=DIRECTION('ref_axis',(0.444444444444468,0.865282553031179,-0.231851761309447));
#9343=DIRECTION('',(0.,-0.258819045102524,-0.965925826289068));
#9344=DIRECTION('center_axis',(9.86864900438204E-18,0.258819045102521,0.965925826289068));
#9345=DIRECTION('ref_axis',(0.444444444444467,0.86528255303118,-0.231851761309445));
#9346=DIRECTION('center_axis',(0.,-0.258819045102524,-0.965925826289068));
#9347=DIRECTION('ref_axis',(-0.444444444444468,-0.865282553031179,0.231851761309447));
#9348=DIRECTION('center_axis',(-1.03397576569128E-25,0.258819045102521,
0.965925826289068));
#9349=DIRECTION('ref_axis',(-0.444444444444468,-0.865282553031179,0.231851761309447));
#9350=DIRECTION('',(0.,-0.258819045102524,-0.965925826289068));
#9351=DIRECTION('center_axis',(7.89491938962128E-18,-0.258819045102521,
-0.965925826289068));
#9352=DIRECTION('ref_axis',(-0.444444444444468,-0.86528255303118,0.231851761309445));
#9353=DIRECTION('center_axis',(-1.,-5.62257778114823E-16,1.50656517583986E-16));
#9354=DIRECTION('ref_axis',(-5.82092084932574E-16,0.965925826289068,-0.25881904510252));
#9355=DIRECTION('',(5.82092084932574E-16,-0.965925826289068,0.258819045102521));
#9356=DIRECTION('',(0.,-0.258819045102524,-0.965925826289068));
#9357=DIRECTION('',(-5.82092084932574E-16,0.965925826289068,-0.25881904510252));
#9358=DIRECTION('center_axis',(0.,-0.258819045102524,-0.965925826289068));
#9359=DIRECTION('ref_axis',(-1.,-1.71582894785516E-15,4.59754980927739E-16));
#9360=DIRECTION('center_axis',(-1.03397576569128E-25,0.258819045102521,
0.965925826289068));
#9361=DIRECTION('ref_axis',(-1.,-1.71582894785516E-15,4.59754980927739E-16));
#9362=DIRECTION('',(0.,-0.258819045102524,-0.965925826289068));
#9363=DIRECTION('center_axis',(1.03397576569128E-25,-0.258819045102521,
-0.965925826289068));
#9364=DIRECTION('ref_axis',(-1.,-1.71582894788192E-15,4.5975498082786E-16));
#9365=DIRECTION('center_axis',(0.,-0.258819045102524,-0.965925826289068));
#9366=DIRECTION('ref_axis',(0.972512041160853,-0.224918332737747,0.0602666856200346));
#9367=DIRECTION('center_axis',(1.03397576569128E-25,-0.258819045102521,
-0.965925826289068));
#9368=DIRECTION('ref_axis',(0.972512041160853,-0.224918332737747,0.0602666856200346));
#9369=DIRECTION('',(0.,-0.258819045102524,-0.965925826289068));
#9370=DIRECTION('center_axis',(1.73832546821E-15,0.25881904510252,0.965925826289068));
#9371=DIRECTION('ref_axis',(0.972512041160853,-0.224918332737748,0.0602666856200323));
#9372=DIRECTION('center_axis',(0.,-0.258819045102524,-0.965925826289068));
#9373=DIRECTION('ref_axis',(-0.972512041160853,0.224918332737745,-0.0602666856200339));
#9374=DIRECTION('center_axis',(-1.03397576569128E-25,0.258819045102521,
0.965925826289068));
#9375=DIRECTION('ref_axis',(-0.972512041160853,0.224918332737745,-0.0602666856200339));
#9376=DIRECTION('',(0.,-0.258819045102524,-0.965925826289068));
#9377=DIRECTION('center_axis',(-3.36868040961062E-16,-0.258819045102521,
-0.965925826289068));
#9378=DIRECTION('ref_axis',(-0.972512041160853,0.224918332737745,-0.060266685620033));
#9379=DIRECTION('center_axis',(-1.76006445826879E-15,0.965925826289068,
-0.258819045102524));
#9380=DIRECTION('ref_axis',(1.,1.64335664096945E-15,-6.67276385647498E-16));
#9381=DIRECTION('',(-1.,-1.70009171620207E-15,4.5553820230814E-16));
#9382=DIRECTION('',(0.,-0.258819045102524,-0.965925826289068));
#9383=DIRECTION('',(1.,1.64335664096945E-15,-6.67276385647498E-16));
#9384=DIRECTION('center_axis',(0.,-0.258819045102524,-0.965925826289068));
#9385=DIRECTION('ref_axis',(-1.77635683937255E-15,0.965925826289068,-0.258819045102524));
#9386=DIRECTION('center_axis',(-1.03397576569128E-25,0.258819045102521,
0.965925826289068));
#9387=DIRECTION('ref_axis',(-1.77635683937255E-15,0.965925826289068,-0.258819045102524));
#9388=DIRECTION('',(0.,-0.258819045102524,-0.965925826289068));
#9389=DIRECTION('center_axis',(1.03397576569128E-25,-0.258819045102521,
-0.965925826289068));
#9390=DIRECTION('ref_axis',(-1.77635683937254E-15,0.965925826289068,-0.258819045102521));
#9391=DIRECTION('center_axis',(0.,-0.258819045102524,-0.965925826289068));
#9392=DIRECTION('ref_axis',(0.895806412837991,-0.42930037432552,0.115030688610903));
#9393=DIRECTION('center_axis',(1.03397576569128E-25,-0.258819045102521,
-0.965925826289068));
#9394=DIRECTION('ref_axis',(0.895806412837991,-0.42930037432552,0.115030688610903));
#9395=DIRECTION('',(0.,0.258819045102521,0.965925826289068));
#9396=DIRECTION('center_axis',(-1.03397358880037E-25,0.258819045102521,
0.965925826289068));
#9397=DIRECTION('ref_axis',(0.895806412837991,-0.42930037432552,0.115030688610902));
#9398=DIRECTION('center_axis',(1.76006446546061E-15,-0.965925826289068,
0.258819045102524));
#9399=DIRECTION('ref_axis',(-1.,-1.70222705848137E-15,4.47569024217259E-16));
#9400=DIRECTION('',(-1.,-1.70222705848137E-15,4.47569024217259E-16));
#9401=DIRECTION('',(0.,-0.258819045102524,-0.965925826289068));
#9402=DIRECTION('center_axis',(0.,-0.258819045102524,-0.965925826289068));
#9403=DIRECTION('ref_axis',(-2.96059473230604E-15,0.965925826289068,-0.258819045102523));
#9404=DIRECTION('center_axis',(-1.03397412223107E-25,0.258819045102521,
0.965925826289068));
#9405=DIRECTION('ref_axis',(-2.96059473230604E-15,0.965925826289068,-0.258819045102521));
#9406=DIRECTION('',(0.,-0.258819045102524,-0.965925826289068));
#9407=DIRECTION('center_axis',(0.,-0.258819045102524,-0.965925826289068));
#9408=DIRECTION('ref_axis',(-0.232968348802887,-0.939347718268387,0.251697462522035));
#9409=DIRECTION('center_axis',(1.69198131359354E-16,-0.25881904510252,-0.965925826289069));
#9410=DIRECTION('ref_axis',(-0.232968348802887,-0.939347718268388,0.251697462522032));
#9411=DIRECTION('',(0.,-0.258819045102524,-0.965925826289068));
#9412=DIRECTION('center_axis',(0.,-0.258819045102524,-0.965925826289068));
#9413=DIRECTION('ref_axis',(0.232968348802887,0.939347718268387,-0.251697462522035));
#9414=DIRECTION('center_axis',(-6.46617072464433E-18,0.258819045102521,
0.965925826289068));
#9415=DIRECTION('ref_axis',(0.232968348802887,0.939347718268388,-0.251697462522032));
#9416=DIRECTION('',(0.,-0.258819045102524,-0.965925826289068));
#9417=DIRECTION('center_axis',(-1.,2.67612620335366E-26,-7.17065855032387E-27));
#9418=DIRECTION('ref_axis',(2.77052971410331E-26,0.965925826289068,-0.258819045102521));
#9419=DIRECTION('',(2.77052971410331E-26,0.965925826289068,-0.258819045102521));
#9420=DIRECTION('',(0.,-0.258819045102524,-0.965925826289068));
#9421=DIRECTION('center_axis',(0.,-0.258819045102524,-0.965925826289068));
#9422=DIRECTION('ref_axis',(1.,-2.67612620335369E-26,7.17065855032392E-27));
#9423=DIRECTION('center_axis',(-1.03397576569128E-25,0.258819045102521,
0.965925826289068));
#9424=DIRECTION('ref_axis',(1.,0.,1.07045048134146E-25));
#9425=DIRECTION('center_axis',(0.,-0.258819045102524,-0.965925826289068));
#9426=DIRECTION('ref_axis',(0.444444444444449,0.865282553031188,-0.23185176130945));
#9427=DIRECTION('center_axis',(-1.23358114881217E-17,0.258819045102521,
0.965925826289068));
#9428=DIRECTION('ref_axis',(0.444444444444449,0.865282553031189,-0.231851761309447));
#9429=DIRECTION('',(0.,-0.258819045102524,-0.965925826289068));
#9430=DIRECTION('center_axis',(-1.,2.67612620335366E-26,-7.17065855032388E-27));
#9431=DIRECTION('ref_axis',(2.77052971410332E-26,0.965925826289068,-0.258819045102521));
#9432=DIRECTION('',(2.77052971410332E-26,0.965925826289068,-0.258819045102521));
#9433=DIRECTION('',(0.,-0.258819045102524,-0.965925826289068));
#9434=DIRECTION('center_axis',(0.,-0.258819045102524,-0.965925826289068));
#9435=DIRECTION('ref_axis',(1.,2.85971491310977E-15,-7.6625830155101E-16));
#9436=DIRECTION('center_axis',(-1.03397685373975E-25,0.258819045102521,
0.965925826289068));
#9437=DIRECTION('ref_axis',(1.,2.85971491313654E-15,-7.66258301451128E-16));
#9438=DIRECTION('',(0.,-0.258819045102524,-0.965925826289068));
#9439=DIRECTION('center_axis',(0.,-0.258819045102524,-0.965925826289068));
#9440=DIRECTION('ref_axis',(-0.444444444444449,-0.865282553031188,0.23185176130945));
#9441=DIRECTION('center_axis',(-6.16790558896447E-18,-0.258819045102521,
-0.965925826289068));
#9442=DIRECTION('ref_axis',(-0.444444444444449,-0.865282553031189,0.231851761309447));
#9443=DIRECTION('',(0.,-0.258819045102524,-0.965925826289068));
#9444=DIRECTION('center_axis',(0.,-0.258819045102524,-0.965925826289068));
#9445=DIRECTION('ref_axis',(0.444444444444449,0.865282553031188,-0.23185176130945));
#9446=DIRECTION('center_axis',(-1.23358114881216E-17,0.258819045102521,
0.965925826289068));
#9447=DIRECTION('ref_axis',(0.444444444444448,0.865282553031189,-0.231851761309447));
#9448=DIRECTION('',(0.,-0.258819045102524,-0.965925826289068));
#9449=DIRECTION('center_axis',(-1.,2.67612620335366E-26,-7.17065855032387E-27));
#9450=DIRECTION('ref_axis',(2.77052971410332E-26,0.965925826289068,-0.258819045102521));
#9451=DIRECTION('',(2.77052971410331E-26,0.965925826289068,-0.258819045102521));
#9452=DIRECTION('',(0.,-0.258819045102524,-0.965925826289068));
#9453=DIRECTION('center_axis',(0.,-0.258819045102524,-0.965925826289068));
#9454=DIRECTION('ref_axis',(1.,3.5746436413939E-15,-9.57822876940555E-16));
#9455=DIRECTION('center_axis',(-1.03397488158748E-25,0.258819045102521,
0.965925826289068));
#9456=DIRECTION('ref_axis',(1.,3.57464364142067E-15,-9.57822876840671E-16));
#9457=DIRECTION('',(0.,-0.258819045102524,-0.965925826289068));
#9458=DIRECTION('center_axis',(0.,-0.258819045102524,-0.965925826289068));
#9459=DIRECTION('ref_axis',(-0.444444444444449,-0.865282553031188,0.23185176130945));
#9460=DIRECTION('center_axis',(6.16790579575963E-18,-0.258819045102521,
-0.965925826289068));
#9461=DIRECTION('ref_axis',(-0.444444444444449,-0.865282553031189,0.231851761309447));
#9462=DIRECTION('',(0.,-0.258819045102524,-0.965925826289068));
#9463=DIRECTION('center_axis',(0.,-0.258819045102524,-0.965925826289068));
#9464=DIRECTION('ref_axis',(0.444444444444446,0.86528255303119,-0.23185176130945));
#9465=DIRECTION('center_axis',(1.23358112813264E-17,0.258819045102521,0.965925826289068));
#9466=DIRECTION('ref_axis',(0.444444444444445,0.865282553031191,-0.231851761309448));
#9467=DIRECTION('',(0.,-0.258819045102524,-0.965925826289068));
#9468=DIRECTION('center_axis',(-1.,2.67612620335366E-26,-7.17065855032387E-27));
#9469=DIRECTION('ref_axis',(2.77052971410332E-26,0.965925826289068,-0.258819045102521));
#9470=DIRECTION('',(2.77052971410331E-26,0.965925826289068,-0.258819045102521));
#9471=DIRECTION('',(0.,-0.258819045102524,-0.965925826289068));
#9472=DIRECTION('center_axis',(0.,-0.258819045102524,-0.965925826289068));
#9473=DIRECTION('ref_axis',(1.,-4.28957236973156E-15,1.14938745234444E-15));
#9474=DIRECTION('center_axis',(-1.03397783981588E-25,0.258819045102521,
0.965925826289068));
#9475=DIRECTION('ref_axis',(1.,-4.2895723697048E-15,1.1493874524443E-15));
#9476=DIRECTION('',(0.,-0.258819045102524,-0.965925826289068));
#9477=DIRECTION('center_axis',(0.,-0.258819045102524,-0.965925826289068));
#9478=DIRECTION('ref_axis',(-0.444444444444447,-0.865282553031189,0.23185176130945));
#9479=DIRECTION('center_axis',(3.28954970362706E-16,-0.25881904510252,-0.965925826289069));
#9480=DIRECTION('ref_axis',(-0.444444444444447,-0.86528255303119,0.231851761309447));
#9481=DIRECTION('',(0.,-0.258819045102524,-0.965925826289068));
#9482=DIRECTION('center_axis',(0.,-0.258819045102524,-0.965925826289068));
#9483=DIRECTION('ref_axis',(0.444444444444446,0.86528255303119,-0.23185176130945));
#9484=DIRECTION('center_axis',(-1.03397576249671E-25,0.258819045102521,
0.965925826289068));
#9485=DIRECTION('ref_axis',(0.444444444444445,0.865282553031191,-0.231851761309448));
#9486=DIRECTION('',(0.,-0.258819045102524,-0.965925826289068));
#9487=DIRECTION('center_axis',(-1.,2.67612620335366E-26,-7.17065855032387E-27));
#9488=DIRECTION('ref_axis',(2.77052971410332E-26,0.965925826289068,-0.258819045102521));
#9489=DIRECTION('',(2.77052971410332E-26,0.965925826289068,-0.258819045102521));
#9490=DIRECTION('',(0.,-0.258819045102524,-0.965925826289068));
#9491=DIRECTION('center_axis',(0.,-0.258819045102524,-0.965925826289068));
#9492=DIRECTION('ref_axis',(1.,-2.67612620335369E-26,7.17065855032392E-27));
#9493=DIRECTION('center_axis',(-1.03397576569128E-25,0.258819045102521,
0.965925826289068));
#9494=DIRECTION('ref_axis',(1.,0.,1.07045048134146E-25));
#9495=DIRECTION('',(0.,-0.258819045102524,-0.965925826289068));
#9496=DIRECTION('center_axis',(0.,-0.258819045102524,-0.965925826289068));
#9497=DIRECTION('ref_axis',(-0.972484321390338,0.225030130524851,-0.0602966417468047));
#9498=DIRECTION('center_axis',(3.37398286806797E-18,-0.258819045102521,
-0.965925826289068));
#9499=DIRECTION('ref_axis',(-0.972484321390338,0.225030130524851,-0.060296641746804));
#9500=DIRECTION('',(0.,-0.258819045102524,-0.965925826289068));
#9501=DIRECTION('center_axis',(0.,-0.258819045102524,-0.965925826289068));
#9502=DIRECTION('ref_axis',(0.972484321390338,-0.22503013052485,0.0602966417468045));
#9503=DIRECTION('center_axis',(6.74796542594318E-18,0.258819045102521,0.965925826289068));
#9504=DIRECTION('ref_axis',(0.972484321390338,-0.225030130524851,0.0602966417468038));
#9505=DIRECTION('',(0.,-0.258819045102524,-0.965925826289068));
#9506=DIRECTION('center_axis',(-2.32836834356952E-15,0.965925826289068,
-0.258819045102524));
#9507=DIRECTION('ref_axis',(1.,2.17370285727736E-15,-8.83754960754035E-16));
#9508=DIRECTION('',(1.,2.17370285727737E-15,-8.83754960754035E-16));
#9509=DIRECTION('',(0.,-0.258819045102524,-0.965925826289068));
#9510=DIRECTION('center_axis',(0.,-0.258819045102524,-0.965925826289068));
#9511=DIRECTION('ref_axis',(1.48029736613917E-15,-0.965925826289068,0.258819045102523));
#9512=DIRECTION('center_axis',(-1.03397576569128E-25,0.258819045102521,
0.965925826289068));
#9513=DIRECTION('ref_axis',(1.48029736613917E-15,-0.965925826289068,0.258819045102521));
#9514=DIRECTION('',(0.,-0.258819045102524,-0.965925826289068));
#9515=DIRECTION('center_axis',(0.,-0.258819045102524,-0.965925826289068));
#9516=DIRECTION('ref_axis',(-0.895806416477617,0.429300367239584,-0.115030686712232));
#9517=DIRECTION('center_axis',(1.03397574285442E-25,-0.258819045102521,
-0.965925826289068));
#9518=DIRECTION('ref_axis',(-0.895806416477617,0.429300367239584,-0.115030686712231));
#9519=DIRECTION('',(0.,-0.258819045102524,-0.965925826289068));
#9520=DIRECTION('center_axis',(0.,-0.258819045102524,-0.965925826289068));
#9521=DIRECTION('ref_axis',(0.895806416477617,-0.429300367239584,0.115030686712232));
#9522=DIRECTION('center_axis',(-1.03397581136502E-25,0.258819045102521,
0.965925826289068));
#9523=DIRECTION('ref_axis',(0.895806416477617,-0.429300367239584,0.115030686712231));
#9524=DIRECTION('',(0.,-0.258819045102524,-0.965925826289068));
#9525=DIRECTION('center_axis',(-2.51779525828998E-15,0.965925826289068,
-0.258819045102524));
#9526=DIRECTION('ref_axis',(1.,2.35207410732512E-15,-9.49953789457205E-16));
#9527=DIRECTION('',(1.,2.35207410732512E-15,-9.49953789457205E-16));
#9528=DIRECTION('',(0.,-0.258819045102524,-0.965925826289068));
#9529=DIRECTION('center_axis',(0.,-0.258819045102524,-0.965925826289068));
#9530=DIRECTION('ref_axis',(2.2204460492226E-15,-0.965925826289068,0.258819045102523));
#9531=DIRECTION('center_axis',(-1.03397453309612E-25,0.258819045102521,
0.965925826289068));
#9532=DIRECTION('ref_axis',(2.2204460492226E-15,-0.965925826289068,0.258819045102521));
#9533=DIRECTION('',(0.,-0.258819045102524,-0.965925826289068));
#9534=DIRECTION('center_axis',(0.,-0.258819045102524,-0.965925826289068));
#9535=DIRECTION('ref_axis',(-0.89580642115678,0.429300358129788,-0.11503068427127));
#9536=DIRECTION('center_axis',(-6.63029942813482E-16,-0.25881904510252,
-0.965925826289068));
#9537=DIRECTION('ref_axis',(-0.89580642115678,0.429300358129789,-0.115030684271268));
#9538=DIRECTION('',(0.,-0.258819045102524,-0.965925826289068));
#9539=DIRECTION('center_axis',(0.,-0.258819045102524,-0.965925826289068));
#9540=DIRECTION('ref_axis',(0.895806421156779,-0.42930035812979,0.11503068427127));
#9541=DIRECTION('center_axis',(-1.03397576569128E-25,0.258819045102521,
0.965925826289068));
#9542=DIRECTION('ref_axis',(0.895806421156779,-0.429300358129791,0.115030684271269));
#9543=DIRECTION('',(0.,-0.258819045102524,-0.965925826289068));
#9544=DIRECTION('center_axis',(-3.49255253639426E-15,0.965925826289068,
-0.258819045102524));
#9545=DIRECTION('ref_axis',(1.,3.22289017586018E-15,-1.46619689477363E-15));
#9546=DIRECTION('',(1.,3.22289017586018E-15,-1.46619689477363E-15));
#9547=DIRECTION('',(0.,-0.258819045102524,-0.965925826289068));
#9548=DIRECTION('center_axis',(0.,-0.258819045102524,-0.965925826289068));
#9549=DIRECTION('ref_axis',(-2.77052971410332E-26,-0.965925826289068,0.258819045102523));
#9550=DIRECTION('center_axis',(-1.03397576569128E-25,0.258819045102521,
0.965925826289068));
#9551=DIRECTION('ref_axis',(-2.77052971410332E-26,-0.965925826289068,0.258819045102521));
#9552=DIRECTION('',(0.,-0.258819045102524,-0.965925826289068));
#9553=DIRECTION('center_axis',(0.,-0.258819045102524,-0.965925826289068));
#9554=DIRECTION('ref_axis',(0.232852584142153,0.939374498849046,-0.251704638356995));
#9555=DIRECTION('center_axis',(-1.72345533401993E-16,-0.258819045102522,
-0.965925826289068));
#9556=DIRECTION('ref_axis',(0.232852584142153,0.939374498849046,-0.251704638356993));
#9557=DIRECTION('',(0.,-0.258819045102524,-0.965925826289068));
#9558=DIRECTION('center_axis',(0.,-0.258819045102524,-0.965925826289068));
#9559=DIRECTION('ref_axis',(-0.232852584142155,-0.939374498849045,0.251704638356995));
#9560=DIRECTION('center_axis',(-1.03397576569705E-25,0.258819045102521,
0.965925826289068));
#9561=DIRECTION('ref_axis',(-0.232852584142155,-0.939374498849046,0.251704638356992));
#9562=DIRECTION('',(0.,-0.258819045102524,-0.965925826289068));
#9563=DIRECTION('center_axis',(1.,-4.42554228848438E-16,1.18582048226919E-16));
#9564=DIRECTION('ref_axis',(-4.58165851666541E-16,-0.965925826289068,0.258819045102521));
#9565=DIRECTION('',(-4.58165851666541E-16,-0.965925826289068,0.258819045102521));
#9566=DIRECTION('',(0.,-0.258819045102524,-0.965925826289068));
#9567=DIRECTION('center_axis',(0.,-0.258819045102524,-0.965925826289068));
#9568=DIRECTION('ref_axis',(-1.,2.67612620335369E-26,-7.17065855032394E-27));
#9569=DIRECTION('center_axis',(-1.03397490287467E-25,0.258819045102521,
0.965925826289068));
#9570=DIRECTION('ref_axis',(-1.,2.23313372415013E-32,-1.07044964792461E-25));
#9571=DIRECTION('',(0.,-0.258819045102524,-0.965925826289068));
#9572=DIRECTION('center_axis',(0.,-0.258819045102524,-0.965925826289068));
#9573=DIRECTION('ref_axis',(0.444444444444428,0.865282553031198,-0.231851761309452));
#9574=DIRECTION('center_axis',(3.28954970362692E-16,-0.25881904510252,-0.965925826289069));
#9575=DIRECTION('ref_axis',(0.444444444444428,0.865282553031199,-0.231851761309449));
#9576=DIRECTION('',(0.,-0.258819045102524,-0.965925826289068));
#9577=DIRECTION('center_axis',(0.,-0.258819045102524,-0.965925826289068));
#9578=DIRECTION('ref_axis',(-0.444444444444427,-0.865282553031199,0.231851761309452));
#9579=DIRECTION('center_axis',(-1.03397576569128E-25,0.258819045102521,
0.965925826289068));
#9580=DIRECTION('ref_axis',(-0.444444444444427,-0.865282553031199,0.23185176130945));
#9581=DIRECTION('',(0.,-0.258819045102524,-0.965925826289068));
#9582=DIRECTION('center_axis',(1.,-5.37928524682451E-16,1.4413751377433E-16));
#9583=DIRECTION('ref_axis',(-5.5690458836688E-16,-0.965925826289068,0.258819045102521));
#9584=DIRECTION('',(-5.5690458836688E-16,-0.965925826289068,0.258819045102521));
#9585=DIRECTION('',(0.,-0.258819045102524,-0.965925826289068));
#9586=DIRECTION('center_axis',(0.,-0.258819045102524,-0.965925826289068));
#9587=DIRECTION('ref_axis',(-1.,1.42985745659503E-15,-3.83129150786262E-16));
#9588=DIRECTION('center_axis',(-1.03397428657709E-25,0.258819045102521,
0.965925826289068));
#9589=DIRECTION('ref_axis',(-1.,1.42985745656827E-15,-3.83129150886132E-16));
#9590=DIRECTION('',(0.,-0.258819045102524,-0.965925826289068));
#9591=DIRECTION('center_axis',(0.,-0.258819045102524,-0.965925826289068));
#9592=DIRECTION('ref_axis',(0.444444444444441,0.865282553031192,-0.231851761309451));
#9593=DIRECTION('center_axis',(-6.16790558896436E-18,-0.258819045102521,
-0.965925826289068));
#9594=DIRECTION('ref_axis',(0.444444444444441,0.865282553031193,-0.231851761309448));
#9595=DIRECTION('',(0.,-0.258819045102524,-0.965925826289068));
#9596=DIRECTION('center_axis',(0.,-0.258819045102524,-0.965925826289068));
#9597=DIRECTION('ref_axis',(-0.44444444444444,-0.865282553031193,0.231851761309451));
#9598=DIRECTION('center_axis',(-1.23358114881214E-17,0.258819045102521,
0.965925826289068));
#9599=DIRECTION('ref_axis',(-0.44444444444444,-0.865282553031194,0.231851761309448));
#9600=DIRECTION('',(0.,-0.258819045102524,-0.965925826289068));
#9601=DIRECTION('center_axis',(1.,-2.67612620335366E-26,7.17065855032387E-27));
#9602=DIRECTION('ref_axis',(-2.77052971410331E-26,-0.965925826289068,0.258819045102521));
#9603=DIRECTION('',(-2.77052971410331E-26,-0.965925826289068,0.258819045102521));
#9604=DIRECTION('',(0.,-0.258819045102524,-0.965925826289068));
#9605=DIRECTION('center_axis',(0.,-0.258819045102524,-0.965925826289068));
#9606=DIRECTION('ref_axis',(-1.,2.67612620335369E-26,-7.17065855032392E-27));
#9607=DIRECTION('center_axis',(-1.03397673048023E-25,0.258819045102521,
0.965925826289068));
#9608=DIRECTION('ref_axis',(-1.,-2.49705753624106E-32,-1.07045141325602E-25));
#9609=DIRECTION('',(0.,-0.258819045102524,-0.965925826289068));
#9610=DIRECTION('center_axis',(0.,-0.258819045102524,-0.965925826289068));
#9611=DIRECTION('ref_axis',(0.444444444444455,0.865282553031185,-0.231851761309449));
#9612=DIRECTION('center_axis',(-6.16790558896456E-18,-0.258819045102521,
-0.965925826289068));
#9613=DIRECTION('ref_axis',(0.444444444444455,0.865282553031186,-0.231851761309446));
#9614=DIRECTION('',(0.,-0.258819045102524,-0.965925826289068));
#9615=DIRECTION('center_axis',(0.,-0.258819045102524,-0.965925826289068));
#9616=DIRECTION('ref_axis',(-0.444444444444455,-0.865282553031186,0.231851761309449));
#9617=DIRECTION('center_axis',(-1.23358114881218E-17,0.258819045102521,
0.965925826289068));
#9618=DIRECTION('ref_axis',(-0.444444444444454,-0.865282553031186,0.231851761309446));
#9619=DIRECTION('',(0.,-0.258819045102524,-0.965925826289068));
#9620=DIRECTION('center_axis',(1.,-5.37928524682443E-16,1.44137513774327E-16));
#9621=DIRECTION('ref_axis',(-5.56904588366871E-16,-0.965925826289068,0.258819045102521));
#9622=DIRECTION('',(-5.56904588366871E-16,-0.965925826289068,0.258819045102521));
#9623=DIRECTION('',(0.,-0.258819045102524,-0.965925826289068));
#9624=DIRECTION('center_axis',(0.,-0.258819045102524,-0.965925826289068));
#9625=DIRECTION('ref_axis',(-1.,2.85971491316329E-15,-7.66258301565351E-16));
#9626=DIRECTION('center_axis',(-1.03397241639715E-25,0.258819045102521,
0.965925826289068));
#9627=DIRECTION('ref_axis',(-1.,2.85971491313654E-15,-7.66258301665218E-16));
#9628=DIRECTION('center_axis',(0.,-0.258819045102524,-0.965925826289068));
#9629=DIRECTION('ref_axis',(-0.444444444444467,-0.86528255303118,0.231851761309447));
#9630=DIRECTION('center_axis',(-1.23358114881222E-17,0.258819045102521,
0.965925826289068));
#9631=DIRECTION('ref_axis',(-0.444444444444467,-0.86528255303118,0.231851761309445));
#9632=DIRECTION('',(0.,-0.258819045102524,-0.965925826289068));
#9633=DIRECTION('center_axis',(1.,-2.67612620335366E-26,7.17065855032387E-27));
#9634=DIRECTION('ref_axis',(-2.77052971410331E-26,-0.965925826289068,0.25881904510252));
#9635=DIRECTION('',(-2.77052971410331E-26,-0.965925826289068,0.25881904510252));
#9636=DIRECTION('',(0.,-0.258819045102524,-0.965925826289068));
#9637=DIRECTION('center_axis',(0.,-0.258819045102524,-0.965925826289068));
#9638=DIRECTION('ref_axis',(-1.,-2.85971491310977E-15,7.6625830155101E-16));
#9639=DIRECTION('center_axis',(-1.03397576569128E-25,0.258819045102521,
0.965925826289068));
#9640=DIRECTION('ref_axis',(-1.,-2.85971491313654E-15,7.66258301451128E-16));
#9641=DIRECTION('',(0.,-0.258819045102524,-0.965925826289068));
#9642=DIRECTION('center_axis',(0.,-0.258819045102524,-0.965925826289068));
#9643=DIRECTION('ref_axis',(0.972512041160853,-0.224918332737748,0.0602666856200347));
#9644=DIRECTION('center_axis',(-1.44635517086647E-15,-0.25881904510252,
-0.965925826289068));
#9645=DIRECTION('ref_axis',(0.972512041160853,-0.224918332737748,0.0602666856200326));
#9646=DIRECTION('',(0.,-0.258819045102524,-0.965925826289068));
#9647=DIRECTION('center_axis',(0.,-0.258819045102524,-0.965925826289068));
#9648=DIRECTION('ref_axis',(-0.972512041160854,0.224918332737743,-0.0602666856200334));
#9649=DIRECTION('center_axis',(-1.34963158511724E-17,0.258819045102521,
0.965925826289068));
#9650=DIRECTION('ref_axis',(-0.972512041160854,0.224918332737743,-0.0602666856200328));
#9651=DIRECTION('',(0.,-0.258819045102524,-0.965925826289068));
#9652=DIRECTION('center_axis',(1.7600644582688E-15,-0.965925826289068,0.258819045102524));
#9653=DIRECTION('ref_axis',(-1.,-1.58620716559827E-15,8.80561131358657E-16));
#9654=DIRECTION('',(-1.,-1.58620716559827E-15,8.80561131358657E-16));
#9655=DIRECTION('',(0.,-0.258819045102524,-0.965925826289068));
#9656=DIRECTION('center_axis',(0.,-0.258819045102524,-0.965925826289068));
#9657=DIRECTION('ref_axis',(-2.96059473230604E-15,0.965925826289068,-0.258819045102523));
#9658=DIRECTION('',(0.,-0.258819045102523,-0.965925826289068));
#9659=DIRECTION('center_axis',(-1.03397576569128E-25,0.258819045102521,
0.965925826289068));
#9660=DIRECTION('ref_axis',(-2.96059473230604E-15,0.965925826289068,-0.258819045102521));
#9661=DIRECTION('',(0.,-0.258819045102524,-0.965925826289068));
#9662=DIRECTION('center_axis',(0.,-0.258819045102524,-0.965925826289068));
#9663=DIRECTION('ref_axis',(0.895806412837993,-0.429300374325517,0.115030688610902));
#9664=DIRECTION('center_axis',(1.03397557385172E-25,-0.258819045102521,
-0.965925826289068));
#9665=DIRECTION('ref_axis',(0.895806412837993,-0.429300374325518,0.115030688610901));
#9666=DIRECTION('',(0.,-0.258819045102524,-0.965925826289068));
#9667=DIRECTION('center_axis',(0.,-0.258819045102524,-0.965925826289068));
#9668=DIRECTION('ref_axis',(-0.895806412837993,0.429300374325517,-0.115030688610902));
#9669=DIRECTION('center_axis',(-1.03397614937042E-25,0.258819045102521,
0.965925826289068));
#9670=DIRECTION('ref_axis',(-0.895806412837993,0.429300374325518,-0.115030688610901));
#9671=DIRECTION('center_axis',(1.60999109311201E-15,-1.,-6.12323399573677E-17));
#9672=DIRECTION('ref_axis',(-3.59183578855398E-16,5.48688200902888E-17,
-1.));
#9673=DIRECTION('center_axis',(0.,-0.258819045102524,-0.965925826289068));
#9674=DIRECTION('ref_axis',(-2.59052039076432E-15,0.965925826289068,-0.258819045102523));
#9675=DIRECTION('center_axis',(0.,-0.258819045102524,-0.965925826289068));
#9676=DIRECTION('ref_axis',(0.895806416477616,-0.429300367239586,0.115030686712233));
#9677=DIRECTION('center_axis',(-6.63029939350203E-16,-0.25881904510252,
-0.965925826289068));
#9678=DIRECTION('ref_axis',(0.895806416477616,-0.429300367239587,0.115030686712231));
#9679=DIRECTION('center_axis',(0.,-0.258819045102524,-0.965925826289068));
#9680=DIRECTION('ref_axis',(-0.895806416477618,0.429300367239584,-0.115030686712232));
#9681=DIRECTION('center_axis',(1.03397576569128E-25,-0.258819045102521,
-0.965925826289068));
#9682=DIRECTION('ref_axis',(-0.895806416477618,0.429300367239584,-0.115030686712232));
#9683=DIRECTION('center_axis',(-1.03397576569128E-25,0.258819045102521,
0.965925826289068));
#9684=DIRECTION('ref_axis',(-0.895806416477617,0.429300367239584,-0.115030686712231));
#9685=DIRECTION('',(0.,-0.258819045102524,-0.965925826289068));
#9686=DIRECTION('center_axis',(0.,-0.258819045102524,-0.965925826289068));
#9687=DIRECTION('ref_axis',(1.77635683937255E-15,-0.965925826289068,0.258819045102524));
#9688=DIRECTION('center_axis',(-1.03397576569128E-25,0.258819045102521,
0.965925826289068));
#9689=DIRECTION('ref_axis',(1.77635683937255E-15,-0.965925826289068,0.258819045102524));
#9690=DIRECTION('center_axis',(1.03397576569128E-25,-0.258819045102521,
-0.965925826289068));
#9691=DIRECTION('ref_axis',(1.77635683937254E-15,-0.965925826289068,0.258819045102521));
#9692=DIRECTION('',(0.,-0.258819045102524,-0.965925826289068));
#9693=DIRECTION('center_axis',(1.16418417177091E-15,-0.965925826289068,
0.258819045102524));
#9694=DIRECTION('ref_axis',(-1.,-1.04905019684432E-15,5.82953597968724E-16));
#9695=DIRECTION('',(1.,1.12451555809723E-15,-3.01313035561341E-16));
#9696=DIRECTION('',(-1.,-1.04905019684432E-15,5.82953597968725E-16));
#9697=DIRECTION('',(0.,-0.258819045102524,-0.965925826289068));
#9698=DIRECTION('center_axis',(0.,-0.258819045102524,-0.965925826289068));
#9699=DIRECTION('ref_axis',(0.972484321390339,-0.225030130524848,0.060296641746804));
#9700=DIRECTION('center_axis',(-1.03397576569128E-25,0.258819045102521,
0.965925826289068));
#9701=DIRECTION('ref_axis',(0.972484321390339,-0.225030130524848,0.060296641746804));
#9702=DIRECTION('center_axis',(-4.31869783538063E-18,-0.258819045102521,
-0.965925826289068));
#9703=DIRECTION('ref_axis',(0.972484321390338,-0.225030130524849,0.0602966417468033));
#9704=DIRECTION('',(0.,-0.258819045102524,-0.965925826289068));
#9705=DIRECTION('center_axis',(0.,-0.258819045102524,-0.965925826289068));
#9706=DIRECTION('ref_axis',(-0.972484321390337,0.225030130524854,-0.0602966417468054));
#9707=DIRECTION('center_axis',(1.03397576569128E-25,-0.258819045102521,
-0.965925826289068));
#9708=DIRECTION('ref_axis',(-0.972484321390337,0.225030130524854,-0.0602966417468054));
#9709=DIRECTION('center_axis',(-5.39837252687034E-18,0.258819045102521,
0.965925826289068));
#9710=DIRECTION('ref_axis',(-0.972484321390337,0.225030130524854,-0.0602966417468048));
#9711=DIRECTION('',(0.,-0.258819045102524,-0.965925826289068));
#9712=DIRECTION('center_axis',(0.,-0.258819045102524,-0.965925826289068));
#9713=DIRECTION('ref_axis',(1.,-2.67612620335369E-26,7.17065855032393E-27));
#9714=DIRECTION('center_axis',(-1.03397576569128E-25,0.258819045102521,
0.965925826289068));
#9715=DIRECTION('ref_axis',(1.,-2.67612620335369E-26,7.17065855032393E-27));
#9716=DIRECTION('center_axis',(1.03397576569128E-25,-0.258819045102521,
-0.965925826289068));
#9717=DIRECTION('ref_axis',(1.,0.,1.07045048134146E-25));
#9718=DIRECTION('',(0.,-0.258819045102524,-0.965925826289068));
#9719=DIRECTION('center_axis',(1.,-2.67612620335366E-26,7.17065855032388E-27));
#9720=DIRECTION('ref_axis',(-2.77052971410332E-26,-0.965925826289068,0.258819045102521));
#9721=DIRECTION('',(2.77052971410332E-26,0.965925826289068,-0.258819045102521));
#9722=DIRECTION('',(-2.77052971410332E-26,-0.965925826289068,0.258819045102521));
#9723=DIRECTION('',(0.,-0.258819045102524,-0.965925826289068));
#9724=DIRECTION('center_axis',(0.,-0.258819045102524,-0.965925826289068));
#9725=DIRECTION('ref_axis',(0.444444444444445,0.86528255303119,-0.23185176130945));
#9726=DIRECTION('center_axis',(-1.03397576569128E-25,0.258819045102521,
0.965925826289068));
#9727=DIRECTION('ref_axis',(0.444444444444445,0.86528255303119,-0.23185176130945));
#9728=DIRECTION('center_axis',(7.89491929656312E-17,-0.258819045102521,
-0.965925826289068));
#9729=DIRECTION('ref_axis',(0.444444444444445,0.865282553031191,-0.231851761309448));
#9730=DIRECTION('',(0.,-0.258819045102524,-0.965925826289068));
#9731=DIRECTION('center_axis',(0.,-0.258819045102524,-0.965925826289068));
#9732=DIRECTION('ref_axis',(-0.444444444444448,-0.865282553031189,0.23185176130945));
#9733=DIRECTION('center_axis',(1.03397576569128E-25,-0.258819045102521,
-0.965925826289068));
#9734=DIRECTION('ref_axis',(-0.444444444444448,-0.865282553031189,0.23185176130945));
#9735=DIRECTION('center_axis',(-3.94745964414568E-16,0.25881904510252,0.965925826289069));
#9736=DIRECTION('ref_axis',(-0.444444444444448,-0.86528255303119,0.231851761309446));
#9737=DIRECTION('',(0.,-0.258819045102524,-0.965925826289068));
#9738=DIRECTION('center_axis',(0.,-0.258819045102524,-0.965925826289068));
#9739=DIRECTION('ref_axis',(1.,-3.43165789579061E-15,9.1950996187699E-16));
#9740=DIRECTION('center_axis',(-1.03397576569128E-25,0.258819045102521,
0.965925826289068));
#9741=DIRECTION('ref_axis',(1.,-3.43165789579061E-15,9.1950996187699E-16));
#9742=DIRECTION('center_axis',(1.03397742499096E-25,-0.258819045102521,
-0.965925826289068));
#9743=DIRECTION('ref_axis',(1.,-3.43165789576385E-15,9.19509961976855E-16));
#9744=DIRECTION('',(0.,-0.258819045102524,-0.965925826289068));
#9745=DIRECTION('center_axis',(1.,-2.67612620335366E-26,7.17065855032387E-27));
#9746=DIRECTION('ref_axis',(-2.77052971410332E-26,-0.965925826289068,0.258819045102521));
#9747=DIRECTION('',(2.77052971410331E-26,0.965925826289068,-0.258819045102521));
#9748=DIRECTION('',(-2.77052971410331E-26,-0.965925826289068,0.258819045102521));
#9749=DIRECTION('',(0.,-0.258819045102524,-0.965925826289068));
#9750=DIRECTION('center_axis',(0.,-0.258819045102524,-0.965925826289068));
#9751=DIRECTION('ref_axis',(0.444444444444448,0.865282553031189,-0.23185176130945));
#9752=DIRECTION('center_axis',(-1.03397576569128E-25,0.258819045102521,
0.965925826289068));
#9753=DIRECTION('ref_axis',(0.444444444444448,0.865282553031189,-0.23185176130945));
#9754=DIRECTION('center_axis',(-7.89491918282582E-18,-0.258819045102521,
-0.965925826289068));
#9755=DIRECTION('ref_axis',(0.444444444444448,0.86528255303119,-0.231851761309447));
#9756=DIRECTION('',(0.,-0.258819045102524,-0.965925826289068));
#9757=DIRECTION('center_axis',(0.,-0.258819045102524,-0.965925826289068));
#9758=DIRECTION('ref_axis',(-0.444444444444448,-0.865282553031189,0.23185176130945));
#9759=DIRECTION('center_axis',(1.03397576569128E-25,-0.258819045102521,
-0.965925826289068));
#9760=DIRECTION('ref_axis',(-0.444444444444448,-0.865282553031189,0.23185176130945));
#9761=DIRECTION('center_axis',(-9.86864921117684E-18,0.258819045102521,
0.965925826289068));
#9762=DIRECTION('ref_axis',(-0.444444444444448,-0.865282553031189,0.231851761309447));
#9763=DIRECTION('',(0.,-0.258819045102524,-0.965925826289068));
#9764=DIRECTION('center_axis',(0.,-0.258819045102524,-0.965925826289068));
#9765=DIRECTION('ref_axis',(1.,2.78822204028136E-15,-7.47101844012057E-16));
#9766=DIRECTION('center_axis',(-1.03397576569128E-25,0.258819045102521,
0.965925826289068));
#9767=DIRECTION('ref_axis',(1.,2.78822204028136E-15,-7.47101844012057E-16));
#9768=DIRECTION('center_axis',(1.03397505840824E-25,-0.258819045102521,
-0.965925826289068));
#9769=DIRECTION('ref_axis',(1.,2.78822204030813E-15,-7.47101843912176E-16));
#9770=DIRECTION('',(0.,-0.258819045102524,-0.965925826289068));
#9771=DIRECTION('center_axis',(1.,-2.67612620335366E-26,7.17065855032387E-27));
#9772=DIRECTION('ref_axis',(-2.77052971410332E-26,-0.965925826289068,0.258819045102521));
#9773=DIRECTION('',(2.77052971410331E-26,0.965925826289068,-0.258819045102521));
#9774=DIRECTION('',(-2.77052971410331E-26,-0.965925826289068,0.258819045102521));
#9775=DIRECTION('',(0.,-0.258819045102524,-0.965925826289068));
#9776=DIRECTION('center_axis',(0.,-0.258819045102524,-0.965925826289068));
#9777=DIRECTION('ref_axis',(0.44444444444445,0.865282553031188,-0.23185176130945));
#9778=DIRECTION('center_axis',(-1.03397576569128E-25,0.258819045102521,
0.965925826289068));
#9779=DIRECTION('ref_axis',(0.44444444444445,0.865282553031188,-0.23185176130945));
#9780=DIRECTION('center_axis',(7.89491938962094E-18,-0.258819045102521,
-0.965925826289068));
#9781=DIRECTION('ref_axis',(0.44444444444445,0.865282553031188,-0.231851761309447));
#9782=DIRECTION('',(0.,-0.258819045102524,-0.965925826289068));
#9783=DIRECTION('center_axis',(0.,-0.258819045102524,-0.965925826289068));
#9784=DIRECTION('ref_axis',(-0.444444444444447,-0.865282553031189,0.23185176130945));
#9785=DIRECTION('center_axis',(1.03397576569128E-25,-0.258819045102521,
-0.965925826289068));
#9786=DIRECTION('ref_axis',(-0.444444444444447,-0.865282553031189,0.23185176130945));
#9787=DIRECTION('center_axis',(9.86864900438156E-18,0.258819045102521,0.965925826289068));
#9788=DIRECTION('ref_axis',(-0.444444444444447,-0.86528255303119,0.231851761309447));
#9789=DIRECTION('',(0.,-0.258819045102524,-0.965925826289068));
#9790=DIRECTION('center_axis',(0.,-0.258819045102524,-0.965925826289068));
#9791=DIRECTION('ref_axis',(1.,1.71582894785516E-15,-4.59754980927739E-16));
#9792=DIRECTION('center_axis',(-1.03397576569128E-25,0.258819045102521,
0.965925826289068));
#9793=DIRECTION('ref_axis',(1.,1.71582894785516E-15,-4.59754980927739E-16));
#9794=DIRECTION('center_axis',(1.03397663613005E-25,-0.258819045102521,
-0.965925826289068));
#9795=DIRECTION('ref_axis',(1.,1.71582894788192E-15,-4.5975498082786E-16));
#9796=DIRECTION('',(0.,-0.258819045102524,-0.965925826289068));
#9797=DIRECTION('center_axis',(1.,5.37928524628925E-16,-1.44137513759987E-16));
#9798=DIRECTION('ref_axis',(5.56904588311465E-16,-0.965925826289068,0.258819045102521));
#9799=DIRECTION('',(-5.56904588311465E-16,0.965925826289068,-0.258819045102521));
#9800=DIRECTION('',(5.56904588311465E-16,-0.965925826289068,0.258819045102521));
#9801=DIRECTION('',(0.,-0.258819045102524,-0.965925826289068));
#9802=DIRECTION('center_axis',(0.,-0.258819045102524,-0.965925826289068));
#9803=DIRECTION('ref_axis',(0.44444444444445,0.865282553031188,-0.23185176130945));
#9804=DIRECTION('center_axis',(-1.03397576569128E-25,0.258819045102521,
0.965925826289068));
#9805=DIRECTION('ref_axis',(0.44444444444445,0.865282553031188,-0.23185176130945));
#9806=DIRECTION('center_axis',(7.89491938962103E-18,-0.258819045102521,
-0.965925826289068));
#9807=DIRECTION('ref_axis',(0.44444444444445,0.865282553031188,-0.231851761309447));
#9808=DIRECTION('',(0.,-0.258819045102524,-0.965925826289068));
#9809=DIRECTION('center_axis',(0.,-0.258819045102524,-0.965925826289068));
#9810=DIRECTION('ref_axis',(-0.44444444444445,-0.865282553031188,0.23185176130945));
#9811=DIRECTION('center_axis',(1.03397576569128E-25,-0.258819045102521,
-0.965925826289068));
#9812=DIRECTION('ref_axis',(-0.44444444444445,-0.865282553031188,0.23185176130945));
#9813=DIRECTION('center_axis',(9.86864900438173E-18,0.258819045102521,0.965925826289068));
#9814=DIRECTION('ref_axis',(-0.44444444444445,-0.865282553031189,0.231851761309447));
#9815=DIRECTION('',(0.,-0.258819045102524,-0.965925826289068));
#9816=DIRECTION('center_axis',(0.,-0.258819045102524,-0.965925826289068));
#9817=DIRECTION('ref_axis',(1.,-2.67612620335369E-26,7.17065855032393E-27));
#9818=DIRECTION('center_axis',(-1.03397576569128E-25,0.258819045102521,
0.965925826289068));
#9819=DIRECTION('ref_axis',(1.,-2.67612620335369E-26,7.17065855032393E-27));
#9820=DIRECTION('center_axis',(1.03397576569128E-25,-0.258819045102521,
-0.965925826289068));
#9821=DIRECTION('ref_axis',(1.,0.,1.07045048134146E-25));
#9822=DIRECTION('',(0.,-0.258819045102524,-0.965925826289068));
#9823=DIRECTION('center_axis',(1.,-2.67612620335366E-26,7.17065855032389E-27));
#9824=DIRECTION('ref_axis',(-2.77052971410332E-26,-0.965925826289068,0.258819045102521));
#9825=DIRECTION('',(2.77052971410332E-26,0.965925826289068,-0.258819045102521));
#9826=DIRECTION('',(-2.77052971410332E-26,-0.965925826289068,0.258819045102521));
#9827=DIRECTION('',(0.,-0.258819045102524,-0.965925826289068));
#9828=DIRECTION('center_axis',(0.,-0.258819045102524,-0.965925826289068));
#9829=DIRECTION('ref_axis',(0.232968348802887,0.939347718268387,-0.251697462522035));
#9830=DIRECTION('center_axis',(-1.03397576569128E-25,0.258819045102521,
0.965925826289068));
#9831=DIRECTION('ref_axis',(0.232968348802887,0.939347718268387,-0.251697462522035));
#9832=DIRECTION('center_axis',(4.55218412769746E-17,-0.258819045102521,
-0.965925826289068));
#9833=DIRECTION('ref_axis',(0.232968348802887,0.939347718268388,-0.251697462522032));
#9834=DIRECTION('',(0.,-0.258819045102524,-0.965925826289068));
#9835=DIRECTION('center_axis',(0.,-0.258819045102524,-0.965925826289068));
#9836=DIRECTION('ref_axis',(-0.232968348802888,-0.939347718268387,0.251697462522035));
#9837=DIRECTION('center_axis',(1.03397576569128E-25,-0.258819045102521,
-0.965925826289068));
#9838=DIRECTION('ref_axis',(-0.232968348802888,-0.939347718268387,0.251697462522035));
#9839=DIRECTION('center_axis',(-2.01744523486296E-16,0.25881904510252,0.965925826289069));
#9840=DIRECTION('ref_axis',(-0.232968348802888,-0.939347718268388,0.251697462522031));
#9841=DIRECTION('',(0.,-0.258819045102524,-0.965925826289068));
#9842=DIRECTION('center_axis',(0.,-0.258819045102524,-0.965925826289068));
#9843=DIRECTION('ref_axis',(-1.77635683937255E-15,0.965925826289068,-0.258819045102524));
#9844=DIRECTION('center_axis',(-1.03397576569128E-25,0.258819045102521,
0.965925826289068));
#9845=DIRECTION('ref_axis',(-1.77635683937255E-15,0.965925826289068,-0.258819045102524));
#9846=DIRECTION('center_axis',(1.03397497683038E-25,-0.258819045102521,
-0.965925826289068));
#9847=DIRECTION('ref_axis',(-1.77635683937254E-15,0.965925826289068,-0.258819045102521));
#9848=DIRECTION('',(0.,-0.258819045102524,-0.965925826289068));
#9849=DIRECTION('center_axis',(-1.76006446546061E-15,0.965925826289068,
-0.258819045102524));
#9850=DIRECTION('ref_axis',(1.,1.70281673369918E-15,-4.45368326344423E-16));
#9851=DIRECTION('',(-1.,-1.70009172314883E-15,4.55538204169519E-16));
#9852=DIRECTION('',(1.,1.70281673369918E-15,-4.45368326344423E-16));
#9853=DIRECTION('',(0.,-0.258819045102524,-0.965925826289068));
#9854=DIRECTION('center_axis',(0.,-0.258819045102524,-0.965925826289068));
#9855=DIRECTION('ref_axis',(-0.895806416477617,0.429300367239584,-0.115030686712232));
#9856=DIRECTION('center_axis',(-1.03397576569128E-25,0.258819045102521,
0.965925826289068));
#9857=DIRECTION('ref_axis',(-0.895806416477617,0.429300367239584,-0.115030686712232));
#9858=DIRECTION('center_axis',(-1.59127185365467E-16,-0.258819045102521,
-0.965925826289068));
#9859=DIRECTION('ref_axis',(-0.895806416477617,0.429300367239585,-0.115030686712231));
#9860=DIRECTION('',(0.,-0.258819045102524,-0.965925826289068));
#9861=DIRECTION('center_axis',(0.,-0.258819045102524,-0.965925826289068));
#9862=DIRECTION('ref_axis',(0.895806416477616,-0.429300367239587,0.115030686712233));
#9863=DIRECTION('center_axis',(1.03397576569128E-25,-0.258819045102521,
-0.965925826289068));
#9864=DIRECTION('ref_axis',(0.895806416477616,-0.429300367239587,0.115030686712233));
#9865=DIRECTION('center_axis',(7.95635927240922E-16,0.25881904510252,0.965925826289068));
#9866=DIRECTION('ref_axis',(0.895806416477616,-0.429300367239588,0.115030686712231));
#9867=DIRECTION('',(0.,-0.258819045102524,-0.965925826289068));
#9868=DIRECTION('center_axis',(0.,-0.258819045102524,-0.965925826289068));
#9869=DIRECTION('ref_axis',(-2.66453525907267E-15,0.965925826289068,-0.258819045102524));
#9870=DIRECTION('center_axis',(-1.03397576569128E-25,0.258819045102521,
0.965925826289068));
#9871=DIRECTION('ref_axis',(-2.66453525907267E-15,0.965925826289068,-0.258819045102524));
#9872=DIRECTION('center_axis',(1.03397517404561E-25,-0.258819045102521,
-0.965925826289068));
#9873=DIRECTION('ref_axis',(-2.66453525907267E-15,0.965925826289068,-0.258819045102521));
#9874=DIRECTION('',(0.,-0.258819045102524,-0.965925826289068));
#9875=DIRECTION('center_axis',(-1.93409016220638E-15,0.965925826289068,
-0.258819045102524));
#9876=DIRECTION('ref_axis',(1.,1.99674201690908E-15,-2.08078954748007E-17));
#9877=DIRECTION('',(-1.,-1.86818763807352E-15,5.00579368824561E-16));
#9878=DIRECTION('',(1.,1.99674201690908E-15,-2.08078954748007E-17));
#9879=DIRECTION('',(0.,-0.258819045102524,-0.965925826289068));
#9880=DIRECTION('center_axis',(0.,-0.258819045102524,-0.965925826289068));
#9881=DIRECTION('ref_axis',(-0.895806412837994,0.429300374325515,-0.115030688610902));
#9882=DIRECTION('center_axis',(-1.03397576569128E-25,0.258819045102521,
0.965925826289068));
#9883=DIRECTION('ref_axis',(-0.895806412837994,0.429300374325515,-0.115030688610902));
#9884=DIRECTION('center_axis',(1.03397750720402E-25,-0.258819045102521,
-0.965925826289068));
#9885=DIRECTION('ref_axis',(-0.895806412837994,0.429300374325515,-0.115030688610901));
#9886=DIRECTION('center_axis',(1.03397576569128E-25,-0.258819045102521,
-0.965925826289068));
#9887=DIRECTION('ref_axis',(-1.,0.,-1.07045048134146E-25));
#9888=DIRECTION('center_axis',(-1.,-1.55431223447522E-15,2.22044604925031E-16));
#9889=DIRECTION('ref_axis',(-2.22044604925031E-16,6.12323399573673E-17,
-1.));
#9890=DIRECTION('center_axis',(1.60999109311201E-15,-1.,0.));
#9891=DIRECTION('ref_axis',(5.14537349832865E-15,2.62822428483379E-16,1.));
#9892=DIRECTION('center_axis',(1.60999109311201E-15,-1.,-6.12323399573677E-17));
#9893=DIRECTION('ref_axis',(1.,1.60999109311201E-15,-3.27390219104512E-32));
#9894=DIRECTION('center_axis',(-1.60999109311201E-15,1.,6.12323399573677E-17));
#9895=DIRECTION('ref_axis',(1.,2.1446598961211E-15,0.));
#9896=DIRECTION('center_axis',(-1.60999109311201E-15,1.,6.12323399573677E-17));
#9897=DIRECTION('ref_axis',(1.,2.1446598961211E-15,0.));
#9898=DIRECTION('center_axis',(1.60999109311201E-15,-1.,-6.12323399573677E-17));
#9899=DIRECTION('ref_axis',(1.,1.60999109311201E-15,-3.27390219104512E-32));
#9900=DIRECTION('center_axis',(-1.60999109311201E-15,1.,6.12323399573677E-17));
#9901=DIRECTION('ref_axis',(1.,1.60999109311201E-15,-2.1907449320393E-32));
#9902=DIRECTION('center_axis',(-1.60999109311201E-15,1.,6.12323399573677E-17));
#9903=DIRECTION('ref_axis',(1.,1.60999109311201E-15,-2.1907449320393E-32));
#9904=DIRECTION('center_axis',(-2.1446598961211E-15,1.,0.));
#9905=DIRECTION('ref_axis',(1.,2.1446598961211E-15,0.));
#9906=DIRECTION('',(-2.1446598961211E-15,1.,0.));
#9907=DIRECTION('center_axis',(0.,0.,1.));
#9908=DIRECTION('ref_axis',(1.,2.14665479081601E-15,0.));
#9909=DIRECTION('',(-1.,-1.60999109311201E-15,0.));
#9910=DIRECTION('center_axis',(-3.41607093274735E-16,-0.258819045102521,
-0.965925826289068));
#9911=DIRECTION('ref_axis',(-1.,8.84144216816146E-17,3.29967113837605E-16));
#9912=DIRECTION('center_axis',(0.,-0.25881904510252,-0.965925826289069));
#9913=DIRECTION('ref_axis',(-1.,-1.59538292892237E-26,-5.95405014826634E-26));
#9914=DIRECTION('center_axis',(1.03397576569128E-25,-0.258819045102521,
-0.965925826289068));
#9915=DIRECTION('ref_axis',(-1.,-2.67612620335366E-26,-9.98743895838226E-26));
#9916=DIRECTION('',(-0.70710678118655,0.183012701892218,0.683012701892217));
#9917=DIRECTION('center_axis',(-1.03397576569128E-25,0.258819045102521,
0.965925826289068));
#9918=DIRECTION('ref_axis',(-1.,3.41649911302051E-42,0.));
#9919=DIRECTION('center_axis',(1.03397576569128E-25,-0.258819045102521,
-0.965925826289068));
#9920=DIRECTION('ref_axis',(-1.,-2.67612620335366E-26,-9.98743895838226E-26));
#9921=DIRECTION('',(1.,1.57249432515487E-15,-3.51899191637303E-16));
#9922=DIRECTION('center_axis',(1.03397576569128E-25,-0.258819045102521,
-0.965925826289068));
#9923=DIRECTION('ref_axis',(-1.,-2.67612620335366E-26,-9.98743895838226E-26));
#9924=DIRECTION('',(1.,1.57249432515487E-15,-3.51899191637303E-16));
#9925=DIRECTION('center_axis',(1.03397576569128E-25,-0.258819045102521,
-0.965925826289068));
#9926=DIRECTION('ref_axis',(-1.,-2.67612620335366E-26,-9.98743895838226E-26));
#9927=DIRECTION('',(1.,1.57249432515487E-15,-3.51899191637303E-16));
#9928=DIRECTION('center_axis',(1.03397576569128E-25,-0.258819045102521,
-0.965925826289068));
#9929=DIRECTION('ref_axis',(-1.,-2.67612620335366E-26,-9.98743895838226E-26));
#9930=DIRECTION('center_axis',(9.3492465231592E-16,-0.258819045102521,-0.965925826289068));
#9931=DIRECTION('ref_axis',(1.,2.04811204036776E-15,4.1911525579585E-16));
#9932=DIRECTION('center_axis',(1.03397576569128E-25,-0.258819045102521,
-0.965925826289068));
#9933=DIRECTION('ref_axis',(-1.,-2.67612620335366E-26,-9.98743895838226E-26));
#9934=DIRECTION('center_axis',(9.3492465231592E-16,-0.258819045102521,-0.965925826289068));
#9935=DIRECTION('ref_axis',(1.,2.04811204036776E-15,4.1911525579585E-16));
#9936=DIRECTION('center_axis',(1.03397576569128E-25,-0.258819045102521,
-0.965925826289068));
#9937=DIRECTION('ref_axis',(-1.,-2.67612620335366E-26,-9.98743895838226E-26));
#9938=DIRECTION('center_axis',(1.03397576569128E-25,-0.258819045102521,
-0.965925826289068));
#9939=DIRECTION('ref_axis',(-1.,-2.67612620335366E-26,-9.98743895838226E-26));
#9940=DIRECTION('center_axis',(-2.62743462060903E-46,-0.258819045102521,
-0.965925826289068));
#9941=DIRECTION('ref_axis',(9.34924652315919E-16,-0.965925826289068,0.258819045102521));
#9942=DIRECTION('center_axis',(1.03397576569128E-25,-0.258819045102521,
-0.965925826289068));
#9943=DIRECTION('ref_axis',(-1.,-2.67612620335366E-26,-9.98743895838226E-26));
#9944=DIRECTION('center_axis',(-2.62743462060903E-46,-0.258819045102521,
-0.965925826289068));
#9945=DIRECTION('ref_axis',(9.34924652315919E-16,-0.965925826289068,0.258819045102521));
#9946=DIRECTION('center_axis',(1.03397576569128E-25,-0.258819045102521,
-0.965925826289068));
#9947=DIRECTION('ref_axis',(-1.,-2.67612620335366E-26,-9.98743895838226E-26));
#9948=DIRECTION('center_axis',(1.03397576569128E-25,-0.258819045102521,
-0.965925826289068));
#9949=DIRECTION('ref_axis',(-1.,-2.67612620335366E-26,-9.98743895838226E-26));
#9950=DIRECTION('center_axis',(1.03397576569128E-25,-0.258819045102521,
-0.965925826289068));
#9951=DIRECTION('ref_axis',(-1.,-2.67612620335366E-26,-9.98743895838226E-26));
#9952=DIRECTION('center_axis',(1.03397576569128E-25,-0.258819045102521,
-0.965925826289068));
#9953=DIRECTION('ref_axis',(-1.,-2.67612620335366E-26,-9.98743895838226E-26));
#9954=DIRECTION('center_axis',(-4.67462326157961E-16,-0.258819045102521,
-0.965925826289068));
#9955=DIRECTION('ref_axis',(-1.,1.02405602018388E-15,2.09557627897925E-16));
#9956=DIRECTION('center_axis',(1.03397576569128E-25,-0.258819045102521,
-0.965925826289068));
#9957=DIRECTION('ref_axis',(-1.,-2.67612620335366E-26,-9.98743895838226E-26));
#9958=DIRECTION('center_axis',(-4.67462326157961E-16,-0.258819045102521,
-0.965925826289068));
#9959=DIRECTION('ref_axis',(-1.,1.02405602018388E-15,2.09557627897925E-16));
#9960=DIRECTION('center_axis',(1.03397576569128E-25,-0.258819045102521,
-0.965925826289068));
#9961=DIRECTION('ref_axis',(-1.,-2.67612620335366E-26,-9.98743895838226E-26));
#9962=DIRECTION('center_axis',(1.03397576569128E-25,-0.258819045102521,
-0.965925826289068));
#9963=DIRECTION('ref_axis',(-1.,-2.67612620335366E-26,-9.98743895838226E-26));
#9964=DIRECTION('center_axis',(1.03397576569128E-25,-0.258819045102521,
-0.965925826289068));
#9965=DIRECTION('ref_axis',(-1.,-2.67612620335366E-26,-9.98743895838226E-26));
#9966=DIRECTION('center_axis',(1.03397576569128E-25,-0.258819045102521,
-0.965925826289068));
#9967=DIRECTION('ref_axis',(-1.,-2.67612620335366E-26,-9.98743895838226E-26));
#9968=DIRECTION('center_axis',(1.03397576569128E-25,-0.258819045102521,
-0.965925826289068));
#9969=DIRECTION('ref_axis',(-1.,-2.67612620335366E-26,-9.98743895838226E-26));
#9970=DIRECTION('center_axis',(1.03397576569128E-25,-0.258819045102521,
-0.965925826289068));
#9971=DIRECTION('ref_axis',(-1.,-2.67612620335366E-26,-9.98743895838226E-26));
#9972=DIRECTION('center_axis',(1.03397576569128E-25,-0.258819045102521,
-0.965925826289068));
#9973=DIRECTION('ref_axis',(1.,2.67612620335366E-26,9.98743895838226E-26));
#9974=DIRECTION('center_axis',(1.03397576569128E-25,-0.258819045102521,
-0.965925826289068));
#9975=DIRECTION('ref_axis',(1.,2.67612620335366E-26,9.98743895838226E-26));
#9976=DIRECTION('center_axis',(1.03397576569128E-25,-0.258819045102521,
-0.965925826289068));
#9977=DIRECTION('ref_axis',(1.,2.67612620335366E-26,9.98743895838226E-26));
#9978=DIRECTION('center_axis',(1.03397576569128E-25,-0.258819045102521,
-0.965925826289068));
#9979=DIRECTION('ref_axis',(-1.,-2.67612620335366E-26,-9.98743895838226E-26));
#9980=DIRECTION('center_axis',(1.03397576569128E-25,-0.258819045102521,
-0.965925826289068));
#9981=DIRECTION('ref_axis',(-1.,-2.67612620335366E-26,-9.98743895838226E-26));
#9982=DIRECTION('center_axis',(1.03397576569128E-25,-0.258819045102521,
-0.965925826289068));
#9983=DIRECTION('ref_axis',(-1.,-2.67612620335366E-26,-9.98743895838226E-26));
#9984=DIRECTION('center_axis',(1.03397576569128E-25,-0.258819045102521,
-0.965925826289068));
#9985=DIRECTION('ref_axis',(-1.,-2.67612620335366E-26,-9.98743895838226E-26));
#9986=DIRECTION('center_axis',(1.03397576569128E-25,-0.258819045102521,
-0.965925826289068));
#9987=DIRECTION('ref_axis',(1.,2.67612620335366E-26,9.98743895838226E-26));
#9988=DIRECTION('center_axis',(1.03397576569128E-25,-0.258819045102521,
-0.965925826289068));
#9989=DIRECTION('ref_axis',(-1.,-2.67612620335366E-26,-9.98743895838226E-26));
#9990=DIRECTION('center_axis',(0.,0.258819045102521,0.965925826289068));
#9991=DIRECTION('ref_axis',(-1.,3.41649911302051E-42,0.));
#9992=DIRECTION('center_axis',(-1.03397576569128E-25,0.258819045102521,
0.965925826289068));
#9993=DIRECTION('ref_axis',(-1.,3.41649911302051E-42,0.));
#9994=DIRECTION('',(0.,-0.258819045102521,-0.965925826289068));
#9995=DIRECTION('center_axis',(0.,-0.258819045102521,-0.965925826289068));
#9996=DIRECTION('ref_axis',(-1.,-1.59538292892237E-26,-5.95405014826635E-26));
#9997=DIRECTION('',(-0.707106781186547,0.18301270189222,0.68301270189222));
#9998=DIRECTION('center_axis',(-1.03397576569128E-25,0.258819045102521,
0.965925826289068));
#9999=DIRECTION('ref_axis',(-1.,3.41649911302051E-42,0.));
#10000=DIRECTION('center_axis',(0.,0.258819045102521,0.965925826289068));
#10001=DIRECTION('ref_axis',(-1.,3.41649911302051E-42,0.));
#10002=DIRECTION('center_axis',(-1.03397576569128E-25,0.258819045102521,
0.965925826289068));
#10003=DIRECTION('ref_axis',(-1.,3.41649911302051E-42,0.));
#10004=DIRECTION('',(0.,-0.258819045102521,-0.965925826289068));
#10005=DIRECTION('center_axis',(0.,-0.258819045102522,-0.965925826289068));
#10006=DIRECTION('ref_axis',(-1.,-1.59538292892237E-26,-5.95405014826635E-26));
#10007=DIRECTION('',(-0.707106781186551,0.18301270189222,0.683012701892216));
#10008=DIRECTION('center_axis',(-1.03397576569128E-25,0.258819045102521,
0.965925826289068));
#10009=DIRECTION('ref_axis',(-1.,3.41649911302051E-42,0.));
#10010=DIRECTION('center_axis',(0.,0.258819045102521,0.965925826289068));
#10011=DIRECTION('ref_axis',(-1.,3.41649911302051E-42,0.));
#10012=DIRECTION('center_axis',(-1.03397576569128E-25,0.258819045102521,
0.965925826289068));
#10013=DIRECTION('ref_axis',(-1.,3.41649911302051E-42,0.));
#10014=DIRECTION('',(0.,-0.258819045102521,-0.965925826289068));
#10015=DIRECTION('center_axis',(0.,-0.258819045102518,-0.965925826289069));
#10016=DIRECTION('ref_axis',(-1.,-1.59538292892238E-26,-5.95405014826636E-26));
#10017=DIRECTION('',(-0.707106781186553,0.183012701892216,0.683012701892215));
#10018=DIRECTION('center_axis',(-1.03397576569128E-25,0.258819045102521,
0.965925826289068));
#10019=DIRECTION('ref_axis',(-1.,-6.83299822604101E-42,0.));
#10020=DIRECTION('center_axis',(0.,0.258819045102521,0.965925826289068));
#10021=DIRECTION('ref_axis',(-1.,-6.83299822604101E-42,0.));
#10022=DIRECTION('center_axis',(-1.03397576569128E-25,0.258819045102521,
0.965925826289068));
#10023=DIRECTION('ref_axis',(-1.,-6.83299822604101E-42,0.));
#10024=DIRECTION('',(0.,-0.258819045102521,-0.965925826289068));
#10025=DIRECTION('center_axis',(0.,-0.258819045102522,-0.965925826289068));
#10026=DIRECTION('ref_axis',(1.,1.59538292892237E-26,5.95405014826635E-26));
#10027=DIRECTION('',(0.707106781186554,0.183012701892218,0.683012701892212));
#10028=DIRECTION('center_axis',(-1.03397576569128E-25,0.258819045102521,
0.965925826289068));
#10029=DIRECTION('ref_axis',(1.,6.83299822604101E-42,0.));
#10030=DIRECTION('center_axis',(-1.03397576569128E-25,0.258819045102521,
0.965925826289068));
#10031=DIRECTION('ref_axis',(1.,6.83299822604101E-42,0.));
#10032=DIRECTION('center_axis',(0.,0.258819045102521,0.965925826289068));
#10033=DIRECTION('ref_axis',(-1.,-6.83299822604101E-42,0.));
#10034=DIRECTION('center_axis',(-1.03397576569128E-25,0.258819045102521,
0.965925826289068));
#10035=DIRECTION('ref_axis',(-1.,-6.83299822604101E-42,0.));
#10036=DIRECTION('',(0.,-0.258819045102521,-0.965925826289068));
#10037=DIRECTION('center_axis',(0.,-0.258819045102523,-0.965925826289068));
#10038=DIRECTION('ref_axis',(-1.,-1.59538292892238E-26,-5.95405014826635E-26));
#10039=DIRECTION('',(-0.707106781186557,0.183012701892219,0.68301270189221));
#10040=DIRECTION('center_axis',(-1.03397576569128E-25,0.258819045102521,
0.965925826289068));
#10041=DIRECTION('ref_axis',(-1.,-6.83299822604101E-42,0.));
#10042=DIRECTION('center_axis',(0.,0.258819045102521,0.965925826289068));
#10043=DIRECTION('ref_axis',(-1.,-6.83299822604101E-42,0.));
#10044=DIRECTION('center_axis',(-1.03397576569128E-25,0.258819045102521,
0.965925826289068));
#10045=DIRECTION('ref_axis',(-1.,-6.83299822604101E-42,0.));
#10046=DIRECTION('',(0.,-0.258819045102521,-0.965925826289068));
#10047=DIRECTION('center_axis',(0.,-0.258819045102522,-0.965925826289068));
#10048=DIRECTION('ref_axis',(-1.,-1.59538292892238E-26,-5.95405014826635E-26));
#10049=DIRECTION('',(-0.707106781186556,0.183012701892218,0.683012701892211));
#10050=DIRECTION('center_axis',(-1.03397576569128E-25,0.258819045102521,
0.965925826289068));
#10051=DIRECTION('ref_axis',(-1.,-6.83299822604101E-42,0.));
#10052=DIRECTION('center_axis',(0.,0.258819045102521,0.965925826289068));
#10053=DIRECTION('ref_axis',(-1.,-6.83299822604101E-42,0.));
#10054=DIRECTION('center_axis',(-1.03397576569128E-25,0.258819045102521,
0.965925826289068));
#10055=DIRECTION('ref_axis',(-1.,-6.83299822604101E-42,0.));
#10056=DIRECTION('',(0.,-0.258819045102521,-0.965925826289068));
#10057=DIRECTION('center_axis',(0.,-0.258819045102524,-0.965925826289068));
#10058=DIRECTION('ref_axis',(-1.,-1.59538292892237E-26,-5.95405014826635E-26));
#10059=DIRECTION('',(-0.707106781186556,0.183012701892219,0.68301270189221));
#10060=DIRECTION('center_axis',(-1.03397576569128E-25,0.258819045102521,
0.965925826289068));
#10061=DIRECTION('ref_axis',(-1.,-6.83299822604101E-42,0.));
#10062=DIRECTION('center_axis',(0.,0.258819045102521,0.965925826289068));
#10063=DIRECTION('ref_axis',(-1.,-6.83299822604101E-42,0.));
#10064=DIRECTION('center_axis',(-1.03397576569128E-25,0.258819045102521,
0.965925826289068));
#10065=DIRECTION('ref_axis',(-1.,-6.83299822604101E-42,0.));
#10066=DIRECTION('',(0.,-0.258819045102521,-0.965925826289068));
#10067=DIRECTION('center_axis',(0.,-0.258819045102524,-0.965925826289068));
#10068=DIRECTION('ref_axis',(-1.,-1.59538292892237E-26,-5.95405014826635E-26));
#10069=DIRECTION('',(-0.707106781186556,0.183012701892219,0.68301270189221));
#10070=DIRECTION('center_axis',(-1.03397576569128E-25,0.258819045102521,
0.965925826289068));
#10071=DIRECTION('ref_axis',(-1.,-6.83299822604101E-42,0.));
#10072=DIRECTION('center_axis',(0.,0.258819045102521,0.965925826289068));
#10073=DIRECTION('ref_axis',(-1.,-6.83299822604101E-42,0.));
#10074=DIRECTION('center_axis',(-1.03397576569128E-25,0.258819045102521,
0.965925826289068));
#10075=DIRECTION('ref_axis',(-1.,-6.83299822604101E-42,0.));
#10076=DIRECTION('',(0.,-0.258819045102521,-0.965925826289068));
#10077=DIRECTION('center_axis',(0.,-0.258819045102521,-0.965925826289068));
#10078=DIRECTION('ref_axis',(-1.,-1.59538292892237E-26,-5.95405014826635E-26));
#10079=DIRECTION('',(-0.707106781186553,0.183012701892218,0.683012701892214));
#10080=DIRECTION('center_axis',(-1.03397576569128E-25,0.258819045102521,
0.965925826289068));
#10081=DIRECTION('ref_axis',(-1.,3.41649911302051E-42,0.));
#10082=DIRECTION('center_axis',(0.,0.258819045102521,0.965925826289068));
#10083=DIRECTION('ref_axis',(-1.,3.41649911302051E-42,0.));
#10084=DIRECTION('center_axis',(-1.03397576569128E-25,0.258819045102521,
0.965925826289068));
#10085=DIRECTION('ref_axis',(-1.,3.41649911302051E-42,0.));
#10086=DIRECTION('',(0.,-0.258819045102521,-0.965925826289068));
#10087=DIRECTION('center_axis',(0.,-0.258819045102521,-0.965925826289068));
#10088=DIRECTION('ref_axis',(-1.,-1.59538292892237E-26,-5.95405014826635E-26));
#10089=DIRECTION('',(-0.707106781186552,0.183012701892219,0.683012701892215));
#10090=DIRECTION('center_axis',(-1.03397576569128E-25,0.258819045102521,
0.965925826289068));
#10091=DIRECTION('ref_axis',(-1.,3.41649911302051E-42,0.));
#10092=DIRECTION('center_axis',(0.,0.258819045102521,0.965925826289068));
#10093=DIRECTION('ref_axis',(-1.,3.41649911302051E-42,0.));
#10094=DIRECTION('center_axis',(-1.03397576569128E-25,0.258819045102521,
0.965925826289068));
#10095=DIRECTION('ref_axis',(-1.,3.41649911302051E-42,0.));
#10096=DIRECTION('',(0.,-0.258819045102521,-0.965925826289068));
#10097=DIRECTION('center_axis',(0.,-0.25881904510252,-0.965925826289069));
#10098=DIRECTION('ref_axis',(-1.,-1.59538292892237E-26,-5.95405014826635E-26));
#10099=DIRECTION('',(-0.707106781186552,0.183012701892218,0.683012701892215));
#10100=DIRECTION('center_axis',(-1.03397576569128E-25,0.258819045102521,
0.965925826289068));
#10101=DIRECTION('ref_axis',(-1.,3.41649911302051E-42,0.));
#10102=DIRECTION('center_axis',(0.,0.258819045102521,0.965925826289068));
#10103=DIRECTION('ref_axis',(-1.,3.41649911302051E-42,0.));
#10104=DIRECTION('center_axis',(-1.03397576569128E-25,0.258819045102521,
0.965925826289068));
#10105=DIRECTION('ref_axis',(-1.,3.41649911302051E-42,0.));
#10106=DIRECTION('',(0.,-0.258819045102521,-0.965925826289068));
#10107=DIRECTION('center_axis',(0.,-0.258819045102524,-0.965925826289067));
#10108=DIRECTION('ref_axis',(-1.,-1.59538292892237E-26,-5.95405014826635E-26));
#10109=DIRECTION('',(-0.707106781186545,0.183012701892222,0.683012701892221));
#10110=DIRECTION('center_axis',(-1.03397576569128E-25,0.258819045102521,
0.965925826289068));
#10111=DIRECTION('ref_axis',(-1.,-6.83299822604101E-42,0.));
#10112=DIRECTION('center_axis',(0.,0.258819045102521,0.965925826289068));
#10113=DIRECTION('ref_axis',(-1.,-6.83299822604101E-42,0.));
#10114=DIRECTION('center_axis',(-1.03397576569128E-25,0.258819045102521,
0.965925826289068));
#10115=DIRECTION('ref_axis',(-1.,-6.83299822604101E-42,0.));
#10116=DIRECTION('',(0.,-0.258819045102521,-0.965925826289068));
#10117=DIRECTION('center_axis',(0.,-0.258819045102518,-0.965925826289069));
#10118=DIRECTION('ref_axis',(1.,1.59538292892238E-26,5.95405014826635E-26));
#10119=DIRECTION('',(0.707106781186537,0.18301270189222,0.683012701892231));
#10120=DIRECTION('center_axis',(-1.03397576569128E-25,0.258819045102521,
0.965925826289068));
#10121=DIRECTION('ref_axis',(1.,6.83299822604101E-42,0.));
#10122=DIRECTION('center_axis',(-1.03397576569128E-25,0.258819045102521,
0.965925826289068));
#10123=DIRECTION('ref_axis',(1.,6.83299822604101E-42,0.));
#10124=DIRECTION('center_axis',(0.,0.258819045102521,0.965925826289068));
#10125=DIRECTION('ref_axis',(-1.,-6.83299822604101E-42,0.));
#10126=DIRECTION('center_axis',(-1.03397576569128E-25,0.258819045102521,
0.965925826289068));
#10127=DIRECTION('ref_axis',(-1.,-6.83299822604101E-42,0.));
#10128=DIRECTION('',(0.,-0.258819045102521,-0.965925826289068));
#10129=DIRECTION('center_axis',(0.,-0.258819045102522,-0.965925826289068));
#10130=DIRECTION('ref_axis',(1.,1.59538292892238E-26,5.95405014826635E-26));
#10131=DIRECTION('',(0.707106781186543,0.183012701892221,0.683012701892223));
#10132=DIRECTION('center_axis',(-1.03397576569128E-25,0.258819045102521,
0.965925826289068));
#10133=DIRECTION('ref_axis',(1.,6.83299822604101E-42,0.));
#10134=DIRECTION('center_axis',(-1.03397576569128E-25,0.258819045102521,
0.965925826289068));
#10135=DIRECTION('ref_axis',(1.,6.83299822604101E-42,0.));
#10136=DIRECTION('center_axis',(0.,0.258819045102521,0.965925826289068));
#10137=DIRECTION('ref_axis',(-1.,-6.83299822604101E-42,0.));
#10138=DIRECTION('center_axis',(-1.03397576569128E-25,0.258819045102521,
0.965925826289068));
#10139=DIRECTION('ref_axis',(-1.,-6.83299822604101E-42,0.));
#10140=DIRECTION('',(0.,-0.258819045102521,-0.965925826289068));
#10141=DIRECTION('center_axis',(0.,-0.258819045102522,-0.965925826289068));
#10142=DIRECTION('ref_axis',(1.,1.59538292892238E-26,5.95405014826635E-26));
#10143=DIRECTION('',(0.707106781186545,0.183012701892221,0.683012701892222));
#10144=DIRECTION('center_axis',(-1.03397576569128E-25,0.258819045102521,
0.965925826289068));
#10145=DIRECTION('ref_axis',(1.,6.83299822604101E-42,0.));
#10146=DIRECTION('center_axis',(-1.03397576569128E-25,0.258819045102521,
0.965925826289068));
#10147=DIRECTION('ref_axis',(1.,6.83299822604101E-42,0.));
#10148=DIRECTION('center_axis',(0.,0.258819045102521,0.965925826289068));
#10149=DIRECTION('ref_axis',(-1.,-6.83299822604101E-42,0.));
#10150=DIRECTION('center_axis',(-1.03397576569128E-25,0.258819045102521,
0.965925826289068));
#10151=DIRECTION('ref_axis',(-1.,-6.83299822604101E-42,0.));
#10152=DIRECTION('',(0.,-0.258819045102521,-0.965925826289068));
#10153=DIRECTION('center_axis',(0.,0.258819045102521,0.965925826289068));
#10154=DIRECTION('ref_axis',(-1.,2.86985925493723E-41,0.));
#10155=DIRECTION('',(0.,0.258819045102521,0.965925826289068));
#10156=DIRECTION('',(0.,-0.258819045102521,-0.965925826289068));
#10157=DIRECTION('center_axis',(5.9211894646675E-16,9.20337722757847E-31,
1.));
#10158=DIRECTION('ref_axis',(-2.67761513749937E-41,-1.,0.));
#10159=DIRECTION('center_axis',(-5.9211894646675E-16,-9.20337722757847E-31,
-1.));
#10160=DIRECTION('ref_axis',(1.,1.60999109311201E-15,-5.9211894646675E-16));
#10161=DIRECTION('',(1.,1.50812763584232E-15,-5.9211894646675E-16));
#10162=DIRECTION('center_axis',(5.9211894646675E-16,9.20337722757847E-31,
1.));
#10163=DIRECTION('ref_axis',(-2.67761513749937E-41,-1.,0.));
#10164=DIRECTION('',(1.55431223447522E-15,-1.,0.));
#10165=DIRECTION('',(-1.,-1.60999109311201E-15,5.9211894646675E-16));
#10166=DIRECTION('',(1.55431223447522E-15,-1.,0.));
#10167=DIRECTION('center_axis',(-1.60999109311201E-15,0.965925826289068,
-0.258819045102521));
#10168=DIRECTION('ref_axis',(1.,1.57249432515487E-15,-3.51899191637303E-16));
#10169=DIRECTION('',(0.,0.258819045102521,0.965925826289068));
#10170=DIRECTION('center_axis',(-1.60999109311201E-15,0.965925826289068,
-0.258819045102521));
#10171=DIRECTION('ref_axis',(1.,1.57249432515487E-15,-3.51899191637303E-16));
#10172=DIRECTION('center_axis',(1.60999109311201E-15,-0.965925826289068,
0.258819045102521));
#10173=DIRECTION('ref_axis',(-4.02285608318041E-16,0.258819045102521,0.965925826289068));
#10174=DIRECTION('',(2.4115024713768E-16,0.258819045102521,0.965925826289068));
#10175=DIRECTION('',(-0.25056280708573,0.250562807085731,0.93511312653103));
#10176=DIRECTION('',(1.,1.57249432515487E-15,-3.51899191637303E-16));
#10177=DIRECTION('center_axis',(0.,0.258819045102521,0.965925826289068));
#10178=DIRECTION('ref_axis',(-1.,2.86985925493723E-41,0.));
#10179=DIRECTION('',(0.,-0.258819045102521,-0.965925826289068));
#10180=DIRECTION('center_axis',(1.55431223447522E-15,-1.,0.));
#10181=DIRECTION('ref_axis',(-5.55111512312579E-16,-8.62816615085483E-31,
-1.));
#10182=DIRECTION('center_axis',(1.60999109311201E-15,-0.965925826289068,
0.258819045102521));
#10183=DIRECTION('ref_axis',(-1.33910937895061E-16,-0.258819045102521,-0.965925826289068));
#10184=DIRECTION('',(1.55431223447522E-15,-1.,0.));
#10185=DIRECTION('center_axis',(-1.60999109311201E-15,1.,6.12323399573677E-17));
#10186=DIRECTION('ref_axis',(-5.55111512312579E-16,-8.62816615085483E-31,
-1.));
#10187=DIRECTION('center_axis',(-1.60999109311201E-15,0.965925826289068,
-0.258819045102521));
#10188=DIRECTION('ref_axis',(1.,1.57249432515487E-15,-3.51899191637303E-16));
#10189=DIRECTION('',(0.,-0.258819045102521,-0.965925826289068));
#10190=DIRECTION('',(1.,1.57249432515487E-15,-3.51899191637303E-16));
#10191=DIRECTION('',(-0.250562807085731,-0.250562807085732,-0.935113126531029));
#10192=DIRECTION('',(1.87806989832801E-16,-0.258819045102521,-0.965925826289068));
#10193=DIRECTION('center_axis',(0.,0.258819045102521,0.965925826289068));
#10194=DIRECTION('ref_axis',(-1.,-4.7830987582287E-42,0.));
#10195=DIRECTION('center_axis',(-3.41607093274735E-16,-0.258819045102521,
-0.965925826289068));
#10196=DIRECTION('ref_axis',(-1.,-4.7830987582287E-42,0.));
#10197=DIRECTION('',(0.,-0.258819045102521,-0.965925826289068));
#10198=DIRECTION('center_axis',(-1.03397576569128E-25,0.258819045102521,
0.965925826289068));
#10199=DIRECTION('ref_axis',(-1.,-2.67612620335366E-26,-9.98743895838226E-26));
#10200=DIRECTION('center_axis',(1.03397576569128E-25,-0.258819045102521,
-0.965925826289068));
#10201=DIRECTION('ref_axis',(-1.,-2.67612620335366E-26,-9.98743895838226E-26));
#10202=DIRECTION('center_axis',(0.,0.258819045102521,0.965925826289068));
#10203=DIRECTION('ref_axis',(-1.,0.,0.));
#10204=DIRECTION('center_axis',(-3.41607093274735E-16,-0.258819045102521,
-0.965925826289068));
#10205=DIRECTION('ref_axis',(-1.,0.,0.));
#10206=DIRECTION('',(0.,-0.258819045102521,-0.965925826289068));
#10207=DIRECTION('center_axis',(-1.03397576569128E-25,0.258819045102521,
0.965925826289068));
#10208=DIRECTION('ref_axis',(-1.,-2.67612620335366E-26,-9.98743895838226E-26));
#10209=DIRECTION('center_axis',(1.03397576569128E-25,-0.258819045102521,
-0.965925826289068));
#10210=DIRECTION('ref_axis',(-1.,-2.67612620335366E-26,-9.98743895838226E-26));
#10211=DIRECTION('center_axis',(0.,0.258819045102521,0.965925826289068));
#10212=DIRECTION('ref_axis',(-1.,3.34816913076009E-41,0.));
#10213=DIRECTION('center_axis',(-3.41607093274735E-16,-0.258819045102521,
-0.965925826289068));
#10214=DIRECTION('ref_axis',(-1.,3.34816913076009E-41,0.));
#10215=DIRECTION('',(0.,-0.258819045102521,-0.965925826289068));
#10216=DIRECTION('center_axis',(-1.03397576569128E-25,0.258819045102521,
0.965925826289068));
#10217=DIRECTION('ref_axis',(-1.,-2.67612620335366E-26,-9.98743895838226E-26));
#10218=DIRECTION('center_axis',(1.03397576569128E-25,-0.258819045102521,
-0.965925826289068));
#10219=DIRECTION('ref_axis',(-1.,-2.67612620335366E-26,-9.98743895838226E-26));
#10220=DIRECTION('center_axis',(0.,0.258819045102521,0.965925826289068));
#10221=DIRECTION('ref_axis',(-1.,0.,0.));
#10222=DIRECTION('center_axis',(-3.41607093274735E-16,-0.258819045102521,
-0.965925826289068));
#10223=DIRECTION('ref_axis',(-1.,0.,0.));
#10224=DIRECTION('',(0.,-0.258819045102521,-0.965925826289068));
#10225=DIRECTION('center_axis',(-1.03397576569128E-25,0.258819045102521,
0.965925826289068));
#10226=DIRECTION('ref_axis',(-1.,-2.67612620335366E-26,-9.98743895838226E-26));
#10227=DIRECTION('center_axis',(1.03397576569128E-25,-0.258819045102521,
-0.965925826289068));
#10228=DIRECTION('ref_axis',(-1.,-2.67612620335366E-26,-9.98743895838226E-26));
#10229=DIRECTION('center_axis',(0.,0.258819045102521,0.965925826289068));
#10230=DIRECTION('ref_axis',(-1.,-4.7830987582287E-42,0.));
#10231=DIRECTION('center_axis',(-3.41607093274735E-16,-0.258819045102521,
-0.965925826289068));
#10232=DIRECTION('ref_axis',(-1.,-4.7830987582287E-42,0.));
#10233=DIRECTION('',(0.,-0.258819045102521,-0.965925826289068));
#10234=DIRECTION('center_axis',(-1.03397576569128E-25,0.258819045102521,
0.965925826289068));
#10235=DIRECTION('ref_axis',(-1.,-2.67612620335366E-26,-9.98743895838226E-26));
#10236=DIRECTION('center_axis',(1.03397576569128E-25,-0.258819045102521,
-0.965925826289068));
#10237=DIRECTION('ref_axis',(-1.,-2.67612620335366E-26,-9.98743895838226E-26));
#10238=DIRECTION('center_axis',(0.,0.258819045102521,0.965925826289068));
#10239=DIRECTION('ref_axis',(-1.,0.,0.));
#10240=DIRECTION('center_axis',(-3.41607093274735E-16,-0.258819045102521,
-0.965925826289068));
#10241=DIRECTION('ref_axis',(-1.,0.,0.));
#10242=DIRECTION('',(0.,-0.258819045102521,-0.965925826289068));
#10243=DIRECTION('center_axis',(-1.03397576569128E-25,0.258819045102521,
0.965925826289068));
#10244=DIRECTION('ref_axis',(-1.,-2.67612620335366E-26,-9.98743895838226E-26));
#10245=DIRECTION('center_axis',(1.03397576569128E-25,-0.258819045102521,
-0.965925826289068));
#10246=DIRECTION('ref_axis',(-1.,-2.67612620335366E-26,-9.98743895838226E-26));
#10247=DIRECTION('center_axis',(0.,0.258819045102521,0.965925826289068));
#10248=DIRECTION('ref_axis',(-1.,2.39154937911435E-41,0.));
#10249=DIRECTION('center_axis',(-3.41607093274735E-16,-0.258819045102521,
-0.965925826289068));
#10250=DIRECTION('ref_axis',(-1.,2.39154937911435E-41,0.));
#10251=DIRECTION('',(0.,-0.258819045102521,-0.965925826289068));
#10252=DIRECTION('center_axis',(-1.03397576569128E-25,0.258819045102521,
0.965925826289068));
#10253=DIRECTION('ref_axis',(-1.,-2.67612620335366E-26,-9.98743895838226E-26));
#10254=DIRECTION('center_axis',(1.03397576569128E-25,-0.258819045102521,
-0.965925826289068));
#10255=DIRECTION('ref_axis',(-1.,-2.67612620335366E-26,-9.98743895838226E-26));
#10256=DIRECTION('center_axis',(0.,0.258819045102521,0.965925826289068));
#10257=DIRECTION('ref_axis',(-1.,0.,0.));
#10258=DIRECTION('center_axis',(-3.41607093274735E-16,-0.258819045102521,
-0.965925826289068));
#10259=DIRECTION('ref_axis',(-1.,0.,0.));
#10260=DIRECTION('',(0.,-0.258819045102521,-0.965925826289068));
#10261=DIRECTION('center_axis',(-1.03397576569128E-25,0.258819045102521,
0.965925826289068));
#10262=DIRECTION('ref_axis',(-1.,-2.67612620335366E-26,-9.98743895838226E-26));
#10263=DIRECTION('center_axis',(1.03397576569128E-25,-0.258819045102521,
-0.965925826289068));
#10264=DIRECTION('ref_axis',(-1.,-2.67612620335366E-26,-9.98743895838226E-26));
#10265=DIRECTION('center_axis',(0.,0.258819045102521,0.965925826289068));
#10266=DIRECTION('ref_axis',(-1.,-4.7830987582287E-42,0.));
#10267=DIRECTION('center_axis',(-3.41607093274735E-16,-0.258819045102521,
-0.965925826289068));
#10268=DIRECTION('ref_axis',(-1.,-4.7830987582287E-42,0.));
#10269=DIRECTION('',(0.,-0.258819045102521,-0.965925826289068));
#10270=DIRECTION('center_axis',(-1.03397576569128E-25,0.258819045102521,
0.965925826289068));
#10271=DIRECTION('ref_axis',(-1.,-2.67612620335366E-26,-9.98743895838226E-26));
#10272=DIRECTION('center_axis',(1.03397576569128E-25,-0.258819045102521,
-0.965925826289068));
#10273=DIRECTION('ref_axis',(-1.,-2.67612620335366E-26,-9.98743895838226E-26));
#10274=DIRECTION('center_axis',(0.,0.258819045102521,0.965925826289068));
#10275=DIRECTION('ref_axis',(-1.,-4.7830987582287E-42,0.));
#10276=DIRECTION('center_axis',(-3.41607093274735E-16,-0.258819045102521,
-0.965925826289068));
#10277=DIRECTION('ref_axis',(-1.,-4.7830987582287E-42,0.));
#10278=DIRECTION('',(0.,-0.258819045102521,-0.965925826289068));
#10279=DIRECTION('center_axis',(-1.03397576569128E-25,0.258819045102521,
0.965925826289068));
#10280=DIRECTION('ref_axis',(-1.,-2.67612620335366E-26,-9.98743895838226E-26));
#10281=DIRECTION('center_axis',(1.03397576569128E-25,-0.258819045102521,
-0.965925826289068));
#10282=DIRECTION('ref_axis',(-1.,-2.67612620335366E-26,-9.98743895838226E-26));
#10283=DIRECTION('center_axis',(0.,0.258819045102521,0.965925826289068));
#10284=DIRECTION('ref_axis',(-1.,-9.5661975164574E-42,0.));
#10285=DIRECTION('center_axis',(-3.41607093274735E-16,-0.258819045102521,
-0.965925826289068));
#10286=DIRECTION('ref_axis',(-1.,-9.5661975164574E-42,0.));
#10287=DIRECTION('',(0.,-0.258819045102521,-0.965925826289068));
#10288=DIRECTION('center_axis',(-1.03397576569128E-25,0.258819045102521,
0.965925826289068));
#10289=DIRECTION('ref_axis',(-1.,-2.67612620335366E-26,-9.98743895838226E-26));
#10290=DIRECTION('center_axis',(1.03397576569128E-25,-0.258819045102521,
-0.965925826289068));
#10291=DIRECTION('ref_axis',(-1.,-2.67612620335366E-26,-9.98743895838226E-26));
#10292=DIRECTION('center_axis',(0.,0.258819045102521,0.965925826289068));
#10293=DIRECTION('ref_axis',(-1.,-4.7830987582287E-42,0.));
#10294=DIRECTION('center_axis',(-3.41607093274735E-16,-0.258819045102521,
-0.965925826289068));
#10295=DIRECTION('ref_axis',(-1.,-4.7830987582287E-42,0.));
#10296=DIRECTION('',(0.,-0.258819045102521,-0.965925826289068));
#10297=DIRECTION('center_axis',(-1.03397576569128E-25,0.258819045102521,
0.965925826289068));
#10298=DIRECTION('ref_axis',(-1.,-2.67612620335366E-26,-9.98743895838226E-26));
#10299=DIRECTION('center_axis',(1.03397576569128E-25,-0.258819045102521,
-0.965925826289068));
#10300=DIRECTION('ref_axis',(-1.,-2.67612620335366E-26,-9.98743895838226E-26));
#10301=DIRECTION('center_axis',(0.,0.258819045102521,0.965925826289068));
#10302=DIRECTION('ref_axis',(-1.,-4.7830987582287E-42,0.));
#10303=DIRECTION('center_axis',(-3.41607093274735E-16,-0.258819045102521,
-0.965925826289068));
#10304=DIRECTION('ref_axis',(-1.,-4.7830987582287E-42,0.));
#10305=DIRECTION('',(0.,-0.258819045102521,-0.965925826289068));
#10306=DIRECTION('center_axis',(-1.03397576569128E-25,0.258819045102521,
0.965925826289068));
#10307=DIRECTION('ref_axis',(-1.,-2.67612620335366E-26,-9.98743895838226E-26));
#10308=DIRECTION('center_axis',(1.03397576569128E-25,-0.258819045102521,
-0.965925826289068));
#10309=DIRECTION('ref_axis',(-1.,-2.67612620335366E-26,-9.98743895838226E-26));
#10310=DIRECTION('center_axis',(0.,0.258819045102521,0.965925826289068));
#10311=DIRECTION('ref_axis',(-1.,-4.7830987582287E-42,0.));
#10312=DIRECTION('center_axis',(-3.41607093274735E-16,-0.258819045102521,
-0.965925826289068));
#10313=DIRECTION('ref_axis',(-1.,-4.7830987582287E-42,0.));
#10314=DIRECTION('',(0.,-0.258819045102521,-0.965925826289068));
#10315=DIRECTION('center_axis',(-1.03397576569128E-25,0.258819045102521,
0.965925826289068));
#10316=DIRECTION('ref_axis',(-1.,-2.67612620335366E-26,-9.98743895838226E-26));
#10317=DIRECTION('center_axis',(1.03397576569128E-25,-0.258819045102521,
-0.965925826289068));
#10318=DIRECTION('ref_axis',(-1.,-2.67612620335366E-26,-9.98743895838226E-26));
#10319=DIRECTION('center_axis',(0.,0.258819045102521,0.965925826289068));
#10320=DIRECTION('ref_axis',(-1.,-9.5661975164574E-42,0.));
#10321=DIRECTION('center_axis',(-3.41607093274735E-16,-0.258819045102521,
-0.965925826289068));
#10322=DIRECTION('ref_axis',(-1.,-9.5661975164574E-42,0.));
#10323=DIRECTION('',(0.,-0.258819045102521,-0.965925826289068));
#10324=DIRECTION('center_axis',(-1.03397576569128E-25,0.258819045102521,
0.965925826289068));
#10325=DIRECTION('ref_axis',(-1.,-2.67612620335366E-26,-9.98743895838226E-26));
#10326=DIRECTION('center_axis',(1.03397576569128E-25,-0.258819045102521,
-0.965925826289068));
#10327=DIRECTION('ref_axis',(-1.,-2.67612620335366E-26,-9.98743895838226E-26));
#10328=DIRECTION('center_axis',(0.,0.258819045102521,0.965925826289068));
#10329=DIRECTION('ref_axis',(-1.,-4.7830987582287E-42,0.));
#10330=DIRECTION('center_axis',(-3.41607093274735E-16,-0.258819045102521,
-0.965925826289068));
#10331=DIRECTION('ref_axis',(-1.,-4.7830987582287E-42,0.));
#10332=DIRECTION('',(0.,-0.258819045102521,-0.965925826289068));
#10333=DIRECTION('center_axis',(-1.03397576569128E-25,0.258819045102521,
0.965925826289068));
#10334=DIRECTION('ref_axis',(-1.,-2.67612620335366E-26,-9.98743895838226E-26));
#10335=DIRECTION('center_axis',(1.03397576569128E-25,-0.258819045102521,
-0.965925826289068));
#10336=DIRECTION('ref_axis',(-1.,-2.67612620335366E-26,-9.98743895838226E-26));
#10337=DIRECTION('center_axis',(-3.41607093274735E-16,-0.258819045102521,
-0.965925826289068));
#10338=DIRECTION('ref_axis',(-1.,0.,3.53657686726458E-16));
#10339=DIRECTION('center_axis',(-3.41607093274735E-16,-0.258819045102521,
-0.965925826289068));
#10340=DIRECTION('ref_axis',(-1.,0.,3.53657686726458E-16));
#10341=DIRECTION('center_axis',(0.,0.258819045102521,0.965925826289068));
#10342=DIRECTION('ref_axis',(-1.,5.73971850987445E-42,1.14794370197489E-41));
#10343=DIRECTION('center_axis',(-3.41607093274735E-16,-0.258819045102521,
-0.965925826289068));
#10344=DIRECTION('ref_axis',(-1.,8.84144216816146E-17,3.29967113837605E-16));
#10345=DIRECTION('center_axis',(0.,0.258819045102521,0.965925826289068));
#10346=DIRECTION('ref_axis',(-1.,-5.73971850987445E-42,1.14794370197489E-41));
#10347=DIRECTION('center_axis',(-3.41607093274735E-16,-0.258819045102521,
-0.965925826289068));
#10348=DIRECTION('ref_axis',(-1.,8.84144216816146E-17,3.29967113837605E-16));
#10349=DIRECTION('center_axis',(-3.41607093274735E-16,-0.258819045102521,
-0.965925826289068));
#10350=DIRECTION('ref_axis',(-1.,8.84144216816146E-17,3.29967113837605E-16));
#10351=DIRECTION('center_axis',(-3.41607093274735E-16,-0.258819045102521,
-0.965925826289068));
#10352=DIRECTION('ref_axis',(-1.,8.84144216816146E-17,3.29967113837605E-16));
#10353=DIRECTION('center_axis',(0.,0.258819045102521,0.965925826289068));
#10354=DIRECTION('ref_axis',(-1.,-5.73971850987445E-42,1.14794370197489E-41));
#10355=DIRECTION('center_axis',(-3.41607093274735E-16,-0.258819045102521,
-0.965925826289068));
#10356=DIRECTION('ref_axis',(-1.,8.84144216816146E-17,3.29967113837605E-16));
#10357=DIRECTION('center_axis',(0.,0.258819045102521,0.965925826289068));
#10358=DIRECTION('ref_axis',(-1.,5.73971850987445E-42,1.14794370197489E-41));
#10359=DIRECTION('center_axis',(-3.41607093274735E-16,-0.258819045102521,
-0.965925826289068));
#10360=DIRECTION('ref_axis',(-1.,8.84144216816146E-17,3.29967113837605E-16));
#10361=DIRECTION('center_axis',(0.,0.258819045102521,0.965925826289068));
#10362=DIRECTION('ref_axis',(-1.,-5.73971850987445E-42,1.14794370197489E-41));
#10363=DIRECTION('',(0.,-0.258819045102521,-0.965925826289068));
#10364=DIRECTION('center_axis',(0.,-0.258819045102521,-0.965925826289068));
#10365=DIRECTION('ref_axis',(-1.,9.03067867306278E-16,-2.41976305755213E-16));
#10366=DIRECTION('center_axis',(-4.67462326157961E-16,-0.258819045102521,
-0.965925826289068));
#10367=DIRECTION('ref_axis',(-1.,1.02405602018388E-15,2.09557627897925E-16));
#10368=DIRECTION('center_axis',(-3.41607093274735E-16,-0.258819045102521,
-0.965925826289068));
#10369=DIRECTION('ref_axis',(-1.,8.84144216816146E-17,3.29967113837605E-16));
#10370=DIRECTION('center_axis',(-3.41607093274735E-16,-0.258819045102521,
-0.965925826289068));
#10371=DIRECTION('ref_axis',(-1.,8.84144216816146E-17,3.29967113837605E-16));
#10372=DIRECTION('center_axis',(0.,0.258819045102521,0.965925826289068));
#10373=DIRECTION('ref_axis',(-1.,-5.73971850987445E-42,1.14794370197489E-41));
#10374=DIRECTION('center_axis',(-3.41607093274735E-16,-0.258819045102521,
-0.965925826289068));
#10375=DIRECTION('ref_axis',(-1.,8.84144216816146E-17,3.29967113837605E-16));
#10376=DIRECTION('center_axis',(0.,0.258819045102521,0.965925826289068));
#10377=DIRECTION('ref_axis',(0.983672561809325,-0.173835229540647,0.0465790093714952));
#10378=DIRECTION('',(0.,-0.258819045102521,-0.965925826289068));
#10379=DIRECTION('center_axis',(0.,-0.258819045102521,-0.965925826289068));
#10380=DIRECTION('ref_axis',(1.,1.80613573461255E-15,-4.83952611510425E-16));
#10381=DIRECTION('center_axis',(9.3492465231592E-16,-0.258819045102521,
-0.965925826289068));
#10382=DIRECTION('ref_axis',(1.,2.04811204036776E-15,4.1911525579585E-16));
#10383=DIRECTION('center_axis',(-3.41607093274735E-16,-0.258819045102521,
-0.965925826289068));
#10384=DIRECTION('ref_axis',(-1.,8.84144216816146E-17,3.29967113837605E-16));
#10385=DIRECTION('center_axis',(0.,0.258819045102521,0.965925826289068));
#10386=DIRECTION('ref_axis',(-1.,-5.73971850987445E-42,1.14794370197489E-41));
#10387=DIRECTION('center_axis',(-3.41607093274735E-16,-0.258819045102521,
-0.965925826289068));
#10388=DIRECTION('ref_axis',(-1.,8.84144216816146E-17,3.29967113837605E-16));
#10389=DIRECTION('center_axis',(0.,0.258819045102521,0.965925826289068));
#10390=DIRECTION('ref_axis',(-1.,-5.73971850987445E-42,1.14794370197489E-41));
#10391=DIRECTION('',(0.,0.258819045102521,0.965925826289068));
#10392=DIRECTION('center_axis',(-3.41607093274735E-16,-0.258819045102521,
-0.965925826289068));
#10393=DIRECTION('ref_axis',(-1.,8.84144216816146E-17,3.29967113837605E-16));
#10394=DIRECTION('center_axis',(-3.41607093274735E-16,-0.258819045102521,
-0.965925826289068));
#10395=DIRECTION('ref_axis',(-1.,8.84144216816146E-17,3.29967113837605E-16));
#10396=DIRECTION('center_axis',(0.,-0.258819045102521,-0.965925826289068));
#10397=DIRECTION('ref_axis',(9.34924652315919E-16,-0.965925826289068,0.258819045102521));
#10398=DIRECTION('center_axis',(-2.62743462060903E-46,-0.258819045102521,
-0.965925826289068));
#10399=DIRECTION('ref_axis',(9.34924652315919E-16,-0.965925826289068,0.258819045102521));
#10400=DIRECTION('center_axis',(0.,0.258819045102521,0.965925826289068));
#10401=DIRECTION('ref_axis',(-1.,5.73971850987445E-42,1.14794370197489E-41));
#10402=DIRECTION('center_axis',(-3.41607093274735E-16,-0.258819045102521,
-0.965925826289068));
#10403=DIRECTION('ref_axis',(-1.,8.84144216816146E-17,3.29967113837605E-16));
#10404=DIRECTION('center_axis',(0.707106781186548,0.707106781186547,-4.27729934793359E-16));
#10405=DIRECTION('ref_axis',(-6.04901474817728E-16,0.,-1.));
#10406=DIRECTION('',(-6.66133814775094E-16,6.12323399573666E-17,-1.));
#10407=DIRECTION('',(-0.707106781186547,0.707106781186548,0.));
#10408=DIRECTION('',(6.66133814775094E-16,-6.12323399573666E-17,1.));
#10409=DIRECTION('center_axis',(1.11022302462515E-15,-1.,0.));
#10410=DIRECTION('ref_axis',(1.,1.57817460246241E-15,-2.04463006916132E-32));
#10411=DIRECTION('',(-7.85046229341885E-16,0.707106781186549,0.707106781186546));
#10412=DIRECTION('center_axis',(1.60999109311201E-15,-1.,-6.12323399573677E-17));
#10413=DIRECTION('ref_axis',(1.,1.60999109311201E-15,-1.84981025199068E-32));
#10414=DIRECTION('center_axis',(-1.60999109311201E-15,1.,6.12323399573677E-17));
#10415=DIRECTION('ref_axis',(1.,1.55431223447522E-15,-2.19074493203929E-32));
#10416=DIRECTION('center_axis',(-1.55712694190512E-15,0.707106781186551,
-0.707106781186544));
#10417=DIRECTION('ref_axis',(-1.,0.,2.20211003957877E-15));
#10418=DIRECTION('',(-7.85046229341887E-16,0.707106781186544,0.707106781186551));
#10419=DIRECTION('',(1.,1.60999109311201E-15,-5.9211894646675E-16));
#10420=DIRECTION('center_axis',(1.11022302462515E-15,-1.,0.));
#10421=DIRECTION('ref_axis',(-5.55111512312579E-16,2.62424314102995E-17,
-1.));
#10422=DIRECTION('',(0.707106781186545,0.70710678118655,-3.14018491736754E-15));
#10423=DIRECTION('center_axis',(1.60999109311201E-15,-1.,-6.12323399573677E-17));
#10424=DIRECTION('ref_axis',(-5.55111512312579E-16,6.12323399573668E-17,
-1.));
#10425=DIRECTION('center_axis',(-0.707106781186549,0.707106781186546,2.00307048680152E-16));
#10426=DIRECTION('ref_axis',(2.83276944882398E-16,0.,1.));
#10427=DIRECTION('',(-2.22044604925031E-16,6.12323399573673E-17,-1.));
#10428=DIRECTION('',(2.22044604925031E-16,-6.12323399573673E-17,1.));
#10429=DIRECTION('center_axis',(-1.,-1.55431223447522E-15,2.22044604925031E-16));
#10430=DIRECTION('ref_axis',(-2.22044604925031E-16,6.12323399573673E-17,
-1.));
#10431=DIRECTION('center_axis',(1.55431223447522E-15,-1.,0.));
#10432=DIRECTION('ref_axis',(1.,1.55431223447522E-15,-2.19074493203929E-32));
#10433=DIRECTION('',(1.55431223447522E-15,-1.,0.));
#10434=DIRECTION('center_axis',(1.,1.55431223447522E-15,-6.66133814775094E-16));
#10435=DIRECTION('ref_axis',(6.66133814775094E-16,-6.12323399573666E-17,
1.));
#10436=DIRECTION('center_axis',(-1.60999109311201E-15,1.,6.12323399573677E-17));
#10437=DIRECTION('ref_axis',(1.,1.60999109311201E-15,-2.1907449320393E-32));
#10438=DIRECTION('',(1.,1.57249432515487E-15,-3.51899191637303E-16));
#10439=DIRECTION('center_axis',(4.71844785465692E-15,-0.965925826289068,
0.258819045102521));
#10440=DIRECTION('ref_axis',(1.,4.586695578377E-15,-1.11290163389096E-15));
#10441=DIRECTION('',(4.71844785465692E-15,-0.965925826289068,0.258819045102521));
#10442=DIRECTION('center_axis',(-4.73785089653591E-15,0.965925826289068,
-0.258819045102521));
#10443=DIRECTION('ref_axis',(1.,4.60543747763649E-15,-1.11792351066217E-15));
#10444=DIRECTION('',(-4.71844785465692E-15,0.965925826289068,-0.258819045102521));
#10445=DIRECTION('',(4.71844785465692E-15,-0.965925826289068,0.258819045102521));
#10446=DIRECTION('center_axis',(3.61633202516506E-11,0.965925826289068,
-0.258819045102521));
#10447=DIRECTION('ref_axis',(1.,4.586695578377E-15,-1.11290163389096E-15));
#10448=DIRECTION('center_axis',(2.5571328980163E-11,0.866025403784439,0.5));
#10449=DIRECTION('ref_axis',(3.25714887605128E-15,-0.5,0.866025403784439));
#10450=DIRECTION('center_axis',(3.61633202516506E-11,0.965925826289068,
-0.258819045102521));
#10451=DIRECTION('ref_axis',(1.,4.586695578377E-15,-1.11290163389096E-15));
#10452=DIRECTION('center_axis',(2.55715705328551E-11,0.866025403784439,
0.499999999999999));
#10453=DIRECTION('ref_axis',(3.25714887605128E-15,-0.499999999999999,0.866025403784439));
#10454=DIRECTION('center_axis',(2.55715705328551E-11,0.866025403784439,
0.499999999999999));
#10455=DIRECTION('ref_axis',(3.25714887605128E-15,-0.499999999999999,0.866025403784439));
#10456=DIRECTION('center_axis',(3.61633202516506E-11,0.965925826289068,
-0.258819045102521));
#10457=DIRECTION('ref_axis',(1.,4.586695578377E-15,-1.11290163389096E-15));
#10458=DIRECTION('center_axis',(-4.73785089653591E-15,0.965925826289068,
-0.258819045102521));
#10459=DIRECTION('ref_axis',(1.,4.60543747763649E-15,-1.11792351066217E-15));
#10460=DIRECTION('',(1.,4.57641254207085E-15,-1.22624604487955E-15));
#10461=DIRECTION('center_axis',(-2.55715705328551E-11,-0.866025403784439,
-0.499999999999999));
#10462=DIRECTION('ref_axis',(0.,0.499999999999999,-0.866025403784439));
#10463=DIRECTION('',(1.,-3.49311734098535E-11,9.35942604815503E-12));
#10464=DIRECTION('',(-2.5570525782124E-11,-0.499999999999999,0.866025403784439));
#10465=DIRECTION('center_axis',(-3.61633202516506E-11,-0.965925826289068,
0.258819045102521));
#10466=DIRECTION('ref_axis',(-1.,3.49310921184971E-11,-9.35972943162749E-12));
#10467=DIRECTION('',(-1.,3.49310849954318E-11,-9.35975601526886E-12));
#10468=DIRECTION('',(0.,-0.258819045102521,-0.965925826289068));
#10469=DIRECTION('center_axis',(0.,-0.258819045102521,-0.965925826289068));
#10470=DIRECTION('ref_axis',(-0.866025403992615,0.482962912796249,-0.129409522457938));
#10471=DIRECTION('',(0.,-0.258819045102521,-0.965925826289068));
#10472=DIRECTION('center_axis',(2.8694426829198E-27,-0.258819045102521,
-0.965925826289068));
#10473=DIRECTION('ref_axis',(-0.866025403992615,0.482962912796249,-0.129409522457938));
#10474=DIRECTION('',(0.,-0.258819045102521,-0.965925826289068));
#10475=DIRECTION('center_axis',(2.8694426829198E-27,-0.258819045102521,
-0.965925826289068));
#10476=DIRECTION('ref_axis',(-0.866025403992615,0.482962912796249,-0.129409522457938));
#10477=DIRECTION('center_axis',(0.,-0.258819045102521,-0.965925826289068));
#10478=DIRECTION('ref_axis',(0.866025403992618,-0.482962912796244,0.129409522457936));
#10479=DIRECTION('',(0.,-0.258819045102521,-0.965925826289068));
#10480=DIRECTION('center_axis',(0.,0.258819045102521,0.965925826289068));
#10481=DIRECTION('ref_axis',(0.866025403992618,-0.482962912796244,0.129409522457936));
#10482=DIRECTION('center_axis',(0.,-0.258819045102521,-0.965925826289068));
#10483=DIRECTION('ref_axis',(-1.38777878078145E-15,0.965925826289068,-0.258819045102521));
#10484=DIRECTION('center_axis',(1.9665878663705E-16,-0.258819045102521,
-0.965925826289068));
#10485=DIRECTION('ref_axis',(-1.38777878078145E-15,0.965925826289068,-0.258819045102521));
#10486=DIRECTION('',(0.,-0.258819045102521,-0.965925826289068));
#10487=DIRECTION('center_axis',(1.9665878663705E-16,-0.258819045102521,
-0.965925826289068));
#10488=DIRECTION('ref_axis',(-1.38777878078145E-15,0.965925826289068,-0.258819045102521));
#10489=DIRECTION('center_axis',(0.,0.258819045102522,0.965925826289068));
#10490=DIRECTION('ref_axis',(-1.71379629848008E-15,0.965925826289068,-0.258819045102521));
#10491=DIRECTION('',(-1.57009245868378E-15,0.866025403784439,0.499999999999999));
#10492=DIRECTION('',(-0.707106775235427,-0.182924088218208,-0.683036445854606));
#10493=DIRECTION('center_axis',(3.41607093274735E-16,0.258819045102521,
0.965925826289068));
#10494=DIRECTION('ref_axis',(-1.71379629848008E-15,0.965925826289068,-0.258819045102521));
#10495=DIRECTION('center_axis',(-1.82483927118127E-15,0.5,-0.866025403784439));
#10496=DIRECTION('ref_axis',(-1.,0.,2.10714288888861E-15));
#10497=DIRECTION('',(-7.85046229341887E-16,0.866025403784439,0.5));
#10498=DIRECTION('',(-1.,-2.07439526673787E-15,9.09490223231815E-16));
#10499=DIRECTION('center_axis',(0.,0.258819045102522,0.965925826289068));
#10500=DIRECTION('ref_axis',(-0.999999999999834,-5.55809829797609E-7,1.48928795227972E-7));
#10501=DIRECTION('',(-0.707106781186429,0.183012308875321,0.683012807200781));
#10502=DIRECTION('center_axis',(3.41607093274735E-16,0.258819045102521,
0.965925826289068));
#10503=DIRECTION('ref_axis',(-0.999999999999834,-5.55809829844715E-7,1.48928795052171E-7));
#10504=DIRECTION('center_axis',(-0.707106781186548,-0.183012701899218,-0.683012701890343));
#10505=DIRECTION('ref_axis',(-0.694746590605878,0.,0.719254596677358));
#10506=DIRECTION('',(-0.707106781186547,0.18301270188522,0.683012701894096));
#10507=DIRECTION('',(1.02470346839464E-11,-0.965925826289068,0.258819045102521));
#10508=DIRECTION('center_axis',(0.,0.258819045102522,0.965925826289068));
#10509=DIRECTION('ref_axis',(-2.62539542913491E-7,-0.965925826289035,0.258819045102512));
#10510=DIRECTION('',(-1.85643491495038E-7,-0.499999999999974,0.866025403784434));
#10511=DIRECTION('center_axis',(3.41607093274735E-16,0.258819045102521,
0.965925826289068));
#10512=DIRECTION('ref_axis',(-2.62539542913491E-7,-0.965925826289035,0.258819045102512));
#10513=DIRECTION('center_axis',(-2.55715705328551E-11,-0.866025403784439,
-0.499999999999999));
#10514=DIRECTION('ref_axis',(0.,0.499999999999999,-0.866025403784439));
#10515=DIRECTION('',(1.,-3.49311734098535E-11,9.35942604815503E-12));
#10516=DIRECTION('center_axis',(0.,0.25881904510252,0.965925826289069));
#10517=DIRECTION('ref_axis',(0.999999991614909,0.000125087143939563,-3.35169992023099E-5));
#10518=DIRECTION('',(0.707106775257395,0.183101151859938,0.682989001794796));
#10519=DIRECTION('center_axis',(3.41607093274735E-16,0.258819045102521,
0.965925826289068));
#10520=DIRECTION('ref_axis',(0.999999991614909,0.00012508714393961,-3.35169992021341E-5));
#10521=DIRECTION('center_axis',(0.707106781186547,-0.183012701885512,-0.683012701894017));
#10522=DIRECTION('ref_axis',(-0.694746590607812,0.,-0.719254596675489));
#10523=DIRECTION('',(-9.8201978742815E-12,0.965925826289068,-0.258819045102521));
#10524=DIRECTION('center_axis',(-1.,-9.89787544410368E-12,2.65212773203142E-12));
#10525=DIRECTION('ref_axis',(-1.02470346839464E-11,0.965925826289068,-0.258819045102521));
#10526=DIRECTION('',(0.,-0.258819045102521,-0.965925826289068));
#10527=DIRECTION('',(-1.02470346839464E-11,0.965925826289068,-0.258819045102521));
#10528=DIRECTION('',(0.,-0.258819045102521,-0.965925826289068));
#10529=DIRECTION('center_axis',(0.,-0.258819045102521,-0.965925826289068));
#10530=DIRECTION('ref_axis',(-0.999999999999834,-5.55809829844715E-7,1.48928795052171E-7));
#10531=DIRECTION('',(0.,-0.258819045102521,-0.965925826289068));
#10532=DIRECTION('center_axis',(2.18952885050753E-47,-0.258819045102521,
-0.965925826289068));
#10533=DIRECTION('ref_axis',(-0.999999999999834,-5.55809829844715E-7,1.48928795052171E-7));
#10534=DIRECTION('center_axis',(-2.23910535318085E-15,0.965925826289068,
-0.258819045102521));
#10535=DIRECTION('ref_axis',(1.,2.17062721369725E-15,-5.50347707868134E-16));
#10536=DIRECTION('',(0.,-0.258819045102521,-0.965925826289068));
#10537=DIRECTION('',(1.,2.16280968841949E-15,-5.7952310939421E-16));
#10538=DIRECTION('center_axis',(0.,-0.258819045102521,-0.965925826289068));
#10539=DIRECTION('ref_axis',(-1.71379629848008E-15,0.965925826289068,-0.258819045102521));
#10540=DIRECTION('',(0.,-0.258819045102521,-0.965925826289068));
#10541=DIRECTION('center_axis',(2.18952885050753E-47,-0.258819045102521,
-0.965925826289068));
#10542=DIRECTION('ref_axis',(-1.71379629848008E-15,0.965925826289068,-0.258819045102521));
#10543=DIRECTION('center_axis',(0.,0.258819045102521,0.965925826289068));
#10544=DIRECTION('ref_axis',(-1.71379629848008E-15,0.965925826289068,-0.258819045102521));
#10545=DIRECTION('',(-0.707106775235423,-0.182924088218208,-0.683036445854611));
#10546=DIRECTION('center_axis',(-2.18952885050753E-47,0.258819045102521,
0.965925826289068));
#10547=DIRECTION('ref_axis',(-1.71379629848008E-15,0.965925826289068,-0.258819045102521));
#10548=DIRECTION('',(-1.57009245868378E-15,0.866025403784438,0.500000000000001));
#10549=DIRECTION('center_axis',(0.707106781186547,-0.183012701885512,-0.683012701894017));
#10550=DIRECTION('ref_axis',(-0.694746590607812,0.,-0.71925459667549));
#10551=DIRECTION('',(-0.707106781186547,-0.183012701898931,-0.683012701890422));
#10552=DIRECTION('',(-9.8201978742815E-12,0.965925826289068,-0.258819045102521));
#10553=DIRECTION('',(9.8201978742815E-12,-0.965925826289068,0.258819045102521));
#10554=DIRECTION('center_axis',(0.,0.258819045102521,0.965925826289068));
#10555=DIRECTION('ref_axis',(0.999999991614909,0.00012508714393961,-3.35169992021341E-5));
#10556=DIRECTION('',(1.4991872909525E-6,0.500000000191614,-0.866025403672512));
#10557=DIRECTION('center_axis',(-2.18952885050753E-47,0.258819045102521,
0.965925826289068));
#10558=DIRECTION('ref_axis',(0.999999991614909,0.00012508714393961,-3.35169992021341E-5));
#10559=DIRECTION('center_axis',(2.18952885050753E-47,-0.258819045102521,
-0.965925826289068));
#10560=DIRECTION('ref_axis',(0.999999991614908,0.00012508714393961,-3.35169992021341E-5));
#10561=DIRECTION('center_axis',(-2.5571328980163E-11,-0.866025403784439,
-0.5));
#10562=DIRECTION('ref_axis',(0.,0.5,-0.866025403784439));
#10563=DIRECTION('',(-1.,3.49310849954318E-11,-9.35975601526886E-12));
#10564=DIRECTION('',(2.5570525779373E-11,0.500000000093172,-0.866025403730646));
#10565=DIRECTION('',(1.,-3.49310849954318E-11,9.35975601526887E-12));
#10566=DIRECTION('center_axis',(0.,0.258819045102521,0.965925826289068));
#10567=DIRECTION('ref_axis',(-2.62539542913491E-7,-0.965925826289035,0.258819045102512));
#10568=DIRECTION('',(0.707106781187242,-0.183011504522888,-0.68301302272452));
#10569=DIRECTION('center_axis',(-2.18952885050753E-47,0.258819045102521,
0.965925826289068));
#10570=DIRECTION('ref_axis',(-2.62539542913491E-7,-0.965925826289035,0.258819045102512));
#10571=DIRECTION('center_axis',(2.18952885050753E-47,-0.258819045102521,
-0.965925826289068));
#10572=DIRECTION('ref_axis',(-2.62539542913491E-7,-0.965925826289035,0.258819045102512));
#10573=DIRECTION('center_axis',(-0.707106781186548,-0.183012701899218,-0.683012701890344));
#10574=DIRECTION('ref_axis',(-0.694746590605879,0.,0.719254596677357));
#10575=DIRECTION('',(0.707106781186547,-0.183012701885218,-0.683012701894095));
#10576=DIRECTION('',(1.02470346839464E-11,-0.965925826289068,0.258819045102521));
#10577=DIRECTION('center_axis',(0.,0.258819045102521,0.965925826289068));
#10578=DIRECTION('ref_axis',(-0.999999999999834,-5.55809829844715E-7,1.48928795052171E-7));
#10579=DIRECTION('',(-3.86566034724876E-8,-0.866025403783194,-0.500000000002154));
#10580=DIRECTION('center_axis',(-2.18952885050753E-47,0.258819045102521,
0.965925826289068));
#10581=DIRECTION('ref_axis',(-0.999999999999834,-5.55809829844715E-7,1.48928795052171E-7));
#10582=DIRECTION('center_axis',(-1.58328657902528E-15,0.5,-0.866025403784439));
#10583=DIRECTION('ref_axis',(-1.,0.,1.82822186520913E-15));
#10584=DIRECTION('',(-1.,-2.16280968841949E-15,5.7952310939421E-16));
#10585=DIRECTION('center_axis',(-3.61633202516506E-11,-0.965925826289068,
0.258819045102521));
#10586=DIRECTION('ref_axis',(-1.,3.49310921184971E-11,-9.35972943162749E-12));
#10587=DIRECTION('',(0.,-0.258819045102521,-0.965925826289068));
#10588=DIRECTION('center_axis',(0.,-0.258819045102521,-0.965925826289068));
#10589=DIRECTION('ref_axis',(0.999999991614908,0.00012508714393961,-3.35169992021341E-5));
#10590=DIRECTION('',(0.,-0.258819045102521,-0.965925826289068));
#10591=DIRECTION('center_axis',(1.,9.48558274603751E-12,-2.54165423653934E-12));
#10592=DIRECTION('ref_axis',(9.8201978742815E-12,-0.965925826289068,0.258819045102521));
#10593=DIRECTION('center_axis',(2.18952885050753E-47,-0.258819045102521,
-0.965925826289068));
#10594=DIRECTION('ref_axis',(-1.,-5.66691766312778E-48,-2.11492246411024E-47));
#10595=DIRECTION('center_axis',(0.,0.258819045102521,0.965925826289068));
#10596=DIRECTION('ref_axis',(-1.,0.,0.));
#10597=DIRECTION('center_axis',(2.18952885050753E-47,-0.258819045102521,
-0.965925826289068));
#10598=DIRECTION('ref_axis',(-1.,-5.66691766312778E-48,-2.11492246411024E-47));
#10599=DIRECTION('',(1.,5.08490286624385E-16,-1.36249561658383E-16));
#10600=DIRECTION('center_axis',(1.16596839871899E-31,0.258819045102521,
0.965925826289068));
#10601=DIRECTION('ref_axis',(1.,3.09158368975757E-15,-8.28387353003771E-16));
#10602=DIRECTION('',(-9.82004950534747E-12,0.965925826289068,-0.258819045102521));
#10603=DIRECTION('center_axis',(-1.66600381247529E-47,0.258819045102521,
0.965925826289068));
#10604=DIRECTION('ref_axis',(-1.00020092308573E-15,0.965925826289068,-0.258819045102521));
#10605=DIRECTION('',(-1.,-1.81441472941733E-15,4.3787737104817E-16));
#10606=DIRECTION('center_axis',(1.55462453168555E-30,0.258819045102521,
0.965925826289068));
#10607=DIRECTION('ref_axis',(-1.,-3.09158368987735E-15,8.28387353035867E-16));
#10608=DIRECTION('',(9.82004950534747E-12,-0.965925826289068,0.258819045102521));
#10609=DIRECTION('center_axis',(-1.66600381247529E-47,0.258819045102521,
0.965925826289068));
#10610=DIRECTION('ref_axis',(1.00020092308573E-15,-0.965925826289068,0.258819045102521));
#10611=DIRECTION('',(1.,4.60543747763649E-15,-1.11792351066217E-15));
#10612=DIRECTION('center_axis',(0.,0.258819045102521,0.965925826289068));
#10613=DIRECTION('ref_axis',(-1.,0.,0.));
#10614=DIRECTION('center_axis',(0.,-0.258819045102521,-0.965925826289068));
#10615=DIRECTION('ref_axis',(-1.,0.,0.));
#10616=DIRECTION('',(0.,0.258819045102521,0.965925826289068));
#10617=DIRECTION('center_axis',(0.,-0.258819045102521,-0.965925826289068));
#10618=DIRECTION('ref_axis',(-2.62539542913491E-7,-0.965925826289035,0.258819045102512));
#10619=DIRECTION('center_axis',(1.,9.48543943265232E-12,-2.54161583583351E-12));
#10620=DIRECTION('ref_axis',(9.82004950534748E-12,-0.965925826289068,0.258819045102521));
#10621=DIRECTION('',(9.82004950534747E-12,-0.965925826289068,0.258819045102521));
#10622=DIRECTION('',(0.,-0.258819045102521,-0.965925826289068));
#10623=DIRECTION('',(0.,-0.258819045102521,-0.965925826289068));
#10624=DIRECTION('center_axis',(0.,-0.258819045102521,-0.965925826289068));
#10625=DIRECTION('ref_axis',(-1.,-3.09158368987735E-15,8.28387353035865E-16));
#10626=DIRECTION('center_axis',(1.55462453168555E-30,0.258819045102521,
0.965925826289068));
#10627=DIRECTION('ref_axis',(-1.,-3.09158368987735E-15,8.28387353035867E-16));
#10628=DIRECTION('',(0.,-0.258819045102521,-0.965925826289068));
#10629=DIRECTION('center_axis',(1.86592104979018E-15,-0.965925826289068,
0.258819045102521));
#10630=DIRECTION('ref_axis',(-1.,-1.81441472941733E-15,4.3787737104817E-16));
#10631=DIRECTION('',(-1.,-1.81441472941733E-15,4.3787737104817E-16));
#10632=DIRECTION('',(0.,-0.258819045102521,-0.965925826289068));
#10633=DIRECTION('center_axis',(0.,-0.258819045102521,-0.965925826289068));
#10634=DIRECTION('ref_axis',(-1.00020092308573E-15,0.965925826289068,-0.258819045102521));
#10635=DIRECTION('center_axis',(-1.66600381247529E-47,0.258819045102521,
0.965925826289068));
#10636=DIRECTION('ref_axis',(-1.00020092308573E-15,0.965925826289068,-0.258819045102521));
#10637=DIRECTION('',(0.,-0.258819045102521,-0.965925826289068));
#10638=DIRECTION('center_axis',(-1.,-9.48543943265232E-12,2.54161583583351E-12));
#10639=DIRECTION('ref_axis',(-9.82004950534748E-12,0.965925826289068,-0.258819045102521));
#10640=DIRECTION('',(-9.82004950534747E-12,0.965925826289068,-0.258819045102521));
#10641=DIRECTION('',(0.,-0.258819045102521,-0.965925826289068));
#10642=DIRECTION('center_axis',(0.,-0.258819045102521,-0.965925826289068));
#10643=DIRECTION('ref_axis',(1.,3.09158368975757E-15,-8.28387353003771E-16));
#10644=DIRECTION('center_axis',(1.16596839871899E-31,0.258819045102521,
0.965925826289068));
#10645=DIRECTION('ref_axis',(1.,3.09158368975757E-15,-8.28387353003771E-16));
#10646=DIRECTION('',(0.,-0.258819045102521,-0.965925826289068));
#10647=DIRECTION('center_axis',(-5.26427881711684E-16,0.965925826289068,
-0.258819045102521));
#10648=DIRECTION('ref_axis',(1.,5.08490286624385E-16,-1.36249561658383E-16));
#10649=DIRECTION('',(1.,5.08490286624385E-16,-1.36249561658383E-16));
#10650=DIRECTION('center_axis',(-4.73785089653591E-15,0.965925826289068,
-0.258819045102521));
#10651=DIRECTION('ref_axis',(1.,4.60543747763649E-15,-1.11792351066217E-15));
#10652=DIRECTION('',(1.,4.60543747763649E-15,-1.11792351066217E-15));
#10653=DIRECTION('',(0.,-0.258819045102521,-0.965925826289068));
#10654=DIRECTION('center_axis',(0.,-0.258819045102521,-0.965925826289068));
#10655=DIRECTION('ref_axis',(1.00020092308573E-15,-0.965925826289068,0.258819045102521));
#10656=DIRECTION('center_axis',(-1.66600381247529E-47,0.258819045102521,
0.965925826289068));
#10657=DIRECTION('ref_axis',(1.00020092308573E-15,-0.965925826289068,0.258819045102521));
#10658=DIRECTION('center_axis',(1.03397576569128E-25,-0.258819045102521,
-0.965925826289068));
#10659=DIRECTION('ref_axis',(-1.,-2.67612620335366E-26,-9.98743895838226E-26));
#10660=DIRECTION('',(0.,0.,1.));
#10661=DIRECTION('',(1.,0.,0.));
#10662=CARTESIAN_POINT('',(0.,0.,0.));
#10663=CARTESIAN_POINT('',(0.,0.,0.));
#10664=CARTESIAN_POINT('Origin',(-45.1499998172847,-71.4339313283533,16.0348356703819));
#10665=CARTESIAN_POINT('',(-40.1499998172847,-71.1751122832508,17.000761496671));
#10666=CARTESIAN_POINT('Origin',(-45.1499998172847,-71.1751122832508,17.000761496671));
#10667=CARTESIAN_POINT('',(-42.1499998172847,-71.6927503734559,15.0689098440928));
#10668=CARTESIAN_POINT('',(-41.1499998172847,-71.4339313283533,16.0348356703819));
#10669=CARTESIAN_POINT('Origin',(-45.1499998172847,-71.6927503734559,15.0689098440928));
#10670=CARTESIAN_POINT('Origin',(3.5527136788005E-14,-0.517638090205121,
-1.93185165257852));
#10671=CARTESIAN_POINT('',(50.1500024297653,47.940050680358,-14.9160502257297));
#10672=CARTESIAN_POINT('',(51.2256492814812,51.5415475485701,-15.8810684031103));
#10673=CARTESIAN_POINT('Origin',(44.2256492814812,51.5415475485701,-15.8810684031103));
#10674=CARTESIAN_POINT('',(53.4833331663681,42.7537473361584,-13.5263844329485));
#10675=CARTESIAN_POINT('Origin',(56.1499998330348,47.9454426543456,-14.9174950008053));
#10676=CARTESIAN_POINT('',(55.1499998330348,40.1578996770649,-12.8308291490202));
#10677=CARTESIAN_POINT('Origin',(52.1499998330348,40.157899677065,-12.8308291490203));
#10678=CARTESIAN_POINT('',(55.1499998330348,24.752846605057,-8.70305761901707));
#10679=CARTESIAN_POINT('',(55.1499998330348,12.1176042574259,-5.3174546357978));
#10680=CARTESIAN_POINT('',(53.4833331663681,22.1569989459634,-8.00750233508873));
#10681=CARTESIAN_POINT('Origin',(52.1499998330348,24.7528466050571,-8.70305761901714));
#10682=CARTESIAN_POINT('',(53.4833331663681,11.7736083095891,-5.22528119937536));
#10683=CARTESIAN_POINT('Origin',(56.1499998330348,16.9653036277764,-6.61639176723209));
#10684=CARTESIAN_POINT('',(55.1499998330348,9.17776065049557,-4.52972591544702));
#10685=CARTESIAN_POINT('Origin',(52.1499998330348,9.17776065049567,-4.52972591544704));
#10686=CARTESIAN_POINT('',(55.1499998330348,-6.22729242151231,-0.401954385443921));
#10687=CARTESIAN_POINT('',(55.1499998330348,-3.37246525585871,-1.16690301901123));
#10688=CARTESIAN_POINT('',(53.4833331663681,-8.82314008060589,0.293600898484425));
#10689=CARTESIAN_POINT('Origin',(52.1499998330348,-6.22729242151221,-0.401954385443903));
#10690=CARTESIAN_POINT('',(53.4833331663681,-19.2065307169802,3.07582203419779));
#10691=CARTESIAN_POINT('Origin',(56.1499998330348,-14.0148353987929,1.68471146634115));
#10692=CARTESIAN_POINT('',(55.1499998330348,-21.8023783760737,3.77137731812613));
#10693=CARTESIAN_POINT('Origin',(52.1499998330348,-21.8023783760736,3.7713773181262));
#10694=CARTESIAN_POINT('',(55.1499998330348,-37.2074314480816,7.89914884812924));
#10695=CARTESIAN_POINT('',(55.1499998330348,-18.8625347691434,2.98364859777535));
#10696=CARTESIAN_POINT('',(53.4833331663681,-39.8032791071752,8.59470413205758));
#10697=CARTESIAN_POINT('Origin',(52.1499998330348,-37.2074314480815,7.89914884812934));
#10698=CARTESIAN_POINT('',(53.4833331663681,-50.1866697435495,11.3769252677709));
#10699=CARTESIAN_POINT('Origin',(56.1499998330348,-44.9949744253622,9.98581469991439));
#10700=CARTESIAN_POINT('',(55.1499998330348,-52.782517402643,12.0724805516993));
#10701=CARTESIAN_POINT('Origin',(52.1499998330348,-52.7825174026429,12.0724805516994));
#10702=CARTESIAN_POINT('',(55.1499998330348,-71.5074937523563,17.0898228428968));
#10703=CARTESIAN_POINT('',(55.1499998330348,-36.0125659212807,7.57898559515915));
#10704=CARTESIAN_POINT('',(52.8485575854613,-74.3256172489035,17.8449367579678));
#10705=CARTESIAN_POINT('Origin',(52.1499998330348,-71.5074937523562,17.089822842897));
#10706=CARTESIAN_POINT('',(48.4107671619724,-78.6116834588485,18.9933847376289));
#10707=CARTESIAN_POINT('Origin',(54.2456730903144,-79.9618642419975,19.35516458811));
#10708=CARTESIAN_POINT('',(45.4933141978014,-80.8343705461412,19.5889519476961));
#10709=CARTESIAN_POINT('Origin',(45.4933141978014,-77.9365930672738,18.8124948123887));
#10710=CARTESIAN_POINT('',(30.234930838613,-80.8343705461412,19.5889519476961));
#10711=CARTESIAN_POINT('',(15.1174654193066,-80.8343705461412,19.5889519476961));
#10712=CARTESIAN_POINT('',(27.5475115891801,-79.2244941689928,19.1575868725252));
#10713=CARTESIAN_POINT('Origin',(30.234930838613,-77.9365930672739,18.8124948123887));
#10714=CARTESIAN_POINT('',(16.7978345914487,-79.2244941689928,19.1575868725252));
#10715=CARTESIAN_POINT('Origin',(22.1726730903144,-81.8002963724301,19.8477709927988));
#10716=CARTESIAN_POINT('',(14.1104153420159,-80.8343705461412,19.5889519476961));
#10717=CARTESIAN_POINT('Origin',(14.1104153420159,-77.9365930672739,18.8124948123887));
#10718=CARTESIAN_POINT('',(-14.1104152999031,-80.8343705461413,19.5889519476961));
#10719=CARTESIAN_POINT('',(-7.05520764995144,-80.8343705461412,19.5889519476961));
#10720=CARTESIAN_POINT('',(-16.7978345633735,-79.2244941416635,19.1575868652024));
#10721=CARTESIAN_POINT('Origin',(-14.1104152999031,-77.9365930672739,18.8124948123888));
#10722=CARTESIAN_POINT('',(-27.5475116172548,-79.2244941416635,19.1575868652024));
#10723=CARTESIAN_POINT('Origin',(-22.1726730903141,-81.8002962904421,19.8477709708302));
#10724=CARTESIAN_POINT('',(-30.2349308807251,-80.8343705461413,19.5889519476961));
#10725=CARTESIAN_POINT('Origin',(-30.2349308807251,-77.936593067274,18.8124948123888));
#10726=CARTESIAN_POINT('',(-45.4933141480539,-80.8343705461413,19.5889519476961));
#10727=CARTESIAN_POINT('',(-22.7466570740268,-80.8343705461412,19.5889519476961));
#10728=CARTESIAN_POINT('',(-48.4107671288073,-78.6116833919871,18.9933847197135));
#10729=CARTESIAN_POINT('Origin',(-45.4933141480539,-77.936593067274,18.8124948123888));
#10730=CARTESIAN_POINT('',(-52.8485575854612,-74.3256170483187,17.8449367042213));
#10731=CARTESIAN_POINT('Origin',(-54.2456730903141,-79.9618640414129,19.3551645343635));
#10732=CARTESIAN_POINT('',(-55.1499998330348,-71.5074935517716,17.0898227891504));
#10733=CARTESIAN_POINT('Origin',(-52.1499998330348,-71.5074935517714,17.0898227891505));
#10734=CARTESIAN_POINT('',(-55.1499998330348,-52.7825171950168,12.072480496066));
#10735=CARTESIAN_POINT('',(-55.1499998330347,-26.6500776426109,5.07031442174377));
#10736=CARTESIAN_POINT('',(-53.483333166368,-50.1866695359232,11.3769252121377));
#10737=CARTESIAN_POINT('Origin',(-52.1499998330347,-52.7825171950167,12.0724804960662));
#10738=CARTESIAN_POINT('',(-53.483333166368,-39.8032788995488,8.59470407642429));
#10739=CARTESIAN_POINT('Origin',(-56.1499998330346,-44.9949742177359,9.98581464428108));
#10740=CARTESIAN_POINT('',(-55.1499998330348,-37.2074312404552,7.89914879249594));
#10741=CARTESIAN_POINT('Origin',(-52.1499998330347,-37.2074312404551,7.89914879249602));
#10742=CARTESIAN_POINT('',(-55.1499998330348,-21.8023781684474,3.77137726249287));
#10743=CARTESIAN_POINT('',(-55.1499998330347,-11.1600081293263,0.919762804957183));
#10744=CARTESIAN_POINT('',(-53.4833331663681,-19.2065305093539,3.07582197856453));
#10745=CARTESIAN_POINT('Origin',(-52.1499998330348,-21.8023781684473,3.7713772624929));
#10746=CARTESIAN_POINT('',(-53.4833331663681,-8.82313987297955,0.293600842851154));
#10747=CARTESIAN_POINT('Origin',(-56.1499998330347,-14.0148351911666,1.68471141070785));
#10748=CARTESIAN_POINT('',(-55.1499998330348,-6.22729221388597,-0.401954441077192));
#10749=CARTESIAN_POINT('Origin',(-52.1499998330348,-6.22729221388587,-0.40195444107721));
#10750=CARTESIAN_POINT('',(-55.1499998330348,9.17776085812192,-4.52972597108029));
#10751=CARTESIAN_POINT('',(-55.1499998330348,4.33006138395841,-3.23078881182939));
#10752=CARTESIAN_POINT('',(-53.4833331663681,11.7736085172155,-5.22528125500863));
#10753=CARTESIAN_POINT('Origin',(-52.1499998330348,9.17776085812201,-4.52972597108035));
#10754=CARTESIAN_POINT('',(-53.4833331663681,22.1569991535897,-8.00750239072199));
#10755=CARTESIAN_POINT('Origin',(-56.1499998330348,16.9653038354027,-6.6163918228654));
#10756=CARTESIAN_POINT('',(-55.1499998330348,24.7528468126833,-8.70305767465033));
#10757=CARTESIAN_POINT('Origin',(-52.1499998330348,24.7528468126833,-8.70305767465044));
#10758=CARTESIAN_POINT('',(-55.1499998330348,40.1578998846913,-12.8308292046535));
#10759=CARTESIAN_POINT('',(-55.1499998330348,19.8201308972431,-7.38134042861598));
#10760=CARTESIAN_POINT('',(-53.4833331663681,42.7537475437848,-13.5263844885818));
#10761=CARTESIAN_POINT('Origin',(-52.1499998330347,40.1578998846913,-12.8308292046536));
#10762=CARTESIAN_POINT('',(-50.1500020078798,47.9405083011933,-14.916172844863));
#10763=CARTESIAN_POINT('Origin',(-56.149999833035,47.945442861972,-14.9174950564386));
#10764=CARTESIAN_POINT('',(-37.2253507185188,51.5415475485702,-15.8810684031102));
#10765=CARTESIAN_POINT('Origin',(-44.2253507185188,51.5415475485702,-15.8810684031102));
#10766=CARTESIAN_POINT('',(-51.2187018960972,51.2469175174021,-15.802122524193));
#10767=CARTESIAN_POINT('Origin',(-44.2253507185188,51.5415475485702,-15.8810684031102));
#10768=CARTESIAN_POINT('',(-53.4833331663681,53.137138180159,-16.3086056242951));
#10769=CARTESIAN_POINT('Origin',(-56.149999833035,47.945442861972,-14.9174950564386));
#10770=CARTESIAN_POINT('',(-55.1499998330347,55.7329858392525,-17.0041609082235));
#10771=CARTESIAN_POINT('Origin',(-52.1499998330347,55.7329858392526,-17.0041609082237));
#10772=CARTESIAN_POINT('',(-55.1499998330348,70.471452417088,-20.9533211254276));
#10773=CARTESIAN_POINT('',(-55.1499998330348,34.9769071634414,-11.442586389003));
#10774=CARTESIAN_POINT('',(-52.8489048794435,73.2894955718931,-21.7084135129937));
#10775=CARTESIAN_POINT('Origin',(-52.1499998330348,70.471452417088,-20.9533211254278));
#10776=CARTESIAN_POINT('',(-48.4116427252959,77.5760718850769,-22.8569981744057));
#10777=CARTESIAN_POINT('Origin',(-54.246714972261,78.9255818815034,-23.2185982881261));
#10778=CARTESIAN_POINT('',(-45.4941066018133,79.7990943657309,-23.4526552528531));
#10779=CARTESIAN_POINT('Origin',(-45.4941066018133,76.9013168868637,-22.6761981175458));
#10780=CARTESIAN_POINT('',(-25.3089726878029,79.7990943657309,-23.4526552528531));
#10781=CARTESIAN_POINT('',(-12.6544863439015,79.7990943657311,-23.4526552528532));
#10782=CARTESIAN_POINT('',(-23.0000000000001,78.7514229655003,-23.1719325472281));
#10783=CARTESIAN_POINT('Origin',(-25.3089726878029,76.9013168868638,-22.6761981175458));
#10784=CARTESIAN_POINT('',(-23.0000000000001,78.1804357610922,-23.0189369869185));
#10785=CARTESIAN_POINT('',(-23.0000000000001,41.572579790341,-13.2098915429209));
#10786=CARTESIAN_POINT('',(-19.0000000000001,74.1804357610923,-21.947140217194));
#10787=CARTESIAN_POINT('Origin',(-19.0000000000001,78.1804357610923,-23.0189369869185));
#10788=CARTESIAN_POINT('',(18.9999999999999,74.1804357610923,-21.947140217194));
#10789=CARTESIAN_POINT('',(-11.5000000000001,74.1804357610923,-21.947140217194));
#10790=CARTESIAN_POINT('',(22.9999999999999,78.1804357610923,-23.0189369869185));
#10791=CARTESIAN_POINT('Origin',(18.9999999999999,78.1804357610923,-23.0189369869185));
#10792=CARTESIAN_POINT('',(22.9999999999999,78.7514229273579,-23.1719325370079));
#10793=CARTESIAN_POINT('',(22.9999999999999,36.90751628088,-11.9598915429209));
#10794=CARTESIAN_POINT('',(25.3089727205593,79.7990943657311,-23.4526552528532));
#10795=CARTESIAN_POINT('Origin',(25.3089727205593,76.9013168868639,-22.6761981175458));
#10796=CARTESIAN_POINT('',(45.4941065520911,79.7990943657311,-23.4526552528532));
#10797=CARTESIAN_POINT('',(22.7470532760455,79.7990943657312,-23.4526552528532));
#10798=CARTESIAN_POINT('',(48.4116426921476,77.5760718182142,-22.8569981564899));
#10799=CARTESIAN_POINT('Origin',(45.4941065520911,76.9013168868639,-22.6761981175458));
#10800=CARTESIAN_POINT('',(52.8489048794434,73.2894953713045,-21.7084134592461));
#10801=CARTESIAN_POINT('Origin',(54.2467149722608,78.9255816809149,-23.2185982343786));
#10802=CARTESIAN_POINT('',(55.1499998330348,70.4714522164994,-20.95332107168));
#10803=CARTESIAN_POINT('Origin',(52.1499998330348,70.4714522164994,-20.9533210716802));
#10804=CARTESIAN_POINT('',(55.1499998330348,55.7329856316263,-17.0041608525902));
#10805=CARTESIAN_POINT('',(55.1499998330348,27.6076737707106,-9.46800625258438));
#10806=CARTESIAN_POINT('',(53.4833331663681,53.1371379725327,-16.3086055686619));
#10807=CARTESIAN_POINT('Origin',(52.1499998330348,55.7329856316263,-17.0041608525904));
#10808=CARTESIAN_POINT('',(51.2190204804983,51.2473612475617,-15.8022414213309));
#10809=CARTESIAN_POINT('Origin',(56.1499998330348,47.9454426543456,-14.9174950008053));
#10810=CARTESIAN_POINT('Origin',(44.2256492814812,51.5415475485701,-15.8810684031103));
#10811=CARTESIAN_POINT('',(50.149999814492,-71.1751122832505,17.0007614966709));
#10812=CARTESIAN_POINT('Origin',(45.149999814492,-71.1751122832505,17.0007614966709));
#10813=CARTESIAN_POINT('',(50.1499998345801,10.6706077759634,-4.92973309713923));
#10814=CARTESIAN_POINT('Origin',(45.1499998345801,10.6706077759634,-4.92973309713923));
#10815=CARTESIAN_POINT('',(11.8999999527598,36.9621491431379,-11.9745303742431));
#10816=CARTESIAN_POINT('',(28.151930785499,21.2619526224084,-7.7676753955037));
#10817=CARTESIAN_POINT('Origin',(11.8999999527599,21.2639892926134,-7.76822111964038));
#10818=CARTESIAN_POINT('',(-11.8999990541218,36.9621491431379,-11.9745303742431));
#10819=CARTESIAN_POINT('',(-5.94999952706092,36.9621491431379,-11.9745303742431));
#10820=CARTESIAN_POINT('',(-28.1519308027814,21.2639802596304,-7.76821869925986));
#10821=CARTESIAN_POINT('Origin',(-11.8999998332562,21.2639892926134,-7.76822111964036));
#10822=CARTESIAN_POINT('',(-28.1519308023196,-22.2992896063412,3.9045242809863));
#10823=CARTESIAN_POINT('',(-28.1519308024351,-11.4084638484125,0.986336314241226));
#10824=CARTESIAN_POINT('',(-11.9000040995879,-37.9974253235478,8.11082706908596));
#10825=CARTESIAN_POINT('Origin',(-11.8999998328133,-22.2992654730237,3.90451781448335));
#10826=CARTESIAN_POINT('',(-9.05952195327318E-9,-37.9974253235479,8.11082706908597));
#10827=CARTESIAN_POINT('',(5.94998486737686,-37.9974253237557,8.11082706914166));
#10828=CARTESIAN_POINT('',(11.8999697361569,-37.9974253239636,8.11082706919735));
#10829=CARTESIAN_POINT('',(5.94998486737686,-37.9974253237557,8.11082706914166));
#10830=CARTESIAN_POINT('',(28.1519307860039,-22.2972325649798,3.90397309841469));
#10831=CARTESIAN_POINT('Origin',(11.8999999527599,-22.2992654726083,3.90451781437203));
#10832=CARTESIAN_POINT('',(28.151930802442,10.3722825849042,-4.84979710311307));
#10833=CARTESIAN_POINT('',(-40.149999793882,10.6706077759634,-4.9297330971392));
#10834=CARTESIAN_POINT('Origin',(-45.149999793882,10.6706077759634,-4.9297330971392));
#10835=CARTESIAN_POINT('Origin',(-45.1499998172847,-71.1751122832508,17.000761496671));
#10836=CARTESIAN_POINT('',(-42.1499998172847,-73.763302734276,7.34150323378029));
#10837=CARTESIAN_POINT('Origin',(-45.1499998172847,-73.763302734276,7.34150323378029));
#10838=CARTESIAN_POINT('',(-42.1499998172847,-71.1751122832508,17.000761496671));
#10839=CARTESIAN_POINT('Origin',(45.149999814492,-71.433931328353,16.0348356703818));
#10840=CARTESIAN_POINT('',(48.149999814492,-71.6927503734555,15.0689098440927));
#10841=CARTESIAN_POINT('',(49.149999814492,-71.433931328353,16.0348356703818));
#10842=CARTESIAN_POINT('Origin',(45.149999814492,-71.6927503734555,15.0689098440927));
#10843=CARTESIAN_POINT('Origin',(45.149999814492,-71.1751122832505,17.0007614966709));
#10844=CARTESIAN_POINT('',(48.149999814492,-73.7633027342757,7.34150323378021));
#10845=CARTESIAN_POINT('Origin',(45.149999814492,-73.7633027342757,7.34150323378021));
#10846=CARTESIAN_POINT('',(48.149999814492,-71.1751122832505,17.0007614966709));
#10847=CARTESIAN_POINT('Origin',(-45.149999793882,10.4117887308609,-5.89565892342829));
#10848=CARTESIAN_POINT('',(-42.149999793882,10.1529696857583,-6.86158474971737));
#10849=CARTESIAN_POINT('',(-41.149999793882,10.4117887308609,-5.89565892342829));
#10850=CARTESIAN_POINT('Origin',(-45.149999793882,10.1529696857583,-6.86158474971737));
#10851=CARTESIAN_POINT('Origin',(-45.149999793882,10.6706077759634,-4.92973309713921));
#10852=CARTESIAN_POINT('',(-42.149999793882,8.08241732493818,-14.5889913600299));
#10853=CARTESIAN_POINT('Origin',(-45.149999793882,8.08241732493818,-14.5889913600299));
#10854=CARTESIAN_POINT('',(-42.149999793882,10.6706077759634,-4.92973309713921));
#10855=CARTESIAN_POINT('Origin',(45.1499998345801,10.4117887308609,-5.89565892342829));
#10856=CARTESIAN_POINT('',(48.1499998345801,10.1529696857583,-6.86158474971734));
#10857=CARTESIAN_POINT('',(49.14999983458,10.4117887308609,-5.89565892342829));
#10858=CARTESIAN_POINT('Origin',(45.1499998345801,10.1529696857583,-6.86158474971734));
#10859=CARTESIAN_POINT('Origin',(45.1499998345801,10.6706077759634,-4.92973309713921));
#10860=CARTESIAN_POINT('',(48.1499998345801,8.08241732493818,-14.5889913600299));
#10861=CARTESIAN_POINT('Origin',(45.1499998345801,8.08241732493818,-14.5889913600299));
#10862=CARTESIAN_POINT('',(48.1499998345801,10.6706077759634,-4.92973309713921));
#10863=CARTESIAN_POINT('Origin',(44.2256492814812,51.2827285034676,-16.8469942293993));
#10864=CARTESIAN_POINT('Ctrl Pts',(51.2190204804983,51.2473612475617,-15.8022414213308));
#10865=CARTESIAN_POINT('Ctrl Pts',(51.1520349806192,51.1377956503971,-15.8378138349637));
#10866=CARTESIAN_POINT('Ctrl Pts',(51.0866813836786,51.0256410522935,-15.8686407780994));
#10867=CARTESIAN_POINT('Ctrl Pts',(50.7777091602656,50.4669276369503,-15.9909039794275));
#10868=CARTESIAN_POINT('Ctrl Pts',(50.5680980125852,49.9911684112253,-15.9915444753781));
#10869=CARTESIAN_POINT('Ctrl Pts',(50.2772130562737,49.0912332892785,-15.750407586212));
#10870=CARTESIAN_POINT('Ctrl Pts',(50.1882148927141,48.6431599100706,-15.5022268898281));
#10871=CARTESIAN_POINT('Ctrl Pts',(50.1532473511725,48.1377981039184,-15.0948455922143));
#10872=CARTESIAN_POINT('Ctrl Pts',(50.1498930436424,48.0373853105264,-15.0070613881903));
#10873=CARTESIAN_POINT('Ctrl Pts',(50.1500024297653,47.9400506803581,-14.9160502257297));
#10874=CARTESIAN_POINT('',(49.2256492814812,51.0239094583651,-17.8129200556884));
#10875=CARTESIAN_POINT('',(50.2256492814812,51.2827285034676,-16.8469942293993));
#10876=CARTESIAN_POINT('Origin',(44.2256492814812,51.0239094583651,-17.8129200556884));
#10877=CARTESIAN_POINT('Origin',(56.1499998330348,39.1455951208599,-47.7589730946335));
#10878=CARTESIAN_POINT('',(53.4833331663681,43.8714161578624,-50.8887501498105));
#10879=CARTESIAN_POINT('',(53.4833331663681,44.337290439047,-49.1500836624902));
#10880=CARTESIAN_POINT('',(53.4833331663681,33.4880255214882,-48.1065290140972));
#10881=CARTESIAN_POINT('Origin',(56.1499998330348,38.6797208396753,-49.4976395819538));
#10882=CARTESIAN_POINT('',(53.4833331663681,33.9538998026727,-46.3678625267768));
#10883=CARTESIAN_POINT('Origin',(44.2256492814812,51.5415475485701,-15.8810684031102));
#10884=CARTESIAN_POINT('',(49.2256492814812,48.9533570975449,-25.5403266660009));
#10885=CARTESIAN_POINT('Origin',(44.2256492814812,48.9533570975449,-25.5403266660009));
#10886=CARTESIAN_POINT('',(49.2256492814812,51.5415475485701,-15.8810684031102));
#10887=CARTESIAN_POINT('Origin',(-44.2253507185188,51.2827285034676,-16.8469942293993));
#10888=CARTESIAN_POINT('Ctrl Pts',(-50.1500020078798,47.9405083011934,-14.9161728448629));
#10889=CARTESIAN_POINT('Ctrl Pts',(-50.1499020478654,48.037704444741,-15.0070354521992));
#10890=CARTESIAN_POINT('Ctrl Pts',(-50.153255780422,48.137968887896,-15.0946787475561));
#10891=CARTESIAN_POINT('Ctrl Pts',(-50.1882066633695,48.6431802512631,-15.5019367323698));
#10892=CARTESIAN_POINT('Ctrl Pts',(-50.2772017172474,49.0912608694772,-15.7501199932632));
#10893=CARTESIAN_POINT('Ctrl Pts',(-50.5680838197975,49.9912097468989,-15.9912605681977));
#10894=CARTESIAN_POINT('Ctrl Pts',(-50.7776953214931,50.4669763923123,-15.9906214355229));
#10895=CARTESIAN_POINT('Ctrl Pts',(-51.086573153058,51.0255233796241,-15.8683966417155));
#10896=CARTESIAN_POINT('Ctrl Pts',(-51.1518235113939,51.1375104777086,-15.837625975426));
#10897=CARTESIAN_POINT('Ctrl Pts',(-51.2187018960971,51.2469175174021,-15.8021225241928));
#10898=CARTESIAN_POINT('',(-39.2253507185188,51.0239094583651,-17.8129200556884));
#10899=CARTESIAN_POINT('',(-38.2253507185188,51.2827285034676,-16.8469942293993));
#10900=CARTESIAN_POINT('Origin',(-44.2253507185188,51.0239094583651,-17.8129200556884));
#10901=CARTESIAN_POINT('Origin',(-56.149999833035,39.1455953284862,-47.7589731502668));
#10902=CARTESIAN_POINT('',(-53.4833331663681,33.4880257291146,-48.1065290697305));
#10903=CARTESIAN_POINT('',(-53.4833331663681,33.9539000102991,-46.3678625824102));
#10904=CARTESIAN_POINT('',(-53.4833331663681,43.8714163654887,-50.8887502054438));
#10905=CARTESIAN_POINT('Origin',(-56.149999833035,38.6797210473016,-49.4976396375871));
#10906=CARTESIAN_POINT('',(-53.4833331663681,44.3372906466733,-49.1500837181235));
#10907=CARTESIAN_POINT('Origin',(-44.2253507185188,51.5415475485702,-15.8810684031102));
#10908=CARTESIAN_POINT('',(-39.2253507185188,48.9533570975449,-25.5403266660009));
#10909=CARTESIAN_POINT('Origin',(-44.2253507185188,48.9533570975449,-25.5403266660009));
#10910=CARTESIAN_POINT('',(-39.2253507185188,51.5415475485702,-15.8810684031102));
#10911=CARTESIAN_POINT('Origin',(-44.2253507185188,49.0827666200962,-25.0573637528564));
#10912=CARTESIAN_POINT('',(-41.1253507185188,48.9533570975449,-25.5403266660009));
#10913=CARTESIAN_POINT('Origin',(-44.2253507185188,48.9533570975449,-25.5403266660009));
#10914=CARTESIAN_POINT('',(-42.1253507185188,49.2121761426475,-24.5744008397119));
#10915=CARTESIAN_POINT('',(-41.6253507185188,49.0827666200962,-25.0573637528564));
#10916=CARTESIAN_POINT('Origin',(-44.2253507185188,49.2121761426475,-24.5744008397119));
#10917=CARTESIAN_POINT('Origin',(-44.2253507185188,51.5415475485702,-15.8810684031102));
#10918=CARTESIAN_POINT('',(-42.1253507185188,51.5415475485702,-15.8810684031102));
#10919=CARTESIAN_POINT('',(-42.1253507185188,51.5415475485702,-15.8810684031102));
#10920=CARTESIAN_POINT('Origin',(-44.2253507185188,51.5415475485702,-15.8810684031103));
#10921=CARTESIAN_POINT('Origin',(-44.2253507185188,48.9533570975449,-25.5403266660009));
#10922=CARTESIAN_POINT('Origin',(44.2256492814812,49.0827666200962,-25.0573637528564));
#10923=CARTESIAN_POINT('',(47.3256492814812,48.9533570975449,-25.5403266660009));
#10924=CARTESIAN_POINT('Origin',(44.2256492814812,48.9533570975449,-25.5403266660009));
#10925=CARTESIAN_POINT('',(46.3256492814812,49.2121761426474,-24.5744008397119));
#10926=CARTESIAN_POINT('',(46.8256492814812,49.0827666200962,-25.0573637528564));
#10927=CARTESIAN_POINT('Origin',(44.2256492814812,49.2121761426474,-24.5744008397119));
#10928=CARTESIAN_POINT('Origin',(44.2256492814812,51.5415475485701,-15.8810684031102));
#10929=CARTESIAN_POINT('',(46.3256492814812,51.5415475485701,-15.8810684031102));
#10930=CARTESIAN_POINT('',(46.3256492814812,51.5415475485701,-15.8810684031102));
#10931=CARTESIAN_POINT('Origin',(44.2256492814812,51.5415475485701,-15.8810684031102));
#10932=CARTESIAN_POINT('Origin',(44.2256492814812,48.9533570975449,-25.5403266660009));
#10933=CARTESIAN_POINT('Origin',(45.1499998345801,10.6706077759634,-4.92973309713921));
#10934=CARTESIAN_POINT('',(46.04999983458,8.08241732493818,-14.5889913600299));
#10935=CARTESIAN_POINT('Origin',(45.1499998345801,8.08241732493818,-14.5889913600299));
#10936=CARTESIAN_POINT('',(46.04999983458,10.6706077759634,-4.92973309713921));
#10937=CARTESIAN_POINT('',(46.04999983458,10.6706077759634,-4.92973309713921));
#10938=CARTESIAN_POINT('Origin',(45.1499998345801,10.6706077759634,-4.92973309713922));
#10939=CARTESIAN_POINT('Origin',(45.1499998345801,8.08241732493818,-14.5889913600299));
#10940=CARTESIAN_POINT('Origin',(3.5527136788005E-14,-0.517638090205121,
-1.93185165257852));
#10941=CARTESIAN_POINT('Origin',(-45.149999793882,10.6706077759634,-4.92973309713921));
#10942=CARTESIAN_POINT('',(-44.249999793882,8.08241732493818,-14.5889913600299));
#10943=CARTESIAN_POINT('Origin',(-45.149999793882,8.08241732493818,-14.5889913600299));
#10944=CARTESIAN_POINT('',(-44.249999793882,10.6706077759634,-4.92973309713921));
#10945=CARTESIAN_POINT('',(-44.249999793882,10.6706077759634,-4.92973309713921));
#10946=CARTESIAN_POINT('Origin',(-45.149999793882,10.6706077759634,-4.92973309713922));
#10947=CARTESIAN_POINT('Origin',(-45.149999793882,8.08241732493818,-14.5889913600299));
#10948=CARTESIAN_POINT('Origin',(3.5527136788005E-14,-0.517638090205121,
-1.93185165257852));
#10949=CARTESIAN_POINT('Origin',(45.149999814492,-71.1751122832505,17.0007614966709));
#10950=CARTESIAN_POINT('',(46.049999814492,-73.7633027342757,7.34150323378021));
#10951=CARTESIAN_POINT('Origin',(45.149999814492,-73.7633027342757,7.34150323378021));
#10952=CARTESIAN_POINT('',(46.049999814492,-71.1751122832505,17.0007614966709));
#10953=CARTESIAN_POINT('',(46.049999814492,-71.1751122832505,17.0007614966709));
#10954=CARTESIAN_POINT('Origin',(45.149999814492,-71.1751122832505,17.0007614966709));
#10955=CARTESIAN_POINT('Origin',(45.149999814492,-73.7633027342757,7.34150323378021));
#10956=CARTESIAN_POINT('Origin',(3.5527136788005E-14,-0.517638090205121,
-1.93185165257852));
#10957=CARTESIAN_POINT('Origin',(3.5527136788005E-14,-0.517638090205121,
-1.93185165257852));
#10958=CARTESIAN_POINT('Origin',(-45.1499998172847,-71.1751122832508,17.000761496671));
#10959=CARTESIAN_POINT('',(-44.2499998172847,-73.763302734276,7.34150323378029));
#10960=CARTESIAN_POINT('Origin',(-45.1499998172847,-73.763302734276,7.34150323378029));
#10961=CARTESIAN_POINT('',(-44.2499998172847,-71.1751122832508,17.000761496671));
#10962=CARTESIAN_POINT('',(-44.2499998172847,-71.1751122832508,17.000761496671));
#10963=CARTESIAN_POINT('Origin',(-45.1499998172847,-71.1751122832508,17.000761496671));
#10964=CARTESIAN_POINT('Origin',(-45.1499998172847,-73.763302734276,7.34150323378029));
#10965=CARTESIAN_POINT('Origin',(3.5527136788005E-14,-0.517638090205121,
-1.93185165257852));
#10966=CARTESIAN_POINT('Origin',(-19.0000000000001,78.1804357610923,-29.5560797806851));
#10967=CARTESIAN_POINT('',(-19.0000000000001,74.1804357610923,-26.1150949260845));
#10968=CARTESIAN_POINT('',(-22.621553449289,76.4820981580392,-29.39234820491));
#10969=CARTESIAN_POINT('Ctrl Pts',(-19.0000000000001,74.1804357610923,-26.1150949260845));
#10970=CARTESIAN_POINT('Ctrl Pts',(-19.4369900453071,74.1804357610923,-26.6309864657776));
#10971=CARTESIAN_POINT('Ctrl Pts',(-19.9425061298746,74.2568522236633,-27.1663097967791));
#10972=CARTESIAN_POINT('Ctrl Pts',(-20.934950783581,74.6394200653936,-28.1477417168565));
#10973=CARTESIAN_POINT('Ctrl Pts',(-21.4170731290984,74.9406546406982,-28.6006034001451));
#10974=CARTESIAN_POINT('Ctrl Pts',(-21.9770777927845,75.5006593043842,-29.0695949167115));
#10975=CARTESIAN_POINT('Ctrl Pts',(-22.1324537048036,75.6809492192084,-29.1925232811691));
#10976=CARTESIAN_POINT('Ctrl Pts',(-22.4050707659612,76.0689589606302,-29.3601113235156));
#10977=CARTESIAN_POINT('Ctrl Pts',(-22.5241364472714,76.2743650906903,-29.4089794923425));
#10978=CARTESIAN_POINT('Ctrl Pts',(-22.621553449289,76.4820981580391,-29.3923482049099));
#10979=CARTESIAN_POINT('',(-19.0000000000001,74.1804357610923,-29.5560797806851));
#10980=CARTESIAN_POINT('',(-23.0000000000001,78.1804357610922,-25.302885804551));
#10981=CARTESIAN_POINT('',(-23.0000000000001,78.1804357610922,-29.5560797806851));
#10982=CARTESIAN_POINT('Ctrl Pts',(-22.621553449289,76.4820981580392,-29.39234820491));
#10983=CARTESIAN_POINT('Ctrl Pts',(-22.6251791165587,76.4898295700877,-29.3917292214343));
#10984=CARTESIAN_POINT('Ctrl Pts',(-22.6287823352553,76.4975778585444,-29.3905811581828));
#10985=CARTESIAN_POINT('Ctrl Pts',(-22.6409164936898,76.5238890533658,-29.3850108801289));
#10986=CARTESIAN_POINT('Ctrl Pts',(-22.6492520778076,76.5423490978577,-29.3781632182295));
#10987=CARTESIAN_POINT('Ctrl Pts',(-22.6730522029212,76.5960584618513,-29.3516199368898));
#10988=CARTESIAN_POINT('Ctrl Pts',(-22.6872540722615,76.6295915654997,-29.3254242256166));
#10989=CARTESIAN_POINT('Ctrl Pts',(-22.7572965761755,76.7998009596573,-29.1676590530129));
#10990=CARTESIAN_POINT('Ctrl Pts',(-22.7955962049627,76.9145914395141,-28.9581739891993));
#10991=CARTESIAN_POINT('Ctrl Pts',(-22.9028751661869,77.2634867424553,-28.2694228581983));
#10992=CARTESIAN_POINT('Ctrl Pts',(-22.9411764334271,77.4695443867727,-27.6748115586993));
#10993=CARTESIAN_POINT('Ctrl Pts',(-22.9917055943234,77.8572174926179,-26.4720011215028));
#10994=CARTESIAN_POINT('Ctrl Pts',(-23.0000000000001,78.0308662143824,-25.8610869521373));
#10995=CARTESIAN_POINT('Ctrl Pts',(-23.0000000000001,78.1804357610923,-25.302885804551));
#10996=CARTESIAN_POINT('Origin',(-1.19986629444894E-13,74.1804357610923,
-36.5560797806851));
#10997=CARTESIAN_POINT('',(-12.011976590583,74.1804357610923,-36.9565136628862));
#10998=CARTESIAN_POINT('Origin',(-17.246714972261,74.1804357610923,-48.2854781959988));
#10999=CARTESIAN_POINT('',(12.0119766356506,74.1804357610923,-36.9565130969225));
#11000=CARTESIAN_POINT('Origin',(-3.17232760655567E-14,74.1804357610923,
-36.));
#11001=CARTESIAN_POINT('',(18.9999999999999,74.1804357610923,-26.115094670991));
#11002=CARTESIAN_POINT('Origin',(17.2467149722608,74.1804357610923,-48.2854779409053));
#11003=CARTESIAN_POINT('',(18.9999999999999,74.1804357610923,-39.5560797806851));
#11004=CARTESIAN_POINT('Origin',(18.9999999999999,78.1804357610923,-39.5560797806851));
#11005=CARTESIAN_POINT('',(22.9999999999999,78.1804357610923,-25.3028856519812));
#11006=CARTESIAN_POINT('',(22.6215534711265,76.4820982046063,-29.3923479460881));
#11007=CARTESIAN_POINT('Ctrl Pts',(22.9999999999999,78.1804357610923,-25.3028856519812));
#11008=CARTESIAN_POINT('Ctrl Pts',(22.9999999999999,78.0308662182175,-25.861086785255));
#11009=CARTESIAN_POINT('Ctrl Pts',(22.9917055947536,77.8572175008185,-26.472000938935));
#11010=CARTESIAN_POINT('Ctrl Pts',(22.9411764363474,77.4695444042778,-27.6748113451362));
#11011=CARTESIAN_POINT('Ctrl Pts',(22.9028751709727,77.2634867647306,-28.2694226292641));
#11012=CARTESIAN_POINT('Ctrl Pts',(22.7955962148585,76.9145914693575,-28.9581737421983));
#11013=CARTESIAN_POINT('Ctrl Pts',(22.7572965878741,76.7998009919306,-29.1676588004158));
#11014=CARTESIAN_POINT('Ctrl Pts',(22.6872540873636,76.6295916014215,-29.3254239689024));
#11015=CARTESIAN_POINT('Ctrl Pts',(22.6730522186941,76.5960584984422,-29.351619679536));
#11016=CARTESIAN_POINT('Ctrl Pts',(22.6492520947037,76.542349135504,-29.3781629602758));
#11017=CARTESIAN_POINT('Ctrl Pts',(22.6409165109791,76.5238890913726,-29.3850106220308));
#11018=CARTESIAN_POINT('Ctrl Pts',(22.6287823543074,76.497577899643,-29.3905808994469));
#11019=CARTESIAN_POINT('Ctrl Pts',(22.6251791369987,76.4898296139333,-29.3917289624666));
#11020=CARTESIAN_POINT('Ctrl Pts',(22.6215534711265,76.4820982046063,-29.3923479460881));
#11021=CARTESIAN_POINT('',(22.9999999999999,78.1804357610923,-39.5560797806851));
#11022=CARTESIAN_POINT('Ctrl Pts',(22.6215534711265,76.4820982046063,-29.3923479460881));
#11023=CARTESIAN_POINT('Ctrl Pts',(22.5241364649511,76.2743651214428,-29.4089792445585));
#11024=CARTESIAN_POINT('Ctrl Pts',(22.4050707758356,76.0689589746846,-29.3601110744924));
#11025=CARTESIAN_POINT('Ctrl Pts',(22.1324537048033,75.6809492192085,-29.1925230260755));
#11026=CARTESIAN_POINT('Ctrl Pts',(21.9770777927843,75.5006593043843,-29.0695946616179));
#11027=CARTESIAN_POINT('Ctrl Pts',(21.4170731290982,74.9406546406982,-28.6006031450516));
#11028=CARTESIAN_POINT('Ctrl Pts',(20.9349507835807,74.6394200653937,-28.147741461763));
#11029=CARTESIAN_POINT('Ctrl Pts',(19.9425061298744,74.2568522236634,-27.1663095416856));
#11030=CARTESIAN_POINT('Ctrl Pts',(19.4369900453068,74.1804357610923,-26.6309862106841));
#11031=CARTESIAN_POINT('Ctrl Pts',(18.9999999999999,74.1804357610923,-26.115094670991));
#11032=CARTESIAN_POINT('Origin',(22.9999999999999,84.1804357610923,-42.5560797806851));
#11033=CARTESIAN_POINT('',(22.9999999999999,69.9515753938722,-56.0134106308363));
#11034=CARTESIAN_POINT('Origin',(-58.1500000000001,67.9652582108385,-34.7756549375291));
#11035=CARTESIAN_POINT('',(-59.1500000000001,72.554650668563,-21.5115124145843));
#11036=CARTESIAN_POINT('',(-59.1500000000001,64.2724412252822,-52.4211388558344));
#11037=CARTESIAN_POINT('',(-59.1500000000001,68.9311840371275,-35.0344739826317));
#11038=CARTESIAN_POINT('',(-57.15,62.8582276629091,-49.9716491130512));
#11039=CARTESIAN_POINT('',(-59.1500000000001,64.2724412252822,-52.4211388558344));
#11040=CARTESIAN_POINT('',(-57.15,70.1051609257798,-22.9257259769574));
#11041=CARTESIAN_POINT('',(-57.15,62.8582276629091,-49.9716491130512));
#11042=CARTESIAN_POINT('',(-57.15,70.1051609257798,-22.9257259769574));
#11043=CARTESIAN_POINT('Origin',(-58.15,-17.9478550771034,-29.3550006797525));
#11044=CARTESIAN_POINT('',(-59.1500000000001,45.4587880478422,-47.3800356802601));
#11045=CARTESIAN_POINT('',(-59.15,-18.2066741222059,-30.3209265060415));
#11046=CARTESIAN_POINT('',(-57.15,47.9082777906254,-45.965822117887));
#11047=CARTESIAN_POINT('',(-59.1500000000001,45.4587880478422,-47.3800356802601));
#11048=CARTESIAN_POINT('',(-57.15,47.9082777906254,-45.965822117887));
#11049=CARTESIAN_POINT('Origin',(-58.1500000000001,54.7069233174119,-16.7292282841125));
#11050=CARTESIAN_POINT('',(-59.1500000000001,53.7409974911228,-16.4704092390099));
#11051=CARTESIAN_POINT('',(-59.1500000000001,53.7409974911229,-16.47040923901));
#11052=CARTESIAN_POINT('',(-57.15,55.155211053496,-18.9198989817931));
#11053=CARTESIAN_POINT('',(-59.1500000000001,53.7409974911229,-16.4704092390099));
#11054=CARTESIAN_POINT('',(-57.15,55.155211053496,-18.9198989817931));
#11055=CARTESIAN_POINT('Origin',(-58.15,-2.70830878788581,-2.38013938866257));
#11056=CARTESIAN_POINT('',(-57.15,70.1051609257798,-22.9257259769574));
#11057=CARTESIAN_POINT('',(-59.15,-2.44948974278329,-1.4142135623735));
#11058=CARTESIAN_POINT('Origin',(-59.1499999999999,-75.0041404113464,20.0972988522104));
#11059=CARTESIAN_POINT('',(-59.1500000000001,75.0041404113461,-20.0972988522111));
#11060=CARTESIAN_POINT('',(-59.1500000000001,65.6866547876553,-54.8706285986176));
#11061=CARTESIAN_POINT('',(-59.1500000000001,75.0041404113461,-20.0972988522111));
#11062=CARTESIAN_POINT('',(-59.1500000000001,43.0092985126855,-48.7942492982666));
#11063=CARTESIAN_POINT('',(-59.1499999999999,-84.3216260350372,-14.6760308941961));
#11064=CARTESIAN_POINT('',(-59.1500000000001,51.8091460461712,-15.9527712044382));
#11065=CARTESIAN_POINT('',(-59.1500000000001,43.0092985126855,-48.7942492982666));
#11066=CARTESIAN_POINT('',(-59.1500000000001,44.0817396777726,-13.8822189084387));
#11067=CARTESIAN_POINT('',(-59.1499999999999,-38.4795678735075,8.24001677598435));
#11068=CARTESIAN_POINT('',(-59.1500000000001,35.2818921442869,-46.7236970022671));
#11069=CARTESIAN_POINT('',(-59.1500000000001,35.2818921442868,-46.7236970022671));
#11070=CARTESIAN_POINT('',(-59.15,12.0291594861162,-40.4931460646934));
#11071=CARTESIAN_POINT('',(-59.1499999999999,-84.3216260350372,-14.6760308941961));
#11072=CARTESIAN_POINT('',(-59.15,20.8290070196019,-7.65166797086508));
#11073=CARTESIAN_POINT('',(-59.15,12.0291594861162,-40.4931460646934));
#11074=CARTESIAN_POINT('',(-59.15,13.1016006512033,-5.58111567486557));
#11075=CARTESIAN_POINT('',(-59.1499999999999,-38.4795678735075,8.24001677598435));
#11076=CARTESIAN_POINT('',(-59.15,4.3017531177176,-38.4225937686939));
#11077=CARTESIAN_POINT('',(-59.15,4.30175311771759,-38.4225937686939));
#11078=CARTESIAN_POINT('',(-59.15,-18.9509795404532,-32.1920428311203));
#11079=CARTESIAN_POINT('',(-59.1499999999999,-84.3216260350372,-14.6760308941961));
#11080=CARTESIAN_POINT('',(-59.15,-10.1511320069674,0.649435262708086));
#11081=CARTESIAN_POINT('',(-59.15,-18.9509795404532,-32.1920428311203));
#11082=CARTESIAN_POINT('',(-59.15,-17.8785383753659,2.71998755870757));
#11083=CARTESIAN_POINT('',(-59.1499999999999,-38.4795678735075,8.24001677598435));
#11084=CARTESIAN_POINT('',(-59.15,-26.6783859088517,-30.1214905351208));
#11085=CARTESIAN_POINT('',(-59.15,-26.6783859088517,-30.1214905351208));
#11086=CARTESIAN_POINT('',(-59.1499999999999,-49.9311185670225,-23.8909395975471));
#11087=CARTESIAN_POINT('',(-59.1499999999999,-84.3216260350372,-14.6760308941961));
#11088=CARTESIAN_POINT('',(-59.1499999999999,-41.1312710335368,8.95053849628125));
#11089=CARTESIAN_POINT('',(-59.1499999999999,-49.9311185670225,-23.8909395975471));
#11090=CARTESIAN_POINT('',(-59.1499999999999,-48.8586774019352,11.0210907922807));
#11091=CARTESIAN_POINT('',(-59.1499999999999,-38.4795678735075,8.24001677598435));
#11092=CARTESIAN_POINT('',(-59.1499999999999,-57.6585249354209,-21.8203873015476));
#11093=CARTESIAN_POINT('',(-59.1499999999999,-57.6585249354209,-21.8203873015477));
#11094=CARTESIAN_POINT('',(-59.1499999999999,-84.3216260350372,-14.6760308941961));
#11095=CARTESIAN_POINT('',(-59.1499999999999,-84.3216260350372,-14.6760308941961));
#11096=CARTESIAN_POINT('',(-59.1499999999999,-75.0041404113464,20.0972988522104));
#11097=CARTESIAN_POINT('',(-59.1499999999999,-75.0041404113464,20.0972988522104));
#11098=CARTESIAN_POINT('',(-59.1499999999999,-75.0041404113464,20.0972988522104));
#11099=CARTESIAN_POINT('',(-59.15,14.4786490212728,-39.078932446687));
#11100=CARTESIAN_POINT('',(-59.15,22.7608584645535,-8.16930600543678));
#11101=CARTESIAN_POINT('',(-59.15,22.7608584645535,-8.16930600543677));
#11102=CARTESIAN_POINT('',(-59.1500000000001,33.8676783742873,-44.2742072038505));
#11103=CARTESIAN_POINT('',(-59.1499999999999,-33.6967436354906,-26.1703748892549));
#11104=CARTESIAN_POINT('',(-59.1500000000001,42.1498878175679,-13.3645807626003));
#11105=CARTESIAN_POINT('',(-59.1500000000001,38.5264211861326,-26.8875423306473));
#11106=CARTESIAN_POINT('',(-59.15,-17.6518711682808,2.65925226361848));
#11107=CARTESIAN_POINT('',(-59.1499999999999,-47.4816290318658,-22.4767259795406));
#11108=CARTESIAN_POINT('',(-59.1499999999999,-39.1994195885852,8.43290046170955));
#11109=CARTESIAN_POINT('',(-59.1499999999999,-39.1994195885852,8.43290046170956));
#11110=CARTESIAN_POINT('',(-59.15,-28.0925996788512,-27.6720007367042));
#11111=CARTESIAN_POINT('',(-59.1499999999999,-64.6768826620599,-17.8692716556818));
#11112=CARTESIAN_POINT('',(-59.15,-19.8103902355706,3.23762570454595));
#11113=CARTESIAN_POINT('',(-59.15,-23.4338568670059,-10.285335863501));
#11114=CARTESIAN_POINT('',(-59.1499999999999,-48.6320101948501,10.9603554971916));
#11115=CARTESIAN_POINT('',(-59.1499999999999,-81.872136292254,-13.261817331823));
#11116=CARTESIAN_POINT('',(-59.1499999999999,-73.5899268489731,17.6478091094272));
#11117=CARTESIAN_POINT('',(-59.1499999999999,-73.5899268489731,17.6478091094272));
#11118=CARTESIAN_POINT('',(-59.1499999999999,-59.0727387054205,-19.3708975031311));
#11119=CARTESIAN_POINT('',(-59.1499999999999,-81.872136292254,-13.261817331823));
#11120=CARTESIAN_POINT('',(-59.1499999999999,-50.7905292621398,11.5387289381191));
#11121=CARTESIAN_POINT('',(-59.1499999999999,-54.4139958935751,-1.98423262992785));
#11122=CARTESIAN_POINT('',(-59.1499999999999,-64.1220797081347,15.1109071139782));
#11123=CARTESIAN_POINT('',(-59.15,-16.5014900052965,-30.7778292131138));
#11124=CARTESIAN_POINT('',(-59.15,-8.21928056201583,0.131797228136383));
#11125=CARTESIAN_POINT('',(-59.15,-8.21928056201583,0.131797228136382));
#11126=CARTESIAN_POINT('',(-59.15,2.88753934771803,-35.9731039702774));
#11127=CARTESIAN_POINT('',(-59.1499999999999,-49.1868131487752,-22.0198232724684));
#11128=CARTESIAN_POINT('',(-59.15,11.1697487909987,-5.06347752902718));
#11129=CARTESIAN_POINT('',(-59.15,7.54628215956337,-18.5864390970741));
#11130=CARTESIAN_POINT('',(-59.1499999999999,-33.1419406815655,6.80980388040506));
#11131=CARTESIAN_POINT('Origin',(-58.15,37.5604953598436,-26.6287232855448));
#11132=CARTESIAN_POINT('',(-57.15,32.4534648119142,-41.8247174610673));
#11133=CARTESIAN_POINT('',(-59.1500000000001,33.8676783742873,-44.2742072038505));
#11134=CARTESIAN_POINT('',(-57.15,39.7003980747847,-14.7787943249734));
#11135=CARTESIAN_POINT('',(-57.15,32.4534648119142,-41.8247174610673));
#11136=CARTESIAN_POINT('',(-59.1500000000001,42.1498878175679,-13.3645807626003));
#11137=CARTESIAN_POINT('Origin',(-58.15,23.7267842908426,-8.4281250505393));
#11138=CARTESIAN_POINT('',(-57.15,24.1750720269266,-10.61879574822));
#11139=CARTESIAN_POINT('',(-59.15,22.7608584645535,-8.16930600543678));
#11140=CARTESIAN_POINT('',(-57.15,16.928138764056,-37.6647188843139));
#11141=CARTESIAN_POINT('',(-57.15,24.1750720269266,-10.61879574822));
#11142=CARTESIAN_POINT('',(-57.15,16.928138764056,-37.6647188843139));
#11143=CARTESIAN_POINT('Origin',(-58.15,-17.9106902133834,1.69332643732941));
#11144=CARTESIAN_POINT('',(-57.15,39.7003980747847,-14.7787943249734));
#11145=CARTESIAN_POINT('Origin',(-58.1499999999999,-33.4379245903881,-25.2044490629659));
#11146=CARTESIAN_POINT('',(-57.15,16.928138764056,-37.6647188843139));
#11147=CARTESIAN_POINT('Origin',(-58.15,6.58035633327431,-18.3276200519716));
#11148=CARTESIAN_POINT('',(-57.15,1.47332578534491,-33.5236142274942));
#11149=CARTESIAN_POINT('',(-59.15,2.88753934771801,-35.9731039702774));
#11150=CARTESIAN_POINT('',(-57.15,8.72025904821548,-6.47769109140028));
#11151=CARTESIAN_POINT('',(-57.15,1.47332578534491,-33.5236142274942));
#11152=CARTESIAN_POINT('',(-59.15,11.1697487909987,-5.06347752902718));
#11153=CARTESIAN_POINT('Origin',(-58.15,-7.25335473572676,-0.127021816966139));
#11154=CARTESIAN_POINT('',(-57.15,-6.80506699964273,-2.3176925146468));
#11155=CARTESIAN_POINT('',(-59.15,-8.21928056201583,0.131797228136383));
#11156=CARTESIAN_POINT('',(-57.15,-14.0520002625133,-29.3636156507407));
#11157=CARTESIAN_POINT('',(-57.15,-6.80506699964273,-2.3176925146468));
#11158=CARTESIAN_POINT('',(-57.15,-14.0520002625133,-29.3636156507407));
#11159=CARTESIAN_POINT('Origin',(-58.1499999999999,-33.400759726668,5.84387805411598));
#11160=CARTESIAN_POINT('',(-57.15,8.72025904821548,-6.47769109140028));
#11161=CARTESIAN_POINT('Origin',(-58.1499999999999,-48.9279941036727,-21.0538974461793));
#11162=CARTESIAN_POINT('',(-57.15,-14.0520002625133,-29.3636156507407));
#11163=CARTESIAN_POINT('Origin',(-58.1499999999999,-24.3997826932949,-10.0265168183985));
#11164=CARTESIAN_POINT('',(-57.15,-29.5068132412243,-25.2225109939211));
#11165=CARTESIAN_POINT('',(-59.15,-28.0925996788512,-27.6720007367042));
#11166=CARTESIAN_POINT('',(-57.15,-22.2598799783538,1.82341214217285));
#11167=CARTESIAN_POINT('',(-57.15,-29.5068132412243,-25.2225109939211));
#11168=CARTESIAN_POINT('',(-59.15,-19.8103902355706,3.23762570454595));
#11169=CARTESIAN_POINT('Origin',(-58.1499999999999,-38.2334937622961,8.17408141660704));
#11170=CARTESIAN_POINT('',(-57.15,-37.7852060262121,5.98341071892636));
#11171=CARTESIAN_POINT('',(-59.1499999999999,-39.1994195885852,8.43290046170955));
#11172=CARTESIAN_POINT('',(-57.15,-45.0321392890827,-21.0625124171675));
#11173=CARTESIAN_POINT('',(-57.15,-37.7852060262121,5.98341071892636));
#11174=CARTESIAN_POINT('',(-57.15,-45.0321392890827,-21.0625124171675));
#11175=CARTESIAN_POINT('Origin',(-58.1499999999999,-48.8908292399526,9.99442967090255));
#11176=CARTESIAN_POINT('',(-57.15,-22.2598799783538,1.82341214217285));
#11177=CARTESIAN_POINT('Origin',(-58.1499999999999,-64.4180636169574,-16.9033458293927));
#11178=CARTESIAN_POINT('',(-57.15,-45.0321392890827,-21.0625124171675));
#11179=CARTESIAN_POINT('Origin',(-58.1499999999999,-55.3799217198642,-1.72541358482533));
#11180=CARTESIAN_POINT('',(-57.15,-60.4869522677936,-16.9214077603479));
#11181=CARTESIAN_POINT('',(-59.1499999999999,-59.0727387054205,-19.3708975031311));
#11182=CARTESIAN_POINT('',(-57.15,-53.240019004923,10.124515375746));
#11183=CARTESIAN_POINT('',(-57.15,-60.4869522677936,-16.9214077603479));
#11184=CARTESIAN_POINT('',(-59.1499999999999,-50.7905292621398,11.5387289381191));
#11185=CARTESIAN_POINT('Origin',(-58.1499999999999,-72.624001022684,17.3889900643246));
#11186=CARTESIAN_POINT('',(-57.15,-72.1757132866,15.198319366644));
#11187=CARTESIAN_POINT('',(-59.1499999999999,-73.5899268489731,17.6478091094272));
#11188=CARTESIAN_POINT('',(-57.15,-79.4226465494708,-11.8476037694499));
#11189=CARTESIAN_POINT('',(-57.15,-72.1757132866,15.198319366644));
#11190=CARTESIAN_POINT('',(-57.15,-79.4226465494708,-11.8476037694499));
#11191=CARTESIAN_POINT('Origin',(-58.1499999999999,-64.3808987532372,14.1449812876891));
#11192=CARTESIAN_POINT('',(-57.15,-53.240019004923,10.124515375746));
#11193=CARTESIAN_POINT('Origin',(-58.1499999999998,-81.6133172471515,-12.2958915055339));
#11194=CARTESIAN_POINT('',(-57.15,-79.4226465494708,-11.8476037694499));
#11195=CARTESIAN_POINT('Origin',(1.99999989359629,-83.990967070111,19.3994832567146));
#11196=CARTESIAN_POINT('',(-28.1726730266539,-84.6980738512976,20.6242281281062));
#11197=CARTESIAN_POINT('',(-47.6500002128076,-84.6980738512976,20.6242281281062));
#11198=CARTESIAN_POINT('',(1.9999998935963,-84.6980738512975,20.6242281281062));
#11199=CARTESIAN_POINT('',(-45.6500002128076,-83.2838602889245,18.174738385323));
#11200=CARTESIAN_POINT('',(-47.6500002128076,-84.6980738512976,20.6242281281062));
#11201=CARTESIAN_POINT('',(-30.1726730266539,-83.2838602889245,18.174738385323));
#11202=CARTESIAN_POINT('',(-30.1726730266539,-83.2838602889245,18.174738385323));
#11203=CARTESIAN_POINT('',(-30.1726730266539,-83.2838602889245,18.174738385323));
#11204=CARTESIAN_POINT('Origin',(-46.6500002128076,-87.3556146564438,6.84244751495669));
#11205=CARTESIAN_POINT('',(-47.6500002128076,-92.9802832945783,-10.285398313144));
#11206=CARTESIAN_POINT('',(-47.6500002128076,-88.3215404827329,7.10126656005921));
#11207=CARTESIAN_POINT('',(-45.6500002128076,-90.5307935517951,-8.87118475077092));
#11208=CARTESIAN_POINT('',(-47.6500002128076,-92.9802832945783,-10.285398313144));
#11209=CARTESIAN_POINT('',(-45.6500002128076,-83.2838602889245,18.174738385323));
#11210=CARTESIAN_POINT('Origin',(9.73866348667316,-91.7555384231866,-9.5782915319575));
#11211=CARTESIAN_POINT('',(-28.1726730266538,-92.9802832945782,-10.285398313144));
#11212=CARTESIAN_POINT('',(9.73866348667316,-92.9802832945782,-10.2853983131441));
#11213=CARTESIAN_POINT('',(-30.1726730266538,-90.5307935517951,-8.87118475077093));
#11214=CARTESIAN_POINT('',(-28.1726730266538,-92.9802832945782,-10.285398313144));
#11215=CARTESIAN_POINT('',(-45.6500002128076,-90.5307935517951,-8.87118475077092));
#11216=CARTESIAN_POINT('Origin',(-29.1726730266539,-83.7321480250085,20.3654090830036));
#11217=CARTESIAN_POINT('',(-30.1726730266538,-90.5307935517951,-8.87118475077093));
#11218=CARTESIAN_POINT('',(-28.1726730266539,-84.6980738512976,20.6242281281062));
#11219=CARTESIAN_POINT('Origin',(49.6500000000001,-84.1804357610924,22.5560797806843));
#11220=CARTESIAN_POINT('',(-49.6499999999998,-84.1804357610926,22.5560797806843));
#11221=CARTESIAN_POINT('',(-49.6499999999998,-93.4979213847833,-12.2172499657221));
#11222=CARTESIAN_POINT('',(-49.6499999999998,-84.1804357610926,22.5560797806843));
#11223=CARTESIAN_POINT('',(-26.1726730266538,-93.4979213847833,-12.2172499657221));
#11224=CARTESIAN_POINT('',(49.6500000000001,-93.4979213847831,-12.2172499657222));
#11225=CARTESIAN_POINT('',(-26.1726730266538,-84.6980738512976,20.6242281281062));
#11226=CARTESIAN_POINT('',(-26.1726730266538,-93.4979213847833,-12.2172499657222));
#11227=CARTESIAN_POINT('',(-18.1726731539744,-84.6980738512976,20.6242281281062));
#11228=CARTESIAN_POINT('',(24.8250000000001,-84.6980738512975,20.6242281281062));
#11229=CARTESIAN_POINT('',(-18.1726731539744,-93.4979213847833,-12.2172499657221));
#11230=CARTESIAN_POINT('',(-18.1726731539744,-93.4979213847833,-12.2172499657222));
#11231=CARTESIAN_POINT('',(18.1726730903145,-93.4979213847832,-12.2172499657222));
#11232=CARTESIAN_POINT('',(49.6500000000001,-93.4979213847831,-12.2172499657222));
#11233=CARTESIAN_POINT('',(18.1726730903145,-84.6980738512975,20.6242281281062));
#11234=CARTESIAN_POINT('',(18.1726730903145,-93.4979213847832,-12.2172499657222));
#11235=CARTESIAN_POINT('',(26.1726730903144,-84.6980738512975,20.6242281281062));
#11236=CARTESIAN_POINT('',(24.8250000000001,-84.6980738512975,20.6242281281062));
#11237=CARTESIAN_POINT('',(26.1726730903144,-93.4979213847832,-12.2172499657222));
#11238=CARTESIAN_POINT('',(26.1726730903144,-93.4979213847832,-12.2172499657222));
#11239=CARTESIAN_POINT('',(49.6500000000001,-93.4979213847831,-12.2172499657222));
#11240=CARTESIAN_POINT('',(49.6500000000001,-93.4979213847831,-12.2172499657222));
#11241=CARTESIAN_POINT('',(49.6500000000001,-84.1804357610924,22.5560797806843));
#11242=CARTESIAN_POINT('',(49.6500000000001,-84.1804357610924,22.5560797806843));
#11243=CARTESIAN_POINT('',(49.6500000000001,-84.1804357610924,22.5560797806843));
#11244=CARTESIAN_POINT('',(16.1726730903144,-84.6980738512975,20.6242281281062));
#11245=CARTESIAN_POINT('',(-16.1726731539744,-84.6980738512976,20.6242281281062));
#11246=CARTESIAN_POINT('',(17.7386634230129,-84.6980738512975,20.6242281281062));
#11247=CARTESIAN_POINT('',(16.1726730903145,-92.9802832945782,-10.285398313144));
#11248=CARTESIAN_POINT('',(16.1726730903144,-84.6980738512975,20.6242281281061));
#11249=CARTESIAN_POINT('',(-16.1726731539744,-92.9802832945782,-10.285398313144));
#11250=CARTESIAN_POINT('',(31.9113365451573,-92.9802832945781,-10.285398313144));
#11251=CARTESIAN_POINT('',(-16.1726731539744,-88.3215404827328,7.10126656005923));
#11252=CARTESIAN_POINT('',(28.1726730903144,-84.6980738512975,20.6242281281062));
#11253=CARTESIAN_POINT('',(28.1726730903144,-92.9802832945781,-10.285398313144));
#11254=CARTESIAN_POINT('',(28.1726730903144,-88.3215404827328,7.10126656005921));
#11255=CARTESIAN_POINT('',(47.6500000000002,-84.6980738512974,20.6242281281062));
#11256=CARTESIAN_POINT('',(39.9113365451573,-84.6980738512974,20.6242281281062));
#11257=CARTESIAN_POINT('',(47.6500000000002,-92.9802832945781,-10.2853983131441));
#11258=CARTESIAN_POINT('',(47.6500000000002,-84.6980738512974,20.6242281281061));
#11259=CARTESIAN_POINT('',(47.6500000000001,-92.9802832945781,-10.285398313144));
#11260=CARTESIAN_POINT('Origin',(31.9113365451573,-91.7555384231865,-9.57829153195749));
#11261=CARTESIAN_POINT('',(14.1726730903145,-90.530793551795,-8.87118475077093));
#11262=CARTESIAN_POINT('',(16.1726730903145,-92.9802832945782,-10.285398313144));
#11263=CARTESIAN_POINT('',(-14.1726731539744,-90.530793551795,-8.87118475077091));
#11264=CARTESIAN_POINT('',(-14.1726731539744,-90.530793551795,-8.87118475077091));
#11265=CARTESIAN_POINT('',(-16.1726731539744,-92.9802832945782,-10.285398313144));
#11266=CARTESIAN_POINT('Origin',(17.7386634230129,-83.990967070111,19.3994832567146));
#11267=CARTESIAN_POINT('',(-14.1726731539744,-83.2838602889245,18.174738385323));
#11268=CARTESIAN_POINT('',(-16.1726731539744,-84.6980738512976,20.6242281281062));
#11269=CARTESIAN_POINT('',(14.1726730903144,-83.2838602889244,18.174738385323));
#11270=CARTESIAN_POINT('',(14.1726730903144,-83.2838602889244,18.174738385323));
#11271=CARTESIAN_POINT('',(14.1726730903144,-83.2838602889244,18.174738385323));
#11272=CARTESIAN_POINT('Origin',(-15.1726731539744,-87.3556146564438,6.84244751495671));
#11273=CARTESIAN_POINT('',(-14.1726731539744,-83.2838602889245,18.174738385323));
#11274=CARTESIAN_POINT('Origin',(15.1726730903144,-83.7321480250084,20.3654090830036));
#11275=CARTESIAN_POINT('',(14.1726730903145,-90.530793551795,-8.87118475077093));
#11276=CARTESIAN_POINT('Origin',(29.1726730903144,-87.3556146564437,6.84244751495669));
#11277=CARTESIAN_POINT('',(30.1726730903144,-90.530793551795,-8.87118475077092));
#11278=CARTESIAN_POINT('',(28.1726730903144,-92.9802832945781,-10.285398313144));
#11279=CARTESIAN_POINT('',(30.1726730903144,-83.2838602889244,18.174738385323));
#11280=CARTESIAN_POINT('',(30.1726730903144,-83.2838602889244,18.174738385323));
#11281=CARTESIAN_POINT('',(28.1726730903144,-84.6980738512975,20.6242281281062));
#11282=CARTESIAN_POINT('Origin',(47.6500000000001,-91.7555384231865,-9.57829153195749));
#11283=CARTESIAN_POINT('',(45.6500000000002,-90.5307935517949,-8.87118475077094));
#11284=CARTESIAN_POINT('',(47.6500000000002,-92.9802832945781,-10.2853983131441));
#11285=CARTESIAN_POINT('',(30.1726730903144,-90.530793551795,-8.87118475077092));
#11286=CARTESIAN_POINT('Origin',(39.9113365451573,-83.9909670701109,19.3994832567146));
#11287=CARTESIAN_POINT('',(45.6500000000002,-83.2838602889243,18.174738385323));
#11288=CARTESIAN_POINT('',(45.6500000000002,-83.2838602889243,18.174738385323));
#11289=CARTESIAN_POINT('',(45.6500000000002,-83.2838602889243,18.174738385323));
#11290=CARTESIAN_POINT('Origin',(46.6500000000001,-83.7321480250084,20.3654090830036));
#11291=CARTESIAN_POINT('',(45.6500000000002,-90.5307935517949,-8.87118475077094));
#11292=CARTESIAN_POINT('Origin',(58.1500000000001,-76.2474676541193,3.86602849627797));
#11293=CARTESIAN_POINT('',(59.1500000000001,-73.5899268489731,17.6478091094272));
#11294=CARTESIAN_POINT('',(59.1500000000001,-81.8721362922539,-13.261817331823));
#11295=CARTESIAN_POINT('',(59.1500000000001,-77.2133934804084,4.12484754138049));
#11296=CARTESIAN_POINT('',(57.15,-79.4226465494707,-11.8476037694499));
#11297=CARTESIAN_POINT('',(59.1500000000001,-81.8721362922539,-13.261817331823));
#11298=CARTESIAN_POINT('',(57.15,-72.1757132866,15.198319366644));
#11299=CARTESIAN_POINT('',(57.15,-72.1757132866,15.198319366644));
#11300=CARTESIAN_POINT('',(57.15,-72.1757132866,15.198319366644));
#11301=CARTESIAN_POINT('Origin',(58.15,2.85867030503351,-34.9300923531937));
#11302=CARTESIAN_POINT('',(59.1500000000001,-59.0727387054204,-19.3708975031311));
#11303=CARTESIAN_POINT('',(59.15,2.59985125993099,-35.8960181794828));
#11304=CARTESIAN_POINT('',(57.15,-60.4869522677935,-16.9214077603479));
#11305=CARTESIAN_POINT('',(59.1500000000001,-59.0727387054204,-19.3708975031311));
#11306=CARTESIAN_POINT('',(57.15,-79.4226465494707,-11.8476037694499));
#11307=CARTESIAN_POINT('Origin',(58.1500000000001,-51.7564550884288,11.7975479832215));
#11308=CARTESIAN_POINT('',(59.1500000000001,-50.7905292621397,11.5387289381191));
#11309=CARTESIAN_POINT('',(59.1500000000001,-50.7905292621398,11.538728938119));
#11310=CARTESIAN_POINT('',(57.15,-53.2400190049229,10.124515375746));
#11311=CARTESIAN_POINT('',(59.1500000000001,-50.7905292621397,11.5387289381191));
#11312=CARTESIAN_POINT('',(57.15,-60.4869522677935,-16.9214077603479));
#11313=CARTESIAN_POINT('Origin',(58.15,1.15539451727055,-3.41541556907269));
#11314=CARTESIAN_POINT('',(57.15,-53.2400190049229,10.124515375746));
#11315=CARTESIAN_POINT('',(59.15,1.41421356237307,-2.44948974278362));
#11316=CARTESIAN_POINT('Origin',(59.1499999999999,75.0041404113462,-20.0972988522112));
#11317=CARTESIAN_POINT('',(59.1500000000001,-48.8586776095615,11.021090847914));
#11318=CARTESIAN_POINT('',(59.1500000000001,-41.1312712411631,8.95053855191455));
#11319=CARTESIAN_POINT('',(59.15,36.5245725378389,-11.8572820762265));
#11320=CARTESIAN_POINT('',(59.1500000000001,-49.9311187746488,-23.8909395419138));
#11321=CARTESIAN_POINT('',(59.1500000000001,-49.9311187746488,-23.8909395419138));
#11322=CARTESIAN_POINT('',(59.1500000000001,-26.678386116478,-30.1214904794875));
#11323=CARTESIAN_POINT('',(59.1499999999999,65.6866547876555,-54.8706285986176));
#11324=CARTESIAN_POINT('',(59.1500000000001,-17.8785385829923,2.71998761434087));
#11325=CARTESIAN_POINT('',(59.1500000000001,-26.678386116478,-30.1214904794875));
#11326=CARTESIAN_POINT('',(59.15,-10.1511322145938,0.649435318341382));
#11327=CARTESIAN_POINT('',(59.15,36.5245725378389,-11.8572820762265));
#11328=CARTESIAN_POINT('',(59.15,-18.9509797480795,-32.192042775487));
#11329=CARTESIAN_POINT('',(59.15,-18.9509797480795,-32.192042775487));
#11330=CARTESIAN_POINT('',(59.15,4.30175291009129,-38.4225937130606));
#11331=CARTESIAN_POINT('',(59.1499999999999,65.6866547876555,-54.8706285986176));
#11332=CARTESIAN_POINT('',(59.15,13.101600443577,-5.58111561923227));
#11333=CARTESIAN_POINT('',(59.15,4.30175291009128,-38.4225937130606));
#11334=CARTESIAN_POINT('',(59.15,20.8290068119756,-7.65166791523178));
#11335=CARTESIAN_POINT('',(59.15,36.5245725378389,-11.8572820762265));
#11336=CARTESIAN_POINT('',(59.15,12.0291592784899,-40.4931460090601));
#11337=CARTESIAN_POINT('',(59.15,12.0291592784899,-40.4931460090601));
#11338=CARTESIAN_POINT('',(59.1499999999999,35.2818919366605,-46.7236969466337));
#11339=CARTESIAN_POINT('',(59.1499999999999,65.6866547876555,-54.8706285986176));
#11340=CARTESIAN_POINT('',(59.1499999999999,44.0817394701462,-13.8822188528054));
#11341=CARTESIAN_POINT('',(59.1499999999999,35.2818919366605,-46.7236969466338));
#11342=CARTESIAN_POINT('',(59.1499999999999,51.8091458385449,-15.9527711488049));
#11343=CARTESIAN_POINT('',(59.15,36.5245725378389,-11.8572820762265));
#11344=CARTESIAN_POINT('',(59.1499999999999,43.0092983050592,-48.7942492426333));
#11345=CARTESIAN_POINT('',(59.1499999999999,43.0092983050592,-48.7942492426333));
#11346=CARTESIAN_POINT('',(59.1499999999999,65.6866547876555,-54.8706285986176));
#11347=CARTESIAN_POINT('',(59.1499999999999,65.6866547876555,-54.8706285986176));
#11348=CARTESIAN_POINT('',(59.1499999999999,75.0041404113462,-20.0972988522112));
#11349=CARTESIAN_POINT('',(59.1499999999999,75.0041404113462,-20.0972988522112));
#11350=CARTESIAN_POINT('',(59.1500000000001,-75.0041404113462,20.0972988522103));
#11351=CARTESIAN_POINT('',(59.1499999999999,75.0041404113462,-20.0972988522112));
#11352=CARTESIAN_POINT('',(59.1500000000001,-84.321626035037,-14.6760308941961));
#11353=CARTESIAN_POINT('',(59.1500000000001,-75.0041404113462,20.0972988522103));
#11354=CARTESIAN_POINT('',(59.1500000000001,-57.6585251430472,-21.8203872459143));
#11355=CARTESIAN_POINT('',(59.1499999999999,65.6866547876555,-54.8706285986176));
#11356=CARTESIAN_POINT('',(59.1500000000001,-57.6585251430472,-21.8203872459144));
#11357=CARTESIAN_POINT('',(59.1500000000001,-39.1994195885851,8.43290046170952));
#11358=CARTESIAN_POINT('',(59.1500000000001,-47.4816290318657,-22.4767259795407));
#11359=CARTESIAN_POINT('',(59.1500000000001,-42.8228862200204,-5.09006110633748));
#11360=CARTESIAN_POINT('',(59.15,-19.8103902355705,3.23762570454593));
#11361=CARTESIAN_POINT('',(59.15,18.6094671925671,-7.05694406664239));
#11362=CARTESIAN_POINT('',(59.15,-28.0925996788511,-27.6720007367043));
#11363=CARTESIAN_POINT('',(59.15,-19.8103902355705,3.23762570454592));
#11364=CARTESIAN_POINT('',(59.15,18.0899207732156,-40.0465697962694));
#11365=CARTESIAN_POINT('',(59.15,22.7608584645536,-8.16930600543681));
#11366=CARTESIAN_POINT('',(59.15,14.478649021273,-39.078932446687));
#11367=CARTESIAN_POINT('',(59.15,19.1373918331183,-21.6922675734838));
#11368=CARTESIAN_POINT('',(59.1499999999999,42.149887817568,-13.3645807626003));
#11369=CARTESIAN_POINT('',(59.1499999999999,49.5896062191365,-15.3580473002156));
#11370=CARTESIAN_POINT('',(59.1499999999999,33.8676783742873,-44.2742072038505));
#11371=CARTESIAN_POINT('',(59.1499999999999,42.149887817568,-13.3645807626003));
#11372=CARTESIAN_POINT('',(59.1499999999999,49.0700597997849,-48.3476730298425));
#11373=CARTESIAN_POINT('',(59.1499999999999,53.740997491123,-16.47040923901));
#11374=CARTESIAN_POINT('',(59.1499999999999,45.4587880478423,-47.3800356802601));
#11375=CARTESIAN_POINT('',(59.1499999999999,50.1175308596877,-29.9933708070569));
#11376=CARTESIAN_POINT('',(59.1499999999999,72.554650668563,-21.5115124145843));
#11377=CARTESIAN_POINT('',(59.1499999999999,65.0796757324211,-19.5085989170022));
#11378=CARTESIAN_POINT('',(59.1499999999999,64.2724412252823,-52.4211388558344));
#11379=CARTESIAN_POINT('',(59.1499999999999,72.554650668563,-21.5115124145843));
#11380=CARTESIAN_POINT('',(59.1499999999999,64.2724412252823,-52.4211388558344));
#11381=CARTESIAN_POINT('',(59.15,-8.21928056201573,0.131797228136352));
#11382=CARTESIAN_POINT('',(59.15,-16.5014900052964,-30.7778292131138));
#11383=CARTESIAN_POINT('',(59.15,-11.842747193451,-13.3911643399106));
#11384=CARTESIAN_POINT('',(59.15,11.1697487909988,-5.06347752902721));
#11385=CARTESIAN_POINT('',(59.15,34.0995367058518,-11.207495683429));
#11386=CARTESIAN_POINT('',(59.15,2.8875393477181,-35.9731039702774));
#11387=CARTESIAN_POINT('',(59.15,11.1697487909988,-5.06347752902722));
#11388=CARTESIAN_POINT('',(59.1499999999999,33.5799902865002,-44.1971214130559));
#11389=CARTESIAN_POINT('Origin',(58.1500000000001,-41.8569603937313,-5.34888015144));
#11390=CARTESIAN_POINT('',(57.15,-45.0321392890826,-21.0625124171676));
#11391=CARTESIAN_POINT('',(59.1500000000001,-47.4816290318657,-22.4767259795407));
#11392=CARTESIAN_POINT('',(57.15,-37.785206026212,5.98341071892634));
#11393=CARTESIAN_POINT('',(57.15,-37.785206026212,5.98341071892634));
#11394=CARTESIAN_POINT('',(57.15,-37.785206026212,5.98341071892634));
#11395=CARTESIAN_POINT('Origin',(58.15,18.3487398183181,-39.0806439699803));
#11396=CARTESIAN_POINT('',(57.15,-29.5068132412242,-25.2225109939211));
#11397=CARTESIAN_POINT('',(59.15,-28.0925996788511,-27.6720007367043));
#11398=CARTESIAN_POINT('',(57.15,-45.0321392890826,-21.0625124171676));
#11399=CARTESIAN_POINT('Origin',(58.15,-20.7763160618596,3.49644474964844));
#11400=CARTESIAN_POINT('',(57.15,-22.2598799783537,1.82341214217284));
#11401=CARTESIAN_POINT('',(59.15,-19.8103902355705,3.23762570454593));
#11402=CARTESIAN_POINT('',(57.15,-29.5068132412242,-25.2225109939211));
#11403=CARTESIAN_POINT('Origin',(58.15,18.3506481474646,-8.02286989293146));
#11404=CARTESIAN_POINT('',(57.15,-22.2598799783537,1.82341214217284));
#11405=CARTESIAN_POINT('Origin',(58.15,-10.8768213671619,-13.6499833850131));
#11406=CARTESIAN_POINT('',(57.15,-14.0520002625132,-29.3636156507407));
#11407=CARTESIAN_POINT('',(59.15,-16.5014900052964,-30.7778292131138));
#11408=CARTESIAN_POINT('',(57.15,-6.80506699964264,-2.31769251464683));
#11409=CARTESIAN_POINT('',(57.15,-6.80506699964264,-2.31769251464683));
#11410=CARTESIAN_POINT('',(57.15,-6.80506699964264,-2.31769251464683));
#11411=CARTESIAN_POINT('Origin',(58.1499999999999,33.8388093316028,-43.2311955867669));
#11412=CARTESIAN_POINT('',(57.15,1.47332578534501,-33.5236142274942));
#11413=CARTESIAN_POINT('',(59.15,2.8875393477181,-35.9731039702774));
#11414=CARTESIAN_POINT('',(57.15,-14.0520002625132,-29.3636156507407));
#11415=CARTESIAN_POINT('Origin',(58.15,10.2038229647097,-4.8046584839247));
#11416=CARTESIAN_POINT('',(57.15,8.72025904821558,-6.47769109140031));
#11417=CARTESIAN_POINT('',(59.15,11.1697487909988,-5.06347752902721));
#11418=CARTESIAN_POINT('',(57.15,1.47332578534501,-33.5236142274942));
#11419=CARTESIAN_POINT('Origin',(58.1499999999999,33.8407176607493,-12.1734215097181));
#11420=CARTESIAN_POINT('',(57.15,8.72025904821558,-6.47769109140031));
#11421=CARTESIAN_POINT('Origin',(58.15,20.1033176594074,-21.9510866185863));
#11422=CARTESIAN_POINT('',(57.15,16.9281387640561,-37.6647188843139));
#11423=CARTESIAN_POINT('',(59.15,14.478649021273,-39.078932446687));
#11424=CARTESIAN_POINT('',(57.15,24.1750720269267,-10.61879574822));
#11425=CARTESIAN_POINT('',(57.15,24.1750720269267,-10.61879574822));
#11426=CARTESIAN_POINT('',(57.15,24.1750720269267,-10.61879574822));
#11427=CARTESIAN_POINT('Origin',(58.1499999999999,49.3288788448874,-47.3817472035534));
#11428=CARTESIAN_POINT('',(57.15,32.4534648119142,-41.8247174610674));
#11429=CARTESIAN_POINT('',(59.1499999999999,33.8676783742873,-44.2742072038505));
#11430=CARTESIAN_POINT('',(57.15,16.9281387640561,-37.6647188843139));
#11431=CARTESIAN_POINT('Origin',(58.1499999999999,41.1839619912789,-13.1057617174978));
#11432=CARTESIAN_POINT('',(57.15,39.7003980747848,-14.7787943249734));
#11433=CARTESIAN_POINT('',(59.1499999999999,42.149887817568,-13.3645807626003));
#11434=CARTESIAN_POINT('',(57.15,32.4534648119142,-41.8247174610674));
#11435=CARTESIAN_POINT('Origin',(58.1499999999999,49.3307871740339,-16.3239731265046));
#11436=CARTESIAN_POINT('',(57.15,39.7003980747848,-14.7787943249734));
#11437=CARTESIAN_POINT('Origin',(58.1499999999999,51.0834566859767,-30.2521898521594));
#11438=CARTESIAN_POINT('',(57.15,47.9082777906255,-45.9658221178871));
#11439=CARTESIAN_POINT('',(59.1499999999999,45.4587880478423,-47.3800356802601));
#11440=CARTESIAN_POINT('',(57.15,55.155211053496,-18.9198989817931));
#11441=CARTESIAN_POINT('',(57.15,55.155211053496,-18.9198989817931));
#11442=CARTESIAN_POINT('',(57.15,55.155211053496,-18.9198989817931));
#11443=CARTESIAN_POINT('Origin',(58.1499999999999,64.5312602703848,-51.4552130295454));
#11444=CARTESIAN_POINT('',(57.15,62.8582276629092,-49.9716491130512));
#11445=CARTESIAN_POINT('',(59.1499999999999,64.2724412252823,-52.4211388558344));
#11446=CARTESIAN_POINT('',(57.15,47.9082777906255,-45.9658221178871));
#11447=CARTESIAN_POINT('Origin',(58.1499999999999,71.588724842274,-21.2526933694817));
#11448=CARTESIAN_POINT('',(57.15,70.1051609257798,-22.9257259769574));
#11449=CARTESIAN_POINT('',(59.1499999999999,72.554650668563,-21.5115124145843));
#11450=CARTESIAN_POINT('',(57.15,62.8582276629092,-49.9716491130512));
#11451=CARTESIAN_POINT('Origin',(58.1499999999999,64.8208566873186,-20.4745247432912));
#11452=CARTESIAN_POINT('',(57.15,70.1051609257798,-22.9257259769574));
#11453=CARTESIAN_POINT('Origin',(37.9113365451573,-86.9073269203597,4.65177681727603));
#11454=CARTESIAN_POINT('Origin',(-37.9113366197307,-86.9073269203598,4.65177681727605));
#11455=CARTESIAN_POINT('Origin',(-3.18299764323626E-8,-86.9073269203597,
4.65177681727604));
#11456=CARTESIAN_POINT('Origin',(-57.15,-2.66587060714891,-17.9206533710705));
#11457=CARTESIAN_POINT('Origin',(-57.15,28.3142684194204,-26.2217566046436));
#11458=CARTESIAN_POINT('Origin',(-57.15,-33.6460096337182,-9.61955013749735));
#11459=CARTESIAN_POINT('Origin',(-57.15,59.0067193582026,-34.4457740474222));
#11460=CARTESIAN_POINT('Origin',(-57.15,-66.3313327771969,-0.861544196851969));
#11461=CARTESIAN_POINT('Origin',(57.15,-33.6460096337181,-9.61955013749737));
#11462=CARTESIAN_POINT('Origin',(57.15,59.0067193582026,-34.4457740474222));
#11463=CARTESIAN_POINT('Origin',(57.15,-2.66587060714882,-17.9206533710705));
#11464=CARTESIAN_POINT('Origin',(57.15,-66.3313327771968,-0.86154419685198));
#11465=CARTESIAN_POINT('Origin',(57.15,28.3142684194205,-26.2217566046437));
#11466=CARTESIAN_POINT('Origin',(-49.6500000000001,70.0865785543981,-38.4498895517035));
#11467=CARTESIAN_POINT('',(-52.1914686187661,83.3283352061753,-24.3983124859451));
#11468=CARTESIAN_POINT('',(-57.7826494864368,73.5404108557798,-56.9750361946226));
#11469=CARTESIAN_POINT('Ctrl Pts',(-52.191468422352,83.3283351155034,-24.3983124821531));
#11470=CARTESIAN_POINT('Ctrl Pts',(-52.4461455812693,82.652633327193,-27.3637533184275));
#11471=CARTESIAN_POINT('Ctrl Pts',(-52.7294005121029,81.9528871296571,-30.3713116819082));
#11472=CARTESIAN_POINT('Ctrl Pts',(-53.4160204013395,80.3920415851852,-36.8523754683486));
#11473=CARTESIAN_POINT('Ctrl Pts',(-53.8293639060473,79.525713271379,-40.3194879837503));
#11474=CARTESIAN_POINT('Ctrl Pts',(-54.5509045366409,78.1662157638062,-45.3577107614493));
#11475=CARTESIAN_POINT('Ctrl Pts',(-54.8082603270195,77.7031329140702,-47.0095918512056));
#11476=CARTESIAN_POINT('Ctrl Pts',(-55.3780173233255,76.7384836582431,-50.2315997828252));
#11477=CARTESIAN_POINT('Ctrl Pts',(-55.685907126448,76.2411685560157,-51.8037938900645));
#11478=CARTESIAN_POINT('Ctrl Pts',(-56.2022712655153,75.4806726645641,-53.8642521155871));
#11479=CARTESIAN_POINT('Ctrl Pts',(-56.3660627861079,75.2457178616541,-54.4687700998212));
#11480=CARTESIAN_POINT('Ctrl Pts',(-56.6507939624254,74.8596486328997,-55.3368177903864));
#11481=CARTESIAN_POINT('Ctrl Pts',(-56.752088037246,74.7255130295348,-55.6193406169429));
#11482=CARTESIAN_POINT('Ctrl Pts',(-56.9737463935125,74.4424957776725,-56.1497350330481));
#11483=CARTESIAN_POINT('Ctrl Pts',(-57.0924792505891,74.2950702932787,-56.3990621682066));
#11484=CARTESIAN_POINT('Ctrl Pts',(-57.3053948822771,74.0461368624742,-56.714834109845));
#11485=CARTESIAN_POINT('Ctrl Pts',(-57.3892345174195,73.9504201823384,-56.8195604696445));
#11486=CARTESIAN_POINT('Ctrl Pts',(-57.5283496093197,73.7992735098934,-56.9275089557901));
#11487=CARTESIAN_POINT('Ctrl Pts',(-57.5769636150657,73.7476167427443,-56.9552643440303));
#11488=CARTESIAN_POINT('Ctrl Pts',(-57.6775589980027,73.6438397512943,-56.9859100889607));
#11489=CARTESIAN_POINT('Ctrl Pts',(-57.729542574635,73.5917184396808,-56.9887895429011));
#11490=CARTESIAN_POINT('Ctrl Pts',(-57.7826494864368,73.5404094751281,-56.9750413472848));
#11491=CARTESIAN_POINT('',(-58.804314717753,76.9393685995033,-22.686394043218));
#11492=CARTESIAN_POINT('Ctrl Pts',(-57.7826494864368,73.5404094751281,-56.9750413472848));
#11493=CARTESIAN_POINT('Ctrl Pts',(-57.8357563982386,73.4891005105754,-56.9612931516684));
#11494=CARTESIAN_POINT('Ctrl Pts',(-57.8853446793388,73.4430887040856,-56.9321190079814));
#11495=CARTESIAN_POINT('Ctrl Pts',(-57.9776310527044,73.3605139974003,-56.8515404760275));
#11496=CARTESIAN_POINT('Ctrl Pts',(-58.0203330165739,73.3239463190088,-56.800145418852));
#11497=CARTESIAN_POINT('Ctrl Pts',(-58.1383588361059,73.2266576473133,-56.6256288828726));
#11498=CARTESIAN_POINT('Ctrl Pts',(-58.2036898706699,73.1782538665791,-56.4822855619702));
#11499=CARTESIAN_POINT('Ctrl Pts',(-58.3623650507292,73.0681767817806,-56.0703170426017));
#11500=CARTESIAN_POINT('Ctrl Pts',(-58.4402096119627,73.0256800235562,-55.770100395909));
#11501=CARTESIAN_POINT('Ctrl Pts',(-58.5762568703493,72.9631018702286,-55.1471039700752));
#11502=CARTESIAN_POINT('Ctrl Pts',(-58.63267666784,72.9448630422938,-54.8237525377048));
#11503=CARTESIAN_POINT('Ctrl Pts',(-58.7808590995118,72.9126750571926,-53.8436331644585));
#11504=CARTESIAN_POINT('Ctrl Pts',(-58.8513101221665,72.9213176543947,-53.1784750074677));
#11505=CARTESIAN_POINT('Ctrl Pts',(-59.0524898847694,72.9885622652375,-50.9322606611541));
#11506=CARTESIAN_POINT('Ctrl Pts',(-59.1258758289769,73.1175098020986,-49.2613627622571));
#11507=CARTESIAN_POINT('Ctrl Pts',(-59.2236093151579,73.4372666259766,-45.8665564242918));
#11508=CARTESIAN_POINT('Ctrl Pts',(-59.2433163878267,73.6326666424119,-44.1429499355249));
#11509=CARTESIAN_POINT('Ctrl Pts',(-59.2523386090585,74.2863346789038,-38.9156007210557));
#11510=CARTESIAN_POINT('Ctrl Pts',(-59.1916990759788,74.8118998987197,-35.3571810098089));
#11511=CARTESIAN_POINT('Ctrl Pts',(-59.0217817527278,75.8735359666291,-28.7423544472696));
#11512=CARTESIAN_POINT('Ctrl Pts',(-58.9192071013099,76.3987188589873,-25.6880219871385));
#11513=CARTESIAN_POINT('Ctrl Pts',(-58.8043146291448,76.9393684046754,-22.6863940115175));
#11514=CARTESIAN_POINT('Origin',(-49.6500000000001,74.486502321141,-22.0291505047892));
#11515=CARTESIAN_POINT('Origin',(-59.1499998609539,-75.5217785015515,18.1654471996322));
#11516=CARTESIAN_POINT('',(-61.1499998330346,-53.7948217512217,-22.8556634495474));
#11517=CARTESIAN_POINT('Origin',(-56.1499998330346,-31.7952026103994,59.2480329311661));
#11518=CARTESIAN_POINT('Origin',(-56.1499998330346,-31.7952026103994,59.2480329311661));
#11519=CARTESIAN_POINT('Origin',(-59.1499998609539,-75.5217785015515,18.1654471996322));
#11520=CARTESIAN_POINT('',(-61.1499998330346,-22.8146827246524,-31.1567666831205));
#11521=CARTESIAN_POINT('Origin',(-56.1499998330347,-0.815063583830451,50.9469296975918));
#11522=CARTESIAN_POINT('Origin',(-56.1499998330347,-0.815063583830451,50.9469296975918));
#11523=CARTESIAN_POINT('Origin',(-59.1499998609539,-75.5217785015515,18.1654471996322));
#11524=CARTESIAN_POINT('',(-61.1499998330347,8.16545630191688,-39.4578699166937));
#11525=CARTESIAN_POINT('Origin',(-56.1499998330348,30.1650754427385,42.6458264640174));
#11526=CARTESIAN_POINT('Origin',(-56.1499998330348,30.1650754427385,42.6458264640174));
#11527=CARTESIAN_POINT('Origin',(-59.1499998609539,-75.5217785015515,18.1654471996322));
#11528=CARTESIAN_POINT('',(-61.1499998330347,39.1455953284862,-47.7589731502668));
#11529=CARTESIAN_POINT('Origin',(-56.149999833035,61.1452144693076,34.3447232304434));
#11530=CARTESIAN_POINT('Origin',(-56.149999833035,61.1452144693076,34.3447232304434));
#11531=CARTESIAN_POINT('Origin',(49.6500000000001,-84.6980737169894,20.6242280921184));
#11532=CARTESIAN_POINT('',(22.1726730903145,-95.4297728760852,-11.6996119187309));
#11533=CARTESIAN_POINT('Origin',(22.1726730903144,-68.6005254997283,69.1099865379903));
#11534=CARTESIAN_POINT('Origin',(22.1726730903144,-68.6005254997283,69.1099865379903));
#11535=CARTESIAN_POINT('Origin',(49.6500000000001,-84.6980737169894,20.6242280921184));
#11536=CARTESIAN_POINT('',(-22.1726730903141,-95.4297728760853,-11.6996119187309));
#11537=CARTESIAN_POINT('Origin',(-22.1726730903141,-68.600525044273,69.1099879098201));
#11538=CARTESIAN_POINT('Origin',(-22.1726730903141,-68.600525044273,69.1099879098201));
#11539=CARTESIAN_POINT('Origin',(49.6500000000001,-79.9217022682941,1.744708152718));
#11540=CARTESIAN_POINT('',(52.1893938357906,-84.3641675619054,20.5347582075159));
#11541=CARTESIAN_POINT('',(57.78080623671,-92.1771623450575,-12.5711462838128));
#11542=CARTESIAN_POINT('Ctrl Pts',(52.1893936393967,-84.3641674814423,20.5347581654524));
#11543=CARTESIAN_POINT('Ctrl Pts',(52.4440523043097,-85.2617952665409,17.6286892175151));
#11544=CARTESIAN_POINT('Ctrl Pts',(52.7272934502927,-86.1596658994962,14.6741192618847));
#11545=CARTESIAN_POINT('Ctrl Pts',(53.4138850508833,-88.0486284126994,8.28091826913095));
#11546=CARTESIAN_POINT('Ctrl Pts',(53.827212595968,-89.031999736404,4.84520968198526));
#11547=CARTESIAN_POINT('Ctrl Pts',(54.5487508985672,-90.3738911589626,-0.197668573689201));
#11548=CARTESIAN_POINT('Ctrl Pts',(54.8061095245257,-90.7988405325291,-1.85974705755452));
#11549=CARTESIAN_POINT('Ctrl Pts',(55.3758849061663,-91.5745470830971,-5.13234186647481));
#11550=CARTESIAN_POINT('Ctrl Pts',(55.6837892479156,-91.9300186024674,-6.74252311837078));
#11551=CARTESIAN_POINT('Ctrl Pts',(56.2001954233938,-92.3017455743519,-8.90712574314659));
#11552=CARTESIAN_POINT('Ctrl Pts',(56.3640018683083,-92.4005618188667,-9.54811464295147));
#11553=CARTESIAN_POINT('Ctrl Pts',(56.6487647568587,-92.5002999034515,-10.4928736994964));
#11554=CARTESIAN_POINT('Ctrl Pts',(56.7500709451757,-92.5254179296447,-10.8046041124441));
#11555=CARTESIAN_POINT('Ctrl Pts',(56.9717586046802,-92.5455623507476,-11.4054281474188));
#11556=CARTESIAN_POINT('Ctrl Pts',(57.0905082821784,-92.5425771963171,-11.6950543168215));
#11557=CARTESIAN_POINT('Ctrl Pts',(57.3034584479638,-92.484926925706,-12.092971043438));
#11558=CARTESIAN_POINT('Ctrl Pts',(57.3873125548381,-92.4544153046095,-12.2315191180833));
#11559=CARTESIAN_POINT('Ctrl Pts',(57.5264538037745,-92.3775232109622,-12.4005690712309));
#11560=CARTESIAN_POINT('Ctrl Pts',(57.5750772716311,-92.3466755384486,-12.4504310723644));
#11561=CARTESIAN_POINT('Ctrl Pts',(57.6756930809421,-92.2721471735479,-12.5288529997662));
#11562=CARTESIAN_POINT('Ctrl Pts',(57.7276876214409,-92.2284600921491,-12.5574040324452));
#11563=CARTESIAN_POINT('Ctrl Pts',(57.7808062367101,-92.1771630796923,-12.5711490255071));
#11564=CARTESIAN_POINT('',(58.8037388792106,-77.9766490174808,18.8232277718985));
#11565=CARTESIAN_POINT('Ctrl Pts',(57.7808062367101,-92.1771630796923,-12.5711490255071));
#11566=CARTESIAN_POINT('Ctrl Pts',(57.8339248519792,-92.1258660672355,-12.584894018569));
#11567=CARTESIAN_POINT('Ctrl Pts',(57.8835246686114,-92.0714427785336,-12.5826315803273));
#11568=CARTESIAN_POINT('Ctrl Pts',(57.9758334357505,-91.9596625517807,-12.5541308896021));
#11569=CARTESIAN_POINT('Ctrl Pts',(58.0185462562371,-91.9023061418431,-12.5279031011309));
#11570=CARTESIAN_POINT('Ctrl Pts',(58.1366032018103,-91.7308201683896,-12.4254058504806));
#11571=CARTESIAN_POINT('Ctrl Pts',(58.2019530523009,-91.6172445006747,-12.3254658485117));
#11572=CARTESIAN_POINT('Ctrl Pts',(58.3606756345947,-91.3159678397108,-12.0237233033525));
#11573=CARTESIAN_POINT('Ctrl Pts',(58.4385467584368,-91.1290749326649,-11.7849748071828));
#11574=CARTESIAN_POINT('Ctrl Pts',(58.5746436959419,-90.7634154630868,-11.2767312504198));
#11575=CARTESIAN_POINT('Ctrl Pts',(58.6310862772944,-90.5859583640134,-11.0058199690261));
#11576=CARTESIAN_POINT('Ctrl Pts',(58.7793328717672,-90.0680600406497,-10.1731066107688));
#11577=CARTESIAN_POINT('Ctrl Pts',(58.8498209757357,-89.7429839372942,-9.59274385741988));
#11578=CARTESIAN_POINT('Ctrl Pts',(59.0511177370881,-88.6781662983369,-7.6138543171678));
#11579=CARTESIAN_POINT('Ctrl Pts',(59.1245739873273,-87.9544122298332,-6.10235407689861));
#11580=CARTESIAN_POINT('Ctrl Pts',(59.2224380203929,-86.5339617001667,-3.00251789650258));
#11581=CARTESIAN_POINT('Ctrl Pts',(59.242204352052,-85.8413908471817,-1.41214837192469));
#11582=CARTESIAN_POINT('Ctrl Pts',(59.2513932716221,-83.7938311155339,3.44164663020508));
#11583=CARTESIAN_POINT('Ctrl Pts',(59.1908500281838,-82.4697735630107,6.78606861746643));
#11584=CARTESIAN_POINT('Ctrl Pts',(59.0210901763709,-80.081703071921,13.0455340306095));
#11585=CARTESIAN_POINT('Ctrl Pts',(58.9185769287864,-79.0093022632736,15.9533387666085));
#11586=CARTESIAN_POINT('Ctrl Pts',(58.8037387906469,-77.9766488328853,18.8232277019329));
#11587=CARTESIAN_POINT('Origin',(49.6500000000001,-75.5217785015513,18.1654471996322));
#11588=CARTESIAN_POINT('Origin',(49.6499999999999,70.0865785543983,-38.4498895517035));
#11589=CARTESIAN_POINT('',(57.7826495663076,73.5404105780243,-56.9750361201982));
#11590=CARTESIAN_POINT('',(52.1914689038058,83.3283351297327,-24.3983124654624));
#11591=CARTESIAN_POINT('Ctrl Pts',(57.7826495663076,73.5404098433892,-56.9750388618937));
#11592=CARTESIAN_POINT('Ctrl Pts',(57.7295426570075,73.5917188078433,-56.9887870574837));
#11593=CARTESIAN_POINT('Ctrl Pts',(57.6775590824829,73.6438401195092,-56.9859076044948));
#11594=CARTESIAN_POINT('Ctrl Pts',(57.5769637032947,73.7476171111694,-56.9552618622772));
#11595=CARTESIAN_POINT('Ctrl Pts',(57.5283496991968,73.7992738784733,-56.9275064757654));
#11596=CARTESIAN_POINT('Ctrl Pts',(57.3892346117625,73.9504205513606,-56.8195579955513));
#11597=CARTESIAN_POINT('Ctrl Pts',(57.3053949790359,74.0461372317378,-56.7148316402845));
#11598=CARTESIAN_POINT('Ctrl Pts',(57.0924793564855,74.2950706592195,-56.3990597162296));
#11599=CARTESIAN_POINT('Ctrl Pts',(56.9737465043765,74.4424961409407,-56.1497325959883));
#11600=CARTESIAN_POINT('Ctrl Pts',(56.7520881571299,74.7255133874241,-55.6193382104915));
#11601=CARTESIAN_POINT('Ctrl Pts',(56.6507940861456,74.8596489882064,-55.3368153997402));
#11602=CARTESIAN_POINT('Ctrl Pts',(56.3660629202455,75.2457182093109,-54.468767756878));
#11603=CARTESIAN_POINT('Ctrl Pts',(56.2022714051063,75.4806730072841,-53.8642498047277));
#11604=CARTESIAN_POINT('Ctrl Pts',(55.6859072847988,76.2411688789487,-51.8037916958784));
#11605=CARTESIAN_POINT('Ctrl Pts',(55.3780174917183,76.7384839662873,-50.2315976783701));
#11606=CARTESIAN_POINT('Ctrl Pts',(54.8082605127129,77.7031331919105,-47.0095899294141));
#11607=CARTESIAN_POINT('Ctrl Pts',(54.5509047292914,78.1662160264209,-45.3577089326172));
#11608=CARTESIAN_POINT('Ctrl Pts',(53.829364116358,79.525713487824,-40.3194864370753));
#11609=CARTESIAN_POINT('Ctrl Pts',(53.4160206191244,80.392041770196,-36.8523741141225));
#11610=CARTESIAN_POINT('Ctrl Pts',(52.7294007619223,81.9528872031312,-30.3713109036335));
#11611=CARTESIAN_POINT('Ctrl Pts',(52.4461458513652,82.6526333237239,-27.3637529255247));
#11612=CARTESIAN_POINT('Ctrl Pts',(52.1914687073918,83.328335039061,-24.3983124616704));
#11613=CARTESIAN_POINT('',(58.8043147534257,76.9393684752872,-22.6863940099344));
#11614=CARTESIAN_POINT('Origin',(49.6499999999999,74.4865023211411,-22.0291505047893));
#11615=CARTESIAN_POINT('Ctrl Pts',(58.8043146648175,76.9393682804594,-22.6863939782338));
#11616=CARTESIAN_POINT('Ctrl Pts',(58.9192071225836,76.3987188133207,-25.6880215829289));
#11617=CARTESIAN_POINT('Ctrl Pts',(59.0217817613752,75.8735359984026,-28.7423536578212));
#11618=CARTESIAN_POINT('Ctrl Pts',(59.1916990743123,74.8119000436024,-35.3571796448304));
#11619=CARTESIAN_POINT('Ctrl Pts',(59.2523386066212,74.2863348641424,-38.9155991660188));
#11620=CARTESIAN_POINT('Ctrl Pts',(59.2433163895586,73.6326668846241,-44.1429481012258));
#11621=CARTESIAN_POINT('Ctrl Pts',(59.2236093191648,73.4372668865908,-45.8665544978845));
#11622=CARTESIAN_POINT('Ctrl Pts',(59.1258758406243,73.1175100979607,-49.2613606545376));
#11623=CARTESIAN_POINT('Ctrl Pts',(59.0524899014853,72.9885625780349,-50.932258464252));
#11624=CARTESIAN_POINT('Ctrl Pts',(58.8513101511287,72.9213179883487,-53.1784726942593));
#11625=CARTESIAN_POINT('Ctrl Pts',(58.7808591323393,72.9126753973066,-53.8436308194941));
#11626=CARTESIAN_POINT('Ctrl Pts',(58.6326767085755,72.9448633912523,-54.8237501453575));
#11627=CARTESIAN_POINT('Ctrl Pts',(58.5762569140658,72.9631022220686,-55.1471015620029));
#11628=CARTESIAN_POINT('Ctrl Pts',(58.4402096629681,73.0256803806349,-55.7700979571907));
#11629=CARTESIAN_POINT('Ctrl Pts',(58.3623651058203,73.0681771413672,-56.0703145889222));
#11630=CARTESIAN_POINT('Ctrl Pts',(58.20368993404,73.1782542288839,-56.4822830905451));
#11631=CARTESIAN_POINT('Ctrl Pts',(58.1383589018584,73.2266580112534,-56.6256264074177));
#11632=CARTESIAN_POINT('Ctrl Pts',(58.0203330866503,73.3239466852403,-56.8001429381981));
#11633=CARTESIAN_POINT('Ctrl Pts',(57.9776311243808,73.3605143643257,-56.8515379938725));
#11634=CARTESIAN_POINT('Ctrl Pts',(57.8853447546557,73.4430890720824,-56.9321165234571));
#11635=CARTESIAN_POINT('Ctrl Pts',(57.8357564756076,73.4891008789351,-56.9612906663038));
#11636=CARTESIAN_POINT('Ctrl Pts',(57.7826495663076,73.5404098433892,-56.9750388618937));
#11637=CARTESIAN_POINT('Origin',(59.1499998609541,-19.691265742043,3.20570639270646));
#11638=CARTESIAN_POINT('',(61.1499998330346,39.1455951208599,-47.7589730946335));
#11639=CARTESIAN_POINT('Origin',(56.1499998330348,61.1452142616813,34.3447232860769));
#11640=CARTESIAN_POINT('Origin',(56.1499998330348,61.1452142616813,34.3447232860769));
#11641=CARTESIAN_POINT('Origin',(59.1499998609541,-19.691265742043,3.20570639270646));
#11642=CARTESIAN_POINT('',(61.1499998330346,8.16545609429058,-39.4578698610604));
#11643=CARTESIAN_POINT('Origin',(56.1499998330348,30.1650752351123,42.6458265196511));
#11644=CARTESIAN_POINT('Origin',(56.1499998330348,30.1650752351123,42.6458265196511));
#11645=CARTESIAN_POINT('Origin',(59.1499998609541,-19.691265742043,3.20570639270646));
#11646=CARTESIAN_POINT('',(61.1499998330347,-22.8146829322787,-31.1567666274872));
#11647=CARTESIAN_POINT('Origin',(56.1499998330348,-0.815063791456709,50.9469297532253));
#11648=CARTESIAN_POINT('Origin',(56.1499998330348,-0.815063791456709,50.9469297532253));
#11649=CARTESIAN_POINT('Origin',(59.1499998609541,-19.691265742043,3.20570639270646));
#11650=CARTESIAN_POINT('',(61.1499998330348,-53.794821958848,-22.8556633939141));
#11651=CARTESIAN_POINT('Origin',(56.1499998330348,-31.7952028180257,59.2480329867997));
#11652=CARTESIAN_POINT('Origin',(56.1499998330348,-31.7952028180257,59.2480329867997));
#11653=CARTESIAN_POINT('Origin',(-49.6499999999998,-79.9217022682943,1.74470815271803));
#11654=CARTESIAN_POINT('',(-58.8037389148938,-77.9766488933373,18.8232277386344));
#11655=CARTESIAN_POINT('',(-57.7808063165793,-92.1771620673423,-12.5711463582263));
#11656=CARTESIAN_POINT('Ctrl Pts',(-58.8037388263301,-77.9766487087419,
18.8232276686687));
#11657=CARTESIAN_POINT('Ctrl Pts',(-58.9185769500696,-79.0093020216687,
15.9533390939199));
#11658=CARTESIAN_POINT('Ctrl Pts',(-59.0210901850281,-80.0817027047358,
13.0455347303404));
#11659=CARTESIAN_POINT('Ctrl Pts',(-59.1908500265271,-82.4697730059771,
6.78606987228843));
#11660=CARTESIAN_POINT('Ctrl Pts',(-59.2513932691924,-83.7938304984077,
3.44164806984084));
#11661=CARTESIAN_POINT('Ctrl Pts',(-59.2422043537888,-85.8413901397459,
-1.41214666189505));
#11662=CARTESIAN_POINT('Ctrl Pts',(-59.2224380244036,-86.5339609626071,
-3.00251609748435));
#11663=CARTESIAN_POINT('Ctrl Pts',(-59.1245739989772,-87.9544114321305,
-6.10235210319737));
#11664=CARTESIAN_POINT('Ctrl Pts',(-59.0511177538059,-88.6781654707032,
-7.6138522577458));
#11665=CARTESIAN_POINT('Ctrl Pts',(-58.8498210046992,-89.7429830698213,
-9.59274168667094));
#11666=CARTESIAN_POINT('Ctrl Pts',(-58.7793329045957,-90.0680591626312,
-10.1731044094317));
#11667=CARTESIAN_POINT('Ctrl Pts',(-58.6310863180305,-90.5859574699597,
-11.0058177222221));
#11668=CARTESIAN_POINT('Ctrl Pts',(-58.5746437396587,-90.7634145636651,
-11.2767289885533));
#11669=CARTESIAN_POINT('Ctrl Pts',(-58.4385468094425,-91.1290740224548,
-11.7849725161505));
#11670=CARTESIAN_POINT('Ctrl Pts',(-58.360675689686,-91.3159669241909,-12.0237209981064));
#11671=CARTESIAN_POINT('Ctrl Pts',(-58.2019531156712,-91.6172435786348,
-12.3254635265345));
#11672=CARTESIAN_POINT('Ctrl Pts',(-58.1366032675625,-91.7308192457508,
-12.4254035241949));
#11673=CARTESIAN_POINT('Ctrl Pts',(-58.0185463263126,-91.9023052185889,
-12.5279007691959));
#11674=CARTESIAN_POINT('Ctrl Pts',(-57.9758335074258,-91.9596616283766,
-12.5541285560199));
#11675=CARTESIAN_POINT('Ctrl Pts',(-57.8835247439268,-92.0714418548724,
-12.582629244157));
#11676=CARTESIAN_POINT('Ctrl Pts',(-57.8339249293466,-92.1258651434683,
-12.5848916814893));
#11677=CARTESIAN_POINT('Ctrl Pts',(-57.7808063165793,-92.1771621558265,
-12.5711466884538));
#11678=CARTESIAN_POINT('',(-52.1893941208136,-84.3641674855346,20.5347581870524));
#11679=CARTESIAN_POINT('Ctrl Pts',(-57.7808063165793,-92.1771621558265,
-12.5711466884538));
#11680=CARTESIAN_POINT('Ctrl Pts',(-57.7276877038119,-92.2284591681846,
-12.5574016954183));
#11681=CARTESIAN_POINT('Ctrl Pts',(-57.6756931654207,-92.2721462501046,
-12.5288506635373));
#11682=CARTESIAN_POINT('Ctrl Pts',(-57.5750773598581,-92.3466746165439,
-12.4504287383802));
#11683=CARTESIAN_POINT('Ctrl Pts',(-57.5264538936494,-92.3775222900558,
-12.4005667386666));
#11684=CARTESIAN_POINT('Ctrl Pts',(-57.3873126491782,-92.4544143870522,
-12.231516790436));
#11685=CARTESIAN_POINT('Ctrl Pts',(-57.3034585447193,-92.4849260106242,
-12.0929687195962));
#11686=CARTESIAN_POINT('Ctrl Pts',(-57.0905083880715,-92.5425762871507,
-11.6950520098727));
#11687=CARTESIAN_POINT('Ctrl Pts',(-56.971758715541,-92.5455614467261,-11.4054258547281));
#11688=CARTESIAN_POINT('Ctrl Pts',(-56.7500710650562,-92.5254170362713,
-10.8046018489569));
#11689=CARTESIAN_POINT('Ctrl Pts',(-56.6487648805754,-92.500299015745,-10.4928714509916));
#11690=CARTESIAN_POINT('Ctrl Pts',(-56.3640020024421,-92.4005609483898,
-9.54811243959367));
#11691=CARTESIAN_POINT('Ctrl Pts',(-56.2001955629806,-92.3017447156437,
-8.90712357004934));
#11692=CARTESIAN_POINT('Ctrl Pts',(-55.6837894062618,-91.9300177849675,
-6.74252105623366));
#11693=CARTESIAN_POINT('Ctrl Pts',(-55.375885074554,-91.5745462975745,-5.13233988951014));
#11694=CARTESIAN_POINT('Ctrl Pts',(-54.8061097102129,-90.798839812193,-1.85974525392145));
#11695=CARTESIAN_POINT('Ctrl Pts',(-54.5487510912107,-90.3738904719267,
-0.197666858193638));
#11696=CARTESIAN_POINT('Ctrl Pts',(-53.8272128062694,-89.0319991504809,
4.84521112998168));
#11697=CARTESIAN_POINT('Ctrl Pts',(-53.413885268657,-88.0486278957903,8.28091953470412));
#11698=CARTESIAN_POINT('Ctrl Pts',(-52.7272937000992,-86.159665574009,14.6741199727884));
#11699=CARTESIAN_POINT('Ctrl Pts',(-52.4440525743913,-85.2617950671317,
17.6286895561329));
#11700=CARTESIAN_POINT('Ctrl Pts',(-52.1893939244197,-84.3641674050716,
20.5347581449889));
#11701=CARTESIAN_POINT('Origin',(-49.6499999999998,-75.5217785015515,18.1654471996323));
#11702=CARTESIAN_POINT('Origin',(-54.246714972261,70.1257343480177,-56.0600763819542));
#11703=CARTESIAN_POINT('',(-52.1914686187661,74.5284876726896,-57.2397905797735));
#11704=CARTESIAN_POINT('',(-52.1914686187661,74.5284876726896,-57.2397905797735));
#11705=CARTESIAN_POINT('Origin',(-54.246714972261,70.1257343480177,-56.0600763819542));
#11706=CARTESIAN_POINT('Origin',(-56.149999833035,39.1455953284862,-47.7589731502668));
#11707=CARTESIAN_POINT('Origin',(-56.149999833035,39.1455953284862,-47.7589731502668));
#11708=CARTESIAN_POINT('Origin',(-56.1499998330348,8.16545630191688,-39.4578699166937));
#11709=CARTESIAN_POINT('Origin',(-56.1499998330348,8.16545630191688,-39.4578699166937));
#11710=CARTESIAN_POINT('Origin',(-56.1499998330347,-22.8146827246524,-31.1567666831205));
#11711=CARTESIAN_POINT('Origin',(-56.1499998330347,-22.8146827246524,-31.1567666831205));
#11712=CARTESIAN_POINT('Origin',(-56.1499998330346,-53.7948217512217,-22.8556634495474));
#11713=CARTESIAN_POINT('Origin',(-56.1499998330346,-53.7948217512217,-22.8556634495474));
#11714=CARTESIAN_POINT('Origin',(-54.2456730903141,-88.7617115748987,-13.4863135594651));
#11715=CARTESIAN_POINT('',(-52.1893941208136,-93.1640150190203,-12.3067199067759));
#11716=CARTESIAN_POINT('Origin',(-54.2456730903141,-88.7617115748987,-13.4863135594651));
#11717=CARTESIAN_POINT('',(-52.1893941208136,-93.1640150190204,-12.3067199067759));
#11718=CARTESIAN_POINT('Origin',(-22.1726730903141,-90.6001438239279,-12.9937071229984));
#11719=CARTESIAN_POINT('Origin',(-22.1726730903141,-90.6001438239279,-12.9937071229984));
#11720=CARTESIAN_POINT('Origin',(22.1726730903144,-90.600143905916,-12.9937071010297));
#11721=CARTESIAN_POINT('Origin',(22.1726730903144,-90.600143905916,-12.9937071010297));
#11722=CARTESIAN_POINT('Origin',(54.2456730903144,-88.7617117754834,-13.4863135057186));
#11723=CARTESIAN_POINT('',(52.1893938357906,-93.1640150953911,-12.3067198863124));
#11724=CARTESIAN_POINT('',(52.1893938357906,-93.1640150953911,-12.3067198863125));
#11725=CARTESIAN_POINT('Origin',(54.2456730903144,-88.7617117754834,-13.4863135057186));
#11726=CARTESIAN_POINT('Origin',(56.1499998330348,-53.794821958848,-22.8556633939141));
#11727=CARTESIAN_POINT('Origin',(56.1499998330348,-53.794821958848,-22.8556633939141));
#11728=CARTESIAN_POINT('Origin',(54.2467149722608,70.1257341474292,-56.0600763282067));
#11729=CARTESIAN_POINT('',(58.8043147534257,68.1395209418015,-55.5278721037627));
#11730=CARTESIAN_POINT('',(58.8043147534257,68.1395209418015,-55.5278721037627));
#11731=CARTESIAN_POINT('Origin',(54.2467149722608,70.1257341474292,-56.0600763282067));
#11732=CARTESIAN_POINT('Origin',(54.2467149722608,70.1257341474292,-56.0600763282067));
#11733=CARTESIAN_POINT('',(52.1914689038058,74.5284875962471,-57.2397905592908));
#11734=CARTESIAN_POINT('Origin',(54.2467149722608,70.1257341474292,-56.0600763282067));
#11735=CARTESIAN_POINT('',(52.1914689038058,74.5284875962471,-57.2397905592908));
#11736=CARTESIAN_POINT('Origin',(56.1499998330348,-22.8146829322787,-31.1567666274872));
#11737=CARTESIAN_POINT('Origin',(56.1499998330348,-22.8146829322787,-31.1567666274872));
#11738=CARTESIAN_POINT('Origin',(56.1499998330348,-22.8146829322787,-31.1567666274872));
#11739=CARTESIAN_POINT('Origin',(56.1499998330348,-22.8146829322787,-31.1567666274872));
#11740=CARTESIAN_POINT('Origin',(49.6499999999999,75.0041404113462,-20.0972988522112));
#11741=CARTESIAN_POINT('',(49.6499999999999,74.8629501374016,-57.3294095270916));
#11742=CARTESIAN_POINT('Origin',(49.6499999999999,65.6866547876554,-54.8706285986176));
#11743=CARTESIAN_POINT('',(49.6499999999999,84.1804357610923,-22.5560797806851));
#11744=CARTESIAN_POINT('',(49.6499999999999,84.1804357610923,-22.5560797806851));
#11745=CARTESIAN_POINT('Origin',(49.6499999999999,75.0041404113462,-20.0972988522112));
#11746=CARTESIAN_POINT('Origin',(49.6499999999999,65.6866547876554,-54.8706285986176));
#11747=CARTESIAN_POINT('Origin',(56.1499998330348,8.16545609429057,-39.4578698610604));
#11748=CARTESIAN_POINT('Origin',(56.1499998330348,8.16545609429057,-39.4578698610604));
#11749=CARTESIAN_POINT('Origin',(56.1499998330348,8.16545609429057,-39.4578698610604));
#11750=CARTESIAN_POINT('Origin',(56.1499998330348,8.16545609429057,-39.4578698610604));
#11751=CARTESIAN_POINT('Origin',(56.1499998330348,39.1455951208599,-47.7589730946335));
#11752=CARTESIAN_POINT('Origin',(56.1499998330348,39.1455951208599,-47.7589730946335));
#11753=CARTESIAN_POINT('Origin',(56.1499998330348,39.1455951208599,-47.7589730946335));
#11754=CARTESIAN_POINT('Origin',(56.1499998330348,39.1455951208599,-47.7589730946335));
#11755=CARTESIAN_POINT('Origin',(-3.79109650737027E-14,77.7651726585343,
-36.));
#11756=CARTESIAN_POINT('',(-11.65,77.7651726585343,-36.));
#11757=CARTESIAN_POINT('Origin',(-3.89708758798169E-14,77.7651726585343,
-36.));
#11758=CARTESIAN_POINT('',(-4.31863693773862,77.7651726585343,-43.));
#11759=CARTESIAN_POINT('',(4.31863693773855,77.7651726585343,-43.));
#11760=CARTESIAN_POINT('',(2.15931846886925,77.7651726585343,-43.));
#11761=CARTESIAN_POINT('',(-4.31863693773861,77.7651726585343,-29.));
#11762=CARTESIAN_POINT('Origin',(-3.89708758798169E-14,77.7651726585343,
-36.));
#11763=CARTESIAN_POINT('',(4.31863693773853,77.7651726585343,-29.));
#11764=CARTESIAN_POINT('',(-2.15931846886933,77.7651726585343,-29.));
#11765=CARTESIAN_POINT('Origin',(-3.92183657523384E-14,77.7651726585343,
-36.));
#11766=CARTESIAN_POINT('Origin',(-2.67584226089402E-14,71.9651726585343,
-36.));
#11767=CARTESIAN_POINT('',(-4.31863693773863,84.1804357610923,-43.));
#11768=CARTESIAN_POINT('',(-4.31863693773861,71.9651726585343,-43.));
#11769=CARTESIAN_POINT('',(-4.31863693773863,84.1804357610923,-29.));
#11770=CARTESIAN_POINT('Origin',(-5.30000577364439E-14,84.1804357610923,
-36.));
#11771=CARTESIAN_POINT('',(-4.3186369377386,71.9651726585343,-29.));
#11772=CARTESIAN_POINT('Origin',(4.31863693773856,71.9651726585343,-43.));
#11773=CARTESIAN_POINT('',(4.31863693773853,84.1804357610923,-43.));
#11774=CARTESIAN_POINT('',(4.31863693773856,71.9651726585343,-43.));
#11775=CARTESIAN_POINT('',(2.1593184688692,84.1804357610923,-43.));
#11776=CARTESIAN_POINT('Origin',(-2.67584226089402E-14,71.9651726585343,
-36.));
#11777=CARTESIAN_POINT('',(4.31863693773852,84.1804357610923,-29.));
#11778=CARTESIAN_POINT('',(4.31863693773854,71.9651726585343,-29.));
#11779=CARTESIAN_POINT('Origin',(-5.30000577364439E-14,84.1804357610923,
-36.));
#11780=CARTESIAN_POINT('Origin',(-9.18445725671908,68.1014693533781,-55.5176762113739));
#11781=CARTESIAN_POINT('',(-9.18445725671909,74.5166075724867,-43.1671643555524));
#11782=CARTESIAN_POINT('',(-9.38450586040272,74.5804357610923,-42.9031550580925));
#11783=CARTESIAN_POINT('Ctrl Pts',(-9.18445725671909,74.5166075724867,-43.1671643555524));
#11784=CARTESIAN_POINT('Ctrl Pts',(-9.22243415419612,74.5296475868049,-43.1184983595856));
#11785=CARTESIAN_POINT('Ctrl Pts',(-9.26015524413703,74.5420665982022,-43.069361956461));
#11786=CARTESIAN_POINT('Ctrl Pts',(-9.32674256558838,74.5630970469882,-42.9811688544054));
#11787=CARTESIAN_POINT('Ctrl Pts',(-9.35573299537115,74.5719456137034,-42.9422703782956));
#11788=CARTESIAN_POINT('Ctrl Pts',(-9.38450586040272,74.5804357610923,-42.9031550580925));
#11789=CARTESIAN_POINT('',(-9.18445725671909,74.4680269849561,-43.3484695764783));
#11790=CARTESIAN_POINT('Ctrl Pts',(-9.18445725671907,74.4680269849561,-43.3484695764782));
#11791=CARTESIAN_POINT('Ctrl Pts',(-9.25199802686121,74.5076328701151,-43.2006584007861));
#11792=CARTESIAN_POINT('Ctrl Pts',(-9.31880898277752,74.5450478456869,-43.0521886433008));
#11793=CARTESIAN_POINT('Ctrl Pts',(-9.38450586040272,74.5804357610923,-42.9031550580925));
#11794=CARTESIAN_POINT('',(-9.18445725671909,70.9992468322453,-56.2941333466815));
#11795=CARTESIAN_POINT('Origin',(9.18445722396222,70.9992468322453,-56.2941333466815));
#11796=CARTESIAN_POINT('',(9.18445722396222,74.5166075612392,-43.167164397529));
#11797=CARTESIAN_POINT('Origin',(-3.61743731886161E-14,76.4370434735782,
-36.));
#11798=CARTESIAN_POINT('',(-8.61836480921158,74.1804357610923,-44.4217746357489));
#11799=CARTESIAN_POINT('Origin',(-4.88498130835069E-14,75.6795219438593,
-38.8271088367379));
#11800=CARTESIAN_POINT('',(-9.18445725671909,74.1804357610923,-44.4217746357489));
#11801=CARTESIAN_POINT('',(4.59222861198106,74.1804357610923,-44.421774635749));
#11802=CARTESIAN_POINT('',(-9.18445725671909,70.5333725510607,-58.0327998340018));
#11803=CARTESIAN_POINT('',(-9.18445725671909,70.9992468322453,-56.2941333466815));
#11804=CARTESIAN_POINT('',(9.18445722396222,70.5333725510608,-58.0327998340018));
#11805=CARTESIAN_POINT('',(9.18445722396222,70.5333725510608,-58.0327998340018));
#11806=CARTESIAN_POINT('',(9.18445722396222,74.1804357610923,-44.421774635749));
#11807=CARTESIAN_POINT('',(9.18445722396222,70.9992468322453,-56.2941333466815));
#11808=CARTESIAN_POINT('',(8.61836480921143,74.1804357610923,-44.421774635749));
#11809=CARTESIAN_POINT('',(4.59222861198106,74.1804357610923,-44.421774635749));
#11810=CARTESIAN_POINT('',(9.18445722396222,74.4680269657476,-43.3484696481655));
#11811=CARTESIAN_POINT('Origin',(-4.88498130835069E-14,75.6795219438593,
-38.8271088367379));
#11812=CARTESIAN_POINT('',(9.18445722396222,70.9992468322453,-56.2941333466815));
#11813=CARTESIAN_POINT('Origin',(9.18445722396223,68.1014693533781,-55.5176762113739));
#11814=CARTESIAN_POINT('',(11.832034251953,74.1804357610923,-38.2815489169882));
#11815=CARTESIAN_POINT('Origin',(9.18445722396223,74.1804357610923,-32.8306647202803));
#11816=CARTESIAN_POINT('',(11.8718764733951,68.9234961739123,-57.6014347588309));
#11817=CARTESIAN_POINT('Origin',(9.18445722396223,67.6355950721936,-57.2563426986942));
#11818=CARTESIAN_POINT('',(11.8718764733951,74.2144723177903,-37.8552429682435));
#11819=CARTESIAN_POINT('',(11.8718764733951,69.3893704550968,-55.8627682715106));
#11820=CARTESIAN_POINT('Ctrl Pts',(11.832034251953,74.1804357610923,-38.2815489169882));
#11821=CARTESIAN_POINT('Ctrl Pts',(11.8435731965514,74.1958132526427,-38.1404921294237));
#11822=CARTESIAN_POINT('Ctrl Pts',(11.8571033880106,74.2069991556655,-37.9981792263251));
#11823=CARTESIAN_POINT('Ctrl Pts',(11.8718764733951,74.2144723177903,-37.8552429682435));
#11824=CARTESIAN_POINT('Origin',(25.3089727205593,68.1014693533781,-55.5176762113739));
#11825=CARTESIAN_POINT('',(22.6215534711265,68.9234961739123,-57.601434758831));
#11826=CARTESIAN_POINT('',(22.6215534711265,69.3893704550969,-55.8627682715106));
#11827=CARTESIAN_POINT('',(25.3089727205593,70.5333725510608,-58.0327998340018));
#11828=CARTESIAN_POINT('Origin',(25.3089727205593,67.6355950721936,-57.2563426986943));
#11829=CARTESIAN_POINT('',(25.3089727205593,70.9992468322453,-56.2941333466815));
#11830=CARTESIAN_POINT('Origin',(14.1104153420159,-86.7364406007597,-14.0289832814398));
#11831=CARTESIAN_POINT('',(14.1104153420159,-91.5660697322051,-12.7348880559272));
#11832=CARTESIAN_POINT('',(18.589447424404,-88.8829424369577,-13.4538298478786));
#11833=CARTESIAN_POINT('Origin',(14.1104153420159,-86.7364406007597,-14.0289832814396));
#11834=CARTESIAN_POINT('',(14.1104153420159,-92.0319440133896,-14.4735545432475));
#11835=CARTESIAN_POINT('',(14.1104153420159,-91.5660697322051,-12.7348880559272));
#11836=CARTESIAN_POINT('',(18.589447424404,-89.3488167181422,-15.192496335199));
#11837=CARTESIAN_POINT('Origin',(14.1104153420159,-87.2023148819443,-15.7676497687601));
#11838=CARTESIAN_POINT('',(18.589447424404,-88.8829424369577,-13.4538298478786));
#11839=CARTESIAN_POINT('Origin',(14.1104153420159,-91.5660697322051,-12.7348880559272));
#11840=CARTESIAN_POINT('',(-14.1104152999031,-91.5660697322051,-12.7348880559272));
#11841=CARTESIAN_POINT('',(7.055207671008,-91.5660697322051,-12.7348880559272));
#11842=CARTESIAN_POINT('',(-14.1104152999031,-92.0319440133897,-14.4735545432475));
#11843=CARTESIAN_POINT('',(-14.1104152999031,-91.5660697322051,-12.7348880559272));
#11844=CARTESIAN_POINT('',(-14.1104152999031,-92.0319440133897,-14.4735545432475));
#11845=CARTESIAN_POINT('Origin',(-14.1104152999031,-86.7364406007598,-14.0289832814398));
#11846=CARTESIAN_POINT('',(-18.589447405687,-88.8829423914088,-13.4538298600834));
#11847=CARTESIAN_POINT('Origin',(-14.1104152999031,-86.7364406007597,-14.0289832814396));
#11848=CARTESIAN_POINT('',(-18.589447405687,-89.3488166725933,-15.1924963474038));
#11849=CARTESIAN_POINT('',(-18.589447405687,-88.8829423914088,-13.4538298600834));
#11850=CARTESIAN_POINT('Origin',(-14.1104152999031,-87.2023148819444,-15.7676497687601));
#11851=CARTESIAN_POINT('Origin',(-22.1726730903141,-90.6001438239279,-12.9937071229984));
#11852=CARTESIAN_POINT('',(-25.7558987749412,-88.8829423914088,-13.4538298600834));
#11853=CARTESIAN_POINT('Origin',(-22.1726730903141,-90.6001438239279,-12.9937071229981));
#11854=CARTESIAN_POINT('',(-25.7558987749412,-89.3488166725934,-15.1924963474037));
#11855=CARTESIAN_POINT('',(-25.7558987749412,-88.8829423914088,-13.4538298600834));
#11856=CARTESIAN_POINT('Origin',(-22.1726730903141,-91.0660181051125,-14.7323736103187));
#11857=CARTESIAN_POINT('Origin',(-30.2349308807251,-86.7364406007598,-14.0289832814398));
#11858=CARTESIAN_POINT('',(-30.2349308807251,-91.5660697322052,-12.7348880559272));
#11859=CARTESIAN_POINT('Origin',(-30.2349308807251,-86.7364406007598,-14.0289832814396));
#11860=CARTESIAN_POINT('',(-30.2349308807251,-92.0319440133898,-14.4735545432475));
#11861=CARTESIAN_POINT('',(-30.2349308807251,-91.5660697322052,-12.7348880559272));
#11862=CARTESIAN_POINT('Origin',(-30.2349308807251,-87.2023148819444,-15.7676497687601));
#11863=CARTESIAN_POINT('Origin',(-30.2349308807251,-91.5660697322052,-12.7348880559272));
#11864=CARTESIAN_POINT('',(-45.4933141480539,-91.5660697322052,-12.7348880559272));
#11865=CARTESIAN_POINT('',(-15.1174654403626,-91.5660697322052,-12.7348880559272));
#11866=CARTESIAN_POINT('',(-45.4933141480539,-92.0319440133898,-14.4735545432475));
#11867=CARTESIAN_POINT('',(-45.4933141480539,-91.5660697322052,-12.7348880559272));
#11868=CARTESIAN_POINT('',(-45.4933141480539,-92.0319440133897,-14.4735545432475));
#11869=CARTESIAN_POINT('Origin',(-45.4933141480539,-86.7364406007598,-14.0289832814398));
#11870=CARTESIAN_POINT('',(-50.3557357826429,-87.8615911419481,-13.7275001025649));
#11871=CARTESIAN_POINT('Origin',(-45.4933141480539,-86.7364406007598,-14.0289832814396));
#11872=CARTESIAN_POINT('',(-50.3557357826429,-88.3274654231327,-15.4661665898853));
#11873=CARTESIAN_POINT('',(-50.3557357826429,-87.8615911419481,-13.7275001025649));
#11874=CARTESIAN_POINT('Origin',(-45.4933141480539,-87.2023148819444,-15.7676497687601));
#11875=CARTESIAN_POINT('Origin',(-54.2456730903141,-88.7617115748987,-13.4863135594651));
#11876=CARTESIAN_POINT('',(-53.3142627537455,-85.0042135795025,-14.493132112893));
#11877=CARTESIAN_POINT('Origin',(-54.2456730903141,-88.7617115748987,-13.4863135594648));
#11878=CARTESIAN_POINT('',(-53.3142627537455,-85.4700878606871,-16.2317986002134));
#11879=CARTESIAN_POINT('',(-53.3142627537455,-85.0042135795025,-14.493132112893));
#11880=CARTESIAN_POINT('Origin',(-54.2456730903141,-89.2275858560833,-15.2249800467854));
#11881=CARTESIAN_POINT('Origin',(-52.1499998330348,-80.3073410852573,-15.751655304678));
#11882=CARTESIAN_POINT('',(-57.1499998330348,-80.3073410852573,-15.751655304678));
#11883=CARTESIAN_POINT('Origin',(-52.1499998330348,-80.3073410852573,-15.7516553046778));
#11884=CARTESIAN_POINT('',(-57.1499998330348,-80.7732153664419,-17.4903217919983));
#11885=CARTESIAN_POINT('',(-57.1499998330348,-80.3073410852573,-15.751655304678));
#11886=CARTESIAN_POINT('Origin',(-52.1499998330348,-80.7732153664419,-17.4903217919983));
#11887=CARTESIAN_POINT('Origin',(-57.1499998330348,-80.3073410852573,-15.751655304678));
#11888=CARTESIAN_POINT('',(-57.1499998330347,-61.5823647285025,-20.7689975977623));
#11889=CARTESIAN_POINT('',(-57.1499998330347,-44.8124133544741,-25.2624925255424));
#11890=CARTESIAN_POINT('',(-57.1499998330348,-62.0482390096871,-22.5076640850826));
#11891=CARTESIAN_POINT('',(-57.1499998330347,-61.5823647285025,-20.7689975977623));
#11892=CARTESIAN_POINT('',(-57.1499998330347,-62.0482390096871,-22.5076640850826));
#11893=CARTESIAN_POINT('Origin',(-52.1499998330347,-61.5823647285025,-20.7689975977623));
#11894=CARTESIAN_POINT('',(-54.3722220552569,-57.2559519633465,-21.9282564043096));
#11895=CARTESIAN_POINT('Origin',(-52.1499998330347,-61.5823647285025,-20.7689975977622));
#11896=CARTESIAN_POINT('',(-54.3722220552569,-57.7218262445311,-23.6669228916299));
#11897=CARTESIAN_POINT('',(-54.3722220552569,-57.2559519633465,-21.9282564043096));
#11898=CARTESIAN_POINT('Origin',(-52.1499998330347,-62.0482390096871,-22.5076640850826));
#11899=CARTESIAN_POINT('Origin',(-56.1499998330346,-53.7948217512217,-22.8556634495474));
#11900=CARTESIAN_POINT('',(-54.3722220552569,-50.3336915390969,-23.7830704947852));
#11901=CARTESIAN_POINT('Origin',(-56.1499998330346,-53.7948217512217,-22.8556634495472));
#11902=CARTESIAN_POINT('',(-54.3722220552569,-50.7995658202815,-25.5217369821055));
#11903=CARTESIAN_POINT('',(-54.3722220552569,-50.3336915390969,-23.7830704947852));
#11904=CARTESIAN_POINT('Origin',(-56.1499998330346,-54.2606960324063,-24.5943299368677));
#11905=CARTESIAN_POINT('Origin',(-52.1499998330347,-46.0072787739409,-24.9423293013324));
#11906=CARTESIAN_POINT('',(-57.1499998330348,-46.0072787739409,-24.9423293013324));
#11907=CARTESIAN_POINT('Origin',(-52.1499998330347,-46.0072787739409,-24.9423293013323));
#11908=CARTESIAN_POINT('',(-57.1499998330348,-46.4731530551255,-26.6809957886527));
#11909=CARTESIAN_POINT('',(-57.1499998330348,-46.0072787739409,-24.9423293013324));
#11910=CARTESIAN_POINT('Origin',(-52.1499998330347,-46.4731530551255,-26.6809957886527));
#11911=CARTESIAN_POINT('Origin',(-57.1499998330348,-46.0072787739409,-24.9423293013324));
#11912=CARTESIAN_POINT('',(-57.1499998330347,-30.6022257019331,-29.0701008313355));
#11913=CARTESIAN_POINT('',(-57.1499998330347,-27.6623821988159,-29.8578295238696));
#11914=CARTESIAN_POINT('',(-57.1499998330348,-31.0680999831177,-30.8087673186558));
#11915=CARTESIAN_POINT('',(-57.1499998330347,-30.6022257019331,-29.0701008313355));
#11916=CARTESIAN_POINT('',(-57.1499998330347,-31.0680999831177,-30.8087673186558));
#11917=CARTESIAN_POINT('Origin',(-52.1499998330348,-30.6022257019332,-29.0701008313355));
#11918=CARTESIAN_POINT('',(-54.372222055257,-26.2758129367772,-30.2293596378827));
#11919=CARTESIAN_POINT('Origin',(-52.1499998330348,-30.6022257019331,-29.0701008313354));
#11920=CARTESIAN_POINT('',(-54.372222055257,-26.7416872179618,-31.968026125203));
#11921=CARTESIAN_POINT('',(-54.372222055257,-26.2758129367772,-30.2293596378827));
#11922=CARTESIAN_POINT('Origin',(-52.1499998330348,-31.0680999831177,-30.8087673186558));
#11923=CARTESIAN_POINT('Origin',(-56.1499998330347,-22.8146827246524,-31.1567666831205));
#11924=CARTESIAN_POINT('',(-54.372222055257,-19.3535525125276,-32.0841737283583));
#11925=CARTESIAN_POINT('Origin',(-56.1499998330347,-22.8146827246524,-31.1567666831205));
#11926=CARTESIAN_POINT('',(-54.372222055257,-19.8194267937122,-33.8228402156786));
#11927=CARTESIAN_POINT('',(-54.372222055257,-19.3535525125276,-32.0841737283583));
#11928=CARTESIAN_POINT('Origin',(-56.1499998330347,-23.280557005837,-32.8954331704408));
#11929=CARTESIAN_POINT('Origin',(-52.1499998330348,-15.0271397473717,-33.2434325349056));
#11930=CARTESIAN_POINT('',(-57.1499998330348,-15.0271397473717,-33.2434325349055));
#11931=CARTESIAN_POINT('Origin',(-52.1499998330348,-15.0271397473717,-33.2434325349055));
#11932=CARTESIAN_POINT('',(-57.1499998330348,-15.4930140285563,-34.9820990222259));
#11933=CARTESIAN_POINT('',(-57.1499998330348,-15.0271397473717,-33.2434325349056));
#11934=CARTESIAN_POINT('Origin',(-52.1499998330348,-15.4930140285562,-34.9820990222259));
#11935=CARTESIAN_POINT('Origin',(-57.1499998330348,-15.0271397473717,-33.2434325349056));
#11936=CARTESIAN_POINT('',(-57.1499998330348,0.37791332463621,-37.3712040649087));
#11937=CARTESIAN_POINT('',(-57.1499998330348,-12.1723126855313,-34.0083811406562));
#11938=CARTESIAN_POINT('',(-57.1499998330348,-0.0879609565483452,-39.109870552229));
#11939=CARTESIAN_POINT('',(-57.1499998330348,0.377913324636208,-37.3712040649087));
#11940=CARTESIAN_POINT('',(-57.1499998330348,-0.0879609565483429,-39.109870552229));
#11941=CARTESIAN_POINT('Origin',(-52.1499998330348,0.377913324636208,-37.3712040649087));
#11942=CARTESIAN_POINT('',(-54.372222055257,4.70432608979215,-38.5304628714559));
#11943=CARTESIAN_POINT('Origin',(-52.1499998330348,0.377913324636203,-37.3712040649087));
#11944=CARTESIAN_POINT('',(-54.372222055257,4.23845180860759,-40.2691293587762));
#11945=CARTESIAN_POINT('',(-54.372222055257,4.70432608979215,-38.5304628714559));
#11946=CARTESIAN_POINT('Origin',(-52.1499998330348,-0.0879609565483429,
-39.109870552229));
#11947=CARTESIAN_POINT('Origin',(-56.1499998330348,8.16545630191689,-39.4578699166937));
#11948=CARTESIAN_POINT('',(-54.372222055257,11.6265865140416,-40.3852769619315));
#11949=CARTESIAN_POINT('Origin',(-56.1499998330348,8.16545630191687,-39.4578699166937));
#11950=CARTESIAN_POINT('',(-54.372222055257,11.1607122328571,-42.1239434492518));
#11951=CARTESIAN_POINT('',(-54.372222055257,11.6265865140416,-40.3852769619315));
#11952=CARTESIAN_POINT('Origin',(-56.1499998330348,7.69958202073234,-41.196536404014));
#11953=CARTESIAN_POINT('Origin',(-52.1499998330348,15.9529992791976,-41.5445357684787));
#11954=CARTESIAN_POINT('',(-57.1499998330348,15.9529992791976,-41.5445357684787));
#11955=CARTESIAN_POINT('Origin',(-52.1499998330348,15.9529992791975,-41.5445357684788));
#11956=CARTESIAN_POINT('',(-57.1499998330348,15.487124998013,-43.283202255799));
#11957=CARTESIAN_POINT('',(-57.1499998330348,15.9529992791976,-41.5445357684787));
#11958=CARTESIAN_POINT('Origin',(-52.1499998330348,15.487124998013,-43.283202255799));
#11959=CARTESIAN_POINT('Origin',(-57.1499998330348,15.9529992791976,-41.5445357684787));
#11960=CARTESIAN_POINT('',(-57.1499998330347,31.3580523512056,-45.6723072984818));
#11961=CARTESIAN_POINT('',(-57.1499998330348,3.31775682775336,-38.1589327574428));
#11962=CARTESIAN_POINT('',(-57.1499998330348,30.892178070021,-47.4109737858021));
#11963=CARTESIAN_POINT('',(-57.1499998330347,31.3580523512056,-45.6723072984818));
#11964=CARTESIAN_POINT('',(-57.1499998330347,30.892178070021,-47.4109737858021));
#11965=CARTESIAN_POINT('Origin',(-52.1499998330347,31.3580523512056,-45.6723072984818));
#11966=CARTESIAN_POINT('',(-54.3722220552571,35.6844651163615,-46.831566105029));
#11967=CARTESIAN_POINT('Origin',(-52.1499998330347,31.3580523512055,-45.6723072984819));
#11968=CARTESIAN_POINT('',(-54.3722220552571,35.2185908351769,-48.5702325923494));
#11969=CARTESIAN_POINT('',(-54.3722220552571,35.6844651163615,-46.8315661050291));
#11970=CARTESIAN_POINT('Origin',(-52.1499998330347,30.892178070021,-47.4109737858021));
#11971=CARTESIAN_POINT('Origin',(-56.149999833035,39.1455953284862,-47.7589731502668));
#11972=CARTESIAN_POINT('',(-54.3722220552571,42.6067255406109,-48.6863801955046));
#11973=CARTESIAN_POINT('Origin',(-56.149999833035,39.1455953284862,-47.758973150267));
#11974=CARTESIAN_POINT('',(-54.3722220552571,42.1408512594264,-50.4250466828249));
#11975=CARTESIAN_POINT('',(-54.3722220552571,42.6067255406109,-48.6863801955046));
#11976=CARTESIAN_POINT('Origin',(-56.149999833035,38.6797210473016,-49.4976396375871));
#11977=CARTESIAN_POINT('Origin',(-52.1499998330347,46.9331383057668,-49.8456390020518));
#11978=CARTESIAN_POINT('',(-57.1499998330347,46.9331383057668,-49.8456390020518));
#11979=CARTESIAN_POINT('Origin',(-52.1499998330347,46.9331383057668,-49.845639002052));
#11980=CARTESIAN_POINT('',(-57.1499998330348,46.4672640245823,-51.5843054893721));
#11981=CARTESIAN_POINT('',(-57.1499998330347,46.9331383057668,-49.8456390020518));
#11982=CARTESIAN_POINT('Origin',(-52.1499998330347,46.4672640245823,-51.5843054893721));
#11983=CARTESIAN_POINT('Origin',(-57.1499998330347,46.9331383057668,-49.8456390020518));
#11984=CARTESIAN_POINT('',(-57.1499998330348,61.6716048836022,-53.7947992192559));
#11985=CARTESIAN_POINT('',(-57.1499998330347,18.807826341038,-42.3094843742293));
#11986=CARTESIAN_POINT('',(-57.1499998330348,61.2057306024177,-55.5334657065762));
#11987=CARTESIAN_POINT('',(-57.1499998330348,61.6716048836022,-53.7947992192559));
#11988=CARTESIAN_POINT('',(-57.1499998330348,61.2057306024177,-55.5334657065762));
#11989=CARTESIAN_POINT('Origin',(-52.1499998330348,61.6716048836022,-53.7947992192559));
#11990=CARTESIAN_POINT('',(-53.3148415770493,66.3683434749442,-55.0532865318661));
#11991=CARTESIAN_POINT('Origin',(-52.1499998330348,61.6716048836022,-53.7947992192561));
#11992=CARTESIAN_POINT('',(-53.3148415770493,65.9024691937596,-56.7919530191864));
#11993=CARTESIAN_POINT('',(-53.3148415770493,66.3683434749442,-55.0532865318661));
#11994=CARTESIAN_POINT('Origin',(-52.1499998330348,61.2057306024177,-55.5334657065762));
#11995=CARTESIAN_POINT('Origin',(-54.246714972261,70.1257343480177,-56.0600763819542));
#11996=CARTESIAN_POINT('',(-50.3566668076176,69.2260610170667,-55.8190096394741));
#11997=CARTESIAN_POINT('Origin',(-54.246714972261,70.1257343480176,-56.0600763819544));
#11998=CARTESIAN_POINT('',(-50.3566668076176,68.7601867358822,-57.5576761267944));
#11999=CARTESIAN_POINT('',(-50.3566668076176,69.2260610170667,-55.8190096394741));
#12000=CARTESIAN_POINT('Origin',(-54.246714972261,69.6598600668332,-57.7987428692745));
#12001=CARTESIAN_POINT('Origin',(-45.4941066018133,68.101469353378,-55.5176762113739));
#12002=CARTESIAN_POINT('',(-45.4941066018133,72.9310984848233,-56.8117714368865));
#12003=CARTESIAN_POINT('Origin',(-45.4941066018133,68.1014693533779,-55.5176762113741));
#12004=CARTESIAN_POINT('',(-45.4941066018133,72.4652242036388,-58.5504379242068));
#12005=CARTESIAN_POINT('',(-45.4941066018133,72.9310984848233,-56.8117714368865));
#12006=CARTESIAN_POINT('Origin',(-45.4941066018133,67.6355950721934,-57.2563426986942));
#12007=CARTESIAN_POINT('Origin',(-45.4941066018133,72.9310984848233,-56.8117714368865));
#12008=CARTESIAN_POINT('',(-25.3089726878029,72.9310984848233,-56.8117714368865));
#12009=CARTESIAN_POINT('',(-22.7470533009067,72.9310984848234,-56.8117714368865));
#12010=CARTESIAN_POINT('',(-25.3089726878029,72.4652242036388,-58.5504379242068));
#12011=CARTESIAN_POINT('',(-25.3089726878029,72.9310984848233,-56.8117714368865));
#12012=CARTESIAN_POINT('',(-25.3089726878029,72.4652242036388,-58.5504379242068));
#12013=CARTESIAN_POINT('Origin',(-25.3089726878029,68.101469353378,-55.5176762113739));
#12014=CARTESIAN_POINT('',(-20.829940623613,70.2479712250056,-56.0928296544284));
#12015=CARTESIAN_POINT('Origin',(-25.3089726878029,68.101469353378,-55.5176762113741));
#12016=CARTESIAN_POINT('',(-20.829940623613,69.7820969438211,-57.8314961417487));
#12017=CARTESIAN_POINT('',(-20.829940623613,70.2479712250056,-56.0928296544284));
#12018=CARTESIAN_POINT('Origin',(-25.3089726878029,67.6355950721935,-57.2563426986942));
#12019=CARTESIAN_POINT('Origin',(-17.246714972261,71.9651727223077,-56.552952408872));
#12020=CARTESIAN_POINT('',(-13.6634893209091,70.2479712250056,-56.0928296544284));
#12021=CARTESIAN_POINT('Origin',(-17.246714972261,71.9651727223077,-56.5529524088723));
#12022=CARTESIAN_POINT('',(-13.6634893209091,69.7820969438211,-57.8314961417488));
#12023=CARTESIAN_POINT('',(-13.6634893209091,70.2479712250056,-56.0928296544284));
#12024=CARTESIAN_POINT('Origin',(-17.246714972261,71.4992984411232,-58.2916188961924));
#12025=CARTESIAN_POINT('Origin',(45.4941065520911,70.9992468322454,-56.2941333466815));
#12026=CARTESIAN_POINT('',(45.4941065520911,70.5333725510608,-58.0327998340018));
#12027=CARTESIAN_POINT('',(45.4941065520911,70.5333725510609,-58.0327998340018));
#12028=CARTESIAN_POINT('',(45.4941065520911,70.9992468322454,-56.2941333466815));
#12029=CARTESIAN_POINT('Origin',(45.4941065520911,68.1014693533782,-55.517676211374));
#12030=CARTESIAN_POINT('',(48.4116426921476,68.3103500035439,-57.4371427376385));
#12031=CARTESIAN_POINT('Origin',(45.4941065520911,67.6355950721936,-57.2563426986943));
#12032=CARTESIAN_POINT('',(48.4116426921476,68.7762242847285,-55.6984762503182));
#12033=CARTESIAN_POINT('Origin',(54.2467149722608,70.1257341474292,-56.0600763282067));
#12034=CARTESIAN_POINT('',(52.8489048794434,64.0237735566343,-56.2885580403948));
#12035=CARTESIAN_POINT('Origin',(54.2467149722608,69.6598598662446,-57.798742815527));
#12036=CARTESIAN_POINT('',(52.8489048794434,64.4896478378188,-54.5498915530745));
#12037=CARTESIAN_POINT('Origin',(52.1499998330348,61.6716046830137,-53.7947991655084));
#12038=CARTESIAN_POINT('',(55.1499998330348,61.2057304018291,-55.5334656528287));
#12039=CARTESIAN_POINT('Origin',(52.1499998330348,61.2057304018291,-55.5334656528287));
#12040=CARTESIAN_POINT('',(55.1499998330348,61.6716046830137,-53.7947991655084));
#12041=CARTESIAN_POINT('Origin',(55.1499998330348,46.9331380981406,-49.8456389464185));
#12042=CARTESIAN_POINT('',(55.1499998330348,46.467263816956,-51.5843054337389));
#12043=CARTESIAN_POINT('',(55.1499998330348,46.467263816956,-51.5843054337389));
#12044=CARTESIAN_POINT('',(55.1499998330348,46.9331380981406,-49.8456389464185));
#12045=CARTESIAN_POINT('Origin',(52.1499998330348,46.9331380981406,-49.8456389464185));
#12046=CARTESIAN_POINT('Origin',(52.1499998330348,46.467263816956,-51.5843054337389));
#12047=CARTESIAN_POINT('Origin',(52.1499998330348,31.3580521435792,-45.6723072428485));
#12048=CARTESIAN_POINT('',(55.1499998330348,30.8921778623946,-47.4109737301688));
#12049=CARTESIAN_POINT('Origin',(52.1499998330348,30.8921778623946,-47.4109737301688));
#12050=CARTESIAN_POINT('',(55.1499998330348,31.3580521435792,-45.6723072428485));
#12051=CARTESIAN_POINT('Origin',(55.1499998330348,15.9529990715713,-41.5445357128454));
#12052=CARTESIAN_POINT('',(55.1499998330348,15.4871247903867,-43.2832022001657));
#12053=CARTESIAN_POINT('',(55.1499998330348,15.4871247903867,-43.2832022001657));
#12054=CARTESIAN_POINT('',(55.1499998330348,15.9529990715713,-41.5445357128454));
#12055=CARTESIAN_POINT('Origin',(52.1499998330348,15.9529990715713,-41.5445357128454));
#12056=CARTESIAN_POINT('',(53.4833331663681,12.8912771312932,-42.5876469162374));
#12057=CARTESIAN_POINT('Origin',(52.1499998330348,15.4871247903867,-43.2832022001657));
#12058=CARTESIAN_POINT('',(53.4833331663681,13.3571514124777,-40.8489804289171));
#12059=CARTESIAN_POINT('Origin',(56.1499998330348,8.16545609429057,-39.4578698610604));
#12060=CARTESIAN_POINT('',(53.4833331663681,2.50788649491889,-39.805425780524));
#12061=CARTESIAN_POINT('Origin',(56.1499998330348,7.69958181310602,-41.1965363483807));
#12062=CARTESIAN_POINT('',(53.4833331663681,2.97376077610344,-38.0667592932037));
#12063=CARTESIAN_POINT('Origin',(52.1499998330348,0.377913117009868,-37.3712040092753));
#12064=CARTESIAN_POINT('',(55.1499998330348,-0.0879611641746969,-39.1098704965957));
#12065=CARTESIAN_POINT('Origin',(52.1499998330348,-0.0879611641746824,-39.1098704965957));
#12066=CARTESIAN_POINT('',(55.1499998330348,0.377913117009866,-37.3712040092753));
#12067=CARTESIAN_POINT('Origin',(55.1499998330348,-15.027139954998,-33.2434324792723));
#12068=CARTESIAN_POINT('',(55.1499998330348,-15.4930142361826,-34.9820989665926));
#12069=CARTESIAN_POINT('',(55.1499998330348,-15.4930142361826,-34.9820989665926));
#12070=CARTESIAN_POINT('',(55.1499998330348,-15.027139954998,-33.2434324792723));
#12071=CARTESIAN_POINT('Origin',(52.1499998330348,-15.027139954998,-33.2434324792723));
#12072=CARTESIAN_POINT('',(53.4833331663681,-18.0888618952762,-34.2865436826642));
#12073=CARTESIAN_POINT('Origin',(52.1499998330348,-15.4930142361826,-34.9820989665926));
#12074=CARTESIAN_POINT('',(53.4833331663681,-17.6229876140916,-32.5478771953439));
#12075=CARTESIAN_POINT('Origin',(56.1499998330348,-22.8146829322787,-31.1567666274872));
#12076=CARTESIAN_POINT('',(53.4833331663681,-28.4722525316504,-31.5043225469509));
#12077=CARTESIAN_POINT('Origin',(56.1499998330348,-23.2805572134633,-32.8954331148075));
#12078=CARTESIAN_POINT('',(53.4833331663681,-28.0063782504659,-29.7656560596305));
#12079=CARTESIAN_POINT('Origin',(52.1499998330348,-30.6022259095594,-29.0701007757022));
#12080=CARTESIAN_POINT('',(55.1499998330348,-31.068100190744,-30.8087672630225));
#12081=CARTESIAN_POINT('Origin',(52.1499998330348,-31.068100190744,-30.8087672630225));
#12082=CARTESIAN_POINT('',(55.1499998330348,-30.6022259095594,-29.0701007757022));
#12083=CARTESIAN_POINT('Origin',(55.1499998330348,-46.0072789815673,-24.9423292456991));
#12084=CARTESIAN_POINT('',(55.1499998330348,-46.4731532627519,-26.6809957330194));
#12085=CARTESIAN_POINT('',(55.1499998330348,-46.4731532627519,-26.6809957330194));
#12086=CARTESIAN_POINT('',(55.1499998330348,-46.0072789815673,-24.9423292456991));
#12087=CARTESIAN_POINT('Origin',(52.1499998330348,-46.0072789815673,-24.9423292456991));
#12088=CARTESIAN_POINT('',(53.4833331663681,-49.0690009218455,-25.9854404490911));
#12089=CARTESIAN_POINT('Origin',(52.1499998330348,-46.4731532627519,-26.6809957330194));
#12090=CARTESIAN_POINT('',(53.4833331663681,-48.6031266406609,-24.2467739617707));
#12091=CARTESIAN_POINT('Origin',(56.1499998330348,-53.794821958848,-22.8556633939141));
#12092=CARTESIAN_POINT('',(53.4833331663681,-59.4523915582197,-23.2032193133777));
#12093=CARTESIAN_POINT('Origin',(56.1499998330348,-54.2606962400326,-24.5943298812344));
#12094=CARTESIAN_POINT('',(53.4833331663681,-58.9865172770352,-21.4645528260574));
#12095=CARTESIAN_POINT('Origin',(52.1499998330348,-61.5823649361287,-20.768997542129));
#12096=CARTESIAN_POINT('',(55.1499998330348,-62.0482392173133,-22.5076640294494));
#12097=CARTESIAN_POINT('Origin',(52.1499998330348,-62.0482392173133,-22.5076640294494));
#12098=CARTESIAN_POINT('',(55.1499998330348,-61.5823649361287,-20.768997542129));
#12099=CARTESIAN_POINT('Origin',(55.1499998330348,-80.307341285842,-15.7516552509315));
#12100=CARTESIAN_POINT('',(55.1499998330348,-80.7732155670266,-17.4903217382518));
#12101=CARTESIAN_POINT('',(55.1499998330348,-80.7732155670266,-17.4903217382518));
#12102=CARTESIAN_POINT('',(55.1499998330348,-80.307341285842,-15.7516552509315));
#12103=CARTESIAN_POINT('Origin',(52.1499998330348,-80.307341285842,-15.7516552509315));
#12104=CARTESIAN_POINT('',(52.8485575854613,-83.5913390635737,-16.7352078231808));
#12105=CARTESIAN_POINT('Origin',(52.1499998330348,-80.7732155670266,-17.4903217382518));
#12106=CARTESIAN_POINT('',(52.8485575854613,-83.1254647823891,-14.9965413358605));
#12107=CARTESIAN_POINT('Origin',(54.2456730903144,-88.7617117754834,-13.4863135057186));
#12108=CARTESIAN_POINT('',(48.4107671619724,-87.8774052735189,-15.5867598435197));
#12109=CARTESIAN_POINT('Origin',(54.2456730903144,-89.2275860566679,-15.2249799930389));
#12110=CARTESIAN_POINT('',(48.4107671619724,-87.4115309923343,-13.8480933561994));
#12111=CARTESIAN_POINT('Origin',(45.4933141978014,-86.7364406007597,-14.0289832814398));
#12112=CARTESIAN_POINT('',(45.4933141978014,-90.1000923608115,-14.9911926334526));
#12113=CARTESIAN_POINT('Origin',(45.4933141978014,-87.2023148819443,-15.7676497687601));
#12114=CARTESIAN_POINT('',(45.4933141978014,-89.6342180796269,-13.2525261461323));
#12115=CARTESIAN_POINT('Origin',(30.234930838613,-89.6342180796269,-13.2525261461322));
#12116=CARTESIAN_POINT('',(30.234930838613,-90.1000923608115,-14.9911926334525));
#12117=CARTESIAN_POINT('',(30.234930838613,-90.1000923608115,-14.9911926334526));
#12118=CARTESIAN_POINT('',(30.234930838613,-89.6342180796269,-13.2525261461322));
#12119=CARTESIAN_POINT('Origin',(30.234930838613,-86.7364406007597,-14.0289832814398));
#12120=CARTESIAN_POINT('',(27.5475115891801,-88.4902159836631,-15.4225577086234));
#12121=CARTESIAN_POINT('Origin',(30.234930838613,-87.2023148819443,-15.7676497687601));
#12122=CARTESIAN_POINT('',(27.5475115891801,-88.0243417024785,-13.6838912213031));
#12123=CARTESIAN_POINT('Origin',(22.1726730903144,-90.600143905916,-12.9937071010297));
#12124=CARTESIAN_POINT('',(16.7978345914487,-88.4902159836631,-15.4225577086234));
#12125=CARTESIAN_POINT('Origin',(22.1726730903144,-91.0660181871006,-14.73237358835));
#12126=CARTESIAN_POINT('',(16.7978345914487,-88.0243417024785,-13.6838912213031));
#12127=CARTESIAN_POINT('Origin',(14.1104153420159,-86.7364406007597,-14.0289832814398));
#12128=CARTESIAN_POINT('',(14.1104153420159,-90.1000923608115,-14.9911926334525));
#12129=CARTESIAN_POINT('Origin',(14.1104153420159,-87.2023148819443,-15.7676497687601));
#12130=CARTESIAN_POINT('',(14.1104153420159,-89.6342180796269,-13.2525261461322));
#12131=CARTESIAN_POINT('Origin',(-14.1104152999031,-89.634218079627,-13.2525261461322));
#12132=CARTESIAN_POINT('',(-14.1104152999031,-90.1000923608116,-14.9911926334525));
#12133=CARTESIAN_POINT('',(-14.1104152999031,-90.1000923608116,-14.9911926334525));
#12134=CARTESIAN_POINT('',(-14.1104152999031,-89.634218079627,-13.2525261461322));
#12135=CARTESIAN_POINT('Origin',(-14.1104152999031,-86.7364406007598,-14.0289832814398));
#12136=CARTESIAN_POINT('',(-16.7978345633735,-88.4902159563337,-15.4225577159463));
#12137=CARTESIAN_POINT('Origin',(-14.1104152999031,-87.2023148819444,-15.7676497687601));
#12138=CARTESIAN_POINT('',(-16.7978345633735,-88.0243416751492,-13.683891228626));
#12139=CARTESIAN_POINT('Origin',(-22.1726730903141,-90.6001438239279,-12.9937071229984));
#12140=CARTESIAN_POINT('',(-27.5475116172548,-88.4902159563337,-15.4225577159463));
#12141=CARTESIAN_POINT('Origin',(-22.1726730903141,-91.0660181051125,-14.7323736103187));
#12142=CARTESIAN_POINT('',(-27.5475116172548,-88.0243416751492,-13.683891228626));
#12143=CARTESIAN_POINT('Origin',(-30.2349308807251,-86.7364406007598,-14.0289832814398));
#12144=CARTESIAN_POINT('',(-30.2349308807251,-90.1000923608116,-14.9911926334525));
#12145=CARTESIAN_POINT('Origin',(-30.2349308807251,-87.2023148819444,-15.7676497687601));
#12146=CARTESIAN_POINT('',(-30.2349308807251,-89.634218079627,-13.2525261461322));
#12147=CARTESIAN_POINT('Origin',(-45.4933141480539,-89.634218079627,-13.2525261461322));
#12148=CARTESIAN_POINT('',(-45.4933141480539,-90.1000923608116,-14.9911926334525));
#12149=CARTESIAN_POINT('',(-45.4933141480539,-90.1000923608116,-14.9911926334525));
#12150=CARTESIAN_POINT('',(-45.4933141480539,-89.634218079627,-13.2525261461322));
#12151=CARTESIAN_POINT('Origin',(-45.4933141480539,-86.7364406007598,-14.0289832814398));
#12152=CARTESIAN_POINT('',(-48.4107671288073,-87.8774052066574,-15.5867598614352));
#12153=CARTESIAN_POINT('Origin',(-45.4933141480539,-87.2023148819444,-15.7676497687601));
#12154=CARTESIAN_POINT('',(-48.4107671288073,-87.4115309254728,-13.8480933741149));
#12155=CARTESIAN_POINT('Origin',(-54.2456730903141,-88.7617115748987,-13.4863135594651));
#12156=CARTESIAN_POINT('',(-52.8485575854612,-83.591338862989,-16.7352078769273));
#12157=CARTESIAN_POINT('Origin',(-54.2456730903141,-89.2275858560833,-15.2249800467854));
#12158=CARTESIAN_POINT('',(-52.8485575854612,-83.1254645818044,-14.996541389607));
#12159=CARTESIAN_POINT('Origin',(-52.1499998330348,-80.3073410852573,-15.751655304678));
#12160=CARTESIAN_POINT('',(-55.1499998330348,-80.7732153664419,-17.4903217919983));
#12161=CARTESIAN_POINT('Origin',(-52.1499998330348,-80.7732153664419,-17.4903217919983));
#12162=CARTESIAN_POINT('',(-55.1499998330348,-80.3073410852573,-15.751655304678));
#12163=CARTESIAN_POINT('Origin',(-55.1499998330348,-61.5823647285025,-20.7689975977623));
#12164=CARTESIAN_POINT('',(-55.1499998330348,-62.0482390096871,-22.5076640850826));
#12165=CARTESIAN_POINT('',(-55.1499998330348,-62.0482390096871,-22.5076640850826));
#12166=CARTESIAN_POINT('',(-55.1499998330348,-61.5823647285025,-20.7689975977623));
#12167=CARTESIAN_POINT('Origin',(-52.1499998330347,-61.5823647285025,-20.7689975977623));
#12168=CARTESIAN_POINT('',(-53.483333166368,-59.4523913505935,-23.203219369011));
#12169=CARTESIAN_POINT('Origin',(-52.1499998330347,-62.0482390096871,-22.5076640850826));
#12170=CARTESIAN_POINT('',(-53.483333166368,-58.9865170694089,-21.4645528816907));
#12171=CARTESIAN_POINT('Origin',(-56.1499998330346,-53.7948217512217,-22.8556634495474));
#12172=CARTESIAN_POINT('',(-53.483333166368,-49.0690007142191,-25.9854405047244));
#12173=CARTESIAN_POINT('Origin',(-56.1499998330346,-54.2606960324063,-24.5943299368677));
#12174=CARTESIAN_POINT('',(-53.483333166368,-48.6031264330345,-24.2467740174041));
#12175=CARTESIAN_POINT('Origin',(-52.1499998330347,-46.0072787739409,-24.9423293013324));
#12176=CARTESIAN_POINT('',(-55.1499998330348,-46.4731530551255,-26.6809957886527));
#12177=CARTESIAN_POINT('Origin',(-52.1499998330347,-46.4731530551255,-26.6809957886527));
#12178=CARTESIAN_POINT('',(-55.1499998330348,-46.0072787739409,-24.9423293013324));
#12179=CARTESIAN_POINT('Origin',(-55.1499998330348,-30.6022257019331,-29.0701008313355));
#12180=CARTESIAN_POINT('',(-55.1499998330348,-31.0680999831177,-30.8087673186558));
#12181=CARTESIAN_POINT('',(-55.1499998330348,-31.0680999831177,-30.8087673186558));
#12182=CARTESIAN_POINT('',(-55.1499998330348,-30.6022257019331,-29.0701008313355));
#12183=CARTESIAN_POINT('Origin',(-52.1499998330348,-30.6022257019332,-29.0701008313355));
#12184=CARTESIAN_POINT('',(-53.4833331663681,-28.4722523240241,-31.5043226025841));
#12185=CARTESIAN_POINT('Origin',(-52.1499998330348,-31.0680999831177,-30.8087673186558));
#12186=CARTESIAN_POINT('',(-53.4833331663681,-28.0063780428396,-29.7656561152638));
#12187=CARTESIAN_POINT('Origin',(-56.1499998330347,-22.8146827246524,-31.1567666831205));
#12188=CARTESIAN_POINT('',(-53.4833331663681,-18.0888616876498,-34.2865437382975));
#12189=CARTESIAN_POINT('Origin',(-56.1499998330347,-23.280557005837,-32.8954331704408));
#12190=CARTESIAN_POINT('',(-53.4833331663681,-17.6229874064653,-32.5478772509772));
#12191=CARTESIAN_POINT('Origin',(-52.1499998330348,-15.0271397473717,-33.2434325349056));
#12192=CARTESIAN_POINT('',(-55.1499998330348,-15.4930140285562,-34.9820990222259));
#12193=CARTESIAN_POINT('Origin',(-52.1499998330348,-15.4930140285562,-34.9820990222259));
#12194=CARTESIAN_POINT('',(-55.1499998330348,-15.0271397473717,-33.2434325349056));
#12195=CARTESIAN_POINT('Origin',(-55.1499998330348,0.377913324636208,-37.3712040649087));
#12196=CARTESIAN_POINT('',(-55.1499998330348,-0.0879609565483452,-39.109870552229));
#12197=CARTESIAN_POINT('',(-55.1499998330348,-0.0879609565483429,-39.109870552229));
#12198=CARTESIAN_POINT('',(-55.1499998330348,0.377913324636208,-37.3712040649087));
#12199=CARTESIAN_POINT('Origin',(-52.1499998330348,0.377913324636208,-37.3712040649087));
#12200=CARTESIAN_POINT('',(-53.4833331663681,2.50788670254521,-39.8054258361573));
#12201=CARTESIAN_POINT('Origin',(-52.1499998330348,-0.0879609565483429,
-39.109870552229));
#12202=CARTESIAN_POINT('',(-53.4833331663681,2.97376098372977,-38.066759348837));
#12203=CARTESIAN_POINT('Origin',(-56.1499998330348,8.16545630191689,-39.4578699166937));
#12204=CARTESIAN_POINT('',(-53.4833331663681,12.8912773389194,-42.5876469718707));
#12205=CARTESIAN_POINT('Origin',(-56.1499998330348,7.69958202073234,-41.196536404014));
#12206=CARTESIAN_POINT('',(-53.4833331663681,13.357151620104,-40.8489804845504));
#12207=CARTESIAN_POINT('Origin',(-52.1499998330348,15.9529992791976,-41.5445357684787));
#12208=CARTESIAN_POINT('',(-55.1499998330348,15.487124998013,-43.283202255799));
#12209=CARTESIAN_POINT('Origin',(-52.1499998330348,15.487124998013,-43.283202255799));
#12210=CARTESIAN_POINT('',(-55.1499998330348,15.9529992791976,-41.5445357684787));
#12211=CARTESIAN_POINT('Origin',(-55.1499998330348,31.3580523512056,-45.6723072984818));
#12212=CARTESIAN_POINT('',(-55.1499998330348,30.892178070021,-47.4109737858021));
#12213=CARTESIAN_POINT('',(-55.1499998330348,30.892178070021,-47.4109737858021));
#12214=CARTESIAN_POINT('',(-55.1499998330348,31.3580523512056,-45.6723072984818));
#12215=CARTESIAN_POINT('Origin',(-52.1499998330347,31.3580523512056,-45.6723072984818));
#12216=CARTESIAN_POINT('Origin',(-52.1499998330347,30.892178070021,-47.4109737858021));
#12217=CARTESIAN_POINT('Origin',(-52.1499998330347,46.9331383057668,-49.8456390020518));
#12218=CARTESIAN_POINT('',(-55.1499998330347,46.4672640245823,-51.5843054893721));
#12219=CARTESIAN_POINT('Origin',(-52.1499998330347,46.4672640245823,-51.5843054893721));
#12220=CARTESIAN_POINT('',(-55.1499998330347,46.9331383057668,-49.8456390020518));
#12221=CARTESIAN_POINT('Origin',(-55.1499998330348,61.6716048836022,-53.7947992192559));
#12222=CARTESIAN_POINT('',(-55.1499998330348,61.2057306024177,-55.5334657065762));
#12223=CARTESIAN_POINT('',(-55.1499998330348,61.2057306024177,-55.5334657065762));
#12224=CARTESIAN_POINT('',(-55.1499998330348,61.6716048836022,-53.7947992192559));
#12225=CARTESIAN_POINT('Origin',(-52.1499998330348,61.6716048836022,-53.7947992192559));
#12226=CARTESIAN_POINT('',(-52.8489048794435,64.0237737572229,-56.2885580941423));
#12227=CARTESIAN_POINT('Origin',(-52.1499998330348,61.2057306024177,-55.5334657065762));
#12228=CARTESIAN_POINT('',(-52.8489048794435,64.4896480384074,-54.549891606822));
#12229=CARTESIAN_POINT('Origin',(-54.246714972261,70.1257343480177,-56.0600763819542));
#12230=CARTESIAN_POINT('',(-48.4116427252959,68.3103500704067,-57.4371427555543));
#12231=CARTESIAN_POINT('Origin',(-54.246714972261,69.6598600668332,-57.7987428692745));
#12232=CARTESIAN_POINT('',(-48.4116427252959,68.7762243515912,-55.698476268234));
#12233=CARTESIAN_POINT('Origin',(-45.4941066018133,68.101469353378,-55.5176762113739));
#12234=CARTESIAN_POINT('',(-45.4941066018133,70.5333725510606,-58.0327998340018));
#12235=CARTESIAN_POINT('Origin',(-45.4941066018133,67.6355950721934,-57.2563426986942));
#12236=CARTESIAN_POINT('',(-45.4941066018133,70.9992468322452,-56.2941333466815));
#12237=CARTESIAN_POINT('Origin',(-25.3089726878029,70.9992468322452,-56.2941333466815));
#12238=CARTESIAN_POINT('',(-25.3089726878029,70.5333725510607,-58.0327998340018));
#12239=CARTESIAN_POINT('',(-25.3089726878029,70.5333725510607,-58.0327998340018));
#12240=CARTESIAN_POINT('',(-25.3089726878029,70.9992468322452,-56.2941333466815));
#12241=CARTESIAN_POINT('Origin',(-25.3089726878029,68.101469353378,-55.5176762113739));
#12242=CARTESIAN_POINT('',(-23.0000000000001,69.9515754320146,-56.0134106410565));
#12243=CARTESIAN_POINT('',(-22.621553449289,68.92349619517,-57.601434764527));
#12244=CARTESIAN_POINT('Origin',(-25.3089726878029,67.6355950721935,-57.2563426986942));
#12245=CARTESIAN_POINT('',(-22.621553449289,69.3893704763546,-55.8627682772066));
#12246=CARTESIAN_POINT('Origin',(-17.246714972261,71.9651727223077,-56.552952408872));
#12247=CARTESIAN_POINT('',(-11.8718764952331,68.9234961951701,-57.601434764527));
#12248=CARTESIAN_POINT('Origin',(-17.246714972261,71.4992984411232,-58.2916188961924));
#12249=CARTESIAN_POINT('',(-11.8718764952331,74.2144722358967,-37.8552433589059));
#12250=CARTESIAN_POINT('',(-11.8718764952331,69.3893704763546,-55.8627682772066));
#12251=CARTESIAN_POINT('Ctrl Pts',(-12.011976590583,74.1804357610923,-36.9565136628862));
#12252=CARTESIAN_POINT('Ctrl Pts',(-11.9756223985581,74.2036456661698,-37.120658048357));
#12253=CARTESIAN_POINT('Ctrl Pts',(-11.9454847437252,74.2167377191764,-37.2903351155462));
#12254=CARTESIAN_POINT('Ctrl Pts',(-11.9014812607523,74.2235601717529,-37.5927450121994));
#12255=CARTESIAN_POINT('Ctrl Pts',(-11.8854777405456,74.2213526162372,-37.7236451496627));
#12256=CARTESIAN_POINT('Ctrl Pts',(-11.8718764952331,74.2144722358967,-37.8552433589059));
#12257=CARTESIAN_POINT('Origin',(-9.18445725671908,68.1014693533781,-55.5176762113739));
#12258=CARTESIAN_POINT('',(-11.8320343669785,74.1804357610923,-38.2815483204703));
#12259=CARTESIAN_POINT('Ctrl Pts',(-11.8718764952331,74.2144722358967,-37.8552433589059));
#12260=CARTESIAN_POINT('Ctrl Pts',(-11.8571041348461,74.2069994306018,-37.9981726369643));
#12261=CARTESIAN_POINT('Ctrl Pts',(-11.8435754356794,74.1958160667561,-38.1404656171754));
#12262=CARTESIAN_POINT('Ctrl Pts',(-11.8320343669785,74.1804357610923,-38.2815483204703));
#12263=CARTESIAN_POINT('Origin',(-9.18445725671908,67.6355950721935,-57.2563426986942));
#12264=CARTESIAN_POINT('Origin',(-9.18445725671908,74.1804357610923,-32.8306647202803));
#12265=CARTESIAN_POINT('Origin',(9.18445722396223,68.1014693533781,-55.5176762113739));
#12266=CARTESIAN_POINT('',(9.38450586808344,74.5804357610923,-42.9031550476508));
#12267=CARTESIAN_POINT('Ctrl Pts',(9.38450586808344,74.5804357610923,-42.9031550476508));
#12268=CARTESIAN_POINT('Ctrl Pts',(9.35573299581306,74.5719456119473,-42.942270377786));
#12269=CARTESIAN_POINT('Ctrl Pts',(9.32674255867487,74.5630970432956,-42.9811688637265));
#12270=CARTESIAN_POINT('Ctrl Pts',(9.2601552237322,74.5420665907727,-43.0693619832758));
#12271=CARTESIAN_POINT('Ctrl Pts',(9.22243412765143,74.5296475775675,-43.1184983940602));
#12272=CARTESIAN_POINT('Ctrl Pts',(9.18445722396222,74.5166075612392,-43.167164397529));
#12273=CARTESIAN_POINT('Ctrl Pts',(9.38450586808345,74.5804357610923,-42.9031550476508));
#12274=CARTESIAN_POINT('Ctrl Pts',(9.31880873059157,74.5450477072474,-43.0521892200692));
#12275=CARTESIAN_POINT('Ctrl Pts',(9.2519995002099,74.5076337333172,-43.2006551792724));
#12276=CARTESIAN_POINT('Ctrl Pts',(9.18445722396224,74.4680269657476,-43.3484696481655));
#12277=CARTESIAN_POINT('Origin',(17.2467149722608,71.9651726585344,-56.552952391784));
#12278=CARTESIAN_POINT('Ctrl Pts',(11.8718764733951,74.2144723177904,-37.8552429682435));
#12279=CARTESIAN_POINT('Ctrl Pts',(11.8854777121303,74.2213526856703,-37.7236448545458));
#12280=CARTESIAN_POINT('Ctrl Pts',(11.9014812224019,74.2235602352586,-37.5927448123496));
#12281=CARTESIAN_POINT('Ctrl Pts',(11.9454847137903,74.2167377801195,-37.2903348473102));
#12282=CARTESIAN_POINT('Ctrl Pts',(11.9756223998916,74.203645706259,-37.1206576254084));
#12283=CARTESIAN_POINT('Ctrl Pts',(12.0119766356506,74.1804357610923,-36.9565130969224));
#12284=CARTESIAN_POINT('Origin',(17.2467149722608,71.4992983773499,-58.2916188791043));
#12285=CARTESIAN_POINT('Origin',(22.1726730903144,-90.600143905916,-12.9937071010297));
#12286=CARTESIAN_POINT('',(25.7558987562249,-88.8829424369577,-13.4538298478786));
#12287=CARTESIAN_POINT('Origin',(22.1726730903144,-90.6001439059159,-12.9937071010295));
#12288=CARTESIAN_POINT('',(25.7558987562249,-89.3488167181422,-15.192496335199));
#12289=CARTESIAN_POINT('Origin',(22.1726730903144,-91.0660181871006,-14.73237358835));
#12290=CARTESIAN_POINT('',(25.7558987562249,-88.8829424369577,-13.4538298478787));
#12291=CARTESIAN_POINT('Origin',(30.234930838613,-86.7364406007597,-14.0289832814398));
#12292=CARTESIAN_POINT('',(30.234930838613,-91.5660697322051,-12.7348880559272));
#12293=CARTESIAN_POINT('Origin',(30.234930838613,-86.7364406007597,-14.0289832814396));
#12294=CARTESIAN_POINT('',(30.234930838613,-92.0319440133896,-14.4735545432475));
#12295=CARTESIAN_POINT('Origin',(30.234930838613,-87.2023148819443,-15.7676497687601));
#12296=CARTESIAN_POINT('',(30.234930838613,-91.5660697322051,-12.7348880559272));
#12297=CARTESIAN_POINT('Origin',(45.4933141978014,-91.566069732205,-12.7348880559272));
#12298=CARTESIAN_POINT('',(45.4933141978014,-91.5660697322051,-12.7348880559272));
#12299=CARTESIAN_POINT('',(22.7466570989008,-91.5660697322051,-12.7348880559272));
#12300=CARTESIAN_POINT('',(45.4933141978014,-92.0319440133896,-14.4735545432475));
#12301=CARTESIAN_POINT('',(30.234930838613,-92.0319440133896,-14.4735545432475));
#12302=CARTESIAN_POINT('',(45.4933141978014,-91.5660697322051,-12.7348880559272));
#12303=CARTESIAN_POINT('Origin',(45.4933141978014,-86.7364406007597,-14.0289832814398));
#12304=CARTESIAN_POINT('',(50.3557358047531,-87.8615912533839,-13.7275000727058));
#12305=CARTESIAN_POINT('Origin',(45.4933141978014,-86.7364406007597,-14.0289832814396));
#12306=CARTESIAN_POINT('',(50.3557358047531,-88.3274655345685,-15.4661665600261));
#12307=CARTESIAN_POINT('Origin',(45.4933141978014,-87.2023148819443,-15.7676497687601));
#12308=CARTESIAN_POINT('',(50.3557358047531,-87.8615912533839,-13.7275000727058));
#12309=CARTESIAN_POINT('Origin',(54.2456730903144,-88.7617117754834,-13.4863135057186));
#12310=CARTESIAN_POINT('',(53.3142627537457,-85.0042137800872,-14.4931320591465));
#12311=CARTESIAN_POINT('Origin',(54.2456730903144,-88.7617117754833,-13.4863135057184));
#12312=CARTESIAN_POINT('',(53.3142627537457,-85.4700880612718,-16.2317985464668));
#12313=CARTESIAN_POINT('Origin',(54.2456730903144,-89.2275860566679,-15.2249799930389));
#12314=CARTESIAN_POINT('',(53.3142627537457,-85.0042137800872,-14.4931320591465));
#12315=CARTESIAN_POINT('Origin',(52.1499998330348,-80.307341285842,-15.7516552509315));
#12316=CARTESIAN_POINT('',(57.1499998330348,-80.307341285842,-15.7516552509315));
#12317=CARTESIAN_POINT('Origin',(52.1499998330348,-80.307341285842,-15.7516552509313));
#12318=CARTESIAN_POINT('',(57.1499998330348,-80.7732155670266,-17.4903217382518));
#12319=CARTESIAN_POINT('Origin',(52.1499998330348,-80.7732155670266,-17.4903217382518));
#12320=CARTESIAN_POINT('',(57.1499998330348,-80.307341285842,-15.7516552509315));
#12321=CARTESIAN_POINT('Origin',(57.1499998330348,-61.5823649361287,-20.768997542129));
#12322=CARTESIAN_POINT('',(57.1499998330348,-61.5823649361287,-20.768997542129));
#12323=CARTESIAN_POINT('',(57.1499998330348,-35.4499252799098,-27.7711636442679));
#12324=CARTESIAN_POINT('',(57.1499998330348,-62.0482392173133,-22.5076640294494));
#12325=CARTESIAN_POINT('',(57.1499998330348,-80.7732155670266,-17.4903217382518));
#12326=CARTESIAN_POINT('',(57.1499998330348,-61.5823649361287,-20.768997542129));
#12327=CARTESIAN_POINT('Origin',(52.1499998330348,-61.5823649361287,-20.768997542129));
#12328=CARTESIAN_POINT('',(54.372222055257,-57.2559521709728,-21.9282563486763));
#12329=CARTESIAN_POINT('Origin',(52.1499998330348,-61.5823649361287,-20.7689975421289));
#12330=CARTESIAN_POINT('',(54.372222055257,-57.7218264521574,-23.6669228359966));
#12331=CARTESIAN_POINT('Origin',(52.1499998330348,-62.0482392173133,-22.5076640294494));
#12332=CARTESIAN_POINT('',(54.372222055257,-57.2559521709728,-21.9282563486763));
#12333=CARTESIAN_POINT('Origin',(56.1499998330348,-53.794821958848,-22.8556633939141));
#12334=CARTESIAN_POINT('',(54.372222055257,-50.3336917467233,-23.7830704391518));
#12335=CARTESIAN_POINT('Origin',(56.1499998330348,-53.794821958848,-22.8556633939139));
#12336=CARTESIAN_POINT('',(54.372222055257,-50.7995660279079,-25.5217369264722));
#12337=CARTESIAN_POINT('Origin',(56.1499998330348,-54.2606962400326,-24.5943298812344));
#12338=CARTESIAN_POINT('',(54.372222055257,-50.3336917467233,-23.7830704391518));
#12339=CARTESIAN_POINT('Origin',(52.1499998330348,-46.0072789815673,-24.9423292456991));
#12340=CARTESIAN_POINT('',(57.1499998330348,-46.0072789815673,-24.9423292456991));
#12341=CARTESIAN_POINT('Origin',(52.1499998330348,-46.0072789815673,-24.942329245699));
#12342=CARTESIAN_POINT('',(57.1499998330348,-46.4731532627519,-26.6809957330194));
#12343=CARTESIAN_POINT('Origin',(52.1499998330348,-46.4731532627519,-26.6809957330194));
#12344=CARTESIAN_POINT('',(57.1499998330348,-46.0072789815673,-24.9423292456991));
#12345=CARTESIAN_POINT('Origin',(57.1499998330348,-30.6022259095594,-29.0701007757022));
#12346=CARTESIAN_POINT('',(57.1499998330348,-30.6022259095594,-29.0701007757022));
#12347=CARTESIAN_POINT('',(57.1499998330348,-19.9598557666251,-31.9217152610545));
#12348=CARTESIAN_POINT('',(57.1499998330348,-31.068100190744,-30.8087672630225));
#12349=CARTESIAN_POINT('',(57.1499998330348,-46.4731532627519,-26.6809957330194));
#12350=CARTESIAN_POINT('',(57.1499998330348,-30.6022259095594,-29.0701007757022));
#12351=CARTESIAN_POINT('Origin',(52.1499998330348,-30.6022259095594,-29.0701007757022));
#12352=CARTESIAN_POINT('',(54.372222055257,-26.2758131444035,-30.2293595822494));
#12353=CARTESIAN_POINT('Origin',(52.1499998330348,-30.6022259095594,-29.0701007757021));
#12354=CARTESIAN_POINT('',(54.372222055257,-26.741687425588,-31.9680260695697));
#12355=CARTESIAN_POINT('Origin',(52.1499998330348,-31.068100190744,-30.8087672630225));
#12356=CARTESIAN_POINT('',(54.372222055257,-26.2758131444035,-30.2293595822494));
#12357=CARTESIAN_POINT('Origin',(56.1499998330348,-22.8146829322787,-31.1567666274872));
#12358=CARTESIAN_POINT('',(54.372222055257,-19.353552720154,-32.084173672725));
#12359=CARTESIAN_POINT('Origin',(56.1499998330348,-22.8146829322787,-31.1567666274872));
#12360=CARTESIAN_POINT('',(54.372222055257,-19.8194270013385,-33.8228401600453));
#12361=CARTESIAN_POINT('Origin',(56.1499998330348,-23.2805572134633,-32.8954331148075));
#12362=CARTESIAN_POINT('',(54.372222055257,-19.353552720154,-32.084173672725));
#12363=CARTESIAN_POINT('Origin',(52.1499998330348,-15.027139954998,-33.2434324792723));
#12364=CARTESIAN_POINT('',(57.1499998330348,-15.027139954998,-33.2434324792722));
#12365=CARTESIAN_POINT('Origin',(52.1499998330348,-15.027139954998,-33.2434324792722));
#12366=CARTESIAN_POINT('',(57.1499998330348,-15.4930142361826,-34.9820989665926));
#12367=CARTESIAN_POINT('Origin',(52.1499998330348,-15.4930142361826,-34.9820989665926));
#12368=CARTESIAN_POINT('',(57.1499998330348,-15.027139954998,-33.2434324792723));
#12369=CARTESIAN_POINT('Origin',(57.1499998330348,0.377913117009869,-37.3712040092753));
#12370=CARTESIAN_POINT('',(57.1499998330348,0.377913117009873,-37.3712040092753));
#12371=CARTESIAN_POINT('',(57.1499998330348,-4.4697862533405,-36.0722668778411));
#12372=CARTESIAN_POINT('',(57.1499998330348,-0.087961164174688,-39.1098704965957));
#12373=CARTESIAN_POINT('',(57.1499998330348,-15.4930142361826,-34.9820989665926));
#12374=CARTESIAN_POINT('',(57.1499998330348,0.37791311700987,-37.3712040092753));
#12375=CARTESIAN_POINT('Origin',(52.1499998330348,0.377913117009868,-37.3712040092753));
#12376=CARTESIAN_POINT('',(54.372222055257,4.70432588216581,-38.5304628158226));
#12377=CARTESIAN_POINT('Origin',(52.1499998330348,0.377913117009863,-37.3712040092754));
#12378=CARTESIAN_POINT('',(54.372222055257,4.23845160098125,-40.2691293031429));
#12379=CARTESIAN_POINT('Origin',(52.1499998330348,-0.0879611641746824,-39.1098704965957));
#12380=CARTESIAN_POINT('',(54.372222055257,4.70432588216581,-38.5304628158226));
#12381=CARTESIAN_POINT('Origin',(56.1499998330348,8.16545609429057,-39.4578698610604));
#12382=CARTESIAN_POINT('',(54.372222055257,11.6265863064153,-40.3852769062981));
#12383=CARTESIAN_POINT('Origin',(56.1499998330348,8.16545609429056,-39.4578698610604));
#12384=CARTESIAN_POINT('',(54.372222055257,11.1607120252308,-42.1239433936185));
#12385=CARTESIAN_POINT('Origin',(56.1499998330348,7.69958181310602,-41.1965363483807));
#12386=CARTESIAN_POINT('',(54.372222055257,11.6265863064153,-40.3852769062982));
#12387=CARTESIAN_POINT('Origin',(52.1499998330348,15.9529990715713,-41.5445357128454));
#12388=CARTESIAN_POINT('',(57.1499998330348,15.9529990715713,-41.5445357128454));
#12389=CARTESIAN_POINT('Origin',(52.1499998330348,15.9529990715713,-41.5445357128455));
#12390=CARTESIAN_POINT('',(57.1499998330348,15.4871247903867,-43.2832022001657));
#12391=CARTESIAN_POINT('Origin',(52.1499998330348,15.4871247903867,-43.2832022001657));
#12392=CARTESIAN_POINT('',(57.1499998330348,15.9529990715713,-41.5445357128454));
#12393=CARTESIAN_POINT('Origin',(57.1499998330348,31.3580521435792,-45.6723072428485));
#12394=CARTESIAN_POINT('',(57.1499998330348,31.3580521435792,-45.6723072428485));
#12395=CARTESIAN_POINT('',(57.1499998330348,11.0202832599442,-40.2228184946277));
#12396=CARTESIAN_POINT('',(57.1499998330348,30.8921778623946,-47.4109737301688));
#12397=CARTESIAN_POINT('',(57.1499998330348,15.4871247903867,-43.2832022001657));
#12398=CARTESIAN_POINT('',(57.1499998330348,31.3580521435792,-45.6723072428485));
#12399=CARTESIAN_POINT('Origin',(52.1499998330348,31.3580521435792,-45.6723072428485));
#12400=CARTESIAN_POINT('',(54.372222055257,35.6844649087351,-46.8315660493957));
#12401=CARTESIAN_POINT('Origin',(52.1499998330348,31.3580521435792,-45.6723072428486));
#12402=CARTESIAN_POINT('',(54.372222055257,35.2185906275506,-48.5702325367161));
#12403=CARTESIAN_POINT('Origin',(52.1499998330348,30.8921778623946,-47.4109737301688));
#12404=CARTESIAN_POINT('',(54.372222055257,35.6844649087351,-46.8315660493957));
#12405=CARTESIAN_POINT('Origin',(56.1499998330348,39.1455951208599,-47.7589730946335));
#12406=CARTESIAN_POINT('',(54.372222055257,42.6067253329846,-48.6863801398713));
#12407=CARTESIAN_POINT('Origin',(56.1499998330348,39.1455951208598,-47.7589730946336));
#12408=CARTESIAN_POINT('',(54.372222055257,42.1408510518001,-50.4250466271916));
#12409=CARTESIAN_POINT('Origin',(56.1499998330348,38.6797208396753,-49.4976395819538));
#12410=CARTESIAN_POINT('',(54.372222055257,42.6067253329846,-48.6863801398713));
#12411=CARTESIAN_POINT('Origin',(52.1499998330348,46.9331380981406,-49.8456389464185));
#12412=CARTESIAN_POINT('',(57.1499998330348,46.9331380981406,-49.8456389464185));
#12413=CARTESIAN_POINT('Origin',(52.1499998330348,46.9331380981405,-49.8456389464187));
#12414=CARTESIAN_POINT('',(57.1499998330348,46.467263816956,-51.5843054337389));
#12415=CARTESIAN_POINT('Origin',(52.1499998330348,46.467263816956,-51.5843054337389));
#12416=CARTESIAN_POINT('',(57.1499998330348,46.9331380981406,-49.8456389464185));
#12417=CARTESIAN_POINT('Origin',(57.1499998330348,61.6716046830137,-53.7947991655084));
#12418=CARTESIAN_POINT('',(57.1499998330348,61.6716046830137,-53.7947991655084));
#12419=CARTESIAN_POINT('',(57.1499998330348,26.1770595296614,-44.2840644559576));
#12420=CARTESIAN_POINT('',(57.1499998330348,61.2057304018291,-55.5334656528287));
#12421=CARTESIAN_POINT('',(57.1499998330348,46.467263816956,-51.5843054337389));
#12422=CARTESIAN_POINT('',(57.1499998330348,61.6716046830137,-53.7947991655084));
#12423=CARTESIAN_POINT('Origin',(52.1499998330348,61.6716046830137,-53.7947991655084));
#12424=CARTESIAN_POINT('',(53.3148415770492,66.3683432743556,-55.0532864781185));
#12425=CARTESIAN_POINT('Origin',(52.1499998330348,61.6716046830136,-53.7947991655086));
#12426=CARTESIAN_POINT('',(53.3148415770492,65.9024689931711,-56.7919529654389));
#12427=CARTESIAN_POINT('Origin',(52.1499998330348,61.2057304018291,-55.5334656528287));
#12428=CARTESIAN_POINT('',(53.3148415770492,66.3683432743556,-55.0532864781185));
#12429=CARTESIAN_POINT('Origin',(54.2467149722608,70.1257341474292,-56.0600763282067));
#12430=CARTESIAN_POINT('',(50.3566667855187,69.2260609056287,-55.8190096096143));
#12431=CARTESIAN_POINT('Origin',(54.2467149722608,70.1257341474291,-56.0600763282069));
#12432=CARTESIAN_POINT('',(50.3566667855187,68.7601866244441,-57.5576760969347));
#12433=CARTESIAN_POINT('Origin',(54.2467149722608,69.6598598662446,-57.798742815527));
#12434=CARTESIAN_POINT('',(50.3566667855187,69.2260609056287,-55.8190096096143));
#12435=CARTESIAN_POINT('Origin',(45.4941065520911,68.1014693533782,-55.517676211374));
#12436=CARTESIAN_POINT('',(45.4941065520911,72.9310984848235,-56.8117714368866));
#12437=CARTESIAN_POINT('Origin',(45.4941065520911,68.1014693533781,-55.5176762113742));
#12438=CARTESIAN_POINT('',(45.4941065520911,72.465224203639,-58.5504379242069));
#12439=CARTESIAN_POINT('Origin',(45.4941065520911,67.6355950721936,-57.2563426986943));
#12440=CARTESIAN_POINT('',(45.4941065520911,72.9310984848235,-56.8117714368866));
#12441=CARTESIAN_POINT('Origin',(25.3089727205593,72.9310984848235,-56.8117714368866));
#12442=CARTESIAN_POINT('',(25.3089727205593,72.9310984848235,-56.8117714368865));
#12443=CARTESIAN_POINT('',(12.6544863602796,72.9310984848235,-56.8117714368865));
#12444=CARTESIAN_POINT('',(25.3089727205593,72.4652242036389,-58.5504379242069));
#12445=CARTESIAN_POINT('',(45.4941065520911,72.465224203639,-58.5504379242069));
#12446=CARTESIAN_POINT('',(25.3089727205593,72.9310984848235,-56.8117714368866));
#12447=CARTESIAN_POINT('Origin',(25.3089727205593,68.1014693533781,-55.5176762113739));
#12448=CARTESIAN_POINT('',(20.8299406381712,70.247971189576,-56.0928296449351));
#12449=CARTESIAN_POINT('Origin',(25.3089727205593,68.1014693533781,-55.5176762113742));
#12450=CARTESIAN_POINT('',(20.8299406381712,69.7820969083915,-57.8314961322554));
#12451=CARTESIAN_POINT('Origin',(25.3089727205593,67.6355950721936,-57.2563426986943));
#12452=CARTESIAN_POINT('',(20.8299406381712,70.247971189576,-56.0928296449351));
#12453=CARTESIAN_POINT('Origin',(17.2467149722608,71.9651726585344,-56.552952391784));
#12454=CARTESIAN_POINT('',(13.6634893063503,70.2479711895761,-56.0928296449351));
#12455=CARTESIAN_POINT('Origin',(17.2467149722608,71.9651726585343,-56.5529523917843));
#12456=CARTESIAN_POINT('',(13.6634893063503,69.7820969083915,-57.8314961322554));
#12457=CARTESIAN_POINT('Origin',(17.2467149722608,71.4992983773499,-58.2916188791043));
#12458=CARTESIAN_POINT('',(13.6634893063503,70.2479711895761,-56.0928296449351));
#12459=CARTESIAN_POINT('Origin',(9.18445722396223,68.1014693533781,-55.5176762113739));
#12460=CARTESIAN_POINT('',(9.18445722396222,72.9310984848234,-56.8117714368865));
#12461=CARTESIAN_POINT('Origin',(9.18445722396223,68.101469353378,-55.5176762113742));
#12462=CARTESIAN_POINT('',(9.18445722396222,72.4652242036389,-58.5504379242069));
#12463=CARTESIAN_POINT('Origin',(9.18445722396223,67.6355950721936,-57.2563426986942));
#12464=CARTESIAN_POINT('',(9.18445722396222,72.9310984848234,-56.8117714368865));
#12465=CARTESIAN_POINT('Origin',(-9.1844572567191,72.9310984848234,-56.8117714368865));
#12466=CARTESIAN_POINT('',(-9.1844572567191,72.9310984848234,-56.8117714368865));
#12467=CARTESIAN_POINT('',(-4.59222862835963,72.9310984848234,-56.8117714368865));
#12468=CARTESIAN_POINT('',(-9.1844572567191,72.4652242036389,-58.5504379242069));
#12469=CARTESIAN_POINT('',(9.18445722396222,72.4652242036389,-58.5504379242069));
#12470=CARTESIAN_POINT('',(-9.1844572567191,72.9310984848234,-56.8117714368865));
#12471=CARTESIAN_POINT('Origin',(-9.18445725671908,68.1014693533781,-55.5176762113739));
#12472=CARTESIAN_POINT('Origin',(-9.18445725671908,68.101469353378,-55.5176762113741));
#12473=CARTESIAN_POINT('Origin',(-9.18445725671908,67.6355950721935,-57.2563426986942));
#12474=CARTESIAN_POINT('Origin',(8.88178420072357E-15,-9.78335990487539,
-36.5119962337272));
#12475=CARTESIAN_POINT('Origin',(-23.0000000000001,84.1804357610922,-22.5560797806851));
#12476=CARTESIAN_POINT('Origin',(-3.20452742841791E-14,74.3804357610923,
-36.));
#12477=CARTESIAN_POINT('Origin',(-3.17232760655567E-14,74.1804357610923,
-36.));
#12478=CARTESIAN_POINT('',(-11.65,74.5804357610923,-36.));
#12479=CARTESIAN_POINT('Origin',(-3.23672725028015E-14,74.5804357610923,
-36.));
#12480=CARTESIAN_POINT('Origin',(-3.23672725028015E-14,74.5804357610923,
-36.));
#12481=CARTESIAN_POINT('Origin',(-3.17232760655567E-14,74.1804357610923,
-36.));
#12482=CARTESIAN_POINT('Origin',(-1.19986629444894E-13,74.1804357610923,
-36.5560797806851));
#12483=CARTESIAN_POINT('Origin',(-1.19986629444894E-13,74.1804357610923,
-36.5560797806851));
#12484=CARTESIAN_POINT('Origin',(-2.67584226089402E-14,71.9651726585343,
-36.));
#12485=CARTESIAN_POINT('',(-11.65,71.9651726585343,-36.));
#12486=CARTESIAN_POINT('Origin',(-4.3186369377386,71.9651726585343,-29.));
#12487=CARTESIAN_POINT('',(-2.15931846886938,84.1804357610923,-29.));
#12488=CARTESIAN_POINT('Origin',(3.5527136788005E-14,-0.517638090205121,
-1.93185165257852));
#12489=CARTESIAN_POINT('Origin',(56.1499998330348,39.2750046434111,-47.276010181489));
#12490=CARTESIAN_POINT('',(59.2499998330348,39.1455951208599,-47.7589730946335));
#12491=CARTESIAN_POINT('Origin',(56.1499998330348,39.1455951208599,-47.7589730946335));
#12492=CARTESIAN_POINT('',(58.2499998330348,39.4044141659624,-46.7930472683445));
#12493=CARTESIAN_POINT('',(58.7499998330348,39.2750046434111,-47.276010181489));
#12494=CARTESIAN_POINT('Origin',(56.1499998330348,39.4044141659624,-46.7930472683445));
#12495=CARTESIAN_POINT('Origin',(8.88178419700125E-15,-9.31748562369087,
-34.7733297464069));
#12496=CARTESIAN_POINT('',(-49.6500000000002,74.8629501374014,-57.3294095270915));
#12497=CARTESIAN_POINT('',(-21.2467150217783,74.8629501374015,-57.3294095270916));
#12498=CARTESIAN_POINT('',(-49.6500000000001,74.8629501374014,-57.3294095270915));
#12499=CARTESIAN_POINT('',(-13.2467149227437,74.8629501374015,-57.3294095270916));
#12500=CARTESIAN_POINT('Origin',(-17.246714972261,71.9651727223077,-56.552952408872));
#12501=CARTESIAN_POINT('',(13.2467149722607,74.8629501374015,-57.3294095270916));
#12502=CARTESIAN_POINT('',(-49.6500000000001,74.8629501374014,-57.3294095270915));
#12503=CARTESIAN_POINT('',(21.2467149722608,74.8629501374015,-57.3294095270916));
#12504=CARTESIAN_POINT('Origin',(17.2467149722608,71.9651726585344,-56.552952391784));
#12505=CARTESIAN_POINT('',(-49.6500000000001,74.8629501374014,-57.3294095270915));
#12506=CARTESIAN_POINT('Origin',(56.1499998330348,-53.794821958848,-22.8556633939141));
#12507=CARTESIAN_POINT('',(58.8037388792106,-86.7764965509665,-14.0182503219298));
#12508=CARTESIAN_POINT('Origin',(49.6500000000001,-84.321626035037,-14.6760308941961));
#12509=CARTESIAN_POINT('Origin',(54.2456730903144,-88.7617117754834,-13.4863135057186));
#12510=CARTESIAN_POINT('Origin',(49.6500000000001,-84.321626035037,-14.6760308941961));
#12511=CARTESIAN_POINT('Origin',(22.1726730903144,-90.600143905916,-12.9937071010297));
#12512=CARTESIAN_POINT('Origin',(-22.1726730903141,-90.6001438239279,-12.9937071229984));
#12513=CARTESIAN_POINT('Origin',(-49.6499999999998,-84.3216260350372,-14.6760308941961));
#12514=CARTESIAN_POINT('',(-58.8037389148938,-86.7764964268231,-14.018250355194));
#12515=CARTESIAN_POINT('Origin',(-54.2456730903141,-88.7617115748987,-13.4863135594651));
#12516=CARTESIAN_POINT('Origin',(-49.6499999999998,-84.3216260350372,-14.6760308941961));
#12517=CARTESIAN_POINT('Origin',(-56.1499998330346,-53.7948217512217,-22.8556634495474));
#12518=CARTESIAN_POINT('Origin',(-56.1499998330347,-22.8146827246524,-31.1567666831205));
#12519=CARTESIAN_POINT('Origin',(-56.1499998330348,8.16545630191688,-39.4578699166937));
#12520=CARTESIAN_POINT('Origin',(-56.149999833035,39.1455953284862,-47.7589731502668));
#12521=CARTESIAN_POINT('',(-58.804314717753,68.1395210660176,-55.5278721370463));
#12522=CARTESIAN_POINT('Origin',(-49.6500000000001,65.6866547876553,-54.8706285986176));
#12523=CARTESIAN_POINT('Origin',(-54.246714972261,70.1257343480177,-56.0600763819542));
#12524=CARTESIAN_POINT('Origin',(-49.6500000000001,65.6866547876553,-54.8706285986176));
#12525=CARTESIAN_POINT('',(59.2499998330348,8.16545609429057,-39.4578698610604));
#12526=CARTESIAN_POINT('Origin',(56.1499998330348,8.16545609429057,-39.4578698610604));
#12527=CARTESIAN_POINT('',(59.2499998330348,-53.794821958848,-22.8556633939141));
#12528=CARTESIAN_POINT('Origin',(56.1499998330348,-53.794821958848,-22.8556633939141));
#12529=CARTESIAN_POINT('',(25.2726730903144,-90.600143905916,-12.9937071010297));
#12530=CARTESIAN_POINT('Origin',(22.1726730903144,-90.600143905916,-12.9937071010297));
#12531=CARTESIAN_POINT('',(-51.1456730903141,-88.7617115748987,-13.4863135594651));
#12532=CARTESIAN_POINT('Origin',(-54.2456730903141,-88.7617115748987,-13.4863135594651));
#12533=CARTESIAN_POINT('',(-53.0499998330347,-22.8146827246524,-31.1567666831205));
#12534=CARTESIAN_POINT('Origin',(-56.1499998330347,-22.8146827246524,-31.1567666831205));
#12535=CARTESIAN_POINT('',(-53.049999833035,39.1455953284862,-47.7589731502668));
#12536=CARTESIAN_POINT('Origin',(-56.149999833035,39.1455953284862,-47.7589731502668));
#12537=CARTESIAN_POINT('',(-20.346714972261,71.9651727223077,-56.552952408872));
#12538=CARTESIAN_POINT('Origin',(-17.246714972261,71.9651727223077,-56.552952408872));
#12539=CARTESIAN_POINT('',(51.1467149722608,70.1257341474292,-56.0600763282067));
#12540=CARTESIAN_POINT('Origin',(54.2467149722608,70.1257341474292,-56.0600763282067));
#12541=CARTESIAN_POINT('',(14.1467149722608,71.9651726585344,-56.552952391784));
#12542=CARTESIAN_POINT('Origin',(17.2467149722608,71.9651726585344,-56.552952391784));
#12543=CARTESIAN_POINT('',(-51.146714972261,70.1257343480177,-56.0600763819542));
#12544=CARTESIAN_POINT('Origin',(-54.246714972261,70.1257343480177,-56.0600763819542));
#12545=CARTESIAN_POINT('',(-53.0499998330349,8.16545630191688,-39.4578699166937));
#12546=CARTESIAN_POINT('Origin',(-56.1499998330348,8.16545630191688,-39.4578699166937));
#12547=CARTESIAN_POINT('',(-53.0499998330346,-53.7948217512217,-22.8556634495474));
#12548=CARTESIAN_POINT('Origin',(-56.1499998330346,-53.7948217512217,-22.8556634495474));
#12549=CARTESIAN_POINT('',(-19.0726730903141,-90.6001438239279,-12.9937071229984));
#12550=CARTESIAN_POINT('Origin',(-22.1726730903141,-90.6001438239279,-12.9937071229984));
#12551=CARTESIAN_POINT('',(51.1456730903144,-88.7617117754834,-13.4863135057186));
#12552=CARTESIAN_POINT('Origin',(54.2456730903144,-88.7617117754834,-13.4863135057186));
#12553=CARTESIAN_POINT('',(59.2499998330348,-22.8146829322787,-31.1567666274872));
#12554=CARTESIAN_POINT('Origin',(56.1499998330348,-22.8146829322787,-31.1567666274872));
#12555=CARTESIAN_POINT('Origin',(56.1499998330348,39.1455951208599,-47.7589730946335));
#12556=CARTESIAN_POINT('',(58.2499998330348,41.7337855718851,-38.0997148317428));
#12557=CARTESIAN_POINT('Origin',(56.1499998330348,41.7337855718851,-38.0997148317428));
#12558=CARTESIAN_POINT('',(58.2499998330348,39.1455951208599,-47.7589730946335));
#12559=CARTESIAN_POINT('Origin',(56.1499998330348,8.29486561684183,-38.9749069479158));
#12560=CARTESIAN_POINT('',(58.2499998330348,8.42427513939309,-38.4919440347713));
#12561=CARTESIAN_POINT('',(58.7499998330348,8.29486561684183,-38.9749069479158));
#12562=CARTESIAN_POINT('Origin',(56.1499998330348,8.42427513939309,-38.4919440347713));
#12563=CARTESIAN_POINT('Origin',(56.1499998330348,8.16545609429057,-39.4578698610604));
#12564=CARTESIAN_POINT('',(58.2499998330348,10.7536465453158,-29.7986115981697));
#12565=CARTESIAN_POINT('Origin',(56.1499998330348,10.7536465453158,-29.7986115981697));
#12566=CARTESIAN_POINT('',(58.2499998330348,8.16545609429057,-39.4578698610604));
#12567=CARTESIAN_POINT('Origin',(56.1499998330348,-22.6852734097275,-30.6738037143427));
#12568=CARTESIAN_POINT('',(58.2499998330348,-22.5558638871762,-30.1908408011981));
#12569=CARTESIAN_POINT('',(58.7499998330348,-22.6852734097275,-30.6738037143427));
#12570=CARTESIAN_POINT('Origin',(56.1499998330348,-22.5558638871762,-30.1908408011981));
#12571=CARTESIAN_POINT('Origin',(56.1499998330348,-22.8146829322787,-31.1567666274872));
#12572=CARTESIAN_POINT('',(58.2499998330348,-20.2264924812535,-21.4975083645965));
#12573=CARTESIAN_POINT('Origin',(56.1499998330348,-20.2264924812535,-21.4975083645965));
#12574=CARTESIAN_POINT('',(58.2499998330348,-22.8146829322787,-31.1567666274872));
#12575=CARTESIAN_POINT('Origin',(56.1499998330348,-53.6654124362968,-22.3727004807695));
#12576=CARTESIAN_POINT('',(58.2499998330348,-53.5360029137455,-21.889737567625));
#12577=CARTESIAN_POINT('',(58.7499998330348,-53.6654124362968,-22.3727004807695));
#12578=CARTESIAN_POINT('Origin',(56.1499998330348,-53.5360029137455,-21.889737567625));
#12579=CARTESIAN_POINT('Origin',(56.1499998330348,-53.794821958848,-22.8556633939141));
#12580=CARTESIAN_POINT('',(58.2499998330348,-51.2066315078228,-13.1964051310234));
#12581=CARTESIAN_POINT('Origin',(56.1499998330348,-51.2066315078228,-13.1964051310234));
#12582=CARTESIAN_POINT('',(58.2499998330348,-53.794821958848,-22.8556633939141));
#12583=CARTESIAN_POINT('Origin',(54.2456730903144,-88.6323022529321,-13.0033505925741));
#12584=CARTESIAN_POINT('',(52.1456730903144,-88.5028927303809,-12.5203876794295));
#12585=CARTESIAN_POINT('',(51.6456730903144,-88.6323022529321,-13.0033505925741));
#12586=CARTESIAN_POINT('',(56.3456730903144,-88.5028927303809,-12.5203876794295));
#12587=CARTESIAN_POINT('Origin',(54.2456730903144,-88.5028927303809,-12.5203876794295));
#12588=CARTESIAN_POINT('Origin',(54.2456730903144,-88.5028927303809,-12.5203876794295));
#12589=CARTESIAN_POINT('Origin',(54.2456730903144,-88.7617117754834,-13.4863135057186));
#12590=CARTESIAN_POINT('',(56.3456730903144,-86.1735213244582,-3.82705524282791));
#12591=CARTESIAN_POINT('Origin',(54.2456730903144,-86.1735213244582,-3.8270552428279));
#12592=CARTESIAN_POINT('',(56.3456730903144,-88.7617117754834,-13.4863135057186));
#12593=CARTESIAN_POINT('Origin',(22.1726730903144,-90.4707343833647,-12.5107441878852));
#12594=CARTESIAN_POINT('',(24.2726730903144,-90.3413248608135,-12.0277812747407));
#12595=CARTESIAN_POINT('',(24.7726730903144,-90.4707343833647,-12.5107441878852));
#12596=CARTESIAN_POINT('Origin',(22.1726730903144,-90.3413248608135,-12.0277812747407));
#12597=CARTESIAN_POINT('Origin',(22.1726730903144,-90.600143905916,-12.9937071010297));
#12598=CARTESIAN_POINT('',(24.2726730903144,-88.0119534548908,-3.33444883813906));
#12599=CARTESIAN_POINT('Origin',(22.1726730903144,-88.0119534548908,-3.33444883813906));
#12600=CARTESIAN_POINT('',(24.2726730903144,-90.600143905916,-12.9937071010297));
#12601=CARTESIAN_POINT('Origin',(-22.1726730903141,-90.4707343013767,-12.5107442098538));
#12602=CARTESIAN_POINT('',(-20.0726730903141,-90.3413247788254,-12.0277812967093));
#12603=CARTESIAN_POINT('',(-19.5726730903141,-90.4707343013767,-12.5107442098538));
#12604=CARTESIAN_POINT('Origin',(-22.1726730903141,-90.3413247788254,-12.0277812967093));
#12605=CARTESIAN_POINT('Origin',(-22.1726730903141,-90.6001438239279,-12.9937071229984));
#12606=CARTESIAN_POINT('',(-20.0726730903141,-88.0119533729027,-3.33444886010769));
#12607=CARTESIAN_POINT('Origin',(-22.1726730903141,-88.0119533729027,-3.33444886010769));
#12608=CARTESIAN_POINT('',(-20.0726730903141,-90.6001438239279,-12.9937071229984));
#12609=CARTESIAN_POINT('Origin',(-54.2456730903141,-88.6323020523474,-13.0033506463206));
#12610=CARTESIAN_POINT('',(-52.1456730903141,-88.5028925297962,-12.520387733176));
#12611=CARTESIAN_POINT('',(-51.6456730903141,-88.6323020523474,-13.0033506463206));
#12612=CARTESIAN_POINT('Origin',(-54.2456730903141,-88.5028925297962,-12.520387733176));
#12613=CARTESIAN_POINT('Origin',(-54.2456730903141,-88.7617115748987,-13.4863135594651));
#12614=CARTESIAN_POINT('',(-52.1456730903141,-86.1735211238735,-3.82705529657441));
#12615=CARTESIAN_POINT('Origin',(-54.2456730903141,-86.1735211238735,-3.82705529657441));
#12616=CARTESIAN_POINT('',(-52.1456730903141,-88.7617115748987,-13.4863135594651));
#12617=CARTESIAN_POINT('Origin',(-56.1499998330346,-53.6654122286704,-22.3727005364028));
#12618=CARTESIAN_POINT('',(-54.0499998330346,-53.5360027061192,-21.8897376232583));
#12619=CARTESIAN_POINT('',(-53.5499998330346,-53.6654122286704,-22.3727005364028));
#12620=CARTESIAN_POINT('Origin',(-56.1499998330346,-53.5360027061192,-21.8897376232583));
#12621=CARTESIAN_POINT('Origin',(-56.1499998330346,-53.7948217512217,-22.8556634495474));
#12622=CARTESIAN_POINT('',(-54.0499998330346,-51.2066313001965,-13.1964051866567));
#12623=CARTESIAN_POINT('Origin',(-56.1499998330346,-51.2066313001965,-13.1964051866567));
#12624=CARTESIAN_POINT('',(-54.0499998330346,-53.7948217512217,-22.8556634495474));
#12625=CARTESIAN_POINT('Origin',(-56.1499998330347,-22.6852732021012,-30.673803769976));
#12626=CARTESIAN_POINT('',(-54.0499998330347,-22.5558636795499,-30.1908408568315));
#12627=CARTESIAN_POINT('',(-53.5499998330347,-22.6852732021012,-30.673803769976));
#12628=CARTESIAN_POINT('Origin',(-56.1499998330347,-22.5558636795499,-30.1908408568315));
#12629=CARTESIAN_POINT('Origin',(-56.1499998330347,-22.8146827246524,-31.1567666831205));
#12630=CARTESIAN_POINT('',(-54.0499998330347,-20.2264922736272,-21.4975084202298));
#12631=CARTESIAN_POINT('Origin',(-56.1499998330347,-20.2264922736272,-21.4975084202298));
#12632=CARTESIAN_POINT('',(-54.0499998330347,-22.8146827246524,-31.1567666831205));
#12633=CARTESIAN_POINT('Origin',(-56.1499998330348,8.29486582446814,-38.9749070035491));
#12634=CARTESIAN_POINT('',(-54.0499998330348,8.4242753470194,-38.4919440904046));
#12635=CARTESIAN_POINT('',(-53.5499998330349,8.29486582446814,-38.9749070035491));
#12636=CARTESIAN_POINT('Origin',(-56.1499998330348,8.4242753470194,-38.4919440904046));
#12637=CARTESIAN_POINT('Origin',(-56.1499998330348,8.16545630191688,-39.4578699166937));
#12638=CARTESIAN_POINT('',(-54.0499998330348,10.7536467529421,-29.798611653803));
#12639=CARTESIAN_POINT('Origin',(-56.1499998330348,10.7536467529421,-29.798611653803));
#12640=CARTESIAN_POINT('',(-54.0499998330348,8.16545630191688,-39.4578699166937));
#12641=CARTESIAN_POINT('Origin',(-56.149999833035,39.2750048510374,-47.2760102371223));
#12642=CARTESIAN_POINT('',(-54.049999833035,39.4044143735887,-46.7930473239778));
#12643=CARTESIAN_POINT('',(-53.549999833035,39.2750048510374,-47.2760102371223));
#12644=CARTESIAN_POINT('Origin',(-56.149999833035,39.4044143735887,-46.7930473239778));
#12645=CARTESIAN_POINT('Origin',(-56.149999833035,39.1455953284862,-47.7589731502668));
#12646=CARTESIAN_POINT('',(-54.049999833035,41.7337857795114,-38.0997148873762));
#12647=CARTESIAN_POINT('Origin',(-56.149999833035,41.7337857795114,-38.0997148873762));
#12648=CARTESIAN_POINT('',(-54.049999833035,39.1455953284862,-47.7589731502668));
#12649=CARTESIAN_POINT('Origin',(-54.246714972261,70.2551438705689,-55.5771134688097));
#12650=CARTESIAN_POINT('',(-52.146714972261,70.3845533931202,-55.0941505556651));
#12651=CARTESIAN_POINT('',(-51.646714972261,70.2551438705689,-55.5771134688097));
#12652=CARTESIAN_POINT('Origin',(-54.246714972261,70.3845533931202,-55.0941505556651));
#12653=CARTESIAN_POINT('Origin',(-54.246714972261,70.1257343480177,-56.0600763819542));
#12654=CARTESIAN_POINT('',(-52.146714972261,72.7139247990429,-46.4008181190635));
#12655=CARTESIAN_POINT('Origin',(-54.246714972261,72.7139247990429,-46.4008181190635));
#12656=CARTESIAN_POINT('',(-52.146714972261,70.1257343480177,-56.0600763819542));
#12657=CARTESIAN_POINT('Origin',(-17.246714972261,72.094582244859,-56.0699894957275));
#12658=CARTESIAN_POINT('',(-19.346714972261,72.2239917674102,-55.5870265825829));
#12659=CARTESIAN_POINT('',(-19.846714972261,72.094582244859,-56.0699894957275));
#12660=CARTESIAN_POINT('',(-15.146714972261,72.2239917674102,-55.5870265825829));
#12661=CARTESIAN_POINT('Origin',(-17.246714972261,72.2239917674102,-55.5870265825829));
#12662=CARTESIAN_POINT('Origin',(-17.246714972261,72.2239917674102,-55.5870265825829));
#12663=CARTESIAN_POINT('Origin',(-17.246714972261,71.9651727223077,-56.552952408872));
#12664=CARTESIAN_POINT('',(-15.146714972261,74.5533631733329,-46.8936941459814));
#12665=CARTESIAN_POINT('Origin',(-17.246714972261,74.5533631733329,-46.8936941459814));
#12666=CARTESIAN_POINT('',(-15.146714972261,71.9651727223077,-56.552952408872));
#12667=CARTESIAN_POINT('Origin',(17.2467149722608,72.0945821810857,-56.0699894786395));
#12668=CARTESIAN_POINT('',(15.1467149722608,72.2239917036369,-55.5870265654949));
#12669=CARTESIAN_POINT('',(14.6467149722608,72.0945821810857,-56.0699894786395));
#12670=CARTESIAN_POINT('',(19.3467149722608,72.2239917036369,-55.5870265654949));
#12671=CARTESIAN_POINT('Origin',(17.2467149722608,72.2239917036369,-55.5870265654949));
#12672=CARTESIAN_POINT('Origin',(17.2467149722608,72.2239917036369,-55.5870265654949));
#12673=CARTESIAN_POINT('Origin',(17.2467149722608,71.9651726585344,-56.552952391784));
#12674=CARTESIAN_POINT('',(19.3467149722608,74.5533631095596,-46.8936941288933));
#12675=CARTESIAN_POINT('Origin',(17.2467149722608,74.5533631095596,-46.8936941288933));
#12676=CARTESIAN_POINT('',(19.3467149722608,71.9651726585344,-56.552952391784));
#12677=CARTESIAN_POINT('Origin',(54.2467149722608,70.2551436699804,-55.5771134150621));
#12678=CARTESIAN_POINT('',(52.1467149722608,70.3845531925317,-55.0941505019176));
#12679=CARTESIAN_POINT('',(51.6467149722608,70.2551436699804,-55.5771134150621));
#12680=CARTESIAN_POINT('',(56.3467149722608,70.3845531925317,-55.0941505019176));
#12681=CARTESIAN_POINT('Origin',(54.2467149722608,70.3845531925317,-55.0941505019176));
#12682=CARTESIAN_POINT('Origin',(54.2467149722608,70.3845531925317,-55.0941505019176));
#12683=CARTESIAN_POINT('Origin',(54.2467149722608,70.1257341474292,-56.0600763282067));
#12684=CARTESIAN_POINT('',(56.3467149722608,72.7139245984544,-46.400818065316));
#12685=CARTESIAN_POINT('Origin',(54.2467149722608,72.7139245984544,-46.400818065316));
#12686=CARTESIAN_POINT('',(56.3467149722608,70.1257341474292,-56.0600763282067));
#12687=CARTESIAN_POINT('Origin',(17.2467149722608,71.9651726585344,-56.552952391784));
#12688=CARTESIAN_POINT('',(21.2467149722608,77.4822807695729,-47.5539345260064));
#12689=CARTESIAN_POINT('',(14.9999999999999,78.1963979507582,-50.5560797806851));
#12690=CARTESIAN_POINT('Ctrl Pts',(21.2467149722608,77.4822807695729,-47.5539345260064));
#12691=CARTESIAN_POINT('Ctrl Pts',(21.1560633945445,77.577053739972,-47.6672380525464));
#12692=CARTESIAN_POINT('Ctrl Pts',(21.0621409789462,77.6650369327561,-47.7781958110742));
#12693=CARTESIAN_POINT('Ctrl Pts',(20.5363511680286,78.1137427521439,-48.3671565157053));
#12694=CARTESIAN_POINT('Ctrl Pts',(19.9760768733185,78.4233652600148,-48.866798296492));
#12695=CARTESIAN_POINT('Ctrl Pts',(18.6884231916958,78.8129103889878,-49.6962511470892));
#12696=CARTESIAN_POINT('Ctrl Pts',(17.9599524050528,78.8906023216147,-50.025413550705));
#12697=CARTESIAN_POINT('Ctrl Pts',(16.6364376178179,78.7868306155551,-50.4126948301077));
#12698=CARTESIAN_POINT('Ctrl Pts',(15.970928046,78.6340837023992,-50.5210545833047));
#12699=CARTESIAN_POINT('Ctrl Pts',(15.2329658168779,78.3125721462662,-50.5535781169811));
#12700=CARTESIAN_POINT('Ctrl Pts',(15.1153390536893,78.2564578236467,-50.5560797806851));
#12701=CARTESIAN_POINT('Ctrl Pts',(14.9999999999999,78.1963979507582,-50.5560797806851));
#12702=CARTESIAN_POINT('',(21.2467149722608,74.8629501374016,-57.3294095270916));
#12703=CARTESIAN_POINT('',(13.2467149722607,76.6778583730209,-50.5560797806851));
#12704=CARTESIAN_POINT('',(13.2467149722607,74.8629501374015,-57.3294095270916));
#12705=CARTESIAN_POINT('Origin',(17.2467149722608,73.5720298317907,-50.5560797806851));
#12706=CARTESIAN_POINT('Origin',(-15.0000000000002,84.1804357610923,-50.5560797806851));
#12707=CARTESIAN_POINT('',(-13.2467149227437,76.6778583730208,-50.5560797806851));
#12708=CARTESIAN_POINT('',(-32.3250000000002,76.6778583730208,-50.5560797806851));
#12709=CARTESIAN_POINT('',(-15.0000000000001,78.1963980191102,-50.5560797806851));
#12710=CARTESIAN_POINT('Origin',(-17.246714972261,73.5720299001427,-50.5560797806851));
#12711=CARTESIAN_POINT('',(-15.0000000000002,82.1804357610923,-50.5560797806851));
#12712=CARTESIAN_POINT('',(-15.0000000000002,84.1804357610923,-50.5560797806851));
#12713=CARTESIAN_POINT('',(14.9999999999998,82.1804357610923,-50.5560797806851));
#12714=CARTESIAN_POINT('',(-7.50000000000015,82.1804357610923,-50.5560797806851));
#12715=CARTESIAN_POINT('',(14.9999999999998,84.1804357610923,-50.5560797806851));
#12716=CARTESIAN_POINT('Origin',(-49.6500000000001,84.1804357610922,-22.5560797806851));
#12717=CARTESIAN_POINT('',(-13.2467149227437,74.8629501374015,-57.3294095270916));
#12718=CARTESIAN_POINT('Origin',(-49.6500000000001,84.1804357610922,-22.5560797806851));
#12719=CARTESIAN_POINT('',(22.9999999999999,78.8214519124698,-42.5560797806851));
#12720=CARTESIAN_POINT('Origin',(14.9999999999999,78.8214519124698,-42.5560797806851));
#12721=CARTESIAN_POINT('',(22.9999999999999,82.1804357610923,-30.0201813958228));
#12722=CARTESIAN_POINT('',(22.9999999999999,81.6804357610923,-31.8862067996073));
#12723=CARTESIAN_POINT('',(20.9999999999999,84.1804357610923,-22.5560797806851));
#12724=CARTESIAN_POINT('',(20.8366062952588,84.3438294658334,-21.9462861729543));
#12725=CARTESIAN_POINT('',(-49.6500000000001,84.1804357610922,-22.5560797806851));
#12726=CARTESIAN_POINT('Origin',(-17.246714972261,71.9651727223077,-56.552952408872));
#12727=CARTESIAN_POINT('',(-21.2467150217783,77.4822807861564,-47.5539344641158));
#12728=CARTESIAN_POINT('',(-21.2467150217783,74.8629501374015,-57.3294095270916));
#12729=CARTESIAN_POINT('Ctrl Pts',(-15.0000000000001,78.1963980191102,-50.5560797806851));
#12730=CARTESIAN_POINT('Ctrl Pts',(-15.1153390536896,78.2564578919987,-50.5560797806851));
#12731=CARTESIAN_POINT('Ctrl Pts',(-15.2329658168782,78.3125722146183,-50.5535781169811));
#12732=CARTESIAN_POINT('Ctrl Pts',(-15.9709280460002,78.6340837707512,-50.5210545833047));
#12733=CARTESIAN_POINT('Ctrl Pts',(-16.6364376178182,78.7868306839071,-50.4126948301077));
#12734=CARTESIAN_POINT('Ctrl Pts',(-17.959952405053,78.8906023899667,-50.025413550705));
#12735=CARTESIAN_POINT('Ctrl Pts',(-18.6884231916961,78.8129104573399,-49.6962511470892));
#12736=CARTESIAN_POINT('Ctrl Pts',(-19.9760768733188,78.4233653283668,-48.866798296492));
#12737=CARTESIAN_POINT('Ctrl Pts',(-20.5363511680288,78.113742820496,-48.3671565157053));
#12738=CARTESIAN_POINT('Ctrl Pts',(-21.0621409961155,77.6650369864562,-47.7781957918425));
#12739=CARTESIAN_POINT('Ctrl Pts',(-21.1560634287246,77.5770537762766,-47.667238012127));
#12740=CARTESIAN_POINT('Ctrl Pts',(-21.2467150217783,77.4822807861564,-47.5539344641158));
#12741=CARTESIAN_POINT('Origin',(-15.0000000000002,84.1804357610923,-42.5560797806851));
#12742=CARTESIAN_POINT('',(-23.0000000000001,78.8214519124698,-42.5560797806851));
#12743=CARTESIAN_POINT('Origin',(-15.0000000000001,78.8214519124698,-42.5560797806851));
#12744=CARTESIAN_POINT('',(-23.0000000000001,82.1804357610922,-42.5560797806851));
#12745=CARTESIAN_POINT('',(-23.0000000000001,84.1804357610922,-42.5560797806851));
#12746=CARTESIAN_POINT('Origin',(-15.0000000000002,82.1804357610923,-42.5560797806851));
#12747=CARTESIAN_POINT('Origin',(-49.6500000000001,84.1804357610922,-22.5560797806851));
#12748=CARTESIAN_POINT('',(-49.6500000000001,84.1804357610922,-22.5560797806851));
#12749=CARTESIAN_POINT('',(-49.6500000000001,84.1804357610922,-22.5560797806851));
#12750=CARTESIAN_POINT('',(-21.0000000000001,84.1804357610922,-22.5560797806851));
#12751=CARTESIAN_POINT('',(-49.6500000000001,84.1804357610922,-22.5560797806851));
#12752=CARTESIAN_POINT('',(-23.0000000000001,82.1804357610922,-30.0201813958228));
#12753=CARTESIAN_POINT('',(-22.7821958582583,82.3982399028341,-29.2073252727433));
#12754=CARTESIAN_POINT('',(-23.0000000000001,84.1804357610922,-22.5560797806851));
#12755=CARTESIAN_POINT('Origin',(-17.246714972261,74.5533631733329,-46.8936941459814));
#12756=CARTESIAN_POINT('',(-15.746714972261,80.7650202557934,-23.7114743150437));
#12757=CARTESIAN_POINT('Origin',(-17.246714972261,80.7650202557934,-23.7114743150437));
#12758=CARTESIAN_POINT('',(-15.746714972261,74.5533631733329,-46.8936941459814));
#12759=CARTESIAN_POINT('',(-15.746714972261,74.5533631733329,-46.8936941459814));
#12760=CARTESIAN_POINT('Origin',(-17.246714972261,74.5533631733329,-46.8936941459814));
#12761=CARTESIAN_POINT('Origin',(-17.246714972261,74.5533631733329,-46.8936941459814));
#12762=CARTESIAN_POINT('Origin',(-56.1499998330347,-20.2264922736272,-21.4975084202298));
#12763=CARTESIAN_POINT('',(-54.6499998330347,-14.0148351911667,1.68471141070782));
#12764=CARTESIAN_POINT('Origin',(-56.1499998330347,-14.0148351911667,1.68471141070782));
#12765=CARTESIAN_POINT('',(-54.6499998330347,-20.2264922736272,-21.4975084202298));
#12766=CARTESIAN_POINT('',(-54.6499998330347,-20.2264922736272,-21.4975084202298));
#12767=CARTESIAN_POINT('Origin',(-56.1499998330347,-20.2264922736272,-21.4975084202298));
#12768=CARTESIAN_POINT('Origin',(-56.1499998330347,-20.2264922736272,-21.4975084202298));
#12769=CARTESIAN_POINT('Origin',(22.1726730903144,-88.0119534548908,-3.33444883813906));
#12770=CARTESIAN_POINT('',(23.6726730903144,-81.8002963724303,19.8477709927986));
#12771=CARTESIAN_POINT('Origin',(22.1726730903144,-81.8002963724303,19.8477709927986));
#12772=CARTESIAN_POINT('',(23.6726730903144,-88.0119534548908,-3.33444883813906));
#12773=CARTESIAN_POINT('',(23.6726730903144,-88.0119534548908,-3.33444883813906));
#12774=CARTESIAN_POINT('Origin',(22.1726730903144,-88.0119534548908,-3.33444883813906));
#12775=CARTESIAN_POINT('Origin',(22.1726730903144,-88.0119534548908,-3.33444883813906));
#12776=CARTESIAN_POINT('Origin',(56.1499998330348,10.7536465453158,-29.7986115981697));
#12777=CARTESIAN_POINT('',(57.6499998330348,16.9653036277763,-6.61639176723202));
#12778=CARTESIAN_POINT('Origin',(56.1499998330348,16.9653036277763,-6.61639176723202));
#12779=CARTESIAN_POINT('',(57.6499998330348,10.7536465453158,-29.7986115981697));
#12780=CARTESIAN_POINT('',(57.6499998330348,10.7536465453158,-29.7986115981697));
#12781=CARTESIAN_POINT('Origin',(56.1499998330348,10.7536465453158,-29.7986115981697));
#12782=CARTESIAN_POINT('Origin',(56.1499998330348,10.7536465453158,-29.7986115981697));
#12783=CARTESIAN_POINT('Origin',(17.2467149722608,74.5533631095596,-46.8936941288933));
#12784=CARTESIAN_POINT('',(18.7467149722608,80.7650201920201,-23.7114742979557));
#12785=CARTESIAN_POINT('Origin',(17.2467149722608,80.7650201920201,-23.7114742979557));
#12786=CARTESIAN_POINT('',(18.7467149722608,74.5533631095596,-46.8936941288933));
#12787=CARTESIAN_POINT('',(18.7467149722608,74.5533631095596,-46.8936941288933));
#12788=CARTESIAN_POINT('Origin',(17.2467149722608,74.5533631095596,-46.8936941288933));
#12789=CARTESIAN_POINT('Origin',(17.2467149722608,74.5533631095596,-46.8936941288933));
#12790=CARTESIAN_POINT('Origin',(56.1499998330348,-20.2264924812535,-21.4975083645965));
#12791=CARTESIAN_POINT('',(57.6499998330348,-14.014835398793,1.68471146634113));
#12792=CARTESIAN_POINT('Origin',(56.1499998330348,-14.014835398793,1.68471146634113));
#12793=CARTESIAN_POINT('',(57.6499998330348,-20.2264924812535,-21.4975083645965));
#12794=CARTESIAN_POINT('',(57.6499998330348,-20.2264924812535,-21.4975083645965));
#12795=CARTESIAN_POINT('Origin',(56.1499998330348,-20.2264924812535,-21.4975083645965));
#12796=CARTESIAN_POINT('Origin',(56.1499998330348,-20.2264924812535,-21.4975083645965));
#12797=CARTESIAN_POINT('Origin',(-22.1726730903141,-88.0119533729027,-3.33444886010769));
#12798=CARTESIAN_POINT('',(-20.6726730903141,-81.8002962904422,19.84777097083));
#12799=CARTESIAN_POINT('Origin',(-22.1726730903141,-81.8002962904422,19.84777097083));
#12800=CARTESIAN_POINT('',(-20.6726730903141,-88.0119533729027,-3.33444886010769));
#12801=CARTESIAN_POINT('',(-20.6726730903141,-88.0119533729027,-3.33444886010769));
#12802=CARTESIAN_POINT('Origin',(-22.1726730903141,-88.0119533729027,-3.33444886010769));
#12803=CARTESIAN_POINT('Origin',(-22.1726730903141,-88.0119533729027,-3.33444886010769));
#12804=CARTESIAN_POINT('Origin',(-56.1499998330348,10.7536467529421,-29.798611653803));
#12805=CARTESIAN_POINT('',(-54.6499998330348,16.9653038354026,-6.61639182286532));
#12806=CARTESIAN_POINT('Origin',(-56.1499998330348,16.9653038354026,-6.61639182286533));
#12807=CARTESIAN_POINT('',(-54.6499998330348,10.7536467529421,-29.798611653803));
#12808=CARTESIAN_POINT('',(-54.6499998330348,10.7536467529421,-29.798611653803));
#12809=CARTESIAN_POINT('Origin',(-56.1499998330348,10.7536467529421,-29.798611653803));
#12810=CARTESIAN_POINT('Origin',(-56.1499998330348,10.7536467529421,-29.798611653803));
#12811=CARTESIAN_POINT('Origin',(-54.246714972261,72.7139247990429,-46.4008181190635));
#12812=CARTESIAN_POINT('',(-52.746714972261,78.9255818815034,-23.2185982881258));
#12813=CARTESIAN_POINT('Origin',(-54.246714972261,78.9255818815034,-23.2185982881258));
#12814=CARTESIAN_POINT('',(-52.746714972261,72.7139247990429,-46.4008181190635));
#12815=CARTESIAN_POINT('',(-52.746714972261,72.7139247990429,-46.4008181190635));
#12816=CARTESIAN_POINT('Origin',(-54.246714972261,72.7139247990429,-46.4008181190635));
#12817=CARTESIAN_POINT('Origin',(-54.246714972261,72.7139247990429,-46.4008181190635));
#12818=CARTESIAN_POINT('Origin',(-56.1499998330346,-51.2066313001965,-13.1964051866567));
#12819=CARTESIAN_POINT('',(-54.6499998330346,-44.994974217736,9.98581464428097));
#12820=CARTESIAN_POINT('Origin',(-56.1499998330346,-44.994974217736,9.98581464428097));
#12821=CARTESIAN_POINT('',(-54.6499998330346,-51.2066313001965,-13.1964051866567));
#12822=CARTESIAN_POINT('',(-54.6499998330346,-51.2066313001965,-13.1964051866567));
#12823=CARTESIAN_POINT('Origin',(-56.1499998330346,-51.2066313001965,-13.1964051866567));
#12824=CARTESIAN_POINT('Origin',(-56.1499998330346,-51.2066313001965,-13.1964051866567));
#12825=CARTESIAN_POINT('Origin',(54.2456730903144,-86.1735213244582,-3.82705524282791));
#12826=CARTESIAN_POINT('',(55.7456730903144,-79.9618642419976,19.3551645881098));
#12827=CARTESIAN_POINT('Origin',(54.2456730903144,-79.9618642419976,19.3551645881098));
#12828=CARTESIAN_POINT('',(55.7456730903144,-86.1735213244582,-3.82705524282791));
#12829=CARTESIAN_POINT('',(55.7456730903144,-86.1735213244582,-3.82705524282791));
#12830=CARTESIAN_POINT('Origin',(54.2456730903144,-86.1735213244582,-3.82705524282791));
#12831=CARTESIAN_POINT('Origin',(54.2456730903144,-86.1735213244582,-3.82705524282791));
#12832=CARTESIAN_POINT('Origin',(56.1499998330348,41.7337855718851,-38.0997148317428));
#12833=CARTESIAN_POINT('',(57.6499998330348,47.9454426543456,-14.9174950008052));
#12834=CARTESIAN_POINT('Origin',(56.1499998330348,47.9454426543456,-14.9174950008052));
#12835=CARTESIAN_POINT('',(57.6499998330348,41.7337855718851,-38.0997148317428));
#12836=CARTESIAN_POINT('',(57.6499998330348,41.7337855718851,-38.0997148317428));
#12837=CARTESIAN_POINT('Origin',(56.1499998330348,41.7337855718851,-38.0997148317428));
#12838=CARTESIAN_POINT('Origin',(56.1499998330348,41.7337855718851,-38.0997148317428));
#12839=CARTESIAN_POINT('Origin',(54.2467149722608,72.7139245984544,-46.400818065316));
#12840=CARTESIAN_POINT('',(55.7467149722608,78.9255816809149,-23.2185982343783));
#12841=CARTESIAN_POINT('Origin',(54.2467149722608,78.9255816809149,-23.2185982343783));
#12842=CARTESIAN_POINT('',(55.7467149722608,72.7139245984544,-46.400818065316));
#12843=CARTESIAN_POINT('',(55.7467149722608,72.7139245984544,-46.400818065316));
#12844=CARTESIAN_POINT('Origin',(54.2467149722608,72.7139245984544,-46.400818065316));
#12845=CARTESIAN_POINT('Origin',(54.2467149722608,72.7139245984544,-46.400818065316));
#12846=CARTESIAN_POINT('Origin',(56.1499998330348,-51.2066315078228,-13.1964051310234));
#12847=CARTESIAN_POINT('',(57.6499998330348,-44.9949744253623,9.98581469991428));
#12848=CARTESIAN_POINT('Origin',(56.1499998330348,-44.9949744253623,9.98581469991428));
#12849=CARTESIAN_POINT('',(57.6499998330348,-51.2066315078228,-13.1964051310234));
#12850=CARTESIAN_POINT('',(57.6499998330348,-51.2066315078228,-13.1964051310234));
#12851=CARTESIAN_POINT('Origin',(56.1499998330348,-51.2066315078228,-13.1964051310234));
#12852=CARTESIAN_POINT('Origin',(56.1499998330348,-51.2066315078228,-13.1964051310234));
#12853=CARTESIAN_POINT('Origin',(-54.2456730903141,-86.1735211238735,-3.82705529657441));
#12854=CARTESIAN_POINT('',(-52.7456730903141,-79.961864041413,19.3551645343633));
#12855=CARTESIAN_POINT('Origin',(-54.2456730903141,-79.961864041413,19.3551645343633));
#12856=CARTESIAN_POINT('',(-52.7456730903141,-86.1735211238735,-3.82705529657441));
#12857=CARTESIAN_POINT('',(-52.7456730903141,-86.1735211238735,-3.82705529657441));
#12858=CARTESIAN_POINT('Origin',(-54.2456730903141,-86.1735211238735,-3.82705529657441));
#12859=CARTESIAN_POINT('Origin',(-54.2456730903141,-86.1735211238735,-3.82705529657441));
#12860=CARTESIAN_POINT('Origin',(-56.149999833035,41.7337857795114,-38.0997148873762));
#12861=CARTESIAN_POINT('',(-54.649999833035,47.9454428619719,-14.9174950564385));
#12862=CARTESIAN_POINT('Origin',(-56.149999833035,47.9454428619719,-14.9174950564385));
#12863=CARTESIAN_POINT('',(-54.649999833035,41.7337857795114,-38.0997148873762));
#12864=CARTESIAN_POINT('',(-54.649999833035,41.7337857795114,-38.0997148873762));
#12865=CARTESIAN_POINT('Origin',(-56.149999833035,41.7337857795114,-38.0997148873762));
#12866=CARTESIAN_POINT('Origin',(-56.149999833035,41.7337857795114,-38.0997148873762));
#12867=CARTESIAN_POINT('Origin',(-6.66133814810249E-14,-0.517638058318426,
-1.93185166112253));
#12868=CARTESIAN_POINT('Origin',(-6.66133814810249E-14,-0.517638058318426,
-1.93185166112253));
#12869=CARTESIAN_POINT('Origin',(-56.1499998330347,-22.8146827246524,-31.1567666831205));
#12870=CARTESIAN_POINT('Origin',(3.5527136788005E-14,-0.517638090205121,
-1.93185165257852));
#12871=CARTESIAN_POINT('Origin',(22.1726730903144,-90.600143905916,-12.9937071010297));
#12872=CARTESIAN_POINT('Origin',(3.5527136788005E-14,-0.517638090205121,
-1.93185165257852));
#12873=CARTESIAN_POINT('Origin',(3.5527136788005E-14,-0.517638090205121,
-1.93185165257852));
#12874=CARTESIAN_POINT('Origin',(3.5527136788005E-14,-0.517638090205121,
-1.93185165257852));
#12875=CARTESIAN_POINT('Origin',(-22.1726730903141,-90.6001438239279,-12.9937071229984));
#12876=CARTESIAN_POINT('Origin',(3.5527136788005E-14,-0.517638090205121,
-1.93185165257852));
#12877=CARTESIAN_POINT('Origin',(-56.1499998330348,8.16545630191688,-39.4578699166937));
#12878=CARTESIAN_POINT('Origin',(3.5527136788005E-14,-0.517638090205121,
-1.93185165257852));
#12879=CARTESIAN_POINT('Origin',(-54.246714972261,70.1257343480177,-56.0600763819542));
#12880=CARTESIAN_POINT('',(-58.804314717753,68.1395210660176,-55.5278721370463));
#12881=CARTESIAN_POINT('Origin',(-49.6500000000001,75.004140411346,-20.0972988522111));
#12882=CARTESIAN_POINT('Origin',(-49.6500000000001,75.004140411346,-20.0972988522111));
#12883=CARTESIAN_POINT('Origin',(3.5527136788005E-14,-0.517638090205121,
-1.93185165257852));
#12884=CARTESIAN_POINT('Origin',(3.5527136788005E-14,-0.517638090205121,
-1.93185165257852));
#12885=CARTESIAN_POINT('Origin',(-56.1499998330346,-53.7948217512217,-22.8556634495474));
#12886=CARTESIAN_POINT('Origin',(3.5527136788005E-14,-0.517638090205121,
-1.93185165257852));
#12887=CARTESIAN_POINT('Origin',(54.2456730903144,-88.7617117754834,-13.4863135057186));
#12888=CARTESIAN_POINT('',(58.8037388792106,-86.7764965509665,-14.0182503219299));
#12889=CARTESIAN_POINT('Origin',(49.6500000000001,-75.0041404113462,20.0972988522103));
#12890=CARTESIAN_POINT('Origin',(49.6500000000001,-75.0041404113462,20.0972988522103));
#12891=CARTESIAN_POINT('Origin',(3.5527136788005E-14,-0.517638090205121,
-1.93185165257852));
#12892=CARTESIAN_POINT('Origin',(56.1499998330348,-53.794821958848,-22.8556633939141));
#12893=CARTESIAN_POINT('Origin',(3.5527136788005E-14,-0.517638090205121,
-1.93185165257852));
#12894=CARTESIAN_POINT('Origin',(-54.2456730903141,-88.7617115748987,-13.4863135594651));
#12895=CARTESIAN_POINT('',(-58.8037389148938,-86.7764964268231,-14.018250355194));
#12896=CARTESIAN_POINT('Origin',(3.5527136788005E-14,-0.517638090205121,
-1.93185165257852));
#12897=CARTESIAN_POINT('Origin',(3.5527136788005E-14,-0.517638090205121,
-1.93185165257852));
#12898=CARTESIAN_POINT('Origin',(-49.6499999999998,-75.0041404113464,20.0972988522104));
#12899=CARTESIAN_POINT('Origin',(-49.6499999999998,-75.0041404113464,20.0972988522104));
#12900=CARTESIAN_POINT('Origin',(-56.149999833035,39.1455953284862,-47.7589731502668));
#12901=CARTESIAN_POINT('Origin',(3.5527136788005E-14,-0.517638090205121,
-1.93185165257852));
#12902=CARTESIAN_POINT('Origin',(21.9999999999999,83.1804357610923,-39.5560797806851));
#12903=CARTESIAN_POINT('',(22.9999999999999,82.1804357610923,-42.5560797806851));
#12904=CARTESIAN_POINT('',(22.9999999999999,82.1804357610923,-39.5560797806851));
#12905=CARTESIAN_POINT('',(20.9999999999999,84.1804357610923,-42.5560797806851));
#12906=CARTESIAN_POINT('',(22.9999999999999,82.1804357610923,-42.5560797806851));
#12907=CARTESIAN_POINT('',(20.9999999999999,84.1804357610923,-39.5560797806851));
#12908=CARTESIAN_POINT('Origin',(14.9999999999999,83.1804357610923,-42.5560797806851));
#12909=CARTESIAN_POINT('',(14.9999999999998,84.1804357610923,-48.5560797806851));
#12910=CARTESIAN_POINT('',(14.9999999999998,82.1804357610923,-50.5560797806851));
#12911=CARTESIAN_POINT('Origin',(14.9999999999999,84.1804357610923,-42.5560797806851));
#12912=CARTESIAN_POINT('Origin',(14.9999999999999,82.1804357610923,-42.5560797806851));
#12913=CARTESIAN_POINT('Origin',(-7.50000000000015,83.1804357610923,-49.5560797806851));
#12914=CARTESIAN_POINT('',(-15.0000000000002,84.1804357610923,-48.5560797806851));
#12915=CARTESIAN_POINT('',(-15.0000000000002,82.1804357610923,-50.5560797806851));
#12916=CARTESIAN_POINT('',(-7.50000000000015,84.1804357610923,-48.5560797806851));
#12917=CARTESIAN_POINT('Origin',(-15.0000000000002,83.1804357610923,-42.5560797806851));
#12918=CARTESIAN_POINT('',(-21.0000000000001,84.1804357610923,-42.5560797806851));
#12919=CARTESIAN_POINT('',(-23.0000000000001,82.1804357610922,-42.5560797806851));
#12920=CARTESIAN_POINT('Origin',(-15.0000000000002,84.1804357610923,-42.5560797806851));
#12921=CARTESIAN_POINT('Origin',(-22.0000000000001,83.1804357610923,-29.5560797806851));
#12922=CARTESIAN_POINT('',(-21.0000000000001,84.1804357610923,-29.5560797806851));
#12923=CARTESIAN_POINT('',(-23.0000000000001,82.1804357610922,-29.5560797806851));
#12924=CARTESIAN_POINT('Origin',(-23.0000000000001,84.1804357610922,-22.5560797806851));
#12925=CARTESIAN_POINT('Origin',(14.9999999999999,84.1804357610923,-42.5560797806851));
#12926=CARTESIAN_POINT('',(22.9999999999999,84.1804357610923,-42.5560797806851));
#12927=CARTESIAN_POINT('Origin',(22.9999999999999,84.1804357610923,-42.5560797806851));
#12928=CARTESIAN_POINT('Origin',(-1.35529751789646E-13,84.1804357610923,
-36.5560797806851));
#12929=CARTESIAN_POINT('',(-49.6500000000001,84.1804357610922,-22.5560797806851));
#12930=CARTESIAN_POINT('Origin',(-9.05955043960647E-9,-33.1696471791213,
3.71139927281997));
#12931=CARTESIAN_POINT('',(2.23606796844024,-33.6872852693263,1.77954762024183));
#12932=CARTESIAN_POINT('',(2.23606796844024,-34.0943400464365,1.88861761904373));
#12933=CARTESIAN_POINT('',(2.23606796844024,-33.6872852693263,1.77954762024183));
#12934=CARTESIAN_POINT('',(-2.23606798655934,-33.6872852693263,1.77954762024183));
#12935=CARTESIAN_POINT('Origin',(-9.05955043960647E-9,-33.1696471791213,
3.71139927281997));
#12936=CARTESIAN_POINT('',(-2.23606798655933,-34.0943400529629,1.88861762079248));
#12937=CARTESIAN_POINT('',(-2.23606798655934,-33.6872852693263,1.77954762024183));
#12938=CARTESIAN_POINT('',(-3.00000000905955,-33.2223796471007,3.72552889502997));
#12939=CARTESIAN_POINT('Ctrl Pts',(-3.00000000905955,-33.2223796471007,
3.72552889502997));
#12940=CARTESIAN_POINT('Ctrl Pts',(-3.00000000905955,-33.2926425103772,
3.46330431939697));
#12941=CARTESIAN_POINT('Ctrl Pts',(-2.96058893535633,-33.3763196030222,
3.18168561418574));
#12942=CARTESIAN_POINT('Ctrl Pts',(-2.79702610805452,-33.5690524495817,
2.65580371220905));
#12943=CARTESIAN_POINT('Ctrl Pts',(-2.67290620305022,-33.6796596656483,
2.41210050596488));
#12944=CARTESIAN_POINT('Ctrl Pts',(-2.44749589135253,-33.8861281537228,
2.09975277166206));
#12945=CARTESIAN_POINT('Ctrl Pts',(-2.34211208337702,-33.9839700127342,
1.98178733805151));
#12946=CARTESIAN_POINT('Ctrl Pts',(-2.23606798655933,-34.0943400529629,
1.88861762079248));
#12947=CARTESIAN_POINT('',(-3.00000000905953,-36.8420308065883,4.69541150009703));
#12948=CARTESIAN_POINT('',(-3.00000000905955,-33.1696471791213,3.71139927281997));
#12949=CARTESIAN_POINT('',(-2.23606798655932,-37.3596688964042,2.76355984741464));
#12950=CARTESIAN_POINT('Origin',(-9.05953250039191E-9,-36.842030806693,
4.69541150012511));
#12951=CARTESIAN_POINT('',(2.23606796844025,-37.3596688965605,2.7635598474565));
#12952=CARTESIAN_POINT('Origin',(-9.0595230634962E-9,-38.7738824588555,
5.21304959021876));
#12953=CARTESIAN_POINT('',(2.82842711568665,-36.5832117612736,5.66133732632927));
#12954=CARTESIAN_POINT('Origin',(-9.05953250039191E-9,-36.842030806693,
4.69541150012511));
#12955=CARTESIAN_POINT('Origin',(-9.05953721883977E-9,-35.8761049799882,
4.43659245491119));
#12956=CARTESIAN_POINT('',(-2.82842713380572,-36.583211761076,5.66133732627632));
#12957=CARTESIAN_POINT('Origin',(-9.05953721883977E-9,-35.8761049799882,
4.43659245491119));
#12958=CARTESIAN_POINT('Origin',(-9.05953250039191E-9,-36.842030806693,
4.69541150012511));
#12959=CARTESIAN_POINT('',(-1.73205082046049,-33.5015984098961,6.33624371908959));
#12960=CARTESIAN_POINT('Ctrl Pts',(-1.73205082046049,-33.5015984098961,
6.33624371908959));
#12961=CARTESIAN_POINT('Ctrl Pts',(-1.82567170460175,-33.3621014290042,
6.23033037164465));
#12962=CARTESIAN_POINT('Ctrl Pts',(-1.93828056095606,-33.2491645320882,
6.10861922117514));
#12963=CARTESIAN_POINT('Ctrl Pts',(-2.20684713858372,-33.0551760807632,
5.79622798078707));
#12964=CARTESIAN_POINT('Ctrl Pts',(-2.39640103094997,-32.9894450070252,
5.5500829884909));
#12965=CARTESIAN_POINT('Ctrl Pts',(-2.67290620305022,-32.9616815652734,
5.0916312552858));
#12966=CARTESIAN_POINT('Ctrl Pts',(-2.79702610805452,-32.98774450944,4.82527447966134));
#12967=CARTESIAN_POINT('Ctrl Pts',(-2.96058893535632,-33.0837739191641,
4.27348096987931));
#12968=CARTESIAN_POINT('Ctrl Pts',(-3.00000000905955,-33.1521167838243,
3.98775347066296));
#12969=CARTESIAN_POINT('Ctrl Pts',(-3.00000000905955,-33.2223796471007,
3.72552889502997));
#12970=CARTESIAN_POINT('',(1.73205079509363,-33.5015984078731,6.33624372385326));
#12971=CARTESIAN_POINT('Ctrl Pts',(1.73205079509363,-33.5015984078731,6.33624372385326));
#12972=CARTESIAN_POINT('Ctrl Pts',(1.64254312014942,-33.6349666254349,6.43750379557762));
#12973=CARTESIAN_POINT('Ctrl Pts',(1.53336751953208,-33.7522921656402,6.54066460767198));
#12974=CARTESIAN_POINT('Ctrl Pts',(1.2421572526757,-33.9932923158214,6.7663898729045));
#12975=CARTESIAN_POINT('Ctrl Pts',(1.02283013129863,-34.1166774165203,6.89671882289582));
#12976=CARTESIAN_POINT('Ctrl Pts',(0.532042460608489,-34.2826018303258,
7.07750739677618));
#12977=CARTESIAN_POINT('Ctrl Pts',(0.260124656973082,-34.3250416963059,
7.12681484221318));
#12978=CARTESIAN_POINT('Ctrl Pts',(-0.260124682960303,-34.3250416964779,
7.12681484157128));
#12979=CARTESIAN_POINT('Ctrl Pts',(-0.532042486694185,-34.2826018306177,
7.07750739539263));
#12980=CARTESIAN_POINT('Ctrl Pts',(-1.02283015743531,-34.1166774170711,
6.89671882006514));
#12981=CARTESIAN_POINT('Ctrl Pts',(-1.24215727876817,-33.9932923165157,
6.76638986936427));
#12982=CARTESIAN_POINT('Ctrl Pts',(-1.53336754527983,-33.7522921668061,
6.54066460328773));
#12983=CARTESIAN_POINT('Ctrl Pts',(-1.64254314565319,-33.6349666270071,
6.43750379100421));
#12984=CARTESIAN_POINT('Ctrl Pts',(-1.73205082046049,-33.5015984098961,
6.33624371908959));
#12985=CARTESIAN_POINT('Ctrl Pts',(2.23606796844024,-34.0943400464365,1.88861761904373));
#12986=CARTESIAN_POINT('Ctrl Pts',(2.34211206451811,-33.9839700076893,1.98178733584342));
#12987=CARTESIAN_POINT('Ctrl Pts',(2.44749587150992,-33.8861281500571,2.0997527683116));
#12988=CARTESIAN_POINT('Ctrl Pts',(2.67290618332574,-33.6796596628764,2.41210050187715));
#12989=CARTESIAN_POINT('Ctrl Pts',(2.79702608893836,-33.5690524468735,2.65580370871812));
#12990=CARTESIAN_POINT('Ctrl Pts',(2.96058891704215,-33.37631960031,3.18168561201492));
#12991=CARTESIAN_POINT('Ctrl Pts',(2.99999999094045,-33.2926425075855,3.46330431794618));
#12992=CARTESIAN_POINT('Ctrl Pts',(2.99999999094045,-33.1521167806812,3.98775347052357));
#12993=CARTESIAN_POINT('Ctrl Pts',(2.96058891704215,-33.0837739157298,4.27348097040317));
#12994=CARTESIAN_POINT('Ctrl Pts',(2.79702608893836,-32.9877445053491,4.82527448133046));
#12995=CARTESIAN_POINT('Ctrl Pts',(2.67290618332574,-32.961681560829,5.09163125743991));
#12996=CARTESIAN_POINT('Ctrl Pts',(2.39640100991403,-32.9894450022006,5.55008299124779));
#12997=CARTESIAN_POINT('Ctrl Pts',(2.20684711672792,-33.0551760758424,5.79622798370208));
#12998=CARTESIAN_POINT('Ctrl Pts',(1.93828053733945,-33.2491645278134,6.10861922492047));
#12999=CARTESIAN_POINT('Ctrl Pts',(1.82567167991894,-33.3621014257038,6.23033037599546));
#13000=CARTESIAN_POINT('Ctrl Pts',(1.73205079509363,-33.5015984078731,6.33624372385326));
#13001=CARTESIAN_POINT('Origin',(-9.05955051890791E-9,-33.1696471791213,
3.71139927281997));
#13002=CARTESIAN_POINT('',(2.5343744413381E-8,-33.6872852693263,1.77954762024183));
#13003=CARTESIAN_POINT('Origin',(5.94998486741303,-37.2903185425692,6.88608219775007));
#13004=CARTESIAN_POINT('',(11.8999697362292,-36.5832117615905,5.66133732641417));
#13005=CARTESIAN_POINT('',(5.94998486744919,-36.5832117613826,5.66133732635848));
#13006=CARTESIAN_POINT('',(11.8999697362292,-36.5832117615905,5.66133732641417));
#13007=CARTESIAN_POINT('Origin',(11.8999697362292,-35.5479355811804,9.52504063157043));
#13008=CARTESIAN_POINT('',(11.8999697362292,-37.359668896898,2.76355984754695));
#13009=CARTESIAN_POINT('',(5.94998489732261,-37.3596688966902,2.76355984749126));
#13010=CARTESIAN_POINT('',(11.8999697362292,-35.5479355811804,9.52504063157043));
#13011=CARTESIAN_POINT('Origin',(3.46410160307887,-33.8074036047937,9.05866649409707));
#13012=CARTESIAN_POINT('',(1.73205079509363,-32.8414777792012,8.79984744918119));
#13013=CARTESIAN_POINT('',(1.73205079509363,-32.8414777792012,8.79984744918119));
#13014=CARTESIAN_POINT('',(3.46410160307887,-31.8755519522155,8.54102840389202));
#13015=CARTESIAN_POINT('Origin',(3.46410160307887,-33.8074036047937,9.05866649409707));
#13016=CARTESIAN_POINT('',(3.46410160307887,-33.6872852679332,1.77954761986854));
#13017=CARTESIAN_POINT('',(3.46410160307887,-31.8755519522155,8.54102840389202));
#13018=CARTESIAN_POINT('Origin',(3.46410160307887,-35.6191369205113,2.29718571007359));
#13019=CARTESIAN_POINT('Origin',(-1.28916055608386E-8,-31.8755519536087,
8.54102840426532));
#13020=CARTESIAN_POINT('',(-1.73205082046049,-32.8414777798977,8.79984744936784));
#13021=CARTESIAN_POINT('',(-1.73205082046049,-32.8414777798977,8.79984744936784));
#13022=CARTESIAN_POINT('Origin',(-1.28916055608386E-8,-31.8755519536087,
8.54102840426532));
#13023=CARTESIAN_POINT('Origin',(-3.46410162802937,-33.8074036061868,9.05866649447035));
#13024=CARTESIAN_POINT('',(-3.46410162802937,-33.6872852693263,1.77954762024184));
#13025=CARTESIAN_POINT('Origin',(-3.46410162802937,-35.6191369219044,2.29718571044687));
#13026=CARTESIAN_POINT('',(-3.46410162802937,-31.8755519536087,8.54102840426531));
#13027=CARTESIAN_POINT('',(-3.46410162802937,-31.8755519536087,8.54102840426531));
#13028=CARTESIAN_POINT('Origin',(-3.46410162802937,-33.8074036061868,9.05866649447035));
#13029=CARTESIAN_POINT('Origin',(11.8999999527599,21.0051702475109,-8.73414694592944));
#13030=CARTESIAN_POINT('',(11.8999999527598,34.5126594003547,-13.3887439366162));
#13031=CARTESIAN_POINT('',(11.8999999527598,34.5126594003547,-13.3887439366162));
#13032=CARTESIAN_POINT('',(26.1519308023313,20.7445651695226,-9.69959420614911));
#13033=CARTESIAN_POINT('',(28.151930785499,21.2619526224084,-7.7676753955037));
#13034=CARTESIAN_POINT('Origin',(11.8999999527599,20.7463512024084,-9.70007277221851));
#13035=CARTESIAN_POINT('Origin',(-5.94999952706092,35.7374042717463,-12.6816371554296));
#13036=CARTESIAN_POINT('',(-11.8999990541218,34.5126594003547,-13.3887439366162));
#13037=CARTESIAN_POINT('',(-11.8999990541218,34.5126594003547,-13.3887439366162));
#13038=CARTESIAN_POINT('',(-5.94999952706092,34.5126594003547,-13.3887439366162));
#13039=CARTESIAN_POINT('Origin',(-11.8999998332562,21.0051702475109,-8.73414694592944));
#13040=CARTESIAN_POINT('',(-26.1519308027817,20.746343281045,-9.7000706496956));
#13041=CARTESIAN_POINT('',(-26.1519308027817,20.746343281045,-9.7000706496956));
#13042=CARTESIAN_POINT('Origin',(-11.8999998332562,20.7463512024083,-9.70007277221851));
#13043=CARTESIAN_POINT('Origin',(-27.1519308024351,-11.6672828935051,0.0204104879495049));
#13044=CARTESIAN_POINT('',(-26.1519308023196,-22.8169276965265,1.97267262840286));
#13045=CARTESIAN_POINT('',(-26.1519308023196,-22.8169276965265,1.97267262840286));
#13046=CARTESIAN_POINT('',(-26.1519308024351,-11.9261019385977,-0.945515338342217));
#13047=CARTESIAN_POINT('Origin',(-11.8999998328133,-22.5580845181262,2.93859198819428));
#13048=CARTESIAN_POINT('',(-11.9000035745088,-36.5832117611748,5.66133732630279));
#13049=CARTESIAN_POINT('',(-11.9000035745088,-36.5832117611748,5.66133732630279));
#13050=CARTESIAN_POINT('Origin',(-11.8999998328133,-22.8169035632287,1.9726661619052));
#13051=CARTESIAN_POINT('Origin',(5.94998486741303,-37.2903185425692,6.88608219775007));
#13052=CARTESIAN_POINT('',(5.94998486744919,-36.5832117613826,5.66133732635848));
#13053=CARTESIAN_POINT('Origin',(11.8999999527599,-22.5580845177108,2.93859198808297));
#13054=CARTESIAN_POINT('',(26.1519308027741,-22.8151208294727,1.97218847983497));
#13055=CARTESIAN_POINT('',(26.1519308027741,-22.8151208294727,1.97218847983497));
#13056=CARTESIAN_POINT('Origin',(11.8999999527599,-22.8169035628133,1.9726661617939));
#13057=CARTESIAN_POINT('Origin',(27.151930802442,10.1134635397922,-5.8157229293996));
#13058=CARTESIAN_POINT('',(26.151930802442,9.85464449468023,-6.78164875568612));
#13059=CARTESIAN_POINT('Origin',(-26.1519308023196,-21.7816515161164,5.8363759335591));
#13060=CARTESIAN_POINT('',(-26.1519308027817,19.9698861457374,-12.5978481285628));
#13061=CARTESIAN_POINT('',(-26.1519308027817,21.7816194614551,-5.83636734453934));
#13062=CARTESIAN_POINT('',(-26.1519308023196,-23.593384831834,-0.925104850464381));
#13063=CARTESIAN_POINT('',(-26.1519308024351,-12.7025590740068,-3.84329281718227));
#13064=CARTESIAN_POINT('',(-26.1519308023196,-21.7816515161164,5.8363759335591));
#13065=CARTESIAN_POINT('Origin',(-11.8999998332562,21.7816273828184,-5.83636946706225));
#13066=CARTESIAN_POINT('',(-11.8999990541218,33.7362022650471,-16.2865214154834));
#13067=CARTESIAN_POINT('',(-11.8999990541218,35.5479355807648,-9.52504063145992));
#13068=CARTESIAN_POINT('Origin',(-11.8999998332562,19.9698940671008,-12.5978502510857));
#13069=CARTESIAN_POINT('Origin',(-11.8999990541218,35.5479355807648,-9.52504063145992));
#13070=CARTESIAN_POINT('',(11.8999999527598,33.7362022650472,-16.2865214154834));
#13071=CARTESIAN_POINT('',(11.8999999527598,35.5479355807648,-9.52504063145993));
#13072=CARTESIAN_POINT('',(-5.94999949718749,33.7362022650471,-16.2865214154834));
#13073=CARTESIAN_POINT('Origin',(11.8999999527599,21.7816273828184,-5.83636946706226));
#13074=CARTESIAN_POINT('',(26.1519308023313,19.968108034215,-12.5973716850163));
#13075=CARTESIAN_POINT('',(26.1519308023313,21.7798413499326,-5.83589090099285));
#13076=CARTESIAN_POINT('Origin',(11.8999999527599,19.9698940671008,-12.5978502510857));
#13077=CARTESIAN_POINT('Origin',(11.8999999527599,19.7110750219983,-13.5637760773748));
#13078=CARTESIAN_POINT('',(24.1519308191636,19.4507205813292,-14.5292904956617));
#13079=CARTESIAN_POINT('',(26.1519308023313,19.968108034215,-12.5973716850163));
#13080=CARTESIAN_POINT('',(11.8999999527598,31.286712522264,-17.7007349778565));
#13081=CARTESIAN_POINT('Origin',(11.8999999527599,19.4522559768958,-14.5297019036639));
#13082=CARTESIAN_POINT('',(11.8999999527598,31.286712522264,-17.7007349778565));
#13083=CARTESIAN_POINT('Origin',(25.151930802442,8.81936831415921,-10.6453520608127));
#13084=CARTESIAN_POINT('',(26.1519308027741,-23.5915779647803,-0.92558899903226));
#13085=CARTESIAN_POINT('',(24.1519308027741,-24.1092160550043,-2.85744065160531));
#13086=CARTESIAN_POINT('',(26.1519308027741,-23.5915779647803,-0.92558899903226));
#13087=CARTESIAN_POINT('',(24.151930802442,8.5605492690472,-11.6112778870992));
#13088=CARTESIAN_POINT('',(26.151930802442,9.07818735927121,-9.67942623452615));
#13089=CARTESIAN_POINT('Origin',(11.8999999527599,-23.8521797432234,-1.8910371433624));
#13090=CARTESIAN_POINT('',(11.8999739765712,-35.9454553336676,0.314070104534041));
#13091=CARTESIAN_POINT('',(11.8999697362292,-37.359668896898,2.76355984754695));
#13092=CARTESIAN_POINT('Origin',(11.8999999527599,-24.1109987883259,-2.85696296965146));
#13093=CARTESIAN_POINT('Origin',(11.8999999527599,-23.5933606981209,-0.925111317073327));
#13094=CARTESIAN_POINT('Origin',(5.94998489735878,-36.6525621155036,1.53881497609967));
#13095=CARTESIAN_POINT('',(-11.9000035745088,-37.3596688964824,2.76355984743557));
#13096=CARTESIAN_POINT('',(5.94998489732261,-37.3596688966902,2.76355984749126));
#13097=CARTESIAN_POINT('',(-11.9000035744364,-35.9454553336936,0.314070104541015));
#13098=CARTESIAN_POINT('',(-11.9000035745088,-37.3596688964824,2.76355984743557));
#13099=CARTESIAN_POINT('',(5.94998489739494,-35.9454553343171,0.314070104708087));
#13100=CARTESIAN_POINT('Origin',(-11.8999998328133,-23.8521797436388,-1.89103714325109));
#13101=CARTESIAN_POINT('',(-24.1519308023126,-24.1110195353685,-2.85695741049816));
#13102=CARTESIAN_POINT('',(-26.1519308023196,-23.593384831834,-0.925104850464381));
#13103=CARTESIAN_POINT('Origin',(-11.8999998328133,-24.1109987887413,-2.85696296954015));
#13104=CARTESIAN_POINT('Origin',(-11.8999998328133,-23.5933606985363,-0.925111316962021));
#13105=CARTESIAN_POINT('Origin',(-25.1519308024351,-12.9613781190994,-4.80921864347399));
#13106=CARTESIAN_POINT('',(-24.1519308027817,19.4522480555522,-14.5296997811463));
#13107=CARTESIAN_POINT('',(-26.1519308027817,19.9698861457374,-12.5978481285628));
#13108=CARTESIAN_POINT('',(-24.1519308024351,-13.220197164192,-5.77514446976571));
#13109=CARTESIAN_POINT('Origin',(-11.8999998332562,19.7110750219983,-13.5637760773748));
#13110=CARTESIAN_POINT('',(-11.8999991634592,31.2867125222736,-17.7007349778591));
#13111=CARTESIAN_POINT('',(-11.8999990541218,33.7362022650471,-16.2865214154834));
#13112=CARTESIAN_POINT('Origin',(-11.8999998332562,19.4522559768957,-14.5297019036639));
#13113=CARTESIAN_POINT('Origin',(-5.94999949718749,32.5114573936555,-16.9936281966699));
#13114=CARTESIAN_POINT('',(-5.94999949718749,31.286712522264,-17.7007349778565));
#13115=CARTESIAN_POINT('Origin',(11.8999697362292,-35.5479355811804,9.52504063157043));
#13116=CARTESIAN_POINT('',(-11.9000035745088,-35.5479355807647,9.52504063145905));
#13117=CARTESIAN_POINT('Origin',(11.8999999527599,-21.7816273824032,5.83636946695015));
#13118=CARTESIAN_POINT('',(26.1519308027741,-21.7798446490626,5.83589178499122));
#13119=CARTESIAN_POINT('Origin',(26.1519308023313,21.7798413499326,-5.83589090099285));
#13120=CARTESIAN_POINT('Origin',(5.97468829965919E-8,-2.32937140612568,
-8.69333243654765));
#13121=CARTESIAN_POINT('',(3.5,-2.32937140592279,-8.69333243660201));
#13122=CARTESIAN_POINT('Origin',(1.53267019535527E-46,-2.32937140592279,
-8.69333243660201));
#13123=CARTESIAN_POINT('Origin',(5.97468829965919E-8,-1.81173331592064,
-6.76148078396951));
#13124=CARTESIAN_POINT('',(11.8999999526515,-33.6872852697417,1.77954762035314));
#13125=CARTESIAN_POINT('',(3.46410160307887,-33.6872852679332,1.77954761986854));
#13126=CARTESIAN_POINT('',(22.99999995319,-22.9655085975176,-1.09334378039615));
#13127=CARTESIAN_POINT('Origin',(11.8999999527599,-22.9655085975177,-1.09334378039614));
#13128=CARTESIAN_POINT('',(22.9999999527599,19.3420420995691,-12.4296178234193));
#13129=CARTESIAN_POINT('',(22.99999995319,-22.9655085975176,-1.09334378039615));
#13130=CARTESIAN_POINT('',(11.8999999527598,30.0638187713493,-15.3025092240497));
#13131=CARTESIAN_POINT('Origin',(11.8999999527599,19.3420420995406,-12.4296178234117));
#13132=CARTESIAN_POINT('',(-11.9000000472402,30.0638187713493,-15.3025092240497));
#13133=CARTESIAN_POINT('',(11.8999999527598,30.0638187713493,-15.3025092240497));
#13134=CARTESIAN_POINT('',(-23.0000000472401,19.3420420995406,-12.4296178234117));
#13135=CARTESIAN_POINT('Origin',(-11.9000000472401,19.3420420995406,-12.4296178234117));
#13136=CARTESIAN_POINT('',(-23.00000004681,-22.9655085975462,-1.09334378038851));
#13137=CARTESIAN_POINT('',(-23.0000000472401,19.3420420995406,-12.4296178234117));
#13138=CARTESIAN_POINT('',(-11.90000004681,-33.6872852693264,1.77954762024184));
#13139=CARTESIAN_POINT('Origin',(-11.90000004681,-22.9655085975177,-1.09334378039614));
#13140=CARTESIAN_POINT('',(-11.90000004681,-33.6872852693263,1.77954762024184));
#13141=CARTESIAN_POINT('',(3.5,-1.81173331571775,-6.76148078402388));
#13142=CARTESIAN_POINT('Origin',(1.53267019535527E-46,-1.81173331571775,
-6.76148078402388));
#13143=CARTESIAN_POINT('Origin',(1.53267019535527E-46,-1.81173331571775,
-6.76148078402388));
#13144=CARTESIAN_POINT('',(3.5,-1.81173331571775,-6.76148078402388));
#13145=CARTESIAN_POINT('Origin',(-11.8999998328133,-21.7816273828187,5.83636946706146));
#13146=CARTESIAN_POINT('Origin',(-23.0000000472401,21.1537754152582,-5.6681370393882));
#13147=CARTESIAN_POINT('',(-23.0000000472401,21.1537754152582,-5.6681370393882));
#13148=CARTESIAN_POINT('',(-23.00000004681,-21.1537752818285,5.66813700363497));
#13149=CARTESIAN_POINT('',(-23.0000000472401,21.1537754152582,-5.6681370393882));
#13150=CARTESIAN_POINT('',(-23.00000004681,-21.1537752818285,5.66813700363497));
#13151=CARTESIAN_POINT('',(-23.0000000472401,21.1537754152582,-5.6681370393882));
#13152=CARTESIAN_POINT('Origin',(-11.9000000472401,21.1537754152583,-5.66813703938821));
#13153=CARTESIAN_POINT('',(-11.9000000472402,31.8755520870669,-8.54102844002619));
#13154=CARTESIAN_POINT('Origin',(-11.9000000472401,21.1537754152583,-5.66813703938821));
#13155=CARTESIAN_POINT('',(-11.9000000472402,31.8755520870669,-8.54102844002619));
#13156=CARTESIAN_POINT('Origin',(11.8999999527598,31.8755520870669,-8.5410284400262));
#13157=CARTESIAN_POINT('',(11.8999999527598,31.8755520870669,-8.5410284400262));
#13158=CARTESIAN_POINT('',(11.8999999527598,31.8755520870669,-8.5410284400262));
#13159=CARTESIAN_POINT('',(11.8999999527598,31.8755520870669,-8.5410284400262));
#13160=CARTESIAN_POINT('Origin',(11.8999999527599,21.1537754152583,-5.66813703938822));
#13161=CARTESIAN_POINT('',(22.9999999527599,21.1537754152868,-5.66813703939585));
#13162=CARTESIAN_POINT('Origin',(11.8999999527599,21.1537754152583,-5.66813703938822));
#13163=CARTESIAN_POINT('',(22.9999999527599,21.1537754152868,-5.66813703939585));
#13164=CARTESIAN_POINT('Origin',(22.99999995319,-21.1537752818,5.66813700362733));
#13165=CARTESIAN_POINT('',(22.99999995319,-21.1537752818,5.66813700362733));
#13166=CARTESIAN_POINT('',(22.99999995319,-21.1537752818,5.66813700362733));
#13167=CARTESIAN_POINT('',(22.99999995319,-21.1537752818,5.66813700362733));
#13168=CARTESIAN_POINT('Origin',(11.8999999527599,-21.1537752818,5.66813700362734));
#13169=CARTESIAN_POINT('',(11.8999999526515,-31.8755519540241,8.54102840437662));
#13170=CARTESIAN_POINT('Origin',(11.8999999527599,-21.1537752818,5.66813700362734));
#13171=CARTESIAN_POINT('',(11.8999999526515,-31.8755519540241,8.54102840437662));
#13172=CARTESIAN_POINT('Origin',(3.46410160307887,-31.8755519522155,8.54102840389202));
#13173=CARTESIAN_POINT('',(3.46410160307887,-31.8755519522155,8.54102840389202));
#13174=CARTESIAN_POINT('Origin',(-11.90000004681,-31.8755519536087,8.54102840426532));
#13175=CARTESIAN_POINT('',(-11.90000004681,-31.8755519536087,8.54102840426532));
#13176=CARTESIAN_POINT('',(-11.90000004681,-31.8755519536087,8.54102840426532));
#13177=CARTESIAN_POINT('',(-11.90000004681,-31.8755519536087,8.54102840426532));
#13178=CARTESIAN_POINT('Origin',(-11.90000004681,-21.1537752818,5.66813700362734));
#13179=CARTESIAN_POINT('Origin',(-11.90000004681,-21.1537752818,5.66813700362734));
#13180=CARTESIAN_POINT('Origin',(8.88178419700125E-15,-1.22585890619172E-13,
-3.88863614166554E-13));
#13181=CARTESIAN_POINT('',(0.,0.,0.));
#13182=UNCERTAINTY_MEASURE_WITH_UNIT(LENGTH_MEASURE(0.01),#13188,
'DISTANCE_ACCURACY_VALUE',
'Maximum model space distance between geometric entities at asserted c
onnectivities');
#13183=UNCERTAINTY_MEASURE_WITH_UNIT(LENGTH_MEASURE(0.01),#13188,
'DISTANCE_ACCURACY_VALUE',
'Maximum model space distance between geometric entities at asserted c
onnectivities');
#13184=UNCERTAINTY_MEASURE_WITH_UNIT(LENGTH_MEASURE(0.01),#13188,
'DISTANCE_ACCURACY_VALUE',
'Maximum model space distance between geometric entities at asserted c
onnectivities');
#13185=(
GEOMETRIC_REPRESENTATION_CONTEXT(3)
GLOBAL_UNCERTAINTY_ASSIGNED_CONTEXT((#13182))
GLOBAL_UNIT_ASSIGNED_CONTEXT((#13188,#13190,#13191))
REPRESENTATION_CONTEXT('','3D')
);
#13186=(
GEOMETRIC_REPRESENTATION_CONTEXT(3)
GLOBAL_UNCERTAINTY_ASSIGNED_CONTEXT((#13183))
GLOBAL_UNIT_ASSIGNED_CONTEXT((#13188,#13190,#13191))
REPRESENTATION_CONTEXT('','3D')
);
#13187=(
GEOMETRIC_REPRESENTATION_CONTEXT(3)
GLOBAL_UNCERTAINTY_ASSIGNED_CONTEXT((#13184))
GLOBAL_UNIT_ASSIGNED_CONTEXT((#13188,#13190,#13191))
REPRESENTATION_CONTEXT('','3D')
);
#13188=(
LENGTH_UNIT()
NAMED_UNIT(*)
SI_UNIT(.MILLI.,.METRE.)
);
#13189=(
LENGTH_UNIT()
NAMED_UNIT(*)
SI_UNIT($,.METRE.)
);
#13190=(
NAMED_UNIT(*)
PLANE_ANGLE_UNIT()
SI_UNIT($,.RADIAN.)
);
#13191=(
NAMED_UNIT(*)
SI_UNIT($,.STERADIAN.)
SOLID_ANGLE_UNIT()
);
#13192=SHAPE_DEFINITION_REPRESENTATION(#13194,#13197);
#13193=SHAPE_DEFINITION_REPRESENTATION(#13195,#13198);
#13194=PRODUCT_DEFINITION_SHAPE('',$,#13200);
#13195=PRODUCT_DEFINITION_SHAPE('',$,#13201);
#13196=PRODUCT_DEFINITION_SHAPE($,$,#14);
#13197=SHAPE_REPRESENTATION('',(#7439,#8313),#13185);
#13198=SHAPE_REPRESENTATION('',(#7440),#13186);
#13199=PRODUCT_DEFINITION_CONTEXT('part definition',#13207,'design');
#13200=PRODUCT_DEFINITION('Solar Node V4','Solar Node V4 v2',#13202,#13199);
#13201=PRODUCT_DEFINITION('Case Main','Case Main',#13203,#13199);
#13202=PRODUCT_DEFINITION_FORMATION('',$,#13209);
#13203=PRODUCT_DEFINITION_FORMATION('',$,#13210);
#13204=PRODUCT_RELATED_PRODUCT_CATEGORY('Solar Node V4 v2',
'Solar Node V4 v2',(#13209));
#13205=PRODUCT_RELATED_PRODUCT_CATEGORY('Case Main','Case Main',(#13210));
#13206=APPLICATION_PROTOCOL_DEFINITION('international standard',
'automotive_design',2009,#13207);
#13207=APPLICATION_CONTEXT(
'Core Data for Automotive Mechanical Design Process');
#13208=PRODUCT_CONTEXT('part definition',#13207,'mechanical');
#13209=PRODUCT('Solar Node V4','Solar Node V4 v2',$,(#13208));
#13210=PRODUCT('Case Main','Case Main',$,(#13208));
#13211=PRESENTATION_STYLE_ASSIGNMENT((#13215));
#13212=PRESENTATION_STYLE_ASSIGNMENT((#13216));
#13213=PRESENTATION_STYLE_ASSIGNMENT((#13217));
#13214=PRESENTATION_STYLE_ASSIGNMENT((#13218));
#13215=SURFACE_STYLE_USAGE(.BOTH.,#13219);
#13216=SURFACE_STYLE_USAGE(.BOTH.,#13220);
#13217=SURFACE_STYLE_USAGE(.BOTH.,#13221);
#13218=SURFACE_STYLE_USAGE(.BOTH.,#13222);
#13219=SURFACE_SIDE_STYLE('',(#13223));
#13220=SURFACE_SIDE_STYLE('',(#13224));
#13221=SURFACE_SIDE_STYLE('',(#13225));
#13222=SURFACE_SIDE_STYLE('',(#13226));
#13223=SURFACE_STYLE_FILL_AREA(#13227);
#13224=SURFACE_STYLE_FILL_AREA(#13228);
#13225=SURFACE_STYLE_FILL_AREA(#13229);
#13226=SURFACE_STYLE_FILL_AREA(#13230);
#13227=FILL_AREA_STYLE('Opaque(210,209,199)',(#13231));
#13228=FILL_AREA_STYLE('ABS (Wei\X\DF)',(#13232));
#13229=FILL_AREA_STYLE('Farbe - Emaille gl\X\E4nzend (Grau)',(#13233));
#13230=FILL_AREA_STYLE('Opaque(21,22,24)',(#13234));
#13231=FILL_AREA_STYLE_COLOUR('Opaque(210,209,199)',#13235);
#13232=FILL_AREA_STYLE_COLOUR('ABS (Wei\X\DF)',#13236);
#13233=FILL_AREA_STYLE_COLOUR('Farbe - Emaille gl\X\E4nzend (Grau)',#13237);
#13234=FILL_AREA_STYLE_COLOUR('Opaque(21,22,24)',#13238);
#13235=COLOUR_RGB('Opaque(210,209,199)',0.823529411764706,0.819607843137255,
0.780392156862745);
#13236=COLOUR_RGB('ABS (Wei\X\DF)',0.964705882352941,0.964705882352941,
0.952941176470588);
#13237=COLOUR_RGB('Farbe - Emaille gl\X\E4nzend (Grau)',0.701960784313725,
0.701960784313725,0.701960784313725);
#13238=COLOUR_RGB('Opaque(21,22,24)',0.0823529411764706,0.0862745098039216,
0.0941176470588235);
ENDSEC;
END-ISO-10303-21;
