ISO-10303-21;
HEADER;
/* Generated by software containing ST-Developer
 * from STEP Tools, Inc. (www.steptools.com) 
 */

FILE_DESCRIPTION(
/* description */ (''),
/* implementation_level */ '2;1');

FILE_NAME(
/* name */ 'selicagel.step',
/* time_stamp */ '2025-12-30T19:49:13+01:00',
/* author */ (''),
/* organization */ (''),
/* preprocessor_version */ 'ST-DEVELOPER v20.1',
/* originating_system */ 'Autodesk Translation Framework v14.21.0.0',
/* authorisation */ '');

FILE_SCHEMA (('AUTOMOTIVE_DESIGN { 1 0 10303 214 3 1 1 }'));
ENDSEC;

DATA;
#10=MECHANICAL_DESIGN_GEOMETRIC_PRESENTATION_REPRESENTATION('',(#20,#21,
#22),#12165);
#11=CONTEXT_DEPENDENT_OVER_RIDING_STYLED_ITEM('',(#12191),#12176,#22,(#15));
#12=MAPPED_ITEM('',#13,#8065);
#13=REPRESENTATION_MAP(#8065,#12175);
#14=ITEM_DEFINED_TRANSFORMATION($,$,#7527,#8064);
#15=(
REPRESENTATION_RELATIONSHIP($,$,#12176,#12175)
REPRESENTATION_RELATIONSHIP_WITH_TRANSFORMATION(#14)
SHAPE_REPRESENTATION_RELATIONSHIP()
);
#16=CONTEXT_DEPENDENT_SHAPE_REPRESENTATION(#15,#12174);
#17=NEXT_ASSEMBLY_USAGE_OCCURRENCE('Silaca Gel Case:1',
'Silaca Gel Case:1','Silaca Gel Case:1',#12178,#12179,
'Silaca Gel Case:1');
#18=SHAPE_REPRESENTATION_RELATIONSHIP('SRR','None',#12176,#19);
#19=ADVANCED_BREP_SHAPE_REPRESENTATION('',(#23,#24),#12164);
#20=STYLED_ITEM('',(#12191),#23);
#21=STYLED_ITEM('',(#12191),#24);
#22=STYLED_ITEM('',(#12193),#12);
#23=MANIFOLD_SOLID_BREP('Selica Gel Case',#7512);
#24=MANIFOLD_SOLID_BREP('Selica Gel Case Deckel',#7513);
#25=CYLINDRICAL_SURFACE('',#7808,1.00000000000007);
#26=CYLINDRICAL_SURFACE('',#7810,1.00000000000007);
#27=CYLINDRICAL_SURFACE('',#7812,2.);
#28=CYLINDRICAL_SURFACE('',#7814,1.00000000000007);
#29=CYLINDRICAL_SURFACE('',#7816,0.99999999999997);
#30=CYLINDRICAL_SURFACE('',#7818,0.99999999999997);
#31=CYLINDRICAL_SURFACE('',#7819,0.999999999999961);
#32=CYLINDRICAL_SURFACE('',#7821,0.999999999999961);
#33=CYLINDRICAL_SURFACE('',#7822,2.);
#34=CYLINDRICAL_SURFACE('',#7824,2.);
#35=CYLINDRICAL_SURFACE('',#7826,9.);
#36=CYLINDRICAL_SURFACE('',#7828,7.99999999999993);
#37=CYLINDRICAL_SURFACE('',#7831,9.00000000000001);
#38=CYLINDRICAL_SURFACE('',#7833,8.00000000000003);
#39=CYLINDRICAL_SURFACE('',#7837,2.);
#40=CYLINDRICAL_SURFACE('',#7839,2.);
#41=CYLINDRICAL_SURFACE('',#7841,2.);
#42=CYLINDRICAL_SURFACE('',#7843,2.);
#43=CYLINDRICAL_SURFACE('',#7845,2.);
#44=CYLINDRICAL_SURFACE('',#7847,2.);
#45=CYLINDRICAL_SURFACE('',#7849,2.);
#46=CYLINDRICAL_SURFACE('',#7851,2.);
#47=CYLINDRICAL_SURFACE('',#7853,2.);
#48=CYLINDRICAL_SURFACE('',#7855,2.);
#49=CYLINDRICAL_SURFACE('',#7857,2.);
#50=CYLINDRICAL_SURFACE('',#7859,2.);
#51=CYLINDRICAL_SURFACE('',#7863,2.);
#52=CYLINDRICAL_SURFACE('',#7866,2.);
#53=CYLINDRICAL_SURFACE('',#7871,2.);
#54=CYLINDRICAL_SURFACE('',#7874,1.);
#55=CYLINDRICAL_SURFACE('',#7878,0.999999999999996);
#56=CYLINDRICAL_SURFACE('',#7883,1.);
#57=CYLINDRICAL_SURFACE('',#7889,1.00000000000001);
#58=CYLINDRICAL_SURFACE('',#7894,1.);
#59=CYLINDRICAL_SURFACE('',#7897,0.999999999999996);
#60=CYLINDRICAL_SURFACE('',#7920,1.1);
#61=CYLINDRICAL_SURFACE('',#7921,1.1);
#62=CYLINDRICAL_SURFACE('',#7922,7.99999999999995);
#63=CYLINDRICAL_SURFACE('',#7923,1.00000000000001);
#64=CYLINDRICAL_SURFACE('',#7925,1.00000000000007);
#65=CYLINDRICAL_SURFACE('',#7926,0.999999999999961);
#66=CYLINDRICAL_SURFACE('',#7928,0.99999999999997);
#67=CYLINDRICAL_SURFACE('',#7929,1.00000000000003);
#68=CYLINDRICAL_SURFACE('',#7930,8.00000000000001);
#69=CYLINDRICAL_SURFACE('',#7931,1.00000001042131);
#70=CYLINDRICAL_SURFACE('',#7935,1.00000000000002);
#71=CYLINDRICAL_SURFACE('',#7937,1.8);
#72=CYLINDRICAL_SURFACE('',#7940,1.8);
#73=CYLINDRICAL_SURFACE('',#8008,1.1);
#74=CYLINDRICAL_SURFACE('',#8011,1.1);
#75=CYLINDRICAL_SURFACE('',#8014,1.1);
#76=CYLINDRICAL_SURFACE('',#8017,1.1);
#77=CYLINDRICAL_SURFACE('',#8020,1.1);
#78=CYLINDRICAL_SURFACE('',#8023,1.1);
#79=CYLINDRICAL_SURFACE('',#8026,1.8);
#80=CYLINDRICAL_SURFACE('',#8030,1.8);
#81=CYLINDRICAL_SURFACE('',#8034,1.8);
#82=CYLINDRICAL_SURFACE('',#8038,1.8);
#83=CYLINDRICAL_SURFACE('',#8042,1.8);
#84=CYLINDRICAL_SURFACE('',#8046,1.8);
#85=CYLINDRICAL_SURFACE('',#8055,9.2);
#86=CYLINDRICAL_SURFACE('',#8060,9.2);
#87=ELLIPSE('',#7648,12.338611564059,9.);
#88=ELLIPSE('',#7649,10.9676547236079,7.99999999999993);
#89=ELLIPSE('',#7652,12.708234574019,9.);
#90=ELLIPSE('',#7653,11.296208510239,7.99999999999993);
#91=ELLIPSE('',#7655,12.7877270636088,9.);
#92=ELLIPSE('',#7656,11.3668685009855,7.99999999999993);
#93=ELLIPSE('',#7659,12.6876731708048,9.);
#94=ELLIPSE('',#7660,11.2779317073819,7.99999999999993);
#95=ELLIPSE('',#7665,12.338611564059,9.00000000000001);
#96=ELLIPSE('',#7666,10.967654723608,8.00000000000003);
#97=ELLIPSE('',#7667,1.37095684045096,0.99999999999997);
#98=ELLIPSE('',#7670,12.7877270636088,9.00000000000001);
#99=ELLIPSE('',#7671,1.42085856262315,0.999999999999971);
#100=ELLIPSE('',#7672,11.3668685009856,8.00000000000003);
#101=ELLIPSE('',#7675,12.708234574019,9.00000000000001);
#102=ELLIPSE('',#7676,1.41202606377984,0.99999999999997);
#103=ELLIPSE('',#7680,12.708234574019,9.00000000000001);
#104=ELLIPSE('',#7681,1.41202606377998,1.00000000000007);
#105=ELLIPSE('',#7682,11.2962085102391,8.00000000000003);
#106=ELLIPSE('',#7685,12.338611564059,9.00000000000001);
#107=ELLIPSE('',#7686,1.37095684045109,1.00000000000007);
#108=ELLIPSE('',#7689,12.6876731708048,9.);
#109=ELLIPSE('',#7690,11.2779317073821,8.00000000000003);
#110=ELLIPSE('',#7692,12.7877270636088,9.00000000000001);
#111=ELLIPSE('',#7693,11.3668685009856,8.00000000000003);
#112=ELLIPSE('',#7694,1.42085856262329,1.00000000000007);
#113=ELLIPSE('',#7700,2.82405212755977,2.);
#114=ELLIPSE('',#7702,2.82405212755977,2.);
#115=ELLIPSE('',#7705,2.8194829268455,2.);
#116=ELLIPSE('',#7707,2.8194829268455,2.);
#117=ELLIPSE('',#7710,1.40974146342285,1.00000000000007);
#118=ELLIPSE('',#7711,12.6876731708048,9.);
#119=ELLIPSE('',#7713,11.3668685009855,7.99999999999993);
#120=ELLIPSE('',#7714,12.7877270636088,9.);
#121=ELLIPSE('',#7715,1.42085856262329,1.00000000000007);
#122=ELLIPSE('',#7718,11.296208510239,7.99999999999993);
#123=ELLIPSE('',#7719,1.41202606377998,1.00000000000007);
#124=ELLIPSE('',#7720,12.708234574019,9.);
#125=ELLIPSE('',#7722,10.9676547236079,7.99999999999993);
#126=ELLIPSE('',#7723,12.338611564059,8.99999999999999);
#127=ELLIPSE('',#7728,11.2779317073819,7.99999999999993);
#128=ELLIPSE('',#7729,12.6876731708048,9.);
#129=ELLIPSE('',#7731,1.41202606377983,0.999999999999961);
#130=ELLIPSE('',#7732,11.296208510239,7.99999999999993);
#131=ELLIPSE('',#7733,12.708234574019,9.);
#132=ELLIPSE('',#7735,1.42085856262314,0.999999999999961);
#133=ELLIPSE('',#7736,12.7877270636088,9.);
#134=ELLIPSE('',#7737,11.3668685009855,7.99999999999993);
#135=ELLIPSE('',#7740,1.37095684045095,0.999999999999961);
#136=ELLIPSE('',#7741,12.338611564059,9.);
#137=ELLIPSE('',#7746,12.338611564059,9.00000000000001);
#138=ELLIPSE('',#7747,10.967654723608,8.00000000000003);
#139=ELLIPSE('',#7750,12.708234574019,9.00000000000001);
#140=ELLIPSE('',#7751,11.2962085102391,8.00000000000003);
#141=ELLIPSE('',#7752,1.41202606377984,0.99999999999997);
#142=ELLIPSE('',#7754,12.7877270636088,9.00000000000001);
#143=ELLIPSE('',#7755,1.42085856262315,0.999999999999971);
#144=ELLIPSE('',#7756,11.3668685009856,8.00000000000003);
#145=ELLIPSE('',#7759,12.6876731708048,9.00000000000001);
#146=ELLIPSE('',#7760,1.40974146342271,0.99999999999997);
#147=ELLIPSE('',#7764,12.338611564059,9.00000000000001);
#148=ELLIPSE('',#7765,10.967654723608,8.00000000000003);
#149=ELLIPSE('',#7768,12.708234574019,9.);
#150=ELLIPSE('',#7769,11.2962085102391,8.00000000000003);
#151=ELLIPSE('',#7771,12.7877270636088,9.00000000000001);
#152=ELLIPSE('',#7772,11.3668685009856,8.00000000000003);
#153=ELLIPSE('',#7775,12.6876731708048,9.00000000000001);
#154=ELLIPSE('',#7776,11.2779317073821,8.00000000000003);
#155=ELLIPSE('',#7780,1.42085856262314,0.999999999999961);
#156=ELLIPSE('',#7781,12.7877270636088,9.);
#157=ELLIPSE('',#7784,1.4097414634227,0.999999999999961);
#158=ELLIPSE('',#7785,12.6876731708048,9.);
#159=ELLIPSE('',#7786,11.2779317073819,7.99999999999993);
#160=ELLIPSE('',#7788,1.41202606377983,0.999999999999961);
#161=ELLIPSE('',#7789,11.296208510239,7.99999999999993);
#162=ELLIPSE('',#7790,12.708234574019,9.);
#163=ELLIPSE('',#7798,2.84171712524639,2.);
#164=ELLIPSE('',#7800,2.84171712524639,2.);
#165=ELLIPSE('',#7802,2.741913680902,2.);
#166=ELLIPSE('',#7806,2.741913680902,2.);
#167=FACE_BOUND('',#766,.T.);
#168=FACE_BOUND('',#767,.T.);
#169=FACE_BOUND('',#768,.T.);
#170=FACE_BOUND('',#769,.T.);
#171=FACE_BOUND('',#770,.T.);
#172=FACE_BOUND('',#771,.T.);
#173=FACE_BOUND('',#772,.T.);
#174=FACE_BOUND('',#773,.T.);
#175=FACE_BOUND('',#774,.T.);
#176=FACE_BOUND('',#775,.T.);
#177=FACE_BOUND('',#776,.T.);
#178=FACE_BOUND('',#777,.T.);
#179=FACE_BOUND('',#778,.T.);
#180=FACE_BOUND('',#779,.T.);
#181=FACE_BOUND('',#780,.T.);
#182=FACE_BOUND('',#781,.T.);
#183=FACE_BOUND('',#782,.T.);
#184=FACE_BOUND('',#783,.T.);
#185=FACE_BOUND('',#784,.T.);
#186=FACE_BOUND('',#942,.T.);
#187=FACE_BOUND('',#944,.T.);
#188=FACE_BOUND('',#946,.T.);
#189=FACE_BOUND('',#948,.T.);
#190=FACE_BOUND('',#950,.T.);
#191=FACE_BOUND('',#951,.T.);
#192=FACE_BOUND('',#952,.T.);
#193=FACE_BOUND('',#953,.T.);
#194=FACE_BOUND('',#954,.T.);
#195=FACE_BOUND('',#955,.T.);
#196=FACE_BOUND('',#956,.T.);
#197=FACE_BOUND('',#957,.T.);
#198=FACE_BOUND('',#971,.T.);
#199=FACE_BOUND('',#976,.T.);
#200=FACE_BOUND('',#982,.T.);
#201=FACE_BOUND('',#985,.T.);
#202=FACE_BOUND('',#989,.T.);
#203=FACE_BOUND('',#994,.T.);
#204=FACE_BOUND('',#1003,.T.);
#205=FACE_BOUND('',#1005,.T.);
#206=FACE_BOUND('',#1007,.T.);
#207=FACE_BOUND('',#1008,.T.);
#208=FACE_BOUND('',#1009,.T.);
#209=FACE_BOUND('',#1010,.T.);
#210=FACE_BOUND('',#1011,.T.);
#211=FACE_BOUND('',#1012,.T.);
#212=FACE_BOUND('',#1013,.T.);
#213=FACE_BOUND('',#1014,.T.);
#214=FACE_BOUND('',#1015,.T.);
#215=FACE_BOUND('',#1016,.T.);
#216=FACE_BOUND('',#1017,.T.);
#217=FACE_BOUND('',#1018,.T.);
#218=FACE_BOUND('',#1019,.T.);
#219=FACE_BOUND('',#1020,.T.);
#220=FACE_BOUND('',#1021,.T.);
#221=FACE_BOUND('',#1022,.T.);
#222=FACE_BOUND('',#1023,.T.);
#223=FACE_BOUND('',#1024,.T.);
#224=FACE_BOUND('',#1033,.T.);
#225=FACE_BOUND('',#1034,.T.);
#226=FACE_BOUND('',#1041,.T.);
#227=FACE_BOUND('',#1042,.T.);
#228=FACE_BOUND('',#1043,.T.);
#229=FACE_BOUND('',#1044,.T.);
#230=FACE_BOUND('',#1045,.T.);
#231=FACE_BOUND('',#1046,.T.);
#232=FACE_BOUND('',#1047,.T.);
#233=FACE_BOUND('',#1048,.T.);
#234=FACE_BOUND('',#1049,.T.);
#235=FACE_BOUND('',#1050,.T.);
#236=FACE_BOUND('',#1129,.T.);
#237=FACE_BOUND('',#1132,.T.);
#238=FACE_BOUND('',#1135,.T.);
#239=FACE_BOUND('',#1138,.T.);
#240=FACE_BOUND('',#1141,.T.);
#241=FACE_BOUND('',#1144,.T.);
#242=FACE_BOUND('',#1148,.T.);
#243=FACE_BOUND('',#1149,.T.);
#244=FACE_BOUND('',#1150,.T.);
#245=FACE_BOUND('',#1151,.T.);
#246=FACE_BOUND('',#1152,.T.);
#247=FACE_BOUND('',#1153,.T.);
#248=FACE_BOUND('',#1154,.T.);
#249=FACE_BOUND('',#1155,.T.);
#250=FACE_BOUND('',#1156,.T.);
#251=FACE_BOUND('',#1157,.T.);
#252=FACE_BOUND('',#1158,.T.);
#253=FACE_BOUND('',#1159,.T.);
#254=FACE_BOUND('',#1160,.T.);
#255=FACE_BOUND('',#1161,.T.);
#256=FACE_BOUND('',#1162,.T.);
#257=FACE_BOUND('',#1163,.T.);
#258=FACE_BOUND('',#1171,.T.);
#259=FACE_BOUND('',#1172,.T.);
#260=FACE_BOUND('',#1173,.T.);
#261=FACE_BOUND('',#1174,.T.);
#262=FACE_BOUND('',#1175,.T.);
#263=FACE_BOUND('',#1176,.T.);
#264=FACE_BOUND('',#1177,.T.);
#265=FACE_BOUND('',#1178,.T.);
#266=FACE_BOUND('',#1179,.T.);
#267=FACE_BOUND('',#1180,.T.);
#268=FACE_BOUND('',#1181,.T.);
#269=FACE_BOUND('',#1182,.T.);
#270=FACE_BOUND('',#1183,.T.);
#271=FACE_BOUND('',#1184,.T.);
#272=FACE_BOUND('',#1185,.T.);
#273=FACE_BOUND('',#1186,.T.);
#274=FACE_BOUND('',#1187,.T.);
#275=FACE_BOUND('',#1188,.T.);
#276=FACE_BOUND('',#1189,.T.);
#277=FACE_BOUND('',#1190,.T.);
#278=FACE_BOUND('',#1191,.T.);
#279=FACE_BOUND('',#1192,.T.);
#280=CIRCLE('',#7558,2.);
#281=CIRCLE('',#7559,2.);
#282=CIRCLE('',#7560,2.);
#283=CIRCLE('',#7561,9.00000000000001);
#284=CIRCLE('',#7562,2.);
#285=CIRCLE('',#7563,2.);
#286=CIRCLE('',#7564,2.);
#287=CIRCLE('',#7565,9.);
#288=CIRCLE('',#7566,2.);
#289=CIRCLE('',#7567,2.);
#290=CIRCLE('',#7568,2.);
#291=CIRCLE('',#7569,2.);
#292=CIRCLE('',#7570,2.);
#293=CIRCLE('',#7571,2.);
#294=CIRCLE('',#7572,2.);
#295=CIRCLE('',#7573,2.);
#296=CIRCLE('',#7574,2.);
#297=CIRCLE('',#7575,2.);
#298=CIRCLE('',#7576,2.);
#299=CIRCLE('',#7577,2.);
#300=CIRCLE('',#7578,1.00000001042131);
#301=CIRCLE('',#7579,8.00000000000001);
#302=CIRCLE('',#7580,1.00000000000003);
#303=CIRCLE('',#7581,1.1);
#304=CIRCLE('',#7809,1.00000000000007);
#305=CIRCLE('',#7811,1.00000000000007);
#306=CIRCLE('',#7813,2.);
#307=CIRCLE('',#7815,1.00000000000007);
#308=CIRCLE('',#7817,0.99999999999997);
#309=CIRCLE('',#7820,0.999999999999961);
#310=CIRCLE('',#7823,2.);
#311=CIRCLE('',#7825,2.);
#312=CIRCLE('',#7827,9.);
#313=CIRCLE('',#7829,7.99999999999993);
#314=CIRCLE('',#7830,7.99999999999993);
#315=CIRCLE('',#7832,9.00000000000001);
#316=CIRCLE('',#7834,8.00000000000003);
#317=CIRCLE('',#7835,8.00000000000003);
#318=CIRCLE('',#7838,2.);
#319=CIRCLE('',#7840,2.);
#320=CIRCLE('',#7842,2.);
#321=CIRCLE('',#7844,2.);
#322=CIRCLE('',#7846,2.);
#323=CIRCLE('',#7848,2.);
#324=CIRCLE('',#7850,2.);
#325=CIRCLE('',#7852,2.);
#326=CIRCLE('',#7854,2.);
#327=CIRCLE('',#7856,2.);
#328=CIRCLE('',#7858,2.);
#329=CIRCLE('',#7860,2.);
#330=CIRCLE('',#7862,0.999999999999996);
#331=CIRCLE('',#7864,2.);
#332=CIRCLE('',#7867,2.);
#333=CIRCLE('',#7869,2.);
#334=CIRCLE('',#7870,1.);
#335=CIRCLE('',#7875,1.);
#336=CIRCLE('',#7876,1.);
#337=CIRCLE('',#7879,0.999999999999996);
#338=CIRCLE('',#7880,0.999999999999996);
#339=CIRCLE('',#7884,1.);
#340=CIRCLE('',#7885,1.);
#341=CIRCLE('',#7890,1.00000000000001);
#342=CIRCLE('',#7891,1.00000000000001);
#343=CIRCLE('',#7895,1.);
#344=CIRCLE('',#7898,0.999999999999996);
#345=CIRCLE('',#7904,1.00000000000001);
#346=CIRCLE('',#7905,7.99999999999995);
#347=CIRCLE('',#7906,1.00000000000002);
#348=CIRCLE('',#7907,1.1);
#349=CIRCLE('',#7909,1.00000000000003);
#350=CIRCLE('',#7910,8.00000000000001);
#351=CIRCLE('',#7911,1.00000001042131);
#352=CIRCLE('',#7912,1.00000000000002);
#353=CIRCLE('',#7913,7.99999999999995);
#354=CIRCLE('',#7914,1.00000000000001);
#355=CIRCLE('',#7915,1.00000000000007);
#356=CIRCLE('',#7916,0.999999999999961);
#357=CIRCLE('',#7917,0.99999999999997);
#358=CIRCLE('',#7918,1.1);
#359=CIRCLE('',#7919,1.1);
#360=CIRCLE('',#7938,1.8);
#361=CIRCLE('',#7939,1.8);
#362=CIRCLE('',#7941,1.8);
#363=CIRCLE('',#7942,1.8);
#364=CIRCLE('',#8009,1.1);
#365=CIRCLE('',#8010,1.1);
#366=CIRCLE('',#8012,1.1);
#367=CIRCLE('',#8013,1.1);
#368=CIRCLE('',#8015,1.1);
#369=CIRCLE('',#8016,1.1);
#370=CIRCLE('',#8018,1.1);
#371=CIRCLE('',#8019,1.1);
#372=CIRCLE('',#8021,1.1);
#373=CIRCLE('',#8022,1.1);
#374=CIRCLE('',#8024,1.1);
#375=CIRCLE('',#8025,1.1);
#376=CIRCLE('',#8027,1.8);
#377=CIRCLE('',#8028,1.8);
#378=CIRCLE('',#8031,1.8);
#379=CIRCLE('',#8032,1.8);
#380=CIRCLE('',#8035,1.8);
#381=CIRCLE('',#8036,1.8);
#382=CIRCLE('',#8039,1.8);
#383=CIRCLE('',#8040,1.8);
#384=CIRCLE('',#8043,1.8);
#385=CIRCLE('',#8044,1.8);
#386=CIRCLE('',#8047,1.8);
#387=CIRCLE('',#8048,1.8);
#388=CIRCLE('',#8053,9.2);
#389=CIRCLE('',#8054,9.2);
#390=CIRCLE('',#8056,9.2);
#391=CIRCLE('',#8061,9.2);
#392=FACE_OUTER_BOUND('',#736,.T.);
#393=FACE_OUTER_BOUND('',#737,.T.);
#394=FACE_OUTER_BOUND('',#738,.T.);
#395=FACE_OUTER_BOUND('',#739,.T.);
#396=FACE_OUTER_BOUND('',#740,.T.);
#397=FACE_OUTER_BOUND('',#741,.T.);
#398=FACE_OUTER_BOUND('',#742,.T.);
#399=FACE_OUTER_BOUND('',#743,.T.);
#400=FACE_OUTER_BOUND('',#744,.T.);
#401=FACE_OUTER_BOUND('',#745,.T.);
#402=FACE_OUTER_BOUND('',#746,.T.);
#403=FACE_OUTER_BOUND('',#747,.T.);
#404=FACE_OUTER_BOUND('',#748,.T.);
#405=FACE_OUTER_BOUND('',#749,.T.);
#406=FACE_OUTER_BOUND('',#750,.T.);
#407=FACE_OUTER_BOUND('',#751,.T.);
#408=FACE_OUTER_BOUND('',#752,.T.);
#409=FACE_OUTER_BOUND('',#753,.T.);
#410=FACE_OUTER_BOUND('',#754,.T.);
#411=FACE_OUTER_BOUND('',#755,.T.);
#412=FACE_OUTER_BOUND('',#756,.T.);
#413=FACE_OUTER_BOUND('',#757,.T.);
#414=FACE_OUTER_BOUND('',#758,.T.);
#415=FACE_OUTER_BOUND('',#759,.T.);
#416=FACE_OUTER_BOUND('',#760,.T.);
#417=FACE_OUTER_BOUND('',#761,.T.);
#418=FACE_OUTER_BOUND('',#762,.T.);
#419=FACE_OUTER_BOUND('',#763,.T.);
#420=FACE_OUTER_BOUND('',#764,.T.);
#421=FACE_OUTER_BOUND('',#765,.T.);
#422=FACE_OUTER_BOUND('',#785,.T.);
#423=FACE_OUTER_BOUND('',#786,.T.);
#424=FACE_OUTER_BOUND('',#787,.T.);
#425=FACE_OUTER_BOUND('',#788,.T.);
#426=FACE_OUTER_BOUND('',#789,.T.);
#427=FACE_OUTER_BOUND('',#790,.T.);
#428=FACE_OUTER_BOUND('',#791,.T.);
#429=FACE_OUTER_BOUND('',#792,.T.);
#430=FACE_OUTER_BOUND('',#793,.T.);
#431=FACE_OUTER_BOUND('',#794,.T.);
#432=FACE_OUTER_BOUND('',#795,.T.);
#433=FACE_OUTER_BOUND('',#796,.T.);
#434=FACE_OUTER_BOUND('',#797,.T.);
#435=FACE_OUTER_BOUND('',#798,.T.);
#436=FACE_OUTER_BOUND('',#799,.T.);
#437=FACE_OUTER_BOUND('',#800,.T.);
#438=FACE_OUTER_BOUND('',#801,.T.);
#439=FACE_OUTER_BOUND('',#802,.T.);
#440=FACE_OUTER_BOUND('',#803,.T.);
#441=FACE_OUTER_BOUND('',#804,.T.);
#442=FACE_OUTER_BOUND('',#805,.T.);
#443=FACE_OUTER_BOUND('',#806,.T.);
#444=FACE_OUTER_BOUND('',#807,.T.);
#445=FACE_OUTER_BOUND('',#808,.T.);
#446=FACE_OUTER_BOUND('',#809,.T.);
#447=FACE_OUTER_BOUND('',#810,.T.);
#448=FACE_OUTER_BOUND('',#811,.T.);
#449=FACE_OUTER_BOUND('',#812,.T.);
#450=FACE_OUTER_BOUND('',#813,.T.);
#451=FACE_OUTER_BOUND('',#814,.T.);
#452=FACE_OUTER_BOUND('',#815,.T.);
#453=FACE_OUTER_BOUND('',#816,.T.);
#454=FACE_OUTER_BOUND('',#817,.T.);
#455=FACE_OUTER_BOUND('',#818,.T.);
#456=FACE_OUTER_BOUND('',#819,.T.);
#457=FACE_OUTER_BOUND('',#820,.T.);
#458=FACE_OUTER_BOUND('',#821,.T.);
#459=FACE_OUTER_BOUND('',#822,.T.);
#460=FACE_OUTER_BOUND('',#823,.T.);
#461=FACE_OUTER_BOUND('',#824,.T.);
#462=FACE_OUTER_BOUND('',#825,.T.);
#463=FACE_OUTER_BOUND('',#826,.T.);
#464=FACE_OUTER_BOUND('',#827,.T.);
#465=FACE_OUTER_BOUND('',#828,.T.);
#466=FACE_OUTER_BOUND('',#829,.T.);
#467=FACE_OUTER_BOUND('',#830,.T.);
#468=FACE_OUTER_BOUND('',#831,.T.);
#469=FACE_OUTER_BOUND('',#832,.T.);
#470=FACE_OUTER_BOUND('',#833,.T.);
#471=FACE_OUTER_BOUND('',#834,.T.);
#472=FACE_OUTER_BOUND('',#835,.T.);
#473=FACE_OUTER_BOUND('',#836,.T.);
#474=FACE_OUTER_BOUND('',#837,.T.);
#475=FACE_OUTER_BOUND('',#838,.T.);
#476=FACE_OUTER_BOUND('',#839,.T.);
#477=FACE_OUTER_BOUND('',#840,.T.);
#478=FACE_OUTER_BOUND('',#841,.T.);
#479=FACE_OUTER_BOUND('',#842,.T.);
#480=FACE_OUTER_BOUND('',#843,.T.);
#481=FACE_OUTER_BOUND('',#844,.T.);
#482=FACE_OUTER_BOUND('',#845,.T.);
#483=FACE_OUTER_BOUND('',#846,.T.);
#484=FACE_OUTER_BOUND('',#847,.T.);
#485=FACE_OUTER_BOUND('',#848,.T.);
#486=FACE_OUTER_BOUND('',#849,.T.);
#487=FACE_OUTER_BOUND('',#850,.T.);
#488=FACE_OUTER_BOUND('',#851,.T.);
#489=FACE_OUTER_BOUND('',#852,.T.);
#490=FACE_OUTER_BOUND('',#853,.T.);
#491=FACE_OUTER_BOUND('',#854,.T.);
#492=FACE_OUTER_BOUND('',#855,.T.);
#493=FACE_OUTER_BOUND('',#856,.T.);
#494=FACE_OUTER_BOUND('',#857,.T.);
#495=FACE_OUTER_BOUND('',#858,.T.);
#496=FACE_OUTER_BOUND('',#859,.T.);
#497=FACE_OUTER_BOUND('',#860,.T.);
#498=FACE_OUTER_BOUND('',#861,.T.);
#499=FACE_OUTER_BOUND('',#862,.T.);
#500=FACE_OUTER_BOUND('',#863,.T.);
#501=FACE_OUTER_BOUND('',#864,.T.);
#502=FACE_OUTER_BOUND('',#865,.T.);
#503=FACE_OUTER_BOUND('',#866,.T.);
#504=FACE_OUTER_BOUND('',#867,.T.);
#505=FACE_OUTER_BOUND('',#868,.T.);
#506=FACE_OUTER_BOUND('',#869,.T.);
#507=FACE_OUTER_BOUND('',#870,.T.);
#508=FACE_OUTER_BOUND('',#871,.T.);
#509=FACE_OUTER_BOUND('',#872,.T.);
#510=FACE_OUTER_BOUND('',#873,.T.);
#511=FACE_OUTER_BOUND('',#874,.T.);
#512=FACE_OUTER_BOUND('',#875,.T.);
#513=FACE_OUTER_BOUND('',#876,.T.);
#514=FACE_OUTER_BOUND('',#877,.T.);
#515=FACE_OUTER_BOUND('',#878,.T.);
#516=FACE_OUTER_BOUND('',#879,.T.);
#517=FACE_OUTER_BOUND('',#880,.T.);
#518=FACE_OUTER_BOUND('',#881,.T.);
#519=FACE_OUTER_BOUND('',#882,.T.);
#520=FACE_OUTER_BOUND('',#883,.T.);
#521=FACE_OUTER_BOUND('',#884,.T.);
#522=FACE_OUTER_BOUND('',#885,.T.);
#523=FACE_OUTER_BOUND('',#886,.T.);
#524=FACE_OUTER_BOUND('',#887,.T.);
#525=FACE_OUTER_BOUND('',#888,.T.);
#526=FACE_OUTER_BOUND('',#889,.T.);
#527=FACE_OUTER_BOUND('',#890,.T.);
#528=FACE_OUTER_BOUND('',#891,.T.);
#529=FACE_OUTER_BOUND('',#892,.T.);
#530=FACE_OUTER_BOUND('',#893,.T.);
#531=FACE_OUTER_BOUND('',#894,.T.);
#532=FACE_OUTER_BOUND('',#895,.T.);
#533=FACE_OUTER_BOUND('',#896,.T.);
#534=FACE_OUTER_BOUND('',#897,.T.);
#535=FACE_OUTER_BOUND('',#898,.T.);
#536=FACE_OUTER_BOUND('',#899,.T.);
#537=FACE_OUTER_BOUND('',#900,.T.);
#538=FACE_OUTER_BOUND('',#901,.T.);
#539=FACE_OUTER_BOUND('',#902,.T.);
#540=FACE_OUTER_BOUND('',#903,.T.);
#541=FACE_OUTER_BOUND('',#904,.T.);
#542=FACE_OUTER_BOUND('',#905,.T.);
#543=FACE_OUTER_BOUND('',#906,.T.);
#544=FACE_OUTER_BOUND('',#907,.T.);
#545=FACE_OUTER_BOUND('',#908,.T.);
#546=FACE_OUTER_BOUND('',#909,.T.);
#547=FACE_OUTER_BOUND('',#910,.T.);
#548=FACE_OUTER_BOUND('',#911,.T.);
#549=FACE_OUTER_BOUND('',#912,.T.);
#550=FACE_OUTER_BOUND('',#913,.T.);
#551=FACE_OUTER_BOUND('',#914,.T.);
#552=FACE_OUTER_BOUND('',#915,.T.);
#553=FACE_OUTER_BOUND('',#916,.T.);
#554=FACE_OUTER_BOUND('',#917,.T.);
#555=FACE_OUTER_BOUND('',#918,.T.);
#556=FACE_OUTER_BOUND('',#919,.T.);
#557=FACE_OUTER_BOUND('',#920,.T.);
#558=FACE_OUTER_BOUND('',#921,.T.);
#559=FACE_OUTER_BOUND('',#922,.T.);
#560=FACE_OUTER_BOUND('',#923,.T.);
#561=FACE_OUTER_BOUND('',#924,.T.);
#562=FACE_OUTER_BOUND('',#925,.T.);
#563=FACE_OUTER_BOUND('',#926,.T.);
#564=FACE_OUTER_BOUND('',#927,.T.);
#565=FACE_OUTER_BOUND('',#928,.T.);
#566=FACE_OUTER_BOUND('',#929,.T.);
#567=FACE_OUTER_BOUND('',#930,.T.);
#568=FACE_OUTER_BOUND('',#931,.T.);
#569=FACE_OUTER_BOUND('',#932,.T.);
#570=FACE_OUTER_BOUND('',#933,.T.);
#571=FACE_OUTER_BOUND('',#934,.T.);
#572=FACE_OUTER_BOUND('',#935,.T.);
#573=FACE_OUTER_BOUND('',#936,.T.);
#574=FACE_OUTER_BOUND('',#937,.T.);
#575=FACE_OUTER_BOUND('',#938,.T.);
#576=FACE_OUTER_BOUND('',#939,.T.);
#577=FACE_OUTER_BOUND('',#940,.T.);
#578=FACE_OUTER_BOUND('',#941,.T.);
#579=FACE_OUTER_BOUND('',#943,.T.);
#580=FACE_OUTER_BOUND('',#945,.T.);
#581=FACE_OUTER_BOUND('',#947,.T.);
#582=FACE_OUTER_BOUND('',#949,.T.);
#583=FACE_OUTER_BOUND('',#958,.T.);
#584=FACE_OUTER_BOUND('',#959,.T.);
#585=FACE_OUTER_BOUND('',#960,.T.);
#586=FACE_OUTER_BOUND('',#961,.T.);
#587=FACE_OUTER_BOUND('',#962,.T.);
#588=FACE_OUTER_BOUND('',#963,.T.);
#589=FACE_OUTER_BOUND('',#964,.T.);
#590=FACE_OUTER_BOUND('',#965,.T.);
#591=FACE_OUTER_BOUND('',#966,.T.);
#592=FACE_OUTER_BOUND('',#967,.T.);
#593=FACE_OUTER_BOUND('',#968,.T.);
#594=FACE_OUTER_BOUND('',#969,.T.);
#595=FACE_OUTER_BOUND('',#970,.T.);
#596=FACE_OUTER_BOUND('',#972,.T.);
#597=FACE_OUTER_BOUND('',#973,.T.);
#598=FACE_OUTER_BOUND('',#974,.T.);
#599=FACE_OUTER_BOUND('',#975,.T.);
#600=FACE_OUTER_BOUND('',#977,.T.);
#601=FACE_OUTER_BOUND('',#978,.T.);
#602=FACE_OUTER_BOUND('',#979,.T.);
#603=FACE_OUTER_BOUND('',#980,.T.);
#604=FACE_OUTER_BOUND('',#981,.T.);
#605=FACE_OUTER_BOUND('',#983,.T.);
#606=FACE_OUTER_BOUND('',#984,.T.);
#607=FACE_OUTER_BOUND('',#986,.T.);
#608=FACE_OUTER_BOUND('',#987,.T.);
#609=FACE_OUTER_BOUND('',#988,.T.);
#610=FACE_OUTER_BOUND('',#990,.T.);
#611=FACE_OUTER_BOUND('',#991,.T.);
#612=FACE_OUTER_BOUND('',#992,.T.);
#613=FACE_OUTER_BOUND('',#993,.T.);
#614=FACE_OUTER_BOUND('',#995,.T.);
#615=FACE_OUTER_BOUND('',#996,.T.);
#616=FACE_OUTER_BOUND('',#997,.T.);
#617=FACE_OUTER_BOUND('',#998,.T.);
#618=FACE_OUTER_BOUND('',#999,.T.);
#619=FACE_OUTER_BOUND('',#1000,.T.);
#620=FACE_OUTER_BOUND('',#1001,.T.);
#621=FACE_OUTER_BOUND('',#1002,.T.);
#622=FACE_OUTER_BOUND('',#1004,.T.);
#623=FACE_OUTER_BOUND('',#1006,.T.);
#624=FACE_OUTER_BOUND('',#1025,.T.);
#625=FACE_OUTER_BOUND('',#1026,.T.);
#626=FACE_OUTER_BOUND('',#1027,.T.);
#627=FACE_OUTER_BOUND('',#1028,.T.);
#628=FACE_OUTER_BOUND('',#1029,.T.);
#629=FACE_OUTER_BOUND('',#1030,.T.);
#630=FACE_OUTER_BOUND('',#1031,.T.);
#631=FACE_OUTER_BOUND('',#1032,.T.);
#632=FACE_OUTER_BOUND('',#1035,.T.);
#633=FACE_OUTER_BOUND('',#1036,.T.);
#634=FACE_OUTER_BOUND('',#1037,.T.);
#635=FACE_OUTER_BOUND('',#1038,.T.);
#636=FACE_OUTER_BOUND('',#1039,.T.);
#637=FACE_OUTER_BOUND('',#1040,.T.);
#638=FACE_OUTER_BOUND('',#1051,.T.);
#639=FACE_OUTER_BOUND('',#1052,.T.);
#640=FACE_OUTER_BOUND('',#1053,.T.);
#641=FACE_OUTER_BOUND('',#1054,.T.);
#642=FACE_OUTER_BOUND('',#1055,.T.);
#643=FACE_OUTER_BOUND('',#1056,.T.);
#644=FACE_OUTER_BOUND('',#1057,.T.);
#645=FACE_OUTER_BOUND('',#1058,.T.);
#646=FACE_OUTER_BOUND('',#1059,.T.);
#647=FACE_OUTER_BOUND('',#1060,.T.);
#648=FACE_OUTER_BOUND('',#1061,.T.);
#649=FACE_OUTER_BOUND('',#1062,.T.);
#650=FACE_OUTER_BOUND('',#1063,.T.);
#651=FACE_OUTER_BOUND('',#1064,.T.);
#652=FACE_OUTER_BOUND('',#1065,.T.);
#653=FACE_OUTER_BOUND('',#1066,.T.);
#654=FACE_OUTER_BOUND('',#1067,.T.);
#655=FACE_OUTER_BOUND('',#1068,.T.);
#656=FACE_OUTER_BOUND('',#1069,.T.);
#657=FACE_OUTER_BOUND('',#1070,.T.);
#658=FACE_OUTER_BOUND('',#1071,.T.);
#659=FACE_OUTER_BOUND('',#1072,.T.);
#660=FACE_OUTER_BOUND('',#1073,.T.);
#661=FACE_OUTER_BOUND('',#1074,.T.);
#662=FACE_OUTER_BOUND('',#1075,.T.);
#663=FACE_OUTER_BOUND('',#1076,.T.);
#664=FACE_OUTER_BOUND('',#1077,.T.);
#665=FACE_OUTER_BOUND('',#1078,.T.);
#666=FACE_OUTER_BOUND('',#1079,.T.);
#667=FACE_OUTER_BOUND('',#1080,.T.);
#668=FACE_OUTER_BOUND('',#1081,.T.);
#669=FACE_OUTER_BOUND('',#1082,.T.);
#670=FACE_OUTER_BOUND('',#1083,.T.);
#671=FACE_OUTER_BOUND('',#1084,.T.);
#672=FACE_OUTER_BOUND('',#1085,.T.);
#673=FACE_OUTER_BOUND('',#1086,.T.);
#674=FACE_OUTER_BOUND('',#1087,.T.);
#675=FACE_OUTER_BOUND('',#1088,.T.);
#676=FACE_OUTER_BOUND('',#1089,.T.);
#677=FACE_OUTER_BOUND('',#1090,.T.);
#678=FACE_OUTER_BOUND('',#1091,.T.);
#679=FACE_OUTER_BOUND('',#1092,.T.);
#680=FACE_OUTER_BOUND('',#1093,.T.);
#681=FACE_OUTER_BOUND('',#1094,.T.);
#682=FACE_OUTER_BOUND('',#1095,.T.);
#683=FACE_OUTER_BOUND('',#1096,.T.);
#684=FACE_OUTER_BOUND('',#1097,.T.);
#685=FACE_OUTER_BOUND('',#1098,.T.);
#686=FACE_OUTER_BOUND('',#1099,.T.);
#687=FACE_OUTER_BOUND('',#1100,.T.);
#688=FACE_OUTER_BOUND('',#1101,.T.);
#689=FACE_OUTER_BOUND('',#1102,.T.);
#690=FACE_OUTER_BOUND('',#1103,.T.);
#691=FACE_OUTER_BOUND('',#1104,.T.);
#692=FACE_OUTER_BOUND('',#1105,.T.);
#693=FACE_OUTER_BOUND('',#1106,.T.);
#694=FACE_OUTER_BOUND('',#1107,.T.);
#695=FACE_OUTER_BOUND('',#1108,.T.);
#696=FACE_OUTER_BOUND('',#1109,.T.);
#697=FACE_OUTER_BOUND('',#1110,.T.);
#698=FACE_OUTER_BOUND('',#1111,.T.);
#699=FACE_OUTER_BOUND('',#1112,.T.);
#700=FACE_OUTER_BOUND('',#1113,.T.);
#701=FACE_OUTER_BOUND('',#1114,.T.);
#702=FACE_OUTER_BOUND('',#1115,.T.);
#703=FACE_OUTER_BOUND('',#1116,.T.);
#704=FACE_OUTER_BOUND('',#1117,.T.);
#705=FACE_OUTER_BOUND('',#1118,.T.);
#706=FACE_OUTER_BOUND('',#1119,.T.);
#707=FACE_OUTER_BOUND('',#1120,.T.);
#708=FACE_OUTER_BOUND('',#1121,.T.);
#709=FACE_OUTER_BOUND('',#1122,.T.);
#710=FACE_OUTER_BOUND('',#1123,.T.);
#711=FACE_OUTER_BOUND('',#1124,.T.);
#712=FACE_OUTER_BOUND('',#1125,.T.);
#713=FACE_OUTER_BOUND('',#1126,.T.);
#714=FACE_OUTER_BOUND('',#1127,.T.);
#715=FACE_OUTER_BOUND('',#1128,.T.);
#716=FACE_OUTER_BOUND('',#1130,.T.);
#717=FACE_OUTER_BOUND('',#1131,.T.);
#718=FACE_OUTER_BOUND('',#1133,.T.);
#719=FACE_OUTER_BOUND('',#1134,.T.);
#720=FACE_OUTER_BOUND('',#1136,.T.);
#721=FACE_OUTER_BOUND('',#1137,.T.);
#722=FACE_OUTER_BOUND('',#1139,.T.);
#723=FACE_OUTER_BOUND('',#1140,.T.);
#724=FACE_OUTER_BOUND('',#1142,.T.);
#725=FACE_OUTER_BOUND('',#1143,.T.);
#726=FACE_OUTER_BOUND('',#1145,.T.);
#727=FACE_OUTER_BOUND('',#1146,.T.);
#728=FACE_OUTER_BOUND('',#1147,.T.);
#729=FACE_OUTER_BOUND('',#1164,.T.);
#730=FACE_OUTER_BOUND('',#1165,.T.);
#731=FACE_OUTER_BOUND('',#1166,.T.);
#732=FACE_OUTER_BOUND('',#1167,.T.);
#733=FACE_OUTER_BOUND('',#1168,.T.);
#734=FACE_OUTER_BOUND('',#1169,.T.);
#735=FACE_OUTER_BOUND('',#1170,.T.);
#736=EDGE_LOOP('',(#4740,#4741,#4742,#4743));
#737=EDGE_LOOP('',(#4744,#4745,#4746,#4747,#4748));
#738=EDGE_LOOP('',(#4749,#4750,#4751,#4752));
#739=EDGE_LOOP('',(#4753,#4754,#4755,#4756));
#740=EDGE_LOOP('',(#4757,#4758,#4759,#4760,#4761));
#741=EDGE_LOOP('',(#4762,#4763,#4764,#4765,#4766,#4767));
#742=EDGE_LOOP('',(#4768,#4769,#4770,#4771));
#743=EDGE_LOOP('',(#4772,#4773,#4774,#4775,#4776));
#744=EDGE_LOOP('',(#4777,#4778,#4779,#4780,#4781));
#745=EDGE_LOOP('',(#4782,#4783,#4784,#4785));
#746=EDGE_LOOP('',(#4786,#4787,#4788,#4789,#4790));
#747=EDGE_LOOP('',(#4791,#4792,#4793,#4794));
#748=EDGE_LOOP('',(#4795,#4796,#4797,#4798,#4799));
#749=EDGE_LOOP('',(#4800,#4801,#4802,#4803,#4804,#4805));
#750=EDGE_LOOP('',(#4806,#4807,#4808,#4809));
#751=EDGE_LOOP('',(#4810,#4811,#4812,#4813,#4814,#4815));
#752=EDGE_LOOP('',(#4816,#4817,#4818,#4819));
#753=EDGE_LOOP('',(#4820,#4821,#4822,#4823));
#754=EDGE_LOOP('',(#4824,#4825,#4826,#4827,#4828));
#755=EDGE_LOOP('',(#4829,#4830,#4831,#4832,#4833,#4834));
#756=EDGE_LOOP('',(#4835,#4836,#4837,#4838,#4839));
#757=EDGE_LOOP('',(#4840,#4841,#4842,#4843));
#758=EDGE_LOOP('',(#4844,#4845,#4846,#4847,#4848,#4849));
#759=EDGE_LOOP('',(#4850,#4851,#4852,#4853,#4854,#4855,#4856,#4857,#4858,
#4859,#4860,#4861,#4862,#4863,#4864,#4865,#4866));
#760=EDGE_LOOP('',(#4867,#4868,#4869,#4870,#4871,#4872,#4873,#4874,#4875,
#4876,#4877,#4878,#4879,#4880,#4881,#4882));
#761=EDGE_LOOP('',(#4883,#4884,#4885,#4886));
#762=EDGE_LOOP('',(#4887,#4888,#4889,#4890));
#763=EDGE_LOOP('',(#4891,#4892,#4893,#4894));
#764=EDGE_LOOP('',(#4895,#4896,#4897,#4898,#4899,#4900,#4901,#4902,#4903,
#4904,#4905,#4906,#4907,#4908,#4909,#4910,#4911,#4912,#4913,#4914,#4915));
#765=EDGE_LOOP('',(#4916,#4917,#4918,#4919,#4920,#4921,#4922,#4923,#4924,
#4925,#4926,#4927,#4928,#4929,#4930,#4931,#4932,#4933,#4934,#4935,#4936,
#4937,#4938,#4939,#4940,#4941,#4942,#4943,#4944,#4945,#4946,#4947,#4948,
#4949,#4950,#4951,#4952,#4953,#4954,#4955,#4956,#4957,#4958,#4959,#4960,
#4961,#4962,#4963,#4964,#4965));
#766=EDGE_LOOP('',(#4966,#4967,#4968,#4969));
#767=EDGE_LOOP('',(#4970));
#768=EDGE_LOOP('',(#4971,#4972,#4973,#4974));
#769=EDGE_LOOP('',(#4975,#4976,#4977,#4978));
#770=EDGE_LOOP('',(#4979,#4980,#4981,#4982));
#771=EDGE_LOOP('',(#4983,#4984,#4985,#4986));
#772=EDGE_LOOP('',(#4987,#4988,#4989,#4990));
#773=EDGE_LOOP('',(#4991,#4992,#4993,#4994));
#774=EDGE_LOOP('',(#4995,#4996,#4997,#4998));
#775=EDGE_LOOP('',(#4999,#5000,#5001,#5002));
#776=EDGE_LOOP('',(#5003,#5004,#5005,#5006));
#777=EDGE_LOOP('',(#5007,#5008,#5009,#5010));
#778=EDGE_LOOP('',(#5011,#5012,#5013,#5014,#5015));
#779=EDGE_LOOP('',(#5016,#5017,#5018,#5019));
#780=EDGE_LOOP('',(#5020,#5021,#5022,#5023));
#781=EDGE_LOOP('',(#5024,#5025,#5026,#5027));
#782=EDGE_LOOP('',(#5028,#5029,#5030,#5031));
#783=EDGE_LOOP('',(#5032,#5033,#5034,#5035));
#784=EDGE_LOOP('',(#5036,#5037,#5038,#5039));
#785=EDGE_LOOP('',(#5040,#5041,#5042,#5043));
#786=EDGE_LOOP('',(#5044,#5045,#5046,#5047));
#787=EDGE_LOOP('',(#5048,#5049,#5050,#5051));
#788=EDGE_LOOP('',(#5052,#5053,#5054,#5055));
#789=EDGE_LOOP('',(#5056,#5057,#5058,#5059));
#790=EDGE_LOOP('',(#5060,#5061,#5062,#5063));
#791=EDGE_LOOP('',(#5064,#5065,#5066,#5067));
#792=EDGE_LOOP('',(#5068,#5069,#5070,#5071));
#793=EDGE_LOOP('',(#5072,#5073,#5074,#5075));
#794=EDGE_LOOP('',(#5076,#5077,#5078,#5079));
#795=EDGE_LOOP('',(#5080,#5081,#5082,#5083));
#796=EDGE_LOOP('',(#5084,#5085,#5086,#5087));
#797=EDGE_LOOP('',(#5088,#5089,#5090,#5091));
#798=EDGE_LOOP('',(#5092,#5093,#5094,#5095));
#799=EDGE_LOOP('',(#5096,#5097,#5098,#5099));
#800=EDGE_LOOP('',(#5100,#5101,#5102,#5103));
#801=EDGE_LOOP('',(#5104,#5105,#5106,#5107));
#802=EDGE_LOOP('',(#5108,#5109,#5110,#5111));
#803=EDGE_LOOP('',(#5112,#5113,#5114,#5115));
#804=EDGE_LOOP('',(#5116,#5117,#5118,#5119));
#805=EDGE_LOOP('',(#5120,#5121,#5122,#5123));
#806=EDGE_LOOP('',(#5124,#5125,#5126,#5127));
#807=EDGE_LOOP('',(#5128,#5129,#5130,#5131));
#808=EDGE_LOOP('',(#5132,#5133,#5134,#5135));
#809=EDGE_LOOP('',(#5136,#5137,#5138,#5139));
#810=EDGE_LOOP('',(#5140,#5141,#5142,#5143));
#811=EDGE_LOOP('',(#5144,#5145,#5146,#5147));
#812=EDGE_LOOP('',(#5148,#5149,#5150,#5151));
#813=EDGE_LOOP('',(#5152,#5153,#5154,#5155));
#814=EDGE_LOOP('',(#5156,#5157,#5158,#5159));
#815=EDGE_LOOP('',(#5160,#5161,#5162,#5163));
#816=EDGE_LOOP('',(#5164,#5165,#5166,#5167));
#817=EDGE_LOOP('',(#5168,#5169,#5170,#5171));
#818=EDGE_LOOP('',(#5172,#5173,#5174,#5175));
#819=EDGE_LOOP('',(#5176,#5177,#5178,#5179));
#820=EDGE_LOOP('',(#5180,#5181,#5182,#5183));
#821=EDGE_LOOP('',(#5184,#5185,#5186,#5187));
#822=EDGE_LOOP('',(#5188,#5189,#5190,#5191));
#823=EDGE_LOOP('',(#5192,#5193,#5194,#5195));
#824=EDGE_LOOP('',(#5196,#5197,#5198,#5199));
#825=EDGE_LOOP('',(#5200,#5201,#5202,#5203));
#826=EDGE_LOOP('',(#5204,#5205,#5206,#5207));
#827=EDGE_LOOP('',(#5208,#5209,#5210,#5211));
#828=EDGE_LOOP('',(#5212,#5213,#5214,#5215));
#829=EDGE_LOOP('',(#5216,#5217,#5218,#5219));
#830=EDGE_LOOP('',(#5220,#5221,#5222,#5223));
#831=EDGE_LOOP('',(#5224,#5225,#5226,#5227));
#832=EDGE_LOOP('',(#5228,#5229,#5230,#5231));
#833=EDGE_LOOP('',(#5232,#5233,#5234,#5235));
#834=EDGE_LOOP('',(#5236,#5237,#5238,#5239));
#835=EDGE_LOOP('',(#5240,#5241,#5242,#5243));
#836=EDGE_LOOP('',(#5244,#5245,#5246,#5247));
#837=EDGE_LOOP('',(#5248,#5249,#5250,#5251));
#838=EDGE_LOOP('',(#5252,#5253,#5254,#5255));
#839=EDGE_LOOP('',(#5256,#5257,#5258,#5259));
#840=EDGE_LOOP('',(#5260,#5261,#5262,#5263));
#841=EDGE_LOOP('',(#5264,#5265,#5266,#5267));
#842=EDGE_LOOP('',(#5268,#5269,#5270,#5271));
#843=EDGE_LOOP('',(#5272,#5273,#5274,#5275));
#844=EDGE_LOOP('',(#5276,#5277,#5278,#5279));
#845=EDGE_LOOP('',(#5280,#5281,#5282,#5283));
#846=EDGE_LOOP('',(#5284,#5285,#5286,#5287));
#847=EDGE_LOOP('',(#5288,#5289,#5290,#5291));
#848=EDGE_LOOP('',(#5292,#5293,#5294,#5295));
#849=EDGE_LOOP('',(#5296,#5297,#5298,#5299));
#850=EDGE_LOOP('',(#5300,#5301,#5302,#5303));
#851=EDGE_LOOP('',(#5304,#5305,#5306,#5307));
#852=EDGE_LOOP('',(#5308,#5309,#5310,#5311));
#853=EDGE_LOOP('',(#5312,#5313,#5314,#5315));
#854=EDGE_LOOP('',(#5316,#5317,#5318,#5319));
#855=EDGE_LOOP('',(#5320,#5321,#5322,#5323));
#856=EDGE_LOOP('',(#5324,#5325,#5326,#5327));
#857=EDGE_LOOP('',(#5328,#5329,#5330,#5331));
#858=EDGE_LOOP('',(#5332,#5333,#5334,#5335));
#859=EDGE_LOOP('',(#5336,#5337,#5338,#5339,#5340));
#860=EDGE_LOOP('',(#5341,#5342,#5343,#5344));
#861=EDGE_LOOP('',(#5345,#5346,#5347,#5348,#5349,#5350,#5351));
#862=EDGE_LOOP('',(#5352,#5353,#5354,#5355));
#863=EDGE_LOOP('',(#5356,#5357,#5358,#5359,#5360,#5361));
#864=EDGE_LOOP('',(#5362,#5363,#5364,#5365));
#865=EDGE_LOOP('',(#5366,#5367,#5368,#5369));
#866=EDGE_LOOP('',(#5370,#5371,#5372,#5373,#5374));
#867=EDGE_LOOP('',(#5375,#5376,#5377,#5378));
#868=EDGE_LOOP('',(#5379,#5380,#5381,#5382,#5383,#5384));
#869=EDGE_LOOP('',(#5385,#5386,#5387,#5388));
#870=EDGE_LOOP('',(#5389,#5390,#5391,#5392));
#871=EDGE_LOOP('',(#5393,#5394,#5395,#5396,#5397,#5398,#5399));
#872=EDGE_LOOP('',(#5400,#5401,#5402,#5403));
#873=EDGE_LOOP('',(#5404,#5405,#5406,#5407));
#874=EDGE_LOOP('',(#5408,#5409,#5410,#5411));
#875=EDGE_LOOP('',(#5412,#5413,#5414,#5415));
#876=EDGE_LOOP('',(#5416,#5417,#5418,#5419,#5420));
#877=EDGE_LOOP('',(#5421,#5422,#5423,#5424,#5425));
#878=EDGE_LOOP('',(#5426,#5427,#5428,#5429));
#879=EDGE_LOOP('',(#5430,#5431,#5432,#5433,#5434));
#880=EDGE_LOOP('',(#5435,#5436,#5437,#5438,#5439));
#881=EDGE_LOOP('',(#5440,#5441,#5442,#5443));
#882=EDGE_LOOP('',(#5444,#5445,#5446,#5447,#5448,#5449));
#883=EDGE_LOOP('',(#5450,#5451,#5452,#5453,#5454));
#884=EDGE_LOOP('',(#5455,#5456,#5457,#5458));
#885=EDGE_LOOP('',(#5459,#5460,#5461,#5462,#5463,#5464,#5465));
#886=EDGE_LOOP('',(#5466,#5467,#5468,#5469));
#887=EDGE_LOOP('',(#5470,#5471,#5472,#5473));
#888=EDGE_LOOP('',(#5474,#5475,#5476,#5477));
#889=EDGE_LOOP('',(#5478,#5479,#5480,#5481));
#890=EDGE_LOOP('',(#5482,#5483,#5484,#5485));
#891=EDGE_LOOP('',(#5486,#5487,#5488,#5489,#5490));
#892=EDGE_LOOP('',(#5491,#5492,#5493,#5494,#5495,#5496,#5497));
#893=EDGE_LOOP('',(#5498,#5499,#5500,#5501));
#894=EDGE_LOOP('',(#5502,#5503,#5504,#5505,#5506,#5507));
#895=EDGE_LOOP('',(#5508,#5509,#5510,#5511));
#896=EDGE_LOOP('',(#5512,#5513,#5514,#5515));
#897=EDGE_LOOP('',(#5516,#5517,#5518,#5519));
#898=EDGE_LOOP('',(#5520,#5521,#5522,#5523));
#899=EDGE_LOOP('',(#5524,#5525,#5526,#5527));
#900=EDGE_LOOP('',(#5528,#5529,#5530,#5531,#5532,#5533,#5534));
#901=EDGE_LOOP('',(#5535,#5536,#5537,#5538,#5539));
#902=EDGE_LOOP('',(#5540,#5541,#5542,#5543));
#903=EDGE_LOOP('',(#5544,#5545,#5546,#5547,#5548,#5549));
#904=EDGE_LOOP('',(#5550,#5551,#5552,#5553));
#905=EDGE_LOOP('',(#5554,#5555,#5556,#5557));
#906=EDGE_LOOP('',(#5558,#5559,#5560,#5561));
#907=EDGE_LOOP('',(#5562,#5563,#5564,#5565));
#908=EDGE_LOOP('',(#5566,#5567,#5568,#5569));
#909=EDGE_LOOP('',(#5570,#5571,#5572,#5573));
#910=EDGE_LOOP('',(#5574,#5575,#5576,#5577));
#911=EDGE_LOOP('',(#5578,#5579,#5580,#5581));
#912=EDGE_LOOP('',(#5582,#5583,#5584,#5585));
#913=EDGE_LOOP('',(#5586,#5587,#5588,#5589));
#914=EDGE_LOOP('',(#5590,#5591,#5592,#5593,#5594,#5595));
#915=EDGE_LOOP('',(#5596,#5597,#5598,#5599));
#916=EDGE_LOOP('',(#5600,#5601,#5602,#5603,#5604));
#917=EDGE_LOOP('',(#5605,#5606,#5607,#5608,#5609,#5610,#5611));
#918=EDGE_LOOP('',(#5612,#5613,#5614,#5615));
#919=EDGE_LOOP('',(#5616,#5617,#5618,#5619));
#920=EDGE_LOOP('',(#5620,#5621,#5622,#5623));
#921=EDGE_LOOP('',(#5624,#5625,#5626,#5627));
#922=EDGE_LOOP('',(#5628,#5629,#5630,#5631));
#923=EDGE_LOOP('',(#5632,#5633,#5634,#5635));
#924=EDGE_LOOP('',(#5636,#5637,#5638,#5639,#5640));
#925=EDGE_LOOP('',(#5641,#5642,#5643,#5644,#5645));
#926=EDGE_LOOP('',(#5646,#5647,#5648,#5649,#5650));
#927=EDGE_LOOP('',(#5651,#5652,#5653,#5654));
#928=EDGE_LOOP('',(#5655,#5656,#5657,#5658));
#929=EDGE_LOOP('',(#5659,#5660,#5661,#5662,#5663));
#930=EDGE_LOOP('',(#5664,#5665,#5666,#5667,#5668,#5669,#5670,#5671,#5672,
#5673));
#931=EDGE_LOOP('',(#5674,#5675,#5676,#5677));
#932=EDGE_LOOP('',(#5678,#5679,#5680,#5681,#5682));
#933=EDGE_LOOP('',(#5683,#5684,#5685,#5686,#5687,#5688,#5689));
#934=EDGE_LOOP('',(#5690,#5691,#5692,#5693,#5694));
#935=EDGE_LOOP('',(#5695,#5696,#5697,#5698,#5699));
#936=EDGE_LOOP('',(#5700,#5701,#5702,#5703));
#937=EDGE_LOOP('',(#5704,#5705,#5706,#5707,#5708));
#938=EDGE_LOOP('',(#5709,#5710,#5711,#5712));
#939=EDGE_LOOP('',(#5713,#5714,#5715,#5716,#5717,#5718,#5719));
#940=EDGE_LOOP('',(#5720,#5721,#5722,#5723,#5724,#5725,#5726));
#941=EDGE_LOOP('',(#5727,#5728,#5729,#5730,#5731,#5732,#5733,#5734,#5735,
#5736,#5737,#5738,#5739,#5740,#5741,#5742,#5743,#5744));
#942=EDGE_LOOP('',(#5745,#5746,#5747,#5748));
#943=EDGE_LOOP('',(#5749,#5750,#5751,#5752,#5753,#5754,#5755,#5756,#5757,
#5758,#5759,#5760,#5761,#5762,#5763));
#944=EDGE_LOOP('',(#5764,#5765,#5766,#5767));
#945=EDGE_LOOP('',(#5768,#5769,#5770,#5771,#5772,#5773,#5774,#5775,#5776,
#5777,#5778,#5779,#5780,#5781,#5782,#5783,#5784,#5785));
#946=EDGE_LOOP('',(#5786,#5787,#5788,#5789));
#947=EDGE_LOOP('',(#5790,#5791,#5792,#5793,#5794,#5795,#5796,#5797,#5798,
#5799,#5800,#5801,#5802,#5803,#5804));
#948=EDGE_LOOP('',(#5805,#5806,#5807,#5808));
#949=EDGE_LOOP('',(#5809,#5810,#5811,#5812,#5813,#5814,#5815,#5816,#5817,
#5818,#5819,#5820,#5821,#5822,#5823,#5824,#5825,#5826,#5827,#5828,#5829,
#5830));
#950=EDGE_LOOP('',(#5831,#5832,#5833,#5834));
#951=EDGE_LOOP('',(#5835,#5836,#5837,#5838));
#952=EDGE_LOOP('',(#5839,#5840,#5841,#5842));
#953=EDGE_LOOP('',(#5843,#5844,#5845,#5846));
#954=EDGE_LOOP('',(#5847,#5848,#5849,#5850));
#955=EDGE_LOOP('',(#5851,#5852,#5853,#5854));
#956=EDGE_LOOP('',(#5855,#5856,#5857,#5858));
#957=EDGE_LOOP('',(#5859,#5860,#5861,#5862));
#958=EDGE_LOOP('',(#5863,#5864,#5865,#5866));
#959=EDGE_LOOP('',(#5867,#5868,#5869,#5870));
#960=EDGE_LOOP('',(#5871,#5872,#5873,#5874));
#961=EDGE_LOOP('',(#5875,#5876,#5877,#5878));
#962=EDGE_LOOP('',(#5879,#5880,#5881,#5882));
#963=EDGE_LOOP('',(#5883,#5884,#5885,#5886));
#964=EDGE_LOOP('',(#5887,#5888,#5889,#5890));
#965=EDGE_LOOP('',(#5891,#5892,#5893,#5894));
#966=EDGE_LOOP('',(#5895,#5896,#5897,#5898));
#967=EDGE_LOOP('',(#5899,#5900,#5901,#5902));
#968=EDGE_LOOP('',(#5903,#5904,#5905,#5906,#5907,#5908,#5909));
#969=EDGE_LOOP('',(#5910,#5911,#5912,#5913));
#970=EDGE_LOOP('',(#5914,#5915,#5916,#5917));
#971=EDGE_LOOP('',(#5918));
#972=EDGE_LOOP('',(#5919,#5920,#5921,#5922));
#973=EDGE_LOOP('',(#5923,#5924,#5925,#5926,#5927,#5928,#5929,#5930,#5931,
#5932,#5933,#5934,#5935,#5936,#5937,#5938,#5939,#5940,#5941,#5942,#5943));
#974=EDGE_LOOP('',(#5944,#5945,#5946,#5947));
#975=EDGE_LOOP('',(#5948,#5949,#5950,#5951,#5952));
#976=EDGE_LOOP('',(#5953));
#977=EDGE_LOOP('',(#5954,#5955,#5956,#5957));
#978=EDGE_LOOP('',(#5958,#5959,#5960,#5961,#5962));
#979=EDGE_LOOP('',(#5963,#5964,#5965,#5966,#5967,#5968,#5969,#5970,#5971,
#5972,#5973,#5974,#5975,#5976,#5977,#5978));
#980=EDGE_LOOP('',(#5979,#5980,#5981,#5982));
#981=EDGE_LOOP('',(#5983,#5984,#5985,#5986,#5987));
#982=EDGE_LOOP('',(#5988));
#983=EDGE_LOOP('',(#5989,#5990,#5991,#5992));
#984=EDGE_LOOP('',(#5993,#5994,#5995,#5996,#5997));
#985=EDGE_LOOP('',(#5998));
#986=EDGE_LOOP('',(#5999));
#987=EDGE_LOOP('',(#6000,#6001,#6002,#6003));
#988=EDGE_LOOP('',(#6004,#6005,#6006,#6007));
#989=EDGE_LOOP('',(#6008));
#990=EDGE_LOOP('',(#6009,#6010,#6011,#6012,#6013,#6014,#6015,#6016,#6017,
#6018,#6019,#6020,#6021,#6022,#6023,#6024,#6025,#6026,#6027,#6028,#6029,
#6030,#6031,#6032,#6033,#6034,#6035,#6036,#6037,#6038,#6039,#6040));
#991=EDGE_LOOP('',(#6041));
#992=EDGE_LOOP('',(#6042,#6043,#6044,#6045));
#993=EDGE_LOOP('',(#6046,#6047,#6048,#6049,#6050));
#994=EDGE_LOOP('',(#6051));
#995=EDGE_LOOP('',(#6052));
#996=EDGE_LOOP('',(#6053,#6054,#6055,#6056));
#997=EDGE_LOOP('',(#6057));
#998=EDGE_LOOP('',(#6058,#6059,#6060,#6061));
#999=EDGE_LOOP('',(#6062));
#1000=EDGE_LOOP('',(#6063,#6064,#6065,#6066,#6067,#6068,#6069,#6070,#6071));
#1001=EDGE_LOOP('',(#6072,#6073,#6074,#6075,#6076,#6077,#6078,#6079,#6080));
#1002=EDGE_LOOP('',(#6081,#6082,#6083,#6084,#6085,#6086,#6087,#6088,#6089,
#6090,#6091,#6092));
#1003=EDGE_LOOP('',(#6093,#6094,#6095,#6096,#6097,#6098,#6099,#6100));
#1004=EDGE_LOOP('',(#6101,#6102,#6103,#6104,#6105,#6106));
#1005=EDGE_LOOP('',(#6107));
#1006=EDGE_LOOP('',(#6108,#6109,#6110,#6111,#6112,#6113,#6114,#6115,#6116,
#6117,#6118,#6119,#6120,#6121,#6122,#6123,#6124,#6125));
#1007=EDGE_LOOP('',(#6126,#6127,#6128,#6129));
#1008=EDGE_LOOP('',(#6130,#6131,#6132,#6133));
#1009=EDGE_LOOP('',(#6134,#6135,#6136,#6137,#6138));
#1010=EDGE_LOOP('',(#6139,#6140,#6141,#6142));
#1011=EDGE_LOOP('',(#6143,#6144,#6145,#6146));
#1012=EDGE_LOOP('',(#6147,#6148,#6149,#6150));
#1013=EDGE_LOOP('',(#6151,#6152,#6153,#6154));
#1014=EDGE_LOOP('',(#6155,#6156,#6157,#6158));
#1015=EDGE_LOOP('',(#6159,#6160,#6161,#6162));
#1016=EDGE_LOOP('',(#6163,#6164,#6165,#6166));
#1017=EDGE_LOOP('',(#6167,#6168,#6169,#6170));
#1018=EDGE_LOOP('',(#6171,#6172,#6173,#6174));
#1019=EDGE_LOOP('',(#6175,#6176,#6177,#6178));
#1020=EDGE_LOOP('',(#6179,#6180,#6181,#6182));
#1021=EDGE_LOOP('',(#6183,#6184,#6185,#6186));
#1022=EDGE_LOOP('',(#6187,#6188,#6189,#6190));
#1023=EDGE_LOOP('',(#6191));
#1024=EDGE_LOOP('',(#6192));
#1025=EDGE_LOOP('',(#6193,#6194,#6195,#6196));
#1026=EDGE_LOOP('',(#6197,#6198,#6199,#6200));
#1027=EDGE_LOOP('',(#6201,#6202,#6203,#6204));
#1028=EDGE_LOOP('',(#6205,#6206,#6207,#6208));
#1029=EDGE_LOOP('',(#6209,#6210,#6211,#6212,#6213,#6214,#6215,#6216,#6217,
#6218));
#1030=EDGE_LOOP('',(#6219,#6220,#6221,#6222));
#1031=EDGE_LOOP('',(#6223,#6224,#6225,#6226,#6227));
#1032=EDGE_LOOP('',(#6228,#6229,#6230,#6231,#6232,#6233,#6234,#6235,#6236,
#6237,#6238,#6239,#6240,#6241,#6242,#6243,#6244,#6245));
#1033=EDGE_LOOP('',(#6246,#6247,#6248,#6249));
#1034=EDGE_LOOP('',(#6250,#6251,#6252,#6253));
#1035=EDGE_LOOP('',(#6254,#6255,#6256,#6257,#6258));
#1036=EDGE_LOOP('',(#6259,#6260,#6261,#6262));
#1037=EDGE_LOOP('',(#6263,#6264,#6265,#6266));
#1038=EDGE_LOOP('',(#6267,#6268,#6269,#6270));
#1039=EDGE_LOOP('',(#6271,#6272,#6273,#6274,#6275));
#1040=EDGE_LOOP('',(#6276,#6277,#6278,#6279,#6280,#6281));
#1041=EDGE_LOOP('',(#6282,#6283,#6284,#6285));
#1042=EDGE_LOOP('',(#6286,#6287,#6288,#6289));
#1043=EDGE_LOOP('',(#6290,#6291,#6292,#6293));
#1044=EDGE_LOOP('',(#6294,#6295,#6296,#6297));
#1045=EDGE_LOOP('',(#6298,#6299,#6300,#6301));
#1046=EDGE_LOOP('',(#6302,#6303,#6304,#6305));
#1047=EDGE_LOOP('',(#6306,#6307,#6308,#6309));
#1048=EDGE_LOOP('',(#6310,#6311,#6312,#6313));
#1049=EDGE_LOOP('',(#6314,#6315,#6316,#6317));
#1050=EDGE_LOOP('',(#6318,#6319,#6320,#6321));
#1051=EDGE_LOOP('',(#6322,#6323,#6324,#6325,#6326));
#1052=EDGE_LOOP('',(#6327,#6328,#6329,#6330));
#1053=EDGE_LOOP('',(#6331));
#1054=EDGE_LOOP('',(#6332,#6333,#6334,#6335));
#1055=EDGE_LOOP('',(#6336,#6337,#6338,#6339));
#1056=EDGE_LOOP('',(#6340,#6341,#6342,#6343));
#1057=EDGE_LOOP('',(#6344,#6345,#6346,#6347));
#1058=EDGE_LOOP('',(#6348,#6349,#6350,#6351));
#1059=EDGE_LOOP('',(#6352,#6353,#6354,#6355));
#1060=EDGE_LOOP('',(#6356,#6357,#6358,#6359));
#1061=EDGE_LOOP('',(#6360,#6361,#6362,#6363));
#1062=EDGE_LOOP('',(#6364,#6365,#6366,#6367));
#1063=EDGE_LOOP('',(#6368,#6369,#6370,#6371));
#1064=EDGE_LOOP('',(#6372,#6373,#6374,#6375));
#1065=EDGE_LOOP('',(#6376,#6377,#6378,#6379));
#1066=EDGE_LOOP('',(#6380,#6381,#6382,#6383));
#1067=EDGE_LOOP('',(#6384,#6385,#6386,#6387));
#1068=EDGE_LOOP('',(#6388,#6389,#6390,#6391));
#1069=EDGE_LOOP('',(#6392,#6393,#6394,#6395));
#1070=EDGE_LOOP('',(#6396,#6397,#6398,#6399));
#1071=EDGE_LOOP('',(#6400,#6401,#6402,#6403));
#1072=EDGE_LOOP('',(#6404,#6405,#6406,#6407));
#1073=EDGE_LOOP('',(#6408,#6409,#6410,#6411));
#1074=EDGE_LOOP('',(#6412,#6413,#6414,#6415));
#1075=EDGE_LOOP('',(#6416,#6417,#6418,#6419));
#1076=EDGE_LOOP('',(#6420,#6421,#6422,#6423));
#1077=EDGE_LOOP('',(#6424,#6425,#6426,#6427));
#1078=EDGE_LOOP('',(#6428,#6429,#6430,#6431));
#1079=EDGE_LOOP('',(#6432,#6433,#6434,#6435));
#1080=EDGE_LOOP('',(#6436,#6437,#6438,#6439));
#1081=EDGE_LOOP('',(#6440,#6441,#6442,#6443));
#1082=EDGE_LOOP('',(#6444,#6445,#6446,#6447));
#1083=EDGE_LOOP('',(#6448,#6449,#6450,#6451));
#1084=EDGE_LOOP('',(#6452,#6453,#6454,#6455));
#1085=EDGE_LOOP('',(#6456,#6457,#6458,#6459));
#1086=EDGE_LOOP('',(#6460,#6461,#6462,#6463));
#1087=EDGE_LOOP('',(#6464,#6465,#6466,#6467));
#1088=EDGE_LOOP('',(#6468,#6469,#6470,#6471));
#1089=EDGE_LOOP('',(#6472,#6473,#6474,#6475));
#1090=EDGE_LOOP('',(#6476,#6477,#6478,#6479));
#1091=EDGE_LOOP('',(#6480,#6481,#6482,#6483));
#1092=EDGE_LOOP('',(#6484,#6485,#6486,#6487));
#1093=EDGE_LOOP('',(#6488,#6489,#6490,#6491));
#1094=EDGE_LOOP('',(#6492,#6493,#6494,#6495));
#1095=EDGE_LOOP('',(#6496,#6497,#6498,#6499));
#1096=EDGE_LOOP('',(#6500,#6501,#6502,#6503));
#1097=EDGE_LOOP('',(#6504,#6505,#6506,#6507));
#1098=EDGE_LOOP('',(#6508,#6509,#6510,#6511));
#1099=EDGE_LOOP('',(#6512,#6513,#6514,#6515));
#1100=EDGE_LOOP('',(#6516,#6517,#6518,#6519));
#1101=EDGE_LOOP('',(#6520,#6521,#6522,#6523));
#1102=EDGE_LOOP('',(#6524,#6525,#6526,#6527));
#1103=EDGE_LOOP('',(#6528,#6529,#6530,#6531));
#1104=EDGE_LOOP('',(#6532,#6533,#6534,#6535));
#1105=EDGE_LOOP('',(#6536,#6537,#6538,#6539));
#1106=EDGE_LOOP('',(#6540,#6541,#6542,#6543));
#1107=EDGE_LOOP('',(#6544,#6545,#6546,#6547));
#1108=EDGE_LOOP('',(#6548,#6549,#6550,#6551));
#1109=EDGE_LOOP('',(#6552,#6553,#6554,#6555));
#1110=EDGE_LOOP('',(#6556,#6557,#6558,#6559));
#1111=EDGE_LOOP('',(#6560,#6561,#6562,#6563));
#1112=EDGE_LOOP('',(#6564,#6565,#6566,#6567));
#1113=EDGE_LOOP('',(#6568,#6569,#6570,#6571));
#1114=EDGE_LOOP('',(#6572,#6573,#6574,#6575));
#1115=EDGE_LOOP('',(#6576,#6577,#6578,#6579));
#1116=EDGE_LOOP('',(#6580,#6581,#6582,#6583));
#1117=EDGE_LOOP('',(#6584,#6585,#6586,#6587));
#1118=EDGE_LOOP('',(#6588,#6589,#6590,#6591));
#1119=EDGE_LOOP('',(#6592,#6593,#6594,#6595));
#1120=EDGE_LOOP('',(#6596,#6597,#6598,#6599));
#1121=EDGE_LOOP('',(#6600,#6601,#6602,#6603));
#1122=EDGE_LOOP('',(#6604,#6605,#6606,#6607));
#1123=EDGE_LOOP('',(#6608,#6609,#6610,#6611));
#1124=EDGE_LOOP('',(#6612,#6613,#6614,#6615));
#1125=EDGE_LOOP('',(#6616,#6617,#6618,#6619));
#1126=EDGE_LOOP('',(#6620,#6621,#6622,#6623));
#1127=EDGE_LOOP('',(#6624,#6625,#6626,#6627));
#1128=EDGE_LOOP('',(#6628,#6629));
#1129=EDGE_LOOP('',(#6630));
#1130=EDGE_LOOP('',(#6631,#6632,#6633,#6634));
#1131=EDGE_LOOP('',(#6635,#6636,#6637));
#1132=EDGE_LOOP('',(#6638));
#1133=EDGE_LOOP('',(#6639,#6640,#6641,#6642));
#1134=EDGE_LOOP('',(#6643,#6644,#6645));
#1135=EDGE_LOOP('',(#6646));
#1136=EDGE_LOOP('',(#6647,#6648,#6649,#6650));
#1137=EDGE_LOOP('',(#6651,#6652));
#1138=EDGE_LOOP('',(#6653));
#1139=EDGE_LOOP('',(#6654,#6655,#6656,#6657));
#1140=EDGE_LOOP('',(#6658,#6659,#6660));
#1141=EDGE_LOOP('',(#6661));
#1142=EDGE_LOOP('',(#6662,#6663,#6664,#6665));
#1143=EDGE_LOOP('',(#6666,#6667,#6668));
#1144=EDGE_LOOP('',(#6669));
#1145=EDGE_LOOP('',(#6670,#6671,#6672,#6673,#6674,#6675,#6676,#6677));
#1146=EDGE_LOOP('',(#6678,#6679,#6680,#6681,#6682,#6683));
#1147=EDGE_LOOP('',(#6684,#6685,#6686,#6687,#6688,#6689,#6690,#6691,#6692,
#6693,#6694,#6695,#6696,#6697,#6698,#6699,#6700,#6701));
#1148=EDGE_LOOP('',(#6702,#6703,#6704,#6705));
#1149=EDGE_LOOP('',(#6706,#6707,#6708,#6709));
#1150=EDGE_LOOP('',(#6710,#6711,#6712,#6713,#6714));
#1151=EDGE_LOOP('',(#6715,#6716,#6717,#6718));
#1152=EDGE_LOOP('',(#6719,#6720,#6721,#6722));
#1153=EDGE_LOOP('',(#6723,#6724,#6725,#6726));
#1154=EDGE_LOOP('',(#6727,#6728,#6729,#6730));
#1155=EDGE_LOOP('',(#6731,#6732,#6733,#6734));
#1156=EDGE_LOOP('',(#6735,#6736,#6737,#6738));
#1157=EDGE_LOOP('',(#6739,#6740,#6741,#6742));
#1158=EDGE_LOOP('',(#6743,#6744,#6745,#6746));
#1159=EDGE_LOOP('',(#6747,#6748,#6749,#6750));
#1160=EDGE_LOOP('',(#6751,#6752,#6753,#6754));
#1161=EDGE_LOOP('',(#6755,#6756,#6757,#6758));
#1162=EDGE_LOOP('',(#6759,#6760,#6761,#6762));
#1163=EDGE_LOOP('',(#6763,#6764,#6765,#6766));
#1164=EDGE_LOOP('',(#6767,#6768,#6769,#6770));
#1165=EDGE_LOOP('',(#6771,#6772,#6773,#6774,#6775,#6776,#6777,#6778,#6779,
#6780,#6781));
#1166=EDGE_LOOP('',(#6782,#6783,#6784,#6785,#6786,#6787,#6788,#6789));
#1167=EDGE_LOOP('',(#6790,#6791,#6792,#6793,#6794,#6795));
#1168=EDGE_LOOP('',(#6796,#6797,#6798,#6799));
#1169=EDGE_LOOP('',(#6800,#6801,#6802,#6803,#6804,#6805,#6806));
#1170=EDGE_LOOP('',(#6807,#6808,#6809,#6810,#6811,#6812,#6813,#6814));
#1171=EDGE_LOOP('',(#6815,#6816,#6817,#6818));
#1172=EDGE_LOOP('',(#6819,#6820,#6821,#6822));
#1173=EDGE_LOOP('',(#6823,#6824,#6825,#6826,#6827));
#1174=EDGE_LOOP('',(#6828,#6829,#6830,#6831));
#1175=EDGE_LOOP('',(#6832,#6833,#6834,#6835));
#1176=EDGE_LOOP('',(#6836,#6837,#6838,#6839));
#1177=EDGE_LOOP('',(#6840,#6841,#6842,#6843));
#1178=EDGE_LOOP('',(#6844,#6845,#6846,#6847));
#1179=EDGE_LOOP('',(#6848,#6849,#6850,#6851));
#1180=EDGE_LOOP('',(#6852,#6853,#6854,#6855));
#1181=EDGE_LOOP('',(#6856,#6857,#6858,#6859));
#1182=EDGE_LOOP('',(#6860,#6861,#6862,#6863));
#1183=EDGE_LOOP('',(#6864,#6865,#6866,#6867));
#1184=EDGE_LOOP('',(#6868,#6869,#6870,#6871));
#1185=EDGE_LOOP('',(#6872,#6873,#6874,#6875));
#1186=EDGE_LOOP('',(#6876,#6877,#6878,#6879));
#1187=EDGE_LOOP('',(#6880));
#1188=EDGE_LOOP('',(#6881));
#1189=EDGE_LOOP('',(#6882));
#1190=EDGE_LOOP('',(#6883));
#1191=EDGE_LOOP('',(#6884));
#1192=EDGE_LOOP('',(#6885));
#1193=LINE('',#10032,#2074);
#1194=LINE('',#10034,#2075);
#1195=LINE('',#10036,#2076);
#1196=LINE('',#10037,#2077);
#1197=LINE('',#10041,#2078);
#1198=LINE('',#10043,#2079);
#1199=LINE('',#10045,#2080);
#1200=LINE('',#10047,#2081);
#1201=LINE('',#10048,#2082);
#1202=LINE('',#10051,#2083);
#1203=LINE('',#10053,#2084);
#1204=LINE('',#10054,#2085);
#1205=LINE('',#10057,#2086);
#1206=LINE('',#10059,#2087);
#1207=LINE('',#10060,#2088);
#1208=LINE('',#10063,#2089);
#1209=LINE('',#10065,#2090);
#1210=LINE('',#10067,#2091);
#1211=LINE('',#10068,#2092);
#1212=LINE('',#10071,#2093);
#1213=LINE('',#10073,#2094);
#1214=LINE('',#10075,#2095);
#1215=LINE('',#10077,#2096);
#1216=LINE('',#10078,#2097);
#1217=LINE('',#10081,#2098);
#1218=LINE('',#10083,#2099);
#1219=LINE('',#10084,#2100);
#1220=LINE('',#10087,#2101);
#1221=LINE('',#10089,#2102);
#1222=LINE('',#10091,#2103);
#1223=LINE('',#10092,#2104);
#1224=LINE('',#10095,#2105);
#1225=LINE('',#10096,#2106);
#1226=LINE('',#10097,#2107);
#1227=LINE('',#10101,#2108);
#1228=LINE('',#10103,#2109);
#1229=LINE('',#10105,#2110);
#1230=LINE('',#10106,#2111);
#1231=LINE('',#10110,#2112);
#1232=LINE('',#10112,#2113);
#1233=LINE('',#10114,#2114);
#1234=LINE('',#10116,#2115);
#1235=LINE('',#10117,#2116);
#1236=LINE('',#10120,#2117);
#1237=LINE('',#10122,#2118);
#1238=LINE('',#10123,#2119);
#1239=LINE('',#10126,#2120);
#1240=LINE('',#10128,#2121);
#1241=LINE('',#10130,#2122);
#1242=LINE('',#10131,#2123);
#1243=LINE('',#10134,#2124);
#1244=LINE('',#10136,#2125);
#1245=LINE('',#10138,#2126);
#1246=LINE('',#10140,#2127);
#1247=LINE('',#10141,#2128);
#1248=LINE('',#10144,#2129);
#1249=LINE('',#10146,#2130);
#1250=LINE('',#10147,#2131);
#1251=LINE('',#10150,#2132);
#1252=LINE('',#10151,#2133);
#1253=LINE('',#10153,#2134);
#1254=LINE('',#10154,#2135);
#1255=LINE('',#10158,#2136);
#1256=LINE('',#10160,#2137);
#1257=LINE('',#10162,#2138);
#1258=LINE('',#10163,#2139);
#1259=LINE('',#10167,#2140);
#1260=LINE('',#10169,#2141);
#1261=LINE('',#10171,#2142);
#1262=LINE('',#10172,#2143);
#1263=LINE('',#10175,#2144);
#1264=LINE('',#10177,#2145);
#1265=LINE('',#10179,#2146);
#1266=LINE('',#10180,#2147);
#1267=LINE('',#10183,#2148);
#1268=LINE('',#10185,#2149);
#1269=LINE('',#10187,#2150);
#1270=LINE('',#10189,#2151);
#1271=LINE('',#10190,#2152);
#1272=LINE('',#10193,#2153);
#1273=LINE('',#10195,#2154);
#1274=LINE('',#10197,#2155);
#1275=LINE('',#10198,#2156);
#1276=LINE('',#10201,#2157);
#1277=LINE('',#10203,#2158);
#1278=LINE('',#10204,#2159);
#1279=LINE('',#10207,#2160);
#1280=LINE('',#10208,#2161);
#1281=LINE('',#10210,#2162);
#1282=LINE('',#10211,#2163);
#1283=LINE('',#10213,#2164);
#1284=LINE('',#10215,#2165);
#1285=LINE('',#10217,#2166);
#1286=LINE('',#10219,#2167);
#1287=LINE('',#10221,#2168);
#1288=LINE('',#10222,#2169);
#1289=LINE('',#10223,#2170);
#1290=LINE('',#10225,#2171);
#1291=LINE('',#10227,#2172);
#1292=LINE('',#10229,#2173);
#1293=LINE('',#10231,#2174);
#1294=LINE('',#10233,#2175);
#1295=LINE('',#10234,#2176);
#1296=LINE('',#10235,#2177);
#1297=LINE('',#10238,#2178);
#1298=LINE('',#10239,#2179);
#1299=LINE('',#10242,#2180);
#1300=LINE('',#10243,#2181);
#1301=LINE('',#10245,#2182);
#1302=LINE('',#10247,#2183);
#1303=LINE('',#10249,#2184);
#1304=LINE('',#10251,#2185);
#1305=LINE('',#10253,#2186);
#1306=LINE('',#10255,#2187);
#1307=LINE('',#10257,#2188);
#1308=LINE('',#10259,#2189);
#1309=LINE('',#10261,#2190);
#1310=LINE('',#10263,#2191);
#1311=LINE('',#10264,#2192);
#1312=LINE('',#10265,#2193);
#1313=LINE('',#10268,#2194);
#1314=LINE('',#10276,#2195);
#1315=LINE('',#10280,#2196);
#1316=LINE('',#10288,#2197);
#1317=LINE('',#10292,#2198);
#1318=LINE('',#10305,#2199);
#1319=LINE('',#10313,#2200);
#1320=LINE('',#10320,#2201);
#1321=LINE('',#10322,#2202);
#1322=LINE('',#10329,#2203);
#1323=LINE('',#10330,#2204);
#1324=LINE('',#10333,#2205);
#1325=LINE('',#10334,#2206);
#1326=LINE('',#10337,#2207);
#1327=LINE('',#10339,#2208);
#1328=LINE('',#10341,#2209);
#1329=LINE('',#10342,#2210);
#1330=LINE('',#10345,#2211);
#1331=LINE('',#10347,#2212);
#1332=LINE('',#10349,#2213);
#1333=LINE('',#10350,#2214);
#1334=LINE('',#10353,#2215);
#1335=LINE('',#10355,#2216);
#1336=LINE('',#10357,#2217);
#1337=LINE('',#10358,#2218);
#1338=LINE('',#10361,#2219);
#1339=LINE('',#10363,#2220);
#1340=LINE('',#10365,#2221);
#1341=LINE('',#10366,#2222);
#1342=LINE('',#10369,#2223);
#1343=LINE('',#10371,#2224);
#1344=LINE('',#10373,#2225);
#1345=LINE('',#10374,#2226);
#1346=LINE('',#10377,#2227);
#1347=LINE('',#10379,#2228);
#1348=LINE('',#10381,#2229);
#1349=LINE('',#10382,#2230);
#1350=LINE('',#10385,#2231);
#1351=LINE('',#10387,#2232);
#1352=LINE('',#10389,#2233);
#1353=LINE('',#10390,#2234);
#1354=LINE('',#10393,#2235);
#1355=LINE('',#10395,#2236);
#1356=LINE('',#10397,#2237);
#1357=LINE('',#10398,#2238);
#1358=LINE('',#10401,#2239);
#1359=LINE('',#10403,#2240);
#1360=LINE('',#10405,#2241);
#1361=LINE('',#10406,#2242);
#1362=LINE('',#10409,#2243);
#1363=LINE('',#10411,#2244);
#1364=LINE('',#10413,#2245);
#1365=LINE('',#10415,#2246);
#1366=LINE('',#10416,#2247);
#1367=LINE('',#10419,#2248);
#1368=LINE('',#10421,#2249);
#1369=LINE('',#10423,#2250);
#1370=LINE('',#10424,#2251);
#1371=LINE('',#10427,#2252);
#1372=LINE('',#10429,#2253);
#1373=LINE('',#10431,#2254);
#1374=LINE('',#10432,#2255);
#1375=LINE('',#10435,#2256);
#1376=LINE('',#10437,#2257);
#1377=LINE('',#10439,#2258);
#1378=LINE('',#10440,#2259);
#1379=LINE('',#10443,#2260);
#1380=LINE('',#10445,#2261);
#1381=LINE('',#10447,#2262);
#1382=LINE('',#10448,#2263);
#1383=LINE('',#10451,#2264);
#1384=LINE('',#10453,#2265);
#1385=LINE('',#10455,#2266);
#1386=LINE('',#10456,#2267);
#1387=LINE('',#10459,#2268);
#1388=LINE('',#10461,#2269);
#1389=LINE('',#10463,#2270);
#1390=LINE('',#10464,#2271);
#1391=LINE('',#10467,#2272);
#1392=LINE('',#10469,#2273);
#1393=LINE('',#10470,#2274);
#1394=LINE('',#10473,#2275);
#1395=LINE('',#10474,#2276);
#1396=LINE('',#10477,#2277);
#1397=LINE('',#10478,#2278);
#1398=LINE('',#10480,#2279);
#1399=LINE('',#10483,#2280);
#1400=LINE('',#10485,#2281);
#1401=LINE('',#10486,#2282);
#1402=LINE('',#10489,#2283);
#1403=LINE('',#10490,#2284);
#1404=LINE('',#10493,#2285);
#1405=LINE('',#10494,#2286);
#1406=LINE('',#10496,#2287);
#1407=LINE('',#10499,#2288);
#1408=LINE('',#10501,#2289);
#1409=LINE('',#10502,#2290);
#1410=LINE('',#10505,#2291);
#1411=LINE('',#10506,#2292);
#1412=LINE('',#10509,#2293);
#1413=LINE('',#10510,#2294);
#1414=LINE('',#10513,#2295);
#1415=LINE('',#10514,#2296);
#1416=LINE('',#10516,#2297);
#1417=LINE('',#10519,#2298);
#1418=LINE('',#10521,#2299);
#1419=LINE('',#10522,#2300);
#1420=LINE('',#10525,#2301);
#1421=LINE('',#10526,#2302);
#1422=LINE('',#10529,#2303);
#1423=LINE('',#10530,#2304);
#1424=LINE('',#10532,#2305);
#1425=LINE('',#10535,#2306);
#1426=LINE('',#10537,#2307);
#1427=LINE('',#10538,#2308);
#1428=LINE('',#10541,#2309);
#1429=LINE('',#10542,#2310);
#1430=LINE('',#10545,#2311);
#1431=LINE('',#10546,#2312);
#1432=LINE('',#10548,#2313);
#1433=LINE('',#10551,#2314);
#1434=LINE('',#10553,#2315);
#1435=LINE('',#10554,#2316);
#1436=LINE('',#10557,#2317);
#1437=LINE('',#10558,#2318);
#1438=LINE('',#10561,#2319);
#1439=LINE('',#10562,#2320);
#1440=LINE('',#10564,#2321);
#1441=LINE('',#10567,#2322);
#1442=LINE('',#10569,#2323);
#1443=LINE('',#10570,#2324);
#1444=LINE('',#10573,#2325);
#1445=LINE('',#10574,#2326);
#1446=LINE('',#10577,#2327);
#1447=LINE('',#10578,#2328);
#1448=LINE('',#10580,#2329);
#1449=LINE('',#10583,#2330);
#1450=LINE('',#10585,#2331);
#1451=LINE('',#10586,#2332);
#1452=LINE('',#10589,#2333);
#1453=LINE('',#10590,#2334);
#1454=LINE('',#10593,#2335);
#1455=LINE('',#10594,#2336);
#1456=LINE('',#10596,#2337);
#1457=LINE('',#10599,#2338);
#1458=LINE('',#10601,#2339);
#1459=LINE('',#10602,#2340);
#1460=LINE('',#10605,#2341);
#1461=LINE('',#10606,#2342);
#1462=LINE('',#10609,#2343);
#1463=LINE('',#10610,#2344);
#1464=LINE('',#10612,#2345);
#1465=LINE('',#10615,#2346);
#1466=LINE('',#10617,#2347);
#1467=LINE('',#10618,#2348);
#1468=LINE('',#10621,#2349);
#1469=LINE('',#10622,#2350);
#1470=LINE('',#10625,#2351);
#1471=LINE('',#10626,#2352);
#1472=LINE('',#10628,#2353);
#1473=LINE('',#10631,#2354);
#1474=LINE('',#10633,#2355);
#1475=LINE('',#10634,#2356);
#1476=LINE('',#10637,#2357);
#1477=LINE('',#10638,#2358);
#1478=LINE('',#10641,#2359);
#1479=LINE('',#10642,#2360);
#1480=LINE('',#10644,#2361);
#1481=LINE('',#10647,#2362);
#1482=LINE('',#10649,#2363);
#1483=LINE('',#10650,#2364);
#1484=LINE('',#10653,#2365);
#1485=LINE('',#10654,#2366);
#1486=LINE('',#10657,#2367);
#1487=LINE('',#10658,#2368);
#1488=LINE('',#10660,#2369);
#1489=LINE('',#10663,#2370);
#1490=LINE('',#10665,#2371);
#1491=LINE('',#10666,#2372);
#1492=LINE('',#10669,#2373);
#1493=LINE('',#10670,#2374);
#1494=LINE('',#10673,#2375);
#1495=LINE('',#10674,#2376);
#1496=LINE('',#10676,#2377);
#1497=LINE('',#10679,#2378);
#1498=LINE('',#10681,#2379);
#1499=LINE('',#10682,#2380);
#1500=LINE('',#10685,#2381);
#1501=LINE('',#10686,#2382);
#1502=LINE('',#10689,#2383);
#1503=LINE('',#10690,#2384);
#1504=LINE('',#10692,#2385);
#1505=LINE('',#10695,#2386);
#1506=LINE('',#10697,#2387);
#1507=LINE('',#10698,#2388);
#1508=LINE('',#10701,#2389);
#1509=LINE('',#10702,#2390);
#1510=LINE('',#10705,#2391);
#1511=LINE('',#10706,#2392);
#1512=LINE('',#10708,#2393);
#1513=LINE('',#10711,#2394);
#1514=LINE('',#10713,#2395);
#1515=LINE('',#10714,#2396);
#1516=LINE('',#10717,#2397);
#1517=LINE('',#10718,#2398);
#1518=LINE('',#10721,#2399);
#1519=LINE('',#10722,#2400);
#1520=LINE('',#10724,#2401);
#1521=LINE('',#10730,#2402);
#1522=LINE('',#10733,#2403);
#1523=LINE('',#10737,#2404);
#1524=LINE('',#10739,#2405);
#1525=LINE('',#10741,#2406);
#1526=LINE('',#10742,#2407);
#1527=LINE('',#10748,#2408);
#1528=LINE('',#10753,#2409);
#1529=LINE('',#10757,#2410);
#1530=LINE('',#10759,#2411);
#1531=LINE('',#10760,#2412);
#1532=LINE('',#10766,#2413);
#1533=LINE('',#10768,#2414);
#1534=LINE('',#10769,#2415);
#1535=LINE('',#10771,#2416);
#1536=LINE('',#10772,#2417);
#1537=LINE('',#10776,#2418);
#1538=LINE('',#10778,#2419);
#1539=LINE('',#10780,#2420);
#1540=LINE('',#10781,#2421);
#1541=LINE('',#10787,#2422);
#1542=LINE('',#10792,#2423);
#1543=LINE('',#10796,#2424);
#1544=LINE('',#10798,#2425);
#1545=LINE('',#10800,#2426);
#1546=LINE('',#10801,#2427);
#1547=LINE('',#10805,#2428);
#1548=LINE('',#10807,#2429);
#1549=LINE('',#10813,#2430);
#1550=LINE('',#10815,#2431);
#1551=LINE('',#10816,#2432);
#1552=LINE('',#10822,#2433);
#1553=LINE('',#10823,#2434);
#1554=LINE('',#10826,#2435);
#1555=LINE('',#10828,#2436);
#1556=LINE('',#10829,#2437);
#1557=LINE('',#10831,#2438);
#1558=LINE('',#10832,#2439);
#1559=LINE('',#10838,#2440);
#1560=LINE('',#10843,#2441);
#1561=LINE('',#10847,#2442);
#1562=LINE('',#10849,#2443);
#1563=LINE('',#10851,#2444);
#1564=LINE('',#10852,#2445);
#1565=LINE('',#10857,#2446);
#1566=LINE('',#10859,#2447);
#1567=LINE('',#10861,#2448);
#1568=LINE('',#10865,#2449);
#1569=LINE('',#10867,#2450);
#1570=LINE('',#10868,#2451);
#1571=LINE('',#10874,#2452);
#1572=LINE('',#10877,#2453);
#1573=LINE('',#10883,#2454);
#1574=LINE('',#10886,#2455);
#1575=LINE('',#10888,#2456);
#1576=LINE('',#10889,#2457);
#1577=LINE('',#10891,#2458);
#1578=LINE('',#10892,#2459);
#1579=LINE('',#10896,#2460);
#1580=LINE('',#10898,#2461);
#1581=LINE('',#10900,#2462);
#1582=LINE('',#10901,#2463);
#1583=LINE('',#10905,#2464);
#1584=LINE('',#10907,#2465);
#1585=LINE('',#10909,#2466);
#1586=LINE('',#10910,#2467);
#1587=LINE('',#10913,#2468);
#1588=LINE('',#10917,#2469);
#1589=LINE('',#10918,#2470);
#1590=LINE('',#10921,#2471);
#1591=LINE('',#10923,#2472);
#1592=LINE('',#10925,#2473);
#1593=LINE('',#10929,#2474);
#1594=LINE('',#10931,#2475);
#1595=LINE('',#10932,#2476);
#1596=LINE('',#10935,#2477);
#1597=LINE('',#10936,#2478);
#1598=LINE('',#10941,#2479);
#1599=LINE('',#10944,#2480);
#1600=LINE('',#10945,#2481);
#1601=LINE('',#10947,#2482);
#1602=LINE('',#10948,#2483);
#1603=LINE('',#10954,#2484);
#1604=LINE('',#10958,#2485);
#1605=LINE('',#10960,#2486);
#1606=LINE('',#10961,#2487);
#1607=LINE('',#10967,#2488);
#1608=LINE('',#10973,#2489);
#1609=LINE('',#10975,#2490);
#1610=LINE('',#10977,#2491);
#1611=LINE('',#10978,#2492);
#1612=LINE('',#10985,#2493);
#1613=LINE('',#10987,#2494);
#1614=LINE('',#10990,#2495);
#1615=LINE('',#10996,#2496);
#1616=LINE('',#10998,#2497);
#1617=LINE('',#10999,#2498);
#1618=LINE('',#11002,#2499);
#1619=LINE('',#11004,#2500);
#1620=LINE('',#11005,#2501);
#1621=LINE('',#11007,#2502);
#1622=LINE('',#11008,#2503);
#1623=LINE('',#11014,#2504);
#1624=LINE('',#11017,#2505);
#1625=LINE('',#11025,#2506);
#1626=LINE('',#11031,#2507);
#1627=LINE('',#11033,#2508);
#1628=LINE('',#11035,#2509);
#1629=LINE('',#11041,#2510);
#1630=LINE('',#11043,#2511);
#1631=LINE('',#11045,#2512);
#1632=LINE('',#11046,#2513);
#1633=LINE('',#11052,#2514);
#1634=LINE('',#11053,#2515);
#1635=LINE('',#11056,#2516);
#1636=LINE('',#11058,#2517);
#1637=LINE('',#11059,#2518);
#1638=LINE('',#11062,#2519);
#1639=LINE('',#11064,#2520);
#1640=LINE('',#11065,#2521);
#1641=LINE('',#11067,#2522);
#1642=LINE('',#11068,#2523);
#1643=LINE('',#11074,#2524);
#1644=LINE('',#11077,#2525);
#1645=LINE('',#11081,#2526);
#1646=LINE('',#11083,#2527);
#1647=LINE('',#11085,#2528);
#1648=LINE('',#11086,#2529);
#1649=LINE('',#11095,#2530);
#1650=LINE('',#11097,#2531);
#1651=LINE('',#11098,#2532);
#1652=LINE('',#11103,#2533);
#1653=LINE('',#11109,#2534);
#1654=LINE('',#11111,#2535);
#1655=LINE('',#11112,#2536);
#1656=LINE('',#11116,#2537);
#1657=LINE('',#11118,#2538);
#1658=LINE('',#11122,#2539);
#1659=LINE('',#11124,#2540);
#1660=LINE('',#11125,#2541);
#1661=LINE('',#11127,#2542);
#1662=LINE('',#11128,#2543);
#1663=LINE('',#11134,#2544);
#1664=LINE('',#11137,#2545);
#1665=LINE('',#11141,#2546);
#1666=LINE('',#11143,#2547);
#1667=LINE('',#11145,#2548);
#1668=LINE('',#11146,#2549);
#1669=LINE('',#11152,#2550);
#1670=LINE('',#11157,#2551);
#1671=LINE('',#11161,#2552);
#1672=LINE('',#11163,#2553);
#1673=LINE('',#11164,#2554);
#1674=LINE('',#11170,#2555);
#1675=LINE('',#11172,#2556);
#1676=LINE('',#11173,#2557);
#1677=LINE('',#11175,#2558);
#1678=LINE('',#11176,#2559);
#1679=LINE('',#11182,#2560);
#1680=LINE('',#11184,#2561);
#1681=LINE('',#11186,#2562);
#1682=LINE('',#11189,#2563);
#1683=LINE('',#11193,#2564);
#1684=LINE('',#11195,#2565);
#1685=LINE('',#11197,#2566);
#1686=LINE('',#11198,#2567);
#1687=LINE('',#11205,#2568);
#1688=LINE('',#11215,#2569);
#1689=LINE('',#11217,#2570);
#1690=LINE('',#11218,#2571);
#1691=LINE('',#11220,#2572);
#1692=LINE('',#11221,#2573);
#1693=LINE('',#11224,#2574);
#1694=LINE('',#11226,#2575);
#1695=LINE('',#11227,#2576);
#1696=LINE('',#11230,#2577);
#1697=LINE('',#11232,#2578);
#1698=LINE('',#11233,#2579);
#1699=LINE('',#11235,#2580);
#1700=LINE('',#11236,#2581);
#1701=LINE('',#11240,#2582);
#1702=LINE('',#11242,#2583);
#1703=LINE('',#11244,#2584);
#1704=LINE('',#11245,#2585);
#1705=LINE('',#11248,#2586);
#1706=LINE('',#11250,#2587);
#1707=LINE('',#11251,#2588);
#1708=LINE('',#11254,#2589);
#1709=LINE('',#11256,#2590);
#1710=LINE('',#11258,#2591);
#1711=LINE('',#11265,#2592);
#1712=LINE('',#11267,#2593);
#1713=LINE('',#11269,#2594);
#1714=LINE('',#11270,#2595);
#1715=LINE('',#11273,#2596);
#1716=LINE('',#11275,#2597);
#1717=LINE('',#11278,#2598);
#1718=LINE('',#11280,#2599);
#1719=LINE('',#11281,#2600);
#1720=LINE('',#11284,#2601);
#1721=LINE('',#11286,#2602);
#1722=LINE('',#11287,#2603);
#1723=LINE('',#11291,#2604);
#1724=LINE('',#11292,#2605);
#1725=LINE('',#11295,#2606);
#1726=LINE('',#11296,#2607);
#1727=LINE('',#11298,#2608);
#1728=LINE('',#11300,#2609);
#1729=LINE('',#11301,#2610);
#1730=LINE('',#11304,#2611);
#1731=LINE('',#11309,#2612);
#1732=LINE('',#11312,#2613);
#1733=LINE('',#11315,#2614);
#1734=LINE('',#11316,#2615);
#1735=LINE('',#11319,#2616);
#1736=LINE('',#11322,#2617);
#1737=LINE('',#11325,#2618);
#1738=LINE('',#11328,#2619);
#1739=LINE('',#11330,#2620);
#1740=LINE('',#11331,#2621);
#1741=LINE('',#11334,#2622);
#1742=LINE('',#11337,#2623);
#1743=LINE('',#11339,#2624);
#1744=LINE('',#11340,#2625);
#1745=LINE('',#11343,#2626);
#1746=LINE('',#11346,#2627);
#1747=LINE('',#11347,#2628);
#1748=LINE('',#11349,#2629);
#1749=LINE('',#11351,#2630);
#1750=LINE('',#11354,#2631);
#1751=LINE('',#11356,#2632);
#1752=LINE('',#11357,#2633);
#1753=LINE('',#11358,#2634);
#1754=LINE('',#11360,#2635);
#1755=LINE('',#11363,#2636);
#1756=LINE('',#11367,#2637);
#1757=LINE('',#11370,#2638);
#1758=LINE('',#11372,#2639);
#1759=LINE('',#11373,#2640);
#1760=LINE('',#11375,#2641);
#1761=LINE('',#11378,#2642);
#1762=LINE('',#11379,#2643);
#1763=LINE('',#11384,#2644);
#1764=LINE('',#11387,#2645);
#1765=LINE('',#11388,#2646);
#1766=LINE('',#11390,#2647);
#1767=LINE('',#11391,#2648);
#1768=LINE('',#11393,#2649);
#1769=LINE('',#11395,#2650);
#1770=LINE('',#11397,#2651);
#1771=LINE('',#11398,#2652);
#1772=LINE('',#11399,#2653);
#1773=LINE('',#11402,#2654);
#1774=LINE('',#11405,#2655);
#1775=LINE('',#11409,#2656);
#1776=LINE('',#11413,#2657);
#1777=LINE('',#11418,#2658);
#1778=LINE('',#11421,#2659);
#1779=LINE('',#11425,#2660);
#1780=LINE('',#11431,#2661);
#1781=LINE('',#11435,#2662);
#1782=LINE('',#11440,#2663);
#1783=LINE('',#11449,#2664);
#1784=LINE('',#11452,#2665);
#1785=LINE('',#11454,#2666);
#1786=LINE('',#11456,#2667);
#1787=LINE('',#11458,#2668);
#1788=LINE('',#11459,#2669);
#1789=LINE('',#11463,#2670);
#1790=LINE('',#11472,#2671);
#1791=LINE('',#11474,#2672);
#1792=LINE('',#11475,#2673);
#1793=LINE('',#11480,#2674);
#1794=LINE('',#11483,#2675);
#1795=LINE('',#11488,#2676);
#1796=LINE('',#11491,#2677);
#1797=LINE('',#11497,#2678);
#1798=LINE('',#11500,#2679);
#1799=LINE('',#11502,#2680);
#1800=LINE('',#11508,#2681);
#1801=LINE('',#11514,#2682);
#1802=LINE('',#11519,#2683);
#1803=LINE('',#11523,#2684);
#1804=LINE('',#11525,#2685);
#1805=LINE('',#11527,#2686);
#1806=LINE('',#11528,#2687);
#1807=LINE('',#11529,#2688);
#1808=LINE('',#11532,#2689);
#1809=LINE('',#11539,#2690);
#1810=LINE('',#11550,#2691);
#1811=LINE('',#11552,#2692);
#1812=LINE('',#11554,#2693);
#1813=LINE('',#11562,#2694);
#1814=LINE('',#11567,#2695);
#1815=LINE('',#11574,#2696);
#1816=LINE('',#11576,#2697);
#1817=LINE('',#11578,#2698);
#1818=LINE('',#11579,#2699);
#1819=LINE('',#11581,#2700);
#1820=LINE('',#11583,#2701);
#1821=LINE('',#11586,#2702);
#1822=LINE('',#11588,#2703);
#1823=LINE('',#11591,#2704);
#1824=LINE('',#11593,#2705);
#1825=LINE('',#11595,#2706);
#1826=LINE('',#11597,#2707);
#1827=LINE('',#11599,#2708);
#1828=LINE('',#11601,#2709);
#1829=LINE('',#11607,#2710);
#1830=LINE('',#11611,#2711);
#1831=LINE('',#11616,#2712);
#1832=LINE('',#11620,#2713);
#1833=LINE('',#11625,#2714);
#1834=LINE('',#11627,#2715);
#1835=LINE('',#11629,#2716);
#1836=LINE('',#11630,#2717);
#1837=LINE('',#11633,#2718);
#1838=LINE('',#11635,#2719);
#1839=LINE('',#11636,#2720);
#1840=LINE('',#11639,#2721);
#1841=LINE('',#11641,#2722);
#1842=LINE('',#11642,#2723);
#1843=LINE('',#11644,#2724);
#1844=LINE('',#11645,#2725);
#1845=LINE('',#11649,#2726);
#1846=LINE('',#11651,#2727);
#1847=LINE('',#11653,#2728);
#1848=LINE('',#11654,#2729);
#1849=LINE('',#11657,#2730);
#1850=LINE('',#11659,#2731);
#1851=LINE('',#11660,#2732);
#1852=LINE('',#11663,#2733);
#1853=LINE('',#11665,#2734);
#1854=LINE('',#11666,#2735);
#1855=LINE('',#11668,#2736);
#1856=LINE('',#11669,#2737);
#1857=LINE('',#11673,#2738);
#1858=LINE('',#11675,#2739);
#1859=LINE('',#11677,#2740);
#1860=LINE('',#11678,#2741);
#1861=LINE('',#11681,#2742);
#1862=LINE('',#11683,#2743);
#1863=LINE('',#11684,#2744);
#1864=LINE('',#11687,#2745);
#1865=LINE('',#11689,#2746);
#1866=LINE('',#11690,#2747);
#1867=LINE('',#11693,#2748);
#1868=LINE('',#11695,#2749);
#1869=LINE('',#11696,#2750);
#1870=LINE('',#11698,#2751);
#1871=LINE('',#11699,#2752);
#1872=LINE('',#11703,#2753);
#1873=LINE('',#11705,#2754);
#1874=LINE('',#11707,#2755);
#1875=LINE('',#11708,#2756);
#1876=LINE('',#11711,#2757);
#1877=LINE('',#11713,#2758);
#1878=LINE('',#11714,#2759);
#1879=LINE('',#11717,#2760);
#1880=LINE('',#11719,#2761);
#1881=LINE('',#11720,#2762);
#1882=LINE('',#11722,#2763);
#1883=LINE('',#11723,#2764);
#1884=LINE('',#11727,#2765);
#1885=LINE('',#11729,#2766);
#1886=LINE('',#11731,#2767);
#1887=LINE('',#11732,#2768);
#1888=LINE('',#11735,#2769);
#1889=LINE('',#11737,#2770);
#1890=LINE('',#11738,#2771);
#1891=LINE('',#11741,#2772);
#1892=LINE('',#11743,#2773);
#1893=LINE('',#11744,#2774);
#1894=LINE('',#11746,#2775);
#1895=LINE('',#11747,#2776);
#1896=LINE('',#11751,#2777);
#1897=LINE('',#11753,#2778);
#1898=LINE('',#11755,#2779);
#1899=LINE('',#11756,#2780);
#1900=LINE('',#11759,#2781);
#1901=LINE('',#11761,#2782);
#1902=LINE('',#11762,#2783);
#1903=LINE('',#11765,#2784);
#1904=LINE('',#11767,#2785);
#1905=LINE('',#11768,#2786);
#1906=LINE('',#11770,#2787);
#1907=LINE('',#11771,#2788);
#1908=LINE('',#11775,#2789);
#1909=LINE('',#11777,#2790);
#1910=LINE('',#11779,#2791);
#1911=LINE('',#11780,#2792);
#1912=LINE('',#11783,#2793);
#1913=LINE('',#11785,#2794);
#1914=LINE('',#11786,#2795);
#1915=LINE('',#11789,#2796);
#1916=LINE('',#11791,#2797);
#1917=LINE('',#11792,#2798);
#1918=LINE('',#11794,#2799);
#1919=LINE('',#11795,#2800);
#1920=LINE('',#11799,#2801);
#1921=LINE('',#11801,#2802);
#1922=LINE('',#11803,#2803);
#1923=LINE('',#11804,#2804);
#1924=LINE('',#11807,#2805);
#1925=LINE('',#11809,#2806);
#1926=LINE('',#11810,#2807);
#1927=LINE('',#11813,#2808);
#1928=LINE('',#11815,#2809);
#1929=LINE('',#11816,#2810);
#1930=LINE('',#11818,#2811);
#1931=LINE('',#11819,#2812);
#1932=LINE('',#11823,#2813);
#1933=LINE('',#11825,#2814);
#1934=LINE('',#11827,#2815);
#1935=LINE('',#11828,#2816);
#1936=LINE('',#11831,#2817);
#1937=LINE('',#11833,#2818);
#1938=LINE('',#11834,#2819);
#1939=LINE('',#11837,#2820);
#1940=LINE('',#11839,#2821);
#1941=LINE('',#11840,#2822);
#1942=LINE('',#11842,#2823);
#1943=LINE('',#11843,#2824);
#1944=LINE('',#11847,#2825);
#1945=LINE('',#11849,#2826);
#1946=LINE('',#11851,#2827);
#1947=LINE('',#11852,#2828);
#1948=LINE('',#11855,#2829);
#1949=LINE('',#11857,#2830);
#1950=LINE('',#11858,#2831);
#1951=LINE('',#11861,#2832);
#1952=LINE('',#11863,#2833);
#1953=LINE('',#11864,#2834);
#1954=LINE('',#11866,#2835);
#1955=LINE('',#11867,#2836);
#1956=LINE('',#11871,#2837);
#1957=LINE('',#11873,#2838);
#1958=LINE('',#11875,#2839);
#1959=LINE('',#11876,#2840);
#1960=LINE('',#11879,#2841);
#1961=LINE('',#11881,#2842);
#1962=LINE('',#11882,#2843);
#1963=LINE('',#11885,#2844);
#1964=LINE('',#11887,#2845);
#1965=LINE('',#11888,#2846);
#1966=LINE('',#11890,#2847);
#1967=LINE('',#11891,#2848);
#1968=LINE('',#11895,#2849);
#1969=LINE('',#11897,#2850);
#1970=LINE('',#11899,#2851);
#1971=LINE('',#11900,#2852);
#1972=LINE('',#11903,#2853);
#1973=LINE('',#11905,#2854);
#1974=LINE('',#11906,#2855);
#1975=LINE('',#11909,#2856);
#1976=LINE('',#11911,#2857);
#1977=LINE('',#11912,#2858);
#1978=LINE('',#11914,#2859);
#1979=LINE('',#11915,#2860);
#1980=LINE('',#11919,#2861);
#1981=LINE('',#11921,#2862);
#1982=LINE('',#11923,#2863);
#1983=LINE('',#11924,#2864);
#1984=LINE('',#11927,#2865);
#1985=LINE('',#11929,#2866);
#1986=LINE('',#11930,#2867);
#1987=LINE('',#11933,#2868);
#1988=LINE('',#11935,#2869);
#1989=LINE('',#11936,#2870);
#1990=LINE('',#11938,#2871);
#1991=LINE('',#11939,#2872);
#1992=LINE('',#11943,#2873);
#1993=LINE('',#11945,#2874);
#1994=LINE('',#11947,#2875);
#1995=LINE('',#11948,#2876);
#1996=LINE('',#11951,#2877);
#1997=LINE('',#11953,#2878);
#1998=LINE('',#11954,#2879);
#1999=LINE('',#11957,#2880);
#2000=LINE('',#11959,#2881);
#2001=LINE('',#11960,#2882);
#2002=LINE('',#11962,#2883);
#2003=LINE('',#11963,#2884);
#2004=LINE('',#11967,#2885);
#2005=LINE('',#11969,#2886);
#2006=LINE('',#11971,#2887);
#2007=LINE('',#11972,#2888);
#2008=LINE('',#11975,#2889);
#2009=LINE('',#11977,#2890);
#2010=LINE('',#11978,#2891);
#2011=LINE('',#11981,#2892);
#2012=LINE('',#11983,#2893);
#2013=LINE('',#11984,#2894);
#2014=LINE('',#11986,#2895);
#2015=LINE('',#11987,#2896);
#2016=LINE('',#11991,#2897);
#2017=LINE('',#11993,#2898);
#2018=LINE('',#11995,#2899);
#2019=LINE('',#11996,#2900);
#2020=LINE('',#11999,#2901);
#2021=LINE('',#12001,#2902);
#2022=LINE('',#12002,#2903);
#2023=LINE('',#12005,#2904);
#2024=LINE('',#12007,#2905);
#2025=LINE('',#12008,#2906);
#2026=LINE('',#12010,#2907);
#2027=LINE('',#12011,#2908);
#2028=LINE('',#12016,#2909);
#2029=LINE('',#12022,#2910);
#2030=LINE('',#12028,#2911);
#2031=LINE('',#12034,#2912);
#2032=LINE('',#12040,#2913);
#2033=LINE('',#12046,#2914);
#2034=LINE('',#12050,#2915);
#2035=LINE('',#12058,#2916);
#2036=LINE('',#12061,#2917);
#2037=LINE('',#12064,#2918);
#2038=LINE('',#12065,#2919);
#2039=LINE('',#12071,#2920);
#2040=LINE('',#12074,#2921);
#2041=LINE('',#12077,#2922);
#2042=LINE('',#12078,#2923);
#2043=LINE('',#12081,#2924);
#2044=LINE('',#12089,#2925);
#2045=LINE('',#12092,#2926);
#2046=LINE('',#12095,#2927);
#2047=LINE('',#12096,#2928);
#2048=LINE('',#12102,#2929);
#2049=LINE('',#12105,#2930);
#2050=LINE('',#12108,#2931);
#2051=LINE('',#12109,#2932);
#2052=LINE('',#12112,#2933);
#2053=LINE('',#12114,#2934);
#2054=LINE('',#12115,#2935);
#2055=LINE('',#12116,#2936);
#2056=LINE('',#12119,#2937);
#2057=LINE('',#12121,#2938);
#2058=LINE('',#12122,#2939);
#2059=LINE('',#12126,#2940);
#2060=LINE('',#12128,#2941);
#2061=LINE('',#12131,#2942);
#2062=LINE('',#12132,#2943);
#2063=LINE('',#12133,#2944);
#2064=LINE('',#12134,#2945);
#2065=LINE('',#12138,#2946);
#2066=LINE('',#12141,#2947);
#2067=LINE('',#12142,#2948);
#2068=LINE('',#12145,#2949);
#2069=LINE('',#12146,#2950);
#2070=LINE('',#12149,#2951);
#2071=LINE('',#12150,#2952);
#2072=LINE('',#12154,#2953);
#2073=LINE('',#12156,#2954);
#2074=VECTOR('',#8072,10.);
#2075=VECTOR('',#8073,10.);
#2076=VECTOR('',#8074,10.);
#2077=VECTOR('',#8075,10.);
#2078=VECTOR('',#8078,10.);
#2079=VECTOR('',#8079,10.);
#2080=VECTOR('',#8080,10.);
#2081=VECTOR('',#8081,10.);
#2082=VECTOR('',#8082,10.);
#2083=VECTOR('',#8085,10.);
#2084=VECTOR('',#8086,10.);
#2085=VECTOR('',#8087,10.);
#2086=VECTOR('',#8090,10.);
#2087=VECTOR('',#8091,10.);
#2088=VECTOR('',#8092,10.);
#2089=VECTOR('',#8095,10.);
#2090=VECTOR('',#8096,10.);
#2091=VECTOR('',#8097,10.);
#2092=VECTOR('',#8098,10.);
#2093=VECTOR('',#8101,10.);
#2094=VECTOR('',#8102,10.);
#2095=VECTOR('',#8103,10.);
#2096=VECTOR('',#8104,10.);
#2097=VECTOR('',#8105,10.);
#2098=VECTOR('',#8108,10.);
#2099=VECTOR('',#8109,10.);
#2100=VECTOR('',#8110,10.);
#2101=VECTOR('',#8113,10.);
#2102=VECTOR('',#8114,10.);
#2103=VECTOR('',#8115,10.);
#2104=VECTOR('',#8116,10.);
#2105=VECTOR('',#8119,10.);
#2106=VECTOR('',#8120,10.);
#2107=VECTOR('',#8121,10.);
#2108=VECTOR('',#8124,10.);
#2109=VECTOR('',#8125,10.);
#2110=VECTOR('',#8126,10.);
#2111=VECTOR('',#8127,10.);
#2112=VECTOR('',#8130,10.);
#2113=VECTOR('',#8131,10.);
#2114=VECTOR('',#8132,10.);
#2115=VECTOR('',#8133,10.);
#2116=VECTOR('',#8134,10.);
#2117=VECTOR('',#8137,10.);
#2118=VECTOR('',#8138,10.);
#2119=VECTOR('',#8139,10.);
#2120=VECTOR('',#8142,10.);
#2121=VECTOR('',#8143,10.);
#2122=VECTOR('',#8144,10.);
#2123=VECTOR('',#8145,10.);
#2124=VECTOR('',#8148,10.);
#2125=VECTOR('',#8149,10.);
#2126=VECTOR('',#8150,10.);
#2127=VECTOR('',#8151,10.);
#2128=VECTOR('',#8152,10.);
#2129=VECTOR('',#8155,10.);
#2130=VECTOR('',#8156,10.);
#2131=VECTOR('',#8157,10.);
#2132=VECTOR('',#8160,10.);
#2133=VECTOR('',#8161,10.);
#2134=VECTOR('',#8162,10.);
#2135=VECTOR('',#8163,10.);
#2136=VECTOR('',#8166,10.);
#2137=VECTOR('',#8167,10.);
#2138=VECTOR('',#8168,10.);
#2139=VECTOR('',#8169,10.);
#2140=VECTOR('',#8172,10.);
#2141=VECTOR('',#8173,10.);
#2142=VECTOR('',#8174,10.);
#2143=VECTOR('',#8175,10.);
#2144=VECTOR('',#8178,10.);
#2145=VECTOR('',#8179,10.);
#2146=VECTOR('',#8180,10.);
#2147=VECTOR('',#8181,10.);
#2148=VECTOR('',#8184,10.);
#2149=VECTOR('',#8185,10.);
#2150=VECTOR('',#8186,10.);
#2151=VECTOR('',#8187,10.);
#2152=VECTOR('',#8188,10.);
#2153=VECTOR('',#8191,10.);
#2154=VECTOR('',#8192,10.);
#2155=VECTOR('',#8193,10.);
#2156=VECTOR('',#8194,10.);
#2157=VECTOR('',#8197,10.);
#2158=VECTOR('',#8198,10.);
#2159=VECTOR('',#8199,10.);
#2160=VECTOR('',#8202,10.);
#2161=VECTOR('',#8203,10.);
#2162=VECTOR('',#8204,10.);
#2163=VECTOR('',#8205,10.);
#2164=VECTOR('',#8208,10.);
#2165=VECTOR('',#8209,10.);
#2166=VECTOR('',#8210,10.);
#2167=VECTOR('',#8211,10.);
#2168=VECTOR('',#8212,10.);
#2169=VECTOR('',#8213,10.);
#2170=VECTOR('',#8214,10.);
#2171=VECTOR('',#8217,10.);
#2172=VECTOR('',#8218,10.);
#2173=VECTOR('',#8219,10.);
#2174=VECTOR('',#8220,10.);
#2175=VECTOR('',#8221,10.);
#2176=VECTOR('',#8222,10.);
#2177=VECTOR('',#8223,10.);
#2178=VECTOR('',#8226,10.);
#2179=VECTOR('',#8227,10.);
#2180=VECTOR('',#8230,10.);
#2181=VECTOR('',#8231,10.);
#2182=VECTOR('',#8234,10.);
#2183=VECTOR('',#8237,10.);
#2184=VECTOR('',#8238,10.);
#2185=VECTOR('',#8239,10.);
#2186=VECTOR('',#8240,10.);
#2187=VECTOR('',#8241,10.);
#2188=VECTOR('',#8242,10.);
#2189=VECTOR('',#8243,10.);
#2190=VECTOR('',#8244,10.);
#2191=VECTOR('',#8245,10.);
#2192=VECTOR('',#8246,10.);
#2193=VECTOR('',#8247,10.);
#2194=VECTOR('',#8250,10.);
#2195=VECTOR('',#8257,10.);
#2196=VECTOR('',#8260,10.);
#2197=VECTOR('',#8267,10.);
#2198=VECTOR('',#8270,10.);
#2199=VECTOR('',#8283,10.);
#2200=VECTOR('',#8290,10.);
#2201=VECTOR('',#8297,10.);
#2202=VECTOR('',#8298,10.);
#2203=VECTOR('',#8305,10.);
#2204=VECTOR('',#8306,10.);
#2205=VECTOR('',#8309,10.);
#2206=VECTOR('',#8310,10.);
#2207=VECTOR('',#8311,10.);
#2208=VECTOR('',#8312,10.);
#2209=VECTOR('',#8313,10.);
#2210=VECTOR('',#8314,10.);
#2211=VECTOR('',#8315,10.);
#2212=VECTOR('',#8316,10.);
#2213=VECTOR('',#8317,10.);
#2214=VECTOR('',#8318,10.);
#2215=VECTOR('',#8319,10.);
#2216=VECTOR('',#8320,10.);
#2217=VECTOR('',#8321,10.);
#2218=VECTOR('',#8322,10.);
#2219=VECTOR('',#8323,10.);
#2220=VECTOR('',#8324,10.);
#2221=VECTOR('',#8325,10.);
#2222=VECTOR('',#8326,10.);
#2223=VECTOR('',#8327,10.);
#2224=VECTOR('',#8328,10.);
#2225=VECTOR('',#8329,10.);
#2226=VECTOR('',#8330,10.);
#2227=VECTOR('',#8331,10.);
#2228=VECTOR('',#8332,10.);
#2229=VECTOR('',#8333,10.);
#2230=VECTOR('',#8334,10.);
#2231=VECTOR('',#8335,10.);
#2232=VECTOR('',#8336,10.);
#2233=VECTOR('',#8337,10.);
#2234=VECTOR('',#8338,10.);
#2235=VECTOR('',#8339,10.);
#2236=VECTOR('',#8340,10.);
#2237=VECTOR('',#8341,10.);
#2238=VECTOR('',#8342,10.);
#2239=VECTOR('',#8343,10.);
#2240=VECTOR('',#8344,10.);
#2241=VECTOR('',#8345,10.);
#2242=VECTOR('',#8346,10.);
#2243=VECTOR('',#8347,10.);
#2244=VECTOR('',#8348,10.);
#2245=VECTOR('',#8349,10.);
#2246=VECTOR('',#8350,10.);
#2247=VECTOR('',#8351,10.);
#2248=VECTOR('',#8352,10.);
#2249=VECTOR('',#8353,10.);
#2250=VECTOR('',#8354,10.);
#2251=VECTOR('',#8355,10.);
#2252=VECTOR('',#8356,10.);
#2253=VECTOR('',#8357,10.);
#2254=VECTOR('',#8358,10.);
#2255=VECTOR('',#8359,10.);
#2256=VECTOR('',#8360,10.);
#2257=VECTOR('',#8361,10.);
#2258=VECTOR('',#8362,10.);
#2259=VECTOR('',#8363,10.);
#2260=VECTOR('',#8364,10.);
#2261=VECTOR('',#8365,10.);
#2262=VECTOR('',#8366,10.);
#2263=VECTOR('',#8367,10.);
#2264=VECTOR('',#8368,10.);
#2265=VECTOR('',#8369,10.);
#2266=VECTOR('',#8370,10.);
#2267=VECTOR('',#8371,10.);
#2268=VECTOR('',#8372,10.);
#2269=VECTOR('',#8373,10.);
#2270=VECTOR('',#8374,10.);
#2271=VECTOR('',#8375,10.);
#2272=VECTOR('',#8378,10.);
#2273=VECTOR('',#8379,10.);
#2274=VECTOR('',#8380,10.);
#2275=VECTOR('',#8383,10.);
#2276=VECTOR('',#8384,10.);
#2277=VECTOR('',#8387,10.);
#2278=VECTOR('',#8388,10.);
#2279=VECTOR('',#8391,10.);
#2280=VECTOR('',#8394,10.);
#2281=VECTOR('',#8395,10.);
#2282=VECTOR('',#8396,10.);
#2283=VECTOR('',#8399,10.);
#2284=VECTOR('',#8400,10.);
#2285=VECTOR('',#8403,10.);
#2286=VECTOR('',#8404,10.);
#2287=VECTOR('',#8407,10.);
#2288=VECTOR('',#8410,10.);
#2289=VECTOR('',#8411,10.);
#2290=VECTOR('',#8412,10.);
#2291=VECTOR('',#8415,10.);
#2292=VECTOR('',#8416,10.);
#2293=VECTOR('',#8419,10.);
#2294=VECTOR('',#8420,10.);
#2295=VECTOR('',#8423,10.);
#2296=VECTOR('',#8424,10.);
#2297=VECTOR('',#8427,10.);
#2298=VECTOR('',#8430,10.);
#2299=VECTOR('',#8431,10.);
#2300=VECTOR('',#8432,10.);
#2301=VECTOR('',#8435,10.);
#2302=VECTOR('',#8436,10.);
#2303=VECTOR('',#8439,10.);
#2304=VECTOR('',#8440,10.);
#2305=VECTOR('',#8443,10.);
#2306=VECTOR('',#8446,10.);
#2307=VECTOR('',#8447,10.);
#2308=VECTOR('',#8448,10.);
#2309=VECTOR('',#8451,10.);
#2310=VECTOR('',#8452,10.);
#2311=VECTOR('',#8455,10.);
#2312=VECTOR('',#8456,10.);
#2313=VECTOR('',#8459,10.);
#2314=VECTOR('',#8462,10.);
#2315=VECTOR('',#8463,10.);
#2316=VECTOR('',#8464,10.);
#2317=VECTOR('',#8467,10.);
#2318=VECTOR('',#8468,10.);
#2319=VECTOR('',#8471,10.);
#2320=VECTOR('',#8472,10.);
#2321=VECTOR('',#8475,10.);
#2322=VECTOR('',#8478,10.);
#2323=VECTOR('',#8479,10.);
#2324=VECTOR('',#8480,10.);
#2325=VECTOR('',#8483,10.);
#2326=VECTOR('',#8484,10.);
#2327=VECTOR('',#8487,10.);
#2328=VECTOR('',#8488,10.);
#2329=VECTOR('',#8491,10.);
#2330=VECTOR('',#8494,10.);
#2331=VECTOR('',#8495,10.);
#2332=VECTOR('',#8496,10.);
#2333=VECTOR('',#8499,10.);
#2334=VECTOR('',#8500,10.);
#2335=VECTOR('',#8503,10.);
#2336=VECTOR('',#8504,10.);
#2337=VECTOR('',#8507,10.);
#2338=VECTOR('',#8510,10.);
#2339=VECTOR('',#8511,10.);
#2340=VECTOR('',#8512,10.);
#2341=VECTOR('',#8515,10.);
#2342=VECTOR('',#8516,10.);
#2343=VECTOR('',#8519,10.);
#2344=VECTOR('',#8520,10.);
#2345=VECTOR('',#8523,10.);
#2346=VECTOR('',#8526,10.);
#2347=VECTOR('',#8527,10.);
#2348=VECTOR('',#8528,10.);
#2349=VECTOR('',#8531,10.);
#2350=VECTOR('',#8532,10.);
#2351=VECTOR('',#8535,10.);
#2352=VECTOR('',#8536,10.);
#2353=VECTOR('',#8539,10.);
#2354=VECTOR('',#8542,10.);
#2355=VECTOR('',#8543,10.);
#2356=VECTOR('',#8544,10.);
#2357=VECTOR('',#8547,10.);
#2358=VECTOR('',#8548,10.);
#2359=VECTOR('',#8551,10.);
#2360=VECTOR('',#8552,10.);
#2361=VECTOR('',#8555,10.);
#2362=VECTOR('',#8558,10.);
#2363=VECTOR('',#8559,10.);
#2364=VECTOR('',#8560,10.);
#2365=VECTOR('',#8563,10.);
#2366=VECTOR('',#8564,10.);
#2367=VECTOR('',#8567,10.);
#2368=VECTOR('',#8568,10.);
#2369=VECTOR('',#8571,10.);
#2370=VECTOR('',#8574,10.);
#2371=VECTOR('',#8575,10.);
#2372=VECTOR('',#8576,10.);
#2373=VECTOR('',#8579,10.);
#2374=VECTOR('',#8580,10.);
#2375=VECTOR('',#8583,10.);
#2376=VECTOR('',#8584,10.);
#2377=VECTOR('',#8587,10.);
#2378=VECTOR('',#8590,10.);
#2379=VECTOR('',#8591,10.);
#2380=VECTOR('',#8592,10.);
#2381=VECTOR('',#8595,10.);
#2382=VECTOR('',#8596,10.);
#2383=VECTOR('',#8599,10.);
#2384=VECTOR('',#8600,10.);
#2385=VECTOR('',#8603,10.);
#2386=VECTOR('',#8606,10.);
#2387=VECTOR('',#8607,10.);
#2388=VECTOR('',#8608,10.);
#2389=VECTOR('',#8611,10.);
#2390=VECTOR('',#8612,10.);
#2391=VECTOR('',#8615,10.);
#2392=VECTOR('',#8616,10.);
#2393=VECTOR('',#8619,10.);
#2394=VECTOR('',#8622,10.);
#2395=VECTOR('',#8623,10.);
#2396=VECTOR('',#8624,10.);
#2397=VECTOR('',#8627,10.);
#2398=VECTOR('',#8628,10.);
#2399=VECTOR('',#8631,10.);
#2400=VECTOR('',#8632,10.);
#2401=VECTOR('',#8635,10.);
#2402=VECTOR('',#8640,10.);
#2403=VECTOR('',#8643,10.);
#2404=VECTOR('',#8646,10.);
#2405=VECTOR('',#8647,10.);
#2406=VECTOR('',#8648,10.);
#2407=VECTOR('',#8649,10.);
#2408=VECTOR('',#8656,10.);
#2409=VECTOR('',#8661,10.);
#2410=VECTOR('',#8666,10.);
#2411=VECTOR('',#8667,10.);
#2412=VECTOR('',#8668,10.);
#2413=VECTOR('',#8677,10.);
#2414=VECTOR('',#8678,10.);
#2415=VECTOR('',#8679,10.);
#2416=VECTOR('',#8682,10.);
#2417=VECTOR('',#8683,10.);
#2418=VECTOR('',#8686,10.);
#2419=VECTOR('',#8687,10.);
#2420=VECTOR('',#8688,10.);
#2421=VECTOR('',#8689,10.);
#2422=VECTOR('',#8694,10.);
#2423=VECTOR('',#8699,10.);
#2424=VECTOR('',#8702,10.);
#2425=VECTOR('',#8703,10.);
#2426=VECTOR('',#8704,10.);
#2427=VECTOR('',#8705,10.);
#2428=VECTOR('',#8710,10.);
#2429=VECTOR('',#8711,10.);
#2430=VECTOR('',#8718,10.);
#2431=VECTOR('',#8719,10.);
#2432=VECTOR('',#8720,10.);
#2433=VECTOR('',#8727,10.);
#2434=VECTOR('',#8728,10.);
#2435=VECTOR('',#8731,10.);
#2436=VECTOR('',#8732,10.);
#2437=VECTOR('',#8733,10.);
#2438=VECTOR('',#8736,10.);
#2439=VECTOR('',#8737,10.);
#2440=VECTOR('',#8742,10.);
#2441=VECTOR('',#8747,10.);
#2442=VECTOR('',#8750,10.);
#2443=VECTOR('',#8751,10.);
#2444=VECTOR('',#8752,10.);
#2445=VECTOR('',#8753,10.);
#2446=VECTOR('',#8758,10.);
#2447=VECTOR('',#8759,10.);
#2448=VECTOR('',#8760,10.);
#2449=VECTOR('',#8765,10.);
#2450=VECTOR('',#8766,10.);
#2451=VECTOR('',#8767,10.);
#2452=VECTOR('',#8774,10.);
#2453=VECTOR('',#8777,10.);
#2454=VECTOR('',#8784,10.);
#2455=VECTOR('',#8787,10.);
#2456=VECTOR('',#8788,10.);
#2457=VECTOR('',#8789,10.);
#2458=VECTOR('',#8792,10.);
#2459=VECTOR('',#8793,10.);
#2460=VECTOR('',#8796,10.);
#2461=VECTOR('',#8797,10.);
#2462=VECTOR('',#8798,10.);
#2463=VECTOR('',#8799,10.);
#2464=VECTOR('',#8802,10.);
#2465=VECTOR('',#8803,10.);
#2466=VECTOR('',#8804,10.);
#2467=VECTOR('',#8805,10.);
#2468=VECTOR('',#8808,10.);
#2469=VECTOR('',#8811,10.);
#2470=VECTOR('',#8812,10.);
#2471=VECTOR('',#8815,10.);
#2472=VECTOR('',#8816,10.);
#2473=VECTOR('',#8817,10.);
#2474=VECTOR('',#8822,10.);
#2475=VECTOR('',#8823,10.);
#2476=VECTOR('',#8824,10.);
#2477=VECTOR('',#8827,10.);
#2478=VECTOR('',#8828,10.);
#2479=VECTOR('',#8833,10.);
#2480=VECTOR('',#8836,10.);
#2481=VECTOR('',#8837,10.);
#2482=VECTOR('',#8840,10.);
#2483=VECTOR('',#8841,10.);
#2484=VECTOR('',#8846,10.);
#2485=VECTOR('',#8849,10.);
#2486=VECTOR('',#8850,10.);
#2487=VECTOR('',#8851,10.);
#2488=VECTOR('',#8856,10.);
#2489=VECTOR('',#8863,10.);
#2490=VECTOR('',#8864,10.);
#2491=VECTOR('',#8865,10.);
#2492=VECTOR('',#8866,10.);
#2493=VECTOR('',#8873,10.);
#2494=VECTOR('',#8874,10.);
#2495=VECTOR('',#8877,10.);
#2496=VECTOR('',#8886,10.);
#2497=VECTOR('',#8887,10.);
#2498=VECTOR('',#8888,10.);
#2499=VECTOR('',#8891,10.);
#2500=VECTOR('',#8892,10.);
#2501=VECTOR('',#8893,10.);
#2502=VECTOR('',#8896,10.);
#2503=VECTOR('',#8897,10.);
#2504=VECTOR('',#8902,10.);
#2505=VECTOR('',#8905,10.);
#2506=VECTOR('',#8914,10.);
#2507=VECTOR('',#8919,10.);
#2508=VECTOR('',#8920,10.);
#2509=VECTOR('',#8921,10.);
#2510=VECTOR('',#8928,10.);
#2511=VECTOR('',#8929,10.);
#2512=VECTOR('',#8930,10.);
#2513=VECTOR('',#8931,10.);
#2514=VECTOR('',#8938,10.);
#2515=VECTOR('',#8939,10.);
#2516=VECTOR('',#8942,10.);
#2517=VECTOR('',#8943,10.);
#2518=VECTOR('',#8944,10.);
#2519=VECTOR('',#8947,10.);
#2520=VECTOR('',#8948,10.);
#2521=VECTOR('',#8949,10.);
#2522=VECTOR('',#8952,10.);
#2523=VECTOR('',#8953,10.);
#2524=VECTOR('',#8958,10.);
#2525=VECTOR('',#8961,10.);
#2526=VECTOR('',#8964,10.);
#2527=VECTOR('',#8965,10.);
#2528=VECTOR('',#8966,10.);
#2529=VECTOR('',#8967,10.);
#2530=VECTOR('',#8976,10.);
#2531=VECTOR('',#8977,10.);
#2532=VECTOR('',#8978,10.);
#2533=VECTOR('',#8983,10.);
#2534=VECTOR('',#8990,10.);
#2535=VECTOR('',#8991,10.);
#2536=VECTOR('',#8992,10.);
#2537=VECTOR('',#8997,10.);
#2538=VECTOR('',#8998,10.);
#2539=VECTOR('',#9003,10.);
#2540=VECTOR('',#9004,10.);
#2541=VECTOR('',#9005,10.);
#2542=VECTOR('',#9008,10.);
#2543=VECTOR('',#9009,10.);
#2544=VECTOR('',#9014,10.);
#2545=VECTOR('',#9017,10.);
#2546=VECTOR('',#9020,10.);
#2547=VECTOR('',#9021,10.);
#2548=VECTOR('',#9022,10.);
#2549=VECTOR('',#9023,10.);
#2550=VECTOR('',#9030,10.);
#2551=VECTOR('',#9035,10.);
#2552=VECTOR('',#9040,10.);
#2553=VECTOR('',#9041,10.);
#2554=VECTOR('',#9042,10.);
#2555=VECTOR('',#9051,10.);
#2556=VECTOR('',#9052,10.);
#2557=VECTOR('',#9053,10.);
#2558=VECTOR('',#9056,10.);
#2559=VECTOR('',#9057,10.);
#2560=VECTOR('',#9062,10.);
#2561=VECTOR('',#9063,10.);
#2562=VECTOR('',#9064,10.);
#2563=VECTOR('',#9067,10.);
#2564=VECTOR('',#9070,10.);
#2565=VECTOR('',#9071,10.);
#2566=VECTOR('',#9072,10.);
#2567=VECTOR('',#9073,10.);
#2568=VECTOR('',#9080,10.);
#2569=VECTOR('',#9091,10.);
#2570=VECTOR('',#9092,10.);
#2571=VECTOR('',#9093,10.);
#2572=VECTOR('',#9096,10.);
#2573=VECTOR('',#9097,10.);
#2574=VECTOR('',#9100,10.);
#2575=VECTOR('',#9101,10.);
#2576=VECTOR('',#9102,10.);
#2577=VECTOR('',#9105,10.);
#2578=VECTOR('',#9106,10.);
#2579=VECTOR('',#9107,10.);
#2580=VECTOR('',#9110,10.);
#2581=VECTOR('',#9111,10.);
#2582=VECTOR('',#9114,10.);
#2583=VECTOR('',#9115,10.);
#2584=VECTOR('',#9116,10.);
#2585=VECTOR('',#9117,10.);
#2586=VECTOR('',#9120,10.);
#2587=VECTOR('',#9121,10.);
#2588=VECTOR('',#9122,10.);
#2589=VECTOR('',#9125,10.);
#2590=VECTOR('',#9126,10.);
#2591=VECTOR('',#9127,10.);
#2592=VECTOR('',#9134,10.);
#2593=VECTOR('',#9135,10.);
#2594=VECTOR('',#9136,10.);
#2595=VECTOR('',#9137,10.);
#2596=VECTOR('',#9140,10.);
#2597=VECTOR('',#9143,10.);
#2598=VECTOR('',#9146,10.);
#2599=VECTOR('',#9147,10.);
#2600=VECTOR('',#9148,10.);
#2601=VECTOR('',#9151,10.);
#2602=VECTOR('',#9152,10.);
#2603=VECTOR('',#9153,10.);
#2604=VECTOR('',#9158,10.);
#2605=VECTOR('',#9159,10.);
#2606=VECTOR('',#9162,10.);
#2607=VECTOR('',#9163,10.);
#2608=VECTOR('',#9164,10.);
#2609=VECTOR('',#9165,10.);
#2610=VECTOR('',#9166,10.);
#2611=VECTOR('',#9169,10.);
#2612=VECTOR('',#9176,10.);
#2613=VECTOR('',#9179,10.);
#2614=VECTOR('',#9182,10.);
#2615=VECTOR('',#9183,10.);
#2616=VECTOR('',#9186,10.);
#2617=VECTOR('',#9189,10.);
#2618=VECTOR('',#9192,10.);
#2619=VECTOR('',#9195,10.);
#2620=VECTOR('',#9198,10.);
#2621=VECTOR('',#9199,10.);
#2622=VECTOR('',#9202,10.);
#2623=VECTOR('',#9205,10.);
#2624=VECTOR('',#9208,10.);
#2625=VECTOR('',#9209,10.);
#2626=VECTOR('',#9212,10.);
#2627=VECTOR('',#9215,10.);
#2628=VECTOR('',#9216,10.);
#2629=VECTOR('',#9219,10.);
#2630=VECTOR('',#9220,10.);
#2631=VECTOR('',#9223,10.);
#2632=VECTOR('',#9226,10.);
#2633=VECTOR('',#9227,10.);
#2634=VECTOR('',#9228,10.);
#2635=VECTOR('',#9229,10.);
#2636=VECTOR('',#9232,10.);
#2637=VECTOR('',#9237,10.);
#2638=VECTOR('',#9240,10.);
#2639=VECTOR('',#9243,10.);
#2640=VECTOR('',#9244,10.);
#2641=VECTOR('',#9245,10.);
#2642=VECTOR('',#9248,10.);
#2643=VECTOR('',#9249,10.);
#2644=VECTOR('',#9256,10.);
#2645=VECTOR('',#9259,10.);
#2646=VECTOR('',#9260,10.);
#2647=VECTOR('',#9261,10.);
#2648=VECTOR('',#9262,10.);
#2649=VECTOR('',#9263,10.);
#2650=VECTOR('',#9264,10.);
#2651=VECTOR('',#9265,10.);
#2652=VECTOR('',#9266,10.);
#2653=VECTOR('',#9267,10.);
#2654=VECTOR('',#9270,10.);
#2655=VECTOR('',#9273,10.);
#2656=VECTOR('',#9278,10.);
#2657=VECTOR('',#9283,10.);
#2658=VECTOR('',#9290,10.);
#2659=VECTOR('',#9293,10.);
#2660=VECTOR('',#9298,10.);
#2661=VECTOR('',#9307,10.);
#2662=VECTOR('',#9312,10.);
#2663=VECTOR('',#9319,10.);
#2664=VECTOR('',#9332,10.);
#2665=VECTOR('',#9335,10.);
#2666=VECTOR('',#9338,10.);
#2667=VECTOR('',#9339,10.);
#2668=VECTOR('',#9340,10.);
#2669=VECTOR('',#9341,10.);
#2670=VECTOR('',#9346,10.);
#2671=VECTOR('',#9359,10.);
#2672=VECTOR('',#9360,10.);
#2673=VECTOR('',#9361,10.);
#2674=VECTOR('',#9366,1.);
#2675=VECTOR('',#9371,10.);
#2676=VECTOR('',#9376,0.999999999999997);
#2677=VECTOR('',#9381,10.);
#2678=VECTOR('',#9388,1.);
#2679=VECTOR('',#9393,10.);
#2680=VECTOR('',#9396,10.);
#2681=VECTOR('',#9403,1.00000000000001);
#2682=VECTOR('',#9412,1.);
#2683=VECTOR('',#9419,0.999999999999996);
#2684=VECTOR('',#9426,10.);
#2685=VECTOR('',#9429,10.);
#2686=VECTOR('',#9432,10.);
#2687=VECTOR('',#9433,10.);
#2688=VECTOR('',#9434,10.);
#2689=VECTOR('',#9437,10.);
#2690=VECTOR('',#9444,10.);
#2691=VECTOR('',#9455,10.);
#2692=VECTOR('',#9456,10.);
#2693=VECTOR('',#9457,10.);
#2694=VECTOR('',#9464,10.);
#2695=VECTOR('',#9469,10.);
#2696=VECTOR('',#9478,1.1);
#2697=VECTOR('',#9481,1.1);
#2698=VECTOR('',#9484,10.);
#2699=VECTOR('',#9485,10.);
#2700=VECTOR('',#9488,10.);
#2701=VECTOR('',#9491,10.);
#2702=VECTOR('',#9496,10.);
#2703=VECTOR('',#9499,10.);
#2704=VECTOR('',#9504,10.);
#2705=VECTOR('',#9507,10.);
#2706=VECTOR('',#9510,10.);
#2707=VECTOR('',#9513,10.);
#2708=VECTOR('',#9516,10.);
#2709=VECTOR('',#9519,10.);
#2710=VECTOR('',#9526,1.8);
#2711=VECTOR('',#9529,10.);
#2712=VECTOR('',#9534,1.8);
#2713=VECTOR('',#9537,10.);
#2714=VECTOR('',#9542,10.);
#2715=VECTOR('',#9543,10.);
#2716=VECTOR('',#9544,10.);
#2717=VECTOR('',#9545,10.);
#2718=VECTOR('',#9548,10.);
#2719=VECTOR('',#9549,10.);
#2720=VECTOR('',#9550,10.);
#2721=VECTOR('',#9553,10.);
#2722=VECTOR('',#9554,10.);
#2723=VECTOR('',#9555,10.);
#2724=VECTOR('',#9558,10.);
#2725=VECTOR('',#9559,10.);
#2726=VECTOR('',#9562,10.);
#2727=VECTOR('',#9563,10.);
#2728=VECTOR('',#9564,10.);
#2729=VECTOR('',#9565,10.);
#2730=VECTOR('',#9568,10.);
#2731=VECTOR('',#9569,10.);
#2732=VECTOR('',#9570,10.);
#2733=VECTOR('',#9573,10.);
#2734=VECTOR('',#9574,10.);
#2735=VECTOR('',#9575,10.);
#2736=VECTOR('',#9578,10.);
#2737=VECTOR('',#9579,10.);
#2738=VECTOR('',#9582,10.);
#2739=VECTOR('',#9583,10.);
#2740=VECTOR('',#9584,10.);
#2741=VECTOR('',#9585,10.);
#2742=VECTOR('',#9588,10.);
#2743=VECTOR('',#9589,10.);
#2744=VECTOR('',#9590,10.);
#2745=VECTOR('',#9593,10.);
#2746=VECTOR('',#9594,10.);
#2747=VECTOR('',#9595,10.);
#2748=VECTOR('',#9598,10.);
#2749=VECTOR('',#9599,10.);
#2750=VECTOR('',#9600,10.);
#2751=VECTOR('',#9603,10.);
#2752=VECTOR('',#9604,10.);
#2753=VECTOR('',#9607,10.);
#2754=VECTOR('',#9608,10.);
#2755=VECTOR('',#9609,10.);
#2756=VECTOR('',#9610,10.);
#2757=VECTOR('',#9613,10.);
#2758=VECTOR('',#9614,10.);
#2759=VECTOR('',#9615,10.);
#2760=VECTOR('',#9618,10.);
#2761=VECTOR('',#9619,10.);
#2762=VECTOR('',#9620,10.);
#2763=VECTOR('',#9623,10.);
#2764=VECTOR('',#9624,10.);
#2765=VECTOR('',#9627,10.);
#2766=VECTOR('',#9628,10.);
#2767=VECTOR('',#9629,10.);
#2768=VECTOR('',#9630,10.);
#2769=VECTOR('',#9633,10.);
#2770=VECTOR('',#9634,10.);
#2771=VECTOR('',#9635,10.);
#2772=VECTOR('',#9638,10.);
#2773=VECTOR('',#9639,10.);
#2774=VECTOR('',#9640,10.);
#2775=VECTOR('',#9643,10.);
#2776=VECTOR('',#9644,10.);
#2777=VECTOR('',#9647,10.);
#2778=VECTOR('',#9648,10.);
#2779=VECTOR('',#9649,10.);
#2780=VECTOR('',#9650,10.);
#2781=VECTOR('',#9653,10.);
#2782=VECTOR('',#9654,10.);
#2783=VECTOR('',#9655,10.);
#2784=VECTOR('',#9658,10.);
#2785=VECTOR('',#9659,10.);
#2786=VECTOR('',#9660,10.);
#2787=VECTOR('',#9663,10.);
#2788=VECTOR('',#9664,10.);
#2789=VECTOR('',#9667,10.);
#2790=VECTOR('',#9668,10.);
#2791=VECTOR('',#9669,10.);
#2792=VECTOR('',#9670,10.);
#2793=VECTOR('',#9673,10.);
#2794=VECTOR('',#9674,10.);
#2795=VECTOR('',#9675,10.);
#2796=VECTOR('',#9678,10.);
#2797=VECTOR('',#9679,10.);
#2798=VECTOR('',#9680,10.);
#2799=VECTOR('',#9683,10.);
#2800=VECTOR('',#9684,10.);
#2801=VECTOR('',#9687,10.);
#2802=VECTOR('',#9688,10.);
#2803=VECTOR('',#9689,10.);
#2804=VECTOR('',#9690,10.);
#2805=VECTOR('',#9693,10.);
#2806=VECTOR('',#9694,10.);
#2807=VECTOR('',#9695,10.);
#2808=VECTOR('',#9698,10.);
#2809=VECTOR('',#9699,10.);
#2810=VECTOR('',#9700,10.);
#2811=VECTOR('',#9703,10.);
#2812=VECTOR('',#9704,10.);
#2813=VECTOR('',#9707,10.);
#2814=VECTOR('',#9708,10.);
#2815=VECTOR('',#9709,10.);
#2816=VECTOR('',#9710,10.);
#2817=VECTOR('',#9713,10.);
#2818=VECTOR('',#9714,10.);
#2819=VECTOR('',#9715,10.);
#2820=VECTOR('',#9718,10.);
#2821=VECTOR('',#9719,10.);
#2822=VECTOR('',#9720,10.);
#2823=VECTOR('',#9723,10.);
#2824=VECTOR('',#9724,10.);
#2825=VECTOR('',#9727,10.);
#2826=VECTOR('',#9728,10.);
#2827=VECTOR('',#9729,10.);
#2828=VECTOR('',#9730,10.);
#2829=VECTOR('',#9733,10.);
#2830=VECTOR('',#9734,10.);
#2831=VECTOR('',#9735,10.);
#2832=VECTOR('',#9738,10.);
#2833=VECTOR('',#9739,10.);
#2834=VECTOR('',#9740,10.);
#2835=VECTOR('',#9743,10.);
#2836=VECTOR('',#9744,10.);
#2837=VECTOR('',#9747,10.);
#2838=VECTOR('',#9748,10.);
#2839=VECTOR('',#9749,10.);
#2840=VECTOR('',#9750,10.);
#2841=VECTOR('',#9753,10.);
#2842=VECTOR('',#9754,10.);
#2843=VECTOR('',#9755,10.);
#2844=VECTOR('',#9758,10.);
#2845=VECTOR('',#9759,10.);
#2846=VECTOR('',#9760,10.);
#2847=VECTOR('',#9763,10.);
#2848=VECTOR('',#9764,10.);
#2849=VECTOR('',#9767,10.);
#2850=VECTOR('',#9768,10.);
#2851=VECTOR('',#9769,10.);
#2852=VECTOR('',#9770,10.);
#2853=VECTOR('',#9773,10.);
#2854=VECTOR('',#9774,10.);
#2855=VECTOR('',#9775,10.);
#2856=VECTOR('',#9778,10.);
#2857=VECTOR('',#9779,10.);
#2858=VECTOR('',#9780,10.);
#2859=VECTOR('',#9783,10.);
#2860=VECTOR('',#9784,10.);
#2861=VECTOR('',#9787,10.);
#2862=VECTOR('',#9788,10.);
#2863=VECTOR('',#9789,10.);
#2864=VECTOR('',#9790,10.);
#2865=VECTOR('',#9793,10.);
#2866=VECTOR('',#9794,10.);
#2867=VECTOR('',#9795,10.);
#2868=VECTOR('',#9798,10.);
#2869=VECTOR('',#9799,10.);
#2870=VECTOR('',#9800,10.);
#2871=VECTOR('',#9803,10.);
#2872=VECTOR('',#9804,10.);
#2873=VECTOR('',#9807,10.);
#2874=VECTOR('',#9808,10.);
#2875=VECTOR('',#9809,10.);
#2876=VECTOR('',#9810,10.);
#2877=VECTOR('',#9813,10.);
#2878=VECTOR('',#9814,10.);
#2879=VECTOR('',#9815,10.);
#2880=VECTOR('',#9818,10.);
#2881=VECTOR('',#9819,10.);
#2882=VECTOR('',#9820,10.);
#2883=VECTOR('',#9823,10.);
#2884=VECTOR('',#9824,10.);
#2885=VECTOR('',#9827,10.);
#2886=VECTOR('',#9828,10.);
#2887=VECTOR('',#9829,10.);
#2888=VECTOR('',#9830,10.);
#2889=VECTOR('',#9833,10.);
#2890=VECTOR('',#9834,10.);
#2891=VECTOR('',#9835,10.);
#2892=VECTOR('',#9838,10.);
#2893=VECTOR('',#9839,10.);
#2894=VECTOR('',#9840,10.);
#2895=VECTOR('',#9843,10.);
#2896=VECTOR('',#9844,10.);
#2897=VECTOR('',#9847,10.);
#2898=VECTOR('',#9848,10.);
#2899=VECTOR('',#9849,10.);
#2900=VECTOR('',#9850,10.);
#2901=VECTOR('',#9853,10.);
#2902=VECTOR('',#9854,10.);
#2903=VECTOR('',#9855,10.);
#2904=VECTOR('',#9858,10.);
#2905=VECTOR('',#9859,10.);
#2906=VECTOR('',#9860,10.);
#2907=VECTOR('',#9863,10.);
#2908=VECTOR('',#9864,10.);
#2909=VECTOR('',#9869,1.1);
#2910=VECTOR('',#9876,1.1);
#2911=VECTOR('',#9883,1.1);
#2912=VECTOR('',#9890,1.1);
#2913=VECTOR('',#9897,1.1);
#2914=VECTOR('',#9904,1.1);
#2915=VECTOR('',#9911,10.);
#2916=VECTOR('',#9920,10.);
#2917=VECTOR('',#9923,10.);
#2918=VECTOR('',#9926,10.);
#2919=VECTOR('',#9927,10.);
#2920=VECTOR('',#9932,10.);
#2921=VECTOR('',#9935,10.);
#2922=VECTOR('',#9938,10.);
#2923=VECTOR('',#9939,10.);
#2924=VECTOR('',#9944,10.);
#2925=VECTOR('',#9953,10.);
#2926=VECTOR('',#9956,10.);
#2927=VECTOR('',#9959,10.);
#2928=VECTOR('',#9960,10.);
#2929=VECTOR('',#9965,10.);
#2930=VECTOR('',#9968,10.);
#2931=VECTOR('',#9971,10.);
#2932=VECTOR('',#9972,10.);
#2933=VECTOR('',#9975,10.);
#2934=VECTOR('',#9976,10.);
#2935=VECTOR('',#9977,10.);
#2936=VECTOR('',#9978,10.);
#2937=VECTOR('',#9981,10.);
#2938=VECTOR('',#9982,10.);
#2939=VECTOR('',#9983,10.);
#2940=VECTOR('',#9988,10.);
#2941=VECTOR('',#9989,10.);
#2942=VECTOR('',#9992,10.);
#2943=VECTOR('',#9993,10.);
#2944=VECTOR('',#9994,10.);
#2945=VECTOR('',#9995,10.);
#2946=VECTOR('',#10000,10.);
#2947=VECTOR('',#10003,10.);
#2948=VECTOR('',#10004,10.);
#2949=VECTOR('',#10007,10.);
#2950=VECTOR('',#10008,10.);
#2951=VECTOR('',#10011,10.);
#2952=VECTOR('',#10012,10.);
#2953=VECTOR('',#10017,10.);
#2954=VECTOR('',#10020,10.);
#2955=VERTEX_POINT('',#10030);
#2956=VERTEX_POINT('',#10031);
#2957=VERTEX_POINT('',#10033);
#2958=VERTEX_POINT('',#10035);
#2959=VERTEX_POINT('',#10039);
#2960=VERTEX_POINT('',#10040);
#2961=VERTEX_POINT('',#10042);
#2962=VERTEX_POINT('',#10044);
#2963=VERTEX_POINT('',#10046);
#2964=VERTEX_POINT('',#10050);
#2965=VERTEX_POINT('',#10052);
#2966=VERTEX_POINT('',#10056);
#2967=VERTEX_POINT('',#10058);
#2968=VERTEX_POINT('',#10062);
#2969=VERTEX_POINT('',#10064);
#2970=VERTEX_POINT('',#10066);
#2971=VERTEX_POINT('',#10070);
#2972=VERTEX_POINT('',#10072);
#2973=VERTEX_POINT('',#10074);
#2974=VERTEX_POINT('',#10076);
#2975=VERTEX_POINT('',#10080);
#2976=VERTEX_POINT('',#10082);
#2977=VERTEX_POINT('',#10086);
#2978=VERTEX_POINT('',#10088);
#2979=VERTEX_POINT('',#10090);
#2980=VERTEX_POINT('',#10094);
#2981=VERTEX_POINT('',#10099);
#2982=VERTEX_POINT('',#10100);
#2983=VERTEX_POINT('',#10102);
#2984=VERTEX_POINT('',#10104);
#2985=VERTEX_POINT('',#10108);
#2986=VERTEX_POINT('',#10109);
#2987=VERTEX_POINT('',#10111);
#2988=VERTEX_POINT('',#10113);
#2989=VERTEX_POINT('',#10115);
#2990=VERTEX_POINT('',#10119);
#2991=VERTEX_POINT('',#10121);
#2992=VERTEX_POINT('',#10125);
#2993=VERTEX_POINT('',#10127);
#2994=VERTEX_POINT('',#10129);
#2995=VERTEX_POINT('',#10133);
#2996=VERTEX_POINT('',#10135);
#2997=VERTEX_POINT('',#10137);
#2998=VERTEX_POINT('',#10139);
#2999=VERTEX_POINT('',#10143);
#3000=VERTEX_POINT('',#10145);
#3001=VERTEX_POINT('',#10149);
#3002=VERTEX_POINT('',#10152);
#3003=VERTEX_POINT('',#10156);
#3004=VERTEX_POINT('',#10157);
#3005=VERTEX_POINT('',#10159);
#3006=VERTEX_POINT('',#10161);
#3007=VERTEX_POINT('',#10165);
#3008=VERTEX_POINT('',#10166);
#3009=VERTEX_POINT('',#10168);
#3010=VERTEX_POINT('',#10170);
#3011=VERTEX_POINT('',#10174);
#3012=VERTEX_POINT('',#10176);
#3013=VERTEX_POINT('',#10178);
#3014=VERTEX_POINT('',#10182);
#3015=VERTEX_POINT('',#10184);
#3016=VERTEX_POINT('',#10186);
#3017=VERTEX_POINT('',#10188);
#3018=VERTEX_POINT('',#10192);
#3019=VERTEX_POINT('',#10194);
#3020=VERTEX_POINT('',#10196);
#3021=VERTEX_POINT('',#10200);
#3022=VERTEX_POINT('',#10202);
#3023=VERTEX_POINT('',#10206);
#3024=VERTEX_POINT('',#10209);
#3025=VERTEX_POINT('',#10214);
#3026=VERTEX_POINT('',#10216);
#3027=VERTEX_POINT('',#10218);
#3028=VERTEX_POINT('',#10220);
#3029=VERTEX_POINT('',#10226);
#3030=VERTEX_POINT('',#10228);
#3031=VERTEX_POINT('',#10230);
#3032=VERTEX_POINT('',#10232);
#3033=VERTEX_POINT('',#10237);
#3034=VERTEX_POINT('',#10241);
#3035=VERTEX_POINT('',#10248);
#3036=VERTEX_POINT('',#10250);
#3037=VERTEX_POINT('',#10252);
#3038=VERTEX_POINT('',#10254);
#3039=VERTEX_POINT('',#10256);
#3040=VERTEX_POINT('',#10258);
#3041=VERTEX_POINT('',#10260);
#3042=VERTEX_POINT('',#10262);
#3043=VERTEX_POINT('',#10267);
#3044=VERTEX_POINT('',#10269);
#3045=VERTEX_POINT('',#10271);
#3046=VERTEX_POINT('',#10273);
#3047=VERTEX_POINT('',#10275);
#3048=VERTEX_POINT('',#10277);
#3049=VERTEX_POINT('',#10279);
#3050=VERTEX_POINT('',#10281);
#3051=VERTEX_POINT('',#10283);
#3052=VERTEX_POINT('',#10285);
#3053=VERTEX_POINT('',#10287);
#3054=VERTEX_POINT('',#10289);
#3055=VERTEX_POINT('',#10291);
#3056=VERTEX_POINT('',#10293);
#3057=VERTEX_POINT('',#10295);
#3058=VERTEX_POINT('',#10298);
#3059=VERTEX_POINT('',#10300);
#3060=VERTEX_POINT('',#10302);
#3061=VERTEX_POINT('',#10304);
#3062=VERTEX_POINT('',#10306);
#3063=VERTEX_POINT('',#10308);
#3064=VERTEX_POINT('',#10310);
#3065=VERTEX_POINT('',#10312);
#3066=VERTEX_POINT('',#10314);
#3067=VERTEX_POINT('',#10316);
#3068=VERTEX_POINT('',#10318);
#3069=VERTEX_POINT('',#10321);
#3070=VERTEX_POINT('',#10323);
#3071=VERTEX_POINT('',#10325);
#3072=VERTEX_POINT('',#10327);
#3073=VERTEX_POINT('',#10331);
#3074=VERTEX_POINT('',#10335);
#3075=VERTEX_POINT('',#10336);
#3076=VERTEX_POINT('',#10338);
#3077=VERTEX_POINT('',#10340);
#3078=VERTEX_POINT('',#10343);
#3079=VERTEX_POINT('',#10344);
#3080=VERTEX_POINT('',#10346);
#3081=VERTEX_POINT('',#10348);
#3082=VERTEX_POINT('',#10351);
#3083=VERTEX_POINT('',#10352);
#3084=VERTEX_POINT('',#10354);
#3085=VERTEX_POINT('',#10356);
#3086=VERTEX_POINT('',#10359);
#3087=VERTEX_POINT('',#10360);
#3088=VERTEX_POINT('',#10362);
#3089=VERTEX_POINT('',#10364);
#3090=VERTEX_POINT('',#10367);
#3091=VERTEX_POINT('',#10368);
#3092=VERTEX_POINT('',#10370);
#3093=VERTEX_POINT('',#10372);
#3094=VERTEX_POINT('',#10375);
#3095=VERTEX_POINT('',#10376);
#3096=VERTEX_POINT('',#10378);
#3097=VERTEX_POINT('',#10380);
#3098=VERTEX_POINT('',#10383);
#3099=VERTEX_POINT('',#10384);
#3100=VERTEX_POINT('',#10386);
#3101=VERTEX_POINT('',#10388);
#3102=VERTEX_POINT('',#10391);
#3103=VERTEX_POINT('',#10392);
#3104=VERTEX_POINT('',#10394);
#3105=VERTEX_POINT('',#10396);
#3106=VERTEX_POINT('',#10399);
#3107=VERTEX_POINT('',#10400);
#3108=VERTEX_POINT('',#10402);
#3109=VERTEX_POINT('',#10404);
#3110=VERTEX_POINT('',#10407);
#3111=VERTEX_POINT('',#10408);
#3112=VERTEX_POINT('',#10410);
#3113=VERTEX_POINT('',#10412);
#3114=VERTEX_POINT('',#10414);
#3115=VERTEX_POINT('',#10417);
#3116=VERTEX_POINT('',#10418);
#3117=VERTEX_POINT('',#10420);
#3118=VERTEX_POINT('',#10422);
#3119=VERTEX_POINT('',#10425);
#3120=VERTEX_POINT('',#10426);
#3121=VERTEX_POINT('',#10428);
#3122=VERTEX_POINT('',#10430);
#3123=VERTEX_POINT('',#10433);
#3124=VERTEX_POINT('',#10434);
#3125=VERTEX_POINT('',#10436);
#3126=VERTEX_POINT('',#10438);
#3127=VERTEX_POINT('',#10441);
#3128=VERTEX_POINT('',#10442);
#3129=VERTEX_POINT('',#10444);
#3130=VERTEX_POINT('',#10446);
#3131=VERTEX_POINT('',#10449);
#3132=VERTEX_POINT('',#10450);
#3133=VERTEX_POINT('',#10452);
#3134=VERTEX_POINT('',#10454);
#3135=VERTEX_POINT('',#10457);
#3136=VERTEX_POINT('',#10458);
#3137=VERTEX_POINT('',#10460);
#3138=VERTEX_POINT('',#10462);
#3139=VERTEX_POINT('',#10466);
#3140=VERTEX_POINT('',#10468);
#3141=VERTEX_POINT('',#10472);
#3142=VERTEX_POINT('',#10476);
#3143=VERTEX_POINT('',#10482);
#3144=VERTEX_POINT('',#10484);
#3145=VERTEX_POINT('',#10488);
#3146=VERTEX_POINT('',#10492);
#3147=VERTEX_POINT('',#10498);
#3148=VERTEX_POINT('',#10500);
#3149=VERTEX_POINT('',#10504);
#3150=VERTEX_POINT('',#10508);
#3151=VERTEX_POINT('',#10512);
#3152=VERTEX_POINT('',#10518);
#3153=VERTEX_POINT('',#10520);
#3154=VERTEX_POINT('',#10524);
#3155=VERTEX_POINT('',#10528);
#3156=VERTEX_POINT('',#10534);
#3157=VERTEX_POINT('',#10536);
#3158=VERTEX_POINT('',#10540);
#3159=VERTEX_POINT('',#10544);
#3160=VERTEX_POINT('',#10550);
#3161=VERTEX_POINT('',#10552);
#3162=VERTEX_POINT('',#10556);
#3163=VERTEX_POINT('',#10560);
#3164=VERTEX_POINT('',#10566);
#3165=VERTEX_POINT('',#10568);
#3166=VERTEX_POINT('',#10572);
#3167=VERTEX_POINT('',#10576);
#3168=VERTEX_POINT('',#10582);
#3169=VERTEX_POINT('',#10584);
#3170=VERTEX_POINT('',#10588);
#3171=VERTEX_POINT('',#10592);
#3172=VERTEX_POINT('',#10598);
#3173=VERTEX_POINT('',#10600);
#3174=VERTEX_POINT('',#10604);
#3175=VERTEX_POINT('',#10608);
#3176=VERTEX_POINT('',#10614);
#3177=VERTEX_POINT('',#10616);
#3178=VERTEX_POINT('',#10620);
#3179=VERTEX_POINT('',#10624);
#3180=VERTEX_POINT('',#10630);
#3181=VERTEX_POINT('',#10632);
#3182=VERTEX_POINT('',#10636);
#3183=VERTEX_POINT('',#10640);
#3184=VERTEX_POINT('',#10646);
#3185=VERTEX_POINT('',#10648);
#3186=VERTEX_POINT('',#10652);
#3187=VERTEX_POINT('',#10656);
#3188=VERTEX_POINT('',#10662);
#3189=VERTEX_POINT('',#10664);
#3190=VERTEX_POINT('',#10668);
#3191=VERTEX_POINT('',#10672);
#3192=VERTEX_POINT('',#10678);
#3193=VERTEX_POINT('',#10680);
#3194=VERTEX_POINT('',#10684);
#3195=VERTEX_POINT('',#10688);
#3196=VERTEX_POINT('',#10694);
#3197=VERTEX_POINT('',#10696);
#3198=VERTEX_POINT('',#10700);
#3199=VERTEX_POINT('',#10704);
#3200=VERTEX_POINT('',#10710);
#3201=VERTEX_POINT('',#10712);
#3202=VERTEX_POINT('',#10716);
#3203=VERTEX_POINT('',#10720);
#3204=VERTEX_POINT('',#10726);
#3205=VERTEX_POINT('',#10727);
#3206=VERTEX_POINT('',#10729);
#3207=VERTEX_POINT('',#10731);
#3208=VERTEX_POINT('',#10735);
#3209=VERTEX_POINT('',#10736);
#3210=VERTEX_POINT('',#10738);
#3211=VERTEX_POINT('',#10740);
#3212=VERTEX_POINT('',#10744);
#3213=VERTEX_POINT('',#10746);
#3214=VERTEX_POINT('',#10750);
#3215=VERTEX_POINT('',#10752);
#3216=VERTEX_POINT('',#10756);
#3217=VERTEX_POINT('',#10758);
#3218=VERTEX_POINT('',#10765);
#3219=VERTEX_POINT('',#10767);
#3220=VERTEX_POINT('',#10774);
#3221=VERTEX_POINT('',#10775);
#3222=VERTEX_POINT('',#10777);
#3223=VERTEX_POINT('',#10779);
#3224=VERTEX_POINT('',#10783);
#3225=VERTEX_POINT('',#10784);
#3226=VERTEX_POINT('',#10786);
#3227=VERTEX_POINT('',#10788);
#3228=VERTEX_POINT('',#10790);
#3229=VERTEX_POINT('',#10794);
#3230=VERTEX_POINT('',#10795);
#3231=VERTEX_POINT('',#10797);
#3232=VERTEX_POINT('',#10799);
#3233=VERTEX_POINT('',#10803);
#3234=VERTEX_POINT('',#10806);
#3235=VERTEX_POINT('',#10808);
#3236=VERTEX_POINT('',#10812);
#3237=VERTEX_POINT('',#10814);
#3238=VERTEX_POINT('',#10818);
#3239=VERTEX_POINT('',#10820);
#3240=VERTEX_POINT('',#10825);
#3241=VERTEX_POINT('',#10827);
#3242=VERTEX_POINT('',#10834);
#3243=VERTEX_POINT('',#10835);
#3244=VERTEX_POINT('',#10837);
#3245=VERTEX_POINT('',#10839);
#3246=VERTEX_POINT('',#10841);
#3247=VERTEX_POINT('',#10845);
#3248=VERTEX_POINT('',#10846);
#3249=VERTEX_POINT('',#10848);
#3250=VERTEX_POINT('',#10850);
#3251=VERTEX_POINT('',#10854);
#3252=VERTEX_POINT('',#10856);
#3253=VERTEX_POINT('',#10858);
#3254=VERTEX_POINT('',#10860);
#3255=VERTEX_POINT('',#10864);
#3256=VERTEX_POINT('',#10866);
#3257=VERTEX_POINT('',#10870);
#3258=VERTEX_POINT('',#10872);
#3259=VERTEX_POINT('',#10876);
#3260=VERTEX_POINT('',#10879);
#3261=VERTEX_POINT('',#10881);
#3262=VERTEX_POINT('',#10885);
#3263=VERTEX_POINT('',#10887);
#3264=VERTEX_POINT('',#10894);
#3265=VERTEX_POINT('',#10895);
#3266=VERTEX_POINT('',#10897);
#3267=VERTEX_POINT('',#10899);
#3268=VERTEX_POINT('',#10903);
#3269=VERTEX_POINT('',#10904);
#3270=VERTEX_POINT('',#10906);
#3271=VERTEX_POINT('',#10908);
#3272=VERTEX_POINT('',#10912);
#3273=VERTEX_POINT('',#10914);
#3274=VERTEX_POINT('',#10916);
#3275=VERTEX_POINT('',#10920);
#3276=VERTEX_POINT('',#10922);
#3277=VERTEX_POINT('',#10924);
#3278=VERTEX_POINT('',#10928);
#3279=VERTEX_POINT('',#10930);
#3280=VERTEX_POINT('',#10934);
#3281=VERTEX_POINT('',#10939);
#3282=VERTEX_POINT('',#10940);
#3283=VERTEX_POINT('',#10943);
#3284=VERTEX_POINT('',#10950);
#3285=VERTEX_POINT('',#10951);
#3286=VERTEX_POINT('',#10953);
#3287=VERTEX_POINT('',#10955);
#3288=VERTEX_POINT('',#10957);
#3289=VERTEX_POINT('',#10959);
#3290=VERTEX_POINT('',#10963);
#3291=VERTEX_POINT('',#10964);
#3292=VERTEX_POINT('',#10966);
#3293=VERTEX_POINT('',#10971);
#3294=VERTEX_POINT('',#10972);
#3295=VERTEX_POINT('',#10974);
#3296=VERTEX_POINT('',#10976);
#3297=VERTEX_POINT('',#10980);
#3298=VERTEX_POINT('',#10981);
#3299=VERTEX_POINT('',#10983);
#3300=VERTEX_POINT('',#10986);
#3301=VERTEX_POINT('',#10988);
#3302=VERTEX_POINT('',#10995);
#3303=VERTEX_POINT('',#10997);
#3304=VERTEX_POINT('',#11001);
#3305=VERTEX_POINT('',#11003);
#3306=VERTEX_POINT('',#11010);
#3307=VERTEX_POINT('',#11011);
#3308=VERTEX_POINT('',#11013);
#3309=VERTEX_POINT('',#11015);
#3310=VERTEX_POINT('',#11019);
#3311=VERTEX_POINT('',#11020);
#3312=VERTEX_POINT('',#11023);
#3313=VERTEX_POINT('',#11027);
#3314=VERTEX_POINT('',#11028);
#3315=VERTEX_POINT('',#11030);
#3316=VERTEX_POINT('',#11032);
#3317=VERTEX_POINT('',#11034);
#3318=VERTEX_POINT('',#11039);
#3319=VERTEX_POINT('',#11040);
#3320=VERTEX_POINT('',#11042);
#3321=VERTEX_POINT('',#11044);
#3322=VERTEX_POINT('',#11048);
#3323=VERTEX_POINT('',#11050);
#3324=VERTEX_POINT('',#11055);
#3325=VERTEX_POINT('',#11057);
#3326=VERTEX_POINT('',#11061);
#3327=VERTEX_POINT('',#11063);
#3328=VERTEX_POINT('',#11070);
#3329=VERTEX_POINT('',#11071);
#3330=VERTEX_POINT('',#11073);
#3331=VERTEX_POINT('',#11075);
#3332=VERTEX_POINT('',#11079);
#3333=VERTEX_POINT('',#11080);
#3334=VERTEX_POINT('',#11082);
#3335=VERTEX_POINT('',#11084);
#3336=VERTEX_POINT('',#11088);
#3337=VERTEX_POINT('',#11090);
#3338=VERTEX_POINT('',#11092);
#3339=VERTEX_POINT('',#11094);
#3340=VERTEX_POINT('',#11096);
#3341=VERTEX_POINT('',#11100);
#3342=VERTEX_POINT('',#11102);
#3343=VERTEX_POINT('',#11104);
#3344=VERTEX_POINT('',#11108);
#3345=VERTEX_POINT('',#11110);
#3346=VERTEX_POINT('',#11114);
#3347=VERTEX_POINT('',#11117);
#3348=VERTEX_POINT('',#11121);
#3349=VERTEX_POINT('',#11123);
#3350=VERTEX_POINT('',#11130);
#3351=VERTEX_POINT('',#11131);
#3352=VERTEX_POINT('',#11133);
#3353=VERTEX_POINT('',#11135);
#3354=VERTEX_POINT('',#11139);
#3355=VERTEX_POINT('',#11140);
#3356=VERTEX_POINT('',#11142);
#3357=VERTEX_POINT('',#11144);
#3358=VERTEX_POINT('',#11148);
#3359=VERTEX_POINT('',#11150);
#3360=VERTEX_POINT('',#11154);
#3361=VERTEX_POINT('',#11156);
#3362=VERTEX_POINT('',#11160);
#3363=VERTEX_POINT('',#11162);
#3364=VERTEX_POINT('',#11169);
#3365=VERTEX_POINT('',#11171);
#3366=VERTEX_POINT('',#11178);
#3367=VERTEX_POINT('',#11179);
#3368=VERTEX_POINT('',#11181);
#3369=VERTEX_POINT('',#11183);
#3370=VERTEX_POINT('',#11185);
#3371=VERTEX_POINT('',#11187);
#3372=VERTEX_POINT('',#11191);
#3373=VERTEX_POINT('',#11192);
#3374=VERTEX_POINT('',#11194);
#3375=VERTEX_POINT('',#11196);
#3376=VERTEX_POINT('',#11200);
#3377=VERTEX_POINT('',#11202);
#3378=VERTEX_POINT('',#11204);
#3379=VERTEX_POINT('',#11208);
#3380=VERTEX_POINT('',#11209);
#3381=VERTEX_POINT('',#11212);
#3382=VERTEX_POINT('',#11214);
#3383=VERTEX_POINT('',#11216);
#3384=VERTEX_POINT('',#11223);
#3385=VERTEX_POINT('',#11225);
#3386=VERTEX_POINT('',#11229);
#3387=VERTEX_POINT('',#11231);
#3388=VERTEX_POINT('',#11238);
#3389=VERTEX_POINT('',#11239);
#3390=VERTEX_POINT('',#11241);
#3391=VERTEX_POINT('',#11243);
#3392=VERTEX_POINT('',#11247);
#3393=VERTEX_POINT('',#11249);
#3394=VERTEX_POINT('',#11253);
#3395=VERTEX_POINT('',#11255);
#3396=VERTEX_POINT('',#11257);
#3397=VERTEX_POINT('',#11261);
#3398=VERTEX_POINT('',#11262);
#3399=VERTEX_POINT('',#11264);
#3400=VERTEX_POINT('',#11266);
#3401=VERTEX_POINT('',#11268);
#3402=VERTEX_POINT('',#11272);
#3403=VERTEX_POINT('',#11277);
#3404=VERTEX_POINT('',#11279);
#3405=VERTEX_POINT('',#11283);
#3406=VERTEX_POINT('',#11285);
#3407=VERTEX_POINT('',#11289);
#3408=VERTEX_POINT('',#11294);
#3409=VERTEX_POINT('',#11297);
#3410=VERTEX_POINT('',#11299);
#3411=VERTEX_POINT('',#11303);
#3412=VERTEX_POINT('',#11307);
#3413=VERTEX_POINT('',#11311);
#3414=VERTEX_POINT('',#11313);
#3415=VERTEX_POINT('',#11318);
#3416=VERTEX_POINT('',#11320);
#3417=VERTEX_POINT('',#11324);
#3418=VERTEX_POINT('',#11326);
#3419=VERTEX_POINT('',#11333);
#3420=VERTEX_POINT('',#11335);
#3421=VERTEX_POINT('',#11342);
#3422=VERTEX_POINT('',#11344);
#3423=VERTEX_POINT('',#11350);
#3424=VERTEX_POINT('',#11352);
#3425=VERTEX_POINT('',#11359);
#3426=VERTEX_POINT('',#11361);
#3427=VERTEX_POINT('',#11366);
#3428=VERTEX_POINT('',#11368);
#3429=VERTEX_POINT('',#11374);
#3430=VERTEX_POINT('',#11376);
#3431=VERTEX_POINT('',#11382);
#3432=VERTEX_POINT('',#11386);
#3433=VERTEX_POINT('',#11389);
#3434=VERTEX_POINT('',#11392);
#3435=VERTEX_POINT('',#11394);
#3436=VERTEX_POINT('',#11396);
#3437=VERTEX_POINT('',#11401);
#3438=VERTEX_POINT('',#11403);
#3439=VERTEX_POINT('',#11407);
#3440=VERTEX_POINT('',#11411);
#3441=VERTEX_POINT('',#11417);
#3442=VERTEX_POINT('',#11419);
#3443=VERTEX_POINT('',#11423);
#3444=VERTEX_POINT('',#11429);
#3445=VERTEX_POINT('',#11433);
#3446=VERTEX_POINT('',#11439);
#3447=VERTEX_POINT('',#11445);
#3448=VERTEX_POINT('',#11448);
#3449=VERTEX_POINT('',#11450);
#3450=VERTEX_POINT('',#11455);
#3451=VERTEX_POINT('',#11457);
#3452=VERTEX_POINT('',#11461);
#3453=VERTEX_POINT('',#11466);
#3454=VERTEX_POINT('',#11471);
#3455=VERTEX_POINT('',#11473);
#3456=VERTEX_POINT('',#11477);
#3457=VERTEX_POINT('',#11479);
#3458=VERTEX_POINT('',#11485);
#3459=VERTEX_POINT('',#11487);
#3460=VERTEX_POINT('',#11494);
#3461=VERTEX_POINT('',#11496);
#3462=VERTEX_POINT('',#11505);
#3463=VERTEX_POINT('',#11507);
#3464=VERTEX_POINT('',#11513);
#3465=VERTEX_POINT('',#11518);
#3466=VERTEX_POINT('',#11531);
#3467=VERTEX_POINT('',#11533);
#3468=VERTEX_POINT('',#11535);
#3469=VERTEX_POINT('',#11537);
#3470=VERTEX_POINT('',#11540);
#3471=VERTEX_POINT('',#11543);
#3472=VERTEX_POINT('',#11545);
#3473=VERTEX_POINT('',#11547);
#3474=VERTEX_POINT('',#11549);
#3475=VERTEX_POINT('',#11551);
#3476=VERTEX_POINT('',#11553);
#3477=VERTEX_POINT('',#11555);
#3478=VERTEX_POINT('',#11557);
#3479=VERTEX_POINT('',#11559);
#3480=VERTEX_POINT('',#11561);
#3481=VERTEX_POINT('',#11564);
#3482=VERTEX_POINT('',#11566);
#3483=VERTEX_POINT('',#11569);
#3484=VERTEX_POINT('',#11571);
#3485=VERTEX_POINT('',#11605);
#3486=VERTEX_POINT('',#11606);
#3487=VERTEX_POINT('',#11608);
#3488=VERTEX_POINT('',#11610);
#3489=VERTEX_POINT('',#11614);
#3490=VERTEX_POINT('',#11615);
#3491=VERTEX_POINT('',#11617);
#3492=VERTEX_POINT('',#11619);
#3493=VERTEX_POINT('',#11623);
#3494=VERTEX_POINT('',#11624);
#3495=VERTEX_POINT('',#11626);
#3496=VERTEX_POINT('',#11628);
#3497=VERTEX_POINT('',#11632);
#3498=VERTEX_POINT('',#11634);
#3499=VERTEX_POINT('',#11638);
#3500=VERTEX_POINT('',#11640);
#3501=VERTEX_POINT('',#11647);
#3502=VERTEX_POINT('',#11648);
#3503=VERTEX_POINT('',#11650);
#3504=VERTEX_POINT('',#11652);
#3505=VERTEX_POINT('',#11656);
#3506=VERTEX_POINT('',#11658);
#3507=VERTEX_POINT('',#11662);
#3508=VERTEX_POINT('',#11664);
#3509=VERTEX_POINT('',#11671);
#3510=VERTEX_POINT('',#11672);
#3511=VERTEX_POINT('',#11674);
#3512=VERTEX_POINT('',#11676);
#3513=VERTEX_POINT('',#11680);
#3514=VERTEX_POINT('',#11682);
#3515=VERTEX_POINT('',#11686);
#3516=VERTEX_POINT('',#11688);
#3517=VERTEX_POINT('',#11692);
#3518=VERTEX_POINT('',#11694);
#3519=VERTEX_POINT('',#11701);
#3520=VERTEX_POINT('',#11702);
#3521=VERTEX_POINT('',#11704);
#3522=VERTEX_POINT('',#11706);
#3523=VERTEX_POINT('',#11710);
#3524=VERTEX_POINT('',#11712);
#3525=VERTEX_POINT('',#11716);
#3526=VERTEX_POINT('',#11718);
#3527=VERTEX_POINT('',#11725);
#3528=VERTEX_POINT('',#11726);
#3529=VERTEX_POINT('',#11728);
#3530=VERTEX_POINT('',#11730);
#3531=VERTEX_POINT('',#11734);
#3532=VERTEX_POINT('',#11736);
#3533=VERTEX_POINT('',#11740);
#3534=VERTEX_POINT('',#11742);
#3535=VERTEX_POINT('',#11749);
#3536=VERTEX_POINT('',#11750);
#3537=VERTEX_POINT('',#11752);
#3538=VERTEX_POINT('',#11754);
#3539=VERTEX_POINT('',#11758);
#3540=VERTEX_POINT('',#11760);
#3541=VERTEX_POINT('',#11764);
#3542=VERTEX_POINT('',#11766);
#3543=VERTEX_POINT('',#11773);
#3544=VERTEX_POINT('',#11774);
#3545=VERTEX_POINT('',#11776);
#3546=VERTEX_POINT('',#11778);
#3547=VERTEX_POINT('',#11782);
#3548=VERTEX_POINT('',#11784);
#3549=VERTEX_POINT('',#11788);
#3550=VERTEX_POINT('',#11790);
#3551=VERTEX_POINT('',#11797);
#3552=VERTEX_POINT('',#11798);
#3553=VERTEX_POINT('',#11800);
#3554=VERTEX_POINT('',#11802);
#3555=VERTEX_POINT('',#11806);
#3556=VERTEX_POINT('',#11808);
#3557=VERTEX_POINT('',#11812);
#3558=VERTEX_POINT('',#11814);
#3559=VERTEX_POINT('',#11821);
#3560=VERTEX_POINT('',#11822);
#3561=VERTEX_POINT('',#11824);
#3562=VERTEX_POINT('',#11826);
#3563=VERTEX_POINT('',#11830);
#3564=VERTEX_POINT('',#11832);
#3565=VERTEX_POINT('',#11836);
#3566=VERTEX_POINT('',#11838);
#3567=VERTEX_POINT('',#11845);
#3568=VERTEX_POINT('',#11846);
#3569=VERTEX_POINT('',#11848);
#3570=VERTEX_POINT('',#11850);
#3571=VERTEX_POINT('',#11854);
#3572=VERTEX_POINT('',#11856);
#3573=VERTEX_POINT('',#11860);
#3574=VERTEX_POINT('',#11862);
#3575=VERTEX_POINT('',#11869);
#3576=VERTEX_POINT('',#11870);
#3577=VERTEX_POINT('',#11872);
#3578=VERTEX_POINT('',#11874);
#3579=VERTEX_POINT('',#11878);
#3580=VERTEX_POINT('',#11880);
#3581=VERTEX_POINT('',#11884);
#3582=VERTEX_POINT('',#11886);
#3583=VERTEX_POINT('',#11893);
#3584=VERTEX_POINT('',#11894);
#3585=VERTEX_POINT('',#11896);
#3586=VERTEX_POINT('',#11898);
#3587=VERTEX_POINT('',#11902);
#3588=VERTEX_POINT('',#11904);
#3589=VERTEX_POINT('',#11908);
#3590=VERTEX_POINT('',#11910);
#3591=VERTEX_POINT('',#11917);
#3592=VERTEX_POINT('',#11918);
#3593=VERTEX_POINT('',#11920);
#3594=VERTEX_POINT('',#11922);
#3595=VERTEX_POINT('',#11926);
#3596=VERTEX_POINT('',#11928);
#3597=VERTEX_POINT('',#11932);
#3598=VERTEX_POINT('',#11934);
#3599=VERTEX_POINT('',#11941);
#3600=VERTEX_POINT('',#11942);
#3601=VERTEX_POINT('',#11944);
#3602=VERTEX_POINT('',#11946);
#3603=VERTEX_POINT('',#11950);
#3604=VERTEX_POINT('',#11952);
#3605=VERTEX_POINT('',#11956);
#3606=VERTEX_POINT('',#11958);
#3607=VERTEX_POINT('',#11965);
#3608=VERTEX_POINT('',#11966);
#3609=VERTEX_POINT('',#11968);
#3610=VERTEX_POINT('',#11970);
#3611=VERTEX_POINT('',#11974);
#3612=VERTEX_POINT('',#11976);
#3613=VERTEX_POINT('',#11980);
#3614=VERTEX_POINT('',#11982);
#3615=VERTEX_POINT('',#11989);
#3616=VERTEX_POINT('',#11990);
#3617=VERTEX_POINT('',#11992);
#3618=VERTEX_POINT('',#11994);
#3619=VERTEX_POINT('',#11998);
#3620=VERTEX_POINT('',#12000);
#3621=VERTEX_POINT('',#12004);
#3622=VERTEX_POINT('',#12006);
#3623=VERTEX_POINT('',#12013);
#3624=VERTEX_POINT('',#12015);
#3625=VERTEX_POINT('',#12019);
#3626=VERTEX_POINT('',#12021);
#3627=VERTEX_POINT('',#12025);
#3628=VERTEX_POINT('',#12027);
#3629=VERTEX_POINT('',#12031);
#3630=VERTEX_POINT('',#12033);
#3631=VERTEX_POINT('',#12037);
#3632=VERTEX_POINT('',#12039);
#3633=VERTEX_POINT('',#12043);
#3634=VERTEX_POINT('',#12045);
#3635=VERTEX_POINT('',#12054);
#3636=VERTEX_POINT('',#12055);
#3637=VERTEX_POINT('',#12057);
#3638=VERTEX_POINT('',#12059);
#3639=VERTEX_POINT('',#12063);
#3640=VERTEX_POINT('',#12067);
#3641=VERTEX_POINT('',#12068);
#3642=VERTEX_POINT('',#12070);
#3643=VERTEX_POINT('',#12072);
#3644=VERTEX_POINT('',#12076);
#3645=VERTEX_POINT('',#12085);
#3646=VERTEX_POINT('',#12086);
#3647=VERTEX_POINT('',#12088);
#3648=VERTEX_POINT('',#12090);
#3649=VERTEX_POINT('',#12094);
#3650=VERTEX_POINT('',#12098);
#3651=VERTEX_POINT('',#12099);
#3652=VERTEX_POINT('',#12101);
#3653=VERTEX_POINT('',#12103);
#3654=VERTEX_POINT('',#12107);
#3655=VERTEX_POINT('',#12111);
#3656=VERTEX_POINT('',#12113);
#3657=VERTEX_POINT('',#12118);
#3658=VERTEX_POINT('',#12120);
#3659=VERTEX_POINT('',#12124);
#3660=VERTEX_POINT('',#12127);
#3661=VERTEX_POINT('',#12129);
#3662=VERTEX_POINT('',#12136);
#3663=VERTEX_POINT('',#12140);
#3664=VERTEX_POINT('',#12144);
#3665=VERTEX_POINT('',#12148);
#3666=VERTEX_POINT('',#12152);
#3667=EDGE_CURVE('',#2955,#2956,#1193,.T.);
#3668=EDGE_CURVE('',#2957,#2955,#1194,.T.);
#3669=EDGE_CURVE('',#2958,#2957,#1195,.T.);
#3670=EDGE_CURVE('',#2956,#2958,#1196,.T.);
#3671=EDGE_CURVE('',#2959,#2960,#1197,.T.);
#3672=EDGE_CURVE('',#2961,#2959,#1198,.T.);
#3673=EDGE_CURVE('',#2962,#2961,#1199,.T.);
#3674=EDGE_CURVE('',#2963,#2962,#1200,.T.);
#3675=EDGE_CURVE('',#2960,#2963,#1201,.T.);
#3676=EDGE_CURVE('',#2960,#2964,#1202,.T.);
#3677=EDGE_CURVE('',#2965,#2963,#1203,.T.);
#3678=EDGE_CURVE('',#2964,#2965,#1204,.T.);
#3679=EDGE_CURVE('',#2966,#2959,#1205,.T.);
#3680=EDGE_CURVE('',#2966,#2967,#1206,.T.);
#3681=EDGE_CURVE('',#2961,#2967,#1207,.T.);
#3682=EDGE_CURVE('',#2968,#2966,#1208,.T.);
#3683=EDGE_CURVE('',#2968,#2969,#1209,.T.);
#3684=EDGE_CURVE('',#2970,#2969,#1210,.T.);
#3685=EDGE_CURVE('',#2967,#2970,#1211,.T.);
#3686=EDGE_CURVE('',#2956,#2971,#1212,.T.);
#3687=EDGE_CURVE('',#2958,#2972,#1213,.T.);
#3688=EDGE_CURVE('',#2973,#2972,#1214,.T.);
#3689=EDGE_CURVE('',#2974,#2973,#1215,.T.);
#3690=EDGE_CURVE('',#2971,#2974,#1216,.T.);
#3691=EDGE_CURVE('',#2974,#2975,#1217,.T.);
#3692=EDGE_CURVE('',#2976,#2973,#1218,.T.);
#3693=EDGE_CURVE('',#2976,#2975,#1219,.T.);
#3694=EDGE_CURVE('',#2977,#2955,#1220,.T.);
#3695=EDGE_CURVE('',#2977,#2978,#1221,.T.);
#3696=EDGE_CURVE('',#2979,#2978,#1222,.T.);
#3697=EDGE_CURVE('',#2957,#2979,#1223,.T.);
#3698=EDGE_CURVE('',#2980,#2977,#1224,.T.);
#3699=EDGE_CURVE('',#2975,#2980,#1225,.T.);
#3700=EDGE_CURVE('',#2978,#2976,#1226,.T.);
#3701=EDGE_CURVE('',#2981,#2982,#1227,.T.);
#3702=EDGE_CURVE('',#2983,#2981,#1228,.T.);
#3703=EDGE_CURVE('',#2984,#2983,#1229,.T.);
#3704=EDGE_CURVE('',#2982,#2984,#1230,.T.);
#3705=EDGE_CURVE('',#2985,#2986,#1231,.T.);
#3706=EDGE_CURVE('',#2987,#2985,#1232,.T.);
#3707=EDGE_CURVE('',#2988,#2987,#1233,.T.);
#3708=EDGE_CURVE('',#2989,#2988,#1234,.T.);
#3709=EDGE_CURVE('',#2986,#2989,#1235,.T.);
#3710=EDGE_CURVE('',#2990,#2985,#1236,.T.);
#3711=EDGE_CURVE('',#2990,#2991,#1237,.T.);
#3712=EDGE_CURVE('',#2987,#2991,#1238,.T.);
#3713=EDGE_CURVE('',#2992,#2990,#1239,.T.);
#3714=EDGE_CURVE('',#2992,#2993,#1240,.T.);
#3715=EDGE_CURVE('',#2994,#2993,#1241,.T.);
#3716=EDGE_CURVE('',#2991,#2994,#1242,.T.);
#3717=EDGE_CURVE('',#2982,#2995,#1243,.T.);
#3718=EDGE_CURVE('',#2984,#2996,#1244,.T.);
#3719=EDGE_CURVE('',#2997,#2996,#1245,.T.);
#3720=EDGE_CURVE('',#2998,#2997,#1246,.T.);
#3721=EDGE_CURVE('',#2995,#2998,#1247,.T.);
#3722=EDGE_CURVE('',#2998,#2999,#1248,.T.);
#3723=EDGE_CURVE('',#3000,#2997,#1249,.T.);
#3724=EDGE_CURVE('',#3000,#2999,#1250,.T.);
#3725=EDGE_CURVE('',#3001,#2981,#1251,.T.);
#3726=EDGE_CURVE('',#2999,#3001,#1252,.T.);
#3727=EDGE_CURVE('',#3002,#3000,#1253,.T.);
#3728=EDGE_CURVE('',#2983,#3002,#1254,.T.);
#3729=EDGE_CURVE('',#3003,#3004,#1255,.T.);
#3730=EDGE_CURVE('',#3005,#3003,#1256,.T.);
#3731=EDGE_CURVE('',#3006,#3005,#1257,.T.);
#3732=EDGE_CURVE('',#3004,#3006,#1258,.T.);
#3733=EDGE_CURVE('',#3007,#3008,#1259,.T.);
#3734=EDGE_CURVE('',#3007,#3009,#1260,.T.);
#3735=EDGE_CURVE('',#3010,#3009,#1261,.T.);
#3736=EDGE_CURVE('',#3010,#3008,#1262,.T.);
#3737=EDGE_CURVE('',#3011,#3007,#1263,.T.);
#3738=EDGE_CURVE('',#3011,#3012,#1264,.T.);
#3739=EDGE_CURVE('',#3013,#3012,#1265,.T.);
#3740=EDGE_CURVE('',#3009,#3013,#1266,.T.);
#3741=EDGE_CURVE('',#3004,#3014,#1267,.T.);
#3742=EDGE_CURVE('',#3006,#3015,#1268,.T.);
#3743=EDGE_CURVE('',#3016,#3015,#1269,.T.);
#3744=EDGE_CURVE('',#3017,#3016,#1270,.T.);
#3745=EDGE_CURVE('',#3014,#3017,#1271,.T.);
#3746=EDGE_CURVE('',#3008,#3018,#1272,.T.);
#3747=EDGE_CURVE('',#3019,#3010,#1273,.T.);
#3748=EDGE_CURVE('',#3020,#3019,#1274,.T.);
#3749=EDGE_CURVE('',#3018,#3020,#1275,.T.);
#3750=EDGE_CURVE('',#3017,#3021,#1276,.T.);
#3751=EDGE_CURVE('',#3022,#3016,#1277,.T.);
#3752=EDGE_CURVE('',#3022,#3021,#1278,.T.);
#3753=EDGE_CURVE('',#3023,#3003,#1279,.T.);
#3754=EDGE_CURVE('',#3021,#3023,#1280,.T.);
#3755=EDGE_CURVE('',#3024,#3022,#1281,.T.);
#3756=EDGE_CURVE('',#3005,#3024,#1282,.T.);
#3757=EDGE_CURVE('',#2971,#3001,#1283,.T.);
#3758=EDGE_CURVE('',#2995,#3025,#1284,.T.);
#3759=EDGE_CURVE('',#3025,#3026,#1285,.T.);
#3760=EDGE_CURVE('',#3026,#3027,#1286,.T.);
#3761=EDGE_CURVE('',#3028,#3027,#1287,.F.);
#3762=EDGE_CURVE('',#3028,#3023,#1288,.T.);
#3763=EDGE_CURVE('',#3014,#2980,#1289,.T.);
#3764=EDGE_CURVE('',#2988,#2970,#1290,.T.);
#3765=EDGE_CURVE('',#3029,#2994,#1291,.T.);
#3766=EDGE_CURVE('',#3029,#3030,#1292,.T.);
#3767=EDGE_CURVE('',#3031,#3030,#1293,.T.);
#3768=EDGE_CURVE('',#3032,#3031,#1294,.T.);
#3769=EDGE_CURVE('',#3019,#3032,#1295,.T.);
#3770=EDGE_CURVE('',#2962,#3013,#1296,.T.);
#3771=EDGE_CURVE('',#3032,#3033,#1297,.T.);
#3772=EDGE_CURVE('',#3033,#3020,#1298,.T.);
#3773=EDGE_CURVE('',#2993,#3034,#1299,.T.);
#3774=EDGE_CURVE('',#3034,#3029,#1300,.T.);
#3775=EDGE_CURVE('',#2969,#2989,#1301,.T.);
#3776=EDGE_CURVE('',#3002,#2972,#1302,.T.);
#3777=EDGE_CURVE('',#3035,#2996,#1303,.T.);
#3778=EDGE_CURVE('',#3036,#3035,#1304,.T.);
#3779=EDGE_CURVE('',#3036,#3037,#1305,.T.);
#3780=EDGE_CURVE('',#3037,#3038,#1306,.T.);
#3781=EDGE_CURVE('',#3039,#3038,#1307,.T.);
#3782=EDGE_CURVE('',#3040,#3039,#1308,.T.);
#3783=EDGE_CURVE('',#3040,#3041,#1309,.T.);
#3784=EDGE_CURVE('',#3042,#3041,#1310,.T.);
#3785=EDGE_CURVE('',#3024,#3042,#1311,.T.);
#3786=EDGE_CURVE('',#2979,#3015,#1312,.T.);
#3787=EDGE_CURVE('',#2992,#3043,#1313,.T.);
#3788=EDGE_CURVE('',#3043,#3044,#280,.T.);
#3789=EDGE_CURVE('',#3045,#3044,#281,.F.);
#3790=EDGE_CURVE('',#3045,#3046,#282,.T.);
#3791=EDGE_CURVE('',#3046,#3047,#1314,.T.);
#3792=EDGE_CURVE('',#3047,#3048,#283,.T.);
#3793=EDGE_CURVE('',#3048,#3049,#1315,.T.);
#3794=EDGE_CURVE('',#3049,#3050,#284,.T.);
#3795=EDGE_CURVE('',#3051,#3050,#285,.F.);
#3796=EDGE_CURVE('',#3051,#3052,#286,.T.);
#3797=EDGE_CURVE('',#3052,#3053,#1316,.T.);
#3798=EDGE_CURVE('',#3053,#3054,#287,.T.);
#3799=EDGE_CURVE('',#3054,#3055,#1317,.T.);
#3800=EDGE_CURVE('',#3055,#3056,#288,.T.);
#3801=EDGE_CURVE('',#3057,#3056,#289,.F.);
#3802=EDGE_CURVE('',#3057,#3035,#290,.T.);
#3803=EDGE_CURVE('',#3042,#3058,#291,.T.);
#3804=EDGE_CURVE('',#3059,#3058,#292,.F.);
#3805=EDGE_CURVE('',#3059,#3060,#293,.T.);
#3806=EDGE_CURVE('',#3060,#3061,#1318,.T.);
#3807=EDGE_CURVE('',#3061,#3062,#294,.T.);
#3808=EDGE_CURVE('',#3063,#3062,#295,.F.);
#3809=EDGE_CURVE('',#3063,#3064,#296,.T.);
#3810=EDGE_CURVE('',#3064,#3065,#1319,.T.);
#3811=EDGE_CURVE('',#3065,#3066,#297,.T.);
#3812=EDGE_CURVE('',#3067,#3066,#298,.F.);
#3813=EDGE_CURVE('',#3067,#3068,#299,.T.);
#3814=EDGE_CURVE('',#3068,#3018,#1320,.T.);
#3815=EDGE_CURVE('',#3033,#3069,#1321,.T.);
#3816=EDGE_CURVE('',#3069,#3070,#300,.T.);
#3817=EDGE_CURVE('',#3070,#3071,#301,.T.);
#3818=EDGE_CURVE('',#3071,#3072,#302,.T.);
#3819=EDGE_CURVE('',#3072,#3034,#1322,.T.);
#3820=EDGE_CURVE('',#2968,#2986,#1323,.T.);
#3821=EDGE_CURVE('',#3073,#3073,#303,.T.);
#3822=EDGE_CURVE('',#3012,#2965,#1324,.T.);
#3823=EDGE_CURVE('',#3011,#2964,#1325,.T.);
#3824=EDGE_CURVE('',#3074,#3075,#1326,.T.);
#3825=EDGE_CURVE('',#3075,#3076,#1327,.T.);
#3826=EDGE_CURVE('',#3076,#3077,#1328,.T.);
#3827=EDGE_CURVE('',#3077,#3074,#1329,.T.);
#3828=EDGE_CURVE('',#3078,#3079,#1330,.T.);
#3829=EDGE_CURVE('',#3079,#3080,#1331,.T.);
#3830=EDGE_CURVE('',#3080,#3081,#1332,.T.);
#3831=EDGE_CURVE('',#3081,#3078,#1333,.T.);
#3832=EDGE_CURVE('',#3082,#3083,#1334,.T.);
#3833=EDGE_CURVE('',#3083,#3084,#1335,.T.);
#3834=EDGE_CURVE('',#3084,#3085,#1336,.T.);
#3835=EDGE_CURVE('',#3085,#3082,#1337,.T.);
#3836=EDGE_CURVE('',#3086,#3087,#1338,.T.);
#3837=EDGE_CURVE('',#3087,#3088,#1339,.T.);
#3838=EDGE_CURVE('',#3088,#3089,#1340,.T.);
#3839=EDGE_CURVE('',#3089,#3086,#1341,.T.);
#3840=EDGE_CURVE('',#3090,#3091,#1342,.T.);
#3841=EDGE_CURVE('',#3091,#3092,#1343,.T.);
#3842=EDGE_CURVE('',#3092,#3093,#1344,.T.);
#3843=EDGE_CURVE('',#3093,#3090,#1345,.T.);
#3844=EDGE_CURVE('',#3094,#3095,#1346,.T.);
#3845=EDGE_CURVE('',#3095,#3096,#1347,.T.);
#3846=EDGE_CURVE('',#3096,#3097,#1348,.T.);
#3847=EDGE_CURVE('',#3097,#3094,#1349,.T.);
#3848=EDGE_CURVE('',#3098,#3099,#1350,.T.);
#3849=EDGE_CURVE('',#3099,#3100,#1351,.T.);
#3850=EDGE_CURVE('',#3100,#3101,#1352,.T.);
#3851=EDGE_CURVE('',#3101,#3098,#1353,.T.);
#3852=EDGE_CURVE('',#3102,#3103,#1354,.T.);
#3853=EDGE_CURVE('',#3103,#3104,#1355,.T.);
#3854=EDGE_CURVE('',#3104,#3105,#1356,.T.);
#3855=EDGE_CURVE('',#3105,#3102,#1357,.T.);
#3856=EDGE_CURVE('',#3106,#3107,#1358,.T.);
#3857=EDGE_CURVE('',#3107,#3108,#1359,.T.);
#3858=EDGE_CURVE('',#3108,#3109,#1360,.T.);
#3859=EDGE_CURVE('',#3109,#3106,#1361,.T.);
#3860=EDGE_CURVE('',#3110,#3111,#1362,.T.);
#3861=EDGE_CURVE('',#3111,#3112,#1363,.T.);
#3862=EDGE_CURVE('',#3112,#3113,#1364,.T.);
#3863=EDGE_CURVE('',#3113,#3114,#1365,.T.);
#3864=EDGE_CURVE('',#3114,#3110,#1366,.T.);
#3865=EDGE_CURVE('',#3115,#3116,#1367,.T.);
#3866=EDGE_CURVE('',#3116,#3117,#1368,.T.);
#3867=EDGE_CURVE('',#3117,#3118,#1369,.T.);
#3868=EDGE_CURVE('',#3118,#3115,#1370,.T.);
#3869=EDGE_CURVE('',#3119,#3120,#1371,.T.);
#3870=EDGE_CURVE('',#3120,#3121,#1372,.T.);
#3871=EDGE_CURVE('',#3121,#3122,#1373,.T.);
#3872=EDGE_CURVE('',#3122,#3119,#1374,.T.);
#3873=EDGE_CURVE('',#3123,#3124,#1375,.T.);
#3874=EDGE_CURVE('',#3124,#3125,#1376,.T.);
#3875=EDGE_CURVE('',#3125,#3126,#1377,.T.);
#3876=EDGE_CURVE('',#3126,#3123,#1378,.T.);
#3877=EDGE_CURVE('',#3127,#3128,#1379,.T.);
#3878=EDGE_CURVE('',#3128,#3129,#1380,.T.);
#3879=EDGE_CURVE('',#3129,#3130,#1381,.T.);
#3880=EDGE_CURVE('',#3130,#3127,#1382,.T.);
#3881=EDGE_CURVE('',#3131,#3132,#1383,.T.);
#3882=EDGE_CURVE('',#3132,#3133,#1384,.T.);
#3883=EDGE_CURVE('',#3133,#3134,#1385,.T.);
#3884=EDGE_CURVE('',#3134,#3131,#1386,.T.);
#3885=EDGE_CURVE('',#3135,#3136,#1387,.T.);
#3886=EDGE_CURVE('',#3136,#3137,#1388,.T.);
#3887=EDGE_CURVE('',#3137,#3138,#1389,.T.);
#3888=EDGE_CURVE('',#3138,#3135,#1390,.T.);
#3889=EDGE_CURVE('',#3081,#3139,#1391,.T.);
#3890=EDGE_CURVE('',#3140,#3139,#1392,.T.);
#3891=EDGE_CURVE('',#3078,#3140,#1393,.T.);
#3892=EDGE_CURVE('',#3141,#3140,#1394,.T.);
#3893=EDGE_CURVE('',#3079,#3141,#1395,.T.);
#3894=EDGE_CURVE('',#3142,#3141,#1396,.T.);
#3895=EDGE_CURVE('',#3080,#3142,#1397,.T.);
#3896=EDGE_CURVE('',#3139,#3142,#1398,.T.);
#3897=EDGE_CURVE('',#3095,#3143,#1399,.T.);
#3898=EDGE_CURVE('',#3144,#3143,#1400,.T.);
#3899=EDGE_CURVE('',#3096,#3144,#1401,.T.);
#3900=EDGE_CURVE('',#3145,#3144,#1402,.T.);
#3901=EDGE_CURVE('',#3097,#3145,#1403,.T.);
#3902=EDGE_CURVE('',#3146,#3145,#1404,.T.);
#3903=EDGE_CURVE('',#3094,#3146,#1405,.T.);
#3904=EDGE_CURVE('',#3143,#3146,#1406,.T.);
#3905=EDGE_CURVE('',#3110,#3147,#1407,.T.);
#3906=EDGE_CURVE('',#3148,#3147,#1408,.T.);
#3907=EDGE_CURVE('',#3111,#3148,#1409,.T.);
#3908=EDGE_CURVE('',#3149,#3148,#1410,.T.);
#3909=EDGE_CURVE('',#3112,#3149,#1411,.T.);
#3910=EDGE_CURVE('',#3150,#3149,#1412,.T.);
#3911=EDGE_CURVE('',#3113,#3150,#1413,.T.);
#3912=EDGE_CURVE('',#3114,#3151,#1414,.T.);
#3913=EDGE_CURVE('',#3147,#3151,#1415,.T.);
#3914=EDGE_CURVE('',#3151,#3150,#1416,.T.);
#3915=EDGE_CURVE('',#3136,#3152,#1417,.T.);
#3916=EDGE_CURVE('',#3153,#3152,#1418,.T.);
#3917=EDGE_CURVE('',#3137,#3153,#1419,.T.);
#3918=EDGE_CURVE('',#3154,#3153,#1420,.T.);
#3919=EDGE_CURVE('',#3138,#3154,#1421,.T.);
#3920=EDGE_CURVE('',#3155,#3154,#1422,.T.);
#3921=EDGE_CURVE('',#3135,#3155,#1423,.T.);
#3922=EDGE_CURVE('',#3152,#3155,#1424,.T.);
#3923=EDGE_CURVE('',#3123,#3156,#1425,.T.);
#3924=EDGE_CURVE('',#3157,#3156,#1426,.T.);
#3925=EDGE_CURVE('',#3124,#3157,#1427,.T.);
#3926=EDGE_CURVE('',#3158,#3157,#1428,.T.);
#3927=EDGE_CURVE('',#3125,#3158,#1429,.T.);
#3928=EDGE_CURVE('',#3159,#3158,#1430,.T.);
#3929=EDGE_CURVE('',#3126,#3159,#1431,.T.);
#3930=EDGE_CURVE('',#3156,#3159,#1432,.T.);
#3931=EDGE_CURVE('',#3109,#3160,#1433,.T.);
#3932=EDGE_CURVE('',#3161,#3160,#1434,.T.);
#3933=EDGE_CURVE('',#3106,#3161,#1435,.T.);
#3934=EDGE_CURVE('',#3162,#3161,#1436,.T.);
#3935=EDGE_CURVE('',#3107,#3162,#1437,.T.);
#3936=EDGE_CURVE('',#3163,#3162,#1438,.T.);
#3937=EDGE_CURVE('',#3108,#3163,#1439,.T.);
#3938=EDGE_CURVE('',#3160,#3163,#1440,.T.);
#3939=EDGE_CURVE('',#3093,#3164,#1441,.T.);
#3940=EDGE_CURVE('',#3165,#3164,#1442,.T.);
#3941=EDGE_CURVE('',#3090,#3165,#1443,.T.);
#3942=EDGE_CURVE('',#3166,#3165,#1444,.T.);
#3943=EDGE_CURVE('',#3091,#3166,#1445,.T.);
#3944=EDGE_CURVE('',#3167,#3166,#1446,.T.);
#3945=EDGE_CURVE('',#3092,#3167,#1447,.T.);
#3946=EDGE_CURVE('',#3164,#3167,#1448,.T.);
#3947=EDGE_CURVE('',#3075,#3168,#1449,.T.);
#3948=EDGE_CURVE('',#3169,#3168,#1450,.T.);
#3949=EDGE_CURVE('',#3076,#3169,#1451,.T.);
#3950=EDGE_CURVE('',#3170,#3169,#1452,.T.);
#3951=EDGE_CURVE('',#3077,#3170,#1453,.T.);
#3952=EDGE_CURVE('',#3171,#3170,#1454,.T.);
#3953=EDGE_CURVE('',#3074,#3171,#1455,.T.);
#3954=EDGE_CURVE('',#3168,#3171,#1456,.T.);
#3955=EDGE_CURVE('',#3085,#3172,#1457,.T.);
#3956=EDGE_CURVE('',#3173,#3172,#1458,.T.);
#3957=EDGE_CURVE('',#3082,#3173,#1459,.T.);
#3958=EDGE_CURVE('',#3174,#3173,#1460,.T.);
#3959=EDGE_CURVE('',#3083,#3174,#1461,.T.);
#3960=EDGE_CURVE('',#3175,#3174,#1462,.T.);
#3961=EDGE_CURVE('',#3084,#3175,#1463,.T.);
#3962=EDGE_CURVE('',#3172,#3175,#1464,.T.);
#3963=EDGE_CURVE('',#3099,#3176,#1465,.T.);
#3964=EDGE_CURVE('',#3177,#3176,#1466,.T.);
#3965=EDGE_CURVE('',#3100,#3177,#1467,.T.);
#3966=EDGE_CURVE('',#3178,#3177,#1468,.T.);
#3967=EDGE_CURVE('',#3101,#3178,#1469,.T.);
#3968=EDGE_CURVE('',#3179,#3178,#1470,.T.);
#3969=EDGE_CURVE('',#3098,#3179,#1471,.T.);
#3970=EDGE_CURVE('',#3176,#3179,#1472,.T.);
#3971=EDGE_CURVE('',#3116,#3180,#1473,.T.);
#3972=EDGE_CURVE('',#3181,#3180,#1474,.T.);
#3973=EDGE_CURVE('',#3117,#3181,#1475,.T.);
#3974=EDGE_CURVE('',#3182,#3181,#1476,.T.);
#3975=EDGE_CURVE('',#3118,#3182,#1477,.T.);
#3976=EDGE_CURVE('',#3183,#3182,#1478,.T.);
#3977=EDGE_CURVE('',#3115,#3183,#1479,.T.);
#3978=EDGE_CURVE('',#3180,#3183,#1480,.T.);
#3979=EDGE_CURVE('',#3127,#3184,#1481,.T.);
#3980=EDGE_CURVE('',#3185,#3184,#1482,.T.);
#3981=EDGE_CURVE('',#3128,#3185,#1483,.T.);
#3982=EDGE_CURVE('',#3186,#3185,#1484,.T.);
#3983=EDGE_CURVE('',#3129,#3186,#1485,.T.);
#3984=EDGE_CURVE('',#3187,#3186,#1486,.T.);
#3985=EDGE_CURVE('',#3130,#3187,#1487,.T.);
#3986=EDGE_CURVE('',#3184,#3187,#1488,.T.);
#3987=EDGE_CURVE('',#3120,#3188,#1489,.T.);
#3988=EDGE_CURVE('',#3189,#3188,#1490,.T.);
#3989=EDGE_CURVE('',#3121,#3189,#1491,.T.);
#3990=EDGE_CURVE('',#3190,#3189,#1492,.T.);
#3991=EDGE_CURVE('',#3122,#3190,#1493,.T.);
#3992=EDGE_CURVE('',#3191,#3190,#1494,.T.);
#3993=EDGE_CURVE('',#3119,#3191,#1495,.T.);
#3994=EDGE_CURVE('',#3188,#3191,#1496,.T.);
#3995=EDGE_CURVE('',#3103,#3192,#1497,.T.);
#3996=EDGE_CURVE('',#3193,#3192,#1498,.T.);
#3997=EDGE_CURVE('',#3104,#3193,#1499,.T.);
#3998=EDGE_CURVE('',#3194,#3193,#1500,.T.);
#3999=EDGE_CURVE('',#3105,#3194,#1501,.T.);
#4000=EDGE_CURVE('',#3195,#3194,#1502,.T.);
#4001=EDGE_CURVE('',#3102,#3195,#1503,.T.);
#4002=EDGE_CURVE('',#3192,#3195,#1504,.T.);
#4003=EDGE_CURVE('',#3089,#3196,#1505,.T.);
#4004=EDGE_CURVE('',#3197,#3196,#1506,.T.);
#4005=EDGE_CURVE('',#3086,#3197,#1507,.T.);
#4006=EDGE_CURVE('',#3198,#3197,#1508,.T.);
#4007=EDGE_CURVE('',#3087,#3198,#1509,.T.);
#4008=EDGE_CURVE('',#3199,#3198,#1510,.T.);
#4009=EDGE_CURVE('',#3088,#3199,#1511,.T.);
#4010=EDGE_CURVE('',#3196,#3199,#1512,.T.);
#4011=EDGE_CURVE('',#3133,#3200,#1513,.T.);
#4012=EDGE_CURVE('',#3201,#3200,#1514,.T.);
#4013=EDGE_CURVE('',#3134,#3201,#1515,.T.);
#4014=EDGE_CURVE('',#3202,#3201,#1516,.T.);
#4015=EDGE_CURVE('',#3131,#3202,#1517,.T.);
#4016=EDGE_CURVE('',#3203,#3202,#1518,.T.);
#4017=EDGE_CURVE('',#3132,#3203,#1519,.T.);
#4018=EDGE_CURVE('',#3200,#3203,#1520,.T.);
#4019=EDGE_CURVE('',#3204,#3205,#87,.T.);
#4020=EDGE_CURVE('',#3204,#3206,#1521,.T.);
#4021=EDGE_CURVE('',#3207,#3206,#88,.T.);
#4022=EDGE_CURVE('',#3205,#3207,#1522,.T.);
#4023=EDGE_CURVE('',#3208,#3209,#1523,.T.);
#4024=EDGE_CURVE('',#3210,#3208,#1524,.T.);
#4025=EDGE_CURVE('',#3211,#3210,#1525,.T.);
#4026=EDGE_CURVE('',#3211,#3209,#1526,.T.);
#4027=EDGE_CURVE('',#3205,#3212,#89,.T.);
#4028=EDGE_CURVE('',#3213,#3207,#90,.T.);
#4029=EDGE_CURVE('',#3212,#3213,#1527,.T.);
#4030=EDGE_CURVE('',#3214,#3204,#91,.T.);
#4031=EDGE_CURVE('',#3214,#3215,#1528,.T.);
#4032=EDGE_CURVE('',#3206,#3215,#92,.T.);
#4033=EDGE_CURVE('',#3209,#3216,#1529,.T.);
#4034=EDGE_CURVE('',#3217,#3211,#1530,.T.);
#4035=EDGE_CURVE('',#3217,#3216,#1531,.T.);
#4036=EDGE_CURVE('',#3212,#3214,#93,.T.);
#4037=EDGE_CURVE('',#3215,#3213,#94,.T.);
#4038=EDGE_CURVE('',#3216,#3218,#1532,.T.);
#4039=EDGE_CURVE('',#3219,#3217,#1533,.T.);
#4040=EDGE_CURVE('',#3219,#3218,#1534,.T.);
#4041=EDGE_CURVE('',#3218,#3208,#1535,.T.);
#4042=EDGE_CURVE('',#3210,#3219,#1536,.T.);
#4043=EDGE_CURVE('',#3220,#3221,#1537,.T.);
#4044=EDGE_CURVE('',#3220,#3222,#1538,.T.);
#4045=EDGE_CURVE('',#3223,#3222,#1539,.T.);
#4046=EDGE_CURVE('',#3221,#3223,#1540,.T.);
#4047=EDGE_CURVE('',#3224,#3225,#95,.T.);
#4048=EDGE_CURVE('',#3224,#3226,#1541,.T.);
#4049=EDGE_CURVE('',#3227,#3226,#96,.T.);
#4050=EDGE_CURVE('',#3228,#3227,#97,.T.);
#4051=EDGE_CURVE('',#3225,#3228,#1542,.T.);
#4052=EDGE_CURVE('',#3229,#3230,#1543,.T.);
#4053=EDGE_CURVE('',#3231,#3229,#1544,.T.);
#4054=EDGE_CURVE('',#3232,#3231,#1545,.T.);
#4055=EDGE_CURVE('',#3232,#3230,#1546,.T.);
#4056=EDGE_CURVE('',#3233,#3224,#98,.T.);
#4057=EDGE_CURVE('',#3221,#3233,#1547,.T.);
#4058=EDGE_CURVE('',#3234,#3223,#1548,.T.);
#4059=EDGE_CURVE('',#3235,#3234,#99,.T.);
#4060=EDGE_CURVE('',#3226,#3235,#100,.T.);
#4061=EDGE_CURVE('',#3230,#3236,#1549,.T.);
#4062=EDGE_CURVE('',#3237,#3232,#1550,.T.);
#4063=EDGE_CURVE('',#3237,#3236,#1551,.T.);
#4064=EDGE_CURVE('',#3225,#3238,#101,.T.);
#4065=EDGE_CURVE('',#3239,#3228,#102,.T.);
#4066=EDGE_CURVE('',#3222,#3239,#1552,.T.);
#4067=EDGE_CURVE('',#3238,#3220,#1553,.T.);
#4068=EDGE_CURVE('',#3236,#3240,#1554,.T.);
#4069=EDGE_CURVE('',#3241,#3237,#1555,.T.);
#4070=EDGE_CURVE('',#3241,#3240,#1556,.T.);
#4071=EDGE_CURVE('',#3240,#3229,#1557,.T.);
#4072=EDGE_CURVE('',#3231,#3241,#1558,.T.);
#4073=EDGE_CURVE('',#3242,#3243,#103,.T.);
#4074=EDGE_CURVE('',#3242,#3244,#1559,.T.);
#4075=EDGE_CURVE('',#3245,#3244,#104,.T.);
#4076=EDGE_CURVE('',#3246,#3245,#105,.T.);
#4077=EDGE_CURVE('',#3243,#3246,#1560,.T.);
#4078=EDGE_CURVE('',#3247,#3248,#1561,.T.);
#4079=EDGE_CURVE('',#3249,#3247,#1562,.T.);
#4080=EDGE_CURVE('',#3250,#3249,#1563,.T.);
#4081=EDGE_CURVE('',#3250,#3248,#1564,.T.);
#4082=EDGE_CURVE('',#3251,#3242,#106,.T.);
#4083=EDGE_CURVE('',#3252,#3251,#1565,.T.);
#4084=EDGE_CURVE('',#3252,#3253,#1566,.T.);
#4085=EDGE_CURVE('',#3254,#3253,#1567,.T.);
#4086=EDGE_CURVE('',#3244,#3254,#107,.T.);
#4087=EDGE_CURVE('',#3248,#3255,#1568,.T.);
#4088=EDGE_CURVE('',#3256,#3250,#1569,.T.);
#4089=EDGE_CURVE('',#3256,#3255,#1570,.T.);
#4090=EDGE_CURVE('',#3243,#3257,#108,.T.);
#4091=EDGE_CURVE('',#3258,#3246,#109,.T.);
#4092=EDGE_CURVE('',#3257,#3258,#1571,.T.);
#4093=EDGE_CURVE('',#3259,#3252,#1572,.T.);
#4094=EDGE_CURVE('',#3257,#3259,#110,.T.);
#4095=EDGE_CURVE('',#3260,#3258,#111,.T.);
#4096=EDGE_CURVE('',#3261,#3260,#112,.T.);
#4097=EDGE_CURVE('',#3253,#3261,#1573,.T.);
#4098=EDGE_CURVE('',#3255,#3262,#1574,.T.);
#4099=EDGE_CURVE('',#3263,#3256,#1575,.T.);
#4100=EDGE_CURVE('',#3263,#3262,#1576,.T.);
#4101=EDGE_CURVE('',#3262,#3247,#1577,.T.);
#4102=EDGE_CURVE('',#3249,#3263,#1578,.T.);
#4103=EDGE_CURVE('',#3264,#3265,#1579,.T.);
#4104=EDGE_CURVE('',#3266,#3264,#1580,.T.);
#4105=EDGE_CURVE('',#3267,#3266,#1581,.T.);
#4106=EDGE_CURVE('',#3267,#3265,#1582,.T.);
#4107=EDGE_CURVE('',#3268,#3269,#1583,.T.);
#4108=EDGE_CURVE('',#3268,#3270,#1584,.T.);
#4109=EDGE_CURVE('',#3271,#3270,#1585,.T.);
#4110=EDGE_CURVE('',#3269,#3271,#1586,.T.);
#4111=EDGE_CURVE('',#3272,#3264,#1587,.T.);
#4112=EDGE_CURVE('',#3273,#3272,#113,.T.);
#4113=EDGE_CURVE('',#3274,#3273,#1588,.T.);
#4114=EDGE_CURVE('',#3266,#3274,#1589,.T.);
#4115=EDGE_CURVE('',#3269,#3275,#1590,.T.);
#4116=EDGE_CURVE('',#3276,#3271,#1591,.T.);
#4117=EDGE_CURVE('',#3277,#3276,#1592,.T.);
#4118=EDGE_CURVE('',#3275,#3277,#114,.T.);
#4119=EDGE_CURVE('',#3265,#3278,#1593,.T.);
#4120=EDGE_CURVE('',#3279,#3267,#1594,.T.);
#4121=EDGE_CURVE('',#3279,#3278,#1595,.T.);
#4122=EDGE_CURVE('',#3278,#3280,#1596,.T.);
#4123=EDGE_CURVE('',#3274,#3279,#1597,.T.);
#4124=EDGE_CURVE('',#3280,#3273,#115,.T.);
#4125=EDGE_CURVE('',#3281,#3282,#1598,.T.);
#4126=EDGE_CURVE('',#3277,#3281,#116,.T.);
#4127=EDGE_CURVE('',#3283,#3276,#1599,.T.);
#4128=EDGE_CURVE('',#3282,#3283,#1600,.T.);
#4129=EDGE_CURVE('',#3282,#3268,#1601,.T.);
#4130=EDGE_CURVE('',#3270,#3283,#1602,.T.);
#4131=EDGE_CURVE('',#3284,#3285,#117,.T.);
#4132=EDGE_CURVE('',#3286,#3284,#1603,.T.);
#4133=EDGE_CURVE('',#3287,#3286,#118,.T.);
#4134=EDGE_CURVE('',#3288,#3287,#1604,.T.);
#4135=EDGE_CURVE('',#3288,#3289,#1605,.T.);
#4136=EDGE_CURVE('',#3285,#3289,#1606,.T.);
#4137=EDGE_CURVE('',#3290,#3291,#119,.T.);
#4138=EDGE_CURVE('',#3292,#3290,#1607,.T.);
#4139=EDGE_CURVE('',#3286,#3292,#120,.T.);
#4140=EDGE_CURVE('',#3291,#3284,#121,.T.);
#4141=EDGE_CURVE('',#3293,#3294,#1608,.T.);
#4142=EDGE_CURVE('',#3295,#3293,#1609,.T.);
#4143=EDGE_CURVE('',#3296,#3295,#1610,.T.);
#4144=EDGE_CURVE('',#3296,#3294,#1611,.T.);
#4145=EDGE_CURVE('',#3297,#3298,#122,.T.);
#4146=EDGE_CURVE('',#3299,#3297,#123,.T.);
#4147=EDGE_CURVE('',#3289,#3299,#1612,.T.);
#4148=EDGE_CURVE('',#3300,#3288,#1613,.T.);
#4149=EDGE_CURVE('',#3301,#3300,#124,.T.);
#4150=EDGE_CURVE('',#3301,#3298,#1614,.T.);
#4151=EDGE_CURVE('',#3298,#3290,#125,.T.);
#4152=EDGE_CURVE('',#3292,#3301,#126,.T.);
#4153=EDGE_CURVE('',#3302,#3293,#1615,.T.);
#4154=EDGE_CURVE('',#3303,#3302,#1616,.T.);
#4155=EDGE_CURVE('',#3295,#3303,#1617,.T.);
#4156=EDGE_CURVE('',#3294,#3304,#1618,.T.);
#4157=EDGE_CURVE('',#3305,#3296,#1619,.T.);
#4158=EDGE_CURVE('',#3305,#3304,#1620,.T.);
#4159=EDGE_CURVE('',#3304,#3302,#1621,.T.);
#4160=EDGE_CURVE('',#3303,#3305,#1622,.T.);
#4161=EDGE_CURVE('',#3306,#3307,#127,.T.);
#4162=EDGE_CURVE('',#3308,#3306,#1623,.T.);
#4163=EDGE_CURVE('',#3309,#3308,#128,.T.);
#4164=EDGE_CURVE('',#3309,#3307,#1624,.T.);
#4165=EDGE_CURVE('',#3310,#3311,#129,.T.);
#4166=EDGE_CURVE('',#3307,#3310,#130,.T.);
#4167=EDGE_CURVE('',#3312,#3309,#131,.T.);
#4168=EDGE_CURVE('',#3312,#3311,#1625,.T.);
#4169=EDGE_CURVE('',#3313,#3314,#132,.T.);
#4170=EDGE_CURVE('',#3315,#3313,#1626,.T.);
#4171=EDGE_CURVE('',#3316,#3315,#1627,.T.);
#4172=EDGE_CURVE('',#3317,#3316,#1628,.T.);
#4173=EDGE_CURVE('',#3308,#3317,#133,.T.);
#4174=EDGE_CURVE('',#3314,#3306,#134,.T.);
#4175=EDGE_CURVE('',#3318,#3319,#1629,.T.);
#4176=EDGE_CURVE('',#3320,#3318,#1630,.T.);
#4177=EDGE_CURVE('',#3321,#3320,#1631,.T.);
#4178=EDGE_CURVE('',#3321,#3319,#1632,.T.);
#4179=EDGE_CURVE('',#3311,#3322,#135,.T.);
#4180=EDGE_CURVE('',#3323,#3312,#136,.T.);
#4181=EDGE_CURVE('',#3316,#3323,#1633,.T.);
#4182=EDGE_CURVE('',#3322,#3315,#1634,.T.);
#4183=EDGE_CURVE('',#3324,#3318,#1635,.T.);
#4184=EDGE_CURVE('',#3325,#3324,#1636,.T.);
#4185=EDGE_CURVE('',#3320,#3325,#1637,.T.);
#4186=EDGE_CURVE('',#3319,#3326,#1638,.T.);
#4187=EDGE_CURVE('',#3327,#3321,#1639,.T.);
#4188=EDGE_CURVE('',#3327,#3326,#1640,.T.);
#4189=EDGE_CURVE('',#3326,#3324,#1641,.T.);
#4190=EDGE_CURVE('',#3325,#3327,#1642,.T.);
#4191=EDGE_CURVE('',#3328,#3329,#137,.T.);
#4192=EDGE_CURVE('',#3328,#3330,#1643,.T.);
#4193=EDGE_CURVE('',#3331,#3330,#138,.T.);
#4194=EDGE_CURVE('',#3329,#3331,#1644,.T.);
#4195=EDGE_CURVE('',#3332,#3333,#1645,.T.);
#4196=EDGE_CURVE('',#3334,#3332,#1646,.T.);
#4197=EDGE_CURVE('',#3335,#3334,#1647,.T.);
#4198=EDGE_CURVE('',#3335,#3333,#1648,.T.);
#4199=EDGE_CURVE('',#3329,#3336,#139,.T.);
#4200=EDGE_CURVE('',#3337,#3331,#140,.T.);
#4201=EDGE_CURVE('',#3338,#3337,#141,.T.);
#4202=EDGE_CURVE('',#3339,#3338,#1649,.T.);
#4203=EDGE_CURVE('',#3340,#3339,#1650,.T.);
#4204=EDGE_CURVE('',#3336,#3340,#1651,.T.);
#4205=EDGE_CURVE('',#3341,#3328,#142,.T.);
#4206=EDGE_CURVE('',#3341,#3342,#1652,.T.);
#4207=EDGE_CURVE('',#3343,#3342,#143,.T.);
#4208=EDGE_CURVE('',#3330,#3343,#144,.T.);
#4209=EDGE_CURVE('',#3333,#3344,#1653,.T.);
#4210=EDGE_CURVE('',#3345,#3335,#1654,.T.);
#4211=EDGE_CURVE('',#3345,#3344,#1655,.T.);
#4212=EDGE_CURVE('',#3346,#3341,#145,.T.);
#4213=EDGE_CURVE('',#3340,#3346,#1656,.T.);
#4214=EDGE_CURVE('',#3347,#3339,#1657,.T.);
#4215=EDGE_CURVE('',#3342,#3347,#146,.T.);
#4216=EDGE_CURVE('',#3344,#3348,#1658,.T.);
#4217=EDGE_CURVE('',#3349,#3345,#1659,.T.);
#4218=EDGE_CURVE('',#3349,#3348,#1660,.T.);
#4219=EDGE_CURVE('',#3348,#3332,#1661,.T.);
#4220=EDGE_CURVE('',#3334,#3349,#1662,.T.);
#4221=EDGE_CURVE('',#3350,#3351,#147,.T.);
#4222=EDGE_CURVE('',#3350,#3352,#1663,.T.);
#4223=EDGE_CURVE('',#3353,#3352,#148,.T.);
#4224=EDGE_CURVE('',#3351,#3353,#1664,.T.);
#4225=EDGE_CURVE('',#3354,#3355,#1665,.T.);
#4226=EDGE_CURVE('',#3356,#3354,#1666,.T.);
#4227=EDGE_CURVE('',#3357,#3356,#1667,.T.);
#4228=EDGE_CURVE('',#3357,#3355,#1668,.T.);
#4229=EDGE_CURVE('',#3351,#3358,#149,.T.);
#4230=EDGE_CURVE('',#3359,#3353,#150,.T.);
#4231=EDGE_CURVE('',#3358,#3359,#1669,.T.);
#4232=EDGE_CURVE('',#3360,#3350,#151,.T.);
#4233=EDGE_CURVE('',#3360,#3361,#1670,.T.);
#4234=EDGE_CURVE('',#3352,#3361,#152,.T.);
#4235=EDGE_CURVE('',#3355,#3362,#1671,.T.);
#4236=EDGE_CURVE('',#3363,#3357,#1672,.T.);
#4237=EDGE_CURVE('',#3363,#3362,#1673,.T.);
#4238=EDGE_CURVE('',#3358,#3360,#153,.T.);
#4239=EDGE_CURVE('',#3361,#3359,#154,.T.);
#4240=EDGE_CURVE('',#3362,#3364,#1674,.T.);
#4241=EDGE_CURVE('',#3365,#3363,#1675,.T.);
#4242=EDGE_CURVE('',#3365,#3364,#1676,.T.);
#4243=EDGE_CURVE('',#3364,#3354,#1677,.T.);
#4244=EDGE_CURVE('',#3356,#3365,#1678,.T.);
#4245=EDGE_CURVE('',#3366,#3367,#155,.T.);
#4246=EDGE_CURVE('',#3368,#3366,#1679,.T.);
#4247=EDGE_CURVE('',#3369,#3368,#1680,.T.);
#4248=EDGE_CURVE('',#3370,#3369,#1681,.T.);
#4249=EDGE_CURVE('',#3371,#3370,#156,.T.);
#4250=EDGE_CURVE('',#3371,#3367,#1682,.T.);
#4251=EDGE_CURVE('',#3372,#3373,#1683,.T.);
#4252=EDGE_CURVE('',#3374,#3372,#1684,.T.);
#4253=EDGE_CURVE('',#3375,#3374,#1685,.T.);
#4254=EDGE_CURVE('',#3375,#3373,#1686,.T.);
#4255=EDGE_CURVE('',#3367,#3376,#157,.T.);
#4256=EDGE_CURVE('',#3377,#3371,#158,.T.);
#4257=EDGE_CURVE('',#3377,#3378,#1687,.T.);
#4258=EDGE_CURVE('',#3376,#3378,#159,.T.);
#4259=EDGE_CURVE('',#3379,#3380,#160,.T.);
#4260=EDGE_CURVE('',#3378,#3379,#161,.T.);
#4261=EDGE_CURVE('',#3381,#3377,#162,.T.);
#4262=EDGE_CURVE('',#3382,#3381,#1688,.T.);
#4263=EDGE_CURVE('',#3382,#3383,#1689,.T.);
#4264=EDGE_CURVE('',#3380,#3383,#1690,.T.);
#4265=EDGE_CURVE('',#3369,#3382,#1691,.T.);
#4266=EDGE_CURVE('',#3383,#3368,#1692,.T.);
#4267=EDGE_CURVE('',#3384,#3372,#1693,.T.);
#4268=EDGE_CURVE('',#3385,#3384,#1694,.T.);
#4269=EDGE_CURVE('',#3374,#3385,#1695,.T.);
#4270=EDGE_CURVE('',#3373,#3386,#1696,.T.);
#4271=EDGE_CURVE('',#3387,#3375,#1697,.T.);
#4272=EDGE_CURVE('',#3387,#3386,#1698,.T.);
#4273=EDGE_CURVE('',#3386,#3384,#1699,.T.);
#4274=EDGE_CURVE('',#3385,#3387,#1700,.T.);
#4275=EDGE_CURVE('',#3388,#3389,#1701,.T.);
#4276=EDGE_CURVE('',#3388,#3390,#1702,.T.);
#4277=EDGE_CURVE('',#3391,#3390,#1703,.T.);
#4278=EDGE_CURVE('',#3389,#3391,#1704,.T.);
#4279=EDGE_CURVE('',#3392,#3388,#1705,.T.);
#4280=EDGE_CURVE('',#3392,#3393,#1706,.T.);
#4281=EDGE_CURVE('',#3390,#3393,#1707,.T.);
#4282=EDGE_CURVE('',#3389,#3394,#1708,.T.);
#4283=EDGE_CURVE('',#3395,#3391,#1709,.T.);
#4284=EDGE_CURVE('',#3396,#3395,#1710,.T.);
#4285=EDGE_CURVE('',#3394,#3396,#163,.T.);
#4286=EDGE_CURVE('',#3397,#3398,#164,.T.);
#4287=EDGE_CURVE('',#3399,#3397,#1711,.T.);
#4288=EDGE_CURVE('',#3400,#3399,#1712,.T.);
#4289=EDGE_CURVE('',#3400,#3401,#1713,.T.);
#4290=EDGE_CURVE('',#3398,#3401,#1714,.T.);
#4291=EDGE_CURVE('',#3402,#3392,#1715,.T.);
#4292=EDGE_CURVE('',#3396,#3402,#165,.T.);
#4293=EDGE_CURVE('',#3393,#3395,#1716,.T.);
#4294=EDGE_CURVE('',#3401,#3403,#1717,.T.);
#4295=EDGE_CURVE('',#3404,#3400,#1718,.T.);
#4296=EDGE_CURVE('',#3404,#3403,#1719,.T.);
#4297=EDGE_CURVE('',#3403,#3405,#1720,.T.);
#4298=EDGE_CURVE('',#3406,#3404,#1721,.T.);
#4299=EDGE_CURVE('',#3406,#3405,#1722,.T.);
#4300=EDGE_CURVE('',#3407,#3397,#166,.T.);
#4301=EDGE_CURVE('',#3405,#3407,#1723,.T.);
#4302=EDGE_CURVE('',#3399,#3406,#1724,.T.);
#4303=EDGE_CURVE('',#3261,#3408,#1725,.T.);
#4304=EDGE_CURVE('',#3030,#3408,#1726,.T.);
#4305=EDGE_CURVE('',#3409,#3072,#1727,.T.);
#4306=EDGE_CURVE('',#3410,#3409,#1728,.T.);
#4307=EDGE_CURVE('',#3410,#3254,#1729,.T.);
#4308=EDGE_CURVE('',#3260,#3411,#1730,.T.);
#4309=EDGE_CURVE('',#3408,#3411,#304,.T.);
#4310=EDGE_CURVE('',#3410,#3412,#305,.T.);
#4311=EDGE_CURVE('',#3412,#3245,#1731,.T.);
#4312=EDGE_CURVE('',#3281,#3413,#1732,.T.);
#4313=EDGE_CURVE('',#3413,#3414,#306,.T.);
#4314=EDGE_CURVE('',#3050,#3414,#1733,.T.);
#4315=EDGE_CURVE('',#3049,#3275,#1734,.T.);
#4316=EDGE_CURVE('',#3285,#3415,#1735,.T.);
#4317=EDGE_CURVE('',#3416,#3415,#307,.T.);
#4318=EDGE_CURVE('',#3291,#3416,#1736,.T.);
#4319=EDGE_CURVE('',#3347,#3417,#1737,.T.);
#4320=EDGE_CURVE('',#3418,#3417,#308,.T.);
#4321=EDGE_CURVE('',#3343,#3418,#1738,.T.);
#4322=EDGE_CURVE('',#3234,#3338,#1739,.T.);
#4323=EDGE_CURVE('',#3235,#3337,#1740,.T.);
#4324=EDGE_CURVE('',#3376,#3419,#1741,.T.);
#4325=EDGE_CURVE('',#3420,#3419,#309,.T.);
#4326=EDGE_CURVE('',#3366,#3420,#1742,.T.);
#4327=EDGE_CURVE('',#3314,#3379,#1743,.T.);
#4328=EDGE_CURVE('',#3313,#3380,#1744,.T.);
#4329=EDGE_CURVE('',#3398,#3421,#1745,.T.);
#4330=EDGE_CURVE('',#3421,#3422,#310,.T.);
#4331=EDGE_CURVE('',#3422,#3062,#1746,.T.);
#4332=EDGE_CURVE('',#3061,#3407,#1747,.T.);
#4333=EDGE_CURVE('',#3402,#3052,#1748,.T.);
#4334=EDGE_CURVE('',#3051,#3423,#1749,.T.);
#4335=EDGE_CURVE('',#3423,#3424,#311,.T.);
#4336=EDGE_CURVE('',#3424,#3394,#1750,.T.);
#4337=EDGE_CURVE('',#3054,#3300,#1751,.T.);
#4338=EDGE_CURVE('',#3053,#3323,#1752,.T.);
#4339=EDGE_CURVE('',#3317,#3381,#1753,.T.);
#4340=EDGE_CURVE('',#3370,#3425,#1754,.T.);
#4341=EDGE_CURVE('',#3426,#3425,#312,.T.);
#4342=EDGE_CURVE('',#3287,#3426,#1755,.T.);
#4343=EDGE_CURVE('',#3419,#3416,#313,.T.);
#4344=EDGE_CURVE('',#3427,#3310,#1756,.T.);
#4345=EDGE_CURVE('',#3428,#3427,#314,.T.);
#4346=EDGE_CURVE('',#3428,#3297,#1757,.T.);
#4347=EDGE_CURVE('',#3048,#3238,#1758,.T.);
#4348=EDGE_CURVE('',#3047,#3251,#1759,.T.);
#4349=EDGE_CURVE('',#3259,#3429,#1760,.T.);
#4350=EDGE_CURVE('',#3430,#3429,#315,.T.);
#4351=EDGE_CURVE('',#3346,#3430,#1761,.T.);
#4352=EDGE_CURVE('',#3233,#3336,#1762,.T.);
#4353=EDGE_CURVE('',#3411,#3418,#316,.T.);
#4354=EDGE_CURVE('',#3431,#3412,#317,.T.);
#4355=EDGE_CURVE('',#3431,#3227,#1763,.T.);
#4356=EDGE_CURVE('',#3432,#3280,#1764,.T.);
#4357=EDGE_CURVE('',#3432,#3421,#1765,.T.);
#4358=EDGE_CURVE('',#3433,#3060,#1766,.T.);
#4359=EDGE_CURVE('',#3433,#3040,#1767,.T.);
#4360=EDGE_CURVE('',#3434,#3039,#1768,.T.);
#4361=EDGE_CURVE('',#3435,#3434,#1769,.T.);
#4362=EDGE_CURVE('',#3435,#3436,#1770,.T.);
#4363=EDGE_CURVE('',#3065,#3436,#1771,.T.);
#4364=EDGE_CURVE('',#3272,#3064,#1772,.T.);
#4365=EDGE_CURVE('',#3043,#3437,#1773,.T.);
#4366=EDGE_CURVE('',#3437,#3438,#318,.T.);
#4367=EDGE_CURVE('',#3044,#3438,#1774,.T.);
#4368=EDGE_CURVE('',#3438,#3439,#319,.T.);
#4369=EDGE_CURVE('',#3045,#3439,#1775,.T.);
#4370=EDGE_CURVE('',#3439,#3440,#320,.T.);
#4371=EDGE_CURVE('',#3440,#3046,#1776,.T.);
#4372=EDGE_CURVE('',#3414,#3423,#321,.T.);
#4373=EDGE_CURVE('',#3055,#3441,#1777,.T.);
#4374=EDGE_CURVE('',#3441,#3442,#322,.T.);
#4375=EDGE_CURVE('',#3056,#3442,#1778,.T.);
#4376=EDGE_CURVE('',#3442,#3443,#323,.T.);
#4377=EDGE_CURVE('',#3057,#3443,#1779,.T.);
#4378=EDGE_CURVE('',#3443,#3036,#324,.T.);
#4379=EDGE_CURVE('',#3041,#3444,#325,.T.);
#4380=EDGE_CURVE('',#3058,#3444,#1780,.T.);
#4381=EDGE_CURVE('',#3444,#3445,#326,.T.);
#4382=EDGE_CURVE('',#3059,#3445,#1781,.T.);
#4383=EDGE_CURVE('',#3445,#3433,#327,.T.);
#4384=EDGE_CURVE('',#3446,#3063,#1782,.T.);
#4385=EDGE_CURVE('',#3446,#3432,#328,.T.);
#4386=EDGE_CURVE('',#3422,#3446,#329,.T.);
#4387=EDGE_CURVE('',#3447,#3447,#330,.T.);
#4388=EDGE_CURVE('',#3448,#3067,#1783,.T.);
#4389=EDGE_CURVE('',#3448,#3449,#331,.T.);
#4390=EDGE_CURVE('',#3449,#3068,#1784,.T.);
#4391=EDGE_CURVE('',#3449,#3435,#1785,.T.);
#4392=EDGE_CURVE('',#3450,#3434,#1786,.T.);
#4393=EDGE_CURVE('',#3451,#3450,#1787,.T.);
#4394=EDGE_CURVE('',#3451,#3437,#1788,.T.);
#4395=EDGE_CURVE('',#3452,#3448,#332,.T.);
#4396=EDGE_CURVE('',#3452,#3066,#1789,.T.);
#4397=EDGE_CURVE('',#3436,#3452,#333,.T.);
#4398=EDGE_CURVE('',#3453,#3453,#334,.T.);
#4399=EDGE_CURVE('',#3028,#3454,#1790,.T.);
#4400=EDGE_CURVE('',#3455,#3454,#1791,.T.);
#4401=EDGE_CURVE('',#3025,#3455,#1792,.T.);
#4402=EDGE_CURVE('',#3456,#3456,#335,.T.);
#4403=EDGE_CURVE('',#3456,#3457,#1793,.T.);
#4404=EDGE_CURVE('',#3457,#3457,#336,.T.);
#4405=EDGE_CURVE('',#3037,#3441,#1794,.T.);
#4406=EDGE_CURVE('',#3458,#3458,#337,.T.);
#4407=EDGE_CURVE('',#3458,#3459,#1795,.T.);
#4408=EDGE_CURVE('',#3459,#3459,#338,.T.);
#4409=EDGE_CURVE('',#3440,#3451,#1796,.T.);
#4410=EDGE_CURVE('',#3460,#3460,#339,.T.);
#4411=EDGE_CURVE('',#3460,#3461,#1797,.T.);
#4412=EDGE_CURVE('',#3461,#3461,#340,.T.);
#4413=EDGE_CURVE('',#3424,#3413,#1798,.T.);
#4414=EDGE_CURVE('',#3425,#3430,#1799,.T.);
#4415=EDGE_CURVE('',#3462,#3462,#341,.T.);
#4416=EDGE_CURVE('',#3462,#3463,#1800,.T.);
#4417=EDGE_CURVE('',#3463,#3463,#342,.T.);
#4418=EDGE_CURVE('',#3453,#3464,#1801,.T.);
#4419=EDGE_CURVE('',#3464,#3464,#343,.T.);
#4420=EDGE_CURVE('',#3447,#3465,#1802,.T.);
#4421=EDGE_CURVE('',#3465,#3465,#344,.T.);
#4422=EDGE_CURVE('',#3429,#3450,#1803,.T.);
#4423=EDGE_CURVE('',#3038,#3426,#1804,.T.);
#4424=EDGE_CURVE('',#3454,#3031,#1805,.T.);
#4425=EDGE_CURVE('',#3417,#3420,#1806,.T.);
#4426=EDGE_CURVE('',#3415,#3455,#1807,.T.);
#4427=EDGE_CURVE('',#3026,#3466,#1808,.T.);
#4428=EDGE_CURVE('',#3466,#3467,#345,.T.);
#4429=EDGE_CURVE('',#3467,#3468,#346,.T.);
#4430=EDGE_CURVE('',#3468,#3469,#347,.T.);
#4431=EDGE_CURVE('',#3469,#3027,#1809,.T.);
#4432=EDGE_CURVE('',#3470,#3470,#348,.T.);
#4433=EDGE_CURVE('',#3471,#3409,#349,.T.);
#4434=EDGE_CURVE('',#3471,#3472,#350,.T.);
#4435=EDGE_CURVE('',#3473,#3472,#351,.T.);
#4436=EDGE_CURVE('',#3473,#3474,#1810,.T.);
#4437=EDGE_CURVE('',#3474,#3475,#1811,.T.);
#4438=EDGE_CURVE('',#3475,#3476,#1812,.T.);
#4439=EDGE_CURVE('',#3477,#3476,#352,.T.);
#4440=EDGE_CURVE('',#3477,#3478,#353,.T.);
#4441=EDGE_CURVE('',#3479,#3478,#354,.T.);
#4442=EDGE_CURVE('',#3480,#3479,#1813,.T.);
#4443=EDGE_CURVE('',#3428,#3480,#355,.T.);
#4444=EDGE_CURVE('',#3481,#3427,#356,.T.);
#4445=EDGE_CURVE('',#3482,#3481,#1814,.T.);
#4446=EDGE_CURVE('',#3431,#3482,#357,.T.);
#4447=EDGE_CURVE('',#3483,#3483,#358,.T.);
#4448=EDGE_CURVE('',#3484,#3484,#359,.T.);
#4449=EDGE_CURVE('',#3470,#3484,#1815,.T.);
#4450=EDGE_CURVE('',#3073,#3483,#1816,.T.);
#4451=EDGE_CURVE('',#3477,#3468,#1817,.T.);
#4452=EDGE_CURVE('',#3478,#3467,#1818,.T.);
#4453=EDGE_CURVE('',#3479,#3466,#1819,.T.);
#4454=EDGE_CURVE('',#3480,#3299,#1820,.T.);
#4455=EDGE_CURVE('',#3481,#3322,#1821,.T.);
#4456=EDGE_CURVE('',#3482,#3239,#1822,.T.);
#4457=EDGE_CURVE('',#3471,#3071,#1823,.T.);
#4458=EDGE_CURVE('',#3472,#3070,#1824,.T.);
#4459=EDGE_CURVE('',#3473,#3069,#1825,.T.);
#4460=EDGE_CURVE('',#3474,#3032,#1826,.T.);
#4461=EDGE_CURVE('',#3475,#3028,#1827,.T.);
#4462=EDGE_CURVE('',#3476,#3469,#1828,.T.);
#4463=EDGE_CURVE('',#3485,#3486,#1829,.T.);
#4464=EDGE_CURVE('',#3487,#3485,#360,.T.);
#4465=EDGE_CURVE('',#3487,#3488,#1830,.T.);
#4466=EDGE_CURVE('',#3488,#3486,#361,.T.);
#4467=EDGE_CURVE('',#3489,#3490,#1831,.T.);
#4468=EDGE_CURVE('',#3491,#3489,#362,.T.);
#4469=EDGE_CURVE('',#3491,#3492,#1832,.T.);
#4470=EDGE_CURVE('',#3492,#3490,#363,.T.);
#4471=EDGE_CURVE('',#3493,#3494,#1833,.T.);
#4472=EDGE_CURVE('',#3495,#3493,#1834,.T.);
#4473=EDGE_CURVE('',#3496,#3495,#1835,.T.);
#4474=EDGE_CURVE('',#3496,#3494,#1836,.T.);
#4475=EDGE_CURVE('',#3494,#3497,#1837,.T.);
#4476=EDGE_CURVE('',#3498,#3496,#1838,.T.);
#4477=EDGE_CURVE('',#3498,#3497,#1839,.T.);
#4478=EDGE_CURVE('',#3497,#3499,#1840,.T.);
#4479=EDGE_CURVE('',#3500,#3498,#1841,.T.);
#4480=EDGE_CURVE('',#3500,#3499,#1842,.T.);
#4481=EDGE_CURVE('',#3499,#3493,#1843,.T.);
#4482=EDGE_CURVE('',#3495,#3500,#1844,.T.);
#4483=EDGE_CURVE('',#3501,#3502,#1845,.T.);
#4484=EDGE_CURVE('',#3503,#3501,#1846,.T.);
#4485=EDGE_CURVE('',#3504,#3503,#1847,.T.);
#4486=EDGE_CURVE('',#3504,#3502,#1848,.T.);
#4487=EDGE_CURVE('',#3502,#3505,#1849,.T.);
#4488=EDGE_CURVE('',#3506,#3504,#1850,.T.);
#4489=EDGE_CURVE('',#3506,#3505,#1851,.T.);
#4490=EDGE_CURVE('',#3505,#3507,#1852,.T.);
#4491=EDGE_CURVE('',#3508,#3506,#1853,.T.);
#4492=EDGE_CURVE('',#3508,#3507,#1854,.T.);
#4493=EDGE_CURVE('',#3507,#3501,#1855,.T.);
#4494=EDGE_CURVE('',#3503,#3508,#1856,.T.);
#4495=EDGE_CURVE('',#3509,#3510,#1857,.T.);
#4496=EDGE_CURVE('',#3511,#3509,#1858,.T.);
#4497=EDGE_CURVE('',#3512,#3511,#1859,.T.);
#4498=EDGE_CURVE('',#3512,#3510,#1860,.T.);
#4499=EDGE_CURVE('',#3510,#3513,#1861,.T.);
#4500=EDGE_CURVE('',#3514,#3512,#1862,.T.);
#4501=EDGE_CURVE('',#3514,#3513,#1863,.T.);
#4502=EDGE_CURVE('',#3513,#3515,#1864,.T.);
#4503=EDGE_CURVE('',#3516,#3514,#1865,.T.);
#4504=EDGE_CURVE('',#3516,#3515,#1866,.T.);
#4505=EDGE_CURVE('',#3515,#3517,#1867,.T.);
#4506=EDGE_CURVE('',#3518,#3516,#1868,.T.);
#4507=EDGE_CURVE('',#3518,#3517,#1869,.T.);
#4508=EDGE_CURVE('',#3517,#3509,#1870,.T.);
#4509=EDGE_CURVE('',#3511,#3518,#1871,.T.);
#4510=EDGE_CURVE('',#3519,#3520,#1872,.T.);
#4511=EDGE_CURVE('',#3521,#3519,#1873,.T.);
#4512=EDGE_CURVE('',#3522,#3521,#1874,.T.);
#4513=EDGE_CURVE('',#3522,#3520,#1875,.T.);
#4514=EDGE_CURVE('',#3520,#3523,#1876,.T.);
#4515=EDGE_CURVE('',#3524,#3522,#1877,.T.);
#4516=EDGE_CURVE('',#3524,#3523,#1878,.T.);
#4517=EDGE_CURVE('',#3523,#3525,#1879,.T.);
#4518=EDGE_CURVE('',#3526,#3524,#1880,.T.);
#4519=EDGE_CURVE('',#3526,#3525,#1881,.T.);
#4520=EDGE_CURVE('',#3525,#3519,#1882,.T.);
#4521=EDGE_CURVE('',#3521,#3526,#1883,.T.);
#4522=EDGE_CURVE('',#3527,#3528,#1884,.T.);
#4523=EDGE_CURVE('',#3529,#3527,#1885,.T.);
#4524=EDGE_CURVE('',#3530,#3529,#1886,.T.);
#4525=EDGE_CURVE('',#3530,#3528,#1887,.T.);
#4526=EDGE_CURVE('',#3528,#3531,#1888,.T.);
#4527=EDGE_CURVE('',#3532,#3530,#1889,.T.);
#4528=EDGE_CURVE('',#3532,#3531,#1890,.T.);
#4529=EDGE_CURVE('',#3531,#3533,#1891,.T.);
#4530=EDGE_CURVE('',#3534,#3532,#1892,.T.);
#4531=EDGE_CURVE('',#3534,#3533,#1893,.T.);
#4532=EDGE_CURVE('',#3533,#3527,#1894,.T.);
#4533=EDGE_CURVE('',#3529,#3534,#1895,.T.);
#4534=EDGE_CURVE('',#3535,#3536,#1896,.T.);
#4535=EDGE_CURVE('',#3537,#3535,#1897,.T.);
#4536=EDGE_CURVE('',#3538,#3537,#1898,.T.);
#4537=EDGE_CURVE('',#3538,#3536,#1899,.T.);
#4538=EDGE_CURVE('',#3536,#3539,#1900,.T.);
#4539=EDGE_CURVE('',#3540,#3538,#1901,.T.);
#4540=EDGE_CURVE('',#3540,#3539,#1902,.T.);
#4541=EDGE_CURVE('',#3539,#3541,#1903,.T.);
#4542=EDGE_CURVE('',#3542,#3540,#1904,.T.);
#4543=EDGE_CURVE('',#3542,#3541,#1905,.T.);
#4544=EDGE_CURVE('',#3541,#3535,#1906,.T.);
#4545=EDGE_CURVE('',#3537,#3542,#1907,.T.);
#4546=EDGE_CURVE('',#3543,#3544,#1908,.T.);
#4547=EDGE_CURVE('',#3545,#3543,#1909,.T.);
#4548=EDGE_CURVE('',#3546,#3545,#1910,.T.);
#4549=EDGE_CURVE('',#3546,#3544,#1911,.T.);
#4550=EDGE_CURVE('',#3544,#3547,#1912,.T.);
#4551=EDGE_CURVE('',#3548,#3546,#1913,.T.);
#4552=EDGE_CURVE('',#3548,#3547,#1914,.T.);
#4553=EDGE_CURVE('',#3547,#3549,#1915,.T.);
#4554=EDGE_CURVE('',#3550,#3548,#1916,.T.);
#4555=EDGE_CURVE('',#3550,#3549,#1917,.T.);
#4556=EDGE_CURVE('',#3549,#3543,#1918,.T.);
#4557=EDGE_CURVE('',#3545,#3550,#1919,.T.);
#4558=EDGE_CURVE('',#3551,#3552,#1920,.T.);
#4559=EDGE_CURVE('',#3553,#3551,#1921,.T.);
#4560=EDGE_CURVE('',#3554,#3553,#1922,.T.);
#4561=EDGE_CURVE('',#3554,#3552,#1923,.T.);
#4562=EDGE_CURVE('',#3552,#3555,#1924,.T.);
#4563=EDGE_CURVE('',#3556,#3554,#1925,.T.);
#4564=EDGE_CURVE('',#3556,#3555,#1926,.T.);
#4565=EDGE_CURVE('',#3555,#3557,#1927,.T.);
#4566=EDGE_CURVE('',#3558,#3556,#1928,.T.);
#4567=EDGE_CURVE('',#3558,#3557,#1929,.T.);
#4568=EDGE_CURVE('',#3557,#3551,#1930,.T.);
#4569=EDGE_CURVE('',#3553,#3558,#1931,.T.);
#4570=EDGE_CURVE('',#3559,#3560,#1932,.T.);
#4571=EDGE_CURVE('',#3561,#3559,#1933,.T.);
#4572=EDGE_CURVE('',#3562,#3561,#1934,.T.);
#4573=EDGE_CURVE('',#3562,#3560,#1935,.T.);
#4574=EDGE_CURVE('',#3560,#3563,#1936,.T.);
#4575=EDGE_CURVE('',#3564,#3562,#1937,.T.);
#4576=EDGE_CURVE('',#3564,#3563,#1938,.T.);
#4577=EDGE_CURVE('',#3563,#3565,#1939,.T.);
#4578=EDGE_CURVE('',#3566,#3564,#1940,.T.);
#4579=EDGE_CURVE('',#3566,#3565,#1941,.T.);
#4580=EDGE_CURVE('',#3565,#3559,#1942,.T.);
#4581=EDGE_CURVE('',#3561,#3566,#1943,.T.);
#4582=EDGE_CURVE('',#3567,#3568,#1944,.T.);
#4583=EDGE_CURVE('',#3569,#3567,#1945,.T.);
#4584=EDGE_CURVE('',#3570,#3569,#1946,.T.);
#4585=EDGE_CURVE('',#3570,#3568,#1947,.T.);
#4586=EDGE_CURVE('',#3568,#3571,#1948,.T.);
#4587=EDGE_CURVE('',#3572,#3570,#1949,.T.);
#4588=EDGE_CURVE('',#3572,#3571,#1950,.T.);
#4589=EDGE_CURVE('',#3571,#3573,#1951,.T.);
#4590=EDGE_CURVE('',#3574,#3572,#1952,.T.);
#4591=EDGE_CURVE('',#3574,#3573,#1953,.T.);
#4592=EDGE_CURVE('',#3573,#3567,#1954,.T.);
#4593=EDGE_CURVE('',#3569,#3574,#1955,.T.);
#4594=EDGE_CURVE('',#3575,#3576,#1956,.T.);
#4595=EDGE_CURVE('',#3577,#3575,#1957,.T.);
#4596=EDGE_CURVE('',#3578,#3577,#1958,.T.);
#4597=EDGE_CURVE('',#3578,#3576,#1959,.T.);
#4598=EDGE_CURVE('',#3576,#3579,#1960,.T.);
#4599=EDGE_CURVE('',#3580,#3578,#1961,.T.);
#4600=EDGE_CURVE('',#3580,#3579,#1962,.T.);
#4601=EDGE_CURVE('',#3579,#3581,#1963,.T.);
#4602=EDGE_CURVE('',#3582,#3580,#1964,.T.);
#4603=EDGE_CURVE('',#3582,#3581,#1965,.T.);
#4604=EDGE_CURVE('',#3581,#3575,#1966,.T.);
#4605=EDGE_CURVE('',#3577,#3582,#1967,.T.);
#4606=EDGE_CURVE('',#3583,#3584,#1968,.T.);
#4607=EDGE_CURVE('',#3585,#3583,#1969,.T.);
#4608=EDGE_CURVE('',#3586,#3585,#1970,.T.);
#4609=EDGE_CURVE('',#3586,#3584,#1971,.T.);
#4610=EDGE_CURVE('',#3584,#3587,#1972,.T.);
#4611=EDGE_CURVE('',#3588,#3586,#1973,.T.);
#4612=EDGE_CURVE('',#3588,#3587,#1974,.T.);
#4613=EDGE_CURVE('',#3587,#3589,#1975,.T.);
#4614=EDGE_CURVE('',#3590,#3588,#1976,.T.);
#4615=EDGE_CURVE('',#3590,#3589,#1977,.T.);
#4616=EDGE_CURVE('',#3589,#3583,#1978,.T.);
#4617=EDGE_CURVE('',#3585,#3590,#1979,.T.);
#4618=EDGE_CURVE('',#3591,#3592,#1980,.T.);
#4619=EDGE_CURVE('',#3593,#3591,#1981,.T.);
#4620=EDGE_CURVE('',#3594,#3593,#1982,.T.);
#4621=EDGE_CURVE('',#3594,#3592,#1983,.T.);
#4622=EDGE_CURVE('',#3592,#3595,#1984,.T.);
#4623=EDGE_CURVE('',#3596,#3594,#1985,.T.);
#4624=EDGE_CURVE('',#3596,#3595,#1986,.T.);
#4625=EDGE_CURVE('',#3595,#3597,#1987,.T.);
#4626=EDGE_CURVE('',#3598,#3596,#1988,.T.);
#4627=EDGE_CURVE('',#3598,#3597,#1989,.T.);
#4628=EDGE_CURVE('',#3597,#3591,#1990,.T.);
#4629=EDGE_CURVE('',#3593,#3598,#1991,.T.);
#4630=EDGE_CURVE('',#3599,#3600,#1992,.T.);
#4631=EDGE_CURVE('',#3601,#3599,#1993,.T.);
#4632=EDGE_CURVE('',#3602,#3601,#1994,.T.);
#4633=EDGE_CURVE('',#3602,#3600,#1995,.T.);
#4634=EDGE_CURVE('',#3600,#3603,#1996,.T.);
#4635=EDGE_CURVE('',#3604,#3602,#1997,.T.);
#4636=EDGE_CURVE('',#3604,#3603,#1998,.T.);
#4637=EDGE_CURVE('',#3603,#3605,#1999,.T.);
#4638=EDGE_CURVE('',#3606,#3604,#2000,.T.);
#4639=EDGE_CURVE('',#3606,#3605,#2001,.T.);
#4640=EDGE_CURVE('',#3605,#3599,#2002,.T.);
#4641=EDGE_CURVE('',#3601,#3606,#2003,.T.);
#4642=EDGE_CURVE('',#3607,#3608,#2004,.T.);
#4643=EDGE_CURVE('',#3609,#3607,#2005,.T.);
#4644=EDGE_CURVE('',#3610,#3609,#2006,.T.);
#4645=EDGE_CURVE('',#3610,#3608,#2007,.T.);
#4646=EDGE_CURVE('',#3608,#3611,#2008,.T.);
#4647=EDGE_CURVE('',#3612,#3610,#2009,.T.);
#4648=EDGE_CURVE('',#3612,#3611,#2010,.T.);
#4649=EDGE_CURVE('',#3611,#3613,#2011,.T.);
#4650=EDGE_CURVE('',#3614,#3612,#2012,.T.);
#4651=EDGE_CURVE('',#3614,#3613,#2013,.T.);
#4652=EDGE_CURVE('',#3613,#3607,#2014,.T.);
#4653=EDGE_CURVE('',#3609,#3614,#2015,.T.);
#4654=EDGE_CURVE('',#3615,#3616,#2016,.T.);
#4655=EDGE_CURVE('',#3617,#3615,#2017,.T.);
#4656=EDGE_CURVE('',#3618,#3617,#2018,.T.);
#4657=EDGE_CURVE('',#3618,#3616,#2019,.T.);
#4658=EDGE_CURVE('',#3616,#3619,#2020,.T.);
#4659=EDGE_CURVE('',#3620,#3618,#2021,.T.);
#4660=EDGE_CURVE('',#3620,#3619,#2022,.T.);
#4661=EDGE_CURVE('',#3619,#3621,#2023,.T.);
#4662=EDGE_CURVE('',#3622,#3620,#2024,.T.);
#4663=EDGE_CURVE('',#3622,#3621,#2025,.T.);
#4664=EDGE_CURVE('',#3621,#3615,#2026,.T.);
#4665=EDGE_CURVE('',#3617,#3622,#2027,.T.);
#4666=EDGE_CURVE('',#3623,#3623,#364,.T.);
#4667=EDGE_CURVE('',#3623,#3624,#2028,.T.);
#4668=EDGE_CURVE('',#3624,#3624,#365,.T.);
#4669=EDGE_CURVE('',#3625,#3625,#366,.T.);
#4670=EDGE_CURVE('',#3625,#3626,#2029,.T.);
#4671=EDGE_CURVE('',#3626,#3626,#367,.T.);
#4672=EDGE_CURVE('',#3627,#3627,#368,.T.);
#4673=EDGE_CURVE('',#3627,#3628,#2030,.T.);
#4674=EDGE_CURVE('',#3628,#3628,#369,.T.);
#4675=EDGE_CURVE('',#3629,#3629,#370,.T.);
#4676=EDGE_CURVE('',#3629,#3630,#2031,.T.);
#4677=EDGE_CURVE('',#3630,#3630,#371,.T.);
#4678=EDGE_CURVE('',#3631,#3631,#372,.T.);
#4679=EDGE_CURVE('',#3631,#3632,#2032,.T.);
#4680=EDGE_CURVE('',#3632,#3632,#373,.T.);
#4681=EDGE_CURVE('',#3633,#3633,#374,.T.);
#4682=EDGE_CURVE('',#3633,#3634,#2033,.T.);
#4683=EDGE_CURVE('',#3634,#3634,#375,.T.);
#4684=EDGE_CURVE('',#3490,#3492,#376,.T.);
#4685=EDGE_CURVE('',#3491,#3492,#2034,.T.);
#4686=EDGE_CURVE('',#3489,#3491,#377,.T.);
#4687=EDGE_CURVE('',#3635,#3636,#378,.T.);
#4688=EDGE_CURVE('',#3635,#3637,#2035,.T.);
#4689=EDGE_CURVE('',#3637,#3638,#379,.T.);
#4690=EDGE_CURVE('',#3636,#3638,#2036,.T.);
#4691=EDGE_CURVE('',#3639,#3637,#2037,.T.);
#4692=EDGE_CURVE('',#3638,#3639,#2038,.T.);
#4693=EDGE_CURVE('',#3640,#3641,#380,.T.);
#4694=EDGE_CURVE('',#3640,#3642,#2039,.T.);
#4695=EDGE_CURVE('',#3642,#3643,#381,.T.);
#4696=EDGE_CURVE('',#3641,#3643,#2040,.T.);
#4697=EDGE_CURVE('',#3643,#3644,#2041,.T.);
#4698=EDGE_CURVE('',#3644,#3642,#2042,.T.);
#4699=EDGE_CURVE('',#3486,#3488,#382,.T.);
#4700=EDGE_CURVE('',#3487,#3488,#2043,.T.);
#4701=EDGE_CURVE('',#3485,#3487,#383,.T.);
#4702=EDGE_CURVE('',#3645,#3646,#384,.T.);
#4703=EDGE_CURVE('',#3645,#3647,#2044,.T.);
#4704=EDGE_CURVE('',#3647,#3648,#385,.T.);
#4705=EDGE_CURVE('',#3646,#3648,#2045,.T.);
#4706=EDGE_CURVE('',#3649,#3647,#2046,.T.);
#4707=EDGE_CURVE('',#3648,#3649,#2047,.T.);
#4708=EDGE_CURVE('',#3650,#3651,#386,.T.);
#4709=EDGE_CURVE('',#3650,#3652,#2048,.T.);
#4710=EDGE_CURVE('',#3652,#3653,#387,.T.);
#4711=EDGE_CURVE('',#3651,#3653,#2049,.T.);
#4712=EDGE_CURVE('',#3654,#3652,#2050,.T.);
#4713=EDGE_CURVE('',#3653,#3654,#2051,.T.);
#4714=EDGE_CURVE('',#3655,#3639,#2052,.T.);
#4715=EDGE_CURVE('',#3656,#3655,#2053,.T.);
#4716=EDGE_CURVE('',#3656,#3649,#2054,.T.);
#4717=EDGE_CURVE('',#3636,#3645,#2055,.T.);
#4718=EDGE_CURVE('',#3657,#3656,#2056,.T.);
#4719=EDGE_CURVE('',#3657,#3658,#2057,.T.);
#4720=EDGE_CURVE('',#3646,#3658,#2058,.T.);
#4721=EDGE_CURVE('',#3658,#3659,#388,.T.);
#4722=EDGE_CURVE('',#3659,#3487,#2059,.T.);
#4723=EDGE_CURVE('',#3487,#3660,#2060,.T.);
#4724=EDGE_CURVE('',#3660,#3661,#389,.T.);
#4725=EDGE_CURVE('',#3661,#3650,#2061,.T.);
#4726=EDGE_CURVE('',#3651,#3640,#2062,.T.);
#4727=EDGE_CURVE('',#3641,#3491,#2063,.T.);
#4728=EDGE_CURVE('',#3491,#3635,#2064,.T.);
#4729=EDGE_CURVE('',#3662,#3657,#390,.T.);
#4730=EDGE_CURVE('',#3662,#3659,#2065,.T.);
#4731=EDGE_CURVE('',#3663,#3644,#2066,.T.);
#4732=EDGE_CURVE('',#3655,#3663,#2067,.T.);
#4733=EDGE_CURVE('',#3664,#3654,#2068,.T.);
#4734=EDGE_CURVE('',#3663,#3664,#2069,.T.);
#4735=EDGE_CURVE('',#3665,#3661,#2070,.T.);
#4736=EDGE_CURVE('',#3664,#3665,#2071,.T.);
#4737=EDGE_CURVE('',#3665,#3666,#391,.T.);
#4738=EDGE_CURVE('',#3666,#3660,#2072,.T.);
#4739=EDGE_CURVE('',#3666,#3662,#2073,.T.);
#4740=ORIENTED_EDGE('',*,*,#3667,.F.);
#4741=ORIENTED_EDGE('',*,*,#3668,.F.);
#4742=ORIENTED_EDGE('',*,*,#3669,.F.);
#4743=ORIENTED_EDGE('',*,*,#3670,.F.);
#4744=ORIENTED_EDGE('',*,*,#3671,.F.);
#4745=ORIENTED_EDGE('',*,*,#3672,.F.);
#4746=ORIENTED_EDGE('',*,*,#3673,.F.);
#4747=ORIENTED_EDGE('',*,*,#3674,.F.);
#4748=ORIENTED_EDGE('',*,*,#3675,.F.);
#4749=ORIENTED_EDGE('',*,*,#3676,.F.);
#4750=ORIENTED_EDGE('',*,*,#3675,.T.);
#4751=ORIENTED_EDGE('',*,*,#3677,.F.);
#4752=ORIENTED_EDGE('',*,*,#3678,.F.);
#4753=ORIENTED_EDGE('',*,*,#3679,.F.);
#4754=ORIENTED_EDGE('',*,*,#3680,.T.);
#4755=ORIENTED_EDGE('',*,*,#3681,.F.);
#4756=ORIENTED_EDGE('',*,*,#3672,.T.);
#4757=ORIENTED_EDGE('',*,*,#3682,.F.);
#4758=ORIENTED_EDGE('',*,*,#3683,.T.);
#4759=ORIENTED_EDGE('',*,*,#3684,.F.);
#4760=ORIENTED_EDGE('',*,*,#3685,.F.);
#4761=ORIENTED_EDGE('',*,*,#3680,.F.);
#4762=ORIENTED_EDGE('',*,*,#3686,.F.);
#4763=ORIENTED_EDGE('',*,*,#3670,.T.);
#4764=ORIENTED_EDGE('',*,*,#3687,.T.);
#4765=ORIENTED_EDGE('',*,*,#3688,.F.);
#4766=ORIENTED_EDGE('',*,*,#3689,.F.);
#4767=ORIENTED_EDGE('',*,*,#3690,.F.);
#4768=ORIENTED_EDGE('',*,*,#3691,.F.);
#4769=ORIENTED_EDGE('',*,*,#3689,.T.);
#4770=ORIENTED_EDGE('',*,*,#3692,.F.);
#4771=ORIENTED_EDGE('',*,*,#3693,.T.);
#4772=ORIENTED_EDGE('',*,*,#3694,.F.);
#4773=ORIENTED_EDGE('',*,*,#3695,.T.);
#4774=ORIENTED_EDGE('',*,*,#3696,.F.);
#4775=ORIENTED_EDGE('',*,*,#3697,.F.);
#4776=ORIENTED_EDGE('',*,*,#3668,.T.);
#4777=ORIENTED_EDGE('',*,*,#3698,.F.);
#4778=ORIENTED_EDGE('',*,*,#3699,.F.);
#4779=ORIENTED_EDGE('',*,*,#3693,.F.);
#4780=ORIENTED_EDGE('',*,*,#3700,.F.);
#4781=ORIENTED_EDGE('',*,*,#3695,.F.);
#4782=ORIENTED_EDGE('',*,*,#3701,.F.);
#4783=ORIENTED_EDGE('',*,*,#3702,.F.);
#4784=ORIENTED_EDGE('',*,*,#3703,.F.);
#4785=ORIENTED_EDGE('',*,*,#3704,.F.);
#4786=ORIENTED_EDGE('',*,*,#3705,.F.);
#4787=ORIENTED_EDGE('',*,*,#3706,.F.);
#4788=ORIENTED_EDGE('',*,*,#3707,.F.);
#4789=ORIENTED_EDGE('',*,*,#3708,.F.);
#4790=ORIENTED_EDGE('',*,*,#3709,.F.);
#4791=ORIENTED_EDGE('',*,*,#3710,.F.);
#4792=ORIENTED_EDGE('',*,*,#3711,.T.);
#4793=ORIENTED_EDGE('',*,*,#3712,.F.);
#4794=ORIENTED_EDGE('',*,*,#3706,.T.);
#4795=ORIENTED_EDGE('',*,*,#3713,.F.);
#4796=ORIENTED_EDGE('',*,*,#3714,.T.);
#4797=ORIENTED_EDGE('',*,*,#3715,.F.);
#4798=ORIENTED_EDGE('',*,*,#3716,.F.);
#4799=ORIENTED_EDGE('',*,*,#3711,.F.);
#4800=ORIENTED_EDGE('',*,*,#3717,.F.);
#4801=ORIENTED_EDGE('',*,*,#3704,.T.);
#4802=ORIENTED_EDGE('',*,*,#3718,.T.);
#4803=ORIENTED_EDGE('',*,*,#3719,.F.);
#4804=ORIENTED_EDGE('',*,*,#3720,.F.);
#4805=ORIENTED_EDGE('',*,*,#3721,.F.);
#4806=ORIENTED_EDGE('',*,*,#3722,.F.);
#4807=ORIENTED_EDGE('',*,*,#3720,.T.);
#4808=ORIENTED_EDGE('',*,*,#3723,.F.);
#4809=ORIENTED_EDGE('',*,*,#3724,.T.);
#4810=ORIENTED_EDGE('',*,*,#3725,.F.);
#4811=ORIENTED_EDGE('',*,*,#3726,.F.);
#4812=ORIENTED_EDGE('',*,*,#3724,.F.);
#4813=ORIENTED_EDGE('',*,*,#3727,.F.);
#4814=ORIENTED_EDGE('',*,*,#3728,.F.);
#4815=ORIENTED_EDGE('',*,*,#3702,.T.);
#4816=ORIENTED_EDGE('',*,*,#3729,.F.);
#4817=ORIENTED_EDGE('',*,*,#3730,.F.);
#4818=ORIENTED_EDGE('',*,*,#3731,.F.);
#4819=ORIENTED_EDGE('',*,*,#3732,.F.);
#4820=ORIENTED_EDGE('',*,*,#3733,.F.);
#4821=ORIENTED_EDGE('',*,*,#3734,.T.);
#4822=ORIENTED_EDGE('',*,*,#3735,.F.);
#4823=ORIENTED_EDGE('',*,*,#3736,.T.);
#4824=ORIENTED_EDGE('',*,*,#3737,.F.);
#4825=ORIENTED_EDGE('',*,*,#3738,.T.);
#4826=ORIENTED_EDGE('',*,*,#3739,.F.);
#4827=ORIENTED_EDGE('',*,*,#3740,.F.);
#4828=ORIENTED_EDGE('',*,*,#3734,.F.);
#4829=ORIENTED_EDGE('',*,*,#3741,.F.);
#4830=ORIENTED_EDGE('',*,*,#3732,.T.);
#4831=ORIENTED_EDGE('',*,*,#3742,.T.);
#4832=ORIENTED_EDGE('',*,*,#3743,.F.);
#4833=ORIENTED_EDGE('',*,*,#3744,.F.);
#4834=ORIENTED_EDGE('',*,*,#3745,.F.);
#4835=ORIENTED_EDGE('',*,*,#3746,.F.);
#4836=ORIENTED_EDGE('',*,*,#3736,.F.);
#4837=ORIENTED_EDGE('',*,*,#3747,.F.);
#4838=ORIENTED_EDGE('',*,*,#3748,.F.);
#4839=ORIENTED_EDGE('',*,*,#3749,.F.);
#4840=ORIENTED_EDGE('',*,*,#3750,.F.);
#4841=ORIENTED_EDGE('',*,*,#3744,.T.);
#4842=ORIENTED_EDGE('',*,*,#3751,.F.);
#4843=ORIENTED_EDGE('',*,*,#3752,.T.);
#4844=ORIENTED_EDGE('',*,*,#3753,.F.);
#4845=ORIENTED_EDGE('',*,*,#3754,.F.);
#4846=ORIENTED_EDGE('',*,*,#3752,.F.);
#4847=ORIENTED_EDGE('',*,*,#3755,.F.);
#4848=ORIENTED_EDGE('',*,*,#3756,.F.);
#4849=ORIENTED_EDGE('',*,*,#3730,.T.);
#4850=ORIENTED_EDGE('',*,*,#3698,.T.);
#4851=ORIENTED_EDGE('',*,*,#3694,.T.);
#4852=ORIENTED_EDGE('',*,*,#3667,.T.);
#4853=ORIENTED_EDGE('',*,*,#3686,.T.);
#4854=ORIENTED_EDGE('',*,*,#3757,.T.);
#4855=ORIENTED_EDGE('',*,*,#3725,.T.);
#4856=ORIENTED_EDGE('',*,*,#3701,.T.);
#4857=ORIENTED_EDGE('',*,*,#3717,.T.);
#4858=ORIENTED_EDGE('',*,*,#3758,.T.);
#4859=ORIENTED_EDGE('',*,*,#3759,.T.);
#4860=ORIENTED_EDGE('',*,*,#3760,.T.);
#4861=ORIENTED_EDGE('',*,*,#3761,.F.);
#4862=ORIENTED_EDGE('',*,*,#3762,.T.);
#4863=ORIENTED_EDGE('',*,*,#3753,.T.);
#4864=ORIENTED_EDGE('',*,*,#3729,.T.);
#4865=ORIENTED_EDGE('',*,*,#3741,.T.);
#4866=ORIENTED_EDGE('',*,*,#3763,.T.);
#4867=ORIENTED_EDGE('',*,*,#3673,.T.);
#4868=ORIENTED_EDGE('',*,*,#3681,.T.);
#4869=ORIENTED_EDGE('',*,*,#3685,.T.);
#4870=ORIENTED_EDGE('',*,*,#3764,.F.);
#4871=ORIENTED_EDGE('',*,*,#3707,.T.);
#4872=ORIENTED_EDGE('',*,*,#3712,.T.);
#4873=ORIENTED_EDGE('',*,*,#3716,.T.);
#4874=ORIENTED_EDGE('',*,*,#3765,.F.);
#4875=ORIENTED_EDGE('',*,*,#3766,.T.);
#4876=ORIENTED_EDGE('',*,*,#3767,.F.);
#4877=ORIENTED_EDGE('',*,*,#3768,.F.);
#4878=ORIENTED_EDGE('',*,*,#3769,.F.);
#4879=ORIENTED_EDGE('',*,*,#3747,.T.);
#4880=ORIENTED_EDGE('',*,*,#3735,.T.);
#4881=ORIENTED_EDGE('',*,*,#3740,.T.);
#4882=ORIENTED_EDGE('',*,*,#3770,.F.);
#4883=ORIENTED_EDGE('',*,*,#3748,.T.);
#4884=ORIENTED_EDGE('',*,*,#3769,.T.);
#4885=ORIENTED_EDGE('',*,*,#3771,.T.);
#4886=ORIENTED_EDGE('',*,*,#3772,.T.);
#4887=ORIENTED_EDGE('',*,*,#3715,.T.);
#4888=ORIENTED_EDGE('',*,*,#3773,.T.);
#4889=ORIENTED_EDGE('',*,*,#3774,.T.);
#4890=ORIENTED_EDGE('',*,*,#3765,.T.);
#4891=ORIENTED_EDGE('',*,*,#3684,.T.);
#4892=ORIENTED_EDGE('',*,*,#3775,.T.);
#4893=ORIENTED_EDGE('',*,*,#3708,.T.);
#4894=ORIENTED_EDGE('',*,*,#3764,.T.);
#4895=ORIENTED_EDGE('',*,*,#3696,.T.);
#4896=ORIENTED_EDGE('',*,*,#3700,.T.);
#4897=ORIENTED_EDGE('',*,*,#3692,.T.);
#4898=ORIENTED_EDGE('',*,*,#3688,.T.);
#4899=ORIENTED_EDGE('',*,*,#3776,.F.);
#4900=ORIENTED_EDGE('',*,*,#3727,.T.);
#4901=ORIENTED_EDGE('',*,*,#3723,.T.);
#4902=ORIENTED_EDGE('',*,*,#3719,.T.);
#4903=ORIENTED_EDGE('',*,*,#3777,.F.);
#4904=ORIENTED_EDGE('',*,*,#3778,.F.);
#4905=ORIENTED_EDGE('',*,*,#3779,.T.);
#4906=ORIENTED_EDGE('',*,*,#3780,.T.);
#4907=ORIENTED_EDGE('',*,*,#3781,.F.);
#4908=ORIENTED_EDGE('',*,*,#3782,.F.);
#4909=ORIENTED_EDGE('',*,*,#3783,.T.);
#4910=ORIENTED_EDGE('',*,*,#3784,.F.);
#4911=ORIENTED_EDGE('',*,*,#3785,.F.);
#4912=ORIENTED_EDGE('',*,*,#3755,.T.);
#4913=ORIENTED_EDGE('',*,*,#3751,.T.);
#4914=ORIENTED_EDGE('',*,*,#3743,.T.);
#4915=ORIENTED_EDGE('',*,*,#3786,.F.);
#4916=ORIENTED_EDGE('',*,*,#3787,.T.);
#4917=ORIENTED_EDGE('',*,*,#3788,.T.);
#4918=ORIENTED_EDGE('',*,*,#3789,.F.);
#4919=ORIENTED_EDGE('',*,*,#3790,.T.);
#4920=ORIENTED_EDGE('',*,*,#3791,.T.);
#4921=ORIENTED_EDGE('',*,*,#3792,.T.);
#4922=ORIENTED_EDGE('',*,*,#3793,.T.);
#4923=ORIENTED_EDGE('',*,*,#3794,.T.);
#4924=ORIENTED_EDGE('',*,*,#3795,.F.);
#4925=ORIENTED_EDGE('',*,*,#3796,.T.);
#4926=ORIENTED_EDGE('',*,*,#3797,.T.);
#4927=ORIENTED_EDGE('',*,*,#3798,.T.);
#4928=ORIENTED_EDGE('',*,*,#3799,.T.);
#4929=ORIENTED_EDGE('',*,*,#3800,.T.);
#4930=ORIENTED_EDGE('',*,*,#3801,.F.);
#4931=ORIENTED_EDGE('',*,*,#3802,.T.);
#4932=ORIENTED_EDGE('',*,*,#3777,.T.);
#4933=ORIENTED_EDGE('',*,*,#3718,.F.);
#4934=ORIENTED_EDGE('',*,*,#3703,.T.);
#4935=ORIENTED_EDGE('',*,*,#3728,.T.);
#4936=ORIENTED_EDGE('',*,*,#3776,.T.);
#4937=ORIENTED_EDGE('',*,*,#3687,.F.);
#4938=ORIENTED_EDGE('',*,*,#3669,.T.);
#4939=ORIENTED_EDGE('',*,*,#3697,.T.);
#4940=ORIENTED_EDGE('',*,*,#3786,.T.);
#4941=ORIENTED_EDGE('',*,*,#3742,.F.);
#4942=ORIENTED_EDGE('',*,*,#3731,.T.);
#4943=ORIENTED_EDGE('',*,*,#3756,.T.);
#4944=ORIENTED_EDGE('',*,*,#3785,.T.);
#4945=ORIENTED_EDGE('',*,*,#3803,.T.);
#4946=ORIENTED_EDGE('',*,*,#3804,.F.);
#4947=ORIENTED_EDGE('',*,*,#3805,.T.);
#4948=ORIENTED_EDGE('',*,*,#3806,.T.);
#4949=ORIENTED_EDGE('',*,*,#3807,.T.);
#4950=ORIENTED_EDGE('',*,*,#3808,.F.);
#4951=ORIENTED_EDGE('',*,*,#3809,.T.);
#4952=ORIENTED_EDGE('',*,*,#3810,.T.);
#4953=ORIENTED_EDGE('',*,*,#3811,.T.);
#4954=ORIENTED_EDGE('',*,*,#3812,.F.);
#4955=ORIENTED_EDGE('',*,*,#3813,.T.);
#4956=ORIENTED_EDGE('',*,*,#3814,.T.);
#4957=ORIENTED_EDGE('',*,*,#3749,.T.);
#4958=ORIENTED_EDGE('',*,*,#3772,.F.);
#4959=ORIENTED_EDGE('',*,*,#3815,.T.);
#4960=ORIENTED_EDGE('',*,*,#3816,.T.);
#4961=ORIENTED_EDGE('',*,*,#3817,.T.);
#4962=ORIENTED_EDGE('',*,*,#3818,.T.);
#4963=ORIENTED_EDGE('',*,*,#3819,.T.);
#4964=ORIENTED_EDGE('',*,*,#3773,.F.);
#4965=ORIENTED_EDGE('',*,*,#3714,.F.);
#4966=ORIENTED_EDGE('',*,*,#3820,.T.);
#4967=ORIENTED_EDGE('',*,*,#3709,.T.);
#4968=ORIENTED_EDGE('',*,*,#3775,.F.);
#4969=ORIENTED_EDGE('',*,*,#3683,.F.);
#4970=ORIENTED_EDGE('',*,*,#3821,.T.);
#4971=ORIENTED_EDGE('',*,*,#3678,.T.);
#4972=ORIENTED_EDGE('',*,*,#3822,.F.);
#4973=ORIENTED_EDGE('',*,*,#3738,.F.);
#4974=ORIENTED_EDGE('',*,*,#3823,.T.);
#4975=ORIENTED_EDGE('',*,*,#3824,.T.);
#4976=ORIENTED_EDGE('',*,*,#3825,.T.);
#4977=ORIENTED_EDGE('',*,*,#3826,.T.);
#4978=ORIENTED_EDGE('',*,*,#3827,.T.);
#4979=ORIENTED_EDGE('',*,*,#3828,.T.);
#4980=ORIENTED_EDGE('',*,*,#3829,.T.);
#4981=ORIENTED_EDGE('',*,*,#3830,.T.);
#4982=ORIENTED_EDGE('',*,*,#3831,.T.);
#4983=ORIENTED_EDGE('',*,*,#3832,.T.);
#4984=ORIENTED_EDGE('',*,*,#3833,.T.);
#4985=ORIENTED_EDGE('',*,*,#3834,.T.);
#4986=ORIENTED_EDGE('',*,*,#3835,.T.);
#4987=ORIENTED_EDGE('',*,*,#3836,.T.);
#4988=ORIENTED_EDGE('',*,*,#3837,.T.);
#4989=ORIENTED_EDGE('',*,*,#3838,.T.);
#4990=ORIENTED_EDGE('',*,*,#3839,.T.);
#4991=ORIENTED_EDGE('',*,*,#3840,.T.);
#4992=ORIENTED_EDGE('',*,*,#3841,.T.);
#4993=ORIENTED_EDGE('',*,*,#3842,.T.);
#4994=ORIENTED_EDGE('',*,*,#3843,.T.);
#4995=ORIENTED_EDGE('',*,*,#3844,.T.);
#4996=ORIENTED_EDGE('',*,*,#3845,.T.);
#4997=ORIENTED_EDGE('',*,*,#3846,.T.);
#4998=ORIENTED_EDGE('',*,*,#3847,.T.);
#4999=ORIENTED_EDGE('',*,*,#3848,.T.);
#5000=ORIENTED_EDGE('',*,*,#3849,.T.);
#5001=ORIENTED_EDGE('',*,*,#3850,.T.);
#5002=ORIENTED_EDGE('',*,*,#3851,.T.);
#5003=ORIENTED_EDGE('',*,*,#3852,.T.);
#5004=ORIENTED_EDGE('',*,*,#3853,.T.);
#5005=ORIENTED_EDGE('',*,*,#3854,.T.);
#5006=ORIENTED_EDGE('',*,*,#3855,.T.);
#5007=ORIENTED_EDGE('',*,*,#3856,.T.);
#5008=ORIENTED_EDGE('',*,*,#3857,.T.);
#5009=ORIENTED_EDGE('',*,*,#3858,.T.);
#5010=ORIENTED_EDGE('',*,*,#3859,.T.);
#5011=ORIENTED_EDGE('',*,*,#3860,.T.);
#5012=ORIENTED_EDGE('',*,*,#3861,.T.);
#5013=ORIENTED_EDGE('',*,*,#3862,.T.);
#5014=ORIENTED_EDGE('',*,*,#3863,.T.);
#5015=ORIENTED_EDGE('',*,*,#3864,.T.);
#5016=ORIENTED_EDGE('',*,*,#3865,.T.);
#5017=ORIENTED_EDGE('',*,*,#3866,.T.);
#5018=ORIENTED_EDGE('',*,*,#3867,.T.);
#5019=ORIENTED_EDGE('',*,*,#3868,.T.);
#5020=ORIENTED_EDGE('',*,*,#3869,.T.);
#5021=ORIENTED_EDGE('',*,*,#3870,.T.);
#5022=ORIENTED_EDGE('',*,*,#3871,.T.);
#5023=ORIENTED_EDGE('',*,*,#3872,.T.);
#5024=ORIENTED_EDGE('',*,*,#3873,.T.);
#5025=ORIENTED_EDGE('',*,*,#3874,.T.);
#5026=ORIENTED_EDGE('',*,*,#3875,.T.);
#5027=ORIENTED_EDGE('',*,*,#3876,.T.);
#5028=ORIENTED_EDGE('',*,*,#3877,.T.);
#5029=ORIENTED_EDGE('',*,*,#3878,.T.);
#5030=ORIENTED_EDGE('',*,*,#3879,.T.);
#5031=ORIENTED_EDGE('',*,*,#3880,.T.);
#5032=ORIENTED_EDGE('',*,*,#3881,.T.);
#5033=ORIENTED_EDGE('',*,*,#3882,.T.);
#5034=ORIENTED_EDGE('',*,*,#3883,.T.);
#5035=ORIENTED_EDGE('',*,*,#3884,.T.);
#5036=ORIENTED_EDGE('',*,*,#3885,.T.);
#5037=ORIENTED_EDGE('',*,*,#3886,.T.);
#5038=ORIENTED_EDGE('',*,*,#3887,.T.);
#5039=ORIENTED_EDGE('',*,*,#3888,.T.);
#5040=ORIENTED_EDGE('',*,*,#3831,.F.);
#5041=ORIENTED_EDGE('',*,*,#3889,.T.);
#5042=ORIENTED_EDGE('',*,*,#3890,.F.);
#5043=ORIENTED_EDGE('',*,*,#3891,.F.);
#5044=ORIENTED_EDGE('',*,*,#3828,.F.);
#5045=ORIENTED_EDGE('',*,*,#3891,.T.);
#5046=ORIENTED_EDGE('',*,*,#3892,.F.);
#5047=ORIENTED_EDGE('',*,*,#3893,.F.);
#5048=ORIENTED_EDGE('',*,*,#3829,.F.);
#5049=ORIENTED_EDGE('',*,*,#3893,.T.);
#5050=ORIENTED_EDGE('',*,*,#3894,.F.);
#5051=ORIENTED_EDGE('',*,*,#3895,.F.);
#5052=ORIENTED_EDGE('',*,*,#3830,.F.);
#5053=ORIENTED_EDGE('',*,*,#3895,.T.);
#5054=ORIENTED_EDGE('',*,*,#3896,.F.);
#5055=ORIENTED_EDGE('',*,*,#3889,.F.);
#5056=ORIENTED_EDGE('',*,*,#3845,.F.);
#5057=ORIENTED_EDGE('',*,*,#3897,.T.);
#5058=ORIENTED_EDGE('',*,*,#3898,.F.);
#5059=ORIENTED_EDGE('',*,*,#3899,.F.);
#5060=ORIENTED_EDGE('',*,*,#3846,.F.);
#5061=ORIENTED_EDGE('',*,*,#3899,.T.);
#5062=ORIENTED_EDGE('',*,*,#3900,.F.);
#5063=ORIENTED_EDGE('',*,*,#3901,.F.);
#5064=ORIENTED_EDGE('',*,*,#3847,.F.);
#5065=ORIENTED_EDGE('',*,*,#3901,.T.);
#5066=ORIENTED_EDGE('',*,*,#3902,.F.);
#5067=ORIENTED_EDGE('',*,*,#3903,.F.);
#5068=ORIENTED_EDGE('',*,*,#3844,.F.);
#5069=ORIENTED_EDGE('',*,*,#3903,.T.);
#5070=ORIENTED_EDGE('',*,*,#3904,.F.);
#5071=ORIENTED_EDGE('',*,*,#3897,.F.);
#5072=ORIENTED_EDGE('',*,*,#3860,.F.);
#5073=ORIENTED_EDGE('',*,*,#3905,.T.);
#5074=ORIENTED_EDGE('',*,*,#3906,.F.);
#5075=ORIENTED_EDGE('',*,*,#3907,.F.);
#5076=ORIENTED_EDGE('',*,*,#3861,.F.);
#5077=ORIENTED_EDGE('',*,*,#3907,.T.);
#5078=ORIENTED_EDGE('',*,*,#3908,.F.);
#5079=ORIENTED_EDGE('',*,*,#3909,.F.);
#5080=ORIENTED_EDGE('',*,*,#3862,.F.);
#5081=ORIENTED_EDGE('',*,*,#3909,.T.);
#5082=ORIENTED_EDGE('',*,*,#3910,.F.);
#5083=ORIENTED_EDGE('',*,*,#3911,.F.);
#5084=ORIENTED_EDGE('',*,*,#3864,.F.);
#5085=ORIENTED_EDGE('',*,*,#3912,.T.);
#5086=ORIENTED_EDGE('',*,*,#3913,.F.);
#5087=ORIENTED_EDGE('',*,*,#3905,.F.);
#5088=ORIENTED_EDGE('',*,*,#3863,.F.);
#5089=ORIENTED_EDGE('',*,*,#3911,.T.);
#5090=ORIENTED_EDGE('',*,*,#3914,.F.);
#5091=ORIENTED_EDGE('',*,*,#3912,.F.);
#5092=ORIENTED_EDGE('',*,*,#3886,.F.);
#5093=ORIENTED_EDGE('',*,*,#3915,.T.);
#5094=ORIENTED_EDGE('',*,*,#3916,.F.);
#5095=ORIENTED_EDGE('',*,*,#3917,.F.);
#5096=ORIENTED_EDGE('',*,*,#3887,.F.);
#5097=ORIENTED_EDGE('',*,*,#3917,.T.);
#5098=ORIENTED_EDGE('',*,*,#3918,.F.);
#5099=ORIENTED_EDGE('',*,*,#3919,.F.);
#5100=ORIENTED_EDGE('',*,*,#3888,.F.);
#5101=ORIENTED_EDGE('',*,*,#3919,.T.);
#5102=ORIENTED_EDGE('',*,*,#3920,.F.);
#5103=ORIENTED_EDGE('',*,*,#3921,.F.);
#5104=ORIENTED_EDGE('',*,*,#3885,.F.);
#5105=ORIENTED_EDGE('',*,*,#3921,.T.);
#5106=ORIENTED_EDGE('',*,*,#3922,.F.);
#5107=ORIENTED_EDGE('',*,*,#3915,.F.);
#5108=ORIENTED_EDGE('',*,*,#3873,.F.);
#5109=ORIENTED_EDGE('',*,*,#3923,.T.);
#5110=ORIENTED_EDGE('',*,*,#3924,.F.);
#5111=ORIENTED_EDGE('',*,*,#3925,.F.);
#5112=ORIENTED_EDGE('',*,*,#3874,.F.);
#5113=ORIENTED_EDGE('',*,*,#3925,.T.);
#5114=ORIENTED_EDGE('',*,*,#3926,.F.);
#5115=ORIENTED_EDGE('',*,*,#3927,.F.);
#5116=ORIENTED_EDGE('',*,*,#3875,.F.);
#5117=ORIENTED_EDGE('',*,*,#3927,.T.);
#5118=ORIENTED_EDGE('',*,*,#3928,.F.);
#5119=ORIENTED_EDGE('',*,*,#3929,.F.);
#5120=ORIENTED_EDGE('',*,*,#3876,.F.);
#5121=ORIENTED_EDGE('',*,*,#3929,.T.);
#5122=ORIENTED_EDGE('',*,*,#3930,.F.);
#5123=ORIENTED_EDGE('',*,*,#3923,.F.);
#5124=ORIENTED_EDGE('',*,*,#3859,.F.);
#5125=ORIENTED_EDGE('',*,*,#3931,.T.);
#5126=ORIENTED_EDGE('',*,*,#3932,.F.);
#5127=ORIENTED_EDGE('',*,*,#3933,.F.);
#5128=ORIENTED_EDGE('',*,*,#3856,.F.);
#5129=ORIENTED_EDGE('',*,*,#3933,.T.);
#5130=ORIENTED_EDGE('',*,*,#3934,.F.);
#5131=ORIENTED_EDGE('',*,*,#3935,.F.);
#5132=ORIENTED_EDGE('',*,*,#3857,.F.);
#5133=ORIENTED_EDGE('',*,*,#3935,.T.);
#5134=ORIENTED_EDGE('',*,*,#3936,.F.);
#5135=ORIENTED_EDGE('',*,*,#3937,.F.);
#5136=ORIENTED_EDGE('',*,*,#3858,.F.);
#5137=ORIENTED_EDGE('',*,*,#3937,.T.);
#5138=ORIENTED_EDGE('',*,*,#3938,.F.);
#5139=ORIENTED_EDGE('',*,*,#3931,.F.);
#5140=ORIENTED_EDGE('',*,*,#3843,.F.);
#5141=ORIENTED_EDGE('',*,*,#3939,.T.);
#5142=ORIENTED_EDGE('',*,*,#3940,.F.);
#5143=ORIENTED_EDGE('',*,*,#3941,.F.);
#5144=ORIENTED_EDGE('',*,*,#3840,.F.);
#5145=ORIENTED_EDGE('',*,*,#3941,.T.);
#5146=ORIENTED_EDGE('',*,*,#3942,.F.);
#5147=ORIENTED_EDGE('',*,*,#3943,.F.);
#5148=ORIENTED_EDGE('',*,*,#3841,.F.);
#5149=ORIENTED_EDGE('',*,*,#3943,.T.);
#5150=ORIENTED_EDGE('',*,*,#3944,.F.);
#5151=ORIENTED_EDGE('',*,*,#3945,.F.);
#5152=ORIENTED_EDGE('',*,*,#3842,.F.);
#5153=ORIENTED_EDGE('',*,*,#3945,.T.);
#5154=ORIENTED_EDGE('',*,*,#3946,.F.);
#5155=ORIENTED_EDGE('',*,*,#3939,.F.);
#5156=ORIENTED_EDGE('',*,*,#3825,.F.);
#5157=ORIENTED_EDGE('',*,*,#3947,.T.);
#5158=ORIENTED_EDGE('',*,*,#3948,.F.);
#5159=ORIENTED_EDGE('',*,*,#3949,.F.);
#5160=ORIENTED_EDGE('',*,*,#3826,.F.);
#5161=ORIENTED_EDGE('',*,*,#3949,.T.);
#5162=ORIENTED_EDGE('',*,*,#3950,.F.);
#5163=ORIENTED_EDGE('',*,*,#3951,.F.);
#5164=ORIENTED_EDGE('',*,*,#3827,.F.);
#5165=ORIENTED_EDGE('',*,*,#3951,.T.);
#5166=ORIENTED_EDGE('',*,*,#3952,.F.);
#5167=ORIENTED_EDGE('',*,*,#3953,.F.);
#5168=ORIENTED_EDGE('',*,*,#3824,.F.);
#5169=ORIENTED_EDGE('',*,*,#3953,.T.);
#5170=ORIENTED_EDGE('',*,*,#3954,.F.);
#5171=ORIENTED_EDGE('',*,*,#3947,.F.);
#5172=ORIENTED_EDGE('',*,*,#3835,.F.);
#5173=ORIENTED_EDGE('',*,*,#3955,.T.);
#5174=ORIENTED_EDGE('',*,*,#3956,.F.);
#5175=ORIENTED_EDGE('',*,*,#3957,.F.);
#5176=ORIENTED_EDGE('',*,*,#3832,.F.);
#5177=ORIENTED_EDGE('',*,*,#3957,.T.);
#5178=ORIENTED_EDGE('',*,*,#3958,.F.);
#5179=ORIENTED_EDGE('',*,*,#3959,.F.);
#5180=ORIENTED_EDGE('',*,*,#3833,.F.);
#5181=ORIENTED_EDGE('',*,*,#3959,.T.);
#5182=ORIENTED_EDGE('',*,*,#3960,.F.);
#5183=ORIENTED_EDGE('',*,*,#3961,.F.);
#5184=ORIENTED_EDGE('',*,*,#3834,.F.);
#5185=ORIENTED_EDGE('',*,*,#3961,.T.);
#5186=ORIENTED_EDGE('',*,*,#3962,.F.);
#5187=ORIENTED_EDGE('',*,*,#3955,.F.);
#5188=ORIENTED_EDGE('',*,*,#3849,.F.);
#5189=ORIENTED_EDGE('',*,*,#3963,.T.);
#5190=ORIENTED_EDGE('',*,*,#3964,.F.);
#5191=ORIENTED_EDGE('',*,*,#3965,.F.);
#5192=ORIENTED_EDGE('',*,*,#3850,.F.);
#5193=ORIENTED_EDGE('',*,*,#3965,.T.);
#5194=ORIENTED_EDGE('',*,*,#3966,.F.);
#5195=ORIENTED_EDGE('',*,*,#3967,.F.);
#5196=ORIENTED_EDGE('',*,*,#3851,.F.);
#5197=ORIENTED_EDGE('',*,*,#3967,.T.);
#5198=ORIENTED_EDGE('',*,*,#3968,.F.);
#5199=ORIENTED_EDGE('',*,*,#3969,.F.);
#5200=ORIENTED_EDGE('',*,*,#3848,.F.);
#5201=ORIENTED_EDGE('',*,*,#3969,.T.);
#5202=ORIENTED_EDGE('',*,*,#3970,.F.);
#5203=ORIENTED_EDGE('',*,*,#3963,.F.);
#5204=ORIENTED_EDGE('',*,*,#3866,.F.);
#5205=ORIENTED_EDGE('',*,*,#3971,.T.);
#5206=ORIENTED_EDGE('',*,*,#3972,.F.);
#5207=ORIENTED_EDGE('',*,*,#3973,.F.);
#5208=ORIENTED_EDGE('',*,*,#3867,.F.);
#5209=ORIENTED_EDGE('',*,*,#3973,.T.);
#5210=ORIENTED_EDGE('',*,*,#3974,.F.);
#5211=ORIENTED_EDGE('',*,*,#3975,.F.);
#5212=ORIENTED_EDGE('',*,*,#3868,.F.);
#5213=ORIENTED_EDGE('',*,*,#3975,.T.);
#5214=ORIENTED_EDGE('',*,*,#3976,.F.);
#5215=ORIENTED_EDGE('',*,*,#3977,.F.);
#5216=ORIENTED_EDGE('',*,*,#3865,.F.);
#5217=ORIENTED_EDGE('',*,*,#3977,.T.);
#5218=ORIENTED_EDGE('',*,*,#3978,.F.);
#5219=ORIENTED_EDGE('',*,*,#3971,.F.);
#5220=ORIENTED_EDGE('',*,*,#3877,.F.);
#5221=ORIENTED_EDGE('',*,*,#3979,.T.);
#5222=ORIENTED_EDGE('',*,*,#3980,.F.);
#5223=ORIENTED_EDGE('',*,*,#3981,.F.);
#5224=ORIENTED_EDGE('',*,*,#3878,.F.);
#5225=ORIENTED_EDGE('',*,*,#3981,.T.);
#5226=ORIENTED_EDGE('',*,*,#3982,.F.);
#5227=ORIENTED_EDGE('',*,*,#3983,.F.);
#5228=ORIENTED_EDGE('',*,*,#3879,.F.);
#5229=ORIENTED_EDGE('',*,*,#3983,.T.);
#5230=ORIENTED_EDGE('',*,*,#3984,.F.);
#5231=ORIENTED_EDGE('',*,*,#3985,.F.);
#5232=ORIENTED_EDGE('',*,*,#3880,.F.);
#5233=ORIENTED_EDGE('',*,*,#3985,.T.);
#5234=ORIENTED_EDGE('',*,*,#3986,.F.);
#5235=ORIENTED_EDGE('',*,*,#3979,.F.);
#5236=ORIENTED_EDGE('',*,*,#3870,.F.);
#5237=ORIENTED_EDGE('',*,*,#3987,.T.);
#5238=ORIENTED_EDGE('',*,*,#3988,.F.);
#5239=ORIENTED_EDGE('',*,*,#3989,.F.);
#5240=ORIENTED_EDGE('',*,*,#3871,.F.);
#5241=ORIENTED_EDGE('',*,*,#3989,.T.);
#5242=ORIENTED_EDGE('',*,*,#3990,.F.);
#5243=ORIENTED_EDGE('',*,*,#3991,.F.);
#5244=ORIENTED_EDGE('',*,*,#3872,.F.);
#5245=ORIENTED_EDGE('',*,*,#3991,.T.);
#5246=ORIENTED_EDGE('',*,*,#3992,.F.);
#5247=ORIENTED_EDGE('',*,*,#3993,.F.);
#5248=ORIENTED_EDGE('',*,*,#3869,.F.);
#5249=ORIENTED_EDGE('',*,*,#3993,.T.);
#5250=ORIENTED_EDGE('',*,*,#3994,.F.);
#5251=ORIENTED_EDGE('',*,*,#3987,.F.);
#5252=ORIENTED_EDGE('',*,*,#3853,.F.);
#5253=ORIENTED_EDGE('',*,*,#3995,.T.);
#5254=ORIENTED_EDGE('',*,*,#3996,.F.);
#5255=ORIENTED_EDGE('',*,*,#3997,.F.);
#5256=ORIENTED_EDGE('',*,*,#3854,.F.);
#5257=ORIENTED_EDGE('',*,*,#3997,.T.);
#5258=ORIENTED_EDGE('',*,*,#3998,.F.);
#5259=ORIENTED_EDGE('',*,*,#3999,.F.);
#5260=ORIENTED_EDGE('',*,*,#3855,.F.);
#5261=ORIENTED_EDGE('',*,*,#3999,.T.);
#5262=ORIENTED_EDGE('',*,*,#4000,.F.);
#5263=ORIENTED_EDGE('',*,*,#4001,.F.);
#5264=ORIENTED_EDGE('',*,*,#3852,.F.);
#5265=ORIENTED_EDGE('',*,*,#4001,.T.);
#5266=ORIENTED_EDGE('',*,*,#4002,.F.);
#5267=ORIENTED_EDGE('',*,*,#3995,.F.);
#5268=ORIENTED_EDGE('',*,*,#3839,.F.);
#5269=ORIENTED_EDGE('',*,*,#4003,.T.);
#5270=ORIENTED_EDGE('',*,*,#4004,.F.);
#5271=ORIENTED_EDGE('',*,*,#4005,.F.);
#5272=ORIENTED_EDGE('',*,*,#3836,.F.);
#5273=ORIENTED_EDGE('',*,*,#4005,.T.);
#5274=ORIENTED_EDGE('',*,*,#4006,.F.);
#5275=ORIENTED_EDGE('',*,*,#4007,.F.);
#5276=ORIENTED_EDGE('',*,*,#3837,.F.);
#5277=ORIENTED_EDGE('',*,*,#4007,.T.);
#5278=ORIENTED_EDGE('',*,*,#4008,.F.);
#5279=ORIENTED_EDGE('',*,*,#4009,.F.);
#5280=ORIENTED_EDGE('',*,*,#3838,.F.);
#5281=ORIENTED_EDGE('',*,*,#4009,.T.);
#5282=ORIENTED_EDGE('',*,*,#4010,.F.);
#5283=ORIENTED_EDGE('',*,*,#4003,.F.);
#5284=ORIENTED_EDGE('',*,*,#3883,.F.);
#5285=ORIENTED_EDGE('',*,*,#4011,.T.);
#5286=ORIENTED_EDGE('',*,*,#4012,.F.);
#5287=ORIENTED_EDGE('',*,*,#4013,.F.);
#5288=ORIENTED_EDGE('',*,*,#3884,.F.);
#5289=ORIENTED_EDGE('',*,*,#4013,.T.);
#5290=ORIENTED_EDGE('',*,*,#4014,.F.);
#5291=ORIENTED_EDGE('',*,*,#4015,.F.);
#5292=ORIENTED_EDGE('',*,*,#3881,.F.);
#5293=ORIENTED_EDGE('',*,*,#4015,.T.);
#5294=ORIENTED_EDGE('',*,*,#4016,.F.);
#5295=ORIENTED_EDGE('',*,*,#4017,.F.);
#5296=ORIENTED_EDGE('',*,*,#3882,.F.);
#5297=ORIENTED_EDGE('',*,*,#4017,.T.);
#5298=ORIENTED_EDGE('',*,*,#4018,.F.);
#5299=ORIENTED_EDGE('',*,*,#4011,.F.);
#5300=ORIENTED_EDGE('',*,*,#4019,.F.);
#5301=ORIENTED_EDGE('',*,*,#4020,.T.);
#5302=ORIENTED_EDGE('',*,*,#4021,.F.);
#5303=ORIENTED_EDGE('',*,*,#4022,.F.);
#5304=ORIENTED_EDGE('',*,*,#4023,.F.);
#5305=ORIENTED_EDGE('',*,*,#4024,.F.);
#5306=ORIENTED_EDGE('',*,*,#4025,.F.);
#5307=ORIENTED_EDGE('',*,*,#4026,.T.);
#5308=ORIENTED_EDGE('',*,*,#4027,.F.);
#5309=ORIENTED_EDGE('',*,*,#4022,.T.);
#5310=ORIENTED_EDGE('',*,*,#4028,.F.);
#5311=ORIENTED_EDGE('',*,*,#4029,.F.);
#5312=ORIENTED_EDGE('',*,*,#4030,.F.);
#5313=ORIENTED_EDGE('',*,*,#4031,.T.);
#5314=ORIENTED_EDGE('',*,*,#4032,.F.);
#5315=ORIENTED_EDGE('',*,*,#4020,.F.);
#5316=ORIENTED_EDGE('',*,*,#4033,.F.);
#5317=ORIENTED_EDGE('',*,*,#4026,.F.);
#5318=ORIENTED_EDGE('',*,*,#4034,.F.);
#5319=ORIENTED_EDGE('',*,*,#4035,.T.);
#5320=ORIENTED_EDGE('',*,*,#4036,.F.);
#5321=ORIENTED_EDGE('',*,*,#4029,.T.);
#5322=ORIENTED_EDGE('',*,*,#4037,.F.);
#5323=ORIENTED_EDGE('',*,*,#4031,.F.);
#5324=ORIENTED_EDGE('',*,*,#4038,.F.);
#5325=ORIENTED_EDGE('',*,*,#4035,.F.);
#5326=ORIENTED_EDGE('',*,*,#4039,.F.);
#5327=ORIENTED_EDGE('',*,*,#4040,.T.);
#5328=ORIENTED_EDGE('',*,*,#4041,.F.);
#5329=ORIENTED_EDGE('',*,*,#4040,.F.);
#5330=ORIENTED_EDGE('',*,*,#4042,.F.);
#5331=ORIENTED_EDGE('',*,*,#4024,.T.);
#5332=ORIENTED_EDGE('',*,*,#4043,.F.);
#5333=ORIENTED_EDGE('',*,*,#4044,.T.);
#5334=ORIENTED_EDGE('',*,*,#4045,.F.);
#5335=ORIENTED_EDGE('',*,*,#4046,.F.);
#5336=ORIENTED_EDGE('',*,*,#4047,.F.);
#5337=ORIENTED_EDGE('',*,*,#4048,.T.);
#5338=ORIENTED_EDGE('',*,*,#4049,.F.);
#5339=ORIENTED_EDGE('',*,*,#4050,.F.);
#5340=ORIENTED_EDGE('',*,*,#4051,.F.);
#5341=ORIENTED_EDGE('',*,*,#4052,.F.);
#5342=ORIENTED_EDGE('',*,*,#4053,.F.);
#5343=ORIENTED_EDGE('',*,*,#4054,.F.);
#5344=ORIENTED_EDGE('',*,*,#4055,.T.);
#5345=ORIENTED_EDGE('',*,*,#4056,.F.);
#5346=ORIENTED_EDGE('',*,*,#4057,.F.);
#5347=ORIENTED_EDGE('',*,*,#4046,.T.);
#5348=ORIENTED_EDGE('',*,*,#4058,.F.);
#5349=ORIENTED_EDGE('',*,*,#4059,.F.);
#5350=ORIENTED_EDGE('',*,*,#4060,.F.);
#5351=ORIENTED_EDGE('',*,*,#4048,.F.);
#5352=ORIENTED_EDGE('',*,*,#4061,.F.);
#5353=ORIENTED_EDGE('',*,*,#4055,.F.);
#5354=ORIENTED_EDGE('',*,*,#4062,.F.);
#5355=ORIENTED_EDGE('',*,*,#4063,.T.);
#5356=ORIENTED_EDGE('',*,*,#4064,.F.);
#5357=ORIENTED_EDGE('',*,*,#4051,.T.);
#5358=ORIENTED_EDGE('',*,*,#4065,.F.);
#5359=ORIENTED_EDGE('',*,*,#4066,.F.);
#5360=ORIENTED_EDGE('',*,*,#4044,.F.);
#5361=ORIENTED_EDGE('',*,*,#4067,.F.);
#5362=ORIENTED_EDGE('',*,*,#4068,.F.);
#5363=ORIENTED_EDGE('',*,*,#4063,.F.);
#5364=ORIENTED_EDGE('',*,*,#4069,.F.);
#5365=ORIENTED_EDGE('',*,*,#4070,.T.);
#5366=ORIENTED_EDGE('',*,*,#4071,.F.);
#5367=ORIENTED_EDGE('',*,*,#4070,.F.);
#5368=ORIENTED_EDGE('',*,*,#4072,.F.);
#5369=ORIENTED_EDGE('',*,*,#4053,.T.);
#5370=ORIENTED_EDGE('',*,*,#4073,.F.);
#5371=ORIENTED_EDGE('',*,*,#4074,.T.);
#5372=ORIENTED_EDGE('',*,*,#4075,.F.);
#5373=ORIENTED_EDGE('',*,*,#4076,.F.);
#5374=ORIENTED_EDGE('',*,*,#4077,.F.);
#5375=ORIENTED_EDGE('',*,*,#4078,.F.);
#5376=ORIENTED_EDGE('',*,*,#4079,.F.);
#5377=ORIENTED_EDGE('',*,*,#4080,.F.);
#5378=ORIENTED_EDGE('',*,*,#4081,.T.);
#5379=ORIENTED_EDGE('',*,*,#4082,.F.);
#5380=ORIENTED_EDGE('',*,*,#4083,.F.);
#5381=ORIENTED_EDGE('',*,*,#4084,.T.);
#5382=ORIENTED_EDGE('',*,*,#4085,.F.);
#5383=ORIENTED_EDGE('',*,*,#4086,.F.);
#5384=ORIENTED_EDGE('',*,*,#4074,.F.);
#5385=ORIENTED_EDGE('',*,*,#4087,.F.);
#5386=ORIENTED_EDGE('',*,*,#4081,.F.);
#5387=ORIENTED_EDGE('',*,*,#4088,.F.);
#5388=ORIENTED_EDGE('',*,*,#4089,.T.);
#5389=ORIENTED_EDGE('',*,*,#4090,.F.);
#5390=ORIENTED_EDGE('',*,*,#4077,.T.);
#5391=ORIENTED_EDGE('',*,*,#4091,.F.);
#5392=ORIENTED_EDGE('',*,*,#4092,.F.);
#5393=ORIENTED_EDGE('',*,*,#4093,.F.);
#5394=ORIENTED_EDGE('',*,*,#4094,.F.);
#5395=ORIENTED_EDGE('',*,*,#4092,.T.);
#5396=ORIENTED_EDGE('',*,*,#4095,.F.);
#5397=ORIENTED_EDGE('',*,*,#4096,.F.);
#5398=ORIENTED_EDGE('',*,*,#4097,.F.);
#5399=ORIENTED_EDGE('',*,*,#4084,.F.);
#5400=ORIENTED_EDGE('',*,*,#4098,.F.);
#5401=ORIENTED_EDGE('',*,*,#4089,.F.);
#5402=ORIENTED_EDGE('',*,*,#4099,.F.);
#5403=ORIENTED_EDGE('',*,*,#4100,.T.);
#5404=ORIENTED_EDGE('',*,*,#4101,.F.);
#5405=ORIENTED_EDGE('',*,*,#4100,.F.);
#5406=ORIENTED_EDGE('',*,*,#4102,.F.);
#5407=ORIENTED_EDGE('',*,*,#4079,.T.);
#5408=ORIENTED_EDGE('',*,*,#4103,.F.);
#5409=ORIENTED_EDGE('',*,*,#4104,.F.);
#5410=ORIENTED_EDGE('',*,*,#4105,.F.);
#5411=ORIENTED_EDGE('',*,*,#4106,.T.);
#5412=ORIENTED_EDGE('',*,*,#4107,.F.);
#5413=ORIENTED_EDGE('',*,*,#4108,.T.);
#5414=ORIENTED_EDGE('',*,*,#4109,.F.);
#5415=ORIENTED_EDGE('',*,*,#4110,.F.);
#5416=ORIENTED_EDGE('',*,*,#4111,.F.);
#5417=ORIENTED_EDGE('',*,*,#4112,.F.);
#5418=ORIENTED_EDGE('',*,*,#4113,.F.);
#5419=ORIENTED_EDGE('',*,*,#4114,.F.);
#5420=ORIENTED_EDGE('',*,*,#4104,.T.);
#5421=ORIENTED_EDGE('',*,*,#4115,.F.);
#5422=ORIENTED_EDGE('',*,*,#4110,.T.);
#5423=ORIENTED_EDGE('',*,*,#4116,.F.);
#5424=ORIENTED_EDGE('',*,*,#4117,.F.);
#5425=ORIENTED_EDGE('',*,*,#4118,.F.);
#5426=ORIENTED_EDGE('',*,*,#4119,.F.);
#5427=ORIENTED_EDGE('',*,*,#4106,.F.);
#5428=ORIENTED_EDGE('',*,*,#4120,.F.);
#5429=ORIENTED_EDGE('',*,*,#4121,.T.);
#5430=ORIENTED_EDGE('',*,*,#4122,.F.);
#5431=ORIENTED_EDGE('',*,*,#4121,.F.);
#5432=ORIENTED_EDGE('',*,*,#4123,.F.);
#5433=ORIENTED_EDGE('',*,*,#4113,.T.);
#5434=ORIENTED_EDGE('',*,*,#4124,.F.);
#5435=ORIENTED_EDGE('',*,*,#4125,.F.);
#5436=ORIENTED_EDGE('',*,*,#4126,.F.);
#5437=ORIENTED_EDGE('',*,*,#4117,.T.);
#5438=ORIENTED_EDGE('',*,*,#4127,.F.);
#5439=ORIENTED_EDGE('',*,*,#4128,.F.);
#5440=ORIENTED_EDGE('',*,*,#4129,.F.);
#5441=ORIENTED_EDGE('',*,*,#4128,.T.);
#5442=ORIENTED_EDGE('',*,*,#4130,.F.);
#5443=ORIENTED_EDGE('',*,*,#4108,.F.);
#5444=ORIENTED_EDGE('',*,*,#4131,.F.);
#5445=ORIENTED_EDGE('',*,*,#4132,.F.);
#5446=ORIENTED_EDGE('',*,*,#4133,.F.);
#5447=ORIENTED_EDGE('',*,*,#4134,.F.);
#5448=ORIENTED_EDGE('',*,*,#4135,.T.);
#5449=ORIENTED_EDGE('',*,*,#4136,.F.);
#5450=ORIENTED_EDGE('',*,*,#4137,.F.);
#5451=ORIENTED_EDGE('',*,*,#4138,.F.);
#5452=ORIENTED_EDGE('',*,*,#4139,.F.);
#5453=ORIENTED_EDGE('',*,*,#4132,.T.);
#5454=ORIENTED_EDGE('',*,*,#4140,.F.);
#5455=ORIENTED_EDGE('',*,*,#4141,.F.);
#5456=ORIENTED_EDGE('',*,*,#4142,.F.);
#5457=ORIENTED_EDGE('',*,*,#4143,.F.);
#5458=ORIENTED_EDGE('',*,*,#4144,.T.);
#5459=ORIENTED_EDGE('',*,*,#4145,.F.);
#5460=ORIENTED_EDGE('',*,*,#4146,.F.);
#5461=ORIENTED_EDGE('',*,*,#4147,.F.);
#5462=ORIENTED_EDGE('',*,*,#4135,.F.);
#5463=ORIENTED_EDGE('',*,*,#4148,.F.);
#5464=ORIENTED_EDGE('',*,*,#4149,.F.);
#5465=ORIENTED_EDGE('',*,*,#4150,.T.);
#5466=ORIENTED_EDGE('',*,*,#4151,.F.);
#5467=ORIENTED_EDGE('',*,*,#4150,.F.);
#5468=ORIENTED_EDGE('',*,*,#4152,.F.);
#5469=ORIENTED_EDGE('',*,*,#4138,.T.);
#5470=ORIENTED_EDGE('',*,*,#4153,.F.);
#5471=ORIENTED_EDGE('',*,*,#4154,.F.);
#5472=ORIENTED_EDGE('',*,*,#4155,.F.);
#5473=ORIENTED_EDGE('',*,*,#4142,.T.);
#5474=ORIENTED_EDGE('',*,*,#4156,.F.);
#5475=ORIENTED_EDGE('',*,*,#4144,.F.);
#5476=ORIENTED_EDGE('',*,*,#4157,.F.);
#5477=ORIENTED_EDGE('',*,*,#4158,.T.);
#5478=ORIENTED_EDGE('',*,*,#4159,.F.);
#5479=ORIENTED_EDGE('',*,*,#4158,.F.);
#5480=ORIENTED_EDGE('',*,*,#4160,.F.);
#5481=ORIENTED_EDGE('',*,*,#4154,.T.);
#5482=ORIENTED_EDGE('',*,*,#4161,.F.);
#5483=ORIENTED_EDGE('',*,*,#4162,.F.);
#5484=ORIENTED_EDGE('',*,*,#4163,.F.);
#5485=ORIENTED_EDGE('',*,*,#4164,.T.);
#5486=ORIENTED_EDGE('',*,*,#4165,.F.);
#5487=ORIENTED_EDGE('',*,*,#4166,.F.);
#5488=ORIENTED_EDGE('',*,*,#4164,.F.);
#5489=ORIENTED_EDGE('',*,*,#4167,.F.);
#5490=ORIENTED_EDGE('',*,*,#4168,.T.);
#5491=ORIENTED_EDGE('',*,*,#4169,.F.);
#5492=ORIENTED_EDGE('',*,*,#4170,.F.);
#5493=ORIENTED_EDGE('',*,*,#4171,.F.);
#5494=ORIENTED_EDGE('',*,*,#4172,.F.);
#5495=ORIENTED_EDGE('',*,*,#4173,.F.);
#5496=ORIENTED_EDGE('',*,*,#4162,.T.);
#5497=ORIENTED_EDGE('',*,*,#4174,.F.);
#5498=ORIENTED_EDGE('',*,*,#4175,.F.);
#5499=ORIENTED_EDGE('',*,*,#4176,.F.);
#5500=ORIENTED_EDGE('',*,*,#4177,.F.);
#5501=ORIENTED_EDGE('',*,*,#4178,.T.);
#5502=ORIENTED_EDGE('',*,*,#4179,.F.);
#5503=ORIENTED_EDGE('',*,*,#4168,.F.);
#5504=ORIENTED_EDGE('',*,*,#4180,.F.);
#5505=ORIENTED_EDGE('',*,*,#4181,.F.);
#5506=ORIENTED_EDGE('',*,*,#4171,.T.);
#5507=ORIENTED_EDGE('',*,*,#4182,.F.);
#5508=ORIENTED_EDGE('',*,*,#4183,.F.);
#5509=ORIENTED_EDGE('',*,*,#4184,.F.);
#5510=ORIENTED_EDGE('',*,*,#4185,.F.);
#5511=ORIENTED_EDGE('',*,*,#4176,.T.);
#5512=ORIENTED_EDGE('',*,*,#4186,.F.);
#5513=ORIENTED_EDGE('',*,*,#4178,.F.);
#5514=ORIENTED_EDGE('',*,*,#4187,.F.);
#5515=ORIENTED_EDGE('',*,*,#4188,.T.);
#5516=ORIENTED_EDGE('',*,*,#4189,.F.);
#5517=ORIENTED_EDGE('',*,*,#4188,.F.);
#5518=ORIENTED_EDGE('',*,*,#4190,.F.);
#5519=ORIENTED_EDGE('',*,*,#4184,.T.);
#5520=ORIENTED_EDGE('',*,*,#4191,.F.);
#5521=ORIENTED_EDGE('',*,*,#4192,.T.);
#5522=ORIENTED_EDGE('',*,*,#4193,.F.);
#5523=ORIENTED_EDGE('',*,*,#4194,.F.);
#5524=ORIENTED_EDGE('',*,*,#4195,.F.);
#5525=ORIENTED_EDGE('',*,*,#4196,.F.);
#5526=ORIENTED_EDGE('',*,*,#4197,.F.);
#5527=ORIENTED_EDGE('',*,*,#4198,.T.);
#5528=ORIENTED_EDGE('',*,*,#4199,.F.);
#5529=ORIENTED_EDGE('',*,*,#4194,.T.);
#5530=ORIENTED_EDGE('',*,*,#4200,.F.);
#5531=ORIENTED_EDGE('',*,*,#4201,.F.);
#5532=ORIENTED_EDGE('',*,*,#4202,.F.);
#5533=ORIENTED_EDGE('',*,*,#4203,.F.);
#5534=ORIENTED_EDGE('',*,*,#4204,.F.);
#5535=ORIENTED_EDGE('',*,*,#4205,.F.);
#5536=ORIENTED_EDGE('',*,*,#4206,.T.);
#5537=ORIENTED_EDGE('',*,*,#4207,.F.);
#5538=ORIENTED_EDGE('',*,*,#4208,.F.);
#5539=ORIENTED_EDGE('',*,*,#4192,.F.);
#5540=ORIENTED_EDGE('',*,*,#4209,.F.);
#5541=ORIENTED_EDGE('',*,*,#4198,.F.);
#5542=ORIENTED_EDGE('',*,*,#4210,.F.);
#5543=ORIENTED_EDGE('',*,*,#4211,.T.);
#5544=ORIENTED_EDGE('',*,*,#4212,.F.);
#5545=ORIENTED_EDGE('',*,*,#4213,.F.);
#5546=ORIENTED_EDGE('',*,*,#4203,.T.);
#5547=ORIENTED_EDGE('',*,*,#4214,.F.);
#5548=ORIENTED_EDGE('',*,*,#4215,.F.);
#5549=ORIENTED_EDGE('',*,*,#4206,.F.);
#5550=ORIENTED_EDGE('',*,*,#4216,.F.);
#5551=ORIENTED_EDGE('',*,*,#4211,.F.);
#5552=ORIENTED_EDGE('',*,*,#4217,.F.);
#5553=ORIENTED_EDGE('',*,*,#4218,.T.);
#5554=ORIENTED_EDGE('',*,*,#4219,.F.);
#5555=ORIENTED_EDGE('',*,*,#4218,.F.);
#5556=ORIENTED_EDGE('',*,*,#4220,.F.);
#5557=ORIENTED_EDGE('',*,*,#4196,.T.);
#5558=ORIENTED_EDGE('',*,*,#4221,.F.);
#5559=ORIENTED_EDGE('',*,*,#4222,.T.);
#5560=ORIENTED_EDGE('',*,*,#4223,.F.);
#5561=ORIENTED_EDGE('',*,*,#4224,.F.);
#5562=ORIENTED_EDGE('',*,*,#4225,.F.);
#5563=ORIENTED_EDGE('',*,*,#4226,.F.);
#5564=ORIENTED_EDGE('',*,*,#4227,.F.);
#5565=ORIENTED_EDGE('',*,*,#4228,.T.);
#5566=ORIENTED_EDGE('',*,*,#4229,.F.);
#5567=ORIENTED_EDGE('',*,*,#4224,.T.);
#5568=ORIENTED_EDGE('',*,*,#4230,.F.);
#5569=ORIENTED_EDGE('',*,*,#4231,.F.);
#5570=ORIENTED_EDGE('',*,*,#4232,.F.);
#5571=ORIENTED_EDGE('',*,*,#4233,.T.);
#5572=ORIENTED_EDGE('',*,*,#4234,.F.);
#5573=ORIENTED_EDGE('',*,*,#4222,.F.);
#5574=ORIENTED_EDGE('',*,*,#4235,.F.);
#5575=ORIENTED_EDGE('',*,*,#4228,.F.);
#5576=ORIENTED_EDGE('',*,*,#4236,.F.);
#5577=ORIENTED_EDGE('',*,*,#4237,.T.);
#5578=ORIENTED_EDGE('',*,*,#4238,.F.);
#5579=ORIENTED_EDGE('',*,*,#4231,.T.);
#5580=ORIENTED_EDGE('',*,*,#4239,.F.);
#5581=ORIENTED_EDGE('',*,*,#4233,.F.);
#5582=ORIENTED_EDGE('',*,*,#4240,.F.);
#5583=ORIENTED_EDGE('',*,*,#4237,.F.);
#5584=ORIENTED_EDGE('',*,*,#4241,.F.);
#5585=ORIENTED_EDGE('',*,*,#4242,.T.);
#5586=ORIENTED_EDGE('',*,*,#4243,.F.);
#5587=ORIENTED_EDGE('',*,*,#4242,.F.);
#5588=ORIENTED_EDGE('',*,*,#4244,.F.);
#5589=ORIENTED_EDGE('',*,*,#4226,.T.);
#5590=ORIENTED_EDGE('',*,*,#4245,.F.);
#5591=ORIENTED_EDGE('',*,*,#4246,.F.);
#5592=ORIENTED_EDGE('',*,*,#4247,.F.);
#5593=ORIENTED_EDGE('',*,*,#4248,.F.);
#5594=ORIENTED_EDGE('',*,*,#4249,.F.);
#5595=ORIENTED_EDGE('',*,*,#4250,.T.);
#5596=ORIENTED_EDGE('',*,*,#4251,.F.);
#5597=ORIENTED_EDGE('',*,*,#4252,.F.);
#5598=ORIENTED_EDGE('',*,*,#4253,.F.);
#5599=ORIENTED_EDGE('',*,*,#4254,.T.);
#5600=ORIENTED_EDGE('',*,*,#4255,.F.);
#5601=ORIENTED_EDGE('',*,*,#4250,.F.);
#5602=ORIENTED_EDGE('',*,*,#4256,.F.);
#5603=ORIENTED_EDGE('',*,*,#4257,.T.);
#5604=ORIENTED_EDGE('',*,*,#4258,.F.);
#5605=ORIENTED_EDGE('',*,*,#4259,.F.);
#5606=ORIENTED_EDGE('',*,*,#4260,.F.);
#5607=ORIENTED_EDGE('',*,*,#4257,.F.);
#5608=ORIENTED_EDGE('',*,*,#4261,.F.);
#5609=ORIENTED_EDGE('',*,*,#4262,.F.);
#5610=ORIENTED_EDGE('',*,*,#4263,.T.);
#5611=ORIENTED_EDGE('',*,*,#4264,.F.);
#5612=ORIENTED_EDGE('',*,*,#4265,.F.);
#5613=ORIENTED_EDGE('',*,*,#4247,.T.);
#5614=ORIENTED_EDGE('',*,*,#4266,.F.);
#5615=ORIENTED_EDGE('',*,*,#4263,.F.);
#5616=ORIENTED_EDGE('',*,*,#4267,.F.);
#5617=ORIENTED_EDGE('',*,*,#4268,.F.);
#5618=ORIENTED_EDGE('',*,*,#4269,.F.);
#5619=ORIENTED_EDGE('',*,*,#4252,.T.);
#5620=ORIENTED_EDGE('',*,*,#4270,.F.);
#5621=ORIENTED_EDGE('',*,*,#4254,.F.);
#5622=ORIENTED_EDGE('',*,*,#4271,.F.);
#5623=ORIENTED_EDGE('',*,*,#4272,.T.);
#5624=ORIENTED_EDGE('',*,*,#4273,.F.);
#5625=ORIENTED_EDGE('',*,*,#4272,.F.);
#5626=ORIENTED_EDGE('',*,*,#4274,.F.);
#5627=ORIENTED_EDGE('',*,*,#4268,.T.);
#5628=ORIENTED_EDGE('',*,*,#4275,.F.);
#5629=ORIENTED_EDGE('',*,*,#4276,.T.);
#5630=ORIENTED_EDGE('',*,*,#4277,.F.);
#5631=ORIENTED_EDGE('',*,*,#4278,.F.);
#5632=ORIENTED_EDGE('',*,*,#4279,.F.);
#5633=ORIENTED_EDGE('',*,*,#4280,.T.);
#5634=ORIENTED_EDGE('',*,*,#4281,.F.);
#5635=ORIENTED_EDGE('',*,*,#4276,.F.);
#5636=ORIENTED_EDGE('',*,*,#4282,.F.);
#5637=ORIENTED_EDGE('',*,*,#4278,.T.);
#5638=ORIENTED_EDGE('',*,*,#4283,.F.);
#5639=ORIENTED_EDGE('',*,*,#4284,.F.);
#5640=ORIENTED_EDGE('',*,*,#4285,.F.);
#5641=ORIENTED_EDGE('',*,*,#4286,.F.);
#5642=ORIENTED_EDGE('',*,*,#4287,.F.);
#5643=ORIENTED_EDGE('',*,*,#4288,.F.);
#5644=ORIENTED_EDGE('',*,*,#4289,.T.);
#5645=ORIENTED_EDGE('',*,*,#4290,.F.);
#5646=ORIENTED_EDGE('',*,*,#4291,.F.);
#5647=ORIENTED_EDGE('',*,*,#4292,.F.);
#5648=ORIENTED_EDGE('',*,*,#4284,.T.);
#5649=ORIENTED_EDGE('',*,*,#4293,.F.);
#5650=ORIENTED_EDGE('',*,*,#4280,.F.);
#5651=ORIENTED_EDGE('',*,*,#4294,.F.);
#5652=ORIENTED_EDGE('',*,*,#4289,.F.);
#5653=ORIENTED_EDGE('',*,*,#4295,.F.);
#5654=ORIENTED_EDGE('',*,*,#4296,.T.);
#5655=ORIENTED_EDGE('',*,*,#4297,.F.);
#5656=ORIENTED_EDGE('',*,*,#4296,.F.);
#5657=ORIENTED_EDGE('',*,*,#4298,.F.);
#5658=ORIENTED_EDGE('',*,*,#4299,.T.);
#5659=ORIENTED_EDGE('',*,*,#4300,.F.);
#5660=ORIENTED_EDGE('',*,*,#4301,.F.);
#5661=ORIENTED_EDGE('',*,*,#4299,.F.);
#5662=ORIENTED_EDGE('',*,*,#4302,.F.);
#5663=ORIENTED_EDGE('',*,*,#4287,.T.);
#5664=ORIENTED_EDGE('',*,*,#4085,.T.);
#5665=ORIENTED_EDGE('',*,*,#4097,.T.);
#5666=ORIENTED_EDGE('',*,*,#4303,.T.);
#5667=ORIENTED_EDGE('',*,*,#4304,.F.);
#5668=ORIENTED_EDGE('',*,*,#3766,.F.);
#5669=ORIENTED_EDGE('',*,*,#3774,.F.);
#5670=ORIENTED_EDGE('',*,*,#3819,.F.);
#5671=ORIENTED_EDGE('',*,*,#4305,.F.);
#5672=ORIENTED_EDGE('',*,*,#4306,.F.);
#5673=ORIENTED_EDGE('',*,*,#4307,.T.);
#5674=ORIENTED_EDGE('',*,*,#4096,.T.);
#5675=ORIENTED_EDGE('',*,*,#4308,.T.);
#5676=ORIENTED_EDGE('',*,*,#4309,.F.);
#5677=ORIENTED_EDGE('',*,*,#4303,.F.);
#5678=ORIENTED_EDGE('',*,*,#4075,.T.);
#5679=ORIENTED_EDGE('',*,*,#4086,.T.);
#5680=ORIENTED_EDGE('',*,*,#4307,.F.);
#5681=ORIENTED_EDGE('',*,*,#4310,.T.);
#5682=ORIENTED_EDGE('',*,*,#4311,.T.);
#5683=ORIENTED_EDGE('',*,*,#4118,.T.);
#5684=ORIENTED_EDGE('',*,*,#4126,.T.);
#5685=ORIENTED_EDGE('',*,*,#4312,.T.);
#5686=ORIENTED_EDGE('',*,*,#4313,.T.);
#5687=ORIENTED_EDGE('',*,*,#4314,.F.);
#5688=ORIENTED_EDGE('',*,*,#3794,.F.);
#5689=ORIENTED_EDGE('',*,*,#4315,.T.);
#5690=ORIENTED_EDGE('',*,*,#4140,.T.);
#5691=ORIENTED_EDGE('',*,*,#4131,.T.);
#5692=ORIENTED_EDGE('',*,*,#4316,.T.);
#5693=ORIENTED_EDGE('',*,*,#4317,.F.);
#5694=ORIENTED_EDGE('',*,*,#4318,.F.);
#5695=ORIENTED_EDGE('',*,*,#4207,.T.);
#5696=ORIENTED_EDGE('',*,*,#4215,.T.);
#5697=ORIENTED_EDGE('',*,*,#4319,.T.);
#5698=ORIENTED_EDGE('',*,*,#4320,.F.);
#5699=ORIENTED_EDGE('',*,*,#4321,.F.);
#5700=ORIENTED_EDGE('',*,*,#4059,.T.);
#5701=ORIENTED_EDGE('',*,*,#4322,.T.);
#5702=ORIENTED_EDGE('',*,*,#4201,.T.);
#5703=ORIENTED_EDGE('',*,*,#4323,.F.);
#5704=ORIENTED_EDGE('',*,*,#4245,.T.);
#5705=ORIENTED_EDGE('',*,*,#4255,.T.);
#5706=ORIENTED_EDGE('',*,*,#4324,.T.);
#5707=ORIENTED_EDGE('',*,*,#4325,.F.);
#5708=ORIENTED_EDGE('',*,*,#4326,.F.);
#5709=ORIENTED_EDGE('',*,*,#4169,.T.);
#5710=ORIENTED_EDGE('',*,*,#4327,.T.);
#5711=ORIENTED_EDGE('',*,*,#4259,.T.);
#5712=ORIENTED_EDGE('',*,*,#4328,.F.);
#5713=ORIENTED_EDGE('',*,*,#4300,.T.);
#5714=ORIENTED_EDGE('',*,*,#4286,.T.);
#5715=ORIENTED_EDGE('',*,*,#4329,.T.);
#5716=ORIENTED_EDGE('',*,*,#4330,.T.);
#5717=ORIENTED_EDGE('',*,*,#4331,.T.);
#5718=ORIENTED_EDGE('',*,*,#3807,.F.);
#5719=ORIENTED_EDGE('',*,*,#4332,.T.);
#5720=ORIENTED_EDGE('',*,*,#4285,.T.);
#5721=ORIENTED_EDGE('',*,*,#4292,.T.);
#5722=ORIENTED_EDGE('',*,*,#4333,.T.);
#5723=ORIENTED_EDGE('',*,*,#3796,.F.);
#5724=ORIENTED_EDGE('',*,*,#4334,.T.);
#5725=ORIENTED_EDGE('',*,*,#4335,.T.);
#5726=ORIENTED_EDGE('',*,*,#4336,.T.);
#5727=ORIENTED_EDGE('',*,*,#4133,.T.);
#5728=ORIENTED_EDGE('',*,*,#4139,.T.);
#5729=ORIENTED_EDGE('',*,*,#4152,.T.);
#5730=ORIENTED_EDGE('',*,*,#4149,.T.);
#5731=ORIENTED_EDGE('',*,*,#4337,.F.);
#5732=ORIENTED_EDGE('',*,*,#3798,.F.);
#5733=ORIENTED_EDGE('',*,*,#4338,.T.);
#5734=ORIENTED_EDGE('',*,*,#4180,.T.);
#5735=ORIENTED_EDGE('',*,*,#4167,.T.);
#5736=ORIENTED_EDGE('',*,*,#4163,.T.);
#5737=ORIENTED_EDGE('',*,*,#4173,.T.);
#5738=ORIENTED_EDGE('',*,*,#4339,.T.);
#5739=ORIENTED_EDGE('',*,*,#4261,.T.);
#5740=ORIENTED_EDGE('',*,*,#4256,.T.);
#5741=ORIENTED_EDGE('',*,*,#4249,.T.);
#5742=ORIENTED_EDGE('',*,*,#4340,.T.);
#5743=ORIENTED_EDGE('',*,*,#4341,.F.);
#5744=ORIENTED_EDGE('',*,*,#4342,.F.);
#5745=ORIENTED_EDGE('',*,*,#4036,.T.);
#5746=ORIENTED_EDGE('',*,*,#4030,.T.);
#5747=ORIENTED_EDGE('',*,*,#4019,.T.);
#5748=ORIENTED_EDGE('',*,*,#4027,.T.);
#5749=ORIENTED_EDGE('',*,*,#4145,.T.);
#5750=ORIENTED_EDGE('',*,*,#4151,.T.);
#5751=ORIENTED_EDGE('',*,*,#4137,.T.);
#5752=ORIENTED_EDGE('',*,*,#4318,.T.);
#5753=ORIENTED_EDGE('',*,*,#4343,.F.);
#5754=ORIENTED_EDGE('',*,*,#4324,.F.);
#5755=ORIENTED_EDGE('',*,*,#4258,.T.);
#5756=ORIENTED_EDGE('',*,*,#4260,.T.);
#5757=ORIENTED_EDGE('',*,*,#4327,.F.);
#5758=ORIENTED_EDGE('',*,*,#4174,.T.);
#5759=ORIENTED_EDGE('',*,*,#4161,.T.);
#5760=ORIENTED_EDGE('',*,*,#4166,.T.);
#5761=ORIENTED_EDGE('',*,*,#4344,.F.);
#5762=ORIENTED_EDGE('',*,*,#4345,.F.);
#5763=ORIENTED_EDGE('',*,*,#4346,.T.);
#5764=ORIENTED_EDGE('',*,*,#4037,.T.);
#5765=ORIENTED_EDGE('',*,*,#4028,.T.);
#5766=ORIENTED_EDGE('',*,*,#4021,.T.);
#5767=ORIENTED_EDGE('',*,*,#4032,.T.);
#5768=ORIENTED_EDGE('',*,*,#4056,.T.);
#5769=ORIENTED_EDGE('',*,*,#4047,.T.);
#5770=ORIENTED_EDGE('',*,*,#4064,.T.);
#5771=ORIENTED_EDGE('',*,*,#4347,.F.);
#5772=ORIENTED_EDGE('',*,*,#3792,.F.);
#5773=ORIENTED_EDGE('',*,*,#4348,.T.);
#5774=ORIENTED_EDGE('',*,*,#4082,.T.);
#5775=ORIENTED_EDGE('',*,*,#4073,.T.);
#5776=ORIENTED_EDGE('',*,*,#4090,.T.);
#5777=ORIENTED_EDGE('',*,*,#4094,.T.);
#5778=ORIENTED_EDGE('',*,*,#4349,.T.);
#5779=ORIENTED_EDGE('',*,*,#4350,.F.);
#5780=ORIENTED_EDGE('',*,*,#4351,.F.);
#5781=ORIENTED_EDGE('',*,*,#4212,.T.);
#5782=ORIENTED_EDGE('',*,*,#4205,.T.);
#5783=ORIENTED_EDGE('',*,*,#4191,.T.);
#5784=ORIENTED_EDGE('',*,*,#4199,.T.);
#5785=ORIENTED_EDGE('',*,*,#4352,.F.);
#5786=ORIENTED_EDGE('',*,*,#4238,.T.);
#5787=ORIENTED_EDGE('',*,*,#4232,.T.);
#5788=ORIENTED_EDGE('',*,*,#4221,.T.);
#5789=ORIENTED_EDGE('',*,*,#4229,.T.);
#5790=ORIENTED_EDGE('',*,*,#4049,.T.);
#5791=ORIENTED_EDGE('',*,*,#4060,.T.);
#5792=ORIENTED_EDGE('',*,*,#4323,.T.);
#5793=ORIENTED_EDGE('',*,*,#4200,.T.);
#5794=ORIENTED_EDGE('',*,*,#4193,.T.);
#5795=ORIENTED_EDGE('',*,*,#4208,.T.);
#5796=ORIENTED_EDGE('',*,*,#4321,.T.);
#5797=ORIENTED_EDGE('',*,*,#4353,.F.);
#5798=ORIENTED_EDGE('',*,*,#4308,.F.);
#5799=ORIENTED_EDGE('',*,*,#4095,.T.);
#5800=ORIENTED_EDGE('',*,*,#4091,.T.);
#5801=ORIENTED_EDGE('',*,*,#4076,.T.);
#5802=ORIENTED_EDGE('',*,*,#4311,.F.);
#5803=ORIENTED_EDGE('',*,*,#4354,.F.);
#5804=ORIENTED_EDGE('',*,*,#4355,.T.);
#5805=ORIENTED_EDGE('',*,*,#4239,.T.);
#5806=ORIENTED_EDGE('',*,*,#4230,.T.);
#5807=ORIENTED_EDGE('',*,*,#4223,.T.);
#5808=ORIENTED_EDGE('',*,*,#4234,.T.);
#5809=ORIENTED_EDGE('',*,*,#4111,.T.);
#5810=ORIENTED_EDGE('',*,*,#4103,.T.);
#5811=ORIENTED_EDGE('',*,*,#4119,.T.);
#5812=ORIENTED_EDGE('',*,*,#4122,.T.);
#5813=ORIENTED_EDGE('',*,*,#4356,.F.);
#5814=ORIENTED_EDGE('',*,*,#4357,.T.);
#5815=ORIENTED_EDGE('',*,*,#4329,.F.);
#5816=ORIENTED_EDGE('',*,*,#4290,.T.);
#5817=ORIENTED_EDGE('',*,*,#4294,.T.);
#5818=ORIENTED_EDGE('',*,*,#4297,.T.);
#5819=ORIENTED_EDGE('',*,*,#4301,.T.);
#5820=ORIENTED_EDGE('',*,*,#4332,.F.);
#5821=ORIENTED_EDGE('',*,*,#3806,.F.);
#5822=ORIENTED_EDGE('',*,*,#4358,.F.);
#5823=ORIENTED_EDGE('',*,*,#4359,.T.);
#5824=ORIENTED_EDGE('',*,*,#3782,.T.);
#5825=ORIENTED_EDGE('',*,*,#4360,.F.);
#5826=ORIENTED_EDGE('',*,*,#4361,.F.);
#5827=ORIENTED_EDGE('',*,*,#4362,.T.);
#5828=ORIENTED_EDGE('',*,*,#4363,.F.);
#5829=ORIENTED_EDGE('',*,*,#3810,.F.);
#5830=ORIENTED_EDGE('',*,*,#4364,.F.);
#5831=ORIENTED_EDGE('',*,*,#4270,.T.);
#5832=ORIENTED_EDGE('',*,*,#4273,.T.);
#5833=ORIENTED_EDGE('',*,*,#4267,.T.);
#5834=ORIENTED_EDGE('',*,*,#4251,.T.);
#5835=ORIENTED_EDGE('',*,*,#4240,.T.);
#5836=ORIENTED_EDGE('',*,*,#4243,.T.);
#5837=ORIENTED_EDGE('',*,*,#4225,.T.);
#5838=ORIENTED_EDGE('',*,*,#4235,.T.);
#5839=ORIENTED_EDGE('',*,*,#4216,.T.);
#5840=ORIENTED_EDGE('',*,*,#4219,.T.);
#5841=ORIENTED_EDGE('',*,*,#4195,.T.);
#5842=ORIENTED_EDGE('',*,*,#4209,.T.);
#5843=ORIENTED_EDGE('',*,*,#4186,.T.);
#5844=ORIENTED_EDGE('',*,*,#4189,.T.);
#5845=ORIENTED_EDGE('',*,*,#4183,.T.);
#5846=ORIENTED_EDGE('',*,*,#4175,.T.);
#5847=ORIENTED_EDGE('',*,*,#4156,.T.);
#5848=ORIENTED_EDGE('',*,*,#4159,.T.);
#5849=ORIENTED_EDGE('',*,*,#4153,.T.);
#5850=ORIENTED_EDGE('',*,*,#4141,.T.);
#5851=ORIENTED_EDGE('',*,*,#4098,.T.);
#5852=ORIENTED_EDGE('',*,*,#4101,.T.);
#5853=ORIENTED_EDGE('',*,*,#4078,.T.);
#5854=ORIENTED_EDGE('',*,*,#4087,.T.);
#5855=ORIENTED_EDGE('',*,*,#4068,.T.);
#5856=ORIENTED_EDGE('',*,*,#4071,.T.);
#5857=ORIENTED_EDGE('',*,*,#4052,.T.);
#5858=ORIENTED_EDGE('',*,*,#4061,.T.);
#5859=ORIENTED_EDGE('',*,*,#4038,.T.);
#5860=ORIENTED_EDGE('',*,*,#4041,.T.);
#5861=ORIENTED_EDGE('',*,*,#4023,.T.);
#5862=ORIENTED_EDGE('',*,*,#4033,.T.);
#5863=ORIENTED_EDGE('',*,*,#3788,.F.);
#5864=ORIENTED_EDGE('',*,*,#4365,.T.);
#5865=ORIENTED_EDGE('',*,*,#4366,.T.);
#5866=ORIENTED_EDGE('',*,*,#4367,.F.);
#5867=ORIENTED_EDGE('',*,*,#4368,.T.);
#5868=ORIENTED_EDGE('',*,*,#4369,.F.);
#5869=ORIENTED_EDGE('',*,*,#3789,.T.);
#5870=ORIENTED_EDGE('',*,*,#4367,.T.);
#5871=ORIENTED_EDGE('',*,*,#3790,.F.);
#5872=ORIENTED_EDGE('',*,*,#4369,.T.);
#5873=ORIENTED_EDGE('',*,*,#4370,.T.);
#5874=ORIENTED_EDGE('',*,*,#4371,.T.);
#5875=ORIENTED_EDGE('',*,*,#4372,.T.);
#5876=ORIENTED_EDGE('',*,*,#4334,.F.);
#5877=ORIENTED_EDGE('',*,*,#3795,.T.);
#5878=ORIENTED_EDGE('',*,*,#4314,.T.);
#5879=ORIENTED_EDGE('',*,*,#3800,.F.);
#5880=ORIENTED_EDGE('',*,*,#4373,.T.);
#5881=ORIENTED_EDGE('',*,*,#4374,.T.);
#5882=ORIENTED_EDGE('',*,*,#4375,.F.);
#5883=ORIENTED_EDGE('',*,*,#4376,.T.);
#5884=ORIENTED_EDGE('',*,*,#4377,.F.);
#5885=ORIENTED_EDGE('',*,*,#3801,.T.);
#5886=ORIENTED_EDGE('',*,*,#4375,.T.);
#5887=ORIENTED_EDGE('',*,*,#3802,.F.);
#5888=ORIENTED_EDGE('',*,*,#4377,.T.);
#5889=ORIENTED_EDGE('',*,*,#4378,.T.);
#5890=ORIENTED_EDGE('',*,*,#3778,.T.);
#5891=ORIENTED_EDGE('',*,*,#3803,.F.);
#5892=ORIENTED_EDGE('',*,*,#3784,.T.);
#5893=ORIENTED_EDGE('',*,*,#4379,.T.);
#5894=ORIENTED_EDGE('',*,*,#4380,.F.);
#5895=ORIENTED_EDGE('',*,*,#4381,.T.);
#5896=ORIENTED_EDGE('',*,*,#4382,.F.);
#5897=ORIENTED_EDGE('',*,*,#3804,.T.);
#5898=ORIENTED_EDGE('',*,*,#4380,.T.);
#5899=ORIENTED_EDGE('',*,*,#3805,.F.);
#5900=ORIENTED_EDGE('',*,*,#4382,.T.);
#5901=ORIENTED_EDGE('',*,*,#4383,.T.);
#5902=ORIENTED_EDGE('',*,*,#4358,.T.);
#5903=ORIENTED_EDGE('',*,*,#4112,.T.);
#5904=ORIENTED_EDGE('',*,*,#4364,.T.);
#5905=ORIENTED_EDGE('',*,*,#3809,.F.);
#5906=ORIENTED_EDGE('',*,*,#4384,.F.);
#5907=ORIENTED_EDGE('',*,*,#4385,.T.);
#5908=ORIENTED_EDGE('',*,*,#4356,.T.);
#5909=ORIENTED_EDGE('',*,*,#4124,.T.);
#5910=ORIENTED_EDGE('',*,*,#4386,.T.);
#5911=ORIENTED_EDGE('',*,*,#4384,.T.);
#5912=ORIENTED_EDGE('',*,*,#3808,.T.);
#5913=ORIENTED_EDGE('',*,*,#4331,.F.);
#5914=ORIENTED_EDGE('',*,*,#4386,.F.);
#5915=ORIENTED_EDGE('',*,*,#4330,.F.);
#5916=ORIENTED_EDGE('',*,*,#4357,.F.);
#5917=ORIENTED_EDGE('',*,*,#4385,.F.);
#5918=ORIENTED_EDGE('',*,*,#4387,.T.);
#5919=ORIENTED_EDGE('',*,*,#3813,.F.);
#5920=ORIENTED_EDGE('',*,*,#4388,.F.);
#5921=ORIENTED_EDGE('',*,*,#4389,.T.);
#5922=ORIENTED_EDGE('',*,*,#4390,.T.);
#5923=ORIENTED_EDGE('',*,*,#3676,.T.);
#5924=ORIENTED_EDGE('',*,*,#3823,.F.);
#5925=ORIENTED_EDGE('',*,*,#3737,.T.);
#5926=ORIENTED_EDGE('',*,*,#3733,.T.);
#5927=ORIENTED_EDGE('',*,*,#3746,.T.);
#5928=ORIENTED_EDGE('',*,*,#3814,.F.);
#5929=ORIENTED_EDGE('',*,*,#4390,.F.);
#5930=ORIENTED_EDGE('',*,*,#4391,.T.);
#5931=ORIENTED_EDGE('',*,*,#4361,.T.);
#5932=ORIENTED_EDGE('',*,*,#4392,.F.);
#5933=ORIENTED_EDGE('',*,*,#4393,.F.);
#5934=ORIENTED_EDGE('',*,*,#4394,.T.);
#5935=ORIENTED_EDGE('',*,*,#4365,.F.);
#5936=ORIENTED_EDGE('',*,*,#3787,.F.);
#5937=ORIENTED_EDGE('',*,*,#3713,.T.);
#5938=ORIENTED_EDGE('',*,*,#3710,.T.);
#5939=ORIENTED_EDGE('',*,*,#3705,.T.);
#5940=ORIENTED_EDGE('',*,*,#3820,.F.);
#5941=ORIENTED_EDGE('',*,*,#3682,.T.);
#5942=ORIENTED_EDGE('',*,*,#3679,.T.);
#5943=ORIENTED_EDGE('',*,*,#3671,.T.);
#5944=ORIENTED_EDGE('',*,*,#4395,.T.);
#5945=ORIENTED_EDGE('',*,*,#4388,.T.);
#5946=ORIENTED_EDGE('',*,*,#3812,.T.);
#5947=ORIENTED_EDGE('',*,*,#4396,.F.);
#5948=ORIENTED_EDGE('',*,*,#4395,.F.);
#5949=ORIENTED_EDGE('',*,*,#4397,.F.);
#5950=ORIENTED_EDGE('',*,*,#4362,.F.);
#5951=ORIENTED_EDGE('',*,*,#4391,.F.);
#5952=ORIENTED_EDGE('',*,*,#4389,.F.);
#5953=ORIENTED_EDGE('',*,*,#4398,.T.);
#5954=ORIENTED_EDGE('',*,*,#3811,.F.);
#5955=ORIENTED_EDGE('',*,*,#4363,.T.);
#5956=ORIENTED_EDGE('',*,*,#4397,.T.);
#5957=ORIENTED_EDGE('',*,*,#4396,.T.);
#5958=ORIENTED_EDGE('',*,*,#3674,.T.);
#5959=ORIENTED_EDGE('',*,*,#3770,.T.);
#5960=ORIENTED_EDGE('',*,*,#3739,.T.);
#5961=ORIENTED_EDGE('',*,*,#3822,.T.);
#5962=ORIENTED_EDGE('',*,*,#3677,.T.);
#5963=ORIENTED_EDGE('',*,*,#3699,.T.);
#5964=ORIENTED_EDGE('',*,*,#3763,.F.);
#5965=ORIENTED_EDGE('',*,*,#3745,.T.);
#5966=ORIENTED_EDGE('',*,*,#3750,.T.);
#5967=ORIENTED_EDGE('',*,*,#3754,.T.);
#5968=ORIENTED_EDGE('',*,*,#3762,.F.);
#5969=ORIENTED_EDGE('',*,*,#4399,.T.);
#5970=ORIENTED_EDGE('',*,*,#4400,.F.);
#5971=ORIENTED_EDGE('',*,*,#4401,.F.);
#5972=ORIENTED_EDGE('',*,*,#3758,.F.);
#5973=ORIENTED_EDGE('',*,*,#3721,.T.);
#5974=ORIENTED_EDGE('',*,*,#3722,.T.);
#5975=ORIENTED_EDGE('',*,*,#3726,.T.);
#5976=ORIENTED_EDGE('',*,*,#3757,.F.);
#5977=ORIENTED_EDGE('',*,*,#3690,.T.);
#5978=ORIENTED_EDGE('',*,*,#3691,.T.);
#5979=ORIENTED_EDGE('',*,*,#4402,.F.);
#5980=ORIENTED_EDGE('',*,*,#4403,.T.);
#5981=ORIENTED_EDGE('',*,*,#4404,.F.);
#5982=ORIENTED_EDGE('',*,*,#4403,.F.);
#5983=ORIENTED_EDGE('',*,*,#4376,.F.);
#5984=ORIENTED_EDGE('',*,*,#4374,.F.);
#5985=ORIENTED_EDGE('',*,*,#4405,.F.);
#5986=ORIENTED_EDGE('',*,*,#3779,.F.);
#5987=ORIENTED_EDGE('',*,*,#4378,.F.);
#5988=ORIENTED_EDGE('',*,*,#4402,.T.);
#5989=ORIENTED_EDGE('',*,*,#4406,.F.);
#5990=ORIENTED_EDGE('',*,*,#4407,.T.);
#5991=ORIENTED_EDGE('',*,*,#4408,.F.);
#5992=ORIENTED_EDGE('',*,*,#4407,.F.);
#5993=ORIENTED_EDGE('',*,*,#4368,.F.);
#5994=ORIENTED_EDGE('',*,*,#4366,.F.);
#5995=ORIENTED_EDGE('',*,*,#4394,.F.);
#5996=ORIENTED_EDGE('',*,*,#4409,.F.);
#5997=ORIENTED_EDGE('',*,*,#4370,.F.);
#5998=ORIENTED_EDGE('',*,*,#4406,.T.);
#5999=ORIENTED_EDGE('',*,*,#4408,.T.);
#6000=ORIENTED_EDGE('',*,*,#4410,.F.);
#6001=ORIENTED_EDGE('',*,*,#4411,.T.);
#6002=ORIENTED_EDGE('',*,*,#4412,.F.);
#6003=ORIENTED_EDGE('',*,*,#4411,.F.);
#6004=ORIENTED_EDGE('',*,*,#4372,.F.);
#6005=ORIENTED_EDGE('',*,*,#4313,.F.);
#6006=ORIENTED_EDGE('',*,*,#4413,.F.);
#6007=ORIENTED_EDGE('',*,*,#4335,.F.);
#6008=ORIENTED_EDGE('',*,*,#4410,.T.);
#6009=ORIENTED_EDGE('',*,*,#4057,.T.);
#6010=ORIENTED_EDGE('',*,*,#4352,.T.);
#6011=ORIENTED_EDGE('',*,*,#4204,.T.);
#6012=ORIENTED_EDGE('',*,*,#4213,.T.);
#6013=ORIENTED_EDGE('',*,*,#4351,.T.);
#6014=ORIENTED_EDGE('',*,*,#4414,.F.);
#6015=ORIENTED_EDGE('',*,*,#4340,.F.);
#6016=ORIENTED_EDGE('',*,*,#4248,.T.);
#6017=ORIENTED_EDGE('',*,*,#4265,.T.);
#6018=ORIENTED_EDGE('',*,*,#4262,.T.);
#6019=ORIENTED_EDGE('',*,*,#4339,.F.);
#6020=ORIENTED_EDGE('',*,*,#4172,.T.);
#6021=ORIENTED_EDGE('',*,*,#4181,.T.);
#6022=ORIENTED_EDGE('',*,*,#4338,.F.);
#6023=ORIENTED_EDGE('',*,*,#3797,.F.);
#6024=ORIENTED_EDGE('',*,*,#4333,.F.);
#6025=ORIENTED_EDGE('',*,*,#4291,.T.);
#6026=ORIENTED_EDGE('',*,*,#4279,.T.);
#6027=ORIENTED_EDGE('',*,*,#4275,.T.);
#6028=ORIENTED_EDGE('',*,*,#4282,.T.);
#6029=ORIENTED_EDGE('',*,*,#4336,.F.);
#6030=ORIENTED_EDGE('',*,*,#4413,.T.);
#6031=ORIENTED_EDGE('',*,*,#4312,.F.);
#6032=ORIENTED_EDGE('',*,*,#4125,.T.);
#6033=ORIENTED_EDGE('',*,*,#4129,.T.);
#6034=ORIENTED_EDGE('',*,*,#4107,.T.);
#6035=ORIENTED_EDGE('',*,*,#4115,.T.);
#6036=ORIENTED_EDGE('',*,*,#4315,.F.);
#6037=ORIENTED_EDGE('',*,*,#3793,.F.);
#6038=ORIENTED_EDGE('',*,*,#4347,.T.);
#6039=ORIENTED_EDGE('',*,*,#4067,.T.);
#6040=ORIENTED_EDGE('',*,*,#4043,.T.);
#6041=ORIENTED_EDGE('',*,*,#4412,.T.);
#6042=ORIENTED_EDGE('',*,*,#4415,.F.);
#6043=ORIENTED_EDGE('',*,*,#4416,.T.);
#6044=ORIENTED_EDGE('',*,*,#4417,.F.);
#6045=ORIENTED_EDGE('',*,*,#4416,.F.);
#6046=ORIENTED_EDGE('',*,*,#4381,.F.);
#6047=ORIENTED_EDGE('',*,*,#4379,.F.);
#6048=ORIENTED_EDGE('',*,*,#3783,.F.);
#6049=ORIENTED_EDGE('',*,*,#4359,.F.);
#6050=ORIENTED_EDGE('',*,*,#4383,.F.);
#6051=ORIENTED_EDGE('',*,*,#4415,.T.);
#6052=ORIENTED_EDGE('',*,*,#4417,.T.);
#6053=ORIENTED_EDGE('',*,*,#4398,.F.);
#6054=ORIENTED_EDGE('',*,*,#4418,.T.);
#6055=ORIENTED_EDGE('',*,*,#4419,.F.);
#6056=ORIENTED_EDGE('',*,*,#4418,.F.);
#6057=ORIENTED_EDGE('',*,*,#4404,.T.);
#6058=ORIENTED_EDGE('',*,*,#4387,.F.);
#6059=ORIENTED_EDGE('',*,*,#4420,.T.);
#6060=ORIENTED_EDGE('',*,*,#4421,.F.);
#6061=ORIENTED_EDGE('',*,*,#4420,.F.);
#6062=ORIENTED_EDGE('',*,*,#4419,.T.);
#6063=ORIENTED_EDGE('',*,*,#4083,.T.);
#6064=ORIENTED_EDGE('',*,*,#4348,.F.);
#6065=ORIENTED_EDGE('',*,*,#3791,.F.);
#6066=ORIENTED_EDGE('',*,*,#4371,.F.);
#6067=ORIENTED_EDGE('',*,*,#4409,.T.);
#6068=ORIENTED_EDGE('',*,*,#4393,.T.);
#6069=ORIENTED_EDGE('',*,*,#4422,.F.);
#6070=ORIENTED_EDGE('',*,*,#4349,.F.);
#6071=ORIENTED_EDGE('',*,*,#4093,.T.);
#6072=ORIENTED_EDGE('',*,*,#4134,.T.);
#6073=ORIENTED_EDGE('',*,*,#4342,.T.);
#6074=ORIENTED_EDGE('',*,*,#4423,.F.);
#6075=ORIENTED_EDGE('',*,*,#3780,.F.);
#6076=ORIENTED_EDGE('',*,*,#4405,.T.);
#6077=ORIENTED_EDGE('',*,*,#4373,.F.);
#6078=ORIENTED_EDGE('',*,*,#3799,.F.);
#6079=ORIENTED_EDGE('',*,*,#4337,.T.);
#6080=ORIENTED_EDGE('',*,*,#4148,.T.);
#6081=ORIENTED_EDGE('',*,*,#4400,.T.);
#6082=ORIENTED_EDGE('',*,*,#4424,.T.);
#6083=ORIENTED_EDGE('',*,*,#3767,.T.);
#6084=ORIENTED_EDGE('',*,*,#4304,.T.);
#6085=ORIENTED_EDGE('',*,*,#4309,.T.);
#6086=ORIENTED_EDGE('',*,*,#4353,.T.);
#6087=ORIENTED_EDGE('',*,*,#4320,.T.);
#6088=ORIENTED_EDGE('',*,*,#4425,.T.);
#6089=ORIENTED_EDGE('',*,*,#4325,.T.);
#6090=ORIENTED_EDGE('',*,*,#4343,.T.);
#6091=ORIENTED_EDGE('',*,*,#4317,.T.);
#6092=ORIENTED_EDGE('',*,*,#4426,.T.);
#6093=ORIENTED_EDGE('',*,*,#4360,.T.);
#6094=ORIENTED_EDGE('',*,*,#3781,.T.);
#6095=ORIENTED_EDGE('',*,*,#4423,.T.);
#6096=ORIENTED_EDGE('',*,*,#4341,.T.);
#6097=ORIENTED_EDGE('',*,*,#4414,.T.);
#6098=ORIENTED_EDGE('',*,*,#4350,.T.);
#6099=ORIENTED_EDGE('',*,*,#4422,.T.);
#6100=ORIENTED_EDGE('',*,*,#4392,.T.);
#6101=ORIENTED_EDGE('',*,*,#3760,.F.);
#6102=ORIENTED_EDGE('',*,*,#4427,.T.);
#6103=ORIENTED_EDGE('',*,*,#4428,.T.);
#6104=ORIENTED_EDGE('',*,*,#4429,.T.);
#6105=ORIENTED_EDGE('',*,*,#4430,.T.);
#6106=ORIENTED_EDGE('',*,*,#4431,.T.);
#6107=ORIENTED_EDGE('',*,*,#4432,.T.);
#6108=ORIENTED_EDGE('',*,*,#4306,.T.);
#6109=ORIENTED_EDGE('',*,*,#4433,.F.);
#6110=ORIENTED_EDGE('',*,*,#4434,.T.);
#6111=ORIENTED_EDGE('',*,*,#4435,.F.);
#6112=ORIENTED_EDGE('',*,*,#4436,.T.);
#6113=ORIENTED_EDGE('',*,*,#4437,.T.);
#6114=ORIENTED_EDGE('',*,*,#4438,.T.);
#6115=ORIENTED_EDGE('',*,*,#4439,.F.);
#6116=ORIENTED_EDGE('',*,*,#4440,.T.);
#6117=ORIENTED_EDGE('',*,*,#4441,.F.);
#6118=ORIENTED_EDGE('',*,*,#4442,.F.);
#6119=ORIENTED_EDGE('',*,*,#4443,.F.);
#6120=ORIENTED_EDGE('',*,*,#4345,.T.);
#6121=ORIENTED_EDGE('',*,*,#4444,.F.);
#6122=ORIENTED_EDGE('',*,*,#4445,.F.);
#6123=ORIENTED_EDGE('',*,*,#4446,.F.);
#6124=ORIENTED_EDGE('',*,*,#4354,.T.);
#6125=ORIENTED_EDGE('',*,*,#4310,.F.);
#6126=ORIENTED_EDGE('',*,*,#3894,.T.);
#6127=ORIENTED_EDGE('',*,*,#3892,.T.);
#6128=ORIENTED_EDGE('',*,*,#3890,.T.);
#6129=ORIENTED_EDGE('',*,*,#3896,.T.);
#6130=ORIENTED_EDGE('',*,*,#3902,.T.);
#6131=ORIENTED_EDGE('',*,*,#3900,.T.);
#6132=ORIENTED_EDGE('',*,*,#3898,.T.);
#6133=ORIENTED_EDGE('',*,*,#3904,.T.);
#6134=ORIENTED_EDGE('',*,*,#3910,.T.);
#6135=ORIENTED_EDGE('',*,*,#3908,.T.);
#6136=ORIENTED_EDGE('',*,*,#3906,.T.);
#6137=ORIENTED_EDGE('',*,*,#3913,.T.);
#6138=ORIENTED_EDGE('',*,*,#3914,.T.);
#6139=ORIENTED_EDGE('',*,*,#3920,.T.);
#6140=ORIENTED_EDGE('',*,*,#3918,.T.);
#6141=ORIENTED_EDGE('',*,*,#3916,.T.);
#6142=ORIENTED_EDGE('',*,*,#3922,.T.);
#6143=ORIENTED_EDGE('',*,*,#3928,.T.);
#6144=ORIENTED_EDGE('',*,*,#3926,.T.);
#6145=ORIENTED_EDGE('',*,*,#3924,.T.);
#6146=ORIENTED_EDGE('',*,*,#3930,.T.);
#6147=ORIENTED_EDGE('',*,*,#3936,.T.);
#6148=ORIENTED_EDGE('',*,*,#3934,.T.);
#6149=ORIENTED_EDGE('',*,*,#3932,.T.);
#6150=ORIENTED_EDGE('',*,*,#3938,.T.);
#6151=ORIENTED_EDGE('',*,*,#3944,.T.);
#6152=ORIENTED_EDGE('',*,*,#3942,.T.);
#6153=ORIENTED_EDGE('',*,*,#3940,.T.);
#6154=ORIENTED_EDGE('',*,*,#3946,.T.);
#6155=ORIENTED_EDGE('',*,*,#3952,.T.);
#6156=ORIENTED_EDGE('',*,*,#3950,.T.);
#6157=ORIENTED_EDGE('',*,*,#3948,.T.);
#6158=ORIENTED_EDGE('',*,*,#3954,.T.);
#6159=ORIENTED_EDGE('',*,*,#3960,.T.);
#6160=ORIENTED_EDGE('',*,*,#3958,.T.);
#6161=ORIENTED_EDGE('',*,*,#3956,.T.);
#6162=ORIENTED_EDGE('',*,*,#3962,.T.);
#6163=ORIENTED_EDGE('',*,*,#3968,.T.);
#6164=ORIENTED_EDGE('',*,*,#3966,.T.);
#6165=ORIENTED_EDGE('',*,*,#3964,.T.);
#6166=ORIENTED_EDGE('',*,*,#3970,.T.);
#6167=ORIENTED_EDGE('',*,*,#3976,.T.);
#6168=ORIENTED_EDGE('',*,*,#3974,.T.);
#6169=ORIENTED_EDGE('',*,*,#3972,.T.);
#6170=ORIENTED_EDGE('',*,*,#3978,.T.);
#6171=ORIENTED_EDGE('',*,*,#3984,.T.);
#6172=ORIENTED_EDGE('',*,*,#3982,.T.);
#6173=ORIENTED_EDGE('',*,*,#3980,.T.);
#6174=ORIENTED_EDGE('',*,*,#3986,.T.);
#6175=ORIENTED_EDGE('',*,*,#3992,.T.);
#6176=ORIENTED_EDGE('',*,*,#3990,.T.);
#6177=ORIENTED_EDGE('',*,*,#3988,.T.);
#6178=ORIENTED_EDGE('',*,*,#3994,.T.);
#6179=ORIENTED_EDGE('',*,*,#4000,.T.);
#6180=ORIENTED_EDGE('',*,*,#3998,.T.);
#6181=ORIENTED_EDGE('',*,*,#3996,.T.);
#6182=ORIENTED_EDGE('',*,*,#4002,.T.);
#6183=ORIENTED_EDGE('',*,*,#4008,.T.);
#6184=ORIENTED_EDGE('',*,*,#4006,.T.);
#6185=ORIENTED_EDGE('',*,*,#4004,.T.);
#6186=ORIENTED_EDGE('',*,*,#4010,.T.);
#6187=ORIENTED_EDGE('',*,*,#4016,.T.);
#6188=ORIENTED_EDGE('',*,*,#4014,.T.);
#6189=ORIENTED_EDGE('',*,*,#4012,.T.);
#6190=ORIENTED_EDGE('',*,*,#4018,.T.);
#6191=ORIENTED_EDGE('',*,*,#4447,.T.);
#6192=ORIENTED_EDGE('',*,*,#4448,.F.);
#6193=ORIENTED_EDGE('',*,*,#4432,.F.);
#6194=ORIENTED_EDGE('',*,*,#4449,.T.);
#6195=ORIENTED_EDGE('',*,*,#4448,.T.);
#6196=ORIENTED_EDGE('',*,*,#4449,.F.);
#6197=ORIENTED_EDGE('',*,*,#3821,.F.);
#6198=ORIENTED_EDGE('',*,*,#4450,.T.);
#6199=ORIENTED_EDGE('',*,*,#4447,.F.);
#6200=ORIENTED_EDGE('',*,*,#4450,.F.);
#6201=ORIENTED_EDGE('',*,*,#4440,.F.);
#6202=ORIENTED_EDGE('',*,*,#4451,.T.);
#6203=ORIENTED_EDGE('',*,*,#4429,.F.);
#6204=ORIENTED_EDGE('',*,*,#4452,.F.);
#6205=ORIENTED_EDGE('',*,*,#4441,.T.);
#6206=ORIENTED_EDGE('',*,*,#4452,.T.);
#6207=ORIENTED_EDGE('',*,*,#4428,.F.);
#6208=ORIENTED_EDGE('',*,*,#4453,.F.);
#6209=ORIENTED_EDGE('',*,*,#4147,.T.);
#6210=ORIENTED_EDGE('',*,*,#4454,.F.);
#6211=ORIENTED_EDGE('',*,*,#4442,.T.);
#6212=ORIENTED_EDGE('',*,*,#4453,.T.);
#6213=ORIENTED_EDGE('',*,*,#4427,.F.);
#6214=ORIENTED_EDGE('',*,*,#3759,.F.);
#6215=ORIENTED_EDGE('',*,*,#4401,.T.);
#6216=ORIENTED_EDGE('',*,*,#4426,.F.);
#6217=ORIENTED_EDGE('',*,*,#4316,.F.);
#6218=ORIENTED_EDGE('',*,*,#4136,.T.);
#6219=ORIENTED_EDGE('',*,*,#4146,.T.);
#6220=ORIENTED_EDGE('',*,*,#4346,.F.);
#6221=ORIENTED_EDGE('',*,*,#4443,.T.);
#6222=ORIENTED_EDGE('',*,*,#4454,.T.);
#6223=ORIENTED_EDGE('',*,*,#4179,.T.);
#6224=ORIENTED_EDGE('',*,*,#4455,.F.);
#6225=ORIENTED_EDGE('',*,*,#4444,.T.);
#6226=ORIENTED_EDGE('',*,*,#4344,.T.);
#6227=ORIENTED_EDGE('',*,*,#4165,.T.);
#6228=ORIENTED_EDGE('',*,*,#4066,.T.);
#6229=ORIENTED_EDGE('',*,*,#4456,.F.);
#6230=ORIENTED_EDGE('',*,*,#4445,.T.);
#6231=ORIENTED_EDGE('',*,*,#4455,.T.);
#6232=ORIENTED_EDGE('',*,*,#4182,.T.);
#6233=ORIENTED_EDGE('',*,*,#4170,.T.);
#6234=ORIENTED_EDGE('',*,*,#4328,.T.);
#6235=ORIENTED_EDGE('',*,*,#4264,.T.);
#6236=ORIENTED_EDGE('',*,*,#4266,.T.);
#6237=ORIENTED_EDGE('',*,*,#4246,.T.);
#6238=ORIENTED_EDGE('',*,*,#4326,.T.);
#6239=ORIENTED_EDGE('',*,*,#4425,.F.);
#6240=ORIENTED_EDGE('',*,*,#4319,.F.);
#6241=ORIENTED_EDGE('',*,*,#4214,.T.);
#6242=ORIENTED_EDGE('',*,*,#4202,.T.);
#6243=ORIENTED_EDGE('',*,*,#4322,.F.);
#6244=ORIENTED_EDGE('',*,*,#4058,.T.);
#6245=ORIENTED_EDGE('',*,*,#4045,.T.);
#6246=ORIENTED_EDGE('',*,*,#4127,.T.);
#6247=ORIENTED_EDGE('',*,*,#4116,.T.);
#6248=ORIENTED_EDGE('',*,*,#4109,.T.);
#6249=ORIENTED_EDGE('',*,*,#4130,.T.);
#6250=ORIENTED_EDGE('',*,*,#4277,.T.);
#6251=ORIENTED_EDGE('',*,*,#4281,.T.);
#6252=ORIENTED_EDGE('',*,*,#4293,.T.);
#6253=ORIENTED_EDGE('',*,*,#4283,.T.);
#6254=ORIENTED_EDGE('',*,*,#4050,.T.);
#6255=ORIENTED_EDGE('',*,*,#4355,.F.);
#6256=ORIENTED_EDGE('',*,*,#4446,.T.);
#6257=ORIENTED_EDGE('',*,*,#4456,.T.);
#6258=ORIENTED_EDGE('',*,*,#4065,.T.);
#6259=ORIENTED_EDGE('',*,*,#4433,.T.);
#6260=ORIENTED_EDGE('',*,*,#4305,.T.);
#6261=ORIENTED_EDGE('',*,*,#3818,.F.);
#6262=ORIENTED_EDGE('',*,*,#4457,.F.);
#6263=ORIENTED_EDGE('',*,*,#4434,.F.);
#6264=ORIENTED_EDGE('',*,*,#4457,.T.);
#6265=ORIENTED_EDGE('',*,*,#3817,.F.);
#6266=ORIENTED_EDGE('',*,*,#4458,.F.);
#6267=ORIENTED_EDGE('',*,*,#4435,.T.);
#6268=ORIENTED_EDGE('',*,*,#4458,.T.);
#6269=ORIENTED_EDGE('',*,*,#3816,.F.);
#6270=ORIENTED_EDGE('',*,*,#4459,.F.);
#6271=ORIENTED_EDGE('',*,*,#4436,.F.);
#6272=ORIENTED_EDGE('',*,*,#4459,.T.);
#6273=ORIENTED_EDGE('',*,*,#3815,.F.);
#6274=ORIENTED_EDGE('',*,*,#3771,.F.);
#6275=ORIENTED_EDGE('',*,*,#4460,.F.);
#6276=ORIENTED_EDGE('',*,*,#4437,.F.);
#6277=ORIENTED_EDGE('',*,*,#4460,.T.);
#6278=ORIENTED_EDGE('',*,*,#3768,.T.);
#6279=ORIENTED_EDGE('',*,*,#4424,.F.);
#6280=ORIENTED_EDGE('',*,*,#4399,.F.);
#6281=ORIENTED_EDGE('',*,*,#4461,.F.);
#6282=ORIENTED_EDGE('',*,*,#4039,.T.);
#6283=ORIENTED_EDGE('',*,*,#4034,.T.);
#6284=ORIENTED_EDGE('',*,*,#4025,.T.);
#6285=ORIENTED_EDGE('',*,*,#4042,.T.);
#6286=ORIENTED_EDGE('',*,*,#4069,.T.);
#6287=ORIENTED_EDGE('',*,*,#4062,.T.);
#6288=ORIENTED_EDGE('',*,*,#4054,.T.);
#6289=ORIENTED_EDGE('',*,*,#4072,.T.);
#6290=ORIENTED_EDGE('',*,*,#4099,.T.);
#6291=ORIENTED_EDGE('',*,*,#4088,.T.);
#6292=ORIENTED_EDGE('',*,*,#4080,.T.);
#6293=ORIENTED_EDGE('',*,*,#4102,.T.);
#6294=ORIENTED_EDGE('',*,*,#4123,.T.);
#6295=ORIENTED_EDGE('',*,*,#4120,.T.);
#6296=ORIENTED_EDGE('',*,*,#4105,.T.);
#6297=ORIENTED_EDGE('',*,*,#4114,.T.);
#6298=ORIENTED_EDGE('',*,*,#4157,.T.);
#6299=ORIENTED_EDGE('',*,*,#4143,.T.);
#6300=ORIENTED_EDGE('',*,*,#4155,.T.);
#6301=ORIENTED_EDGE('',*,*,#4160,.T.);
#6302=ORIENTED_EDGE('',*,*,#4187,.T.);
#6303=ORIENTED_EDGE('',*,*,#4177,.T.);
#6304=ORIENTED_EDGE('',*,*,#4185,.T.);
#6305=ORIENTED_EDGE('',*,*,#4190,.T.);
#6306=ORIENTED_EDGE('',*,*,#4217,.T.);
#6307=ORIENTED_EDGE('',*,*,#4210,.T.);
#6308=ORIENTED_EDGE('',*,*,#4197,.T.);
#6309=ORIENTED_EDGE('',*,*,#4220,.T.);
#6310=ORIENTED_EDGE('',*,*,#4241,.T.);
#6311=ORIENTED_EDGE('',*,*,#4236,.T.);
#6312=ORIENTED_EDGE('',*,*,#4227,.T.);
#6313=ORIENTED_EDGE('',*,*,#4244,.T.);
#6314=ORIENTED_EDGE('',*,*,#4271,.T.);
#6315=ORIENTED_EDGE('',*,*,#4253,.T.);
#6316=ORIENTED_EDGE('',*,*,#4269,.T.);
#6317=ORIENTED_EDGE('',*,*,#4274,.T.);
#6318=ORIENTED_EDGE('',*,*,#4295,.T.);
#6319=ORIENTED_EDGE('',*,*,#4288,.T.);
#6320=ORIENTED_EDGE('',*,*,#4302,.T.);
#6321=ORIENTED_EDGE('',*,*,#4298,.T.);
#6322=ORIENTED_EDGE('',*,*,#4438,.F.);
#6323=ORIENTED_EDGE('',*,*,#4461,.T.);
#6324=ORIENTED_EDGE('',*,*,#3761,.T.);
#6325=ORIENTED_EDGE('',*,*,#4431,.F.);
#6326=ORIENTED_EDGE('',*,*,#4462,.F.);
#6327=ORIENTED_EDGE('',*,*,#4439,.T.);
#6328=ORIENTED_EDGE('',*,*,#4462,.T.);
#6329=ORIENTED_EDGE('',*,*,#4430,.F.);
#6330=ORIENTED_EDGE('',*,*,#4451,.F.);
#6331=ORIENTED_EDGE('',*,*,#4421,.T.);
#6332=ORIENTED_EDGE('',*,*,#4463,.F.);
#6333=ORIENTED_EDGE('',*,*,#4464,.F.);
#6334=ORIENTED_EDGE('',*,*,#4465,.T.);
#6335=ORIENTED_EDGE('',*,*,#4466,.T.);
#6336=ORIENTED_EDGE('',*,*,#4467,.F.);
#6337=ORIENTED_EDGE('',*,*,#4468,.F.);
#6338=ORIENTED_EDGE('',*,*,#4469,.T.);
#6339=ORIENTED_EDGE('',*,*,#4470,.T.);
#6340=ORIENTED_EDGE('',*,*,#4471,.F.);
#6341=ORIENTED_EDGE('',*,*,#4472,.F.);
#6342=ORIENTED_EDGE('',*,*,#4473,.F.);
#6343=ORIENTED_EDGE('',*,*,#4474,.T.);
#6344=ORIENTED_EDGE('',*,*,#4475,.F.);
#6345=ORIENTED_EDGE('',*,*,#4474,.F.);
#6346=ORIENTED_EDGE('',*,*,#4476,.F.);
#6347=ORIENTED_EDGE('',*,*,#4477,.T.);
#6348=ORIENTED_EDGE('',*,*,#4478,.F.);
#6349=ORIENTED_EDGE('',*,*,#4477,.F.);
#6350=ORIENTED_EDGE('',*,*,#4479,.F.);
#6351=ORIENTED_EDGE('',*,*,#4480,.T.);
#6352=ORIENTED_EDGE('',*,*,#4481,.F.);
#6353=ORIENTED_EDGE('',*,*,#4480,.F.);
#6354=ORIENTED_EDGE('',*,*,#4482,.F.);
#6355=ORIENTED_EDGE('',*,*,#4472,.T.);
#6356=ORIENTED_EDGE('',*,*,#4483,.F.);
#6357=ORIENTED_EDGE('',*,*,#4484,.F.);
#6358=ORIENTED_EDGE('',*,*,#4485,.F.);
#6359=ORIENTED_EDGE('',*,*,#4486,.T.);
#6360=ORIENTED_EDGE('',*,*,#4487,.F.);
#6361=ORIENTED_EDGE('',*,*,#4486,.F.);
#6362=ORIENTED_EDGE('',*,*,#4488,.F.);
#6363=ORIENTED_EDGE('',*,*,#4489,.T.);
#6364=ORIENTED_EDGE('',*,*,#4490,.F.);
#6365=ORIENTED_EDGE('',*,*,#4489,.F.);
#6366=ORIENTED_EDGE('',*,*,#4491,.F.);
#6367=ORIENTED_EDGE('',*,*,#4492,.T.);
#6368=ORIENTED_EDGE('',*,*,#4493,.F.);
#6369=ORIENTED_EDGE('',*,*,#4492,.F.);
#6370=ORIENTED_EDGE('',*,*,#4494,.F.);
#6371=ORIENTED_EDGE('',*,*,#4484,.T.);
#6372=ORIENTED_EDGE('',*,*,#4495,.F.);
#6373=ORIENTED_EDGE('',*,*,#4496,.F.);
#6374=ORIENTED_EDGE('',*,*,#4497,.F.);
#6375=ORIENTED_EDGE('',*,*,#4498,.T.);
#6376=ORIENTED_EDGE('',*,*,#4499,.F.);
#6377=ORIENTED_EDGE('',*,*,#4498,.F.);
#6378=ORIENTED_EDGE('',*,*,#4500,.F.);
#6379=ORIENTED_EDGE('',*,*,#4501,.T.);
#6380=ORIENTED_EDGE('',*,*,#4502,.F.);
#6381=ORIENTED_EDGE('',*,*,#4501,.F.);
#6382=ORIENTED_EDGE('',*,*,#4503,.F.);
#6383=ORIENTED_EDGE('',*,*,#4504,.T.);
#6384=ORIENTED_EDGE('',*,*,#4505,.F.);
#6385=ORIENTED_EDGE('',*,*,#4504,.F.);
#6386=ORIENTED_EDGE('',*,*,#4506,.F.);
#6387=ORIENTED_EDGE('',*,*,#4507,.T.);
#6388=ORIENTED_EDGE('',*,*,#4508,.F.);
#6389=ORIENTED_EDGE('',*,*,#4507,.F.);
#6390=ORIENTED_EDGE('',*,*,#4509,.F.);
#6391=ORIENTED_EDGE('',*,*,#4496,.T.);
#6392=ORIENTED_EDGE('',*,*,#4510,.F.);
#6393=ORIENTED_EDGE('',*,*,#4511,.F.);
#6394=ORIENTED_EDGE('',*,*,#4512,.F.);
#6395=ORIENTED_EDGE('',*,*,#4513,.T.);
#6396=ORIENTED_EDGE('',*,*,#4514,.F.);
#6397=ORIENTED_EDGE('',*,*,#4513,.F.);
#6398=ORIENTED_EDGE('',*,*,#4515,.F.);
#6399=ORIENTED_EDGE('',*,*,#4516,.T.);
#6400=ORIENTED_EDGE('',*,*,#4517,.F.);
#6401=ORIENTED_EDGE('',*,*,#4516,.F.);
#6402=ORIENTED_EDGE('',*,*,#4518,.F.);
#6403=ORIENTED_EDGE('',*,*,#4519,.T.);
#6404=ORIENTED_EDGE('',*,*,#4520,.F.);
#6405=ORIENTED_EDGE('',*,*,#4519,.F.);
#6406=ORIENTED_EDGE('',*,*,#4521,.F.);
#6407=ORIENTED_EDGE('',*,*,#4511,.T.);
#6408=ORIENTED_EDGE('',*,*,#4522,.F.);
#6409=ORIENTED_EDGE('',*,*,#4523,.F.);
#6410=ORIENTED_EDGE('',*,*,#4524,.F.);
#6411=ORIENTED_EDGE('',*,*,#4525,.T.);
#6412=ORIENTED_EDGE('',*,*,#4526,.F.);
#6413=ORIENTED_EDGE('',*,*,#4525,.F.);
#6414=ORIENTED_EDGE('',*,*,#4527,.F.);
#6415=ORIENTED_EDGE('',*,*,#4528,.T.);
#6416=ORIENTED_EDGE('',*,*,#4529,.F.);
#6417=ORIENTED_EDGE('',*,*,#4528,.F.);
#6418=ORIENTED_EDGE('',*,*,#4530,.F.);
#6419=ORIENTED_EDGE('',*,*,#4531,.T.);
#6420=ORIENTED_EDGE('',*,*,#4532,.F.);
#6421=ORIENTED_EDGE('',*,*,#4531,.F.);
#6422=ORIENTED_EDGE('',*,*,#4533,.F.);
#6423=ORIENTED_EDGE('',*,*,#4523,.T.);
#6424=ORIENTED_EDGE('',*,*,#4534,.F.);
#6425=ORIENTED_EDGE('',*,*,#4535,.F.);
#6426=ORIENTED_EDGE('',*,*,#4536,.F.);
#6427=ORIENTED_EDGE('',*,*,#4537,.T.);
#6428=ORIENTED_EDGE('',*,*,#4538,.F.);
#6429=ORIENTED_EDGE('',*,*,#4537,.F.);
#6430=ORIENTED_EDGE('',*,*,#4539,.F.);
#6431=ORIENTED_EDGE('',*,*,#4540,.T.);
#6432=ORIENTED_EDGE('',*,*,#4541,.F.);
#6433=ORIENTED_EDGE('',*,*,#4540,.F.);
#6434=ORIENTED_EDGE('',*,*,#4542,.F.);
#6435=ORIENTED_EDGE('',*,*,#4543,.T.);
#6436=ORIENTED_EDGE('',*,*,#4544,.F.);
#6437=ORIENTED_EDGE('',*,*,#4543,.F.);
#6438=ORIENTED_EDGE('',*,*,#4545,.F.);
#6439=ORIENTED_EDGE('',*,*,#4535,.T.);
#6440=ORIENTED_EDGE('',*,*,#4546,.F.);
#6441=ORIENTED_EDGE('',*,*,#4547,.F.);
#6442=ORIENTED_EDGE('',*,*,#4548,.F.);
#6443=ORIENTED_EDGE('',*,*,#4549,.T.);
#6444=ORIENTED_EDGE('',*,*,#4550,.F.);
#6445=ORIENTED_EDGE('',*,*,#4549,.F.);
#6446=ORIENTED_EDGE('',*,*,#4551,.F.);
#6447=ORIENTED_EDGE('',*,*,#4552,.T.);
#6448=ORIENTED_EDGE('',*,*,#4553,.F.);
#6449=ORIENTED_EDGE('',*,*,#4552,.F.);
#6450=ORIENTED_EDGE('',*,*,#4554,.F.);
#6451=ORIENTED_EDGE('',*,*,#4555,.T.);
#6452=ORIENTED_EDGE('',*,*,#4556,.F.);
#6453=ORIENTED_EDGE('',*,*,#4555,.F.);
#6454=ORIENTED_EDGE('',*,*,#4557,.F.);
#6455=ORIENTED_EDGE('',*,*,#4547,.T.);
#6456=ORIENTED_EDGE('',*,*,#4558,.F.);
#6457=ORIENTED_EDGE('',*,*,#4559,.F.);
#6458=ORIENTED_EDGE('',*,*,#4560,.F.);
#6459=ORIENTED_EDGE('',*,*,#4561,.T.);
#6460=ORIENTED_EDGE('',*,*,#4562,.F.);
#6461=ORIENTED_EDGE('',*,*,#4561,.F.);
#6462=ORIENTED_EDGE('',*,*,#4563,.F.);
#6463=ORIENTED_EDGE('',*,*,#4564,.T.);
#6464=ORIENTED_EDGE('',*,*,#4565,.F.);
#6465=ORIENTED_EDGE('',*,*,#4564,.F.);
#6466=ORIENTED_EDGE('',*,*,#4566,.F.);
#6467=ORIENTED_EDGE('',*,*,#4567,.T.);
#6468=ORIENTED_EDGE('',*,*,#4568,.F.);
#6469=ORIENTED_EDGE('',*,*,#4567,.F.);
#6470=ORIENTED_EDGE('',*,*,#4569,.F.);
#6471=ORIENTED_EDGE('',*,*,#4559,.T.);
#6472=ORIENTED_EDGE('',*,*,#4570,.F.);
#6473=ORIENTED_EDGE('',*,*,#4571,.F.);
#6474=ORIENTED_EDGE('',*,*,#4572,.F.);
#6475=ORIENTED_EDGE('',*,*,#4573,.T.);
#6476=ORIENTED_EDGE('',*,*,#4574,.F.);
#6477=ORIENTED_EDGE('',*,*,#4573,.F.);
#6478=ORIENTED_EDGE('',*,*,#4575,.F.);
#6479=ORIENTED_EDGE('',*,*,#4576,.T.);
#6480=ORIENTED_EDGE('',*,*,#4577,.F.);
#6481=ORIENTED_EDGE('',*,*,#4576,.F.);
#6482=ORIENTED_EDGE('',*,*,#4578,.F.);
#6483=ORIENTED_EDGE('',*,*,#4579,.T.);
#6484=ORIENTED_EDGE('',*,*,#4580,.F.);
#6485=ORIENTED_EDGE('',*,*,#4579,.F.);
#6486=ORIENTED_EDGE('',*,*,#4581,.F.);
#6487=ORIENTED_EDGE('',*,*,#4571,.T.);
#6488=ORIENTED_EDGE('',*,*,#4582,.F.);
#6489=ORIENTED_EDGE('',*,*,#4583,.F.);
#6490=ORIENTED_EDGE('',*,*,#4584,.F.);
#6491=ORIENTED_EDGE('',*,*,#4585,.T.);
#6492=ORIENTED_EDGE('',*,*,#4586,.F.);
#6493=ORIENTED_EDGE('',*,*,#4585,.F.);
#6494=ORIENTED_EDGE('',*,*,#4587,.F.);
#6495=ORIENTED_EDGE('',*,*,#4588,.T.);
#6496=ORIENTED_EDGE('',*,*,#4589,.F.);
#6497=ORIENTED_EDGE('',*,*,#4588,.F.);
#6498=ORIENTED_EDGE('',*,*,#4590,.F.);
#6499=ORIENTED_EDGE('',*,*,#4591,.T.);
#6500=ORIENTED_EDGE('',*,*,#4592,.F.);
#6501=ORIENTED_EDGE('',*,*,#4591,.F.);
#6502=ORIENTED_EDGE('',*,*,#4593,.F.);
#6503=ORIENTED_EDGE('',*,*,#4583,.T.);
#6504=ORIENTED_EDGE('',*,*,#4594,.F.);
#6505=ORIENTED_EDGE('',*,*,#4595,.F.);
#6506=ORIENTED_EDGE('',*,*,#4596,.F.);
#6507=ORIENTED_EDGE('',*,*,#4597,.T.);
#6508=ORIENTED_EDGE('',*,*,#4598,.F.);
#6509=ORIENTED_EDGE('',*,*,#4597,.F.);
#6510=ORIENTED_EDGE('',*,*,#4599,.F.);
#6511=ORIENTED_EDGE('',*,*,#4600,.T.);
#6512=ORIENTED_EDGE('',*,*,#4601,.F.);
#6513=ORIENTED_EDGE('',*,*,#4600,.F.);
#6514=ORIENTED_EDGE('',*,*,#4602,.F.);
#6515=ORIENTED_EDGE('',*,*,#4603,.T.);
#6516=ORIENTED_EDGE('',*,*,#4604,.F.);
#6517=ORIENTED_EDGE('',*,*,#4603,.F.);
#6518=ORIENTED_EDGE('',*,*,#4605,.F.);
#6519=ORIENTED_EDGE('',*,*,#4595,.T.);
#6520=ORIENTED_EDGE('',*,*,#4606,.F.);
#6521=ORIENTED_EDGE('',*,*,#4607,.F.);
#6522=ORIENTED_EDGE('',*,*,#4608,.F.);
#6523=ORIENTED_EDGE('',*,*,#4609,.T.);
#6524=ORIENTED_EDGE('',*,*,#4610,.F.);
#6525=ORIENTED_EDGE('',*,*,#4609,.F.);
#6526=ORIENTED_EDGE('',*,*,#4611,.F.);
#6527=ORIENTED_EDGE('',*,*,#4612,.T.);
#6528=ORIENTED_EDGE('',*,*,#4613,.F.);
#6529=ORIENTED_EDGE('',*,*,#4612,.F.);
#6530=ORIENTED_EDGE('',*,*,#4614,.F.);
#6531=ORIENTED_EDGE('',*,*,#4615,.T.);
#6532=ORIENTED_EDGE('',*,*,#4616,.F.);
#6533=ORIENTED_EDGE('',*,*,#4615,.F.);
#6534=ORIENTED_EDGE('',*,*,#4617,.F.);
#6535=ORIENTED_EDGE('',*,*,#4607,.T.);
#6536=ORIENTED_EDGE('',*,*,#4618,.F.);
#6537=ORIENTED_EDGE('',*,*,#4619,.F.);
#6538=ORIENTED_EDGE('',*,*,#4620,.F.);
#6539=ORIENTED_EDGE('',*,*,#4621,.T.);
#6540=ORIENTED_EDGE('',*,*,#4622,.F.);
#6541=ORIENTED_EDGE('',*,*,#4621,.F.);
#6542=ORIENTED_EDGE('',*,*,#4623,.F.);
#6543=ORIENTED_EDGE('',*,*,#4624,.T.);
#6544=ORIENTED_EDGE('',*,*,#4625,.F.);
#6545=ORIENTED_EDGE('',*,*,#4624,.F.);
#6546=ORIENTED_EDGE('',*,*,#4626,.F.);
#6547=ORIENTED_EDGE('',*,*,#4627,.T.);
#6548=ORIENTED_EDGE('',*,*,#4628,.F.);
#6549=ORIENTED_EDGE('',*,*,#4627,.F.);
#6550=ORIENTED_EDGE('',*,*,#4629,.F.);
#6551=ORIENTED_EDGE('',*,*,#4619,.T.);
#6552=ORIENTED_EDGE('',*,*,#4630,.F.);
#6553=ORIENTED_EDGE('',*,*,#4631,.F.);
#6554=ORIENTED_EDGE('',*,*,#4632,.F.);
#6555=ORIENTED_EDGE('',*,*,#4633,.T.);
#6556=ORIENTED_EDGE('',*,*,#4634,.F.);
#6557=ORIENTED_EDGE('',*,*,#4633,.F.);
#6558=ORIENTED_EDGE('',*,*,#4635,.F.);
#6559=ORIENTED_EDGE('',*,*,#4636,.T.);
#6560=ORIENTED_EDGE('',*,*,#4637,.F.);
#6561=ORIENTED_EDGE('',*,*,#4636,.F.);
#6562=ORIENTED_EDGE('',*,*,#4638,.F.);
#6563=ORIENTED_EDGE('',*,*,#4639,.T.);
#6564=ORIENTED_EDGE('',*,*,#4640,.F.);
#6565=ORIENTED_EDGE('',*,*,#4639,.F.);
#6566=ORIENTED_EDGE('',*,*,#4641,.F.);
#6567=ORIENTED_EDGE('',*,*,#4631,.T.);
#6568=ORIENTED_EDGE('',*,*,#4642,.F.);
#6569=ORIENTED_EDGE('',*,*,#4643,.F.);
#6570=ORIENTED_EDGE('',*,*,#4644,.F.);
#6571=ORIENTED_EDGE('',*,*,#4645,.T.);
#6572=ORIENTED_EDGE('',*,*,#4646,.F.);
#6573=ORIENTED_EDGE('',*,*,#4645,.F.);
#6574=ORIENTED_EDGE('',*,*,#4647,.F.);
#6575=ORIENTED_EDGE('',*,*,#4648,.T.);
#6576=ORIENTED_EDGE('',*,*,#4649,.F.);
#6577=ORIENTED_EDGE('',*,*,#4648,.F.);
#6578=ORIENTED_EDGE('',*,*,#4650,.F.);
#6579=ORIENTED_EDGE('',*,*,#4651,.T.);
#6580=ORIENTED_EDGE('',*,*,#4652,.F.);
#6581=ORIENTED_EDGE('',*,*,#4651,.F.);
#6582=ORIENTED_EDGE('',*,*,#4653,.F.);
#6583=ORIENTED_EDGE('',*,*,#4643,.T.);
#6584=ORIENTED_EDGE('',*,*,#4654,.F.);
#6585=ORIENTED_EDGE('',*,*,#4655,.F.);
#6586=ORIENTED_EDGE('',*,*,#4656,.F.);
#6587=ORIENTED_EDGE('',*,*,#4657,.T.);
#6588=ORIENTED_EDGE('',*,*,#4658,.F.);
#6589=ORIENTED_EDGE('',*,*,#4657,.F.);
#6590=ORIENTED_EDGE('',*,*,#4659,.F.);
#6591=ORIENTED_EDGE('',*,*,#4660,.T.);
#6592=ORIENTED_EDGE('',*,*,#4661,.F.);
#6593=ORIENTED_EDGE('',*,*,#4660,.F.);
#6594=ORIENTED_EDGE('',*,*,#4662,.F.);
#6595=ORIENTED_EDGE('',*,*,#4663,.T.);
#6596=ORIENTED_EDGE('',*,*,#4664,.F.);
#6597=ORIENTED_EDGE('',*,*,#4663,.F.);
#6598=ORIENTED_EDGE('',*,*,#4665,.F.);
#6599=ORIENTED_EDGE('',*,*,#4655,.T.);
#6600=ORIENTED_EDGE('',*,*,#4666,.T.);
#6601=ORIENTED_EDGE('',*,*,#4667,.T.);
#6602=ORIENTED_EDGE('',*,*,#4668,.F.);
#6603=ORIENTED_EDGE('',*,*,#4667,.F.);
#6604=ORIENTED_EDGE('',*,*,#4669,.T.);
#6605=ORIENTED_EDGE('',*,*,#4670,.T.);
#6606=ORIENTED_EDGE('',*,*,#4671,.F.);
#6607=ORIENTED_EDGE('',*,*,#4670,.F.);
#6608=ORIENTED_EDGE('',*,*,#4672,.T.);
#6609=ORIENTED_EDGE('',*,*,#4673,.T.);
#6610=ORIENTED_EDGE('',*,*,#4674,.F.);
#6611=ORIENTED_EDGE('',*,*,#4673,.F.);
#6612=ORIENTED_EDGE('',*,*,#4675,.T.);
#6613=ORIENTED_EDGE('',*,*,#4676,.T.);
#6614=ORIENTED_EDGE('',*,*,#4677,.F.);
#6615=ORIENTED_EDGE('',*,*,#4676,.F.);
#6616=ORIENTED_EDGE('',*,*,#4678,.T.);
#6617=ORIENTED_EDGE('',*,*,#4679,.T.);
#6618=ORIENTED_EDGE('',*,*,#4680,.F.);
#6619=ORIENTED_EDGE('',*,*,#4679,.F.);
#6620=ORIENTED_EDGE('',*,*,#4681,.T.);
#6621=ORIENTED_EDGE('',*,*,#4682,.T.);
#6622=ORIENTED_EDGE('',*,*,#4683,.F.);
#6623=ORIENTED_EDGE('',*,*,#4682,.F.);
#6624=ORIENTED_EDGE('',*,*,#4467,.T.);
#6625=ORIENTED_EDGE('',*,*,#4684,.T.);
#6626=ORIENTED_EDGE('',*,*,#4685,.F.);
#6627=ORIENTED_EDGE('',*,*,#4686,.F.);
#6628=ORIENTED_EDGE('',*,*,#4470,.F.);
#6629=ORIENTED_EDGE('',*,*,#4684,.F.);
#6630=ORIENTED_EDGE('',*,*,#4681,.F.);
#6631=ORIENTED_EDGE('',*,*,#4687,.F.);
#6632=ORIENTED_EDGE('',*,*,#4688,.T.);
#6633=ORIENTED_EDGE('',*,*,#4689,.T.);
#6634=ORIENTED_EDGE('',*,*,#4690,.F.);
#6635=ORIENTED_EDGE('',*,*,#4689,.F.);
#6636=ORIENTED_EDGE('',*,*,#4691,.F.);
#6637=ORIENTED_EDGE('',*,*,#4692,.F.);
#6638=ORIENTED_EDGE('',*,*,#4672,.F.);
#6639=ORIENTED_EDGE('',*,*,#4693,.F.);
#6640=ORIENTED_EDGE('',*,*,#4694,.T.);
#6641=ORIENTED_EDGE('',*,*,#4695,.T.);
#6642=ORIENTED_EDGE('',*,*,#4696,.F.);
#6643=ORIENTED_EDGE('',*,*,#4697,.F.);
#6644=ORIENTED_EDGE('',*,*,#4695,.F.);
#6645=ORIENTED_EDGE('',*,*,#4698,.F.);
#6646=ORIENTED_EDGE('',*,*,#4666,.F.);
#6647=ORIENTED_EDGE('',*,*,#4463,.T.);
#6648=ORIENTED_EDGE('',*,*,#4699,.T.);
#6649=ORIENTED_EDGE('',*,*,#4700,.F.);
#6650=ORIENTED_EDGE('',*,*,#4701,.F.);
#6651=ORIENTED_EDGE('',*,*,#4466,.F.);
#6652=ORIENTED_EDGE('',*,*,#4699,.F.);
#6653=ORIENTED_EDGE('',*,*,#4669,.F.);
#6654=ORIENTED_EDGE('',*,*,#4702,.F.);
#6655=ORIENTED_EDGE('',*,*,#4703,.T.);
#6656=ORIENTED_EDGE('',*,*,#4704,.T.);
#6657=ORIENTED_EDGE('',*,*,#4705,.F.);
#6658=ORIENTED_EDGE('',*,*,#4704,.F.);
#6659=ORIENTED_EDGE('',*,*,#4706,.F.);
#6660=ORIENTED_EDGE('',*,*,#4707,.F.);
#6661=ORIENTED_EDGE('',*,*,#4675,.F.);
#6662=ORIENTED_EDGE('',*,*,#4708,.F.);
#6663=ORIENTED_EDGE('',*,*,#4709,.T.);
#6664=ORIENTED_EDGE('',*,*,#4710,.T.);
#6665=ORIENTED_EDGE('',*,*,#4711,.F.);
#6666=ORIENTED_EDGE('',*,*,#4710,.F.);
#6667=ORIENTED_EDGE('',*,*,#4712,.F.);
#6668=ORIENTED_EDGE('',*,*,#4713,.F.);
#6669=ORIENTED_EDGE('',*,*,#4678,.F.);
#6670=ORIENTED_EDGE('',*,*,#4690,.T.);
#6671=ORIENTED_EDGE('',*,*,#4692,.T.);
#6672=ORIENTED_EDGE('',*,*,#4714,.F.);
#6673=ORIENTED_EDGE('',*,*,#4715,.F.);
#6674=ORIENTED_EDGE('',*,*,#4716,.T.);
#6675=ORIENTED_EDGE('',*,*,#4706,.T.);
#6676=ORIENTED_EDGE('',*,*,#4703,.F.);
#6677=ORIENTED_EDGE('',*,*,#4717,.F.);
#6678=ORIENTED_EDGE('',*,*,#4705,.T.);
#6679=ORIENTED_EDGE('',*,*,#4707,.T.);
#6680=ORIENTED_EDGE('',*,*,#4716,.F.);
#6681=ORIENTED_EDGE('',*,*,#4718,.F.);
#6682=ORIENTED_EDGE('',*,*,#4719,.T.);
#6683=ORIENTED_EDGE('',*,*,#4720,.F.);
#6684=ORIENTED_EDGE('',*,*,#4687,.T.);
#6685=ORIENTED_EDGE('',*,*,#4717,.T.);
#6686=ORIENTED_EDGE('',*,*,#4702,.T.);
#6687=ORIENTED_EDGE('',*,*,#4720,.T.);
#6688=ORIENTED_EDGE('',*,*,#4721,.T.);
#6689=ORIENTED_EDGE('',*,*,#4722,.T.);
#6690=ORIENTED_EDGE('',*,*,#4464,.T.);
#6691=ORIENTED_EDGE('',*,*,#4701,.T.);
#6692=ORIENTED_EDGE('',*,*,#4723,.T.);
#6693=ORIENTED_EDGE('',*,*,#4724,.T.);
#6694=ORIENTED_EDGE('',*,*,#4725,.T.);
#6695=ORIENTED_EDGE('',*,*,#4708,.T.);
#6696=ORIENTED_EDGE('',*,*,#4726,.T.);
#6697=ORIENTED_EDGE('',*,*,#4693,.T.);
#6698=ORIENTED_EDGE('',*,*,#4727,.T.);
#6699=ORIENTED_EDGE('',*,*,#4468,.T.);
#6700=ORIENTED_EDGE('',*,*,#4686,.T.);
#6701=ORIENTED_EDGE('',*,*,#4728,.T.);
#6702=ORIENTED_EDGE('',*,*,#4479,.T.);
#6703=ORIENTED_EDGE('',*,*,#4476,.T.);
#6704=ORIENTED_EDGE('',*,*,#4473,.T.);
#6705=ORIENTED_EDGE('',*,*,#4482,.T.);
#6706=ORIENTED_EDGE('',*,*,#4491,.T.);
#6707=ORIENTED_EDGE('',*,*,#4488,.T.);
#6708=ORIENTED_EDGE('',*,*,#4485,.T.);
#6709=ORIENTED_EDGE('',*,*,#4494,.T.);
#6710=ORIENTED_EDGE('',*,*,#4503,.T.);
#6711=ORIENTED_EDGE('',*,*,#4500,.T.);
#6712=ORIENTED_EDGE('',*,*,#4497,.T.);
#6713=ORIENTED_EDGE('',*,*,#4509,.T.);
#6714=ORIENTED_EDGE('',*,*,#4506,.T.);
#6715=ORIENTED_EDGE('',*,*,#4518,.T.);
#6716=ORIENTED_EDGE('',*,*,#4515,.T.);
#6717=ORIENTED_EDGE('',*,*,#4512,.T.);
#6718=ORIENTED_EDGE('',*,*,#4521,.T.);
#6719=ORIENTED_EDGE('',*,*,#4530,.T.);
#6720=ORIENTED_EDGE('',*,*,#4527,.T.);
#6721=ORIENTED_EDGE('',*,*,#4524,.T.);
#6722=ORIENTED_EDGE('',*,*,#4533,.T.);
#6723=ORIENTED_EDGE('',*,*,#4542,.T.);
#6724=ORIENTED_EDGE('',*,*,#4539,.T.);
#6725=ORIENTED_EDGE('',*,*,#4536,.T.);
#6726=ORIENTED_EDGE('',*,*,#4545,.T.);
#6727=ORIENTED_EDGE('',*,*,#4554,.T.);
#6728=ORIENTED_EDGE('',*,*,#4551,.T.);
#6729=ORIENTED_EDGE('',*,*,#4548,.T.);
#6730=ORIENTED_EDGE('',*,*,#4557,.T.);
#6731=ORIENTED_EDGE('',*,*,#4566,.T.);
#6732=ORIENTED_EDGE('',*,*,#4563,.T.);
#6733=ORIENTED_EDGE('',*,*,#4560,.T.);
#6734=ORIENTED_EDGE('',*,*,#4569,.T.);
#6735=ORIENTED_EDGE('',*,*,#4578,.T.);
#6736=ORIENTED_EDGE('',*,*,#4575,.T.);
#6737=ORIENTED_EDGE('',*,*,#4572,.T.);
#6738=ORIENTED_EDGE('',*,*,#4581,.T.);
#6739=ORIENTED_EDGE('',*,*,#4590,.T.);
#6740=ORIENTED_EDGE('',*,*,#4587,.T.);
#6741=ORIENTED_EDGE('',*,*,#4584,.T.);
#6742=ORIENTED_EDGE('',*,*,#4593,.T.);
#6743=ORIENTED_EDGE('',*,*,#4602,.T.);
#6744=ORIENTED_EDGE('',*,*,#4599,.T.);
#6745=ORIENTED_EDGE('',*,*,#4596,.T.);
#6746=ORIENTED_EDGE('',*,*,#4605,.T.);
#6747=ORIENTED_EDGE('',*,*,#4614,.T.);
#6748=ORIENTED_EDGE('',*,*,#4611,.T.);
#6749=ORIENTED_EDGE('',*,*,#4608,.T.);
#6750=ORIENTED_EDGE('',*,*,#4617,.T.);
#6751=ORIENTED_EDGE('',*,*,#4626,.T.);
#6752=ORIENTED_EDGE('',*,*,#4623,.T.);
#6753=ORIENTED_EDGE('',*,*,#4620,.T.);
#6754=ORIENTED_EDGE('',*,*,#4629,.T.);
#6755=ORIENTED_EDGE('',*,*,#4638,.T.);
#6756=ORIENTED_EDGE('',*,*,#4635,.T.);
#6757=ORIENTED_EDGE('',*,*,#4632,.T.);
#6758=ORIENTED_EDGE('',*,*,#4641,.T.);
#6759=ORIENTED_EDGE('',*,*,#4650,.T.);
#6760=ORIENTED_EDGE('',*,*,#4647,.T.);
#6761=ORIENTED_EDGE('',*,*,#4644,.T.);
#6762=ORIENTED_EDGE('',*,*,#4653,.T.);
#6763=ORIENTED_EDGE('',*,*,#4662,.T.);
#6764=ORIENTED_EDGE('',*,*,#4659,.T.);
#6765=ORIENTED_EDGE('',*,*,#4656,.T.);
#6766=ORIENTED_EDGE('',*,*,#4665,.T.);
#6767=ORIENTED_EDGE('',*,*,#4729,.F.);
#6768=ORIENTED_EDGE('',*,*,#4730,.T.);
#6769=ORIENTED_EDGE('',*,*,#4721,.F.);
#6770=ORIENTED_EDGE('',*,*,#4719,.F.);
#6771=ORIENTED_EDGE('',*,*,#4688,.F.);
#6772=ORIENTED_EDGE('',*,*,#4728,.F.);
#6773=ORIENTED_EDGE('',*,*,#4685,.T.);
#6774=ORIENTED_EDGE('',*,*,#4469,.F.);
#6775=ORIENTED_EDGE('',*,*,#4727,.F.);
#6776=ORIENTED_EDGE('',*,*,#4696,.T.);
#6777=ORIENTED_EDGE('',*,*,#4697,.T.);
#6778=ORIENTED_EDGE('',*,*,#4731,.F.);
#6779=ORIENTED_EDGE('',*,*,#4732,.F.);
#6780=ORIENTED_EDGE('',*,*,#4714,.T.);
#6781=ORIENTED_EDGE('',*,*,#4691,.T.);
#6782=ORIENTED_EDGE('',*,*,#4694,.F.);
#6783=ORIENTED_EDGE('',*,*,#4726,.F.);
#6784=ORIENTED_EDGE('',*,*,#4711,.T.);
#6785=ORIENTED_EDGE('',*,*,#4713,.T.);
#6786=ORIENTED_EDGE('',*,*,#4733,.F.);
#6787=ORIENTED_EDGE('',*,*,#4734,.F.);
#6788=ORIENTED_EDGE('',*,*,#4731,.T.);
#6789=ORIENTED_EDGE('',*,*,#4698,.T.);
#6790=ORIENTED_EDGE('',*,*,#4709,.F.);
#6791=ORIENTED_EDGE('',*,*,#4725,.F.);
#6792=ORIENTED_EDGE('',*,*,#4735,.F.);
#6793=ORIENTED_EDGE('',*,*,#4736,.F.);
#6794=ORIENTED_EDGE('',*,*,#4733,.T.);
#6795=ORIENTED_EDGE('',*,*,#4712,.T.);
#6796=ORIENTED_EDGE('',*,*,#4737,.F.);
#6797=ORIENTED_EDGE('',*,*,#4735,.T.);
#6798=ORIENTED_EDGE('',*,*,#4724,.F.);
#6799=ORIENTED_EDGE('',*,*,#4738,.F.);
#6800=ORIENTED_EDGE('',*,*,#4739,.F.);
#6801=ORIENTED_EDGE('',*,*,#4738,.T.);
#6802=ORIENTED_EDGE('',*,*,#4723,.F.);
#6803=ORIENTED_EDGE('',*,*,#4700,.T.);
#6804=ORIENTED_EDGE('',*,*,#4465,.F.);
#6805=ORIENTED_EDGE('',*,*,#4722,.F.);
#6806=ORIENTED_EDGE('',*,*,#4730,.F.);
#6807=ORIENTED_EDGE('',*,*,#4739,.T.);
#6808=ORIENTED_EDGE('',*,*,#4729,.T.);
#6809=ORIENTED_EDGE('',*,*,#4718,.T.);
#6810=ORIENTED_EDGE('',*,*,#4715,.T.);
#6811=ORIENTED_EDGE('',*,*,#4732,.T.);
#6812=ORIENTED_EDGE('',*,*,#4734,.T.);
#6813=ORIENTED_EDGE('',*,*,#4736,.T.);
#6814=ORIENTED_EDGE('',*,*,#4737,.T.);
#6815=ORIENTED_EDGE('',*,*,#4478,.T.);
#6816=ORIENTED_EDGE('',*,*,#4481,.T.);
#6817=ORIENTED_EDGE('',*,*,#4471,.T.);
#6818=ORIENTED_EDGE('',*,*,#4475,.T.);
#6819=ORIENTED_EDGE('',*,*,#4490,.T.);
#6820=ORIENTED_EDGE('',*,*,#4493,.T.);
#6821=ORIENTED_EDGE('',*,*,#4483,.T.);
#6822=ORIENTED_EDGE('',*,*,#4487,.T.);
#6823=ORIENTED_EDGE('',*,*,#4502,.T.);
#6824=ORIENTED_EDGE('',*,*,#4505,.T.);
#6825=ORIENTED_EDGE('',*,*,#4508,.T.);
#6826=ORIENTED_EDGE('',*,*,#4495,.T.);
#6827=ORIENTED_EDGE('',*,*,#4499,.T.);
#6828=ORIENTED_EDGE('',*,*,#4517,.T.);
#6829=ORIENTED_EDGE('',*,*,#4520,.T.);
#6830=ORIENTED_EDGE('',*,*,#4510,.T.);
#6831=ORIENTED_EDGE('',*,*,#4514,.T.);
#6832=ORIENTED_EDGE('',*,*,#4529,.T.);
#6833=ORIENTED_EDGE('',*,*,#4532,.T.);
#6834=ORIENTED_EDGE('',*,*,#4522,.T.);
#6835=ORIENTED_EDGE('',*,*,#4526,.T.);
#6836=ORIENTED_EDGE('',*,*,#4541,.T.);
#6837=ORIENTED_EDGE('',*,*,#4544,.T.);
#6838=ORIENTED_EDGE('',*,*,#4534,.T.);
#6839=ORIENTED_EDGE('',*,*,#4538,.T.);
#6840=ORIENTED_EDGE('',*,*,#4553,.T.);
#6841=ORIENTED_EDGE('',*,*,#4556,.T.);
#6842=ORIENTED_EDGE('',*,*,#4546,.T.);
#6843=ORIENTED_EDGE('',*,*,#4550,.T.);
#6844=ORIENTED_EDGE('',*,*,#4565,.T.);
#6845=ORIENTED_EDGE('',*,*,#4568,.T.);
#6846=ORIENTED_EDGE('',*,*,#4558,.T.);
#6847=ORIENTED_EDGE('',*,*,#4562,.T.);
#6848=ORIENTED_EDGE('',*,*,#4577,.T.);
#6849=ORIENTED_EDGE('',*,*,#4580,.T.);
#6850=ORIENTED_EDGE('',*,*,#4570,.T.);
#6851=ORIENTED_EDGE('',*,*,#4574,.T.);
#6852=ORIENTED_EDGE('',*,*,#4589,.T.);
#6853=ORIENTED_EDGE('',*,*,#4592,.T.);
#6854=ORIENTED_EDGE('',*,*,#4582,.T.);
#6855=ORIENTED_EDGE('',*,*,#4586,.T.);
#6856=ORIENTED_EDGE('',*,*,#4601,.T.);
#6857=ORIENTED_EDGE('',*,*,#4604,.T.);
#6858=ORIENTED_EDGE('',*,*,#4594,.T.);
#6859=ORIENTED_EDGE('',*,*,#4598,.T.);
#6860=ORIENTED_EDGE('',*,*,#4613,.T.);
#6861=ORIENTED_EDGE('',*,*,#4616,.T.);
#6862=ORIENTED_EDGE('',*,*,#4606,.T.);
#6863=ORIENTED_EDGE('',*,*,#4610,.T.);
#6864=ORIENTED_EDGE('',*,*,#4625,.T.);
#6865=ORIENTED_EDGE('',*,*,#4628,.T.);
#6866=ORIENTED_EDGE('',*,*,#4618,.T.);
#6867=ORIENTED_EDGE('',*,*,#4622,.T.);
#6868=ORIENTED_EDGE('',*,*,#4637,.T.);
#6869=ORIENTED_EDGE('',*,*,#4640,.T.);
#6870=ORIENTED_EDGE('',*,*,#4630,.T.);
#6871=ORIENTED_EDGE('',*,*,#4634,.T.);
#6872=ORIENTED_EDGE('',*,*,#4649,.T.);
#6873=ORIENTED_EDGE('',*,*,#4652,.T.);
#6874=ORIENTED_EDGE('',*,*,#4642,.T.);
#6875=ORIENTED_EDGE('',*,*,#4646,.T.);
#6876=ORIENTED_EDGE('',*,*,#4661,.T.);
#6877=ORIENTED_EDGE('',*,*,#4664,.T.);
#6878=ORIENTED_EDGE('',*,*,#4654,.T.);
#6879=ORIENTED_EDGE('',*,*,#4658,.T.);
#6880=ORIENTED_EDGE('',*,*,#4668,.T.);
#6881=ORIENTED_EDGE('',*,*,#4671,.T.);
#6882=ORIENTED_EDGE('',*,*,#4674,.T.);
#6883=ORIENTED_EDGE('',*,*,#4677,.T.);
#6884=ORIENTED_EDGE('',*,*,#4680,.T.);
#6885=ORIENTED_EDGE('',*,*,#4683,.T.);
#6886=PLANE('',#7528);
#6887=PLANE('',#7529);
#6888=PLANE('',#7530);
#6889=PLANE('',#7531);
#6890=PLANE('',#7532);
#6891=PLANE('',#7533);
#6892=PLANE('',#7534);
#6893=PLANE('',#7535);
#6894=PLANE('',#7536);
#6895=PLANE('',#7537);
#6896=PLANE('',#7538);
#6897=PLANE('',#7539);
#6898=PLANE('',#7540);
#6899=PLANE('',#7541);
#6900=PLANE('',#7542);
#6901=PLANE('',#7543);
#6902=PLANE('',#7544);
#6903=PLANE('',#7545);
#6904=PLANE('',#7546);
#6905=PLANE('',#7547);
#6906=PLANE('',#7548);
#6907=PLANE('',#7549);
#6908=PLANE('',#7550);
#6909=PLANE('',#7551);
#6910=PLANE('',#7552);
#6911=PLANE('',#7553);
#6912=PLANE('',#7554);
#6913=PLANE('',#7555);
#6914=PLANE('',#7556);
#6915=PLANE('',#7557);
#6916=PLANE('',#7582);
#6917=PLANE('',#7583);
#6918=PLANE('',#7584);
#6919=PLANE('',#7585);
#6920=PLANE('',#7586);
#6921=PLANE('',#7587);
#6922=PLANE('',#7588);
#6923=PLANE('',#7589);
#6924=PLANE('',#7590);
#6925=PLANE('',#7591);
#6926=PLANE('',#7592);
#6927=PLANE('',#7593);
#6928=PLANE('',#7594);
#6929=PLANE('',#7595);
#6930=PLANE('',#7596);
#6931=PLANE('',#7597);
#6932=PLANE('',#7598);
#6933=PLANE('',#7599);
#6934=PLANE('',#7600);
#6935=PLANE('',#7601);
#6936=PLANE('',#7602);
#6937=PLANE('',#7603);
#6938=PLANE('',#7604);
#6939=PLANE('',#7605);
#6940=PLANE('',#7606);
#6941=PLANE('',#7607);
#6942=PLANE('',#7608);
#6943=PLANE('',#7609);
#6944=PLANE('',#7610);
#6945=PLANE('',#7611);
#6946=PLANE('',#7612);
#6947=PLANE('',#7613);
#6948=PLANE('',#7614);
#6949=PLANE('',#7615);
#6950=PLANE('',#7616);
#6951=PLANE('',#7617);
#6952=PLANE('',#7618);
#6953=PLANE('',#7619);
#6954=PLANE('',#7620);
#6955=PLANE('',#7621);
#6956=PLANE('',#7622);
#6957=PLANE('',#7623);
#6958=PLANE('',#7624);
#6959=PLANE('',#7625);
#6960=PLANE('',#7626);
#6961=PLANE('',#7627);
#6962=PLANE('',#7628);
#6963=PLANE('',#7629);
#6964=PLANE('',#7630);
#6965=PLANE('',#7631);
#6966=PLANE('',#7632);
#6967=PLANE('',#7633);
#6968=PLANE('',#7634);
#6969=PLANE('',#7635);
#6970=PLANE('',#7636);
#6971=PLANE('',#7637);
#6972=PLANE('',#7638);
#6973=PLANE('',#7639);
#6974=PLANE('',#7640);
#6975=PLANE('',#7641);
#6976=PLANE('',#7642);
#6977=PLANE('',#7643);
#6978=PLANE('',#7644);
#6979=PLANE('',#7645);
#6980=PLANE('',#7646);
#6981=PLANE('',#7647);
#6982=PLANE('',#7650);
#6983=PLANE('',#7651);
#6984=PLANE('',#7654);
#6985=PLANE('',#7657);
#6986=PLANE('',#7658);
#6987=PLANE('',#7661);
#6988=PLANE('',#7662);
#6989=PLANE('',#7663);
#6990=PLANE('',#7664);
#6991=PLANE('',#7668);
#6992=PLANE('',#7669);
#6993=PLANE('',#7673);
#6994=PLANE('',#7674);
#6995=PLANE('',#7677);
#6996=PLANE('',#7678);
#6997=PLANE('',#7679);
#6998=PLANE('',#7683);
#6999=PLANE('',#7684);
#7000=PLANE('',#7687);
#7001=PLANE('',#7688);
#7002=PLANE('',#7691);
#7003=PLANE('',#7695);
#7004=PLANE('',#7696);
#7005=PLANE('',#7697);
#7006=PLANE('',#7698);
#7007=PLANE('',#7699);
#7008=PLANE('',#7701);
#7009=PLANE('',#7703);
#7010=PLANE('',#7704);
#7011=PLANE('',#7706);
#7012=PLANE('',#7708);
#7013=PLANE('',#7709);
#7014=PLANE('',#7712);
#7015=PLANE('',#7716);
#7016=PLANE('',#7717);
#7017=PLANE('',#7721);
#7018=PLANE('',#7724);
#7019=PLANE('',#7725);
#7020=PLANE('',#7726);
#7021=PLANE('',#7727);
#7022=PLANE('',#7730);
#7023=PLANE('',#7734);
#7024=PLANE('',#7738);
#7025=PLANE('',#7739);
#7026=PLANE('',#7742);
#7027=PLANE('',#7743);
#7028=PLANE('',#7744);
#7029=PLANE('',#7745);
#7030=PLANE('',#7748);
#7031=PLANE('',#7749);
#7032=PLANE('',#7753);
#7033=PLANE('',#7757);
#7034=PLANE('',#7758);
#7035=PLANE('',#7761);
#7036=PLANE('',#7762);
#7037=PLANE('',#7763);
#7038=PLANE('',#7766);
#7039=PLANE('',#7767);
#7040=PLANE('',#7770);
#7041=PLANE('',#7773);
#7042=PLANE('',#7774);
#7043=PLANE('',#7777);
#7044=PLANE('',#7778);
#7045=PLANE('',#7779);
#7046=PLANE('',#7782);
#7047=PLANE('',#7783);
#7048=PLANE('',#7787);
#7049=PLANE('',#7791);
#7050=PLANE('',#7792);
#7051=PLANE('',#7793);
#7052=PLANE('',#7794);
#7053=PLANE('',#7795);
#7054=PLANE('',#7796);
#7055=PLANE('',#7797);
#7056=PLANE('',#7799);
#7057=PLANE('',#7801);
#7058=PLANE('',#7803);
#7059=PLANE('',#7804);
#7060=PLANE('',#7805);
#7061=PLANE('',#7807);
#7062=PLANE('',#7836);
#7063=PLANE('',#7861);
#7064=PLANE('',#7865);
#7065=PLANE('',#7868);
#7066=PLANE('',#7872);
#7067=PLANE('',#7873);
#7068=PLANE('',#7877);
#7069=PLANE('',#7881);
#7070=PLANE('',#7882);
#7071=PLANE('',#7886);
#7072=PLANE('',#7887);
#7073=PLANE('',#7888);
#7074=PLANE('',#7892);
#7075=PLANE('',#7893);
#7076=PLANE('',#7896);
#7077=PLANE('',#7899);
#7078=PLANE('',#7900);
#7079=PLANE('',#7901);
#7080=PLANE('',#7902);
#7081=PLANE('',#7903);
#7082=PLANE('',#7908);
#7083=PLANE('',#7924);
#7084=PLANE('',#7927);
#7085=PLANE('',#7932);
#7086=PLANE('',#7933);
#7087=PLANE('',#7934);
#7088=PLANE('',#7936);
#7089=PLANE('',#7943);
#7090=PLANE('',#7944);
#7091=PLANE('',#7945);
#7092=PLANE('',#7946);
#7093=PLANE('',#7947);
#7094=PLANE('',#7948);
#7095=PLANE('',#7949);
#7096=PLANE('',#7950);
#7097=PLANE('',#7951);
#7098=PLANE('',#7952);
#7099=PLANE('',#7953);
#7100=PLANE('',#7954);
#7101=PLANE('',#7955);
#7102=PLANE('',#7956);
#7103=PLANE('',#7957);
#7104=PLANE('',#7958);
#7105=PLANE('',#7959);
#7106=PLANE('',#7960);
#7107=PLANE('',#7961);
#7108=PLANE('',#7962);
#7109=PLANE('',#7963);
#7110=PLANE('',#7964);
#7111=PLANE('',#7965);
#7112=PLANE('',#7966);
#7113=PLANE('',#7967);
#7114=PLANE('',#7968);
#7115=PLANE('',#7969);
#7116=PLANE('',#7970);
#7117=PLANE('',#7971);
#7118=PLANE('',#7972);
#7119=PLANE('',#7973);
#7120=PLANE('',#7974);
#7121=PLANE('',#7975);
#7122=PLANE('',#7976);
#7123=PLANE('',#7977);
#7124=PLANE('',#7978);
#7125=PLANE('',#7979);
#7126=PLANE('',#7980);
#7127=PLANE('',#7981);
#7128=PLANE('',#7982);
#7129=PLANE('',#7983);
#7130=PLANE('',#7984);
#7131=PLANE('',#7985);
#7132=PLANE('',#7986);
#7133=PLANE('',#7987);
#7134=PLANE('',#7988);
#7135=PLANE('',#7989);
#7136=PLANE('',#7990);
#7137=PLANE('',#7991);
#7138=PLANE('',#7992);
#7139=PLANE('',#7993);
#7140=PLANE('',#7994);
#7141=PLANE('',#7995);
#7142=PLANE('',#7996);
#7143=PLANE('',#7997);
#7144=PLANE('',#7998);
#7145=PLANE('',#7999);
#7146=PLANE('',#8000);
#7147=PLANE('',#8001);
#7148=PLANE('',#8002);
#7149=PLANE('',#8003);
#7150=PLANE('',#8004);
#7151=PLANE('',#8005);
#7152=PLANE('',#8006);
#7153=PLANE('',#8007);
#7154=PLANE('',#8029);
#7155=PLANE('',#8033);
#7156=PLANE('',#8037);
#7157=PLANE('',#8041);
#7158=PLANE('',#8045);
#7159=PLANE('',#8049);
#7160=PLANE('',#8050);
#7161=PLANE('',#8051);
#7162=PLANE('',#8052);
#7163=PLANE('',#8057);
#7164=PLANE('',#8058);
#7165=PLANE('',#8059);
#7166=PLANE('',#8062);
#7167=PLANE('',#8063);
#7168=ADVANCED_FACE('',(#392),#6886,.F.);
#7169=ADVANCED_FACE('',(#393),#6887,.F.);
#7170=ADVANCED_FACE('',(#394),#6888,.F.);
#7171=ADVANCED_FACE('',(#395),#6889,.F.);
#7172=ADVANCED_FACE('',(#396),#6890,.F.);
#7173=ADVANCED_FACE('',(#397),#6891,.F.);
#7174=ADVANCED_FACE('',(#398),#6892,.F.);
#7175=ADVANCED_FACE('',(#399),#6893,.F.);
#7176=ADVANCED_FACE('',(#400),#6894,.F.);
#7177=ADVANCED_FACE('',(#401),#6895,.F.);
#7178=ADVANCED_FACE('',(#402),#6896,.F.);
#7179=ADVANCED_FACE('',(#403),#6897,.F.);
#7180=ADVANCED_FACE('',(#404),#6898,.F.);
#7181=ADVANCED_FACE('',(#405),#6899,.F.);
#7182=ADVANCED_FACE('',(#406),#6900,.F.);
#7183=ADVANCED_FACE('',(#407),#6901,.F.);
#7184=ADVANCED_FACE('',(#408),#6902,.F.);
#7185=ADVANCED_FACE('',(#409),#6903,.F.);
#7186=ADVANCED_FACE('',(#410),#6904,.F.);
#7187=ADVANCED_FACE('',(#411),#6905,.F.);
#7188=ADVANCED_FACE('',(#412),#6906,.F.);
#7189=ADVANCED_FACE('',(#413),#6907,.F.);
#7190=ADVANCED_FACE('',(#414),#6908,.F.);
#7191=ADVANCED_FACE('',(#415),#6909,.T.);
#7192=ADVANCED_FACE('',(#416),#6910,.T.);
#7193=ADVANCED_FACE('',(#417),#6911,.T.);
#7194=ADVANCED_FACE('',(#418),#6912,.T.);
#7195=ADVANCED_FACE('',(#419),#6913,.T.);
#7196=ADVANCED_FACE('',(#420),#6914,.T.);
#7197=ADVANCED_FACE('',(#421,#167,#168,#169,#170,#171,#172,#173,#174,#175,
#176,#177,#178,#179,#180,#181,#182,#183,#184,#185),#6915,.T.);
#7198=ADVANCED_FACE('',(#422),#6916,.F.);
#7199=ADVANCED_FACE('',(#423),#6917,.F.);
#7200=ADVANCED_FACE('',(#424),#6918,.F.);
#7201=ADVANCED_FACE('',(#425),#6919,.F.);
#7202=ADVANCED_FACE('',(#426),#6920,.F.);
#7203=ADVANCED_FACE('',(#427),#6921,.F.);
#7204=ADVANCED_FACE('',(#428),#6922,.F.);
#7205=ADVANCED_FACE('',(#429),#6923,.F.);
#7206=ADVANCED_FACE('',(#430),#6924,.F.);
#7207=ADVANCED_FACE('',(#431),#6925,.F.);
#7208=ADVANCED_FACE('',(#432),#6926,.F.);
#7209=ADVANCED_FACE('',(#433),#6927,.F.);
#7210=ADVANCED_FACE('',(#434),#6928,.F.);
#7211=ADVANCED_FACE('',(#435),#6929,.F.);
#7212=ADVANCED_FACE('',(#436),#6930,.F.);
#7213=ADVANCED_FACE('',(#437),#6931,.F.);
#7214=ADVANCED_FACE('',(#438),#6932,.F.);
#7215=ADVANCED_FACE('',(#439),#6933,.F.);
#7216=ADVANCED_FACE('',(#440),#6934,.F.);
#7217=ADVANCED_FACE('',(#441),#6935,.F.);
#7218=ADVANCED_FACE('',(#442),#6936,.F.);
#7219=ADVANCED_FACE('',(#443),#6937,.F.);
#7220=ADVANCED_FACE('',(#444),#6938,.F.);
#7221=ADVANCED_FACE('',(#445),#6939,.F.);
#7222=ADVANCED_FACE('',(#446),#6940,.F.);
#7223=ADVANCED_FACE('',(#447),#6941,.F.);
#7224=ADVANCED_FACE('',(#448),#6942,.F.);
#7225=ADVANCED_FACE('',(#449),#6943,.F.);
#7226=ADVANCED_FACE('',(#450),#6944,.F.);
#7227=ADVANCED_FACE('',(#451),#6945,.F.);
#7228=ADVANCED_FACE('',(#452),#6946,.F.);
#7229=ADVANCED_FACE('',(#453),#6947,.F.);
#7230=ADVANCED_FACE('',(#454),#6948,.F.);
#7231=ADVANCED_FACE('',(#455),#6949,.F.);
#7232=ADVANCED_FACE('',(#456),#6950,.F.);
#7233=ADVANCED_FACE('',(#457),#6951,.F.);
#7234=ADVANCED_FACE('',(#458),#6952,.F.);
#7235=ADVANCED_FACE('',(#459),#6953,.F.);
#7236=ADVANCED_FACE('',(#460),#6954,.F.);
#7237=ADVANCED_FACE('',(#461),#6955,.F.);
#7238=ADVANCED_FACE('',(#462),#6956,.F.);
#7239=ADVANCED_FACE('',(#463),#6957,.F.);
#7240=ADVANCED_FACE('',(#464),#6958,.F.);
#7241=ADVANCED_FACE('',(#465),#6959,.F.);
#7242=ADVANCED_FACE('',(#466),#6960,.F.);
#7243=ADVANCED_FACE('',(#467),#6961,.F.);
#7244=ADVANCED_FACE('',(#468),#6962,.F.);
#7245=ADVANCED_FACE('',(#469),#6963,.F.);
#7246=ADVANCED_FACE('',(#470),#6964,.F.);
#7247=ADVANCED_FACE('',(#471),#6965,.F.);
#7248=ADVANCED_FACE('',(#472),#6966,.F.);
#7249=ADVANCED_FACE('',(#473),#6967,.F.);
#7250=ADVANCED_FACE('',(#474),#6968,.F.);
#7251=ADVANCED_FACE('',(#475),#6969,.F.);
#7252=ADVANCED_FACE('',(#476),#6970,.F.);
#7253=ADVANCED_FACE('',(#477),#6971,.F.);
#7254=ADVANCED_FACE('',(#478),#6972,.F.);
#7255=ADVANCED_FACE('',(#479),#6973,.F.);
#7256=ADVANCED_FACE('',(#480),#6974,.F.);
#7257=ADVANCED_FACE('',(#481),#6975,.F.);
#7258=ADVANCED_FACE('',(#482),#6976,.F.);
#7259=ADVANCED_FACE('',(#483),#6977,.F.);
#7260=ADVANCED_FACE('',(#484),#6978,.F.);
#7261=ADVANCED_FACE('',(#485),#6979,.F.);
#7262=ADVANCED_FACE('',(#486),#6980,.F.);
#7263=ADVANCED_FACE('',(#487),#6981,.F.);
#7264=ADVANCED_FACE('',(#488),#6982,.F.);
#7265=ADVANCED_FACE('',(#489),#6983,.F.);
#7266=ADVANCED_FACE('',(#490),#6984,.F.);
#7267=ADVANCED_FACE('',(#491),#6985,.F.);
#7268=ADVANCED_FACE('',(#492),#6986,.F.);
#7269=ADVANCED_FACE('',(#493),#6987,.F.);
#7270=ADVANCED_FACE('',(#494),#6988,.F.);
#7271=ADVANCED_FACE('',(#495),#6989,.F.);
#7272=ADVANCED_FACE('',(#496),#6990,.F.);
#7273=ADVANCED_FACE('',(#497),#6991,.F.);
#7274=ADVANCED_FACE('',(#498),#6992,.F.);
#7275=ADVANCED_FACE('',(#499),#6993,.F.);
#7276=ADVANCED_FACE('',(#500),#6994,.F.);
#7277=ADVANCED_FACE('',(#501),#6995,.F.);
#7278=ADVANCED_FACE('',(#502),#6996,.F.);
#7279=ADVANCED_FACE('',(#503),#6997,.F.);
#7280=ADVANCED_FACE('',(#504),#6998,.F.);
#7281=ADVANCED_FACE('',(#505),#6999,.F.);
#7282=ADVANCED_FACE('',(#506),#7000,.F.);
#7283=ADVANCED_FACE('',(#507),#7001,.F.);
#7284=ADVANCED_FACE('',(#508),#7002,.F.);
#7285=ADVANCED_FACE('',(#509),#7003,.F.);
#7286=ADVANCED_FACE('',(#510),#7004,.F.);
#7287=ADVANCED_FACE('',(#511),#7005,.F.);
#7288=ADVANCED_FACE('',(#512),#7006,.F.);
#7289=ADVANCED_FACE('',(#513),#7007,.F.);
#7290=ADVANCED_FACE('',(#514),#7008,.F.);
#7291=ADVANCED_FACE('',(#515),#7009,.F.);
#7292=ADVANCED_FACE('',(#516),#7010,.F.);
#7293=ADVANCED_FACE('',(#517),#7011,.F.);
#7294=ADVANCED_FACE('',(#518),#7012,.F.);
#7295=ADVANCED_FACE('',(#519),#7013,.F.);
#7296=ADVANCED_FACE('',(#520),#7014,.F.);
#7297=ADVANCED_FACE('',(#521),#7015,.F.);
#7298=ADVANCED_FACE('',(#522),#7016,.F.);
#7299=ADVANCED_FACE('',(#523),#7017,.F.);
#7300=ADVANCED_FACE('',(#524),#7018,.F.);
#7301=ADVANCED_FACE('',(#525),#7019,.F.);
#7302=ADVANCED_FACE('',(#526),#7020,.F.);
#7303=ADVANCED_FACE('',(#527),#7021,.F.);
#7304=ADVANCED_FACE('',(#528),#7022,.F.);
#7305=ADVANCED_FACE('',(#529),#7023,.F.);
#7306=ADVANCED_FACE('',(#530),#7024,.F.);
#7307=ADVANCED_FACE('',(#531),#7025,.F.);
#7308=ADVANCED_FACE('',(#532),#7026,.F.);
#7309=ADVANCED_FACE('',(#533),#7027,.F.);
#7310=ADVANCED_FACE('',(#534),#7028,.F.);
#7311=ADVANCED_FACE('',(#535),#7029,.F.);
#7312=ADVANCED_FACE('',(#536),#7030,.F.);
#7313=ADVANCED_FACE('',(#537),#7031,.F.);
#7314=ADVANCED_FACE('',(#538),#7032,.F.);
#7315=ADVANCED_FACE('',(#539),#7033,.F.);
#7316=ADVANCED_FACE('',(#540),#7034,.F.);
#7317=ADVANCED_FACE('',(#541),#7035,.F.);
#7318=ADVANCED_FACE('',(#542),#7036,.F.);
#7319=ADVANCED_FACE('',(#543),#7037,.F.);
#7320=ADVANCED_FACE('',(#544),#7038,.F.);
#7321=ADVANCED_FACE('',(#545),#7039,.F.);
#7322=ADVANCED_FACE('',(#546),#7040,.F.);
#7323=ADVANCED_FACE('',(#547),#7041,.F.);
#7324=ADVANCED_FACE('',(#548),#7042,.F.);
#7325=ADVANCED_FACE('',(#549),#7043,.F.);
#7326=ADVANCED_FACE('',(#550),#7044,.F.);
#7327=ADVANCED_FACE('',(#551),#7045,.F.);
#7328=ADVANCED_FACE('',(#552),#7046,.F.);
#7329=ADVANCED_FACE('',(#553),#7047,.F.);
#7330=ADVANCED_FACE('',(#554),#7048,.F.);
#7331=ADVANCED_FACE('',(#555),#7049,.F.);
#7332=ADVANCED_FACE('',(#556),#7050,.F.);
#7333=ADVANCED_FACE('',(#557),#7051,.F.);
#7334=ADVANCED_FACE('',(#558),#7052,.F.);
#7335=ADVANCED_FACE('',(#559),#7053,.F.);
#7336=ADVANCED_FACE('',(#560),#7054,.F.);
#7337=ADVANCED_FACE('',(#561),#7055,.F.);
#7338=ADVANCED_FACE('',(#562),#7056,.F.);
#7339=ADVANCED_FACE('',(#563),#7057,.F.);
#7340=ADVANCED_FACE('',(#564),#7058,.F.);
#7341=ADVANCED_FACE('',(#565),#7059,.F.);
#7342=ADVANCED_FACE('',(#566),#7060,.F.);
#7343=ADVANCED_FACE('',(#567),#7061,.T.);
#7344=ADVANCED_FACE('',(#568),#25,.T.);
#7345=ADVANCED_FACE('',(#569),#26,.T.);
#7346=ADVANCED_FACE('',(#570),#27,.F.);
#7347=ADVANCED_FACE('',(#571),#28,.T.);
#7348=ADVANCED_FACE('',(#572),#29,.T.);
#7349=ADVANCED_FACE('',(#573),#30,.T.);
#7350=ADVANCED_FACE('',(#574),#31,.T.);
#7351=ADVANCED_FACE('',(#575),#32,.T.);
#7352=ADVANCED_FACE('',(#576),#33,.F.);
#7353=ADVANCED_FACE('',(#577),#34,.F.);
#7354=ADVANCED_FACE('',(#578,#186),#35,.T.);
#7355=ADVANCED_FACE('',(#579,#187),#36,.F.);
#7356=ADVANCED_FACE('',(#580,#188),#37,.T.);
#7357=ADVANCED_FACE('',(#581,#189),#38,.F.);
#7358=ADVANCED_FACE('',(#582,#190,#191,#192,#193,#194,#195,#196,#197),#7062,
 .T.);
#7359=ADVANCED_FACE('',(#583),#39,.F.);
#7360=ADVANCED_FACE('',(#584),#40,.T.);
#7361=ADVANCED_FACE('',(#585),#41,.F.);
#7362=ADVANCED_FACE('',(#586),#42,.T.);
#7363=ADVANCED_FACE('',(#587),#43,.F.);
#7364=ADVANCED_FACE('',(#588),#44,.T.);
#7365=ADVANCED_FACE('',(#589),#45,.F.);
#7366=ADVANCED_FACE('',(#590),#46,.F.);
#7367=ADVANCED_FACE('',(#591),#47,.T.);
#7368=ADVANCED_FACE('',(#592),#48,.F.);
#7369=ADVANCED_FACE('',(#593),#49,.F.);
#7370=ADVANCED_FACE('',(#594),#50,.T.);
#7371=ADVANCED_FACE('',(#595,#198),#7063,.T.);
#7372=ADVANCED_FACE('',(#596),#51,.F.);
#7373=ADVANCED_FACE('',(#597),#7064,.T.);
#7374=ADVANCED_FACE('',(#598),#52,.T.);
#7375=ADVANCED_FACE('',(#599,#199),#7065,.T.);
#7376=ADVANCED_FACE('',(#600),#53,.F.);
#7377=ADVANCED_FACE('',(#601),#7066,.T.);
#7378=ADVANCED_FACE('',(#602),#7067,.T.);
#7379=ADVANCED_FACE('',(#603),#54,.F.);
#7380=ADVANCED_FACE('',(#604,#200),#7068,.T.);
#7381=ADVANCED_FACE('',(#605),#55,.F.);
#7382=ADVANCED_FACE('',(#606,#201),#7069,.T.);
#7383=ADVANCED_FACE('',(#607),#7070,.T.);
#7384=ADVANCED_FACE('',(#608),#56,.F.);
#7385=ADVANCED_FACE('',(#609,#202),#7071,.T.);
#7386=ADVANCED_FACE('',(#610),#7072,.T.);
#7387=ADVANCED_FACE('',(#611),#7073,.T.);
#7388=ADVANCED_FACE('',(#612),#57,.F.);
#7389=ADVANCED_FACE('',(#613,#203),#7074,.T.);
#7390=ADVANCED_FACE('',(#614),#7075,.T.);
#7391=ADVANCED_FACE('',(#615),#58,.F.);
#7392=ADVANCED_FACE('',(#616),#7076,.T.);
#7393=ADVANCED_FACE('',(#617),#59,.F.);
#7394=ADVANCED_FACE('',(#618),#7077,.T.);
#7395=ADVANCED_FACE('',(#619),#7078,.T.);
#7396=ADVANCED_FACE('',(#620),#7079,.T.);
#7397=ADVANCED_FACE('',(#621,#204),#7080,.T.);
#7398=ADVANCED_FACE('',(#622,#205),#7081,.T.);
#7399=ADVANCED_FACE('',(#623,#206,#207,#208,#209,#210,#211,#212,#213,#214,
#215,#216,#217,#218,#219,#220,#221,#222,#223),#7082,.F.);
#7400=ADVANCED_FACE('',(#624),#60,.F.);
#7401=ADVANCED_FACE('',(#625),#61,.F.);
#7402=ADVANCED_FACE('',(#626),#62,.F.);
#7403=ADVANCED_FACE('',(#627),#63,.T.);
#7404=ADVANCED_FACE('',(#628),#7083,.T.);
#7405=ADVANCED_FACE('',(#629),#64,.T.);
#7406=ADVANCED_FACE('',(#630),#65,.T.);
#7407=ADVANCED_FACE('',(#631,#224,#225),#7084,.T.);
#7408=ADVANCED_FACE('',(#632),#66,.T.);
#7409=ADVANCED_FACE('',(#633),#67,.T.);
#7410=ADVANCED_FACE('',(#634),#68,.F.);
#7411=ADVANCED_FACE('',(#635),#69,.T.);
#7412=ADVANCED_FACE('',(#636),#7085,.T.);
#7413=ADVANCED_FACE('',(#637,#226,#227,#228,#229,#230,#231,#232,#233,#234,
#235),#7086,.T.);
#7414=ADVANCED_FACE('',(#638),#7087,.T.);
#7415=ADVANCED_FACE('',(#639),#70,.T.);
#7416=ADVANCED_FACE('',(#640),#7088,.T.);
#7417=ADVANCED_FACE('',(#641),#71,.F.);
#7418=ADVANCED_FACE('',(#642),#72,.F.);
#7419=ADVANCED_FACE('',(#643),#7089,.F.);
#7420=ADVANCED_FACE('',(#644),#7090,.F.);
#7421=ADVANCED_FACE('',(#645),#7091,.F.);
#7422=ADVANCED_FACE('',(#646),#7092,.F.);
#7423=ADVANCED_FACE('',(#647),#7093,.F.);
#7424=ADVANCED_FACE('',(#648),#7094,.F.);
#7425=ADVANCED_FACE('',(#649),#7095,.F.);
#7426=ADVANCED_FACE('',(#650),#7096,.F.);
#7427=ADVANCED_FACE('',(#651),#7097,.F.);
#7428=ADVANCED_FACE('',(#652),#7098,.F.);
#7429=ADVANCED_FACE('',(#653),#7099,.F.);
#7430=ADVANCED_FACE('',(#654),#7100,.F.);
#7431=ADVANCED_FACE('',(#655),#7101,.F.);
#7432=ADVANCED_FACE('',(#656),#7102,.F.);
#7433=ADVANCED_FACE('',(#657),#7103,.F.);
#7434=ADVANCED_FACE('',(#658),#7104,.F.);
#7435=ADVANCED_FACE('',(#659),#7105,.F.);
#7436=ADVANCED_FACE('',(#660),#7106,.F.);
#7437=ADVANCED_FACE('',(#661),#7107,.F.);
#7438=ADVANCED_FACE('',(#662),#7108,.F.);
#7439=ADVANCED_FACE('',(#663),#7109,.F.);
#7440=ADVANCED_FACE('',(#664),#7110,.F.);
#7441=ADVANCED_FACE('',(#665),#7111,.F.);
#7442=ADVANCED_FACE('',(#666),#7112,.F.);
#7443=ADVANCED_FACE('',(#667),#7113,.F.);
#7444=ADVANCED_FACE('',(#668),#7114,.F.);
#7445=ADVANCED_FACE('',(#669),#7115,.F.);
#7446=ADVANCED_FACE('',(#670),#7116,.F.);
#7447=ADVANCED_FACE('',(#671),#7117,.F.);
#7448=ADVANCED_FACE('',(#672),#7118,.F.);
#7449=ADVANCED_FACE('',(#673),#7119,.F.);
#7450=ADVANCED_FACE('',(#674),#7120,.F.);
#7451=ADVANCED_FACE('',(#675),#7121,.F.);
#7452=ADVANCED_FACE('',(#676),#7122,.F.);
#7453=ADVANCED_FACE('',(#677),#7123,.F.);
#7454=ADVANCED_FACE('',(#678),#7124,.F.);
#7455=ADVANCED_FACE('',(#679),#7125,.F.);
#7456=ADVANCED_FACE('',(#680),#7126,.F.);
#7457=ADVANCED_FACE('',(#681),#7127,.F.);
#7458=ADVANCED_FACE('',(#682),#7128,.F.);
#7459=ADVANCED_FACE('',(#683),#7129,.F.);
#7460=ADVANCED_FACE('',(#684),#7130,.F.);
#7461=ADVANCED_FACE('',(#685),#7131,.F.);
#7462=ADVANCED_FACE('',(#686),#7132,.F.);
#7463=ADVANCED_FACE('',(#687),#7133,.F.);
#7464=ADVANCED_FACE('',(#688),#7134,.F.);
#7465=ADVANCED_FACE('',(#689),#7135,.F.);
#7466=ADVANCED_FACE('',(#690),#7136,.F.);
#7467=ADVANCED_FACE('',(#691),#7137,.F.);
#7468=ADVANCED_FACE('',(#692),#7138,.F.);
#7469=ADVANCED_FACE('',(#693),#7139,.F.);
#7470=ADVANCED_FACE('',(#694),#7140,.F.);
#7471=ADVANCED_FACE('',(#695),#7141,.F.);
#7472=ADVANCED_FACE('',(#696),#7142,.F.);
#7473=ADVANCED_FACE('',(#697),#7143,.F.);
#7474=ADVANCED_FACE('',(#698),#7144,.F.);
#7475=ADVANCED_FACE('',(#699),#7145,.F.);
#7476=ADVANCED_FACE('',(#700),#7146,.F.);
#7477=ADVANCED_FACE('',(#701),#7147,.F.);
#7478=ADVANCED_FACE('',(#702),#7148,.F.);
#7479=ADVANCED_FACE('',(#703),#7149,.F.);
#7480=ADVANCED_FACE('',(#704),#7150,.F.);
#7481=ADVANCED_FACE('',(#705),#7151,.F.);
#7482=ADVANCED_FACE('',(#706),#7152,.F.);
#7483=ADVANCED_FACE('',(#707),#7153,.F.);
#7484=ADVANCED_FACE('',(#708),#73,.F.);
#7485=ADVANCED_FACE('',(#709),#74,.F.);
#7486=ADVANCED_FACE('',(#710),#75,.F.);
#7487=ADVANCED_FACE('',(#711),#76,.F.);
#7488=ADVANCED_FACE('',(#712),#77,.F.);
#7489=ADVANCED_FACE('',(#713),#78,.F.);
#7490=ADVANCED_FACE('',(#714),#79,.F.);
#7491=ADVANCED_FACE('',(#715,#236),#7154,.T.);
#7492=ADVANCED_FACE('',(#716),#80,.F.);
#7493=ADVANCED_FACE('',(#717,#237),#7155,.T.);
#7494=ADVANCED_FACE('',(#718),#81,.F.);
#7495=ADVANCED_FACE('',(#719,#238),#7156,.T.);
#7496=ADVANCED_FACE('',(#720),#82,.F.);
#7497=ADVANCED_FACE('',(#721,#239),#7157,.T.);
#7498=ADVANCED_FACE('',(#722),#83,.F.);
#7499=ADVANCED_FACE('',(#723,#240),#7158,.T.);
#7500=ADVANCED_FACE('',(#724),#84,.F.);
#7501=ADVANCED_FACE('',(#725,#241),#7159,.T.);
#7502=ADVANCED_FACE('',(#726),#7160,.T.);
#7503=ADVANCED_FACE('',(#727),#7161,.T.);
#7504=ADVANCED_FACE('',(#728,#242,#243,#244,#245,#246,#247,#248,#249,#250,
#251,#252,#253,#254,#255,#256,#257),#7162,.T.);
#7505=ADVANCED_FACE('',(#729),#85,.F.);
#7506=ADVANCED_FACE('',(#730),#7163,.T.);
#7507=ADVANCED_FACE('',(#731),#7164,.T.);
#7508=ADVANCED_FACE('',(#732),#7165,.T.);
#7509=ADVANCED_FACE('',(#733),#86,.F.);
#7510=ADVANCED_FACE('',(#734),#7166,.T.);
#7511=ADVANCED_FACE('',(#735,#258,#259,#260,#261,#262,#263,#264,#265,#266,
#267,#268,#269,#270,#271,#272,#273,#274,#275,#276,#277,#278,#279),#7167,
 .F.);
#7512=CLOSED_SHELL('',(#7168,#7169,#7170,#7171,#7172,#7173,#7174,#7175,
#7176,#7177,#7178,#7179,#7180,#7181,#7182,#7183,#7184,#7185,#7186,#7187,
#7188,#7189,#7190,#7191,#7192,#7193,#7194,#7195,#7196,#7197,#7198,#7199,
#7200,#7201,#7202,#7203,#7204,#7205,#7206,#7207,#7208,#7209,#7210,#7211,
#7212,#7213,#7214,#7215,#7216,#7217,#7218,#7219,#7220,#7221,#7222,#7223,
#7224,#7225,#7226,#7227,#7228,#7229,#7230,#7231,#7232,#7233,#7234,#7235,
#7236,#7237,#7238,#7239,#7240,#7241,#7242,#7243,#7244,#7245,#7246,#7247,
#7248,#7249,#7250,#7251,#7252,#7253,#7254,#7255,#7256,#7257,#7258,#7259,
#7260,#7261,#7262,#7263,#7264,#7265,#7266,#7267,#7268,#7269,#7270,#7271,
#7272,#7273,#7274,#7275,#7276,#7277,#7278,#7279,#7280,#7281,#7282,#7283,
#7284,#7285,#7286,#7287,#7288,#7289,#7290,#7291,#7292,#7293,#7294,#7295,
#7296,#7297,#7298,#7299,#7300,#7301,#7302,#7303,#7304,#7305,#7306,#7307,
#7308,#7309,#7310,#7311,#7312,#7313,#7314,#7315,#7316,#7317,#7318,#7319,
#7320,#7321,#7322,#7323,#7324,#7325,#7326,#7327,#7328,#7329,#7330,#7331,
#7332,#7333,#7334,#7335,#7336,#7337,#7338,#7339,#7340,#7341,#7342,#7343,
#7344,#7345,#7346,#7347,#7348,#7349,#7350,#7351,#7352,#7353,#7354,#7355,
#7356,#7357,#7358,#7359,#7360,#7361,#7362,#7363,#7364,#7365,#7366,#7367,
#7368,#7369,#7370,#7371,#7372,#7373,#7374,#7375,#7376,#7377,#7378,#7379,
#7380,#7381,#7382,#7383,#7384,#7385,#7386,#7387,#7388,#7389,#7390,#7391,
#7392,#7393,#7394,#7395,#7396,#7397,#7398,#7399,#7400,#7401,#7402,#7403,
#7404,#7405,#7406,#7407,#7408,#7409,#7410,#7411,#7412,#7413,#7414,#7415,
#7416));
#7513=CLOSED_SHELL('',(#7417,#7418,#7419,#7420,#7421,#7422,#7423,#7424,
#7425,#7426,#7427,#7428,#7429,#7430,#7431,#7432,#7433,#7434,#7435,#7436,
#7437,#7438,#7439,#7440,#7441,#7442,#7443,#7444,#7445,#7446,#7447,#7448,
#7449,#7450,#7451,#7452,#7453,#7454,#7455,#7456,#7457,#7458,#7459,#7460,
#7461,#7462,#7463,#7464,#7465,#7466,#7467,#7468,#7469,#7470,#7471,#7472,
#7473,#7474,#7475,#7476,#7477,#7478,#7479,#7480,#7481,#7482,#7483,#7484,
#7485,#7486,#7487,#7488,#7489,#7490,#7491,#7492,#7493,#7494,#7495,#7496,
#7497,#7498,#7499,#7500,#7501,#7502,#7503,#7504,#7505,#7506,#7507,#7508,
#7509,#7510,#7511));
#7514=DERIVED_UNIT_ELEMENT(#7516,1.);
#7515=DERIVED_UNIT_ELEMENT(#12167,-3.);
#7516=(
MASS_UNIT()
NAMED_UNIT(*)
SI_UNIT(.KILO.,.GRAM.)
);
#7517=DERIVED_UNIT((#7514,#7515));
#7518=MEASURE_REPRESENTATION_ITEM('density measure',
POSITIVE_RATIO_MEASURE(1060.),#7517);
#7519=PROPERTY_DEFINITION_REPRESENTATION(#7524,#7521);
#7520=PROPERTY_DEFINITION_REPRESENTATION(#7525,#7522);
#7521=REPRESENTATION('material name',(#7523),#12164);
#7522=REPRESENTATION('density',(#7518),#12164);
#7523=DESCRIPTIVE_REPRESENTATION_ITEM('ABS-Kunststoff','ABS-Kunststoff');
#7524=PROPERTY_DEFINITION('material property','material name',#12179);
#7525=PROPERTY_DEFINITION('material property','density of part',#12179);
#7526=AXIS2_PLACEMENT_3D('',#10027,#8066,#8067);
#7527=AXIS2_PLACEMENT_3D('',#10028,#8068,#8069);
#7528=AXIS2_PLACEMENT_3D('',#10029,#8070,#8071);
#7529=AXIS2_PLACEMENT_3D('',#10038,#8076,#8077);
#7530=AXIS2_PLACEMENT_3D('',#10049,#8083,#8084);
#7531=AXIS2_PLACEMENT_3D('',#10055,#8088,#8089);
#7532=AXIS2_PLACEMENT_3D('',#10061,#8093,#8094);
#7533=AXIS2_PLACEMENT_3D('',#10069,#8099,#8100);
#7534=AXIS2_PLACEMENT_3D('',#10079,#8106,#8107);
#7535=AXIS2_PLACEMENT_3D('',#10085,#8111,#8112);
#7536=AXIS2_PLACEMENT_3D('',#10093,#8117,#8118);
#7537=AXIS2_PLACEMENT_3D('',#10098,#8122,#8123);
#7538=AXIS2_PLACEMENT_3D('',#10107,#8128,#8129);
#7539=AXIS2_PLACEMENT_3D('',#10118,#8135,#8136);
#7540=AXIS2_PLACEMENT_3D('',#10124,#8140,#8141);
#7541=AXIS2_PLACEMENT_3D('',#10132,#8146,#8147);
#7542=AXIS2_PLACEMENT_3D('',#10142,#8153,#8154);
#7543=AXIS2_PLACEMENT_3D('',#10148,#8158,#8159);
#7544=AXIS2_PLACEMENT_3D('',#10155,#8164,#8165);
#7545=AXIS2_PLACEMENT_3D('',#10164,#8170,#8171);
#7546=AXIS2_PLACEMENT_3D('',#10173,#8176,#8177);
#7547=AXIS2_PLACEMENT_3D('',#10181,#8182,#8183);
#7548=AXIS2_PLACEMENT_3D('',#10191,#8189,#8190);
#7549=AXIS2_PLACEMENT_3D('',#10199,#8195,#8196);
#7550=AXIS2_PLACEMENT_3D('',#10205,#8200,#8201);
#7551=AXIS2_PLACEMENT_3D('',#10212,#8206,#8207);
#7552=AXIS2_PLACEMENT_3D('',#10224,#8215,#8216);
#7553=AXIS2_PLACEMENT_3D('',#10236,#8224,#8225);
#7554=AXIS2_PLACEMENT_3D('',#10240,#8228,#8229);
#7555=AXIS2_PLACEMENT_3D('',#10244,#8232,#8233);
#7556=AXIS2_PLACEMENT_3D('',#10246,#8235,#8236);
#7557=AXIS2_PLACEMENT_3D('',#10266,#8248,#8249);
#7558=AXIS2_PLACEMENT_3D('',#10270,#8251,#8252);
#7559=AXIS2_PLACEMENT_3D('',#10272,#8253,#8254);
#7560=AXIS2_PLACEMENT_3D('',#10274,#8255,#8256);
#7561=AXIS2_PLACEMENT_3D('',#10278,#8258,#8259);
#7562=AXIS2_PLACEMENT_3D('',#10282,#8261,#8262);
#7563=AXIS2_PLACEMENT_3D('',#10284,#8263,#8264);
#7564=AXIS2_PLACEMENT_3D('',#10286,#8265,#8266);
#7565=AXIS2_PLACEMENT_3D('',#10290,#8268,#8269);
#7566=AXIS2_PLACEMENT_3D('',#10294,#8271,#8272);
#7567=AXIS2_PLACEMENT_3D('',#10296,#8273,#8274);
#7568=AXIS2_PLACEMENT_3D('',#10297,#8275,#8276);
#7569=AXIS2_PLACEMENT_3D('',#10299,#8277,#8278);
#7570=AXIS2_PLACEMENT_3D('',#10301,#8279,#8280);
#7571=AXIS2_PLACEMENT_3D('',#10303,#8281,#8282);
#7572=AXIS2_PLACEMENT_3D('',#10307,#8284,#8285);
#7573=AXIS2_PLACEMENT_3D('',#10309,#8286,#8287);
#7574=AXIS2_PLACEMENT_3D('',#10311,#8288,#8289);
#7575=AXIS2_PLACEMENT_3D('',#10315,#8291,#8292);
#7576=AXIS2_PLACEMENT_3D('',#10317,#8293,#8294);
#7577=AXIS2_PLACEMENT_3D('',#10319,#8295,#8296);
#7578=AXIS2_PLACEMENT_3D('',#10324,#8299,#8300);
#7579=AXIS2_PLACEMENT_3D('',#10326,#8301,#8302);
#7580=AXIS2_PLACEMENT_3D('',#10328,#8303,#8304);
#7581=AXIS2_PLACEMENT_3D('',#10332,#8307,#8308);
#7582=AXIS2_PLACEMENT_3D('',#10465,#8376,#8377);
#7583=AXIS2_PLACEMENT_3D('',#10471,#8381,#8382);
#7584=AXIS2_PLACEMENT_3D('',#10475,#8385,#8386);
#7585=AXIS2_PLACEMENT_3D('',#10479,#8389,#8390);
#7586=AXIS2_PLACEMENT_3D('',#10481,#8392,#8393);
#7587=AXIS2_PLACEMENT_3D('',#10487,#8397,#8398);
#7588=AXIS2_PLACEMENT_3D('',#10491,#8401,#8402);
#7589=AXIS2_PLACEMENT_3D('',#10495,#8405,#8406);
#7590=AXIS2_PLACEMENT_3D('',#10497,#8408,#8409);
#7591=AXIS2_PLACEMENT_3D('',#10503,#8413,#8414);
#7592=AXIS2_PLACEMENT_3D('',#10507,#8417,#8418);
#7593=AXIS2_PLACEMENT_3D('',#10511,#8421,#8422);
#7594=AXIS2_PLACEMENT_3D('',#10515,#8425,#8426);
#7595=AXIS2_PLACEMENT_3D('',#10517,#8428,#8429);
#7596=AXIS2_PLACEMENT_3D('',#10523,#8433,#8434);
#7597=AXIS2_PLACEMENT_3D('',#10527,#8437,#8438);
#7598=AXIS2_PLACEMENT_3D('',#10531,#8441,#8442);
#7599=AXIS2_PLACEMENT_3D('',#10533,#8444,#8445);
#7600=AXIS2_PLACEMENT_3D('',#10539,#8449,#8450);
#7601=AXIS2_PLACEMENT_3D('',#10543,#8453,#8454);
#7602=AXIS2_PLACEMENT_3D('',#10547,#8457,#8458);
#7603=AXIS2_PLACEMENT_3D('',#10549,#8460,#8461);
#7604=AXIS2_PLACEMENT_3D('',#10555,#8465,#8466);
#7605=AXIS2_PLACEMENT_3D('',#10559,#8469,#8470);
#7606=AXIS2_PLACEMENT_3D('',#10563,#8473,#8474);
#7607=AXIS2_PLACEMENT_3D('',#10565,#8476,#8477);
#7608=AXIS2_PLACEMENT_3D('',#10571,#8481,#8482);
#7609=AXIS2_PLACEMENT_3D('',#10575,#8485,#8486);
#7610=AXIS2_PLACEMENT_3D('',#10579,#8489,#8490);
#7611=AXIS2_PLACEMENT_3D('',#10581,#8492,#8493);
#7612=AXIS2_PLACEMENT_3D('',#10587,#8497,#8498);
#7613=AXIS2_PLACEMENT_3D('',#10591,#8501,#8502);
#7614=AXIS2_PLACEMENT_3D('',#10595,#8505,#8506);
#7615=AXIS2_PLACEMENT_3D('',#10597,#8508,#8509);
#7616=AXIS2_PLACEMENT_3D('',#10603,#8513,#8514);
#7617=AXIS2_PLACEMENT_3D('',#10607,#8517,#8518);
#7618=AXIS2_PLACEMENT_3D('',#10611,#8521,#8522);
#7619=AXIS2_PLACEMENT_3D('',#10613,#8524,#8525);
#7620=AXIS2_PLACEMENT_3D('',#10619,#8529,#8530);
#7621=AXIS2_PLACEMENT_3D('',#10623,#8533,#8534);
#7622=AXIS2_PLACEMENT_3D('',#10627,#8537,#8538);
#7623=AXIS2_PLACEMENT_3D('',#10629,#8540,#8541);
#7624=AXIS2_PLACEMENT_3D('',#10635,#8545,#8546);
#7625=AXIS2_PLACEMENT_3D('',#10639,#8549,#8550);
#7626=AXIS2_PLACEMENT_3D('',#10643,#8553,#8554);
#7627=AXIS2_PLACEMENT_3D('',#10645,#8556,#8557);
#7628=AXIS2_PLACEMENT_3D('',#10651,#8561,#8562);
#7629=AXIS2_PLACEMENT_3D('',#10655,#8565,#8566);
#7630=AXIS2_PLACEMENT_3D('',#10659,#8569,#8570);
#7631=AXIS2_PLACEMENT_3D('',#10661,#8572,#8573);
#7632=AXIS2_PLACEMENT_3D('',#10667,#8577,#8578);
#7633=AXIS2_PLACEMENT_3D('',#10671,#8581,#8582);
#7634=AXIS2_PLACEMENT_3D('',#10675,#8585,#8586);
#7635=AXIS2_PLACEMENT_3D('',#10677,#8588,#8589);
#7636=AXIS2_PLACEMENT_3D('',#10683,#8593,#8594);
#7637=AXIS2_PLACEMENT_3D('',#10687,#8597,#8598);
#7638=AXIS2_PLACEMENT_3D('',#10691,#8601,#8602);
#7639=AXIS2_PLACEMENT_3D('',#10693,#8604,#8605);
#7640=AXIS2_PLACEMENT_3D('',#10699,#8609,#8610);
#7641=AXIS2_PLACEMENT_3D('',#10703,#8613,#8614);
#7642=AXIS2_PLACEMENT_3D('',#10707,#8617,#8618);
#7643=AXIS2_PLACEMENT_3D('',#10709,#8620,#8621);
#7644=AXIS2_PLACEMENT_3D('',#10715,#8625,#8626);
#7645=AXIS2_PLACEMENT_3D('',#10719,#8629,#8630);
#7646=AXIS2_PLACEMENT_3D('',#10723,#8633,#8634);
#7647=AXIS2_PLACEMENT_3D('',#10725,#8636,#8637);
#7648=AXIS2_PLACEMENT_3D('',#10728,#8638,#8639);
#7649=AXIS2_PLACEMENT_3D('',#10732,#8641,#8642);
#7650=AXIS2_PLACEMENT_3D('',#10734,#8644,#8645);
#7651=AXIS2_PLACEMENT_3D('',#10743,#8650,#8651);
#7652=AXIS2_PLACEMENT_3D('',#10745,#8652,#8653);
#7653=AXIS2_PLACEMENT_3D('',#10747,#8654,#8655);
#7654=AXIS2_PLACEMENT_3D('',#10749,#8657,#8658);
#7655=AXIS2_PLACEMENT_3D('',#10751,#8659,#8660);
#7656=AXIS2_PLACEMENT_3D('',#10754,#8662,#8663);
#7657=AXIS2_PLACEMENT_3D('',#10755,#8664,#8665);
#7658=AXIS2_PLACEMENT_3D('',#10761,#8669,#8670);
#7659=AXIS2_PLACEMENT_3D('',#10762,#8671,#8672);
#7660=AXIS2_PLACEMENT_3D('',#10763,#8673,#8674);
#7661=AXIS2_PLACEMENT_3D('',#10764,#8675,#8676);
#7662=AXIS2_PLACEMENT_3D('',#10770,#8680,#8681);
#7663=AXIS2_PLACEMENT_3D('',#10773,#8684,#8685);
#7664=AXIS2_PLACEMENT_3D('',#10782,#8690,#8691);
#7665=AXIS2_PLACEMENT_3D('',#10785,#8692,#8693);
#7666=AXIS2_PLACEMENT_3D('',#10789,#8695,#8696);
#7667=AXIS2_PLACEMENT_3D('',#10791,#8697,#8698);
#7668=AXIS2_PLACEMENT_3D('',#10793,#8700,#8701);
#7669=AXIS2_PLACEMENT_3D('',#10802,#8706,#8707);
#7670=AXIS2_PLACEMENT_3D('',#10804,#8708,#8709);
#7671=AXIS2_PLACEMENT_3D('',#10809,#8712,#8713);
#7672=AXIS2_PLACEMENT_3D('',#10810,#8714,#8715);
#7673=AXIS2_PLACEMENT_3D('',#10811,#8716,#8717);
#7674=AXIS2_PLACEMENT_3D('',#10817,#8721,#8722);
#7675=AXIS2_PLACEMENT_3D('',#10819,#8723,#8724);
#7676=AXIS2_PLACEMENT_3D('',#10821,#8725,#8726);
#7677=AXIS2_PLACEMENT_3D('',#10824,#8729,#8730);
#7678=AXIS2_PLACEMENT_3D('',#10830,#8734,#8735);
#7679=AXIS2_PLACEMENT_3D('',#10833,#8738,#8739);
#7680=AXIS2_PLACEMENT_3D('',#10836,#8740,#8741);
#7681=AXIS2_PLACEMENT_3D('',#10840,#8743,#8744);
#7682=AXIS2_PLACEMENT_3D('',#10842,#8745,#8746);
#7683=AXIS2_PLACEMENT_3D('',#10844,#8748,#8749);
#7684=AXIS2_PLACEMENT_3D('',#10853,#8754,#8755);
#7685=AXIS2_PLACEMENT_3D('',#10855,#8756,#8757);
#7686=AXIS2_PLACEMENT_3D('',#10862,#8761,#8762);
#7687=AXIS2_PLACEMENT_3D('',#10863,#8763,#8764);
#7688=AXIS2_PLACEMENT_3D('',#10869,#8768,#8769);
#7689=AXIS2_PLACEMENT_3D('',#10871,#8770,#8771);
#7690=AXIS2_PLACEMENT_3D('',#10873,#8772,#8773);
#7691=AXIS2_PLACEMENT_3D('',#10875,#8775,#8776);
#7692=AXIS2_PLACEMENT_3D('',#10878,#8778,#8779);
#7693=AXIS2_PLACEMENT_3D('',#10880,#8780,#8781);
#7694=AXIS2_PLACEMENT_3D('',#10882,#8782,#8783);
#7695=AXIS2_PLACEMENT_3D('',#10884,#8785,#8786);
#7696=AXIS2_PLACEMENT_3D('',#10890,#8790,#8791);
#7697=AXIS2_PLACEMENT_3D('',#10893,#8794,#8795);
#7698=AXIS2_PLACEMENT_3D('',#10902,#8800,#8801);
#7699=AXIS2_PLACEMENT_3D('',#10911,#8806,#8807);
#7700=AXIS2_PLACEMENT_3D('',#10915,#8809,#8810);
#7701=AXIS2_PLACEMENT_3D('',#10919,#8813,#8814);
#7702=AXIS2_PLACEMENT_3D('',#10926,#8818,#8819);
#7703=AXIS2_PLACEMENT_3D('',#10927,#8820,#8821);
#7704=AXIS2_PLACEMENT_3D('',#10933,#8825,#8826);
#7705=AXIS2_PLACEMENT_3D('',#10937,#8829,#8830);
#7706=AXIS2_PLACEMENT_3D('',#10938,#8831,#8832);
#7707=AXIS2_PLACEMENT_3D('',#10942,#8834,#8835);
#7708=AXIS2_PLACEMENT_3D('',#10946,#8838,#8839);
#7709=AXIS2_PLACEMENT_3D('',#10949,#8842,#8843);
#7710=AXIS2_PLACEMENT_3D('',#10952,#8844,#8845);
#7711=AXIS2_PLACEMENT_3D('',#10956,#8847,#8848);
#7712=AXIS2_PLACEMENT_3D('',#10962,#8852,#8853);
#7713=AXIS2_PLACEMENT_3D('',#10965,#8854,#8855);
#7714=AXIS2_PLACEMENT_3D('',#10968,#8857,#8858);
#7715=AXIS2_PLACEMENT_3D('',#10969,#8859,#8860);
#7716=AXIS2_PLACEMENT_3D('',#10970,#8861,#8862);
#7717=AXIS2_PLACEMENT_3D('',#10979,#8867,#8868);
#7718=AXIS2_PLACEMENT_3D('',#10982,#8869,#8870);
#7719=AXIS2_PLACEMENT_3D('',#10984,#8871,#8872);
#7720=AXIS2_PLACEMENT_3D('',#10989,#8875,#8876);
#7721=AXIS2_PLACEMENT_3D('',#10991,#8878,#8879);
#7722=AXIS2_PLACEMENT_3D('',#10992,#8880,#8881);
#7723=AXIS2_PLACEMENT_3D('',#10993,#8882,#8883);
#7724=AXIS2_PLACEMENT_3D('',#10994,#8884,#8885);
#7725=AXIS2_PLACEMENT_3D('',#11000,#8889,#8890);
#7726=AXIS2_PLACEMENT_3D('',#11006,#8894,#8895);
#7727=AXIS2_PLACEMENT_3D('',#11009,#8898,#8899);
#7728=AXIS2_PLACEMENT_3D('',#11012,#8900,#8901);
#7729=AXIS2_PLACEMENT_3D('',#11016,#8903,#8904);
#7730=AXIS2_PLACEMENT_3D('',#11018,#8906,#8907);
#7731=AXIS2_PLACEMENT_3D('',#11021,#8908,#8909);
#7732=AXIS2_PLACEMENT_3D('',#11022,#8910,#8911);
#7733=AXIS2_PLACEMENT_3D('',#11024,#8912,#8913);
#7734=AXIS2_PLACEMENT_3D('',#11026,#8915,#8916);
#7735=AXIS2_PLACEMENT_3D('',#11029,#8917,#8918);
#7736=AXIS2_PLACEMENT_3D('',#11036,#8922,#8923);
#7737=AXIS2_PLACEMENT_3D('',#11037,#8924,#8925);
#7738=AXIS2_PLACEMENT_3D('',#11038,#8926,#8927);
#7739=AXIS2_PLACEMENT_3D('',#11047,#8932,#8933);
#7740=AXIS2_PLACEMENT_3D('',#11049,#8934,#8935);
#7741=AXIS2_PLACEMENT_3D('',#11051,#8936,#8937);
#7742=AXIS2_PLACEMENT_3D('',#11054,#8940,#8941);
#7743=AXIS2_PLACEMENT_3D('',#11060,#8945,#8946);
#7744=AXIS2_PLACEMENT_3D('',#11066,#8950,#8951);
#7745=AXIS2_PLACEMENT_3D('',#11069,#8954,#8955);
#7746=AXIS2_PLACEMENT_3D('',#11072,#8956,#8957);
#7747=AXIS2_PLACEMENT_3D('',#11076,#8959,#8960);
#7748=AXIS2_PLACEMENT_3D('',#11078,#8962,#8963);
#7749=AXIS2_PLACEMENT_3D('',#11087,#8968,#8969);
#7750=AXIS2_PLACEMENT_3D('',#11089,#8970,#8971);
#7751=AXIS2_PLACEMENT_3D('',#11091,#8972,#8973);
#7752=AXIS2_PLACEMENT_3D('',#11093,#8974,#8975);
#7753=AXIS2_PLACEMENT_3D('',#11099,#8979,#8980);
#7754=AXIS2_PLACEMENT_3D('',#11101,#8981,#8982);
#7755=AXIS2_PLACEMENT_3D('',#11105,#8984,#8985);
#7756=AXIS2_PLACEMENT_3D('',#11106,#8986,#8987);
#7757=AXIS2_PLACEMENT_3D('',#11107,#8988,#8989);
#7758=AXIS2_PLACEMENT_3D('',#11113,#8993,#8994);
#7759=AXIS2_PLACEMENT_3D('',#11115,#8995,#8996);
#7760=AXIS2_PLACEMENT_3D('',#11119,#8999,#9000);
#7761=AXIS2_PLACEMENT_3D('',#11120,#9001,#9002);
#7762=AXIS2_PLACEMENT_3D('',#11126,#9006,#9007);
#7763=AXIS2_PLACEMENT_3D('',#11129,#9010,#9011);
#7764=AXIS2_PLACEMENT_3D('',#11132,#9012,#9013);
#7765=AXIS2_PLACEMENT_3D('',#11136,#9015,#9016);
#7766=AXIS2_PLACEMENT_3D('',#11138,#9018,#9019);
#7767=AXIS2_PLACEMENT_3D('',#11147,#9024,#9025);
#7768=AXIS2_PLACEMENT_3D('',#11149,#9026,#9027);
#7769=AXIS2_PLACEMENT_3D('',#11151,#9028,#9029);
#7770=AXIS2_PLACEMENT_3D('',#11153,#9031,#9032);
#7771=AXIS2_PLACEMENT_3D('',#11155,#9033,#9034);
#7772=AXIS2_PLACEMENT_3D('',#11158,#9036,#9037);
#7773=AXIS2_PLACEMENT_3D('',#11159,#9038,#9039);
#7774=AXIS2_PLACEMENT_3D('',#11165,#9043,#9044);
#7775=AXIS2_PLACEMENT_3D('',#11166,#9045,#9046);
#7776=AXIS2_PLACEMENT_3D('',#11167,#9047,#9048);
#7777=AXIS2_PLACEMENT_3D('',#11168,#9049,#9050);
#7778=AXIS2_PLACEMENT_3D('',#11174,#9054,#9055);
#7779=AXIS2_PLACEMENT_3D('',#11177,#9058,#9059);
#7780=AXIS2_PLACEMENT_3D('',#11180,#9060,#9061);
#7781=AXIS2_PLACEMENT_3D('',#11188,#9065,#9066);
#7782=AXIS2_PLACEMENT_3D('',#11190,#9068,#9069);
#7783=AXIS2_PLACEMENT_3D('',#11199,#9074,#9075);
#7784=AXIS2_PLACEMENT_3D('',#11201,#9076,#9077);
#7785=AXIS2_PLACEMENT_3D('',#11203,#9078,#9079);
#7786=AXIS2_PLACEMENT_3D('',#11206,#9081,#9082);
#7787=AXIS2_PLACEMENT_3D('',#11207,#9083,#9084);
#7788=AXIS2_PLACEMENT_3D('',#11210,#9085,#9086);
#7789=AXIS2_PLACEMENT_3D('',#11211,#9087,#9088);
#7790=AXIS2_PLACEMENT_3D('',#11213,#9089,#9090);
#7791=AXIS2_PLACEMENT_3D('',#11219,#9094,#9095);
#7792=AXIS2_PLACEMENT_3D('',#11222,#9098,#9099);
#7793=AXIS2_PLACEMENT_3D('',#11228,#9103,#9104);
#7794=AXIS2_PLACEMENT_3D('',#11234,#9108,#9109);
#7795=AXIS2_PLACEMENT_3D('',#11237,#9112,#9113);
#7796=AXIS2_PLACEMENT_3D('',#11246,#9118,#9119);
#7797=AXIS2_PLACEMENT_3D('',#11252,#9123,#9124);
#7798=AXIS2_PLACEMENT_3D('',#11259,#9128,#9129);
#7799=AXIS2_PLACEMENT_3D('',#11260,#9130,#9131);
#7800=AXIS2_PLACEMENT_3D('',#11263,#9132,#9133);
#7801=AXIS2_PLACEMENT_3D('',#11271,#9138,#9139);
#7802=AXIS2_PLACEMENT_3D('',#11274,#9141,#9142);
#7803=AXIS2_PLACEMENT_3D('',#11276,#9144,#9145);
#7804=AXIS2_PLACEMENT_3D('',#11282,#9149,#9150);
#7805=AXIS2_PLACEMENT_3D('',#11288,#9154,#9155);
#7806=AXIS2_PLACEMENT_3D('',#11290,#9156,#9157);
#7807=AXIS2_PLACEMENT_3D('',#11293,#9160,#9161);
#7808=AXIS2_PLACEMENT_3D('',#11302,#9167,#9168);
#7809=AXIS2_PLACEMENT_3D('',#11305,#9170,#9171);
#7810=AXIS2_PLACEMENT_3D('',#11306,#9172,#9173);
#7811=AXIS2_PLACEMENT_3D('',#11308,#9174,#9175);
#7812=AXIS2_PLACEMENT_3D('',#11310,#9177,#9178);
#7813=AXIS2_PLACEMENT_3D('',#11314,#9180,#9181);
#7814=AXIS2_PLACEMENT_3D('',#11317,#9184,#9185);
#7815=AXIS2_PLACEMENT_3D('',#11321,#9187,#9188);
#7816=AXIS2_PLACEMENT_3D('',#11323,#9190,#9191);
#7817=AXIS2_PLACEMENT_3D('',#11327,#9193,#9194);
#7818=AXIS2_PLACEMENT_3D('',#11329,#9196,#9197);
#7819=AXIS2_PLACEMENT_3D('',#11332,#9200,#9201);
#7820=AXIS2_PLACEMENT_3D('',#11336,#9203,#9204);
#7821=AXIS2_PLACEMENT_3D('',#11338,#9206,#9207);
#7822=AXIS2_PLACEMENT_3D('',#11341,#9210,#9211);
#7823=AXIS2_PLACEMENT_3D('',#11345,#9213,#9214);
#7824=AXIS2_PLACEMENT_3D('',#11348,#9217,#9218);
#7825=AXIS2_PLACEMENT_3D('',#11353,#9221,#9222);
#7826=AXIS2_PLACEMENT_3D('',#11355,#9224,#9225);
#7827=AXIS2_PLACEMENT_3D('',#11362,#9230,#9231);
#7828=AXIS2_PLACEMENT_3D('',#11364,#9233,#9234);
#7829=AXIS2_PLACEMENT_3D('',#11365,#9235,#9236);
#7830=AXIS2_PLACEMENT_3D('',#11369,#9238,#9239);
#7831=AXIS2_PLACEMENT_3D('',#11371,#9241,#9242);
#7832=AXIS2_PLACEMENT_3D('',#11377,#9246,#9247);
#7833=AXIS2_PLACEMENT_3D('',#11380,#9250,#9251);
#7834=AXIS2_PLACEMENT_3D('',#11381,#9252,#9253);
#7835=AXIS2_PLACEMENT_3D('',#11383,#9254,#9255);
#7836=AXIS2_PLACEMENT_3D('',#11385,#9257,#9258);
#7837=AXIS2_PLACEMENT_3D('',#11400,#9268,#9269);
#7838=AXIS2_PLACEMENT_3D('',#11404,#9271,#9272);
#7839=AXIS2_PLACEMENT_3D('',#11406,#9274,#9275);
#7840=AXIS2_PLACEMENT_3D('',#11408,#9276,#9277);
#7841=AXIS2_PLACEMENT_3D('',#11410,#9279,#9280);
#7842=AXIS2_PLACEMENT_3D('',#11412,#9281,#9282);
#7843=AXIS2_PLACEMENT_3D('',#11414,#9284,#9285);
#7844=AXIS2_PLACEMENT_3D('',#11415,#9286,#9287);
#7845=AXIS2_PLACEMENT_3D('',#11416,#9288,#9289);
#7846=AXIS2_PLACEMENT_3D('',#11420,#9291,#9292);
#7847=AXIS2_PLACEMENT_3D('',#11422,#9294,#9295);
#7848=AXIS2_PLACEMENT_3D('',#11424,#9296,#9297);
#7849=AXIS2_PLACEMENT_3D('',#11426,#9299,#9300);
#7850=AXIS2_PLACEMENT_3D('',#11427,#9301,#9302);
#7851=AXIS2_PLACEMENT_3D('',#11428,#9303,#9304);
#7852=AXIS2_PLACEMENT_3D('',#11430,#9305,#9306);
#7853=AXIS2_PLACEMENT_3D('',#11432,#9308,#9309);
#7854=AXIS2_PLACEMENT_3D('',#11434,#9310,#9311);
#7855=AXIS2_PLACEMENT_3D('',#11436,#9313,#9314);
#7856=AXIS2_PLACEMENT_3D('',#11437,#9315,#9316);
#7857=AXIS2_PLACEMENT_3D('',#11438,#9317,#9318);
#7858=AXIS2_PLACEMENT_3D('',#11441,#9320,#9321);
#7859=AXIS2_PLACEMENT_3D('',#11442,#9322,#9323);
#7860=AXIS2_PLACEMENT_3D('',#11443,#9324,#9325);
#7861=AXIS2_PLACEMENT_3D('',#11444,#9326,#9327);
#7862=AXIS2_PLACEMENT_3D('',#11446,#9328,#9329);
#7863=AXIS2_PLACEMENT_3D('',#11447,#9330,#9331);
#7864=AXIS2_PLACEMENT_3D('',#11451,#9333,#9334);
#7865=AXIS2_PLACEMENT_3D('',#11453,#9336,#9337);
#7866=AXIS2_PLACEMENT_3D('',#11460,#9342,#9343);
#7867=AXIS2_PLACEMENT_3D('',#11462,#9344,#9345);
#7868=AXIS2_PLACEMENT_3D('',#11464,#9347,#9348);
#7869=AXIS2_PLACEMENT_3D('',#11465,#9349,#9350);
#7870=AXIS2_PLACEMENT_3D('',#11467,#9351,#9352);
#7871=AXIS2_PLACEMENT_3D('',#11468,#9353,#9354);
#7872=AXIS2_PLACEMENT_3D('',#11469,#9355,#9356);
#7873=AXIS2_PLACEMENT_3D('',#11470,#9357,#9358);
#7874=AXIS2_PLACEMENT_3D('',#11476,#9362,#9363);
#7875=AXIS2_PLACEMENT_3D('',#11478,#9364,#9365);
#7876=AXIS2_PLACEMENT_3D('',#11481,#9367,#9368);
#7877=AXIS2_PLACEMENT_3D('',#11482,#9369,#9370);
#7878=AXIS2_PLACEMENT_3D('',#11484,#9372,#9373);
#7879=AXIS2_PLACEMENT_3D('',#11486,#9374,#9375);
#7880=AXIS2_PLACEMENT_3D('',#11489,#9377,#9378);
#7881=AXIS2_PLACEMENT_3D('',#11490,#9379,#9380);
#7882=AXIS2_PLACEMENT_3D('',#11492,#9382,#9383);
#7883=AXIS2_PLACEMENT_3D('',#11493,#9384,#9385);
#7884=AXIS2_PLACEMENT_3D('',#11495,#9386,#9387);
#7885=AXIS2_PLACEMENT_3D('',#11498,#9389,#9390);
#7886=AXIS2_PLACEMENT_3D('',#11499,#9391,#9392);
#7887=AXIS2_PLACEMENT_3D('',#11501,#9394,#9395);
#7888=AXIS2_PLACEMENT_3D('',#11503,#9397,#9398);
#7889=AXIS2_PLACEMENT_3D('',#11504,#9399,#9400);
#7890=AXIS2_PLACEMENT_3D('',#11506,#9401,#9402);
#7891=AXIS2_PLACEMENT_3D('',#11509,#9404,#9405);
#7892=AXIS2_PLACEMENT_3D('',#11510,#9406,#9407);
#7893=AXIS2_PLACEMENT_3D('',#11511,#9408,#9409);
#7894=AXIS2_PLACEMENT_3D('',#11512,#9410,#9411);
#7895=AXIS2_PLACEMENT_3D('',#11515,#9413,#9414);
#7896=AXIS2_PLACEMENT_3D('',#11516,#9415,#9416);
#7897=AXIS2_PLACEMENT_3D('',#11517,#9417,#9418);
#7898=AXIS2_PLACEMENT_3D('',#11520,#9420,#9421);
#7899=AXIS2_PLACEMENT_3D('',#11521,#9422,#9423);
#7900=AXIS2_PLACEMENT_3D('',#11522,#9424,#9425);
#7901=AXIS2_PLACEMENT_3D('',#11524,#9427,#9428);
#7902=AXIS2_PLACEMENT_3D('',#11526,#9430,#9431);
#7903=AXIS2_PLACEMENT_3D('',#11530,#9435,#9436);
#7904=AXIS2_PLACEMENT_3D('',#11534,#9438,#9439);
#7905=AXIS2_PLACEMENT_3D('',#11536,#9440,#9441);
#7906=AXIS2_PLACEMENT_3D('',#11538,#9442,#9443);
#7907=AXIS2_PLACEMENT_3D('',#11541,#9445,#9446);
#7908=AXIS2_PLACEMENT_3D('',#11542,#9447,#9448);
#7909=AXIS2_PLACEMENT_3D('',#11544,#9449,#9450);
#7910=AXIS2_PLACEMENT_3D('',#11546,#9451,#9452);
#7911=AXIS2_PLACEMENT_3D('',#11548,#9453,#9454);
#7912=AXIS2_PLACEMENT_3D('',#11556,#9458,#9459);
#7913=AXIS2_PLACEMENT_3D('',#11558,#9460,#9461);
#7914=AXIS2_PLACEMENT_3D('',#11560,#9462,#9463);
#7915=AXIS2_PLACEMENT_3D('',#11563,#9465,#9466);
#7916=AXIS2_PLACEMENT_3D('',#11565,#9467,#9468);
#7917=AXIS2_PLACEMENT_3D('',#11568,#9470,#9471);
#7918=AXIS2_PLACEMENT_3D('',#11570,#9472,#9473);
#7919=AXIS2_PLACEMENT_3D('',#11572,#9474,#9475);
#7920=AXIS2_PLACEMENT_3D('',#11573,#9476,#9477);
#7921=AXIS2_PLACEMENT_3D('',#11575,#9479,#9480);
#7922=AXIS2_PLACEMENT_3D('',#11577,#9482,#9483);
#7923=AXIS2_PLACEMENT_3D('',#11580,#9486,#9487);
#7924=AXIS2_PLACEMENT_3D('',#11582,#9489,#9490);
#7925=AXIS2_PLACEMENT_3D('',#11584,#9492,#9493);
#7926=AXIS2_PLACEMENT_3D('',#11585,#9494,#9495);
#7927=AXIS2_PLACEMENT_3D('',#11587,#9497,#9498);
#7928=AXIS2_PLACEMENT_3D('',#11589,#9500,#9501);
#7929=AXIS2_PLACEMENT_3D('',#11590,#9502,#9503);
#7930=AXIS2_PLACEMENT_3D('',#11592,#9505,#9506);
#7931=AXIS2_PLACEMENT_3D('',#11594,#9508,#9509);
#7932=AXIS2_PLACEMENT_3D('',#11596,#9511,#9512);
#7933=AXIS2_PLACEMENT_3D('',#11598,#9514,#9515);
#7934=AXIS2_PLACEMENT_3D('',#11600,#9517,#9518);
#7935=AXIS2_PLACEMENT_3D('',#11602,#9520,#9521);
#7936=AXIS2_PLACEMENT_3D('',#11603,#9522,#9523);
#7937=AXIS2_PLACEMENT_3D('',#11604,#9524,#9525);
#7938=AXIS2_PLACEMENT_3D('',#11609,#9527,#9528);
#7939=AXIS2_PLACEMENT_3D('',#11612,#9530,#9531);
#7940=AXIS2_PLACEMENT_3D('',#11613,#9532,#9533);
#7941=AXIS2_PLACEMENT_3D('',#11618,#9535,#9536);
#7942=AXIS2_PLACEMENT_3D('',#11621,#9538,#9539);
#7943=AXIS2_PLACEMENT_3D('',#11622,#9540,#9541);
#7944=AXIS2_PLACEMENT_3D('',#11631,#9546,#9547);
#7945=AXIS2_PLACEMENT_3D('',#11637,#9551,#9552);
#7946=AXIS2_PLACEMENT_3D('',#11643,#9556,#9557);
#7947=AXIS2_PLACEMENT_3D('',#11646,#9560,#9561);
#7948=AXIS2_PLACEMENT_3D('',#11655,#9566,#9567);
#7949=AXIS2_PLACEMENT_3D('',#11661,#9571,#9572);
#7950=AXIS2_PLACEMENT_3D('',#11667,#9576,#9577);
#7951=AXIS2_PLACEMENT_3D('',#11670,#9580,#9581);
#7952=AXIS2_PLACEMENT_3D('',#11679,#9586,#9587);
#7953=AXIS2_PLACEMENT_3D('',#11685,#9591,#9592);
#7954=AXIS2_PLACEMENT_3D('',#11691,#9596,#9597);
#7955=AXIS2_PLACEMENT_3D('',#11697,#9601,#9602);
#7956=AXIS2_PLACEMENT_3D('',#11700,#9605,#9606);
#7957=AXIS2_PLACEMENT_3D('',#11709,#9611,#9612);
#7958=AXIS2_PLACEMENT_3D('',#11715,#9616,#9617);
#7959=AXIS2_PLACEMENT_3D('',#11721,#9621,#9622);
#7960=AXIS2_PLACEMENT_3D('',#11724,#9625,#9626);
#7961=AXIS2_PLACEMENT_3D('',#11733,#9631,#9632);
#7962=AXIS2_PLACEMENT_3D('',#11739,#9636,#9637);
#7963=AXIS2_PLACEMENT_3D('',#11745,#9641,#9642);
#7964=AXIS2_PLACEMENT_3D('',#11748,#9645,#9646);
#7965=AXIS2_PLACEMENT_3D('',#11757,#9651,#9652);
#7966=AXIS2_PLACEMENT_3D('',#11763,#9656,#9657);
#7967=AXIS2_PLACEMENT_3D('',#11769,#9661,#9662);
#7968=AXIS2_PLACEMENT_3D('',#11772,#9665,#9666);
#7969=AXIS2_PLACEMENT_3D('',#11781,#9671,#9672);
#7970=AXIS2_PLACEMENT_3D('',#11787,#9676,#9677);
#7971=AXIS2_PLACEMENT_3D('',#11793,#9681,#9682);
#7972=AXIS2_PLACEMENT_3D('',#11796,#9685,#9686);
#7973=AXIS2_PLACEMENT_3D('',#11805,#9691,#9692);
#7974=AXIS2_PLACEMENT_3D('',#11811,#9696,#9697);
#7975=AXIS2_PLACEMENT_3D('',#11817,#9701,#9702);
#7976=AXIS2_PLACEMENT_3D('',#11820,#9705,#9706);
#7977=AXIS2_PLACEMENT_3D('',#11829,#9711,#9712);
#7978=AXIS2_PLACEMENT_3D('',#11835,#9716,#9717);
#7979=AXIS2_PLACEMENT_3D('',#11841,#9721,#9722);
#7980=AXIS2_PLACEMENT_3D('',#11844,#9725,#9726);
#7981=AXIS2_PLACEMENT_3D('',#11853,#9731,#9732);
#7982=AXIS2_PLACEMENT_3D('',#11859,#9736,#9737);
#7983=AXIS2_PLACEMENT_3D('',#11865,#9741,#9742);
#7984=AXIS2_PLACEMENT_3D('',#11868,#9745,#9746);
#7985=AXIS2_PLACEMENT_3D('',#11877,#9751,#9752);
#7986=AXIS2_PLACEMENT_3D('',#11883,#9756,#9757);
#7987=AXIS2_PLACEMENT_3D('',#11889,#9761,#9762);
#7988=AXIS2_PLACEMENT_3D('',#11892,#9765,#9766);
#7989=AXIS2_PLACEMENT_3D('',#11901,#9771,#9772);
#7990=AXIS2_PLACEMENT_3D('',#11907,#9776,#9777);
#7991=AXIS2_PLACEMENT_3D('',#11913,#9781,#9782);
#7992=AXIS2_PLACEMENT_3D('',#11916,#9785,#9786);
#7993=AXIS2_PLACEMENT_3D('',#11925,#9791,#9792);
#7994=AXIS2_PLACEMENT_3D('',#11931,#9796,#9797);
#7995=AXIS2_PLACEMENT_3D('',#11937,#9801,#9802);
#7996=AXIS2_PLACEMENT_3D('',#11940,#9805,#9806);
#7997=AXIS2_PLACEMENT_3D('',#11949,#9811,#9812);
#7998=AXIS2_PLACEMENT_3D('',#11955,#9816,#9817);
#7999=AXIS2_PLACEMENT_3D('',#11961,#9821,#9822);
#8000=AXIS2_PLACEMENT_3D('',#11964,#9825,#9826);
#8001=AXIS2_PLACEMENT_3D('',#11973,#9831,#9832);
#8002=AXIS2_PLACEMENT_3D('',#11979,#9836,#9837);
#8003=AXIS2_PLACEMENT_3D('',#11985,#9841,#9842);
#8004=AXIS2_PLACEMENT_3D('',#11988,#9845,#9846);
#8005=AXIS2_PLACEMENT_3D('',#11997,#9851,#9852);
#8006=AXIS2_PLACEMENT_3D('',#12003,#9856,#9857);
#8007=AXIS2_PLACEMENT_3D('',#12009,#9861,#9862);
#8008=AXIS2_PLACEMENT_3D('',#12012,#9865,#9866);
#8009=AXIS2_PLACEMENT_3D('',#12014,#9867,#9868);
#8010=AXIS2_PLACEMENT_3D('',#12017,#9870,#9871);
#8011=AXIS2_PLACEMENT_3D('',#12018,#9872,#9873);
#8012=AXIS2_PLACEMENT_3D('',#12020,#9874,#9875);
#8013=AXIS2_PLACEMENT_3D('',#12023,#9877,#9878);
#8014=AXIS2_PLACEMENT_3D('',#12024,#9879,#9880);
#8015=AXIS2_PLACEMENT_3D('',#12026,#9881,#9882);
#8016=AXIS2_PLACEMENT_3D('',#12029,#9884,#9885);
#8017=AXIS2_PLACEMENT_3D('',#12030,#9886,#9887);
#8018=AXIS2_PLACEMENT_3D('',#12032,#9888,#9889);
#8019=AXIS2_PLACEMENT_3D('',#12035,#9891,#9892);
#8020=AXIS2_PLACEMENT_3D('',#12036,#9893,#9894);
#8021=AXIS2_PLACEMENT_3D('',#12038,#9895,#9896);
#8022=AXIS2_PLACEMENT_3D('',#12041,#9898,#9899);
#8023=AXIS2_PLACEMENT_3D('',#12042,#9900,#9901);
#8024=AXIS2_PLACEMENT_3D('',#12044,#9902,#9903);
#8025=AXIS2_PLACEMENT_3D('',#12047,#9905,#9906);
#8026=AXIS2_PLACEMENT_3D('',#12048,#9907,#9908);
#8027=AXIS2_PLACEMENT_3D('',#12049,#9909,#9910);
#8028=AXIS2_PLACEMENT_3D('',#12051,#9912,#9913);
#8029=AXIS2_PLACEMENT_3D('',#12052,#9914,#9915);
#8030=AXIS2_PLACEMENT_3D('',#12053,#9916,#9917);
#8031=AXIS2_PLACEMENT_3D('',#12056,#9918,#9919);
#8032=AXIS2_PLACEMENT_3D('',#12060,#9921,#9922);
#8033=AXIS2_PLACEMENT_3D('',#12062,#9924,#9925);
#8034=AXIS2_PLACEMENT_3D('',#12066,#9928,#9929);
#8035=AXIS2_PLACEMENT_3D('',#12069,#9930,#9931);
#8036=AXIS2_PLACEMENT_3D('',#12073,#9933,#9934);
#8037=AXIS2_PLACEMENT_3D('',#12075,#9936,#9937);
#8038=AXIS2_PLACEMENT_3D('',#12079,#9940,#9941);
#8039=AXIS2_PLACEMENT_3D('',#12080,#9942,#9943);
#8040=AXIS2_PLACEMENT_3D('',#12082,#9945,#9946);
#8041=AXIS2_PLACEMENT_3D('',#12083,#9947,#9948);
#8042=AXIS2_PLACEMENT_3D('',#12084,#9949,#9950);
#8043=AXIS2_PLACEMENT_3D('',#12087,#9951,#9952);
#8044=AXIS2_PLACEMENT_3D('',#12091,#9954,#9955);
#8045=AXIS2_PLACEMENT_3D('',#12093,#9957,#9958);
#8046=AXIS2_PLACEMENT_3D('',#12097,#9961,#9962);
#8047=AXIS2_PLACEMENT_3D('',#12100,#9963,#9964);
#8048=AXIS2_PLACEMENT_3D('',#12104,#9966,#9967);
#8049=AXIS2_PLACEMENT_3D('',#12106,#9969,#9970);
#8050=AXIS2_PLACEMENT_3D('',#12110,#9973,#9974);
#8051=AXIS2_PLACEMENT_3D('',#12117,#9979,#9980);
#8052=AXIS2_PLACEMENT_3D('',#12123,#9984,#9985);
#8053=AXIS2_PLACEMENT_3D('',#12125,#9986,#9987);
#8054=AXIS2_PLACEMENT_3D('',#12130,#9990,#9991);
#8055=AXIS2_PLACEMENT_3D('',#12135,#9996,#9997);
#8056=AXIS2_PLACEMENT_3D('',#12137,#9998,#9999);
#8057=AXIS2_PLACEMENT_3D('',#12139,#10001,#10002);
#8058=AXIS2_PLACEMENT_3D('',#12143,#10005,#10006);
#8059=AXIS2_PLACEMENT_3D('',#12147,#10009,#10010);
#8060=AXIS2_PLACEMENT_3D('',#12151,#10013,#10014);
#8061=AXIS2_PLACEMENT_3D('',#12153,#10015,#10016);
#8062=AXIS2_PLACEMENT_3D('',#12155,#10018,#10019);
#8063=AXIS2_PLACEMENT_3D('',#12157,#10021,#10022);
#8064=AXIS2_PLACEMENT_3D('',#12158,#10023,#10024);
#8065=AXIS2_PLACEMENT_3D('',#12159,#10025,#10026);
#8066=DIRECTION('axis',(0.,0.,1.));
#8067=DIRECTION('refdir',(1.,0.,0.));
#8068=DIRECTION('axis',(0.,0.,1.));
#8069=DIRECTION('refdir',(1.,0.,0.));
#8070=DIRECTION('center_axis',(-1.,-5.44009282066327E-15,1.76247905159244E-15));
#8071=DIRECTION('ref_axis',(1.76247905159244E-15,0.,1.));
#8072=DIRECTION('',(5.71088929803475E-15,-0.965925826289069,0.258819045102518));
#8073=DIRECTION('',(-1.09862469472397E-16,-0.286834928338576,-0.957980022696196));
#8074=DIRECTION('',(-5.34444338045239E-15,0.965925826289068,-0.25881904510252));
#8075=DIRECTION('',(2.77555756156295E-16,0.258819045102521,0.965925826289068));
#8076=DIRECTION('center_axis',(-5.60724182458068E-15,0.965925826289067,
-0.258819045102525));
#8077=DIRECTION('ref_axis',(2.77555756156268E-16,0.258819045102525,0.965925826289067));
#8078=DIRECTION('',(2.77555756156289E-16,0.258819045102525,0.965925826289067));
#8079=DIRECTION('',(-1.,-5.44009282066327E-15,1.76247905159244E-15));
#8080=DIRECTION('',(-2.77555756156266E-16,-0.258819045102525,-0.965925826289067));
#8081=DIRECTION('',(-0.707106781186549,-0.183012701892226,-0.683012701892216));
#8082=DIRECTION('',(1.,5.32907051820075E-15,-1.77635683940025E-15));
#8083=DIRECTION('center_axis',(-5.61466428270869E-15,0.957980022696196,
-0.286834928338576));
#8084=DIRECTION('ref_axis',(1.09862469472397E-16,0.286834928338576,0.957980022696196));
#8085=DIRECTION('',(2.774380689757E-16,0.286834928338576,0.957980022696196));
#8086=DIRECTION('',(-0.706956822356389,-0.202865927219582,-0.677537797393692));
#8087=DIRECTION('',(1.,5.32907051820075E-15,-1.77635683940025E-15));
#8088=DIRECTION('center_axis',(-3.36564005077201E-16,-0.258819045102522,
-0.965925826289068));
#8089=DIRECTION('ref_axis',(-5.75509325541774E-15,0.965925826289068,-0.258819045102522));
#8090=DIRECTION('',(-5.05364017407211E-31,0.965925826289068,-0.258819045102522));
#8091=DIRECTION('',(1.,5.32907051820075E-15,-1.77635683940025E-15));
#8092=DIRECTION('',(5.75509325541774E-15,-0.965925826289068,0.258819045102522));
#8093=DIRECTION('center_axis',(5.60724182458068E-15,-0.965925826289068,
0.258819045102521));
#8094=DIRECTION('ref_axis',(-2.77555756156295E-16,-0.258819045102521,-0.965925826289068));
#8095=DIRECTION('',(-2.77555756156289E-16,-0.258819045102521,-0.965925826289068));
#8096=DIRECTION('',(1.,5.32907051820075E-15,-1.77635683940025E-15));
#8097=DIRECTION('',(0.707106781186549,0.183012701892223,0.683012701892217));
#8098=DIRECTION('',(2.77555756156292E-16,0.258819045102521,0.965925826289068));
#8099=DIRECTION('center_axis',(5.60724182458068E-15,-0.965925826289068,
0.258819045102521));
#8100=DIRECTION('ref_axis',(-2.77555756156295E-16,-0.258819045102521,-0.965925826289068));
#8101=DIRECTION('',(0.707106781186548,-0.183012701892215,-0.68301270189222));
#8102=DIRECTION('',(1.,5.32907051820075E-15,-1.77635683940025E-15));
#8103=DIRECTION('',(2.77555756156289E-16,0.258819045102521,0.965925826289068));
#8104=DIRECTION('',(1.,5.32907051820075E-15,-1.77635683940025E-15));
#8105=DIRECTION('',(-2.7755575615629E-16,-0.258819045102521,-0.965925826289068));
#8106=DIRECTION('center_axis',(-3.36564005077201E-16,-0.258819045102522,
-0.965925826289068));
#8107=DIRECTION('ref_axis',(-5.75509325541774E-15,0.965925826289068,-0.258819045102522));
#8108=DIRECTION('',(-2.26715794910395E-15,0.965925826289068,-0.258819045102522));
#8109=DIRECTION('',(5.05364017407211E-31,-0.965925826289068,0.258819045102522));
#8110=DIRECTION('',(-1.,-5.44009282066327E-15,1.76247905159244E-15));
#8111=DIRECTION('center_axis',(-5.61466428270869E-15,0.957980022696196,
-0.286834928338576));
#8112=DIRECTION('ref_axis',(1.09862469472397E-16,0.286834928338576,0.957980022696196));
#8113=DIRECTION('',(-0.706956822356388,0.202865927219575,0.677537797393695));
#8114=DIRECTION('',(1.,5.32907051820075E-15,-1.77635683940025E-15));
#8115=DIRECTION('',(-2.774380689757E-16,-0.286834928338576,-0.957980022696196));
#8116=DIRECTION('',(1.,5.32907051820075E-15,-1.77635683940025E-15));
#8117=DIRECTION('center_axis',(-5.60724182458068E-15,0.965925826289067,
-0.258819045102525));
#8118=DIRECTION('ref_axis',(2.77555756156268E-16,0.258819045102525,0.965925826289067));
#8119=DIRECTION('',(-0.707106781186548,0.183012701892219,0.683012701892219));
#8120=DIRECTION('',(2.7755575615628E-16,0.258819045102525,0.965925826289067));
#8121=DIRECTION('',(-2.77555756156289E-16,-0.258819045102525,-0.965925826289067));
#8122=DIRECTION('center_axis',(-1.,-5.44009282066327E-15,1.76247905159244E-15));
#8123=DIRECTION('ref_axis',(1.76247905159244E-15,0.,1.));
#8124=DIRECTION('',(5.71088929803475E-15,-0.965925826289069,0.258819045102518));
#8125=DIRECTION('',(-2.77555756156272E-16,-0.258819045102525,-0.965925826289067));
#8126=DIRECTION('',(-5.34444338045239E-15,0.965925826289068,-0.25881904510252));
#8127=DIRECTION('',(2.77555756156176E-16,0.258819045102541,0.965925826289063));
#8128=DIRECTION('center_axis',(-5.60724182458068E-15,0.965925826289067,
-0.258819045102525));
#8129=DIRECTION('ref_axis',(2.77555756156272E-16,0.258819045102525,0.965925826289067));
#8130=DIRECTION('',(2.77555756156289E-16,0.258819045102525,0.965925826289067));
#8131=DIRECTION('',(-1.,-5.44009282066327E-15,1.76247905159244E-15));
#8132=DIRECTION('',(-2.77555756156269E-16,-0.258819045102525,-0.965925826289067));
#8133=DIRECTION('',(-0.707106781186549,-0.183012701892226,-0.683012701892216));
#8134=DIRECTION('',(1.,5.32907051820075E-15,-1.77635683940025E-15));
#8135=DIRECTION('center_axis',(-3.36564005077201E-16,-0.258819045102522,
-0.965925826289068));
#8136=DIRECTION('ref_axis',(-5.75509325541774E-15,0.965925826289068,-0.258819045102522));
#8137=DIRECTION('',(-5.05364017407211E-31,0.965925826289068,-0.258819045102522));
#8138=DIRECTION('',(1.,5.32907051820075E-15,-1.77635683940025E-15));
#8139=DIRECTION('',(5.75509325541774E-15,-0.965925826289068,0.258819045102522));
#8140=DIRECTION('center_axis',(5.60724182458069E-15,-0.965925826289063,
0.258819045102541));
#8141=DIRECTION('ref_axis',(-2.77555756156176E-16,-0.258819045102541,-0.965925826289063));
#8142=DIRECTION('',(-2.77555756156289E-16,-0.258819045102541,-0.965925826289063));
#8143=DIRECTION('',(1.,5.32907051820075E-15,-1.77635683940025E-15));
#8144=DIRECTION('',(0.707106781186549,0.183012701892237,0.683012701892213));
#8145=DIRECTION('',(2.77555756156174E-16,0.258819045102541,0.965925826289063));
#8146=DIRECTION('center_axis',(5.60724182458069E-15,-0.965925826289063,
0.258819045102541));
#8147=DIRECTION('ref_axis',(-2.77555756156176E-16,-0.258819045102541,-0.965925826289063));
#8148=DIRECTION('',(0.707106781186548,-0.18301270189223,-0.683012701892217));
#8149=DIRECTION('',(1.,5.32907051820075E-15,-1.77635683940025E-15));
#8150=DIRECTION('',(2.77555756156289E-16,0.258819045102541,0.965925826289063));
#8151=DIRECTION('',(1.,5.32907051820075E-15,-1.77635683940025E-15));
#8152=DIRECTION('',(-2.77555756156244E-16,-0.258819045102541,-0.965925826289063));
#8153=DIRECTION('center_axis',(-3.36564005077201E-16,-0.258819045102522,
-0.965925826289068));
#8154=DIRECTION('ref_axis',(-5.75509325541774E-15,0.965925826289068,-0.258819045102522));
#8155=DIRECTION('',(-2.26715794910395E-15,0.965925826289068,-0.258819045102522));
#8156=DIRECTION('',(5.05364017407211E-31,-0.965925826289068,0.258819045102522));
#8157=DIRECTION('',(-1.,-5.44009282066327E-15,1.76247905159244E-15));
#8158=DIRECTION('center_axis',(-5.60724182458068E-15,0.965925826289067,
-0.258819045102525));
#8159=DIRECTION('ref_axis',(2.77555756156272E-16,0.258819045102525,0.965925826289067));
#8160=DIRECTION('',(-0.707106781186548,0.183012701892218,0.68301270189222));
#8161=DIRECTION('',(2.77555756156281E-16,0.258819045102525,0.965925826289067));
#8162=DIRECTION('',(-2.77555756156289E-16,-0.258819045102525,-0.965925826289067));
#8163=DIRECTION('',(1.,5.32907051820075E-15,-1.77635683940025E-15));
#8164=DIRECTION('center_axis',(-1.,-5.44009282066327E-15,1.76247905159244E-15));
#8165=DIRECTION('ref_axis',(1.76247905159244E-15,0.,1.));
#8166=DIRECTION('',(5.71088929803475E-15,-0.965925826289069,0.258819045102518));
#8167=DIRECTION('',(-2.77555756156296E-16,-0.258819045102521,-0.965925826289068));
#8168=DIRECTION('',(-5.34444338045239E-15,0.965925826289068,-0.25881904510252));
#8169=DIRECTION('',(3.16671775709818E-16,0.258819045102521,0.965925826289068));
#8170=DIRECTION('center_axis',(-3.36564005077202E-16,-0.258819045102522,
-0.965925826289068));
#8171=DIRECTION('ref_axis',(-5.75509325541774E-15,0.965925826289068,-0.258819045102522));
#8172=DIRECTION('',(-5.05364017407211E-31,0.965925826289068,-0.258819045102522));
#8173=DIRECTION('',(1.,5.32907051820076E-15,-1.77635683940025E-15));
#8174=DIRECTION('',(5.75509325541774E-15,-0.965925826289068,0.258819045102522));
#8175=DIRECTION('',(-1.,-5.44009282066327E-15,1.76247905159244E-15));
#8176=DIRECTION('center_axis',(5.60724182458068E-15,-0.965925826289068,
0.258819045102521));
#8177=DIRECTION('ref_axis',(-3.16671775709818E-16,-0.258819045102521,-0.965925826289068));
#8178=DIRECTION('',(-2.77555756156289E-16,-0.258819045102521,-0.965925826289068));
#8179=DIRECTION('',(1.,5.32907051820076E-15,-1.77635683940025E-15));
#8180=DIRECTION('',(0.707106781186549,0.183012701892223,0.683012701892217));
#8181=DIRECTION('',(2.77555756156292E-16,0.258819045102521,0.965925826289068));
#8182=DIRECTION('center_axis',(5.60724182458068E-15,-0.965925826289068,
0.258819045102521));
#8183=DIRECTION('ref_axis',(-3.16671775709818E-16,-0.258819045102521,-0.965925826289068));
#8184=DIRECTION('',(0.707106781186548,-0.183012701892215,-0.68301270189222));
#8185=DIRECTION('',(1.,5.32907051820076E-15,-1.77635683940025E-15));
#8186=DIRECTION('',(2.77555756156289E-16,0.258819045102521,0.965925826289068));
#8187=DIRECTION('',(1.,5.32907051820076E-15,-1.77635683940025E-15));
#8188=DIRECTION('',(-2.7755575615629E-16,-0.258819045102521,-0.965925826289068));
#8189=DIRECTION('center_axis',(-5.60724182458068E-15,0.965925826289068,
-0.258819045102521));
#8190=DIRECTION('ref_axis',(2.77555756156296E-16,0.258819045102521,0.965925826289068));
#8191=DIRECTION('',(2.77555756156289E-16,0.258819045102521,0.965925826289068));
#8192=DIRECTION('',(-2.77555756156294E-16,-0.258819045102521,-0.965925826289068));
#8193=DIRECTION('',(-0.707106781186549,-0.183012701892223,-0.683012701892217));
#8194=DIRECTION('',(1.,5.32907051820076E-15,-1.77635683940025E-15));
#8195=DIRECTION('center_axis',(-3.36564005077202E-16,-0.258819045102522,
-0.965925826289068));
#8196=DIRECTION('ref_axis',(-5.75509325541774E-15,0.965925826289068,-0.258819045102522));
#8197=DIRECTION('',(-2.26715794910395E-15,0.965925826289068,-0.258819045102522));
#8198=DIRECTION('',(5.05364017407211E-31,-0.965925826289068,0.258819045102522));
#8199=DIRECTION('',(-1.,-5.44009282066327E-15,1.76247905159244E-15));
#8200=DIRECTION('center_axis',(-5.60724182458068E-15,0.965925826289068,
-0.258819045102521));
#8201=DIRECTION('ref_axis',(2.77555756156296E-16,0.258819045102521,0.965925826289068));
#8202=DIRECTION('',(-0.707106781186548,0.183012701892215,0.68301270189222));
#8203=DIRECTION('',(2.77555756156291E-16,0.258819045102521,0.965925826289068));
#8204=DIRECTION('',(-2.77555756156289E-16,-0.258819045102521,-0.965925826289068));
#8205=DIRECTION('',(1.,5.32907051820076E-15,-1.77635683940025E-15));
#8206=DIRECTION('center_axis',(-0.707106781186547,-0.183012701892221,-0.683012701892219));
#8207=DIRECTION('ref_axis',(-0.694746590606865,0.,0.719254596676404));
#8208=DIRECTION('',(2.26715794910395E-15,-0.965925826289068,0.258819045102521));
#8209=DIRECTION('',(2.26715794910395E-15,-0.965925826289068,0.258819045102521));
#8210=DIRECTION('',(-0.707106781186548,0.183012701892222,0.683012701892218));
#8211=DIRECTION('',(-2.26715794910395E-15,0.965925826289068,-0.258819045102521));
#8212=DIRECTION('',(0.541569378399539,0.480888950085182,-0.689527683320915));
#8213=DIRECTION('',(2.26715794910395E-15,-0.965925826289068,0.258819045102521));
#8214=DIRECTION('',(2.26715794910395E-15,-0.965925826289068,0.258819045102521));
#8215=DIRECTION('center_axis',(1.,5.48715649233894E-15,-1.75762601394973E-15));
#8216=DIRECTION('ref_axis',(5.75509325541774E-15,-0.965925826289068,0.258819045102521));
#8217=DIRECTION('',(-5.75509325541774E-15,0.965925826289068,-0.258819045102521));
#8218=DIRECTION('',(-5.75509325541774E-15,0.965925826289068,-0.258819045102521));
#8219=DIRECTION('',(-2.77555756156289E-16,-0.258819045102521,-0.965925826289068));
#8220=DIRECTION('',(5.75509325541774E-15,-0.965925826289068,0.258819045102521));
#8221=DIRECTION('',(-2.77555756156289E-16,-0.258819045102521,-0.965925826289068));
#8222=DIRECTION('',(-5.75509325541774E-15,0.965925826289068,-0.258819045102521));
#8223=DIRECTION('',(-5.75509325541774E-15,0.965925826289068,-0.258819045102521));
#8224=DIRECTION('center_axis',(0.707106781186546,-0.183012701892216,-0.683012701892221));
#8225=DIRECTION('ref_axis',(-0.694746590606867,0.,-0.719254596676402));
#8226=DIRECTION('',(0.541569376061081,-0.480888954495558,0.689527682081714));
#8227=DIRECTION('',(5.75509325541774E-15,-0.965925826289068,0.258819045102521));
#8228=DIRECTION('center_axis',(0.707106781186546,-0.183012701892216,-0.683012701892221));
#8229=DIRECTION('ref_axis',(-0.694746590606867,0.,-0.719254596676402));
#8230=DIRECTION('',(5.75509325541774E-15,-0.965925826289068,0.258819045102521));
#8231=DIRECTION('',(-0.707106781186549,-0.183012701892219,-0.683012701892218));
#8232=DIRECTION('center_axis',(0.707106781186546,-0.183012701892216,-0.683012701892221));
#8233=DIRECTION('ref_axis',(-0.694746590606867,0.,-0.719254596676402));
#8234=DIRECTION('',(5.75509325541774E-15,-0.965925826289068,0.258819045102521));
#8235=DIRECTION('center_axis',(1.,-7.18367157710788E-17,-2.68098273106551E-16));
#8236=DIRECTION('ref_axis',(2.34193081237488E-31,-0.965925826289068,0.258819045102521));
#8237=DIRECTION('',(-2.2186712959341E-31,0.965925826289068,-0.258819045102521));
#8238=DIRECTION('',(-2.2186712959341E-31,0.965925826289068,-0.258819045102521));
#8239=DIRECTION('',(2.77555756156289E-16,0.258819045102521,0.965925826289068));
#8240=DIRECTION('',(2.2186712959341E-31,-0.965925826289068,0.258819045102521));
#8241=DIRECTION('',(-2.77555756156289E-16,-0.258819045102521,-0.965925826289068));
#8242=DIRECTION('',(-1.82515344693702E-31,-0.965925826289068,0.258819045102521));
#8243=DIRECTION('',(-2.77555756156289E-16,-0.258819045102521,-0.965925826289068));
#8244=DIRECTION('',(2.2186712959341E-31,-0.965925826289068,0.258819045102521));
#8245=DIRECTION('',(-2.77555756156289E-16,-0.258819045102521,-0.965925826289068));
#8246=DIRECTION('',(-2.2186712959341E-31,0.965925826289068,-0.258819045102521));
#8247=DIRECTION('',(-2.2186712959341E-31,0.965925826289068,-0.258819045102521));
#8248=DIRECTION('center_axis',(-3.33798149882416E-16,-0.258819045102521,
-0.965925826289068));
#8249=DIRECTION('ref_axis',(-1.,8.63933184095549E-17,3.22424253738935E-16));
#8250=DIRECTION('',(2.2186712959341E-31,-0.965925826289068,0.258819045102521));
#8251=DIRECTION('center_axis',(-3.33798149882416E-16,-0.258819045102521,
-0.965925826289068));
#8252=DIRECTION('ref_axis',(0.707106781186551,-0.683012701892215,0.183012701892219));
#8253=DIRECTION('center_axis',(3.33798149882416E-16,0.258819045102521,0.965925826289068));
#8254=DIRECTION('ref_axis',(-0.70710678118655,0.683012701892217,-0.18301270189222));
#8255=DIRECTION('center_axis',(-3.33798149882416E-16,-0.258819045102521,
-0.965925826289068));
#8256=DIRECTION('ref_axis',(0.707106781186555,-0.683012701892212,0.183012701892218));
#8257=DIRECTION('',(-1.,-1.05318751919143E-14,3.16758072609705E-15));
#8258=DIRECTION('center_axis',(3.33798149882416E-16,0.258819045102521,0.965925826289068));
#8259=DIRECTION('ref_axis',(-0.856186614144464,0.499061711797213,-0.133723182649357));
#8260=DIRECTION('',(-1.,-1.09963674274621E-15,6.40220050824657E-16));
#8261=DIRECTION('center_axis',(-3.33798149882416E-16,-0.258819045102521,
-0.965925826289068));
#8262=DIRECTION('ref_axis',(-0.707106781186546,-0.683012701892221,0.183012701892221));
#8263=DIRECTION('center_axis',(3.33798149882416E-16,0.258819045102521,0.965925826289068));
#8264=DIRECTION('ref_axis',(-0.707106781186547,0.68301270189222,-0.183012701892219));
#8265=DIRECTION('center_axis',(-3.33798149882416E-16,-0.258819045102521,
-0.965925826289068));
#8266=DIRECTION('ref_axis',(0.707106781186547,-0.68301270189222,0.183012701892219));
#8267=DIRECTION('',(-1.,-1.09963674274621E-15,6.40220050824657E-16));
#8268=DIRECTION('center_axis',(3.33798149882416E-16,0.258819045102521,0.965925826289068));
#8269=DIRECTION('ref_axis',(-0.856186619835701,0.499061702687424,-0.133723180208396));
#8270=DIRECTION('',(-1.,8.63933184095559E-17,3.22424253738934E-16));
#8271=DIRECTION('center_axis',(-3.33798149882416E-16,-0.258819045102521,
-0.965925826289068));
#8272=DIRECTION('ref_axis',(-0.707106781186547,-0.68301270189222,0.18301270189222));
#8273=DIRECTION('center_axis',(3.33798149882416E-16,0.258819045102521,0.965925826289068));
#8274=DIRECTION('ref_axis',(0.707106781186547,0.68301270189222,-0.18301270189222));
#8275=DIRECTION('center_axis',(-3.33798149882416E-16,-0.258819045102521,
-0.965925826289068));
#8276=DIRECTION('ref_axis',(-0.707106781186548,-0.683012701892219,0.183012701892219));
#8277=DIRECTION('center_axis',(-3.33798149882416E-16,-0.258819045102521,
-0.965925826289068));
#8278=DIRECTION('ref_axis',(-0.707106781186548,0.683012701892219,-0.183012701892219));
#8279=DIRECTION('center_axis',(3.33798149882416E-16,0.258819045102521,0.965925826289068));
#8280=DIRECTION('ref_axis',(0.707106781186547,-0.68301270189222,0.183012701892219));
#8281=DIRECTION('center_axis',(-3.33798149882416E-16,-0.258819045102521,
-0.965925826289068));
#8282=DIRECTION('ref_axis',(-0.707106781186547,0.68301270189222,-0.183012701892219));
#8283=DIRECTION('',(1.,-8.63933184095549E-17,-3.22424253738935E-16));
#8284=DIRECTION('center_axis',(-3.33798149882416E-16,-0.258819045102521,
-0.965925826289068));
#8285=DIRECTION('ref_axis',(0.70710678118655,0.683012701892217,-0.18301270189222));
#8286=DIRECTION('center_axis',(3.33798149882416E-16,0.258819045102521,0.965925826289068));
#8287=DIRECTION('ref_axis',(0.70710678118655,-0.683012701892217,0.18301270189222));
#8288=DIRECTION('center_axis',(-3.33798149882416E-16,-0.258819045102521,
-0.965925826289068));
#8289=DIRECTION('ref_axis',(-0.70710678118655,0.683012701892217,-0.18301270189222));
#8290=DIRECTION('',(1.,-8.63933184095549E-17,-3.22424253738935E-16));
#8291=DIRECTION('center_axis',(-3.33798149882416E-16,-0.258819045102521,
-0.965925826289068));
#8292=DIRECTION('ref_axis',(0.70710678118655,0.683012701892217,-0.18301270189222));
#8293=DIRECTION('center_axis',(3.33798149882416E-16,0.258819045102521,0.965925826289068));
#8294=DIRECTION('ref_axis',(-0.707106781186547,-0.68301270189222,0.18301270189222));
#8295=DIRECTION('center_axis',(-3.33798149882416E-16,-0.258819045102521,
-0.965925826289068));
#8296=DIRECTION('ref_axis',(0.707106781186547,0.68301270189222,-0.183012701892219));
#8297=DIRECTION('',(2.2186712959341E-31,-0.965925826289068,0.258819045102521));
#8298=DIRECTION('',(0.644222294878551,-0.738777072988818,0.197954720093983));
#8299=DIRECTION('center_axis',(-3.43498161014879E-16,-0.258819045102522,
-0.965925826289068));
#8300=DIRECTION('ref_axis',(1.,1.7069385433979E-14,-4.92934350644364E-15));
#8301=DIRECTION('center_axis',(3.2353235008829E-16,0.258819045102521,0.965925826289068));
#8302=DIRECTION('ref_axis',(-0.972484323858176,0.225030120574324,-0.0602966390805681));
#8303=DIRECTION('center_axis',(4.93370541370261E-16,-0.258819045102518,
-0.965925826289069));
#8304=DIRECTION('ref_axis',(0.972484301647622,-0.225030210129111,0.0602966630767009));
#8305=DIRECTION('',(-1.,1.26881863232384E-16,4.73529560142262E-16));
#8306=DIRECTION('',(2.2186712959341E-31,-0.965925826289068,0.258819045102521));
#8307=DIRECTION('center_axis',(3.43498161014898E-16,0.258819045102521,0.965925826289068));
#8308=DIRECTION('ref_axis',(-1.,8.89038660283477E-17,3.3179374500709E-16));
#8309=DIRECTION('',(5.75509325541774E-15,-0.965925826289068,0.258819045102521));
#8310=DIRECTION('',(2.2186712959341E-31,-0.965925826289068,0.258819045102521));
#8311=DIRECTION('',(-0.705814167459734,-0.684258992611419,0.183346644483964));
#8312=DIRECTION('',(0.708397036282006,-0.68176413291007,0.182678148841758));
#8313=DIRECTION('',(0.705814167459735,0.684258992611418,-0.183346644483964));
#8314=DIRECTION('',(-0.708397036281996,0.68176413291008,-0.182678148841761));
#8315=DIRECTION('',(-0.705814167459744,-0.684258992611409,0.183346644483961));
#8316=DIRECTION('',(0.700436969292781,-0.689395041143223,0.184722844540347));
#8317=DIRECTION('',(0.707106781186547,0.683012701892219,-0.18301270189222));
#8318=DIRECTION('',(-0.0933852753009191,0.961704775762546,-0.257688018022729));
#8319=DIRECTION('',(-0.705814167459744,-0.684258992611409,0.183346644483961));
#8320=DIRECTION('',(0.700436969292781,-0.689395041143223,0.184722844540347));
#8321=DIRECTION('',(0.707106781186547,0.683012701892219,-0.18301270189222));
#8322=DIRECTION('',(-0.0933852753009191,0.961704775762546,-0.257688018022729));
#8323=DIRECTION('',(-0.705814167459744,-0.684258992611409,0.183346644483961));
#8324=DIRECTION('',(0.700436969292781,-0.689395041143223,0.184722844540347));
#8325=DIRECTION('',(0.707106781186547,0.683012701892219,-0.18301270189222));
#8326=DIRECTION('',(-0.0933852753009191,0.961704775762546,-0.257688018022729));
#8327=DIRECTION('',(-0.705814167459744,-0.684258992611409,0.183346644483961));
#8328=DIRECTION('',(0.70043696929278,-0.689395041143224,0.184722844540348));
#8329=DIRECTION('',(0.707106781186547,0.683012701892219,-0.18301270189222));
#8330=DIRECTION('',(-0.0933852753009191,0.961704775762546,-0.257688018022729));
#8331=DIRECTION('',(-0.70710678118655,-0.683012701892217,0.183012701892219));
#8332=DIRECTION('',(0.707106781186541,-0.683012701892226,0.183012701892221));
#8333=DIRECTION('',(0.707106781186553,0.683012701892214,-0.183012701892219));
#8334=DIRECTION('',(-0.707106781183879,0.683012701894797,-0.18301270189291));
#8335=DIRECTION('',(-0.707106781186552,-0.683012701892215,0.183012701892219));
#8336=DIRECTION('',(1.,9.95592670299913E-18,-3.48240956158192E-16));
#8337=DIRECTION('',(0.707106781186554,0.683012701892213,-0.183012701892218));
#8338=DIRECTION('',(-0.707106781183879,0.683012701894797,-0.18301270189291));
#8339=DIRECTION('',(-0.707106781188591,-0.683012701890246,0.183012701891691));
#8340=DIRECTION('',(1.,9.95592670299913E-18,-3.48240956158192E-16));
#8341=DIRECTION('',(0.707106781188592,0.683012701890244,-0.183012701891691));
#8342=DIRECTION('',(-0.707106781183879,0.683012701894797,-0.18301270189291));
#8343=DIRECTION('',(-0.705814167459744,-0.684258992611409,0.183346644483961));
#8344=DIRECTION('',(0.700436969292781,-0.689395041143224,0.184722844540348));
#8345=DIRECTION('',(0.707106781186547,0.683012701892219,-0.18301270189222));
#8346=DIRECTION('',(-0.0933852753009191,0.961704775762546,-0.257688018022729));
#8347=DIRECTION('',(-0.70710678118859,-0.683012701890246,0.183012701891691));
#8348=DIRECTION('',(0.707106781184503,-0.683012701894194,0.183012701892749));
#8349=DIRECTION('',(1.,9.95592670299913E-18,-3.48240956158192E-16));
#8350=DIRECTION('',(0.707106781186548,0.683012701892219,-0.18301270189222));
#8351=DIRECTION('',(-0.707106781183879,0.683012701894797,-0.18301270189291));
#8352=DIRECTION('',(-0.707106781188591,-0.683012701890246,0.183012701891691));
#8353=DIRECTION('',(1.,9.95592670299913E-18,-3.48240956158192E-16));
#8354=DIRECTION('',(0.707106781188592,0.683012701890244,-0.183012701891691));
#8355=DIRECTION('',(-0.707106781183879,0.683012701894797,-0.18301270189291));
#8356=DIRECTION('',(-0.707106781188591,-0.683012701890246,0.183012701891691));
#8357=DIRECTION('',(1.,9.95592670299913E-18,-3.48240956158192E-16));
#8358=DIRECTION('',(0.707106781186548,0.683012701892219,-0.18301270189222));
#8359=DIRECTION('',(-0.707106781183879,0.683012701894797,-0.18301270189291));
#8360=DIRECTION('',(-0.705814167459744,-0.684258992611409,0.183346644483961));
#8361=DIRECTION('',(0.700436969292781,-0.689395041143223,0.184722844540347));
#8362=DIRECTION('',(0.707106781186547,0.683012701892219,-0.18301270189222));
#8363=DIRECTION('',(-0.0933852753009191,0.961704775762546,-0.257688018022729));
#8364=DIRECTION('',(-0.707106781186549,-0.683012701892218,0.18301270189222));
#8365=DIRECTION('',(0.707106781186551,-0.683012701892216,0.183012701892219));
#8366=DIRECTION('',(0.707106781186546,0.68301270189222,-0.18301270189222));
#8367=DIRECTION('',(-0.707106781186546,0.68301270189222,-0.18301270189222));
#8368=DIRECTION('',(0.705814167459747,0.684258992611407,-0.183346644483961));
#8369=DIRECTION('',(-0.708397036281991,0.681764132910084,-0.182678148841762));
#8370=DIRECTION('',(-0.705814167459747,-0.684258992611406,0.183346644483961));
#8371=DIRECTION('',(0.708397036281882,-0.68176413291019,0.18267814884179));
#8372=DIRECTION('',(-0.707106781186548,-0.683012701892218,0.18301270189222));
#8373=DIRECTION('',(0.707106781158789,-0.683012701919032,0.183012701899404));
#8374=DIRECTION('',(0.707106781186545,0.683012701892221,-0.183012701892221));
#8375=DIRECTION('',(-0.707106781273049,0.683012701808665,-0.183012701869831));
#8376=DIRECTION('center_axis',(0.995630046933584,0.090203249208273,-0.0241698877800178));
#8377=DIRECTION('ref_axis',(-0.0933852753009191,0.961704775762546,-0.257688018022729));
#8378=DIRECTION('',(-2.01858731750028E-15,0.258819045102519,0.965925826289069));
#8379=DIRECTION('',(0.0933852753009191,-0.961704775762546,0.257688018022729));
#8380=DIRECTION('',(-2.01858731750028E-15,0.258819045102519,0.965925826289069));
#8381=DIRECTION('center_axis',(-0.708397036281991,0.681764132910084,-0.182678148841762));
#8382=DIRECTION('ref_axis',(-0.705814167459744,-0.684258992611409,0.183346644483961));
#8383=DIRECTION('',(0.705814167459744,0.684258992611409,-0.183346644483961));
#8384=DIRECTION('',(-2.01858731750028E-15,0.258819045102519,0.965925826289069));
#8385=DIRECTION('center_axis',(-0.713714264988408,-0.676570158327541,0.181286427546859));
#8386=DIRECTION('ref_axis',(0.700436969292781,-0.689395041143224,0.184722844540345));
#8387=DIRECTION('',(-0.700436969292781,0.689395041143223,-0.184722844540347));
#8388=DIRECTION('',(-2.01858731750028E-15,0.258819045102519,0.965925826289069));
#8389=DIRECTION('center_axis',(0.707106781186548,-0.683012701892219,0.18301270189222));
#8390=DIRECTION('ref_axis',(0.707106781186547,0.683012701892219,-0.18301270189222));
#8391=DIRECTION('',(-0.707106781186547,-0.683012701892219,0.18301270189222));
#8392=DIRECTION('center_axis',(-0.707106781186554,-0.683012701892214,0.183012701892215));
#8393=DIRECTION('ref_axis',(0.707106781186541,-0.683012701892226,0.183012701892221));
#8394=DIRECTION('',(-1.89833944018825E-15,0.258819045102519,0.965925826289069));
#8395=DIRECTION('',(-0.707106781186541,0.683012701892226,-0.183012701892221));
#8396=DIRECTION('',(-1.89833944018825E-15,0.258819045102519,0.965925826289069));
#8397=DIRECTION('center_axis',(0.707106781186542,-0.683012701892225,0.183012701892221));
#8398=DIRECTION('ref_axis',(0.707106781186553,0.683012701892214,-0.183012701892219));
#8399=DIRECTION('',(-0.707106781186553,-0.683012701892214,0.183012701892219));
#8400=DIRECTION('',(-1.89833944018825E-15,0.258819045102519,0.965925826289069));
#8401=DIRECTION('center_axis',(0.707106781189216,0.683012701889642,-0.183012701891526));
#8402=DIRECTION('ref_axis',(-0.707106781183879,0.683012701894797,-0.18301270189291));
#8403=DIRECTION('',(0.707106781183879,-0.683012701894797,0.18301270189291));
#8404=DIRECTION('',(-1.89833944018825E-15,0.258819045102519,0.965925826289069));
#8405=DIRECTION('center_axis',(-0.707106781186545,0.683012701892222,-0.18301270189222));
#8406=DIRECTION('ref_axis',(-0.70710678118655,-0.683012701892217,0.183012701892218));
#8407=DIRECTION('',(0.70710678118655,0.683012701892217,-0.183012701892219));
#8408=DIRECTION('center_axis',(-0.707106781184505,0.683012701894192,-0.183012701892748));
#8409=DIRECTION('ref_axis',(-0.70710678118859,-0.683012701890246,0.18301270189169));
#8410=DIRECTION('',(-1.89242561015651E-15,0.258819045102519,0.965925826289069));
#8411=DIRECTION('',(0.70710678118859,0.683012701890246,-0.183012701891691));
#8412=DIRECTION('',(-1.89242561015651E-15,0.258819045102519,0.965925826289069));
#8413=DIRECTION('center_axis',(-0.707106781188592,-0.683012701890245,0.183012701891688));
#8414=DIRECTION('ref_axis',(0.707106781184503,-0.683012701894194,0.183012701892749));
#8415=DIRECTION('',(-0.707106781184503,0.683012701894194,-0.183012701892749));
#8416=DIRECTION('',(-1.89242561015651E-15,0.258819045102519,0.965925826289069));
#8417=DIRECTION('center_axis',(9.97480784655194E-17,-0.965925826289069,
0.258819045102519));
#8418=DIRECTION('ref_axis',(1.,0.,-3.85396980450217E-16));
#8419=DIRECTION('',(-1.,-9.95592670299913E-18,3.48240956158192E-16));
#8420=DIRECTION('',(-1.89242561015651E-15,0.258819045102519,0.965925826289069));
#8421=DIRECTION('center_axis',(0.707106781189216,0.683012701889642,-0.183012701891526));
#8422=DIRECTION('ref_axis',(-0.707106781183879,0.683012701894797,-0.18301270189291));
#8423=DIRECTION('',(-1.89242561015651E-15,0.258819045102519,0.965925826289069));
#8424=DIRECTION('',(0.707106781183879,-0.683012701894797,0.18301270189291));
#8425=DIRECTION('center_axis',(0.707106781186547,-0.683012701892219,0.18301270189222));
#8426=DIRECTION('ref_axis',(0.707106781186548,0.683012701892219,-0.18301270189222));
#8427=DIRECTION('',(-0.707106781186548,-0.683012701892219,0.18301270189222));
#8428=DIRECTION('center_axis',(-0.707106781214306,-0.683012701865407,0.183012701885032));
#8429=DIRECTION('ref_axis',(0.707106781158789,-0.683012701919033,0.183012701899402));
#8430=DIRECTION('',(-2.01858731750028E-15,0.258819045102519,0.965925826289069));
#8431=DIRECTION('',(-0.707106781158789,0.683012701919032,-0.183012701899404));
#8432=DIRECTION('',(-2.01858731750028E-15,0.258819045102519,0.965925826289069));
#8433=DIRECTION('center_axis',(0.70710678118655,-0.683012701892217,0.183012701892219));
#8434=DIRECTION('ref_axis',(0.707106781186545,0.683012701892221,-0.18301270189222));
#8435=DIRECTION('',(-0.707106781186545,-0.683012701892221,0.183012701892221));
#8436=DIRECTION('',(-2.01858731750028E-15,0.258819045102519,0.965925826289069));
#8437=DIRECTION('center_axis',(0.707106781100046,0.683012701975774,-0.183012701914605));
#8438=DIRECTION('ref_axis',(-0.70710678127305,0.683012701808665,-0.183012701869831));
#8439=DIRECTION('',(0.707106781273049,-0.683012701808665,0.183012701869831));
#8440=DIRECTION('',(-2.01858731750028E-15,0.258819045102519,0.965925826289069));
#8441=DIRECTION('center_axis',(-0.707106781186547,0.68301270189222,-0.18301270189222));
#8442=DIRECTION('ref_axis',(-0.707106781186548,-0.683012701892218,0.18301270189222));
#8443=DIRECTION('',(0.707106781186548,0.683012701892218,-0.18301270189222));
#8444=DIRECTION('center_axis',(-0.708397036281991,0.681764132910084,-0.182678148841762));
#8445=DIRECTION('ref_axis',(-0.705814167459744,-0.684258992611409,0.183346644483961));
#8446=DIRECTION('',(-1.89242561015651E-15,0.258819045102519,0.965925826289069));
#8447=DIRECTION('',(0.705814167459744,0.684258992611409,-0.183346644483961));
#8448=DIRECTION('',(-1.89242561015651E-15,0.258819045102519,0.965925826289069));
#8449=DIRECTION('center_axis',(-0.713714264988408,-0.676570158327541,0.181286427546859));
#8450=DIRECTION('ref_axis',(0.700436969292781,-0.689395041143224,0.184722844540345));
#8451=DIRECTION('',(-0.700436969292781,0.689395041143223,-0.184722844540347));
#8452=DIRECTION('',(-1.89242561015651E-15,0.258819045102519,0.965925826289069));
#8453=DIRECTION('center_axis',(0.707106781186548,-0.683012701892219,0.18301270189222));
#8454=DIRECTION('ref_axis',(0.707106781186547,0.683012701892219,-0.18301270189222));
#8455=DIRECTION('',(-0.707106781186547,-0.683012701892219,0.18301270189222));
#8456=DIRECTION('',(-1.89242561015651E-15,0.258819045102519,0.965925826289069));
#8457=DIRECTION('center_axis',(0.995630046933584,0.0902032492082729,-0.024169887780018));
#8458=DIRECTION('ref_axis',(-0.0933852753009191,0.961704775762546,-0.257688018022729));
#8459=DIRECTION('',(0.0933852753009191,-0.961704775762546,0.257688018022729));
#8460=DIRECTION('center_axis',(0.995630046933584,0.0902032492082729,-0.024169887780018));
#8461=DIRECTION('ref_axis',(-0.0933852753009191,0.961704775762546,-0.257688018022729));
#8462=DIRECTION('',(-1.89242561015651E-15,0.258819045102519,0.965925826289069));
#8463=DIRECTION('',(0.0933852753009191,-0.961704775762546,0.257688018022729));
#8464=DIRECTION('',(-1.89242561015651E-15,0.258819045102519,0.965925826289069));
#8465=DIRECTION('center_axis',(-0.708397036281991,0.681764132910084,-0.182678148841762));
#8466=DIRECTION('ref_axis',(-0.705814167459744,-0.684258992611409,0.183346644483961));
#8467=DIRECTION('',(0.705814167459744,0.684258992611409,-0.183346644483961));
#8468=DIRECTION('',(-1.89242561015651E-15,0.258819045102519,0.965925826289069));
#8469=DIRECTION('center_axis',(-0.713714264988409,-0.676570158327541,0.181286427546859));
#8470=DIRECTION('ref_axis',(0.700436969292781,-0.689395041143224,0.184722844540345));
#8471=DIRECTION('',(-0.700436969292781,0.689395041143224,-0.184722844540348));
#8472=DIRECTION('',(-1.89242561015651E-15,0.258819045102519,0.965925826289069));
#8473=DIRECTION('center_axis',(0.707106781186548,-0.683012701892219,0.18301270189222));
#8474=DIRECTION('ref_axis',(0.707106781186547,0.683012701892219,-0.18301270189222));
#8475=DIRECTION('',(-0.707106781186547,-0.683012701892219,0.18301270189222));
#8476=DIRECTION('center_axis',(0.995630046933584,0.0902032492082729,-0.024169887780018));
#8477=DIRECTION('ref_axis',(-0.0933852753009191,0.961704775762546,-0.257688018022729));
#8478=DIRECTION('',(-1.89242561015651E-15,0.258819045102519,0.965925826289069));
#8479=DIRECTION('',(0.0933852753009191,-0.961704775762546,0.257688018022729));
#8480=DIRECTION('',(-1.89242561015651E-15,0.258819045102519,0.965925826289069));
#8481=DIRECTION('center_axis',(-0.708397036281991,0.681764132910084,-0.182678148841762));
#8482=DIRECTION('ref_axis',(-0.705814167459744,-0.684258992611409,0.183346644483961));
#8483=DIRECTION('',(0.705814167459744,0.684258992611409,-0.183346644483961));
#8484=DIRECTION('',(-1.89242561015651E-15,0.258819045102519,0.965925826289069));
#8485=DIRECTION('center_axis',(-0.713714264988409,-0.67657015832754,0.181286427546859));
#8486=DIRECTION('ref_axis',(0.70043696929278,-0.689395041143224,0.184722844540345));
#8487=DIRECTION('',(-0.70043696929278,0.689395041143224,-0.184722844540348));
#8488=DIRECTION('',(-1.89242561015651E-15,0.258819045102519,0.965925826289069));
#8489=DIRECTION('center_axis',(0.707106781186548,-0.683012701892219,0.18301270189222));
#8490=DIRECTION('ref_axis',(0.707106781186547,0.683012701892219,-0.18301270189222));
#8491=DIRECTION('',(-0.707106781186547,-0.683012701892219,0.18301270189222));
#8492=DIRECTION('center_axis',(-0.705814167459729,-0.684258992611424,0.183346644483962));
#8493=DIRECTION('ref_axis',(0.708397036282006,-0.68176413291007,0.182678148841758));
#8494=DIRECTION('',(-2.01858731750028E-15,0.258819045102519,0.965925826289069));
#8495=DIRECTION('',(-0.708397036282006,0.68176413291007,-0.182678148841758));
#8496=DIRECTION('',(-2.01858731750028E-15,0.258819045102519,0.965925826289069));
#8497=DIRECTION('center_axis',(0.708397036282,-0.681764132910075,0.18267814884176));
#8498=DIRECTION('ref_axis',(0.705814167459735,0.684258992611419,-0.18334664448396));
#8499=DIRECTION('',(-0.705814167459735,-0.684258992611418,0.183346644483964));
#8500=DIRECTION('',(-2.01858731750028E-15,0.258819045102519,0.965925826289069));
#8501=DIRECTION('center_axis',(0.705814167459739,0.684258992611414,-0.183346644483959));
#8502=DIRECTION('ref_axis',(-0.708397036281996,0.681764132910078,-0.182678148841765));
#8503=DIRECTION('',(0.708397036281996,-0.68176413291008,0.182678148841761));
#8504=DIRECTION('',(-2.01858731750028E-15,0.258819045102519,0.965925826289069));
#8505=DIRECTION('center_axis',(-0.708397036282001,0.681764132910074,-0.182678148841759));
#8506=DIRECTION('ref_axis',(-0.705814167459734,-0.68425899261142,0.183346644483961));
#8507=DIRECTION('',(0.705814167459734,0.684258992611419,-0.183346644483964));
#8508=DIRECTION('center_axis',(0.995630046933584,0.0902032492082729,-0.024169887780018));
#8509=DIRECTION('ref_axis',(-0.0933852753009191,0.961704775762546,-0.257688018022729));
#8510=DIRECTION('',(-1.89242561015651E-15,0.258819045102519,0.965925826289069));
#8511=DIRECTION('',(0.0933852753009191,-0.961704775762546,0.257688018022729));
#8512=DIRECTION('',(-1.89242561015651E-15,0.258819045102519,0.965925826289069));
#8513=DIRECTION('center_axis',(-0.708397036281991,0.681764132910084,-0.182678148841762));
#8514=DIRECTION('ref_axis',(-0.705814167459744,-0.684258992611409,0.183346644483961));
#8515=DIRECTION('',(0.705814167459744,0.684258992611409,-0.183346644483961));
#8516=DIRECTION('',(-1.89242561015651E-15,0.258819045102519,0.965925826289069));
#8517=DIRECTION('center_axis',(-0.713714264988408,-0.676570158327541,0.181286427546859));
#8518=DIRECTION('ref_axis',(0.700436969292781,-0.689395041143224,0.184722844540345));
#8519=DIRECTION('',(-0.700436969292781,0.689395041143223,-0.184722844540347));
#8520=DIRECTION('',(-1.89242561015651E-15,0.258819045102519,0.965925826289069));
#8521=DIRECTION('center_axis',(0.707106781186548,-0.683012701892219,0.18301270189222));
#8522=DIRECTION('ref_axis',(0.707106781186547,0.683012701892219,-0.18301270189222));
#8523=DIRECTION('',(-0.707106781186547,-0.683012701892219,0.18301270189222));
#8524=DIRECTION('center_axis',(9.97480784655194E-17,-0.965925826289069,
0.258819045102519));
#8525=DIRECTION('ref_axis',(1.,0.,-3.85396980450217E-16));
#8526=DIRECTION('',(-1.89242561015651E-15,0.258819045102519,0.965925826289069));
#8527=DIRECTION('',(-1.,-9.95592670299913E-18,3.48240956158192E-16));
#8528=DIRECTION('',(-1.89242561015651E-15,0.258819045102519,0.965925826289069));
#8529=DIRECTION('center_axis',(0.707106781186541,-0.683012701892225,0.183012701892221));
#8530=DIRECTION('ref_axis',(0.707106781186554,0.683012701892213,-0.183012701892218));
#8531=DIRECTION('',(-0.707106781186554,-0.683012701892213,0.183012701892218));
#8532=DIRECTION('',(-1.89242561015651E-15,0.258819045102519,0.965925826289069));
#8533=DIRECTION('center_axis',(0.707106781189216,0.683012701889642,-0.183012701891526));
#8534=DIRECTION('ref_axis',(-0.707106781183879,0.683012701894797,-0.18301270189291));
#8535=DIRECTION('',(0.707106781183879,-0.683012701894797,0.18301270189291));
#8536=DIRECTION('',(-1.89242561015651E-15,0.258819045102519,0.965925826289069));
#8537=DIRECTION('center_axis',(-0.707106781186543,0.683012701892223,-0.183012701892221));
#8538=DIRECTION('ref_axis',(-0.707106781186552,-0.683012701892215,0.183012701892218));
#8539=DIRECTION('',(0.707106781186552,0.683012701892215,-0.183012701892219));
#8540=DIRECTION('center_axis',(9.97480784655194E-17,-0.965925826289069,
0.258819045102519));
#8541=DIRECTION('ref_axis',(1.,0.,-3.85396980450217E-16));
#8542=DIRECTION('',(-2.01858731750028E-15,0.258819045102519,0.965925826289069));
#8543=DIRECTION('',(-1.,-9.95592670299913E-18,3.48240956158192E-16));
#8544=DIRECTION('',(-2.01858731750028E-15,0.258819045102519,0.965925826289069));
#8545=DIRECTION('center_axis',(0.707106781184503,-0.683012701894194,0.183012701892749));
#8546=DIRECTION('ref_axis',(0.707106781188592,0.683012701890245,-0.183012701891691));
#8547=DIRECTION('',(-0.707106781188592,-0.683012701890244,0.183012701891691));
#8548=DIRECTION('',(-2.01858731750028E-15,0.258819045102519,0.965925826289069));
#8549=DIRECTION('center_axis',(0.707106781189216,0.683012701889642,-0.183012701891526));
#8550=DIRECTION('ref_axis',(-0.707106781183879,0.683012701894797,-0.18301270189291));
#8551=DIRECTION('',(0.707106781183879,-0.683012701894797,0.18301270189291));
#8552=DIRECTION('',(-2.01858731750028E-15,0.258819045102519,0.965925826289069));
#8553=DIRECTION('center_axis',(-0.707106781184504,0.683012701894193,-0.183012701892749));
#8554=DIRECTION('ref_axis',(-0.707106781188591,-0.683012701890246,0.183012701891691));
#8555=DIRECTION('',(0.707106781188591,0.683012701890246,-0.183012701891691));
#8556=DIRECTION('center_axis',(-0.707106781186547,0.68301270189222,-0.18301270189222));
#8557=DIRECTION('ref_axis',(-0.707106781186548,-0.683012701892218,0.18301270189222));
#8558=DIRECTION('',(-2.01858731750028E-15,0.258819045102519,0.965925826289069));
#8559=DIRECTION('',(0.707106781186549,0.683012701892218,-0.18301270189222));
#8560=DIRECTION('',(-2.01858731750028E-15,0.258819045102519,0.965925826289069));
#8561=DIRECTION('center_axis',(-0.707106781186544,-0.683012701892223,0.183012701892218));
#8562=DIRECTION('ref_axis',(0.707106781186551,-0.683012701892217,0.183012701892217));
#8563=DIRECTION('',(-0.707106781186551,0.683012701892216,-0.183012701892219));
#8564=DIRECTION('',(-2.01858731750028E-15,0.258819045102519,0.965925826289069));
#8565=DIRECTION('center_axis',(0.707106781186549,-0.683012701892218,0.183012701892219));
#8566=DIRECTION('ref_axis',(0.707106781186546,0.683012701892221,-0.183012701892219));
#8567=DIRECTION('',(-0.707106781186546,-0.68301270189222,0.18301270189222));
#8568=DIRECTION('',(-2.01858731750028E-15,0.258819045102519,0.965925826289069));
#8569=DIRECTION('center_axis',(0.707106781186549,0.683012701892219,-0.183012701892217));
#8570=DIRECTION('ref_axis',(-0.707106781186546,0.68301270189222,-0.18301270189222));
#8571=DIRECTION('',(0.707106781186546,-0.68301270189222,0.18301270189222));
#8572=DIRECTION('center_axis',(9.97480784655194E-17,-0.965925826289069,
0.258819045102519));
#8573=DIRECTION('ref_axis',(1.,0.,-3.85396980450217E-16));
#8574=DIRECTION('',(-2.01858731750028E-15,0.258819045102519,0.965925826289069));
#8575=DIRECTION('',(-1.,-9.95592670299913E-18,3.48240956158192E-16));
#8576=DIRECTION('',(-2.01858731750028E-15,0.258819045102519,0.965925826289069));
#8577=DIRECTION('center_axis',(0.707106781186547,-0.68301270189222,0.18301270189222));
#8578=DIRECTION('ref_axis',(0.707106781186548,0.683012701892219,-0.18301270189222));
#8579=DIRECTION('',(-0.707106781186548,-0.683012701892219,0.18301270189222));
#8580=DIRECTION('',(-2.01858731750028E-15,0.258819045102519,0.965925826289069));
#8581=DIRECTION('center_axis',(0.707106781189216,0.683012701889642,-0.183012701891526));
#8582=DIRECTION('ref_axis',(-0.707106781183879,0.683012701894797,-0.18301270189291));
#8583=DIRECTION('',(0.707106781183879,-0.683012701894797,0.18301270189291));
#8584=DIRECTION('',(-2.01858731750028E-15,0.258819045102519,0.965925826289069));
#8585=DIRECTION('center_axis',(-0.707106781184504,0.683012701894193,-0.183012701892749));
#8586=DIRECTION('ref_axis',(-0.707106781188591,-0.683012701890246,0.183012701891691));
#8587=DIRECTION('',(0.707106781188591,0.683012701890246,-0.183012701891691));
#8588=DIRECTION('center_axis',(9.97480784655194E-17,-0.965925826289069,
0.258819045102519));
#8589=DIRECTION('ref_axis',(1.,0.,-3.85396980450217E-16));
#8590=DIRECTION('',(-1.89242561015651E-15,0.258819045102519,0.965925826289069));
#8591=DIRECTION('',(-1.,-9.95592670299913E-18,3.48240956158192E-16));
#8592=DIRECTION('',(-1.89242561015651E-15,0.258819045102519,0.965925826289069));
#8593=DIRECTION('center_axis',(0.707106781184503,-0.683012701894194,0.183012701892749));
#8594=DIRECTION('ref_axis',(0.707106781188592,0.683012701890244,-0.183012701891691));
#8595=DIRECTION('',(-0.707106781188592,-0.683012701890244,0.183012701891691));
#8596=DIRECTION('',(-1.89242561015651E-15,0.258819045102519,0.965925826289069));
#8597=DIRECTION('center_axis',(0.707106781189216,0.683012701889642,-0.183012701891526));
#8598=DIRECTION('ref_axis',(-0.707106781183879,0.683012701894797,-0.18301270189291));
#8599=DIRECTION('',(0.707106781183879,-0.683012701894797,0.18301270189291));
#8600=DIRECTION('',(-1.89242561015651E-15,0.258819045102519,0.965925826289069));
#8601=DIRECTION('center_axis',(-0.707106781184505,0.683012701894193,-0.183012701892748));
#8602=DIRECTION('ref_axis',(-0.70710678118859,-0.683012701890246,0.18301270189169));
#8603=DIRECTION('',(0.707106781188591,0.683012701890246,-0.183012701891691));
#8604=DIRECTION('center_axis',(0.995630046933584,0.0902032492082729,-0.024169887780018));
#8605=DIRECTION('ref_axis',(-0.0933852753009191,0.961704775762546,-0.257688018022729));
#8606=DIRECTION('',(-1.89242561015651E-15,0.258819045102519,0.965925826289069));
#8607=DIRECTION('',(0.0933852753009191,-0.961704775762546,0.257688018022729));
#8608=DIRECTION('',(-1.89242561015651E-15,0.258819045102519,0.965925826289069));
#8609=DIRECTION('center_axis',(-0.708397036281991,0.681764132910084,-0.182678148841762));
#8610=DIRECTION('ref_axis',(-0.705814167459744,-0.684258992611409,0.183346644483961));
#8611=DIRECTION('',(0.705814167459744,0.684258992611409,-0.183346644483961));
#8612=DIRECTION('',(-1.89242561015651E-15,0.258819045102519,0.965925826289069));
#8613=DIRECTION('center_axis',(-0.713714264988408,-0.676570158327541,0.181286427546859));
#8614=DIRECTION('ref_axis',(0.700436969292781,-0.689395041143224,0.184722844540345));
#8615=DIRECTION('',(-0.700436969292781,0.689395041143223,-0.184722844540347));
#8616=DIRECTION('',(-1.89242561015651E-15,0.258819045102519,0.965925826289069));
#8617=DIRECTION('center_axis',(0.707106781186548,-0.683012701892219,0.18301270189222));
#8618=DIRECTION('ref_axis',(0.707106781186547,0.683012701892219,-0.18301270189222));
#8619=DIRECTION('',(-0.707106781186547,-0.683012701892219,0.18301270189222));
#8620=DIRECTION('center_axis',(-0.708397036281988,0.681764132910087,-0.182678148841763));
#8621=DIRECTION('ref_axis',(-0.705814167459747,-0.684258992611407,0.183346644483955));
#8622=DIRECTION('',(-2.01858731750028E-15,0.258819045102519,0.965925826289069));
#8623=DIRECTION('',(0.705814167459747,0.684258992611406,-0.183346644483961));
#8624=DIRECTION('',(-2.01858731750028E-15,0.258819045102519,0.965925826289069));
#8625=DIRECTION('center_axis',(-0.705814167459854,-0.684258992611304,0.18334664448393));
#8626=DIRECTION('ref_axis',(0.708397036281882,-0.68176413291019,0.18267814884179));
#8627=DIRECTION('',(-0.708397036281882,0.68176413291019,-0.18267814884179));
#8628=DIRECTION('',(-2.01858731750028E-15,0.258819045102519,0.965925826289069));
#8629=DIRECTION('center_axis',(0.708397036281989,-0.681764132910086,0.182678148841763));
#8630=DIRECTION('ref_axis',(0.705814167459746,0.684258992611408,-0.183346644483956));
#8631=DIRECTION('',(-0.705814167459747,-0.684258992611407,0.183346644483961));
#8632=DIRECTION('',(-2.01858731750028E-15,0.258819045102519,0.965925826289069));
#8633=DIRECTION('center_axis',(0.705814167459744,0.68425899261141,-0.183346644483958));
#8634=DIRECTION('ref_axis',(-0.708397036281991,0.681764132910084,-0.182678148841761));
#8635=DIRECTION('',(0.708397036281991,-0.681764132910084,0.182678148841762));
#8636=DIRECTION('center_axis',(0.684068721817772,0.188787157601097,0.704563263983795));
#8637=DIRECTION('ref_axis',(-0.729417564794405,0.177050013365376,0.660759645360338));
#8638=DIRECTION('center_axis',(0.684068721817772,0.188787157601097,0.704563263983795));
#8639=DIRECTION('ref_axis',(-0.729417564794405,0.177050013365375,0.660759645360338));
#8640=DIRECTION('',(3.40866404935211E-15,-0.965925826289068,0.258819045102522));
#8641=DIRECTION('center_axis',(-0.684068721817772,-0.188787157601097,-0.704563263983795));
#8642=DIRECTION('ref_axis',(-0.729417564794405,0.177050013365374,0.660759645360339));
#8643=DIRECTION('',(3.40866404935211E-15,-0.965925826289068,0.258819045102522));
#8644=DIRECTION('center_axis',(0.684068721817772,0.188787157601097,0.704563263983795));
#8645=DIRECTION('ref_axis',(-0.729417564794405,0.177050013365376,0.660759645360338));
#8646=DIRECTION('',(0.729417564794405,-0.177050013365378,-0.660759645360338));
#8647=DIRECTION('',(3.40866404935211E-15,-0.965925826289068,0.258819045102522));
#8648=DIRECTION('',(-0.729417564794405,0.177050013365377,0.660759645360338));
#8649=DIRECTION('',(3.40866404935211E-15,-0.965925826289068,0.258819045102522));
#8650=DIRECTION('center_axis',(-0.706009637775823,0.183296223590718,0.68407081927607));
#8651=DIRECTION('ref_axis',(-0.708202224910125,-0.182728740282317,-0.681952942736657));
#8652=DIRECTION('center_axis',(-0.706009637775823,0.183296223590718,0.68407081927607));
#8653=DIRECTION('ref_axis',(-0.708202224910125,-0.182728740282317,-0.681952942736657));
#8654=DIRECTION('center_axis',(0.706009637775823,-0.183296223590718,-0.68407081927607));
#8655=DIRECTION('ref_axis',(-0.708202224910125,-0.182728740282317,-0.681952942736657));
#8656=DIRECTION('',(3.40866404935211E-15,-0.965925826289068,0.258819045102522));
#8657=DIRECTION('center_axis',(0.710398348802874,-0.182156797242848,-0.679818422254339));
#8658=DIRECTION('ref_axis',(0.70379981956388,0.18386462227957,0.686192112061805));
#8659=DIRECTION('center_axis',(0.710398348802874,-0.182156797242848,-0.679818422254339));
#8660=DIRECTION('ref_axis',(-0.70379981956388,-0.18386462227957,-0.686192112061805));
#8661=DIRECTION('',(3.40866404935211E-15,-0.965925826289068,0.258819045102522));
#8662=DIRECTION('center_axis',(-0.710398348802874,0.182156797242848,0.679818422254339));
#8663=DIRECTION('ref_axis',(-0.70379981956388,-0.183864622279569,-0.686192112061805));
#8664=DIRECTION('center_axis',(0.710398348802874,-0.182156797242848,-0.679818422254339));
#8665=DIRECTION('ref_axis',(0.70379981956388,0.18386462227957,0.686192112061805));
#8666=DIRECTION('',(-0.70379981956388,-0.183864622279568,-0.686192112061805));
#8667=DIRECTION('',(0.70379981956388,0.183864622279567,0.686192112061806));
#8668=DIRECTION('',(3.40866404935211E-15,-0.965925826289068,0.258819045102522));
#8669=DIRECTION('center_axis',(-0.704856499763875,-0.183593269984505,-0.685179411509872));
#8670=DIRECTION('ref_axis',(0.70934992404357,-0.182430286203194,-0.680839096949641));
#8671=DIRECTION('center_axis',(-0.704856499763875,-0.183593269984505,-0.685179411509872));
#8672=DIRECTION('ref_axis',(-0.70934992404357,0.182430286203189,0.680839096949642));
#8673=DIRECTION('center_axis',(0.704856499763875,0.183593269984505,0.685179411509872));
#8674=DIRECTION('ref_axis',(-0.70934992404357,0.182430286203188,0.680839096949642));
#8675=DIRECTION('center_axis',(-0.704856499763875,-0.183593269984505,-0.685179411509872));
#8676=DIRECTION('ref_axis',(0.70934992404357,-0.182430286203194,-0.680839096949641));
#8677=DIRECTION('',(-0.70934992404357,0.182430286203192,0.680839096949641));
#8678=DIRECTION('',(0.70934992404357,-0.182430286203191,-0.680839096949642));
#8679=DIRECTION('',(3.40866404935211E-15,-0.965925826289068,0.258819045102522));
#8680=DIRECTION('center_axis',(-0.706009637775823,0.183296223590718,0.68407081927607));
#8681=DIRECTION('ref_axis',(-0.708202224910125,-0.182728740282317,-0.681952942736657));
#8682=DIRECTION('',(0.708202224910125,0.182728740282315,0.681952942736657));
#8683=DIRECTION('',(-0.708202224910125,-0.182728740282315,-0.681952942736657));
#8684=DIRECTION('center_axis',(-0.704856499763875,-0.183593269984505,-0.685179411509872));
#8685=DIRECTION('ref_axis',(0.70934992404357,-0.182430286203194,-0.680839096949641));
#8686=DIRECTION('',(0.70934992404357,-0.182430286203191,-0.680839096949642));
#8687=DIRECTION('',(3.40866404935211E-15,-0.965925826289068,0.258819045102522));
#8688=DIRECTION('',(-0.70934992404357,0.182430286203191,0.680839096949642));
#8689=DIRECTION('',(3.40866404935211E-15,-0.965925826289068,0.258819045102522));
#8690=DIRECTION('center_axis',(0.684068721817772,0.188787157601097,0.704563263983795));
#8691=DIRECTION('ref_axis',(-0.729417564794405,0.177050013365376,0.660759645360338));
#8692=DIRECTION('center_axis',(0.684068721817772,0.188787157601097,0.704563263983795));
#8693=DIRECTION('ref_axis',(-0.729417564794405,0.177050013365375,0.660759645360338));
#8694=DIRECTION('',(3.40866404935211E-15,-0.965925826289068,0.258819045102522));
#8695=DIRECTION('center_axis',(-0.684068721817772,-0.188787157601097,-0.704563263983795));
#8696=DIRECTION('ref_axis',(-0.729417564794405,0.177050013365375,0.660759645360339));
#8697=DIRECTION('center_axis',(0.684068721817772,0.188787157601097,0.704563263983795));
#8698=DIRECTION('ref_axis',(0.729417564794405,-0.177050013365374,-0.660759645360339));
#8699=DIRECTION('',(3.40866404935211E-15,-0.965925826289068,0.258819045102522));
#8700=DIRECTION('center_axis',(0.684068721817772,0.188787157601097,0.704563263983795));
#8701=DIRECTION('ref_axis',(-0.729417564794405,0.177050013365376,0.660759645360338));
#8702=DIRECTION('',(0.729417564794405,-0.177050013365378,-0.660759645360338));
#8703=DIRECTION('',(3.40866404935211E-15,-0.965925826289068,0.258819045102522));
#8704=DIRECTION('',(-0.729417564794405,0.177050013365377,0.660759645360338));
#8705=DIRECTION('',(3.40866404935211E-15,-0.965925826289068,0.258819045102522));
#8706=DIRECTION('center_axis',(0.710398348802874,-0.182156797242848,-0.679818422254339));
#8707=DIRECTION('ref_axis',(0.70379981956388,0.18386462227957,0.686192112061805));
#8708=DIRECTION('center_axis',(0.710398348802874,-0.182156797242848,-0.679818422254339));
#8709=DIRECTION('ref_axis',(-0.70379981956388,-0.18386462227957,-0.686192112061805));
#8710=DIRECTION('',(0.70379981956388,0.183864622279568,0.686192112061805));
#8711=DIRECTION('',(-0.70379981956388,-0.183864622279568,-0.686192112061806));
#8712=DIRECTION('center_axis',(0.710398348802874,-0.182156797242848,-0.679818422254339));
#8713=DIRECTION('ref_axis',(0.70379981956388,0.183864622279569,0.686192112061805));
#8714=DIRECTION('center_axis',(-0.710398348802874,0.182156797242848,0.679818422254339));
#8715=DIRECTION('ref_axis',(-0.70379981956388,-0.183864622279569,-0.686192112061805));
#8716=DIRECTION('center_axis',(0.710398348802874,-0.182156797242848,-0.679818422254339));
#8717=DIRECTION('ref_axis',(0.70379981956388,0.18386462227957,0.686192112061805));
#8718=DIRECTION('',(-0.70379981956388,-0.183864622279568,-0.686192112061805));
#8719=DIRECTION('',(0.70379981956388,0.183864622279567,0.686192112061806));
#8720=DIRECTION('',(3.40866404935211E-15,-0.965925826289068,0.258819045102522));
#8721=DIRECTION('center_axis',(-0.706009637775823,0.183296223590718,0.68407081927607));
#8722=DIRECTION('ref_axis',(-0.708202224910125,-0.182728740282317,-0.681952942736657));
#8723=DIRECTION('center_axis',(-0.706009637775823,0.183296223590718,0.68407081927607));
#8724=DIRECTION('ref_axis',(-0.708202224910125,-0.182728740282318,-0.681952942736657));
#8725=DIRECTION('center_axis',(-0.706009637775823,0.183296223590718,0.68407081927607));
#8726=DIRECTION('ref_axis',(0.708202224910125,0.182728740282317,0.681952942736657));
#8727=DIRECTION('',(0.708202224910125,0.182728740282315,0.681952942736657));
#8728=DIRECTION('',(-0.708202224910125,-0.182728740282316,-0.681952942736657));
#8729=DIRECTION('center_axis',(-0.704856499763875,-0.183593269984505,-0.685179411509872));
#8730=DIRECTION('ref_axis',(0.70934992404357,-0.182430286203194,-0.680839096949641));
#8731=DIRECTION('',(-0.70934992404357,0.182430286203192,0.680839096949641));
#8732=DIRECTION('',(0.70934992404357,-0.182430286203191,-0.680839096949642));
#8733=DIRECTION('',(3.40866404935211E-15,-0.965925826289068,0.258819045102522));
#8734=DIRECTION('center_axis',(-0.706009637775823,0.183296223590718,0.68407081927607));
#8735=DIRECTION('ref_axis',(-0.708202224910125,-0.182728740282317,-0.681952942736657));
#8736=DIRECTION('',(0.708202224910125,0.182728740282315,0.681952942736657));
#8737=DIRECTION('',(-0.708202224910125,-0.182728740282315,-0.681952942736657));
#8738=DIRECTION('center_axis',(-0.706009637775823,0.183296223590718,0.68407081927607));
#8739=DIRECTION('ref_axis',(-0.708202224910125,-0.182728740282317,-0.681952942736657));
#8740=DIRECTION('center_axis',(-0.706009637775823,0.183296223590718,0.68407081927607));
#8741=DIRECTION('ref_axis',(-0.708202224910125,-0.182728740282317,-0.681952942736657));
#8742=DIRECTION('',(3.32939279239043E-15,-0.965925826289068,0.258819045102522));
#8743=DIRECTION('center_axis',(-0.706009637775823,0.183296223590718,0.68407081927607));
#8744=DIRECTION('ref_axis',(-0.708202224910125,-0.1827287402823,-0.681952942736661));
#8745=DIRECTION('center_axis',(0.706009637775823,-0.183296223590718,-0.68407081927607));
#8746=DIRECTION('ref_axis',(-0.708202224910125,-0.182728740282317,-0.681952942736657));
#8747=DIRECTION('',(3.32939279239043E-15,-0.965925826289068,0.258819045102522));
#8748=DIRECTION('center_axis',(-0.706009637775823,0.183296223590718,0.68407081927607));
#8749=DIRECTION('ref_axis',(-0.708202224910125,-0.182728740282317,-0.681952942736657));
#8750=DIRECTION('',(0.708202224910125,0.182728740282315,0.681952942736657));
#8751=DIRECTION('',(3.32939279239043E-15,-0.965925826289068,0.258819045102522));
#8752=DIRECTION('',(-0.708202224910125,-0.182728740282315,-0.681952942736657));
#8753=DIRECTION('',(3.32939279239043E-15,-0.965925826289068,0.258819045102522));
#8754=DIRECTION('center_axis',(0.684068721817772,0.188787157601097,0.704563263983795));
#8755=DIRECTION('ref_axis',(-0.729417564794405,0.177050013365376,0.660759645360338));
#8756=DIRECTION('center_axis',(0.684068721817772,0.188787157601097,0.704563263983795));
#8757=DIRECTION('ref_axis',(-0.729417564794405,0.177050013365375,0.660759645360338));
#8758=DIRECTION('',(-0.729417564794405,0.17705001336537,0.66075964536034));
#8759=DIRECTION('',(3.32939279239043E-15,-0.965925826289068,0.258819045102522));
#8760=DIRECTION('',(0.729417564794405,-0.177050013365378,-0.660759645360338));
#8761=DIRECTION('center_axis',(0.684068721817772,0.188787157601097,0.704563263983795));
#8762=DIRECTION('ref_axis',(-0.729417564794405,0.177050013365393,0.660759645360334));
#8763=DIRECTION('center_axis',(0.684068721817772,0.188787157601097,0.704563263983795));
#8764=DIRECTION('ref_axis',(-0.729417564794405,0.177050013365376,0.660759645360338));
#8765=DIRECTION('',(0.729417564794405,-0.177050013365378,-0.660759645360338));
#8766=DIRECTION('',(-0.729417564794405,0.177050013365377,0.660759645360338));
#8767=DIRECTION('',(3.32939279239043E-15,-0.965925826289068,0.258819045102522));
#8768=DIRECTION('center_axis',(-0.704856499763875,-0.183593269984505,-0.685179411509872));
#8769=DIRECTION('ref_axis',(0.70934992404357,-0.182430286203194,-0.680839096949641));
#8770=DIRECTION('center_axis',(-0.704856499763875,-0.183593269984505,-0.685179411509872));
#8771=DIRECTION('ref_axis',(-0.70934992404357,0.182430286203189,0.680839096949642));
#8772=DIRECTION('center_axis',(0.704856499763875,0.183593269984505,0.685179411509872));
#8773=DIRECTION('ref_axis',(-0.70934992404357,0.182430286203188,0.680839096949642));
#8774=DIRECTION('',(3.32939279239043E-15,-0.965925826289068,0.258819045102522));
#8775=DIRECTION('center_axis',(0.710398348802874,-0.182156797242848,-0.679818422254339));
#8776=DIRECTION('ref_axis',(0.70379981956388,0.18386462227957,0.686192112061805));
#8777=DIRECTION('',(0.70379981956388,0.183864622279575,0.686192112061803));
#8778=DIRECTION('center_axis',(0.710398348802874,-0.182156797242848,-0.679818422254339));
#8779=DIRECTION('ref_axis',(-0.70379981956388,-0.18386462227957,-0.686192112061805));
#8780=DIRECTION('center_axis',(-0.710398348802874,0.182156797242848,0.679818422254339));
#8781=DIRECTION('ref_axis',(-0.70379981956388,-0.183864622279569,-0.686192112061805));
#8782=DIRECTION('center_axis',(0.710398348802874,-0.182156797242848,-0.679818422254339));
#8783=DIRECTION('ref_axis',(-0.70379981956388,-0.183864622279552,-0.68619211206181));
#8784=DIRECTION('',(-0.70379981956388,-0.183864622279567,-0.686192112061806));
#8785=DIRECTION('center_axis',(0.710398348802874,-0.182156797242848,-0.679818422254339));
#8786=DIRECTION('ref_axis',(0.70379981956388,0.18386462227957,0.686192112061805));
#8787=DIRECTION('',(-0.70379981956388,-0.183864622279568,-0.686192112061805));
#8788=DIRECTION('',(0.70379981956388,0.183864622279567,0.686192112061806));
#8789=DIRECTION('',(3.32939279239043E-15,-0.965925826289068,0.258819045102522));
#8790=DIRECTION('center_axis',(-0.704856499763875,-0.183593269984505,-0.685179411509872));
#8791=DIRECTION('ref_axis',(0.70934992404357,-0.182430286203194,-0.680839096949641));
#8792=DIRECTION('',(-0.70934992404357,0.182430286203192,0.680839096949641));
#8793=DIRECTION('',(0.70934992404357,-0.182430286203191,-0.680839096949642));
#8794=DIRECTION('center_axis',(0.684068721817772,0.188787157601097,0.704563263983795));
#8795=DIRECTION('ref_axis',(-0.729417564794405,0.177050013365376,0.660759645360338));
#8796=DIRECTION('',(0.729417564794405,-0.177050013365378,-0.660759645360338));
#8797=DIRECTION('',(3.36902842087127E-15,-0.965925826289068,0.258819045102522));
#8798=DIRECTION('',(-0.729417564794405,0.177050013365377,0.660759645360338));
#8799=DIRECTION('',(3.36902842087127E-15,-0.965925826289068,0.258819045102522));
#8800=DIRECTION('center_axis',(0.684068721817772,0.188787157601097,0.704563263983795));
#8801=DIRECTION('ref_axis',(-0.729417564794405,0.177050013365376,0.660759645360338));
#8802=DIRECTION('',(-0.729417564794405,0.177050013365377,0.660759645360338));
#8803=DIRECTION('',(3.36902842087127E-15,-0.965925826289068,0.258819045102522));
#8804=DIRECTION('',(0.729417564794405,-0.177050013365377,-0.660759645360338));
#8805=DIRECTION('',(3.36902842087127E-15,-0.965925826289068,0.258819045102522));
#8806=DIRECTION('center_axis',(-0.706009637775823,0.183296223590718,0.68407081927607));
#8807=DIRECTION('ref_axis',(-0.708202224910125,-0.182728740282317,-0.681952942736657));
#8808=DIRECTION('',(0.708202224910125,0.182728740282315,0.681952942736657));
#8809=DIRECTION('center_axis',(0.706009637775823,-0.183296223590718,-0.68407081927607));
#8810=DIRECTION('ref_axis',(-0.708202224910125,-0.182728740282317,-0.681952942736657));
#8811=DIRECTION('',(3.36902842087127E-15,-0.965925826289068,0.258819045102522));
#8812=DIRECTION('',(-0.708202224910125,-0.182728740282315,-0.681952942736657));
#8813=DIRECTION('center_axis',(-0.706009637775823,0.183296223590718,0.68407081927607));
#8814=DIRECTION('ref_axis',(-0.708202224910125,-0.182728740282317,-0.681952942736657));
#8815=DIRECTION('',(-0.708202224910125,-0.182728740282316,-0.681952942736657));
#8816=DIRECTION('',(0.708202224910125,0.182728740282315,0.681952942736657));
#8817=DIRECTION('',(3.36902842087127E-15,-0.965925826289068,0.258819045102522));
#8818=DIRECTION('center_axis',(0.706009637775823,-0.183296223590718,-0.68407081927607));
#8819=DIRECTION('ref_axis',(-0.708202224910125,-0.182728740282317,-0.681952942736657));
#8820=DIRECTION('center_axis',(0.710398348802874,-0.182156797242848,-0.679818422254339));
#8821=DIRECTION('ref_axis',(0.70379981956388,0.18386462227957,0.686192112061805));
#8822=DIRECTION('',(-0.70379981956388,-0.183864622279568,-0.686192112061805));
#8823=DIRECTION('',(0.70379981956388,0.183864622279567,0.686192112061806));
#8824=DIRECTION('',(3.36902842087127E-15,-0.965925826289068,0.258819045102522));
#8825=DIRECTION('center_axis',(-0.704856499763875,-0.183593269984505,-0.685179411509872));
#8826=DIRECTION('ref_axis',(0.70934992404357,-0.182430286203194,-0.680839096949641));
#8827=DIRECTION('',(-0.70934992404357,0.182430286203192,0.680839096949641));
#8828=DIRECTION('',(0.70934992404357,-0.182430286203191,-0.680839096949642));
#8829=DIRECTION('center_axis',(0.704856499763875,0.183593269984505,0.685179411509872));
#8830=DIRECTION('ref_axis',(-0.70934992404357,0.182430286203189,0.680839096949642));
#8831=DIRECTION('center_axis',(-0.704856499763875,-0.183593269984505,-0.685179411509872));
#8832=DIRECTION('ref_axis',(0.70934992404357,-0.182430286203194,-0.680839096949641));
#8833=DIRECTION('',(0.70934992404357,-0.182430286203191,-0.680839096949642));
#8834=DIRECTION('center_axis',(0.704856499763875,0.183593269984505,0.685179411509872));
#8835=DIRECTION('ref_axis',(-0.70934992404357,0.182430286203189,0.680839096949642));
#8836=DIRECTION('',(-0.70934992404357,0.182430286203191,0.680839096949642));
#8837=DIRECTION('',(3.36902842087127E-15,-0.965925826289068,0.258819045102522));
#8838=DIRECTION('center_axis',(0.710398348802874,-0.182156797242848,-0.679818422254339));
#8839=DIRECTION('ref_axis',(0.70379981956388,0.18386462227957,0.686192112061805));
#8840=DIRECTION('',(0.70379981956388,0.183864622279568,0.686192112061805));
#8841=DIRECTION('',(-0.70379981956388,-0.183864622279568,-0.686192112061806));
#8842=DIRECTION('center_axis',(-0.704856499763875,-0.183593269984505,-0.685179411509872));
#8843=DIRECTION('ref_axis',(0.70934992404357,-0.182430286203194,-0.680839096949641));
#8844=DIRECTION('center_axis',(-0.704856499763875,-0.183593269984505,-0.685179411509872));
#8845=DIRECTION('ref_axis',(0.70934992404357,-0.182430286203188,-0.680839096949642));
#8846=DIRECTION('',(3.32939279239043E-15,-0.965925826289068,0.258819045102522));
#8847=DIRECTION('center_axis',(-0.704856499763875,-0.183593269984505,-0.685179411509872));
#8848=DIRECTION('ref_axis',(-0.70934992404357,0.182430286203189,0.680839096949642));
#8849=DIRECTION('',(0.70934992404357,-0.182430286203192,-0.680839096949641));
#8850=DIRECTION('',(3.32939279239043E-15,-0.965925826289068,0.258819045102522));
#8851=DIRECTION('',(-0.70934992404357,0.182430286203194,0.680839096949641));
#8852=DIRECTION('center_axis',(0.710398348802874,-0.182156797242848,-0.679818422254339));
#8853=DIRECTION('ref_axis',(0.70379981956388,0.18386462227957,0.686192112061805));
#8854=DIRECTION('center_axis',(-0.710398348802874,0.182156797242848,0.679818422254339));
#8855=DIRECTION('ref_axis',(-0.70379981956388,-0.183864622279569,-0.686192112061805));
#8856=DIRECTION('',(3.32939279239043E-15,-0.965925826289068,0.258819045102522));
#8857=DIRECTION('center_axis',(0.710398348802874,-0.182156797242848,-0.679818422254339));
#8858=DIRECTION('ref_axis',(-0.70379981956388,-0.18386462227957,-0.686192112061805));
#8859=DIRECTION('center_axis',(0.710398348802874,-0.182156797242848,-0.679818422254339));
#8860=DIRECTION('ref_axis',(0.70379981956388,0.183864622279569,0.686192112061805));
#8861=DIRECTION('center_axis',(0.710398348802874,-0.182156797242848,-0.679818422254339));
#8862=DIRECTION('ref_axis',(0.70379981956388,0.18386462227957,0.686192112061805));
#8863=DIRECTION('',(-0.70379981956388,-0.183864622279568,-0.686192112061805));
#8864=DIRECTION('',(3.32939279239043E-15,-0.965925826289068,0.258819045102522));
#8865=DIRECTION('',(0.70379981956388,0.183864622279567,0.686192112061806));
#8866=DIRECTION('',(3.32939279239043E-15,-0.965925826289068,0.258819045102522));
#8867=DIRECTION('center_axis',(-0.706009637775823,0.183296223590718,0.68407081927607));
#8868=DIRECTION('ref_axis',(-0.708202224910125,-0.182728740282317,-0.681952942736657));
#8869=DIRECTION('center_axis',(0.706009637775823,-0.183296223590718,-0.68407081927607));
#8870=DIRECTION('ref_axis',(-0.708202224910125,-0.182728740282317,-0.681952942736657));
#8871=DIRECTION('center_axis',(-0.706009637775823,0.183296223590718,0.68407081927607));
#8872=DIRECTION('ref_axis',(0.708202224910125,0.182728740282317,0.681952942736657));
#8873=DIRECTION('',(0.708202224910125,0.182728740282312,0.681952942736658));
#8874=DIRECTION('',(-0.708202224910125,-0.182728740282315,-0.681952942736657));
#8875=DIRECTION('center_axis',(-0.706009637775823,0.183296223590718,0.68407081927607));
#8876=DIRECTION('ref_axis',(-0.708202224910125,-0.182728740282317,-0.681952942736657));
#8877=DIRECTION('',(3.32939279239043E-15,-0.965925826289068,0.258819045102522));
#8878=DIRECTION('center_axis',(0.684068721817772,0.188787157601097,0.704563263983795));
#8879=DIRECTION('ref_axis',(-0.729417564794405,0.177050013365376,0.660759645360338));
#8880=DIRECTION('center_axis',(-0.684068721817772,-0.188787157601097,-0.704563263983795));
#8881=DIRECTION('ref_axis',(-0.729417564794405,0.177050013365374,0.660759645360339));
#8882=DIRECTION('center_axis',(0.684068721817772,0.188787157601097,0.704563263983795));
#8883=DIRECTION('ref_axis',(-0.729417564794405,0.177050013365375,0.660759645360338));
#8884=DIRECTION('center_axis',(0.684068721817772,0.188787157601097,0.704563263983795));
#8885=DIRECTION('ref_axis',(-0.729417564794405,0.177050013365376,0.660759645360338));
#8886=DIRECTION('',(0.729417564794405,-0.177050013365378,-0.660759645360338));
#8887=DIRECTION('',(3.32939279239043E-15,-0.965925826289068,0.258819045102522));
#8888=DIRECTION('',(-0.729417564794405,0.177050013365377,0.660759645360338));
#8889=DIRECTION('center_axis',(-0.704856499763875,-0.183593269984505,-0.685179411509872));
#8890=DIRECTION('ref_axis',(0.70934992404357,-0.182430286203194,-0.680839096949641));
#8891=DIRECTION('',(-0.70934992404357,0.182430286203192,0.680839096949641));
#8892=DIRECTION('',(0.70934992404357,-0.182430286203191,-0.680839096949641));
#8893=DIRECTION('',(3.32939279239043E-15,-0.965925826289068,0.258819045102522));
#8894=DIRECTION('center_axis',(-0.706009637775823,0.183296223590718,0.68407081927607));
#8895=DIRECTION('ref_axis',(-0.708202224910125,-0.182728740282317,-0.681952942736657));
#8896=DIRECTION('',(0.708202224910125,0.182728740282315,0.681952942736657));
#8897=DIRECTION('',(-0.708202224910125,-0.182728740282315,-0.681952942736657));
#8898=DIRECTION('center_axis',(-0.704856499763875,-0.183593269984505,-0.685179411509872));
#8899=DIRECTION('ref_axis',(0.70934992404357,-0.182430286203194,-0.680839096949641));
#8900=DIRECTION('center_axis',(0.704856499763875,0.183593269984505,0.685179411509872));
#8901=DIRECTION('ref_axis',(-0.70934992404357,0.182430286203188,0.680839096949642));
#8902=DIRECTION('',(3.40866404935211E-15,-0.965925826289068,0.258819045102522));
#8903=DIRECTION('center_axis',(-0.704856499763875,-0.183593269984505,-0.685179411509872));
#8904=DIRECTION('ref_axis',(-0.70934992404357,0.182430286203189,0.680839096949642));
#8905=DIRECTION('',(3.40866404935211E-15,-0.965925826289068,0.258819045102522));
#8906=DIRECTION('center_axis',(-0.706009637775823,0.183296223590718,0.68407081927607));
#8907=DIRECTION('ref_axis',(-0.708202224910125,-0.182728740282317,-0.681952942736657));
#8908=DIRECTION('center_axis',(-0.706009637775823,0.183296223590718,0.68407081927607));
#8909=DIRECTION('ref_axis',(-0.708202224910125,-0.182728740282315,-0.681952942736657));
#8910=DIRECTION('center_axis',(0.706009637775823,-0.183296223590718,-0.68407081927607));
#8911=DIRECTION('ref_axis',(-0.708202224910125,-0.182728740282317,-0.681952942736657));
#8912=DIRECTION('center_axis',(-0.706009637775823,0.183296223590718,0.68407081927607));
#8913=DIRECTION('ref_axis',(-0.708202224910125,-0.182728740282317,-0.681952942736657));
#8914=DIRECTION('',(3.40866404935211E-15,-0.965925826289068,0.258819045102522));
#8915=DIRECTION('center_axis',(0.710398348802874,-0.182156797242848,-0.679818422254339));
#8916=DIRECTION('ref_axis',(0.70379981956388,0.18386462227957,0.686192112061805));
#8917=DIRECTION('center_axis',(0.710398348802874,-0.182156797242848,-0.679818422254339));
#8918=DIRECTION('ref_axis',(-0.70379981956388,-0.183864622279567,-0.686192112061806));
#8919=DIRECTION('',(-0.70379981956388,-0.183864622279568,-0.686192112061806));
#8920=DIRECTION('',(3.40866404935211E-15,-0.965925826289068,0.258819045102522));
#8921=DIRECTION('',(0.70379981956388,0.183864622279568,0.686192112061805));
#8922=DIRECTION('center_axis',(0.710398348802874,-0.182156797242848,-0.679818422254339));
#8923=DIRECTION('ref_axis',(-0.70379981956388,-0.18386462227957,-0.686192112061805));
#8924=DIRECTION('center_axis',(-0.710398348802874,0.182156797242848,0.679818422254339));
#8925=DIRECTION('ref_axis',(-0.70379981956388,-0.183864622279569,-0.686192112061805));
#8926=DIRECTION('center_axis',(0.710398348802874,-0.182156797242848,-0.679818422254339));
#8927=DIRECTION('ref_axis',(0.70379981956388,0.18386462227957,0.686192112061805));
#8928=DIRECTION('',(-0.70379981956388,-0.183864622279568,-0.686192112061805));
#8929=DIRECTION('',(3.40866404935211E-15,-0.965925826289068,0.258819045102522));
#8930=DIRECTION('',(0.70379981956388,0.183864622279567,0.686192112061806));
#8931=DIRECTION('',(3.40866404935211E-15,-0.965925826289068,0.258819045102522));
#8932=DIRECTION('center_axis',(0.684068721817772,0.188787157601097,0.704563263983795));
#8933=DIRECTION('ref_axis',(-0.729417564794405,0.177050013365376,0.660759645360338));
#8934=DIRECTION('center_axis',(0.684068721817772,0.188787157601097,0.704563263983795));
#8935=DIRECTION('ref_axis',(-0.729417564794405,0.177050013365378,0.660759645360338));
#8936=DIRECTION('center_axis',(0.684068721817772,0.188787157601097,0.704563263983795));
#8937=DIRECTION('ref_axis',(-0.729417564794405,0.177050013365375,0.660759645360338));
#8938=DIRECTION('',(-0.729417564794405,0.177050013365377,0.660759645360338));
#8939=DIRECTION('',(0.729417564794405,-0.177050013365377,-0.660759645360338));
#8940=DIRECTION('center_axis',(0.684068721817772,0.188787157601097,0.704563263983795));
#8941=DIRECTION('ref_axis',(-0.729417564794405,0.177050013365376,0.660759645360338));
#8942=DIRECTION('',(0.729417564794405,-0.177050013365378,-0.660759645360338));
#8943=DIRECTION('',(3.40866404935211E-15,-0.965925826289068,0.258819045102522));
#8944=DIRECTION('',(-0.729417564794405,0.177050013365377,0.660759645360338));
#8945=DIRECTION('center_axis',(-0.704856499763875,-0.183593269984505,-0.685179411509872));
#8946=DIRECTION('ref_axis',(0.70934992404357,-0.182430286203194,-0.680839096949641));
#8947=DIRECTION('',(-0.70934992404357,0.182430286203192,0.680839096949641));
#8948=DIRECTION('',(0.70934992404357,-0.182430286203191,-0.680839096949642));
#8949=DIRECTION('',(3.40866404935211E-15,-0.965925826289068,0.258819045102522));
#8950=DIRECTION('center_axis',(-0.706009637775823,0.183296223590718,0.68407081927607));
#8951=DIRECTION('ref_axis',(-0.708202224910125,-0.182728740282317,-0.681952942736657));
#8952=DIRECTION('',(0.708202224910125,0.182728740282315,0.681952942736657));
#8953=DIRECTION('',(-0.708202224910125,-0.182728740282315,-0.681952942736657));
#8954=DIRECTION('center_axis',(0.684068721817772,0.188787157601097,0.704563263983795));
#8955=DIRECTION('ref_axis',(-0.729417564794405,0.177050013365376,0.660759645360338));
#8956=DIRECTION('center_axis',(0.684068721817772,0.188787157601097,0.704563263983795));
#8957=DIRECTION('ref_axis',(-0.729417564794405,0.177050013365375,0.660759645360338));
#8958=DIRECTION('',(3.40866404935211E-15,-0.965925826289068,0.258819045102522));
#8959=DIRECTION('center_axis',(-0.684068721817772,-0.188787157601097,-0.704563263983795));
#8960=DIRECTION('ref_axis',(-0.729417564794405,0.177050013365375,0.660759645360339));
#8961=DIRECTION('',(3.40866404935211E-15,-0.965925826289068,0.258819045102522));
#8962=DIRECTION('center_axis',(0.684068721817772,0.188787157601097,0.704563263983795));
#8963=DIRECTION('ref_axis',(-0.729417564794405,0.177050013365376,0.660759645360338));
#8964=DIRECTION('',(0.729417564794405,-0.177050013365378,-0.660759645360338));
#8965=DIRECTION('',(3.40866404935211E-15,-0.965925826289068,0.258819045102522));
#8966=DIRECTION('',(-0.729417564794405,0.177050013365377,0.660759645360338));
#8967=DIRECTION('',(3.40866404935211E-15,-0.965925826289068,0.258819045102522));
#8968=DIRECTION('center_axis',(-0.706009637775823,0.183296223590718,0.68407081927607));
#8969=DIRECTION('ref_axis',(-0.708202224910125,-0.182728740282317,-0.681952942736657));
#8970=DIRECTION('center_axis',(-0.706009637775823,0.183296223590718,0.68407081927607));
#8971=DIRECTION('ref_axis',(-0.708202224910125,-0.182728740282318,-0.681952942736657));
#8972=DIRECTION('center_axis',(0.706009637775823,-0.183296223590718,-0.68407081927607));
#8973=DIRECTION('ref_axis',(-0.708202224910125,-0.182728740282317,-0.681952942736657));
#8974=DIRECTION('center_axis',(-0.706009637775823,0.183296223590718,0.68407081927607));
#8975=DIRECTION('ref_axis',(0.708202224910125,0.182728740282317,0.681952942736657));
#8976=DIRECTION('',(0.708202224910125,0.182728740282315,0.681952942736657));
#8977=DIRECTION('',(3.40866404935211E-15,-0.965925826289068,0.258819045102522));
#8978=DIRECTION('',(-0.708202224910125,-0.182728740282316,-0.681952942736657));
#8979=DIRECTION('center_axis',(0.710398348802874,-0.182156797242848,-0.679818422254339));
#8980=DIRECTION('ref_axis',(0.70379981956388,0.18386462227957,0.686192112061805));
#8981=DIRECTION('center_axis',(0.710398348802874,-0.182156797242848,-0.679818422254339));
#8982=DIRECTION('ref_axis',(-0.70379981956388,-0.18386462227957,-0.686192112061805));
#8983=DIRECTION('',(3.40866404935211E-15,-0.965925826289068,0.258819045102522));
#8984=DIRECTION('center_axis',(0.710398348802874,-0.182156797242848,-0.679818422254339));
#8985=DIRECTION('ref_axis',(0.70379981956388,0.183864622279569,0.686192112061805));
#8986=DIRECTION('center_axis',(-0.710398348802874,0.182156797242848,0.679818422254339));
#8987=DIRECTION('ref_axis',(-0.70379981956388,-0.183864622279569,-0.686192112061805));
#8988=DIRECTION('center_axis',(0.710398348802874,-0.182156797242848,-0.679818422254339));
#8989=DIRECTION('ref_axis',(0.70379981956388,0.18386462227957,0.686192112061805));
#8990=DIRECTION('',(-0.70379981956388,-0.183864622279568,-0.686192112061805));
#8991=DIRECTION('',(0.70379981956388,0.183864622279567,0.686192112061806));
#8992=DIRECTION('',(3.40866404935211E-15,-0.965925826289068,0.258819045102522));
#8993=DIRECTION('center_axis',(-0.704856499763875,-0.183593269984505,-0.685179411509872));
#8994=DIRECTION('ref_axis',(0.70934992404357,-0.182430286203194,-0.680839096949641));
#8995=DIRECTION('center_axis',(-0.704856499763875,-0.183593269984505,-0.685179411509872));
#8996=DIRECTION('ref_axis',(-0.70934992404357,0.182430286203189,0.680839096949642));
#8997=DIRECTION('',(0.70934992404357,-0.182430286203191,-0.680839096949642));
#8998=DIRECTION('',(-0.70934992404357,0.182430286203191,0.680839096949642));
#8999=DIRECTION('center_axis',(-0.704856499763875,-0.183593269984505,-0.685179411509872));
#9000=DIRECTION('ref_axis',(0.70934992404357,-0.182430286203188,-0.680839096949642));
#9001=DIRECTION('center_axis',(-0.704856499763875,-0.183593269984505,-0.685179411509872));
#9002=DIRECTION('ref_axis',(0.70934992404357,-0.182430286203194,-0.680839096949641));
#9003=DIRECTION('',(-0.70934992404357,0.182430286203192,0.680839096949641));
#9004=DIRECTION('',(0.70934992404357,-0.182430286203191,-0.680839096949642));
#9005=DIRECTION('',(3.40866404935211E-15,-0.965925826289068,0.258819045102522));
#9006=DIRECTION('center_axis',(-0.706009637775823,0.183296223590718,0.68407081927607));
#9007=DIRECTION('ref_axis',(-0.708202224910125,-0.182728740282317,-0.681952942736657));
#9008=DIRECTION('',(0.708202224910125,0.182728740282315,0.681952942736657));
#9009=DIRECTION('',(-0.708202224910125,-0.182728740282315,-0.681952942736657));
#9010=DIRECTION('center_axis',(0.684068721817772,0.188787157601097,0.704563263983795));
#9011=DIRECTION('ref_axis',(-0.729417564794405,0.177050013365376,0.660759645360338));
#9012=DIRECTION('center_axis',(0.684068721817772,0.188787157601097,0.704563263983795));
#9013=DIRECTION('ref_axis',(-0.729417564794405,0.177050013365375,0.660759645360338));
#9014=DIRECTION('',(3.32939279239043E-15,-0.965925826289068,0.258819045102522));
#9015=DIRECTION('center_axis',(-0.684068721817772,-0.188787157601097,-0.704563263983795));
#9016=DIRECTION('ref_axis',(-0.729417564794405,0.177050013365375,0.660759645360339));
#9017=DIRECTION('',(3.32939279239043E-15,-0.965925826289068,0.258819045102522));
#9018=DIRECTION('center_axis',(0.684068721817772,0.188787157601097,0.704563263983795));
#9019=DIRECTION('ref_axis',(-0.729417564794405,0.177050013365376,0.660759645360338));
#9020=DIRECTION('',(0.729417564794405,-0.177050013365378,-0.660759645360338));
#9021=DIRECTION('',(3.32939279239043E-15,-0.965925826289068,0.258819045102522));
#9022=DIRECTION('',(-0.729417564794405,0.177050013365377,0.660759645360338));
#9023=DIRECTION('',(3.32939279239043E-15,-0.965925826289068,0.258819045102522));
#9024=DIRECTION('center_axis',(-0.706009637775823,0.183296223590718,0.68407081927607));
#9025=DIRECTION('ref_axis',(-0.708202224910125,-0.182728740282317,-0.681952942736657));
#9026=DIRECTION('center_axis',(-0.706009637775823,0.183296223590718,0.68407081927607));
#9027=DIRECTION('ref_axis',(-0.708202224910125,-0.182728740282317,-0.681952942736657));
#9028=DIRECTION('center_axis',(0.706009637775823,-0.183296223590718,-0.68407081927607));
#9029=DIRECTION('ref_axis',(-0.708202224910125,-0.182728740282317,-0.681952942736657));
#9030=DIRECTION('',(3.32939279239043E-15,-0.965925826289068,0.258819045102522));
#9031=DIRECTION('center_axis',(0.710398348802874,-0.182156797242848,-0.679818422254339));
#9032=DIRECTION('ref_axis',(0.70379981956388,0.18386462227957,0.686192112061805));
#9033=DIRECTION('center_axis',(0.710398348802874,-0.182156797242848,-0.679818422254339));
#9034=DIRECTION('ref_axis',(-0.70379981956388,-0.18386462227957,-0.686192112061805));
#9035=DIRECTION('',(3.32939279239043E-15,-0.965925826289068,0.258819045102522));
#9036=DIRECTION('center_axis',(-0.710398348802874,0.182156797242848,0.679818422254339));
#9037=DIRECTION('ref_axis',(-0.70379981956388,-0.183864622279569,-0.686192112061805));
#9038=DIRECTION('center_axis',(0.710398348802874,-0.182156797242848,-0.679818422254339));
#9039=DIRECTION('ref_axis',(0.70379981956388,0.18386462227957,0.686192112061805));
#9040=DIRECTION('',(-0.70379981956388,-0.183864622279568,-0.686192112061805));
#9041=DIRECTION('',(0.70379981956388,0.183864622279567,0.686192112061806));
#9042=DIRECTION('',(3.32939279239043E-15,-0.965925826289068,0.258819045102522));
#9043=DIRECTION('center_axis',(-0.704856499763875,-0.183593269984505,-0.685179411509872));
#9044=DIRECTION('ref_axis',(0.70934992404357,-0.182430286203194,-0.680839096949641));
#9045=DIRECTION('center_axis',(-0.704856499763875,-0.183593269984505,-0.685179411509872));
#9046=DIRECTION('ref_axis',(-0.70934992404357,0.182430286203189,0.680839096949642));
#9047=DIRECTION('center_axis',(0.704856499763875,0.183593269984505,0.685179411509872));
#9048=DIRECTION('ref_axis',(-0.70934992404357,0.182430286203188,0.680839096949642));
#9049=DIRECTION('center_axis',(-0.704856499763875,-0.183593269984505,-0.685179411509872));
#9050=DIRECTION('ref_axis',(0.70934992404357,-0.182430286203194,-0.680839096949641));
#9051=DIRECTION('',(-0.70934992404357,0.182430286203192,0.680839096949641));
#9052=DIRECTION('',(0.70934992404357,-0.182430286203191,-0.680839096949642));
#9053=DIRECTION('',(3.32939279239043E-15,-0.965925826289068,0.258819045102522));
#9054=DIRECTION('center_axis',(-0.706009637775823,0.183296223590718,0.68407081927607));
#9055=DIRECTION('ref_axis',(-0.708202224910125,-0.182728740282317,-0.681952942736657));
#9056=DIRECTION('',(0.708202224910125,0.182728740282315,0.681952942736657));
#9057=DIRECTION('',(-0.708202224910125,-0.182728740282315,-0.681952942736657));
#9058=DIRECTION('center_axis',(0.710398348802874,-0.182156797242848,-0.679818422254339));
#9059=DIRECTION('ref_axis',(0.70379981956388,0.18386462227957,0.686192112061805));
#9060=DIRECTION('center_axis',(0.710398348802874,-0.182156797242848,-0.679818422254339));
#9061=DIRECTION('ref_axis',(-0.70379981956388,-0.183864622279567,-0.686192112061806));
#9062=DIRECTION('',(-0.70379981956388,-0.183864622279568,-0.686192112061806));
#9063=DIRECTION('',(3.36902842087127E-15,-0.965925826289068,0.258819045102522));
#9064=DIRECTION('',(0.70379981956388,0.183864622279568,0.686192112061805));
#9065=DIRECTION('center_axis',(0.710398348802874,-0.182156797242848,-0.679818422254339));
#9066=DIRECTION('ref_axis',(-0.70379981956388,-0.18386462227957,-0.686192112061805));
#9067=DIRECTION('',(3.36902842087127E-15,-0.965925826289068,0.258819045102522));
#9068=DIRECTION('center_axis',(0.710398348802874,-0.182156797242848,-0.679818422254339));
#9069=DIRECTION('ref_axis',(0.70379981956388,0.18386462227957,0.686192112061805));
#9070=DIRECTION('',(-0.70379981956388,-0.183864622279568,-0.686192112061805));
#9071=DIRECTION('',(3.36902842087127E-15,-0.965925826289068,0.258819045102522));
#9072=DIRECTION('',(0.70379981956388,0.183864622279567,0.686192112061806));
#9073=DIRECTION('',(3.36902842087127E-15,-0.965925826289068,0.258819045102522));
#9074=DIRECTION('center_axis',(-0.704856499763875,-0.183593269984505,-0.685179411509872));
#9075=DIRECTION('ref_axis',(0.70934992404357,-0.182430286203194,-0.680839096949641));
#9076=DIRECTION('center_axis',(-0.704856499763875,-0.183593269984505,-0.685179411509872));
#9077=DIRECTION('ref_axis',(-0.70934992404357,0.182430286203191,0.680839096949642));
#9078=DIRECTION('center_axis',(-0.704856499763875,-0.183593269984505,-0.685179411509872));
#9079=DIRECTION('ref_axis',(-0.70934992404357,0.182430286203189,0.680839096949642));
#9080=DIRECTION('',(3.36902842087127E-15,-0.965925826289068,0.258819045102522));
#9081=DIRECTION('center_axis',(0.704856499763875,0.183593269984505,0.685179411509872));
#9082=DIRECTION('ref_axis',(-0.70934992404357,0.182430286203188,0.680839096949642));
#9083=DIRECTION('center_axis',(-0.706009637775823,0.183296223590718,0.68407081927607));
#9084=DIRECTION('ref_axis',(-0.708202224910125,-0.182728740282317,-0.681952942736657));
#9085=DIRECTION('center_axis',(-0.706009637775823,0.183296223590718,0.68407081927607));
#9086=DIRECTION('ref_axis',(-0.708202224910125,-0.182728740282315,-0.681952942736657));
#9087=DIRECTION('center_axis',(0.706009637775823,-0.183296223590718,-0.68407081927607));
#9088=DIRECTION('ref_axis',(-0.708202224910125,-0.182728740282317,-0.681952942736657));
#9089=DIRECTION('center_axis',(-0.706009637775823,0.183296223590718,0.68407081927607));
#9090=DIRECTION('ref_axis',(-0.708202224910125,-0.182728740282317,-0.681952942736657));
#9091=DIRECTION('',(-0.708202224910125,-0.182728740282316,-0.681952942736657));
#9092=DIRECTION('',(3.36902842087127E-15,-0.965925826289068,0.258819045102522));
#9093=DIRECTION('',(0.708202224910125,0.182728740282315,0.681952942736657));
#9094=DIRECTION('center_axis',(0.684068721817772,0.188787157601097,0.704563263983795));
#9095=DIRECTION('ref_axis',(-0.729417564794405,0.177050013365376,0.660759645360338));
#9096=DIRECTION('',(-0.729417564794405,0.177050013365377,0.660759645360338));
#9097=DIRECTION('',(0.729417564794405,-0.177050013365377,-0.660759645360338));
#9098=DIRECTION('center_axis',(0.684068721817772,0.188787157601097,0.704563263983795));
#9099=DIRECTION('ref_axis',(-0.729417564794405,0.177050013365376,0.660759645360338));
#9100=DIRECTION('',(0.729417564794405,-0.177050013365378,-0.660759645360338));
#9101=DIRECTION('',(3.36902842087127E-15,-0.965925826289068,0.258819045102522));
#9102=DIRECTION('',(-0.729417564794405,0.177050013365377,0.660759645360338));
#9103=DIRECTION('center_axis',(-0.704856499763875,-0.183593269984505,-0.685179411509872));
#9104=DIRECTION('ref_axis',(0.70934992404357,-0.182430286203194,-0.680839096949641));
#9105=DIRECTION('',(-0.70934992404357,0.182430286203192,0.680839096949641));
#9106=DIRECTION('',(0.70934992404357,-0.182430286203191,-0.680839096949642));
#9107=DIRECTION('',(3.36902842087127E-15,-0.965925826289068,0.258819045102522));
#9108=DIRECTION('center_axis',(-0.706009637775823,0.183296223590718,0.68407081927607));
#9109=DIRECTION('ref_axis',(-0.708202224910125,-0.182728740282317,-0.681952942736657));
#9110=DIRECTION('',(0.708202224910125,0.182728740282315,0.681952942736657));
#9111=DIRECTION('',(-0.708202224910125,-0.182728740282315,-0.681952942736657));
#9112=DIRECTION('center_axis',(-0.704856499763875,-0.183593269984505,-0.685179411509872));
#9113=DIRECTION('ref_axis',(0.70934992404357,-0.182430286203194,-0.680839096949641));
#9114=DIRECTION('',(0.70934992404357,-0.182430286203191,-0.680839096949642));
#9115=DIRECTION('',(3.38884623511169E-15,-0.965925826289068,0.258819045102522));
#9116=DIRECTION('',(-0.70934992404357,0.182430286203191,0.680839096949642));
#9117=DIRECTION('',(3.38884623511169E-15,-0.965925826289068,0.258819045102522));
#9118=DIRECTION('center_axis',(-0.706009637775823,0.183296223590718,0.68407081927607));
#9119=DIRECTION('ref_axis',(-0.708202224910125,-0.182728740282317,-0.681952942736657));
#9120=DIRECTION('',(-0.708202224910125,-0.182728740282316,-0.681952942736657));
#9121=DIRECTION('',(3.38884623511169E-15,-0.965925826289068,0.258819045102522));
#9122=DIRECTION('',(0.708202224910125,0.182728740282315,0.681952942736657));
#9123=DIRECTION('center_axis',(0.710398348802874,-0.182156797242848,-0.679818422254339));
#9124=DIRECTION('ref_axis',(0.70379981956388,0.18386462227957,0.686192112061805));
#9125=DIRECTION('',(0.70379981956388,0.183864622279568,0.686192112061805));
#9126=DIRECTION('',(-0.70379981956388,-0.183864622279568,-0.686192112061806));
#9127=DIRECTION('',(3.38884623511169E-15,-0.965925826289068,0.258819045102522));
#9128=DIRECTION('center_axis',(-0.710398348802874,0.182156797242848,0.679818422254339));
#9129=DIRECTION('ref_axis',(0.70379981956388,0.18386462227957,0.686192112061805));
#9130=DIRECTION('center_axis',(0.710398348802874,-0.182156797242848,-0.679818422254339));
#9131=DIRECTION('ref_axis',(0.70379981956388,0.18386462227957,0.686192112061805));
#9132=DIRECTION('center_axis',(-0.710398348802874,0.182156797242848,0.679818422254339));
#9133=DIRECTION('ref_axis',(0.70379981956388,0.18386462227957,0.686192112061805));
#9134=DIRECTION('',(3.38884623511169E-15,-0.965925826289068,0.258819045102522));
#9135=DIRECTION('',(0.70379981956388,0.183864622279567,0.686192112061806));
#9136=DIRECTION('',(3.38884623511169E-15,-0.965925826289068,0.258819045102522));
#9137=DIRECTION('',(-0.70379981956388,-0.183864622279568,-0.686192112061805));
#9138=DIRECTION('center_axis',(0.684068721817772,0.188787157601097,0.704563263983795));
#9139=DIRECTION('ref_axis',(-0.729417564794405,0.177050013365376,0.660759645360338));
#9140=DIRECTION('',(-0.729417564794405,0.177050013365377,0.660759645360338));
#9141=DIRECTION('center_axis',(-0.684068721817772,-0.188787157601097,-0.704563263983795));
#9142=DIRECTION('ref_axis',(0.729417564794405,-0.177050013365375,-0.660759645360338));
#9143=DIRECTION('',(0.729417564794405,-0.177050013365377,-0.660759645360338));
#9144=DIRECTION('center_axis',(-0.704856499763875,-0.183593269984505,-0.685179411509872));
#9145=DIRECTION('ref_axis',(0.70934992404357,-0.182430286203194,-0.680839096949641));
#9146=DIRECTION('',(-0.70934992404357,0.182430286203192,0.680839096949641));
#9147=DIRECTION('',(0.70934992404357,-0.182430286203191,-0.680839096949642));
#9148=DIRECTION('',(3.38884623511169E-15,-0.965925826289068,0.258819045102522));
#9149=DIRECTION('center_axis',(-0.706009637775823,0.183296223590718,0.68407081927607));
#9150=DIRECTION('ref_axis',(-0.708202224910125,-0.182728740282317,-0.681952942736657));
#9151=DIRECTION('',(0.708202224910125,0.182728740282315,0.681952942736657));
#9152=DIRECTION('',(-0.708202224910125,-0.182728740282315,-0.681952942736657));
#9153=DIRECTION('',(3.38884623511169E-15,-0.965925826289068,0.258819045102522));
#9154=DIRECTION('center_axis',(0.684068721817772,0.188787157601097,0.704563263983795));
#9155=DIRECTION('ref_axis',(-0.729417564794405,0.177050013365376,0.660759645360338));
#9156=DIRECTION('center_axis',(-0.684068721817772,-0.188787157601097,-0.704563263983795));
#9157=DIRECTION('ref_axis',(0.729417564794405,-0.177050013365375,-0.660759645360338));
#9158=DIRECTION('',(0.729417564794405,-0.177050013365378,-0.660759645360338));
#9159=DIRECTION('',(-0.729417564794405,0.177050013365377,0.660759645360338));
#9160=DIRECTION('center_axis',(-1.23259516440783E-31,-0.965925826289068,
0.258819045102521));
#9161=DIRECTION('ref_axis',(-1.,1.26881863232384E-16,4.73529560142262E-16));
#9162=DIRECTION('',(0.,-0.258819045102521,-0.965925826289068));
#9163=DIRECTION('',(-1.,1.26881863232384E-16,4.73529560142262E-16));
#9164=DIRECTION('',(0.,-0.258819045102521,-0.965925826289068));
#9165=DIRECTION('',(1.,-1.26881863232384E-16,-4.73529560142262E-16));
#9166=DIRECTION('',(0.,-0.258819045102521,-0.965925826289068));
#9167=DIRECTION('center_axis',(0.,-0.258819045102521,-0.965925826289068));
#9168=DIRECTION('ref_axis',(-2.22044604925016E-14,-0.965925826289068,0.258819045102521));
#9169=DIRECTION('',(0.,-0.258819045102521,-0.965925826289068));
#9170=DIRECTION('center_axis',(-3.43498161014898E-16,-0.258819045102521,
-0.965925826289068));
#9171=DIRECTION('ref_axis',(-2.22044604925016E-14,-0.965925826289068,0.258819045102521));
#9172=DIRECTION('center_axis',(0.,-0.258819045102521,-0.965925826289068));
#9173=DIRECTION('ref_axis',(-2.22044604925016E-14,-0.965925826289068,0.258819045102521));
#9174=DIRECTION('center_axis',(-3.43498161014898E-16,-0.258819045102521,
-0.965925826289068));
#9175=DIRECTION('ref_axis',(-2.22044604925016E-14,-0.965925826289068,0.258819045102521));
#9176=DIRECTION('',(0.,-0.258819045102521,-0.965925826289068));
#9177=DIRECTION('center_axis',(3.81639164714898E-16,0.258819045102521,0.965925826289068));
#9178=DIRECTION('ref_axis',(-0.707106781186546,-0.683012701892221,0.183012701892221));
#9179=DIRECTION('',(-3.81639164714897E-16,-0.258819045102521,-0.965925826289068));
#9180=DIRECTION('center_axis',(-5.75384500280501E-16,-0.258819045102521,
-0.965925826289068));
#9181=DIRECTION('ref_axis',(-0.707106781186546,-0.683012701892221,0.183012701892221));
#9182=DIRECTION('',(-3.81639164714897E-16,-0.258819045102521,-0.965925826289068));
#9183=DIRECTION('',(-3.81639164714897E-16,-0.258819045102521,-0.965925826289068));
#9184=DIRECTION('center_axis',(0.,-0.258819045102521,-0.965925826289068));
#9185=DIRECTION('ref_axis',(0.895806445891775,-0.429300309973575,0.11503067136785));
#9186=DIRECTION('',(0.,-0.258819045102521,-0.965925826289068));
#9187=DIRECTION('center_axis',(-4.51471082018329E-16,-0.258819045102522,
-0.965925826289068));
#9188=DIRECTION('ref_axis',(0.895806445891775,-0.429300309973575,0.11503067136785));
#9189=DIRECTION('',(0.,-0.258819045102521,-0.965925826289068));
#9190=DIRECTION('center_axis',(0.,-0.258819045102521,-0.965925826289068));
#9191=DIRECTION('ref_axis',(0.895806418826337,-0.429300362666896,0.115030685486983));
#9192=DIRECTION('',(0.,-0.258819045102521,-0.965925826289068));
#9193=DIRECTION('center_axis',(-3.55929972477438E-16,-0.258819045102521,
-0.965925826289068));
#9194=DIRECTION('ref_axis',(0.895806418826337,-0.429300362666896,0.115030685486983));
#9195=DIRECTION('',(0.,-0.258819045102521,-0.965925826289068));
#9196=DIRECTION('center_axis',(0.,-0.258819045102521,-0.965925826289068));
#9197=DIRECTION('ref_axis',(0.895806418826337,-0.429300362666896,0.115030685486983));
#9198=DIRECTION('',(0.,-0.258819045102521,-0.965925826289068));
#9199=DIRECTION('',(0.,-0.258819045102521,-0.965925826289068));
#9200=DIRECTION('center_axis',(0.,-0.258819045102521,-0.965925826289068));
#9201=DIRECTION('ref_axis',(2.34193081237488E-31,-0.965925826289068,0.258819045102521));
#9202=DIRECTION('',(0.,-0.258819045102521,-0.965925826289068));
#9203=DIRECTION('center_axis',(-3.46804615219978E-16,-0.258819045102521,
-0.965925826289068));
#9204=DIRECTION('ref_axis',(-1.82515344693703E-31,-0.965925826289068,0.258819045102521));
#9205=DIRECTION('',(0.,-0.258819045102521,-0.965925826289068));
#9206=DIRECTION('center_axis',(0.,-0.258819045102521,-0.965925826289068));
#9207=DIRECTION('ref_axis',(2.34193081237488E-31,-0.965925826289068,0.258819045102521));
#9208=DIRECTION('',(0.,-0.258819045102521,-0.965925826289068));
#9209=DIRECTION('',(0.,-0.258819045102521,-0.965925826289068));
#9210=DIRECTION('center_axis',(3.81639164714897E-16,0.258819045102521,0.965925826289068));
#9211=DIRECTION('ref_axis',(0.70710678118655,0.683012701892217,-0.18301270189222));
#9212=DIRECTION('',(-3.81639164714897E-16,-0.258819045102521,-0.965925826289068));
#9213=DIRECTION('center_axis',(-3.43498161014898E-16,-0.258819045102521,
-0.965925826289068));
#9214=DIRECTION('ref_axis',(0.70710678118655,0.683012701892217,-0.18301270189222));
#9215=DIRECTION('',(3.81639164714897E-16,0.258819045102521,0.965925826289068));
#9216=DIRECTION('',(-3.81639164714897E-16,-0.258819045102521,-0.965925826289068));
#9217=DIRECTION('center_axis',(-3.81639164714897E-16,-0.258819045102521,
-0.965925826289068));
#9218=DIRECTION('ref_axis',(0.707106781186547,-0.68301270189222,0.183012701892219));
#9219=DIRECTION('',(3.81639164714897E-16,0.258819045102521,0.965925826289068));
#9220=DIRECTION('',(-3.81639164714897E-16,-0.258819045102521,-0.965925826289068));
#9221=DIRECTION('center_axis',(-5.75384500280501E-16,-0.258819045102521,
-0.965925826289068));
#9222=DIRECTION('ref_axis',(0.707106781186547,-0.68301270189222,0.183012701892219));
#9223=DIRECTION('',(3.81639164714897E-16,0.258819045102521,0.965925826289068));
#9224=DIRECTION('center_axis',(-2.77555756156289E-16,-0.258819045102521,
-0.965925826289068));
#9225=DIRECTION('ref_axis',(-0.856186619835701,0.499061702687424,-0.133723180208396));
#9226=DIRECTION('',(-2.77555756156289E-16,-0.258819045102521,-0.965925826289068));
#9227=DIRECTION('',(-2.77555756156289E-16,-0.258819045102521,-0.965925826289068));
#9228=DIRECTION('',(-2.77555756156289E-16,-0.258819045102521,-0.965925826289068));
#9229=DIRECTION('',(-2.77555756156289E-16,-0.258819045102521,-0.965925826289068));
#9230=DIRECTION('center_axis',(-5.65224839901635E-16,-0.258819045102521,
-0.965925826289068));
#9231=DIRECTION('ref_axis',(-0.856186619835701,0.499061702687424,-0.133723180208396));
#9232=DIRECTION('',(-2.77555756156289E-16,-0.258819045102521,-0.965925826289068));
#9233=DIRECTION('center_axis',(0.,-0.258819045102521,-0.965925826289068));
#9234=DIRECTION('ref_axis',(-0.895806418064905,0.429300364149316,-0.115030685884196));
#9235=DIRECTION('center_axis',(3.78897880416783E-16,0.258819045102522,0.965925826289068));
#9236=DIRECTION('ref_axis',(-0.895806418064905,0.429300364149316,-0.115030685884196));
#9237=DIRECTION('',(0.,-0.258819045102521,-0.965925826289068));
#9238=DIRECTION('center_axis',(-3.78897880416783E-16,-0.258819045102522,
-0.965925826289068));
#9239=DIRECTION('ref_axis',(-0.895806418064905,0.429300364149316,-0.115030685884196));
#9240=DIRECTION('',(0.,-0.258819045102521,-0.965925826289068));
#9241=DIRECTION('center_axis',(-2.77555756156289E-16,-0.258819045102521,
-0.965925826289068));
#9242=DIRECTION('ref_axis',(-0.856186614144464,0.499061711797213,-0.133723182649357));
#9243=DIRECTION('',(-2.77555756156289E-16,-0.258819045102521,-0.965925826289068));
#9244=DIRECTION('',(-2.77555756156289E-16,-0.258819045102521,-0.965925826289068));
#9245=DIRECTION('',(-2.77555756156289E-16,-0.258819045102521,-0.965925826289068));
#9246=DIRECTION('center_axis',(-3.13304727858458E-16,-0.258819045102521,
-0.965925826289068));
#9247=DIRECTION('ref_axis',(-0.856186614144464,0.499061711797214,-0.133723182649357));
#9248=DIRECTION('',(-2.77555756156289E-16,-0.258819045102521,-0.965925826289068));
#9249=DIRECTION('',(-2.77555756156289E-16,-0.258819045102521,-0.965925826289068));
#9250=DIRECTION('center_axis',(0.,-0.258819045102521,-0.965925826289068));
#9251=DIRECTION('ref_axis',(-0.895806416184029,0.429300367811168,-0.115030686865386));
#9252=DIRECTION('center_axis',(3.43536086655085E-16,0.258819045102522,0.965925826289068));
#9253=DIRECTION('ref_axis',(-0.895806416184029,0.429300367811168,-0.115030686865386));
#9254=DIRECTION('center_axis',(-3.43536086655085E-16,-0.258819045102522,
-0.965925826289068));
#9255=DIRECTION('ref_axis',(-0.895806416184029,0.429300367811168,-0.115030686865386));
#9256=DIRECTION('',(0.,-0.258819045102521,-0.965925826289068));
#9257=DIRECTION('center_axis',(1.84889274661175E-31,-0.965925826289068,
0.258819045102521));
#9258=DIRECTION('ref_axis',(-1.,8.89038660283477E-17,3.3179374500709E-16));
#9259=DIRECTION('',(3.81639164714897E-16,0.258819045102521,0.965925826289068));
#9260=DIRECTION('',(-1.,8.89038660283477E-17,3.3179374500709E-16));
#9261=DIRECTION('',(3.70074341541719E-16,0.258819045102521,0.965925826289068));
#9262=DIRECTION('',(-1.,9.9848042262703E-17,3.72637966760692E-16));
#9263=DIRECTION('',(-1.,8.89038660283473E-17,3.3179374500709E-16));
#9264=DIRECTION('',(-2.77555756156289E-16,-0.258819045102521,-0.965925826289068));
#9265=DIRECTION('',(-1.,9.9848042262703E-17,3.72637966760692E-16));
#9266=DIRECTION('',(-3.70074341541719E-16,-0.258819045102521,-0.965925826289068));
#9267=DIRECTION('',(3.81639164714897E-16,0.258819045102521,0.965925826289068));
#9268=DIRECTION('center_axis',(2.77555756156289E-16,0.258819045102521,0.965925826289068));
#9269=DIRECTION('ref_axis',(0.707106781186551,-0.683012701892215,0.183012701892219));
#9270=DIRECTION('',(-2.77555756156289E-16,-0.258819045102521,-0.965925826289068));
#9271=DIRECTION('center_axis',(-3.26321847786871E-16,-0.258819045102521,
-0.965925826289068));
#9272=DIRECTION('ref_axis',(0.707106781186551,-0.683012701892215,0.183012701892219));
#9273=DIRECTION('',(-3.70074341541719E-16,-0.258819045102521,-0.965925826289068));
#9274=DIRECTION('center_axis',(-3.70074341541719E-16,-0.258819045102521,
-0.965925826289068));
#9275=DIRECTION('ref_axis',(-0.70710678118655,0.683012701892217,-0.18301270189222));
#9276=DIRECTION('center_axis',(3.26321847786871E-16,0.258819045102521,0.965925826289068));
#9277=DIRECTION('ref_axis',(-0.70710678118655,0.683012701892217,-0.18301270189222));
#9278=DIRECTION('',(-3.70074341541719E-16,-0.258819045102521,-0.965925826289068));
#9279=DIRECTION('center_axis',(-3.70074341541719E-16,-0.258819045102521,
-0.965925826289068));
#9280=DIRECTION('ref_axis',(0.707106781186555,-0.683012701892212,0.183012701892218));
#9281=DIRECTION('center_axis',(-3.26321847786871E-16,-0.258819045102521,
-0.965925826289068));
#9282=DIRECTION('ref_axis',(0.707106781186555,-0.683012701892212,0.183012701892218));
#9283=DIRECTION('',(3.70074341541719E-16,0.258819045102521,0.965925826289068));
#9284=DIRECTION('center_axis',(-3.81639164714897E-16,-0.258819045102521,
-0.965925826289068));
#9285=DIRECTION('ref_axis',(-0.707106781186547,0.68301270189222,-0.183012701892219));
#9286=DIRECTION('center_axis',(5.75384500280501E-16,0.258819045102521,0.965925826289068));
#9287=DIRECTION('ref_axis',(0.70710678118655,0.683012701892217,-0.18301270189222));
#9288=DIRECTION('center_axis',(3.70074341541719E-16,0.258819045102521,0.965925826289068));
#9289=DIRECTION('ref_axis',(-0.707106781186547,-0.68301270189222,0.18301270189222));
#9290=DIRECTION('',(-3.70074341541719E-16,-0.258819045102521,-0.965925826289068));
#9291=DIRECTION('center_axis',(-4.70200281101943E-16,-0.258819045102521,
-0.965925826289068));
#9292=DIRECTION('ref_axis',(-0.707106781186547,-0.68301270189222,0.18301270189222));
#9293=DIRECTION('',(-3.70074341541719E-16,-0.258819045102521,-0.965925826289068));
#9294=DIRECTION('center_axis',(-3.70074341541719E-16,-0.258819045102521,
-0.965925826289068));
#9295=DIRECTION('ref_axis',(0.707106781186547,0.68301270189222,-0.18301270189222));
#9296=DIRECTION('center_axis',(4.70200281101943E-16,0.258819045102521,0.965925826289068));
#9297=DIRECTION('ref_axis',(0.707106781186547,0.68301270189222,-0.18301270189222));
#9298=DIRECTION('',(-2.77555756156289E-16,-0.258819045102521,-0.965925826289068));
#9299=DIRECTION('center_axis',(-2.77555756156289E-16,-0.258819045102521,
-0.965925826289068));
#9300=DIRECTION('ref_axis',(-0.707106781186548,-0.683012701892219,0.183012701892219));
#9301=DIRECTION('center_axis',(-4.70200281101943E-16,-0.258819045102521,
-0.965925826289068));
#9302=DIRECTION('ref_axis',(-0.707106781186548,-0.683012701892219,0.183012701892219));
#9303=DIRECTION('center_axis',(2.77555756156289E-16,0.258819045102521,0.965925826289068));
#9304=DIRECTION('ref_axis',(-0.707106781186548,0.683012701892219,-0.183012701892219));
#9305=DIRECTION('center_axis',(-3.85783210903789E-16,-0.258819045102521,
-0.965925826289068));
#9306=DIRECTION('ref_axis',(-0.707106781186548,0.683012701892219,-0.183012701892219));
#9307=DIRECTION('',(-3.70074341541719E-16,-0.258819045102521,-0.965925826289068));
#9308=DIRECTION('center_axis',(-3.70074341541719E-16,-0.258819045102521,
-0.965925826289068));
#9309=DIRECTION('ref_axis',(0.707106781186547,-0.68301270189222,0.183012701892219));
#9310=DIRECTION('center_axis',(3.85783210903789E-16,0.258819045102521,0.965925826289068));
#9311=DIRECTION('ref_axis',(0.707106781186547,-0.68301270189222,0.183012701892219));
#9312=DIRECTION('',(-3.70074341541719E-16,-0.258819045102521,-0.965925826289068));
#9313=DIRECTION('center_axis',(-3.70074341541719E-16,-0.258819045102521,
-0.965925826289068));
#9314=DIRECTION('ref_axis',(-0.707106781186547,0.68301270189222,-0.183012701892219));
#9315=DIRECTION('center_axis',(-3.85783210903789E-16,-0.258819045102521,
-0.965925826289068));
#9316=DIRECTION('ref_axis',(-0.707106781186547,0.68301270189222,-0.183012701892219));
#9317=DIRECTION('center_axis',(-3.81639164714898E-16,-0.258819045102521,
-0.965925826289068));
#9318=DIRECTION('ref_axis',(-0.70710678118655,0.683012701892217,-0.18301270189222));
#9319=DIRECTION('',(3.81639164714897E-16,0.258819045102521,0.965925826289068));
#9320=DIRECTION('center_axis',(-3.43498161014898E-16,-0.258819045102521,
-0.965925826289068));
#9321=DIRECTION('ref_axis',(-0.70710678118655,0.683012701892217,-0.18301270189222));
#9322=DIRECTION('center_axis',(-3.81639164714897E-16,-0.258819045102521,
-0.965925826289068));
#9323=DIRECTION('ref_axis',(-0.707106781186546,-0.68301270189222,0.18301270189222));
#9324=DIRECTION('center_axis',(3.43498161014898E-16,0.258819045102521,0.965925826289068));
#9325=DIRECTION('ref_axis',(-0.707106781186546,-0.68301270189222,0.18301270189222));
#9326=DIRECTION('center_axis',(-3.43498161014898E-16,-0.258819045102521,
-0.965925826289068));
#9327=DIRECTION('ref_axis',(-1.,8.89038660283474E-17,3.31793745007091E-16));
#9328=DIRECTION('center_axis',(3.43498161014898E-16,0.258819045102521,0.965925826289068));
#9329=DIRECTION('ref_axis',(-1.,8.89038660283474E-17,3.31793745007091E-16));
#9330=DIRECTION('center_axis',(-2.77555756156289E-16,-0.258819045102521,
-0.965925826289068));
#9331=DIRECTION('ref_axis',(0.707106781186547,0.68301270189222,-0.183012701892219));
#9332=DIRECTION('',(3.70074341541719E-16,0.258819045102521,0.965925826289068));
#9333=DIRECTION('center_axis',(-3.85783210903789E-16,-0.258819045102521,
-0.965925826289068));
#9334=DIRECTION('ref_axis',(0.707106781186547,0.68301270189222,-0.183012701892219));
#9335=DIRECTION('',(2.77555756156289E-16,0.258819045102521,0.965925826289068));
#9336=DIRECTION('center_axis',(-1.,7.18367157710788E-17,2.68098273106551E-16));
#9337=DIRECTION('ref_axis',(-2.34193081237488E-31,0.965925826289068,-0.258819045102521));
#9338=DIRECTION('',(-2.2186712959341E-31,0.965925826289068,-0.258819045102521));
#9339=DIRECTION('',(1.82515344693702E-31,0.965925826289068,-0.258819045102521));
#9340=DIRECTION('',(-2.77555756156289E-16,-0.258819045102521,-0.965925826289068));
#9341=DIRECTION('',(-2.2186712959341E-31,0.965925826289068,-0.258819045102521));
#9342=DIRECTION('center_axis',(-3.70074341541719E-16,-0.258819045102521,
-0.965925826289068));
#9343=DIRECTION('ref_axis',(-0.707106781186547,-0.68301270189222,0.18301270189222));
#9344=DIRECTION('center_axis',(3.85783210903789E-16,0.258819045102521,0.965925826289068));
#9345=DIRECTION('ref_axis',(-0.707106781186547,-0.68301270189222,0.18301270189222));
#9346=DIRECTION('',(3.70074341541719E-16,0.258819045102521,0.965925826289068));
#9347=DIRECTION('center_axis',(-3.85783210903789E-16,-0.258819045102521,
-0.965925826289068));
#9348=DIRECTION('ref_axis',(-1.,9.98480422627024E-17,3.72637966760692E-16));
#9349=DIRECTION('center_axis',(-3.85783210903789E-16,-0.258819045102521,
-0.965925826289068));
#9350=DIRECTION('ref_axis',(0.70710678118655,0.683012701892217,-0.18301270189222));
#9351=DIRECTION('center_axis',(3.43498161014898E-16,0.258819045102521,0.965925826289068));
#9352=DIRECTION('ref_axis',(-1.,8.89038660283471E-17,3.31793745007091E-16));
#9353=DIRECTION('center_axis',(3.70074341541719E-16,0.258819045102521,0.965925826289068));
#9354=DIRECTION('ref_axis',(0.70710678118655,0.683012701892217,-0.18301270189222));
#9355=DIRECTION('center_axis',(0.707106781186546,-0.183012701892216,-0.683012701892221));
#9356=DIRECTION('ref_axis',(-0.694746590606867,0.,-0.719254596676402));
#9357=DIRECTION('center_axis',(-1.,-2.11806969954498E-15,8.54881928590224E-16));
#9358=DIRECTION('ref_axis',(-2.26715794910395E-15,0.965925826289068,-0.258819045102521));
#9359=DIRECTION('',(-2.77555756156289E-16,-0.258819045102521,-0.965925826289068));
#9360=DIRECTION('',(-2.26715794910395E-15,0.965925826289068,-0.258819045102521));
#9361=DIRECTION('',(-2.77555756156289E-16,-0.258819045102521,-0.965925826289068));
#9362=DIRECTION('center_axis',(-3.70074341541719E-16,-0.258819045102521,
-0.965925826289068));
#9363=DIRECTION('ref_axis',(-1.,9.57822876947718E-17,3.57464364142068E-16));
#9364=DIRECTION('center_axis',(3.43498161014898E-16,0.258819045102521,0.965925826289068));
#9365=DIRECTION('ref_axis',(-1.,8.89038660283472E-17,3.31793745007091E-16));
#9366=DIRECTION('',(3.70074341541719E-16,0.258819045102521,0.965925826289068));
#9367=DIRECTION('center_axis',(-3.33798149882416E-16,-0.258819045102521,
-0.965925826289068));
#9368=DIRECTION('ref_axis',(-1.,9.57822876947718E-17,3.57464364142068E-16));
#9369=DIRECTION('center_axis',(-4.70200281101943E-16,-0.258819045102521,
-0.965925826289068));
#9370=DIRECTION('ref_axis',(-1.,1.21696787761741E-16,4.54178595044746E-16));
#9371=DIRECTION('',(1.,-1.21696787761743E-16,-4.54178595044746E-16));
#9372=DIRECTION('center_axis',(-3.70074341541719E-16,-0.258819045102521,
-0.965925826289068));
#9373=DIRECTION('ref_axis',(-1.,9.57822876947718E-17,3.57464364142068E-16));
#9374=DIRECTION('center_axis',(3.43498161014898E-16,0.258819045102521,0.965925826289068));
#9375=DIRECTION('ref_axis',(-1.,8.89038660283472E-17,3.31793745007091E-16));
#9376=DIRECTION('',(3.70074341541719E-16,0.258819045102521,0.965925826289068));
#9377=DIRECTION('center_axis',(-3.33798149882416E-16,-0.258819045102521,
-0.965925826289068));
#9378=DIRECTION('ref_axis',(-1.,9.57822876947718E-17,3.57464364142068E-16));
#9379=DIRECTION('center_axis',(-3.26321847786871E-16,-0.258819045102521,
-0.965925826289068));
#9380=DIRECTION('ref_axis',(-1.,8.44583090402874E-17,3.15202700459709E-16));
#9381=DIRECTION('',(1.,1.05338102012836E-14,-3.16035917281782E-15));
#9382=DIRECTION('center_axis',(-3.33798149882416E-16,-0.258819045102521,
-0.965925826289068));
#9383=DIRECTION('ref_axis',(-1.,8.63933184095549E-17,3.22424253738935E-16));
#9384=DIRECTION('center_axis',(-3.81639164714898E-16,-0.258819045102521,
-0.965925826289068));
#9385=DIRECTION('ref_axis',(-1.,9.87754841852334E-17,3.68635125521507E-16));
#9386=DIRECTION('center_axis',(3.43498161014898E-16,0.258819045102521,0.965925826289068));
#9387=DIRECTION('ref_axis',(-1.,8.89038660283474E-17,3.3179374500709E-16));
#9388=DIRECTION('',(3.81639164714897E-16,0.258819045102521,0.965925826289068));
#9389=DIRECTION('center_axis',(-3.33798149882416E-16,-0.258819045102521,
-0.965925826289068));
#9390=DIRECTION('ref_axis',(-1.,9.87754841852334E-17,3.68635125521507E-16));
#9391=DIRECTION('center_axis',(-5.75384500280501E-16,-0.258819045102521,
-0.965925826289068));
#9392=DIRECTION('ref_axis',(-1.,1.4892046692939E-16,5.55778748867365E-16));
#9393=DIRECTION('',(1.,1.03710959422637E-15,-8.73574545953088E-16));
#9394=DIRECTION('center_axis',(-1.22786867156488E-15,0.965925826289068,
-0.258819045102521));
#9395=DIRECTION('ref_axis',(1.,1.09442147262439E-15,-6.59683703894487E-16));
#9396=DIRECTION('',(1.,1.09442147262439E-15,-6.59683703894487E-16));
#9397=DIRECTION('center_axis',(-3.33798149882416E-16,-0.258819045102521,
-0.965925826289068));
#9398=DIRECTION('ref_axis',(-1.,8.63933184095549E-17,3.22424253738935E-16));
#9399=DIRECTION('center_axis',(-3.70074341541719E-16,-0.258819045102521,
-0.965925826289068));
#9400=DIRECTION('ref_axis',(-1.,9.57822876947718E-17,3.57464364142068E-16));
#9401=DIRECTION('center_axis',(3.43498161014898E-16,0.258819045102521,0.965925826289068));
#9402=DIRECTION('ref_axis',(-1.,8.89038660283471E-17,3.31793745007091E-16));
#9403=DIRECTION('',(3.70074341541719E-16,0.258819045102521,0.965925826289068));
#9404=DIRECTION('center_axis',(-3.33798149882416E-16,-0.258819045102521,
-0.965925826289068));
#9405=DIRECTION('ref_axis',(-1.,9.57822876947718E-17,3.57464364142068E-16));
#9406=DIRECTION('center_axis',(-3.85783210903789E-16,-0.258819045102521,
-0.965925826289068));
#9407=DIRECTION('ref_axis',(-1.,9.98480422627024E-17,3.72637966760692E-16));
#9408=DIRECTION('center_axis',(-3.33798149882416E-16,-0.258819045102521,
-0.965925826289068));
#9409=DIRECTION('ref_axis',(-1.,8.63933184095549E-17,3.22424253738935E-16));
#9410=DIRECTION('center_axis',(-3.70074341541719E-16,-0.258819045102521,
-0.965925826289068));
#9411=DIRECTION('ref_axis',(-1.,9.57822876947718E-17,3.57464364142068E-16));
#9412=DIRECTION('',(3.70074341541719E-16,0.258819045102521,0.965925826289068));
#9413=DIRECTION('center_axis',(-3.33798149882416E-16,-0.258819045102521,
-0.965925826289068));
#9414=DIRECTION('ref_axis',(-1.,9.57822876947718E-17,3.57464364142068E-16));
#9415=DIRECTION('center_axis',(-3.33798149882416E-16,-0.258819045102521,
-0.965925826289068));
#9416=DIRECTION('ref_axis',(-1.,8.63933184095549E-17,3.22424253738935E-16));
#9417=DIRECTION('center_axis',(-3.81639164714898E-16,-0.258819045102521,
-0.965925826289068));
#9418=DIRECTION('ref_axis',(-1.,9.87754841852334E-17,3.68635125521507E-16));
#9419=DIRECTION('',(3.81639164714898E-16,0.258819045102521,0.965925826289068));
#9420=DIRECTION('center_axis',(-3.33798149882416E-16,-0.258819045102521,
-0.965925826289068));
#9421=DIRECTION('ref_axis',(-1.,9.87754841852334E-17,3.68635125521507E-16));
#9422=DIRECTION('center_axis',(-3.33798149882416E-16,-0.258819045102521,
-0.965925826289068));
#9423=DIRECTION('ref_axis',(-1.,8.63933184095549E-17,3.22424253738935E-16));
#9424=DIRECTION('center_axis',(-1.09928404659368E-14,0.965925826289068,
-0.258819045102521));
#9425=DIRECTION('ref_axis',(1.,1.05338102012836E-14,-3.16035917281782E-15));
#9426=DIRECTION('',(1.,1.05338102012836E-14,-3.16035917281782E-15));
#9427=DIRECTION('center_axis',(7.88860905221012E-31,0.965925826289068,-0.258819045102521));
#9428=DIRECTION('ref_axis',(1.,-1.52216649544829E-15,-5.68080269859208E-15));
#9429=DIRECTION('',(1.,-1.52216649544829E-15,-5.68080269859208E-15));
#9430=DIRECTION('center_axis',(-3.2353235008829E-16,-0.258819045102521,
-0.965925826289068));
#9431=DIRECTION('ref_axis',(-1.,8.37363339096252E-17,3.12508252590275E-16));
#9432=DIRECTION('',(1.,1.35975420361822E-16,-3.92049968189824E-16));
#9433=DIRECTION('',(-1.,-5.19097000300953E-16,4.9470708613745E-16));
#9434=DIRECTION('',(-1.,4.58696612549683E-15,-8.73458404922404E-16));
#9435=DIRECTION('center_axis',(-3.33798149882416E-16,-0.258819045102521,
-0.965925826289068));
#9436=DIRECTION('ref_axis',(-1.,8.63933184095549E-17,3.22424253738935E-16));
#9437=DIRECTION('',(-1.,4.58696612549683E-15,-8.73458404922404E-16));
#9438=DIRECTION('center_axis',(-3.33798149882416E-16,-0.258819045102521,
-0.965925826289068));
#9439=DIRECTION('ref_axis',(-8.88178419700113E-15,-0.965925826289068,0.258819045102521));
#9440=DIRECTION('center_axis',(3.77465421444427E-16,0.258819045102522,0.965925826289068));
#9441=DIRECTION('ref_axis',(0.232852597703926,0.939374495712539,-0.251704637516569));
#9442=DIRECTION('center_axis',(-7.55838603594218E-16,-0.258819045102521,
-0.965925826289068));
#9443=DIRECTION('ref_axis',(-0.232852475647944,-0.939374523941105,0.25170464508039));
#9444=DIRECTION('',(0.644222298814732,0.738777069786349,-0.197954719235884));
#9445=DIRECTION('center_axis',(3.43498161014898E-16,0.258819045102521,0.965925826289068));
#9446=DIRECTION('ref_axis',(-1.,8.89038660283477E-17,3.3179374500709E-16));
#9447=DIRECTION('center_axis',(-3.33798149882416E-16,-0.258819045102521,
-0.965925826289068));
#9448=DIRECTION('ref_axis',(-1.,8.63933184095549E-17,3.22424253738935E-16));
#9449=DIRECTION('center_axis',(4.93370541370261E-16,-0.258819045102518,
-0.965925826289069));
#9450=DIRECTION('ref_axis',(0.972484301647622,-0.225030210129111,0.0602966630767009));
#9451=DIRECTION('center_axis',(-3.2353235008829E-16,-0.258819045102521,
-0.965925826289068));
#9452=DIRECTION('ref_axis',(-0.972484323858176,0.225030120574324,-0.0602966390805681));
#9453=DIRECTION('center_axis',(-3.43498161014879E-16,-0.258819045102522,
-0.965925826289068));
#9454=DIRECTION('ref_axis',(1.,1.7069385433979E-14,-4.92934350644364E-15));
#9455=DIRECTION('',(-0.644222294878551,0.738777072988818,-0.197954720093983));
#9456=DIRECTION('',(-1.,-1.35975420361822E-16,3.92049968189824E-16));
#9457=DIRECTION('',(-0.644222298814732,-0.738777069786349,0.197954719235884));
#9458=DIRECTION('center_axis',(-7.55838603594218E-16,-0.258819045102521,
-0.965925826289068));
#9459=DIRECTION('ref_axis',(-0.232852475647944,-0.939374523941105,0.25170464508039));
#9460=DIRECTION('center_axis',(-3.77465421444427E-16,-0.258819045102522,
-0.965925826289068));
#9461=DIRECTION('ref_axis',(0.232852597703926,0.939374495712539,-0.251704637516569));
#9462=DIRECTION('center_axis',(-3.33798149882416E-16,-0.258819045102521,
-0.965925826289068));
#9463=DIRECTION('ref_axis',(-8.88178419700113E-15,-0.965925826289068,0.258819045102521));
#9464=DIRECTION('',(-1.,4.58696612549683E-15,-8.73458404922404E-16));
#9465=DIRECTION('center_axis',(-4.51471082018329E-16,-0.258819045102522,
-0.965925826289068));
#9466=DIRECTION('ref_axis',(0.895806445891775,-0.429300309973575,0.11503067136785));
#9467=DIRECTION('center_axis',(-3.46804615219978E-16,-0.258819045102521,
-0.965925826289068));
#9468=DIRECTION('ref_axis',(2.34193081237488E-31,-0.965925826289068,0.258819045102521));
#9469=DIRECTION('',(-1.,-5.19097000300953E-16,4.9470708613745E-16));
#9470=DIRECTION('center_axis',(-3.55929972477438E-16,-0.258819045102521,
-0.965925826289068));
#9471=DIRECTION('ref_axis',(0.895806418826337,-0.429300362666896,0.115030685486983));
#9472=DIRECTION('center_axis',(-3.43498161014898E-16,-0.258819045102521,
-0.965925826289068));
#9473=DIRECTION('ref_axis',(-1.,8.89038660283477E-17,3.3179374500709E-16));
#9474=DIRECTION('center_axis',(3.43498161014898E-16,0.258819045102521,0.965925826289068));
#9475=DIRECTION('ref_axis',(-1.,8.89038660283477E-17,3.3179374500709E-16));
#9476=DIRECTION('center_axis',(0.,-0.258819045102521,-0.965925826289068));
#9477=DIRECTION('ref_axis',(-1.,0.,0.));
#9478=DIRECTION('',(0.,0.258819045102521,0.965925826289068));
#9479=DIRECTION('center_axis',(0.,-0.258819045102521,-0.965925826289068));
#9480=DIRECTION('ref_axis',(-1.,0.,0.));
#9481=DIRECTION('',(0.,0.258819045102521,0.965925826289068));
#9482=DIRECTION('center_axis',(0.,-0.258819045102521,-0.965925826289068));
#9483=DIRECTION('ref_axis',(0.232852597703926,0.939374495712539,-0.251704637516568));
#9484=DIRECTION('',(0.,-0.258819045102521,-0.965925826289068));
#9485=DIRECTION('',(0.,-0.258819045102521,-0.965925826289068));
#9486=DIRECTION('center_axis',(0.,-0.258819045102521,-0.965925826289068));
#9487=DIRECTION('ref_axis',(-8.88178419700112E-15,-0.965925826289068,0.258819045102521));
#9488=DIRECTION('',(0.,-0.258819045102521,-0.965925826289068));
#9489=DIRECTION('center_axis',(-4.65673671522928E-15,-0.965925826289068,
0.258819045102521));
#9490=DIRECTION('ref_axis',(-1.,4.58696612549683E-15,-8.73458404922404E-16));
#9491=DIRECTION('',(0.,-0.258819045102521,-0.965925826289068));
#9492=DIRECTION('center_axis',(0.,-0.258819045102521,-0.965925826289068));
#9493=DIRECTION('ref_axis',(0.895806445891775,-0.429300309973575,0.11503067136785));
#9494=DIRECTION('center_axis',(0.,-0.258819045102521,-0.965925826289068));
#9495=DIRECTION('ref_axis',(2.34193081237488E-31,-0.965925826289068,0.258819045102521));
#9496=DIRECTION('',(0.,-0.258819045102521,-0.965925826289068));
#9497=DIRECTION('center_axis',(6.2944881457942E-16,-0.965925826289068,0.258819045102521));
#9498=DIRECTION('ref_axis',(-1.,-5.19097000300953E-16,4.9470708613745E-16));
#9499=DIRECTION('',(0.,-0.258819045102521,-0.965925826289068));
#9500=DIRECTION('center_axis',(0.,-0.258819045102521,-0.965925826289068));
#9501=DIRECTION('ref_axis',(0.895806418826337,-0.429300362666896,0.115030685486983));
#9502=DIRECTION('center_axis',(0.,-0.258819045102521,-0.965925826289068));
#9503=DIRECTION('ref_axis',(0.972484301647622,-0.225030210129111,0.0602966630767011));
#9504=DIRECTION('',(0.,-0.258819045102521,-0.965925826289068));
#9505=DIRECTION('center_axis',(0.,-0.258819045102521,-0.965925826289068));
#9506=DIRECTION('ref_axis',(-0.972484323858176,0.225030120574324,-0.0602966390805683));
#9507=DIRECTION('',(0.,-0.258819045102521,-0.965925826289068));
#9508=DIRECTION('center_axis',(0.,-0.258819045102521,-0.965925826289068));
#9509=DIRECTION('ref_axis',(1.,1.71582893000073E-14,-4.59754976143654E-15));
#9510=DIRECTION('',(0.,-0.258819045102521,-0.965925826289068));
#9511=DIRECTION('center_axis',(0.764838306298405,0.622270952494405,-0.166736999194221));
#9512=DIRECTION('ref_axis',(0.644222294878551,-0.738777072988818,0.197954720093983));
#9513=DIRECTION('',(0.,-0.258819045102521,-0.965925826289068));
#9514=DIRECTION('center_axis',(-2.3281216866736E-16,0.965925826289068,-0.258819045102521));
#9515=DIRECTION('ref_axis',(1.,1.35975420361822E-16,-3.92049968189824E-16));
#9516=DIRECTION('',(0.,-0.258819045102521,-0.965925826289068));
#9517=DIRECTION('center_axis',(-0.764838302982966,0.622270956296463,-0.16673700021298));
#9518=DIRECTION('ref_axis',(0.644222298814732,0.738777069786349,-0.197954719235884));
#9519=DIRECTION('',(0.,-0.258819045102521,-0.965925826289068));
#9520=DIRECTION('center_axis',(0.,-0.258819045102521,-0.965925826289068));
#9521=DIRECTION('ref_axis',(-0.232852475647944,-0.939374523941105,0.251704645080389));
#9522=DIRECTION('center_axis',(-3.33798149882416E-16,-0.258819045102521,
-0.965925826289068));
#9523=DIRECTION('ref_axis',(-1.,8.63933184095549E-17,3.22424253738935E-16));
#9524=DIRECTION('center_axis',(3.78485122031303E-16,0.258819045102523,0.965925826289068));
#9525=DIRECTION('ref_axis',(-1.,1.60991275709885E-18,3.91405256655463E-16));
#9526=DIRECTION('',(3.78485122031303E-16,0.258819045102523,0.965925826289068));
#9527=DIRECTION('center_axis',(3.70743364372129E-16,0.258819045102521,0.965925826289068));
#9528=DIRECTION('ref_axis',(-1.,1.60991275709885E-18,3.91405256655463E-16));
#9529=DIRECTION('',(3.78485122031303E-16,0.258819045102523,0.965925826289068));
#9530=DIRECTION('center_axis',(3.72264896790687E-16,0.258819045102521,0.965925826289068));
#9531=DIRECTION('ref_axis',(-1.,1.35585468084861E-31,3.85396980450217E-16));
#9532=DIRECTION('center_axis',(3.78485122031303E-16,0.258819045102523,0.965925826289068));
#9533=DIRECTION('ref_axis',(-1.,1.60991275709885E-18,3.91405256655463E-16));
#9534=DIRECTION('',(3.78485122031303E-16,0.258819045102523,0.965925826289068));
#9535=DIRECTION('center_axis',(3.70743364372129E-16,0.258819045102521,0.965925826289068));
#9536=DIRECTION('ref_axis',(-1.,1.60991275709885E-18,3.91405256655463E-16));
#9537=DIRECTION('',(3.78485122031303E-16,0.258819045102523,0.965925826289068));
#9538=DIRECTION('center_axis',(3.72264896790687E-16,0.258819045102521,0.965925826289068));
#9539=DIRECTION('ref_axis',(-1.,1.35585468084861E-31,3.85396980450217E-16));
#9540=DIRECTION('center_axis',(0.995630046933584,0.090203249208273,-0.0241698877800178));
#9541=DIRECTION('ref_axis',(-0.0933852753009191,0.961704775762546,-0.257688018022729));
#9542=DIRECTION('',(0.0933852753009191,-0.961704775762546,0.257688018022729));
#9543=DIRECTION('',(-2.01858731750028E-15,0.258819045102519,0.965925826289069));
#9544=DIRECTION('',(-0.0933852753009191,0.961704775762546,-0.257688018022729));
#9545=DIRECTION('',(-2.01858731750028E-15,0.258819045102519,0.965925826289069));
#9546=DIRECTION('center_axis',(0.707106781186548,-0.683012701892219,0.18301270189222));
#9547=DIRECTION('ref_axis',(0.707106781186547,0.683012701892219,-0.18301270189222));
#9548=DIRECTION('',(-0.707106781186547,-0.683012701892219,0.18301270189222));
#9549=DIRECTION('',(0.707106781186547,0.683012701892219,-0.18301270189222));
#9550=DIRECTION('',(-2.01858731750028E-15,0.258819045102519,0.965925826289069));
#9551=DIRECTION('center_axis',(-0.713714264988408,-0.676570158327541,0.181286427546859));
#9552=DIRECTION('ref_axis',(0.700436969292781,-0.689395041143224,0.184722844540345));
#9553=DIRECTION('',(-0.700436969292781,0.689395041143223,-0.184722844540347));
#9554=DIRECTION('',(0.700436969292781,-0.689395041143223,0.184722844540347));
#9555=DIRECTION('',(-2.01858731750028E-15,0.258819045102519,0.965925826289069));
#9556=DIRECTION('center_axis',(-0.708397036281991,0.681764132910084,-0.182678148841762));
#9557=DIRECTION('ref_axis',(-0.705814167459744,-0.684258992611409,0.183346644483961));
#9558=DIRECTION('',(0.705814167459744,0.684258992611409,-0.183346644483961));
#9559=DIRECTION('',(-0.705814167459744,-0.684258992611409,0.183346644483961));
#9560=DIRECTION('center_axis',(-0.707106781186554,-0.683012701892214,0.183012701892215));
#9561=DIRECTION('ref_axis',(0.707106781186541,-0.683012701892226,0.183012701892221));
#9562=DIRECTION('',(-0.707106781186541,0.683012701892226,-0.183012701892221));
#9563=DIRECTION('',(-1.89833944018825E-15,0.258819045102519,0.965925826289069));
#9564=DIRECTION('',(0.707106781186541,-0.683012701892226,0.183012701892221));
#9565=DIRECTION('',(-1.89833944018825E-15,0.258819045102519,0.965925826289069));
#9566=DIRECTION('center_axis',(-0.707106781186545,0.683012701892222,-0.18301270189222));
#9567=DIRECTION('ref_axis',(-0.70710678118655,-0.683012701892217,0.183012701892218));
#9568=DIRECTION('',(0.70710678118655,0.683012701892217,-0.183012701892219));
#9569=DIRECTION('',(-0.70710678118655,-0.683012701892217,0.183012701892219));
#9570=DIRECTION('',(-1.89833944018825E-15,0.258819045102519,0.965925826289069));
#9571=DIRECTION('center_axis',(0.707106781189216,0.683012701889642,-0.183012701891526));
#9572=DIRECTION('ref_axis',(-0.707106781183879,0.683012701894797,-0.18301270189291));
#9573=DIRECTION('',(0.707106781183879,-0.683012701894797,0.18301270189291));
#9574=DIRECTION('',(-0.707106781183879,0.683012701894797,-0.18301270189291));
#9575=DIRECTION('',(-1.89833944018825E-15,0.258819045102519,0.965925826289069));
#9576=DIRECTION('center_axis',(0.707106781186542,-0.683012701892225,0.183012701892221));
#9577=DIRECTION('ref_axis',(0.707106781186553,0.683012701892214,-0.183012701892219));
#9578=DIRECTION('',(-0.707106781186553,-0.683012701892214,0.183012701892219));
#9579=DIRECTION('',(0.707106781186553,0.683012701892214,-0.183012701892219));
#9580=DIRECTION('center_axis',(0.707106781189216,0.683012701889642,-0.183012701891526));
#9581=DIRECTION('ref_axis',(-0.707106781183879,0.683012701894797,-0.18301270189291));
#9582=DIRECTION('',(0.707106781183879,-0.683012701894797,0.18301270189291));
#9583=DIRECTION('',(-1.89242561015651E-15,0.258819045102519,0.965925826289069));
#9584=DIRECTION('',(-0.707106781183879,0.683012701894797,-0.18301270189291));
#9585=DIRECTION('',(-1.89242561015651E-15,0.258819045102519,0.965925826289069));
#9586=DIRECTION('center_axis',(0.707106781186547,-0.683012701892219,0.18301270189222));
#9587=DIRECTION('ref_axis',(0.707106781186548,0.683012701892219,-0.18301270189222));
#9588=DIRECTION('',(-0.707106781186548,-0.683012701892219,0.18301270189222));
#9589=DIRECTION('',(0.707106781186548,0.683012701892219,-0.18301270189222));
#9590=DIRECTION('',(-1.89242561015651E-15,0.258819045102519,0.965925826289069));
#9591=DIRECTION('center_axis',(9.97480784655194E-17,-0.965925826289069,
0.258819045102519));
#9592=DIRECTION('ref_axis',(1.,0.,-3.85396980450217E-16));
#9593=DIRECTION('',(-1.,-3.9380156766382E-19,3.83927292991595E-16));
#9594=DIRECTION('',(1.,3.9380156766382E-19,-3.83927292991595E-16));
#9595=DIRECTION('',(-1.89242561015651E-15,0.258819045102519,0.965925826289069));
#9596=DIRECTION('center_axis',(-0.707106781188592,-0.683012701890245,0.183012701891688));
#9597=DIRECTION('ref_axis',(0.707106781184503,-0.683012701894194,0.183012701892749));
#9598=DIRECTION('',(-0.707106781184503,0.683012701894194,-0.183012701892749));
#9599=DIRECTION('',(0.707106781184503,-0.683012701894194,0.183012701892749));
#9600=DIRECTION('',(-1.89242561015651E-15,0.258819045102519,0.965925826289069));
#9601=DIRECTION('center_axis',(-0.707106781184505,0.683012701894192,-0.183012701892748));
#9602=DIRECTION('ref_axis',(-0.70710678118859,-0.683012701890246,0.18301270189169));
#9603=DIRECTION('',(0.70710678118859,0.683012701890246,-0.183012701891691));
#9604=DIRECTION('',(-0.70710678118859,-0.683012701890246,0.183012701891691));
#9605=DIRECTION('center_axis',(-0.707106781214306,-0.683012701865407,0.183012701885032));
#9606=DIRECTION('ref_axis',(0.707106781158789,-0.683012701919033,0.183012701899402));
#9607=DIRECTION('',(-0.707106781158789,0.683012701919032,-0.183012701899404));
#9608=DIRECTION('',(-2.01858731750028E-15,0.258819045102519,0.965925826289069));
#9609=DIRECTION('',(0.707106781158789,-0.683012701919032,0.183012701899404));
#9610=DIRECTION('',(-2.01858731750028E-15,0.258819045102519,0.965925826289069));
#9611=DIRECTION('center_axis',(-0.707106781186547,0.68301270189222,-0.18301270189222));
#9612=DIRECTION('ref_axis',(-0.707106781186548,-0.683012701892218,0.18301270189222));
#9613=DIRECTION('',(0.707106781186548,0.683012701892218,-0.18301270189222));
#9614=DIRECTION('',(-0.707106781186548,-0.683012701892218,0.18301270189222));
#9615=DIRECTION('',(-2.01858731750028E-15,0.258819045102519,0.965925826289069));
#9616=DIRECTION('center_axis',(0.707106781100046,0.683012701975774,-0.183012701914605));
#9617=DIRECTION('ref_axis',(-0.70710678127305,0.683012701808665,-0.183012701869831));
#9618=DIRECTION('',(0.707106781273049,-0.683012701808665,0.183012701869831));
#9619=DIRECTION('',(-0.707106781273049,0.683012701808665,-0.183012701869831));
#9620=DIRECTION('',(-2.01858731750028E-15,0.258819045102519,0.965925826289069));
#9621=DIRECTION('center_axis',(0.70710678118655,-0.683012701892217,0.183012701892219));
#9622=DIRECTION('ref_axis',(0.707106781186545,0.683012701892221,-0.18301270189222));
#9623=DIRECTION('',(-0.707106781186545,-0.683012701892221,0.183012701892221));
#9624=DIRECTION('',(0.707106781186545,0.683012701892221,-0.183012701892221));
#9625=DIRECTION('center_axis',(-0.708397036281991,0.681764132910084,-0.182678148841762));
#9626=DIRECTION('ref_axis',(-0.705814167459744,-0.684258992611409,0.183346644483961));
#9627=DIRECTION('',(0.705814167459744,0.684258992611409,-0.183346644483961));
#9628=DIRECTION('',(-1.89242561015651E-15,0.258819045102519,0.965925826289069));
#9629=DIRECTION('',(-0.705814167459744,-0.684258992611409,0.183346644483961));
#9630=DIRECTION('',(-1.89242561015651E-15,0.258819045102519,0.965925826289069));
#9631=DIRECTION('center_axis',(0.995630046933584,0.0902032492082729,-0.024169887780018));
#9632=DIRECTION('ref_axis',(-0.0933852753009191,0.961704775762546,-0.257688018022729));
#9633=DIRECTION('',(0.0933852753009191,-0.961704775762546,0.257688018022729));
#9634=DIRECTION('',(-0.0933852753009191,0.961704775762546,-0.257688018022729));
#9635=DIRECTION('',(-1.89242561015651E-15,0.258819045102519,0.965925826289069));
#9636=DIRECTION('center_axis',(0.707106781186548,-0.683012701892219,0.18301270189222));
#9637=DIRECTION('ref_axis',(0.707106781186547,0.683012701892219,-0.18301270189222));
#9638=DIRECTION('',(-0.707106781186547,-0.683012701892219,0.18301270189222));
#9639=DIRECTION('',(0.707106781186547,0.683012701892219,-0.18301270189222));
#9640=DIRECTION('',(-1.89242561015651E-15,0.258819045102519,0.965925826289069));
#9641=DIRECTION('center_axis',(-0.713714264988408,-0.676570158327541,0.181286427546859));
#9642=DIRECTION('ref_axis',(0.700436969292781,-0.689395041143224,0.184722844540345));
#9643=DIRECTION('',(-0.700436969292781,0.689395041143223,-0.184722844540347));
#9644=DIRECTION('',(0.700436969292781,-0.689395041143223,0.184722844540347));
#9645=DIRECTION('center_axis',(0.995630046933584,0.0902032492082729,-0.024169887780018));
#9646=DIRECTION('ref_axis',(-0.0933852753009191,0.961704775762546,-0.257688018022729));
#9647=DIRECTION('',(0.0933852753009191,-0.961704775762546,0.257688018022729));
#9648=DIRECTION('',(-1.89242561015651E-15,0.258819045102519,0.965925826289069));
#9649=DIRECTION('',(-0.0933852753009191,0.961704775762546,-0.257688018022729));
#9650=DIRECTION('',(-1.89242561015651E-15,0.258819045102519,0.965925826289069));
#9651=DIRECTION('center_axis',(0.707106781186548,-0.683012701892219,0.18301270189222));
#9652=DIRECTION('ref_axis',(0.707106781186547,0.683012701892219,-0.18301270189222));
#9653=DIRECTION('',(-0.707106781186547,-0.683012701892219,0.18301270189222));
#9654=DIRECTION('',(0.707106781186547,0.683012701892219,-0.18301270189222));
#9655=DIRECTION('',(-1.89242561015651E-15,0.258819045102519,0.965925826289069));
#9656=DIRECTION('center_axis',(-0.713714264988409,-0.676570158327541,0.181286427546859));
#9657=DIRECTION('ref_axis',(0.700436969292781,-0.689395041143224,0.184722844540345));
#9658=DIRECTION('',(-0.700436969292781,0.689395041143224,-0.184722844540348));
#9659=DIRECTION('',(0.700436969292781,-0.689395041143224,0.184722844540348));
#9660=DIRECTION('',(-1.89242561015651E-15,0.258819045102519,0.965925826289069));
#9661=DIRECTION('center_axis',(-0.708397036281991,0.681764132910084,-0.182678148841762));
#9662=DIRECTION('ref_axis',(-0.705814167459744,-0.684258992611409,0.183346644483961));
#9663=DIRECTION('',(0.705814167459744,0.684258992611409,-0.183346644483961));
#9664=DIRECTION('',(-0.705814167459744,-0.684258992611409,0.183346644483961));
#9665=DIRECTION('center_axis',(0.995630046933584,0.0902032492082729,-0.024169887780018));
#9666=DIRECTION('ref_axis',(-0.0933852753009191,0.961704775762546,-0.257688018022729));
#9667=DIRECTION('',(0.0933852753009191,-0.961704775762546,0.257688018022729));
#9668=DIRECTION('',(-1.89242561015651E-15,0.258819045102519,0.965925826289069));
#9669=DIRECTION('',(-0.0933852753009191,0.961704775762546,-0.257688018022729));
#9670=DIRECTION('',(-1.89242561015651E-15,0.258819045102519,0.965925826289069));
#9671=DIRECTION('center_axis',(0.707106781186548,-0.683012701892219,0.18301270189222));
#9672=DIRECTION('ref_axis',(0.707106781186547,0.683012701892219,-0.18301270189222));
#9673=DIRECTION('',(-0.707106781186547,-0.683012701892219,0.18301270189222));
#9674=DIRECTION('',(0.707106781186547,0.683012701892219,-0.18301270189222));
#9675=DIRECTION('',(-1.89242561015651E-15,0.258819045102519,0.965925826289069));
#9676=DIRECTION('center_axis',(-0.713714264988409,-0.67657015832754,0.181286427546859));
#9677=DIRECTION('ref_axis',(0.70043696929278,-0.689395041143224,0.184722844540345));
#9678=DIRECTION('',(-0.70043696929278,0.689395041143224,-0.184722844540348));
#9679=DIRECTION('',(0.70043696929278,-0.689395041143224,0.184722844540348));
#9680=DIRECTION('',(-1.89242561015651E-15,0.258819045102519,0.965925826289069));
#9681=DIRECTION('center_axis',(-0.708397036281991,0.681764132910084,-0.182678148841762));
#9682=DIRECTION('ref_axis',(-0.705814167459744,-0.684258992611409,0.183346644483961));
#9683=DIRECTION('',(0.705814167459744,0.684258992611409,-0.183346644483961));
#9684=DIRECTION('',(-0.705814167459744,-0.684258992611409,0.183346644483961));
#9685=DIRECTION('center_axis',(-0.705814167459729,-0.684258992611424,0.183346644483962));
#9686=DIRECTION('ref_axis',(0.708397036282006,-0.68176413291007,0.182678148841758));
#9687=DIRECTION('',(-0.708397036282006,0.68176413291007,-0.182678148841758));
#9688=DIRECTION('',(-2.01858731750028E-15,0.258819045102519,0.965925826289069));
#9689=DIRECTION('',(0.708397036282006,-0.68176413291007,0.182678148841758));
#9690=DIRECTION('',(-2.01858731750028E-15,0.258819045102519,0.965925826289069));
#9691=DIRECTION('center_axis',(-0.708397036282001,0.681764132910074,-0.182678148841759));
#9692=DIRECTION('ref_axis',(-0.705814167459734,-0.68425899261142,0.183346644483961));
#9693=DIRECTION('',(0.705814167459734,0.684258992611419,-0.183346644483964));
#9694=DIRECTION('',(-0.705814167459734,-0.684258992611419,0.183346644483964));
#9695=DIRECTION('',(-2.01858731750028E-15,0.258819045102519,0.965925826289069));
#9696=DIRECTION('center_axis',(0.705814167459739,0.684258992611414,-0.183346644483959));
#9697=DIRECTION('ref_axis',(-0.708397036281996,0.681764132910078,-0.182678148841765));
#9698=DIRECTION('',(0.708397036281996,-0.681764132910079,0.182678148841761));
#9699=DIRECTION('',(-0.708397036281996,0.681764132910079,-0.182678148841761));
#9700=DIRECTION('',(-2.01858731750028E-15,0.258819045102519,0.965925826289069));
#9701=DIRECTION('center_axis',(0.708397036282,-0.681764132910075,0.18267814884176));
#9702=DIRECTION('ref_axis',(0.705814167459735,0.684258992611419,-0.18334664448396));
#9703=DIRECTION('',(-0.705814167459735,-0.684258992611418,0.183346644483964));
#9704=DIRECTION('',(0.705814167459735,0.684258992611418,-0.183346644483964));
#9705=DIRECTION('center_axis',(0.995630046933584,0.0902032492082729,-0.024169887780018));
#9706=DIRECTION('ref_axis',(-0.0933852753009191,0.961704775762546,-0.257688018022729));
#9707=DIRECTION('',(0.0933852753009191,-0.961704775762546,0.257688018022729));
#9708=DIRECTION('',(-1.89242561015651E-15,0.258819045102519,0.965925826289069));
#9709=DIRECTION('',(-0.0933852753009191,0.961704775762546,-0.257688018022729));
#9710=DIRECTION('',(-1.89242561015651E-15,0.258819045102519,0.965925826289069));
#9711=DIRECTION('center_axis',(0.707106781186548,-0.683012701892219,0.18301270189222));
#9712=DIRECTION('ref_axis',(0.707106781186547,0.683012701892219,-0.18301270189222));
#9713=DIRECTION('',(-0.707106781186547,-0.683012701892219,0.18301270189222));
#9714=DIRECTION('',(0.707106781186547,0.683012701892219,-0.18301270189222));
#9715=DIRECTION('',(-1.89242561015651E-15,0.258819045102519,0.965925826289069));
#9716=DIRECTION('center_axis',(-0.713714264988408,-0.676570158327541,0.181286427546859));
#9717=DIRECTION('ref_axis',(0.700436969292781,-0.689395041143224,0.184722844540345));
#9718=DIRECTION('',(-0.700436969292781,0.689395041143223,-0.184722844540347));
#9719=DIRECTION('',(0.700436969292781,-0.689395041143223,0.184722844540347));
#9720=DIRECTION('',(-1.89242561015651E-15,0.258819045102519,0.965925826289069));
#9721=DIRECTION('center_axis',(-0.708397036281991,0.681764132910084,-0.182678148841762));
#9722=DIRECTION('ref_axis',(-0.705814167459744,-0.684258992611409,0.183346644483961));
#9723=DIRECTION('',(0.705814167459744,0.684258992611409,-0.183346644483961));
#9724=DIRECTION('',(-0.705814167459744,-0.684258992611409,0.183346644483961));
#9725=DIRECTION('center_axis',(9.97480784655194E-17,-0.965925826289069,
0.258819045102519));
#9726=DIRECTION('ref_axis',(1.,0.,-3.85396980450217E-16));
#9727=DIRECTION('',(-1.,-3.9380156766382E-19,3.83927292991595E-16));
#9728=DIRECTION('',(-1.89242561015651E-15,0.258819045102519,0.965925826289069));
#9729=DIRECTION('',(1.,3.9380156766382E-19,-3.83927292991595E-16));
#9730=DIRECTION('',(-1.89242561015651E-15,0.258819045102519,0.965925826289069));
#9731=DIRECTION('center_axis',(-0.707106781186543,0.683012701892223,-0.183012701892221));
#9732=DIRECTION('ref_axis',(-0.707106781186552,-0.683012701892215,0.183012701892218));
#9733=DIRECTION('',(0.707106781186552,0.683012701892215,-0.183012701892219));
#9734=DIRECTION('',(-0.707106781186552,-0.683012701892215,0.183012701892219));
#9735=DIRECTION('',(-1.89242561015651E-15,0.258819045102519,0.965925826289069));
#9736=DIRECTION('center_axis',(0.707106781189216,0.683012701889642,-0.183012701891526));
#9737=DIRECTION('ref_axis',(-0.707106781183879,0.683012701894797,-0.18301270189291));
#9738=DIRECTION('',(0.707106781183879,-0.683012701894797,0.18301270189291));
#9739=DIRECTION('',(-0.707106781183879,0.683012701894797,-0.18301270189291));
#9740=DIRECTION('',(-1.89242561015651E-15,0.258819045102519,0.965925826289069));
#9741=DIRECTION('center_axis',(0.707106781186541,-0.683012701892225,0.183012701892221));
#9742=DIRECTION('ref_axis',(0.707106781186554,0.683012701892213,-0.183012701892218));
#9743=DIRECTION('',(-0.707106781186554,-0.683012701892213,0.183012701892218));
#9744=DIRECTION('',(0.707106781186554,0.683012701892213,-0.183012701892218));
#9745=DIRECTION('center_axis',(9.97480784655194E-17,-0.965925826289069,
0.258819045102519));
#9746=DIRECTION('ref_axis',(1.,0.,-3.85396980450217E-16));
#9747=DIRECTION('',(-1.,-3.9380156766382E-19,3.83927292991595E-16));
#9748=DIRECTION('',(-2.01858731750028E-15,0.258819045102519,0.965925826289069));
#9749=DIRECTION('',(1.,3.9380156766382E-19,-3.83927292991595E-16));
#9750=DIRECTION('',(-2.01858731750028E-15,0.258819045102519,0.965925826289069));
#9751=DIRECTION('center_axis',(-0.707106781184504,0.683012701894193,-0.183012701892749));
#9752=DIRECTION('ref_axis',(-0.707106781188591,-0.683012701890246,0.183012701891691));
#9753=DIRECTION('',(0.707106781188591,0.683012701890246,-0.183012701891691));
#9754=DIRECTION('',(-0.707106781188591,-0.683012701890246,0.183012701891691));
#9755=DIRECTION('',(-2.01858731750028E-15,0.258819045102519,0.965925826289069));
#9756=DIRECTION('center_axis',(0.707106781189216,0.683012701889642,-0.183012701891526));
#9757=DIRECTION('ref_axis',(-0.707106781183879,0.683012701894797,-0.18301270189291));
#9758=DIRECTION('',(0.707106781183879,-0.683012701894797,0.18301270189291));
#9759=DIRECTION('',(-0.707106781183879,0.683012701894797,-0.18301270189291));
#9760=DIRECTION('',(-2.01858731750028E-15,0.258819045102519,0.965925826289069));
#9761=DIRECTION('center_axis',(0.707106781184503,-0.683012701894194,0.183012701892749));
#9762=DIRECTION('ref_axis',(0.707106781188592,0.683012701890245,-0.183012701891691));
#9763=DIRECTION('',(-0.707106781188592,-0.683012701890244,0.183012701891691));
#9764=DIRECTION('',(0.707106781188592,0.683012701890244,-0.183012701891691));
#9765=DIRECTION('center_axis',(-0.707106781186547,0.68301270189222,-0.18301270189222));
#9766=DIRECTION('ref_axis',(-0.707106781186548,-0.683012701892218,0.18301270189222));
#9767=DIRECTION('',(0.707106781186549,0.683012701892218,-0.18301270189222));
#9768=DIRECTION('',(-2.01858731750028E-15,0.258819045102519,0.965925826289069));
#9769=DIRECTION('',(-0.707106781186549,-0.683012701892218,0.18301270189222));
#9770=DIRECTION('',(-2.01858731750028E-15,0.258819045102519,0.965925826289069));
#9771=DIRECTION('center_axis',(0.707106781186549,0.683012701892219,-0.183012701892217));
#9772=DIRECTION('ref_axis',(-0.707106781186546,0.68301270189222,-0.18301270189222));
#9773=DIRECTION('',(0.707106781186546,-0.68301270189222,0.18301270189222));
#9774=DIRECTION('',(-0.707106781186546,0.68301270189222,-0.18301270189222));
#9775=DIRECTION('',(-2.01858731750028E-15,0.258819045102519,0.965925826289069));
#9776=DIRECTION('center_axis',(0.707106781186549,-0.683012701892218,0.183012701892219));
#9777=DIRECTION('ref_axis',(0.707106781186546,0.683012701892221,-0.183012701892219));
#9778=DIRECTION('',(-0.707106781186546,-0.68301270189222,0.18301270189222));
#9779=DIRECTION('',(0.707106781186546,0.68301270189222,-0.18301270189222));
#9780=DIRECTION('',(-2.01858731750028E-15,0.258819045102519,0.965925826289069));
#9781=DIRECTION('center_axis',(-0.707106781186544,-0.683012701892223,0.183012701892218));
#9782=DIRECTION('ref_axis',(0.707106781186551,-0.683012701892217,0.183012701892217));
#9783=DIRECTION('',(-0.707106781186551,0.683012701892216,-0.183012701892219));
#9784=DIRECTION('',(0.707106781186551,-0.683012701892216,0.183012701892219));
#9785=DIRECTION('center_axis',(9.97480784655194E-17,-0.965925826289069,
0.258819045102519));
#9786=DIRECTION('ref_axis',(1.,0.,-3.85396980450217E-16));
#9787=DIRECTION('',(-1.,-3.9380156766382E-19,3.83927292991595E-16));
#9788=DIRECTION('',(-2.01858731750028E-15,0.258819045102519,0.965925826289069));
#9789=DIRECTION('',(1.,3.9380156766382E-19,-3.83927292991595E-16));
#9790=DIRECTION('',(-2.01858731750028E-15,0.258819045102519,0.965925826289069));
#9791=DIRECTION('center_axis',(-0.707106781184504,0.683012701894193,-0.183012701892749));
#9792=DIRECTION('ref_axis',(-0.707106781188591,-0.683012701890246,0.183012701891691));
#9793=DIRECTION('',(0.707106781188591,0.683012701890246,-0.183012701891691));
#9794=DIRECTION('',(-0.707106781188591,-0.683012701890246,0.183012701891691));
#9795=DIRECTION('',(-2.01858731750028E-15,0.258819045102519,0.965925826289069));
#9796=DIRECTION('center_axis',(0.707106781189216,0.683012701889642,-0.183012701891526));
#9797=DIRECTION('ref_axis',(-0.707106781183879,0.683012701894797,-0.18301270189291));
#9798=DIRECTION('',(0.707106781183879,-0.683012701894797,0.18301270189291));
#9799=DIRECTION('',(-0.707106781183879,0.683012701894797,-0.18301270189291));
#9800=DIRECTION('',(-2.01858731750028E-15,0.258819045102519,0.965925826289069));
#9801=DIRECTION('center_axis',(0.707106781186547,-0.68301270189222,0.18301270189222));
#9802=DIRECTION('ref_axis',(0.707106781186548,0.683012701892219,-0.18301270189222));
#9803=DIRECTION('',(-0.707106781186548,-0.683012701892219,0.18301270189222));
#9804=DIRECTION('',(0.707106781186548,0.683012701892219,-0.18301270189222));
#9805=DIRECTION('center_axis',(9.97480784655194E-17,-0.965925826289069,
0.258819045102519));
#9806=DIRECTION('ref_axis',(1.,0.,-3.85396980450217E-16));
#9807=DIRECTION('',(-1.,-3.9380156766382E-19,3.83927292991595E-16));
#9808=DIRECTION('',(-1.89242561015651E-15,0.258819045102519,0.965925826289069));
#9809=DIRECTION('',(1.,3.9380156766382E-19,-3.83927292991595E-16));
#9810=DIRECTION('',(-1.89242561015651E-15,0.258819045102519,0.965925826289069));
#9811=DIRECTION('center_axis',(-0.707106781184505,0.683012701894193,-0.183012701892748));
#9812=DIRECTION('ref_axis',(-0.70710678118859,-0.683012701890246,0.18301270189169));
#9813=DIRECTION('',(0.707106781188591,0.683012701890246,-0.183012701891691));
#9814=DIRECTION('',(-0.707106781188591,-0.683012701890246,0.183012701891691));
#9815=DIRECTION('',(-1.89242561015651E-15,0.258819045102519,0.965925826289069));
#9816=DIRECTION('center_axis',(0.707106781189216,0.683012701889642,-0.183012701891526));
#9817=DIRECTION('ref_axis',(-0.707106781183879,0.683012701894797,-0.18301270189291));
#9818=DIRECTION('',(0.707106781183879,-0.683012701894797,0.18301270189291));
#9819=DIRECTION('',(-0.707106781183879,0.683012701894797,-0.18301270189291));
#9820=DIRECTION('',(-1.89242561015651E-15,0.258819045102519,0.965925826289069));
#9821=DIRECTION('center_axis',(0.707106781184503,-0.683012701894194,0.183012701892749));
#9822=DIRECTION('ref_axis',(0.707106781188592,0.683012701890244,-0.183012701891691));
#9823=DIRECTION('',(-0.707106781188592,-0.683012701890244,0.183012701891691));
#9824=DIRECTION('',(0.707106781188592,0.683012701890244,-0.183012701891691));
#9825=DIRECTION('center_axis',(0.995630046933584,0.0902032492082729,-0.024169887780018));
#9826=DIRECTION('ref_axis',(-0.0933852753009191,0.961704775762546,-0.257688018022729));
#9827=DIRECTION('',(0.0933852753009191,-0.961704775762546,0.257688018022729));
#9828=DIRECTION('',(-1.89242561015651E-15,0.258819045102519,0.965925826289069));
#9829=DIRECTION('',(-0.0933852753009191,0.961704775762546,-0.257688018022729));
#9830=DIRECTION('',(-1.89242561015651E-15,0.258819045102519,0.965925826289069));
#9831=DIRECTION('center_axis',(0.707106781186548,-0.683012701892219,0.18301270189222));
#9832=DIRECTION('ref_axis',(0.707106781186547,0.683012701892219,-0.18301270189222));
#9833=DIRECTION('',(-0.707106781186547,-0.683012701892219,0.18301270189222));
#9834=DIRECTION('',(0.707106781186547,0.683012701892219,-0.18301270189222));
#9835=DIRECTION('',(-1.89242561015651E-15,0.258819045102519,0.965925826289069));
#9836=DIRECTION('center_axis',(-0.713714264988408,-0.676570158327541,0.181286427546859));
#9837=DIRECTION('ref_axis',(0.700436969292781,-0.689395041143224,0.184722844540345));
#9838=DIRECTION('',(-0.700436969292781,0.689395041143223,-0.184722844540347));
#9839=DIRECTION('',(0.700436969292781,-0.689395041143223,0.184722844540347));
#9840=DIRECTION('',(-1.89242561015651E-15,0.258819045102519,0.965925826289069));
#9841=DIRECTION('center_axis',(-0.708397036281991,0.681764132910084,-0.182678148841762));
#9842=DIRECTION('ref_axis',(-0.705814167459744,-0.684258992611409,0.183346644483961));
#9843=DIRECTION('',(0.705814167459744,0.684258992611409,-0.183346644483961));
#9844=DIRECTION('',(-0.705814167459744,-0.684258992611409,0.183346644483961));
#9845=DIRECTION('center_axis',(-0.708397036281988,0.681764132910087,-0.182678148841763));
#9846=DIRECTION('ref_axis',(-0.705814167459747,-0.684258992611407,0.183346644483955));
#9847=DIRECTION('',(0.705814167459747,0.684258992611406,-0.183346644483961));
#9848=DIRECTION('',(-2.01858731750028E-15,0.258819045102519,0.965925826289069));
#9849=DIRECTION('',(-0.705814167459747,-0.684258992611406,0.183346644483961));
#9850=DIRECTION('',(-2.01858731750028E-15,0.258819045102519,0.965925826289069));
#9851=DIRECTION('center_axis',(0.705814167459744,0.68425899261141,-0.183346644483958));
#9852=DIRECTION('ref_axis',(-0.708397036281991,0.681764132910084,-0.182678148841761));
#9853=DIRECTION('',(0.708397036281991,-0.681764132910084,0.182678148841762));
#9854=DIRECTION('',(-0.708397036281991,0.681764132910084,-0.182678148841762));
#9855=DIRECTION('',(-2.01858731750028E-15,0.258819045102519,0.965925826289069));
#9856=DIRECTION('center_axis',(0.708397036281989,-0.681764132910086,0.182678148841763));
#9857=DIRECTION('ref_axis',(0.705814167459746,0.684258992611408,-0.183346644483956));
#9858=DIRECTION('',(-0.705814167459747,-0.684258992611407,0.183346644483961));
#9859=DIRECTION('',(0.705814167459747,0.684258992611407,-0.183346644483961));
#9860=DIRECTION('',(-2.01858731750028E-15,0.258819045102519,0.965925826289069));
#9861=DIRECTION('center_axis',(-0.705814167459854,-0.684258992611304,0.18334664448393));
#9862=DIRECTION('ref_axis',(0.708397036281882,-0.68176413291019,0.18267814884179));
#9863=DIRECTION('',(-0.708397036281882,0.68176413291019,-0.18267814884179));
#9864=DIRECTION('',(0.708397036281882,-0.68176413291019,0.18267814884179));
#9865=DIRECTION('center_axis',(0.,0.258819045102522,0.965925826289068));
#9866=DIRECTION('ref_axis',(-1.,-9.63492451125548E-17,2.58167024192575E-17));
#9867=DIRECTION('center_axis',(-3.72264896790687E-16,-0.258819045102521,
-0.965925826289068));
#9868=DIRECTION('ref_axis',(-1.,0.,3.85396980450217E-16));
#9869=DIRECTION('',(0.,0.258819045102522,0.965925826289068));
#9870=DIRECTION('center_axis',(-3.70743364372129E-16,-0.258819045102521,
-0.965925826289068));
#9871=DIRECTION('ref_axis',(-1.,-9.63492451125548E-17,2.58167024192575E-17));
#9872=DIRECTION('center_axis',(3.78485122031306E-16,0.25881904510252,0.965925826289068));
#9873=DIRECTION('ref_axis',(-1.,1.60991275709947E-18,3.91405256655465E-16));
#9874=DIRECTION('center_axis',(-3.72264896790687E-16,-0.258819045102521,
-0.965925826289068));
#9875=DIRECTION('ref_axis',(-1.,1.35585468084861E-31,3.85396980450216E-16));
#9876=DIRECTION('',(3.78485122031306E-16,0.25881904510252,0.965925826289068));
#9877=DIRECTION('center_axis',(-3.70743364372129E-16,-0.258819045102521,
-0.965925826289068));
#9878=DIRECTION('ref_axis',(-1.,1.60991275709947E-18,3.91405256655465E-16));
#9879=DIRECTION('center_axis',(0.,0.258819045102522,0.965925826289068));
#9880=DIRECTION('ref_axis',(-1.,-9.63492451125548E-17,2.58167024192575E-17));
#9881=DIRECTION('center_axis',(-3.72264896790687E-16,-0.258819045102521,
-0.965925826289068));
#9882=DIRECTION('ref_axis',(-1.,0.,3.85396980450217E-16));
#9883=DIRECTION('',(0.,0.258819045102522,0.965925826289068));
#9884=DIRECTION('center_axis',(-3.70743364372129E-16,-0.258819045102521,
-0.965925826289068));
#9885=DIRECTION('ref_axis',(-1.,-9.63492451125548E-17,2.58167024192575E-17));
#9886=DIRECTION('center_axis',(0.,0.25881904510252,0.965925826289068));
#9887=DIRECTION('ref_axis',(-1.,-9.63492451125548E-17,2.58167024192573E-17));
#9888=DIRECTION('center_axis',(-3.72264896790687E-16,-0.258819045102521,
-0.965925826289068));
#9889=DIRECTION('ref_axis',(-1.,0.,3.85396980450217E-16));
#9890=DIRECTION('',(0.,0.25881904510252,0.965925826289068));
#9891=DIRECTION('center_axis',(-3.70743364372129E-16,-0.258819045102521,
-0.965925826289068));
#9892=DIRECTION('ref_axis',(-1.,-9.63492451125548E-17,2.58167024192573E-17));
#9893=DIRECTION('center_axis',(0.,0.25881904510252,0.965925826289068));
#9894=DIRECTION('ref_axis',(-1.,-9.63492451125548E-17,2.58167024192573E-17));
#9895=DIRECTION('center_axis',(-3.72264896790687E-16,-0.258819045102521,
-0.965925826289068));
#9896=DIRECTION('ref_axis',(-1.,0.,3.85396980450217E-16));
#9897=DIRECTION('',(0.,0.25881904510252,0.965925826289068));
#9898=DIRECTION('center_axis',(-3.70743364372129E-16,-0.258819045102521,
-0.965925826289068));
#9899=DIRECTION('ref_axis',(-1.,-9.63492451125548E-17,2.58167024192573E-17));
#9900=DIRECTION('center_axis',(3.78485122031306E-16,0.258819045102522,0.965925826289068));
#9901=DIRECTION('ref_axis',(-1.,1.60991275709947E-18,3.91405256655465E-16));
#9902=DIRECTION('center_axis',(-3.72264896790687E-16,-0.258819045102521,
-0.965925826289068));
#9903=DIRECTION('ref_axis',(-1.,1.35585468084861E-31,3.85396980450217E-16));
#9904=DIRECTION('',(3.78485122031306E-16,0.258819045102522,0.965925826289068));
#9905=DIRECTION('center_axis',(-3.70743364372129E-16,-0.258819045102521,
-0.965925826289068));
#9906=DIRECTION('ref_axis',(-1.,1.60991275709947E-18,3.91405256655465E-16));
#9907=DIRECTION('center_axis',(3.78485122031303E-16,0.258819045102523,0.965925826289068));
#9908=DIRECTION('ref_axis',(-1.,1.60991275709885E-18,3.91405256655463E-16));
#9909=DIRECTION('center_axis',(3.72264896790687E-16,0.258819045102521,0.965925826289068));
#9910=DIRECTION('ref_axis',(-1.,1.35585468084861E-31,3.85396980450217E-16));
#9911=DIRECTION('',(3.78485122031303E-16,0.258819045102523,0.965925826289068));
#9912=DIRECTION('center_axis',(3.70743364372129E-16,0.258819045102521,0.965925826289068));
#9913=DIRECTION('ref_axis',(-1.,1.60991275709885E-18,3.91405256655463E-16));
#9914=DIRECTION('center_axis',(-3.72264896790687E-16,-0.258819045102521,
-0.965925826289068));
#9915=DIRECTION('ref_axis',(-1.,1.35585468084861E-31,3.85396980450217E-16));
#9916=DIRECTION('center_axis',(0.,0.258819045102523,0.965925826289068));
#9917=DIRECTION('ref_axis',(-1.,-9.63492451125548E-17,2.58167024192576E-17));
#9918=DIRECTION('center_axis',(3.70743364372129E-16,0.258819045102521,0.965925826289068));
#9919=DIRECTION('ref_axis',(-1.,-9.63492451125548E-17,2.58167024192576E-17));
#9920=DIRECTION('',(0.,0.258819045102523,0.965925826289068));
#9921=DIRECTION('center_axis',(3.72264896790687E-16,0.258819045102521,0.965925826289068));
#9922=DIRECTION('ref_axis',(-1.,0.,3.85396980450217E-16));
#9923=DIRECTION('',(0.,0.258819045102523,0.965925826289068));
#9924=DIRECTION('center_axis',(-3.57241581166568E-16,-0.258819045102521,
-0.965925826289068));
#9925=DIRECTION('ref_axis',(-1.,-3.88832020410845E-18,3.70885571892387E-16));
#9926=DIRECTION('',(-1.,-3.71904148942092E-16,4.69495116004601E-16));
#9927=DIRECTION('',(-6.1419557054491E-15,0.965925826289068,-0.258819045102521));
#9928=DIRECTION('center_axis',(0.,0.258819045102523,0.965925826289068));
#9929=DIRECTION('ref_axis',(0.707106788067278,-0.683012695245944,0.183012700111357));
#9930=DIRECTION('center_axis',(3.70743364372129E-16,0.258819045102521,0.965925826289068));
#9931=DIRECTION('ref_axis',(-1.,-9.63492451125548E-17,2.58167024192576E-17));
#9932=DIRECTION('',(0.,0.258819045102523,0.965925826289068));
#9933=DIRECTION('center_axis',(3.72264896790687E-16,0.258819045102521,0.965925826289068));
#9934=DIRECTION('ref_axis',(-1.,0.,3.85396980450217E-16));
#9935=DIRECTION('',(0.,0.258819045102523,0.965925826289068));
#9936=DIRECTION('center_axis',(-3.57241581166568E-16,-0.258819045102521,
-0.965925826289068));
#9937=DIRECTION('ref_axis',(-1.,-3.88832020410842E-18,3.70885571892387E-16));
#9938=DIRECTION('',(-1.,-3.71904148942092E-16,4.69495116004601E-16));
#9939=DIRECTION('',(1.98127603401583E-15,-0.965925826289068,0.258819045102521));
#9940=DIRECTION('center_axis',(3.78485122031303E-16,0.258819045102523,0.965925826289068));
#9941=DIRECTION('ref_axis',(-1.,1.60991275709885E-18,3.91405256655463E-16));
#9942=DIRECTION('center_axis',(3.72264896790687E-16,0.258819045102521,0.965925826289068));
#9943=DIRECTION('ref_axis',(-1.,1.35585468084861E-31,3.85396980450217E-16));
#9944=DIRECTION('',(3.78485122031303E-16,0.258819045102523,0.965925826289068));
#9945=DIRECTION('center_axis',(3.70743364372129E-16,0.258819045102521,0.965925826289068));
#9946=DIRECTION('ref_axis',(-1.,1.60991275709885E-18,3.91405256655463E-16));
#9947=DIRECTION('center_axis',(-3.72264896790687E-16,-0.258819045102521,
-0.965925826289068));
#9948=DIRECTION('ref_axis',(-1.,1.35585468084861E-31,3.85396980450217E-16));
#9949=DIRECTION('center_axis',(0.,0.258819045102523,0.965925826289068));
#9950=DIRECTION('ref_axis',(-1.,-9.63492451125548E-17,2.58167024192576E-17));
#9951=DIRECTION('center_axis',(3.70743364372129E-16,0.258819045102521,0.965925826289068));
#9952=DIRECTION('ref_axis',(-1.,-9.63492451125548E-17,2.58167024192576E-17));
#9953=DIRECTION('',(0.,0.258819045102523,0.965925826289068));
#9954=DIRECTION('center_axis',(3.72264896790687E-16,0.258819045102521,0.965925826289068));
#9955=DIRECTION('ref_axis',(-1.,0.,3.85396980450217E-16));
#9956=DIRECTION('',(0.,0.258819045102523,0.965925826289068));
#9957=DIRECTION('center_axis',(2.65834769549641E-16,-0.258819045102521,
-0.965925826289068));
#9958=DIRECTION('ref_axis',(-1.,-1.65152346322441E-16,-2.30959967014344E-16));
#9959=DIRECTION('',(-6.1419557054491E-15,0.965925826289068,-0.258819045102521));
#9960=DIRECTION('',(1.,6.23237257585549E-15,-1.39474679379081E-15));
#9961=DIRECTION('center_axis',(0.,0.258819045102523,0.965925826289068));
#9962=DIRECTION('ref_axis',(0.707106781186546,0.68301270189222,-0.183012701892221));
#9963=DIRECTION('center_axis',(3.70743364372129E-16,0.258819045102521,0.965925826289068));
#9964=DIRECTION('ref_axis',(-1.,-9.63492451125548E-17,2.58167024192576E-17));
#9965=DIRECTION('',(0.,0.258819045102523,0.965925826289068));
#9966=DIRECTION('center_axis',(3.72264896790687E-16,0.258819045102521,0.965925826289068));
#9967=DIRECTION('ref_axis',(-1.,0.,3.85396980450217E-16));
#9968=DIRECTION('',(0.,0.258819045102523,0.965925826289068));
#9969=DIRECTION('center_axis',(-3.72264896790687E-16,-0.258819045102521,
-0.965925826289068));
#9970=DIRECTION('ref_axis',(-1.,-1.50927196472244E-32,3.85396980450217E-16));
#9971=DIRECTION('',(1.,-9.6349245112553E-17,-3.5958027803096E-16));
#9972=DIRECTION('',(1.98127603401583E-15,-0.965925826289068,0.258819045102521));
#9973=DIRECTION('center_axis',(1.,5.93267363981678E-15,-1.58965511074632E-15));
#9974=DIRECTION('ref_axis',(6.14195570544911E-15,-0.965925826289068,0.258819045102521));
#9975=DIRECTION('',(0.,-0.258819045102521,-0.965925826289068));
#9976=DIRECTION('',(-6.14195570544911E-15,0.965925826289068,-0.258819045102521));
#9977=DIRECTION('',(0.,-0.258819045102521,-0.965925826289068));
#9978=DIRECTION('',(6.14195570544911E-15,-0.965925826289068,0.258819045102521));
#9979=DIRECTION('center_axis',(6.38099666340329E-15,-0.965925826289068,
0.258819045102521));
#9980=DIRECTION('ref_axis',(-1.,-6.06761403110072E-15,2.00963405379675E-15));
#9981=DIRECTION('',(1.,6.06761403110072E-15,-2.00963405379675E-15));
#9982=DIRECTION('',(0.,-0.258819045102521,-0.965925826289068));
#9983=DIRECTION('',(-1.,-6.06761403110072E-15,2.00963405379675E-15));
#9984=DIRECTION('center_axis',(-3.70743364372129E-16,-0.258819045102521,
-0.965925826289068));
#9985=DIRECTION('ref_axis',(-1.,9.59554435448892E-17,3.58110590572338E-16));
#9986=DIRECTION('center_axis',(7.74318473836574E-16,0.258819045102521,0.965925826289068));
#9987=DIRECTION('ref_axis',(-0.84975739370709,0.509210931677472,-0.136442657920078));
#9988=DIRECTION('',(-1.,-6.09421212902611E-16,1.16191164477544E-16));
#9989=DIRECTION('',(-1.,-6.09421212902611E-16,1.16191164477544E-16));
#9990=DIRECTION('center_axis',(7.74318476114661E-16,0.258819045102521,0.965925826289068));
#9991=DIRECTION('ref_axis',(-0.849757399430802,0.50921092276573,-0.136442655532184));
#9992=DIRECTION('',(-1.,8.89038660283466E-17,3.31793745007091E-16));
#9993=DIRECTION('',(-1.98127603401583E-15,0.965925826289068,-0.258819045102521));
#9994=DIRECTION('',(1.,3.7546120782219E-16,-4.56219991538561E-16));
#9995=DIRECTION('',(1.,3.7546120782219E-16,-4.56219991538561E-16));
#9996=DIRECTION('center_axis',(0.,-0.258819045102521,-0.965925826289068));
#9997=DIRECTION('ref_axis',(-0.84975739370709,0.509210931677472,-0.136442657920078));
#9998=DIRECTION('center_axis',(-7.74318473836574E-16,-0.258819045102521,
-0.965925826289068));
#9999=DIRECTION('ref_axis',(-0.84975739370709,0.509210931677472,-0.136442657920078));
#10000=DIRECTION('',(0.,-0.258819045102521,-0.965925826289068));
#10001=DIRECTION('center_axis',(-4.80746099971831E-16,0.965925826289068,
-0.258819045102521));
#10002=DIRECTION('ref_axis',(1.,3.7546120782219E-16,-4.56219991538561E-16));
#10003=DIRECTION('',(0.,-0.258819045102521,-0.965925826289068));
#10004=DIRECTION('',(-1.,-3.7546120782219E-16,4.56219991538561E-16));
#10005=DIRECTION('center_axis',(-1.,-1.91376569026347E-15,5.12791971208488E-16));
#10006=DIRECTION('ref_axis',(-1.98127603401583E-15,0.965925826289068,-0.258819045102521));
#10007=DIRECTION('',(0.,-0.258819045102521,-0.965925826289068));
#10008=DIRECTION('',(1.98127603401583E-15,-0.965925826289068,0.258819045102521));
#10009=DIRECTION('center_axis',(1.14631350289928E-30,-0.965925826289068,
0.258819045102521));
#10010=DIRECTION('ref_axis',(-1.,8.89038660283466E-17,3.31793745007091E-16));
#10011=DIRECTION('',(0.,-0.258819045102521,-0.965925826289068));
#10012=DIRECTION('',(1.,-8.89038660283466E-17,-3.31793745007091E-16));
#10013=DIRECTION('center_axis',(0.,-0.258819045102521,-0.965925826289068));
#10014=DIRECTION('ref_axis',(-0.849757399430802,0.50921092276573,-0.136442655532184));
#10015=DIRECTION('center_axis',(-7.74318476114661E-16,-0.258819045102521,
-0.965925826289068));
#10016=DIRECTION('ref_axis',(-0.849757399430802,0.50921092276573,-0.136442655532184));
#10017=DIRECTION('',(0.,-0.258819045102521,-0.965925826289068));
#10018=DIRECTION('center_axis',(6.18728174870468E-16,-0.965925826289068,
0.258819045102521));
#10019=DIRECTION('ref_axis',(-1.,-6.09421212902611E-16,1.16191164477544E-16));
#10020=DIRECTION('',(1.,6.09421212902611E-16,-1.16191164477544E-16));
#10021=DIRECTION('center_axis',(-3.70743364372129E-16,-0.258819045102521,
-0.965925826289068));
#10022=DIRECTION('ref_axis',(-1.,9.59554435448892E-17,3.58110590572338E-16));
#10023=DIRECTION('',(0.,0.,1.));
#10024=DIRECTION('',(1.,0.,0.));
#10025=DIRECTION('center_axis',(0.,0.,1.));
#10026=DIRECTION('ref_axis',(1.,0.,0.));
#10027=CARTESIAN_POINT('',(0.,0.,0.));
#10028=CARTESIAN_POINT('',(0.,0.,0.));
#10029=CARTESIAN_POINT('Origin',(-41.8500001661172,-71.4653458089466,-2.57663938245359));
#10030=CARTESIAN_POINT('',(-41.8500001661172,-69.235137133554,1.67649767703114));
#10031=CARTESIAN_POINT('',(-41.8500001661172,-71.2710965507602,2.22203135869408));
#10032=CARTESIAN_POINT('',(-41.8500001661171,-73.3535700164165,2.78002844207592));
#10033=CARTESIAN_POINT('',(-41.8500001661172,-69.149050245908,1.96401328420846));
#10034=CARTESIAN_POINT('',(-41.8500001661172,-70.2968643785223,-1.86949128645868));
#10035=CARTESIAN_POINT('',(-41.8500001661172,-71.1934509209599,2.51180879409427));
#10036=CARTESIAN_POINT('',(-41.8500001661172,-64.6908382583819,0.769438982464106));
#10037=CARTESIAN_POINT('',(-41.8500001661172,-72.22872710137,-1.35189451106199));
#10038=CARTESIAN_POINT('Origin',(38.1499998338828,-71.8497897194066,-7.66508755900159));
#10039=CARTESIAN_POINT('',(37.1499998338829,-71.8497897194066,-7.66508755900159));
#10040=CARTESIAN_POINT('',(37.1499998338829,-70.2968643785219,-1.86949128645882));
#10041=CARTESIAN_POINT('',(37.1499998338829,-70.2968754487915,-1.8695326012672));
#10042=CARTESIAN_POINT('',(38.1499998338828,-71.8497897194066,-7.66508755900159));
#10043=CARTESIAN_POINT('',(38.1499998338828,-71.8497897194066,-7.66508755900159));
#10044=CARTESIAN_POINT('',(38.1499998338828,-70.2968754487914,-1.86953260126718));
#10045=CARTESIAN_POINT('',(38.1499998338828,-70.2968754487914,-1.86953260126716));
#10046=CARTESIAN_POINT('',(38.1500426061198,-70.2968643785219,-1.86949128645883));
#10047=CARTESIAN_POINT('',(37.6499998338828,-70.4262849713427,-2.35249551441171));
#10048=CARTESIAN_POINT('',(38.1499998338828,-70.2968643785219,-1.86949128645883));
#10049=CARTESIAN_POINT('Origin',(38.1499998338828,-70.2968643785219,-1.86949128645883));
#10050=CARTESIAN_POINT('',(37.1499998338829,-69.1490502459076,1.96401328420832));
#10051=CARTESIAN_POINT('',(37.1499998338829,-69.4871862827639,0.83469625807637));
#10052=CARTESIAN_POINT('',(42.1499998338828,-69.1490502459075,1.96401328420831));
#10053=CARTESIAN_POINT('',(39.1886473986205,-69.998829876863,-0.874106587959237));
#10054=CARTESIAN_POINT('',(38.1499998338828,-69.1490502459075,1.96401328420832));
#10055=CARTESIAN_POINT('Origin',(38.1499998338828,-73.7816413719847,-7.14744946879654));
#10056=CARTESIAN_POINT('',(37.1499998338829,-73.7816413719847,-7.14744946879654));
#10057=CARTESIAN_POINT('',(37.1499998338829,-78.6510197103502,-5.84270347538991));
#10058=CARTESIAN_POINT('',(38.1499998338828,-73.7816413719847,-7.14744946879654));
#10059=CARTESIAN_POINT('',(38.1499998338828,-73.7816413719847,-7.14744946879654));
#10060=CARTESIAN_POINT('',(38.1499998338828,-67.149594648684,-8.92450103247046));
#10061=CARTESIAN_POINT('Origin',(38.1499998338829,-71.1934509209595,2.51180879409413));
#10062=CARTESIAN_POINT('',(37.1499998338829,-71.1934509209595,2.51180879409414));
#10063=CARTESIAN_POINT('',(37.1499998338829,-70.934631875857,3.47773462038321));
#10064=CARTESIAN_POINT('',(42.1499998338829,-71.1934509209595,2.51180879409413));
#10065=CARTESIAN_POINT('',(38.1499998338829,-71.1934509209595,2.51180879409413));
#10066=CARTESIAN_POINT('',(38.1499998338829,-72.2287271013696,-1.35189451106213));
#10067=CARTESIAN_POINT('',(40.1499998338829,-71.7110890111645,0.579957141515997));
#10068=CARTESIAN_POINT('',(38.1499998338829,-70.934631875857,3.4777346203832));
#10069=CARTESIAN_POINT('Origin',(38.1499998338829,-71.1934509209595,2.51180879409413));
#10070=CARTESIAN_POINT('',(-38.1499998426073,-72.22872710137,-1.351894511062));
#10071=CARTESIAN_POINT('',(-21.0749999234847,-76.6480622755628,-17.8450779168262));
#10072=CARTESIAN_POINT('',(-37.150000202402,-71.1934509209599,2.51180879409427));
#10073=CARTESIAN_POINT('',(38.1499998338829,-71.1934509209595,2.51180879409413));
#10074=CARTESIAN_POINT('',(-37.150000202402,-73.7816413719851,-7.14744946879641));
#10075=CARTESIAN_POINT('',(-37.150000202402,-70.9346318758574,3.47773462038333));
#10076=CARTESIAN_POINT('',(-38.1499998426073,-73.7816413719851,-7.14744946879641));
#10077=CARTESIAN_POINT('',(38.1499998338828,-73.7816413719847,-7.14744946879654));
#10078=CARTESIAN_POINT('',(-38.1499998426073,-70.9346318758574,3.47773462038334));
#10079=CARTESIAN_POINT('Origin',(38.1499998338828,-73.7816413719847,-7.14744946879654));
#10080=CARTESIAN_POINT('',(-38.1499998426073,-71.849789719407,-7.66508755900146));
#10081=CARTESIAN_POINT('',(-38.1499998426073,-79.4479086740043,-5.62917772112149));
#10082=CARTESIAN_POINT('',(-37.150000202402,-71.849789719407,-7.66508755900146));
#10083=CARTESIAN_POINT('',(-37.150000202402,-67.6325575618285,-8.79509150991917));
#10084=CARTESIAN_POINT('',(38.1499998338828,-71.8497897194066,-7.66508755900159));
#10085=CARTESIAN_POINT('Origin',(38.1499998338828,-70.2968643785219,-1.86949128645883));
#10086=CARTESIAN_POINT('',(-38.1500426148443,-70.2968643785223,-1.86949128645869));
#10087=CARTESIAN_POINT('',(-20.0290542241394,-75.4968016247072,-19.2363999470353));
#10088=CARTESIAN_POINT('',(-37.150000202402,-70.2968643785223,-1.86949128645869));
#10089=CARTESIAN_POINT('',(38.1499998338828,-70.2968643785219,-1.86949128645883));
#10090=CARTESIAN_POINT('',(-37.150000202402,-69.149050245908,1.96401328420845));
#10091=CARTESIAN_POINT('',(-37.150000202402,-69.391913761733,1.15289032317364));
#10092=CARTESIAN_POINT('',(38.1499998338828,-69.1490502459075,1.96401328420832));
#10093=CARTESIAN_POINT('Origin',(38.1499998338828,-71.8497897194066,-7.66508755900159));
#10094=CARTESIAN_POINT('',(-38.1499998426073,-70.2968754487918,-1.86953260126705));
#10095=CARTESIAN_POINT('',(-18.5749999234848,-75.363258235741,-20.7775305727539));
#10096=CARTESIAN_POINT('',(-38.1499998426073,-70.2968754487919,-1.86953260126708));
#10097=CARTESIAN_POINT('',(-37.150000202402,-70.2968754487918,-1.86953260126703));
#10098=CARTESIAN_POINT('Origin',(-41.8500001661171,-74.7729266514725,-1.7054544766385));
#10099=CARTESIAN_POINT('',(-41.8500001661171,-72.590551229471,2.57557817430412));
#10100=CARTESIAN_POINT('',(-41.8500001661171,-74.5224028820492,3.09321626450916));
#10101=CARTESIAN_POINT('',(-41.8500001661171,-75.0054755989494,3.22265520888807));
#10102=CARTESIAN_POINT('',(-41.8500001661171,-72.5129055996708,2.86535560970431));
#10103=CARTESIAN_POINT('',(-41.8500001661171,-75.101096050696,-6.79390265318636));
#10104=CARTESIAN_POINT('',(-41.8500001661171,-74.4447572522489,3.38299369990935));
#10105=CARTESIAN_POINT('',(-41.8500001661172,-64.6908382583819,0.769438982464106));
#10106=CARTESIAN_POINT('',(-41.8500001661171,-75.4800334326591,-0.480709605246888));
#10107=CARTESIAN_POINT('Origin',(38.1499998338829,-75.1010960506956,-6.7939026531865));
#10108=CARTESIAN_POINT('',(37.1499998338829,-75.1010960506956,-6.7939026531865));
#10109=CARTESIAN_POINT('',(37.1499998338829,-72.5129055996704,2.86535560970417));
#10110=CARTESIAN_POINT('',(37.1499998338829,-73.5481817800804,-0.998347695452109));
#10111=CARTESIAN_POINT('',(38.1499998338829,-75.1010960506956,-6.7939026531865));
#10112=CARTESIAN_POINT('',(38.1499998338829,-75.1010960506956,-6.7939026531865));
#10113=CARTESIAN_POINT('',(38.1499998338829,-73.5481817800804,-0.998347695452091));
#10114=CARTESIAN_POINT('',(38.1499998338829,-73.5481817800804,-0.998347695452072));
#10115=CARTESIAN_POINT('',(42.1499998338829,-72.5129055996703,2.86535560970416));
#10116=CARTESIAN_POINT('',(37.6499998338829,-73.6775913026317,-1.48131060859662));
#10117=CARTESIAN_POINT('',(38.1499998338829,-72.5129055996703,2.86535560970417));
#10118=CARTESIAN_POINT('Origin',(38.1499998338829,-77.0329477032738,-6.27626456298145));
#10119=CARTESIAN_POINT('',(37.1499998338829,-77.0329477032738,-6.27626456298145));
#10120=CARTESIAN_POINT('',(37.1499998338829,-80.2766728759947,-5.40711102248236));
#10121=CARTESIAN_POINT('',(38.1499998338829,-77.0329477032738,-6.27626456298145));
#10122=CARTESIAN_POINT('',(38.1499998338829,-77.0329477032738,-6.27626456298145));
#10123=CARTESIAN_POINT('',(38.1499998338828,-68.7752478143285,-8.48890857956291));
#10124=CARTESIAN_POINT('Origin',(38.1499998338829,-74.4447572522485,3.38299369990921));
#10125=CARTESIAN_POINT('',(37.1499998338829,-74.4447572522485,3.38299369990922));
#10126=CARTESIAN_POINT('',(37.1499998338829,-74.185938207146,4.34891952619822));
#10127=CARTESIAN_POINT('',(42.1499998338829,-74.4447572522485,3.38299369990921));
#10128=CARTESIAN_POINT('',(38.1499998338829,-74.4447572522485,3.38299369990921));
#10129=CARTESIAN_POINT('',(38.1499998338829,-75.4800334326587,-0.480709605247026));
#10130=CARTESIAN_POINT('',(40.1499998338829,-74.9623953424536,1.45114204733114));
#10131=CARTESIAN_POINT('',(38.1499998338829,-74.1859382071459,4.34891952619845));
#10132=CARTESIAN_POINT('Origin',(38.1499998338829,-74.4447572522485,3.38299369990921));
#10133=CARTESIAN_POINT('',(-38.1499998426073,-75.4800334326591,-0.480709605246896));
#10134=CARTESIAN_POINT('',(-21.0749999234847,-79.8993686068522,-16.9738930110111));
#10135=CARTESIAN_POINT('',(-37.150000202402,-74.4447572522489,3.38299369990936));
#10136=CARTESIAN_POINT('',(38.1499998338829,-74.4447572522485,3.38299369990921));
#10137=CARTESIAN_POINT('',(-37.150000202402,-77.0329477032742,-6.27626456298132));
#10138=CARTESIAN_POINT('',(-37.150000202402,-74.1859382071463,4.34891952619857));
#10139=CARTESIAN_POINT('',(-38.1499998426073,-77.0329477032742,-6.27626456298132));
#10140=CARTESIAN_POINT('',(38.1499998338829,-77.0329477032738,-6.27626456298145));
#10141=CARTESIAN_POINT('',(-38.1499998426073,-74.1859382071464,4.34891952619834));
#10142=CARTESIAN_POINT('Origin',(38.1499998338829,-77.0329477032738,-6.27626456298145));
#10143=CARTESIAN_POINT('',(-38.1499998426073,-75.101096050696,-6.79390265318637));
#10144=CARTESIAN_POINT('',(-38.1499998426073,-81.0735618396488,-5.19358526821394));
#10145=CARTESIAN_POINT('',(-37.150000202402,-75.101096050696,-6.79390265318637));
#10146=CARTESIAN_POINT('',(-37.150000202402,-69.2582107274731,-8.35949905701163));
#10147=CARTESIAN_POINT('',(38.1499998338829,-75.1010960506956,-6.7939026531865));
#10148=CARTESIAN_POINT('Origin',(38.1499998338829,-75.1010960506956,-6.7939026531865));
#10149=CARTESIAN_POINT('',(-38.1499998426073,-73.5481817800809,-0.99834769545196));
#10150=CARTESIAN_POINT('',(-18.5749999234847,-78.61456456703,-19.9063456669389));
#10151=CARTESIAN_POINT('',(-38.1499998426073,-73.5481817800809,-0.998347695451979));
#10152=CARTESIAN_POINT('',(-37.150000202402,-72.5129055996708,2.8653556097043));
#10153=CARTESIAN_POINT('',(-37.150000202402,-73.5481817800808,-0.99834769545194));
#10154=CARTESIAN_POINT('',(38.1499998338829,-72.5129055996703,2.86535560970417));
#10155=CARTESIAN_POINT('Origin',(-41.8500001661172,-68.2703139888945,-3.44782428826868));
#10156=CARTESIAN_POINT('',(-41.8500001661172,-66.0879385668931,0.833208362673983));
#10157=CARTESIAN_POINT('',(-41.8500001661172,-68.0197902194712,1.350846452879));
#10158=CARTESIAN_POINT('',(-41.8500001661171,-71.7541692676604,2.351470303073));
#10159=CARTESIAN_POINT('',(-41.8500001661172,-66.0102929370928,1.12298579807415));
#10160=CARTESIAN_POINT('',(-41.8500001661172,-68.598483388118,-8.53627246481654));
#10161=CARTESIAN_POINT('',(-41.8500001661172,-67.9421445896709,1.64062388827918));
#10162=CARTESIAN_POINT('',(-41.8500001661172,-64.6908382583819,0.769438982464106));
#10163=CARTESIAN_POINT('',(-41.8500001661172,-68.9031973273672,-1.94607375755643));
#10164=CARTESIAN_POINT('Origin',(38.1499998338828,-70.5303350406957,-8.01863437461164));
#10165=CARTESIAN_POINT('',(37.1499998338829,-70.5303350406957,-8.01863437461163));
#10166=CARTESIAN_POINT('',(37.1499998338829,-68.5984833881176,-8.53627246481668));
#10167=CARTESIAN_POINT('',(37.1499998338829,-77.0253665447057,-6.27829592829745));
#10168=CARTESIAN_POINT('',(38.1499998338828,-70.5303350406957,-8.01863437461164));
#10169=CARTESIAN_POINT('',(38.1499998338828,-70.5303350406957,-8.01863437461164));
#10170=CARTESIAN_POINT('',(38.1499998338828,-68.5984833881176,-8.53627246481668));
#10171=CARTESIAN_POINT('',(38.1499998338828,-65.5239414830395,-9.36009348537801));
#10172=CARTESIAN_POINT('',(38.1499998338828,-68.5984833881176,-8.53627246481668));
#10173=CARTESIAN_POINT('Origin',(38.1499998338828,-67.9421445896705,1.64062388827904));
#10174=CARTESIAN_POINT('',(37.1499998338829,-67.9421445896705,1.64062388827905));
#10175=CARTESIAN_POINT('',(37.1499998338829,-67.683325544568,2.60654971456812));
#10176=CARTESIAN_POINT('',(42.1499998338828,-67.9421445896705,1.64062388827904));
#10177=CARTESIAN_POINT('',(38.1499998338828,-67.9421445896705,1.64062388827904));
#10178=CARTESIAN_POINT('',(38.1499998338828,-68.9774207700806,-2.22307941687722));
#10179=CARTESIAN_POINT('',(40.1499998338828,-68.4597826798755,-0.291227764299096));
#10180=CARTESIAN_POINT('',(38.1499998338828,-67.683325544568,2.60654971456811));
#10181=CARTESIAN_POINT('Origin',(38.1499998338828,-67.9421445896705,1.64062388827904));
#10182=CARTESIAN_POINT('',(-38.1499998426073,-68.977420770081,-2.22307941687709));
#10183=CARTESIAN_POINT('',(-21.0749999234848,-73.3967559442738,-18.7162628226413));
#10184=CARTESIAN_POINT('',(-37.150000202402,-67.9421445896709,1.64062388827918));
#10185=CARTESIAN_POINT('',(38.1499998338828,-67.9421445896705,1.64062388827904));
#10186=CARTESIAN_POINT('',(-37.150000202402,-70.5303350406961,-8.0186343746115));
#10187=CARTESIAN_POINT('',(-37.150000202402,-67.6833255445684,2.60654971456824));
#10188=CARTESIAN_POINT('',(-38.1499998426073,-70.5303350406961,-8.0186343746115));
#10189=CARTESIAN_POINT('',(38.1499998338828,-70.5303350406957,-8.01863437461164));
#10190=CARTESIAN_POINT('',(-38.1499998426073,-67.6833255445684,2.60654971456825));
#10191=CARTESIAN_POINT('Origin',(38.1499998338828,-68.5984833881176,-8.53627246481668));
#10192=CARTESIAN_POINT('',(37.1499998338829,-66.0102929370924,1.12298579807401));
#10193=CARTESIAN_POINT('',(37.1499998338829,-67.0455691175025,-2.74071750708226));
#10194=CARTESIAN_POINT('',(38.1499998338828,-67.0455691175025,-2.74071750708226));
#10195=CARTESIAN_POINT('',(38.1499998338828,-67.0455691175025,-2.74071750708227));
#10196=CARTESIAN_POINT('',(42.1499998338828,-66.0102929370923,1.122985798074));
#10197=CARTESIAN_POINT('',(37.6499998338828,-67.1749786400537,-3.22368042022679));
#10198=CARTESIAN_POINT('',(38.1499998338828,-66.0102929370924,1.12298579807401));
#10199=CARTESIAN_POINT('Origin',(38.1499998338828,-70.5303350406957,-8.01863437461164));
#10200=CARTESIAN_POINT('',(-38.1499998426073,-68.598483388118,-8.53627246481655));
#10201=CARTESIAN_POINT('',(-38.1499998426073,-77.8222555083598,-6.06477017402903));
#10202=CARTESIAN_POINT('',(-37.150000202402,-68.598483388118,-8.53627246481655));
#10203=CARTESIAN_POINT('',(-37.150000202402,-66.006904396184,-9.23068396282672));
#10204=CARTESIAN_POINT('',(38.1499998338828,-68.5984833881176,-8.53627246481668));
#10205=CARTESIAN_POINT('Origin',(38.1499998338828,-68.5984833881176,-8.53627246481668));
#10206=CARTESIAN_POINT('',(-38.1499998426073,-67.0455691175029,-2.74071750708213));
#10207=CARTESIAN_POINT('',(-18.5749999234848,-72.111951904452,-21.648715478569));
#10208=CARTESIAN_POINT('',(-38.1499998426073,-67.0455691175029,-2.74071750708212));
#10209=CARTESIAN_POINT('',(-37.150000202402,-66.0102929370928,1.12298579807414));
#10210=CARTESIAN_POINT('',(-37.150000202402,-67.0455691175029,-2.74071750708214));
#10211=CARTESIAN_POINT('',(38.1499998338828,-66.0102929370924,1.12298579807401));
#10212=CARTESIAN_POINT('Origin',(-40.1499998426073,-76.8944666025434,1.96883898119159));
#10213=CARTESIAN_POINT('',(-38.1499998426073,-77.4121046927485,0.0369873286134464));
#10214=CARTESIAN_POINT('',(-38.1499998426073,-83.5612617054086,1.6846489842879));
#10215=CARTESIAN_POINT('',(-38.1499998426073,-77.4121046927485,0.0369873286134464));
#10216=CARTESIAN_POINT('',(-42.1499998426073,-82.5259855249985,5.54835228944417));
#10217=CARTESIAN_POINT('',(-38.6712326021368,-83.426356740311,2.18812116822534));
#10218=CARTESIAN_POINT('',(-42.1499998426073,-62.5164515327015,0.186813815285081));
#10219=CARTESIAN_POINT('',(-42.1499998426073,-76.3768285123384,3.90069063376973));
#10220=CARTESIAN_POINT('',(-38.1499998426073,-58.9646336547682,-4.90599763840992));
#10221=CARTESIAN_POINT('',(-48.241859646102,-67.9257456726805,7.94298716067057));
#10222=CARTESIAN_POINT('',(-38.1499998426073,-77.4121046927485,0.0369873286134464));
#10223=CARTESIAN_POINT('',(-38.1499998426073,-77.4121046927485,0.0369873286134464));
#10224=CARTESIAN_POINT('Origin',(38.1499998338828,-57.411719384153,0.889557319324461));
#10225=CARTESIAN_POINT('',(38.1499998338828,-65.113790667428,-3.25833598273555));
#10226=CARTESIAN_POINT('',(38.1499998338829,-83.5612617054085,1.68464898428785));
#10227=CARTESIAN_POINT('',(38.1499998338828,-65.113790667428,-3.25833598273555));
#10228=CARTESIAN_POINT('',(38.1499998338829,-86.1494521564337,-7.97460927860284));
#10229=CARTESIAN_POINT('',(38.1499998338829,-82.0083474347933,7.48020394202225));
#10230=CARTESIAN_POINT('',(38.1499998338828,-61.5528241057934,-14.5652559013006));
#10231=CARTESIAN_POINT('',(38.1499998338828,-61.5528241057934,-14.5652559013006));
#10232=CARTESIAN_POINT('',(38.1499998338828,-58.9646336547681,-4.90599763840994));
#10233=CARTESIAN_POINT('',(38.1499998338828,-57.411719384153,0.889557319324461));
#10234=CARTESIAN_POINT('',(38.1499998338828,-65.113790667428,-3.25833598273555));
#10235=CARTESIAN_POINT('',(38.1499998338828,-65.113790667428,-3.25833598273555));
#10236=CARTESIAN_POINT('Origin',(40.1499998338828,-64.596152577223,-1.32648433015742));
#10237=CARTESIAN_POINT('',(42.1499998338828,-62.5164515806128,0.186813828122846));
#10238=CARTESIAN_POINT('',(40.7248545432994,-61.250987433106,-1.62768524121673));
#10239=CARTESIAN_POINT('',(42.1499998338828,-64.0785144870179,0.605367322420716));
#10240=CARTESIAN_POINT('Origin',(40.1499998338828,-64.596152577223,-1.32648433015742));
#10241=CARTESIAN_POINT('',(42.1499998338829,-82.5259855249984,5.54835228944411));
#10242=CARTESIAN_POINT('',(42.1499998338828,-64.0785144870179,0.605367322420716));
#10243=CARTESIAN_POINT('',(42.4858284248625,-82.4390666897629,5.87273779867756));
#10244=CARTESIAN_POINT('Origin',(40.1499998338828,-64.596152577223,-1.32648433015742));
#10245=CARTESIAN_POINT('',(42.1499998338828,-64.0785144870179,0.605367322420716));
#10246=CARTESIAN_POINT('Origin',(-37.150000202402,-58.3776452104421,1.14837636442701));
#10247=CARTESIAN_POINT('',(-37.150000202402,-64.5614774001627,0.734776844972069));
#10248=CARTESIAN_POINT('',(-37.150000202402,-75.1366526399562,3.56838651029235));
#10249=CARTESIAN_POINT('',(-37.150000202402,-64.5614774001627,0.734776844972069));
#10250=CARTESIAN_POINT('',(-37.150000202402,-77.7248430909815,-6.09087175259833));
#10251=CARTESIAN_POINT('',(-37.150000202402,-74.6190145497512,5.50023816287048));
#10252=CARTESIAN_POINT('',(-37.1500002024019,-83.5203980487159,-4.5379574819832));
#10253=CARTESIAN_POINT('',(-37.150000202402,-71.536010073905,-7.74916456161503));
#10254=CARTESIAN_POINT('',(-37.1500002024019,-84.5556742291259,-8.40166078713947));
#10255=CARTESIAN_POINT('',(-37.1500002024019,-80.4145695074856,7.05315243348562));
#10256=CARTESIAN_POINT('',(-37.150000202402,-62.5187499320824,-14.3064368561981));
#10257=CARTESIAN_POINT('',(-37.150000202402,-66.3824532372387,-13.271160675788));
#10258=CARTESIAN_POINT('',(-37.150000202402,-61.4834737516723,-10.4427335510418));
#10259=CARTESIAN_POINT('',(-37.150000202402,-58.3776452104421,1.14837636442701));
#10260=CARTESIAN_POINT('',(-37.150000202402,-67.2790287094067,-8.88981928042669));
#10261=CARTESIAN_POINT('',(-37.150000202402,-62.4493995779614,-10.1839145059393));
#10262=CARTESIAN_POINT('',(-37.150000202402,-64.6908382583815,0.769438982463999));
#10263=CARTESIAN_POINT('',(-37.150000202402,-64.1732001681765,2.70129063504214));
#10264=CARTESIAN_POINT('',(-37.150000202402,-64.5614774001627,0.734776844972069));
#10265=CARTESIAN_POINT('',(-37.150000202402,-64.5614774001627,0.734776844972069));
#10266=CARTESIAN_POINT('Origin',(-45.649999837821,-70.2276714996783,2.25302897809527));
#10267=CARTESIAN_POINT('',(37.1499998338829,-75.136652639956,3.56838651029228));
#10268=CARTESIAN_POINT('',(37.1499998338829,-75.5799395486844,3.68716487950132));
#10269=CARTESIAN_POINT('',(35.1499998338829,-77.0685042925342,4.08602460049732));
#10270=CARTESIAN_POINT('Origin',(35.1499998338829,-75.136652639956,3.56838651029229));
#10271=CARTESIAN_POINT('',(33.1499998338829,-79.0003559451124,4.60366269070238));
#10272=CARTESIAN_POINT('Origin',(35.1499998338829,-79.0003559451123,4.60366269070236));
#10273=CARTESIAN_POINT('',(31.1499998338829,-80.9322075976905,5.12130078090742));
#10274=CARTESIAN_POINT('Origin',(31.1499998338829,-79.0003559451124,4.60366269070238));
#10275=CARTESIAN_POINT('',(29.8783526176146,-80.9322075976905,5.12130078090744));
#10276=CARTESIAN_POINT('',(-7.88582361010318,-80.9322075976909,5.12130078090755));
#10277=CARTESIAN_POINT('',(14.4669935630143,-80.9322075976907,5.12130078090747));
#10278=CARTESIAN_POINT('Origin',(22.1726730903144,-85.4237630038656,6.32480942475168));
#10279=CARTESIAN_POINT('',(3.99999981574041,-80.9322075976907,5.12130078090748));
#10280=CARTESIAN_POINT('',(-30.0584968846772,-80.9322075976907,5.1213007809075));
#10281=CARTESIAN_POINT('',(1.99999981574041,-79.0003559451125,4.60366269070243));
#10282=CARTESIAN_POINT('Origin',(3.99999981574041,-79.0003559451125,4.60366269070243));
#10283=CARTESIAN_POINT('',(-2.00000018425959,-79.0003559451125,4.60366269070244));
#10284=CARTESIAN_POINT('Origin',(-1.84259589461333E-7,-79.0003559451125,
4.60366269070243));
#10285=CARTESIAN_POINT('',(-4.00000018425959,-80.9322075976907,5.12130078090748));
#10286=CARTESIAN_POINT('Origin',(-4.00000018425959,-79.0003559451125,4.60366269070244));
#10287=CARTESIAN_POINT('',(-14.4669939315334,-80.9322075976907,5.12130078090748));
#10288=CARTESIAN_POINT('',(-30.0584968846772,-80.9322075976907,5.1213007809075));
#10289=CARTESIAN_POINT('',(-29.8783526688354,-80.9322075976907,5.12130078090749));
#10290=CARTESIAN_POINT('Origin',(-22.1726730903141,-85.4237629218775,6.32480940278306));
#10291=CARTESIAN_POINT('',(-31.1500002024019,-80.9322075976906,5.12130078090748));
#10292=CARTESIAN_POINT('',(-41.4000000201115,-80.9322075976906,5.12130078090748));
#10293=CARTESIAN_POINT('',(-33.1500002024019,-79.0003559451125,4.60366269070244));
#10294=CARTESIAN_POINT('Origin',(-31.1500002024019,-79.0003559451125,4.60366269070244));
#10295=CARTESIAN_POINT('',(-35.1500002024019,-77.0685042925344,4.0860246004974));
#10296=CARTESIAN_POINT('Origin',(-35.1500002024019,-79.0003559451125,4.60366269070244));
#10297=CARTESIAN_POINT('Origin',(-35.1500002024019,-75.1366526399562,3.56838651029236));
#10298=CARTESIAN_POINT('',(-35.150000202402,-62.7589866058034,0.251800892258958));
#10299=CARTESIAN_POINT('Origin',(-35.1500002024019,-64.6908382583815,0.769438982463999));
#10300=CARTESIAN_POINT('',(-33.150000202402,-60.8271349532252,-0.265837197946097));
#10301=CARTESIAN_POINT('Origin',(-35.150000202402,-60.8271349532253,-0.265837197946087));
#10302=CARTESIAN_POINT('',(-31.150000202402,-58.8952833006471,-0.783475288151139));
#10303=CARTESIAN_POINT('Origin',(-31.150000202402,-60.8271349532252,-0.265837197946096));
#10304=CARTESIAN_POINT('',(-4.00000018425959,-58.8952833006471,-0.783475288151147));
#10305=CARTESIAN_POINT('',(-4.25000000196913,-58.8952833006471,-0.783475288151147));
#10306=CARTESIAN_POINT('',(-2.00000018425959,-60.8271349532252,-0.265837197946105));
#10307=CARTESIAN_POINT('Origin',(-4.00000018425959,-60.8271349532252,-0.265837197946104));
#10308=CARTESIAN_POINT('',(1.99999981574041,-60.8271349532253,-0.265837197946102));
#10309=CARTESIAN_POINT('Origin',(-1.84259590085833E-7,-60.8271349532253,
-0.265837197946103));
#10310=CARTESIAN_POINT('',(3.99999981574041,-58.8952833006471,-0.78347528815115));
#10311=CARTESIAN_POINT('Origin',(3.99999981574041,-60.8271349532252,-0.265837197946107));
#10312=CARTESIAN_POINT('',(31.1499998338828,-58.8952833006471,-0.783475288151159));
#10313=CARTESIAN_POINT('',(-4.25000000196913,-58.8952833006471,-0.783475288151147));
#10314=CARTESIAN_POINT('',(33.1499998338828,-60.8271349532252,-0.265837197946117));
#10315=CARTESIAN_POINT('Origin',(31.1499998338828,-60.8271349532252,-0.265837197946117));
#10316=CARTESIAN_POINT('',(35.1499998338828,-62.7589866058034,0.251800892258927));
#10317=CARTESIAN_POINT('Origin',(35.1499998338828,-60.8271349532252,-0.265837197946118));
#10318=CARTESIAN_POINT('',(37.1499998338829,-64.6908382583815,0.769438982463969));
#10319=CARTESIAN_POINT('Origin',(35.1499998338829,-64.6908382583815,0.769438982463974));
#10320=CARTESIAN_POINT('',(37.1499998338829,-75.5799395486844,3.68716487950132));
#10321=CARTESIAN_POINT('',(53.1499998434561,-75.1309603837916,3.56686127484989));
#10322=CARTESIAN_POINT('',(53.1499998434561,-75.1309603837916,3.56686127484989));
#10323=CARTESIAN_POINT('',(52.3828527820177,-76.0703348086125,3.81856589337112));
#10324=CARTESIAN_POINT('Origin',(52.1499998330348,-75.1309603837916,3.5668612748499));
#10325=CARTESIAN_POINT('',(46.465798499449,-81.7850899088384,5.34982990741829));
#10326=CARTESIAN_POINT('Origin',(54.2456730903145,-83.585330873433,5.83220302006283));
#10327=CARTESIAN_POINT('',(45.4933141978014,-82.5259855249984,5.54835228944411));
#10328=CARTESIAN_POINT('Origin',(45.4933141978014,-81.5600596987093,5.28953324434159));
#10329=CARTESIAN_POINT('',(30.234930838613,-82.5259855249984,5.54835228944412));
#10330=CARTESIAN_POINT('',(37.1499998338829,-75.5799395486844,3.68716487950132));
#10331=CARTESIAN_POINT('',(46.2499998345804,-74.7985789146858,3.47779992862393));
#10332=CARTESIAN_POINT('Origin',(45.1499998345804,-74.7985789146858,3.47779992862393));
#10333=CARTESIAN_POINT('',(42.1499998338828,-64.0785144870179,0.605367322420716));
#10334=CARTESIAN_POINT('',(37.1499998338829,-75.5799395486844,3.68716487950132));
#10335=CARTESIAN_POINT('',(-25.7736268114565,-62.7609472474894,0.252326244615353));
#10336=CARTESIAN_POINT('',(-33.2552569865297,-70.0140925691705,2.19580067614539));
#10337=CARTESIAN_POINT('',(-32.6570869003351,-69.4341902670349,2.04041632259922));
#10338=CARTESIAN_POINT('',(-31.8384629139657,-71.3776208349906,2.5611569738289));
#10339=CARTESIAN_POINT('',(-36.3099834108334,-67.0742116757194,1.40806196490148));
#10340=CARTESIAN_POINT('',(-24.3568327388925,-64.1244755133095,0.617682542298879));
#10341=CARTESIAN_POINT('',(-34.9811079153078,-74.4242911936956,3.37750983604775));
#10342=CARTESIAN_POINT('',(-28.119956199478,-60.5028304869484,-0.352734317786788));
#10343=CARTESIAN_POINT('',(-20.9641769895294,-62.7609472474894,0.252326244615353));
#10344=CARTESIAN_POINT('',(-33.3985788617023,-74.8156093540895,3.48236322110893));
#10345=CARTESIAN_POINT('',(-29.0456076380653,-70.5955754674472,2.35160854915116));
#10346=CARTESIAN_POINT('',(-32.342325898524,-75.8552111839917,3.76092369188115));
#10347=CARTESIAN_POINT('',(-37.5911619805663,-70.6891195506687,2.37667361070707));
#10348=CARTESIAN_POINT('',(-20.7774064389275,-64.6843567990145,0.767702280660809));
#10349=CARTESIAN_POINT('',(-34.2127299359777,-77.6618827493636,4.24501987881082));
#10350=CARTESIAN_POINT('',(-20.6190694105541,-66.3149508715391,1.20461864557676));
#10351=CARTESIAN_POINT('',(-16.1459951713475,-62.7609472474894,0.252326244615348));
#10352=CARTESIAN_POINT('',(-28.5803970435205,-74.8156093540895,3.48236322110892));
#10353=CARTESIAN_POINT('',(-25.4275714047155,-71.759069268967,2.66336577366698));
#10354=CARTESIAN_POINT('',(-27.5241440803422,-75.8552111839917,3.76092369188115));
#10355=CARTESIAN_POINT('',(-33.9549089460871,-69.5258230968968,2.06496926536088));
#10356=CARTESIAN_POINT('',(-15.9592246207457,-64.6843567990145,0.767702280660811));
#10357=CARTESIAN_POINT('',(-30.5990935723413,-78.8253843128482,4.55677918313885));
#10358=CARTESIAN_POINT('',(-15.8218968156032,-66.0985926689087,1.1466456399061));
#10359=CARTESIAN_POINT('',(-11.3278133531657,-62.7609472474894,0.252326244615351));
#10360=CARTESIAN_POINT('',(-23.7622152253387,-74.8156093540895,3.48236322110892));
#10361=CARTESIAN_POINT('',(-21.8095351713658,-72.9225630704867,2.97512299818281));
#10362=CARTESIAN_POINT('',(-22.7059622621604,-75.8552111839917,3.76092369188115));
#10363=CARTESIAN_POINT('',(-30.318655911608,-68.3625266431248,1.75326492001469));
#10364=CARTESIAN_POINT('',(-11.1410428025639,-64.6843567990145,0.767702280660807));
#10365=CARTESIAN_POINT('',(-26.985457208705,-79.9888858763327,4.86853848746689));
#10366=CARTESIAN_POINT('',(-11.0247242206523,-65.8822344662783,1.08867263423544));
#10367=CARTESIAN_POINT('',(-6.50963153498389,-62.7609472474894,0.252326244615346));
#10368=CARTESIAN_POINT('',(-18.9440334071569,-74.8156093540895,3.48236322110892));
#10369=CARTESIAN_POINT('',(-18.191498938016,-74.0860568720064,3.28688022269863));
#10370=CARTESIAN_POINT('',(-17.8877804439786,-75.8552111839917,3.76092369188115));
#10371=CARTESIAN_POINT('',(-26.6824028771289,-67.1992301893528,1.4415605746685));
#10372=CARTESIAN_POINT('',(-6.32286098438205,-64.6843567990145,0.767702280660807));
#10373=CARTESIAN_POINT('',(-23.3718208450686,-81.1523874398173,5.18029779179493));
#10374=CARTESIAN_POINT('',(-6.22755162570144,-65.665876263648,1.03069962856478));
#10375=CARTESIAN_POINT('',(-1.6914497128707,-62.1327124861342,0.0839912476530769));
#10376=CARTESIAN_POINT('',(-16.4671133483367,-76.4049075921215,3.90821440052181));
#10377=CARTESIAN_POINT('',(-14.7762168061738,-74.7716269524635,3.47057817211206));
#10378=CARTESIAN_POINT('',(-15.0528997859637,-77.770932995906,4.27423980430626));
#10379=CARTESIAN_POINT('',(-25.3616213175267,-67.8134726325469,1.60614634127927));
#10380=CARTESIAN_POINT('',(-0.277236150538914,-63.4987378898891,0.450016651429588));
#10381=CARTESIAN_POINT('',(-20.7498350615158,-83.273749909259,5.74871515233553));
#10382=CARTESIAN_POINT('',(-9.87885090082991,-54.2242902284349,-2.03506410970177));
#10383=CARTESIAN_POINT('',(3.12673210531112,-62.1327124861342,0.0839912476530746));
#10384=CARTESIAN_POINT('',(-13.0631450925281,-77.770932995906,4.27423980430626));
#10385=CARTESIAN_POINT('',(-11.1625804425375,-75.9351285159481,3.7823374764401));
#10386=CARTESIAN_POINT('',(-10.2347179677818,-77.770932995906,4.27423980430626));
#10387=CARTESIAN_POINT('',(-29.3565724651745,-77.770932995906,4.27423980430626));
#10388=CARTESIAN_POINT('',(4.54094566764291,-63.4987378898891,0.450016651429583));
#10389=CARTESIAN_POINT('',(-17.1361986978795,-84.4372514727436,6.06047445666357));
#10390=CARTESIAN_POINT('',(-6.26521453718445,-53.0607886649504,-2.34682341402981));
#10391=CARTESIAN_POINT('',(7.94491392349294,-62.1327124861342,0.0839912476530724));
#10392=CARTESIAN_POINT('',(-8.24496327436776,-77.770932995906,4.27423980430626));
#10393=CARTESIAN_POINT('',(-7.54894407894248,-77.0986300794557,4.0940967807743));
#10394=CARTESIAN_POINT('',(-5.41653614961338,-77.770932995906,4.27423980430626));
#10395=CARTESIAN_POINT('',(-26.9474815560944,-77.770932995906,4.27423980430626));
#10396=CARTESIAN_POINT('',(9.35912748582473,-63.4987378898891,0.450016651429583));
#10397=CARTESIAN_POINT('',(-13.5225623343112,-85.6007530362358,6.37223376099364));
#10398=CARTESIAN_POINT('',(-2.65157817353899,-51.8972871014658,-2.65858271835785));
#10399=CARTESIAN_POINT('',(12.7630957377434,-62.7609472474894,0.252326244615342));
#10400=CARTESIAN_POINT('',(0.328693865570411,-74.8156093540895,3.48236322110891));
#10401=CARTESIAN_POINT('',(-3.71935400461697,-78.7400320780853,4.53390912076193));
#10402=CARTESIAN_POINT('',(1.38494682874872,-75.8552111839917,3.76092369188114));
#10403=CARTESIAN_POINT('',(-12.1373907392123,-62.546044374265,0.194743193283754));
#10404=CARTESIAN_POINT('',(12.9498662883452,-64.6843567990145,0.767702280660798));
#10405=CARTESIAN_POINT('',(-8.91727539052315,-85.8063936937555,6.42733500910707));
#10406=CARTESIAN_POINT('',(12.9611387541021,-64.8004434531265,0.79880760588215));
#10407=CARTESIAN_POINT('',(17.5812775598566,-62.1327124861342,0.0839912476530702));
#10408=CARTESIAN_POINT('',(1.82234753748065,-77.3546699893413,4.1627024678583));
#10409=CARTESIAN_POINT('',(-0.321671351683666,-79.4256332064248,4.71761538943037));
#10410=CARTESIAN_POINT('',(2.25329471296044,-77.770932995906,4.27423980430625));
#10411=CARTESIAN_POINT('',(-11.8903422498178,-64.1092287758228,0.613597191302087));
#10412=CARTESIAN_POINT('',(4.21982748675025,-77.770932995906,4.27423980430625));
#10413=CARTESIAN_POINT('',(-21.6983525624303,-77.770932995906,4.27423980430626));
#10414=CARTESIAN_POINT('',(18.9954911221884,-63.4987378898891,0.450016651429579));
#10415=CARTESIAN_POINT('',(-6.29528960697359,-87.9277561632004,6.99575236964853));
#10416=CARTESIAN_POINT('',(4.57569455375192,-49.5702839744967,-3.28210132701393));
#10417=CARTESIAN_POINT('',(22.3994593780384,-62.1327124861342,0.0839912476530658));
#10418=CARTESIAN_POINT('',(6.2095821801777,-77.770932995906,4.27423980430625));
#10419=CARTESIAN_POINT('',(3.29196501194572,-80.5891347699094,5.02937469375841));
#10420=CARTESIAN_POINT('',(9.03800930493207,-77.770932995906,4.27423980430625));
#10421=CARTESIAN_POINT('',(-19.7202088288217,-77.770932995906,4.27423980430626));
#10422=CARTESIAN_POINT('',(23.8136729403702,-63.4987378898891,0.450016651429579));
#10423=CARTESIAN_POINT('',(-2.68165324342297,-89.0912577266894,7.30751167397776));
#10424=CARTESIAN_POINT('',(8.18933091739737,-48.4067824110121,-3.59386063134196));
#10425=CARTESIAN_POINT('',(27.2176411962202,-62.1327124861342,0.0839912476530658));
#10426=CARTESIAN_POINT('',(11.0277639983595,-77.770932995906,4.27423980430625));
#10427=CARTESIAN_POINT('',(6.90560137557513,-81.7526363333939,5.34113399808645));
#10428=CARTESIAN_POINT('',(13.8561911231273,-77.770932995906,4.27423980430625));
#10429=CARTESIAN_POINT('',(-17.3111179197307,-77.770932995906,4.27423980430626));
#10430=CARTESIAN_POINT('',(28.631854758552,-63.4987378898891,0.450016651429574));
#10431=CARTESIAN_POINT('',(0.931983120302484,-90.2547592901663,7.61927097830374));
#10432=CARTESIAN_POINT('',(11.8029672810428,-47.2432808475276,-3.90561993567001));
#10433=CARTESIAN_POINT('',(32.0358230104707,-62.7609472474894,0.252326244615333));
#10434=CARTESIAN_POINT('',(19.6014211382977,-74.8156093540895,3.4823632211089));
#10435=CARTESIAN_POINT('',(10.7527909287821,-83.3940072841641,5.78093801882524));
#10436=CARTESIAN_POINT('',(20.657674101476,-75.8552111839917,3.76092369188113));
#10437=CARTESIAN_POINT('',(2.40762139870423,-57.8928585591772,-1.05207418810099));
#10438=CARTESIAN_POINT('',(32.2225935610725,-64.6843567990145,0.767702280660791));
#10439=CARTESIAN_POINT('',(5.53727006402231,-90.4603999476938,7.67437222641921));
#10440=CARTESIAN_POINT('',(32.1498291339056,-63.935010642605,0.56691558319952));
#10441=CARTESIAN_POINT('',(31.4181841113483,-72.0374029552324,2.73794506012816));
#10442=CARTESIAN_POINT('',(28.5897569866021,-74.7694537628012,3.46999586769704));
#10443=CARTESIAN_POINT('',(12.6195310912744,-90.1955074067687,7.6033944839973));
#10444=CARTESIAN_POINT('',(30.0039705489752,-76.1354791665857,3.83602127148148));
#10445=CARTESIAN_POINT('',(8.85431803209108,-55.7064835834879,-1.63791159718855));
#10446=CARTESIAN_POINT('',(32.8323976737214,-73.4034283590168,3.1039704639126));
#10447=CARTESIAN_POINT('',(12.6195310912745,-92.9275582143375,8.33544529156618));
#10448=CARTESIAN_POINT('',(12.3898519380241,-53.6574454778113,-2.18694970286521));
#10449=CARTESIAN_POINT('',(-31.9895392306585,-66.8615114837553,1.35106912023475));
#10450=CARTESIAN_POINT('',(-29.1662825608195,-64.1244755133095,0.617682542298881));
#10451=CARTESIAN_POINT('',(-36.2634004249607,-71.0048513176656,2.46127368269872));
#10452=CARTESIAN_POINT('',(-30.5830766333834,-62.7609472474894,0.252326244615357));
#10453=CARTESIAN_POINT('',(-31.7226516700985,-61.6642156873607,-0.0415420912348363));
#10454=CARTESIAN_POINT('',(-33.4063333032223,-65.4979832179349,0.985712822551168));
#10455=CARTESIAN_POINT('',(-36.2685661626052,-68.2728050666225,1.72922409604726));
#10456=CARTESIAN_POINT('',(-35.2543053762184,-63.7194875248965,0.509166337859316));
#10457=CARTESIAN_POINT('',(31.7838549709947,-67.030143477285,1.39625392671906));
#10458=CARTESIAN_POINT('',(24.2885230905316,-74.2700781172321,3.33618856674702));
#10459=CARTESIAN_POINT('',(11.5978101193463,-86.5283655301216,6.62078677961936));
#10460=CARTESIAN_POINT('',(25.7027366528491,-75.6361035210702,3.70221397054583));
#10461=CARTESIAN_POINT('',(5.75764053914481,-56.3706200755128,-1.45995676048644));
#10462=CARTESIAN_POINT('',(33.1980685335408,-68.3961688809023,1.76227933045872));
#10463=CARTESIAN_POINT('',(9.26435774146028,-91.5143582539064,7.95677950342496));
#10464=CARTESIAN_POINT('',(13.9600791947719,-49.8136981372581,-3.21687869867571));
#10465=CARTESIAN_POINT('Origin',(-20.7774064389275,-68.3078234304497,-12.7552592873862));
#10466=CARTESIAN_POINT('',(-20.7774064389275,-64.1667187088094,2.69955393323895));
#10467=CARTESIAN_POINT('',(-20.7774064389275,-68.3078234304497,-12.7552592873862));
#10468=CARTESIAN_POINT('',(-20.9641769895294,-62.2433091572843,2.18417789719349));
#10469=CARTESIAN_POINT('',(-20.6190694105541,-65.797312781334,3.13647029815489));
#10470=CARTESIAN_POINT('',(-20.9641769895293,-66.3844138789246,-13.2706353234316));
#10471=CARTESIAN_POINT('Origin',(-20.9641769895293,-66.3844138789246,-13.2706353234316));
#10472=CARTESIAN_POINT('',(-33.3985788617023,-74.2979712638844,5.41421487368706));
#10473=CARTESIAN_POINT('',(-29.0456076380653,-70.0779373772422,4.28346020172929));
#10474=CARTESIAN_POINT('',(-33.3985788617023,-78.4390759855248,-10.040598346938));
#10475=CARTESIAN_POINT('Origin',(-33.3985788617023,-78.4390759855248,-10.040598346938));
#10476=CARTESIAN_POINT('',(-32.342325898524,-75.3375730937867,5.69277534445929));
#10477=CARTESIAN_POINT('',(-37.5911619805663,-70.1714814604637,4.3085252632852));
#10478=CARTESIAN_POINT('',(-32.342325898524,-79.478677815427,-9.76203787616583));
#10479=CARTESIAN_POINT('Origin',(-32.342325898524,-79.478677815427,-9.76203787616583));
#10480=CARTESIAN_POINT('',(-34.2127299359777,-77.1442446591586,6.17687153138896));
#10481=CARTESIAN_POINT('Origin',(-16.4671133483367,-80.0283742235568,-9.61474716752516));
#10482=CARTESIAN_POINT('',(-16.4671133483367,-75.8872695019165,5.84006605309995));
#10483=CARTESIAN_POINT('',(-16.4671133483367,-80.0283742235568,-9.61474716752516));
#10484=CARTESIAN_POINT('',(-15.0528997859637,-77.253294905701,6.2060914568844));
#10485=CARTESIAN_POINT('',(-25.3616213175267,-67.2958345423419,3.53799799385741));
#10486=CARTESIAN_POINT('',(-15.0528997859636,-81.3943996273413,-9.24872176374072));
#10487=CARTESIAN_POINT('Origin',(-15.0528997859636,-81.3943996273413,-9.24872176374072));
#10488=CARTESIAN_POINT('',(-0.277236150538917,-62.981099799684,2.38186830400772));
#10489=CARTESIAN_POINT('',(-20.7498350615158,-82.756111819054,7.68056680491366));
#10490=CARTESIAN_POINT('',(-0.277236150538887,-67.1222045213243,-13.0729449166174));
#10491=CARTESIAN_POINT('Origin',(-0.277236150538887,-67.1222045213243,-13.0729449166174));
#10492=CARTESIAN_POINT('',(-1.6914497128707,-61.6150743959292,2.01584290023122));
#10493=CARTESIAN_POINT('',(-9.87885090082991,-53.7066521382299,-0.103212457123635));
#10494=CARTESIAN_POINT('',(-1.69144971287067,-65.7561791175695,-13.4389703203939));
#10495=CARTESIAN_POINT('Origin',(-1.69144971290661,-65.7561791175348,-13.4389703204032));
#10496=CARTESIAN_POINT('',(-14.7762168061738,-74.2539888622585,5.40242982469019));
#10497=CARTESIAN_POINT('Origin',(17.5812775598566,-65.7561791175695,-13.4389703203939));
#10498=CARTESIAN_POINT('',(17.5812775598566,-61.6150743959292,2.01584290023121));
#10499=CARTESIAN_POINT('',(17.5812775598566,-65.7561791175695,-13.4389703203939));
#10500=CARTESIAN_POINT('',(1.82234753748065,-76.8370318991363,6.09455412043644));
#10501=CARTESIAN_POINT('',(-0.321671351683668,-78.9079951162197,6.64946704200851));
#10502=CARTESIAN_POINT('',(1.82234753748068,-80.9781366207766,-9.36025910018868));
#10503=CARTESIAN_POINT('Origin',(1.82234753748068,-80.9781366207766,-9.36025910018868));
#10504=CARTESIAN_POINT('',(2.25329471296043,-77.253294905701,6.20609145688439));
#10505=CARTESIAN_POINT('',(-11.8903422498178,-63.5915906856177,2.54544884388022));
#10506=CARTESIAN_POINT('',(2.25329471296046,-81.3943996273413,-9.24872176374072));
#10507=CARTESIAN_POINT('Origin',(2.25329471296046,-81.3943996273413,-9.24872176374072));
#10508=CARTESIAN_POINT('',(4.21982748675025,-77.253294905701,6.20609145688439));
#10509=CARTESIAN_POINT('',(-21.6983525624303,-77.253294905701,6.2060914568844));
#10510=CARTESIAN_POINT('',(4.21982748675028,-81.3943996273413,-9.24872176374073));
#10511=CARTESIAN_POINT('Origin',(18.9954911221884,-67.1222045213243,-13.0729449166174));
#10512=CARTESIAN_POINT('',(18.9954911221884,-62.981099799684,2.38186830400772));
#10513=CARTESIAN_POINT('',(18.9954911221884,-67.1222045213243,-13.0729449166174));
#10514=CARTESIAN_POINT('',(4.57569455375192,-49.0526458842916,-1.35024967443579));
#10515=CARTESIAN_POINT('Origin',(4.21982748675698,-81.3943996273478,-9.24872176373899));
#10516=CARTESIAN_POINT('',(-6.29528960697359,-87.4101180729954,8.92760402222667));
#10517=CARTESIAN_POINT('Origin',(24.2885230905316,-77.8935447486674,-10.1867730013));
#10518=CARTESIAN_POINT('',(24.2885230905315,-73.7524400270271,5.26804021932516));
#10519=CARTESIAN_POINT('',(24.2885230905316,-77.8935447486674,-10.1867730013));
#10520=CARTESIAN_POINT('',(25.7027366528491,-75.1184654308652,5.63406562312397));
#10521=CARTESIAN_POINT('',(5.7576405391448,-55.8529819853078,0.471894892091704));
#10522=CARTESIAN_POINT('',(25.7027366528492,-79.2595701525055,-9.82074759750115));
#10523=CARTESIAN_POINT('Origin',(25.7027366528492,-79.2595701525055,-9.82074759750115));
#10524=CARTESIAN_POINT('',(33.1980685335408,-67.8785307906972,3.69413098303686));
#10525=CARTESIAN_POINT('',(9.26435774146029,-90.9967201637014,9.8886311560031));
#10526=CARTESIAN_POINT('',(33.1980685335408,-72.0196355123375,-11.7606822375883));
#10527=CARTESIAN_POINT('Origin',(33.1980685335408,-72.0196355123375,-11.7606822375883));
#10528=CARTESIAN_POINT('',(31.7838549709947,-66.5125053870799,3.3281055792972));
#10529=CARTESIAN_POINT('',(13.9600791947719,-49.2960600470531,-1.28502704609757));
#10530=CARTESIAN_POINT('',(31.7838549709947,-70.6536101087202,-12.1267076413279));
#10531=CARTESIAN_POINT('Origin',(31.7838549709947,-70.6536101087202,-12.1267076413279));
#10532=CARTESIAN_POINT('',(11.5978101193463,-86.0107274399165,8.55263843219749));
#10533=CARTESIAN_POINT('Origin',(32.0358230104707,-66.3844138789246,-13.2706353234316));
#10534=CARTESIAN_POINT('',(32.0358230104707,-62.2433091572843,2.18417789719347));
#10535=CARTESIAN_POINT('',(32.0358230104707,-66.3844138789246,-13.2706353234316));
#10536=CARTESIAN_POINT('',(19.6014211382977,-74.2979712638844,5.41421487368705));
#10537=CARTESIAN_POINT('',(10.7527909287821,-82.8763691939591,7.71278967140337));
#10538=CARTESIAN_POINT('',(19.6014211382977,-78.4390759855248,-10.0405983469381));
#10539=CARTESIAN_POINT('Origin',(19.6014211382977,-78.4390759855248,-10.0405983469381));
#10540=CARTESIAN_POINT('',(20.657674101476,-75.3375730937867,5.69277534445927));
#10541=CARTESIAN_POINT('',(2.40762139870423,-57.3752204689721,0.879777464477147));
#10542=CARTESIAN_POINT('',(20.657674101476,-79.478677815427,-9.76203787616585));
#10543=CARTESIAN_POINT('Origin',(20.657674101476,-79.478677815427,-9.76203787616585));
#10544=CARTESIAN_POINT('',(32.2225935610725,-64.1667187088094,2.69955393323893));
#10545=CARTESIAN_POINT('',(5.53727006402231,-89.9427618574887,9.60622387899735));
#10546=CARTESIAN_POINT('',(32.2225935610725,-68.3078234304497,-12.7552592873862));
#10547=CARTESIAN_POINT('Origin',(32.2225935610725,-68.3078234304497,-12.7552592873862));
#10548=CARTESIAN_POINT('',(32.1498291339056,-63.4173725524,2.49876723577765));
#10549=CARTESIAN_POINT('Origin',(12.9498662883452,-68.3078234304497,-12.7552592873862));
#10550=CARTESIAN_POINT('',(12.9498662883452,-64.1667187088094,2.69955393323894));
#10551=CARTESIAN_POINT('',(12.9498662883452,-68.3078234304497,-12.7552592873862));
#10552=CARTESIAN_POINT('',(12.7630957377434,-62.2433091572843,2.18417789719348));
#10553=CARTESIAN_POINT('',(12.9611387541021,-64.2828053629214,2.73065925846029));
#10554=CARTESIAN_POINT('',(12.7630957377434,-66.3844138789246,-13.2706353234316));
#10555=CARTESIAN_POINT('Origin',(12.7630957377434,-66.3844138789246,-13.2706353234316));
#10556=CARTESIAN_POINT('',(0.328693865570407,-74.2979712638844,5.41421487368705));
#10557=CARTESIAN_POINT('',(-3.71935400461697,-78.2223939878802,6.46576077334007));
#10558=CARTESIAN_POINT('',(0.328693865570437,-78.4390759855248,-10.0405983469381));
#10559=CARTESIAN_POINT('Origin',(0.328693865570437,-78.4390759855248,-10.0405983469381));
#10560=CARTESIAN_POINT('',(1.38494682874871,-75.3375730937867,5.69277534445928));
#10561=CARTESIAN_POINT('',(-12.1373907392123,-62.02840628406,2.12659484586189));
#10562=CARTESIAN_POINT('',(1.38494682874874,-79.478677815427,-9.76203787616584));
#10563=CARTESIAN_POINT('Origin',(1.38494682874874,-79.478677815427,-9.76203787616584));
#10564=CARTESIAN_POINT('',(-8.91727539052315,-85.2887556035505,8.35918666168521));
#10565=CARTESIAN_POINT('Origin',(-6.32286098438203,-68.3078234304497,-12.7552592873862));
#10566=CARTESIAN_POINT('',(-6.32286098438206,-64.1667187088094,2.69955393323895));
#10567=CARTESIAN_POINT('',(-6.32286098438203,-68.3078234304497,-12.7552592873862));
#10568=CARTESIAN_POINT('',(-6.5096315349839,-62.2433091572843,2.18417789719348));
#10569=CARTESIAN_POINT('',(-6.22755162570144,-65.1482381734429,2.96255128114292));
#10570=CARTESIAN_POINT('',(-6.50963153498386,-66.3844138789246,-13.2706353234316));
#10571=CARTESIAN_POINT('Origin',(-6.50963153498386,-66.3844138789246,-13.2706353234316));
#10572=CARTESIAN_POINT('',(-18.9440334071569,-74.2979712638844,5.41421487368706));
#10573=CARTESIAN_POINT('',(-18.191498938016,-73.5684187818013,5.21873187527677));
#10574=CARTESIAN_POINT('',(-18.9440334071568,-78.4390759855248,-10.0405983469381));
#10575=CARTESIAN_POINT('Origin',(-18.9440334071568,-78.4390759855248,-10.0405983469381));
#10576=CARTESIAN_POINT('',(-17.8877804439786,-75.3375730937867,5.69277534445929));
#10577=CARTESIAN_POINT('',(-26.6824028771289,-66.6815920991478,3.37341222724664));
#10578=CARTESIAN_POINT('',(-17.8877804439785,-79.478677815427,-9.76203787616583));
#10579=CARTESIAN_POINT('Origin',(-17.8877804439785,-79.478677815427,-9.76203787616583));
#10580=CARTESIAN_POINT('',(-23.3718208450686,-80.6347493496122,7.11214944437306));
#10581=CARTESIAN_POINT('Origin',(-33.2552569865297,-73.6375592006058,-11.3271608919017));
#10582=CARTESIAN_POINT('',(-33.2552569865297,-69.4964544789654,4.12765232872353));
#10583=CARTESIAN_POINT('',(-33.2552569865297,-73.6375592006058,-11.3271608919017));
#10584=CARTESIAN_POINT('',(-31.8384629139657,-70.8599827447856,4.49300862640704));
#10585=CARTESIAN_POINT('',(-36.3099834108334,-66.5565735855143,3.33991361747962));
#10586=CARTESIAN_POINT('',(-31.8384629139657,-75.0010874664259,-10.9618045942181));
#10587=CARTESIAN_POINT('Origin',(-31.8384629139657,-75.0010874664259,-10.9618045942181));
#10588=CARTESIAN_POINT('',(-24.3568327388925,-63.6068374231045,2.54953419487702));
#10589=CARTESIAN_POINT('',(-34.9811079153078,-73.9066531034906,5.30936148862589));
#10590=CARTESIAN_POINT('',(-24.3568327388925,-67.7479421447448,-12.9052790257481));
#10591=CARTESIAN_POINT('Origin',(-24.3568327388925,-67.7479421447448,-12.9052790257481));
#10592=CARTESIAN_POINT('',(-25.7736268114565,-62.2433091572843,2.18417789719349));
#10593=CARTESIAN_POINT('',(-28.119956199478,-59.9851923967433,1.57911733479135));
#10594=CARTESIAN_POINT('',(-25.7736268114565,-66.3844138789246,-13.2706353234317));
#10595=CARTESIAN_POINT('Origin',(-25.7736268114565,-66.3844138789246,-13.2706353234317));
#10596=CARTESIAN_POINT('',(-32.6570869003351,-68.9165521768299,3.97226797517735));
#10597=CARTESIAN_POINT('Origin',(-15.9592246207457,-68.3078234304497,-12.7552592873862));
#10598=CARTESIAN_POINT('',(-15.9592246207457,-64.1667187088094,2.69955393323895));
#10599=CARTESIAN_POINT('',(-15.9592246207457,-68.3078234304497,-12.7552592873862));
#10600=CARTESIAN_POINT('',(-16.1459951713475,-62.2433091572843,2.18417789719349));
#10601=CARTESIAN_POINT('',(-15.8218968156032,-65.5809545787036,3.07849729248424));
#10602=CARTESIAN_POINT('',(-16.1459951713475,-66.3844138789246,-13.2706353234316));
#10603=CARTESIAN_POINT('Origin',(-16.1459951713475,-66.3844138789246,-13.2706353234316));
#10604=CARTESIAN_POINT('',(-28.5803970435205,-74.2979712638844,5.41421487368706));
#10605=CARTESIAN_POINT('',(-25.4275714047155,-71.2414311787619,4.59521742624512));
#10606=CARTESIAN_POINT('',(-28.5803970435205,-78.4390759855248,-10.0405983469381));
#10607=CARTESIAN_POINT('Origin',(-28.5803970435205,-78.4390759855248,-10.0405983469381));
#10608=CARTESIAN_POINT('',(-27.5241440803422,-75.3375730937867,5.69277534445929));
#10609=CARTESIAN_POINT('',(-33.9549089460871,-69.0081850066917,3.99682091793901));
#10610=CARTESIAN_POINT('',(-27.5241440803422,-79.478677815427,-9.76203787616583));
#10611=CARTESIAN_POINT('Origin',(-27.5241440803422,-79.478677815427,-9.76203787616583));
#10612=CARTESIAN_POINT('',(-30.5990935723413,-78.3077462226431,6.48863083571699));
#10613=CARTESIAN_POINT('Origin',(-13.063145092528,-81.3943996273413,-9.24872176374071));
#10614=CARTESIAN_POINT('',(-13.0631450925281,-77.253294905701,6.2060914568844));
#10615=CARTESIAN_POINT('',(-13.063145092528,-81.3943996273413,-9.24872176374072));
#10616=CARTESIAN_POINT('',(-10.2347179677818,-77.253294905701,6.2060914568844));
#10617=CARTESIAN_POINT('',(-29.3565724651745,-77.253294905701,6.2060914568844));
#10618=CARTESIAN_POINT('',(-10.2347179677818,-81.3943996273413,-9.24872176374072));
#10619=CARTESIAN_POINT('Origin',(-10.2347179677818,-81.3943996273413,-9.24872176374072));
#10620=CARTESIAN_POINT('',(4.5409456676429,-62.981099799684,2.38186830400772));
#10621=CARTESIAN_POINT('',(-17.1361986978795,-83.9196133825385,7.99232610924171));
#10622=CARTESIAN_POINT('',(4.54094566764293,-67.1222045213243,-13.0729449166174));
#10623=CARTESIAN_POINT('Origin',(4.54094566764293,-67.1222045213243,-13.0729449166174));
#10624=CARTESIAN_POINT('',(3.12673210531112,-61.6150743959292,2.01584290023121));
#10625=CARTESIAN_POINT('',(-6.26521453718445,-52.5431505747453,-0.414971761451675));
#10626=CARTESIAN_POINT('',(3.12673210531115,-65.7561791175695,-13.4389703203939));
#10627=CARTESIAN_POINT('Origin',(3.12673210527523,-65.7561791175348,-13.4389703204032));
#10628=CARTESIAN_POINT('',(-11.1625804425375,-75.417490425743,5.71418912901823));
#10629=CARTESIAN_POINT('Origin',(6.20958218017772,-81.3943996273413,-9.24872176374072));
#10630=CARTESIAN_POINT('',(6.20958218017769,-77.253294905701,6.20609145688439));
#10631=CARTESIAN_POINT('',(6.20958218017772,-81.3943996273413,-9.24872176374072));
#10632=CARTESIAN_POINT('',(9.03800930493207,-77.253294905701,6.20609145688439));
#10633=CARTESIAN_POINT('',(-19.7202088288217,-77.253294905701,6.2060914568844));
#10634=CARTESIAN_POINT('',(9.0380093049321,-81.3943996273413,-9.24872176374073));
#10635=CARTESIAN_POINT('Origin',(9.0380093049321,-81.3943996273413,-9.24872176374073));
#10636=CARTESIAN_POINT('',(23.8136729403702,-62.981099799684,2.38186830400772));
#10637=CARTESIAN_POINT('',(-2.68165324342297,-88.5736196364844,9.23936332655589));
#10638=CARTESIAN_POINT('',(23.8136729403702,-67.1222045213243,-13.0729449166174));
#10639=CARTESIAN_POINT('Origin',(23.8136729403702,-67.1222045213243,-13.0729449166174));
#10640=CARTESIAN_POINT('',(22.3994593780384,-61.6150743959292,2.01584290023121));
#10641=CARTESIAN_POINT('',(8.18933091739737,-47.8891443208071,-1.66200897876383));
#10642=CARTESIAN_POINT('',(22.3994593780384,-65.7561791175695,-13.4389703203939));
#10643=CARTESIAN_POINT('Origin',(22.3994593780384,-65.7561791175695,-13.4389703203939));
#10644=CARTESIAN_POINT('',(3.29196501194572,-80.0714966797043,6.96122634633654));
#10645=CARTESIAN_POINT('Origin',(31.4181841113483,-75.6608695866676,-10.7850165079188));
#10646=CARTESIAN_POINT('',(31.4181841113483,-71.5197648650273,4.6697967127063));
#10647=CARTESIAN_POINT('',(31.4181841113483,-75.6608695866676,-10.7850165079188));
#10648=CARTESIAN_POINT('',(28.5897569866021,-74.2518156725962,5.40184752027518));
#10649=CARTESIAN_POINT('',(12.6195310912744,-89.6778693165636,9.53524613657544));
#10650=CARTESIAN_POINT('',(28.5897569866021,-78.3929203942365,-10.0529657003499));
#10651=CARTESIAN_POINT('Origin',(28.5897569866021,-78.3929203942365,-10.0529657003499));
#10652=CARTESIAN_POINT('',(30.0039705489752,-75.6178410763806,5.76787292405962));
#10653=CARTESIAN_POINT('',(8.85431803209107,-55.1888454932829,0.293940055389587));
#10654=CARTESIAN_POINT('',(30.0039705489752,-79.758945798021,-9.6869402965655));
#10655=CARTESIAN_POINT('Origin',(30.0039705489752,-79.758945798021,-9.6869402965655));
#10656=CARTESIAN_POINT('',(32.8323976737214,-72.8857902688118,5.03582211649074));
#10657=CARTESIAN_POINT('',(12.6195310912745,-92.4099201241325,10.2672969441443));
#10658=CARTESIAN_POINT('',(32.8323976737214,-77.0268949904521,-10.4189911041344));
#10659=CARTESIAN_POINT('Origin',(32.8323976737214,-77.0268949904521,-10.4189911041344));
#10660=CARTESIAN_POINT('',(12.3898519380241,-53.1398073876062,-0.255098050287075));
#10661=CARTESIAN_POINT('Origin',(11.0277639983595,-81.3943996273413,-9.24872176374072));
#10662=CARTESIAN_POINT('',(11.0277639983595,-77.253294905701,6.20609145688439));
#10663=CARTESIAN_POINT('',(11.0277639983595,-81.3943996273413,-9.24872176374072));
#10664=CARTESIAN_POINT('',(13.8561911231273,-77.253294905701,6.20609145688439));
#10665=CARTESIAN_POINT('',(-17.3111179197307,-77.253294905701,6.2060914568844));
#10666=CARTESIAN_POINT('',(13.8561911231273,-81.3943996273413,-9.24872176374073));
#10667=CARTESIAN_POINT('Origin',(13.8561911231273,-81.3943996273413,-9.24872176374073));
#10668=CARTESIAN_POINT('',(28.631854758552,-62.981099799684,2.38186830400771));
#10669=CARTESIAN_POINT('',(0.931983120302486,-89.7371211999613,9.55112263088188));
#10670=CARTESIAN_POINT('',(28.631854758552,-67.1222045213243,-13.0729449166174));
#10671=CARTESIAN_POINT('Origin',(28.631854758552,-67.1222045213243,-13.0729449166174));
#10672=CARTESIAN_POINT('',(27.2176411962202,-61.6150743959292,2.01584290023121));
#10673=CARTESIAN_POINT('',(11.8029672810428,-46.7256427573225,-1.97376828309186));
#10674=CARTESIAN_POINT('',(27.2176411962202,-65.7561791175695,-13.4389703203939));
#10675=CARTESIAN_POINT('Origin',(27.2176411962202,-65.7561791175695,-13.4389703203939));
#10676=CARTESIAN_POINT('',(6.90560137557513,-81.2349982431889,7.27298565066458));
#10677=CARTESIAN_POINT('Origin',(-8.24496327436773,-81.3943996273413,-9.24872176374071));
#10678=CARTESIAN_POINT('',(-8.24496327436776,-77.253294905701,6.2060914568844));
#10679=CARTESIAN_POINT('',(-8.24496327436773,-81.3943996273413,-9.24872176374072));
#10680=CARTESIAN_POINT('',(-5.41653614961338,-77.253294905701,6.20609145688439));
#10681=CARTESIAN_POINT('',(-26.9474815560944,-77.253294905701,6.2060914568844));
#10682=CARTESIAN_POINT('',(-5.41653614961335,-81.3943996273413,-9.24872176374072));
#10683=CARTESIAN_POINT('Origin',(-5.41653614961335,-81.3943996273413,-9.24872176374072));
#10684=CARTESIAN_POINT('',(9.35912748582472,-62.981099799684,2.38186830400772));
#10685=CARTESIAN_POINT('',(-13.5225623343112,-85.0831149460307,8.30408541357178));
#10686=CARTESIAN_POINT('',(9.35912748582475,-67.1222045213243,-13.0729449166174));
#10687=CARTESIAN_POINT('Origin',(9.35912748582475,-67.1222045213243,-13.0729449166174));
#10688=CARTESIAN_POINT('',(7.94491392349294,-61.6150743959292,2.01584290023121));
#10689=CARTESIAN_POINT('',(-2.651578173539,-51.3796490112608,-0.72673106577971));
#10690=CARTESIAN_POINT('',(7.94491392349297,-65.7561791175695,-13.4389703203939));
#10691=CARTESIAN_POINT('Origin',(7.94491392349297,-65.7561791175695,-13.4389703203939));
#10692=CARTESIAN_POINT('',(-7.54894407894248,-76.5809919892506,6.02594843335244));
#10693=CARTESIAN_POINT('Origin',(-11.1410428025638,-68.3078234304497,-12.7552592873862));
#10694=CARTESIAN_POINT('',(-11.1410428025639,-64.1667187088094,2.69955393323895));
#10695=CARTESIAN_POINT('',(-11.1410428025638,-68.3078234304497,-12.7552592873862));
#10696=CARTESIAN_POINT('',(-11.3278133531657,-62.2433091572843,2.18417789719349));
#10697=CARTESIAN_POINT('',(-11.0247242206523,-65.3645963760733,3.02052428681358));
#10698=CARTESIAN_POINT('',(-11.3278133531657,-66.3844138789246,-13.2706353234316));
#10699=CARTESIAN_POINT('Origin',(-11.3278133531657,-66.3844138789246,-13.2706353234316));
#10700=CARTESIAN_POINT('',(-23.7622152253387,-74.2979712638844,5.41421487368706));
#10701=CARTESIAN_POINT('',(-21.8095351713658,-72.4049249802816,4.90697465076094));
#10702=CARTESIAN_POINT('',(-23.7622152253387,-78.4390759855248,-10.0405983469381));
#10703=CARTESIAN_POINT('Origin',(-23.7622152253387,-78.4390759855248,-10.0405983469381));
#10704=CARTESIAN_POINT('',(-22.7059622621604,-75.3375730937867,5.69277534445929));
#10705=CARTESIAN_POINT('',(-30.318655911608,-67.8448885529198,3.68511657259283));
#10706=CARTESIAN_POINT('',(-22.7059622621604,-79.478677815427,-9.76203787616583));
#10707=CARTESIAN_POINT('Origin',(-22.7059622621604,-79.478677815427,-9.76203787616583));
#10708=CARTESIAN_POINT('',(-26.985457208705,-79.4712477861277,6.80039014004503));
#10709=CARTESIAN_POINT('Origin',(-30.5830766333834,-66.3844138789246,-13.2706353234316));
#10710=CARTESIAN_POINT('',(-30.5830766333834,-62.2433091572843,2.18417789719349));
#10711=CARTESIAN_POINT('',(-30.5830766333834,-66.3844138789246,-13.2706353234316));
#10712=CARTESIAN_POINT('',(-33.4063333032223,-64.9803451277298,2.91756447512931));
#10713=CARTESIAN_POINT('',(-36.2685661626052,-67.7551669764175,3.66107574862539));
#10714=CARTESIAN_POINT('',(-33.4063333032223,-69.1214498493702,-12.5372487454958));
#10715=CARTESIAN_POINT('Origin',(-33.4063333032223,-69.1214498493702,-12.5372487454958));
#10716=CARTESIAN_POINT('',(-31.9895392306586,-66.3438733935502,3.28292077281289));
#10717=CARTESIAN_POINT('',(-35.2543053762184,-63.2018494346915,2.44101799043745));
#10718=CARTESIAN_POINT('',(-31.9895392306585,-70.4849781151905,-12.1718924478122));
#10719=CARTESIAN_POINT('Origin',(-31.9895392306585,-70.4849781151905,-12.1718924478122));
#10720=CARTESIAN_POINT('',(-29.1662825608195,-63.6068374231045,2.54953419487702));
#10721=CARTESIAN_POINT('',(-36.2634004249607,-70.4872132274605,4.39312533527686));
#10722=CARTESIAN_POINT('',(-29.1662825608194,-67.7479421447448,-12.9052790257481));
#10723=CARTESIAN_POINT('Origin',(-29.1662825608194,-67.7479421447448,-12.9052790257481));
#10724=CARTESIAN_POINT('',(-31.7226516700985,-61.1465775971557,1.8903095613433));
#10725=CARTESIAN_POINT('Origin',(-18.2548013994455,-58.3145157865011,-2.47972472312874));
#10726=CARTESIAN_POINT('',(-18.2548013994454,-77.982520628253,2.79030129095011));
#10727=CARTESIAN_POINT('',(-19.7136365290342,-77.0922719003358,3.9681599701649));
#10728=CARTESIAN_POINT('Origin',(-22.1726730903141,-84.857944360537,8.43647302157145));
#10729=CARTESIAN_POINT('',(-18.2548013994454,-79.071612386284,3.0821225479979));
#10730=CARTESIAN_POINT('',(-18.2548013994455,-58.3145157865011,-2.47972472312874));
#10731=CARTESIAN_POINT('',(-19.7136365290342,-78.1015216092136,4.23858761462005));
#10732=CARTESIAN_POINT('Origin',(-22.1726730903141,-84.857944360537,8.43647302157145));
#10733=CARTESIAN_POINT('',(-19.7136365290343,-57.9604157597703,-1.15820543240807));
#10734=CARTESIAN_POINT('Origin',(-18.2548013994455,-58.3145157865011,-2.47972472312874));
#10735=CARTESIAN_POINT('',(-19.7136365290343,-58.9263415860593,-0.899386387305567));
#10736=CARTESIAN_POINT('',(-18.2548013994455,-59.2804416127901,-2.22090567802624));
#10737=CARTESIAN_POINT('',(-4.38598060621381,-62.6467917328284,-14.7842953620748));
#10738=CARTESIAN_POINT('',(-19.7136365290343,-57.9604157597703,-1.15820543240807));
#10739=CARTESIAN_POINT('',(-19.7136365290343,-57.9604157597703,-1.15820543240807));
#10740=CARTESIAN_POINT('',(-18.2548013994455,-58.3145157865011,-2.47972472312874));
#10741=CARTESIAN_POINT('',(-24.4176624113742,-56.8186173091474,3.1030443973199));
#10742=CARTESIAN_POINT('',(-18.2548013994455,-58.3145157865011,-2.47972472312874));
#10743=CARTESIAN_POINT('Origin',(-19.7136365290343,-57.9604157597703,-1.15820543240807));
#10744=CARTESIAN_POINT('',(-26.0465994703618,-79.2420538284638,-1.99187493908562));
#10745=CARTESIAN_POINT('Origin',(-22.1726730903141,-86.0892962729503,3.84100512244767));
#10746=CARTESIAN_POINT('',(-26.0465994703618,-80.3278612998123,-1.70093370400211));
#10747=CARTESIAN_POINT('Origin',(-22.1726730903141,-86.0892962729503,3.84100512244768));
#10748=CARTESIAN_POINT('',(-26.0465994703619,-59.5944325699692,-7.25643918849181));
#10749=CARTESIAN_POINT('Origin',(-24.5889997755204,-59.9692973870172,-8.65545373168499));
#10750=CARTESIAN_POINT('',(-24.5889997755204,-79.0895456492762,-3.53219865073009));
#10751=CARTESIAN_POINT('Origin',(-22.1726730903141,-86.832448064459,1.06752487880164));
#10752=CARTESIAN_POINT('',(-24.5889997755204,-80.0972048449028,-3.26219718301617));
#10753=CARTESIAN_POINT('',(-24.5889997755204,-59.9692973870172,-8.65545373168499));
#10754=CARTESIAN_POINT('Origin',(-22.1726730903141,-86.832448064459,1.06752487880164));
#10755=CARTESIAN_POINT('Origin',(-24.5889997755204,-59.9692973870172,-8.65545373168499));
#10756=CARTESIAN_POINT('',(-24.5889997755204,-60.9352232133062,-8.3966346865825));
#10757=CARTESIAN_POINT('',(-6.82795813525904,-56.295228826121,8.92006011322689));
#10758=CARTESIAN_POINT('',(-24.5889997755204,-59.9692973870172,-8.65545373168499));
#10759=CARTESIAN_POINT('',(-25.4772901587196,-60.2013593615182,-9.52152081102779));
#10760=CARTESIAN_POINT('',(-24.5889997755204,-59.9692973870172,-8.65545373168499));
#10761=CARTESIAN_POINT('Origin',(-26.0465994703619,-59.5944325699692,-7.25643918849181));
#10762=CARTESIAN_POINT('Origin',(-22.1726730903141,-88.0851326166528,-3.60755751584258));
#10763=CARTESIAN_POINT('Origin',(-22.1726730903141,-88.0851326166528,-3.60755751584259));
#10764=CARTESIAN_POINT('Origin',(-26.0465994703619,-59.5944325699692,-7.25643918849181));
#10765=CARTESIAN_POINT('',(-26.0465994703619,-60.5603583962582,-6.99762014338931));
#10766=CARTESIAN_POINT('',(-12.255348369417,-64.1071859917327,-20.2345609353874));
#10767=CARTESIAN_POINT('',(-26.0465994703619,-59.5944325699692,-7.25643918849181));
#10768=CARTESIAN_POINT('',(-31.1999741880099,-58.2690900376211,-2.31019352033686));
#10769=CARTESIAN_POINT('',(-26.0465994703619,-59.5944325699692,-7.25643918849181));
#10770=CARTESIAN_POINT('Origin',(-19.7136365290343,-57.9604157597703,-1.15820543240807));
#10771=CARTESIAN_POINT('',(-4.92364954077226,-55.110262511329,13.3424146052883));
#10772=CARTESIAN_POINT('',(-23.8070216946361,-59.0165817650319,-5.09987062527155));
#10773=CARTESIAN_POINT('Origin',(8.50794598418356,-59.5944325699692,-7.25643918849184));
#10774=CARTESIAN_POINT('',(8.50794598418364,-82.5972826933018,-1.09284407433071));
#10775=CARTESIAN_POINT('',(9.96554567902511,-82.9721475103497,-2.4918586175239));
#10776=CARTESIAN_POINT('',(0.619415229245402,-80.5685139931621,6.47862379139608));
#10777=CARTESIAN_POINT('',(8.50794598418365,-84.1910606206095,-0.665792565794058));
#10778=CARTESIAN_POINT('',(8.50794598418356,-59.5944325699692,-7.25643918849184));
#10779=CARTESIAN_POINT('',(9.96554567902511,-84.5659254376575,-2.06480710898724));
#10780=CARTESIAN_POINT('',(7.80916725949951,-84.0113490305805,0.0049002189032088));
#10781=CARTESIAN_POINT('',(9.96554567902502,-59.9692973870172,-8.65545373168502));
#10782=CARTESIAN_POINT('Origin',(16.2997440550999,-58.3145157865011,-2.47972472312877));
#10783=CARTESIAN_POINT('',(16.2997440551,-79.2215688818954,3.12230326989676));
#10784=CARTESIAN_POINT('',(14.8409089255112,-80.4129813866022,4.85794139530831));
#10785=CARTESIAN_POINT('Origin',(22.1726730903144,-87.234445205705,-0.432748548873735));
#10786=CARTESIAN_POINT('',(16.2997440551,-80.5618272479506,3.4814244167303));
#10787=CARTESIAN_POINT('',(16.2997440550999,-58.3145157865011,-2.47972472312877));
#10788=CARTESIAN_POINT('',(15.0062217608422,-82.0605443886025,5.13890040391763));
#10789=CARTESIAN_POINT('Origin',(22.1726730903144,-87.234445205705,-0.432748548873739));
#10790=CARTESIAN_POINT('',(14.8409089255112,-82.2507676237257,5.35037473340658));
#10791=CARTESIAN_POINT('Origin',(14.1104153420159,-81.4138067909676,5.83535652678853));
#10792=CARTESIAN_POINT('',(14.8409089255111,-57.9604157597703,-1.1582054324081));
#10793=CARTESIAN_POINT('Origin',(16.2997440550999,-58.3145157865011,-2.47972472312877));
#10794=CARTESIAN_POINT('',(14.8409089255111,-58.9263415860593,-0.899386387305596));
#10795=CARTESIAN_POINT('',(16.2997440550999,-59.2804416127901,-2.22090567802627));
#10796=CARTESIAN_POINT('',(20.9761921731493,-60.4155461698575,-6.45717355690477));
#10797=CARTESIAN_POINT('',(14.8409089255111,-57.9604157597703,-1.1582054324081));
#10798=CARTESIAN_POINT('',(14.8409089255111,-57.9604157597703,-1.1582054324081));
#10799=CARTESIAN_POINT('',(16.2997440550999,-58.3145157865011,-2.47972472312877));
#10800=CARTESIAN_POINT('',(0.944510367988922,-54.5873717461765,11.4301662024899));
#10801=CARTESIAN_POINT('',(16.2997440550999,-58.3145157865011,-2.47972472312877));
#10802=CARTESIAN_POINT('Origin',(9.96554567902502,-59.9692973870172,-8.65545373168502));
#10803=CARTESIAN_POINT('',(14.4669935630143,-81.7961639538128,1.89697176433769));
#10804=CARTESIAN_POINT('Origin',(22.1726730903144,-84.2746443117838,10.6133787675279));
#10805=CARTESIAN_POINT('',(6.38473270056104,-83.9076192275023,-5.98308659498085));
#10806=CARTESIAN_POINT('',(14.1104153420159,-83.4830963805883,1.97636594790697));
#10807=CARTESIAN_POINT('',(13.4624165810716,-83.6523832205487,1.34457886012205));
#10808=CARTESIAN_POINT('',(15.0062217608422,-82.7124454110557,2.70597266661618));
#10809=CARTESIAN_POINT('Origin',(14.1104153420159,-82.5171705542992,1.71754690280444));
#10810=CARTESIAN_POINT('Origin',(22.1726730903144,-84.2746443117838,10.6133787675279));
#10811=CARTESIAN_POINT('Origin',(9.96554567902502,-59.9692973870172,-8.65545373168502));
#10812=CARTESIAN_POINT('',(9.96554567902503,-60.9352232133062,-8.39663468658253));
#10813=CARTESIAN_POINT('',(19.1685634963092,-58.5309750907994,0.576141460614912));
#10814=CARTESIAN_POINT('',(9.96554567902502,-59.9692973870172,-8.65545373168502));
#10815=CARTESIAN_POINT('',(0.519231472848587,-62.4371056261966,-17.8654394636398));
#10816=CARTESIAN_POINT('',(9.96554567902502,-59.9692973870172,-8.65545373168502));
#10817=CARTESIAN_POINT('Origin',(14.8409089255111,-57.9604157597703,-1.1582054324081));
#10818=CARTESIAN_POINT('',(14.4669935630143,-81.0597426813365,4.64533336899349));
#10819=CARTESIAN_POINT('Origin',(22.1726730903144,-83.5630960408129,13.2689130668292));
#10820=CARTESIAN_POINT('',(14.1104153420159,-82.7455241167431,4.72902311083069));
#10821=CARTESIAN_POINT('Origin',(14.1104153420159,-81.7795982904541,4.47020406572815));
#10822=CARTESIAN_POINT('',(15.187716706222,-82.4675612492715,5.76639465485229));
#10823=CARTESIAN_POINT('',(8.02121130351088,-82.7228688774772,-1.5615380944023));
#10824=CARTESIAN_POINT('Origin',(8.50794598418356,-59.5944325699692,-7.25643918849184));
#10825=CARTESIAN_POINT('',(8.50794598418357,-60.5603583962582,-6.99762014338934));
#10826=CARTESIAN_POINT('',(13.605665388178,-61.8713875207177,-11.8904474460748));
#10827=CARTESIAN_POINT('',(8.50794598418356,-59.5944325699692,-7.25643918849184));
#10828=CARTESIAN_POINT('',(-5.33896043041483,-56.0332915666061,6.03391996897569));
#10829=CARTESIAN_POINT('',(8.50794598418356,-59.5944325699692,-7.25643918849184));
#10830=CARTESIAN_POINT('Origin',(14.8409089255111,-57.9604157597703,-1.1582054324081));
#10831=CARTESIAN_POINT('',(20.9654730156439,-57.346095377273,4.99817275235305));
#10832=CARTESIAN_POINT('',(2.08210086178009,-61.2524146309759,-13.4441124782068));
#10833=CARTESIAN_POINT('Origin',(29.649999834602,-57.9604157597703,-1.15820543240811));
#10834=CARTESIAN_POINT('',(29.6499998346021,-80.6165466726921,4.91248654932308));
#10835=CARTESIAN_POINT('',(23.3170368932745,-78.4660668050405,-2.19980003534896));
#10836=CARTESIAN_POINT('Origin',(22.1726730903144,-87.3841042660947,-0.991283766061148));
#10837=CARTESIAN_POINT('',(29.6499998346021,-82.3745640532818,5.38354588673198));
#10838=CARTESIAN_POINT('',(29.649999834602,-57.9604157597703,-1.15820543240811));
#10839=CARTESIAN_POINT('',(29.3391244221353,-82.1006297239136,4.98929991418849));
#10840=CARTESIAN_POINT('Origin',(30.234930838613,-81.440195406141,5.73687287421973));
#10841=CARTESIAN_POINT('',(23.3170368932745,-79.4408992357052,-1.93859447279667));
#10842=CARTESIAN_POINT('Origin',(22.1726730903144,-87.3841042660947,-0.991283766061147));
#10843=CARTESIAN_POINT('',(23.3170368932745,-59.5944325699692,-7.25643918849185));
#10844=CARTESIAN_POINT('Origin',(29.649999834602,-57.9604157597703,-1.15820543240811));
#10845=CARTESIAN_POINT('',(23.3170368932745,-60.5603583962582,-6.99762014338936));
#10846=CARTESIAN_POINT('',(29.649999834602,-58.9263415860593,-0.899386387305609));
#10847=CARTESIAN_POINT('',(32.060811254108,-58.3043094626776,1.42206910109511));
#10848=CARTESIAN_POINT('',(23.3170368932745,-59.5944325699692,-7.25643918849185));
#10849=CARTESIAN_POINT('',(23.3170368932745,-59.5944325699692,-7.25643918849185));
#10850=CARTESIAN_POINT('',(29.649999834602,-57.9604157597703,-1.15820543240811));
#10851=CARTESIAN_POINT('',(13.1774391002442,-62.2106287163804,-17.0202161294647));
#10852=CARTESIAN_POINT('',(29.649999834602,-57.9604157597703,-1.15820543240811));
#10853=CARTESIAN_POINT('Origin',(31.1088349641909,-58.3145157865011,-2.47972472312879));
#10854=CARTESIAN_POINT('',(29.8783526176146,-81.018693480731,4.79853107126303));
#10855=CARTESIAN_POINT('Origin',(22.1726730903144,-83.6398652696944,12.9824064041853));
#10856=CARTESIAN_POINT('',(31.1088349641909,-81.3173659098335,3.68387039103231));
#10857=CARTESIAN_POINT('',(29.9112549009578,-81.026679783758,4.76872578260158));
#10858=CARTESIAN_POINT('',(31.1088349641909,-82.9111438371414,4.110921899569));
#10859=CARTESIAN_POINT('',(31.1088349641909,-58.3145157865011,-2.47972472312879));
#10860=CARTESIAN_POINT('',(30.234930838613,-82.6990229004085,4.90256801280534));
#10861=CARTESIAN_POINT('',(34.0652249290847,-83.6287422445025,1.43280818386674));
#10862=CARTESIAN_POINT('Origin',(30.234930838613,-81.7330970741193,4.64374896770279));
#10863=CARTESIAN_POINT('Origin',(31.1088349641909,-58.3145157865011,-2.47972472312879));
#10864=CARTESIAN_POINT('',(31.1088349641909,-59.2804416127901,-2.22090567802629));
#10865=CARTESIAN_POINT('',(31.8456947928764,-59.4592980714414,-2.88840706897476));
#10866=CARTESIAN_POINT('',(31.1088349641909,-58.3145157865011,-2.47972472312879));
#10867=CARTESIAN_POINT('',(11.814012987716,-53.6311236477604,14.9989326904199));
#10868=CARTESIAN_POINT('',(31.1088349641909,-58.3145157865011,-2.47972472312879));
#10869=CARTESIAN_POINT('Origin',(23.3170368932745,-59.5944325699692,-7.25643918849185));
#10870=CARTESIAN_POINT('',(24.774636588116,-79.1416038330128,-3.5182497024385));
#10871=CARTESIAN_POINT('Origin',(22.1726730903144,-86.7945311445897,1.20903307817266));
#10872=CARTESIAN_POINT('',(24.774636588116,-80.1564382283104,-3.24632564576716));
#10873=CARTESIAN_POINT('Origin',(22.1726730903144,-86.7945311445897,1.20903307817265));
#10874=CARTESIAN_POINT('',(24.7746365881159,-59.9692973870172,-8.65545373168503));
#10875=CARTESIAN_POINT('Origin',(24.7746365881159,-59.9692973870172,-8.65545373168503));
#10876=CARTESIAN_POINT('',(29.8783526176146,-81.6388240369685,2.48417232805863));
#10877=CARTESIAN_POINT('',(28.5089821823979,-81.9965660693378,1.14906088725347));
#10878=CARTESIAN_POINT('Origin',(22.1726730903144,-88.1434544913474,-3.82521738744313));
#10879=CARTESIAN_POINT('',(29.3391244221353,-82.8368475110559,2.24169772713762));
#10880=CARTESIAN_POINT('Origin',(22.1726730903144,-88.1434544913474,-3.82521738744313));
#10881=CARTESIAN_POINT('',(30.234930838613,-83.1394474648086,3.25888116156279));
#10882=CARTESIAN_POINT('Origin',(30.234930838613,-82.1735216385194,3.00006211646026));
#10883=CARTESIAN_POINT('',(32.376294324411,-82.580025627043,5.34667188296751));
#10884=CARTESIAN_POINT('Origin',(24.7746365881159,-59.9692973870172,-8.65545373168503));
#10885=CARTESIAN_POINT('',(24.7746365881159,-60.9352232133062,-8.39663468658254));
#10886=CARTESIAN_POINT('',(30.3099299098384,-59.4891520613758,-2.99982367621879));
#10887=CARTESIAN_POINT('',(24.7746365881159,-59.9692973870172,-8.65545373168503));
#10888=CARTESIAN_POINT('',(11.6605978863778,-63.395282596773,-21.4414046004735));
#10889=CARTESIAN_POINT('',(24.7746365881159,-59.9692973870172,-8.65545373168503));
#10890=CARTESIAN_POINT('Origin',(23.3170368932745,-59.5944325699692,-7.25643918849185));
#10891=CARTESIAN_POINT('',(24.6889569985759,-60.913188175997,-8.31439880779803));
#10892=CARTESIAN_POINT('',(5.74433117998305,-55.0750922218855,9.6099686072525));
#10893=CARTESIAN_POINT('Origin',(11.3633804187363,-58.3145157865011,-2.47972472312877));
#10894=CARTESIAN_POINT('',(9.9045452891475,-58.9263415860593,-0.899386387305592));
#10895=CARTESIAN_POINT('',(11.3633804187363,-59.2804416127901,-2.22090567802627));
#10896=CARTESIAN_POINT('',(17.3530246332403,-60.7342955359962,-7.64676238621478));
#10897=CARTESIAN_POINT('',(9.9045452891475,-57.9604157597703,-1.15820543240809));
#10898=CARTESIAN_POINT('',(9.9045452891475,-57.9604157597703,-1.15820543240809));
#10899=CARTESIAN_POINT('',(11.3633804187363,-58.3145157865011,-2.47972472312877));
#10900=CARTESIAN_POINT('',(-2.67865717192009,-54.9061211123152,10.2405773731799));
#10901=CARTESIAN_POINT('',(11.3633804187363,-58.3145157865011,-2.47972472312877));
#10902=CARTESIAN_POINT('Origin',(11.3633804187363,-58.3145157865011,-2.47972472312877));
#10903=CARTESIAN_POINT('',(11.3633804187364,-81.3173659098337,3.68387039103236));
#10904=CARTESIAN_POINT('',(9.90454528914758,-80.9632658831029,5.00538968175304));
#10905=CARTESIAN_POINT('',(3.62161428410339,-79.4382230652344,10.6969269617562));
#10906=CARTESIAN_POINT('',(11.3633804187364,-82.9111438371414,4.11092189956902));
#10907=CARTESIAN_POINT('',(11.3633804187363,-58.3145157865011,-2.47972472312877));
#10908=CARTESIAN_POINT('',(9.90454528914759,-82.5570438104106,5.43244119028969));
#10909=CARTESIAN_POINT('',(11.2239193550596,-82.8772927422683,4.23725590552711));
#10910=CARTESIAN_POINT('',(9.9045452891475,-57.9604157597703,-1.15820543240809));
#10911=CARTESIAN_POINT('Origin',(9.9045452891475,-57.9604157597703,-1.15820543240809));
#10912=CARTESIAN_POINT('',(3.99999981574041,-60.4498190877464,-6.58508182778995));
#10913=CARTESIAN_POINT('',(17.2670269361559,-57.0266906821382,6.19020730277237));
#10914=CARTESIAN_POINT('',(3.57158234781993,-60.6052007134801,-6.985604680703));
#10915=CARTESIAN_POINT('Origin',(3.99999981574041,-62.3816707403246,-6.06744373758491));
#10916=CARTESIAN_POINT('',(3.57158234781993,-59.5944325699692,-7.25643918849183));
#10917=CARTESIAN_POINT('',(3.57158234781993,-59.5944325699692,-7.25643918849183));
#10918=CARTESIAN_POINT('',(-1.61634521770794,-60.933009935841,-12.2520779277874));
#10919=CARTESIAN_POINT('Origin',(9.9045452891475,-57.9604157597703,-1.15820543240809));
#10920=CARTESIAN_POINT('',(3.99999981574041,-82.48674338479,-0.680305758731391));
#10921=CARTESIAN_POINT('',(4.32276522402286,-82.4034641823424,-0.369503543982984));
#10922=CARTESIAN_POINT('',(3.57158234782001,-84.1910606206095,-0.665792565794052));
#10923=CARTESIAN_POINT('',(11.489270626734,-82.1481565541366,6.95842920527161));
#10924=CARTESIAN_POINT('',(3.57158234782001,-82.5524403760799,-1.10485953701704));
#10925=CARTESIAN_POINT('',(3.57158234781993,-59.5944325699692,-7.25643918849183));
#10926=CARTESIAN_POINT('Origin',(3.99999981574041,-80.5548917322119,-1.19794384893643));
#10927=CARTESIAN_POINT('Origin',(5.02918204266139,-59.9692973870172,-8.65545373168502));
#10928=CARTESIAN_POINT('',(5.02918204266139,-60.9352232133062,-8.39663468658252));
#10929=CARTESIAN_POINT('',(15.4547746917994,-58.2115827672739,1.76812983955948));
#10930=CARTESIAN_POINT('',(5.02918204266139,-59.9692973870172,-8.65545373168502));
#10931=CARTESIAN_POINT('',(-3.19455733166116,-62.1177133026711,-16.6734510846952));
#10932=CARTESIAN_POINT('',(5.02918204266139,-59.9692973870172,-8.65545373168502));
#10933=CARTESIAN_POINT('Origin',(3.57158234781993,-59.5944325699692,-7.25643918849183));
#10934=CARTESIAN_POINT('',(3.99999981574041,-60.6705386030053,-7.40881827295806));
#10935=CARTESIAN_POINT('',(9.91123485137875,-62.1907873022913,-13.0824636588338));
#10936=CARTESIAN_POINT('',(-9.03339096721412,-56.3526913481797,4.84190375621675));
#10937=CARTESIAN_POINT('Origin',(3.99999981574041,-62.6023902555835,-6.89118018275301));
#10938=CARTESIAN_POINT('Origin',(3.57158234781993,-59.5944325699692,-7.25643918849183));
#10939=CARTESIAN_POINT('',(3.99999981574041,-82.7074629000489,-1.50404220389935));
#10940=CARTESIAN_POINT('',(5.02918204266147,-82.9721475103498,-2.49185861752389));
#10941=CARTESIAN_POINT('',(-3.07501530755389,-80.8879137747356,5.28660757863714));
#10942=CARTESIAN_POINT('Origin',(3.99999981574041,-80.7756112474707,-2.0216802941044));
#10943=CARTESIAN_POINT('',(5.02918204266147,-84.5659254376575,-2.06480710898724));
#10944=CARTESIAN_POINT('',(4.11473672270022,-84.330748812154,-1.18711599385573));
#10945=CARTESIAN_POINT('',(5.02918204266139,-59.9692973870172,-8.65545373168502));
#10946=CARTESIAN_POINT('Origin',(5.02918204266139,-59.9692973870172,-8.65545373168502));
#10947=CARTESIAN_POINT('',(2.6709438960513,-83.5882269039768,-4.79109821603629));
#10948=CARTESIAN_POINT('',(9.74862777656184,-83.3329908970232,2.53656723906662));
#10949=CARTESIAN_POINT('Origin',(-30.9829631067255,-59.5944325699692,-7.2564391884918));
#10950=CARTESIAN_POINT('',(-29.525363411884,-84.2806271713086,-2.1412525490574));
#10951=CARTESIAN_POINT('',(-30.2349308807252,-84.3834392033837,-1.38375921099515));
#10952=CARTESIAN_POINT('Origin',(-30.2349308807252,-83.4175133770946,-1.6425782560977));
#10953=CARTESIAN_POINT('',(-29.525363411884,-82.4503761066426,-2.63166684378084));
#10954=CARTESIAN_POINT('',(-29.5253634118841,-59.9692973870172,-8.65545373168499));
#10955=CARTESIAN_POINT('',(-29.8783526688354,-82.8813658961005,-2.15305702075228));
#10956=CARTESIAN_POINT('Origin',(-22.1726730903141,-89.3546643392354,-8.34551440634114));
#10957=CARTESIAN_POINT('',(-30.9829631067254,-82.5972826933017,-1.09284407433068));
#10958=CARTESIAN_POINT('',(-34.642816157959,-81.656043374078,2.41990888709378));
#10959=CARTESIAN_POINT('',(-30.9829631067254,-84.1910606206095,-0.665792565794019));
#10960=CARTESIAN_POINT('',(-30.9829631067255,-59.5944325699692,-7.2564391884918));
#10961=CARTESIAN_POINT('',(-32.9030631516958,-83.6972501768924,1.17713309946665));
#10962=CARTESIAN_POINT('Origin',(-29.5253634118841,-59.9692973870172,-8.65545373168499));
#10963=CARTESIAN_POINT('',(-23.1911650358091,-78.1443941948911,2.83367518240674));
#10964=CARTESIAN_POINT('',(-29.3391244348333,-83.9806458037688,-2.02701584394073));
#10965=CARTESIAN_POINT('Origin',(-22.1726730903141,-85.5428446712711,5.88039026379201));
#10966=CARTESIAN_POINT('',(-23.1911650358091,-77.1714337135829,2.57297120717282));
#10967=CARTESIAN_POINT('',(-23.1911650358091,-58.3145157865011,-2.47972472312874));
#10968=CARTESIAN_POINT('Origin',(-22.1726730903141,-85.5428446712711,5.88039026379201));
#10969=CARTESIAN_POINT('Origin',(-30.2349308807252,-83.7853710067763,-3.01544162002175));
#10970=CARTESIAN_POINT('Origin',(-29.5253634118841,-59.9692973870172,-8.65545373168499));
#10971=CARTESIAN_POINT('',(-23.1911650358091,-59.2804416127901,-2.22090567802624));
#10972=CARTESIAN_POINT('',(-29.5253634118841,-60.9352232133062,-8.39663468658249));
#10973=CARTESIAN_POINT('',(-10.5417469397688,-55.9758365025956,10.1120484921715));
#10974=CARTESIAN_POINT('',(-23.1911650358091,-58.3145157865011,-2.47972472312874));
#10975=CARTESIAN_POINT('',(-23.1911650358091,-58.3145157865011,-2.47972472312874));
#10976=CARTESIAN_POINT('',(-29.5253634118841,-59.9692973870172,-8.65545373168499));
#10977=CARTESIAN_POINT('',(-29.1910789632294,-59.8819670379928,-8.32953243208322));
#10978=CARTESIAN_POINT('',(-29.5253634118841,-59.9692973870172,-8.65545373168499));
#10979=CARTESIAN_POINT('Origin',(-24.650000165398,-57.9604157597703,-1.15820543240806));
#10980=CARTESIAN_POINT('',(-29.3391244348333,-83.2302955588693,0.773329393495807));
#10981=CARTESIAN_POINT('',(-24.6500001653979,-78.1072519124125,4.24012304473458));
#10982=CARTESIAN_POINT('Origin',(-22.1726730903141,-84.8156268645231,8.59440406674445));
#10983=CARTESIAN_POINT('',(-30.2349308807252,-83.9980550333073,0.0545140921630549));
#10984=CARTESIAN_POINT('Origin',(-30.2349308807252,-83.0321292070181,-0.204304952939481));
#10985=CARTESIAN_POINT('',(-25.5205648063571,-82.7816649349731,4.59414374097014));
#10986=CARTESIAN_POINT('',(-29.8783526688354,-82.3122736002508,-0.0291756584451985));
#10987=CARTESIAN_POINT('',(-27.2546926686678,-81.6353227662985,2.49723924809062));
#10988=CARTESIAN_POINT('',(-24.6500001653979,-77.097310185748,3.96950997467233));
#10989=CARTESIAN_POINT('Origin',(-22.1726730903141,-84.8156268645231,8.59440406674445));
#10990=CARTESIAN_POINT('',(-24.650000165398,-57.9604157597703,-1.15820543240806));
#10991=CARTESIAN_POINT('Origin',(-23.1911650358091,-58.3145157865011,-2.47972472312874));
#10992=CARTESIAN_POINT('Origin',(-22.1726730903141,-86.0561376725405,3.96475470388511));
#10993=CARTESIAN_POINT('Origin',(-22.1726730903141,-86.0561376725405,3.96475470388511));
#10994=CARTESIAN_POINT('Origin',(-23.1911650358091,-58.3145157865011,-2.47972472312874));
#10995=CARTESIAN_POINT('',(-24.6500001653979,-58.9263415860593,-0.899386387305563));
#10996=CARTESIAN_POINT('',(-8.00914814612283,-62.9655410989671,-15.9738841913848));
#10997=CARTESIAN_POINT('',(-24.650000165398,-57.9604157597703,-1.15820543240806));
#10998=CARTESIAN_POINT('',(-24.650000165398,-57.9604157597703,-1.15820543240806));
#10999=CARTESIAN_POINT('',(-28.0408299512832,-57.1373666752861,1.91345556800989));
#11000=CARTESIAN_POINT('Origin',(-30.9829631067255,-59.5944325699692,-7.2564391884918));
#11001=CARTESIAN_POINT('',(-30.9829631067255,-60.5603583962582,-6.99762014338931));
#11002=CARTESIAN_POINT('',(-15.9497789062163,-64.4265857733062,-21.4265771481463));
#11003=CARTESIAN_POINT('',(-30.9829631067255,-59.5944325699692,-7.2564391884918));
#11004=CARTESIAN_POINT('',(-34.8944047248092,-58.5884898191946,-3.5022097330958));
#11005=CARTESIAN_POINT('',(-30.9829631067255,-59.5944325699692,-7.2564391884918));
#11006=CARTESIAN_POINT('Origin',(-24.650000165398,-57.9604157597703,-1.15820543240806));
#11007=CARTESIAN_POINT('',(-8.62209562026029,-54.7908578161942,14.5344491557076));
#11008=CARTESIAN_POINT('',(-27.5054677741241,-58.6971770698971,-3.90783607485223));
#11009=CARTESIAN_POINT('Origin',(-21.1102358339983,-59.5944325699692,-7.25643918849181));
#11010=CARTESIAN_POINT('',(-19.6526361391567,-80.1296974282665,-3.25349082154385));
#11011=CARTESIAN_POINT('',(-21.1102358339982,-79.4298789860129,-1.94154733980207));
#11012=CARTESIAN_POINT('Origin',(-22.1726730903141,-86.8156008940703,1.13039937465597));
#11013=CARTESIAN_POINT('',(-19.6526361391567,-79.1181141056711,-3.5245437559101));
#11014=CARTESIAN_POINT('',(-19.6526361391568,-59.9692973870172,-8.65545373168499));
#11015=CARTESIAN_POINT('',(-21.1102358339982,-78.4562909207163,-2.20241947565888));
#11016=CARTESIAN_POINT('Origin',(-22.1726730903141,-86.8156008940703,1.13039937465598));
#11017=CARTESIAN_POINT('',(-21.1102358339983,-59.5944325699692,-7.25643918849181));
#11018=CARTESIAN_POINT('Origin',(-14.7772728926707,-57.9604157597703,-1.15820543240807));
#11019=CARTESIAN_POINT('',(-15.0062216968521,-82.0794912433001,5.06818994991303));
#11020=CARTESIAN_POINT('',(-14.7772728926706,-82.3109115938642,5.36649026163482));
#11021=CARTESIAN_POINT('Origin',(-14.1104152999031,-81.4190568925463,5.815762880952));
#11022=CARTESIAN_POINT('Origin',(-22.1726730903141,-87.3629656813776,-0.912393821849087));
#11023=CARTESIAN_POINT('',(-14.7772728926706,-80.5004544129995,4.88137972209099));
#11024=CARTESIAN_POINT('Origin',(-22.1726730903141,-87.3629656813776,-0.912393821849088));
#11025=CARTESIAN_POINT('',(-14.7772728926707,-57.9604157597703,-1.15820543240807));
#11026=CARTESIAN_POINT('Origin',(-19.6526361391568,-59.9692973870172,-8.65545373168499));
#11027=CARTESIAN_POINT('',(-14.1104152999031,-83.1180445020944,3.33875810584469));
#11028=CARTESIAN_POINT('',(-15.0062216968521,-82.81544458126,2.32157470064708));
#11029=CARTESIAN_POINT('Origin',(-14.1104152999031,-82.1521186758053,3.07993906074219));
#11030=CARTESIAN_POINT('',(-13.3184377630818,-82.9111438371414,4.11092189956904));
#11031=CARTESIAN_POINT('',(-8.8203162459869,-81.7360292793958,8.49650913378947));
#11032=CARTESIAN_POINT('',(-13.3184377630818,-81.3173659098337,3.68387039103239));
#11033=CARTESIAN_POINT('',(-13.3184377630819,-58.3145157865011,-2.47972472312875));
#11034=CARTESIAN_POINT('',(-14.4669939315334,-81.6174211815302,2.56404887198194));
#11035=CARTESIAN_POINT('',(-15.8980001264974,-81.9912652863494,1.16884367868656));
#11036=CARTESIAN_POINT('Origin',(-22.1726730903141,-88.1220514576468,-3.74534050618872));
#11037=CARTESIAN_POINT('Origin',(-22.1726730903141,-88.1220514576468,-3.74534050618872));
#11038=CARTESIAN_POINT('Origin',(-19.6526361391568,-59.9692973870172,-8.65545373168499));
#11039=CARTESIAN_POINT('',(-13.3184377630819,-59.2804416127901,-2.22090567802625));
#11040=CARTESIAN_POINT('',(-19.6526361391568,-60.9352232133062,-8.3966346865825));
#11041=CARTESIAN_POINT('',(-3.1141693307493,-56.6146211496465,7.72807173428233));
#11042=CARTESIAN_POINT('',(-13.3184377630819,-58.3145157865011,-2.47972472312875));
#11043=CARTESIAN_POINT('',(-13.3184377630819,-58.3145157865011,-2.47972472312875));
#11044=CARTESIAN_POINT('',(-19.6526361391568,-59.9692973870172,-8.65545373168499));
#11045=CARTESIAN_POINT('',(-21.7635013542099,-60.5207516850437,-10.7135091899724));
#11046=CARTESIAN_POINT('',(-19.6526361391568,-59.9692973870172,-8.65545373168499));
#11047=CARTESIAN_POINT('Origin',(-13.3184377630819,-58.3145157865011,-2.47972472312875));
#11048=CARTESIAN_POINT('',(-14.1104152999031,-82.7189087714574,4.82835293169799));
#11049=CARTESIAN_POINT('Origin',(-14.1104152999031,-81.7529829451684,4.56953388659548));
#11050=CARTESIAN_POINT('',(-14.4669939315334,-81.0385792521082,4.72431636213599));
#11051=CARTESIAN_POINT('Origin',(-22.1726730903141,-83.6597510485335,12.9081913392578));
#11052=CARTESIAN_POINT('',(-14.4942234154417,-81.031969895928,4.74898281520617));
#11053=CARTESIAN_POINT('',(-6.89191834448551,-84.4710395729618,-1.71068824102291));
#11054=CARTESIAN_POINT('Origin',(-13.3184377630819,-58.3145157865011,-2.47972472312875));
#11055=CARTESIAN_POINT('',(-14.7772728926707,-58.9263415860593,-0.899386387305571));
#11056=CARTESIAN_POINT('',(-0.762813066304801,-62.3280423666897,-13.5947065327648));
#11057=CARTESIAN_POINT('',(-14.7772728926707,-57.9604157597703,-1.15820543240807));
#11058=CARTESIAN_POINT('',(-14.7772728926707,-57.9604157597703,-1.15820543240807));
#11059=CARTESIAN_POINT('',(-20.7944948714652,-56.4998679430087,4.2926332266299));
#11060=CARTESIAN_POINT('Origin',(-21.1102358339983,-59.5944325699692,-7.25643918849181));
#11061=CARTESIAN_POINT('',(-21.1102358339982,-60.5603583962582,-6.99762014338932));
#11062=CARTESIAN_POINT('',(-8.5609178326177,-63.7877862101591,-19.0425447226285));
#11063=CARTESIAN_POINT('',(-21.1102358339983,-59.5944325699692,-7.25643918849181));
#11064=CARTESIAN_POINT('',(-27.5055436512106,-57.9496902560475,-1.11817730757793));
#11065=CARTESIAN_POINT('',(-21.1102358339983,-59.5944325699692,-7.25643918849181));
#11066=CARTESIAN_POINT('Origin',(-14.7772728926707,-57.9604157597703,-1.15820543240807));
#11067=CARTESIAN_POINT('',(-1.22520346128423,-55.4296672064639,12.1503800548689));
#11068=CARTESIAN_POINT('',(-20.1085756151481,-59.3359864601668,-6.29190517569086));
#11069=CARTESIAN_POINT('Origin',(21.2361076914636,-58.3145157865011,-2.47972472312878));
#11070=CARTESIAN_POINT('',(21.2361076914637,-77.1627873629967,2.57065442451573));
#11071=CARTESIAN_POINT('',(19.7772725618748,-77.0750567039079,3.96354717218446));
#11072=CARTESIAN_POINT('Origin',(22.1726730903144,-86.0362518937015,4.0389697688126));
#11073=CARTESIAN_POINT('',(21.2361076914637,-78.1346515526202,2.83106464927807));
#11074=CARTESIAN_POINT('',(21.2361076914636,-58.3145157865011,-2.47972472312878));
#11075=CARTESIAN_POINT('',(19.7772725618748,-78.0819494896293,4.23334328098323));
#11076=CARTESIAN_POINT('Origin',(22.1726730903144,-86.0362518937015,4.0389697688126));
#11077=CARTESIAN_POINT('',(19.7772725618748,-57.9604157597703,-1.1582054324081));
#11078=CARTESIAN_POINT('Origin',(21.2361076914636,-58.3145157865011,-2.47972472312878));
#11079=CARTESIAN_POINT('',(19.7772725618748,-58.9263415860593,-0.8993863873056));
#11080=CARTESIAN_POINT('',(21.2361076914636,-59.2804416127901,-2.22090567802628));
#11081=CARTESIAN_POINT('',(24.5993597130583,-60.0967968037188,-5.26758472759477));
#11082=CARTESIAN_POINT('',(19.7772725618748,-57.9604157597703,-1.1582054324081));
#11083=CARTESIAN_POINT('',(19.7772725618748,-57.9604157597703,-1.1582054324081));
#11084=CARTESIAN_POINT('',(21.2361076914636,-58.3145157865011,-2.47972472312878));
#11085=CARTESIAN_POINT('',(4.56767790789794,-54.2686223800378,12.6197550317999));
#11086=CARTESIAN_POINT('',(21.2361076914636,-58.3145157865011,-2.47972472312878));
#11087=CARTESIAN_POINT('Origin',(19.7772725618748,-57.9604157597703,-1.1582054324081));
#11088=CARTESIAN_POINT('',(14.4669935630143,-82.3334120897638,-0.10806557530328));
#11089=CARTESIAN_POINT('Origin',(22.1726730903144,-84.8367654492402,8.51551412253239));
#11090=CARTESIAN_POINT('',(15.0062217608422,-83.2514341104092,0.694439455923443));
#11091=CARTESIAN_POINT('Origin',(22.1726730903144,-84.8367654492402,8.51551412253239));
#11092=CARTESIAN_POINT('',(14.1104153420159,-84.0191935251704,-0.0243758334660782));
#11093=CARTESIAN_POINT('Origin',(14.1104153420159,-83.0532676988814,-0.283194878568616));
#11094=CARTESIAN_POINT('',(13.4443096205473,-84.1910606206095,-0.665792565794063));
#11095=CARTESIAN_POINT('',(18.88616278571,-82.7869659444063,4.57436010443298));
#11096=CARTESIAN_POINT('',(13.4443096205473,-82.5972826933018,-1.09284407433072));
#11097=CARTESIAN_POINT('',(13.4443096205472,-59.5944325699692,-7.25643918849184));
#11098=CARTESIAN_POINT('',(11.7196573829989,-83.0422735726121,-2.75357264482162));
#11099=CARTESIAN_POINT('Origin',(14.9019093153887,-59.9692973870172,-8.65545373168503));
#11100=CARTESIAN_POINT('',(14.9019093153887,-82.3401065328372,-2.66121348703176));
#11101=CARTESIAN_POINT('Origin',(22.1726730903144,-85.5642477049717,5.80051338253759));
#11102=CARTESIAN_POINT('',(14.9019093153887,-84.1903512322751,-2.16544191401741));
#11103=CARTESIAN_POINT('',(14.9019093153887,-59.9692973870172,-8.65545373168503));
#11104=CARTESIAN_POINT('',(15.0062217608422,-84.0020488042436,-2.10689271837418));
#11105=CARTESIAN_POINT('Origin',(14.1104153420159,-83.8067739474871,-3.09531848218592));
#11106=CARTESIAN_POINT('Origin',(22.1726730903144,-85.5642477049717,5.80051338253759));
#11107=CARTESIAN_POINT('Origin',(14.9019093153887,-59.9692973870172,-8.65545373168503));
#11108=CARTESIAN_POINT('',(14.9019093153887,-60.9352232133062,-8.39663468658253));
#11109=CARTESIAN_POINT('',(22.8823523008189,-58.8503674143249,-0.615846918329655));
#11110=CARTESIAN_POINT('',(14.9019093153887,-59.9692973870172,-8.65545373168503));
#11111=CARTESIAN_POINT('',(4.23302027735834,-62.7564979497221,-19.0574278425843));
#11112=CARTESIAN_POINT('',(14.9019093153887,-59.9692973870172,-8.65545373168503));
#11113=CARTESIAN_POINT('Origin',(13.4443096205472,-59.5944325699692,-7.25643918849184));
#11114=CARTESIAN_POINT('',(14.4669935630143,-82.8602960778048,-2.07442338836663));
#11115=CARTESIAN_POINT('Origin',(22.1726730903144,-89.3335945897548,-8.26688070282446));
#11116=CARTESIAN_POINT('',(4.31384576604469,-80.2491142115885,7.67064000415501));
#11117=CARTESIAN_POINT('',(14.1104153420159,-84.3623693827454,-1.30512556986699));
#11118=CARTESIAN_POINT('',(11.5035977962988,-83.6919492490069,1.19691643166215));
#11119=CARTESIAN_POINT('Origin',(14.1104153420159,-83.3964435564563,-1.56394461496948));
#11120=CARTESIAN_POINT('Origin',(13.4443096205472,-59.5944325699692,-7.25643918849184));
#11121=CARTESIAN_POINT('',(13.4443096205472,-60.5603583962582,-6.99762014338935));
#11122=CARTESIAN_POINT('',(17.3000959249773,-61.5519877391442,-10.6984312333159));
#11123=CARTESIAN_POINT('',(13.4443096205472,-59.5944325699692,-7.25643918849184));
#11124=CARTESIAN_POINT('',(-1.64452989361554,-55.7138917850326,7.22593618173462));
#11125=CARTESIAN_POINT('',(13.4443096205472,-59.5944325699692,-7.25643918849184));
#11126=CARTESIAN_POINT('Origin',(19.7772725618748,-57.9604157597703,-1.1582054324081));
#11127=CARTESIAN_POINT('',(24.6639190951319,-57.6655000724079,3.80613820193374));
#11128=CARTESIAN_POINT('',(5.78054694126811,-61.5718193261107,-14.6361470286261));
#11129=CARTESIAN_POINT('Origin',(26.1724713278272,-58.3145157865011,-2.47972472312878));
#11130=CARTESIAN_POINT('',(26.1724713278273,-78.0212816504411,2.80068727554318));
#11131=CARTESIAN_POINT('',(24.7136361982385,-77.1151547256006,3.9742914047151));
#11132=CARTESIAN_POINT('Origin',(22.1726730903144,-84.838058581698,8.51068808649893));
#11133=CARTESIAN_POINT('',(26.1724713278273,-79.116678371483,3.09419794233806));
#11134=CARTESIAN_POINT('',(26.1724713278272,-58.3145157865011,-2.47972472312878));
#11135=CARTESIAN_POINT('',(24.7136361982385,-78.127555601373,4.24556340179485));
#11136=CARTESIAN_POINT('Origin',(22.1726730903144,-84.838058581698,8.51068808649893));
#11137=CARTESIAN_POINT('',(24.7136361982384,-57.9604157597703,-1.15820543240811));
#11138=CARTESIAN_POINT('Origin',(26.1724713278272,-58.3145157865011,-2.47972472312878));
#11139=CARTESIAN_POINT('',(24.7136361982384,-58.9263415860593,-0.899386387305605));
#11140=CARTESIAN_POINT('',(26.1724713278272,-59.2804416127901,-2.22090567802628));
#11141=CARTESIAN_POINT('',(28.2225272529673,-59.7780474375801,-4.07799589828476));
#11142=CARTESIAN_POINT('',(24.7136361982384,-57.9604157597703,-1.15820543240811));
#11143=CARTESIAN_POINT('',(24.7136361982384,-57.9604157597703,-1.15820543240811));
#11144=CARTESIAN_POINT('',(26.1724713278272,-58.3145157865011,-2.47972472312878));
#11145=CARTESIAN_POINT('',(8.19084544780696,-53.9498730138991,13.8093438611099));
#11146=CARTESIAN_POINT('',(26.1724713278272,-58.3145157865011,-2.47972472312878));
#11147=CARTESIAN_POINT('Origin',(24.7136361982384,-57.9604157597703,-1.15820543240811));
#11148=CARTESIAN_POINT('',(18.3806732569109,-79.2048039749793,-2.00185600724501));
#11149=CARTESIAN_POINT('Origin',(22.1726730903144,-86.1104348576674,3.76211517823562));
#11150=CARTESIAN_POINT('',(18.3806732569109,-80.2846645167355,-1.71250824714318));
#11151=CARTESIAN_POINT('Origin',(22.1726730903144,-86.1104348576674,3.76211517823562));
#11152=CARTESIAN_POINT('',(18.3806732569108,-59.5944325699692,-7.25643918849185));
#11153=CARTESIAN_POINT('Origin',(19.8382729517523,-59.9692973870172,-8.65545373168503));
#11154=CARTESIAN_POINT('',(19.8382729517524,-79.0678916372725,-3.53800082575943));
#11155=CARTESIAN_POINT('Origin',(22.1726730903144,-86.8538510981595,0.987647997547231));
#11156=CARTESIAN_POINT('',(19.8382729517524,-80.0725980529301,-3.2687905530536));
#11157=CARTESIAN_POINT('',(19.8382729517523,-59.9692973870172,-8.65545373168503));
#11158=CARTESIAN_POINT('Origin',(22.1726730903144,-86.8538510981595,0.987647997547231));
#11159=CARTESIAN_POINT('Origin',(19.8382729517523,-59.9692973870172,-8.65545373168503));
#11160=CARTESIAN_POINT('',(19.8382729517523,-60.9352232133062,-8.39663468658254));
#11161=CARTESIAN_POINT('',(26.5961411053287,-59.1697597378504,-1.80783529727422));
#11162=CARTESIAN_POINT('',(19.8382729517523,-59.9692973870172,-8.65545373168503));
#11163=CARTESIAN_POINT('',(7.94680908186808,-63.0758902732476,-20.2494162215289));
#11164=CARTESIAN_POINT('',(19.8382729517523,-59.9692973870172,-8.65545373168503));
#11165=CARTESIAN_POINT('Origin',(18.3806732569108,-59.5944325699692,-7.25643918849185));
#11166=CARTESIAN_POINT('Origin',(22.1726730903144,-88.0640628671722,-3.5289238123259));
#11167=CARTESIAN_POINT('Origin',(22.1726730903144,-88.0640628671722,-3.5289238123259));
#11168=CARTESIAN_POINT('Origin',(18.3806732569108,-59.5944325699692,-7.25643918849185));
#11169=CARTESIAN_POINT('',(18.3806732569108,-60.5603583962582,-6.99762014338935));
#11170=CARTESIAN_POINT('',(20.9945264617766,-61.2325879575706,-9.50641502055697));
#11171=CARTESIAN_POINT('',(18.3806732569108,-59.5944325699692,-7.25643918849185));
#11172=CARTESIAN_POINT('',(2.04990064318375,-55.394492003459,8.41795239449356));
#11173=CARTESIAN_POINT('',(18.3806732569108,-59.5944325699692,-7.25643918849185));
#11174=CARTESIAN_POINT('Origin',(24.7136361982384,-57.9604157597703,-1.15820543240811));
#11175=CARTESIAN_POINT('',(28.36236517462,-57.9849047675427,2.61410365151442));
#11176=CARTESIAN_POINT('',(9.47899302075614,-61.8912240212456,-15.8281815790454));
#11177=CARTESIAN_POINT('Origin',(-14.7162725027932,-59.9692973870172,-8.655453731685));
#11178=CARTESIAN_POINT('',(-14.1104152999031,-84.4076478952822,-1.47410727914567));
#11179=CARTESIAN_POINT('',(-14.7162725027931,-84.3684645141937,-2.11771660396605));
#11180=CARTESIAN_POINT('Origin',(-14.1104152999031,-83.4417220689932,-1.73292632424817));
#11181=CARTESIAN_POINT('',(-8.38207412671815,-82.9111438371414,4.11092189956904));
#11182=CARTESIAN_POINT('',(-5.10652744147715,-82.0554216029213,7.3045207548449));
#11183=CARTESIAN_POINT('',(-8.38207412671815,-81.3173659098337,3.68387039103238));
#11184=CARTESIAN_POINT('',(-8.38207412671823,-58.3145157865011,-2.47972472312875));
#11185=CARTESIAN_POINT('',(-14.4669939315334,-82.9070245747181,-2.24881651300842));
#11186=CARTESIAN_POINT('',(-12.1842113219877,-82.3106576098749,-0.0231447002580049));
#11187=CARTESIAN_POINT('',(-14.7162725027931,-82.5953896888593,-2.59281057153435));
#11188=CARTESIAN_POINT('Origin',(-22.1726730903141,-89.4116548508347,-8.55820589117908));
#11189=CARTESIAN_POINT('',(-14.7162725027932,-59.9692973870172,-8.655453731685));
#11190=CARTESIAN_POINT('Origin',(-14.7162725027932,-59.9692973870172,-8.655453731685));
#11191=CARTESIAN_POINT('',(-8.38207412671823,-59.2804416127901,-2.22090567802625));
#11192=CARTESIAN_POINT('',(-14.7162725027932,-60.9352232133062,-8.39663468658251));
#11193=CARTESIAN_POINT('',(0.599619473760452,-56.934013473172,6.53608335533776));
#11194=CARTESIAN_POINT('',(-8.38207412671823,-58.3145157865011,-2.47972472312875));
#11195=CARTESIAN_POINT('',(-8.38207412671823,-58.3145157865011,-2.47972472312875));
#11196=CARTESIAN_POINT('',(-14.7162725027932,-59.9692973870172,-8.655453731685));
#11197=CARTESIAN_POINT('',(-18.0497125497001,-60.8401440085692,-11.9054975689169));
#11198=CARTESIAN_POINT('',(-14.7162725027932,-59.9692973870172,-8.655453731685));
#11199=CARTESIAN_POINT('Origin',(-16.1738721976346,-59.5944325699692,-7.25643918849182));
#11200=CARTESIAN_POINT('',(-15.0062216968521,-83.9547310166695,-1.93030016067531));
#11201=CARTESIAN_POINT('Origin',(-14.1104152999031,-83.7558136872923,-2.90513220197179));
#11202=CARTESIAN_POINT('',(-16.1738721976345,-80.6081748082221,-1.62582392579616));
#11203=CARTESIAN_POINT('Origin',(-22.1726730903141,-85.5460691714877,5.86835626515454));
#11204=CARTESIAN_POINT('',(-16.1738721976345,-81.9763259441756,-1.2592289337937));
#11205=CARTESIAN_POINT('',(-16.1738721976346,-59.5944325699692,-7.25643918849182));
#11206=CARTESIAN_POINT('Origin',(-22.1726730903141,-85.5460691714877,5.86835626515454));
#11207=CARTESIAN_POINT('Origin',(-9.84090925630704,-57.9604157597703,-1.15820543240807));
#11208=CARTESIAN_POINT('',(-15.0062216968521,-83.3531606517274,0.314791005616261));
#11209=CARTESIAN_POINT('',(-14.1104152999031,-83.6586521272626,1.32118298175774));
#11210=CARTESIAN_POINT('Origin',(-14.1104152999031,-82.6927263009736,1.06236393665523));
#11211=CARTESIAN_POINT('Origin',(-22.1726730903141,-88.6366350898049,-5.66579276614585));
#11212=CARTESIAN_POINT('',(-14.4669939315334,-82.156877814004,0.550769311109622));
#11213=CARTESIAN_POINT('Origin',(-22.1726730903141,-88.6366350898049,-5.66579276614586));
#11214=CARTESIAN_POINT('',(-9.84090925630696,-80.9632658831029,5.00538968175306));
#11215=CARTESIAN_POINT('',(-10.4710190939292,-81.125845401803,4.39863465769428));
#11216=CARTESIAN_POINT('',(-9.84090925630696,-82.5570438104106,5.43244119028971));
#11217=CARTESIAN_POINT('',(-9.84090925630704,-57.9604157597703,-1.15820543240807));
#11218=CARTESIAN_POINT('',(-3.30451369121813,-80.8705377735973,11.7265674069489));
#11219=CARTESIAN_POINT('Origin',(-8.38207412671823,-58.3145157865011,-2.47972472312875));
#11220=CARTESIAN_POINT('',(-10.8710558755327,-80.7132205297893,5.93857164451618));
#11221=CARTESIAN_POINT('',(-3.26875080457649,-84.1522902068232,-0.52109941171291));
#11222=CARTESIAN_POINT('Origin',(-8.38207412671823,-58.3145157865011,-2.47972472312875));
#11223=CARTESIAN_POINT('',(-9.84090925630704,-58.9263415860593,-0.899386387305575));
#11224=CARTESIAN_POINT('',(2.86035447360422,-62.009293000551,-12.4051177034548));
#11225=CARTESIAN_POINT('',(-9.84090925630704,-57.9604157597703,-1.15820543240807));
#11226=CARTESIAN_POINT('',(-9.84090925630704,-57.9604157597703,-1.15820543240807));
#11227=CARTESIAN_POINT('',(-17.1713273315562,-56.18111857687,5.48222205593991));
#11228=CARTESIAN_POINT('Origin',(-16.1738721976346,-59.5944325699692,-7.25643918849182));
#11229=CARTESIAN_POINT('',(-16.1738721976346,-60.5603583962582,-6.99762014338932));
#11230=CARTESIAN_POINT('',(-4.86648729581842,-63.4683864285855,-17.8505285098695));
#11231=CARTESIAN_POINT('',(-16.1738721976346,-59.5944325699692,-7.25643918849182));
#11232=CARTESIAN_POINT('',(-23.8111131144113,-57.630290474474,0.0738389051810077));
#11233=CARTESIAN_POINT('',(-16.1738721976346,-59.5944325699692,-7.25643918849182));
#11234=CARTESIAN_POINT('Origin',(-9.84090925630704,-57.9604157597703,-1.15820543240807));
#11235=CARTESIAN_POINT('',(2.47324261820379,-55.7490719015988,10.9583455044496));
#11236=CARTESIAN_POINT('',(-16.41012953566,-59.6553911553016,-7.48393972611018));
#11237=CARTESIAN_POINT('Origin',(-11.237508561271,-59.5944325699692,-7.25643918849182));
#11238=CARTESIAN_POINT('',(-11.2375085612709,-82.5972826933018,-1.09284407433069));
#11239=CARTESIAN_POINT('',(-9.77990886642944,-82.9721475103498,-2.49185861752387));
#11240=CARTESIAN_POINT('',(-14.1583069179518,-81.8461131194563,1.71055894036034));
#11241=CARTESIAN_POINT('',(-11.2375085612709,-84.1910606206095,-0.665792565794038));
#11242=CARTESIAN_POINT('',(-11.237508561271,-59.5944325699692,-7.25643918849182));
#11243=CARTESIAN_POINT('',(-9.77990886642943,-84.5659254376575,-2.06480710898722));
#11244=CARTESIAN_POINT('',(-6.96855488769765,-85.2889481568747,-4.76316463213253));
#11245=CARTESIAN_POINT('',(-9.77990886642952,-59.9692973870172,-8.655453731685));
#11246=CARTESIAN_POINT('Origin',(-4.90454561994341,-57.9604157597703,-1.15820543240808));
#11247=CARTESIAN_POINT('',(-4.90454561994333,-80.9632658831029,5.00538968175306));
#11248=CARTESIAN_POINT('',(-6.77257301444121,-81.4452500969378,3.20660010727496));
#11249=CARTESIAN_POINT('',(-4.90454561994332,-82.5570438104106,5.43244119028971));
#11250=CARTESIAN_POINT('',(-4.90454561994341,-57.9604157597703,-1.15820543240808));
#11251=CARTESIAN_POINT('',(0.393932388269895,-81.1899424687321,10.5345328565296));
#11252=CARTESIAN_POINT('Origin',(-9.77990886642952,-59.9692973870172,-8.655453731685));
#11253=CARTESIAN_POINT('',(-4.00000018425959,-81.4621716662012,3.14344795104013));
#11254=CARTESIAN_POINT('',(-8.47042251747795,-82.6300499334004,-1.21513307920258));
#11255=CARTESIAN_POINT('',(-3.44571049035451,-82.9111438371414,4.11092189956903));
#11256=CARTESIAN_POINT('',(-1.3927386369674,-82.3748139264467,6.11253237590033));
#11257=CARTESIAN_POINT('',(-3.44571049035452,-81.2416917066517,3.66359354940191));
#11258=CARTESIAN_POINT('',(-3.4457104903546,-58.3145157865011,-2.47972472312876));
#11259=CARTESIAN_POINT('Origin',(-4.00000018425959,-79.5303200136231,2.62580986083509));
#11260=CARTESIAN_POINT('Origin',(-9.77990886642952,-59.9692973870172,-8.655453731685));
#11261=CARTESIAN_POINT('',(-3.44571049035459,-59.356115815972,-2.20062883639579));
#11262=CARTESIAN_POINT('',(-4.00000018425959,-59.4252473691577,-2.76132811801843));
#11263=CARTESIAN_POINT('Origin',(-4.00000018425959,-61.3570990217358,-2.2436900278134));
#11264=CARTESIAN_POINT('',(-3.4457104903546,-58.3145157865011,-2.47972472312876));
#11265=CARTESIAN_POINT('',(-3.4457104903546,-58.3145157865011,-2.47972472312876));
#11266=CARTESIAN_POINT('',(-9.77990886642952,-59.9692973870172,-8.655453731685));
#11267=CARTESIAN_POINT('',(-14.3359237451904,-61.1595363320947,-13.0974859478615));
#11268=CARTESIAN_POINT('',(-9.77990886642952,-60.9352232133062,-8.39663468658251));
#11269=CARTESIAN_POINT('',(-9.77990886642952,-59.9692973870172,-8.655453731685));
#11270=CARTESIAN_POINT('',(4.3134082782702,-57.2534057966975,5.34409497639319));
#11271=CARTESIAN_POINT('Origin',(-3.4457104903546,-58.3145157865011,-2.47972472312876));
#11272=CARTESIAN_POINT('',(-4.00000018425959,-81.1828243215161,4.18598643436462));
#11273=CARTESIAN_POINT('',(-7.24788833562366,-80.3944711636505,7.12816047382618));
#11274=CARTESIAN_POINT('Origin',(-4.00000018425959,-79.2509726689379,3.66834834415957));
#11275=CARTESIAN_POINT('',(0.354416735332528,-83.8335408406844,0.668489417597095));
#11276=CARTESIAN_POINT('Origin',(-11.237508561271,-59.5944325699692,-7.25643918849182));
#11277=CARTESIAN_POINT('',(-11.237508561271,-60.5603583962582,-6.99762014338933));
#11278=CARTESIAN_POINT('',(-1.17205675901912,-63.148986647012,-16.6585122971106));
#11279=CARTESIAN_POINT('',(-11.237508561271,-59.5944325699692,-7.25643918849182));
#11280=CARTESIAN_POINT('',(-20.116682577612,-57.3108906929004,1.26585511793995));
#11281=CARTESIAN_POINT('',(-11.237508561271,-59.5944325699692,-7.25643918849182));
#11282=CARTESIAN_POINT('Origin',(-4.90454561994341,-57.9604157597703,-1.15820543240808));
#11283=CARTESIAN_POINT('',(-4.9045456199434,-58.9263415860593,-0.89938638730558));
#11284=CARTESIAN_POINT('',(6.17168869769182,-56.0684765967336,9.76631095403031));
#11285=CARTESIAN_POINT('',(-4.90454561994341,-57.9604157597703,-1.15820543240808));
#11286=CARTESIAN_POINT('',(-12.711683456172,-59.9747958504365,-8.67597427652949));
#11287=CARTESIAN_POINT('',(-4.90454561994341,-57.9604157597703,-1.15820543240808));
#11288=CARTESIAN_POINT('Origin',(-3.4457104903546,-58.3145157865011,-2.47972472312876));
#11289=CARTESIAN_POINT('',(-4.00000018425959,-59.1459000244725,-1.71878963469408));
#11290=CARTESIAN_POINT('Origin',(-4.00000018425959,-61.0777516770507,-1.20115154448903));
#11291=CARTESIAN_POINT('',(6.48352201351324,-61.6905436344123,-11.2155288741448));
#11292=CARTESIAN_POINT('',(-13.5481597916471,-55.8623692107313,6.67181088524991));
#11293=CARTESIAN_POINT('Origin',(45.4933141978014,-82.0083474347933,7.48020394202225));
#11294=CARTESIAN_POINT('',(30.234930838613,-86.1494521564337,-7.97460927860284));
#11295=CARTESIAN_POINT('',(30.234930838613,-82.0083474347933,7.48020394202225));
#11296=CARTESIAN_POINT('',(30.234930838613,-86.1494521564337,-7.97460927860284));
#11297=CARTESIAN_POINT('',(45.4933141978014,-82.0083474347933,7.48020394202225));
#11298=CARTESIAN_POINT('',(45.4933141978014,-82.0083474347933,7.48020394202225));
#11299=CARTESIAN_POINT('',(30.234930838613,-82.0083474347933,7.48020394202225));
#11300=CARTESIAN_POINT('',(30.234930838613,-82.0083474347933,7.48020394202225));
#11301=CARTESIAN_POINT('',(30.234930838613,-82.0083474347933,7.48020394202225));
#11302=CARTESIAN_POINT('Origin',(30.234930838613,-81.0424216085042,7.22138489691972));
#11303=CARTESIAN_POINT('',(29.3391244221353,-85.6128266973842,-8.11839763699313));
#11304=CARTESIAN_POINT('',(29.3391244221353,-81.4717219757438,7.33641558363196));
#11305=CARTESIAN_POINT('Origin',(30.234930838613,-85.1835263301446,-8.23342832370538));
#11306=CARTESIAN_POINT('Origin',(30.234930838613,-81.0424216085042,7.22138489691972));
#11307=CARTESIAN_POINT('',(29.3391244221353,-81.4717219757438,7.33641558363196));
#11308=CARTESIAN_POINT('Origin',(30.234930838613,-81.0424216085042,7.22138489691972));
#11309=CARTESIAN_POINT('',(29.3391244221353,-81.4717219757438,7.33641558363196));
#11310=CARTESIAN_POINT('Origin',(3.99999981574041,-78.4827178549075,6.53551434328057));
#11311=CARTESIAN_POINT('',(3.99999981574041,-83.5203980487159,-4.53795748198321));
#11312=CARTESIAN_POINT('',(3.99999981574041,-80.4145695074856,7.05315243348561));
#11313=CARTESIAN_POINT('',(1.99999981574041,-81.5885463961377,-5.05559557218826));
#11314=CARTESIAN_POINT('Origin',(3.9999998157404,-81.5885463961378,-5.05559557218826));
#11315=CARTESIAN_POINT('',(1.99999981574041,-78.4827178549075,6.53551434328057));
#11316=CARTESIAN_POINT('',(3.99999981574041,-80.4145695074856,7.05315243348561));
#11317=CARTESIAN_POINT('Origin',(-30.2349308807252,-81.0424216085043,7.22138489691977));
#11318=CARTESIAN_POINT('',(-30.2349308807252,-86.1494521564338,-7.97460927860278));
#11319=CARTESIAN_POINT('',(-30.2349308807252,-82.0083474347935,7.48020394202232));
#11320=CARTESIAN_POINT('',(-29.3391244348333,-85.6128266401183,-8.11839765233746));
#11321=CARTESIAN_POINT('Origin',(-30.2349308807252,-85.1835263301447,-8.23342832370532));
#11322=CARTESIAN_POINT('',(-29.3391244348333,-81.471721918478,7.33641556828764));
#11323=CARTESIAN_POINT('Origin',(14.1104153420159,-81.0424216085043,7.22138489691976));
#11324=CARTESIAN_POINT('',(14.1104153420159,-86.1494521564337,-7.97460927860282));
#11325=CARTESIAN_POINT('',(14.1104153420159,-82.0083474347934,7.48020394202227));
#11326=CARTESIAN_POINT('',(15.0062217608422,-85.6128266928116,-8.11839763821836));
#11327=CARTESIAN_POINT('Origin',(14.1104153420159,-85.1835263301447,-8.23342832370533));
#11328=CARTESIAN_POINT('',(15.0062217608422,-81.4717219711712,7.33641558240674));
#11329=CARTESIAN_POINT('Origin',(14.1104153420159,-81.0424216085043,7.22138489691976));
#11330=CARTESIAN_POINT('',(14.1104153420159,-82.0083474347934,7.48020394202227));
#11331=CARTESIAN_POINT('',(15.0062217608422,-81.4717219711712,7.33641558240674));
#11332=CARTESIAN_POINT('Origin',(-14.1104152999031,-81.0424216085043,7.22138489691976));
#11333=CARTESIAN_POINT('',(-15.0062216968521,-85.6128267354042,-8.11839762680568));
#11334=CARTESIAN_POINT('',(-15.0062216968521,-81.4717220137639,7.33641559381941));
#11335=CARTESIAN_POINT('',(-14.1104152999031,-86.1494521564337,-7.97460927860282));
#11336=CARTESIAN_POINT('Origin',(-14.1104152999031,-85.1835263301447,-8.23342832370533));
#11337=CARTESIAN_POINT('',(-14.1104152999031,-82.0083474347934,7.48020394202228));
#11338=CARTESIAN_POINT('Origin',(-14.1104152999031,-81.0424216085043,7.22138489691976));
#11339=CARTESIAN_POINT('',(-15.0062216968521,-81.4717220137639,7.33641559381941));
#11340=CARTESIAN_POINT('',(-14.1104152999031,-82.0083474347934,7.48020394202228));
#11341=CARTESIAN_POINT('Origin',(-4.00000018425959,-60.3094968630202,1.66601445463203));
#11342=CARTESIAN_POINT('',(-4.0000001842596,-61.4834737516723,-10.4427335510418));
#11343=CARTESIAN_POINT('',(-4.00000018425959,-58.3776452104421,1.14837636442699));
#11344=CARTESIAN_POINT('',(-2.00000018425959,-63.4153254042505,-9.92509546083679));
#11345=CARTESIAN_POINT('Origin',(-4.0000001842596,-63.4153254042505,-9.92509546083679));
#11346=CARTESIAN_POINT('',(-2.00000018425959,-60.3094968630202,1.66601445463203));
#11347=CARTESIAN_POINT('',(-4.00000018425959,-58.3776452104421,1.14837636442699));
#11348=CARTESIAN_POINT('Origin',(-4.00000018425959,-78.4827178549075,6.53551434328057));
#11349=CARTESIAN_POINT('',(-4.00000018425959,-80.4145695074856,7.05315243348562));
#11350=CARTESIAN_POINT('',(-2.00000018425959,-81.5885463961378,-5.05559557218825));
#11351=CARTESIAN_POINT('',(-2.00000018425959,-78.4827178549075,6.53551434328057));
#11352=CARTESIAN_POINT('',(-4.00000018425959,-83.5203980487159,-4.53795748198322));
#11353=CARTESIAN_POINT('Origin',(-4.00000018425959,-81.5885463961378,-5.05559557218825));
#11354=CARTESIAN_POINT('',(-4.00000018425959,-80.4145695074856,7.05315243348562));
#11355=CARTESIAN_POINT('Origin',(-22.1726730903141,-84.9061248316725,8.2566610553612));
#11356=CARTESIAN_POINT('',(-29.8783526688354,-80.4145695074857,7.05315243348563));
#11357=CARTESIAN_POINT('',(-14.4669939315334,-80.4145695074856,7.05315243348562));
#11358=CARTESIAN_POINT('',(-14.4669939315334,-80.4145695074856,7.05315243348562));
#11359=CARTESIAN_POINT('',(-14.4669939315334,-84.555674229126,-8.40166078713947));
#11360=CARTESIAN_POINT('',(-14.4669939315334,-80.4145695074856,7.05315243348562));
#11361=CARTESIAN_POINT('',(-29.8783526688354,-84.555674229126,-8.40166078713947));
#11362=CARTESIAN_POINT('Origin',(-22.1726730903141,-89.0472295533128,-7.19815216526389));
#11363=CARTESIAN_POINT('',(-29.8783526688354,-80.4145695074857,7.05315243348563));
#11364=CARTESIAN_POINT('Origin',(-22.1726730903141,-84.9061248316725,8.2566610553612));
#11365=CARTESIAN_POINT('Origin',(-22.1726730903141,-89.0472295533128,-7.19815216526389));
#11366=CARTESIAN_POINT('',(-15.0062216968521,-81.4717220137639,7.33641559381941));
#11367=CARTESIAN_POINT('',(-15.0062216968521,-81.4717220137639,7.33641559381941));
#11368=CARTESIAN_POINT('',(-29.3391244348333,-81.471721918478,7.33641556828764));
#11369=CARTESIAN_POINT('Origin',(-22.1726730903141,-84.9061248316725,8.2566610553612));
#11370=CARTESIAN_POINT('',(-29.3391244348333,-81.471721918478,7.33641556828764));
#11371=CARTESIAN_POINT('Origin',(22.1726730903144,-84.9061249136605,8.25666107732982));
#11372=CARTESIAN_POINT('',(14.4669935630143,-80.4145695074856,7.05315243348561));
#11373=CARTESIAN_POINT('',(29.8783526176146,-80.4145695074855,7.05315243348557));
#11374=CARTESIAN_POINT('',(29.8783526176145,-84.5556742291259,-8.40166078713952));
#11375=CARTESIAN_POINT('',(29.8783526176146,-80.4145695074855,7.05315243348557));
#11376=CARTESIAN_POINT('',(14.4669935630142,-84.555674229126,-8.40166078713949));
#11377=CARTESIAN_POINT('Origin',(22.1726730903144,-89.0472296353009,-7.19815214329527));
#11378=CARTESIAN_POINT('',(14.4669935630143,-80.4145695074856,7.05315243348561));
#11379=CARTESIAN_POINT('',(14.4669935630143,-80.4145695074856,7.05315243348561));
#11380=CARTESIAN_POINT('Origin',(22.1726730903144,-84.9061249136605,8.25666107732982));
#11381=CARTESIAN_POINT('Origin',(22.1726730903144,-89.0472296353009,-7.19815214329527));
#11382=CARTESIAN_POINT('',(15.0062217608422,-81.4717219711712,7.33641558240674));
#11383=CARTESIAN_POINT('Origin',(22.1726730903144,-84.9061249136605,8.25666107732982));
#11384=CARTESIAN_POINT('',(15.0062217608422,-81.4717219711712,7.33641558240674));
#11385=CARTESIAN_POINT('Origin',(37.1499998338828,-58.3776452104421,1.14837636442698));
#11386=CARTESIAN_POINT('',(3.99999981574041,-61.4834737516723,-10.4427335510418));
#11387=CARTESIAN_POINT('',(3.99999981574041,-58.3776452104421,1.14837636442699));
#11388=CARTESIAN_POINT('',(18.5749998248116,-61.4834737516723,-10.4427335510418));
#11389=CARTESIAN_POINT('',(-31.150000202402,-61.4834737516723,-10.4427335510418));
#11390=CARTESIAN_POINT('',(-31.150000202402,-58.3776452104421,1.148376364427));
#11391=CARTESIAN_POINT('',(0.999999815740407,-61.4834737516723,-10.4427335510418));
#11392=CARTESIAN_POINT('',(37.1499998338828,-62.5187499320824,-14.3064368561981));
#11393=CARTESIAN_POINT('',(37.1499998338828,-62.5187499320824,-14.3064368561981));
#11394=CARTESIAN_POINT('',(37.1499998338828,-61.4834737516723,-10.4427335510418));
#11395=CARTESIAN_POINT('',(37.1499998338828,-58.3776452104421,1.14837636442698));
#11396=CARTESIAN_POINT('',(31.1499998338828,-61.4834737516723,-10.4427335510418));
#11397=CARTESIAN_POINT('',(36.1499998338828,-61.4834737516723,-10.4427335510419));
#11398=CARTESIAN_POINT('',(31.1499998338828,-58.3776452104421,1.14837636442698));
#11399=CARTESIAN_POINT('',(3.99999981574041,-58.3776452104421,1.14837636442699));
#11400=CARTESIAN_POINT('Origin',(35.1499998338829,-74.619014549751,5.50023816287042));
#11401=CARTESIAN_POINT('',(37.1499998338829,-77.7248430909813,-6.09087175259841));
#11402=CARTESIAN_POINT('',(37.1499998338829,-74.619014549751,5.50023816287042));
#11403=CARTESIAN_POINT('',(35.1499998338829,-79.6566947435594,-5.57323366239336));
#11404=CARTESIAN_POINT('Origin',(35.1499998338829,-77.7248430909813,-6.09087175259841));
#11405=CARTESIAN_POINT('',(35.1499998338829,-76.5508662023291,6.01787625307546));
#11406=CARTESIAN_POINT('Origin',(35.1499998338829,-78.4827178549073,6.53551434328051));
#11407=CARTESIAN_POINT('',(33.1499998338829,-81.5885463961376,-5.0555955721883));
#11408=CARTESIAN_POINT('Origin',(35.1499998338829,-81.5885463961375,-5.05559557218833));
#11409=CARTESIAN_POINT('',(33.1499998338829,-78.4827178549073,6.53551434328052));
#11410=CARTESIAN_POINT('Origin',(31.1499998338829,-78.4827178549073,6.53551434328052));
#11411=CARTESIAN_POINT('',(31.1499998338829,-83.5203980487157,-4.53795748198327));
#11412=CARTESIAN_POINT('Origin',(31.1499998338829,-81.5885463961376,-5.05559557218831));
#11413=CARTESIAN_POINT('',(31.1499998338829,-80.4145695074855,7.05315243348557));
#11414=CARTESIAN_POINT('Origin',(-1.84259588698055E-7,-78.4827178549075,
6.53551434328057));
#11415=CARTESIAN_POINT('Origin',(-1.84259593971614E-7,-81.5885463961377,
-5.05559557218826));
#11416=CARTESIAN_POINT('Origin',(-31.1500002024019,-78.4827178549075,6.53551434328056));
#11417=CARTESIAN_POINT('',(-31.1500002024019,-83.5203980487158,-4.5379574819832));
#11418=CARTESIAN_POINT('',(-31.1500002024019,-80.4145695074856,7.05315243348561));
#11419=CARTESIAN_POINT('',(-33.1500002024019,-81.5885463961377,-5.05559557218828));
#11420=CARTESIAN_POINT('Origin',(-31.1500002024019,-81.5885463961377,-5.05559557218824));
#11421=CARTESIAN_POINT('',(-33.1500002024019,-78.4827178549075,6.53551434328055));
#11422=CARTESIAN_POINT('Origin',(-35.1500002024019,-78.4827178549075,6.53551434328055));
#11423=CARTESIAN_POINT('',(-35.150000202402,-79.6566947435596,-5.57323366239331));
#11424=CARTESIAN_POINT('Origin',(-35.1500002024019,-81.5885463961377,-5.05559557218825));
#11425=CARTESIAN_POINT('',(-35.1500002024019,-76.5508662023293,6.01787625307552));
#11426=CARTESIAN_POINT('Origin',(-35.1500002024019,-74.6190145497512,5.50023816287048));
#11427=CARTESIAN_POINT('Origin',(-35.150000202402,-77.7248430909815,-6.09087175259833));
#11428=CARTESIAN_POINT('Origin',(-35.1500002024019,-64.1732001681765,2.70129063504214));
#11429=CARTESIAN_POINT('',(-35.150000202402,-65.3471770568286,-9.40745737063173));
#11430=CARTESIAN_POINT('Origin',(-35.150000202402,-67.2790287094067,-8.88981928042669));
#11431=CARTESIAN_POINT('',(-35.150000202402,-62.2413485155984,2.18365254483709));
#11432=CARTESIAN_POINT('Origin',(-35.150000202402,-60.3094968630202,1.66601445463205));
#11433=CARTESIAN_POINT('',(-33.150000202402,-63.4153254042504,-9.92509546083678));
#11434=CARTESIAN_POINT('Origin',(-35.150000202402,-63.4153254042505,-9.92509546083678));
#11435=CARTESIAN_POINT('',(-33.150000202402,-60.3094968630202,1.66601445463204));
#11436=CARTESIAN_POINT('Origin',(-31.150000202402,-60.3094968630202,1.66601445463204));
#11437=CARTESIAN_POINT('Origin',(-31.150000202402,-63.4153254042504,-9.92509546083678));
#11438=CARTESIAN_POINT('Origin',(3.99999981574041,-60.3094968630202,1.66601445463203));
#11439=CARTESIAN_POINT('',(1.99999981574041,-63.4153254042505,-9.92509546083678));
#11440=CARTESIAN_POINT('',(1.99999981574041,-60.3094968630202,1.66601445463204));
#11441=CARTESIAN_POINT('Origin',(3.99999981574041,-63.4153254042505,-9.92509546083679));
#11442=CARTESIAN_POINT('Origin',(-1.84259589114388E-7,-60.3094968630202,
1.66601445463204));
#11443=CARTESIAN_POINT('Origin',(-1.84259593694058E-7,-63.4153254042505,
-9.92509546083679));
#11444=CARTESIAN_POINT('Origin',(-1.84259593923363E-7,-63.4153254042505,
-9.92509546083679));
#11445=CARTESIAN_POINT('',(0.999999815740402,-63.4153254042505,-9.92509546083679));
#11446=CARTESIAN_POINT('Origin',(-1.84259593837528E-7,-63.4153254042505,
-9.92509546083679));
#11447=CARTESIAN_POINT('Origin',(35.1499998338829,-64.1732001681765,2.70129063504211));
#11448=CARTESIAN_POINT('',(35.1499998338828,-65.3471770568286,-9.40745737063176));
#11449=CARTESIAN_POINT('',(35.1499998338828,-62.2413485155983,2.18365254483707));
#11450=CARTESIAN_POINT('',(37.1499998338829,-67.2790287094067,-8.88981928042672));
#11451=CARTESIAN_POINT('Origin',(35.1499998338829,-67.2790287094067,-8.88981928042672));
#11452=CARTESIAN_POINT('',(37.1499998338829,-64.1732001681765,2.70129063504211));
#11453=CARTESIAN_POINT('Origin',(37.1499998338829,-80.4145695074854,7.05315243348555));
#11454=CARTESIAN_POINT('',(37.1499998338829,-73.4678617264831,-7.23152647141004));
#11455=CARTESIAN_POINT('',(37.1499998338829,-84.5556742291258,-8.40166078713955));
#11456=CARTESIAN_POINT('',(37.1499998338829,-80.6919709239695,-9.43693696754963));
#11457=CARTESIAN_POINT('',(37.1499998338829,-83.5203980487157,-4.53795748198328));
#11458=CARTESIAN_POINT('',(37.1499998338829,-80.4145695074854,7.05315243348555));
#11459=CARTESIAN_POINT('',(37.1499998338829,-82.5544722224266,-4.7967765270858));
#11460=CARTESIAN_POINT('Origin',(35.1499998338828,-60.3094968630202,1.66601445463202));
#11461=CARTESIAN_POINT('',(33.1499998338828,-63.4153254042505,-9.9250954608368));
#11462=CARTESIAN_POINT('Origin',(35.1499998338828,-63.4153254042505,-9.9250954608368));
#11463=CARTESIAN_POINT('',(33.1499998338828,-60.3094968630202,1.66601445463202));
#11464=CARTESIAN_POINT('Origin',(35.1499998338828,-63.4153254042505,-9.9250954608368));
#11465=CARTESIAN_POINT('Origin',(31.1499998338828,-63.4153254042505,-9.9250954608368));
#11466=CARTESIAN_POINT('',(36.1499998338828,-63.4153254042505,-9.9250954608368));
#11467=CARTESIAN_POINT('Origin',(35.1499998338828,-63.4153254042505,-9.9250954608368));
#11468=CARTESIAN_POINT('Origin',(31.1499998338828,-60.3094968630202,1.66601445463202));
#11469=CARTESIAN_POINT('Origin',(40.1499998338828,-64.596152577223,-1.32648433015742));
#11470=CARTESIAN_POINT('Origin',(-38.1499998426073,-82.0083474347935,7.48020394202231));
#11471=CARTESIAN_POINT('',(-38.1499998426073,-61.5528241057934,-14.5652559013006));
#11472=CARTESIAN_POINT('',(-38.1499998426073,-57.411719384153,0.889557319324492));
#11473=CARTESIAN_POINT('',(-38.1499998426073,-86.1494521564338,-7.97460927860278));
#11474=CARTESIAN_POINT('',(-38.1499998426073,-61.5528241057934,-14.5652559013006));
#11475=CARTESIAN_POINT('',(-38.1499998426073,-82.0083474347935,7.48020394202231));
#11476=CARTESIAN_POINT('Origin',(-35.1500002024019,-78.4827178549075,6.53551434328056));
#11477=CARTESIAN_POINT('',(-34.1500002024019,-81.5885463961377,-5.05559557218826));
#11478=CARTESIAN_POINT('Origin',(-35.1500002024019,-81.5885463961377,-5.05559557218826));
#11479=CARTESIAN_POINT('',(-34.1500002024019,-79.0003559451125,4.60366269070244));
#11480=CARTESIAN_POINT('',(-34.1500002024019,-78.4827178549075,6.53551434328056));
#11481=CARTESIAN_POINT('Origin',(-35.1500002024019,-79.0003559451125,4.60366269070244));
#11482=CARTESIAN_POINT('Origin',(-35.1500002024019,-81.5885463961377,-5.05559557218824));
#11483=CARTESIAN_POINT('',(-36.1500002024019,-83.5203980487159,-4.53795748198321));
#11484=CARTESIAN_POINT('Origin',(35.1499998338829,-78.4827178549073,6.5355143432805));
#11485=CARTESIAN_POINT('',(36.1499998338829,-81.5885463961375,-5.05559557218832));
#11486=CARTESIAN_POINT('Origin',(35.1499998338829,-81.5885463961375,-5.05559557218832));
#11487=CARTESIAN_POINT('',(36.1499998338829,-79.0003559451123,4.60366269070236));
#11488=CARTESIAN_POINT('',(36.1499998338829,-78.4827178549073,6.5355143432805));
#11489=CARTESIAN_POINT('Origin',(35.1499998338829,-79.0003559451123,4.60366269070236));
#11490=CARTESIAN_POINT('Origin',(35.1499998338829,-81.5885463961375,-5.05559557218832));
#11491=CARTESIAN_POINT('',(32.5141762257487,-83.5203980487157,-4.53795748198327));
#11492=CARTESIAN_POINT('Origin',(-45.649999837821,-70.2276714996783,2.25302897809527));
#11493=CARTESIAN_POINT('Origin',(-1.84259589257858E-7,-78.4827178549075,
6.53551434328057));
#11494=CARTESIAN_POINT('',(0.999999815740409,-81.5885463961377,-5.05559557218825));
#11495=CARTESIAN_POINT('Origin',(-1.8425959369875E-7,-81.5885463961378,
-5.05559557218826));
#11496=CARTESIAN_POINT('',(0.999999815740412,-79.0003559451125,4.60366269070243));
#11497=CARTESIAN_POINT('',(0.999999815740413,-78.4827178549075,6.53551434328057));
#11498=CARTESIAN_POINT('Origin',(-1.84259590021136E-7,-79.0003559451125,
4.60366269070243));
#11499=CARTESIAN_POINT('Origin',(-1.84259593507029E-7,-81.5885463961378,
-5.05559557218826));
#11500=CARTESIAN_POINT('',(-7.23349705789652,-83.5203980487159,-4.53795748198321));
#11501=CARTESIAN_POINT('Origin',(-14.4669939315334,-80.4145695074857,7.05315243348562));
#11502=CARTESIAN_POINT('',(14.4669935630143,-84.555674229126,-8.40166078713949));
#11503=CARTESIAN_POINT('Origin',(-45.649999837821,-70.2276714996783,2.25302897809527));
#11504=CARTESIAN_POINT('Origin',(-35.1500002024019,-60.3094968630202,1.66601445463205));
#11505=CARTESIAN_POINT('',(-34.1500002024019,-63.4153254042505,-9.92509546083677));
#11506=CARTESIAN_POINT('Origin',(-35.150000202402,-63.4153254042505,-9.92509546083678));
#11507=CARTESIAN_POINT('',(-34.1500002024019,-60.8271349532253,-0.265837197946087));
#11508=CARTESIAN_POINT('',(-34.1500002024019,-60.3094968630202,1.66601445463205));
#11509=CARTESIAN_POINT('Origin',(-35.1500002024019,-60.8271349532253,-0.265837197946087));
#11510=CARTESIAN_POINT('Origin',(-35.150000202402,-63.4153254042505,-9.92509546083677));
#11511=CARTESIAN_POINT('Origin',(-45.649999837821,-70.2276714996783,2.25302897809527));
#11512=CARTESIAN_POINT('Origin',(35.1499998338828,-60.3094968630202,1.66601445463202));
#11513=CARTESIAN_POINT('',(36.1499998338828,-60.8271349532252,-0.265837197946118));
#11514=CARTESIAN_POINT('',(36.1499998338828,-60.3094968630202,1.66601445463202));
#11515=CARTESIAN_POINT('Origin',(35.1499998338828,-60.8271349532252,-0.265837197946118));
#11516=CARTESIAN_POINT('Origin',(-45.649999837821,-70.2276714996783,2.25302897809527));
#11517=CARTESIAN_POINT('Origin',(-1.84259589257858E-7,-60.3094968630202,
1.66601445463204));
#11518=CARTESIAN_POINT('',(0.999999815740406,-60.8271349532253,-0.265837197946103));
#11519=CARTESIAN_POINT('',(0.999999815740407,-60.3094968630202,1.66601445463204));
#11520=CARTESIAN_POINT('Origin',(-1.84259590021136E-7,-60.8271349532253,
-0.265837197946103));
#11521=CARTESIAN_POINT('Origin',(-45.649999837821,-70.2276714996783,2.25302897809527));
#11522=CARTESIAN_POINT('Origin',(29.8783526176146,-80.4145695074855,7.05315243348557));
#11523=CARTESIAN_POINT('',(37.1499998338829,-84.5556742291258,-8.40166078713954));
#11524=CARTESIAN_POINT('Origin',(-37.1500002024019,-80.4145695074856,7.05315243348562));
#11525=CARTESIAN_POINT('',(-37.1500002024019,-84.5556742291259,-8.40166078713947));
#11526=CARTESIAN_POINT('Origin',(5.21064488052788E-9,-73.8511381311136,
-11.2699325899517));
#11527=CARTESIAN_POINT('',(38.1499998338828,-61.5528241057934,-14.5652559013006));
#11528=CARTESIAN_POINT('',(14.1104153420159,-86.1494521564337,-7.97460927860283));
#11529=CARTESIAN_POINT('',(-30.2349308807252,-86.1494521564339,-7.97460927860277));
#11530=CARTESIAN_POINT('Origin',(-45.649999837821,-70.2276714996783,2.25302897809527));
#11531=CARTESIAN_POINT('',(-45.4933141480539,-82.5259855249985,5.54835228944417));
#11532=CARTESIAN_POINT('',(-30.2349308807252,-82.5259855249985,5.54835228944418));
#11533=CARTESIAN_POINT('',(-46.4657989759653,-81.7850877869002,5.34982933884668));
#11534=CARTESIAN_POINT('Origin',(-45.4933141480539,-81.5600596987094,5.28953324434164));
#11535=CARTESIAN_POINT('',(-52.3828523086827,-76.070334707148,3.81856586618382));
#11536=CARTESIAN_POINT('Origin',(-54.2456730903141,-83.5853306728483,5.83220296631636));
#11537=CARTESIAN_POINT('',(-53.1499998330348,-75.1309601821684,3.56686122082516));
#11538=CARTESIAN_POINT('Origin',(-52.1499998330348,-75.1309601832069,3.56686122110343));
#11539=CARTESIAN_POINT('',(-38.1499998426073,-57.9293574743581,-1.04229433325364));
#11540=CARTESIAN_POINT('',(-44.0499997938817,-74.7985789146861,3.47779992862404));
#11541=CARTESIAN_POINT('Origin',(-45.1499997938817,-74.7985789146861,3.47779992862404));
#11542=CARTESIAN_POINT('Origin',(-45.649999837821,-69.7100334094733,4.18488063067341));
#11543=CARTESIAN_POINT('',(46.465798499449,-81.2674518186334,7.28168155999643));
#11544=CARTESIAN_POINT('Origin',(45.4933141978014,-81.0424216085043,7.22138489691972));
#11545=CARTESIAN_POINT('',(52.3828527820177,-75.5526967184075,5.75041754594926));
#11546=CARTESIAN_POINT('Origin',(54.2456730903145,-83.067692783228,7.76405467264097));
#11547=CARTESIAN_POINT('',(53.1499998434561,-74.6133222935865,5.49871292742803));
#11548=CARTESIAN_POINT('Origin',(52.1499998330348,-74.6133222935865,5.49871292742803));
#11549=CARTESIAN_POINT('',(38.1499998338828,-57.411719384153,0.889557319324461));
#11550=CARTESIAN_POINT('',(53.1499998434561,-74.6133222935865,5.49871292742803));
#11551=CARTESIAN_POINT('',(-38.1499998426073,-57.411719384153,0.889557319324492));
#11552=CARTESIAN_POINT('',(38.1499998338828,-57.411719384153,0.889557319324461));
#11553=CARTESIAN_POINT('',(-53.1499998330348,-74.6133220919633,5.4987128734033));
#11554=CARTESIAN_POINT('',(-38.1499998426073,-57.411719384153,0.889557319324492));
#11555=CARTESIAN_POINT('',(-52.3828523086827,-75.552696616943,5.75041751876196));
#11556=CARTESIAN_POINT('Origin',(-52.1499998330348,-74.6133220930018,5.49871287368156));
#11557=CARTESIAN_POINT('',(-46.4657989759653,-81.2674496966951,7.28168099142481));
#11558=CARTESIAN_POINT('Origin',(-54.2456730903141,-83.0676925826432,7.76405461889449));
#11559=CARTESIAN_POINT('',(-45.4933141480539,-82.0083474347934,7.4802039420223));
#11560=CARTESIAN_POINT('Origin',(-45.4933141480539,-81.0424216085043,7.22138489691978));
#11561=CARTESIAN_POINT('',(-30.2349308807252,-82.0083474347935,7.48020394202232));
#11562=CARTESIAN_POINT('',(-30.2349308807252,-82.0083474347935,7.48020394202232));
#11563=CARTESIAN_POINT('Origin',(-30.2349308807252,-81.0424216085043,7.22138489691977));
#11564=CARTESIAN_POINT('',(-14.1104152999031,-82.0083474347934,7.48020394202228));
#11565=CARTESIAN_POINT('Origin',(-14.1104152999031,-81.0424216085043,7.22138489691976));
#11566=CARTESIAN_POINT('',(14.1104153420159,-82.0083474347934,7.48020394202227));
#11567=CARTESIAN_POINT('',(14.1104153420159,-82.0083474347934,7.48020394202226));
#11568=CARTESIAN_POINT('Origin',(14.1104153420159,-81.0424216085043,7.22138489691976));
#11569=CARTESIAN_POINT('',(46.2499998345804,-74.2809408244807,5.40965158120207));
#11570=CARTESIAN_POINT('Origin',(45.1499998345804,-74.2809408244807,5.40965158120207));
#11571=CARTESIAN_POINT('',(-44.0499997938817,-74.280940824481,5.40965158120218));
#11572=CARTESIAN_POINT('Origin',(-45.1499997938817,-74.280940824481,5.40965158120218));
#11573=CARTESIAN_POINT('Origin',(-45.1499997938817,-74.280940824481,5.40965158120218));
#11574=CARTESIAN_POINT('',(-44.0499997938817,-74.280940824481,5.40965158120218));
#11575=CARTESIAN_POINT('Origin',(45.1499998345804,-74.2809408244807,5.40965158120207));
#11576=CARTESIAN_POINT('',(46.2499998345804,-74.2809408244807,5.40965158120207));
#11577=CARTESIAN_POINT('Origin',(-54.2456730903141,-83.0676925826432,7.76405461889449));
#11578=CARTESIAN_POINT('',(-52.3828523086827,-75.552696616943,5.75041751876196));
#11579=CARTESIAN_POINT('',(-46.4657989759653,-81.2674496966951,7.28168099142481));
#11580=CARTESIAN_POINT('Origin',(-45.4933141480539,-81.0424216085043,7.22138489691978));
#11581=CARTESIAN_POINT('',(-45.4933141480539,-82.0083474347934,7.4802039420223));
#11582=CARTESIAN_POINT('Origin',(-30.2349308807252,-82.0083474347935,7.48020394202232));
#11583=CARTESIAN_POINT('',(-30.2349308807252,-82.0083474347935,7.48020394202232));
#11584=CARTESIAN_POINT('Origin',(-30.2349308807252,-81.0424216085043,7.22138489691977));
#11585=CARTESIAN_POINT('Origin',(-14.1104152999031,-81.0424216085043,7.22138489691976));
#11586=CARTESIAN_POINT('',(-14.1104152999031,-82.0083474347934,7.48020394202228));
#11587=CARTESIAN_POINT('Origin',(14.1104153420159,-82.0083474347934,7.48020394202226));
#11588=CARTESIAN_POINT('',(14.1104153420159,-82.0083474347934,7.48020394202227));
#11589=CARTESIAN_POINT('Origin',(14.1104153420159,-81.0424216085043,7.22138489691976));
#11590=CARTESIAN_POINT('Origin',(45.4933141978014,-81.0424216085043,7.22138489691972));
#11591=CARTESIAN_POINT('',(46.465798499449,-81.2674518186334,7.28168155999643));
#11592=CARTESIAN_POINT('Origin',(54.2456730903145,-83.067692783228,7.76405467264097));
#11593=CARTESIAN_POINT('',(52.3828527820177,-75.5526967184075,5.75041754594926));
#11594=CARTESIAN_POINT('Origin',(52.1499998330348,-74.6133222935865,5.49871292742803));
#11595=CARTESIAN_POINT('',(53.1499998434561,-74.6133222935865,5.49871292742803));
#11596=CARTESIAN_POINT('Origin',(38.1499998338828,-57.411719384153,0.889557319324463));
#11597=CARTESIAN_POINT('',(38.1499998338828,-57.411719384153,0.889557319324461));
#11598=CARTESIAN_POINT('Origin',(-38.1499998426073,-57.411719384153,0.889557319324491));
#11599=CARTESIAN_POINT('',(-38.1499998426073,-57.411719384153,0.889557319324492));
#11600=CARTESIAN_POINT('Origin',(-53.1499998330348,-74.6133220919633,5.4987128734033));
#11601=CARTESIAN_POINT('',(-53.1499998330348,-74.6133220919633,5.4987128734033));
#11602=CARTESIAN_POINT('Origin',(-52.1499998330348,-74.6133220930018,5.49871287368156));
#11603=CARTESIAN_POINT('Origin',(-45.649999837821,-70.2276714996783,2.25302897809527));
#11604=CARTESIAN_POINT('Origin',(-1.84259592613388E-7,-82.6238225765478,
-8.91929887734452));
#11605=CARTESIAN_POINT('',(1.79999981574041,-82.6238225765478,-8.91929887734453));
#11606=CARTESIAN_POINT('',(1.79999981574041,-82.0544206773223,-6.79426205950858));
#11607=CARTESIAN_POINT('',(1.79999981574041,-82.6238225765478,-8.91929887734453));
#11608=CARTESIAN_POINT('',(-1.84259591503165E-7,-84.3624890638681,-8.45342459615999));
#11609=CARTESIAN_POINT('Origin',(-1.84259592613388E-7,-82.6238225765478,
-8.91929887734452));
#11610=CARTESIAN_POINT('',(-1.84259590670498E-7,-83.7930871646426,-6.32838777832404));
#11611=CARTESIAN_POINT('',(-1.84259591503165E-7,-84.3624890638681,-8.45342459615999));
#11612=CARTESIAN_POINT('Origin',(-1.84259591780721E-7,-82.0544206773223,
-6.79426205950857));
#11613=CARTESIAN_POINT('Origin',(-1.84259592759836E-7,-64.4506015846605,
-13.7887987659931));
#11614=CARTESIAN_POINT('',(1.79999981574041,-64.4506015846605,-13.7887987659931));
#11615=CARTESIAN_POINT('',(1.79999981574041,-63.881199685435,-11.6637619481571));
#11616=CARTESIAN_POINT('',(1.79999981574041,-64.4506015846605,-13.7887987659931));
#11617=CARTESIAN_POINT('',(-1.84259592759836E-7,-62.7119350973402,-14.2546730471776));
#11618=CARTESIAN_POINT('Origin',(-1.84259592759836E-7,-64.4506015846605,
-13.7887987659931));
#11619=CARTESIAN_POINT('',(-1.84259592065947E-7,-62.1425331981147,-12.1296362293417));
#11620=CARTESIAN_POINT('',(-1.84259592759836E-7,-62.7119350973402,-14.2546730471776));
#11621=CARTESIAN_POINT('Origin',(-1.84259592065947E-7,-63.881199685435,
-11.6637619481571));
#11622=CARTESIAN_POINT('Origin',(-20.7774064389275,-68.3078234304497,-12.7552592873862));
#11623=CARTESIAN_POINT('',(-20.9641769895293,-65.3491376985146,-9.40693201827535));
#11624=CARTESIAN_POINT('',(-20.7774064389275,-67.2725472500397,-8.89155598222989));
#11625=CARTESIAN_POINT('',(-20.4351257321652,-70.7974390414269,-7.94706407332059));
#11626=CARTESIAN_POINT('',(-20.9641769895293,-66.3844138789246,-13.2706353234316));
#11627=CARTESIAN_POINT('',(-20.9641769895293,-66.3844138789246,-13.2706353234316));
#11628=CARTESIAN_POINT('',(-20.7774064389275,-68.3078234304497,-12.7552592873862));
#11629=CARTESIAN_POINT('',(-20.4351257321652,-71.8327152218369,-11.8107673784769));
#11630=CARTESIAN_POINT('',(-20.7774064389275,-68.3078234304497,-12.7552592873862));
#11631=CARTESIAN_POINT('Origin',(-32.342325898524,-79.478677815427,-9.76203787616583));
#11632=CARTESIAN_POINT('',(-32.342325898524,-78.4434016350169,-5.89833457100955));
#11633=CARTESIAN_POINT('',(-22.7189799772688,-69.147963274363,-8.38903977304006));
#11634=CARTESIAN_POINT('',(-32.342325898524,-79.478677815427,-9.76203787616583));
#11635=CARTESIAN_POINT('',(-22.7189799772688,-70.1832394547731,-12.2527430781963));
#11636=CARTESIAN_POINT('',(-32.342325898524,-79.478677815427,-9.76203787616583));
#11637=CARTESIAN_POINT('Origin',(-33.3985788617023,-78.4390759855248,-10.040598346938));
#11638=CARTESIAN_POINT('',(-33.3985788617023,-77.4037998051147,-6.17689504178177));
#11639=CARTESIAN_POINT('',(-26.4741800662731,-84.2190400076512,-4.35075693328798));
#11640=CARTESIAN_POINT('',(-33.3985788617023,-78.4390759855248,-10.040598346938));
#11641=CARTESIAN_POINT('',(-26.4741800662731,-85.2543161880613,-8.21446023844426));
#11642=CARTESIAN_POINT('',(-33.3985788617023,-78.4390759855248,-10.040598346938));
#11643=CARTESIAN_POINT('Origin',(-20.9641769895293,-66.3844138789246,-13.2706353234316));
#11644=CARTESIAN_POINT('',(-17.5935449112176,-62.0814428622518,-10.2825082107633));
#11645=CARTESIAN_POINT('',(-17.5935449112176,-63.1167190426619,-14.1462115159196));
#11646=CARTESIAN_POINT('Origin',(-16.4671133483367,-80.0283742235568,-9.61474716752516));
#11647=CARTESIAN_POINT('',(-15.0528997859636,-80.3591234469312,-5.38501845858444));
#11648=CARTESIAN_POINT('',(-16.4671133483367,-78.9930980431467,-5.75104386236889));
#11649=CARTESIAN_POINT('',(-14.0303714400693,-81.3468099843432,-5.1203686485098));
#11650=CARTESIAN_POINT('',(-15.0528997859636,-81.3943996273413,-9.24872176374072));
#11651=CARTESIAN_POINT('',(-15.0528997859636,-81.3943996273413,-9.24872176374072));
#11652=CARTESIAN_POINT('',(-16.4671133483367,-80.0283742235568,-9.61474716752516));
#11653=CARTESIAN_POINT('',(-14.0303714400693,-82.3820861647533,-8.98407195366607));
#11654=CARTESIAN_POINT('',(-16.4671133483367,-80.0283742235568,-9.61474716752516));
#11655=CARTESIAN_POINT('Origin',(-1.69144971290661,-65.7561791175348,-13.4389703204032));
#11656=CARTESIAN_POINT('',(-1.69144971287068,-64.7209029371594,-9.57526701523762));
#11657=CARTESIAN_POINT('',(-3.28246684746486,-66.2577074774629,-9.16348147973882));
#11658=CARTESIAN_POINT('',(-1.69144971287067,-65.7561791175695,-13.4389703203939));
#11659=CARTESIAN_POINT('',(-3.28246684746486,-67.292983657873,-13.0271847848951));
#11660=CARTESIAN_POINT('',(-1.69144971287067,-65.7561791175695,-13.4389703203939));
#11661=CARTESIAN_POINT('Origin',(-0.277236150538887,-67.1222045213243,-13.0729449166174));
#11662=CARTESIAN_POINT('',(-0.277236150538895,-66.0869283409143,-9.20924161146111));
#11663=CARTESIAN_POINT('',(1.45239897654153,-67.7576275802306,-8.761579099491));
#11664=CARTESIAN_POINT('',(-0.277236150538887,-67.1222045213243,-13.0729449166174));
#11665=CARTESIAN_POINT('',(1.45239897654154,-68.7929037606407,-12.6252824046473));
#11666=CARTESIAN_POINT('',(-0.277236150538887,-67.1222045213243,-13.0729449166174));
#11667=CARTESIAN_POINT('Origin',(-15.0528997859636,-81.3943996273413,-9.24872176374072));
#11668=CARTESIAN_POINT('',(-9.25608510280678,-74.7598304342584,-6.88534449951535));
#11669=CARTESIAN_POINT('',(-9.25608510280678,-75.7951066146685,-10.7490478046716));
#11670=CARTESIAN_POINT('Origin',(18.9954911221884,-67.1222045213243,-13.0729449166174));
#11671=CARTESIAN_POINT('',(17.5812775598566,-64.7209029371594,-9.57526701523763));
#11672=CARTESIAN_POINT('',(18.9954911221884,-66.0869283409143,-9.20924161146112));
#11673=CARTESIAN_POINT('',(15.9069444311234,-63.1036213262924,-10.0086163168032));
#11674=CARTESIAN_POINT('',(17.5812775598566,-65.7561791175695,-13.4389703203939));
#11675=CARTESIAN_POINT('',(17.5812775598566,-65.7561791175695,-13.4389703203939));
#11676=CARTESIAN_POINT('',(18.9954911221884,-67.1222045213243,-13.0729449166174));
#11677=CARTESIAN_POINT('',(15.9069444311234,-64.1388975067025,-13.8723196219594));
#11678=CARTESIAN_POINT('',(18.9954911221884,-67.1222045213243,-13.0729449166174));
#11679=CARTESIAN_POINT('Origin',(4.21982748675698,-81.3943996273478,-9.24872176373899));
#11680=CARTESIAN_POINT('',(4.21982748675027,-80.3591234469312,-5.38501845858445));
#11681=CARTESIAN_POINT('',(5.19846035173529,-79.4138366881999,-5.63830728220234));
#11682=CARTESIAN_POINT('',(4.21982748675028,-81.3943996273413,-9.24872176374073));
#11683=CARTESIAN_POINT('',(5.19846035173529,-80.4491128686099,-9.50201058735861));
#11684=CARTESIAN_POINT('',(4.21982748675028,-81.3943996273413,-9.24872176374073));
#11685=CARTESIAN_POINT('Origin',(2.25329471296046,-81.3943996273413,-9.24872176374072));
#11686=CARTESIAN_POINT('',(2.25329471296046,-80.3591234469312,-5.38501845858445));
#11687=CARTESIAN_POINT('',(1.12664727373616,-80.3591234469312,-5.38501845858445));
#11688=CARTESIAN_POINT('',(2.25329471296046,-81.3943996273413,-9.24872176374072));
#11689=CARTESIAN_POINT('',(1.12664727373616,-81.3943996273413,-9.24872176374072));
#11690=CARTESIAN_POINT('',(2.25329471296046,-81.3943996273413,-9.24872176374072));
#11691=CARTESIAN_POINT('Origin',(1.82234753748068,-80.9781366207766,-9.36025910018868));
#11692=CARTESIAN_POINT('',(1.82234753748067,-79.9428604403665,-5.4965557950324));
#11693=CARTESIAN_POINT('',(-0.559092372426238,-77.6425661276186,-6.1129177984871));
#11694=CARTESIAN_POINT('',(1.82234753748068,-80.9781366207766,-9.36025910018868));
#11695=CARTESIAN_POINT('',(-0.559092372426231,-78.6778423080287,-9.97662110364338));
#11696=CARTESIAN_POINT('',(1.82234753748068,-80.9781366207766,-9.36025910018868));
#11697=CARTESIAN_POINT('Origin',(17.5812775598566,-65.7561791175695,-13.4389703203939));
#11698=CARTESIAN_POINT('',(11.1720786070911,-70.9117137314246,-7.91644426242038));
#11699=CARTESIAN_POINT('',(11.1720786070911,-71.9469899118347,-11.7801475675767));
#11700=CARTESIAN_POINT('Origin',(24.2885230905316,-77.8935447486674,-10.1867730013));
#11701=CARTESIAN_POINT('',(25.7027366528492,-78.2242939720954,-5.95704429234487));
#11702=CARTESIAN_POINT('',(24.2885230905316,-76.8582685682573,-6.32306969614368));
#11703=CARTESIAN_POINT('',(17.0888904157064,-69.903957427303,-8.18647175027716));
#11704=CARTESIAN_POINT('',(25.7027366528492,-79.2595701525055,-9.82074759750115));
#11705=CARTESIAN_POINT('',(25.7027366528492,-79.2595701525055,-9.82074759750115));
#11706=CARTESIAN_POINT('',(24.2885230905316,-77.8935447486674,-10.1867730013));
#11707=CARTESIAN_POINT('',(17.0888904157064,-70.939233607713,-12.0501750554334));
#11708=CARTESIAN_POINT('',(24.2885230905316,-77.8935447486674,-10.1867730013));
#11709=CARTESIAN_POINT('Origin',(31.7838549709947,-70.6536101087202,-12.1267076413279));
#11710=CARTESIAN_POINT('',(31.7838549709947,-69.6183339283102,-8.26300433617164));
#11711=CARTESIAN_POINT('',(23.0915600780552,-78.014446055121,-6.01327287223152));
#11712=CARTESIAN_POINT('',(31.7838549709947,-70.6536101087202,-12.1267076413279));
#11713=CARTESIAN_POINT('',(23.0915600780552,-79.049722235531,-9.87697617738779));
#11714=CARTESIAN_POINT('',(31.7838549709947,-70.6536101087202,-12.1267076413279));
#11715=CARTESIAN_POINT('Origin',(33.1980685335408,-72.0196355123375,-11.7606822375883));
#11716=CARTESIAN_POINT('',(33.1980685335408,-70.9843593319275,-7.89697893243198));
#11717=CARTESIAN_POINT('',(25.2913290750217,-63.3470354890736,-9.94339368845964));
#11718=CARTESIAN_POINT('',(33.1980685335408,-72.0196355123375,-11.7606822375883));
#11719=CARTESIAN_POINT('',(25.2913290750217,-64.3823116694837,-13.8070969936159));
#11720=CARTESIAN_POINT('',(33.1980685335408,-72.0196355123375,-11.7606822375883));
#11721=CARTESIAN_POINT('Origin',(25.7027366528492,-79.2595701525055,-9.82074759750115));
#11722=CARTESIAN_POINT('',(20.7581077001691,-83.0004387789058,-4.67728014842591));
#11723=CARTESIAN_POINT('',(20.7581077001691,-84.0357149593159,-8.54098345358218));
#11724=CARTESIAN_POINT('Origin',(32.0358230104707,-66.3844138789246,-13.2706353234316));
#11725=CARTESIAN_POINT('',(19.6014211382977,-77.4037998051147,-6.17689504178179));
#11726=CARTESIAN_POINT('',(32.0358230104707,-65.3491376985146,-9.40693201827537));
#11727=CARTESIAN_POINT('',(22.2048536556298,-74.8798746789687,-6.85317874108922));
#11728=CARTESIAN_POINT('',(19.6014211382977,-78.4390759855248,-10.0405983469381));
#11729=CARTESIAN_POINT('',(19.6014211382977,-78.4390759855248,-10.0405983469381));
#11730=CARTESIAN_POINT('',(32.0358230104707,-66.3844138789246,-13.2706353234316));
#11731=CARTESIAN_POINT('',(22.2048536556298,-75.9151508593788,-10.7168820462455));
#11732=CARTESIAN_POINT('',(32.0358230104707,-66.3844138789246,-13.2706353234316));
#11733=CARTESIAN_POINT('Origin',(32.2225935610725,-68.3078234304497,-12.7552592873862));
#11734=CARTESIAN_POINT('',(32.2225935610725,-67.2725472500397,-8.89155598222991));
#11735=CARTESIAN_POINT('',(32.3337728122945,-68.4174988124928,-8.58476713569783));
#11736=CARTESIAN_POINT('',(32.2225935610725,-68.3078234304497,-12.7552592873862));
#11737=CARTESIAN_POINT('',(32.3337728122945,-69.4527749929029,-12.4484704408541));
#11738=CARTESIAN_POINT('',(32.2225935610725,-68.3078234304497,-12.7552592873862));
#11739=CARTESIAN_POINT('Origin',(20.657674101476,-79.478677815427,-9.76203787616585));
#11740=CARTESIAN_POINT('',(20.657674101476,-78.4434016350169,-5.89833457100957));
#11741=CARTESIAN_POINT('',(17.0310200227312,-81.9464804726932,-4.95968742543166));
#11742=CARTESIAN_POINT('',(20.657674101476,-79.478677815427,-9.76203787616585));
#11743=CARTESIAN_POINT('',(17.0310200227312,-82.9817566531032,-8.82339073058793));
#11744=CARTESIAN_POINT('',(20.657674101476,-79.478677815427,-9.76203787616585));
#11745=CARTESIAN_POINT('Origin',(19.6014211382977,-78.4390759855248,-10.0405983469381));
#11746=CARTESIAN_POINT('',(13.5246033129974,-71.4227790161597,-7.77950473209604));
#11747=CARTESIAN_POINT('',(13.5246033129975,-72.4580551965698,-11.6432080372523));
#11748=CARTESIAN_POINT('Origin',(12.9498662883452,-68.3078234304497,-12.7552592873862));
#11749=CARTESIAN_POINT('',(12.7630957377434,-65.3491376985146,-9.40693201827536));
#11750=CARTESIAN_POINT('',(12.9498662883452,-67.2725472500397,-8.8915559822299));
#11751=CARTESIAN_POINT('',(13.145082432491,-69.2829316230143,-8.3528751130152));
#11752=CARTESIAN_POINT('',(12.7630957377434,-66.3844138789246,-13.2706353234316));
#11753=CARTESIAN_POINT('',(12.7630957377434,-66.3844138789246,-13.2706353234316));
#11754=CARTESIAN_POINT('',(12.9498662883452,-68.3078234304497,-12.7552592873862));
#11755=CARTESIAN_POINT('',(13.145082432491,-70.3182078034244,-12.2165784181715));
#11756=CARTESIAN_POINT('',(12.9498662883452,-68.3078234304497,-12.7552592873862));
#11757=CARTESIAN_POINT('Origin',(1.38494682874874,-79.478677815427,-9.76203787616584));
#11758=CARTESIAN_POINT('',(1.38494682874873,-78.4434016350169,-5.89833457100956));
#11759=CARTESIAN_POINT('',(2.57647456818571,-77.2924742187549,-6.20672464274381));
#11760=CARTESIAN_POINT('',(1.38494682874874,-79.478677815427,-9.76203787616584));
#11761=CARTESIAN_POINT('',(2.57647456818571,-78.327750399165,-10.0704279479001));
#11762=CARTESIAN_POINT('',(1.38494682874874,-79.478677815427,-9.76203787616584));
#11763=CARTESIAN_POINT('Origin',(0.328693865570437,-78.4390759855248,-10.0405983469381));
#11764=CARTESIAN_POINT('',(0.32869386557043,-77.4037998051147,-6.17689504178179));
#11765=CARTESIAN_POINT('',(-1.0204088249191,-76.0759648312475,-6.53268735071129));
#11766=CARTESIAN_POINT('',(0.328693865570437,-78.4390759855248,-10.0405983469381));
#11767=CARTESIAN_POINT('',(-1.0204088249191,-77.1112410116576,-10.3963906558676));
#11768=CARTESIAN_POINT('',(0.328693865570437,-78.4390759855248,-10.0405983469381));
#11769=CARTESIAN_POINT('Origin',(12.7630957377434,-66.3844138789246,-13.2706353234316));
#11770=CARTESIAN_POINT('',(7.73270872223073,-70.2258994728899,-8.10020763915252));
#11771=CARTESIAN_POINT('',(7.73270872223073,-71.2611756532999,-11.9639109443088));
#11772=CARTESIAN_POINT('Origin',(-6.32286098438203,-68.3078234304497,-12.7552592873862));
#11773=CARTESIAN_POINT('',(-6.50963153498387,-65.3491376985146,-9.40693201827535));
#11774=CARTESIAN_POINT('',(-6.32286098438203,-67.2725472500397,-8.8915559822299));
#11775=CARTESIAN_POINT('',(-6.04360794731257,-70.1483644335357,-8.12098309033257));
#11776=CARTESIAN_POINT('',(-6.50963153498386,-66.3844138789246,-13.2706353234316));
#11777=CARTESIAN_POINT('',(-6.50963153498386,-66.3844138789246,-13.2706353234316));
#11778=CARTESIAN_POINT('',(-6.32286098438203,-68.3078234304497,-12.7552592873862));
#11779=CARTESIAN_POINT('',(-6.04360794731256,-71.1836406139458,-11.9846863954888));
#11780=CARTESIAN_POINT('',(-6.32286098438203,-68.3078234304497,-12.7552592873862));
#11781=CARTESIAN_POINT('Origin',(-17.8877804439785,-79.478677815427,-9.76203787616583));
#11782=CARTESIAN_POINT('',(-17.8877804439785,-78.4434016350169,-5.89833457100955));
#11783=CARTESIAN_POINT('',(-11.8780708863597,-72.6384679648167,-7.45376186005595));
#11784=CARTESIAN_POINT('',(-17.8877804439785,-79.478677815427,-9.76203787616583));
#11785=CARTESIAN_POINT('',(-11.8780708863597,-73.6737441452268,-11.3174651652122));
#11786=CARTESIAN_POINT('',(-17.8877804439785,-79.478677815427,-9.76203787616583));
#11787=CARTESIAN_POINT('Origin',(-18.9440334071568,-78.4390759855248,-10.0405983469381));
#11788=CARTESIAN_POINT('',(-18.9440334071568,-77.4037998051147,-6.17689504178178));
#11789=CARTESIAN_POINT('',(-15.5654209628357,-80.7291506463354,-5.28586996932654));
#11790=CARTESIAN_POINT('',(-18.9440334071568,-78.4390759855248,-10.0405983469381));
#11791=CARTESIAN_POINT('',(-15.5654209628357,-81.7644268267454,-9.14957327448282));
#11792=CARTESIAN_POINT('',(-18.9440334071568,-78.4390759855248,-10.0405983469381));
#11793=CARTESIAN_POINT('Origin',(-6.50963153498386,-66.3844138789246,-13.2706353234316));
#11794=CARTESIAN_POINT('',(-6.73943621116832,-65.571924266811,-9.34723653721582));
#11795=CARTESIAN_POINT('',(-6.73943621116832,-66.6072004472211,-13.2109398423721));
#11796=CARTESIAN_POINT('Origin',(-33.2552569865297,-73.6375592006058,-11.3271608919017));
#11797=CARTESIAN_POINT('',(-31.8384629139657,-73.9658112860158,-7.0981012890618));
#11798=CARTESIAN_POINT('',(-33.2552569865297,-72.6022830201957,-7.46345758674531));
#11799=CARTESIAN_POINT('',(-24.9370463015141,-80.6077621577105,-5.31839591682401));
#11800=CARTESIAN_POINT('',(-31.8384629139657,-75.0010874664259,-10.9618045942181));
#11801=CARTESIAN_POINT('',(-31.8384629139657,-75.0010874664259,-10.9618045942181));
#11802=CARTESIAN_POINT('',(-33.2552569865297,-73.6375592006058,-11.3271608919017));
#11803=CARTESIAN_POINT('',(-24.9370463015141,-81.6430383381205,-9.18209922198029));
#11804=CARTESIAN_POINT('',(-33.2552569865297,-73.6375592006058,-11.3271608919017));
#11805=CARTESIAN_POINT('Origin',(-25.7736268114565,-66.3844138789246,-13.2706353234317));
#11806=CARTESIAN_POINT('',(-25.7736268114565,-65.3491376985146,-9.40693201827535));
#11807=CARTESIAN_POINT('',(-21.2050241734878,-60.9200576618395,-10.5937004373152));
#11808=CARTESIAN_POINT('',(-25.7736268114565,-66.3844138789246,-13.2706353234317));
#11809=CARTESIAN_POINT('',(-21.2050241734878,-61.9553338422496,-14.4574037424715));
#11810=CARTESIAN_POINT('',(-25.7736268114565,-66.3844138789246,-13.2706353234317));
#11811=CARTESIAN_POINT('Origin',(-24.3568327388925,-67.7479421447448,-12.9052790257481));
#11812=CARTESIAN_POINT('',(-24.3568327388925,-66.7126659643347,-9.04157572059182));
#11813=CARTESIAN_POINT('',(-16.7470190901591,-74.0363809689395,-7.07919219951228));
#11814=CARTESIAN_POINT('',(-24.3568327388925,-67.7479421447448,-12.9052790257481));
#11815=CARTESIAN_POINT('',(-16.7470190901591,-75.0716571493496,-10.9428955046686));
#11816=CARTESIAN_POINT('',(-24.3568327388925,-67.7479421447448,-12.9052790257481));
#11817=CARTESIAN_POINT('Origin',(-31.8384629139657,-75.0010874664259,-10.9618045942181));
#11818=CARTESIAN_POINT('',(-23.5290451884604,-65.9101585885002,-9.2566069238667));
#11819=CARTESIAN_POINT('',(-23.5290451884604,-66.9454347689103,-13.120310229023));
#11820=CARTESIAN_POINT('Origin',(-15.9592246207457,-68.3078234304497,-12.7552592873862));
#11821=CARTESIAN_POINT('',(-16.1459951713475,-65.3491376985146,-9.40693201827535));
#11822=CARTESIAN_POINT('',(-15.9592246207457,-67.2725472500397,-8.89155598222989));
#11823=CARTESIAN_POINT('',(-15.6379531372143,-70.5810808387965,-8.00503707899125));
#11824=CARTESIAN_POINT('',(-16.1459951713475,-66.3844138789246,-13.2706353234316));
#11825=CARTESIAN_POINT('',(-16.1459951713475,-66.3844138789246,-13.2706353234316));
#11826=CARTESIAN_POINT('',(-15.9592246207457,-68.3078234304497,-12.7552592873862));
#11827=CARTESIAN_POINT('',(-15.6379531372143,-71.6163570192066,-11.8687403841475));
#11828=CARTESIAN_POINT('',(-15.9592246207457,-68.3078234304497,-12.7552592873862));
#11829=CARTESIAN_POINT('Origin',(-27.5241440803422,-79.478677815427,-9.76203787616583));
#11830=CARTESIAN_POINT('',(-27.5241440803422,-78.4434016350169,-5.89833457100955));
#11831=CARTESIAN_POINT('',(-19.1053436136325,-70.3114648378476,-8.07728046871202));
#11832=CARTESIAN_POINT('',(-27.5241440803422,-79.478677815427,-9.76203787616583));
#11833=CARTESIAN_POINT('',(-19.1053436136325,-71.3467410182577,-11.9409837738683));
#11834=CARTESIAN_POINT('',(-27.5241440803422,-79.478677815427,-9.76203787616583));
#11835=CARTESIAN_POINT('Origin',(-28.5803970435205,-78.4390759855248,-10.0405983469381));
#11836=CARTESIAN_POINT('',(-28.5803970435205,-77.4037998051147,-6.17689504178178));
#11837=CARTESIAN_POINT('',(-22.8379270317939,-83.0557435538793,-4.66246127863417));
#11838=CARTESIAN_POINT('',(-28.5803970435205,-78.4390759855248,-10.0405983469381));
#11839=CARTESIAN_POINT('',(-22.8379270317939,-84.0910197342893,-8.52616458379044));
#11840=CARTESIAN_POINT('',(-28.5803970435205,-78.4390759855248,-10.0405983469381));
#11841=CARTESIAN_POINT('Origin',(-16.1459951713475,-66.3844138789246,-13.2706353234316));
#11842=CARTESIAN_POINT('',(-13.9755086778678,-63.2449366637715,-9.97075098624747));
#11843=CARTESIAN_POINT('',(-13.9755086778678,-64.2802128441816,-13.8344542914037));
#11844=CARTESIAN_POINT('Origin',(-13.063145092528,-81.3943996273413,-9.24872176374071));
#11845=CARTESIAN_POINT('',(-10.2347179677818,-80.3591234469312,-5.38501845858444));
#11846=CARTESIAN_POINT('',(-13.063145092528,-80.3591234469312,-5.38501845858444));
#11847=CARTESIAN_POINT('',(-6.53157262900808,-80.3591234469312,-5.38501845858444));
#11848=CARTESIAN_POINT('',(-10.2347179677818,-81.3943996273413,-9.24872176374072));
#11849=CARTESIAN_POINT('',(-10.2347179677818,-81.3943996273413,-9.24872176374072));
#11850=CARTESIAN_POINT('',(-13.063145092528,-81.3943996273413,-9.24872176374072));
#11851=CARTESIAN_POINT('',(-6.53157262900808,-81.3943996273413,-9.24872176374072));
#11852=CARTESIAN_POINT('',(-13.063145092528,-81.3943996273413,-9.24872176374072));
#11853=CARTESIAN_POINT('Origin',(3.12673210527523,-65.7561791175348,-13.4389703204032));
#11854=CARTESIAN_POINT('',(3.12673210531114,-64.7209029371594,-9.57526701523763));
#11855=CARTESIAN_POINT('',(0.331169516171522,-67.4212090409475,-8.85172217541078));
#11856=CARTESIAN_POINT('',(3.12673210531115,-65.7561791175695,-13.4389703203939));
#11857=CARTESIAN_POINT('',(0.331169516171521,-68.4564852213576,-12.715425480567));
#11858=CARTESIAN_POINT('',(3.12673210531115,-65.7561791175695,-13.4389703203939));
#11859=CARTESIAN_POINT('Origin',(4.54094566764293,-67.1222045213243,-13.0729449166174));
#11860=CARTESIAN_POINT('',(4.54094566764292,-66.0869283409143,-9.20924161146112));
#11861=CARTESIAN_POINT('',(5.06603534018699,-66.5941260167461,-9.07333840381904));
#11862=CARTESIAN_POINT('',(4.54094566764293,-67.1222045213243,-13.0729449166174));
#11863=CARTESIAN_POINT('',(5.066035340187,-67.6294021971561,-12.9370417089753));
#11864=CARTESIAN_POINT('',(4.54094566764293,-67.1222045213243,-13.0729449166174));
#11865=CARTESIAN_POINT('Origin',(-10.2347179677818,-81.3943996273413,-9.24872176374072));
#11866=CARTESIAN_POINT('',(-5.64244873917043,-75.923331997743,-6.57358519518731));
#11867=CARTESIAN_POINT('',(-5.64244873917043,-76.9586081781531,-10.4372885003436));
#11868=CARTESIAN_POINT('Origin',(6.20958218017772,-81.3943996273413,-9.24872176374072));
#11869=CARTESIAN_POINT('',(9.03800930493209,-80.3591234469312,-5.38501845858445));
#11870=CARTESIAN_POINT('',(6.20958218017772,-80.3591234469312,-5.38501845858445));
#11871=CARTESIAN_POINT('',(3.10479100734479,-80.3591234469312,-5.38501845858445));
#11872=CARTESIAN_POINT('',(9.0380093049321,-81.3943996273413,-9.24872176374073));
#11873=CARTESIAN_POINT('',(9.0380093049321,-81.3943996273413,-9.24872176374073));
#11874=CARTESIAN_POINT('',(6.20958218017772,-81.3943996273413,-9.24872176374072));
#11875=CARTESIAN_POINT('',(3.10479100734479,-81.3943996273413,-9.24872176374072));
#11876=CARTESIAN_POINT('',(6.20958218017772,-81.3943996273413,-9.24872176374072));
#11877=CARTESIAN_POINT('Origin',(22.3994593780384,-65.7561791175695,-13.4389703203939));
#11878=CARTESIAN_POINT('',(22.3994593780384,-64.7209029371594,-9.57526701523763));
#11879=CARTESIAN_POINT('',(14.7857149707205,-72.0752152949092,-7.60468495809234));
#11880=CARTESIAN_POINT('',(22.3994593780384,-65.7561791175695,-13.4389703203939));
#11881=CARTESIAN_POINT('',(14.7857149707205,-73.1104914753193,-11.4683882632486));
#11882=CARTESIAN_POINT('',(22.3994593780384,-65.7561791175695,-13.4389703203939));
#11883=CARTESIAN_POINT('Origin',(23.8136729403702,-67.1222045213243,-13.0729449166174));
#11884=CARTESIAN_POINT('',(23.8136729403702,-66.0869283409143,-9.20924161146113));
#11885=CARTESIAN_POINT('',(19.5205807947688,-61.9401197628078,-10.3203756211312));
#11886=CARTESIAN_POINT('',(23.8136729403702,-67.1222045213243,-13.0729449166174));
#11887=CARTESIAN_POINT('',(19.5205807947688,-62.9753959432179,-14.1840789262875));
#11888=CARTESIAN_POINT('',(23.8136729403702,-67.1222045213243,-13.0729449166174));
#11889=CARTESIAN_POINT('Origin',(9.0380093049321,-81.3943996273413,-9.24872176374073));
#11890=CARTESIAN_POINT('',(8.81209671535188,-80.5773382516893,-5.326547977873));
#11891=CARTESIAN_POINT('',(8.81209671535188,-81.6126144320994,-9.19025128302927));
#11892=CARTESIAN_POINT('Origin',(31.4181841113483,-75.6608695866676,-10.7850165079188));
#11893=CARTESIAN_POINT('',(28.5897569866021,-77.3576442138264,-6.18926239519366));
#11894=CARTESIAN_POINT('',(31.4181841113483,-74.6255934062576,-6.92131320276254));
#11895=CARTESIAN_POINT('',(24.1132810499833,-81.6815879317681,-5.03066516785357));
#11896=CARTESIAN_POINT('',(28.5897569866021,-78.3929203942365,-10.0529657003499));
#11897=CARTESIAN_POINT('',(28.5897569866021,-78.3929203942365,-10.0529657003499));
#11898=CARTESIAN_POINT('',(31.4181841113483,-75.6608695866676,-10.7850165079188));
#11899=CARTESIAN_POINT('',(24.1132810499833,-82.7168641121781,-8.89436847300984));
#11900=CARTESIAN_POINT('',(31.4181841113483,-75.6608695866676,-10.7850165079188));
#11901=CARTESIAN_POINT('Origin',(32.8323976737214,-77.0268949904521,-10.4189911041344));
#11902=CARTESIAN_POINT('',(32.8323976737214,-75.991618810042,-6.5552877989781));
#11903=CARTESIAN_POINT('',(23.7211018154816,-67.1907828296076,-8.91346469265428));
#11904=CARTESIAN_POINT('',(32.8323976737214,-77.0268949904521,-10.4189911041344));
#11905=CARTESIAN_POINT('',(23.7211018154816,-68.2260590100176,-12.7771679978106));
#11906=CARTESIAN_POINT('',(32.8323976737214,-77.0268949904521,-10.4189911041344));
#11907=CARTESIAN_POINT('Origin',(30.0039705489752,-79.758945798021,-9.6869402965655));
#11908=CARTESIAN_POINT('',(30.0039705489752,-78.7236696176109,-5.82323699140922));
#11909=CARTESIAN_POINT('',(24.1132810499834,-84.4136387393369,-4.2986143602847));
#11910=CARTESIAN_POINT('',(30.0039705489752,-79.758945798021,-9.6869402965655));
#11911=CARTESIAN_POINT('',(24.1132810499834,-85.448914919747,-8.16231766544096));
#11912=CARTESIAN_POINT('',(30.0039705489752,-79.758945798021,-9.6869402965655));
#11913=CARTESIAN_POINT('Origin',(28.5897569866021,-78.3929203942365,-10.0529657003499));
#11914=CARTESIAN_POINT('',(20.1855679095488,-69.2398209352842,-8.36442658697762));
#11915=CARTESIAN_POINT('',(20.1855679095488,-70.2750971156943,-12.2281298921339));
#11916=CARTESIAN_POINT('Origin',(11.0277639983595,-81.3943996273413,-9.24872176374072));
#11917=CARTESIAN_POINT('',(13.8561911231273,-80.3591234469312,-5.38501845858445));
#11918=CARTESIAN_POINT('',(11.0277639983595,-80.3591234469312,-5.38501845858445));
#11919=CARTESIAN_POINT('',(5.5138819164357,-80.3591234469312,-5.38501845858445));
#11920=CARTESIAN_POINT('',(13.8561911231273,-81.3943996273413,-9.24872176374073));
#11921=CARTESIAN_POINT('',(13.8561911231273,-81.3943996273413,-9.24872176374073));
#11922=CARTESIAN_POINT('',(11.0277639983595,-81.3943996273413,-9.24872176374072));
#11923=CARTESIAN_POINT('',(5.5138819164357,-81.3943996273413,-9.24872176374072));
#11924=CARTESIAN_POINT('',(11.0277639983595,-81.3943996273413,-9.24872176374072));
#11925=CARTESIAN_POINT('Origin',(27.2176411962202,-65.7561791175695,-13.4389703203939));
#11926=CARTESIAN_POINT('',(27.2176411962202,-64.7209029371594,-9.57526701523764));
#11927=CARTESIAN_POINT('',(18.3993513343499,-73.2387168583938,-7.29292565376431));
#11928=CARTESIAN_POINT('',(27.2176411962202,-65.7561791175695,-13.4389703203939));
#11929=CARTESIAN_POINT('',(18.3993513343499,-74.2739930388038,-11.1566289589206));
#11930=CARTESIAN_POINT('',(27.2176411962202,-65.7561791175695,-13.4389703203939));
#11931=CARTESIAN_POINT('Origin',(28.631854758552,-67.1222045213243,-13.0729449166174));
#11932=CARTESIAN_POINT('',(28.631854758552,-66.0869283409143,-9.20924161146113));
#11933=CARTESIAN_POINT('',(23.1342171584143,-60.7766181993233,-10.6321349254592));
#11934=CARTESIAN_POINT('',(28.631854758552,-67.1222045213243,-13.0729449166174));
#11935=CARTESIAN_POINT('',(23.1342171584143,-61.8118943797333,-14.4958382306155));
#11936=CARTESIAN_POINT('',(28.631854758552,-67.1222045213243,-13.0729449166174));
#11937=CARTESIAN_POINT('Origin',(13.8561911231273,-81.3943996273413,-9.24872176374073));
#11938=CARTESIAN_POINT('',(12.4257330790114,-81.7408398151657,-5.01478867354714));
#11939=CARTESIAN_POINT('',(12.4257330790114,-82.7761159955758,-8.87849197870341));
#11940=CARTESIAN_POINT('Origin',(-8.24496327436773,-81.3943996273413,-9.24872176374071));
#11941=CARTESIAN_POINT('',(-5.41653614961336,-80.3591234469312,-5.38501845858445));
#11942=CARTESIAN_POINT('',(-8.24496327436774,-80.3591234469312,-5.38501845858445));
#11943=CARTESIAN_POINT('',(-4.12248171992794,-80.3591234469312,-5.38501845858445));
#11944=CARTESIAN_POINT('',(-5.41653614961335,-81.3943996273413,-9.24872176374072));
#11945=CARTESIAN_POINT('',(-5.41653614961335,-81.3943996273413,-9.24872176374072));
#11946=CARTESIAN_POINT('',(-8.24496327436773,-81.3943996273413,-9.24872176374072));
#11947=CARTESIAN_POINT('',(-4.12248171992794,-81.3943996273413,-9.24872176374072));
#11948=CARTESIAN_POINT('',(-8.24496327436773,-81.3943996273413,-9.24872176374072));
#11949=CARTESIAN_POINT('Origin',(7.94491392349297,-65.7561791175695,-13.4389703203939));
#11950=CARTESIAN_POINT('',(7.94491392349296,-64.7209029371594,-9.57526701523763));
#11951=CARTESIAN_POINT('',(3.94480587983233,-68.5847106044555,-8.53996287107645));
#11952=CARTESIAN_POINT('',(7.94491392349297,-65.7561791175695,-13.4389703203939));
#11953=CARTESIAN_POINT('',(3.94480587983233,-69.6199867848656,-12.4036661762327));
#11954=CARTESIAN_POINT('',(7.94491392349297,-65.7561791175695,-13.4389703203939));
#11955=CARTESIAN_POINT('Origin',(9.35912748582475,-67.1222045213243,-13.0729449166174));
#11956=CARTESIAN_POINT('',(9.35912748582474,-66.0869283409143,-9.20924161146112));
#11957=CARTESIAN_POINT('',(8.67967170383245,-65.4306244532615,-9.38509770814708));
#11958=CARTESIAN_POINT('',(9.35912748582475,-67.1222045213243,-13.0729449166174));
#11959=CARTESIAN_POINT('',(8.67967170383245,-66.4659006336716,-13.2488010133033));
#11960=CARTESIAN_POINT('',(9.35912748582475,-67.1222045213243,-13.0729449166174));
#11961=CARTESIAN_POINT('Origin',(-5.41653614961335,-81.3943996273413,-9.24872176374072));
#11962=CARTESIAN_POINT('',(-2.02881237553631,-77.0868335612356,-6.26182589085711));
#11963=CARTESIAN_POINT('',(-2.02881237553631,-78.1221097416457,-10.1255291960134));
#11964=CARTESIAN_POINT('Origin',(-11.1410428025638,-68.3078234304497,-12.7552592873862));
#11965=CARTESIAN_POINT('',(-11.3278133531657,-65.3491376985146,-9.40693201827535));
#11966=CARTESIAN_POINT('',(-11.1410428025639,-67.2725472500397,-8.89155598222989));
#11967=CARTESIAN_POINT('',(-10.8407805422635,-70.3647226361661,-8.06301008466191));
#11968=CARTESIAN_POINT('',(-11.3278133531657,-66.3844138789246,-13.2706353234316));
#11969=CARTESIAN_POINT('',(-11.3278133531657,-66.3844138789246,-13.2706353234316));
#11970=CARTESIAN_POINT('',(-11.1410428025638,-68.3078234304497,-12.7552592873862));
#11971=CARTESIAN_POINT('',(-10.8407805422635,-71.3999988165762,-11.9267133898182));
#11972=CARTESIAN_POINT('',(-11.1410428025638,-68.3078234304497,-12.7552592873862));
#11973=CARTESIAN_POINT('Origin',(-22.7059622621604,-79.478677815427,-9.76203787616583));
#11974=CARTESIAN_POINT('',(-22.7059622621604,-78.4434016350169,-5.89833457100955));
#11975=CARTESIAN_POINT('',(-15.4917072499961,-71.4749664013321,-7.76552116438398));
#11976=CARTESIAN_POINT('',(-22.7059622621604,-79.478677815427,-9.76203787616583));
#11977=CARTESIAN_POINT('',(-15.4917072499961,-72.5102425817422,-11.6292244695403));
#11978=CARTESIAN_POINT('',(-22.7059622621604,-79.478677815427,-9.76203787616583));
#11979=CARTESIAN_POINT('Origin',(-23.7622152253387,-78.4390759855248,-10.0405983469381));
#11980=CARTESIAN_POINT('',(-23.7622152253387,-77.4037998051147,-6.17689504178178));
#11981=CARTESIAN_POINT('',(-19.2016739973148,-81.8924471001073,-4.97416562398036));
#11982=CARTESIAN_POINT('',(-23.7622152253387,-78.4390759855248,-10.0405983469381));
#11983=CARTESIAN_POINT('',(-19.2016739973148,-82.9277232805174,-8.83786892913663));
#11984=CARTESIAN_POINT('',(-23.7622152253387,-78.4390759855248,-10.0405983469381));
#11985=CARTESIAN_POINT('Origin',(-11.3278133531657,-66.3844138789246,-13.2706353234316));
#11986=CARTESIAN_POINT('',(-10.3574724445181,-64.4084304652913,-9.65899376173165));
#11987=CARTESIAN_POINT('',(-10.3574724445181,-65.4437066457014,-13.5226970668879));
#11988=CARTESIAN_POINT('Origin',(-30.5830766333834,-66.3844138789246,-13.2706353234316));
#11989=CARTESIAN_POINT('',(-33.4063333032223,-68.0861736689601,-8.67354544033953));
#11990=CARTESIAN_POINT('',(-30.5830766333834,-65.3491376985146,-9.40693201827535));
#11991=CARTESIAN_POINT('',(-24.8165034357574,-59.7586724614271,-10.9048926638672));
#11992=CARTESIAN_POINT('',(-33.4063333032223,-69.1214498493702,-12.5372487454958));
#11993=CARTESIAN_POINT('',(-33.4063333032223,-69.1214498493702,-12.5372487454958));
#11994=CARTESIAN_POINT('',(-30.5830766333834,-66.3844138789246,-13.2706353234316));
#11995=CARTESIAN_POINT('',(-24.8165034357574,-60.7939486418372,-14.7685959690235));
#11996=CARTESIAN_POINT('',(-30.5830766333834,-66.3844138789246,-13.2706353234316));
#11997=CARTESIAN_POINT('Origin',(-29.1662825608194,-67.7479421447448,-12.9052790257481));
#11998=CARTESIAN_POINT('',(-29.1662825608194,-66.7126659643347,-9.04157572059182));
#11999=CARTESIAN_POINT('',(-20.3497145607798,-75.1977661693518,-6.76799997296033));
#12000=CARTESIAN_POINT('',(-29.1662825608194,-67.7479421447448,-12.9052790257481));
#12001=CARTESIAN_POINT('',(-20.3497145607798,-76.2330423497619,-10.6317032781166));
#12002=CARTESIAN_POINT('',(-29.1662825608194,-67.7479421447448,-12.9052790257481));
#12003=CARTESIAN_POINT('Origin',(-31.9895392306585,-70.4849781151905,-12.1718924478122));
#12004=CARTESIAN_POINT('',(-31.9895392306585,-69.4497019347805,-8.30818914265595));
#12005=CARTESIAN_POINT('',(-24.811337698113,-62.4907187124702,-10.1728430772157));
#12006=CARTESIAN_POINT('',(-31.9895392306585,-70.4849781151905,-12.1718924478122));
#12007=CARTESIAN_POINT('',(-24.811337698113,-63.5259948928802,-14.036546382372));
#12008=CARTESIAN_POINT('',(-31.9895392306585,-70.4849781151905,-12.1718924478122));
#12009=CARTESIAN_POINT('Origin',(-33.4063333032223,-69.1214498493702,-12.5372487454958));
#12010=CARTESIAN_POINT('',(-23.8813682669032,-77.2530380068876,-6.21729154386618));
#12011=CARTESIAN_POINT('',(-23.8813682669032,-78.2883141872977,-10.0809948490225));
#12012=CARTESIAN_POINT('Origin',(-35.1500001655785,-64.4506015846606,-13.7887987659931));
#12013=CARTESIAN_POINT('',(-34.0500001655785,-63.881199685435,-11.6637619481571));
#12014=CARTESIAN_POINT('Origin',(-35.1500001655785,-63.881199685435,-11.6637619481571));
#12015=CARTESIAN_POINT('',(-34.0500001655785,-63.4153254042505,-9.9250954608368));
#12016=CARTESIAN_POINT('',(-34.0500001655785,-64.4506015846606,-13.7887987659931));
#12017=CARTESIAN_POINT('Origin',(-35.1500001655785,-63.4153254042505,-9.9250954608368));
#12018=CARTESIAN_POINT('Origin',(-1.84259592613388E-7,-82.6238225765478,
-8.91929887734452));
#12019=CARTESIAN_POINT('',(1.09999981574041,-82.0544206773223,-6.79426205950857));
#12020=CARTESIAN_POINT('Origin',(-1.84259591780721E-7,-82.0544206773223,
-6.79426205950857));
#12021=CARTESIAN_POINT('',(1.09999981574041,-81.5885463961378,-5.05559557218827));
#12022=CARTESIAN_POINT('',(1.09999981574041,-82.6238225765478,-8.91929887734452));
#12023=CARTESIAN_POINT('Origin',(-1.84259591099448E-7,-81.5885463961378,
-5.05559557218827));
#12024=CARTESIAN_POINT('Origin',(35.1499998306707,-64.4506015846605,-13.7887987659931));
#12025=CARTESIAN_POINT('',(36.2499998306707,-63.881199685435,-11.6637619481571));
#12026=CARTESIAN_POINT('Origin',(35.1499998306707,-63.881199685435,-11.6637619481571));
#12027=CARTESIAN_POINT('',(36.2499998306707,-63.4153254042505,-9.92509546083681));
#12028=CARTESIAN_POINT('',(36.2499998306707,-64.4506015846605,-13.7887987659931));
#12029=CARTESIAN_POINT('Origin',(35.1499998306707,-63.4153254042505,-9.92509546083681));
#12030=CARTESIAN_POINT('Origin',(35.1499998346022,-82.6238225765477,-8.91929887734455));
#12031=CARTESIAN_POINT('',(36.2499998346022,-82.0544206773222,-6.79426205950863));
#12032=CARTESIAN_POINT('Origin',(35.1499998346022,-82.0544206773222,-6.79426205950863));
#12033=CARTESIAN_POINT('',(36.2499998346022,-81.5885463961376,-5.0555955721883));
#12034=CARTESIAN_POINT('',(36.2499998346022,-82.6238225765477,-8.91929887734455));
#12035=CARTESIAN_POINT('Origin',(35.1499998346022,-81.5885463961376,-5.0555955721883));
#12036=CARTESIAN_POINT('Origin',(-35.1500001655784,-82.6238225765479,-8.91929887734451));
#12037=CARTESIAN_POINT('',(-34.0500001655784,-82.0544206773223,-6.79426205950856));
#12038=CARTESIAN_POINT('Origin',(-35.1500001655784,-82.0544206773223,-6.79426205950856));
#12039=CARTESIAN_POINT('',(-34.0500001655784,-81.5885463961378,-5.05559557218826));
#12040=CARTESIAN_POINT('',(-34.0500001655784,-82.6238225765479,-8.91929887734451));
#12041=CARTESIAN_POINT('Origin',(-35.1500001655784,-81.5885463961378,-5.05559557218826));
#12042=CARTESIAN_POINT('Origin',(-1.84259592759836E-7,-64.4506015846605,
-13.7887987659931));
#12043=CARTESIAN_POINT('',(1.09999981574041,-63.881199685435,-11.6637619481571));
#12044=CARTESIAN_POINT('Origin',(-1.84259592065947E-7,-63.881199685435,
-11.6637619481571));
#12045=CARTESIAN_POINT('',(1.09999981574041,-63.4153254042505,-9.92509546083681));
#12046=CARTESIAN_POINT('',(1.0999998157404,-64.4506015846605,-13.7887987659931));
#12047=CARTESIAN_POINT('Origin',(-1.84259591245896E-7,-63.4153254042505,
-9.92509546083681));
#12048=CARTESIAN_POINT('Origin',(-1.84259592759836E-7,-64.4506015846605,
-13.7887987659931));
#12049=CARTESIAN_POINT('Origin',(-1.84259592065947E-7,-63.881199685435,
-11.6637619481571));
#12050=CARTESIAN_POINT('',(-1.84259592759836E-7,-62.7119350973402,-14.2546730471776));
#12051=CARTESIAN_POINT('Origin',(-1.84259592759836E-7,-64.4506015846605,
-13.7887987659931));
#12052=CARTESIAN_POINT('Origin',(-1.84259591930548E-7,-63.881199685435,
-11.6637619481571));
#12053=CARTESIAN_POINT('Origin',(35.1499998306707,-64.4506015846605,-13.7887987659931));
#12054=CARTESIAN_POINT('',(35.1499998306707,-62.7119350973402,-14.2546730471776));
#12055=CARTESIAN_POINT('',(36.9499998306707,-64.4506015846605,-13.7887987659931));
#12056=CARTESIAN_POINT('Origin',(35.1499998306707,-64.4506015846605,-13.7887987659931));
#12057=CARTESIAN_POINT('',(35.1499998306707,-62.1425331981147,-12.1296362293417));
#12058=CARTESIAN_POINT('',(35.1499998306707,-62.7119350973402,-14.2546730471776));
#12059=CARTESIAN_POINT('',(36.9499998306707,-63.881199685435,-11.6637619481571));
#12060=CARTESIAN_POINT('Origin',(35.1499998306707,-63.881199685435,-11.6637619481571));
#12061=CARTESIAN_POINT('',(36.9499998346021,-64.4506015846605,-13.7887987659931));
#12062=CARTESIAN_POINT('Origin',(35.1499998326364,-63.881199685435,-11.6637619481571));
#12063=CARTESIAN_POINT('',(36.949999834602,-62.1425331981147,-12.1296362293417));
#12064=CARTESIAN_POINT('',(-0.900000166471056,-62.1425331981147,-12.1296362293417));
#12065=CARTESIAN_POINT('',(36.9499998346021,-63.0118664417748,-11.8966990887494));
#12066=CARTESIAN_POINT('Origin',(-35.1500001655785,-64.4506015846606,-13.788798765993));
#12067=CARTESIAN_POINT('',(-36.9500001655785,-64.4506015089497,-13.7887987862797));
#12068=CARTESIAN_POINT('',(-35.1500002789911,-62.7119350973403,-14.2546730471776));
#12069=CARTESIAN_POINT('Origin',(-35.1500001655785,-64.4506015846606,-13.7887987659931));
#12070=CARTESIAN_POINT('',(-36.9500001655785,-63.8811996097241,-11.6637619684438));
#12071=CARTESIAN_POINT('',(-36.9500001655785,-64.4506015846606,-13.788798765993));
#12072=CARTESIAN_POINT('',(-35.1500002789911,-62.1425331981147,-12.1296362293416));
#12073=CARTESIAN_POINT('Origin',(-35.1500001655785,-63.881199685435,-11.6637619481571));
#12074=CARTESIAN_POINT('',(-35.1500001655785,-62.7119350973402,-14.2546730471776));
#12075=CARTESIAN_POINT('Origin',(-35.1500001655785,-63.881199685435,-11.6637619481571));
#12076=CARTESIAN_POINT('',(-36.9500001655785,-62.1425331981147,-12.1296362293416));
#12077=CARTESIAN_POINT('',(-36.0500001655785,-62.1425331981147,-12.1296362293416));
#12078=CARTESIAN_POINT('',(-36.9500001655785,-73.8371434250388,-8.99607486324057));
#12079=CARTESIAN_POINT('Origin',(-1.84259592613388E-7,-82.6238225765478,
-8.91929887734452));
#12080=CARTESIAN_POINT('Origin',(-1.84259591780721E-7,-82.0544206773223,
-6.79426205950857));
#12081=CARTESIAN_POINT('',(-1.84259591503165E-7,-84.3624890638681,-8.45342459615999));
#12082=CARTESIAN_POINT('Origin',(-1.84259592613388E-7,-82.6238225765478,
-8.91929887734452));
#12083=CARTESIAN_POINT('Origin',(-1.8425959185797E-7,-82.0544206773223,
-6.79426205950857));
#12084=CARTESIAN_POINT('Origin',(35.1499998346022,-82.6238225765477,-8.91929887734458));
#12085=CARTESIAN_POINT('',(36.9499998346022,-82.623822429849,-8.91929891665239));
#12086=CARTESIAN_POINT('',(35.1499996531213,-84.362489063868,-8.45342459616004));
#12087=CARTESIAN_POINT('Origin',(35.1499998346022,-82.6238225765477,-8.91929887734455));
#12088=CARTESIAN_POINT('',(36.9499998346022,-82.0544205306234,-6.79426209881644));
#12089=CARTESIAN_POINT('',(36.9499998346022,-82.6238225765477,-8.91929887734458));
#12090=CARTESIAN_POINT('',(35.1499996531213,-83.7930871646425,-6.32838777832409));
#12091=CARTESIAN_POINT('Origin',(35.1499998346022,-82.0544206773222,-6.79426205950863));
#12092=CARTESIAN_POINT('',(35.1499998346022,-84.362489063868,-8.45342459616004));
#12093=CARTESIAN_POINT('Origin',(35.1499998346022,-82.0544206773222,-6.79426205950863));
#12094=CARTESIAN_POINT('',(36.9499998346022,-83.7930871646425,-6.32838777832409));
#12095=CARTESIAN_POINT('',(36.9499998346021,-72.0984769377184,-9.46194914442515));
#12096=CARTESIAN_POINT('',(36.0499998346022,-83.7930871646425,-6.32838777832409));
#12097=CARTESIAN_POINT('Origin',(-35.1500001655784,-82.6238225765479,-8.91929887734451));
#12098=CARTESIAN_POINT('',(-35.1499999143371,-84.3624890638682,-8.45342459615997));
#12099=CARTESIAN_POINT('',(-36.9500001655784,-82.6238225765479,-8.91929887734451));
#12100=CARTESIAN_POINT('Origin',(-35.1500001655784,-82.6238225765479,-8.91929887734451));
#12101=CARTESIAN_POINT('',(-35.1499999143371,-83.7930871646426,-6.32838777832402));
#12102=CARTESIAN_POINT('',(-35.1500001655784,-84.3624890638681,-8.45342459615998));
#12103=CARTESIAN_POINT('',(-36.9500001655784,-82.0544206773223,-6.79426205950856));
#12104=CARTESIAN_POINT('Origin',(-35.1500001655784,-82.0544206773223,-6.79426205950856));
#12105=CARTESIAN_POINT('',(-36.9500001655784,-82.6238225765479,-8.91929887734451));
#12106=CARTESIAN_POINT('Origin',(-35.1500001655784,-82.0544206773223,-6.79426205950856));
#12107=CARTESIAN_POINT('',(-36.9500001655784,-83.7930871646426,-6.32838777832404));
#12108=CARTESIAN_POINT('',(-32.570220665328,-83.7930871646426,-6.32838777832403));
#12109=CARTESIAN_POINT('',(-36.9500001655784,-82.9237539209824,-6.5613249189163));
#12110=CARTESIAN_POINT('Origin',(36.9499998346021,-61.6766589169301,-10.3909697420214));
#12111=CARTESIAN_POINT('',(36.9499998346021,-61.6766589169301,-10.3909697420214));
#12112=CARTESIAN_POINT('',(36.9499998346021,-61.6766589169301,-10.3909697420214));
#12113=CARTESIAN_POINT('',(36.9499998346022,-83.3272128834579,-4.58972129100377));
#12114=CARTESIAN_POINT('',(36.9499998346022,-83.3272128834579,-4.58972129100377));
#12115=CARTESIAN_POINT('',(36.9499998346022,-83.3272128834579,-4.58972129100377));
#12116=CARTESIAN_POINT('',(36.9499998346022,-84.362489063868,-8.45342459616004));
#12117=CARTESIAN_POINT('Origin',(36.9499998346022,-83.3272128834579,-4.58972129100377));
#12118=CARTESIAN_POINT('',(29.9904411124196,-83.327212883458,-4.58972129100375));
#12119=CARTESIAN_POINT('',(29.9904411124196,-83.327212883458,-4.58972129100375));
#12120=CARTESIAN_POINT('',(29.9904411124196,-84.3624890638681,-8.45342459616003));
#12121=CARTESIAN_POINT('',(29.9904411124196,-83.327212883458,-4.58972129100375));
#12122=CARTESIAN_POINT('',(29.9904411124196,-84.3624890638681,-8.45342459616002));
#12123=CARTESIAN_POINT('Origin',(-1.6548814323812E-7,-73.5372120806042,
-11.3540488216688));
#12124=CARTESIAN_POINT('',(14.3549050682092,-84.3624890638681,-8.45342459616));
#12125=CARTESIAN_POINT('Origin',(22.1726730903144,-89.0472296353009,-7.19815214329528));
#12126=CARTESIAN_POINT('',(-14.3549050155507,-84.3624890638682,-8.45342459615999));
#12127=CARTESIAN_POINT('',(-14.3549050155507,-84.3624890638682,-8.45342459615999));
#12128=CARTESIAN_POINT('',(-14.3549050155507,-84.3624890638682,-8.45342459615999));
#12129=CARTESIAN_POINT('',(-29.9904411650775,-84.3624890638681,-8.45342459615999));
#12130=CARTESIAN_POINT('Origin',(-22.1726730903141,-89.0472295533128,-7.1981521652639));
#12131=CARTESIAN_POINT('',(-36.9500001655784,-84.3624890638681,-8.45342459615998));
#12132=CARTESIAN_POINT('',(-36.9500001655785,-62.7119350973402,-14.2546730471776));
#12133=CARTESIAN_POINT('',(36.9499998346021,-62.7119350973402,-14.2546730471776));
#12134=CARTESIAN_POINT('',(36.9499998346021,-62.7119350973402,-14.2546730471776));
#12135=CARTESIAN_POINT('Origin',(22.1726730903144,-88.0119534548908,-3.33444883813901));
#12136=CARTESIAN_POINT('',(14.3549050682092,-83.3272128834581,-4.58972129100372));
#12137=CARTESIAN_POINT('Origin',(22.1726730903144,-88.0119534548908,-3.33444883813901));
#12138=CARTESIAN_POINT('',(14.3549050682092,-83.3272128834581,-4.58972129100372));
#12139=CARTESIAN_POINT('Origin',(-36.9500001655785,-61.6766589169302,-10.3909697420213));
#12140=CARTESIAN_POINT('',(-36.9500001655785,-61.6766589169302,-10.3909697420213));
#12141=CARTESIAN_POINT('',(-36.9500001655785,-61.6766589169302,-10.3909697420213));
#12142=CARTESIAN_POINT('',(36.9499998346021,-61.6766589169301,-10.3909697420214));
#12143=CARTESIAN_POINT('Origin',(-36.9500001655784,-83.327212883458,-4.58972129100372));
#12144=CARTESIAN_POINT('',(-36.9500001655784,-83.327212883458,-4.58972129100371));
#12145=CARTESIAN_POINT('',(-36.9500001655784,-83.327212883458,-4.58972129100371));
#12146=CARTESIAN_POINT('',(-36.9500001655785,-61.6766589169302,-10.3909697420213));
#12147=CARTESIAN_POINT('Origin',(-29.9904411650775,-83.327212883458,-4.58972129100372));
#12148=CARTESIAN_POINT('',(-29.9904411650775,-83.327212883458,-4.58972129100372));
#12149=CARTESIAN_POINT('',(-29.9904411650775,-83.327212883458,-4.58972129100372));
#12150=CARTESIAN_POINT('',(-36.9500001655784,-83.327212883458,-4.58972129100371));
#12151=CARTESIAN_POINT('Origin',(-22.1726730903141,-88.0119533729028,-3.33444886010763));
#12152=CARTESIAN_POINT('',(-14.3549050155507,-83.3272128834581,-4.58972129100372));
#12153=CARTESIAN_POINT('Origin',(-22.1726730903141,-88.0119533729028,-3.33444886010763));
#12154=CARTESIAN_POINT('',(-14.3549050155507,-83.3272128834581,-4.58972129100372));
#12155=CARTESIAN_POINT('Origin',(14.3549050682092,-83.3272128834581,-4.58972129100372));
#12156=CARTESIAN_POINT('',(-14.3549050155507,-83.3272128834581,-4.58972129100372));
#12157=CARTESIAN_POINT('Origin',(-1.6548814323812E-7,-72.5019359001941,
-7.49034551651253));
#12158=CARTESIAN_POINT('',(0.,0.,0.));
#12159=CARTESIAN_POINT('Origin',(0.,0.,0.));
#12160=UNCERTAINTY_MEASURE_WITH_UNIT(LENGTH_MEASURE(0.01),#12166,
'DISTANCE_ACCURACY_VALUE',
'Maximum model space distance between geometric entities at asserted c
onnectivities');
#12161=UNCERTAINTY_MEASURE_WITH_UNIT(LENGTH_MEASURE(0.01),#12166,
'DISTANCE_ACCURACY_VALUE',
'Maximum model space distance between geometric entities at asserted c
onnectivities');
#12162=UNCERTAINTY_MEASURE_WITH_UNIT(LENGTH_MEASURE(0.01),#12166,
'DISTANCE_ACCURACY_VALUE',
'Maximum model space distance between geometric entities at asserted c
onnectivities');
#12163=(
GEOMETRIC_REPRESENTATION_CONTEXT(3)
GLOBAL_UNCERTAINTY_ASSIGNED_CONTEXT((#12160))
GLOBAL_UNIT_ASSIGNED_CONTEXT((#12166,#12168,#12169))
REPRESENTATION_CONTEXT('','3D')
);
#12164=(
GEOMETRIC_REPRESENTATION_CONTEXT(3)
GLOBAL_UNCERTAINTY_ASSIGNED_CONTEXT((#12161))
GLOBAL_UNIT_ASSIGNED_CONTEXT((#12166,#12168,#12169))
REPRESENTATION_CONTEXT('','3D')
);
#12165=(
GEOMETRIC_REPRESENTATION_CONTEXT(3)
GLOBAL_UNCERTAINTY_ASSIGNED_CONTEXT((#12162))
GLOBAL_UNIT_ASSIGNED_CONTEXT((#12166,#12168,#12169))
REPRESENTATION_CONTEXT('','3D')
);
#12166=(
LENGTH_UNIT()
NAMED_UNIT(*)
SI_UNIT(.MILLI.,.METRE.)
);
#12167=(
LENGTH_UNIT()
NAMED_UNIT(*)
SI_UNIT($,.METRE.)
);
#12168=(
NAMED_UNIT(*)
PLANE_ANGLE_UNIT()
SI_UNIT($,.RADIAN.)
);
#12169=(
NAMED_UNIT(*)
SI_UNIT($,.STERADIAN.)
SOLID_ANGLE_UNIT()
);
#12170=SHAPE_DEFINITION_REPRESENTATION(#12172,#12175);
#12171=SHAPE_DEFINITION_REPRESENTATION(#12173,#12176);
#12172=PRODUCT_DEFINITION_SHAPE('',$,#12178);
#12173=PRODUCT_DEFINITION_SHAPE('',$,#12179);
#12174=PRODUCT_DEFINITION_SHAPE($,$,#17);
#12175=SHAPE_REPRESENTATION('',(#7526,#8064),#12163);
#12176=SHAPE_REPRESENTATION('',(#7527),#12164);
#12177=PRODUCT_DEFINITION_CONTEXT('part definition',#12185,'design');
#12178=PRODUCT_DEFINITION('Solar Node V4','Solar Node V4 v2',#12180,#12177);
#12179=PRODUCT_DEFINITION('Silaca Gel Case','Silaca Gel Case',#12181,#12177);
#12180=PRODUCT_DEFINITION_FORMATION('',$,#12187);
#12181=PRODUCT_DEFINITION_FORMATION('',$,#12188);
#12182=PRODUCT_RELATED_PRODUCT_CATEGORY('Solar Node V4 v2',
'Solar Node V4 v2',(#12187));
#12183=PRODUCT_RELATED_PRODUCT_CATEGORY('Silaca Gel Case',
'Silaca Gel Case',(#12188));
#12184=APPLICATION_PROTOCOL_DEFINITION('international standard',
'automotive_design',2009,#12185);
#12185=APPLICATION_CONTEXT(
'Core Data for Automotive Mechanical Design Process');
#12186=PRODUCT_CONTEXT('part definition',#12185,'mechanical');
#12187=PRODUCT('Solar Node V4','Solar Node V4 v2',$,(#12186));
#12188=PRODUCT('Silaca Gel Case','Silaca Gel Case',$,(#12186));
#12189=PRESENTATION_STYLE_ASSIGNMENT((#12194));
#12190=PRESENTATION_STYLE_ASSIGNMENT((#12195));
#12191=PRESENTATION_STYLE_ASSIGNMENT((#12196));
#12192=PRESENTATION_STYLE_ASSIGNMENT((#12197));
#12193=PRESENTATION_STYLE_ASSIGNMENT((NULL_STYLE(.NULL.)));
#12194=SURFACE_STYLE_USAGE(.BOTH.,#12198);
#12195=SURFACE_STYLE_USAGE(.BOTH.,#12199);
#12196=SURFACE_STYLE_USAGE(.BOTH.,#12200);
#12197=SURFACE_STYLE_USAGE(.BOTH.,#12201);
#12198=SURFACE_SIDE_STYLE('',(#12202));
#12199=SURFACE_SIDE_STYLE('',(#12203));
#12200=SURFACE_SIDE_STYLE('',(#12204));
#12201=SURFACE_SIDE_STYLE('',(#12205));
#12202=SURFACE_STYLE_FILL_AREA(#12206);
#12203=SURFACE_STYLE_FILL_AREA(#12207);
#12204=SURFACE_STYLE_FILL_AREA(#12208);
#12205=SURFACE_STYLE_FILL_AREA(#12209);
#12206=FILL_AREA_STYLE('Opaque(210,209,199)',(#12210));
#12207=FILL_AREA_STYLE('ABS (Wei\X\DF)',(#12211));
#12208=FILL_AREA_STYLE('Farbe - Emaille gl\X\E4nzend (Grau)',(#12212));
#12209=FILL_AREA_STYLE('Opaque(21,22,24)',(#12213));
#12210=FILL_AREA_STYLE_COLOUR('Opaque(210,209,199)',#12214);
#12211=FILL_AREA_STYLE_COLOUR('ABS (Wei\X\DF)',#12215);
#12212=FILL_AREA_STYLE_COLOUR('Farbe - Emaille gl\X\E4nzend (Grau)',#12216);
#12213=FILL_AREA_STYLE_COLOUR('Opaque(21,22,24)',#12217);
#12214=COLOUR_RGB('Opaque(210,209,199)',0.823529411764706,0.819607843137255,
0.780392156862745);
#12215=COLOUR_RGB('ABS (Wei\X\DF)',0.964705882352941,0.964705882352941,
0.952941176470588);
#12216=COLOUR_RGB('Farbe - Emaille gl\X\E4nzend (Grau)',0.701960784313725,
0.701960784313725,0.701960784313725);
#12217=COLOUR_RGB('Opaque(21,22,24)',0.0823529411764706,0.0862745098039216,
0.0941176470588235);
ENDSEC;
END-ISO-10303-21;
